date,rain_mm,tmean_c,tmin_c,tmax_c,status,gwetroot_fraction
1981-01-01,20.44,22.31,17.32,27.62,nasa,0.85
1981-01-02,12.04,21.38,18.63,24.89,nasa,0.85
1981-01-03,10.69,20.61,17.8,25.17,nasa,0.85
1981-01-04,3.15,22.03,16.25,27.3,nasa,0.84
1981-01-05,1.84,22.11,17.24,26.51,nasa,0.83
1981-01-06,1.25,22.02,15.94,28.22,nasa,0.82
1981-01-07,2.97,22.46,17.52,27.5,nasa,0.81
1981-01-08,9.35,22.67,17.18,27.38,nasa,0.81
1981-01-09,9.53,22.08,17.29,26.78,nasa,0.82
1981-01-10,25.23,21.47,18.06,24.93,nasa,0.84
1981-01-11,18.93,21.28,18.25,25.54,nasa,0.86
1981-01-12,34.21,20.67,17.95,24.35,nasa,0.89
1981-01-13,21.08,21.0,18.1,24.75,nasa,0.9
1981-01-14,20.42,21.34,18.46,25.47,nasa,0.9
1981-01-15,26.87,21.49,18.29,25.84,nasa,0.91
1981-01-16,9.45,21.64,17.54,26.53,nasa,0.92
1981-01-17,1.22,22.23,17.1,26.89,nasa,0.9
1981-01-18,0.86,22.58,18.49,27.8,nasa,0.89
1981-01-19,0.73,21.55,16.67,27.17,nasa,0.88
1981-01-20,2.29,22.03,16.87,26.22,nasa,0.87
1981-01-21,7.79,22.87,17.62,27.52,nasa,0.87
1981-01-22,6.81,20.89,17.65,24.66,nasa,0.88
1981-01-23,15.65,21.7,18.44,26.05,nasa,0.89
1981-01-24,5.03,21.53,17.91,26.34,nasa,0.89
1981-01-25,9.45,21.36,17.51,26.11,nasa,0.89
1981-01-26,17.09,21.0,17.4,26.04,nasa,0.89
1981-01-27,6.37,20.33,16.89,24.52,nasa,0.9
1981-01-28,2.35,19.98,16.33,24.81,nasa,0.89
1981-01-29,1.09,20.87,16.26,26.46,nasa,0.88
1981-01-30,0.68,21.76,15.78,27.42,nasa,0.88
1981-01-31,2.94,21.96,17.65,27.17,nasa,0.87
1981-02-01,5.57,21.8,17.75,26.97,nasa,0.87
1981-02-02,0.86,21.85,17.12,27.46,nasa,0.87
1981-02-03,0.08,22.52,16.7,28.56,nasa,0.86
1981-02-04,0.56,22.81,16.31,28.56,nasa,0.85
1981-02-05,0.51,23.01,17.57,28.3,nasa,0.84
1981-02-06,1.29,23.34,19.38,28.3,nasa,0.84
1981-02-07,1.65,21.55,18.73,25.58,nasa,0.84
1981-02-08,1.91,21.16,17.66,25.79,nasa,0.84
1981-02-09,7.92,20.61,17.74,24.28,nasa,0.85
1981-02-10,8.89,21.03,15.62,27.04,nasa,0.85
1981-02-11,11.06,20.89,15.32,26.55,nasa,0.85
1981-02-12,5.75,21.11,15.65,26.31,nasa,0.86
1981-02-13,1.84,21.31,15.99,26.78,nasa,0.85
1981-02-14,0.06,21.25,16.89,26.57,nasa,0.85
1981-02-15,0.02,20.91,16.61,26.21,nasa,0.84
1981-02-16,0.06,20.38,16.66,25.9,nasa,0.83
1981-02-17,0.32,20.57,15.23,26.26,nasa,0.82
1981-02-18,0.04,21.27,16.52,26.95,nasa,0.81
1981-02-19,0.75,20.7,16.01,26.34,nasa,0.81
1981-02-20,0.25,20.41,16.04,25.6,nasa,0.8
1981-02-21,0.35,20.67,16.89,25.95,nasa,0.8
1981-02-22,0.0,20.94,16.74,26.44,nasa,0.79
1981-02-23,0.02,20.9,16.48,26.42,nasa,0.79
1981-02-24,0.62,21.04,17.14,25.99,nasa,0.79
1981-02-25,0.02,20.87,16.81,26.5,nasa,0.78
1981-02-26,1.03,21.0,16.35,26.71,nasa,0.78
1981-02-27,0.43,21.13,16.81,26.59,nasa,0.77
1981-02-28,1.37,21.44,15.27,27.62,nasa,0.77
1981-03-01,0.21,22.0,16.26,27.94,nasa,0.76
1981-03-02,1.39,21.93,16.53,27.49,nasa,0.76
1981-03-03,0.26,23.02,16.75,28.94,nasa,0.75
1981-03-04,10.8,23.67,18.1,28.92,nasa,0.76
1981-03-05,4.67,23.16,17.92,28.6,nasa,0.76
1981-03-06,3.83,22.71,17.98,27.02,nasa,0.77
1981-03-07,26.67,22.83,18.41,27.33,nasa,0.78
1981-03-08,15.05,22.62,18.15,27.9,nasa,0.81
1981-03-09,13.72,21.9,17.04,27.92,nasa,0.82
1981-03-10,4.54,21.87,16.93,26.18,nasa,0.82
1981-03-11,0.1,22.41,17.97,27.91,nasa,0.81
1981-03-12,0.03,21.67,16.16,28.04,nasa,0.79
1981-03-13,0.01,21.43,15.51,27.83,nasa,0.78
1981-03-14,0.71,21.98,17.47,27.45,nasa,0.78
1981-03-15,2.33,22.59,16.87,28.22,nasa,0.77
1981-03-16,0.76,23.06,17.29,28.36,nasa,0.77
1981-03-17,16.2,22.72,18.87,27.23,nasa,0.78
1981-03-18,13.72,22.45,17.83,28.19,nasa,0.79
1981-03-19,8.62,21.79,18.42,26.87,nasa,0.8
1981-03-20,11.38,21.54,16.36,26.92,nasa,0.81
1981-03-21,16.67,21.55,18.3,26.29,nasa,0.82
1981-03-22,2.17,21.56,18.07,26.82,nasa,0.82
1981-03-23,0.77,20.8,17.06,26.06,nasa,0.8
1981-03-24,0.98,19.82,13.72,25.78,nasa,0.79
1981-03-25,8.51,20.84,17.18,25.88,nasa,0.79
1981-03-26,16.71,20.4,18.19,24.01,nasa,0.81
1981-03-27,13.15,19.58,17.91,21.89,nasa,0.83
1981-03-28,18.68,19.65,17.87,22.97,nasa,0.84
1981-03-29,25.0,19.26,16.6,21.9,nasa,0.87
1981-03-30,3.63,20.4,17.54,24.14,nasa,0.86
1981-03-31,0.23,20.65,16.51,26.29,nasa,0.85
1981-04-01,0.91,19.7,15.21,25.9,nasa,0.84
1981-04-02,2.89,19.04,13.16,25.56,nasa,0.83
1981-04-03,2.95,19.76,15.38,25.26,nasa,0.83
1981-04-04,2.35,20.25,16.21,25.39,nasa,0.82
1981-04-05,2.43,19.05,14.94,24.25,nasa,0.82
1981-04-06,0.07,18.26,13.01,25.11,nasa,0.82
1981-04-07,0.25,18.28,12.02,24.89,nasa,0.81
1981-04-08,0.11,18.86,13.82,25.02,nasa,0.8
1981-04-09,0.06,19.02,13.43,25.25,nasa,0.8
1981-04-10,0.26,19.24,14.77,24.76,nasa,0.79
1981-04-11,0.0,19.19,13.44,25.1,nasa,0.79
1981-04-12,0.0,19.45,13.77,25.38,nasa,0.79
1981-04-13,0.0,19.2,13.67,24.26,nasa,0.78
1981-04-14,0.15,19.5,14.09,24.88,nasa,0.78
1981-04-15,0.78,19.47,14.91,24.38,nasa,0.78
1981-04-16,1.02,19.98,16.39,25.14,nasa,0.78
1981-04-17,0.43,18.95,14.98,24.53,nasa,0.78
1981-04-18,0.0,16.78,12.52,22.26,nasa,0.77
1981-04-19,0.04,16.0,12.03,21.28,nasa,0.77
1981-04-20,1.62,15.68,10.67,21.82,nasa,0.77
1981-04-21,0.0,16.66,10.69,23.44,nasa,0.77
1981-04-22,0.15,17.63,11.36,23.76,nasa,0.76
1981-04-23,0.16,19.18,12.88,24.77,nasa,0.76
1981-04-24,0.16,19.32,13.64,25.31,nasa,0.76
1981-04-25,0.45,18.85,15.72,23.56,nasa,0.75
1981-04-26,0.04,19.02,15.19,24.67,nasa,0.75
1981-04-27,4.41,19.36,13.48,25.1,nasa,0.75
1981-04-28,7.91,19.51,14.69,24.39,nasa,0.75
1981-04-29,6.73,18.41,15.84,22.32,nasa,0.77
1981-04-30,0.0,19.41,15.3,24.93,nasa,0.77
1981-05-01,0.15,19.09,14.51,23.75,nasa,0.77
1981-05-02,8.57,18.89,16.25,23.35,nasa,0.78
1981-05-03,0.2,17.95,13.82,22.78,nasa,0.78
1981-05-04,0.0,18.06,12.89,24.53,nasa,0.77
1981-05-05,0.0,18.7,12.85,25.09,nasa,0.76
1981-05-06,0.0,18.27,13.83,24.68,nasa,0.76
1981-05-07,0.0,17.02,12.65,23.31,nasa,0.75
1981-05-08,0.0,16.78,12.57,22.84,nasa,0.75
1981-05-09,0.06,17.02,12.8,23.31,nasa,0.74
1981-05-10,0.01,17.41,12.69,23.55,nasa,0.74
1981-05-11,0.0,16.44,11.49,23.02,nasa,0.74
1981-05-12,0.0,15.59,9.22,23.22,nasa,0.73
1981-05-13,0.07,16.12,9.31,23.34,nasa,0.73
1981-05-14,0.0,18.52,13.3,24.12,nasa,0.73
1981-05-15,0.0,17.96,11.21,24.32,nasa,0.72
1981-05-16,0.0,18.03,11.44,25.04,nasa,0.72
1981-05-17,0.0,17.33,11.77,23.93,nasa,0.72
1981-05-18,0.0,17.22,12.38,23.29,nasa,0.71
1981-05-19,0.19,17.61,12.84,24.05,nasa,0.71
1981-05-20,0.15,17.03,12.98,22.77,nasa,0.71
1981-05-21,0.02,16.2,10.36,22.74,nasa,0.71
1981-05-22,0.0,16.26,11.77,22.47,nasa,0.71
1981-05-23,0.01,16.21,12.59,21.84,nasa,0.71
1981-05-24,0.1,16.26,12.33,22.28,nasa,0.71
1981-05-25,1.05,16.34,11.65,22.37,nasa,0.7
1981-05-26,0.37,16.75,11.08,23.03,nasa,0.7
1981-05-27,2.11,17.0,11.57,22.67,nasa,0.7
1981-05-28,6.81,16.83,10.41,22.64,nasa,0.71
1981-05-29,0.37,16.43,10.97,22.41,nasa,0.71
1981-05-30,0.0,16.02,10.48,22.42,nasa,0.71
1981-05-31,0.0,16.09,11.21,22.39,nasa,0.71
1981-06-01,0.01,16.28,11.05,22.63,nasa,0.71
1981-06-02,0.28,15.95,12.34,21.63,nasa,0.7
1981-06-03,2.63,16.97,10.79,22.91,nasa,0.7
1981-06-04,1.22,17.71,11.66,23.82,nasa,0.7
1981-06-05,3.93,16.81,10.75,23.24,nasa,0.7
1981-06-06,2.42,16.15,14.08,19.36,nasa,0.71
1981-06-07,24.4,16.67,11.21,22.08,nasa,0.73
1981-06-08,0.12,12.66,7.74,20.04,nasa,0.74
1981-06-09,0.0,12.62,5.81,21.4,nasa,0.73
1981-06-10,0.07,14.09,7.63,22.1,nasa,0.73
1981-06-11,0.0,16.22,9.38,23.32,nasa,0.72
1981-06-12,0.0,16.58,10.46,23.39,nasa,0.72
1981-06-13,0.06,16.86,10.87,22.8,nasa,0.71
1981-06-14,0.07,18.21,12.95,23.34,nasa,0.71
1981-06-15,0.0,17.58,12.7,23.34,nasa,0.71
1981-06-16,7.49,16.48,11.25,22.69,nasa,0.71
1981-06-17,0.04,16.63,12.01,22.91,nasa,0.72
1981-06-18,1.54,15.35,9.32,23.03,nasa,0.71
1981-06-19,0.63,15.81,10.07,23.94,nasa,0.71
1981-06-20,0.06,17.89,11.62,24.23,nasa,0.71
1981-06-21,0.21,18.1,11.82,24.23,nasa,0.71
1981-06-22,0.07,16.34,11.08,22.76,nasa,0.7
1981-06-23,0.01,15.56,12.11,21.04,nasa,0.7
1981-06-24,0.0,13.95,9.74,19.2,nasa,0.7
1981-06-25,0.0,14.18,8.67,20.96,nasa,0.7
1981-06-26,0.0,14.51,10.57,20.95,nasa,0.7
1981-06-27,0.0,15.26,10.32,21.72,nasa,0.69
1981-06-28,0.0,15.68,9.75,22.23,nasa,0.69
1981-06-29,0.0,16.25,11.02,23.35,nasa,0.69
1981-06-30,0.0,16.31,10.82,23.81,nasa,0.69
1981-07-01,0.0,17.5,10.42,24.69,nasa,0.68
1981-07-02,0.0,17.46,12.58,24.89,nasa,0.68
1981-07-03,0.03,15.88,10.61,23.68,nasa,0.68
1981-07-04,0.66,12.92,7.82,20.55,nasa,0.68
1981-07-05,0.88,11.8,8.03,18.48,nasa,0.68
1981-07-06,0.03,10.74,5.38,17.98,nasa,0.68
1981-07-07,0.0,11.31,6.59,18.08,nasa,0.67
1981-07-08,0.0,12.13,6.76,18.64,nasa,0.67
1981-07-09,0.0,13.06,8.6,19.74,nasa,0.67
1981-07-10,0.0,14.26,9.59,20.97,nasa,0.67
1981-07-11,0.0,14.96,8.35,21.7,nasa,0.67
1981-07-12,0.0,16.09,9.57,23.5,nasa,0.67
1981-07-13,0.0,16.09,9.62,23.76,nasa,0.67
1981-07-14,0.0,16.42,10.88,23.93,nasa,0.66
1981-07-15,0.0,15.68,8.72,23.49,nasa,0.66
1981-07-16,0.0,15.33,7.83,23.09,nasa,0.66
1981-07-17,0.0,16.23,9.91,23.69,nasa,0.66
1981-07-18,0.0,16.48,9.03,24.67,nasa,0.66
1981-07-19,0.0,15.52,9.42,23.73,nasa,0.66
1981-07-20,0.0,14.05,8.18,22.72,nasa,0.65
1981-07-21,0.0,11.35,2.91,22.81,nasa,0.65
1981-07-22,0.0,13.93,5.02,25.44,nasa,0.65
1981-07-23,0.0,15.8,7.75,25.95,nasa,0.65
1981-07-24,0.0,16.94,9.55,25.14,nasa,0.65
1981-07-25,0.0,16.73,11.96,23.54,nasa,0.65
1981-07-26,0.0,16.37,9.33,24.47,nasa,0.64
1981-07-27,0.0,17.0,9.92,24.57,nasa,0.64
1981-07-28,0.0,16.56,11.34,23.17,nasa,0.64
1981-07-29,0.0,17.07,10.31,24.9,nasa,0.64
1981-07-30,0.0,16.16,9.9,23.74,nasa,0.64
1981-07-31,0.0,15.81,9.13,24.24,nasa,0.64
1981-08-01,0.0,15.48,8.91,24.26,nasa,0.64
1981-08-02,0.0,15.91,8.76,24.57,nasa,0.64
1981-08-03,0.0,16.33,9.76,24.69,nasa,0.64
1981-08-04,0.0,16.65,10.47,25.18,nasa,0.63
1981-08-05,0.0,16.45,9.82,24.56,nasa,0.63
1981-08-06,0.0,16.42,9.88,25.06,nasa,0.63
1981-08-07,0.0,16.51,8.97,25.14,nasa,0.63
1981-08-08,0.0,17.37,9.15,25.7,nasa,0.63
1981-08-09,0.0,17.96,9.7,26.37,nasa,0.63
1981-08-10,0.0,17.4,11.87,24.31,nasa,0.63
1981-08-11,0.0,18.21,12.33,25.31,nasa,0.63
1981-08-12,0.0,19.07,12.51,26.98,nasa,0.62
1981-08-13,0.0,20.12,13.22,28.73,nasa,0.62
1981-08-14,0.0,20.3,13.1,29.13,nasa,0.62
1981-08-15,0.09,19.76,13.1,28.8,nasa,0.62
1981-08-16,0.23,20.05,11.94,28.96,nasa,0.62
1981-08-17,11.43,20.04,15.3,25.13,nasa,0.63
1981-08-18,0.0,19.61,13.76,26.05,nasa,0.64
1981-08-19,0.64,17.31,10.35,25.63,nasa,0.64
1981-08-20,0.0,16.59,9.29,25.27,nasa,0.63
1981-08-21,0.0,15.44,8.8,24.03,nasa,0.63
1981-08-22,0.0,14.82,8.07,23.51,nasa,0.63
1981-08-23,0.0,15.21,8.52,23.81,nasa,0.63
1981-08-24,0.0,15.38,10.38,21.58,nasa,0.63
1981-08-25,0.0,17.75,9.7,27.22,nasa,0.62
1981-08-26,0.0,19.49,11.72,28.23,nasa,0.62
1981-08-27,0.0,20.23,12.75,29.25,nasa,0.62
1981-08-28,0.0,21.59,15.24,30.3,nasa,0.62
1981-08-29,0.0,22.01,14.54,31.13,nasa,0.61
1981-08-30,0.0,21.97,13.91,30.7,nasa,0.61
1981-08-31,0.0,21.78,16.24,28.69,nasa,0.61
1981-09-01,0.0,21.17,15.45,28.19,nasa,0.61
1981-09-02,0.0,21.1,15.03,28.54,nasa,0.61
1981-09-03,0.0,21.88,14.66,29.76,nasa,0.6
1981-09-04,0.0,23.31,17.23,30.88,nasa,0.6
1981-09-05,0.11,21.98,14.06,31.35,nasa,0.6
1981-09-06,0.59,21.03,14.18,29.01,nasa,0.6
1981-09-07,0.12,21.52,14.81,29.71,nasa,0.6
1981-09-08,0.0,19.88,13.17,28.77,nasa,0.6
1981-09-09,0.0,18.36,11.14,27.93,nasa,0.6
1981-09-10,0.0,19.3,10.47,29.86,nasa,0.6
1981-09-11,0.0,20.17,10.5,31.14,nasa,0.6
1981-09-12,0.0,19.85,11.73,29.42,nasa,0.6
1981-09-13,0.0,21.63,12.32,31.48,nasa,0.59
1981-09-14,0.0,23.15,14.2,31.98,nasa,0.59
1981-09-15,0.0,23.97,16.87,32.75,nasa,0.59
1981-09-16,0.47,20.06,13.95,26.91,nasa,0.59
1981-09-17,1.29,21.95,14.59,30.36,nasa,0.59
1981-09-18,0.12,22.83,15.0,31.38,nasa,0.59
1981-09-19,0.0,23.22,16.55,32.04,nasa,0.59
1981-09-20,0.0,23.34,14.39,32.91,nasa,0.59
1981-09-21,0.0,24.45,14.93,34.37,nasa,0.59
1981-09-22,0.0,23.92,15.44,32.98,nasa,0.59
1981-09-23,0.0,23.3,16.62,31.41,nasa,0.59
1981-09-24,0.0,23.36,15.79,32.29,nasa,0.59
1981-09-25,0.05,24.35,16.2,32.49,nasa,0.59
1981-09-26,0.21,24.5,18.37,32.12,nasa,0.59
1981-09-27,2.42,23.92,16.58,32.65,nasa,0.59
1981-09-28,2.12,25.57,16.3,34.12,nasa,0.59
1981-09-29,1.34,27.21,20.77,34.46,nasa,0.59
1981-09-30,0.37,24.9,18.91,32.65,nasa,0.59
1981-10-01,1.18,21.62,17.59,26.95,nasa,0.59
1981-10-02,14.63,20.52,16.36,25.24,nasa,0.61
1981-10-03,15.67,19.59,17.21,23.25,nasa,0.63
1981-10-04,2.79,21.68,15.4,28.92,nasa,0.65
1981-10-05,1.53,22.79,15.33,30.04,nasa,0.65
1981-10-06,8.91,24.22,15.71,31.58,nasa,0.64
1981-10-07,4.72,23.87,17.76,30.44,nasa,0.65
1981-10-08,7.91,24.09,17.98,30.68,nasa,0.65
1981-10-09,5.3,23.24,17.51,30.59,nasa,0.66
1981-10-10,9.15,22.41,16.95,28.5,nasa,0.66
1981-10-11,9.41,22.71,17.41,28.17,nasa,0.68
1981-10-12,19.17,22.07,17.9,27.01,nasa,0.69
1981-10-13,1.75,21.78,18.35,26.98,nasa,0.71
1981-10-14,2.06,22.4,17.07,28.25,nasa,0.69
1981-10-15,40.6,21.18,17.84,25.03,nasa,0.72
1981-10-16,3.71,22.18,18.03,26.77,nasa,0.73
1981-10-17,0.81,21.86,17.28,26.85,nasa,0.72
1981-10-18,0.67,21.3,17.47,26.53,nasa,0.71
1981-10-19,8.76,20.22,17.02,24.6,nasa,0.71
1981-10-20,2.21,21.51,18.09,27.36,nasa,0.71
1981-10-21,0.05,21.4,16.36,28.6,nasa,0.7
1981-10-22,0.0,19.99,14.89,27.01,nasa,0.69
1981-10-23,0.97,19.54,14.45,26.49,nasa,0.68
1981-10-24,1.57,21.7,16.49,28.21,nasa,0.68
1981-10-25,5.7,22.1,16.06,28.35,nasa,0.68
1981-10-26,9.8,23.03,16.78,29.23,nasa,0.68
1981-10-27,2.24,21.6,18.4,25.48,nasa,0.69
1981-10-28,14.17,21.53,16.21,27.18,nasa,0.69
1981-10-29,28.1,21.21,16.96,26.13,nasa,0.74
1981-10-30,2.68,20.22,17.04,25.59,nasa,0.74
1981-10-31,4.33,19.92,15.81,25.66,nasa,0.73
1981-11-01,7.4,20.23,15.98,25.96,nasa,0.73
1981-11-02,4.61,19.92,16.76,24.16,nasa,0.73
1981-11-03,16.65,21.24,17.26,26.71,nasa,0.73
1981-11-04,18.33,21.45,17.87,25.71,nasa,0.76
1981-11-05,1.49,22.98,17.51,28.47,nasa,0.76
1981-11-06,3.32,24.22,19.27,29.28,nasa,0.75
1981-11-07,2.27,24.74,19.89,30.23,nasa,0.73
1981-11-08,17.39,23.12,19.88,26.71,nasa,0.75
1981-11-09,10.99,21.92,19.2,26.0,nasa,0.75
1981-11-10,37.58,20.93,18.38,24.68,nasa,0.79
1981-11-11,16.53,21.26,17.66,25.33,nasa,0.81
1981-11-12,25.96,20.27,17.64,23.25,nasa,0.83
1981-11-13,13.74,20.02,17.84,22.39,nasa,0.84
1981-11-14,13.83,18.87,16.11,22.06,nasa,0.85
1981-11-15,3.35,21.13,15.69,26.81,nasa,0.83
1981-11-16,3.07,21.83,17.28,26.93,nasa,0.82
1981-11-17,2.24,21.28,17.19,25.72,nasa,0.8
1981-11-18,1.68,22.46,17.31,27.77,nasa,0.79
1981-11-19,14.38,21.87,18.01,26.03,nasa,0.79
1981-11-20,14.72,20.87,18.15,24.45,nasa,0.81
1981-11-21,6.39,19.93,17.07,23.54,nasa,0.82
1981-11-22,3.43,21.01,17.13,26.07,nasa,0.81
1981-11-23,2.28,21.49,16.48,27.52,nasa,0.8
1981-11-24,4.27,22.03,16.76,28.07,nasa,0.8
1981-11-25,16.53,21.58,18.04,25.06,nasa,0.81
1981-11-26,7.31,21.5,17.32,26.06,nasa,0.81
1981-11-27,2.75,21.85,17.13,27.29,nasa,0.81
1981-11-28,7.45,22.48,15.78,28.39,nasa,0.8
1981-11-29,6.88,23.79,17.79,28.94,nasa,0.8
1981-11-30,7.88,23.62,19.39,27.99,nasa,0.8
1981-12-01,14.61,21.89,19.63,25.14,nasa,0.82
1981-12-02,10.96,22.26,17.94,26.47,nasa,0.82
1981-12-03,17.91,21.86,19.16,26.09,nasa,0.84
1981-12-04,9.03,21.44,17.79,26.46,nasa,0.84
1981-12-05,2.96,21.66,16.81,26.77,nasa,0.83
1981-12-06,0.6,23.29,17.84,28.47,nasa,0.82
1981-12-07,7.21,23.4,17.82,28.54,nasa,0.81
1981-12-08,28.84,22.01,17.84,26.35,nasa,0.83
1981-12-09,30.03,20.27,18.34,22.88,nasa,0.86
1981-12-10,15.67,20.84,17.9,24.7,nasa,0.88
1981-12-11,25.56,21.26,16.83,25.95,nasa,0.88
1981-12-12,4.48,21.43,18.02,25.78,nasa,0.88
1981-12-13,5.76,22.42,17.41,26.87,nasa,0.86
1981-12-14,8.26,22.86,17.82,28.32,nasa,0.86
1981-12-15,6.31,22.14,17.11,26.75,nasa,0.86
1981-12-16,20.24,21.56,18.73,24.63,nasa,0.87
1981-12-17,12.82,20.0,17.44,22.96,nasa,0.89
1981-12-18,7.41,20.4,16.39,24.97,nasa,0.88
1981-12-19,2.03,21.25,17.43,26.59,nasa,0.87
1981-12-20,0.24,21.28,16.16,27.11,nasa,0.86
1981-12-21,0.35,21.78,16.16,27.42,nasa,0.85
1981-12-22,0.43,22.18,16.66,27.82,nasa,0.84
1981-12-23,1.21,23.35,17.87,28.54,nasa,0.83
1981-12-24,1.47,23.9,19.08,29.4,nasa,0.83
1981-12-25,3.4,22.92,17.25,28.9,nasa,0.82
1981-12-26,10.5,22.72,17.75,28.04,nasa,0.83
1981-12-27,22.63,21.46,19.07,24.54,nasa,0.85
1981-12-28,15.05,20.72,18.24,24.15,nasa,0.88
1981-12-29,3.42,20.23,15.97,25.55,nasa,0.87
1981-12-30,1.78,19.87,15.64,25.22,nasa,0.86
1981-12-31,5.07,20.53,16.31,25.68,nasa,0.85
1982-01-01,15.88,20.75,16.95,25.4,nasa,0.86
1982-01-02,33.31,20.89,17.32,25.26,nasa,0.88
1982-01-03,18.4,19.84,18.53,21.57,nasa,0.91
1982-01-04,8.27,19.78,18.06,22.27,nasa,0.9
1982-01-05,3.56,20.85,17.13,25.37,nasa,0.89
1982-01-06,2.73,20.53,18.05,24.42,nasa,0.88
1982-01-07,4.74,21.03,17.12,25.8,nasa,0.88
1982-01-08,8.74,21.39,17.36,25.98,nasa,0.88
1982-01-09,13.66,20.36,18.11,23.84,nasa,0.89
1982-01-10,9.25,21.55,17.56,26.1,nasa,0.89
1982-01-11,25.47,21.17,18.57,24.6,nasa,0.9
1982-01-12,28.9,20.97,18.34,24.17,nasa,0.91
1982-01-13,5.86,22.44,18.39,27.68,nasa,0.92
1982-01-14,1.45,22.32,16.43,28.44,nasa,0.9
1982-01-15,1.88,22.75,16.44,28.54,nasa,0.89
1982-01-16,14.17,22.21,18.32,26.82,nasa,0.9
1982-01-17,2.44,21.63,17.38,27.0,nasa,0.89
1982-01-18,7.2,21.93,16.7,27.54,nasa,0.89
1982-01-19,9.52,20.45,18.26,23.04,nasa,0.89
1982-01-20,42.12,17.78,15.72,21.01,nasa,0.91
1982-01-21,27.45,17.66,15.12,20.72,nasa,0.94
1982-01-22,25.34,19.95,17.14,24.12,nasa,0.94
1982-01-23,23.25,20.13,17.55,23.66,nasa,0.95
1982-01-24,35.75,19.75,16.76,23.77,nasa,0.97
1982-01-25,16.74,20.06,17.3,23.92,nasa,0.97
1982-01-26,19.2,19.63,17.66,22.62,nasa,0.98
1982-01-27,7.34,19.33,16.97,22.96,nasa,0.98
1982-01-28,8.93,19.16,16.53,22.39,nasa,0.98
1982-01-29,2.64,18.99,16.83,22.12,nasa,0.98
1982-01-30,2.69,19.96,16.99,24.23,nasa,0.97
1982-01-31,1.76,19.36,17.11,21.92,nasa,0.97
1982-02-01,1.46,19.05,15.57,23.37,nasa,0.96
1982-02-02,2.05,19.66,15.57,25.02,nasa,0.96
1982-02-03,2.32,19.95,14.07,26.11,nasa,0.95
1982-02-04,8.2,20.69,15.49,25.66,nasa,0.95
1982-02-05,27.07,20.71,16.87,24.96,nasa,0.96
1982-02-06,16.2,20.68,17.81,24.35,nasa,0.97
1982-02-07,2.89,20.73,17.19,24.51,nasa,0.97
1982-02-08,1.63,21.04,17.22,25.81,nasa,0.97
1982-02-09,0.03,20.78,16.45,25.7,nasa,0.96
1982-02-10,0.36,19.42,14.8,25.44,nasa,0.95
1982-02-11,0.77,20.24,15.07,26.33,nasa,0.94
1982-02-12,0.0,20.59,15.96,26.73,nasa,0.93
1982-02-13,0.0,19.97,15.11,25.46,nasa,0.93
1982-02-14,0.0,21.24,16.18,26.78,nasa,0.92
1982-02-15,1.01,21.64,16.56,26.76,nasa,0.91
1982-02-16,0.04,21.76,16.99,26.69,nasa,0.9
1982-02-17,0.0,21.12,17.4,26.08,nasa,0.9
1982-02-18,0.0,20.56,16.9,25.57,nasa,0.89
1982-02-19,0.03,20.17,16.68,25.26,nasa,0.89
1982-02-20,0.01,20.6,16.17,26.31,nasa,0.88
1982-02-21,0.44,21.16,16.39,26.64,nasa,0.88
1982-02-22,4.0,21.48,16.55,26.45,nasa,0.87
1982-02-23,2.11,21.86,16.75,26.34,nasa,0.87
1982-02-24,10.0,21.76,17.99,26.38,nasa,0.88
1982-02-25,5.34,21.79,18.23,25.52,nasa,0.88
1982-02-26,9.06,22.45,17.99,27.55,nasa,0.89
1982-02-27,10.8,22.4,18.92,26.65,nasa,0.89
1982-02-28,4.63,22.52,19.72,26.62,nasa,0.89
1982-03-01,6.41,21.58,18.88,26.17,nasa,0.89
1982-03-02,8.69,22.28,18.88,26.64,nasa,0.89
1982-03-03,20.2,21.69,17.7,26.99,nasa,0.9
1982-03-04,6.0,20.4,16.36,25.32,nasa,0.9
1982-03-05,10.46,19.35,15.82,22.85,nasa,0.9
1982-03-06,9.59,19.93,17.68,23.56,nasa,0.91
1982-03-07,36.05,21.15,18.14,25.65,nasa,0.92
1982-03-08,25.28,21.25,18.37,24.96,nasa,0.95
1982-03-09,25.93,20.93,18.72,24.23,nasa,0.95
1982-03-10,15.82,20.53,18.68,23.1,nasa,0.96
1982-03-11,9.25,21.56,18.18,25.82,nasa,0.96
1982-03-12,12.18,21.96,17.18,27.79,nasa,0.96
1982-03-13,19.07,21.83,17.94,25.77,nasa,0.97
1982-03-14,11.12,21.4,19.06,25.08,nasa,0.98
1982-03-15,6.02,21.92,18.16,25.81,nasa,0.98
1982-03-16,4.65,22.32,18.44,26.9,nasa,0.97
1982-03-17,4.93,22.15,17.0,28.15,nasa,0.97
1982-03-18,4.5,22.64,18.44,27.64,nasa,0.96
1982-03-19,6.11,22.74,19.54,26.84,nasa,0.96
1982-03-20,3.94,22.22,18.66,26.47,nasa,0.96
1982-03-21,26.26,22.53,17.95,27.17,nasa,0.97
1982-03-22,16.88,21.99,19.17,26.03,nasa,0.98
1982-03-23,20.42,21.05,18.5,23.5,nasa,0.99
1982-03-24,3.08,20.4,16.84,24.78,nasa,0.99
1982-03-25,12.3,21.14,17.37,25.73,nasa,0.99
1982-03-26,3.93,21.41,17.53,26.46,nasa,0.98
1982-03-27,4.55,21.35,16.88,26.24,nasa,0.98
1982-03-28,6.07,21.7,17.0,26.7,nasa,0.98
1982-03-29,12.0,21.66,18.23,25.92,nasa,0.98
1982-03-30,10.48,20.83,17.4,25.29,nasa,0.98
1982-03-31,6.65,20.92,16.83,25.34,nasa,0.98
1982-04-01,0.33,20.2,16.66,24.3,nasa,0.98
1982-04-02,0.99,20.07,16.7,24.76,nasa,0.97
1982-04-03,0.09,20.55,16.92,25.71,nasa,0.97
1982-04-04,0.3,20.98,16.0,26.06,nasa,0.96
1982-04-05,0.07,20.74,16.96,25.84,nasa,0.95
1982-04-06,0.07,19.85,15.23,25.57,nasa,0.95
1982-04-07,0.23,19.1,14.52,24.88,nasa,0.94
1982-04-08,1.13,19.03,14.0,24.54,nasa,0.94
1982-04-09,2.26,18.83,15.27,23.62,nasa,0.93
1982-04-10,5.5,19.31,16.72,23.45,nasa,0.93
1982-04-11,2.49,18.87,16.19,22.95,nasa,0.93
1982-04-12,1.75,18.3,16.1,21.84,nasa,0.93
1982-04-13,10.26,18.37,16.28,21.42,nasa,0.93
1982-04-14,17.66,18.27,16.81,20.49,nasa,0.95
1982-04-15,13.38,19.49,16.36,23.5,nasa,0.96
1982-04-16,0.04,19.79,16.3,24.11,nasa,0.96
1982-04-17,1.0,18.08,16.25,20.72,nasa,0.95
1982-04-18,0.14,18.21,15.69,21.45,nasa,0.95
1982-04-19,0.05,18.02,14.35,21.85,nasa,0.95
1982-04-20,0.0,17.86,14.74,22.62,nasa,0.94
1982-04-21,0.0,16.96,12.56,22.33,nasa,0.94
1982-04-22,0.0,16.91,12.05,23.07,nasa,0.93
1982-04-23,0.0,17.48,12.43,23.26,nasa,0.92
1982-04-24,0.0,18.63,14.73,23.88,nasa,0.92
1982-04-25,0.0,18.34,14.22,23.59,nasa,0.92
1982-04-26,0.0,18.07,14.0,23.76,nasa,0.91
1982-04-27,0.02,16.89,12.71,22.53,nasa,0.91
1982-04-28,0.01,16.08,12.91,20.98,nasa,0.9
1982-04-29,0.22,16.09,12.73,21.14,nasa,0.9
1982-04-30,1.67,14.58,11.64,19.21,nasa,0.9
1982-05-01,1.27,15.3,10.65,20.96,nasa,0.9
1982-05-02,0.08,17.22,10.31,22.95,nasa,0.89
1982-05-03,0.1,17.72,11.6,23.6,nasa,0.89
1982-05-04,0.12,17.71,13.1,23.1,nasa,0.88
1982-05-05,0.07,15.45,11.54,19.79,nasa,0.88
1982-05-06,0.0,14.91,11.15,19.59,nasa,0.88
1982-05-07,0.0,15.75,11.59,21.02,nasa,0.87
1982-05-08,0.03,16.21,12.94,21.22,nasa,0.87
1982-05-09,0.12,16.17,13.15,21.24,nasa,0.87
1982-05-10,0.06,16.76,11.69,22.91,nasa,0.87
1982-05-11,0.29,17.72,12.24,23.63,nasa,0.86
1982-05-12,0.01,17.44,11.91,23.32,nasa,0.86
1982-05-13,0.16,17.88,13.48,23.47,nasa,0.86
1982-05-14,0.04,18.83,12.7,24.38,nasa,0.85
1982-05-15,0.1,18.59,13.66,23.47,nasa,0.85
1982-05-16,0.0,18.72,14.82,24.02,nasa,0.85
1982-05-17,0.05,18.35,13.85,23.98,nasa,0.84
1982-05-18,1.02,18.87,15.07,24.09,nasa,0.84
1982-05-19,9.35,17.93,14.16,22.98,nasa,0.85
1982-05-20,5.36,18.69,15.27,23.48,nasa,0.86
1982-05-21,1.33,17.71,13.28,24.14,nasa,0.86
1982-05-22,0.09,18.03,11.72,24.9,nasa,0.85
1982-05-23,4.23,17.32,12.92,22.62,nasa,0.85
1982-05-24,10.49,17.47,15.48,20.75,nasa,0.85
1982-05-25,16.47,17.3,15.38,20.05,nasa,0.87
1982-05-26,1.25,15.04,12.97,17.93,nasa,0.88
1982-05-27,0.03,16.17,10.76,22.28,nasa,0.87
1982-05-28,0.0,17.37,11.86,23.18,nasa,0.86
1982-05-29,0.0,16.69,12.94,21.67,nasa,0.86
1982-05-30,0.27,15.96,14.23,18.94,nasa,0.85
1982-05-31,0.02,16.78,13.58,21.49,nasa,0.85
1982-06-01,0.0,17.09,13.06,22.61,nasa,0.85
1982-06-02,0.0,16.53,12.87,21.63,nasa,0.85
1982-06-03,0.55,16.46,12.4,21.82,nasa,0.85
1982-06-04,6.98,16.87,12.46,22.04,nasa,0.85
1982-06-05,0.63,16.68,13.64,21.37,nasa,0.85
1982-06-06,0.04,17.58,12.44,23.3,nasa,0.85
1982-06-07,0.01,18.69,12.96,23.85,nasa,0.84
1982-06-08,0.0,17.64,11.62,23.93,nasa,0.84
1982-06-09,0.0,18.12,11.79,24.73,nasa,0.84
1982-06-10,0.0,17.94,13.24,23.87,nasa,0.83
1982-06-11,0.0,18.03,13.85,23.45,nasa,0.83
1982-06-12,0.02,17.83,14.31,22.52,nasa,0.83
1982-06-13,0.04,18.27,15.35,22.97,nasa,0.83
1982-06-14,0.0,18.11,14.52,23.54,nasa,0.83
1982-06-15,0.0,17.92,13.94,23.97,nasa,0.83
1982-06-16,0.05,17.26,12.51,22.13,nasa,0.82
1982-06-17,0.11,17.02,13.55,22.62,nasa,0.82
1982-06-18,0.0,17.01,12.67,22.67,nasa,0.82
1982-06-19,0.0,16.67,11.18,22.88,nasa,0.82
1982-06-20,0.0,17.81,12.96,23.77,nasa,0.81
1982-06-21,0.0,18.65,12.41,24.46,nasa,0.81
1982-06-22,0.0,18.81,13.95,23.95,nasa,0.81
1982-06-23,0.01,18.53,15.36,23.1,nasa,0.81
1982-06-24,0.02,18.22,15.24,23.15,nasa,0.81
1982-06-25,0.0,19.22,15.73,23.9,nasa,0.81
1982-06-26,1.03,18.52,16.0,21.83,nasa,0.81
1982-06-27,0.0,19.61,16.21,25.43,nasa,0.81
1982-06-28,0.0,18.05,15.29,22.59,nasa,0.8
1982-06-29,0.0,18.03,13.98,22.95,nasa,0.8
1982-06-30,0.0,16.99,14.59,20.53,nasa,0.8
1982-07-01,0.0,17.63,12.67,23.99,nasa,0.8
1982-07-02,0.0,16.36,12.05,22.91,nasa,0.8
1982-07-03,0.0,16.48,12.46,22.26,nasa,0.8
1982-07-04,0.0,17.27,13.48,22.77,nasa,0.79
1982-07-05,0.0,17.0,11.56,23.33,nasa,0.79
1982-07-06,0.0,16.71,11.77,22.92,nasa,0.79
1982-07-07,0.0,17.83,12.27,24.01,nasa,0.79
1982-07-08,0.0,18.31,13.65,24.18,nasa,0.78
1982-07-09,0.18,17.47,12.79,24.26,nasa,0.78
1982-07-10,0.0,17.41,10.89,24.33,nasa,0.78
1982-07-11,0.0,17.92,11.99,24.26,nasa,0.78
1982-07-12,0.25,17.79,11.9,24.71,nasa,0.77
1982-07-13,1.59,18.29,13.38,24.58,nasa,0.77
1982-07-14,1.25,18.7,13.79,25.23,nasa,0.77
1982-07-15,0.17,17.56,13.38,22.42,nasa,0.77
1982-07-16,0.16,16.87,14.62,20.55,nasa,0.77
1982-07-17,1.46,16.58,13.55,21.42,nasa,0.77
1982-07-18,5.51,17.24,12.47,22.05,nasa,0.78
1982-07-19,3.14,18.09,13.02,22.99,nasa,0.79
1982-07-20,0.77,17.45,12.67,23.32,nasa,0.79
1982-07-21,0.0,17.2,12.64,23.59,nasa,0.78
1982-07-22,0.0,16.02,10.94,23.23,nasa,0.78
1982-07-23,0.0,16.36,11.26,22.92,nasa,0.77
1982-07-24,0.0,16.16,10.98,22.85,nasa,0.77
1982-07-25,0.0,15.64,10.68,22.61,nasa,0.77
1982-07-26,0.0,15.04,11.16,21.86,nasa,0.76
1982-07-27,0.0,15.28,10.76,22.19,nasa,0.76
1982-07-28,0.0,15.65,9.81,22.59,nasa,0.76
1982-07-29,0.0,16.93,10.93,24.07,nasa,0.76
1982-07-30,0.0,16.77,11.95,23.4,nasa,0.75
1982-07-31,0.03,17.6,11.43,24.41,nasa,0.75
1982-08-01,0.0,18.23,13.71,24.13,nasa,0.75
1982-08-02,0.0,19.84,15.73,25.82,nasa,0.75
1982-08-03,0.0,20.03,15.73,26.34,nasa,0.74
1982-08-04,0.12,19.79,14.52,26.03,nasa,0.74
1982-08-05,2.13,18.49,15.96,22.38,nasa,0.74
1982-08-06,0.01,18.45,15.22,23.27,nasa,0.74
1982-08-07,0.0,18.39,13.66,24.13,nasa,0.74
1982-08-08,0.0,18.86,13.89,25.35,nasa,0.74
1982-08-09,0.0,18.72,13.21,25.35,nasa,0.74
1982-08-10,0.35,19.67,13.02,26.1,nasa,0.73
1982-08-11,0.41,19.01,14.87,25.0,nasa,0.73
1982-08-12,0.03,17.99,14.88,23.47,nasa,0.73
1982-08-13,0.0,17.55,13.88,23.14,nasa,0.72
1982-08-14,0.0,17.2,13.04,23.74,nasa,0.72
1982-08-15,0.0,18.02,13.08,24.62,nasa,0.72
1982-08-16,0.11,18.39,12.39,24.98,nasa,0.72
1982-08-17,0.05,19.2,13.22,25.38,nasa,0.71
1982-08-18,0.05,19.65,14.59,25.82,nasa,0.71
1982-08-19,0.0,19.33,14.06,25.43,nasa,0.71
1982-08-20,0.08,18.42,13.85,23.95,nasa,0.71
1982-08-21,0.41,18.94,14.42,24.48,nasa,0.71
1982-08-22,0.03,20.26,13.4,26.8,nasa,0.71
1982-08-23,0.0,20.35,13.91,27.53,nasa,0.7
1982-08-24,0.0,19.78,14.26,26.24,nasa,0.7
1982-08-25,0.0,19.32,15.7,24.72,nasa,0.7
1982-08-26,0.07,19.89,15.44,26.07,nasa,0.7
1982-08-27,0.08,19.91,14.79,26.25,nasa,0.7
1982-08-28,0.03,20.08,14.32,27.08,nasa,0.69
1982-08-29,0.48,19.98,14.29,27.08,nasa,0.69
1982-08-30,0.83,20.68,13.63,27.51,nasa,0.69
1982-08-31,1.33,21.29,15.69,28.1,nasa,0.69
1982-09-01,0.03,22.04,14.86,28.65,nasa,0.68
1982-09-02,2.75,21.02,16.26,27.11,nasa,0.68
1982-09-03,0.01,20.51,16.26,26.52,nasa,0.68
1982-09-04,0.15,19.76,14.52,25.51,nasa,0.68
1982-09-05,0.09,20.77,14.72,26.53,nasa,0.68
1982-09-06,0.05,21.37,16.8,27.55,nasa,0.68
1982-09-07,0.0,20.47,14.27,27.26,nasa,0.67
1982-09-08,0.0,18.6,11.12,27.34,nasa,0.67
1982-09-09,0.0,17.81,10.08,26.69,nasa,0.67
1982-09-10,0.0,18.09,10.57,26.96,nasa,0.66
1982-09-11,0.0,19.69,11.29,28.35,nasa,0.66
1982-09-12,0.0,20.41,12.44,29.07,nasa,0.66
1982-09-13,0.19,21.35,15.25,28.98,nasa,0.65
1982-09-14,1.69,21.21,17.78,27.41,nasa,0.65
1982-09-15,0.73,21.56,16.88,28.0,nasa,0.66
1982-09-16,0.0,20.03,14.82,26.78,nasa,0.65
1982-09-17,0.03,20.06,13.16,27.4,nasa,0.65
1982-09-18,1.11,22.18,15.23,30.19,nasa,0.65
1982-09-19,3.46,20.53,17.71,24.79,nasa,0.66
1982-09-20,0.0,20.89,14.42,29.38,nasa,0.65
1982-09-21,2.73,20.7,13.9,28.07,nasa,0.65
1982-09-22,8.81,20.95,15.27,26.75,nasa,0.66
1982-09-23,0.86,20.53,15.36,26.84,nasa,0.67
1982-09-24,0.03,20.2,14.03,27.54,nasa,0.66
1982-09-25,0.01,20.59,14.04,28.2,nasa,0.66
1982-09-26,0.32,21.72,13.8,29.31,nasa,0.65
1982-09-27,17.71,22.39,16.28,29.24,nasa,0.66
1982-09-28,0.06,21.56,16.9,27.83,nasa,0.68
1982-09-29,0.0,20.13,13.5,28.64,nasa,0.68
1982-09-30,0.01,20.38,14.49,27.43,nasa,0.67
1982-10-01,2.28,20.62,15.25,26.74,nasa,0.67
1982-10-02,4.9,20.8,16.35,26.04,nasa,0.67
1982-10-03,14.17,20.11,16.78,24.44,nasa,0.69
1982-10-04,0.14,21.84,15.6,28.8,nasa,0.69
1982-10-05,0.55,23.64,17.56,30.55,nasa,0.69
1982-10-06,4.34,24.14,18.28,29.78,nasa,0.68
1982-10-07,3.7,21.66,18.93,24.78,nasa,0.68
1982-10-08,7.02,20.3,17.48,24.11,nasa,0.7
1982-10-09,7.07,21.41,17.38,27.18,nasa,0.7
1982-10-10,8.9,21.65,17.65,27.71,nasa,0.71
1982-10-11,5.92,21.65,18.7,26.24,nasa,0.72
1982-10-12,2.46,22.05,17.85,27.99,nasa,0.71
1982-10-13,6.68,21.4,17.89,24.8,nasa,0.72
1982-10-14,0.09,19.89,11.36,29.37,nasa,0.72
1982-10-15,0.01,21.49,16.43,27.9,nasa,0.71
1982-10-16,0.33,21.09,15.54,27.13,nasa,0.7
1982-10-17,0.36,21.0,15.98,26.98,nasa,0.69
1982-10-18,9.03,21.12,17.18,26.96,nasa,0.69
1982-10-19,2.3,22.77,16.3,29.42,nasa,0.7
1982-10-20,5.8,20.85,16.26,26.7,nasa,0.7
1982-10-21,12.12,20.93,16.76,25.62,nasa,0.71
1982-10-22,0.54,21.34,16.67,27.04,nasa,0.71
1982-10-23,0.52,23.27,17.52,29.72,nasa,0.71
1982-10-24,1.53,24.33,17.21,30.81,nasa,0.7
1982-10-25,2.98,24.08,18.7,30.64,nasa,0.69
1982-10-26,10.11,23.49,19.29,28.61,nasa,0.7
1982-10-27,8.99,24.22,18.91,30.04,nasa,0.71
1982-10-28,12.17,23.6,18.65,29.22,nasa,0.72
1982-10-29,3.04,22.91,18.34,27.71,nasa,0.72
1982-10-30,0.61,23.33,19.4,28.43,nasa,0.72
1982-10-31,3.84,23.51,16.33,30.1,nasa,0.71
1982-11-01,2.53,23.08,17.7,29.13,nasa,0.71
1982-11-02,0.01,23.61,18.78,29.15,nasa,0.7
1982-11-03,0.0,23.24,15.19,29.77,nasa,0.69
1982-11-04,0.0,24.98,18.29,31.02,nasa,0.68
1982-11-05,0.55,24.67,18.27,31.42,nasa,0.67
1982-11-06,4.09,21.65,17.65,25.14,nasa,0.67
1982-11-07,0.05,22.63,17.11,29.02,nasa,0.67
1982-11-08,4.1,24.28,17.61,30.2,nasa,0.67
1982-11-09,3.47,23.72,19.88,29.71,nasa,0.67
1982-11-10,7.78,23.76,19.13,28.75,nasa,0.67
1982-11-11,5.06,23.46,18.83,29.01,nasa,0.68
1982-11-12,0.92,23.42,19.52,29.4,nasa,0.68
1982-11-13,4.71,22.51,19.79,26.67,nasa,0.68
1982-11-14,12.51,23.13,18.45,29.05,nasa,0.69
1982-11-15,19.02,21.09,18.99,24.12,nasa,0.72
1982-11-16,6.12,21.12,18.15,24.33,nasa,0.73
1982-11-17,5.74,22.47,17.35,26.82,nasa,0.73
1982-11-18,8.16,23.85,17.89,29.06,nasa,0.73
1982-11-19,2.35,22.0,19.94,25.14,nasa,0.73
1982-11-20,1.85,22.26,18.53,26.95,nasa,0.73
1982-11-21,2.87,23.66,17.77,29.13,nasa,0.72
1982-11-22,1.87,23.38,19.3,28.08,nasa,0.72
1982-11-23,3.8,24.38,18.24,30.93,nasa,0.71
1982-11-24,1.88,24.79,18.16,31.57,nasa,0.71
1982-11-25,1.92,24.94,18.86,31.08,nasa,0.7
1982-11-26,0.67,25.3,18.64,31.68,nasa,0.69
1982-11-27,0.79,24.3,18.45,30.94,nasa,0.68
1982-11-28,3.04,24.06,19.29,30.72,nasa,0.68
1982-11-29,2.33,24.52,19.09,31.6,nasa,0.67
1982-11-30,3.81,24.62,19.02,31.89,nasa,0.67
1982-12-01,1.0,23.23,17.72,29.76,nasa,0.67
1982-12-02,15.56,20.93,17.29,25.59,nasa,0.68
1982-12-03,6.38,21.08,17.27,26.71,nasa,0.7
1982-12-04,13.85,20.27,14.28,26.5,nasa,0.71
1982-12-05,4.95,22.2,17.87,27.95,nasa,0.72
1982-12-06,6.93,21.21,19.09,23.92,nasa,0.72
1982-12-07,14.29,20.6,18.63,23.38,nasa,0.74
1982-12-08,6.04,21.07,18.38,24.58,nasa,0.75
1982-12-09,19.12,20.05,16.05,24.08,nasa,0.76
1982-12-10,4.17,18.73,15.97,22.19,nasa,0.77
1982-12-11,0.85,20.4,15.84,25.47,nasa,0.76
1982-12-12,1.76,21.34,16.01,26.59,nasa,0.74
1982-12-13,4.8,21.09,17.95,25.57,nasa,0.74
1982-12-14,3.49,20.3,17.35,24.21,nasa,0.74
1982-12-15,6.13,21.38,18.05,25.8,nasa,0.74
1982-12-16,4.7,21.1,18.2,25.33,nasa,0.74
1982-12-17,17.35,20.65,18.6,24.01,nasa,0.75
1982-12-18,4.24,21.9,17.89,26.83,nasa,0.76
1982-12-19,8.76,21.73,18.55,26.19,nasa,0.76
1982-12-20,1.22,22.31,17.65,26.5,nasa,0.76
1982-12-21,6.64,22.19,18.67,26.78,nasa,0.75
1982-12-22,3.21,21.13,18.48,24.35,nasa,0.75
1982-12-23,13.61,21.26,18.56,25.07,nasa,0.76
1982-12-24,37.35,20.44,17.69,23.54,nasa,0.8
1982-12-25,2.92,21.78,15.95,27.29,nasa,0.81
1982-12-26,3.39,21.55,16.37,26.61,nasa,0.79
1982-12-27,16.17,20.06,17.64,23.68,nasa,0.79
1982-12-28,5.93,20.22,16.91,24.19,nasa,0.8
1982-12-29,22.55,19.48,17.02,22.87,nasa,0.81
1982-12-30,32.77,19.8,17.53,23.05,nasa,0.84
1982-12-31,33.78,20.62,18.5,24.39,nasa,0.88
1983-01-01,16.23,21.2,17.69,25.16,nasa,0.89
1983-01-02,10.42,20.78,18.12,23.72,nasa,0.88
1983-01-03,10.84,20.8,17.81,25.27,nasa,0.87
1983-01-04,16.68,21.54,18.34,25.1,nasa,0.87
1983-01-05,35.77,20.16,18.51,22.51,nasa,0.89
1983-01-06,22.34,20.72,18.05,24.14,nasa,0.91
1983-01-07,13.42,20.27,18.9,22.96,nasa,0.92
1983-01-08,10.25,21.65,18.77,26.16,nasa,0.9
1983-01-09,8.13,22.31,19.02,26.0,nasa,0.9
1983-01-10,8.79,23.15,18.4,27.76,nasa,0.89
1983-01-11,5.55,21.93,19.52,25.41,nasa,0.89
1983-01-12,14.78,20.15,17.85,23.48,nasa,0.89
1983-01-13,22.25,21.05,17.77,25.63,nasa,0.91
1983-01-14,26.87,20.32,18.29,23.22,nasa,0.93
1983-01-15,16.13,19.68,17.19,22.78,nasa,0.93
1983-01-16,10.23,20.42,17.75,23.98,nasa,0.93
1983-01-17,10.64,20.82,18.1,24.05,nasa,0.93
1983-01-18,31.64,21.53,18.83,25.6,nasa,0.93
1983-01-19,48.35,21.4,19.21,23.98,nasa,0.96
1983-01-20,8.73,21.28,18.82,24.67,nasa,0.96
1983-01-21,6.23,22.01,17.49,27.2,nasa,0.96
1983-01-22,0.38,23.02,17.01,28.5,nasa,0.95
1983-01-23,14.99,22.41,17.53,26.99,nasa,0.95
1983-01-24,8.32,20.02,15.5,24.55,nasa,0.95
1983-01-25,22.95,18.02,14.72,21.99,nasa,0.96
1983-01-26,26.07,20.1,15.99,25.05,nasa,0.97
1983-01-27,16.43,19.45,18.32,21.09,nasa,0.98
1983-01-28,4.79,20.35,17.66,24.62,nasa,0.98
1983-01-29,4.95,20.64,16.6,25.46,nasa,0.98
1983-01-30,6.44,20.8,18.21,24.64,nasa,0.97
1983-01-31,21.6,20.64,18.5,23.41,nasa,0.98
1983-02-01,30.73,19.72,18.52,21.0,nasa,0.99
1983-02-02,57.72,20.4,18.36,23.25,nasa,1.0
1983-02-03,29.81,20.12,17.68,23.09,nasa,1.0
1983-02-04,3.8,21.53,18.35,26.18,nasa,1.0
1983-02-05,2.27,21.98,18.55,26.18,nasa,0.99
1983-02-06,6.96,21.7,18.64,25.3,nasa,0.99
1983-02-07,14.11,20.77,19.12,23.06,nasa,0.99
1983-02-08,19.41,20.09,18.33,22.74,nasa,1.0
1983-02-09,20.23,20.88,17.99,24.09,nasa,1.0
1983-02-10,48.07,20.62,18.28,22.61,nasa,1.0
1983-02-11,24.35,21.36,19.11,23.67,nasa,1.0
1983-02-12,8.57,21.57,19.62,25.62,nasa,1.0
1983-02-13,6.98,22.28,19.8,26.13,nasa,1.0
1983-02-14,3.62,21.35,19.42,24.34,nasa,1.0
1983-02-15,0.49,21.85,18.66,26.2,nasa,1.0
1983-02-16,0.1,22.0,17.52,27.1,nasa,0.99
1983-02-17,0.68,22.82,17.35,27.72,nasa,0.98
1983-02-18,3.63,21.43,17.85,24.63,nasa,0.98
1983-02-19,1.37,21.33,18.4,25.34,nasa,0.98
1983-02-20,1.16,20.61,17.92,24.62,nasa,0.97
1983-02-21,0.27,21.42,17.51,25.96,nasa,0.97
1983-02-22,2.13,21.59,19.2,25.21,nasa,0.96
1983-02-23,1.3,21.64,18.48,25.89,nasa,0.96
1983-02-24,5.15,22.02,18.46,26.29,nasa,0.95
1983-02-25,6.16,21.87,18.58,25.93,nasa,0.95
1983-02-26,8.21,20.9,18.79,23.65,nasa,0.96
1983-02-27,9.95,21.78,18.26,26.57,nasa,0.96
1983-02-28,4.04,22.28,19.26,26.28,nasa,0.96
1983-03-01,9.19,21.57,19.44,25.58,nasa,0.96
1983-03-02,3.0,21.03,18.13,24.29,nasa,0.97
1983-03-03,12.27,20.97,18.4,24.74,nasa,0.97
1983-03-04,13.55,21.76,18.22,25.75,nasa,0.97
1983-03-05,20.42,21.56,19.47,24.88,nasa,0.98
1983-03-06,19.17,20.53,18.78,23.1,nasa,0.99
1983-03-07,7.98,20.34,17.4,24.19,nasa,0.99
1983-03-08,0.29,19.83,17.76,22.72,nasa,0.99
1983-03-09,0.0,20.94,17.9,25.29,nasa,0.98
1983-03-10,0.13,21.7,17.15,26.81,nasa,0.97
1983-03-11,0.08,22.51,17.64,27.47,nasa,0.96
1983-03-12,2.66,23.18,17.87,27.67,nasa,0.96
1983-03-13,6.14,23.11,19.91,27.19,nasa,0.96
1983-03-14,6.09,21.68,18.08,26.25,nasa,0.96
1983-03-15,5.1,21.67,19.03,25.93,nasa,0.96
1983-03-16,2.72,21.23,16.51,26.65,nasa,0.96
1983-03-17,2.81,21.64,18.92,24.78,nasa,0.95
1983-03-18,14.4,21.4,19.58,23.59,nasa,0.96
1983-03-19,14.98,20.8,17.89,23.91,nasa,0.96
1983-03-20,28.37,19.36,17.29,22.11,nasa,0.99
1983-03-21,9.73,20.19,16.87,24.05,nasa,0.99
1983-03-22,3.07,19.74,16.87,23.94,nasa,0.99
1983-03-23,0.37,18.72,15.02,23.56,nasa,0.98
1983-03-24,2.21,18.56,15.21,22.75,nasa,0.97
1983-03-25,9.79,18.23,15.45,21.47,nasa,0.97
1983-03-26,3.14,18.11,16.5,21.05,nasa,0.98
1983-03-27,13.51,18.82,14.76,23.54,nasa,0.98
1983-03-28,1.57,20.36,16.28,24.77,nasa,0.98
1983-03-29,0.37,21.09,17.34,26.18,nasa,0.97
1983-03-30,0.39,20.48,16.09,26.4,nasa,0.97
1983-03-31,2.3,21.41,16.84,26.63,nasa,0.96
1983-04-01,2.24,20.98,17.75,25.52,nasa,0.96
1983-04-02,1.0,20.92,17.28,25.44,nasa,0.95
1983-04-03,0.84,20.54,17.33,25.32,nasa,0.95
1983-04-04,0.08,20.81,15.92,25.84,nasa,0.94
1983-04-05,4.61,20.93,16.27,25.73,nasa,0.94
1983-04-06,27.55,21.48,17.93,25.8,nasa,0.95
1983-04-07,31.13,19.66,17.46,21.79,nasa,0.97
1983-04-08,2.15,20.15,15.52,25.34,nasa,0.97
1983-04-09,5.38,20.24,15.15,25.38,nasa,0.96
1983-04-10,18.62,19.77,17.18,23.07,nasa,0.97
1983-04-11,15.6,19.66,17.96,22.83,nasa,0.98
1983-04-12,7.02,19.25,16.47,23.11,nasa,0.98
1983-04-13,2.37,20.3,16.19,24.75,nasa,0.98
1983-04-14,1.18,20.95,15.32,26.03,nasa,0.97
1983-04-15,0.81,21.23,16.0,25.75,nasa,0.97
1983-04-16,1.52,21.54,17.41,26.2,nasa,0.96
1983-04-17,0.54,21.21,17.83,25.7,nasa,0.96
1983-04-18,0.18,20.78,17.19,25.53,nasa,0.95
1983-04-19,0.01,20.75,16.29,26.09,nasa,0.95
1983-04-20,0.24,20.64,16.38,25.66,nasa,0.94
1983-04-21,2.45,21.46,17.6,26.07,nasa,0.94
1983-04-22,2.04,20.98,17.78,26.16,nasa,0.93
1983-04-23,0.87,19.75,16.46,24.19,nasa,0.93
1983-04-24,12.78,19.89,17.04,24.05,nasa,0.93
1983-04-25,8.26,19.53,16.62,22.73,nasa,0.95
1983-04-26,1.36,19.42,14.99,24.13,nasa,0.95
1983-04-27,1.96,20.04,16.43,24.19,nasa,0.94
1983-04-28,11.37,19.5,16.44,24.25,nasa,0.94
1983-04-29,0.09,18.52,13.77,23.92,nasa,0.94
1983-04-30,0.07,18.91,13.67,24.91,nasa,0.94
1983-05-01,0.02,18.87,13.37,25.02,nasa,0.93
1983-05-02,0.0,18.43,13.59,24.58,nasa,0.92
1983-05-03,0.0,17.48,12.24,23.52,nasa,0.92
1983-05-04,0.0,18.25,14.11,23.54,nasa,0.92
1983-05-05,0.08,18.82,15.83,23.3,nasa,0.91
1983-05-06,0.01,19.63,15.64,24.96,nasa,0.91
1983-05-07,0.66,19.53,16.12,24.35,nasa,0.9
1983-05-08,0.13,19.58,15.58,24.39,nasa,0.9
1983-05-09,0.0,20.12,14.95,25.46,nasa,0.9
1983-05-10,0.0,19.99,15.33,25.28,nasa,0.89
1983-05-11,0.0,19.97,15.78,24.92,nasa,0.89
1983-05-12,0.0,20.51,16.37,25.36,nasa,0.88
1983-05-13,0.01,19.82,16.06,24.97,nasa,0.88
1983-05-14,0.0,18.9,15.8,23.85,nasa,0.88
1983-05-15,0.0,18.71,14.8,23.77,nasa,0.87
1983-05-16,0.06,18.31,14.04,23.97,nasa,0.87
1983-05-17,0.0,19.45,14.46,24.64,nasa,0.87
1983-05-18,0.0,19.43,14.38,25.15,nasa,0.86
1983-05-19,0.06,18.97,14.38,24.76,nasa,0.86
1983-05-20,1.97,19.78,15.68,24.93,nasa,0.86
1983-05-21,0.08,20.26,16.68,25.53,nasa,0.86
1983-05-22,0.0,19.45,15.68,24.68,nasa,0.85
1983-05-23,10.55,19.64,16.17,23.95,nasa,0.86
1983-05-24,2.04,19.86,16.83,24.47,nasa,0.86
1983-05-25,3.06,19.42,15.61,24.51,nasa,0.86
1983-05-26,1.62,17.37,15.69,19.83,nasa,0.86
1983-05-27,1.68,18.17,15.43,22.89,nasa,0.86
1983-05-28,10.52,19.13,15.0,24.34,nasa,0.86
1983-05-29,4.33,20.06,16.17,24.41,nasa,0.87
1983-05-30,6.52,20.07,15.8,24.94,nasa,0.87
1983-05-31,2.42,18.89,15.67,22.6,nasa,0.87
1983-06-01,0.31,16.92,13.37,21.33,nasa,0.87
1983-06-02,0.81,18.59,12.87,24.66,nasa,0.87
1983-06-03,11.87,19.23,13.68,24.89,nasa,0.87
1983-06-04,3.15,19.4,15.23,24.35,nasa,0.88
1983-06-05,0.33,19.52,15.86,24.92,nasa,0.87
1983-06-06,0.82,18.52,13.58,24.32,nasa,0.86
1983-06-07,0.01,18.2,13.36,24.06,nasa,0.86
1983-06-08,0.08,17.44,11.47,23.87,nasa,0.86
1983-06-09,0.24,18.64,14.94,24.04,nasa,0.85
1983-06-10,0.03,20.32,14.76,26.18,nasa,0.85
1983-06-11,0.01,19.98,14.92,25.46,nasa,0.85
1983-06-12,0.0,18.15,14.13,23.33,nasa,0.85
1983-06-13,0.0,17.3,12.47,23.54,nasa,0.84
1983-06-14,0.0,16.87,10.48,23.03,nasa,0.84
1983-06-15,0.0,17.42,11.49,23.53,nasa,0.84
1983-06-16,0.0,17.65,12.81,23.71,nasa,0.84
1983-06-17,0.0,17.31,13.23,23.0,nasa,0.83
1983-06-18,0.0,16.79,12.79,22.64,nasa,0.83
1983-06-19,0.0,16.21,11.94,22.1,nasa,0.83
1983-06-20,0.0,15.57,10.93,22.31,nasa,0.83
1983-06-21,0.0,16.3,11.03,23.13,nasa,0.83
1983-06-22,0.03,17.5,12.46,23.67,nasa,0.82
1983-06-23,0.0,17.63,12.86,23.72,nasa,0.82
1983-06-24,0.02,17.74,12.28,23.68,nasa,0.82
1983-06-25,0.0,18.23,12.73,23.99,nasa,0.82
1983-06-26,0.0,18.61,13.55,24.4,nasa,0.81
1983-06-27,0.11,18.24,12.44,24.6,nasa,0.81
1983-06-28,0.0,18.89,12.4,24.68,nasa,0.81
1983-06-29,0.16,18.06,14.21,23.85,nasa,0.8
1983-06-30,0.0,18.01,11.21,24.23,nasa,0.8
1983-07-01,0.01,18.95,14.38,24.57,nasa,0.8
1983-07-02,0.51,18.59,12.6,24.83,nasa,0.8
1983-07-03,0.77,18.38,12.78,25.19,nasa,0.8
1983-07-04,1.38,18.6,15.06,24.11,nasa,0.8
1983-07-05,0.0,17.23,13.89,21.47,nasa,0.8
1983-07-06,0.0,17.91,13.57,24.2,nasa,0.79
1983-07-07,0.0,17.45,11.78,24.1,nasa,0.79
1983-07-08,0.0,17.95,12.4,25.09,nasa,0.79
1983-07-09,0.0,17.95,12.45,25.0,nasa,0.79
1983-07-10,0.0,18.43,12.25,25.49,nasa,0.78
1983-07-11,0.0,18.48,13.77,25.35,nasa,0.78
1983-07-12,0.0,18.22,13.63,25.44,nasa,0.78
1983-07-13,0.0,16.1,11.32,22.8,nasa,0.78
1983-07-14,0.0,16.45,12.22,22.84,nasa,0.77
1983-07-15,0.0,16.04,9.81,23.27,nasa,0.77
1983-07-16,0.0,16.08,10.45,22.58,nasa,0.77
1983-07-17,0.02,17.77,12.22,23.87,nasa,0.77
1983-07-18,5.3,18.17,13.75,24.06,nasa,0.77
1983-07-19,19.97,17.69,14.1,22.64,nasa,0.79
1983-07-20,14.79,15.11,10.67,20.95,nasa,0.82
1983-07-21,1.38,14.14,9.58,21.71,nasa,0.82
1983-07-22,0.0,14.1,8.26,22.11,nasa,0.81
1983-07-23,0.0,16.01,7.42,23.91,nasa,0.8
1983-07-24,0.0,17.33,9.65,24.52,nasa,0.79
1983-07-25,0.0,18.99,11.92,25.26,nasa,0.79
1983-07-26,0.0,18.06,12.22,24.85,nasa,0.78
1983-07-27,0.0,17.3,13.04,23.36,nasa,0.78
1983-07-28,0.0,17.13,12.66,23.41,nasa,0.78
1983-07-29,0.0,17.38,12.61,23.4,nasa,0.78
1983-07-30,0.0,17.44,11.84,24.35,nasa,0.77
1983-07-31,0.0,17.58,11.47,24.62,nasa,0.77
1983-08-01,0.0,18.32,13.4,25.29,nasa,0.77
1983-08-02,0.0,15.14,7.88,20.6,nasa,0.77
1983-08-03,0.0,11.12,5.45,19.04,nasa,0.76
1983-08-04,0.0,12.1,6.09,20.17,nasa,0.76
1983-08-05,0.0,13.03,7.07,21.18,nasa,0.76
1983-08-06,0.0,14.15,6.82,22.88,nasa,0.76
1983-08-07,0.0,16.26,8.02,24.1,nasa,0.76
1983-08-08,0.0,16.48,8.98,24.98,nasa,0.75
1983-08-09,0.0,16.77,10.3,24.48,nasa,0.75
1983-08-10,0.0,15.91,10.04,23.43,nasa,0.75
1983-08-11,0.0,16.36,10.88,23.52,nasa,0.74
1983-08-12,0.0,16.34,10.84,22.97,nasa,0.74
1983-08-13,0.0,17.3,11.14,24.16,nasa,0.74
1983-08-14,0.0,18.68,12.3,26.06,nasa,0.74
1983-08-15,0.0,19.14,12.89,25.89,nasa,0.73
1983-08-16,0.0,19.63,12.57,27.04,nasa,0.73
1983-08-17,0.0,18.92,13.36,25.69,nasa,0.73
1983-08-18,0.0,19.88,12.84,26.24,nasa,0.72
1983-08-19,0.1,20.02,13.69,26.6,nasa,0.72
1983-08-20,0.38,19.47,13.54,26.42,nasa,0.72
1983-08-21,0.3,19.04,12.99,25.83,nasa,0.72
1983-08-22,3.48,17.33,12.23,23.86,nasa,0.72
1983-08-23,0.0,17.65,11.54,25.06,nasa,0.72
1983-08-24,0.0,18.12,11.94,25.98,nasa,0.72
1983-08-25,0.0,17.98,11.41,25.98,nasa,0.71
1983-08-26,0.0,18.46,11.29,26.76,nasa,0.71
1983-08-27,0.0,18.66,12.37,26.25,nasa,0.71
1983-08-28,0.0,19.03,12.18,27.06,nasa,0.7
1983-08-29,0.0,19.1,12.14,26.6,nasa,0.7
1983-08-30,0.0,20.26,14.09,27.15,nasa,0.7
1983-08-31,0.0,20.96,16.14,28.56,nasa,0.69
1983-09-01,0.0,21.2,15.67,29.43,nasa,0.69
1983-09-02,0.02,20.49,13.01,29.34,nasa,0.68
1983-09-03,0.06,21.43,14.98,28.95,nasa,0.68
1983-09-04,2.81,21.81,16.12,28.93,nasa,0.68
1983-09-05,0.66,22.03,16.58,29.15,nasa,0.68
1983-09-06,2.04,22.14,16.11,29.39,nasa,0.68
1983-09-07,2.53,22.71,17.02,29.64,nasa,0.68
1983-09-08,15.75,21.98,17.33,28.94,nasa,0.7
1983-09-09,2.47,20.34,15.04,26.22,nasa,0.71
1983-09-10,3.24,18.74,13.53,24.9,nasa,0.71
1983-09-11,1.99,18.62,15.12,22.85,nasa,0.71
1983-09-12,3.12,20.5,16.11,26.35,nasa,0.71
1983-09-13,4.06,20.99,16.16,26.86,nasa,0.71
1983-09-14,1.17,20.72,13.99,27.85,nasa,0.71
1983-09-15,12.2,21.04,15.67,27.12,nasa,0.72
1983-09-16,8.44,22.67,17.71,28.45,nasa,0.73
1983-09-17,2.52,23.15,16.93,29.69,nasa,0.73
1983-09-18,5.64,23.14,18.5,29.28,nasa,0.73
1983-09-19,4.51,22.4,18.4,28.84,nasa,0.73
1983-09-20,0.23,21.33,15.33,28.43,nasa,0.72
1983-09-21,12.73,20.15,14.45,27.03,nasa,0.73
1983-09-22,0.36,19.78,15.49,25.7,nasa,0.73
1983-09-23,1.51,20.39,15.98,27.14,nasa,0.73
1983-09-24,0.99,22.51,15.64,30.33,nasa,0.72
1983-09-25,3.29,22.14,17.47,28.33,nasa,0.72
1983-09-26,0.17,21.61,16.63,27.66,nasa,0.72
1983-09-27,0.0,20.34,16.19,26.24,nasa,0.71
1983-09-28,0.0,20.79,15.42,27.29,nasa,0.71
1983-09-29,0.0,21.32,15.91,27.84,nasa,0.7
1983-09-30,0.0,21.9,16.47,28.4,nasa,0.69
1983-10-01,0.7,21.42,15.66,27.52,nasa,0.69
1983-10-02,0.09,21.67,16.74,27.39,nasa,0.68
1983-10-03,1.28,21.1,16.7,26.24,nasa,0.68
1983-10-04,1.24,20.86,16.3,26.67,nasa,0.68
1983-10-05,1.57,20.82,15.78,27.29,nasa,0.68
1983-10-06,2.65,19.76,16.43,24.97,nasa,0.68
1983-10-07,3.81,18.53,16.06,22.1,nasa,0.68
1983-10-08,4.18,20.56,14.75,26.99,nasa,0.69
1983-10-09,2.0,21.97,16.38,28.16,nasa,0.69
1983-10-10,4.6,22.94,17.78,28.26,nasa,0.69
1983-10-11,19.45,22.65,17.38,26.82,nasa,0.71
1983-10-12,19.57,20.81,17.79,24.38,nasa,0.73
1983-10-13,39.54,19.77,18.27,21.94,nasa,0.78
1983-10-14,62.29,19.22,16.9,22.27,nasa,0.83
1983-10-15,1.23,21.07,17.04,26.96,nasa,0.84
1983-10-16,0.25,21.85,15.37,27.78,nasa,0.81
1983-10-17,9.85,22.15,17.68,27.2,nasa,0.8
1983-10-18,7.06,21.65,18.69,25.59,nasa,0.8
1983-10-19,3.25,21.12,16.58,26.47,nasa,0.79
1983-10-20,5.78,21.5,17.38,26.42,nasa,0.79
1983-10-21,8.07,21.48,17.95,26.22,nasa,0.79
1983-10-22,18.97,22.17,18.0,26.86,nasa,0.8
1983-10-23,10.36,20.61,18.58,23.52,nasa,0.81
1983-10-24,3.82,18.72,14.54,21.65,nasa,0.81
1983-10-25,0.98,16.7,11.66,22.57,nasa,0.81
1983-10-26,0.15,17.88,12.61,23.74,nasa,0.79
1983-10-27,0.34,18.55,12.84,24.7,nasa,0.79
1983-10-28,0.15,19.95,15.66,25.73,nasa,0.78
1983-10-29,0.51,20.31,15.55,26.01,nasa,0.77
1983-10-30,3.6,20.15,14.54,26.02,nasa,0.77
1983-10-31,5.45,20.16,15.37,25.56,nasa,0.77
1983-11-01,8.67,18.31,16.23,21.45,nasa,0.78
1983-11-02,11.76,19.0,15.32,23.21,nasa,0.79
1983-11-03,4.67,18.03,15.21,20.79,nasa,0.8
1983-11-04,10.07,20.33,13.97,26.24,nasa,0.8
1983-11-05,14.29,20.69,16.18,25.43,nasa,0.82
1983-11-06,0.52,20.6,14.3,27.24,nasa,0.81
1983-11-07,0.03,21.06,15.06,27.87,nasa,0.8
1983-11-08,1.62,21.71,15.82,27.78,nasa,0.79
1983-11-09,9.12,22.16,17.3,27.03,nasa,0.8
1983-11-10,26.71,19.59,16.44,22.59,nasa,0.82
1983-11-11,27.66,18.96,17.19,21.82,nasa,0.84
1983-11-12,19.09,20.02,16.99,24.67,nasa,0.87
1983-11-13,13.2,21.43,18.01,25.64,nasa,0.86
1983-11-14,4.0,22.27,18.15,27.59,nasa,0.85
1983-11-15,20.31,22.11,17.75,27.0,nasa,0.86
1983-11-16,3.18,22.4,18.36,27.81,nasa,0.86
1983-11-17,0.56,22.02,16.8,27.77,nasa,0.84
1983-11-18,1.73,22.41,17.27,27.67,nasa,0.83
1983-11-19,11.11,22.39,18.47,26.32,nasa,0.83
1983-11-20,6.34,22.43,18.51,27.51,nasa,0.84
1983-11-21,9.08,21.73,17.96,27.23,nasa,0.84
1983-11-22,12.56,21.79,17.79,26.54,nasa,0.85
1983-11-23,1.39,21.34,18.19,25.14,nasa,0.85
1983-11-24,5.36,21.19,17.83,25.89,nasa,0.84
1983-11-25,5.15,21.45,18.42,25.3,nasa,0.84
1983-11-26,3.78,21.56,18.33,25.09,nasa,0.84
1983-11-27,4.41,21.82,17.08,25.69,nasa,0.84
1983-11-28,4.67,18.6,15.8,20.93,nasa,0.84
1983-11-29,3.38,17.02,14.64,20.87,nasa,0.84
1983-11-30,6.85,19.17,14.2,24.9,nasa,0.84
1983-12-01,9.96,18.75,16.64,21.27,nasa,0.84
1983-12-02,20.38,19.65,16.08,23.6,nasa,0.87
1983-12-03,12.54,20.55,16.38,25.36,nasa,0.87
1983-12-04,11.56,19.53,17.32,22.81,nasa,0.88
1983-12-05,12.74,19.61,15.97,23.36,nasa,0.88
1983-12-06,16.98,21.23,18.57,24.89,nasa,0.89
1983-12-07,5.71,20.8,18.5,24.22,nasa,0.89
1983-12-08,11.23,20.29,17.81,23.23,nasa,0.89
1983-12-09,10.43,21.02,17.26,25.77,nasa,0.89
1983-12-10,16.85,20.82,17.69,23.9,nasa,0.91
1983-12-11,6.98,20.9,17.66,24.02,nasa,0.9
1983-12-12,9.51,19.95,17.4,22.75,nasa,0.9
1983-12-13,9.26,19.92,16.7,23.75,nasa,0.91
1983-12-14,17.35,20.03,17.11,23.64,nasa,0.91
1983-12-15,15.67,19.64,17.18,22.68,nasa,0.92
1983-12-16,18.85,19.95,16.01,23.59,nasa,0.93
1983-12-17,6.81,21.13,17.21,25.56,nasa,0.93
1983-12-18,2.95,21.78,18.02,26.0,nasa,0.93
1983-12-19,4.1,21.84,17.62,26.06,nasa,0.92
1983-12-20,2.46,21.55,17.55,25.79,nasa,0.92
1983-12-21,10.54,21.48,18.32,24.74,nasa,0.92
1983-12-22,9.53,22.37,18.0,27.04,nasa,0.93
1983-12-23,26.9,21.35,18.95,24.34,nasa,0.94
1983-12-24,7.94,19.99,18.32,22.66,nasa,0.94
1983-12-25,22.76,18.47,16.7,21.69,nasa,0.95
1983-12-26,8.61,19.06,15.31,23.61,nasa,0.96
1983-12-27,4.96,19.52,16.49,23.06,nasa,0.96
1983-12-28,4.66,19.92,17.61,23.63,nasa,0.96
1983-12-29,3.93,19.63,17.26,22.17,nasa,0.96
1983-12-30,5.63,20.77,17.75,24.55,nasa,0.95
1983-12-31,6.23,20.34,17.77,23.98,nasa,0.95
1984-01-01,3.45,20.34,16.97,25.52,nasa,0.95
1984-01-02,3.56,19.76,15.43,23.97,nasa,0.95
1984-01-03,1.22,20.94,16.1,26.42,nasa,0.94
1984-01-04,0.71,21.61,14.55,27.29,nasa,0.94
1984-01-05,1.31,23.12,18.08,27.95,nasa,0.93
1984-01-06,7.56,23.06,18.39,27.15,nasa,0.93
1984-01-07,11.87,22.96,19.42,26.86,nasa,0.93
1984-01-08,10.83,22.81,19.9,27.36,nasa,0.94
1984-01-09,3.97,21.85,18.74,26.29,nasa,0.94
1984-01-10,0.77,22.1,17.27,27.04,nasa,0.93
1984-01-11,0.03,22.0,17.25,27.16,nasa,0.92
1984-01-12,0.0,21.68,15.28,27.79,nasa,0.91
1984-01-13,0.0,22.54,16.79,28.52,nasa,0.9
1984-01-14,0.1,21.92,15.38,28.66,nasa,0.9
1984-01-15,0.24,21.31,15.22,27.51,nasa,0.89
1984-01-16,0.28,22.73,16.2,28.99,nasa,0.88
1984-01-17,0.0,23.29,18.49,28.98,nasa,0.87
1984-01-18,0.03,22.4,16.37,27.96,nasa,0.86
1984-01-19,2.07,22.39,17.32,26.73,nasa,0.86
1984-01-20,5.94,22.32,17.98,27.31,nasa,0.86
1984-01-21,12.27,21.96,17.64,26.68,nasa,0.87
1984-01-22,8.4,21.96,19.16,26.23,nasa,0.87
1984-01-23,17.96,20.69,18.31,23.32,nasa,0.89
1984-01-24,5.59,20.49,17.7,24.8,nasa,0.9
1984-01-25,12.68,20.73,17.61,25.07,nasa,0.89
1984-01-26,14.5,20.51,17.73,24.51,nasa,0.91
1984-01-27,7.62,20.77,17.95,23.86,nasa,0.91
1984-01-28,8.71,21.91,18.38,25.54,nasa,0.91
1984-01-29,3.2,22.94,17.96,27.85,nasa,0.91
1984-01-30,0.0,22.42,16.59,28.04,nasa,0.9
1984-01-31,0.19,22.27,16.33,28.47,nasa,0.89
1984-02-01,0.42,22.61,17.54,27.89,nasa,0.88
1984-02-02,0.37,22.38,17.44,27.13,nasa,0.87
1984-02-03,0.03,22.54,18.22,27.65,nasa,0.87
1984-02-04,0.04,22.49,17.94,27.46,nasa,0.86
1984-02-05,0.39,22.97,18.34,27.43,nasa,0.86
1984-02-06,3.2,22.95,17.82,27.41,nasa,0.85
1984-02-07,6.53,22.1,18.74,26.26,nasa,0.86
1984-02-08,2.89,21.25,18.26,25.77,nasa,0.86
1984-02-09,0.86,21.26,17.23,26.79,nasa,0.86
1984-02-10,3.33,21.2,16.01,27.06,nasa,0.85
1984-02-11,11.33,20.67,16.62,25.83,nasa,0.85
1984-02-12,6.75,20.76,16.97,25.68,nasa,0.86
1984-02-13,0.53,21.68,17.41,26.7,nasa,0.86
1984-02-14,2.26,22.04,16.55,27.97,nasa,0.85
1984-02-15,1.71,22.15,17.29,27.6,nasa,0.84
1984-02-16,2.11,22.67,18.03,27.43,nasa,0.84
1984-02-17,1.97,23.08,18.14,27.49,nasa,0.84
1984-02-18,3.64,21.53,18.92,24.21,nasa,0.84
1984-02-19,2.57,21.45,18.01,25.8,nasa,0.84
1984-02-20,4.75,21.82,17.53,27.06,nasa,0.84
1984-02-21,4.64,22.07,16.97,27.65,nasa,0.84
1984-02-22,2.37,22.82,17.57,28.31,nasa,0.83
1984-02-23,5.23,23.43,17.64,28.05,nasa,0.83
1984-02-24,3.6,22.55,17.71,28.06,nasa,0.83
1984-02-25,9.86,21.85,17.21,27.14,nasa,0.84
1984-02-26,3.39,21.18,18.18,24.66,nasa,0.84
1984-02-27,0.06,22.33,18.14,28.25,nasa,0.83
1984-02-28,0.03,21.44,16.15,27.33,nasa,0.82
1984-02-29,0.48,22.21,17.29,27.7,nasa,0.81
1984-03-01,0.69,22.75,17.68,27.91,nasa,0.81
1984-03-02,2.03,22.21,19.3,26.13,nasa,0.81
1984-03-03,4.65,22.49,18.27,27.14,nasa,0.81
1984-03-04,7.56,22.48,17.89,27.33,nasa,0.82
1984-03-05,3.79,22.84,17.71,27.89,nasa,0.81
1984-03-06,6.44,22.6,18.71,27.09,nasa,0.82
1984-03-07,4.96,22.4,17.69,27.27,nasa,0.82
1984-03-08,11.57,21.81,18.46,26.57,nasa,0.82
1984-03-09,10.22,21.76,17.63,26.97,nasa,0.83
1984-03-10,6.1,22.55,17.64,27.7,nasa,0.84
1984-03-11,0.7,22.62,19.37,26.83,nasa,0.83
1984-03-12,10.43,23.0,18.42,27.7,nasa,0.83
1984-03-13,10.86,20.74,18.37,23.83,nasa,0.84
1984-03-14,3.41,19.47,16.49,24.0,nasa,0.84
1984-03-15,2.66,20.68,16.7,26.03,nasa,0.83
1984-03-16,0.75,20.38,15.19,26.39,nasa,0.83
1984-03-17,0.48,20.25,14.99,26.09,nasa,0.82
1984-03-18,0.48,20.47,14.14,26.91,nasa,0.81
1984-03-19,0.17,21.41,14.62,27.53,nasa,0.8
1984-03-20,1.87,22.66,17.5,27.94,nasa,0.8
1984-03-21,4.31,22.93,18.07,27.13,nasa,0.8
1984-03-22,14.49,22.85,17.83,27.21,nasa,0.81
1984-03-23,5.68,21.57,17.87,26.13,nasa,0.82
1984-03-24,0.83,20.76,16.04,26.3,nasa,0.82
1984-03-25,0.07,21.82,17.31,27.18,nasa,0.81
1984-03-26,0.27,22.52,18.94,27.77,nasa,0.8
1984-03-27,0.72,22.28,18.48,27.11,nasa,0.8
1984-03-28,0.81,21.69,17.83,26.17,nasa,0.79
1984-03-29,5.94,22.55,17.96,27.18,nasa,0.79
1984-03-30,6.77,22.75,19.65,27.11,nasa,0.8
1984-03-31,12.18,19.99,16.66,24.02,nasa,0.81
1984-04-01,4.14,18.03,14.24,22.7,nasa,0.82
1984-04-02,4.77,19.3,15.96,22.8,nasa,0.81
1984-04-03,15.08,20.47,18.88,23.66,nasa,0.83
1984-04-04,6.4,20.33,17.18,24.96,nasa,0.83
1984-04-05,0.4,19.87,15.74,25.04,nasa,0.83
1984-04-06,6.87,20.63,15.14,26.03,nasa,0.82
1984-04-07,2.81,21.59,18.56,26.45,nasa,0.82
1984-04-08,0.28,20.3,16.89,24.65,nasa,0.82
1984-04-09,0.36,19.97,16.3,25.0,nasa,0.81
1984-04-10,0.03,18.96,14.94,24.35,nasa,0.8
1984-04-11,0.0,17.96,12.85,23.98,nasa,0.8
1984-04-12,0.02,18.41,13.94,23.87,nasa,0.79
1984-04-13,0.0,18.52,15.78,22.82,nasa,0.79
1984-04-14,0.03,18.58,13.46,24.43,nasa,0.79
1984-04-15,0.87,20.05,15.32,25.42,nasa,0.78
1984-04-16,2.92,19.91,15.85,25.24,nasa,0.78
1984-04-17,0.16,20.28,13.95,26.65,nasa,0.78
1984-04-18,3.6,20.85,15.62,26.49,nasa,0.78
1984-04-19,1.54,20.52,15.69,25.91,nasa,0.78
1984-04-20,3.54,20.73,16.46,25.87,nasa,0.78
1984-04-21,1.03,20.4,15.99,25.66,nasa,0.78
1984-04-22,0.25,20.02,15.33,26.11,nasa,0.77
1984-04-23,0.43,20.67,14.98,26.28,nasa,0.77
1984-04-24,0.0,22.35,18.11,27.24,nasa,0.76
1984-04-25,0.83,22.1,17.53,27.26,nasa,0.76
1984-04-26,3.32,20.63,17.24,25.24,nasa,0.76
1984-04-27,4.84,20.82,16.12,25.7,nasa,0.76
1984-04-28,1.05,20.13,17.01,24.42,nasa,0.77
1984-04-29,2.79,19.82,16.42,23.88,nasa,0.77
1984-04-30,5.34,20.13,16.68,24.1,nasa,0.77
1984-05-01,8.46,20.24,16.42,25.12,nasa,0.78
1984-05-02,4.18,19.49,15.51,24.31,nasa,0.78
1984-05-03,2.73,19.32,15.7,24.47,nasa,0.78
1984-05-04,2.12,19.23,15.11,24.44,nasa,0.78
1984-05-05,0.69,19.54,14.95,24.89,nasa,0.78
1984-05-06,0.7,19.57,14.25,24.85,nasa,0.77
1984-05-07,0.05,20.07,14.47,25.33,nasa,0.77
1984-05-08,0.01,20.03,14.66,25.86,nasa,0.76
1984-05-09,0.01,19.96,14.56,25.63,nasa,0.76
1984-05-10,0.31,20.38,14.84,25.36,nasa,0.75
1984-05-11,0.35,21.06,16.78,26.19,nasa,0.75
1984-05-12,0.17,20.69,16.11,25.83,nasa,0.74
1984-05-13,0.07,20.2,14.8,26.28,nasa,0.74
1984-05-14,0.7,20.16,15.21,25.82,nasa,0.74
1984-05-15,8.27,19.81,17.09,24.3,nasa,0.74
1984-05-16,1.19,20.13,16.01,25.12,nasa,0.75
1984-05-17,11.44,20.57,16.87,24.96,nasa,0.76
1984-05-18,0.84,20.65,16.33,25.93,nasa,0.76
1984-05-19,0.0,20.51,15.29,26.57,nasa,0.76
1984-05-20,0.0,19.87,14.99,26.2,nasa,0.75
1984-05-21,0.0,18.99,14.02,25.18,nasa,0.75
1984-05-22,0.0,18.75,13.56,25.14,nasa,0.74
1984-05-23,0.0,18.63,12.96,25.15,nasa,0.74
1984-05-24,0.0,19.51,14.16,25.05,nasa,0.73
1984-05-25,0.0,19.75,14.08,25.97,nasa,0.73
1984-05-26,0.0,19.34,12.34,25.7,nasa,0.72
1984-05-27,0.0,19.5,12.97,26.08,nasa,0.72
1984-05-28,0.0,19.06,12.58,26.52,nasa,0.72
1984-05-29,0.0,19.2,13.42,25.72,nasa,0.71
1984-05-30,0.0,18.41,12.57,25.68,nasa,0.71
1984-05-31,0.0,19.78,14.82,26.53,nasa,0.71
1984-06-01,0.0,18.14,14.11,24.43,nasa,0.71
1984-06-02,0.0,17.34,12.1,24.25,nasa,0.71
1984-06-03,0.0,17.78,13.03,24.12,nasa,0.7
1984-06-04,0.0,17.21,11.16,24.32,nasa,0.7
1984-06-05,0.0,17.71,10.31,24.75,nasa,0.7
1984-06-06,0.0,18.74,11.86,25.27,nasa,0.7
1984-06-07,0.0,18.81,13.38,25.77,nasa,0.69
1984-06-08,0.0,19.22,12.32,25.9,nasa,0.69
1984-06-09,0.0,19.58,15.05,26.34,nasa,0.69
1984-06-10,0.0,19.0,13.83,25.46,nasa,0.69
1984-06-11,0.0,18.51,13.45,25.4,nasa,0.69
1984-06-12,0.0,18.96,13.98,24.69,nasa,0.68
1984-06-13,0.0,20.63,15.5,26.35,nasa,0.68
1984-06-14,0.0,19.25,13.46,25.96,nasa,0.68
1984-06-15,0.0,18.53,12.03,25.32,nasa,0.68
1984-06-16,0.0,18.86,12.05,25.97,nasa,0.68
1984-06-17,0.0,19.06,13.23,25.99,nasa,0.67
1984-06-18,0.0,17.7,10.75,25.62,nasa,0.67
1984-06-19,0.0,18.43,11.88,25.26,nasa,0.67
1984-06-20,0.0,18.56,11.75,25.5,nasa,0.67
1984-06-21,0.0,16.8,10.49,24.59,nasa,0.67
1984-06-22,0.0,16.96,9.26,24.55,nasa,0.66
1984-06-23,0.0,17.81,11.38,25.02,nasa,0.66
1984-06-24,0.0,17.23,11.52,24.58,nasa,0.66
1984-06-25,0.0,17.38,11.6,24.82,nasa,0.66
1984-06-26,0.0,18.13,10.65,24.69,nasa,0.66
1984-06-27,0.02,18.46,11.46,26.3,nasa,0.66
1984-06-28,0.19,18.25,11.59,25.74,nasa,0.66
1984-06-29,0.09,18.3,12.54,24.59,nasa,0.66
1984-06-30,0.03,16.77,11.86,23.37,nasa,0.65
1984-07-01,0.22,16.52,13.0,21.95,nasa,0.65
1984-07-02,0.08,17.41,12.97,23.89,nasa,0.65
1984-07-03,0.0,18.04,14.05,24.65,nasa,0.65
1984-07-04,0.0,18.18,12.15,26.05,nasa,0.65
1984-07-05,0.0,18.2,12.73,25.71,nasa,0.65
1984-07-06,0.0,18.21,11.69,26.49,nasa,0.65
1984-07-07,0.0,19.85,13.79,27.39,nasa,0.65
1984-07-08,0.0,17.98,11.46,26.39,nasa,0.65
1984-07-09,0.0,16.75,10.92,24.15,nasa,0.64
1984-07-10,0.0,16.36,10.71,24.08,nasa,0.64
1984-07-11,0.0,17.01,11.15,24.83,nasa,0.64
1984-07-12,0.0,19.03,14.27,26.19,nasa,0.64
1984-07-13,0.0,20.3,14.26,27.48,nasa,0.64
1984-07-14,0.0,20.27,13.68,27.8,nasa,0.64
1984-07-15,0.0,19.67,14.84,26.73,nasa,0.64
1984-07-16,0.0,19.83,12.72,27.37,nasa,0.63
1984-07-17,0.0,19.48,12.9,26.71,nasa,0.63
1984-07-18,0.0,18.16,11.95,25.71,nasa,0.63
1984-07-19,0.0,18.53,11.49,25.4,nasa,0.63
1984-07-20,0.17,19.02,12.64,26.06,nasa,0.63
1984-07-21,0.01,18.8,13.34,26.07,nasa,0.63
1984-07-22,0.0,17.55,11.13,25.79,nasa,0.63
1984-07-23,0.0,16.15,9.01,25.07,nasa,0.63
1984-07-24,0.15,17.81,11.81,25.4,nasa,0.63
1984-07-25,0.0,18.61,12.5,26.07,nasa,0.63
1984-07-26,0.0,19.02,14.99,24.28,nasa,0.63
1984-07-27,0.0,19.64,14.15,25.84,nasa,0.62
1984-07-28,0.61,19.1,13.64,25.41,nasa,0.62
1984-07-29,0.34,18.13,14.1,23.52,nasa,0.63
1984-07-30,0.17,15.34,10.85,22.14,nasa,0.63
1984-07-31,0.02,14.46,8.46,22.68,nasa,0.62
1984-08-01,0.0,16.75,8.81,25.77,nasa,0.62
1984-08-02,0.02,19.59,11.98,27.54,nasa,0.62
1984-08-03,0.03,20.67,14.11,28.93,nasa,0.62
1984-08-04,0.0,20.88,13.92,29.78,nasa,0.62
1984-08-05,0.0,21.33,14.57,29.8,nasa,0.62
1984-08-06,0.0,21.2,15.46,29.29,nasa,0.62
1984-08-07,0.0,22.47,14.87,30.71,nasa,0.61
1984-08-08,0.0,21.72,15.2,30.14,nasa,0.61
1984-08-09,0.0,20.07,13.67,28.89,nasa,0.61
1984-08-10,0.0,19.92,13.02,29.02,nasa,0.61
1984-08-11,0.0,19.86,13.5,28.93,nasa,0.61
1984-08-12,0.0,21.15,11.9,29.05,nasa,0.61
1984-08-13,0.0,22.53,16.95,31.14,nasa,0.61
1984-08-14,0.0,21.73,13.52,31.45,nasa,0.6
1984-08-15,0.0,21.87,14.7,30.46,nasa,0.6
1984-08-16,0.03,21.53,16.25,29.3,nasa,0.6
1984-08-17,0.01,19.95,12.63,28.23,nasa,0.6
1984-08-18,0.95,18.16,13.08,23.72,nasa,0.6
1984-08-19,1.3,17.56,12.87,22.31,nasa,0.6
1984-08-20,9.32,16.84,12.21,22.45,nasa,0.61
1984-08-21,2.32,19.23,13.47,26.86,nasa,0.62
1984-08-22,6.4,19.36,14.21,24.78,nasa,0.63
1984-08-23,1.84,19.84,15.76,25.8,nasa,0.64
1984-08-24,1.33,20.85,14.9,27.2,nasa,0.64
1984-08-25,8.95,19.93,16.21,23.92,nasa,0.65
1984-08-26,0.24,16.75,11.85,24.43,nasa,0.65
1984-08-27,0.57,15.02,11.48,19.41,nasa,0.65
1984-08-28,0.74,16.11,12.29,21.13,nasa,0.65
1984-08-29,0.71,17.13,12.81,22.94,nasa,0.65
1984-08-30,10.72,17.84,13.0,24.21,nasa,0.65
1984-08-31,9.26,17.36,13.81,22.65,nasa,0.67
1984-09-01,0.31,17.84,13.17,24.32,nasa,0.67
1984-09-02,0.07,17.44,11.57,24.76,nasa,0.66
1984-09-03,0.0,17.63,10.96,25.48,nasa,0.66
1984-09-04,0.01,18.96,10.65,27.06,nasa,0.65
1984-09-05,1.61,20.65,14.19,27.93,nasa,0.65
1984-09-06,12.78,20.43,15.09,27.05,nasa,0.66
1984-09-07,12.04,20.31,15.01,25.66,nasa,0.68
1984-09-08,22.52,17.33,15.41,19.68,nasa,0.7
1984-09-09,3.34,18.08,12.68,25.47,nasa,0.72
1984-09-10,0.0,16.85,9.51,25.11,nasa,0.71
1984-09-11,0.0,16.94,8.53,25.14,nasa,0.69
1984-09-12,0.0,19.19,11.39,27.72,nasa,0.68
1984-09-13,0.0,20.55,15.26,28.95,nasa,0.68
1984-09-14,0.0,21.53,14.78,29.79,nasa,0.67
1984-09-15,0.17,23.02,17.23,30.74,nasa,0.66
1984-09-16,0.02,22.12,16.64,29.32,nasa,0.65
1984-09-17,12.19,22.23,16.55,28.51,nasa,0.67
1984-09-18,3.9,19.53,15.46,24.39,nasa,0.67
1984-09-19,4.86,18.12,13.36,22.89,nasa,0.68
1984-09-20,9.49,21.28,16.31,27.17,nasa,0.68
1984-09-21,9.72,21.25,16.7,26.83,nasa,0.7
1984-09-22,0.12,21.04,13.96,29.35,nasa,0.7
1984-09-23,3.84,20.78,13.29,28.38,nasa,0.69
1984-09-24,1.19,21.49,16.25,27.83,nasa,0.68
1984-09-25,0.51,21.38,16.92,27.23,nasa,0.68
1984-09-26,4.48,22.03,16.25,29.24,nasa,0.68
1984-09-27,1.5,21.94,18.46,27.28,nasa,0.68
1984-09-28,0.0,18.52,11.36,24.61,nasa,0.67
1984-09-29,0.04,17.29,9.48,27.27,nasa,0.67
1984-09-30,0.03,19.65,11.52,28.56,nasa,0.66
1984-10-01,0.79,21.22,13.19,29.08,nasa,0.66
1984-10-02,0.06,22.15,15.88,29.26,nasa,0.65
1984-10-03,0.0,23.42,17.09,30.29,nasa,0.65
1984-10-04,0.0,24.12,16.53,31.65,nasa,0.64
1984-10-05,0.0,23.97,16.88,31.55,nasa,0.64
1984-10-06,0.0,25.61,17.65,33.15,nasa,0.63
1984-10-07,0.0,25.59,19.69,32.34,nasa,0.62
1984-10-08,0.02,24.76,17.9,32.27,nasa,0.62
1984-10-09,0.11,25.22,18.0,33.44,nasa,0.62
1984-10-10,1.06,25.46,16.71,35.02,nasa,0.61
1984-10-11,4.46,24.83,20.51,30.85,nasa,0.62
1984-10-12,0.51,24.3,18.01,31.9,nasa,0.62
1984-10-13,0.32,25.4,18.53,32.7,nasa,0.62
1984-10-14,2.52,25.44,17.78,33.38,nasa,0.61
1984-10-15,13.76,24.07,19.93,30.3,nasa,0.63
1984-10-16,0.92,23.59,17.83,31.2,nasa,0.64
1984-10-17,2.27,23.49,16.52,31.31,nasa,0.63
1984-10-18,7.5,22.85,18.77,28.27,nasa,0.64
1984-10-19,19.77,21.49,18.59,24.68,nasa,0.65
1984-10-20,6.24,21.8,17.13,26.62,nasa,0.69
1984-10-21,0.68,20.1,15.76,26.18,nasa,0.68
1984-10-22,0.22,21.89,15.81,28.88,nasa,0.67
1984-10-23,0.72,23.14,17.36,30.14,nasa,0.66
1984-10-24,12.3,20.96,18.19,24.5,nasa,0.67
1984-10-25,2.72,20.27,16.93,25.16,nasa,0.68
1984-10-26,0.01,20.97,15.18,27.86,nasa,0.67
1984-10-27,0.0,21.51,15.86,28.77,nasa,0.67
1984-10-28,0.0,21.47,13.39,30.19,nasa,0.66
1984-10-29,0.0,21.78,13.27,30.42,nasa,0.65
1984-10-30,0.0,23.51,15.03,31.18,nasa,0.64
1984-10-31,0.1,25.04,17.83,32.39,nasa,0.64
1984-11-01,0.02,24.0,17.61,30.85,nasa,0.63
1984-11-02,0.0,23.96,16.38,31.74,nasa,0.62
1984-11-03,0.0,24.68,17.38,32.73,nasa,0.62
1984-11-04,0.0,25.76,18.47,33.23,nasa,0.62
1984-11-05,0.46,26.66,19.69,34.73,nasa,0.61
1984-11-06,0.11,24.84,18.88,31.38,nasa,0.61
1984-11-07,0.14,24.46,16.9,31.79,nasa,0.61
1984-11-08,0.12,25.65,17.72,33.78,nasa,0.6
1984-11-09,0.07,27.03,18.43,35.41,nasa,0.6
1984-11-10,3.27,24.19,20.13,30.53,nasa,0.6
1984-11-11,6.08,24.52,17.71,32.26,nasa,0.61
1984-11-12,23.72,22.73,19.93,27.35,nasa,0.63
1984-11-13,3.09,23.22,17.7,28.93,nasa,0.66
1984-11-14,2.87,23.4,18.22,29.62,nasa,0.66
1984-11-15,3.21,22.88,17.78,29.28,nasa,0.65
1984-11-16,0.37,23.16,18.7,29.37,nasa,0.65
1984-11-17,0.98,23.21,17.95,28.83,nasa,0.64
1984-11-18,1.45,23.68,19.0,29.12,nasa,0.64
1984-11-19,12.02,23.27,18.52,28.5,nasa,0.65
1984-11-20,18.36,21.51,18.61,24.86,nasa,0.67
1984-11-21,24.28,21.26,19.17,25.38,nasa,0.71
1984-11-22,4.75,20.3,18.2,23.98,nasa,0.72
1984-11-23,5.68,20.75,18.0,24.84,nasa,0.72
1984-11-24,3.94,21.75,17.57,27.05,nasa,0.72
1984-11-25,5.0,22.24,17.43,27.52,nasa,0.71
1984-11-26,13.71,21.26,17.3,25.85,nasa,0.72
1984-11-27,14.06,21.62,16.14,27.98,nasa,0.72
1984-11-28,7.59,21.12,17.13,26.45,nasa,0.73
1984-11-29,6.48,19.72,17.82,22.23,nasa,0.73
1984-11-30,7.26,20.85,17.47,24.95,nasa,0.73
1984-12-01,14.06,21.43,17.86,26.87,nasa,0.74
1984-12-02,11.02,20.87,17.04,25.98,nasa,0.75
1984-12-03,5.53,21.75,17.31,25.88,nasa,0.75
1984-12-04,9.49,20.97,17.27,24.61,nasa,0.75
1984-12-05,13.15,20.87,17.76,25.61,nasa,0.75
1984-12-06,15.53,20.13,17.13,24.05,nasa,0.76
1984-12-07,7.74,20.3,18.19,23.25,nasa,0.78
1984-12-08,22.15,21.5,18.73,24.81,nasa,0.78
1984-12-09,9.31,21.08,18.68,24.28,nasa,0.8
1984-12-10,9.85,21.94,18.44,25.48,nasa,0.8
1984-12-11,3.3,21.4,17.7,25.87,nasa,0.8
1984-12-12,7.51,21.12,16.37,25.97,nasa,0.79
1984-12-13,12.99,21.85,17.19,27.0,nasa,0.78
1984-12-14,10.46,21.41,19.28,24.59,nasa,0.8
1984-12-15,11.18,22.22,18.54,26.84,nasa,0.8
1984-12-16,17.16,22.38,17.98,27.44,nasa,0.8
1984-12-17,7.84,21.94,19.78,25.64,nasa,0.81
1984-12-18,1.63,22.68,18.27,28.01,nasa,0.8
1984-12-19,0.21,23.19,19.06,27.38,nasa,0.79
1984-12-20,1.25,23.11,18.22,27.82,nasa,0.78
1984-12-21,1.88,23.19,18.12,29.11,nasa,0.77
1984-12-22,0.0,22.51,16.98,28.96,nasa,0.76
1984-12-23,0.89,22.43,15.85,28.82,nasa,0.75
1984-12-24,3.8,22.13,17.64,27.24,nasa,0.74
1984-12-25,8.69,21.83,18.96,25.4,nasa,0.74
1984-12-26,4.46,21.27,17.21,25.19,nasa,0.75
1984-12-27,2.81,21.86,17.66,26.49,nasa,0.76
1984-12-28,9.2,20.69,18.08,24.01,nasa,0.76
1984-12-29,3.44,20.66,17.91,25.23,nasa,0.77
1984-12-30,4.23,20.03,17.51,24.18,nasa,0.77
1984-12-31,7.86,21.63,18.05,25.94,nasa,0.77
1985-01-01,10.33,21.0,18.54,24.94,nasa,0.78
1985-01-02,2.63,21.8,17.81,27.0,nasa,0.78
1985-01-03,4.77,20.65,17.61,25.0,nasa,0.78
1985-01-04,5.4,20.16,17.18,24.59,nasa,0.77
1985-01-05,2.11,20.83,17.44,25.64,nasa,0.77
1985-01-06,2.76,20.78,18.51,23.87,nasa,0.77
1985-01-07,5.82,21.65,18.07,26.05,nasa,0.77
1985-01-08,33.12,20.43,18.38,23.07,nasa,0.79
1985-01-09,6.84,21.96,18.32,26.95,nasa,0.82
1985-01-10,1.62,21.48,16.43,27.28,nasa,0.8
1985-01-11,1.25,22.27,17.71,28.06,nasa,0.79
1985-01-12,1.94,23.19,18.67,28.83,nasa,0.78
1985-01-13,12.14,23.11,19.15,27.31,nasa,0.78
1985-01-14,15.44,21.43,18.69,24.97,nasa,0.8
1985-01-15,13.22,18.93,16.83,22.07,nasa,0.81
1985-01-16,28.18,19.16,16.31,22.5,nasa,0.83
1985-01-17,41.22,19.63,16.76,22.52,nasa,0.86
1985-01-18,28.64,20.17,18.12,23.1,nasa,0.89
1985-01-19,20.07,20.94,18.27,23.72,nasa,0.9
1985-01-20,20.27,21.68,19.69,25.0,nasa,0.91
1985-01-21,26.63,21.52,19.14,25.38,nasa,0.91
1985-01-22,20.59,20.65,18.49,23.69,nasa,0.92
1985-01-23,18.45,21.17,18.42,24.85,nasa,0.92
1985-01-24,40.29,20.42,18.82,22.66,nasa,0.93
1985-01-25,38.1,20.92,18.85,24.1,nasa,0.94
1985-01-26,27.41,21.45,19.36,24.22,nasa,0.95
1985-01-27,12.26,20.6,17.69,24.84,nasa,0.95
1985-01-28,24.81,20.94,16.88,25.65,nasa,0.94
1985-01-29,20.05,22.08,16.99,27.05,nasa,0.95
1985-01-30,15.34,21.34,18.67,23.86,nasa,0.95
1985-01-31,4.05,21.62,18.68,24.97,nasa,0.95
1985-02-01,2.51,21.62,19.01,24.7,nasa,0.95
1985-02-02,0.94,22.44,16.96,28.31,nasa,0.94
1985-02-03,0.07,21.47,15.22,27.9,nasa,0.93
1985-02-04,0.47,21.74,15.02,27.54,nasa,0.92
1985-02-05,1.32,22.89,17.08,28.76,nasa,0.91
1985-02-06,1.81,23.58,18.79,29.01,nasa,0.91
1985-02-07,4.56,21.8,19.69,24.88,nasa,0.91
1985-02-08,11.33,21.01,18.74,23.9,nasa,0.91
1985-02-09,1.68,21.22,17.61,26.38,nasa,0.92
1985-02-10,7.38,21.16,17.72,25.08,nasa,0.92
1985-02-11,2.51,22.01,17.89,26.72,nasa,0.92
1985-02-12,2.27,22.63,17.93,27.71,nasa,0.91
1985-02-13,0.21,22.25,17.84,27.36,nasa,0.9
1985-02-14,0.41,21.84,15.43,28.08,nasa,0.9
1985-02-15,1.42,21.68,16.66,26.53,nasa,0.89
1985-02-16,0.65,22.02,16.52,27.44,nasa,0.89
1985-02-17,0.5,21.99,17.17,27.47,nasa,0.88
1985-02-18,0.76,20.75,15.75,25.92,nasa,0.87
1985-02-19,0.21,20.37,15.64,26.61,nasa,0.87
1985-02-20,0.14,19.83,14.83,25.86,nasa,0.86
1985-02-21,1.24,21.73,14.69,28.01,nasa,0.86
1985-02-22,11.18,22.42,19.31,26.44,nasa,0.86
1985-02-23,11.62,21.14,18.22,25.04,nasa,0.88
1985-02-24,11.67,21.12,16.68,26.51,nasa,0.89
1985-02-25,4.52,21.85,17.45,27.14,nasa,0.88
1985-02-26,27.29,21.47,19.31,24.8,nasa,0.9
1985-02-27,16.19,20.98,18.54,24.41,nasa,0.91
1985-02-28,17.15,21.25,17.69,25.48,nasa,0.92
1985-03-01,7.49,21.26,17.69,26.04,nasa,0.92
1985-03-02,2.08,19.63,16.15,23.63,nasa,0.91
1985-03-03,5.21,19.94,14.81,25.29,nasa,0.91
1985-03-04,8.18,20.54,16.58,25.29,nasa,0.91
1985-03-05,7.49,20.55,17.56,24.94,nasa,0.91
1985-03-06,16.36,21.46,16.69,25.84,nasa,0.91
1985-03-07,4.58,21.96,18.42,27.06,nasa,0.92
1985-03-08,9.28,22.19,18.32,27.58,nasa,0.92
1985-03-09,15.7,22.57,18.12,26.86,nasa,0.92
1985-03-10,7.36,22.38,19.01,26.44,nasa,0.93
1985-03-11,12.87,22.21,19.65,25.61,nasa,0.93
1985-03-12,6.42,20.4,15.89,26.05,nasa,0.94
1985-03-13,3.45,19.84,13.86,26.41,nasa,0.93
1985-03-14,4.78,21.54,15.88,27.55,nasa,0.93
1985-03-15,19.68,20.79,18.39,23.04,nasa,0.94
1985-03-16,9.8,20.35,16.64,24.96,nasa,0.95
1985-03-17,24.57,21.0,18.43,24.94,nasa,0.96
1985-03-18,5.67,20.5,18.17,23.38,nasa,0.96
1985-03-19,1.34,21.91,17.2,26.82,nasa,0.95
1985-03-20,1.48,21.36,17.92,25.58,nasa,0.95
1985-03-21,1.46,21.1,18.99,24.3,nasa,0.94
1985-03-22,0.36,21.53,18.04,26.5,nasa,0.94
1985-03-23,0.1,21.77,17.35,26.96,nasa,0.93
1985-03-24,0.08,22.28,18.18,27.6,nasa,0.92
1985-03-25,1.46,22.71,18.03,28.25,nasa,0.92
1985-03-26,1.38,22.5,18.85,27.12,nasa,0.91
1985-03-27,15.58,22.42,19.7,26.22,nasa,0.92
1985-03-28,6.05,22.21,20.17,25.79,nasa,0.93
1985-03-29,7.38,22.51,18.87,26.49,nasa,0.93
1985-03-30,3.45,22.02,18.61,26.61,nasa,0.93
1985-03-31,2.23,21.47,17.84,25.44,nasa,0.93
1985-04-01,0.33,22.1,18.89,26.95,nasa,0.92
1985-04-02,0.25,22.1,18.74,26.98,nasa,0.91
1985-04-03,0.15,21.19,17.4,26.12,nasa,0.91
1985-04-04,0.85,20.47,16.05,25.03,nasa,0.9
1985-04-05,2.22,20.44,17.19,24.11,nasa,0.9
1985-04-06,0.44,20.49,15.71,25.82,nasa,0.9
1985-04-07,0.27,20.51,16.07,26.32,nasa,0.89
1985-04-08,0.99,20.38,16.04,25.81,nasa,0.89
1985-04-09,4.76,20.72,16.33,25.49,nasa,0.89
1985-04-10,1.01,20.94,17.33,25.67,nasa,0.89
1985-04-11,2.5,21.55,17.05,26.24,nasa,0.88
1985-04-12,2.65,21.28,17.85,25.53,nasa,0.88
1985-04-13,1.05,20.62,18.07,25.02,nasa,0.88
1985-04-14,0.83,19.96,16.39,25.1,nasa,0.88
1985-04-15,0.49,20.36,15.49,25.8,nasa,0.87
1985-04-16,1.05,20.72,16.66,24.51,nasa,0.87
1985-04-17,8.72,21.14,18.09,24.77,nasa,0.87
1985-04-18,1.27,20.83,17.44,25.18,nasa,0.88
1985-04-19,2.25,19.58,16.09,23.99,nasa,0.87
1985-04-20,0.27,19.19,15.95,23.7,nasa,0.87
1985-04-21,0.02,17.76,13.91,23.16,nasa,0.87
1985-04-22,0.05,17.61,12.51,23.41,nasa,0.86
1985-04-23,0.01,18.17,13.09,24.11,nasa,0.86
1985-04-24,0.11,17.7,12.67,23.54,nasa,0.85
1985-04-25,0.02,18.19,13.74,23.48,nasa,0.85
1985-04-26,0.02,19.23,14.72,24.73,nasa,0.85
1985-04-27,0.11,20.61,15.56,25.8,nasa,0.84
1985-04-28,0.25,21.42,16.59,26.09,nasa,0.84
1985-04-29,0.03,21.51,17.77,26.08,nasa,0.84
1985-04-30,0.69,21.45,17.51,26.51,nasa,0.83
1985-05-01,2.53,21.33,18.59,25.31,nasa,0.83
1985-05-02,2.91,20.81,16.36,25.78,nasa,0.84
1985-05-03,2.51,20.76,17.18,25.74,nasa,0.84
1985-05-04,0.88,19.56,17.13,23.94,nasa,0.84
1985-05-05,0.08,19.36,15.98,24.6,nasa,0.83
1985-05-06,0.03,18.08,14.08,23.44,nasa,0.83
1985-05-07,0.0,19.1,14.72,24.46,nasa,0.83
1985-05-08,0.0,19.09,13.56,25.19,nasa,0.82
1985-05-09,0.0,18.56,13.06,24.85,nasa,0.82
1985-05-10,0.08,19.32,13.46,25.79,nasa,0.81
1985-05-11,1.61,18.71,13.71,25.11,nasa,0.81
1985-05-12,0.26,17.63,11.63,24.99,nasa,0.81
1985-05-13,0.03,18.42,12.0,25.24,nasa,0.81
1985-05-14,0.01,18.58,13.42,25.7,nasa,0.8
1985-05-15,0.0,17.92,11.54,25.27,nasa,0.8
1985-05-16,0.0,17.84,11.5,25.09,nasa,0.79
1985-05-17,0.0,18.85,14.46,24.91,nasa,0.79
1985-05-18,0.0,17.66,13.55,24.14,nasa,0.79
1985-05-19,0.02,17.58,10.79,23.98,nasa,0.79
1985-05-20,0.24,18.1,11.55,24.62,nasa,0.79
1985-05-21,2.54,18.84,13.1,24.73,nasa,0.78
1985-05-22,0.0,20.1,16.76,24.97,nasa,0.79
1985-05-23,0.0,19.38,15.32,24.69,nasa,0.78
1985-05-24,0.03,18.19,14.19,23.22,nasa,0.78
1985-05-25,0.01,18.37,13.84,23.99,nasa,0.78
1985-05-26,0.0,18.25,14.58,23.29,nasa,0.78
1985-05-27,0.0,18.02,13.38,24.02,nasa,0.78
1985-05-28,0.0,17.78,12.21,24.2,nasa,0.77
1985-05-29,0.0,18.17,12.26,24.42,nasa,0.77
1985-05-30,0.0,16.67,11.27,23.37,nasa,0.77
1985-05-31,0.0,16.46,12.61,22.66,nasa,0.77
1985-06-01,0.0,16.74,12.5,23.18,nasa,0.76
1985-06-02,0.0,17.31,12.45,23.24,nasa,0.76
1985-06-03,0.28,17.25,13.69,21.52,nasa,0.76
1985-06-04,0.02,16.41,10.34,22.96,nasa,0.76
1985-06-05,0.0,13.5,9.25,20.63,nasa,0.76
1985-06-06,0.0,12.77,7.93,21.08,nasa,0.76
1985-06-07,0.0,11.61,5.39,20.68,nasa,0.75
1985-06-08,0.0,9.33,2.89,17.49,nasa,0.75
1985-06-09,0.0,7.83,2.64,15.72,nasa,0.75
1985-06-10,0.0,9.12,4.54,16.94,nasa,0.75
1985-06-11,0.0,9.86,3.52,18.49,nasa,0.75
1985-06-12,0.0,13.24,5.15,21.9,nasa,0.75
1985-06-13,0.0,14.27,6.45,22.06,nasa,0.74
1985-06-14,0.0,14.82,6.99,22.41,nasa,0.74
1985-06-15,0.0,14.99,9.32,23.66,nasa,0.74
1985-06-16,0.0,16.01,8.52,23.33,nasa,0.74
1985-06-17,0.0,16.35,11.07,24.22,nasa,0.73
1985-06-18,0.0,15.41,8.61,23.86,nasa,0.73
1985-06-19,0.0,15.09,10.76,22.02,nasa,0.73
1985-06-20,0.0,13.66,8.85,21.12,nasa,0.73
1985-06-21,0.0,14.42,7.89,22.02,nasa,0.73
1985-06-22,0.0,15.64,7.25,23.21,nasa,0.72
1985-06-23,0.0,16.9,12.04,24.34,nasa,0.72
1985-06-24,0.0,15.28,11.1,21.07,nasa,0.72
1985-06-25,0.0,15.79,10.85,22.92,nasa,0.72
1985-06-26,0.0,15.28,9.37,22.44,nasa,0.72
1985-06-27,0.0,15.65,9.23,22.85,nasa,0.72
1985-06-28,0.17,16.02,9.29,23.04,nasa,0.71
1985-06-29,0.28,16.14,10.71,23.71,nasa,0.71
1985-06-30,0.0,15.6,9.5,23.35,nasa,0.71
1985-07-01,0.0,16.55,9.95,24.39,nasa,0.71
1985-07-02,0.0,17.86,11.47,24.8,nasa,0.71
1985-07-03,0.0,17.89,11.58,25.3,nasa,0.7
1985-07-04,0.0,17.62,12.16,24.68,nasa,0.7
1985-07-05,0.0,17.35,12.22,24.58,nasa,0.7
1985-07-06,0.0,17.64,11.19,23.58,nasa,0.7
1985-07-07,0.01,16.75,12.07,23.14,nasa,0.7
1985-07-08,0.0,17.73,11.36,24.51,nasa,0.7
1985-07-09,0.09,18.76,12.3,24.94,nasa,0.69
1985-07-10,0.0,18.44,13.15,25.16,nasa,0.69
1985-07-11,0.0,16.59,11.44,23.87,nasa,0.69
1985-07-12,0.0,14.1,9.38,21.26,nasa,0.69
1985-07-13,0.0,12.16,7.03,19.34,nasa,0.69
1985-07-14,0.0,12.93,8.15,20.18,nasa,0.69
1985-07-15,0.0,13.06,7.85,20.92,nasa,0.68
1985-07-16,0.0,13.68,8.49,20.98,nasa,0.68
1985-07-17,0.0,13.38,8.41,20.66,nasa,0.68
1985-07-18,0.0,13.07,7.87,20.37,nasa,0.68
1985-07-19,0.0,12.78,7.67,19.99,nasa,0.68
1985-07-20,0.0,12.6,7.58,19.99,nasa,0.68
1985-07-21,0.0,13.59,8.93,20.9,nasa,0.68
1985-07-22,0.0,14.38,7.26,22.02,nasa,0.68
1985-07-23,0.0,14.9,8.22,22.68,nasa,0.67
1985-07-24,0.0,13.74,8.89,21.27,nasa,0.67
1985-07-25,0.0,12.24,7.65,19.88,nasa,0.67
1985-07-26,0.0,12.02,7.1,19.81,nasa,0.67
1985-07-27,0.0,12.39,6.14,20.61,nasa,0.67
1985-07-28,0.0,14.2,6.97,23.18,nasa,0.67
1985-07-29,0.0,15.25,8.58,23.33,nasa,0.67
1985-07-30,0.0,15.87,9.5,24.17,nasa,0.66
1985-07-31,0.0,16.47,9.82,24.38,nasa,0.66
1985-08-01,0.0,17.35,12.95,24.47,nasa,0.66
1985-08-02,0.0,15.62,10.79,22.56,nasa,0.66
1985-08-03,0.0,16.47,10.68,23.37,nasa,0.66
1985-08-04,0.0,15.31,10.0,22.53,nasa,0.66
1985-08-05,0.0,16.05,10.93,23.74,nasa,0.66
1985-08-06,0.0,15.71,8.13,24.12,nasa,0.65
1985-08-07,0.0,16.85,10.2,25.03,nasa,0.65
1985-08-08,0.0,17.2,10.62,25.23,nasa,0.65
1985-08-09,0.0,17.5,10.87,25.72,nasa,0.65
1985-08-10,0.0,18.03,11.24,25.65,nasa,0.65
1985-08-11,0.0,19.59,13.89,27.25,nasa,0.64
1985-08-12,0.0,17.37,11.09,25.43,nasa,0.64
1985-08-13,0.0,16.16,7.02,25.8,nasa,0.64
1985-08-14,0.0,17.16,9.25,26.55,nasa,0.64
1985-08-15,0.0,17.33,10.89,25.9,nasa,0.64
1985-08-16,0.0,16.94,10.51,25.35,nasa,0.64
1985-08-17,0.0,18.09,10.07,26.39,nasa,0.64
1985-08-18,0.0,18.48,11.69,26.97,nasa,0.63
1985-08-19,0.0,18.52,11.2,27.15,nasa,0.63
1985-08-20,0.0,20.53,13.34,28.9,nasa,0.63
1985-08-21,0.01,21.26,14.58,28.05,nasa,0.63
1985-08-22,0.68,20.76,14.78,29.05,nasa,0.63
1985-08-23,0.06,18.35,11.96,27.4,nasa,0.63
1985-08-24,0.0,18.01,9.19,27.53,nasa,0.62
1985-08-25,0.0,20.62,12.47,29.37,nasa,0.62
1985-08-26,0.0,22.62,15.21,30.73,nasa,0.62
1985-08-27,0.0,23.51,15.85,31.26,nasa,0.62
1985-08-28,0.06,24.59,17.19,31.93,nasa,0.62
1985-08-29,0.25,22.59,17.14,29.21,nasa,0.62
1985-08-30,0.0,22.38,15.63,30.82,nasa,0.61
1985-08-31,0.0,23.03,15.3,31.66,nasa,0.61
1985-09-01,0.21,23.31,15.55,31.95,nasa,0.61
1985-09-02,6.93,22.11,15.98,30.38,nasa,0.61
1985-09-03,1.73,19.11,12.73,26.54,nasa,0.62
1985-09-04,0.03,20.63,13.62,28.41,nasa,0.62
1985-09-05,0.68,22.45,14.85,30.22,nasa,0.62
1985-09-06,10.98,21.4,15.46,29.52,nasa,0.63
1985-09-07,0.16,19.9,14.91,26.99,nasa,0.64
1985-09-08,0.0,19.06,12.52,26.68,nasa,0.63
1985-09-09,0.0,19.04,12.73,26.9,nasa,0.63
1985-09-10,0.0,19.91,13.64,27.55,nasa,0.63
1985-09-11,0.0,19.24,12.73,27.34,nasa,0.62
1985-09-12,0.0,19.22,11.39,27.99,nasa,0.62
1985-09-13,0.0,21.99,13.2,31.07,nasa,0.62
1985-09-14,0.0,22.37,14.9,31.35,nasa,0.61
1985-09-15,0.01,21.89,13.95,30.64,nasa,0.61
1985-09-16,0.01,21.88,14.95,30.75,nasa,0.61
1985-09-17,0.0,22.8,14.25,32.08,nasa,0.61
1985-09-18,0.0,23.23,16.35,31.97,nasa,0.6
1985-09-19,0.02,22.93,15.47,31.88,nasa,0.6
1985-09-20,0.09,24.03,15.44,33.35,nasa,0.6
1985-09-21,0.8,25.69,18.8,34.52,nasa,0.6
1985-09-22,1.17,23.54,16.28,31.94,nasa,0.6
1985-09-23,31.2,22.23,17.09,29.1,nasa,0.62
1985-09-24,4.46,22.55,18.09,28.86,nasa,0.66
1985-09-25,0.22,22.98,17.94,28.79,nasa,0.66
1985-09-26,0.24,22.68,15.3,31.08,nasa,0.65
1985-09-27,3.54,22.93,15.83,29.98,nasa,0.65
1985-09-28,7.34,21.59,17.11,27.11,nasa,0.65
1985-09-29,3.57,20.73,15.63,27.02,nasa,0.66
1985-09-30,0.17,20.57,15.24,27.41,nasa,0.65
1985-10-01,0.02,21.03,12.79,28.85,nasa,0.65
1985-10-02,0.89,21.87,15.78,28.98,nasa,0.64
1985-10-03,1.72,21.96,13.8,30.42,nasa,0.64
1985-10-04,0.01,22.47,16.35,29.49,nasa,0.64
1985-10-05,1.13,22.92,16.68,30.02,nasa,0.63
1985-10-06,0.63,23.07,16.56,29.37,nasa,0.63
1985-10-07,8.33,25.24,18.22,33.36,nasa,0.63
1985-10-08,2.95,24.26,17.69,31.91,nasa,0.64
1985-10-09,15.44,20.87,15.31,25.94,nasa,0.65
1985-10-10,1.4,21.34,17.06,25.47,nasa,0.67
1985-10-11,0.04,20.58,18.17,23.88,nasa,0.66
1985-10-12,0.17,20.57,17.12,25.77,nasa,0.66
1985-10-13,0.0,22.19,14.19,29.9,nasa,0.65
1985-10-14,0.88,22.55,15.4,29.14,nasa,0.65
1985-10-15,0.04,24.28,17.14,32.03,nasa,0.64
1985-10-16,0.14,24.56,16.2,33.2,nasa,0.64
1985-10-17,1.11,25.6,18.08,33.44,nasa,0.63
1985-10-18,0.65,24.33,18.79,30.84,nasa,0.63
1985-10-19,0.01,22.82,16.5,31.17,nasa,0.62
1985-10-20,1.91,23.36,15.21,31.6,nasa,0.62
1985-10-21,2.46,21.53,18.78,26.68,nasa,0.62
1985-10-22,0.08,22.68,17.72,28.38,nasa,0.62
1985-10-23,0.61,23.63,17.38,31.03,nasa,0.62
1985-10-24,2.05,24.41,17.4,32.21,nasa,0.62
1985-10-25,14.12,22.71,18.8,28.52,nasa,0.63
1985-10-26,11.77,22.0,17.71,26.99,nasa,0.65
1985-10-27,5.37,21.78,16.43,27.83,nasa,0.66
1985-10-28,4.85,21.65,17.28,26.69,nasa,0.66
1985-10-29,11.08,20.55,17.62,24.68,nasa,0.67
1985-10-30,23.14,20.99,16.19,26.57,nasa,0.69
1985-10-31,7.14,21.69,16.15,27.81,nasa,0.71
1985-11-01,6.4,22.53,16.83,28.49,nasa,0.71
1985-11-02,9.03,22.34,18.33,27.24,nasa,0.71
1985-11-03,7.41,21.91,18.32,25.42,nasa,0.71
1985-11-04,7.32,21.65,18.56,25.75,nasa,0.72
1985-11-05,5.42,20.81,17.28,24.24,nasa,0.72
1985-11-06,2.21,21.34,16.9,27.3,nasa,0.71
1985-11-07,1.77,20.82,15.94,27.06,nasa,0.7
1985-11-08,0.59,21.12,15.87,27.69,nasa,0.7
1985-11-09,0.51,19.3,14.1,25.5,nasa,0.69
1985-11-10,0.05,19.7,12.78,27.23,nasa,0.68
1985-11-11,1.06,22.02,16.54,28.46,nasa,0.67
1985-11-12,0.2,22.31,17.2,29.6,nasa,0.66
1985-11-13,0.21,22.33,16.85,29.9,nasa,0.66
1985-11-14,0.0,20.51,13.45,28.87,nasa,0.65
1985-11-15,0.0,21.96,13.5,30.95,nasa,0.64
1985-11-16,0.07,23.26,14.11,32.93,nasa,0.64
1985-11-17,0.48,25.54,14.82,34.53,nasa,0.63
1985-11-18,1.36,26.13,18.96,34.05,nasa,0.63
1985-11-19,0.92,25.37,17.69,33.78,nasa,0.62
1985-11-20,1.13,24.9,17.58,32.87,nasa,0.62
1985-11-21,3.91,22.98,19.58,28.1,nasa,0.62
1985-11-22,7.61,21.63,18.27,25.67,nasa,0.63
1985-11-23,9.2,23.16,17.95,29.19,nasa,0.64
1985-11-24,21.71,21.62,18.26,25.42,nasa,0.68
1985-11-25,8.18,22.0,17.57,26.66,nasa,0.69
1985-11-26,11.13,21.77,18.51,25.34,nasa,0.7
1985-11-27,11.43,21.33,18.17,24.63,nasa,0.72
1985-11-28,33.39,19.61,16.7,23.87,nasa,0.75
1985-11-29,15.26,19.59,15.61,24.72,nasa,0.77
1985-11-30,3.92,21.74,17.07,27.42,nasa,0.77
1985-12-01,0.14,22.46,16.28,28.11,nasa,0.75
1985-12-02,8.39,21.98,16.99,27.45,nasa,0.74
1985-12-03,25.62,18.26,15.86,20.75,nasa,0.75
1985-12-04,8.39,18.88,15.57,23.5,nasa,0.77
1985-12-05,1.8,19.0,13.4,24.93,nasa,0.76
1985-12-06,3.18,19.84,12.83,25.96,nasa,0.75
1985-12-07,0.46,21.02,15.33,27.12,nasa,0.74
1985-12-08,0.92,21.95,15.57,28.48,nasa,0.72
1985-12-09,0.07,22.03,16.11,28.78,nasa,0.71
1985-12-10,0.14,22.5,16.2,29.18,nasa,0.7
1985-12-11,1.07,22.91,16.41,29.58,nasa,0.69
1985-12-12,0.31,22.78,16.84,28.74,nasa,0.68
1985-12-13,1.09,23.12,17.84,29.39,nasa,0.68
1985-12-14,3.07,23.68,18.31,29.43,nasa,0.67
1985-12-15,12.04,23.41,19.39,28.4,nasa,0.68
1985-12-16,7.36,22.88,19.37,27.17,nasa,0.69
1985-12-17,5.3,22.98,18.82,28.56,nasa,0.7
1985-12-18,5.03,21.26,18.21,25.92,nasa,0.71
1985-12-19,3.56,21.65,18.0,26.37,nasa,0.7
1985-12-20,3.65,22.31,16.45,27.77,nasa,0.7
1985-12-21,18.54,21.93,18.11,26.66,nasa,0.71
1985-12-22,5.77,20.78,17.95,24.44,nasa,0.73
1985-12-23,17.2,21.43,16.43,26.24,nasa,0.74
1985-12-24,11.79,20.53,18.29,23.56,nasa,0.76
1985-12-25,24.12,20.95,18.0,25.13,nasa,0.78
1985-12-26,26.84,21.41,17.93,24.97,nasa,0.8
1985-12-27,11.47,21.18,18.84,24.72,nasa,0.82
1985-12-28,2.53,21.19,18.12,26.2,nasa,0.81
1985-12-29,10.75,20.76,17.29,25.83,nasa,0.79
1985-12-30,6.28,20.86,17.36,25.72,nasa,0.79
1985-12-31,15.27,21.67,17.14,26.65,nasa,0.79
1986-01-01,26.94,20.54,18.19,23.0,nasa,0.82
1986-01-02,5.82,22.16,18.59,26.44,nasa,0.82
1986-01-03,10.29,22.58,18.56,27.59,nasa,0.82
1986-01-04,10.02,22.66,18.07,27.55,nasa,0.81
1986-01-05,21.21,21.96,19.9,25.15,nasa,0.82
1986-01-06,31.16,20.48,17.42,23.3,nasa,0.86
1986-01-07,17.68,19.46,17.36,22.0,nasa,0.86
1986-01-08,17.23,20.4,18.17,22.84,nasa,0.88
1986-01-09,8.44,20.61,18.61,23.17,nasa,0.87
1986-01-10,13.41,21.88,18.06,26.16,nasa,0.87
1986-01-11,10.41,22.51,18.56,26.76,nasa,0.86
1986-01-12,17.35,22.08,18.65,26.42,nasa,0.86
1986-01-13,24.38,21.88,18.29,25.9,nasa,0.88
1986-01-14,32.25,20.97,18.38,24.43,nasa,0.9
1986-01-15,11.35,21.1,16.66,26.36,nasa,0.91
1986-01-16,4.79,21.47,17.54,26.37,nasa,0.89
1986-01-17,2.66,21.48,17.57,26.3,nasa,0.88
1986-01-18,0.79,22.09,17.09,27.54,nasa,0.86
1986-01-19,1.06,22.98,17.44,28.79,nasa,0.85
1986-01-20,10.1,22.83,17.98,27.75,nasa,0.85
1986-01-21,3.89,22.75,17.76,27.88,nasa,0.86
1986-01-22,0.75,22.73,18.25,27.92,nasa,0.85
1986-01-23,0.7,21.7,16.43,27.47,nasa,0.84
1986-01-24,2.11,21.28,14.72,27.55,nasa,0.83
1986-01-25,1.96,21.78,15.81,27.41,nasa,0.83
1986-01-26,9.22,22.04,16.65,26.91,nasa,0.83
1986-01-27,3.63,21.99,17.54,25.81,nasa,0.84
1986-01-28,18.6,20.32,17.37,23.29,nasa,0.85
1986-01-29,2.64,20.54,16.05,26.27,nasa,0.85
1986-01-30,3.02,20.08,15.69,25.81,nasa,0.85
1986-01-31,0.41,20.23,14.57,26.2,nasa,0.84
1986-02-01,1.1,21.08,14.74,27.33,nasa,0.83
1986-02-02,2.47,21.66,15.61,27.51,nasa,0.83
1986-02-03,8.22,21.13,16.61,25.47,nasa,0.83
1986-02-04,18.78,20.1,17.42,23.89,nasa,0.84
1986-02-05,9.85,19.71,16.2,24.22,nasa,0.86
1986-02-06,11.15,20.08,17.45,23.26,nasa,0.86
1986-02-07,16.63,21.16,17.2,25.59,nasa,0.87
1986-02-08,3.55,21.88,17.56,26.75,nasa,0.88
1986-02-09,2.24,22.31,18.22,27.45,nasa,0.86
1986-02-10,3.02,23.16,18.03,27.58,nasa,0.85
1986-02-11,3.61,23.06,18.2,28.05,nasa,0.85
1986-02-12,8.77,21.22,18.54,24.62,nasa,0.85
1986-02-13,13.81,20.71,18.14,23.86,nasa,0.87
1986-02-14,15.84,20.42,17.08,24.68,nasa,0.88
1986-02-15,33.42,20.41,18.63,23.0,nasa,0.91
1986-02-16,17.42,21.03,17.43,24.46,nasa,0.92
1986-02-17,20.36,21.49,19.1,24.65,nasa,0.92
1986-02-18,25.21,21.65,18.13,25.97,nasa,0.93
1986-02-19,10.16,20.67,17.44,24.66,nasa,0.93
1986-02-20,2.88,21.81,17.56,26.38,nasa,0.92
1986-02-21,0.44,21.79,17.95,27.32,nasa,0.91
1986-02-22,0.0,20.72,16.52,25.73,nasa,0.9
1986-02-23,0.27,20.7,14.59,26.62,nasa,0.9
1986-02-24,0.21,21.33,15.45,26.9,nasa,0.89
1986-02-25,0.87,21.93,17.32,27.51,nasa,0.89
1986-02-26,0.24,21.51,15.46,27.14,nasa,0.88
1986-02-27,3.02,21.68,16.96,26.91,nasa,0.88
1986-02-28,5.11,21.29,17.89,25.77,nasa,0.88
1986-03-01,11.32,21.02,16.47,25.78,nasa,0.88
1986-03-02,11.6,20.56,17.49,24.6,nasa,0.9
1986-03-03,5.82,21.07,16.13,26.53,nasa,0.89
1986-03-04,9.51,21.06,17.71,25.46,nasa,0.89
1986-03-05,6.99,21.0,18.23,24.95,nasa,0.9
1986-03-06,6.39,21.59,17.59,25.97,nasa,0.9
1986-03-07,16.9,21.35,18.28,25.28,nasa,0.9
1986-03-08,12.32,20.69,18.46,23.79,nasa,0.92
1986-03-09,4.36,21.38,18.37,25.76,nasa,0.91
1986-03-10,0.49,20.54,17.0,25.78,nasa,0.91
1986-03-11,0.65,20.92,16.94,26.48,nasa,0.9
1986-03-12,0.3,20.98,16.54,26.25,nasa,0.89
1986-03-13,1.98,21.33,17.28,26.61,nasa,0.89
1986-03-14,0.39,21.9,17.37,27.47,nasa,0.88
1986-03-15,0.26,22.51,17.95,28.38,nasa,0.88
1986-03-16,0.67,22.81,18.42,28.08,nasa,0.87
1986-03-17,2.39,22.95,19.24,27.8,nasa,0.87
1986-03-18,14.26,22.18,17.75,27.36,nasa,0.87
1986-03-19,3.98,21.79,16.95,27.13,nasa,0.88
1986-03-20,2.0,21.7,18.03,26.65,nasa,0.87
1986-03-21,1.52,21.02,16.98,26.1,nasa,0.87
1986-03-22,1.44,20.56,16.38,25.49,nasa,0.87
1986-03-23,5.91,20.71,17.3,25.26,nasa,0.87
1986-03-24,7.93,20.33,17.06,24.44,nasa,0.87
1986-03-25,8.48,20.61,17.26,24.86,nasa,0.88
1986-03-26,3.16,21.03,17.28,25.26,nasa,0.88
1986-03-27,4.18,20.89,17.3,24.98,nasa,0.88
1986-03-28,6.35,20.96,17.49,25.83,nasa,0.88
1986-03-29,4.65,20.85,17.07,26.1,nasa,0.88
1986-03-30,9.67,21.02,16.79,25.24,nasa,0.88
1986-03-31,0.46,21.88,17.03,27.11,nasa,0.88
1986-04-01,0.04,21.46,16.17,27.21,nasa,0.87
1986-04-02,0.12,21.3,15.92,26.8,nasa,0.86
1986-04-03,0.0,21.4,16.44,27.15,nasa,0.85
1986-04-04,0.0,21.09,15.82,26.96,nasa,0.85
1986-04-05,0.0,21.38,16.19,27.14,nasa,0.85
1986-04-06,0.0,21.88,17.05,27.78,nasa,0.84
1986-04-07,0.0,21.49,16.57,27.04,nasa,0.84
1986-04-08,0.01,21.25,17.42,26.51,nasa,0.83
1986-04-09,0.24,21.05,16.46,26.39,nasa,0.83
1986-04-10,1.3,21.72,16.74,26.55,nasa,0.83
1986-04-11,5.37,23.21,19.12,27.56,nasa,0.83
1986-04-12,4.55,22.57,18.45,27.34,nasa,0.83
1986-04-13,1.51,22.1,17.59,27.51,nasa,0.83
1986-04-14,2.19,22.64,18.77,27.49,nasa,0.82
1986-04-15,1.79,20.89,17.47,25.8,nasa,0.82
1986-04-16,5.0,20.07,16.68,25.28,nasa,0.82
1986-04-17,0.18,18.25,14.35,22.97,nasa,0.82
1986-04-18,0.03,17.94,13.52,23.51,nasa,0.82
1986-04-19,0.01,17.4,11.61,23.82,nasa,0.81
1986-04-20,0.18,17.92,11.94,24.53,nasa,0.81
1986-04-21,0.57,20.01,13.87,26.0,nasa,0.8
1986-04-22,1.85,21.3,16.09,27.24,nasa,0.8
1986-04-23,0.34,20.46,15.69,25.99,nasa,0.8
1986-04-24,1.2,20.29,15.96,25.05,nasa,0.8
1986-04-25,3.23,19.87,17.17,23.7,nasa,0.8
1986-04-26,10.38,20.01,16.73,24.18,nasa,0.81
1986-04-27,1.12,20.53,17.69,25.26,nasa,0.81
1986-04-28,0.11,19.66,16.19,24.66,nasa,0.81
1986-04-29,0.06,17.04,13.36,22.31,nasa,0.8
1986-04-30,0.0,16.23,11.16,22.58,nasa,0.8
1986-05-01,0.0,16.39,10.12,23.73,nasa,0.79
1986-05-02,0.0,16.77,9.96,24.22,nasa,0.79
1986-05-03,0.0,17.2,10.76,24.68,nasa,0.78
1986-05-04,0.21,17.08,10.32,24.51,nasa,0.78
1986-05-05,0.19,17.7,10.35,25.13,nasa,0.77
1986-05-06,0.69,19.34,12.88,25.43,nasa,0.77
1986-05-07,9.86,20.09,15.32,25.69,nasa,0.77
1986-05-08,4.4,19.81,16.5,24.74,nasa,0.79
1986-05-09,5.64,20.12,16.1,25.05,nasa,0.79
1986-05-10,3.15,20.71,16.74,26.44,nasa,0.79
1986-05-11,5.01,20.57,15.84,26.22,nasa,0.79
1986-05-12,12.89,20.17,16.58,24.67,nasa,0.81
1986-05-13,6.28,20.93,17.3,26.17,nasa,0.81
1986-05-14,0.0,20.48,16.45,25.93,nasa,0.81
1986-05-15,0.51,20.68,17.05,25.79,nasa,0.8
1986-05-16,0.1,20.13,16.81,25.12,nasa,0.8
1986-05-17,0.15,18.99,15.25,23.85,nasa,0.79
1986-05-18,0.06,19.97,14.85,25.15,nasa,0.79
1986-05-19,0.0,19.65,15.04,24.68,nasa,0.78
1986-05-20,0.35,20.14,14.31,25.82,nasa,0.78
1986-05-21,1.04,19.61,15.02,23.67,nasa,0.78
1986-05-22,0.01,19.77,13.88,26.37,nasa,0.78
1986-05-23,0.0,18.82,15.23,24.31,nasa,0.77
1986-05-24,0.01,18.38,14.39,23.96,nasa,0.77
1986-05-25,0.11,19.17,14.95,24.51,nasa,0.77
1986-05-26,0.03,18.42,14.21,23.62,nasa,0.76
1986-05-27,0.19,17.35,12.37,23.7,nasa,0.76
1986-05-28,0.02,17.04,11.22,23.73,nasa,0.76
1986-05-29,0.0,17.49,11.4,24.33,nasa,0.76
1986-05-30,1.23,18.47,12.98,24.53,nasa,0.75
1986-05-31,4.51,16.39,10.75,21.43,nasa,0.76
1986-06-01,0.0,13.74,9.0,21.98,nasa,0.76
1986-06-02,0.0,14.29,7.23,22.58,nasa,0.75
1986-06-03,0.0,14.65,8.51,22.07,nasa,0.75
1986-06-04,0.0,14.5,9.35,21.83,nasa,0.75
1986-06-05,0.08,12.91,6.67,20.89,nasa,0.74
1986-06-06,0.0,13.14,5.97,20.91,nasa,0.74
1986-06-07,0.0,13.84,7.48,21.34,nasa,0.74
1986-06-08,0.14,14.24,8.86,21.85,nasa,0.74
1986-06-09,0.21,15.45,10.28,21.82,nasa,0.74
1986-06-10,0.05,15.77,10.88,22.37,nasa,0.73
1986-06-11,0.14,16.46,10.47,23.14,nasa,0.73
1986-06-12,0.09,16.73,14.12,20.77,nasa,0.73
1986-06-13,0.01,16.65,12.08,22.03,nasa,0.73
1986-06-14,0.16,17.67,12.96,23.59,nasa,0.73
1986-06-15,0.62,17.14,12.91,22.9,nasa,0.73
1986-06-16,0.01,16.63,11.7,23.42,nasa,0.73
1986-06-17,0.09,15.63,10.22,22.12,nasa,0.72
1986-06-18,0.09,16.14,12.08,22.39,nasa,0.72
1986-06-19,0.14,16.25,11.92,22.54,nasa,0.72
1986-06-20,0.13,16.0,11.31,22.56,nasa,0.72
1986-06-21,0.1,15.45,10.79,22.2,nasa,0.72
1986-06-22,0.0,14.86,10.0,21.8,nasa,0.71
1986-06-23,0.21,15.3,11.28,21.36,nasa,0.71
1986-06-24,0.01,15.65,10.94,22.02,nasa,0.71
1986-06-25,0.18,16.41,9.03,23.01,nasa,0.71
1986-06-26,0.1,17.28,11.36,23.93,nasa,0.71
1986-06-27,0.0,17.55,10.54,24.0,nasa,0.7
1986-06-28,0.1,17.09,10.43,24.44,nasa,0.7
1986-06-29,0.1,17.41,10.49,25.03,nasa,0.7
1986-06-30,0.1,17.69,10.57,25.75,nasa,0.7
1986-07-01,0.24,19.5,14.9,25.8,nasa,0.7
1986-07-02,1.63,18.33,13.09,25.02,nasa,0.69
1986-07-03,4.33,17.08,13.71,22.98,nasa,0.7
1986-07-04,0.79,16.51,12.04,22.65,nasa,0.7
1986-07-05,0.41,17.3,10.89,23.43,nasa,0.7
1986-07-06,6.5,17.24,11.47,22.58,nasa,0.7
1986-07-07,1.33,15.25,12.37,19.78,nasa,0.71
1986-07-08,0.03,13.88,10.12,19.71,nasa,0.71
1986-07-09,0.09,12.36,8.05,19.3,nasa,0.71
1986-07-10,0.13,11.86,6.5,19.5,nasa,0.7
1986-07-11,0.14,11.8,6.81,18.48,nasa,0.7
1986-07-12,0.01,13.32,6.84,21.42,nasa,0.7
1986-07-13,0.1,13.71,7.56,21.24,nasa,0.7
1986-07-14,0.18,14.21,8.89,21.49,nasa,0.7
1986-07-15,0.01,15.7,8.8,23.23,nasa,0.69
1986-07-16,0.1,17.38,10.92,25.12,nasa,0.69
1986-07-17,0.1,17.21,9.49,24.91,nasa,0.69
1986-07-18,0.1,17.93,10.68,25.35,nasa,0.68
1986-07-19,0.1,18.39,10.61,25.87,nasa,0.68
1986-07-20,0.35,19.05,14.22,25.74,nasa,0.68
1986-07-21,0.01,18.84,12.11,26.81,nasa,0.68
1986-07-22,4.71,18.27,14.34,23.85,nasa,0.67
1986-07-23,20.94,15.78,13.63,18.5,nasa,0.7
1986-07-24,2.1,17.09,13.13,23.01,nasa,0.72
1986-07-25,0.24,16.09,9.89,24.15,nasa,0.72
1986-07-26,0.0,16.19,10.94,24.32,nasa,0.71
1986-07-27,0.09,15.35,8.14,23.83,nasa,0.71
1986-07-28,0.09,16.98,9.54,24.63,nasa,0.7
1986-07-29,0.33,16.04,9.5,24.28,nasa,0.7
1986-07-30,0.24,17.62,12.25,24.85,nasa,0.7
1986-07-31,0.72,17.34,14.07,21.49,nasa,0.69
1986-08-01,0.36,18.71,13.69,24.86,nasa,0.69
1986-08-02,0.09,18.26,11.29,26.11,nasa,0.69
1986-08-03,0.1,18.61,12.78,25.73,nasa,0.69
1986-08-04,0.09,18.43,12.74,25.37,nasa,0.68
1986-08-05,0.0,18.19,12.81,25.42,nasa,0.68
1986-08-06,0.09,16.82,10.54,24.91,nasa,0.68
1986-08-07,0.09,16.68,10.52,24.58,nasa,0.67
1986-08-08,0.09,17.18,10.45,24.85,nasa,0.67
1986-08-09,0.09,16.88,10.45,24.19,nasa,0.67
1986-08-10,1.61,16.6,10.2,23.9,nasa,0.67
1986-08-11,0.41,18.13,13.33,24.92,nasa,0.67
1986-08-12,0.51,19.49,13.07,27.02,nasa,0.66
1986-08-13,0.72,19.38,13.11,26.65,nasa,0.66
1986-08-14,1.16,20.01,14.32,26.8,nasa,0.66
1986-08-15,3.79,19.7,14.11,26.89,nasa,0.66
1986-08-16,1.9,19.49,14.07,26.51,nasa,0.66
1986-08-17,0.57,21.29,16.06,28.25,nasa,0.66
1986-08-18,0.0,20.86,14.63,28.36,nasa,0.66
1986-08-19,1.22,21.2,15.28,28.63,nasa,0.66
1986-08-20,0.14,20.44,15.86,27.15,nasa,0.66
1986-08-21,24.57,17.75,14.88,19.91,nasa,0.68
1986-08-22,18.46,17.66,14.18,22.72,nasa,0.72
1986-08-23,5.44,18.99,15.58,23.38,nasa,0.74
1986-08-24,0.99,19.09,16.46,23.06,nasa,0.73
1986-08-25,10.76,19.16,15.72,23.03,nasa,0.74
1986-08-26,0.79,19.87,16.72,23.75,nasa,0.74
1986-08-27,0.02,20.72,15.38,27.54,nasa,0.73
1986-08-28,0.2,19.69,15.55,25.63,nasa,0.72
1986-08-29,0.0,17.56,12.52,24.17,nasa,0.71
1986-08-30,0.1,16.53,9.8,24.7,nasa,0.71
1986-08-31,0.1,15.84,9.66,23.78,nasa,0.7
1986-09-01,0.22,15.89,10.73,23.1,nasa,0.7
1986-09-02,0.36,14.36,8.84,21.53,nasa,0.69
1986-09-03,0.01,15.37,9.18,22.97,nasa,0.69
1986-09-04,0.1,15.76,8.86,23.7,nasa,0.68
1986-09-05,0.37,17.18,10.16,24.63,nasa,0.68
1986-09-06,7.71,18.55,12.65,25.21,nasa,0.68
1986-09-07,1.11,18.58,13.59,25.07,nasa,0.69
1986-09-08,0.1,17.3,12.03,24.74,nasa,0.69
1986-09-09,0.0,16.36,10.43,24.28,nasa,0.68
1986-09-10,0.1,15.53,9.54,23.81,nasa,0.68
1986-09-11,0.1,15.61,8.41,24.26,nasa,0.67
1986-09-12,0.1,17.25,10.49,25.54,nasa,0.67
1986-09-13,0.1,17.96,9.6,26.53,nasa,0.66
1986-09-14,0.2,20.16,13.78,27.4,nasa,0.66
1986-09-15,0.1,21.65,15.07,28.6,nasa,0.66
1986-09-16,0.06,22.7,15.4,29.33,nasa,0.65
1986-09-17,0.04,22.66,16.38,30.21,nasa,0.65
1986-09-18,0.1,23.08,17.09,30.75,nasa,0.65
1986-09-19,0.11,22.51,15.99,29.85,nasa,0.64
1986-09-20,0.54,21.99,15.66,29.02,nasa,0.64
1986-09-21,0.08,21.99,14.33,29.99,nasa,0.64
1986-09-22,0.31,21.78,15.61,28.96,nasa,0.64
1986-09-23,0.12,21.9,16.0,29.38,nasa,0.63
1986-09-24,0.11,22.56,16.29,30.46,nasa,0.63
1986-09-25,0.14,23.3,16.68,30.71,nasa,0.63
1986-09-26,0.2,24.75,19.74,31.5,nasa,0.63
1986-09-27,0.46,21.41,16.16,27.62,nasa,0.62
1986-09-28,13.34,18.03,13.0,23.25,nasa,0.63
1986-09-29,10.08,17.74,14.24,23.0,nasa,0.66
1986-09-30,0.49,19.95,14.21,26.76,nasa,0.67
1986-10-01,0.1,20.89,14.3,28.33,nasa,0.66
1986-10-02,0.1,20.85,14.27,28.42,nasa,0.65
1986-10-03,0.0,20.6,13.36,28.41,nasa,0.65
1986-10-04,0.1,20.04,14.42,27.1,nasa,0.65
1986-10-05,0.1,22.66,15.92,31.1,nasa,0.64
1986-10-06,0.1,22.32,14.4,30.5,nasa,0.64
1986-10-07,0.1,23.77,16.29,31.56,nasa,0.63
1986-10-08,0.1,25.51,17.57,33.73,nasa,0.63
1986-10-09,0.1,23.81,17.73,31.93,nasa,0.62
1986-10-10,1.47,21.67,15.99,27.81,nasa,0.62
1986-10-11,0.13,23.37,17.39,31.1,nasa,0.62
1986-10-12,0.24,23.49,16.61,30.87,nasa,0.62
1986-10-13,1.83,23.48,18.96,29.77,nasa,0.62
1986-10-14,6.41,21.01,17.1,27.13,nasa,0.62
1986-10-15,1.84,19.77,14.95,26.17,nasa,0.63
1986-10-16,0.14,20.77,13.55,28.78,nasa,0.63
1986-10-17,0.48,22.57,15.71,30.24,nasa,0.63
1986-10-18,0.1,24.79,18.76,32.58,nasa,0.62
1986-10-19,0.22,23.7,18.08,30.52,nasa,0.62
1986-10-20,13.13,23.07,17.36,30.37,nasa,0.63
1986-10-21,13.35,21.48,17.62,26.26,nasa,0.65
1986-10-22,16.16,22.22,16.63,29.01,nasa,0.68
1986-10-23,0.07,22.14,18.06,28.6,nasa,0.68
1986-10-24,1.44,20.46,15.0,26.76,nasa,0.68
1986-10-25,0.31,18.57,12.31,26.74,nasa,0.67
1986-10-26,17.08,18.72,12.38,26.49,nasa,0.67
1986-10-27,3.45,18.41,12.03,25.62,nasa,0.69
1986-10-28,1.57,18.23,14.27,22.36,nasa,0.69
1986-10-29,0.32,20.7,13.51,27.13,nasa,0.68
1986-10-30,0.24,22.28,15.28,28.68,nasa,0.67
1986-10-31,0.11,23.52,18.43,29.51,nasa,0.66
1986-11-01,0.55,23.16,16.89,30.83,nasa,0.66
1986-11-02,0.99,22.77,15.99,29.79,nasa,0.65
1986-11-03,3.39,23.17,16.9,30.1,nasa,0.65
1986-11-04,2.35,23.79,16.52,30.66,nasa,0.65
1986-11-05,2.89,24.08,18.44,29.92,nasa,0.65
1986-11-06,3.84,25.29,18.48,31.03,nasa,0.65
1986-11-07,2.41,22.45,19.01,27.19,nasa,0.65
1986-11-08,0.22,23.01,17.25,30.12,nasa,0.65
1986-11-09,1.36,22.82,16.73,30.18,nasa,0.64
1986-11-10,2.37,22.87,16.99,29.96,nasa,0.64
1986-11-11,30.03,20.06,15.08,24.25,nasa,0.67
1986-11-12,17.73,14.84,12.63,17.9,nasa,0.71
1986-11-13,3.87,14.83,10.8,19.4,nasa,0.72
1986-11-14,0.56,17.12,11.27,23.4,nasa,0.71
1986-11-15,1.75,18.79,13.36,25.68,nasa,0.7
1986-11-16,1.29,20.27,15.66,26.17,nasa,0.7
1986-11-17,0.58,21.54,15.44,27.83,nasa,0.69
1986-11-18,0.29,21.99,16.14,28.28,nasa,0.68
1986-11-19,0.21,22.74,16.13,29.51,nasa,0.67
1986-11-20,0.61,22.51,17.56,28.96,nasa,0.66
1986-11-21,0.66,23.23,16.91,29.88,nasa,0.66
1986-11-22,0.13,23.02,16.42,29.94,nasa,0.65
1986-11-23,0.38,24.02,17.26,30.71,nasa,0.64
1986-11-24,0.2,24.61,17.78,31.92,nasa,0.64
1986-11-25,0.31,24.5,18.11,31.19,nasa,0.63
1986-11-26,0.45,25.56,18.4,32.77,nasa,0.63
1986-11-27,0.99,25.09,18.6,32.28,nasa,0.63
1986-11-28,3.95,22.23,19.18,26.36,nasa,0.63
1986-11-29,13.21,22.23,18.35,26.44,nasa,0.65
1986-11-30,36.29,21.6,18.1,26.5,nasa,0.69
1986-12-01,13.92,20.69,18.23,25.36,nasa,0.73
1986-12-02,15.53,21.71,17.99,26.55,nasa,0.75
1986-12-03,7.16,22.54,18.48,26.73,nasa,0.74
1986-12-04,7.27,23.5,18.33,28.13,nasa,0.75
1986-12-05,0.83,24.07,19.28,28.9,nasa,0.73
1986-12-06,3.09,23.99,19.09,28.1,nasa,0.72
1986-12-07,2.08,23.12,19.52,27.01,nasa,0.72
1986-12-08,5.32,22.52,18.15,28.47,nasa,0.71
1986-12-09,8.73,20.92,16.86,26.83,nasa,0.71
1986-12-10,4.03,22.68,17.78,28.06,nasa,0.72
1986-12-11,11.73,22.71,18.24,27.9,nasa,0.72
1986-12-12,8.29,22.09,18.75,25.63,nasa,0.73
1986-12-13,8.34,22.14,17.49,27.15,nasa,0.74
1986-12-14,8.85,21.52,19.03,25.04,nasa,0.74
1986-12-15,6.3,21.69,18.37,26.56,nasa,0.74
1986-12-16,11.72,20.78,18.26,25.19,nasa,0.75
1986-12-17,4.98,20.77,17.47,25.39,nasa,0.75
1986-12-18,0.75,22.49,16.69,27.91,nasa,0.74
1986-12-19,0.82,23.07,16.84,28.49,nasa,0.73
1986-12-20,4.38,21.9,17.21,26.86,nasa,0.72
1986-12-21,8.67,20.03,17.66,23.54,nasa,0.72
1986-12-22,13.18,19.53,16.73,22.31,nasa,0.74
1986-12-23,17.31,20.3,17.69,24.65,nasa,0.76
1986-12-24,41.45,18.38,16.61,20.37,nasa,0.79
1986-12-25,26.61,18.76,17.24,20.97,nasa,0.83
1986-12-26,49.95,19.28,17.39,21.32,nasa,0.86
1986-12-27,40.5,19.39,17.21,22.65,nasa,0.88
1986-12-28,13.92,20.07,17.61,22.65,nasa,0.89
1986-12-29,6.11,21.1,17.86,25.7,nasa,0.87
1986-12-30,8.2,20.01,17.55,23.04,nasa,0.86
1986-12-31,3.09,20.27,17.31,24.07,nasa,0.85
1987-01-01,1.13,21.63,16.01,27.5,nasa,0.83
1987-01-02,4.92,20.53,17.92,23.76,nasa,0.82
1987-01-03,3.98,20.71,17.96,24.35,nasa,0.82
1987-01-04,2.31,21.56,17.02,26.63,nasa,0.82
1987-01-05,0.85,21.6,16.04,27.28,nasa,0.81
1987-01-06,0.44,21.68,17.45,26.48,nasa,0.8
1987-01-07,1.41,22.09,16.93,27.21,nasa,0.79
1987-01-08,2.02,22.81,17.42,27.95,nasa,0.79
1987-01-09,3.14,23.24,17.78,27.98,nasa,0.78
1987-01-10,6.39,23.44,19.81,27.28,nasa,0.79
1987-01-11,3.72,23.27,19.24,27.07,nasa,0.79
1987-01-12,1.55,23.73,18.81,28.69,nasa,0.79
1987-01-13,2.89,24.3,19.31,28.54,nasa,0.78
1987-01-14,2.13,24.34,19.75,28.76,nasa,0.78
1987-01-15,1.92,23.19,18.09,29.22,nasa,0.77
1987-01-16,9.67,23.84,16.57,29.56,nasa,0.78
1987-01-17,7.78,23.86,20.63,27.98,nasa,0.78
1987-01-18,12.85,21.74,18.8,25.49,nasa,0.8
1987-01-19,8.74,22.14,17.24,27.13,nasa,0.8
1987-01-20,12.19,20.09,17.28,23.25,nasa,0.82
1987-01-21,8.33,20.79,18.14,24.66,nasa,0.82
1987-01-22,13.99,21.04,17.36,25.01,nasa,0.83
1987-01-23,18.46,21.11,18.6,24.25,nasa,0.84
1987-01-24,22.18,20.64,17.96,24.33,nasa,0.86
1987-01-25,9.13,21.57,17.23,26.89,nasa,0.86
1987-01-26,27.79,20.99,17.95,25.05,nasa,0.86
1987-01-27,7.19,20.48,17.47,24.19,nasa,0.87
1987-01-28,5.39,20.26,17.86,23.67,nasa,0.86
1987-01-29,9.52,21.57,18.33,25.68,nasa,0.86
1987-01-30,0.78,22.03,17.92,27.4,nasa,0.86
1987-01-31,0.19,21.73,16.63,27.92,nasa,0.84
1987-02-01,0.62,22.05,15.87,28.13,nasa,0.83
1987-02-02,0.48,23.41,17.62,28.87,nasa,0.82
1987-02-03,2.25,23.6,18.65,28.26,nasa,0.82
1987-02-04,1.26,22.1,19.35,25.3,nasa,0.82
1987-02-05,8.91,22.1,17.88,26.39,nasa,0.82
1987-02-06,1.25,23.1,17.81,27.73,nasa,0.83
1987-02-07,1.07,23.47,18.73,28.52,nasa,0.82
1987-02-08,1.22,23.26,18.57,27.46,nasa,0.81
1987-02-09,6.77,22.21,19.14,27.29,nasa,0.81
1987-02-10,12.45,20.15,17.08,24.07,nasa,0.82
1987-02-11,6.88,19.13,15.31,24.17,nasa,0.83
1987-02-12,11.11,19.39,15.61,24.14,nasa,0.84
1987-02-13,3.84,18.92,16.93,21.91,nasa,0.84
1987-02-14,9.92,19.52,17.16,23.35,nasa,0.84
1987-02-15,11.15,19.85,16.93,24.05,nasa,0.85
1987-02-16,15.07,19.28,16.81,22.36,nasa,0.86
1987-02-17,10.03,19.4,15.22,24.54,nasa,0.87
1987-02-18,1.28,20.38,16.97,24.96,nasa,0.86
1987-02-19,2.12,20.26,16.74,24.28,nasa,0.85
1987-02-20,0.15,20.46,17.11,26.08,nasa,0.85
1987-02-21,0.03,21.1,16.59,27.02,nasa,0.84
1987-02-22,0.04,21.65,17.69,26.89,nasa,0.83
1987-02-23,0.51,21.49,17.19,27.03,nasa,0.83
1987-02-24,0.12,21.19,16.99,26.34,nasa,0.82
1987-02-25,1.32,21.48,17.05,27.1,nasa,0.81
1987-02-26,1.95,21.26,17.03,25.81,nasa,0.81
1987-02-27,5.87,21.23,17.41,24.89,nasa,0.81
1987-02-28,0.51,21.43,17.71,25.36,nasa,0.81
1987-03-01,2.22,21.54,15.85,27.22,nasa,0.81
1987-03-02,3.66,21.58,16.57,26.4,nasa,0.81
1987-03-03,3.02,21.92,17.79,27.21,nasa,0.8
1987-03-04,1.58,22.11,16.3,27.46,nasa,0.8
1987-03-05,2.89,22.64,18.58,27.41,nasa,0.8
1987-03-06,3.54,22.89,19.82,27.18,nasa,0.8
1987-03-07,5.41,22.39,17.82,28.15,nasa,0.8
1987-03-08,17.71,21.37,19.34,24.68,nasa,0.82
1987-03-09,24.01,20.93,19.15,23.75,nasa,0.85
1987-03-10,10.73,20.71,18.12,24.52,nasa,0.86
1987-03-11,0.02,18.08,14.31,22.72,nasa,0.85
1987-03-12,0.65,17.19,12.53,23.98,nasa,0.84
1987-03-13,0.66,19.23,11.34,26.23,nasa,0.83
1987-03-14,2.94,20.56,17.09,25.07,nasa,0.82
1987-03-15,9.18,20.94,17.41,26.24,nasa,0.82
1987-03-16,6.31,20.17,15.96,25.32,nasa,0.83
1987-03-17,4.39,20.32,17.15,24.59,nasa,0.83
1987-03-18,9.3,20.41,17.35,24.72,nasa,0.83
1987-03-19,17.45,19.89,17.24,24.07,nasa,0.84
1987-03-20,14.04,20.2,16.57,25.03,nasa,0.86
1987-03-21,6.96,20.79,16.81,25.39,nasa,0.86
1987-03-22,2.8,22.36,17.76,27.33,nasa,0.85
1987-03-23,2.28,23.16,17.93,28.38,nasa,0.84
1987-03-24,0.67,22.29,18.78,27.08,nasa,0.84
1987-03-25,0.06,21.89,18.41,27.15,nasa,0.83
1987-03-26,0.0,21.8,17.55,27.65,nasa,0.83
1987-03-27,0.07,21.12,15.7,27.33,nasa,0.82
1987-03-28,0.09,20.31,15.65,25.81,nasa,0.81
1987-03-29,0.21,20.86,16.18,26.49,nasa,0.81
1987-03-30,2.31,21.13,16.67,26.57,nasa,0.8
1987-03-31,2.88,21.56,17.88,26.64,nasa,0.8
1987-04-01,4.12,21.99,17.99,26.95,nasa,0.8
1987-04-02,5.08,21.58,18.06,25.45,nasa,0.8
1987-04-03,26.5,21.3,18.47,25.55,nasa,0.82
1987-04-04,20.07,20.1,17.62,23.81,nasa,0.86
1987-04-05,38.63,19.66,17.66,21.66,nasa,0.89
1987-04-06,10.2,20.47,17.32,23.94,nasa,0.9
1987-04-07,3.53,20.87,17.85,25.63,nasa,0.88
1987-04-08,2.05,21.25,16.55,27.11,nasa,0.87
1987-04-09,0.66,21.73,16.5,27.17,nasa,0.86
1987-04-10,4.46,22.28,18.23,27.07,nasa,0.86
1987-04-11,10.29,21.45,17.26,26.12,nasa,0.86
1987-04-12,0.54,21.14,16.06,26.85,nasa,0.86
1987-04-13,0.39,21.96,16.87,27.39,nasa,0.85
1987-04-14,0.1,21.56,16.93,27.06,nasa,0.84
1987-04-15,0.02,20.42,15.77,26.03,nasa,0.84
1987-04-16,0.22,19.79,15.99,25.58,nasa,0.83
1987-04-17,0.21,19.35,15.15,25.04,nasa,0.83
1987-04-18,0.06,19.76,15.7,25.33,nasa,0.83
1987-04-19,0.51,20.21,15.47,25.95,nasa,0.82
1987-04-20,1.42,20.4,16.1,25.57,nasa,0.82
1987-04-21,5.47,19.98,16.82,24.14,nasa,0.82
1987-04-22,0.43,20.48,16.19,25.51,nasa,0.83
1987-04-23,6.69,20.67,15.48,26.18,nasa,0.82
1987-04-24,2.12,20.51,15.95,26.5,nasa,0.83
1987-04-25,0.34,19.76,15.15,25.43,nasa,0.82
1987-04-26,0.01,19.3,15.2,24.8,nasa,0.82
1987-04-27,0.0,18.03,13.02,23.38,nasa,0.81
1987-04-28,2.6,18.75,15.5,23.28,nasa,0.81
1987-04-29,16.96,17.57,15.81,20.48,nasa,0.82
1987-04-30,3.25,18.06,15.88,22.29,nasa,0.84
1987-05-01,0.62,19.56,15.05,24.93,nasa,0.83
1987-05-02,0.62,20.08,14.95,26.11,nasa,0.83
1987-05-03,0.18,20.52,15.85,25.75,nasa,0.82
1987-05-04,1.35,21.51,17.63,26.15,nasa,0.82
1987-05-05,0.5,21.55,16.53,26.68,nasa,0.81
1987-05-06,0.38,20.33,17.77,23.96,nasa,0.81
1987-05-07,0.0,21.18,16.74,26.16,nasa,0.81
1987-05-08,3.24,21.33,17.18,26.48,nasa,0.81
1987-05-09,0.17,21.87,17.73,27.6,nasa,0.81
1987-05-10,0.36,19.32,16.97,23.95,nasa,0.8
1987-05-11,0.12,18.23,13.92,23.58,nasa,0.8
1987-05-12,0.09,19.29,14.92,25.21,nasa,0.79
1987-05-13,0.0,20.07,15.26,25.53,nasa,0.79
1987-05-14,0.0,20.3,14.98,25.93,nasa,0.79
1987-05-15,2.31,20.35,15.63,25.76,nasa,0.79
1987-05-16,0.64,20.45,15.95,25.99,nasa,0.79
1987-05-17,12.1,20.52,16.39,25.62,nasa,0.79
1987-05-18,1.45,20.46,16.81,25.11,nasa,0.8
1987-05-19,0.32,20.41,15.43,25.68,nasa,0.8
1987-05-20,0.04,21.1,17.27,26.59,nasa,0.79
1987-05-21,0.79,20.62,16.66,25.42,nasa,0.79
1987-05-22,0.15,18.21,12.93,23.68,nasa,0.78
1987-05-23,0.4,17.33,11.32,23.93,nasa,0.78
1987-05-24,1.64,19.27,15.1,24.89,nasa,0.78
1987-05-25,0.06,17.95,13.55,24.25,nasa,0.78
1987-05-26,0.43,15.23,10.98,20.34,nasa,0.77
1987-05-27,0.54,16.81,11.58,22.64,nasa,0.77
1987-05-28,0.88,18.16,12.32,24.49,nasa,0.77
1987-05-29,0.42,18.95,14.87,24.38,nasa,0.77
1987-05-30,0.0,16.52,10.76,23.33,nasa,0.77
1987-05-31,0.01,15.3,7.91,22.51,nasa,0.76
1987-06-01,0.0,16.44,10.53,24.19,nasa,0.76
1987-06-02,0.0,16.53,10.01,22.77,nasa,0.76
1987-06-03,0.0,16.24,11.43,21.25,nasa,0.76
1987-06-04,0.0,17.16,13.49,23.1,nasa,0.76
1987-06-05,0.0,18.06,12.01,23.97,nasa,0.75
1987-06-06,0.03,18.38,14.11,23.83,nasa,0.75
1987-06-07,0.15,18.39,12.94,24.56,nasa,0.75
1987-06-08,4.16,18.1,14.56,22.75,nasa,0.75
1987-06-09,0.48,17.76,13.82,22.79,nasa,0.75
1987-06-10,0.0,17.87,13.84,23.42,nasa,0.75
1987-06-11,0.0,17.46,11.99,23.7,nasa,0.75
1987-06-12,0.0,18.43,13.55,24.31,nasa,0.74
1987-06-13,0.0,19.03,14.45,24.25,nasa,0.74
1987-06-14,0.0,20.55,16.26,25.93,nasa,0.74
1987-06-15,0.04,19.53,14.02,25.25,nasa,0.74
1987-06-16,0.02,18.6,14.1,24.83,nasa,0.73
1987-06-17,0.18,17.83,13.12,24.3,nasa,0.73
1987-06-18,0.02,17.74,13.29,23.98,nasa,0.73
1987-06-19,0.0,16.96,10.5,24.48,nasa,0.73
1987-06-20,0.0,17.4,11.61,23.71,nasa,0.72
1987-06-21,0.0,18.2,12.06,24.81,nasa,0.72
1987-06-22,1.53,18.08,15.23,21.46,nasa,0.72
1987-06-23,5.35,19.17,15.34,24.46,nasa,0.73
1987-06-24,1.57,17.42,13.57,21.87,nasa,0.74
1987-06-25,0.03,14.05,11.06,18.52,nasa,0.74
1987-06-26,0.07,15.08,10.09,22.73,nasa,0.73
1987-06-27,0.31,14.57,9.52,21.77,nasa,0.73
1987-06-28,0.11,13.21,9.14,19.94,nasa,0.73
1987-06-29,0.0,14.6,9.54,21.78,nasa,0.73
1987-06-30,0.0,16.01,10.2,22.84,nasa,0.72
1987-07-01,0.0,17.16,10.28,23.52,nasa,0.72
1987-07-02,0.0,17.42,11.25,24.04,nasa,0.72
1987-07-03,0.0,17.86,11.76,24.04,nasa,0.71
1987-07-04,0.0,19.12,11.99,25.17,nasa,0.71
1987-07-05,0.0,18.64,12.84,25.25,nasa,0.71
1987-07-06,0.0,17.19,13.76,22.89,nasa,0.71
1987-07-07,0.0,17.44,12.81,23.64,nasa,0.7
1987-07-08,0.93,18.59,12.04,25.41,nasa,0.7
1987-07-09,2.55,18.62,13.1,25.31,nasa,0.7
1987-07-10,0.28,17.9,12.04,24.67,nasa,0.7
1987-07-11,0.0,18.46,12.1,25.34,nasa,0.7
1987-07-12,0.0,18.73,13.14,26.0,nasa,0.7
1987-07-13,0.0,20.69,13.7,27.11,nasa,0.69
1987-07-14,0.0,21.07,15.52,27.73,nasa,0.69
1987-07-15,0.0,19.4,13.26,26.89,nasa,0.69
1987-07-16,0.0,19.18,13.29,26.38,nasa,0.68
1987-07-17,0.0,18.36,11.29,25.96,nasa,0.68
1987-07-18,0.46,18.67,11.26,25.99,nasa,0.68
1987-07-19,0.03,18.45,12.29,26.11,nasa,0.68
1987-07-20,0.0,17.37,11.78,24.69,nasa,0.68
1987-07-21,0.0,18.09,10.59,25.4,nasa,0.67
1987-07-22,0.0,17.67,12.3,24.56,nasa,0.67
1987-07-23,0.0,16.93,12.62,23.33,nasa,0.67
1987-07-24,0.23,16.61,11.64,23.54,nasa,0.67
1987-07-25,0.0,15.56,9.34,23.61,nasa,0.67
1987-07-26,0.0,16.46,9.44,24.06,nasa,0.67
1987-07-27,0.0,17.56,10.77,25.25,nasa,0.66
1987-07-28,0.0,18.08,11.03,25.6,nasa,0.66
1987-07-29,0.0,18.62,11.83,26.52,nasa,0.66
1987-07-30,0.31,17.15,12.28,25.51,nasa,0.66
1987-07-31,0.82,13.34,8.25,20.56,nasa,0.66
1987-08-01,0.27,13.99,7.29,23.1,nasa,0.66
1987-08-02,0.0,15.15,8.0,23.63,nasa,0.66
1987-08-03,0.0,17.84,10.95,25.2,nasa,0.66
1987-08-04,0.02,18.66,11.78,26.22,nasa,0.65
1987-08-05,0.72,18.16,14.07,24.59,nasa,0.65
1987-08-06,3.29,19.45,13.97,26.24,nasa,0.65
1987-08-07,0.0,15.17,8.86,21.83,nasa,0.66
1987-08-08,0.42,12.11,4.38,22.62,nasa,0.65
1987-08-09,0.07,14.34,5.08,26.23,nasa,0.65
1987-08-10,0.0,16.89,7.99,28.08,nasa,0.65
1987-08-11,0.0,19.68,10.33,29.25,nasa,0.65
1987-08-12,0.0,21.8,14.45,30.33,nasa,0.64
1987-08-13,0.0,21.81,14.29,29.7,nasa,0.64
1987-08-14,0.0,20.63,12.49,29.27,nasa,0.64
1987-08-15,0.0,21.58,13.15,29.25,nasa,0.64
1987-08-16,0.0,22.34,14.66,30.43,nasa,0.63
1987-08-17,0.0,22.83,17.69,30.9,nasa,0.63
1987-08-18,0.09,21.62,15.05,29.46,nasa,0.63
1987-08-19,0.16,21.61,16.12,28.62,nasa,0.63
1987-08-20,0.04,20.93,15.84,28.16,nasa,0.63
1987-08-21,0.06,18.63,12.18,27.39,nasa,0.62
1987-08-22,0.0,18.05,10.93,25.95,nasa,0.62
1987-08-23,0.0,18.16,11.3,26.26,nasa,0.62
1987-08-24,0.0,19.16,11.47,27.6,nasa,0.62
1987-08-25,0.0,18.83,11.39,27.73,nasa,0.62
1987-08-26,0.09,19.93,11.76,28.69,nasa,0.62
1987-08-27,0.0,21.8,13.86,30.34,nasa,0.62
1987-08-28,0.0,21.97,13.39,30.82,nasa,0.62
1987-08-29,0.0,22.08,13.74,30.71,nasa,0.61
1987-08-30,0.0,22.68,14.31,30.79,nasa,0.61
1987-08-31,0.0,23.01,14.43,30.98,nasa,0.61
1987-09-01,0.0,21.52,14.37,29.3,nasa,0.61
1987-09-02,0.0,21.4,15.01,29.63,nasa,0.61
1987-09-03,0.01,21.98,13.49,30.34,nasa,0.61
1987-09-04,0.0,22.63,14.33,31.66,nasa,0.61
1987-09-05,0.15,22.59,15.89,30.91,nasa,0.6
1987-09-06,0.13,23.33,17.08,32.5,nasa,0.6
1987-09-07,1.06,23.28,16.04,31.63,nasa,0.6
1987-09-08,3.39,21.81,17.81,27.75,nasa,0.61
1987-09-09,0.06,22.33,15.72,30.87,nasa,0.61
1987-09-10,0.31,24.37,16.67,32.42,nasa,0.61
1987-09-11,0.22,25.63,18.27,33.23,nasa,0.6
1987-09-12,2.01,23.97,18.83,30.35,nasa,0.6
1987-09-13,0.17,22.99,16.71,30.32,nasa,0.6
1987-09-14,0.0,23.45,16.98,31.73,nasa,0.6
1987-09-15,0.0,23.86,16.62,32.59,nasa,0.6
1987-09-16,0.36,25.72,18.11,34.33,nasa,0.6
1987-09-17,0.08,25.48,17.15,33.58,nasa,0.6
1987-09-18,2.35,25.62,18.97,33.43,nasa,0.6
1987-09-19,5.29,23.66,18.23,30.11,nasa,0.61
1987-09-20,5.53,23.34,16.46,31.23,nasa,0.61
1987-09-21,13.65,18.58,14.6,21.76,nasa,0.64
1987-09-22,4.89,20.79,14.71,27.11,nasa,0.64
1987-09-23,6.54,21.75,16.26,28.18,nasa,0.65
1987-09-24,1.66,19.62,14.78,25.2,nasa,0.66
1987-09-25,0.11,19.27,13.01,27.03,nasa,0.65
1987-09-26,0.86,20.89,13.77,28.37,nasa,0.65
1987-09-27,13.66,21.91,16.71,28.31,nasa,0.65
1987-09-28,0.85,21.94,16.81,28.13,nasa,0.66
1987-09-29,0.02,22.13,16.32,29.01,nasa,0.66
1987-09-30,0.09,22.61,16.57,30.58,nasa,0.65
1987-10-01,11.94,22.58,15.8,28.98,nasa,0.66
1987-10-02,0.09,22.41,17.79,29.18,nasa,0.66
1987-10-03,0.65,18.4,14.02,23.35,nasa,0.66
1987-10-04,1.67,19.87,13.55,27.58,nasa,0.65
1987-10-05,3.09,21.78,14.9,29.06,nasa,0.65
1987-10-06,0.32,21.0,17.26,26.06,nasa,0.65
1987-10-07,0.0,21.38,14.26,30.05,nasa,0.65
1987-10-08,0.0,22.02,13.29,32.07,nasa,0.64
1987-10-09,0.05,22.88,13.91,32.94,nasa,0.63
1987-10-10,0.87,24.56,16.23,33.63,nasa,0.63
1987-10-11,0.05,25.67,17.11,34.3,nasa,0.62
1987-10-12,1.28,26.99,19.54,34.45,nasa,0.62
1987-10-13,0.59,27.98,20.22,35.52,nasa,0.61
1987-10-14,0.0,26.86,21.29,33.76,nasa,0.61
1987-10-15,0.42,25.84,18.33,33.65,nasa,0.61
1987-10-16,0.18,26.06,18.01,33.99,nasa,0.6
1987-10-17,0.0,28.17,21.88,35.73,nasa,0.6
1987-10-18,0.35,29.13,22.35,36.88,nasa,0.6
1987-10-19,12.28,25.4,21.15,30.61,nasa,0.61
1987-10-20,4.24,25.08,19.1,31.44,nasa,0.62
1987-10-21,27.09,22.46,18.67,26.03,nasa,0.65
1987-10-22,3.14,22.43,19.39,26.19,nasa,0.67
1987-10-23,4.35,22.6,19.77,26.36,nasa,0.67
1987-10-24,43.82,19.83,18.2,21.58,nasa,0.71
1987-10-25,5.45,21.6,16.93,27.25,nasa,0.74
1987-10-26,1.02,23.86,18.35,29.22,nasa,0.73
1987-10-27,4.26,25.16,19.55,30.22,nasa,0.72
1987-10-28,1.31,24.29,19.77,29.7,nasa,0.71
1987-10-29,3.1,23.35,19.59,28.3,nasa,0.7
1987-10-30,6.61,23.69,18.09,29.45,nasa,0.7
1987-10-31,7.31,23.12,18.27,29.13,nasa,0.7
1987-11-01,3.78,22.57,18.54,27.83,nasa,0.7
1987-11-02,1.67,22.03,17.47,28.51,nasa,0.69
1987-11-03,0.26,22.3,15.48,29.97,nasa,0.68
1987-11-04,0.01,23.3,15.58,30.79,nasa,0.67
1987-11-05,3.76,24.28,17.73,31.38,nasa,0.67
1987-11-06,23.95,21.53,19.38,24.94,nasa,0.69
1987-11-07,0.94,23.9,18.87,30.48,nasa,0.71
1987-11-08,0.87,24.43,18.95,29.43,nasa,0.69
1987-11-09,6.7,24.83,19.82,29.5,nasa,0.69
1987-11-10,5.88,22.02,19.7,24.8,nasa,0.69
1987-11-11,3.32,20.66,17.48,25.06,nasa,0.7
1987-11-12,4.7,20.98,17.48,25.71,nasa,0.7
1987-11-13,19.83,21.25,16.9,26.21,nasa,0.71
1987-11-14,16.52,20.11,17.73,23.81,nasa,0.73
1987-11-15,17.47,20.28,17.57,23.35,nasa,0.75
1987-11-16,9.7,20.6,17.96,25.17,nasa,0.76
1987-11-17,0.44,22.48,17.24,29.27,nasa,0.75
1987-11-18,1.62,22.69,14.9,29.77,nasa,0.73
1987-11-19,2.06,22.94,18.06,28.42,nasa,0.72
1987-11-20,0.53,22.78,17.8,28.29,nasa,0.71
1987-11-21,0.81,22.23,17.42,28.14,nasa,0.7
1987-11-22,0.03,22.28,15.6,28.76,nasa,0.7
1987-11-23,2.65,23.49,17.05,29.59,nasa,0.69
1987-11-24,16.73,22.83,19.91,27.16,nasa,0.7
1987-11-25,20.74,21.74,20.04,24.68,nasa,0.73
1987-11-26,7.99,22.18,19.06,27.4,nasa,0.75
1987-11-27,4.54,21.35,18.29,25.46,nasa,0.75
1987-11-28,3.64,22.1,17.89,26.42,nasa,0.74
1987-11-29,5.28,22.72,18.83,27.28,nasa,0.74
1987-11-30,2.44,22.74,18.3,27.78,nasa,0.73
1987-12-01,4.35,21.48,18.88,24.77,nasa,0.73
1987-12-02,14.21,20.77,17.83,24.33,nasa,0.74
1987-12-03,14.12,20.36,17.18,23.96,nasa,0.75
1987-12-04,19.79,20.49,17.13,25.04,nasa,0.78
1987-12-05,5.85,20.87,18.44,24.23,nasa,0.78
1987-12-06,20.06,20.97,18.79,24.35,nasa,0.79
1987-12-07,4.15,21.22,17.35,26.43,nasa,0.79
1987-12-08,14.17,22.35,16.42,27.94,nasa,0.79
1987-12-09,23.59,22.84,17.47,28.04,nasa,0.8
1987-12-10,18.24,23.02,19.59,27.06,nasa,0.81
1987-12-11,23.65,21.56,19.41,23.87,nasa,0.83
1987-12-12,17.14,21.15,19.33,24.43,nasa,0.85
1987-12-13,23.64,20.8,18.6,23.7,nasa,0.85
1987-12-14,15.58,21.25,18.93,24.5,nasa,0.86
1987-12-15,12.95,21.46,17.84,26.24,nasa,0.86
1987-12-16,5.34,21.38,18.02,25.63,nasa,0.85
1987-12-17,13.45,20.89,18.39,24.45,nasa,0.84
1987-12-18,14.71,21.01,17.88,24.36,nasa,0.85
1987-12-19,16.85,21.57,18.7,25.44,nasa,0.86
1987-12-20,8.62,22.82,18.49,27.36,nasa,0.87
1987-12-21,3.79,22.49,17.46,28.24,nasa,0.85
1987-12-22,11.2,22.33,17.99,27.47,nasa,0.85
1987-12-23,1.15,20.8,15.05,27.65,nasa,0.84
1987-12-24,0.48,21.1,14.19,28.16,nasa,0.83
1987-12-25,4.44,22.04,15.77,28.13,nasa,0.82
1987-12-26,8.26,22.93,17.54,28.27,nasa,0.82
1987-12-27,10.6,21.8,18.36,25.71,nasa,0.83
1987-12-28,9.5,21.86,19.58,24.92,nasa,0.84
1987-12-29,7.72,22.95,18.34,27.97,nasa,0.84
1987-12-30,5.66,22.79,19.77,26.4,nasa,0.84
1987-12-31,14.82,22.49,19.92,25.92,nasa,0.85
1988-01-01,16.57,23.16,19.7,27.43,nasa,0.86
1988-01-02,0.67,23.01,17.97,28.75,nasa,0.86
1988-01-03,9.37,22.44,17.19,27.85,nasa,0.85
1988-01-04,10.04,23.03,19.89,27.57,nasa,0.85
1988-01-05,10.31,22.45,19.47,26.11,nasa,0.85
1988-01-06,18.12,22.07,19.6,25.13,nasa,0.87
1988-01-07,6.45,22.05,19.04,25.86,nasa,0.87
1988-01-08,19.24,20.71,17.12,24.43,nasa,0.88
1988-01-09,9.75,20.37,16.0,25.59,nasa,0.89
1988-01-10,26.0,20.57,18.37,23.54,nasa,0.9
1988-01-11,8.94,20.95,17.28,25.82,nasa,0.9
1988-01-12,9.95,22.36,18.34,26.86,nasa,0.9
1988-01-13,3.23,22.19,19.06,25.85,nasa,0.89
1988-01-14,0.81,22.59,18.9,27.18,nasa,0.88
1988-01-15,0.17,22.78,17.74,28.66,nasa,0.87
1988-01-16,0.14,22.35,15.85,28.57,nasa,0.86
1988-01-17,0.1,23.06,18.4,29.06,nasa,0.85
1988-01-18,0.16,22.99,18.06,28.49,nasa,0.85
1988-01-19,1.13,23.42,17.76,28.82,nasa,0.84
1988-01-20,0.86,23.59,18.05,29.05,nasa,0.84
1988-01-21,0.86,23.3,18.03,28.7,nasa,0.83
1988-01-22,0.48,23.86,17.54,29.56,nasa,0.82
1988-01-23,3.93,23.81,18.7,29.02,nasa,0.82
1988-01-24,0.53,22.86,18.64,28.11,nasa,0.81
1988-01-25,0.02,22.61,18.22,28.05,nasa,0.81
1988-01-26,0.03,22.63,18.09,28.0,nasa,0.8
1988-01-27,1.2,23.34,17.96,29.02,nasa,0.79
1988-01-28,0.97,23.82,17.97,28.96,nasa,0.79
1988-01-29,4.21,24.97,19.54,29.96,nasa,0.79
1988-01-30,2.21,24.29,18.96,28.81,nasa,0.79
1988-01-31,5.82,22.39,19.3,25.73,nasa,0.79
1988-02-01,11.35,23.1,18.18,29.07,nasa,0.8
1988-02-02,10.31,23.06,19.01,27.48,nasa,0.81
1988-02-03,17.91,22.36,19.25,26.06,nasa,0.83
1988-02-04,22.24,21.94,19.36,25.85,nasa,0.85
1988-02-05,24.47,22.05,19.37,25.74,nasa,0.88
1988-02-06,24.54,21.49,19.19,24.77,nasa,0.89
1988-02-07,13.87,22.42,18.04,27.04,nasa,0.9
1988-02-08,26.14,21.24,19.1,24.27,nasa,0.9
1988-02-09,24.13,21.3,18.95,24.16,nasa,0.91
1988-02-10,20.3,21.93,18.83,25.51,nasa,0.92
1988-02-11,10.92,22.15,18.49,25.67,nasa,0.91
1988-02-12,10.08,22.31,18.62,26.68,nasa,0.91
1988-02-13,11.31,21.16,17.26,25.97,nasa,0.91
1988-02-14,12.2,22.04,18.69,26.38,nasa,0.91
1988-02-15,8.17,21.73,19.41,25.28,nasa,0.92
1988-02-16,15.61,21.4,18.65,24.48,nasa,0.92
1988-02-17,20.17,22.18,17.94,26.54,nasa,0.93
1988-02-18,6.65,23.24,19.24,27.38,nasa,0.94
1988-02-19,3.28,22.21,19.87,25.41,nasa,0.93
1988-02-20,0.36,21.98,19.05,26.36,nasa,0.92
1988-02-21,0.41,22.24,17.3,27.79,nasa,0.92
1988-02-22,1.82,21.79,18.45,25.88,nasa,0.91
1988-02-23,3.06,22.33,17.25,27.58,nasa,0.91
1988-02-24,0.6,22.83,19.11,27.68,nasa,0.9
1988-02-25,2.63,22.32,18.81,26.45,nasa,0.9
1988-02-26,2.17,22.62,19.0,26.62,nasa,0.9
1988-02-27,5.1,22.36,18.82,26.51,nasa,0.9
1988-02-28,2.17,22.44,18.13,27.03,nasa,0.9
1988-02-29,1.38,22.14,18.81,26.08,nasa,0.89
1988-03-01,5.31,21.2,18.94,23.84,nasa,0.89
1988-03-02,14.58,22.13,18.51,26.61,nasa,0.9
1988-03-03,11.71,21.97,19.67,24.99,nasa,0.91
1988-03-04,21.77,22.88,19.16,27.42,nasa,0.92
1988-03-05,24.19,22.23,19.91,24.88,nasa,0.94
1988-03-06,12.71,22.3,20.79,24.76,nasa,0.95
1988-03-07,3.66,22.39,20.14,25.12,nasa,0.95
1988-03-08,6.3,21.89,19.62,25.33,nasa,0.94
1988-03-09,6.02,21.08,17.05,26.04,nasa,0.94
1988-03-10,3.3,21.01,17.43,25.55,nasa,0.94
1988-03-11,0.53,21.02,17.77,25.65,nasa,0.93
1988-03-12,0.02,20.31,16.08,25.54,nasa,0.92
1988-03-13,0.11,21.17,16.16,26.45,nasa,0.92
1988-03-14,0.48,20.98,18.38,24.49,nasa,0.91
1988-03-15,6.44,21.56,18.7,25.51,nasa,0.91
1988-03-16,4.87,21.51,19.68,24.21,nasa,0.92
1988-03-17,5.21,21.73,19.28,25.1,nasa,0.92
1988-03-18,2.95,22.29,19.1,26.47,nasa,0.92
1988-03-19,1.64,22.37,18.84,26.73,nasa,0.91
1988-03-20,0.26,22.13,18.06,27.16,nasa,0.91
1988-03-21,0.07,19.83,15.72,24.93,nasa,0.9
1988-03-22,0.0,18.19,13.01,24.47,nasa,0.9
1988-03-23,0.0,19.59,13.62,25.63,nasa,0.89
1988-03-24,0.14,21.27,17.39,26.69,nasa,0.88
1988-03-25,0.89,20.12,14.07,26.41,nasa,0.88
1988-03-26,1.91,20.99,17.14,26.58,nasa,0.87
1988-03-27,0.46,21.06,16.97,26.56,nasa,0.87
1988-03-28,0.36,21.81,15.44,27.73,nasa,0.86
1988-03-29,3.55,22.22,17.01,27.44,nasa,0.86
1988-03-30,1.52,22.01,17.57,27.19,nasa,0.86
1988-03-31,6.0,22.42,17.45,27.54,nasa,0.86
1988-04-01,2.28,23.13,19.26,28.14,nasa,0.86
1988-04-02,4.97,22.67,20.05,26.55,nasa,0.86
1988-04-03,11.83,21.99,18.64,26.81,nasa,0.87
1988-04-04,4.6,20.14,18.36,22.82,nasa,0.88
1988-04-05,0.8,21.72,18.3,26.85,nasa,0.87
1988-04-06,5.74,21.82,18.03,26.65,nasa,0.87
1988-04-07,0.52,21.85,18.32,26.94,nasa,0.87
1988-04-08,0.05,21.81,16.67,27.26,nasa,0.86
1988-04-09,0.88,21.55,17.76,26.45,nasa,0.85
1988-04-10,0.75,19.7,15.31,25.45,nasa,0.85
1988-04-11,0.43,20.76,16.38,26.3,nasa,0.85
1988-04-12,0.56,21.08,16.07,26.42,nasa,0.84
1988-04-13,7.39,20.57,18.4,23.31,nasa,0.85
1988-04-14,3.15,20.92,17.76,25.73,nasa,0.85
1988-04-15,1.26,21.46,16.35,27.03,nasa,0.85
1988-04-16,11.47,21.44,18.61,25.7,nasa,0.85
1988-04-17,2.5,22.17,18.11,27.11,nasa,0.85
1988-04-18,9.87,21.69,18.22,26.35,nasa,0.86
1988-04-19,4.71,20.36,18.63,23.02,nasa,0.86
1988-04-20,4.2,20.81,17.53,25.51,nasa,0.86
1988-04-21,2.17,20.71,16.34,26.09,nasa,0.85
1988-04-22,2.92,21.79,16.07,26.83,nasa,0.85
1988-04-23,0.46,22.29,17.55,27.4,nasa,0.85
1988-04-24,0.05,21.27,18.13,25.7,nasa,0.84
1988-04-25,0.02,21.44,17.68,26.37,nasa,0.84
1988-04-26,0.11,21.51,16.82,26.83,nasa,0.83
1988-04-27,0.0,21.25,16.32,26.97,nasa,0.83
1988-04-28,0.11,20.58,15.31,26.24,nasa,0.82
1988-04-29,3.05,19.08,15.61,23.87,nasa,0.82
1988-04-30,0.22,18.1,14.85,22.97,nasa,0.82
1988-05-01,0.0,18.31,13.7,24.12,nasa,0.82
1988-05-02,0.16,18.7,13.7,24.73,nasa,0.81
1988-05-03,0.0,18.61,12.64,25.23,nasa,0.81
1988-05-04,0.0,20.4,14.43,26.35,nasa,0.8
1988-05-05,0.17,20.43,14.7,25.99,nasa,0.8
1988-05-06,0.16,19.91,15.13,25.55,nasa,0.8
1988-05-07,0.5,20.02,16.45,24.98,nasa,0.8
1988-05-08,0.79,20.33,16.29,25.67,nasa,0.79
1988-05-09,0.01,20.4,16.26,26.12,nasa,0.79
1988-05-10,0.32,18.37,14.29,24.17,nasa,0.79
1988-05-11,0.02,19.1,14.23,24.65,nasa,0.79
1988-05-12,0.0,19.42,15.5,24.8,nasa,0.79
1988-05-13,0.09,20.22,15.45,25.84,nasa,0.78
1988-05-14,0.04,20.94,17.39,26.27,nasa,0.78
1988-05-15,0.07,20.08,15.4,25.48,nasa,0.78
1988-05-16,3.47,20.63,15.48,25.92,nasa,0.78
1988-05-17,2.36,19.56,17.18,22.16,nasa,0.78
1988-05-18,0.56,20.0,15.23,25.85,nasa,0.79
1988-05-19,0.07,20.65,14.84,26.08,nasa,0.78
1988-05-20,0.11,20.6,14.8,26.01,nasa,0.78
1988-05-21,0.06,20.84,15.48,26.13,nasa,0.77
1988-05-22,0.0,20.61,15.76,26.43,nasa,0.77
1988-05-23,0.1,20.12,14.71,25.45,nasa,0.77
1988-05-24,1.47,19.93,15.74,24.77,nasa,0.76
1988-05-25,0.34,18.32,15.01,22.7,nasa,0.76
1988-05-26,7.06,18.81,15.02,24.16,nasa,0.77
1988-05-27,0.24,18.3,14.71,23.57,nasa,0.77
1988-05-28,0.18,18.81,14.53,23.88,nasa,0.77
1988-05-29,0.39,18.74,13.5,24.52,nasa,0.77
1988-05-30,1.75,19.01,15.71,23.98,nasa,0.77
1988-05-31,3.05,16.78,11.08,22.1,nasa,0.77
1988-06-01,0.65,14.11,8.71,22.52,nasa,0.77
1988-06-02,0.64,14.42,7.77,21.62,nasa,0.76
1988-06-03,4.87,17.49,13.34,23.23,nasa,0.76
1988-06-04,11.69,16.82,12.7,20.47,nasa,0.78
1988-06-05,0.0,13.78,7.11,21.03,nasa,0.78
1988-06-06,0.0,15.96,9.46,22.7,nasa,0.78
1988-06-07,0.0,17.74,13.11,23.57,nasa,0.77
1988-06-08,0.0,18.6,14.22,24.64,nasa,0.77
1988-06-09,0.0,17.88,14.07,23.82,nasa,0.76
1988-06-10,0.0,16.77,12.53,23.15,nasa,0.76
1988-06-11,0.0,15.71,11.5,21.4,nasa,0.76
1988-06-12,0.04,16.3,11.0,22.49,nasa,0.75
1988-06-13,0.03,17.61,11.54,23.06,nasa,0.75
1988-06-14,0.08,17.29,13.13,22.26,nasa,0.75
1988-06-15,0.01,16.19,12.14,22.47,nasa,0.75
1988-06-16,0.0,15.42,10.64,21.87,nasa,0.74
1988-06-17,0.0,13.4,9.28,20.12,nasa,0.74
1988-06-18,0.0,11.61,7.27,18.63,nasa,0.74
1988-06-19,0.0,12.37,6.27,20.01,nasa,0.74
1988-06-20,0.0,15.38,9.53,22.17,nasa,0.74
1988-06-21,0.0,17.85,12.66,24.54,nasa,0.73
1988-06-22,0.0,17.74,11.12,25.99,nasa,0.73
1988-06-23,0.0,17.76,12.2,24.58,nasa,0.73
1988-06-24,0.01,18.98,14.24,26.05,nasa,0.73
1988-06-25,0.0,18.31,13.52,24.78,nasa,0.72
1988-06-26,0.0,17.85,13.91,23.7,nasa,0.72
1988-06-27,0.0,15.86,11.87,21.77,nasa,0.72
1988-06-28,0.0,16.55,11.49,22.72,nasa,0.72
1988-06-29,0.0,17.11,10.81,23.67,nasa,0.72
1988-06-30,0.0,16.52,10.49,23.61,nasa,0.71
1988-07-01,0.0,15.49,10.79,22.44,nasa,0.71
1988-07-02,0.0,15.33,9.95,22.4,nasa,0.71
1988-07-03,0.0,15.17,9.63,22.57,nasa,0.71
1988-07-04,0.0,16.01,10.51,22.5,nasa,0.71
1988-07-05,0.0,16.57,12.68,22.44,nasa,0.71
1988-07-06,0.0,17.32,10.61,23.71,nasa,0.71
1988-07-07,0.0,17.66,12.78,24.35,nasa,0.7
1988-07-08,0.0,17.27,10.74,24.15,nasa,0.7
1988-07-09,0.0,17.32,12.68,22.91,nasa,0.7
1988-07-10,0.0,17.13,10.99,23.37,nasa,0.7
1988-07-11,0.0,17.01,11.47,22.87,nasa,0.7
1988-07-12,0.0,15.66,9.98,22.79,nasa,0.69
1988-07-13,0.0,11.78,6.07,19.06,nasa,0.69
1988-07-14,0.0,10.78,6.03,18.2,nasa,0.69
1988-07-15,0.0,10.89,5.96,17.76,nasa,0.69
1988-07-16,0.0,11.72,6.13,19.08,nasa,0.69
1988-07-17,0.0,12.65,7.7,19.74,nasa,0.69
1988-07-18,0.0,12.98,7.5,20.03,nasa,0.69
1988-07-19,0.0,13.71,8.27,20.65,nasa,0.69
1988-07-20,0.0,15.31,8.13,23.0,nasa,0.68
1988-07-21,0.0,15.6,8.86,22.89,nasa,0.68
1988-07-22,0.0,17.24,11.56,23.03,nasa,0.68
1988-07-23,0.0,18.43,12.07,24.52,nasa,0.68
1988-07-24,0.0,18.51,12.95,25.33,nasa,0.68
1988-07-25,0.0,13.55,6.59,22.75,nasa,0.68
1988-07-26,0.0,11.05,4.15,20.35,nasa,0.67
1988-07-27,0.0,11.6,5.81,20.36,nasa,0.67
1988-07-28,0.0,11.85,5.79,20.24,nasa,0.67
1988-07-29,0.0,12.24,5.48,20.95,nasa,0.67
1988-07-30,0.0,12.8,6.79,20.89,nasa,0.67
1988-07-31,0.0,12.39,6.7,20.3,nasa,0.67
1988-08-01,0.0,12.84,7.0,20.49,nasa,0.67
1988-08-02,0.0,13.5,7.45,21.53,nasa,0.66
1988-08-03,0.0,13.64,7.21,22.09,nasa,0.66
1988-08-04,0.0,14.54,7.84,22.72,nasa,0.66
1988-08-05,0.0,15.97,9.4,23.42,nasa,0.66
1988-08-06,0.0,16.63,10.73,23.76,nasa,0.66
1988-08-07,0.0,16.8,10.56,24.65,nasa,0.66
1988-08-08,0.0,18.36,11.65,26.09,nasa,0.65
1988-08-09,0.0,20.08,15.08,27.67,nasa,0.65
1988-08-10,0.0,18.05,12.14,26.96,nasa,0.65
1988-08-11,0.0,15.64,8.88,23.83,nasa,0.65
1988-08-12,0.0,16.03,9.83,23.92,nasa,0.65
1988-08-13,0.0,15.81,9.4,24.24,nasa,0.65
1988-08-14,0.0,14.76,8.05,22.99,nasa,0.65
1988-08-15,0.0,14.65,8.49,22.75,nasa,0.64
1988-08-16,0.0,15.87,8.99,24.52,nasa,0.64
1988-08-17,0.0,16.36,9.01,25.3,nasa,0.64
1988-08-18,0.0,16.45,9.67,24.78,nasa,0.64
1988-08-19,0.01,16.57,10.25,24.7,nasa,0.64
1988-08-20,0.0,18.08,10.96,25.45,nasa,0.64
1988-08-21,0.0,20.19,13.88,27.84,nasa,0.64
1988-08-22,0.0,19.87,11.99,29.47,nasa,0.63
1988-08-23,0.0,18.87,12.65,27.42,nasa,0.63
1988-08-24,0.0,18.83,12.49,26.99,nasa,0.63
1988-08-25,0.0,20.24,11.77,28.53,nasa,0.63
1988-08-26,0.0,21.7,14.42,29.91,nasa,0.62
1988-08-27,0.0,21.49,13.51,30.3,nasa,0.62
1988-08-28,0.0,20.04,12.69,29.62,nasa,0.62
1988-08-29,0.0,18.96,12.54,27.86,nasa,0.62
1988-08-30,0.0,19.19,11.53,28.13,nasa,0.62
1988-08-31,0.0,20.67,12.11,29.56,nasa,0.62
1988-09-01,0.0,22.45,14.68,31.15,nasa,0.61
1988-09-02,0.0,22.73,14.04,32.48,nasa,0.61
1988-09-03,0.0,22.12,14.84,29.46,nasa,0.61
1988-09-04,0.0,21.05,15.16,28.11,nasa,0.61
1988-09-05,0.0,20.47,14.09,27.92,nasa,0.61
1988-09-06,0.0,18.8,12.15,27.26,nasa,0.61
1988-09-07,0.0,17.96,10.62,27.27,nasa,0.61
1988-09-08,0.0,18.98,10.46,28.91,nasa,0.6
1988-09-09,0.0,19.86,11.54,29.83,nasa,0.6
1988-09-10,0.0,20.16,12.9,29.53,nasa,0.6
1988-09-11,0.0,20.61,12.42,29.75,nasa,0.6
1988-09-12,0.0,23.24,15.24,32.15,nasa,0.6
1988-09-13,0.0,24.14,15.6,33.15,nasa,0.6
1988-09-14,0.45,25.25,19.27,32.38,nasa,0.6
1988-09-15,1.52,23.85,17.42,32.51,nasa,0.6
1988-09-16,0.33,23.33,16.54,30.22,nasa,0.6
1988-09-17,0.03,23.29,17.12,30.87,nasa,0.6
1988-09-18,0.74,24.22,17.27,32.07,nasa,0.6
1988-09-19,0.1,24.61,18.32,31.74,nasa,0.6
1988-09-20,0.0,24.15,17.45,31.12,nasa,0.6
1988-09-21,0.0,23.31,16.84,31.27,nasa,0.6
1988-09-22,0.0,23.89,17.08,32.59,nasa,0.59
1988-09-23,0.0,24.52,16.79,33.32,nasa,0.59
1988-09-24,0.0,26.39,19.23,34.15,nasa,0.59
1988-09-25,0.0,25.91,19.12,34.35,nasa,0.59
1988-09-26,0.0,25.52,17.79,34.55,nasa,0.59
1988-09-27,0.0,26.73,17.63,35.35,nasa,0.59
1988-09-28,2.32,28.32,20.65,36.23,nasa,0.59
1988-09-29,8.47,23.57,18.44,30.42,nasa,0.6
1988-09-30,15.46,19.89,16.87,25.16,nasa,0.63
1988-10-01,1.43,20.05,16.96,25.66,nasa,0.64
1988-10-02,0.95,22.1,16.34,29.41,nasa,0.63
1988-10-03,4.31,22.81,15.67,30.73,nasa,0.63
1988-10-04,2.69,24.56,17.95,31.4,nasa,0.63
1988-10-05,3.89,21.96,18.64,26.77,nasa,0.64
1988-10-06,0.24,21.23,16.63,26.31,nasa,0.64
1988-10-07,0.42,22.0,17.75,28.53,nasa,0.64
1988-10-08,0.64,21.74,15.16,29.65,nasa,0.63
1988-10-09,0.54,23.31,15.44,30.83,nasa,0.63
1988-10-10,3.79,24.08,17.72,30.92,nasa,0.63
1988-10-11,7.97,20.92,15.15,27.69,nasa,0.63
1988-10-12,10.26,20.94,16.12,26.52,nasa,0.65
1988-10-13,1.55,22.27,16.52,29.47,nasa,0.65
1988-10-14,0.0,21.55,14.7,29.7,nasa,0.65
1988-10-15,0.19,21.42,12.0,30.27,nasa,0.64
1988-10-16,0.01,24.16,17.01,32.43,nasa,0.63
1988-10-17,2.3,23.2,17.36,30.22,nasa,0.63
1988-10-18,4.92,22.43,17.25,29.37,nasa,0.63
1988-10-19,19.0,21.67,15.99,28.29,nasa,0.65
1988-10-20,7.4,22.61,17.09,28.37,nasa,0.67
1988-10-21,5.99,23.3,17.78,28.23,nasa,0.67
1988-10-22,15.94,23.23,17.51,28.55,nasa,0.68
1988-10-23,21.55,22.15,17.23,26.24,nasa,0.71
1988-10-24,2.73,22.86,17.51,28.13,nasa,0.71
1988-10-25,4.75,23.19,19.22,26.91,nasa,0.71
1988-10-26,18.92,23.17,19.21,27.94,nasa,0.72
1988-10-27,16.51,21.97,18.27,26.99,nasa,0.74
1988-10-28,5.05,20.04,15.14,25.53,nasa,0.74
1988-10-29,3.87,21.5,17.07,26.74,nasa,0.73
1988-10-30,3.58,22.14,17.5,27.8,nasa,0.72
1988-10-31,6.58,22.91,17.69,28.12,nasa,0.72
1988-11-01,4.43,23.05,19.86,28.2,nasa,0.72
1988-11-02,3.58,18.61,15.02,21.06,nasa,0.72
1988-11-03,5.54,16.9,13.15,21.12,nasa,0.72
1988-11-04,9.01,17.14,13.56,21.86,nasa,0.72
1988-11-05,7.2,16.47,12.88,21.37,nasa,0.73
1988-11-06,3.26,18.92,14.62,24.1,nasa,0.73
1988-11-07,3.44,19.82,16.61,24.98,nasa,0.72
1988-11-08,2.63,20.51,16.85,25.65,nasa,0.72
1988-11-09,1.57,20.12,17.74,23.78,nasa,0.72
1988-11-10,0.97,22.18,15.7,28.37,nasa,0.71
1988-11-11,0.22,23.02,17.52,28.82,nasa,0.7
1988-11-12,0.35,23.05,16.17,29.8,nasa,0.69
1988-11-13,2.83,23.76,17.28,29.16,nasa,0.69
1988-11-14,6.06,23.42,18.95,28.31,nasa,0.68
1988-11-15,0.59,21.81,17.12,27.4,nasa,0.69
1988-11-16,0.36,22.61,17.88,28.53,nasa,0.68
1988-11-17,0.01,21.95,16.88,28.21,nasa,0.67
1988-11-18,0.29,22.15,17.47,27.64,nasa,0.67
1988-11-19,3.1,23.29,16.92,29.41,nasa,0.66
1988-11-20,13.91,21.37,18.74,24.81,nasa,0.67
1988-11-21,17.22,21.61,17.88,26.43,nasa,0.7
1988-11-22,13.77,21.69,18.63,25.73,nasa,0.72
1988-11-23,19.92,21.71,18.56,25.92,nasa,0.75
1988-11-24,3.04,22.5,17.54,28.76,nasa,0.75
1988-11-25,3.06,21.25,17.28,26.31,nasa,0.74
1988-11-26,2.58,21.69,16.69,27.44,nasa,0.73
1988-11-27,3.88,22.82,18.13,27.6,nasa,0.73
1988-11-28,0.12,22.24,17.44,28.0,nasa,0.72
1988-11-29,0.41,20.05,15.4,25.96,nasa,0.71
1988-11-30,0.82,20.71,14.13,27.03,nasa,0.7
1988-12-01,2.94,21.25,16.58,26.71,nasa,0.69
1988-12-02,3.31,21.88,17.59,27.18,nasa,0.69
1988-12-03,6.57,21.65,18.05,27.07,nasa,0.7
1988-12-04,0.42,21.01,16.06,26.84,nasa,0.7
1988-12-05,1.51,21.72,16.48,28.15,nasa,0.69
1988-12-06,0.95,21.81,16.07,28.36,nasa,0.68
1988-12-07,3.69,21.6,15.44,28.31,nasa,0.68
1988-12-08,4.14,22.5,15.48,28.59,nasa,0.67
1988-12-09,4.0,23.2,17.88,29.16,nasa,0.67
1988-12-10,7.13,23.28,16.83,29.17,nasa,0.68
1988-12-11,15.96,22.59,18.17,27.98,nasa,0.69
1988-12-12,16.75,20.89,19.0,24.74,nasa,0.72
1988-12-13,13.96,21.39,18.93,26.21,nasa,0.73
1988-12-14,9.57,21.29,18.51,25.39,nasa,0.75
1988-12-15,12.61,22.06,18.38,26.86,nasa,0.76
1988-12-16,4.06,21.5,17.86,26.43,nasa,0.76
1988-12-17,5.88,20.44,17.1,25.27,nasa,0.75
1988-12-18,9.27,20.72,16.95,26.0,nasa,0.75
1988-12-19,5.57,20.89,17.53,24.71,nasa,0.75
1988-12-20,9.55,21.11,19.16,24.28,nasa,0.75
1988-12-21,16.22,21.66,18.68,25.04,nasa,0.77
1988-12-22,28.07,20.3,17.98,23.5,nasa,0.8
1988-12-23,22.76,20.54,17.45,23.75,nasa,0.82
1988-12-24,5.38,20.81,18.16,24.57,nasa,0.83
1988-12-25,16.59,21.09,17.17,25.66,nasa,0.82
1988-12-26,2.44,22.57,17.4,26.98,nasa,0.82
1988-12-27,2.4,22.68,18.58,26.65,nasa,0.8
1988-12-28,0.34,22.8,18.1,28.55,nasa,0.79
1988-12-29,0.41,23.65,18.23,29.46,nasa,0.77
1988-12-30,0.78,23.75,18.61,29.64,nasa,0.76
1988-12-31,4.38,23.74,18.11,29.28,nasa,0.75
1989-01-01,2.95,22.44,17.69,27.17,nasa,0.75
1989-01-02,10.41,21.38,17.65,25.87,nasa,0.75
1989-01-03,11.83,20.3,16.98,24.61,nasa,0.76
1989-01-04,21.65,20.13,17.9,23.92,nasa,0.79
1989-01-05,13.14,20.07,17.36,24.36,nasa,0.8
1989-01-06,17.42,20.74,17.84,24.74,nasa,0.82
1989-01-07,17.28,21.26,18.21,25.34,nasa,0.83
1989-01-08,9.07,20.9,17.8,24.34,nasa,0.84
1989-01-09,8.34,20.06,17.42,22.92,nasa,0.84
1989-01-10,3.69,20.16,16.99,23.82,nasa,0.83
1989-01-11,6.0,21.35,17.48,25.85,nasa,0.82
1989-01-12,3.16,22.15,17.43,26.89,nasa,0.81
1989-01-13,6.12,22.16,17.48,26.78,nasa,0.81
1989-01-14,11.75,22.51,18.63,27.07,nasa,0.81
1989-01-15,3.33,22.16,17.61,26.6,nasa,0.82
1989-01-16,6.18,21.77,18.56,26.64,nasa,0.82
1989-01-17,4.41,21.74,18.67,27.05,nasa,0.82
1989-01-18,7.68,22.71,16.85,28.36,nasa,0.81
1989-01-19,1.63,22.52,18.17,27.13,nasa,0.81
1989-01-20,3.26,21.34,17.84,24.78,nasa,0.81
1989-01-21,0.93,22.17,16.5,27.07,nasa,0.81
1989-01-22,0.14,22.27,16.21,28.67,nasa,0.8
1989-01-23,0.18,22.0,17.85,27.0,nasa,0.79
1989-01-24,0.17,22.03,17.52,27.09,nasa,0.78
1989-01-25,0.58,21.47,17.27,26.44,nasa,0.77
1989-01-26,0.41,21.28,15.61,26.8,nasa,0.77
1989-01-27,0.0,21.79,16.48,26.93,nasa,0.76
1989-01-28,0.37,21.83,17.22,26.71,nasa,0.75
1989-01-29,0.1,21.68,16.54,27.13,nasa,0.75
1989-01-30,0.29,21.5,17.43,27.38,nasa,0.74
1989-01-31,0.13,21.59,16.02,27.77,nasa,0.73
1989-02-01,1.83,22.72,16.12,28.87,nasa,0.73
1989-02-02,6.02,23.2,17.61,28.53,nasa,0.73
1989-02-03,5.87,21.94,18.11,26.91,nasa,0.74
1989-02-04,9.14,21.87,17.98,26.71,nasa,0.74
1989-02-05,17.98,21.46,17.63,25.69,nasa,0.76
1989-02-06,13.96,20.78,18.73,23.69,nasa,0.79
1989-02-07,21.41,20.78,17.89,23.66,nasa,0.81
1989-02-08,26.7,21.35,18.23,25.34,nasa,0.83
1989-02-09,25.14,20.64,18.79,23.15,nasa,0.87
1989-02-10,20.67,20.85,18.33,24.17,nasa,0.88
1989-02-11,22.87,20.22,18.39,22.78,nasa,0.89
1989-02-12,5.12,21.42,16.92,26.94,nasa,0.88
1989-02-13,5.75,22.4,18.06,27.3,nasa,0.86
1989-02-14,13.24,21.41,18.56,24.94,nasa,0.86
1989-02-15,3.78,22.03,18.26,26.47,nasa,0.86
1989-02-16,2.37,22.38,18.84,26.65,nasa,0.85
1989-02-17,8.56,22.78,18.89,28.22,nasa,0.84
1989-02-18,13.31,21.91,17.89,27.04,nasa,0.85
1989-02-19,0.39,21.24,15.49,26.32,nasa,0.85
1989-02-20,2.39,22.13,16.9,26.59,nasa,0.84
1989-02-21,8.21,22.52,17.77,27.58,nasa,0.84
1989-02-22,4.54,22.64,17.33,27.18,nasa,0.84
1989-02-23,2.27,22.36,19.0,26.28,nasa,0.84
1989-02-24,10.59,21.73,18.9,25.27,nasa,0.85
1989-02-25,4.91,22.32,17.64,26.77,nasa,0.85
1989-02-26,4.09,22.44,17.44,27.84,nasa,0.85
1989-02-27,4.03,22.24,19.05,26.58,nasa,0.85
1989-02-28,4.93,22.44,18.85,27.39,nasa,0.84
1989-03-01,12.95,21.7,17.32,26.69,nasa,0.84
1989-03-02,8.49,20.98,18.18,24.35,nasa,0.86
1989-03-03,1.68,21.93,17.06,26.68,nasa,0.85
1989-03-04,8.66,22.2,17.23,26.2,nasa,0.85
1989-03-05,7.5,21.22,18.84,23.45,nasa,0.86
1989-03-06,3.03,22.06,17.31,27.37,nasa,0.85
1989-03-07,8.08,22.24,18.4,27.29,nasa,0.85
1989-03-08,3.84,22.27,18.03,27.08,nasa,0.85
1989-03-09,2.72,22.96,19.09,27.51,nasa,0.85
1989-03-10,1.56,23.15,19.47,27.96,nasa,0.85
1989-03-11,5.75,21.68,18.08,26.54,nasa,0.84
1989-03-12,9.31,22.28,19.78,26.19,nasa,0.85
1989-03-13,16.54,22.02,19.76,25.57,nasa,0.87
1989-03-14,16.22,21.44,18.37,25.76,nasa,0.88
1989-03-15,7.28,20.99,18.34,25.02,nasa,0.88
1989-03-16,4.75,21.45,17.87,25.95,nasa,0.87
1989-03-17,2.86,21.09,16.95,26.44,nasa,0.87
1989-03-18,0.45,20.52,15.11,26.32,nasa,0.86
1989-03-19,0.27,20.39,17.19,24.62,nasa,0.86
1989-03-20,0.36,21.28,17.95,26.35,nasa,0.85
1989-03-21,0.23,20.8,16.25,26.4,nasa,0.85
1989-03-22,0.27,20.97,16.84,26.45,nasa,0.84
1989-03-23,0.06,20.14,14.51,26.63,nasa,0.84
1989-03-24,0.16,20.71,15.63,26.92,nasa,0.83
1989-03-25,0.05,20.46,16.22,26.34,nasa,0.82
1989-03-26,0.26,19.22,16.08,24.25,nasa,0.82
1989-03-27,0.39,20.42,14.46,26.93,nasa,0.82
1989-03-28,2.82,21.02,16.62,25.88,nasa,0.81
1989-03-29,0.69,20.28,17.42,24.06,nasa,0.82
1989-03-30,0.04,20.67,16.72,25.81,nasa,0.81
1989-03-31,0.0,20.64,16.59,26.51,nasa,0.81
1989-04-01,0.02,21.58,15.91,27.02,nasa,0.8
1989-04-02,0.06,22.57,16.94,27.87,nasa,0.79
1989-04-03,0.93,22.44,17.71,27.4,nasa,0.79
1989-04-04,0.16,22.06,16.91,27.42,nasa,0.79
1989-04-05,0.41,21.45,17.03,26.84,nasa,0.78
1989-04-06,0.19,20.8,15.66,27.22,nasa,0.78
1989-04-07,0.07,20.55,16.05,26.14,nasa,0.77
1989-04-08,0.02,19.9,14.77,26.24,nasa,0.77
1989-04-09,0.2,20.66,15.86,26.51,nasa,0.77
1989-04-10,5.26,21.21,16.65,26.45,nasa,0.77
1989-04-11,6.78,21.57,17.18,25.46,nasa,0.77
1989-04-12,6.38,21.08,18.41,24.63,nasa,0.79
1989-04-13,7.69,21.06,16.8,26.03,nasa,0.79
1989-04-14,5.76,20.56,17.28,24.77,nasa,0.8
1989-04-15,0.23,20.94,17.41,25.97,nasa,0.8
1989-04-16,0.77,20.28,16.03,25.64,nasa,0.79
1989-04-17,0.37,20.17,15.84,25.53,nasa,0.78
1989-04-18,0.29,20.74,15.63,25.61,nasa,0.78
1989-04-19,1.26,21.33,16.79,26.41,nasa,0.77
1989-04-20,0.48,19.84,16.18,24.92,nasa,0.77
1989-04-21,0.55,19.04,14.82,24.25,nasa,0.77
1989-04-22,0.37,19.12,15.93,23.9,nasa,0.76
1989-04-23,1.94,17.35,15.16,20.47,nasa,0.76
1989-04-24,0.25,17.38,13.81,22.5,nasa,0.76
1989-04-25,0.23,17.94,13.41,23.88,nasa,0.76
1989-04-26,0.19,17.99,12.9,24.49,nasa,0.76
1989-04-27,0.0,17.34,12.6,22.7,nasa,0.75
1989-04-28,0.16,19.7,13.27,25.38,nasa,0.75
1989-04-29,0.0,21.52,16.23,27.54,nasa,0.75
1989-04-30,2.67,21.33,16.36,26.64,nasa,0.74
1989-05-01,8.45,21.44,17.11,25.89,nasa,0.75
1989-05-02,8.53,21.31,17.81,26.32,nasa,0.76
1989-05-03,0.16,21.4,17.66,26.47,nasa,0.77
1989-05-04,0.02,21.8,15.48,27.28,nasa,0.76
1989-05-05,0.15,22.08,16.2,27.29,nasa,0.76
1989-05-06,0.83,21.28,16.66,26.31,nasa,0.75
1989-05-07,0.0,18.91,15.15,24.91,nasa,0.74
1989-05-08,0.01,17.03,14.09,21.51,nasa,0.74
1989-05-09,0.0,16.26,13.04,20.44,nasa,0.74
1989-05-10,0.0,16.29,12.16,21.32,nasa,0.74
1989-05-11,0.12,16.34,11.72,22.45,nasa,0.73
1989-05-12,0.44,16.31,12.29,22.05,nasa,0.73
1989-05-13,0.06,16.66,12.85,22.38,nasa,0.73
1989-05-14,0.0,15.95,11.65,22.07,nasa,0.73
1989-05-15,0.0,17.21,13.84,22.66,nasa,0.72
1989-05-16,0.0,15.81,11.09,22.62,nasa,0.72
1989-05-17,0.0,15.15,9.37,22.7,nasa,0.72
1989-05-18,0.12,16.6,11.09,22.31,nasa,0.71
1989-05-19,0.12,16.42,12.32,22.21,nasa,0.71
1989-05-20,0.0,15.98,10.11,23.19,nasa,0.71
1989-05-21,0.0,16.44,11.32,23.35,nasa,0.71
1989-05-22,0.0,17.84,13.47,24.1,nasa,0.71
1989-05-23,0.0,17.29,12.81,23.2,nasa,0.71
1989-05-24,0.0,18.79,11.81,25.1,nasa,0.7
1989-05-25,0.01,19.22,13.88,25.89,nasa,0.7
1989-05-26,0.0,17.56,12.33,24.56,nasa,0.7
1989-05-27,0.03,13.6,7.73,20.9,nasa,0.7
1989-05-28,0.01,13.58,7.84,21.33,nasa,0.69
1989-05-29,0.0,14.09,6.55,22.57,nasa,0.69
1989-05-30,0.0,15.6,8.99,23.06,nasa,0.69
1989-05-31,0.0,17.17,9.61,24.96,nasa,0.69
1989-06-01,0.0,17.22,11.01,24.54,nasa,0.69
1989-06-02,0.0,17.67,12.7,24.27,nasa,0.68
1989-06-03,0.0,18.5,11.98,24.91,nasa,0.68
1989-06-04,0.0,19.38,13.76,25.15,nasa,0.68
1989-06-05,0.05,19.17,14.0,25.35,nasa,0.68
1989-06-06,1.76,18.17,12.9,24.37,nasa,0.68
1989-06-07,0.59,17.89,11.94,24.57,nasa,0.68
1989-06-08,0.86,19.32,13.86,24.92,nasa,0.68
1989-06-09,1.71,19.83,15.21,25.65,nasa,0.68
1989-06-10,2.57,18.78,14.3,24.38,nasa,0.68
1989-06-11,5.08,15.94,14.1,19.13,nasa,0.69
1989-06-12,0.64,15.77,12.3,21.09,nasa,0.69
1989-06-13,0.01,15.06,10.82,22.05,nasa,0.69
1989-06-14,0.02,13.0,8.26,20.39,nasa,0.69
1989-06-15,0.12,11.66,7.85,17.2,nasa,0.69
1989-06-16,0.46,14.4,8.08,21.67,nasa,0.68
1989-06-17,0.01,16.67,10.24,22.98,nasa,0.68
1989-06-18,0.0,16.67,10.33,23.71,nasa,0.68
1989-06-19,0.0,16.84,11.02,23.55,nasa,0.68
1989-06-20,0.0,17.56,11.76,23.67,nasa,0.68
1989-06-21,0.0,17.71,12.02,23.97,nasa,0.67
1989-06-22,0.43,18.17,12.97,24.11,nasa,0.67
1989-06-23,3.08,17.73,11.9,23.82,nasa,0.67
1989-06-24,1.06,18.2,11.88,24.4,nasa,0.67
1989-06-25,6.97,18.27,14.25,22.96,nasa,0.68
1989-06-26,0.0,14.87,9.55,21.18,nasa,0.68
1989-06-27,0.41,13.56,8.19,21.36,nasa,0.68
1989-06-28,0.01,15.41,7.18,23.58,nasa,0.68
1989-06-29,0.26,17.96,12.98,24.47,nasa,0.68
1989-06-30,0.09,17.79,13.75,22.69,nasa,0.68
1989-07-01,0.1,19.38,14.52,26.08,nasa,0.67
1989-07-02,0.0,18.43,13.42,25.35,nasa,0.67
1989-07-03,0.0,18.15,11.69,25.6,nasa,0.67
1989-07-04,0.0,17.35,12.73,23.86,nasa,0.67
1989-07-05,0.09,17.85,11.87,25.08,nasa,0.66
1989-07-06,0.57,17.48,11.55,23.64,nasa,0.66
1989-07-07,0.36,11.27,8.21,15.2,nasa,0.66
1989-07-08,0.17,12.54,8.56,17.9,nasa,0.66
1989-07-09,0.0,14.17,9.18,21.09,nasa,0.66
1989-07-10,0.04,13.31,7.97,21.13,nasa,0.66
1989-07-11,0.0,12.4,5.69,20.32,nasa,0.66
1989-07-12,0.0,11.97,7.5,19.28,nasa,0.66
1989-07-13,0.0,13.41,5.4,21.63,nasa,0.66
1989-07-14,0.0,14.87,7.36,23.6,nasa,0.65
1989-07-15,0.0,14.5,7.67,23.46,nasa,0.65
1989-07-16,0.0,14.25,7.06,23.09,nasa,0.65
1989-07-17,0.0,13.95,8.1,22.13,nasa,0.65
1989-07-18,0.0,13.36,6.28,22.22,nasa,0.65
1989-07-19,0.0,13.56,7.76,21.92,nasa,0.65
1989-07-20,0.0,13.64,7.43,22.09,nasa,0.64
1989-07-21,0.0,14.87,6.35,23.46,nasa,0.64
1989-07-22,0.0,16.17,8.09,24.16,nasa,0.64
1989-07-23,0.0,16.41,8.72,25.42,nasa,0.64
1989-07-24,0.0,17.76,8.91,27.06,nasa,0.64
1989-07-25,0.0,19.99,13.18,28.35,nasa,0.63
1989-07-26,0.09,20.81,14.14,28.25,nasa,0.63
1989-07-27,0.44,20.72,14.2,28.28,nasa,0.63
1989-07-28,4.02,19.77,14.14,26.76,nasa,0.63
1989-07-29,8.89,19.51,15.14,25.28,nasa,0.65
1989-07-30,20.35,20.87,15.97,26.36,nasa,0.67
1989-07-31,3.88,18.92,11.91,25.38,nasa,0.69
1989-08-01,0.0,17.05,9.32,25.66,nasa,0.69
1989-08-02,0.0,17.62,13.27,24.44,nasa,0.68
1989-08-03,0.0,15.47,9.47,23.41,nasa,0.68
1989-08-04,0.0,16.28,8.89,24.54,nasa,0.67
1989-08-05,0.12,16.85,8.95,24.76,nasa,0.67
1989-08-06,0.16,18.06,12.13,25.36,nasa,0.66
1989-08-07,0.33,17.62,11.21,24.81,nasa,0.66
1989-08-08,0.0,17.53,11.03,25.27,nasa,0.66
1989-08-09,0.0,18.4,10.57,26.1,nasa,0.65
1989-08-10,0.0,18.54,12.8,26.39,nasa,0.65
1989-08-11,0.0,15.42,9.38,24.17,nasa,0.65
1989-08-12,0.0,15.98,7.6,25.38,nasa,0.64
1989-08-13,0.0,16.99,11.66,25.19,nasa,0.64
1989-08-14,0.17,16.5,11.58,24.66,nasa,0.64
1989-08-15,0.0,16.15,9.22,25.21,nasa,0.64
1989-08-16,0.01,18.19,11.5,26.03,nasa,0.63
1989-08-17,0.09,19.55,13.49,26.53,nasa,0.63
1989-08-18,0.13,19.17,13.73,26.23,nasa,0.63
1989-08-19,0.07,19.06,13.22,25.68,nasa,0.63
1989-08-20,0.15,19.78,14.8,26.76,nasa,0.63
1989-08-21,1.09,20.9,14.28,28.5,nasa,0.63
1989-08-22,0.87,22.18,15.9,29.38,nasa,0.62
1989-08-23,0.98,23.0,17.66,29.06,nasa,0.62
1989-08-24,5.37,22.39,17.23,29.23,nasa,0.63
1989-08-25,4.86,21.18,16.69,27.09,nasa,0.63
1989-08-26,2.65,20.03,16.35,24.98,nasa,0.64
1989-08-27,12.58,19.43,16.45,24.37,nasa,0.65
1989-08-28,2.75,19.57,15.63,26.03,nasa,0.67
1989-08-29,0.02,18.46,12.36,25.29,nasa,0.66
1989-08-30,0.03,19.18,13.96,25.69,nasa,0.66
1989-08-31,0.1,20.25,14.69,27.19,nasa,0.65
1989-09-01,0.05,20.78,15.77,27.74,nasa,0.65
1989-09-02,0.11,20.93,14.73,28.57,nasa,0.65
1989-09-03,4.22,18.71,11.79,26.17,nasa,0.64
1989-09-04,13.71,18.24,13.98,24.35,nasa,0.66
1989-09-05,9.46,19.72,14.95,26.62,nasa,0.67
1989-09-06,1.13,21.1,14.65,28.21,nasa,0.68
1989-09-07,0.5,23.99,18.51,29.92,nasa,0.68
1989-09-08,0.85,23.43,16.99,30.57,nasa,0.67
1989-09-09,2.39,22.79,17.56,29.87,nasa,0.66
1989-09-10,0.0,23.51,17.62,30.58,nasa,0.66
1989-09-11,0.39,23.95,17.72,30.88,nasa,0.65
1989-09-12,0.11,24.09,18.05,31.85,nasa,0.65
1989-09-13,0.9,24.97,17.87,32.82,nasa,0.64
1989-09-14,1.81,24.44,17.3,32.5,nasa,0.64
1989-09-15,0.94,22.65,16.56,29.16,nasa,0.64
1989-09-16,0.0,19.17,12.45,28.25,nasa,0.64
1989-09-17,0.0,18.78,10.97,28.21,nasa,0.63
1989-09-18,0.49,17.88,10.5,27.16,nasa,0.63
1989-09-19,3.1,19.04,12.02,26.95,nasa,0.63
1989-09-20,5.23,20.36,14.14,27.07,nasa,0.63
1989-09-21,1.31,21.92,14.76,29.34,nasa,0.64
1989-09-22,0.09,22.45,16.04,29.86,nasa,0.63
1989-09-23,0.04,22.62,16.52,30.72,nasa,0.63
1989-09-24,0.0,23.1,15.75,30.97,nasa,0.62
1989-09-25,0.44,24.15,16.68,32.99,nasa,0.62
1989-09-26,4.17,22.08,15.95,29.4,nasa,0.62
1989-09-27,0.26,23.01,17.32,30.41,nasa,0.62
1989-09-28,1.18,23.84,17.3,31.7,nasa,0.62
1989-09-29,4.62,22.04,19.01,26.65,nasa,0.62
1989-09-30,1.79,21.8,16.98,28.77,nasa,0.63
1989-10-01,2.38,19.59,15.39,24.94,nasa,0.63
1989-10-02,0.37,20.56,13.58,28.23,nasa,0.63
1989-10-03,1.84,20.47,15.44,25.89,nasa,0.63
1989-10-04,1.78,20.68,16.57,26.68,nasa,0.63
1989-10-05,0.02,23.34,16.64,31.52,nasa,0.63
1989-10-06,1.03,23.92,17.02,31.17,nasa,0.62
1989-10-07,0.44,24.52,17.94,31.91,nasa,0.62
1989-10-08,0.21,24.12,18.29,30.81,nasa,0.62
1989-10-09,0.23,25.46,18.02,34.16,nasa,0.61
1989-10-10,4.95,24.63,18.95,31.19,nasa,0.61
1989-10-11,15.97,22.71,18.36,27.42,nasa,0.63
1989-10-12,2.47,22.76,18.0,28.19,nasa,0.65
1989-10-13,0.01,20.82,14.95,28.31,nasa,0.65
1989-10-14,0.08,19.73,10.66,29.85,nasa,0.64
1989-10-15,3.29,20.48,12.72,28.63,nasa,0.64
1989-10-16,8.83,21.66,16.75,28.18,nasa,0.64
1989-10-17,2.99,22.79,18.02,30.38,nasa,0.65
1989-10-18,2.95,20.68,14.95,27.58,nasa,0.65
1989-10-19,1.61,20.58,14.61,26.96,nasa,0.65
1989-10-20,0.24,21.71,14.93,28.85,nasa,0.64
1989-10-21,5.49,21.69,15.54,28.29,nasa,0.64
1989-10-22,8.32,19.66,16.66,24.32,nasa,0.65
1989-10-23,2.92,21.89,16.37,28.39,nasa,0.66
1989-10-24,3.13,22.15,17.01,29.69,nasa,0.66
1989-10-25,1.05,21.66,14.15,29.55,nasa,0.65
1989-10-26,0.28,22.79,17.06,29.26,nasa,0.65
1989-10-27,1.7,23.09,18.2,28.57,nasa,0.64
1989-10-28,6.47,21.66,17.99,26.08,nasa,0.65
1989-10-29,1.01,21.97,17.21,28.76,nasa,0.65
1989-10-30,0.01,23.43,15.93,31.11,nasa,0.64
1989-10-31,0.07,24.38,17.06,31.56,nasa,0.64
1989-11-01,1.49,24.19,19.58,29.95,nasa,0.63
1989-11-02,5.17,23.16,16.64,29.95,nasa,0.63
1989-11-03,13.17,23.4,18.25,29.36,nasa,0.65
1989-11-04,7.92,22.64,17.19,28.67,nasa,0.65
1989-11-05,2.7,23.44,17.7,30.23,nasa,0.66
1989-11-06,0.14,21.75,14.06,30.46,nasa,0.65
1989-11-07,5.16,21.86,16.52,28.57,nasa,0.65
1989-11-08,2.02,22.56,16.06,29.51,nasa,0.65
1989-11-09,13.7,21.77,18.07,25.73,nasa,0.66
1989-11-10,4.54,20.1,17.49,23.5,nasa,0.67
1989-11-11,41.49,20.13,17.04,24.24,nasa,0.71
1989-11-12,18.5,21.2,18.13,24.79,nasa,0.75
1989-11-13,1.17,21.63,19.11,25.78,nasa,0.75
1989-11-14,1.28,19.75,16.42,25.19,nasa,0.74
1989-11-15,0.37,21.54,15.4,27.25,nasa,0.72
1989-11-16,11.99,21.14,18.23,25.77,nasa,0.72
1989-11-17,29.75,21.07,17.58,25.47,nasa,0.73
1989-11-18,20.86,20.93,18.13,25.0,nasa,0.78
1989-11-19,5.18,19.42,16.57,22.71,nasa,0.78
1989-11-20,8.23,19.3,16.77,22.35,nasa,0.77
1989-11-21,11.08,19.52,16.51,23.54,nasa,0.77
1989-11-22,3.56,21.29,17.73,24.83,nasa,0.77
1989-11-23,2.98,23.28,18.15,28.34,nasa,0.76
1989-11-24,7.41,23.35,19.16,28.33,nasa,0.75
1989-11-25,1.05,23.31,17.98,29.35,nasa,0.74
1989-11-26,3.46,22.82,16.33,29.45,nasa,0.73
1989-11-27,25.94,23.06,16.61,28.93,nasa,0.75
1989-11-28,5.63,22.58,19.82,25.34,nasa,0.76
1989-11-29,7.24,22.99,18.85,26.91,nasa,0.76
1989-11-30,7.98,21.45,18.51,25.86,nasa,0.76
1989-12-01,4.7,20.7,17.37,24.19,nasa,0.76
1989-12-02,0.85,20.32,17.05,23.9,nasa,0.75
1989-12-03,0.45,20.73,16.42,25.6,nasa,0.74
1989-12-04,5.38,22.83,18.57,27.67,nasa,0.74
1989-12-05,1.96,22.84,18.3,28.72,nasa,0.73
1989-12-06,7.32,21.48,17.34,26.3,nasa,0.74
1989-12-07,0.52,22.01,15.43,28.55,nasa,0.73
1989-12-08,0.57,21.67,17.37,26.46,nasa,0.72
1989-12-09,7.76,23.31,19.41,28.21,nasa,0.72
1989-12-10,25.25,21.9,19.94,24.75,nasa,0.74
1989-12-11,43.55,21.37,19.09,25.24,nasa,0.79
1989-12-12,41.53,20.66,18.36,24.6,nasa,0.85
1989-12-13,43.05,20.35,18.13,23.74,nasa,0.89
1989-12-14,30.08,21.3,18.87,25.18,nasa,0.9
1989-12-15,16.87,21.69,19.58,25.03,nasa,0.9
1989-12-16,14.0,20.86,18.87,24.38,nasa,0.89
1989-12-17,7.9,20.64,17.29,25.28,nasa,0.88
1989-12-18,4.35,21.66,16.34,27.8,nasa,0.86
1989-12-19,17.9,21.48,16.84,27.04,nasa,0.85
1989-12-20,10.94,20.92,17.97,24.99,nasa,0.87
1989-12-21,1.37,21.14,16.29,27.25,nasa,0.85
1989-12-22,0.02,21.16,15.36,27.61,nasa,0.84
1989-12-23,3.27,20.67,15.08,27.18,nasa,0.83
1989-12-24,2.0,18.8,15.28,23.38,nasa,0.83
1989-12-25,3.29,18.48,15.66,21.76,nasa,0.82
1989-12-26,3.22,20.04,17.04,24.46,nasa,0.83
1989-12-27,6.87,18.61,15.9,22.08,nasa,0.83
1989-12-28,11.35,19.08,17.41,21.97,nasa,0.84
1989-12-29,11.71,20.1,17.43,23.19,nasa,0.85
1989-12-30,18.26,20.78,18.25,23.9,nasa,0.86
1989-12-31,12.42,20.31,18.52,22.87,nasa,0.87
1990-01-01,9.61,20.36,18.1,23.4,nasa,0.88
1990-01-02,23.29,20.67,17.62,24.69,nasa,0.88
1990-01-03,16.83,19.82,16.56,23.76,nasa,0.9
1990-01-04,14.68,20.98,17.9,25.58,nasa,0.9
1990-01-05,0.99,21.23,17.56,26.31,nasa,0.89
1990-01-06,6.39,21.03,16.87,25.65,nasa,0.88
1990-01-07,0.84,21.1,17.23,25.78,nasa,0.88
1990-01-08,1.56,20.4,14.67,26.62,nasa,0.87
1990-01-09,3.74,20.19,15.17,24.6,nasa,0.86
1990-01-10,5.58,20.43,18.28,23.77,nasa,0.87
1990-01-11,4.15,21.42,17.49,26.41,nasa,0.87
1990-01-12,1.43,21.7,18.04,25.29,nasa,0.86
1990-01-13,0.13,22.87,18.39,28.06,nasa,0.86
1990-01-14,0.14,22.42,17.26,28.64,nasa,0.85
1990-01-15,0.25,21.53,14.91,28.22,nasa,0.84
1990-01-16,0.27,21.54,15.12,27.86,nasa,0.83
1990-01-17,0.35,21.78,14.93,28.1,nasa,0.83
1990-01-18,0.43,22.37,16.48,28.12,nasa,0.82
1990-01-19,0.05,22.08,17.6,27.84,nasa,0.81
1990-01-20,0.37,21.19,16.23,26.97,nasa,0.8
1990-01-21,0.12,21.87,15.32,27.98,nasa,0.8
1990-01-22,0.02,23.22,17.2,28.46,nasa,0.79
1990-01-23,0.22,23.76,17.93,28.37,nasa,0.79
1990-01-24,0.36,23.59,17.83,28.34,nasa,0.78
1990-01-25,2.6,23.94,18.41,29.12,nasa,0.78
1990-01-26,2.42,22.07,19.16,24.98,nasa,0.79
1990-01-27,4.32,22.03,18.53,26.47,nasa,0.79
1990-01-28,0.28,20.68,16.12,26.42,nasa,0.79
1990-01-29,0.59,20.52,16.73,24.38,nasa,0.78
1990-01-30,0.16,20.81,16.62,26.61,nasa,0.78
1990-01-31,0.54,20.96,16.06,27.29,nasa,0.77
1990-02-01,0.29,20.34,14.83,26.53,nasa,0.77
1990-02-02,0.0,19.7,14.54,25.82,nasa,0.76
1990-02-03,1.07,21.48,16.53,27.03,nasa,0.76
1990-02-04,0.19,21.47,17.47,26.56,nasa,0.75
1990-02-05,0.18,20.74,15.8,26.16,nasa,0.75
1990-02-06,1.09,19.95,16.22,24.4,nasa,0.74
1990-02-07,0.85,20.21,14.84,24.87,nasa,0.74
1990-02-08,0.4,21.76,14.81,27.63,nasa,0.74
1990-02-09,5.46,22.73,16.57,28.49,nasa,0.74
1990-02-10,2.41,23.24,18.03,28.82,nasa,0.74
1990-02-11,10.02,23.27,18.84,27.16,nasa,0.75
1990-02-12,9.96,23.16,18.47,27.55,nasa,0.76
1990-02-13,7.54,22.4,18.78,26.25,nasa,0.77
1990-02-14,18.37,22.14,19.25,25.6,nasa,0.79
1990-02-15,9.45,22.02,17.9,26.88,nasa,0.8
1990-02-16,1.18,22.32,18.0,28.1,nasa,0.79
1990-02-17,0.96,22.23,16.32,28.48,nasa,0.78
1990-02-18,0.72,21.88,15.65,28.37,nasa,0.77
1990-02-19,4.28,22.56,16.08,28.67,nasa,0.76
1990-02-20,1.44,22.01,18.14,27.55,nasa,0.76
1990-02-21,5.0,22.32,18.83,27.4,nasa,0.75
1990-02-22,8.82,22.75,17.82,26.99,nasa,0.76
1990-02-23,10.03,21.7,18.93,25.77,nasa,0.77
1990-02-24,10.92,21.53,17.95,25.29,nasa,0.78
1990-02-25,15.28,21.23,18.31,25.5,nasa,0.8
1990-02-26,28.45,20.07,16.68,22.82,nasa,0.82
1990-02-27,10.2,20.9,19.11,24.0,nasa,0.84
1990-02-28,17.01,20.78,18.22,24.28,nasa,0.84
1990-03-01,4.09,20.14,17.15,24.06,nasa,0.84
1990-03-02,1.59,20.56,16.37,26.05,nasa,0.83
1990-03-03,0.55,20.96,16.09,26.28,nasa,0.81
1990-03-04,1.29,21.47,16.4,26.91,nasa,0.8
1990-03-05,4.96,21.94,17.17,26.84,nasa,0.8
1990-03-06,5.94,23.13,17.48,28.12,nasa,0.8
1990-03-07,6.43,21.72,17.83,25.46,nasa,0.8
1990-03-08,1.2,22.45,18.84,27.82,nasa,0.8
1990-03-09,0.13,20.91,16.26,26.89,nasa,0.79
1990-03-10,0.07,21.22,15.31,27.13,nasa,0.79
1990-03-11,1.5,22.22,16.52,27.83,nasa,0.78
1990-03-12,0.93,22.85,17.44,27.95,nasa,0.77
1990-03-13,1.91,24.16,19.62,29.11,nasa,0.77
1990-03-14,2.61,22.71,20.42,26.02,nasa,0.77
1990-03-15,2.47,23.11,18.46,27.1,nasa,0.77
1990-03-16,6.33,22.48,19.49,26.89,nasa,0.77
1990-03-17,4.76,22.2,18.27,27.28,nasa,0.78
1990-03-18,5.43,21.7,18.53,25.71,nasa,0.79
1990-03-19,5.66,21.63,18.88,25.18,nasa,0.79
1990-03-20,4.83,22.26,18.24,26.59,nasa,0.79
1990-03-21,4.67,22.68,19.07,27.38,nasa,0.79
1990-03-22,4.85,21.87,19.12,25.84,nasa,0.79
1990-03-23,14.19,22.1,19.61,26.3,nasa,0.8
1990-03-24,7.66,21.84,18.74,25.68,nasa,0.82
1990-03-25,0.26,23.06,18.15,28.16,nasa,0.81
1990-03-26,4.35,22.09,18.27,26.84,nasa,0.8
1990-03-27,7.26,21.04,18.99,23.75,nasa,0.8
1990-03-28,0.79,22.02,18.0,26.94,nasa,0.8
1990-03-29,0.57,22.47,18.06,27.67,nasa,0.79
1990-03-30,0.05,21.3,17.66,26.95,nasa,0.78
1990-03-31,0.07,21.03,16.95,26.83,nasa,0.78
1990-04-01,0.0,20.58,14.68,27.04,nasa,0.77
1990-04-02,0.54,21.87,15.97,27.71,nasa,0.76
1990-04-03,1.81,22.61,18.12,27.8,nasa,0.76
1990-04-04,3.37,22.85,18.22,28.05,nasa,0.76
1990-04-05,0.64,22.93,19.02,27.65,nasa,0.75
1990-04-06,1.95,23.01,19.2,26.8,nasa,0.75
1990-04-07,2.42,23.05,18.48,28.07,nasa,0.75
1990-04-08,2.69,23.34,18.68,28.56,nasa,0.75
1990-04-09,3.88,23.56,18.29,28.27,nasa,0.75
1990-04-10,4.23,22.98,20.43,26.87,nasa,0.75
1990-04-11,1.51,22.44,18.17,27.85,nasa,0.76
1990-04-12,0.53,21.98,17.45,27.33,nasa,0.75
1990-04-13,1.41,22.28,17.96,27.29,nasa,0.74
1990-04-14,1.72,20.57,18.33,23.8,nasa,0.74
1990-04-15,6.46,21.34,16.72,26.82,nasa,0.75
1990-04-16,5.74,21.15,18.17,25.55,nasa,0.75
1990-04-17,7.92,21.46,17.71,25.44,nasa,0.76
1990-04-18,4.95,21.37,18.22,25.46,nasa,0.77
1990-04-19,2.42,19.96,16.87,24.11,nasa,0.77
1990-04-20,0.12,20.16,17.08,24.72,nasa,0.77
1990-04-21,0.07,19.11,15.84,23.41,nasa,0.76
1990-04-22,0.01,18.99,15.0,24.09,nasa,0.76
1990-04-23,0.0,20.01,14.97,26.08,nasa,0.75
1990-04-24,0.0,20.4,15.83,26.07,nasa,0.74
1990-04-25,0.0,20.12,14.83,25.92,nasa,0.74
1990-04-26,0.0,20.4,15.94,26.07,nasa,0.73
1990-04-27,0.0,20.61,13.95,26.35,nasa,0.73
1990-04-28,0.03,21.25,14.87,27.43,nasa,0.72
1990-04-29,0.02,22.11,16.69,27.8,nasa,0.72
1990-04-30,0.67,21.08,15.75,27.4,nasa,0.71
1990-05-01,1.47,20.84,16.28,26.86,nasa,0.71
1990-05-02,4.75,20.55,16.67,26.55,nasa,0.72
1990-05-03,0.19,20.5,15.94,26.81,nasa,0.71
1990-05-04,0.81,19.91,14.82,26.39,nasa,0.71
1990-05-05,4.99,19.3,15.35,24.82,nasa,0.71
1990-05-06,6.11,19.52,15.53,24.3,nasa,0.72
1990-05-07,0.79,20.11,15.66,25.2,nasa,0.72
1990-05-08,0.13,20.13,17.01,24.82,nasa,0.72
1990-05-09,0.13,19.43,16.56,23.84,nasa,0.72
1990-05-10,0.49,19.15,15.53,23.4,nasa,0.71
1990-05-11,1.22,19.64,15.67,25.55,nasa,0.71
1990-05-12,1.02,19.38,14.55,25.79,nasa,0.71
1990-05-13,0.4,19.11,14.83,24.83,nasa,0.71
1990-05-14,0.26,19.38,14.13,25.32,nasa,0.71
1990-05-15,1.8,20.2,15.29,25.29,nasa,0.7
1990-05-16,4.94,21.33,17.49,25.53,nasa,0.71
1990-05-17,2.52,21.87,18.18,26.93,nasa,0.71
1990-05-18,0.0,16.48,8.72,21.67,nasa,0.71
1990-05-19,0.22,10.96,3.04,20.58,nasa,0.71
1990-05-20,0.0,14.09,6.18,23.29,nasa,0.7
1990-05-21,0.0,17.83,12.27,25.5,nasa,0.7
1990-05-22,0.0,13.58,8.48,21.22,nasa,0.7
1990-05-23,0.06,14.27,7.2,22.84,nasa,0.69
1990-05-24,0.0,17.23,12.63,24.06,nasa,0.69
1990-05-25,0.0,18.16,12.71,25.07,nasa,0.69
1990-05-26,0.0,18.18,12.66,25.02,nasa,0.69
1990-05-27,0.0,18.53,12.86,25.02,nasa,0.68
1990-05-28,0.0,19.18,13.66,25.4,nasa,0.68
1990-05-29,0.0,18.37,14.68,24.27,nasa,0.68
1990-05-30,0.0,18.56,13.15,24.99,nasa,0.68
1990-05-31,0.01,18.0,12.02,25.03,nasa,0.67
1990-06-01,0.07,17.87,12.8,25.01,nasa,0.67
1990-06-02,2.73,17.87,13.47,24.13,nasa,0.67
1990-06-03,0.18,17.78,14.29,23.33,nasa,0.67
1990-06-04,0.0,18.13,12.22,24.88,nasa,0.67
1990-06-05,0.0,18.18,12.62,24.5,nasa,0.67
1990-06-06,0.0,19.85,14.94,26.15,nasa,0.67
1990-06-07,0.0,19.91,12.54,26.61,nasa,0.66
1990-06-08,0.02,18.7,12.79,25.7,nasa,0.66
1990-06-09,0.02,19.5,15.06,26.36,nasa,0.66
1990-06-10,0.0,19.28,13.21,26.54,nasa,0.66
1990-06-11,0.0,18.83,13.79,25.15,nasa,0.66
1990-06-12,0.01,15.62,10.6,22.36,nasa,0.66
1990-06-13,0.0,15.77,10.26,22.29,nasa,0.65
1990-06-14,0.0,17.27,11.64,23.6,nasa,0.65
1990-06-15,0.0,18.35,13.5,24.56,nasa,0.65
1990-06-16,0.0,17.77,11.47,25.31,nasa,0.65
1990-06-17,0.0,17.78,12.29,24.14,nasa,0.65
1990-06-18,0.0,17.29,12.87,23.74,nasa,0.65
1990-06-19,0.01,18.01,12.69,24.22,nasa,0.65
1990-06-20,0.0,18.42,12.89,24.67,nasa,0.65
1990-06-21,0.0,17.77,12.5,24.53,nasa,0.65
1990-06-22,0.0,15.25,8.63,24.13,nasa,0.65
1990-06-23,0.0,16.13,10.43,25.58,nasa,0.64
1990-06-24,0.0,16.66,8.08,26.66,nasa,0.64
1990-06-25,0.0,18.21,9.79,26.81,nasa,0.64
1990-06-26,0.0,19.68,13.69,26.9,nasa,0.64
1990-06-27,0.01,18.32,12.82,26.23,nasa,0.64
1990-06-28,0.0,17.91,12.39,25.42,nasa,0.64
1990-06-29,0.02,17.47,11.71,24.75,nasa,0.64
1990-06-30,0.02,17.89,12.13,24.81,nasa,0.63
1990-07-01,0.28,17.84,12.04,24.43,nasa,0.63
1990-07-02,0.53,18.28,13.58,24.54,nasa,0.63
1990-07-03,0.19,18.96,12.89,25.62,nasa,0.63
1990-07-04,1.63,19.0,13.39,24.53,nasa,0.63
1990-07-05,5.25,18.29,12.83,25.01,nasa,0.64
1990-07-06,11.28,16.67,12.11,21.88,nasa,0.65
1990-07-07,2.19,16.13,11.46,22.29,nasa,0.67
1990-07-08,0.1,16.88,11.65,23.35,nasa,0.66
1990-07-09,0.41,17.3,10.38,24.65,nasa,0.66
1990-07-10,1.43,18.6,13.36,25.77,nasa,0.66
1990-07-11,0.21,16.4,13.36,20.66,nasa,0.66
1990-07-12,5.3,13.35,11.04,16.56,nasa,0.66
1990-07-13,2.93,12.42,9.48,15.81,nasa,0.67
1990-07-14,0.38,14.46,9.92,20.21,nasa,0.67
1990-07-15,0.02,16.58,9.74,24.1,nasa,0.67
1990-07-16,0.01,17.06,10.26,24.89,nasa,0.66
1990-07-17,0.0,18.91,12.07,26.17,nasa,0.66
1990-07-18,0.04,20.01,13.04,27.74,nasa,0.66
1990-07-19,0.0,20.31,13.59,28.44,nasa,0.65
1990-07-20,0.04,20.31,13.1,28.42,nasa,0.65
1990-07-21,0.0,19.87,13.95,27.7,nasa,0.65
1990-07-22,0.0,17.91,12.37,26.1,nasa,0.64
1990-07-23,0.0,17.8,12.27,24.31,nasa,0.64
1990-07-24,0.0,18.75,13.55,25.66,nasa,0.64
1990-07-25,0.0,19.89,13.3,27.26,nasa,0.64
1990-07-26,0.0,19.67,13.76,27.57,nasa,0.63
1990-07-27,0.0,18.5,11.39,26.27,nasa,0.63
1990-07-28,0.01,19.11,13.33,25.85,nasa,0.63
1990-07-29,0.4,17.73,13.91,22.15,nasa,0.63
1990-07-30,0.02,17.47,12.49,23.95,nasa,0.63
1990-07-31,0.0,16.56,9.43,24.21,nasa,0.63
1990-08-01,0.0,16.3,10.98,21.55,nasa,0.63
1990-08-02,0.0,17.87,12.37,24.69,nasa,0.63
1990-08-03,0.0,18.56,12.46,25.49,nasa,0.62
1990-08-04,0.0,18.52,12.29,25.04,nasa,0.62
1990-08-05,0.0,18.12,11.0,25.75,nasa,0.62
1990-08-06,0.0,17.41,12.16,24.14,nasa,0.62
1990-08-07,0.01,16.68,12.02,23.18,nasa,0.62
1990-08-08,0.29,16.79,10.85,23.94,nasa,0.62
1990-08-09,2.57,17.48,13.2,23.88,nasa,0.62
1990-08-10,0.06,17.67,10.87,25.27,nasa,0.62
1990-08-11,0.0,18.87,12.68,26.39,nasa,0.62
1990-08-12,0.0,18.66,12.37,26.92,nasa,0.62
1990-08-13,0.06,18.38,10.97,27.24,nasa,0.62
1990-08-14,0.11,18.6,11.03,27.07,nasa,0.61
1990-08-15,0.0,19.45,12.59,27.03,nasa,0.61
1990-08-16,0.99,20.55,15.0,28.45,nasa,0.61
1990-08-17,1.88,21.19,15.18,28.73,nasa,0.61
1990-08-18,1.78,22.04,16.01,29.21,nasa,0.61
1990-08-19,1.46,21.74,16.25,28.97,nasa,0.62
1990-08-20,1.1,22.52,16.97,29.96,nasa,0.62
1990-08-21,2.15,22.83,17.52,29.23,nasa,0.62
1990-08-22,7.61,21.57,17.48,27.11,nasa,0.62
1990-08-23,1.91,17.98,14.64,21.72,nasa,0.63
1990-08-24,0.4,16.28,11.48,21.8,nasa,0.63
1990-08-25,0.09,17.04,11.55,24.3,nasa,0.63
1990-08-26,0.0,18.13,11.25,26.46,nasa,0.63
1990-08-27,1.01,20.41,13.95,27.52,nasa,0.63
1990-08-28,7.31,20.45,16.62,25.97,nasa,0.63
1990-08-29,1.14,20.38,15.14,26.36,nasa,0.64
1990-08-30,0.7,19.03,15.48,24.35,nasa,0.64
1990-08-31,1.45,19.66,15.19,25.78,nasa,0.64
1990-09-01,8.86,20.48,16.03,26.27,nasa,0.64
1990-09-02,0.42,20.73,16.95,25.78,nasa,0.65
1990-09-03,1.39,20.97,15.53,27.54,nasa,0.65
1990-09-04,0.0,20.48,16.36,26.15,nasa,0.64
1990-09-05,0.0,20.59,14.32,27.51,nasa,0.64
1990-09-06,0.04,21.33,15.45,28.25,nasa,0.64
1990-09-07,0.19,21.07,15.23,27.49,nasa,0.63
1990-09-08,0.15,20.15,16.46,25.43,nasa,0.63
1990-09-09,0.0,21.88,16.34,30.37,nasa,0.63
1990-09-10,0.09,21.03,12.62,30.48,nasa,0.62
1990-09-11,0.97,22.19,12.91,31.41,nasa,0.62
1990-09-12,9.05,23.05,17.15,30.96,nasa,0.62
1990-09-13,2.75,20.26,17.7,22.35,nasa,0.63
1990-09-14,15.1,17.9,14.41,22.53,nasa,0.65
1990-09-15,0.53,17.36,11.94,25.93,nasa,0.66
1990-09-16,0.16,18.57,10.11,28.84,nasa,0.65
1990-09-17,0.16,20.78,13.18,28.98,nasa,0.65
1990-09-18,0.05,21.31,14.57,28.91,nasa,0.64
1990-09-19,0.13,21.66,14.06,29.79,nasa,0.64
1990-09-20,0.01,21.91,14.11,30.98,nasa,0.63
1990-09-21,0.08,21.54,15.33,29.71,nasa,0.63
1990-09-22,0.03,22.28,16.29,29.55,nasa,0.62
1990-09-23,2.12,23.07,17.37,29.68,nasa,0.62
1990-09-24,0.39,22.77,16.73,29.65,nasa,0.62
1990-09-25,0.57,17.07,12.73,22.11,nasa,0.62
1990-09-26,0.05,17.94,9.65,26.72,nasa,0.62
1990-09-27,0.0,19.38,11.87,27.75,nasa,0.61
1990-09-28,0.0,19.18,12.45,28.06,nasa,0.61
1990-09-29,2.71,17.47,12.38,22.97,nasa,0.61
1990-09-30,7.26,19.77,14.42,26.78,nasa,0.61
1990-10-01,7.52,20.18,15.81,25.03,nasa,0.63
1990-10-02,8.33,21.56,15.97,28.08,nasa,0.65
1990-10-03,1.15,22.71,15.71,30.17,nasa,0.65
1990-10-04,0.31,22.43,15.69,30.17,nasa,0.64
1990-10-05,0.0,22.05,14.95,29.97,nasa,0.64
1990-10-06,0.0,22.24,15.1,29.88,nasa,0.63
1990-10-07,0.0,22.26,15.06,30.04,nasa,0.62
1990-10-08,0.0,23.13,16.26,30.39,nasa,0.62
1990-10-09,0.08,24.36,16.38,31.95,nasa,0.62
1990-10-10,0.32,25.42,19.43,32.44,nasa,0.61
1990-10-11,0.39,26.65,19.34,34.08,nasa,0.61
1990-10-12,3.35,25.36,20.81,31.25,nasa,0.61
1990-10-13,0.41,25.56,19.45,32.49,nasa,0.61
1990-10-14,1.06,26.35,20.13,34.02,nasa,0.61
1990-10-15,1.35,23.34,20.38,27.09,nasa,0.61
1990-10-16,24.54,20.93,18.68,24.03,nasa,0.62
1990-10-17,21.92,20.97,15.95,26.38,nasa,0.68
1990-10-18,15.2,22.52,18.48,27.16,nasa,0.7
1990-10-19,10.46,23.23,18.19,29.1,nasa,0.7
1990-10-20,2.29,22.78,19.15,27.63,nasa,0.7
1990-10-21,3.51,23.41,17.46,29.86,nasa,0.69
1990-10-22,2.11,21.82,16.16,28.02,nasa,0.69
1990-10-23,2.75,22.07,15.81,28.74,nasa,0.68
1990-10-24,4.26,22.22,16.62,28.25,nasa,0.68
1990-10-25,4.31,22.06,17.68,27.58,nasa,0.68
1990-10-26,0.77,20.55,14.95,27.18,nasa,0.67
1990-10-27,2.11,21.56,15.44,28.36,nasa,0.67
1990-10-28,0.4,22.01,16.1,28.78,nasa,0.66
1990-10-29,0.22,22.63,16.91,28.93,nasa,0.66
1990-10-30,0.37,23.53,17.28,30.29,nasa,0.65
1990-10-31,0.86,24.35,17.29,31.24,nasa,0.64
1990-11-01,3.92,24.24,18.08,30.46,nasa,0.64
1990-11-02,2.95,23.92,19.95,29.05,nasa,0.65
1990-11-03,8.96,24.98,18.72,30.93,nasa,0.65
1990-11-04,3.28,23.69,21.11,27.61,nasa,0.66
1990-11-05,5.62,24.14,19.54,29.76,nasa,0.66
1990-11-06,12.96,23.3,19.53,28.9,nasa,0.67
1990-11-07,0.95,23.57,19.05,29.47,nasa,0.68
1990-11-08,0.7,24.04,17.85,30.43,nasa,0.67
1990-11-09,1.14,25.05,18.15,31.9,nasa,0.66
1990-11-10,1.29,24.6,20.21,29.32,nasa,0.66
1990-11-11,3.2,25.55,19.97,31.13,nasa,0.65
1990-11-12,0.17,24.88,21.01,29.76,nasa,0.65
1990-11-13,1.25,24.3,21.25,29.13,nasa,0.65
1990-11-14,0.1,25.62,19.48,32.41,nasa,0.65
1990-11-15,0.0,25.69,19.06,33.09,nasa,0.64
1990-11-16,1.19,25.28,18.47,32.87,nasa,0.63
1990-11-17,1.9,24.47,19.81,31.11,nasa,0.63
1990-11-18,4.75,24.02,17.23,31.35,nasa,0.63
1990-11-19,2.12,25.55,17.66,32.77,nasa,0.63
1990-11-20,3.86,23.64,19.03,30.42,nasa,0.63
1990-11-21,1.57,23.23,17.3,29.39,nasa,0.63
1990-11-22,1.0,23.86,17.18,31.15,nasa,0.63
1990-11-23,3.66,23.22,16.63,29.59,nasa,0.63
1990-11-24,10.45,21.56,18.81,25.96,nasa,0.64
1990-11-25,7.85,22.24,17.61,27.4,nasa,0.65
1990-11-26,4.41,23.01,18.27,28.97,nasa,0.66
1990-11-27,6.69,23.46,17.26,30.15,nasa,0.66
1990-11-28,4.92,23.34,18.64,29.1,nasa,0.66
1990-11-29,4.18,23.14,16.97,29.81,nasa,0.66
1990-11-30,1.66,23.96,17.64,30.58,nasa,0.66
1990-12-01,0.0,24.35,18.5,30.47,nasa,0.65
1990-12-02,0.17,24.33,17.99,31.89,nasa,0.64
1990-12-03,0.0,24.66,17.72,32.79,nasa,0.64
1990-12-04,0.0,25.19,18.28,32.29,nasa,0.63
1990-12-05,0.19,25.24,19.07,31.94,nasa,0.62
1990-12-06,0.15,24.61,17.94,31.3,nasa,0.62
1990-12-07,0.89,24.86,18.45,31.28,nasa,0.61
1990-12-08,2.98,23.91,19.02,29.81,nasa,0.61
1990-12-09,9.02,22.9,18.48,30.12,nasa,0.62
1990-12-10,6.03,22.26,19.81,26.42,nasa,0.63
1990-12-11,6.65,22.62,19.39,28.02,nasa,0.64
1990-12-12,4.79,22.59,19.76,26.24,nasa,0.65
1990-12-13,5.3,22.07,19.93,25.11,nasa,0.65
1990-12-14,4.09,21.6,19.7,24.88,nasa,0.66
1990-12-15,1.73,22.84,19.12,26.85,nasa,0.66
1990-12-16,8.66,24.19,19.12,29.75,nasa,0.66
1990-12-17,4.25,23.41,19.72,28.56,nasa,0.67
1990-12-18,4.92,23.92,19.14,28.77,nasa,0.67
1990-12-19,5.51,22.26,19.73,24.85,nasa,0.67
1990-12-20,2.64,21.48,18.47,25.46,nasa,0.68
1990-12-21,1.92,21.57,16.65,26.73,nasa,0.67
1990-12-22,8.6,23.06,17.33,27.93,nasa,0.68
1990-12-23,3.11,23.27,18.0,28.13,nasa,0.68
1990-12-24,5.68,23.75,18.39,28.79,nasa,0.67
1990-12-25,3.52,23.08,20.1,26.92,nasa,0.67
1990-12-26,2.49,21.05,18.24,24.17,nasa,0.68
1990-12-27,3.97,21.69,17.81,25.71,nasa,0.68
1990-12-28,16.52,22.54,17.46,27.87,nasa,0.69
1990-12-29,9.32,22.33,16.3,29.29,nasa,0.7
1990-12-30,0.17,19.59,12.88,26.5,nasa,0.69
1990-12-31,0.07,20.15,13.97,26.67,nasa,0.68
1991-01-01,0.01,20.53,15.17,26.18,nasa,0.67
1991-01-02,0.76,21.43,18.02,26.64,nasa,0.66
1991-01-03,7.79,22.03,17.91,26.97,nasa,0.66
1991-01-04,19.29,20.99,18.2,24.49,nasa,0.68
1991-01-05,24.74,21.24,18.42,24.95,nasa,0.73
1991-01-06,5.68,23.38,18.61,28.42,nasa,0.74
1991-01-07,13.07,21.93,18.06,27.7,nasa,0.74
1991-01-08,16.69,22.84,18.98,27.95,nasa,0.75
1991-01-09,10.17,22.64,19.32,27.48,nasa,0.75
1991-01-10,10.31,21.26,18.98,23.98,nasa,0.75
1991-01-11,22.12,21.82,19.11,25.8,nasa,0.77
1991-01-12,15.94,21.24,19.44,23.47,nasa,0.78
1991-01-13,16.41,21.78,19.14,25.7,nasa,0.79
1991-01-14,26.75,21.96,19.08,25.01,nasa,0.82
1991-01-15,26.42,22.41,19.7,26.36,nasa,0.84
1991-01-16,13.04,21.86,20.14,24.82,nasa,0.84
1991-01-17,1.94,22.93,19.08,28.03,nasa,0.82
1991-01-18,3.92,22.49,18.32,27.44,nasa,0.8
1991-01-19,3.69,21.18,18.4,24.7,nasa,0.79
1991-01-20,13.13,20.91,17.89,24.56,nasa,0.79
1991-01-21,5.66,22.35,17.5,28.0,nasa,0.79
1991-01-22,4.2,22.94,17.68,27.78,nasa,0.79
1991-01-23,4.61,23.47,18.24,28.43,nasa,0.78
1991-01-24,7.26,22.73,19.68,25.94,nasa,0.78
1991-01-25,12.8,21.92,19.13,25.34,nasa,0.79
1991-01-26,17.47,20.97,17.69,24.83,nasa,0.81
1991-01-27,27.59,21.33,16.96,25.59,nasa,0.82
1991-01-28,28.14,20.11,18.48,21.85,nasa,0.85
1991-01-29,8.61,20.74,17.92,24.47,nasa,0.86
1991-01-30,13.43,21.09,17.58,25.13,nasa,0.86
1991-01-31,8.17,22.0,18.02,26.43,nasa,0.85
1991-02-01,13.22,21.05,18.29,25.04,nasa,0.85
1991-02-02,4.57,21.41,17.47,25.61,nasa,0.85
1991-02-03,1.68,20.68,16.51,25.56,nasa,0.84
1991-02-04,2.39,21.65,16.19,27.28,nasa,0.83
1991-02-05,5.52,21.09,16.96,25.28,nasa,0.82
1991-02-06,7.92,21.28,17.72,24.46,nasa,0.83
1991-02-07,6.43,21.28,17.86,25.19,nasa,0.83
1991-02-08,15.71,20.74,18.16,24.15,nasa,0.84
1991-02-09,15.36,20.51,18.87,22.7,nasa,0.86
1991-02-10,10.0,21.59,18.15,26.2,nasa,0.86
1991-02-11,7.61,22.66,17.21,29.14,nasa,0.86
1991-02-12,6.88,23.38,18.08,29.45,nasa,0.85
1991-02-13,4.84,22.87,19.15,27.95,nasa,0.85
1991-02-14,10.37,22.86,18.9,26.63,nasa,0.85
1991-02-15,16.6,22.53,19.7,25.7,nasa,0.86
1991-02-16,18.12,22.91,19.34,27.48,nasa,0.88
1991-02-17,5.12,23.14,18.64,27.94,nasa,0.88
1991-02-18,11.83,22.35,19.1,26.13,nasa,0.87
1991-02-19,4.55,23.0,19.79,27.53,nasa,0.87
1991-02-20,5.39,23.23,19.35,27.85,nasa,0.87
1991-02-21,6.34,22.85,18.57,27.94,nasa,0.86
1991-02-22,4.99,23.05,18.65,27.91,nasa,0.86
1991-02-23,5.09,23.99,19.03,28.55,nasa,0.86
1991-02-24,10.22,22.02,19.45,25.44,nasa,0.86
1991-02-25,8.52,20.93,17.68,25.79,nasa,0.87
1991-02-26,1.71,20.92,16.96,25.15,nasa,0.86
1991-02-27,8.2,20.87,18.7,24.64,nasa,0.86
1991-02-28,3.13,19.79,16.49,24.35,nasa,0.86
1991-03-01,4.6,20.22,15.92,25.09,nasa,0.86
1991-03-02,4.4,20.56,16.93,24.52,nasa,0.86
1991-03-03,9.64,20.74,18.08,24.82,nasa,0.87
1991-03-04,16.23,21.31,18.1,25.68,nasa,0.87
1991-03-05,21.54,20.19,18.39,23.03,nasa,0.89
1991-03-06,33.25,19.92,17.96,23.0,nasa,0.92
1991-03-07,1.88,20.63,17.34,25.51,nasa,0.91
1991-03-08,1.13,20.49,17.23,24.52,nasa,0.9
1991-03-09,0.49,21.04,17.44,25.97,nasa,0.89
1991-03-10,1.01,21.0,17.27,25.54,nasa,0.88
1991-03-11,2.7,22.01,17.84,27.02,nasa,0.88
1991-03-12,8.56,21.7,17.79,25.74,nasa,0.88
1991-03-13,8.03,21.95,18.88,25.56,nasa,0.89
1991-03-14,5.3,22.19,18.45,26.84,nasa,0.89
1991-03-15,6.01,22.35,18.54,27.21,nasa,0.89
1991-03-16,2.53,20.5,16.7,24.29,nasa,0.88
1991-03-17,3.79,20.92,17.27,25.67,nasa,0.88
1991-03-18,4.57,21.69,17.28,26.79,nasa,0.88
1991-03-19,13.2,22.16,19.29,26.49,nasa,0.88
1991-03-20,12.07,21.87,19.27,25.84,nasa,0.89
1991-03-21,21.49,21.89,19.62,25.1,nasa,0.9
1991-03-22,16.06,21.91,18.56,26.23,nasa,0.92
1991-03-23,4.21,20.39,17.83,24.25,nasa,0.91
1991-03-24,10.44,20.47,17.74,23.88,nasa,0.91
1991-03-25,18.6,21.22,18.78,24.66,nasa,0.92
1991-03-26,25.55,21.56,18.66,25.83,nasa,0.93
1991-03-27,22.24,18.79,17.5,19.82,nasa,0.95
1991-03-28,9.71,19.29,16.44,23.44,nasa,0.96
1991-03-29,15.75,18.82,16.74,21.15,nasa,0.96
1991-03-30,27.84,20.59,17.93,24.69,nasa,0.97
1991-03-31,17.91,20.82,18.25,24.31,nasa,0.98
1991-04-01,11.06,19.91,18.76,21.73,nasa,0.99
1991-04-02,5.05,21.68,18.31,25.74,nasa,0.98
1991-04-03,2.67,21.11,19.02,24.57,nasa,0.98
1991-04-04,8.3,21.29,18.45,24.93,nasa,0.98
1991-04-05,5.51,21.21,18.39,25.48,nasa,0.98
1991-04-06,4.23,19.27,16.92,22.67,nasa,0.98
1991-04-07,15.62,19.63,18.03,22.38,nasa,0.98
1991-04-08,6.08,20.5,17.22,24.24,nasa,0.99
1991-04-09,4.66,20.88,17.89,25.28,nasa,0.99
1991-04-10,2.0,20.96,17.39,25.66,nasa,0.98
1991-04-11,0.27,21.1,17.26,25.79,nasa,0.98
1991-04-12,0.03,21.12,17.27,25.85,nasa,0.97
1991-04-13,2.36,20.37,17.39,24.53,nasa,0.97
1991-04-14,0.74,21.04,16.33,25.87,nasa,0.96
1991-04-15,2.86,21.17,17.43,25.65,nasa,0.96
1991-04-16,2.21,19.82,16.72,24.03,nasa,0.96
1991-04-17,1.77,20.49,16.92,25.51,nasa,0.96
1991-04-18,3.81,20.8,16.52,25.95,nasa,0.95
1991-04-19,4.05,21.49,16.45,26.12,nasa,0.95
1991-04-20,5.34,20.09,17.75,23.61,nasa,0.95
1991-04-21,1.02,17.94,14.28,22.14,nasa,0.95
1991-04-22,0.28,17.21,12.6,22.73,nasa,0.94
1991-04-23,0.03,17.79,12.62,23.38,nasa,0.94
1991-04-24,0.75,18.94,14.04,24.35,nasa,0.93
1991-04-25,3.09,19.06,14.64,24.3,nasa,0.93
1991-04-26,9.05,19.31,15.83,23.11,nasa,0.93
1991-04-27,2.28,19.48,15.97,23.41,nasa,0.93
1991-04-28,0.0,18.01,12.89,24.31,nasa,0.93
1991-04-29,0.54,16.66,10.03,23.96,nasa,0.92
1991-04-30,0.03,17.25,12.02,23.37,nasa,0.92
1991-05-01,0.0,17.71,13.22,23.34,nasa,0.91
1991-05-02,0.0,17.39,11.7,23.88,nasa,0.91
1991-05-03,0.0,17.17,12.02,23.06,nasa,0.9
1991-05-04,0.0,18.24,12.34,24.26,nasa,0.9
1991-05-05,0.02,18.43,12.94,24.14,nasa,0.89
1991-05-06,0.04,18.55,13.33,24.46,nasa,0.89
1991-05-07,0.13,18.35,14.28,23.67,nasa,0.89
1991-05-08,0.02,18.92,13.86,24.83,nasa,0.88
1991-05-09,0.01,19.36,14.81,25.03,nasa,0.88
1991-05-10,0.01,19.33,14.46,24.82,nasa,0.88
1991-05-11,0.0,19.56,14.99,24.56,nasa,0.87
1991-05-12,0.0,19.08,13.96,24.52,nasa,0.87
1991-05-13,0.0,18.07,15.2,22.06,nasa,0.87
1991-05-14,0.72,17.83,14.56,22.3,nasa,0.86
1991-05-15,9.3,17.31,13.18,22.6,nasa,0.87
1991-05-16,1.9,16.69,14.28,19.94,nasa,0.88
1991-05-17,0.3,18.2,12.55,23.5,nasa,0.87
1991-05-18,1.86,18.2,13.56,23.15,nasa,0.87
1991-05-19,0.95,17.99,15.46,21.88,nasa,0.87
1991-05-20,1.29,16.8,14.71,21.14,nasa,0.87
1991-05-21,0.33,17.45,13.24,23.24,nasa,0.86
1991-05-22,0.07,18.38,14.01,24.13,nasa,0.86
1991-05-23,0.0,18.99,14.47,24.9,nasa,0.86
1991-05-24,0.0,18.75,14.32,24.56,nasa,0.85
1991-05-25,0.0,18.82,14.28,24.15,nasa,0.85
1991-05-26,0.0,18.96,15.36,24.41,nasa,0.85
1991-05-27,0.0,17.76,13.96,23.47,nasa,0.85
1991-05-28,0.0,16.92,12.88,22.66,nasa,0.84
1991-05-29,0.0,15.92,12.78,21.32,nasa,0.84
1991-05-30,0.0,15.87,11.52,21.48,nasa,0.84
1991-05-31,0.0,15.64,11.27,21.7,nasa,0.84
1991-06-01,0.02,15.26,11.48,21.71,nasa,0.83
1991-06-02,0.19,15.73,11.14,21.99,nasa,0.83
1991-06-03,0.0,15.9,11.46,21.94,nasa,0.83
1991-06-04,0.43,15.92,11.59,22.02,nasa,0.83
1991-06-05,0.2,15.95,11.16,21.19,nasa,0.83
1991-06-06,0.0,17.79,13.29,23.52,nasa,0.82
1991-06-07,0.0,18.14,12.51,24.14,nasa,0.82
1991-06-08,0.0,18.28,12.16,24.05,nasa,0.82
1991-06-09,0.41,17.22,13.32,22.84,nasa,0.81
1991-06-10,0.03,15.84,12.99,19.4,nasa,0.81
1991-06-11,0.0,14.9,10.97,20.33,nasa,0.81
1991-06-12,0.0,14.81,10.15,20.93,nasa,0.81
1991-06-13,0.0,14.86,9.26,21.48,nasa,0.81
1991-06-14,0.0,15.93,11.26,21.62,nasa,0.8
1991-06-15,0.0,16.9,12.58,22.71,nasa,0.8
1991-06-16,0.0,17.04,12.61,22.99,nasa,0.8
1991-06-17,0.0,17.49,11.28,24.53,nasa,0.8
1991-06-18,0.0,17.91,12.07,24.72,nasa,0.8
1991-06-19,0.0,18.08,13.59,24.22,nasa,0.79
1991-06-20,0.0,18.49,14.34,24.84,nasa,0.79
1991-06-21,0.0,18.73,14.52,24.24,nasa,0.79
1991-06-22,0.0,18.18,13.64,24.55,nasa,0.79
1991-06-23,0.0,17.51,13.49,22.44,nasa,0.78
1991-06-24,0.0,16.55,12.82,21.84,nasa,0.78
1991-06-25,0.0,16.23,12.04,22.85,nasa,0.78
1991-06-26,0.08,16.37,12.01,22.51,nasa,0.78
1991-06-27,0.0,16.47,11.97,22.15,nasa,0.78
1991-06-28,0.0,16.58,11.59,22.57,nasa,0.78
1991-06-29,0.0,16.91,11.24,22.79,nasa,0.77
1991-06-30,0.0,17.53,11.75,23.28,nasa,0.77
1991-07-01,0.0,16.22,12.56,21.73,nasa,0.77
1991-07-02,0.0,16.81,12.2,22.21,nasa,0.77
1991-07-03,0.0,17.7,12.32,23.65,nasa,0.77
1991-07-04,0.0,16.97,11.53,23.85,nasa,0.76
1991-07-05,0.0,15.92,9.62,23.23,nasa,0.76
1991-07-06,0.0,17.17,11.94,22.84,nasa,0.76
1991-07-07,0.0,17.02,11.32,23.22,nasa,0.76
1991-07-08,0.0,16.68,10.8,22.78,nasa,0.76
1991-07-09,0.0,16.35,12.06,23.04,nasa,0.75
1991-07-10,0.0,16.92,10.39,23.84,nasa,0.75
1991-07-11,0.0,17.83,11.7,24.54,nasa,0.75
1991-07-12,0.0,18.91,14.31,24.86,nasa,0.75
1991-07-13,1.28,17.96,12.87,23.88,nasa,0.75
1991-07-14,2.29,17.65,13.01,23.47,nasa,0.75
1991-07-15,0.54,16.77,13.73,21.76,nasa,0.75
1991-07-16,0.34,16.61,12.98,21.96,nasa,0.75
1991-07-17,0.09,17.04,13.66,23.06,nasa,0.75
1991-07-18,0.09,16.72,12.66,22.49,nasa,0.74
1991-07-19,0.06,16.55,12.95,22.53,nasa,0.74
1991-07-20,0.0,16.12,12.06,22.03,nasa,0.74
1991-07-21,0.0,15.74,11.09,21.67,nasa,0.74
1991-07-22,0.0,15.77,11.11,21.21,nasa,0.74
1991-07-23,0.0,16.03,10.33,21.89,nasa,0.73
1991-07-24,0.0,17.05,9.94,23.47,nasa,0.73
1991-07-25,0.0,16.66,10.68,23.65,nasa,0.73
1991-07-26,0.0,16.11,11.51,22.18,nasa,0.73
1991-07-27,0.0,15.55,11.42,21.45,nasa,0.72
1991-07-28,0.0,15.82,11.65,21.64,nasa,0.72
1991-07-29,0.0,15.68,11.45,22.14,nasa,0.72
1991-07-30,0.0,15.9,12.0,22.31,nasa,0.72
1991-07-31,0.0,16.0,11.59,22.52,nasa,0.72
1991-08-01,0.0,17.77,10.36,24.94,nasa,0.71
1991-08-02,0.0,19.25,13.16,26.31,nasa,0.71
1991-08-03,0.0,14.83,11.98,18.0,nasa,0.71
1991-08-04,0.0,14.0,9.67,20.55,nasa,0.71
1991-08-05,0.0,15.63,9.47,23.19,nasa,0.71
1991-08-06,0.0,18.52,10.99,25.78,nasa,0.71
1991-08-07,0.0,19.78,13.91,26.81,nasa,0.7
1991-08-08,0.0,19.9,13.76,27.7,nasa,0.7
1991-08-09,0.0,20.8,14.27,28.15,nasa,0.7
1991-08-10,0.0,21.42,15.27,28.88,nasa,0.69
1991-08-11,0.0,22.64,16.82,28.94,nasa,0.69
1991-08-12,0.0,19.09,13.01,26.68,nasa,0.69
1991-08-13,0.03,18.7,12.71,25.42,nasa,0.68
1991-08-14,0.11,18.66,14.41,24.47,nasa,0.68
1991-08-15,0.02,16.02,11.16,21.93,nasa,0.68
1991-08-16,0.07,13.56,8.08,20.72,nasa,0.68
1991-08-17,0.0,13.39,7.18,20.47,nasa,0.68
1991-08-18,0.0,14.51,8.77,21.5,nasa,0.68
1991-08-19,0.0,15.4,10.52,22.22,nasa,0.68
1991-08-20,0.0,17.1,12.53,23.38,nasa,0.67
1991-08-21,0.0,15.69,10.33,22.93,nasa,0.67
1991-08-22,0.0,16.3,9.85,23.2,nasa,0.67
1991-08-23,0.0,16.96,12.28,23.78,nasa,0.67
1991-08-24,0.06,17.17,11.14,24.5,nasa,0.67
1991-08-25,0.11,17.05,9.99,24.5,nasa,0.67
1991-08-26,0.64,17.81,10.97,25.34,nasa,0.66
1991-08-27,0.0,19.19,12.42,26.97,nasa,0.66
1991-08-28,0.0,19.23,12.93,26.77,nasa,0.66
1991-08-29,0.0,19.57,12.94,27.59,nasa,0.66
1991-08-30,0.0,19.71,12.76,28.23,nasa,0.65
1991-08-31,0.0,19.39,12.36,28.24,nasa,0.65
1991-09-01,0.0,18.46,11.43,26.6,nasa,0.65
1991-09-02,0.93,18.06,13.89,24.05,nasa,0.65
1991-09-03,0.78,16.34,10.91,22.48,nasa,0.65
1991-09-04,0.0,16.55,10.68,23.68,nasa,0.65
1991-09-05,0.0,16.52,9.9,24.89,nasa,0.65
1991-09-06,0.0,16.54,9.68,25.53,nasa,0.65
1991-09-07,0.0,16.24,8.58,25.4,nasa,0.64
1991-09-08,0.0,18.0,9.48,26.93,nasa,0.64
1991-09-09,0.0,19.46,12.12,27.82,nasa,0.64
1991-09-10,0.0,17.71,12.75,22.99,nasa,0.64
1991-09-11,0.36,19.98,12.5,27.87,nasa,0.64
1991-09-12,0.0,22.33,13.76,30.73,nasa,0.64
1991-09-13,0.1,22.38,14.53,30.37,nasa,0.63
1991-09-14,1.37,22.74,16.54,29.87,nasa,0.63
1991-09-15,1.86,22.62,17.27,29.47,nasa,0.63
1991-09-16,0.83,23.27,16.7,30.76,nasa,0.63
1991-09-17,3.88,22.0,16.36,28.92,nasa,0.64
1991-09-18,1.69,22.71,16.63,29.69,nasa,0.64
1991-09-19,3.63,20.54,17.42,24.87,nasa,0.64
1991-09-20,6.13,18.77,14.39,22.55,nasa,0.65
1991-09-21,0.74,18.18,13.95,24.86,nasa,0.66
1991-09-22,0.31,19.64,13.78,26.76,nasa,0.65
1991-09-23,0.28,20.82,14.05,27.61,nasa,0.65
1991-09-24,0.75,22.42,15.62,29.61,nasa,0.64
1991-09-25,1.96,22.15,16.89,28.82,nasa,0.64
1991-09-26,1.58,22.1,17.35,28.06,nasa,0.64
1991-09-27,0.86,21.03,14.99,27.91,nasa,0.64
1991-09-28,15.97,21.78,15.4,28.63,nasa,0.65
1991-09-29,3.86,21.32,18.28,25.61,nasa,0.67
1991-09-30,12.55,22.5,16.53,29.29,nasa,0.68
1991-10-01,4.71,23.27,19.92,28.5,nasa,0.69
1991-10-02,13.33,21.8,19.11,25.87,nasa,0.7
1991-10-03,3.19,21.64,18.67,25.78,nasa,0.71
1991-10-04,1.74,21.15,17.75,26.41,nasa,0.71
1991-10-05,2.76,21.18,16.09,27.01,nasa,0.7
1991-10-06,11.17,21.57,18.37,26.67,nasa,0.71
1991-10-07,5.7,22.24,17.67,27.76,nasa,0.72
1991-10-08,1.56,17.54,14.07,20.77,nasa,0.71
1991-10-09,5.4,17.76,14.55,20.97,nasa,0.71
1991-10-10,5.12,20.91,16.02,26.82,nasa,0.72
1991-10-11,0.06,21.64,14.97,28.92,nasa,0.71
1991-10-12,0.4,20.74,16.13,27.53,nasa,0.7
1991-10-13,0.1,21.07,15.78,27.68,nasa,0.69
1991-10-14,0.0,21.59,15.6,28.35,nasa,0.68
1991-10-15,0.45,22.01,15.88,29.02,nasa,0.68
1991-10-16,11.97,20.81,16.64,26.14,nasa,0.68
1991-10-17,4.29,21.71,16.77,26.32,nasa,0.69
1991-10-18,4.86,22.03,18.9,25.86,nasa,0.7
1991-10-19,2.38,21.49,17.06,27.14,nasa,0.7
1991-10-20,0.18,20.64,15.92,26.91,nasa,0.7
1991-10-21,0.0,19.37,12.85,27.21,nasa,0.69
1991-10-22,0.02,19.18,12.59,26.95,nasa,0.68
1991-10-23,0.06,20.36,14.0,27.95,nasa,0.67
1991-10-24,0.03,20.74,14.51,28.15,nasa,0.66
1991-10-25,0.17,21.1,14.83,28.2,nasa,0.66
1991-10-26,0.04,21.3,14.38,28.12,nasa,0.65
1991-10-27,0.0,22.24,15.15,29.66,nasa,0.65
1991-10-28,0.03,23.05,16.26,30.42,nasa,0.64
1991-10-29,0.41,23.61,16.28,30.75,nasa,0.64
1991-10-30,0.8,24.73,17.2,31.99,nasa,0.64
1991-10-31,2.81,25.52,19.89,32.59,nasa,0.63
1991-11-01,7.69,23.51,19.36,29.14,nasa,0.64
1991-11-02,11.34,22.84,16.58,30.66,nasa,0.65
1991-11-03,0.38,23.11,16.26,30.34,nasa,0.66
1991-11-04,0.19,23.27,16.43,30.68,nasa,0.65
1991-11-05,1.03,24.16,17.21,30.6,nasa,0.65
1991-11-06,0.4,24.96,19.45,31.61,nasa,0.64
1991-11-07,5.57,24.74,19.44,31.15,nasa,0.64
1991-11-08,5.66,25.69,17.51,32.99,nasa,0.65
1991-11-09,14.13,24.46,20.23,30.43,nasa,0.67
1991-11-10,1.32,23.33,19.09,28.75,nasa,0.67
1991-11-11,14.82,21.27,18.33,25.24,nasa,0.68
1991-11-12,5.56,20.59,17.46,24.66,nasa,0.7
1991-11-13,9.85,21.49,17.12,25.96,nasa,0.7
1991-11-14,8.92,22.25,18.1,27.08,nasa,0.71
1991-11-15,3.96,23.0,18.77,27.73,nasa,0.71
1991-11-16,3.08,23.47,18.19,29.5,nasa,0.71
1991-11-17,3.74,23.43,17.9,28.7,nasa,0.7
1991-11-18,0.79,24.58,17.78,31.72,nasa,0.69
1991-11-19,3.5,24.66,19.68,30.84,nasa,0.69
1991-11-20,2.98,23.92,18.2,29.89,nasa,0.69
1991-11-21,4.23,22.16,17.84,28.54,nasa,0.68
1991-11-22,0.86,21.58,16.67,27.81,nasa,0.68
1991-11-23,0.87,21.78,17.43,27.46,nasa,0.67
1991-11-24,1.13,21.32,15.84,27.64,nasa,0.67
1991-11-25,0.14,21.6,14.64,28.95,nasa,0.66
1991-11-26,0.27,22.69,15.01,30.16,nasa,0.65
1991-11-27,2.34,23.93,17.13,30.16,nasa,0.65
1991-11-28,7.24,24.2,18.78,30.48,nasa,0.65
1991-11-29,12.66,22.25,18.69,26.87,nasa,0.67
1991-11-30,6.96,21.47,18.67,25.07,nasa,0.68
1991-12-01,10.08,22.13,17.92,27.37,nasa,0.69
1991-12-02,1.02,22.26,17.35,28.23,nasa,0.7
1991-12-03,3.91,21.89,16.5,28.43,nasa,0.69
1991-12-04,3.27,21.58,16.08,28.17,nasa,0.69
1991-12-05,3.63,20.88,16.52,25.07,nasa,0.68
1991-12-06,13.79,21.74,19.22,25.53,nasa,0.7
1991-12-07,30.91,20.91,18.53,24.0,nasa,0.72
1991-12-08,12.33,22.22,18.67,26.87,nasa,0.76
1991-12-09,13.25,21.78,19.8,24.29,nasa,0.77
1991-12-10,14.12,21.95,19.51,25.37,nasa,0.77
1991-12-11,15.21,22.0,19.25,26.21,nasa,0.78
1991-12-12,13.58,22.88,19.03,26.74,nasa,0.79
1991-12-13,9.36,22.66,19.06,25.79,nasa,0.79
1991-12-14,7.04,21.93,19.76,24.5,nasa,0.79
1991-12-15,8.52,22.41,19.4,26.7,nasa,0.78
1991-12-16,9.03,22.17,18.41,27.0,nasa,0.78
1991-12-17,5.12,22.05,16.7,27.55,nasa,0.77
1991-12-18,9.48,21.27,18.32,24.75,nasa,0.78
1991-12-19,7.73,21.29,18.57,25.08,nasa,0.78
1991-12-20,9.36,21.71,18.57,25.43,nasa,0.78
1991-12-21,11.94,22.47,17.32,27.75,nasa,0.78
1991-12-22,0.81,21.18,19.07,24.09,nasa,0.78
1991-12-23,0.0,22.35,17.72,26.69,nasa,0.77
1991-12-24,1.28,22.44,17.6,27.5,nasa,0.76
1991-12-25,0.52,22.76,17.23,28.23,nasa,0.75
1991-12-26,2.1,22.77,17.21,29.02,nasa,0.74
1991-12-27,5.55,22.42,17.17,28.24,nasa,0.74
1991-12-28,5.53,21.67,17.87,26.41,nasa,0.74
1991-12-29,12.21,21.06,17.64,24.84,nasa,0.75
1991-12-30,16.47,20.68,17.87,24.61,nasa,0.77
1991-12-31,28.63,19.84,17.38,22.68,nasa,0.79
1992-01-01,8.07,20.49,17.18,24.57,nasa,0.81
1992-01-02,3.8,21.06,17.26,25.1,nasa,0.79
1992-01-03,4.76,21.89,17.22,26.67,nasa,0.79
1992-01-04,14.44,21.92,18.79,26.35,nasa,0.79
1992-01-05,5.71,22.53,19.18,27.03,nasa,0.79
1992-01-06,2.96,22.29,17.76,27.99,nasa,0.79
1992-01-07,1.49,21.32,15.45,27.96,nasa,0.78
1992-01-08,0.29,22.12,16.67,27.97,nasa,0.77
1992-01-09,8.18,23.22,19.1,28.36,nasa,0.76
1992-01-10,10.87,23.09,18.37,28.03,nasa,0.77
1992-01-11,4.03,22.21,18.68,26.09,nasa,0.78
1992-01-12,11.75,20.5,17.93,23.35,nasa,0.78
1992-01-13,23.36,20.81,17.8,23.42,nasa,0.81
1992-01-14,20.43,21.98,19.56,24.98,nasa,0.83
1992-01-15,10.28,23.7,18.7,28.35,nasa,0.83
1992-01-16,30.35,21.78,20.07,24.43,nasa,0.84
1992-01-17,41.6,20.4,19.11,22.23,nasa,0.88
1992-01-18,16.46,20.55,18.65,23.34,nasa,0.89
1992-01-19,26.8,22.23,18.41,26.48,nasa,0.9
1992-01-20,23.75,22.11,20.09,24.52,nasa,0.91
1992-01-21,20.88,20.57,17.61,23.49,nasa,0.91
1992-01-22,36.33,20.46,18.49,22.98,nasa,0.92
1992-01-23,21.04,21.33,18.46,25.07,nasa,0.93
1992-01-24,6.74,20.86,18.86,23.85,nasa,0.92
1992-01-25,13.81,20.82,18.22,24.36,nasa,0.92
1992-01-26,9.84,21.01,19.36,23.69,nasa,0.92
1992-01-27,4.91,21.96,18.9,25.94,nasa,0.91
1992-01-28,7.99,21.27,18.93,24.39,nasa,0.92
1992-01-29,12.4,21.87,18.51,26.37,nasa,0.92
1992-01-30,16.61,21.97,18.78,26.17,nasa,0.93
1992-01-31,30.03,20.41,18.57,22.66,nasa,0.94
1992-02-01,23.74,19.93,18.46,21.58,nasa,0.96
1992-02-02,38.46,19.27,17.56,21.53,nasa,0.98
1992-02-03,40.64,19.44,17.34,21.94,nasa,0.99
1992-02-04,47.27,20.31,16.75,24.94,nasa,1.0
1992-02-05,17.55,20.12,17.88,22.39,nasa,1.0
1992-02-06,15.67,19.49,17.67,21.63,nasa,1.0
1992-02-07,38.12,18.8,17.14,20.72,nasa,1.0
1992-02-08,25.94,19.94,17.11,24.43,nasa,1.0
1992-02-09,20.32,19.43,17.53,22.59,nasa,1.0
1992-02-10,3.22,19.23,16.78,22.76,nasa,1.0
1992-02-11,1.32,19.2,16.19,23.24,nasa,1.0
1992-02-12,4.34,18.34,16.4,21.63,nasa,0.99
1992-02-13,2.07,19.31,16.92,22.89,nasa,0.99
1992-02-14,0.47,19.44,16.11,24.37,nasa,0.99
1992-02-15,0.36,19.12,15.22,23.38,nasa,0.98
1992-02-16,1.49,19.3,15.58,22.87,nasa,0.98
1992-02-17,0.86,20.27,16.75,25.07,nasa,0.97
1992-02-18,0.07,19.95,16.08,24.97,nasa,0.97
1992-02-19,0.01,19.63,15.55,25.09,nasa,0.96
1992-02-20,0.06,19.8,14.61,25.58,nasa,0.95
1992-02-21,0.57,20.61,15.34,26.14,nasa,0.94
1992-02-22,4.02,19.79,16.29,23.35,nasa,0.94
1992-02-23,3.82,20.02,16.69,23.68,nasa,0.94
1992-02-24,1.31,20.77,16.48,25.75,nasa,0.94
1992-02-25,8.62,21.17,15.8,26.51,nasa,0.94
1992-02-26,5.16,21.11,16.53,25.56,nasa,0.94
1992-02-27,2.8,21.68,16.95,26.36,nasa,0.94
1992-02-28,10.69,21.33,18.36,24.83,nasa,0.94
1992-02-29,10.09,21.09,16.53,26.51,nasa,0.94
1992-03-01,23.26,20.28,17.96,23.83,nasa,0.96
1992-03-02,22.41,19.13,17.42,21.67,nasa,0.98
1992-03-03,5.95,20.16,17.99,23.61,nasa,0.98
1992-03-04,1.46,20.72,16.96,25.89,nasa,0.97
1992-03-05,0.13,20.44,15.41,26.16,nasa,0.96
1992-03-06,0.42,20.9,15.16,26.23,nasa,0.95
1992-03-07,0.55,21.13,16.77,26.12,nasa,0.95
1992-03-08,3.51,20.71,17.27,24.75,nasa,0.94
1992-03-09,1.73,20.62,17.44,25.08,nasa,0.94
1992-03-10,5.09,20.65,17.59,24.55,nasa,0.94
1992-03-11,12.72,20.52,17.62,24.65,nasa,0.94
1992-03-12,6.72,20.62,17.17,25.15,nasa,0.95
1992-03-13,2.64,20.82,17.5,25.66,nasa,0.94
1992-03-14,0.42,20.37,17.08,25.35,nasa,0.94
1992-03-15,0.68,20.87,17.15,25.74,nasa,0.93
1992-03-16,3.13,20.66,18.32,23.87,nasa,0.93
1992-03-17,7.34,20.26,18.07,23.31,nasa,0.93
1992-03-18,5.46,20.49,17.2,25.32,nasa,0.93
1992-03-19,6.1,19.26,16.52,22.92,nasa,0.94
1992-03-20,0.76,18.96,16.83,22.14,nasa,0.94
1992-03-21,0.87,19.52,15.49,24.26,nasa,0.93
1992-03-22,0.21,20.36,16.13,24.74,nasa,0.93
1992-03-23,0.41,20.56,17.68,25.08,nasa,0.92
1992-03-24,1.4,19.79,15.58,25.05,nasa,0.92
1992-03-25,5.19,19.21,16.3,22.64,nasa,0.92
1992-03-26,7.26,20.73,17.22,25.61,nasa,0.92
1992-03-27,0.68,19.32,17.21,22.62,nasa,0.92
1992-03-28,1.38,19.78,16.77,24.07,nasa,0.92
1992-03-29,3.06,19.45,17.15,22.92,nasa,0.92
1992-03-30,2.5,20.15,16.38,25.03,nasa,0.91
1992-03-31,6.22,19.95,17.23,23.88,nasa,0.91
1992-04-01,6.06,19.26,16.67,22.35,nasa,0.92
1992-04-02,3.88,20.29,15.94,25.54,nasa,0.92
1992-04-03,2.43,21.05,16.59,25.89,nasa,0.91
1992-04-04,0.15,21.82,16.39,27.01,nasa,0.91
1992-04-05,1.45,22.48,19.2,26.64,nasa,0.9
1992-04-06,3.97,21.42,19.67,23.28,nasa,0.91
1992-04-07,0.66,22.08,18.45,26.07,nasa,0.91
1992-04-08,2.53,22.45,17.92,27.33,nasa,0.9
1992-04-09,6.73,20.2,18.25,23.03,nasa,0.9
1992-04-10,5.33,19.63,17.25,23.9,nasa,0.91
1992-04-11,0.79,19.97,16.38,24.95,nasa,0.91
1992-04-12,1.14,20.18,16.26,25.39,nasa,0.9
1992-04-13,5.92,19.41,15.8,24.0,nasa,0.9
1992-04-14,9.76,19.25,17.18,21.94,nasa,0.9
1992-04-15,13.29,20.08,16.34,25.23,nasa,0.92
1992-04-16,7.63,19.78,14.69,25.77,nasa,0.92
1992-04-17,4.72,19.77,14.91,25.91,nasa,0.92
1992-04-18,0.36,18.83,13.57,25.85,nasa,0.91
1992-04-19,0.29,19.16,12.05,26.0,nasa,0.91
1992-04-20,6.92,20.68,15.97,26.68,nasa,0.9
1992-04-21,2.67,19.34,17.22,22.45,nasa,0.91
1992-04-22,2.46,20.49,17.34,24.98,nasa,0.91
1992-04-23,10.14,20.84,18.03,24.83,nasa,0.91
1992-04-24,12.57,20.59,17.97,24.11,nasa,0.92
1992-04-25,2.02,20.61,18.21,24.18,nasa,0.92
1992-04-26,3.67,21.46,18.0,25.95,nasa,0.92
1992-04-27,0.91,21.71,18.27,26.28,nasa,0.91
1992-04-28,0.58,20.2,17.33,24.93,nasa,0.91
1992-04-29,2.13,19.5,17.2,23.36,nasa,0.91
1992-04-30,0.19,21.23,16.68,26.49,nasa,0.9
1992-05-01,0.81,21.28,16.0,26.39,nasa,0.9
1992-05-02,3.03,20.91,17.44,25.8,nasa,0.9
1992-05-03,5.67,20.51,17.7,24.73,nasa,0.9
1992-05-04,7.19,19.64,17.21,22.86,nasa,0.91
1992-05-05,8.23,20.16,15.45,24.81,nasa,0.91
1992-05-06,1.95,19.99,15.09,25.5,nasa,0.91
1992-05-07,0.47,20.24,14.83,25.35,nasa,0.9
1992-05-08,0.14,19.5,14.41,25.49,nasa,0.9
1992-05-09,0.02,18.28,11.89,25.16,nasa,0.89
1992-05-10,0.03,19.75,15.6,25.07,nasa,0.89
1992-05-11,0.01,20.32,17.17,25.31,nasa,0.89
1992-05-12,0.03,20.33,15.88,26.06,nasa,0.88
1992-05-13,0.22,20.84,15.16,25.94,nasa,0.88
1992-05-14,0.0,19.94,16.58,24.04,nasa,0.88
1992-05-15,0.84,20.18,16.0,26.35,nasa,0.88
1992-05-16,0.0,19.37,14.5,25.86,nasa,0.87
1992-05-17,0.01,19.43,13.48,26.04,nasa,0.87
1992-05-18,0.01,19.6,14.47,25.91,nasa,0.86
1992-05-19,0.0,19.6,14.85,25.45,nasa,0.86
1992-05-20,0.86,20.04,15.68,25.45,nasa,0.86
1992-05-21,2.06,19.76,15.96,24.99,nasa,0.86
1992-05-22,1.13,19.43,16.01,24.52,nasa,0.86
1992-05-23,8.41,19.46,15.27,24.11,nasa,0.86
1992-05-24,0.1,19.13,15.25,24.6,nasa,0.86
1992-05-25,0.35,18.3,14.8,23.54,nasa,0.86
1992-05-26,0.02,17.68,13.8,23.29,nasa,0.85
1992-05-27,0.0,18.09,13.69,23.76,nasa,0.85
1992-05-28,0.47,18.5,14.47,23.84,nasa,0.85
1992-05-29,0.01,18.53,13.92,24.53,nasa,0.85
1992-05-30,0.0,18.92,13.7,24.62,nasa,0.84
1992-05-31,0.0,19.5,15.64,24.57,nasa,0.84
1992-06-01,0.2,18.38,14.88,23.78,nasa,0.84
1992-06-02,0.02,17.64,13.78,23.41,nasa,0.84
1992-06-03,0.0,18.61,12.84,24.22,nasa,0.83
1992-06-04,0.0,18.94,13.43,24.85,nasa,0.83
1992-06-05,0.0,18.98,14.26,24.58,nasa,0.83
1992-06-06,0.0,20.02,16.15,25.17,nasa,0.83
1992-06-07,0.0,19.68,14.68,25.49,nasa,0.82
1992-06-08,0.0,17.66,13.72,23.49,nasa,0.82
1992-06-09,0.0,17.15,11.03,23.44,nasa,0.82
1992-06-10,0.0,18.48,13.2,23.94,nasa,0.81
1992-06-11,0.03,18.88,12.91,24.54,nasa,0.81
1992-06-12,0.0,18.05,12.83,23.99,nasa,0.81
1992-06-13,0.0,17.13,14.01,22.06,nasa,0.81
1992-06-14,0.0,15.26,11.01,21.05,nasa,0.8
1992-06-15,0.0,13.96,9.51,20.27,nasa,0.8
1992-06-16,0.0,13.19,9.07,19.31,nasa,0.8
1992-06-17,0.0,13.92,9.66,19.63,nasa,0.8
1992-06-18,0.0,14.41,10.74,19.71,nasa,0.8
1992-06-19,0.0,14.05,10.19,19.3,nasa,0.8
1992-06-20,0.0,15.22,9.76,21.55,nasa,0.8
1992-06-21,0.0,16.45,12.49,21.99,nasa,0.79
1992-06-22,0.0,16.43,11.23,22.4,nasa,0.79
1992-06-23,0.0,17.08,12.18,22.99,nasa,0.79
1992-06-24,0.0,16.78,11.48,23.4,nasa,0.79
1992-06-25,0.0,16.15,11.81,22.1,nasa,0.79
1992-06-26,0.0,16.26,12.39,21.99,nasa,0.78
1992-06-27,0.0,16.53,10.78,23.05,nasa,0.78
1992-06-28,0.0,17.27,12.02,23.51,nasa,0.78
1992-06-29,0.0,17.21,11.62,23.16,nasa,0.78
1992-06-30,0.0,18.14,12.09,24.7,nasa,0.78
1992-07-01,0.0,18.58,12.53,24.99,nasa,0.77
1992-07-02,0.0,19.32,14.42,25.67,nasa,0.77
1992-07-03,0.0,19.13,14.14,25.14,nasa,0.77
1992-07-04,0.0,17.95,15.26,22.36,nasa,0.77
1992-07-05,0.0,16.8,12.44,22.95,nasa,0.77
1992-07-06,0.12,16.48,10.4,23.15,nasa,0.76
1992-07-07,0.31,17.9,12.79,24.31,nasa,0.76
1992-07-08,0.35,15.62,12.96,20.54,nasa,0.76
1992-07-09,1.01,16.51,12.96,21.94,nasa,0.76
1992-07-10,0.12,16.29,11.97,22.25,nasa,0.76
1992-07-11,0.01,15.95,11.15,21.66,nasa,0.76
1992-07-12,0.01,15.55,11.73,20.95,nasa,0.76
1992-07-13,0.04,16.0,12.17,21.96,nasa,0.76
1992-07-14,0.0,15.25,9.28,22.33,nasa,0.75
1992-07-15,0.0,17.45,10.7,24.53,nasa,0.75
1992-07-16,0.0,18.79,11.9,25.73,nasa,0.75
1992-07-17,0.0,17.96,11.65,25.12,nasa,0.74
1992-07-18,0.0,16.98,12.17,23.44,nasa,0.74
1992-07-19,0.0,16.67,9.93,23.08,nasa,0.74
1992-07-20,0.0,16.68,11.17,23.19,nasa,0.74
1992-07-21,0.0,15.48,10.53,21.61,nasa,0.74
1992-07-22,0.0,16.61,10.5,22.79,nasa,0.73
1992-07-23,0.02,17.15,9.79,23.85,nasa,0.73
1992-07-24,0.02,15.22,11.47,20.5,nasa,0.73
1992-07-25,0.0,14.88,10.74,20.68,nasa,0.73
1992-07-26,0.0,14.34,9.8,21.03,nasa,0.73
1992-07-27,0.0,14.03,8.99,20.5,nasa,0.73
1992-07-28,0.0,15.35,8.62,22.94,nasa,0.72
1992-07-29,0.0,16.69,10.09,24.2,nasa,0.72
1992-07-30,0.0,17.48,10.79,24.77,nasa,0.72
1992-07-31,0.0,19.04,12.9,26.0,nasa,0.72
1992-08-01,0.0,19.36,14.34,26.58,nasa,0.71
1992-08-02,0.0,18.68,12.15,26.21,nasa,0.71
1992-08-03,0.0,16.48,12.02,22.32,nasa,0.71
1992-08-04,0.0,16.74,11.82,23.55,nasa,0.71
1992-08-05,0.0,16.95,12.93,23.02,nasa,0.71
1992-08-06,0.0,16.87,11.5,23.02,nasa,0.7
1992-08-07,0.0,16.4,12.43,21.93,nasa,0.7
1992-08-08,0.0,16.36,11.93,22.43,nasa,0.7
1992-08-09,0.0,15.37,10.36,21.01,nasa,0.7
1992-08-10,0.0,16.77,12.64,23.31,nasa,0.7
1992-08-11,0.0,16.69,11.74,22.51,nasa,0.7
1992-08-12,0.06,17.45,10.39,24.17,nasa,0.7
1992-08-13,0.04,17.75,11.59,24.79,nasa,0.69
1992-08-14,0.16,17.0,10.44,25.51,nasa,0.69
1992-08-15,0.14,17.24,9.99,25.11,nasa,0.69
1992-08-16,0.03,17.89,12.85,24.29,nasa,0.69
1992-08-17,0.08,18.18,12.78,24.57,nasa,0.69
1992-08-18,3.78,18.21,13.65,24.44,nasa,0.69
1992-08-19,5.67,20.09,13.83,26.58,nasa,0.69
1992-08-20,0.25,19.98,15.19,25.17,nasa,0.7
1992-08-21,0.11,20.02,15.14,26.21,nasa,0.69
1992-08-22,0.21,20.16,14.97,26.42,nasa,0.69
1992-08-23,0.19,21.15,16.25,27.89,nasa,0.69
1992-08-24,0.01,19.69,15.17,27.04,nasa,0.68
1992-08-25,0.35,19.53,11.9,27.88,nasa,0.68
1992-08-26,0.05,19.22,12.76,26.08,nasa,0.68
1992-08-27,0.0,19.92,15.21,26.02,nasa,0.68
1992-08-28,0.42,20.26,14.86,26.92,nasa,0.67
1992-08-29,0.02,20.85,14.66,27.91,nasa,0.67
1992-08-30,0.01,20.66,15.46,27.8,nasa,0.67
1992-08-31,0.1,20.52,14.0,27.37,nasa,0.67
1992-09-01,0.07,19.91,14.49,26.46,nasa,0.66
1992-09-02,0.0,20.33,14.66,27.11,nasa,0.66
1992-09-03,0.9,21.4,16.59,27.09,nasa,0.66
1992-09-04,8.56,22.21,17.93,28.35,nasa,0.66
1992-09-05,14.39,20.71,16.59,26.19,nasa,0.68
1992-09-06,6.12,19.99,17.23,25.93,nasa,0.7
1992-09-07,1.36,20.14,15.94,26.28,nasa,0.71
1992-09-08,0.07,18.74,13.16,25.76,nasa,0.7
1992-09-09,0.62,17.75,11.5,25.34,nasa,0.69
1992-09-10,0.61,17.26,11.73,23.54,nasa,0.69
1992-09-11,3.56,17.51,12.54,23.58,nasa,0.69
1992-09-12,3.36,16.16,12.53,21.81,nasa,0.69
1992-09-13,1.05,18.29,12.53,24.82,nasa,0.69
1992-09-14,1.77,19.34,14.86,25.92,nasa,0.69
1992-09-15,2.94,20.17,15.64,25.03,nasa,0.69
1992-09-16,8.43,20.74,16.83,25.46,nasa,0.69
1992-09-17,5.55,18.72,16.28,20.98,nasa,0.7
1992-09-18,12.05,19.82,15.23,26.16,nasa,0.72
1992-09-19,2.79,21.4,17.5,27.05,nasa,0.73
1992-09-20,0.79,20.76,16.65,26.15,nasa,0.72
1992-09-21,1.18,20.91,15.89,26.49,nasa,0.72
1992-09-22,1.1,20.52,14.85,26.74,nasa,0.71
1992-09-23,1.01,20.67,15.81,26.94,nasa,0.7
1992-09-24,1.93,21.19,15.66,27.63,nasa,0.7
1992-09-25,6.34,21.34,16.66,27.23,nasa,0.7
1992-09-26,10.13,21.71,17.21,27.85,nasa,0.71
1992-09-27,22.15,19.87,16.18,23.62,nasa,0.73
1992-09-28,0.14,21.13,15.53,27.22,nasa,0.74
1992-09-29,3.04,20.56,15.96,26.17,nasa,0.73
1992-09-30,2.86,20.0,16.49,25.47,nasa,0.73
1992-10-01,15.55,19.9,16.14,25.47,nasa,0.74
1992-10-02,18.06,20.59,17.16,25.93,nasa,0.76
1992-10-03,4.59,20.9,16.72,27.07,nasa,0.77
1992-10-04,7.33,20.96,16.0,26.97,nasa,0.76
1992-10-05,10.97,19.62,16.64,24.31,nasa,0.76
1992-10-06,5.36,21.05,16.54,26.99,nasa,0.76
1992-10-07,12.12,21.85,16.69,27.56,nasa,0.76
1992-10-08,12.83,21.58,16.35,26.83,nasa,0.78
1992-10-09,6.44,21.0,17.39,26.12,nasa,0.78
1992-10-10,1.14,17.4,12.75,21.3,nasa,0.77
1992-10-11,6.79,19.09,14.67,24.9,nasa,0.77
1992-10-12,4.16,20.95,16.48,26.61,nasa,0.77
1992-10-13,1.39,22.4,17.96,28.93,nasa,0.76
1992-10-14,6.47,22.29,16.58,28.24,nasa,0.76
1992-10-15,1.93,21.08,18.71,24.99,nasa,0.76
1992-10-16,2.54,20.62,17.68,24.81,nasa,0.76
1992-10-17,1.35,21.38,16.59,27.14,nasa,0.75
1992-10-18,3.3,21.45,16.58,26.41,nasa,0.75
1992-10-19,1.21,21.38,16.85,27.19,nasa,0.74
1992-10-20,0.75,22.92,16.11,28.93,nasa,0.74
1992-10-21,3.45,22.36,17.99,26.94,nasa,0.74
1992-10-22,7.12,22.08,18.05,27.36,nasa,0.74
1992-10-23,3.81,21.17,18.01,25.86,nasa,0.74
1992-10-24,2.59,21.5,17.03,26.89,nasa,0.74
1992-10-25,0.97,21.57,17.45,26.8,nasa,0.74
1992-10-26,3.21,22.05,17.75,27.18,nasa,0.74
1992-10-27,7.48,21.26,18.73,24.73,nasa,0.74
1992-10-28,21.15,21.26,18.77,24.83,nasa,0.76
1992-10-29,9.22,22.41,18.37,27.99,nasa,0.78
1992-10-30,15.29,22.87,18.88,27.53,nasa,0.79
1992-10-31,15.0,22.1,18.27,26.75,nasa,0.79
1992-11-01,22.84,22.18,18.02,27.07,nasa,0.82
1992-11-02,15.24,22.93,19.22,28.41,nasa,0.82
1992-11-03,12.42,22.32,18.57,27.04,nasa,0.83
1992-11-04,6.56,21.72,18.72,25.88,nasa,0.83
1992-11-05,28.44,17.99,14.96,20.94,nasa,0.83
1992-11-06,14.27,18.19,13.4,23.13,nasa,0.85
1992-11-07,11.77,21.14,17.33,26.29,nasa,0.85
1992-11-08,4.1,21.64,16.99,27.28,nasa,0.85
1992-11-09,8.89,21.04,17.07,25.27,nasa,0.83
1992-11-10,17.63,20.21,17.32,23.57,nasa,0.85
1992-11-11,3.62,21.31,15.65,27.68,nasa,0.85
1992-11-12,1.11,21.63,17.27,26.68,nasa,0.83
1992-11-13,4.45,20.75,18.09,24.63,nasa,0.83
1992-11-14,0.76,21.71,15.83,27.68,nasa,0.82
1992-11-15,1.43,22.46,17.38,28.59,nasa,0.81
1992-11-16,1.87,22.41,17.6,27.31,nasa,0.81
1992-11-17,0.46,21.46,19.56,24.42,nasa,0.81
1992-11-18,1.31,21.28,17.98,25.62,nasa,0.81
1992-11-19,2.24,22.82,16.36,28.51,nasa,0.8
1992-11-20,1.68,20.44,16.53,23.77,nasa,0.8
1992-11-21,1.27,21.29,17.68,25.84,nasa,0.8
1992-11-22,3.53,21.06,17.75,25.92,nasa,0.8
1992-11-23,3.13,21.85,17.57,26.78,nasa,0.8
1992-11-24,2.72,21.58,17.41,25.38,nasa,0.8
1992-11-25,0.35,21.51,18.74,25.42,nasa,0.8
1992-11-26,7.03,21.58,18.38,25.93,nasa,0.79
1992-11-27,9.56,20.68,17.87,25.54,nasa,0.81
1992-11-28,7.96,19.52,16.45,23.47,nasa,0.82
1992-11-29,1.61,19.63,14.7,25.09,nasa,0.81
1992-11-30,2.88,19.75,15.09,25.02,nasa,0.8
1992-12-01,18.69,20.44,17.56,24.38,nasa,0.81
1992-12-02,8.1,21.15,18.87,24.52,nasa,0.83
1992-12-03,9.95,21.78,18.07,26.11,nasa,0.83
1992-12-04,5.12,21.12,18.57,24.59,nasa,0.83
1992-12-05,7.51,21.11,17.9,25.43,nasa,0.83
1992-12-06,5.45,20.99,16.76,26.21,nasa,0.82
1992-12-07,12.32,21.66,16.89,26.18,nasa,0.83
1992-12-08,2.59,21.85,18.02,26.42,nasa,0.83
1992-12-09,10.87,21.58,17.69,25.96,nasa,0.83
1992-12-10,19.14,20.73,18.5,23.65,nasa,0.84
1992-12-11,11.23,20.82,17.8,23.91,nasa,0.85
1992-12-12,8.64,22.38,17.25,27.68,nasa,0.85
1992-12-13,5.33,21.04,16.64,26.16,nasa,0.85
1992-12-14,1.38,19.06,14.09,25.1,nasa,0.84
1992-12-15,1.04,20.58,15.78,26.21,nasa,0.83
1992-12-16,7.35,21.11,17.73,25.5,nasa,0.83
1992-12-17,33.24,20.4,17.62,23.25,nasa,0.85
1992-12-18,13.45,20.75,18.15,24.07,nasa,0.88
1992-12-19,9.13,22.1,17.27,26.75,nasa,0.87
1992-12-20,7.88,22.65,18.4,26.91,nasa,0.87
1992-12-21,3.8,21.99,19.2,25.73,nasa,0.86
1992-12-22,1.34,21.35,18.48,24.73,nasa,0.86
1992-12-23,1.65,21.17,18.2,24.98,nasa,0.85
1992-12-24,0.64,22.1,17.97,26.79,nasa,0.85
1992-12-25,2.44,22.25,16.91,27.87,nasa,0.84
1992-12-26,27.76,21.94,18.11,26.42,nasa,0.86
1992-12-27,9.85,20.99,17.93,23.9,nasa,0.88
1992-12-28,7.08,21.6,16.13,27.1,nasa,0.88
1992-12-29,5.18,21.99,18.43,26.34,nasa,0.87
1992-12-30,1.7,20.94,17.69,25.67,nasa,0.86
1992-12-31,0.15,20.92,16.84,26.52,nasa,0.85
1993-01-01,0.1,21.48,16.32,27.57,nasa,0.84
1993-01-02,0.22,22.41,15.96,28.55,nasa,0.84
1993-01-03,18.42,20.91,17.74,24.61,nasa,0.84
1993-01-04,5.82,21.37,18.23,25.4,nasa,0.86
1993-01-05,1.94,21.26,17.84,25.53,nasa,0.86
1993-01-06,6.73,22.22,17.62,27.02,nasa,0.86
1993-01-07,11.38,21.14,19.03,24.23,nasa,0.86
1993-01-08,3.6,20.86,18.9,23.82,nasa,0.87
1993-01-09,5.51,20.13,18.28,22.82,nasa,0.87
1993-01-10,4.16,19.73,17.3,22.69,nasa,0.87
1993-01-11,13.53,19.9,17.12,23.6,nasa,0.88
1993-01-12,6.09,20.32,16.59,24.64,nasa,0.88
1993-01-13,0.7,21.8,17.79,27.23,nasa,0.87
1993-01-14,0.13,20.49,15.9,26.53,nasa,0.86
1993-01-15,0.83,21.12,16.27,27.16,nasa,0.85
1993-01-16,2.5,22.22,16.65,27.55,nasa,0.85
1993-01-17,10.05,20.96,18.12,24.29,nasa,0.85
1993-01-18,9.37,20.49,17.56,24.53,nasa,0.86
1993-01-19,6.1,19.83,16.46,23.96,nasa,0.87
1993-01-20,4.46,20.2,16.61,25.03,nasa,0.86
1993-01-21,4.46,21.4,16.52,27.19,nasa,0.86
1993-01-22,6.3,21.73,17.5,27.02,nasa,0.86
1993-01-23,5.81,20.85,18.27,24.74,nasa,0.86
1993-01-24,2.34,21.21,17.92,24.9,nasa,0.86
1993-01-25,2.46,21.63,16.31,26.88,nasa,0.85
1993-01-26,1.33,20.9,16.49,26.17,nasa,0.85
1993-01-27,0.79,21.38,16.12,27.14,nasa,0.84
1993-01-28,1.26,21.45,16.02,27.12,nasa,0.84
1993-01-29,1.57,21.72,15.66,27.22,nasa,0.83
1993-01-30,1.95,21.89,16.21,27.49,nasa,0.83
1993-01-31,1.35,21.29,16.5,26.54,nasa,0.82
1993-02-01,2.57,21.49,15.91,26.54,nasa,0.82
1993-02-02,4.96,20.68,18.05,24.09,nasa,0.82
1993-02-03,17.23,19.84,17.72,22.62,nasa,0.84
1993-02-04,5.89,20.91,17.28,25.73,nasa,0.85
1993-02-05,22.56,20.61,18.39,24.43,nasa,0.87
1993-02-06,25.94,20.14,18.44,23.08,nasa,0.89
1993-02-07,19.25,20.66,18.07,23.93,nasa,0.9
1993-02-08,14.44,21.25,17.28,25.21,nasa,0.9
1993-02-09,5.71,21.33,18.18,26.32,nasa,0.9
1993-02-10,9.95,21.7,17.6,26.39,nasa,0.89
1993-02-11,9.36,20.34,17.21,23.1,nasa,0.89
1993-02-12,10.07,20.32,16.5,25.01,nasa,0.9
1993-02-13,9.46,20.51,17.87,24.1,nasa,0.9
1993-02-14,16.81,20.4,18.43,23.39,nasa,0.91
1993-02-15,20.25,20.27,18.81,23.0,nasa,0.92
1993-02-16,10.01,18.95,17.04,21.21,nasa,0.93
1993-02-17,3.85,19.87,16.82,24.0,nasa,0.93
1993-02-18,4.38,20.59,16.83,24.68,nasa,0.93
1993-02-19,5.14,20.42,17.53,24.28,nasa,0.92
1993-02-20,3.57,20.36,16.77,24.64,nasa,0.92
1993-02-21,6.03,20.78,16.36,24.52,nasa,0.92
1993-02-22,16.1,20.13,16.49,23.23,nasa,0.93
1993-02-23,13.55,20.77,18.14,24.73,nasa,0.94
1993-02-24,13.89,20.38,18.39,23.19,nasa,0.95
1993-02-25,18.93,20.91,17.14,25.16,nasa,0.96
1993-02-26,12.83,20.88,18.0,24.7,nasa,0.96
1993-02-27,9.6,20.07,17.86,23.15,nasa,0.97
1993-02-28,6.24,20.89,17.26,24.44,nasa,0.97
1993-03-01,5.09,21.46,16.52,25.63,nasa,0.96
1993-03-02,8.38,21.44,17.59,25.72,nasa,0.96
1993-03-03,0.44,21.55,18.0,25.49,nasa,0.96
1993-03-04,0.14,21.71,17.7,26.8,nasa,0.95
1993-03-05,0.09,20.28,15.52,26.32,nasa,0.95
1993-03-06,0.0,20.27,15.52,26.15,nasa,0.94
1993-03-07,0.01,20.91,14.15,26.88,nasa,0.93
1993-03-08,0.18,22.89,16.26,28.33,nasa,0.92
1993-03-09,1.4,23.57,19.24,28.4,nasa,0.92
1993-03-10,2.8,23.62,18.62,28.87,nasa,0.91
1993-03-11,6.64,23.67,20.05,27.82,nasa,0.91
1993-03-12,1.97,22.27,18.29,26.42,nasa,0.91
1993-03-13,4.96,21.47,17.45,25.71,nasa,0.91
1993-03-14,2.58,22.14,16.72,27.18,nasa,0.91
1993-03-15,4.84,22.45,18.81,26.98,nasa,0.91
1993-03-16,4.87,22.27,18.56,26.8,nasa,0.91
1993-03-17,2.79,21.33,18.25,25.55,nasa,0.91
1993-03-18,2.61,21.21,17.23,25.65,nasa,0.9
1993-03-19,2.35,22.06,17.37,27.16,nasa,0.9
1993-03-20,5.09,20.78,18.37,23.91,nasa,0.9
1993-03-21,2.48,20.97,17.48,25.66,nasa,0.9
1993-03-22,2.16,20.6,17.19,25.06,nasa,0.9
1993-03-23,2.59,21.58,17.41,25.92,nasa,0.9
1993-03-24,5.16,21.93,17.12,26.63,nasa,0.89
1993-03-25,5.39,21.47,17.49,25.36,nasa,0.9
1993-03-26,5.02,22.0,17.49,26.19,nasa,0.9
1993-03-27,14.45,21.42,18.24,25.2,nasa,0.9
1993-03-28,6.68,21.35,18.26,25.57,nasa,0.91
1993-03-29,3.74,21.34,17.79,25.61,nasa,0.91
1993-03-30,5.36,21.92,18.02,26.28,nasa,0.91
1993-03-31,2.9,23.04,18.74,27.65,nasa,0.9
1993-04-01,14.25,21.94,18.42,25.91,nasa,0.91
1993-04-02,13.83,20.73,18.89,23.54,nasa,0.92
1993-04-03,6.69,21.6,17.79,26.23,nasa,0.92
1993-04-04,5.75,21.31,17.38,26.08,nasa,0.92
1993-04-05,2.34,21.3,17.07,25.83,nasa,0.92
1993-04-06,3.41,21.93,18.94,26.66,nasa,0.92
1993-04-07,3.54,22.66,18.21,27.79,nasa,0.91
1993-04-08,7.11,21.93,19.89,25.3,nasa,0.91
1993-04-09,1.68,20.72,18.87,23.27,nasa,0.92
1993-04-10,10.87,20.53,17.99,24.5,nasa,0.92
1993-04-11,3.87,19.65,16.79,23.92,nasa,0.92
1993-04-12,1.25,19.96,16.64,24.52,nasa,0.92
1993-04-13,0.76,20.24,17.4,24.64,nasa,0.91
1993-04-14,2.53,21.01,16.52,26.2,nasa,0.91
1993-04-15,4.89,21.26,17.65,25.51,nasa,0.91
1993-04-16,1.11,20.34,17.72,23.92,nasa,0.91
1993-04-17,2.37,20.78,16.32,25.61,nasa,0.91
1993-04-18,1.74,20.78,16.37,25.83,nasa,0.9
1993-04-19,1.39,20.44,16.91,25.59,nasa,0.9
1993-04-20,1.45,20.62,17.02,25.61,nasa,0.9
1993-04-21,0.1,20.79,15.48,26.08,nasa,0.89
1993-04-22,0.01,19.97,14.88,25.68,nasa,0.89
1993-04-23,0.5,20.51,14.87,25.56,nasa,0.88
1993-04-24,1.49,21.05,16.23,25.79,nasa,0.88
1993-04-25,0.55,20.94,16.71,26.11,nasa,0.88
1993-04-26,0.13,20.1,14.86,25.96,nasa,0.87
1993-04-27,0.04,19.84,14.99,25.44,nasa,0.87
1993-04-28,0.08,19.8,16.23,25.25,nasa,0.86
1993-04-29,0.03,19.06,15.39,24.46,nasa,0.86
1993-04-30,0.04,19.28,15.14,24.77,nasa,0.86
1993-05-01,0.04,19.47,16.28,24.36,nasa,0.85
1993-05-02,0.4,20.12,15.9,24.9,nasa,0.85
1993-05-03,1.39,18.81,15.76,23.47,nasa,0.85
1993-05-04,2.99,19.6,16.08,24.03,nasa,0.85
1993-05-05,1.53,20.06,16.79,24.88,nasa,0.85
1993-05-06,0.05,19.36,16.0,24.43,nasa,0.85
1993-05-07,0.04,19.22,15.41,24.76,nasa,0.85
1993-05-08,0.0,18.39,13.81,24.1,nasa,0.84
1993-05-09,0.0,16.14,11.01,23.01,nasa,0.84
1993-05-10,0.0,16.62,12.1,23.23,nasa,0.84
1993-05-11,0.0,16.7,9.98,23.68,nasa,0.83
1993-05-12,1.16,17.24,11.26,23.99,nasa,0.83
1993-05-13,0.7,18.51,12.57,24.91,nasa,0.83
1993-05-14,5.01,19.56,14.98,25.38,nasa,0.83
1993-05-15,0.39,16.86,13.53,21.69,nasa,0.83
1993-05-16,0.43,16.75,13.84,20.4,nasa,0.83
1993-05-17,1.49,17.61,14.43,22.12,nasa,0.83
1993-05-18,0.27,16.53,13.37,21.38,nasa,0.83
1993-05-19,0.01,16.34,12.99,21.58,nasa,0.82
1993-05-20,0.0,15.52,11.27,21.4,nasa,0.82
1993-05-21,0.0,13.89,8.54,21.13,nasa,0.82
1993-05-22,0.01,14.17,8.66,20.96,nasa,0.81
1993-05-23,0.0,14.06,8.49,20.42,nasa,0.81
1993-05-24,0.02,14.29,10.33,20.35,nasa,0.81
1993-05-25,0.0,15.1,8.84,21.06,nasa,0.8
1993-05-26,0.0,16.35,9.17,22.59,nasa,0.8
1993-05-27,0.0,17.22,12.13,24.11,nasa,0.8
1993-05-28,0.47,16.77,11.16,23.56,nasa,0.8
1993-05-29,0.31,16.96,11.73,23.15,nasa,0.79
1993-05-30,4.59,18.11,14.3,23.28,nasa,0.79
1993-05-31,17.71,18.31,14.28,23.58,nasa,0.81
1993-06-01,0.09,19.57,15.8,25.72,nasa,0.82
1993-06-02,1.2,18.35,15.15,23.46,nasa,0.81
1993-06-03,0.37,17.82,14.56,22.96,nasa,0.81
1993-06-04,2.72,17.94,14.44,23.23,nasa,0.8
1993-06-05,4.98,18.13,14.73,22.32,nasa,0.81
1993-06-06,2.35,18.28,14.18,23.48,nasa,0.81
1993-06-07,0.36,17.76,13.0,23.33,nasa,0.81
1993-06-08,0.42,17.86,12.59,23.5,nasa,0.8
1993-06-09,0.04,18.23,12.51,23.71,nasa,0.8
1993-06-10,0.1,19.16,14.87,24.58,nasa,0.79
1993-06-11,0.34,17.7,13.58,22.05,nasa,0.79
1993-06-12,0.12,16.35,13.26,20.75,nasa,0.79
1993-06-13,0.09,15.68,12.07,20.63,nasa,0.79
1993-06-14,0.03,14.36,11.28,20.01,nasa,0.79
1993-06-15,0.0,13.71,10.25,19.68,nasa,0.78
1993-06-16,0.02,13.87,9.13,19.73,nasa,0.78
1993-06-17,1.24,13.81,9.47,19.49,nasa,0.78
1993-06-18,2.54,15.56,11.29,21.1,nasa,0.78
1993-06-19,0.14,13.57,8.51,20.24,nasa,0.78
1993-06-20,0.1,12.98,6.27,20.85,nasa,0.78
1993-06-21,0.25,14.22,6.91,22.39,nasa,0.78
1993-06-22,0.0,15.86,8.97,22.87,nasa,0.78
1993-06-23,0.0,16.34,9.82,22.97,nasa,0.77
1993-06-24,0.03,16.16,9.51,23.6,nasa,0.77
1993-06-25,0.0,15.73,10.24,23.25,nasa,0.77
1993-06-26,0.0,15.63,9.74,22.71,nasa,0.77
1993-06-27,0.0,15.93,8.7,23.03,nasa,0.76
1993-06-28,0.0,17.17,12.02,24.26,nasa,0.76
1993-06-29,0.0,16.84,10.74,24.14,nasa,0.76
1993-06-30,0.0,16.48,10.75,23.45,nasa,0.76
1993-07-01,0.0,18.13,12.36,24.54,nasa,0.75
1993-07-02,0.0,19.53,16.05,26.04,nasa,0.75
1993-07-03,0.0,19.8,14.37,26.38,nasa,0.75
1993-07-04,0.0,19.18,12.34,26.24,nasa,0.74
1993-07-05,0.0,18.3,11.58,25.39,nasa,0.74
1993-07-06,0.0,18.52,12.8,25.26,nasa,0.74
1993-07-07,0.0,17.32,12.34,24.0,nasa,0.74
1993-07-08,0.0,16.07,10.05,23.86,nasa,0.74
1993-07-09,0.0,17.4,12.63,23.93,nasa,0.74
1993-07-10,0.0,17.37,12.48,24.03,nasa,0.73
1993-07-11,0.0,16.64,10.34,23.58,nasa,0.73
1993-07-12,0.0,17.94,12.35,24.86,nasa,0.73
1993-07-13,0.0,18.36,12.59,25.23,nasa,0.73
1993-07-14,0.0,17.62,12.16,24.41,nasa,0.73
1993-07-15,0.0,17.42,11.28,23.82,nasa,0.72
1993-07-16,0.0,17.52,13.68,23.74,nasa,0.72
1993-07-17,0.0,16.76,12.06,23.2,nasa,0.72
1993-07-18,0.02,16.55,12.05,22.64,nasa,0.72
1993-07-19,0.0,16.21,11.32,22.98,nasa,0.72
1993-07-20,0.0,15.99,9.73,23.35,nasa,0.71
1993-07-21,0.0,17.18,11.0,24.75,nasa,0.71
1993-07-22,0.0,16.43,9.68,24.25,nasa,0.71
1993-07-23,0.0,16.94,9.44,24.5,nasa,0.71
1993-07-24,0.0,17.75,10.32,24.46,nasa,0.71
1993-07-25,0.01,18.26,11.42,25.11,nasa,0.7
1993-07-26,0.0,18.15,11.7,24.66,nasa,0.7
1993-07-27,0.01,18.32,12.63,24.74,nasa,0.7
1993-07-28,0.0,18.26,13.91,24.75,nasa,0.7
1993-07-29,0.0,18.35,12.98,25.25,nasa,0.7
1993-07-30,0.0,19.16,14.13,25.64,nasa,0.69
1993-07-31,0.0,16.45,11.4,23.63,nasa,0.69
1993-08-01,0.0,16.42,8.31,24.6,nasa,0.69
1993-08-02,0.0,18.94,13.52,25.38,nasa,0.69
1993-08-03,0.0,19.16,15.01,24.99,nasa,0.69
1993-08-04,0.0,17.93,11.91,25.38,nasa,0.69
1993-08-05,0.0,17.03,11.12,24.27,nasa,0.68
1993-08-06,0.0,16.71,10.37,24.67,nasa,0.68
1993-08-07,0.0,16.96,10.0,25.15,nasa,0.68
1993-08-08,0.0,18.93,11.78,26.1,nasa,0.68
1993-08-09,0.0,20.35,13.84,27.3,nasa,0.67
1993-08-10,0.0,20.31,14.87,28.02,nasa,0.67
1993-08-11,0.0,18.52,12.15,25.99,nasa,0.67
1993-08-12,0.44,18.93,13.79,25.68,nasa,0.67
1993-08-13,0.9,18.54,14.69,24.25,nasa,0.67
1993-08-14,3.42,18.62,14.1,24.39,nasa,0.67
1993-08-15,8.43,17.06,13.83,21.6,nasa,0.68
1993-08-16,0.96,16.31,12.49,22.04,nasa,0.69
1993-08-17,0.08,16.96,10.4,23.74,nasa,0.69
1993-08-18,0.11,18.24,10.82,26.1,nasa,0.68
1993-08-19,0.21,18.99,12.37,26.83,nasa,0.68
1993-08-20,1.02,19.25,13.3,25.96,nasa,0.68
1993-08-21,1.33,19.49,13.86,25.83,nasa,0.67
1993-08-22,0.43,17.4,12.2,23.23,nasa,0.67
1993-08-23,4.68,16.57,12.58,20.92,nasa,0.67
1993-08-24,2.88,15.38,12.28,18.5,nasa,0.69
1993-08-25,0.13,18.19,11.43,24.93,nasa,0.68
1993-08-26,0.07,19.87,13.05,27.28,nasa,0.68
1993-08-27,0.0,20.52,14.03,28.6,nasa,0.68
1993-08-28,0.0,19.91,12.28,28.46,nasa,0.67
1993-08-29,0.0,20.66,12.37,28.97,nasa,0.67
1993-08-30,0.0,22.76,14.85,30.11,nasa,0.66
1993-08-31,0.01,23.06,16.02,30.8,nasa,0.66
1993-09-01,0.01,23.99,17.47,32.11,nasa,0.65
1993-09-02,0.0,21.98,14.14,30.36,nasa,0.65
1993-09-03,0.0,21.29,13.06,30.76,nasa,0.64
1993-09-04,0.0,20.33,14.54,28.11,nasa,0.64
1993-09-05,0.17,22.26,16.32,29.73,nasa,0.64
1993-09-06,0.03,24.01,18.36,31.74,nasa,0.64
1993-09-07,1.45,22.79,16.5,30.44,nasa,0.64
1993-09-08,0.39,23.88,17.56,31.61,nasa,0.64
1993-09-09,0.14,23.43,15.89,31.37,nasa,0.63
1993-09-10,0.45,22.34,14.53,30.97,nasa,0.63
1993-09-11,0.66,22.41,16.45,30.46,nasa,0.63
1993-09-12,0.28,20.87,16.01,27.94,nasa,0.63
1993-09-13,0.22,19.54,12.92,27.19,nasa,0.63
1993-09-14,0.69,17.83,13.24,23.38,nasa,0.63
1993-09-15,1.65,19.89,12.41,28.44,nasa,0.63
1993-09-16,4.67,21.4,16.44,28.26,nasa,0.63
1993-09-17,0.0,21.58,15.16,29.85,nasa,0.63
1993-09-18,0.2,21.45,13.98,30.66,nasa,0.63
1993-09-19,0.42,23.28,15.44,32.27,nasa,0.63
1993-09-20,2.06,25.22,18.86,32.51,nasa,0.63
1993-09-21,5.59,25.16,20.31,31.72,nasa,0.63
1993-09-22,3.41,24.47,18.79,31.5,nasa,0.64
1993-09-23,5.41,24.25,18.06,30.49,nasa,0.64
1993-09-24,6.59,24.1,19.56,29.82,nasa,0.65
1993-09-25,2.08,23.0,18.57,28.54,nasa,0.65
1993-09-26,4.06,20.51,15.86,26.11,nasa,0.65
1993-09-27,8.86,20.61,17.12,25.59,nasa,0.67
1993-09-28,1.02,22.33,17.95,28.48,nasa,0.67
1993-09-29,3.13,22.18,17.98,27.41,nasa,0.67
1993-09-30,0.79,22.78,17.74,29.3,nasa,0.67
1993-10-01,3.75,22.61,17.62,29.19,nasa,0.67
1993-10-02,12.18,22.83,18.0,28.49,nasa,0.67
1993-10-03,0.92,24.23,18.66,29.96,nasa,0.68
1993-10-04,5.36,24.04,19.06,29.93,nasa,0.68
1993-10-05,4.38,21.93,19.74,24.94,nasa,0.68
1993-10-06,0.25,21.9,16.27,28.47,nasa,0.68
1993-10-07,0.4,17.78,10.66,26.05,nasa,0.68
1993-10-08,0.28,18.15,11.62,26.42,nasa,0.67
1993-10-09,0.01,19.23,11.85,27.76,nasa,0.66
1993-10-10,0.06,20.04,12.12,28.83,nasa,0.66
1993-10-11,0.01,21.38,13.55,29.44,nasa,0.65
1993-10-12,0.09,22.23,14.84,29.41,nasa,0.64
1993-10-13,0.14,23.19,16.7,30.38,nasa,0.64
1993-10-14,0.07,23.13,17.19,29.64,nasa,0.64
1993-10-15,3.37,22.89,17.19,29.5,nasa,0.63
1993-10-16,13.75,19.89,17.17,22.27,nasa,0.65
1993-10-17,1.87,20.29,16.37,25.72,nasa,0.66
1993-10-18,1.94,22.4,17.41,27.73,nasa,0.66
1993-10-19,4.12,22.98,16.31,29.67,nasa,0.66
1993-10-20,1.57,23.68,17.87,29.35,nasa,0.66
1993-10-21,2.57,23.38,18.51,28.82,nasa,0.66
1993-10-22,2.49,25.04,18.36,31.45,nasa,0.66
1993-10-23,3.4,23.66,20.18,28.04,nasa,0.66
1993-10-24,3.68,24.31,18.92,31.0,nasa,0.66
1993-10-25,11.78,21.85,19.6,25.2,nasa,0.67
1993-10-26,7.07,23.0,19.07,27.87,nasa,0.68
1993-10-27,1.89,22.97,18.37,28.53,nasa,0.68
1993-10-28,0.63,22.5,17.51,28.67,nasa,0.68
1993-10-29,0.0,22.26,16.72,28.7,nasa,0.67
1993-10-30,0.0,22.77,16.29,29.31,nasa,0.66
1993-10-31,0.0,23.36,16.61,30.05,nasa,0.65
1993-11-01,0.76,24.49,18.8,30.93,nasa,0.65
1993-11-02,0.78,25.41,18.03,32.69,nasa,0.64
1993-11-03,11.95,24.01,20.48,29.57,nasa,0.65
1993-11-04,8.27,22.79,17.8,28.85,nasa,0.66
1993-11-05,1.88,22.4,16.11,28.96,nasa,0.66
1993-11-06,7.09,23.84,17.65,29.77,nasa,0.66
1993-11-07,13.43,22.36,19.28,27.09,nasa,0.67
1993-11-08,6.32,23.42,18.91,29.17,nasa,0.69
1993-11-09,5.05,22.94,18.11,29.05,nasa,0.69
1993-11-10,1.27,22.6,17.34,28.6,nasa,0.69
1993-11-11,0.13,22.46,16.15,29.13,nasa,0.68
1993-11-12,0.06,22.07,16.1,28.84,nasa,0.67
1993-11-13,0.0,22.17,15.82,29.76,nasa,0.66
1993-11-14,0.03,23.4,15.6,30.29,nasa,0.65
1993-11-15,0.7,25.4,17.83,31.02,nasa,0.64
1993-11-16,2.5,24.45,19.8,30.7,nasa,0.64
1993-11-17,1.63,25.49,17.77,31.99,nasa,0.64
1993-11-18,1.52,24.67,18.91,29.99,nasa,0.64
1993-11-19,4.18,24.61,18.29,31.19,nasa,0.64
1993-11-20,1.34,25.99,18.8,33.25,nasa,0.64
1993-11-21,7.83,24.01,19.84,30.04,nasa,0.64
1993-11-22,5.08,22.94,20.01,27.93,nasa,0.65
1993-11-23,4.44,23.49,18.12,29.56,nasa,0.65
1993-11-24,11.57,22.51,19.31,26.8,nasa,0.66
1993-11-25,2.44,23.54,18.64,27.89,nasa,0.67
1993-11-26,5.68,21.78,18.97,24.76,nasa,0.67
1993-11-27,5.86,21.81,17.92,26.9,nasa,0.68
1993-11-28,1.12,23.19,17.96,28.44,nasa,0.68
1993-11-29,0.35,24.17,18.04,30.45,nasa,0.67
1993-11-30,2.28,25.59,17.85,32.32,nasa,0.66
1993-12-01,1.55,24.6,19.75,29.53,nasa,0.66
1993-12-02,3.26,23.66,20.53,27.86,nasa,0.66
1993-12-03,1.78,23.9,19.86,29.41,nasa,0.66
1993-12-04,8.64,22.4,18.57,28.46,nasa,0.65
1993-12-05,2.63,23.01,16.7,29.46,nasa,0.66
1993-12-06,6.32,23.48,17.74,29.67,nasa,0.66
1993-12-07,2.62,23.77,18.39,29.7,nasa,0.66
1993-12-08,6.88,24.17,19.23,29.65,nasa,0.66
1993-12-09,10.97,23.37,20.07,27.35,nasa,0.67
1993-12-10,17.99,23.1,20.26,27.01,nasa,0.7
1993-12-11,7.69,22.1,19.19,25.83,nasa,0.71
1993-12-12,14.75,21.47,17.8,26.45,nasa,0.73
1993-12-13,2.29,23.27,18.43,28.89,nasa,0.72
1993-12-14,5.67,23.26,19.21,28.74,nasa,0.71
1993-12-15,3.87,22.9,19.35,27.6,nasa,0.71
1993-12-16,4.42,23.09,18.04,28.85,nasa,0.71
1993-12-17,4.01,23.09,19.34,28.31,nasa,0.7
1993-12-18,6.64,23.12,17.61,28.46,nasa,0.7
1993-12-19,12.38,22.06,20.2,24.78,nasa,0.71
1993-12-20,20.93,21.85,19.47,24.8,nasa,0.73
1993-12-21,20.31,21.51,19.41,24.64,nasa,0.76
1993-12-22,21.27,20.25,16.17,24.39,nasa,0.78
1993-12-23,18.77,18.4,16.48,21.32,nasa,0.8
1993-12-24,12.78,17.81,16.22,19.99,nasa,0.8
1993-12-25,15.1,18.67,15.8,22.47,nasa,0.81
1993-12-26,3.58,20.0,16.31,24.68,nasa,0.8
1993-12-27,6.67,20.82,15.22,26.21,nasa,0.79
1993-12-28,13.31,21.07,17.9,25.51,nasa,0.78
1993-12-29,11.65,20.92,17.83,25.5,nasa,0.79
1993-12-30,8.99,21.64,18.17,26.2,nasa,0.79
1993-12-31,29.8,22.14,19.06,26.14,nasa,0.81
1994-01-01,9.39,21.39,18.47,24.64,nasa,0.82
1994-01-02,11.18,22.01,18.14,26.17,nasa,0.82
1994-01-03,20.39,21.6,18.55,25.97,nasa,0.82
1994-01-04,19.88,22.48,18.0,27.43,nasa,0.84
1994-01-05,12.61,22.84,17.75,27.94,nasa,0.84
1994-01-06,16.36,21.26,18.31,24.8,nasa,0.84
1994-01-07,16.72,21.33,18.51,25.65,nasa,0.85
1994-01-08,9.21,21.68,18.22,25.85,nasa,0.85
1994-01-09,14.46,21.78,18.71,26.18,nasa,0.85
1994-01-10,24.23,21.38,17.56,25.73,nasa,0.86
1994-01-11,22.53,19.03,15.22,22.95,nasa,0.87
1994-01-12,13.11,18.61,15.95,21.49,nasa,0.88
1994-01-13,10.5,19.87,16.49,24.31,nasa,0.88
1994-01-14,26.93,20.63,17.74,25.01,nasa,0.89
1994-01-15,25.04,19.52,16.98,22.31,nasa,0.9
1994-01-16,5.22,20.99,16.46,25.77,nasa,0.9
1994-01-17,10.65,22.42,15.87,27.83,nasa,0.89
1994-01-18,8.29,22.83,18.71,27.7,nasa,0.89
1994-01-19,5.95,22.25,18.76,25.87,nasa,0.88
1994-01-20,12.8,22.75,19.61,26.48,nasa,0.89
1994-01-21,18.03,21.43,19.79,23.8,nasa,0.9
1994-01-22,16.37,22.49,18.94,26.38,nasa,0.9
1994-01-23,6.1,22.22,20.1,25.8,nasa,0.91
1994-01-24,4.58,21.91,19.22,25.68,nasa,0.9
1994-01-25,8.18,22.85,18.86,27.47,nasa,0.9
1994-01-26,6.26,22.75,18.54,27.5,nasa,0.89
1994-01-27,1.8,22.88,19.15,27.54,nasa,0.89
1994-01-28,4.23,23.19,18.43,27.53,nasa,0.89
1994-01-29,3.24,23.04,20.25,26.76,nasa,0.89
1994-01-30,0.13,21.54,17.24,26.89,nasa,0.88
1994-01-31,0.03,21.63,17.14,25.73,nasa,0.88
1994-02-01,1.39,22.54,17.69,27.06,nasa,0.87
1994-02-02,0.1,22.81,17.31,28.83,nasa,0.87
1994-02-03,0.47,22.75,16.69,28.7,nasa,0.86
1994-02-04,1.3,23.49,16.92,28.93,nasa,0.85
1994-02-05,7.2,23.82,19.44,28.51,nasa,0.85
1994-02-06,2.96,23.13,19.33,27.17,nasa,0.86
1994-02-07,1.67,22.68,18.95,27.44,nasa,0.85
1994-02-08,1.47,21.96,17.08,27.32,nasa,0.85
1994-02-09,1.69,22.48,18.95,26.48,nasa,0.85
1994-02-10,3.26,23.06,18.13,27.19,nasa,0.85
1994-02-11,9.05,23.05,18.54,27.42,nasa,0.85
1994-02-12,5.19,22.86,17.95,28.07,nasa,0.85
1994-02-13,3.59,22.97,17.8,27.75,nasa,0.85
1994-02-14,2.32,22.98,18.44,28.2,nasa,0.85
1994-02-15,2.6,23.71,19.32,27.98,nasa,0.84
1994-02-16,1.82,23.85,18.73,28.8,nasa,0.84
1994-02-17,2.18,23.67,18.46,28.79,nasa,0.83
1994-02-18,1.56,23.43,18.04,29.15,nasa,0.83
1994-02-19,0.83,22.21,16.6,26.99,nasa,0.82
1994-02-20,0.26,21.23,15.89,26.41,nasa,0.82
1994-02-21,1.93,22.13,18.38,26.95,nasa,0.81
1994-02-22,2.84,22.03,17.42,27.17,nasa,0.81
1994-02-23,2.18,21.73,17.86,26.87,nasa,0.81
1994-02-24,2.8,21.92,17.74,26.88,nasa,0.81
1994-02-25,4.91,21.55,18.31,26.16,nasa,0.81
1994-02-26,8.96,21.2,17.17,25.67,nasa,0.82
1994-02-27,4.93,21.74,17.71,25.85,nasa,0.82
1994-02-28,3.16,22.13,17.26,26.46,nasa,0.82
1994-03-01,10.87,22.58,19.47,26.34,nasa,0.82
1994-03-02,16.99,22.06,18.67,26.62,nasa,0.84
1994-03-03,4.93,20.58,17.82,24.25,nasa,0.85
1994-03-04,4.2,18.24,16.96,19.63,nasa,0.84
1994-03-05,25.89,18.22,16.66,20.12,nasa,0.85
1994-03-06,30.03,20.36,16.01,26.19,nasa,0.89
1994-03-07,6.28,19.6,14.62,25.67,nasa,0.89
1994-03-08,15.14,21.07,16.99,25.71,nasa,0.88
1994-03-09,8.34,21.14,19.34,24.26,nasa,0.89
1994-03-10,7.89,21.33,19.31,24.47,nasa,0.88
1994-03-11,10.74,22.0,18.29,26.32,nasa,0.88
1994-03-12,3.96,22.03,17.91,26.7,nasa,0.88
1994-03-13,4.6,22.28,18.79,27.29,nasa,0.88
1994-03-14,3.18,22.77,18.33,28.1,nasa,0.88
1994-03-15,5.42,22.36,17.75,28.02,nasa,0.87
1994-03-16,8.08,21.38,17.5,25.6,nasa,0.87
1994-03-17,9.24,22.35,18.26,27.45,nasa,0.88
1994-03-18,9.54,21.85,19.55,25.1,nasa,0.89
1994-03-19,7.39,21.06,19.23,23.73,nasa,0.89
1994-03-20,16.64,20.47,18.37,23.13,nasa,0.9
1994-03-21,10.2,20.75,18.34,24.23,nasa,0.9
1994-03-22,4.72,21.39,17.12,26.53,nasa,0.9
1994-03-23,5.17,21.72,18.47,25.71,nasa,0.9
1994-03-24,8.19,21.15,17.23,25.72,nasa,0.9
1994-03-25,4.27,20.9,17.67,24.96,nasa,0.9
1994-03-26,1.58,21.34,18.59,25.57,nasa,0.9
1994-03-27,1.84,20.24,17.66,23.74,nasa,0.89
1994-03-28,0.89,20.75,16.95,25.62,nasa,0.89
1994-03-29,2.04,20.93,16.79,25.88,nasa,0.89
1994-03-30,3.25,21.39,16.92,26.17,nasa,0.88
1994-03-31,4.53,20.46,17.8,24.9,nasa,0.88
1994-04-01,1.51,20.27,17.95,23.63,nasa,0.89
1994-04-02,2.68,20.84,17.53,25.67,nasa,0.89
1994-04-03,1.12,19.82,16.08,24.68,nasa,0.88
1994-04-04,0.53,19.7,14.75,25.35,nasa,0.88
1994-04-05,1.77,19.85,15.31,25.6,nasa,0.87
1994-04-06,4.51,20.01,15.52,25.06,nasa,0.87
1994-04-07,8.57,21.1,18.04,25.46,nasa,0.88
1994-04-08,0.0,18.1,12.73,24.62,nasa,0.87
1994-04-09,0.24,17.99,13.49,23.56,nasa,0.87
1994-04-10,0.0,19.41,15.45,24.6,nasa,0.86
1994-04-11,0.07,20.43,16.53,25.87,nasa,0.86
1994-04-12,0.01,20.91,17.05,26.2,nasa,0.85
1994-04-13,0.36,20.37,16.36,25.67,nasa,0.85
1994-04-14,1.72,20.55,16.74,25.42,nasa,0.85
1994-04-15,10.99,20.33,17.65,24.48,nasa,0.85
1994-04-16,3.34,19.72,16.88,24.46,nasa,0.86
1994-04-17,1.65,20.14,15.68,25.32,nasa,0.85
1994-04-18,1.66,20.89,18.45,23.87,nasa,0.85
1994-04-19,1.1,21.53,18.06,25.72,nasa,0.85
1994-04-20,3.62,21.01,18.35,25.11,nasa,0.85
1994-04-21,0.45,21.29,18.41,25.84,nasa,0.85
1994-04-22,0.13,20.86,16.82,25.65,nasa,0.84
1994-04-23,0.01,20.35,15.76,25.75,nasa,0.84
1994-04-24,0.06,20.43,17.45,25.1,nasa,0.83
1994-04-25,0.3,20.53,17.34,25.46,nasa,0.83
1994-04-26,0.22,20.46,16.85,25.25,nasa,0.82
1994-04-27,0.8,20.58,16.47,25.56,nasa,0.82
1994-04-28,0.05,20.49,16.33,25.99,nasa,0.82
1994-04-29,0.0,19.66,16.22,25.16,nasa,0.81
1994-04-30,0.04,19.06,15.25,24.31,nasa,0.81
1994-05-01,0.0,18.1,14.97,23.36,nasa,0.81
1994-05-02,0.0,18.49,14.55,23.91,nasa,0.8
1994-05-03,0.0,18.96,15.73,23.93,nasa,0.8
1994-05-04,0.01,19.41,13.81,25.18,nasa,0.8
1994-05-05,0.0,20.03,14.14,25.65,nasa,0.79
1994-05-06,0.02,19.77,14.62,25.46,nasa,0.79
1994-05-07,0.04,19.8,16.18,25.15,nasa,0.79
1994-05-08,0.18,19.15,15.44,24.79,nasa,0.79
1994-05-09,0.2,19.08,14.1,25.29,nasa,0.78
1994-05-10,0.23,19.06,13.78,25.22,nasa,0.78
1994-05-11,0.47,18.65,13.46,25.03,nasa,0.78
1994-05-12,2.31,19.2,14.03,25.07,nasa,0.78
1994-05-13,4.1,18.7,15.9,22.29,nasa,0.78
1994-05-14,18.69,18.24,15.72,21.88,nasa,0.8
1994-05-15,15.16,18.05,16.15,20.97,nasa,0.83
1994-05-16,5.14,18.44,14.9,23.6,nasa,0.83
1994-05-17,1.83,19.0,14.45,24.93,nasa,0.83
1994-05-18,0.34,18.67,13.6,24.43,nasa,0.82
1994-05-19,0.28,19.31,13.52,24.94,nasa,0.81
1994-05-20,0.81,19.23,13.74,25.69,nasa,0.81
1994-05-21,1.4,19.5,13.81,24.97,nasa,0.8
1994-05-22,1.91,19.4,14.26,24.58,nasa,0.8
1994-05-23,0.49,19.37,15.19,24.83,nasa,0.8
1994-05-24,1.99,20.13,14.54,25.49,nasa,0.8
1994-05-25,0.04,20.46,15.25,26.19,nasa,0.79
1994-05-26,2.37,20.82,14.94,26.3,nasa,0.79
1994-05-27,4.09,20.04,15.54,25.43,nasa,0.79
1994-05-28,2.57,19.66,15.65,24.81,nasa,0.79
1994-05-29,0.02,19.55,14.04,25.15,nasa,0.79
1994-05-30,0.41,18.88,15.11,24.12,nasa,0.79
1994-05-31,0.15,17.74,14.47,22.84,nasa,0.78
1994-06-01,0.0,18.37,14.43,23.84,nasa,0.78
1994-06-02,0.01,18.93,13.02,25.36,nasa,0.78
1994-06-03,0.0,19.0,12.8,24.88,nasa,0.77
1994-06-04,0.0,19.19,13.69,24.74,nasa,0.77
1994-06-05,0.0,18.73,13.51,24.36,nasa,0.77
1994-06-06,0.0,18.64,12.95,24.73,nasa,0.76
1994-06-07,0.0,18.34,13.05,24.44,nasa,0.76
1994-06-08,0.0,17.32,11.92,23.03,nasa,0.76
1994-06-09,0.0,18.03,14.62,23.01,nasa,0.76
1994-06-10,0.0,15.81,12.22,21.31,nasa,0.76
1994-06-11,0.0,15.13,11.26,20.84,nasa,0.75
1994-06-12,0.0,14.49,9.27,20.91,nasa,0.75
1994-06-13,0.0,15.43,8.7,22.6,nasa,0.75
1994-06-14,0.0,16.77,11.7,23.36,nasa,0.75
1994-06-15,0.0,17.39,11.43,23.9,nasa,0.75
1994-06-16,0.01,18.11,12.68,24.19,nasa,0.74
1994-06-17,0.01,17.84,12.84,24.04,nasa,0.74
1994-06-18,0.0,17.81,11.88,24.38,nasa,0.74
1994-06-19,0.0,17.07,11.43,23.99,nasa,0.74
1994-06-20,0.0,16.83,11.08,23.84,nasa,0.73
1994-06-21,0.14,17.83,11.48,24.89,nasa,0.73
1994-06-22,4.43,18.71,15.45,24.47,nasa,0.73
1994-06-23,0.41,18.73,14.37,24.35,nasa,0.74
1994-06-24,1.29,18.08,12.28,24.23,nasa,0.74
1994-06-25,1.22,15.23,7.42,23.18,nasa,0.74
1994-06-26,0.0,9.03,0.32,19.32,nasa,0.74
1994-06-27,0.0,11.06,1.56,21.92,nasa,0.73
1994-06-28,0.0,12.26,4.37,22.18,nasa,0.73
1994-06-29,0.02,13.15,7.99,20.64,nasa,0.73
1994-06-30,0.0,15.19,10.08,22.29,nasa,0.73
1994-07-01,0.0,16.58,11.95,23.56,nasa,0.72
1994-07-02,0.0,16.58,12.04,23.46,nasa,0.72
1994-07-03,0.0,15.8,10.28,22.58,nasa,0.72
1994-07-04,0.0,15.87,11.45,22.65,nasa,0.72
1994-07-05,0.0,16.05,11.66,22.16,nasa,0.72
1994-07-06,0.0,16.1,11.13,22.4,nasa,0.71
1994-07-07,0.05,17.38,11.91,23.73,nasa,0.71
1994-07-08,0.0,18.81,14.27,25.6,nasa,0.71
1994-07-09,0.0,13.08,7.02,18.77,nasa,0.71
1994-07-10,0.0,11.02,4.93,18.81,nasa,0.71
1994-07-11,0.07,12.52,6.3,18.8,nasa,0.7
1994-07-12,0.0,13.74,9.37,19.84,nasa,0.7
1994-07-13,0.0,14.55,10.35,21.29,nasa,0.7
1994-07-14,0.0,15.53,11.15,22.02,nasa,0.7
1994-07-15,0.0,15.76,9.72,23.26,nasa,0.7
1994-07-16,0.0,16.38,10.79,23.7,nasa,0.7
1994-07-17,0.0,17.23,11.64,24.13,nasa,0.7
1994-07-18,0.0,17.43,11.46,24.52,nasa,0.69
1994-07-19,0.0,17.22,11.06,24.83,nasa,0.69
1994-07-20,0.04,17.29,10.73,25.12,nasa,0.69
1994-07-21,0.09,18.1,11.76,25.55,nasa,0.69
1994-07-22,1.7,18.19,13.46,24.48,nasa,0.68
1994-07-23,0.53,16.27,11.77,20.34,nasa,0.69
1994-07-24,0.02,16.75,8.42,25.06,nasa,0.69
1994-07-25,0.0,17.69,11.59,25.5,nasa,0.68
1994-07-26,0.0,17.87,12.07,25.81,nasa,0.68
1994-07-27,0.0,16.96,10.75,24.9,nasa,0.68
1994-07-28,0.0,18.03,12.1,25.29,nasa,0.68
1994-07-29,0.0,17.61,10.89,25.75,nasa,0.67
1994-07-30,0.0,17.25,11.77,25.45,nasa,0.67
1994-07-31,0.03,16.74,10.28,25.14,nasa,0.67
1994-08-01,0.01,16.92,9.34,24.9,nasa,0.67
1994-08-02,0.02,17.93,11.05,24.92,nasa,0.67
1994-08-03,0.03,18.8,12.37,26.43,nasa,0.66
1994-08-04,0.02,16.96,10.51,25.55,nasa,0.66
1994-08-05,0.04,14.94,8.51,23.72,nasa,0.66
1994-08-06,0.05,15.4,7.67,24.13,nasa,0.66
1994-08-07,0.06,15.91,7.94,24.92,nasa,0.66
1994-08-08,0.07,15.54,8.13,25.11,nasa,0.65
1994-08-09,0.08,17.24,8.93,26.89,nasa,0.65
1994-08-10,0.01,20.04,12.29,27.94,nasa,0.65
1994-08-11,0.0,19.45,12.24,27.95,nasa,0.65
1994-08-12,0.0,17.72,12.79,25.18,nasa,0.65
1994-08-13,0.0,17.29,11.61,24.14,nasa,0.65
1994-08-14,0.0,16.2,11.35,23.14,nasa,0.65
1994-08-15,0.0,17.15,10.16,25.33,nasa,0.64
1994-08-16,0.0,19.08,11.01,26.98,nasa,0.64
1994-08-17,0.0,19.0,11.53,27.55,nasa,0.64
1994-08-18,0.0,17.62,11.29,25.87,nasa,0.64
1994-08-19,0.0,17.94,11.65,26.12,nasa,0.64
1994-08-20,0.0,17.9,11.59,26.55,nasa,0.64
1994-08-21,0.0,18.06,10.41,27.21,nasa,0.63
1994-08-22,0.0,18.61,9.57,27.88,nasa,0.63
1994-08-23,0.0,20.91,14.1,30.02,nasa,0.63
1994-08-24,0.0,22.43,16.2,31.09,nasa,0.63
1994-08-25,0.0,20.93,13.74,29.72,nasa,0.63
1994-08-26,0.0,22.27,14.32,30.82,nasa,0.62
1994-08-27,0.0,23.24,15.32,31.69,nasa,0.62
1994-08-28,0.0,22.78,17.29,30.06,nasa,0.62
1994-08-29,0.0,22.87,15.75,30.89,nasa,0.62
1994-08-30,0.0,23.47,16.75,31.12,nasa,0.62
1994-08-31,0.0,22.64,15.61,30.88,nasa,0.61
1994-09-01,0.0,21.72,14.69,30.18,nasa,0.61
1994-09-02,0.0,23.06,15.17,31.16,nasa,0.61
1994-09-03,0.04,23.62,15.8,31.43,nasa,0.61
1994-09-04,0.01,22.36,16.3,30.53,nasa,0.61
1994-09-05,0.0,20.54,13.7,29.01,nasa,0.61
1994-09-06,0.0,20.71,13.93,29.01,nasa,0.61
1994-09-07,0.0,20.89,12.86,29.89,nasa,0.6
1994-09-08,0.0,22.97,14.82,31.7,nasa,0.6
1994-09-09,0.0,22.75,14.78,30.87,nasa,0.6
1994-09-10,0.0,21.93,14.89,29.45,nasa,0.6
1994-09-11,0.0,22.22,14.69,30.49,nasa,0.6
1994-09-12,0.0,22.36,14.9,31.42,nasa,0.6
1994-09-13,0.0,22.06,13.94,31.65,nasa,0.6
1994-09-14,0.0,22.19,13.55,32.43,nasa,0.6
1994-09-15,0.0,23.73,14.37,32.57,nasa,0.6
1994-09-16,0.02,24.2,17.01,33.04,nasa,0.6
1994-09-17,1.0,23.23,16.53,30.62,nasa,0.6
1994-09-18,0.03,23.16,17.96,30.05,nasa,0.6
1994-09-19,0.0,22.76,16.73,30.19,nasa,0.6
1994-09-20,0.0,21.44,14.5,30.02,nasa,0.6
1994-09-21,0.0,22.05,15.18,31.15,nasa,0.6
1994-09-22,0.0,22.45,14.68,32.01,nasa,0.6
1994-09-23,0.03,22.03,14.12,31.51,nasa,0.59
1994-09-24,0.0,22.66,13.87,32.23,nasa,0.59
1994-09-25,0.0,24.34,15.68,33.46,nasa,0.59
1994-09-26,0.42,26.5,16.93,35.71,nasa,0.59
1994-09-27,2.41,25.52,17.42,33.87,nasa,0.59
1994-09-28,0.25,23.08,16.2,30.96,nasa,0.59
1994-09-29,0.0,22.75,14.52,30.89,nasa,0.59
1994-09-30,0.0,23.78,16.99,31.9,nasa,0.59
1994-10-01,0.09,24.73,16.21,34.08,nasa,0.59
1994-10-02,0.01,25.18,14.98,34.87,nasa,0.59
1994-10-03,0.1,26.15,16.08,35.8,nasa,0.59
1994-10-04,0.01,26.2,18.34,35.07,nasa,0.59
1994-10-05,4.72,25.15,19.01,32.56,nasa,0.59
1994-10-06,12.11,22.11,17.64,26.5,nasa,0.61
1994-10-07,3.4,21.65,17.78,28.34,nasa,0.62
1994-10-08,0.03,21.73,17.13,28.64,nasa,0.62
1994-10-09,0.1,22.13,15.45,29.71,nasa,0.62
1994-10-10,0.03,23.66,16.69,30.87,nasa,0.61
1994-10-11,0.0,25.43,17.2,33.28,nasa,0.61
1994-10-12,0.03,24.53,17.82,31.83,nasa,0.61
1994-10-13,1.04,25.52,17.51,33.91,nasa,0.6
1994-10-14,3.42,25.39,17.3,33.92,nasa,0.6
1994-10-15,18.91,24.04,18.09,31.23,nasa,0.62
1994-10-16,0.31,22.57,17.83,27.64,nasa,0.63
1994-10-17,0.15,25.16,18.33,32.36,nasa,0.63
1994-10-18,2.71,25.28,19.23,31.84,nasa,0.63
1994-10-19,0.27,25.83,20.41,32.77,nasa,0.62
1994-10-20,1.13,25.42,20.78,31.78,nasa,0.62
1994-10-21,0.64,25.23,19.72,32.22,nasa,0.62
1994-10-22,0.87,25.73,18.91,33.01,nasa,0.61
1994-10-23,0.07,25.67,18.61,32.87,nasa,0.61
1994-10-24,0.59,25.89,19.17,33.17,nasa,0.61
1994-10-25,2.0,26.11,20.81,33.54,nasa,0.6
1994-10-26,4.34,23.88,20.57,28.9,nasa,0.61
1994-10-27,15.03,23.11,19.9,27.71,nasa,0.62
1994-10-28,5.69,21.92,18.89,25.27,nasa,0.64
1994-10-29,13.78,23.4,18.46,29.59,nasa,0.65
1994-10-30,1.99,20.72,16.08,25.64,nasa,0.67
1994-10-31,0.08,22.26,16.2,29.26,nasa,0.66
1994-11-01,0.0,23.74,17.73,29.74,nasa,0.65
1994-11-02,0.64,25.72,18.42,33.1,nasa,0.64
1994-11-03,1.42,25.93,19.97,32.36,nasa,0.64
1994-11-04,2.45,24.63,20.24,29.79,nasa,0.63
1994-11-05,0.0,25.36,20.19,33.13,nasa,0.63
1994-11-06,0.42,26.3,18.85,33.59,nasa,0.62
1994-11-07,0.66,27.04,18.22,34.79,nasa,0.62
1994-11-08,1.23,26.6,18.44,34.24,nasa,0.62
1994-11-09,1.49,26.13,19.59,34.83,nasa,0.61
1994-11-10,5.46,25.4,19.83,31.89,nasa,0.61
1994-11-11,2.16,25.96,19.65,32.58,nasa,0.62
1994-11-12,3.5,27.28,22.2,33.19,nasa,0.62
1994-11-13,13.34,23.55,20.62,25.9,nasa,0.63
1994-11-14,15.26,22.59,19.19,26.8,nasa,0.65
1994-11-15,8.64,22.35,19.34,27.13,nasa,0.67
1994-11-16,6.88,22.26,18.89,27.38,nasa,0.68
1994-11-17,4.11,23.1,18.48,28.62,nasa,0.68
1994-11-18,15.38,21.71,19.18,25.22,nasa,0.69
1994-11-19,21.76,22.49,19.17,27.32,nasa,0.71
1994-11-20,11.85,21.56,17.0,26.91,nasa,0.73
1994-11-21,5.6,19.74,14.85,24.8,nasa,0.72
1994-11-22,4.66,19.21,15.37,24.1,nasa,0.72
1994-11-23,8.64,19.2,15.21,24.35,nasa,0.72
1994-11-24,4.48,17.97,15.87,21.21,nasa,0.72
1994-11-25,1.12,19.95,15.55,25.96,nasa,0.71
1994-11-26,4.03,18.29,15.66,21.98,nasa,0.71
1994-11-27,10.45,18.86,15.74,22.25,nasa,0.71
1994-11-28,3.96,21.77,16.46,27.66,nasa,0.71
1994-11-29,13.64,21.45,17.84,25.87,nasa,0.72
1994-11-30,0.94,22.52,17.83,28.4,nasa,0.72
1994-12-01,0.51,22.18,18.26,27.28,nasa,0.71
1994-12-02,0.9,21.22,17.87,26.51,nasa,0.7
1994-12-03,1.91,21.58,15.51,27.8,nasa,0.69
1994-12-04,8.28,22.54,16.17,28.26,nasa,0.69
1994-12-05,8.6,21.24,18.88,24.23,nasa,0.71
1994-12-06,11.56,22.11,17.48,27.13,nasa,0.72
1994-12-07,8.37,22.24,19.12,26.49,nasa,0.72
1994-12-08,18.55,20.26,16.81,24.15,nasa,0.74
1994-12-09,6.67,21.18,16.52,27.19,nasa,0.75
1994-12-10,0.87,22.32,16.88,28.07,nasa,0.73
1994-12-11,0.27,22.67,18.79,27.35,nasa,0.72
1994-12-12,1.23,23.32,17.85,29.18,nasa,0.71
1994-12-13,5.01,23.43,18.24,27.95,nasa,0.71
1994-12-14,6.88,23.9,19.6,27.9,nasa,0.71
1994-12-15,6.91,23.47,19.66,27.55,nasa,0.71
1994-12-16,13.17,22.48,19.49,26.47,nasa,0.73
1994-12-17,10.12,21.91,19.75,25.34,nasa,0.74
1994-12-18,13.64,22.0,19.59,25.81,nasa,0.75
1994-12-19,9.24,22.66,19.22,27.88,nasa,0.76
1994-12-20,6.93,22.4,16.9,28.65,nasa,0.75
1994-12-21,15.44,21.96,19.67,26.46,nasa,0.75
1994-12-22,38.59,21.66,19.75,24.49,nasa,0.79
1994-12-23,14.77,21.57,19.04,24.71,nasa,0.81
1994-12-24,16.15,23.36,18.55,28.29,nasa,0.82
1994-12-25,13.75,22.22,19.06,26.92,nasa,0.82
1994-12-26,1.7,22.22,18.76,26.69,nasa,0.81
1994-12-27,0.67,22.5,17.73,27.3,nasa,0.79
1994-12-28,0.44,22.62,18.03,27.47,nasa,0.77
1994-12-29,0.53,22.72,18.62,27.98,nasa,0.76
1994-12-30,2.12,22.5,18.12,26.54,nasa,0.75
1994-12-31,2.33,22.8,18.37,27.05,nasa,0.75
1995-01-01,10.17,21.55,18.73,24.8,nasa,0.76
1995-01-02,19.38,21.85,18.67,25.77,nasa,0.77
1995-01-03,10.31,21.12,18.87,23.79,nasa,0.79
1995-01-04,10.34,20.7,18.68,23.75,nasa,0.8
1995-01-05,6.46,21.56,18.73,25.73,nasa,0.8
1995-01-06,0.66,22.56,18.48,27.48,nasa,0.79
1995-01-07,1.08,23.12,18.45,28.35,nasa,0.78
1995-01-08,0.81,23.3,18.15,28.27,nasa,0.77
1995-01-09,0.77,23.62,18.72,28.9,nasa,0.76
1995-01-10,0.69,23.37,17.79,28.73,nasa,0.75
1995-01-11,1.64,23.68,18.65,28.03,nasa,0.74
1995-01-12,2.67,22.69,20.13,26.22,nasa,0.74
1995-01-13,1.65,23.12,18.77,28.5,nasa,0.74
1995-01-14,0.12,23.03,16.89,28.86,nasa,0.73
1995-01-15,0.01,23.8,16.89,29.84,nasa,0.72
1995-01-16,0.25,24.83,18.05,30.07,nasa,0.71
1995-01-17,2.39,24.33,18.79,30.14,nasa,0.7
1995-01-18,1.47,25.06,18.65,30.88,nasa,0.7
1995-01-19,3.48,25.42,19.85,30.79,nasa,0.69
1995-01-20,7.44,24.94,19.58,30.55,nasa,0.7
1995-01-21,8.59,23.59,18.61,28.84,nasa,0.7
1995-01-22,3.42,22.29,18.93,27.21,nasa,0.71
1995-01-23,1.36,21.97,16.97,28.18,nasa,0.71
1995-01-24,3.11,23.69,16.98,29.46,nasa,0.7
1995-01-25,3.19,24.11,19.82,28.67,nasa,0.7
1995-01-26,12.78,22.62,20.14,25.38,nasa,0.71
1995-01-27,4.83,21.93,19.26,25.42,nasa,0.72
1995-01-28,4.83,22.43,19.24,27.25,nasa,0.73
1995-01-29,14.52,22.27,18.95,26.9,nasa,0.74
1995-01-30,6.68,20.88,18.61,23.89,nasa,0.75
1995-01-31,10.92,21.33,18.82,24.69,nasa,0.76
1995-02-01,14.62,21.7,18.5,25.59,nasa,0.77
1995-02-02,13.42,21.13,19.22,23.29,nasa,0.79
1995-02-03,11.8,21.2,17.92,25.31,nasa,0.79
1995-02-04,5.79,22.04,18.42,26.2,nasa,0.8
1995-02-05,1.15,21.56,19.29,25.2,nasa,0.78
1995-02-06,17.43,21.35,17.65,25.55,nasa,0.79
1995-02-07,19.4,22.3,18.93,26.09,nasa,0.8
1995-02-08,48.14,21.43,19.82,24.2,nasa,0.84
1995-02-09,13.37,21.71,18.63,25.01,nasa,0.86
1995-02-10,16.04,22.14,18.55,26.11,nasa,0.85
1995-02-11,30.28,22.26,18.32,27.02,nasa,0.86
1995-02-12,9.05,21.4,19.2,24.98,nasa,0.87
1995-02-13,12.04,22.15,19.3,25.89,nasa,0.86
1995-02-14,10.69,22.34,18.99,26.56,nasa,0.86
1995-02-15,10.38,22.21,18.65,25.89,nasa,0.86
1995-02-16,8.27,22.48,18.83,27.98,nasa,0.86
1995-02-17,7.82,22.4,18.17,27.41,nasa,0.85
1995-02-18,5.85,22.51,17.98,27.41,nasa,0.85
1995-02-19,14.06,22.63,19.58,26.78,nasa,0.85
1995-02-20,11.4,21.58,19.07,24.1,nasa,0.86
1995-02-21,1.46,21.73,18.32,26.53,nasa,0.86
1995-02-22,0.0,21.44,14.96,27.39,nasa,0.85
1995-02-23,0.0,22.44,16.11,28.63,nasa,0.84
1995-02-24,0.2,22.74,16.31,29.0,nasa,0.83
1995-02-25,0.2,22.82,17.05,28.93,nasa,0.82
1995-02-26,0.02,22.62,17.27,28.56,nasa,0.81
1995-02-27,0.25,22.16,17.35,27.52,nasa,0.8
1995-02-28,1.41,21.9,16.57,27.53,nasa,0.8
1995-03-01,0.81,21.64,17.79,25.61,nasa,0.8
1995-03-02,0.97,22.04,17.4,27.87,nasa,0.79
1995-03-03,3.49,21.39,17.26,26.37,nasa,0.79
1995-03-04,4.67,22.76,18.34,26.46,nasa,0.8
1995-03-05,4.96,23.33,17.6,28.57,nasa,0.8
1995-03-06,10.18,22.55,18.39,26.67,nasa,0.8
1995-03-07,7.81,22.38,18.8,26.37,nasa,0.82
1995-03-08,2.92,21.27,18.41,25.0,nasa,0.82
1995-03-09,1.82,21.91,17.48,27.66,nasa,0.82
1995-03-10,0.44,21.31,15.92,27.31,nasa,0.81
1995-03-11,0.31,21.55,16.89,27.35,nasa,0.8
1995-03-12,1.48,21.21,14.84,27.56,nasa,0.79
1995-03-13,15.57,21.37,16.8,26.38,nasa,0.79
1995-03-14,17.9,20.97,17.78,25.64,nasa,0.82
1995-03-15,11.49,21.15,17.31,26.15,nasa,0.84
1995-03-16,0.59,20.78,14.67,28.15,nasa,0.83
1995-03-17,0.38,21.66,14.39,27.98,nasa,0.82
1995-03-18,1.63,22.05,17.78,27.12,nasa,0.81
1995-03-19,3.01,21.34,17.37,25.76,nasa,0.81
1995-03-20,0.75,21.75,18.03,26.27,nasa,0.8
1995-03-21,2.05,21.86,18.42,26.71,nasa,0.8
1995-03-22,14.24,21.7,18.62,25.93,nasa,0.81
1995-03-23,8.21,22.38,19.36,26.69,nasa,0.83
1995-03-24,18.44,21.46,20.14,23.79,nasa,0.83
1995-03-25,2.61,21.81,18.57,25.42,nasa,0.84
1995-03-26,2.2,21.66,18.48,26.75,nasa,0.83
1995-03-27,3.71,20.6,16.59,25.24,nasa,0.82
1995-03-28,2.4,21.21,16.5,26.62,nasa,0.82
1995-03-29,4.78,21.07,18.77,24.44,nasa,0.82
1995-03-30,13.3,22.05,17.99,26.68,nasa,0.83
1995-03-31,9.88,21.91,19.22,25.52,nasa,0.84
1995-04-01,8.2,22.48,19.92,26.9,nasa,0.85
1995-04-02,4.6,22.38,19.13,26.24,nasa,0.84
1995-04-03,3.22,22.63,17.98,27.48,nasa,0.84
1995-04-04,1.59,21.15,17.4,25.94,nasa,0.83
1995-04-05,0.18,20.07,16.85,24.31,nasa,0.83
1995-04-06,1.67,20.39,17.56,24.32,nasa,0.82
1995-04-07,0.74,20.22,17.55,24.63,nasa,0.82
1995-04-08,2.1,20.46,17.2,24.79,nasa,0.81
1995-04-09,1.63,20.02,17.91,23.7,nasa,0.81
1995-04-10,0.2,20.33,16.68,25.66,nasa,0.81
1995-04-11,0.65,20.59,16.3,26.03,nasa,0.8
1995-04-12,6.35,21.17,16.78,26.4,nasa,0.8
1995-04-13,0.04,17.93,13.05,24.97,nasa,0.8
1995-04-14,0.51,18.18,11.36,25.27,nasa,0.8
1995-04-15,0.04,19.67,16.58,24.15,nasa,0.79
1995-04-16,0.07,20.76,16.91,26.04,nasa,0.79
1995-04-17,0.21,21.34,16.49,26.21,nasa,0.79
1995-04-18,0.31,21.45,16.77,26.7,nasa,0.78
1995-04-19,0.5,21.19,17.94,25.3,nasa,0.78
1995-04-20,3.91,21.95,17.88,26.36,nasa,0.78
1995-04-21,0.73,21.58,17.51,26.71,nasa,0.78
1995-04-22,2.17,21.88,18.18,26.88,nasa,0.78
1995-04-23,1.49,21.5,18.52,25.51,nasa,0.78
1995-04-24,1.86,21.38,18.55,25.71,nasa,0.78
1995-04-25,1.39,21.36,17.88,26.26,nasa,0.78
1995-04-26,0.34,20.63,17.21,25.58,nasa,0.78
1995-04-27,4.91,20.15,16.6,24.95,nasa,0.78
1995-04-28,0.52,19.43,15.84,24.48,nasa,0.78
1995-04-29,0.22,19.53,13.87,25.78,nasa,0.77
1995-04-30,0.0,20.02,14.58,26.11,nasa,0.77
1995-05-01,0.0,20.14,14.68,26.14,nasa,0.76
1995-05-02,0.09,20.18,14.39,26.4,nasa,0.76
1995-05-03,0.16,19.87,14.74,25.95,nasa,0.75
1995-05-04,3.12,20.83,17.14,25.95,nasa,0.75
1995-05-05,16.3,19.71,16.51,23.73,nasa,0.76
1995-05-06,53.04,19.98,18.21,22.7,nasa,0.81
1995-05-07,5.74,19.83,18.3,22.36,nasa,0.83
1995-05-08,0.86,20.51,16.65,25.82,nasa,0.82
1995-05-09,1.62,21.14,16.32,26.37,nasa,0.81
1995-05-10,10.95,20.11,17.84,23.52,nasa,0.81
1995-05-11,4.06,20.79,17.57,25.99,nasa,0.82
1995-05-12,0.58,19.74,16.36,24.65,nasa,0.81
1995-05-13,1.02,19.23,17.13,22.38,nasa,0.8
1995-05-14,0.28,20.24,17.18,25.21,nasa,0.8
1995-05-15,0.52,20.13,16.99,25.05,nasa,0.79
1995-05-16,0.31,19.64,16.35,24.86,nasa,0.79
1995-05-17,0.47,20.16,14.9,25.35,nasa,0.79
1995-05-18,1.68,20.32,15.28,26.06,nasa,0.78
1995-05-19,0.23,18.71,15.4,24.18,nasa,0.78
1995-05-20,0.01,17.92,13.58,24.11,nasa,0.78
1995-05-21,0.02,17.0,10.87,23.71,nasa,0.77
1995-05-22,0.3,18.67,14.01,24.36,nasa,0.77
1995-05-23,1.36,18.62,15.2,23.41,nasa,0.77
1995-05-24,1.13,18.98,14.76,24.05,nasa,0.77
1995-05-25,0.42,19.25,14.3,24.14,nasa,0.77
1995-05-26,0.04,19.16,14.56,24.37,nasa,0.76
1995-05-27,0.0,17.52,13.48,23.08,nasa,0.76
1995-05-28,0.0,17.25,13.19,23.14,nasa,0.76
1995-05-29,0.0,16.94,10.03,23.23,nasa,0.75
1995-05-30,0.0,17.67,10.9,23.7,nasa,0.75
1995-05-31,0.0,18.11,11.46,23.93,nasa,0.75
1995-06-01,0.0,18.01,10.75,24.14,nasa,0.74
1995-06-02,0.0,17.92,11.71,24.9,nasa,0.74
1995-06-03,0.0,16.75,11.15,23.6,nasa,0.74
1995-06-04,0.01,16.14,10.7,23.27,nasa,0.74
1995-06-05,0.01,15.53,11.19,22.41,nasa,0.73
1995-06-06,0.0,14.39,8.41,21.91,nasa,0.73
1995-06-07,0.0,14.69,6.97,22.57,nasa,0.73
1995-06-08,0.0,15.26,8.2,23.12,nasa,0.73
1995-06-09,0.0,14.76,8.07,22.97,nasa,0.72
1995-06-10,0.0,15.76,8.34,23.41,nasa,0.72
1995-06-11,0.0,17.22,11.33,24.6,nasa,0.72
1995-06-12,0.01,16.35,11.05,23.11,nasa,0.72
1995-06-13,0.0,17.34,11.39,23.67,nasa,0.71
1995-06-14,0.0,17.36,10.6,24.23,nasa,0.71
1995-06-15,0.0,16.8,10.1,23.73,nasa,0.71
1995-06-16,0.0,17.43,10.45,24.4,nasa,0.71
1995-06-17,0.0,19.28,14.61,25.17,nasa,0.71
1995-06-18,0.22,19.21,14.64,25.55,nasa,0.7
1995-06-19,0.0,18.32,13.85,24.41,nasa,0.7
1995-06-20,0.29,16.08,12.79,20.68,nasa,0.7
1995-06-21,2.49,16.77,13.46,21.46,nasa,0.7
1995-06-22,0.13,17.32,13.79,22.03,nasa,0.71
1995-06-23,0.02,17.68,13.02,23.44,nasa,0.71
1995-06-24,0.28,18.27,13.94,24.17,nasa,0.7
1995-06-25,1.26,18.96,14.73,23.76,nasa,0.7
1995-06-26,0.06,19.91,16.09,25.28,nasa,0.7
1995-06-27,0.0,19.45,15.91,25.18,nasa,0.7
1995-06-28,0.0,18.09,13.5,24.36,nasa,0.7
1995-06-29,0.0,16.79,11.39,24.09,nasa,0.7
1995-06-30,0.0,15.93,11.39,22.21,nasa,0.69
1995-07-01,0.0,16.28,10.48,23.29,nasa,0.69
1995-07-02,0.0,17.37,12.4,23.95,nasa,0.69
1995-07-03,0.0,18.01,11.47,24.56,nasa,0.69
1995-07-04,0.0,17.66,12.29,24.71,nasa,0.68
1995-07-05,0.0,17.17,13.23,22.9,nasa,0.68
1995-07-06,0.02,17.95,12.19,24.34,nasa,0.68
1995-07-07,0.0,19.51,14.41,25.83,nasa,0.68
1995-07-08,0.0,19.47,14.26,25.75,nasa,0.68
1995-07-09,0.0,18.86,14.38,25.38,nasa,0.67
1995-07-10,0.12,19.08,13.86,26.09,nasa,0.67
1995-07-11,0.02,19.22,14.05,26.35,nasa,0.67
1995-07-12,0.0,18.41,14.02,24.92,nasa,0.67
1995-07-13,0.0,18.24,13.43,24.54,nasa,0.67
1995-07-14,0.0,18.21,13.43,24.42,nasa,0.67
1995-07-15,0.0,17.44,12.82,24.01,nasa,0.66
1995-07-16,0.0,17.18,11.52,24.11,nasa,0.66
1995-07-17,0.0,16.51,10.63,24.01,nasa,0.66
1995-07-18,0.0,16.31,10.81,23.02,nasa,0.66
1995-07-19,0.0,16.4,10.66,23.44,nasa,0.66
1995-07-20,0.44,17.37,10.67,24.46,nasa,0.66
1995-07-21,0.07,18.34,12.84,25.18,nasa,0.66
1995-07-22,0.01,18.19,11.55,25.02,nasa,0.65
1995-07-23,0.0,17.96,11.02,25.7,nasa,0.65
1995-07-24,0.0,18.36,11.65,25.87,nasa,0.65
1995-07-25,0.0,18.78,13.81,25.52,nasa,0.65
1995-07-26,0.0,17.85,13.35,24.3,nasa,0.65
1995-07-27,0.0,17.6,12.07,24.92,nasa,0.65
1995-07-28,0.0,17.7,12.33,25.05,nasa,0.65
1995-07-29,0.0,18.29,12.36,25.9,nasa,0.65
1995-07-30,0.0,18.14,11.71,25.76,nasa,0.64
1995-07-31,0.0,18.3,11.54,25.99,nasa,0.64
1995-08-01,0.0,18.74,11.71,26.78,nasa,0.64
1995-08-02,0.0,20.18,13.85,27.26,nasa,0.64
1995-08-03,0.0,21.65,16.28,27.36,nasa,0.64
1995-08-04,0.0,22.26,16.98,28.77,nasa,0.64
1995-08-05,0.0,21.99,15.39,29.47,nasa,0.63
1995-08-06,0.0,20.82,15.5,28.15,nasa,0.63
1995-08-07,0.0,20.96,15.03,28.23,nasa,0.63
1995-08-08,0.0,21.03,14.97,28.2,nasa,0.63
1995-08-09,0.0,21.06,14.4,28.22,nasa,0.63
1995-08-10,0.0,21.67,13.84,29.62,nasa,0.63
1995-08-11,0.0,20.79,13.15,29.61,nasa,0.62
1995-08-12,0.0,19.68,11.91,28.6,nasa,0.62
1995-08-13,0.0,20.46,11.95,29.32,nasa,0.62
1995-08-14,0.0,20.95,12.24,30.4,nasa,0.62
1995-08-15,0.2,21.73,13.73,31.37,nasa,0.62
1995-08-16,0.0,22.27,14.26,32.44,nasa,0.61
1995-08-17,0.0,19.94,13.76,28.3,nasa,0.61
1995-08-18,0.0,19.88,13.71,27.23,nasa,0.61
1995-08-19,0.0,20.29,13.81,27.78,nasa,0.61
1995-08-20,0.0,20.42,14.36,27.87,nasa,0.61
1995-08-21,0.0,20.54,14.37,27.57,nasa,0.61
1995-08-22,0.0,19.97,13.73,27.39,nasa,0.61
1995-08-23,0.0,19.86,13.53,27.45,nasa,0.61
1995-08-24,0.0,19.44,12.24,28.28,nasa,0.61
1995-08-25,0.0,19.1,12.66,28.31,nasa,0.6
1995-08-26,0.0,19.47,12.61,28.5,nasa,0.6
1995-08-27,0.0,19.13,11.32,28.68,nasa,0.6
1995-08-28,0.0,20.13,10.91,29.56,nasa,0.6
1995-08-29,0.0,21.7,12.33,31.05,nasa,0.6
1995-08-30,0.0,22.39,12.6,31.72,nasa,0.6
1995-08-31,0.0,21.95,13.18,31.54,nasa,0.6
1995-09-01,0.0,21.5,12.85,30.72,nasa,0.6
1995-09-02,0.0,22.84,13.14,32.91,nasa,0.6
1995-09-03,0.0,21.48,14.33,30.6,nasa,0.6
1995-09-04,0.0,20.42,14.23,27.82,nasa,0.6
1995-09-05,0.0,17.51,10.52,25.84,nasa,0.59
1995-09-06,0.0,17.32,10.18,26.23,nasa,0.59
1995-09-07,0.0,17.92,10.64,27.28,nasa,0.59
1995-09-08,0.0,19.15,10.96,28.99,nasa,0.59
1995-09-09,0.0,20.38,10.81,30.47,nasa,0.59
1995-09-10,0.0,22.23,13.53,31.48,nasa,0.59
1995-09-11,0.0,24.08,15.35,32.6,nasa,0.59
1995-09-12,0.0,24.99,15.42,35.04,nasa,0.59
1995-09-13,0.0,22.52,15.29,30.61,nasa,0.59
1995-09-14,0.0,23.58,15.89,32.04,nasa,0.59
1995-09-15,0.29,25.99,20.06,34.33,nasa,0.59
1995-09-16,1.72,25.48,18.53,33.52,nasa,0.59
1995-09-17,9.92,23.91,17.61,31.19,nasa,0.6
1995-09-18,14.26,23.32,18.9,30.67,nasa,0.62
1995-09-19,1.57,22.65,18.87,28.42,nasa,0.63
1995-09-20,3.59,21.86,17.88,27.52,nasa,0.63
1995-09-21,0.42,19.69,13.91,26.25,nasa,0.64
1995-09-22,0.13,20.11,13.43,28.01,nasa,0.63
1995-09-23,0.11,21.15,14.97,28.63,nasa,0.63
1995-09-24,1.23,22.47,16.15,29.72,nasa,0.62
1995-09-25,1.16,23.97,16.88,31.49,nasa,0.62
1995-09-26,12.0,24.27,18.02,31.34,nasa,0.63
1995-09-27,0.38,23.81,18.35,29.66,nasa,0.64
1995-09-28,1.11,24.55,18.04,31.63,nasa,0.63
1995-09-29,2.01,24.45,19.01,31.7,nasa,0.63
1995-09-30,0.04,24.04,18.61,30.81,nasa,0.63
1995-10-01,0.08,24.13,18.48,30.76,nasa,0.62
1995-10-02,0.05,24.94,17.87,32.35,nasa,0.62
1995-10-03,0.0,26.47,18.79,34.28,nasa,0.61
1995-10-04,0.33,26.46,19.09,34.76,nasa,0.61
1995-10-05,0.37,28.04,21.29,36.05,nasa,0.6
1995-10-06,0.56,25.77,20.71,32.09,nasa,0.6
1995-10-07,1.09,25.85,17.94,34.64,nasa,0.6
1995-10-08,5.13,26.41,19.74,34.83,nasa,0.6
1995-10-09,13.06,22.81,19.31,27.79,nasa,0.62
1995-10-10,3.03,22.17,17.06,29.57,nasa,0.63
1995-10-11,0.28,22.74,13.48,32.4,nasa,0.63
1995-10-12,6.37,23.34,16.43,31.08,nasa,0.63
1995-10-13,19.51,21.99,19.16,26.25,nasa,0.65
1995-10-14,7.56,20.92,18.57,24.02,nasa,0.67
1995-10-15,2.29,22.33,17.96,27.12,nasa,0.67
1995-10-16,0.25,22.57,18.87,28.67,nasa,0.67
1995-10-17,0.56,22.41,17.89,28.6,nasa,0.66
1995-10-18,8.36,22.54,18.18,28.27,nasa,0.66
1995-10-19,2.15,23.36,18.86,29.05,nasa,0.67
1995-10-20,6.47,21.51,17.81,26.25,nasa,0.67
1995-10-21,4.2,22.5,17.64,28.42,nasa,0.68
1995-10-22,0.0,20.57,14.52,28.33,nasa,0.67
1995-10-23,0.51,19.71,12.02,28.68,nasa,0.66
1995-10-24,0.05,21.66,14.07,30.53,nasa,0.65
1995-10-25,0.03,23.14,16.98,31.11,nasa,0.64
1995-10-26,0.01,24.15,16.0,32.17,nasa,0.64
1995-10-27,0.05,25.06,16.98,32.9,nasa,0.63
1995-10-28,0.37,25.61,20.96,31.41,nasa,0.63
1995-10-29,10.33,23.25,18.51,29.21,nasa,0.63
1995-10-30,18.62,19.27,13.81,25.34,nasa,0.65
1995-10-31,20.71,19.69,14.87,25.16,nasa,0.68
1995-11-01,13.29,21.41,16.64,27.37,nasa,0.71
1995-11-02,12.67,21.1,16.58,26.42,nasa,0.72
1995-11-03,9.47,19.72,16.84,23.98,nasa,0.72
1995-11-04,4.4,18.9,17.3,21.4,nasa,0.72
1995-11-05,0.88,18.54,15.52,22.91,nasa,0.72
1995-11-06,0.08,20.09,14.96,26.28,nasa,0.71
1995-11-07,0.0,21.24,16.33,28.23,nasa,0.69
1995-11-08,0.0,21.58,14.58,29.0,nasa,0.68
1995-11-09,0.13,22.29,14.82,29.74,nasa,0.67
1995-11-10,0.24,23.79,16.57,31.19,nasa,0.66
1995-11-11,2.85,23.81,17.27,30.65,nasa,0.66
1995-11-12,4.19,21.56,18.69,26.16,nasa,0.66
1995-11-13,7.49,21.81,17.71,27.33,nasa,0.67
1995-11-14,3.1,22.96,18.0,29.66,nasa,0.67
1995-11-15,5.07,23.92,18.82,29.54,nasa,0.67
1995-11-16,3.68,23.38,19.16,27.1,nasa,0.67
1995-11-17,2.36,23.41,19.49,27.94,nasa,0.67
1995-11-18,7.91,23.17,18.57,28.43,nasa,0.68
1995-11-19,8.57,22.76,18.47,28.72,nasa,0.69
1995-11-20,0.61,20.29,15.2,26.15,nasa,0.68
1995-11-21,0.26,20.64,15.35,27.37,nasa,0.68
1995-11-22,0.37,21.31,13.81,27.81,nasa,0.67
1995-11-23,4.5,21.75,17.36,26.14,nasa,0.66
1995-11-24,11.63,22.23,18.5,27.25,nasa,0.68
1995-11-25,2.56,22.88,17.86,28.71,nasa,0.68
1995-11-26,1.71,23.24,18.59,28.95,nasa,0.68
1995-11-27,1.78,23.76,17.29,29.47,nasa,0.67
1995-11-28,3.49,23.61,19.73,28.47,nasa,0.67
1995-11-29,15.13,22.53,18.69,27.65,nasa,0.68
1995-11-30,5.24,21.68,17.97,27.21,nasa,0.69
1995-12-01,4.21,22.39,17.46,28.2,nasa,0.69
1995-12-02,5.39,23.43,18.48,28.56,nasa,0.69
1995-12-03,4.7,22.53,18.97,27.82,nasa,0.69
1995-12-04,5.28,23.05,18.78,28.53,nasa,0.69
1995-12-05,4.28,23.56,18.59,29.21,nasa,0.69
1995-12-06,6.46,22.77,17.93,28.49,nasa,0.69
1995-12-07,7.27,23.0,17.49,28.29,nasa,0.69
1995-12-08,1.03,23.51,18.56,29.27,nasa,0.69
1995-12-09,2.57,23.14,18.99,28.64,nasa,0.68
1995-12-10,3.09,22.66,18.85,28.18,nasa,0.68
1995-12-11,10.05,22.23,18.31,27.74,nasa,0.68
1995-12-12,18.29,21.72,19.16,26.16,nasa,0.7
1995-12-13,27.16,21.15,19.38,23.28,nasa,0.74
1995-12-14,18.0,22.39,18.87,27.23,nasa,0.77
1995-12-15,6.65,21.67,15.98,27.39,nasa,0.77
1995-12-16,14.77,21.75,17.48,26.81,nasa,0.76
1995-12-17,11.03,21.08,18.08,24.06,nasa,0.77
1995-12-18,7.83,22.41,19.5,26.15,nasa,0.77
1995-12-19,8.99,21.5,19.29,24.98,nasa,0.77
1995-12-20,5.09,22.05,17.31,26.7,nasa,0.77
1995-12-21,19.19,22.24,17.78,26.28,nasa,0.77
1995-12-22,3.56,22.9,18.76,28.61,nasa,0.78
1995-12-23,13.2,22.26,18.11,27.35,nasa,0.78
1995-12-24,6.39,20.94,17.73,24.24,nasa,0.77
1995-12-25,9.3,22.27,17.23,27.12,nasa,0.77
1995-12-26,24.62,22.62,18.21,27.59,nasa,0.78
1995-12-27,11.98,23.23,19.78,27.95,nasa,0.8
1995-12-28,10.02,22.74,19.68,27.95,nasa,0.8
1995-12-29,12.52,22.47,18.25,27.53,nasa,0.8
1995-12-30,7.35,22.17,16.45,27.08,nasa,0.79
1995-12-31,11.28,22.44,18.37,26.59,nasa,0.79
1996-01-01,19.3,21.3,18.79,24.88,nasa,0.81
1996-01-02,14.27,21.01,19.17,24.69,nasa,0.83
1996-01-03,9.6,20.93,19.44,23.51,nasa,0.83
1996-01-04,4.65,22.02,18.79,26.26,nasa,0.82
1996-01-05,4.85,21.16,17.32,25.54,nasa,0.81
1996-01-06,7.2,21.66,18.67,25.69,nasa,0.81
1996-01-07,5.37,20.9,17.32,24.52,nasa,0.81
1996-01-08,14.17,21.0,18.56,23.87,nasa,0.82
1996-01-09,17.12,21.55,17.95,26.06,nasa,0.83
1996-01-10,12.03,21.88,18.08,26.93,nasa,0.84
1996-01-11,9.93,21.82,18.72,25.8,nasa,0.84
1996-01-12,13.48,21.86,18.9,26.24,nasa,0.84
1996-01-13,6.65,20.84,17.97,24.32,nasa,0.85
1996-01-14,0.18,21.74,16.96,27.2,nasa,0.83
1996-01-15,0.01,21.77,17.18,27.18,nasa,0.82
1996-01-16,0.15,22.17,17.93,27.64,nasa,0.81
1996-01-17,0.14,22.03,16.83,28.21,nasa,0.79
1996-01-18,0.75,22.74,16.58,28.42,nasa,0.79
1996-01-19,1.32,23.52,17.79,28.55,nasa,0.78
1996-01-20,7.62,23.81,19.57,28.69,nasa,0.78
1996-01-21,9.3,22.53,19.59,25.86,nasa,0.79
1996-01-22,1.79,22.22,19.27,25.47,nasa,0.8
1996-01-23,0.76,23.41,17.97,29.03,nasa,0.79
1996-01-24,0.6,23.59,17.63,29.97,nasa,0.78
1996-01-25,0.13,23.85,18.29,29.36,nasa,0.77
1996-01-26,4.09,23.74,18.27,29.11,nasa,0.76
1996-01-27,1.29,23.3,18.14,28.68,nasa,0.76
1996-01-28,0.45,22.68,17.31,28.84,nasa,0.75
1996-01-29,0.35,22.45,16.57,28.4,nasa,0.74
1996-01-30,1.16,22.89,18.22,28.3,nasa,0.74
1996-01-31,2.44,23.51,17.07,28.96,nasa,0.73
1996-02-01,2.08,23.76,19.48,28.96,nasa,0.73
1996-02-02,7.59,22.27,19.14,26.27,nasa,0.74
1996-02-03,6.88,22.38,17.59,27.56,nasa,0.75
1996-02-04,13.57,21.66,18.31,26.11,nasa,0.76
1996-02-05,5.92,21.19,18.85,24.27,nasa,0.77
1996-02-06,11.0,21.25,18.35,24.93,nasa,0.78
1996-02-07,4.9,22.46,18.66,26.74,nasa,0.79
1996-02-08,0.81,23.53,18.55,28.24,nasa,0.79
1996-02-09,1.36,24.37,19.71,28.68,nasa,0.78
1996-02-10,3.06,23.95,20.05,28.28,nasa,0.77
1996-02-11,12.42,22.07,19.28,25.35,nasa,0.78
1996-02-12,2.39,22.34,18.37,27.33,nasa,0.79
1996-02-13,4.39,23.02,18.95,27.97,nasa,0.78
1996-02-14,0.45,21.98,18.1,27.52,nasa,0.78
1996-02-15,0.05,21.26,17.25,26.88,nasa,0.76
1996-02-16,0.73,21.73,16.94,27.49,nasa,0.75
1996-02-17,0.67,22.22,18.06,28.19,nasa,0.74
1996-02-18,2.55,21.37,17.26,26.62,nasa,0.74
1996-02-19,8.47,22.24,18.4,26.8,nasa,0.74
1996-02-20,8.57,22.5,17.83,27.09,nasa,0.75
1996-02-21,4.84,22.33,18.99,25.67,nasa,0.76
1996-02-22,10.33,22.72,17.47,27.87,nasa,0.77
1996-02-23,1.64,22.5,19.03,27.2,nasa,0.77
1996-02-24,1.95,22.61,18.09,27.53,nasa,0.77
1996-02-25,7.5,23.71,19.14,28.36,nasa,0.77
1996-02-26,10.79,22.23,19.54,25.44,nasa,0.78
1996-02-27,7.01,21.37,18.39,25.22,nasa,0.79
1996-02-28,0.33,21.91,17.34,27.53,nasa,0.79
1996-02-29,1.33,22.55,17.61,27.45,nasa,0.77
1996-03-01,7.12,21.33,17.2,25.45,nasa,0.77
1996-03-02,2.61,21.36,17.52,26.23,nasa,0.78
1996-03-03,12.14,21.35,18.24,25.24,nasa,0.78
1996-03-04,8.66,21.11,18.58,24.14,nasa,0.79
1996-03-05,5.43,22.09,18.89,26.77,nasa,0.8
1996-03-06,5.21,21.32,19.34,24.44,nasa,0.79
1996-03-07,16.54,22.43,19.0,26.12,nasa,0.81
1996-03-08,4.76,22.04,18.91,25.27,nasa,0.82
1996-03-09,13.48,22.6,18.59,27.51,nasa,0.81
1996-03-10,9.51,21.72,19.78,24.88,nasa,0.82
1996-03-11,8.48,20.73,17.7,24.47,nasa,0.82
1996-03-12,3.23,19.77,18.01,23.05,nasa,0.82
1996-03-13,3.03,20.6,17.12,25.04,nasa,0.82
1996-03-14,0.93,21.75,16.9,27.61,nasa,0.81
1996-03-15,4.33,22.09,18.73,26.51,nasa,0.8
1996-03-16,7.56,21.6,18.64,25.67,nasa,0.81
1996-03-17,7.69,20.93,17.93,25.21,nasa,0.82
1996-03-18,5.96,21.57,17.08,26.57,nasa,0.82
1996-03-19,6.22,22.44,18.11,27.21,nasa,0.82
1996-03-20,2.59,22.72,17.78,27.96,nasa,0.81
1996-03-21,2.38,21.8,18.49,26.66,nasa,0.81
1996-03-22,2.7,21.7,16.54,27.2,nasa,0.8
1996-03-23,3.87,22.55,18.77,27.16,nasa,0.8
1996-03-24,1.9,23.61,19.46,28.58,nasa,0.8
1996-03-25,2.08,23.25,18.57,28.1,nasa,0.79
1996-03-26,2.03,23.1,19.66,27.53,nasa,0.79
1996-03-27,0.55,22.13,19.72,25.47,nasa,0.79
1996-03-28,0.03,22.14,17.18,28.35,nasa,0.78
1996-03-29,0.01,21.41,15.83,27.29,nasa,0.77
1996-03-30,1.04,22.72,17.19,28.22,nasa,0.77
1996-03-31,0.1,23.4,17.93,29.23,nasa,0.76
1996-04-01,0.5,21.4,19.22,25.16,nasa,0.76
1996-04-02,0.05,21.88,16.94,27.77,nasa,0.75
1996-04-03,0.0,21.79,16.02,28.3,nasa,0.74
1996-04-04,0.0,21.65,16.3,27.74,nasa,0.74
1996-04-05,0.05,21.26,16.72,27.06,nasa,0.73
1996-04-06,0.02,21.19,14.62,27.87,nasa,0.73
1996-04-07,0.06,21.71,15.8,28.65,nasa,0.72
1996-04-08,0.29,21.62,16.24,27.99,nasa,0.72
1996-04-09,2.49,21.88,17.49,27.58,nasa,0.72
1996-04-10,0.31,22.06,17.02,27.55,nasa,0.71
1996-04-11,6.91,20.96,17.62,25.27,nasa,0.72
1996-04-12,9.24,21.34,17.3,26.29,nasa,0.73
1996-04-13,10.47,21.04,18.07,25.36,nasa,0.74
1996-04-14,4.88,19.27,17.39,21.93,nasa,0.76
1996-04-15,5.31,20.21,17.48,24.49,nasa,0.76
1996-04-16,16.29,20.88,16.68,25.83,nasa,0.78
1996-04-17,8.95,21.01,18.03,25.37,nasa,0.79
1996-04-18,1.91,19.92,16.23,24.25,nasa,0.79
1996-04-19,1.3,17.57,12.8,22.88,nasa,0.78
1996-04-20,0.28,18.07,13.79,23.71,nasa,0.77
1996-04-21,0.0,18.0,13.24,24.11,nasa,0.77
1996-04-22,0.0,17.14,11.48,23.82,nasa,0.76
1996-04-23,0.0,16.6,9.95,23.62,nasa,0.75
1996-04-24,0.0,18.92,12.65,25.61,nasa,0.74
1996-04-25,0.0,20.47,14.44,26.54,nasa,0.74
1996-04-26,0.0,20.22,14.95,26.51,nasa,0.73
1996-04-27,0.0,18.93,14.99,24.48,nasa,0.73
1996-04-28,0.01,18.31,13.8,24.25,nasa,0.72
1996-04-29,0.0,18.1,13.73,24.35,nasa,0.72
1996-04-30,0.01,18.57,13.28,25.04,nasa,0.71
1996-05-01,0.0,19.2,13.71,25.44,nasa,0.71
1996-05-02,0.03,19.57,13.16,26.2,nasa,0.71
1996-05-03,0.0,19.37,14.72,25.67,nasa,0.7
1996-05-04,0.0,18.21,13.38,24.88,nasa,0.7
1996-05-05,0.0,17.98,12.9,24.58,nasa,0.7
1996-05-06,0.0,18.1,12.52,24.57,nasa,0.69
1996-05-07,0.0,18.76,13.43,25.52,nasa,0.69
1996-05-08,0.0,19.6,13.01,26.47,nasa,0.69
1996-05-09,0.13,19.47,13.56,26.13,nasa,0.68
1996-05-10,2.32,19.69,13.39,26.16,nasa,0.68
1996-05-11,0.6,18.33,14.67,23.87,nasa,0.68
1996-05-12,0.0,17.25,11.25,24.27,nasa,0.68
1996-05-13,0.53,19.82,13.6,26.16,nasa,0.68
1996-05-14,2.97,20.89,17.05,26.47,nasa,0.68
1996-05-15,0.52,19.9,15.25,26.0,nasa,0.68
1996-05-16,3.17,20.56,16.42,26.59,nasa,0.68
1996-05-17,1.58,19.98,17.41,24.66,nasa,0.68
1996-05-18,11.36,19.02,16.27,23.14,nasa,0.69
1996-05-19,0.25,20.27,16.76,26.16,nasa,0.7
1996-05-20,0.04,20.57,16.07,26.14,nasa,0.7
1996-05-21,0.56,20.06,16.34,24.87,nasa,0.7
1996-05-22,6.47,19.76,16.88,24.79,nasa,0.7
1996-05-23,3.07,20.16,15.16,26.42,nasa,0.71
1996-05-24,0.15,19.26,15.25,24.98,nasa,0.7
1996-05-25,0.08,17.11,13.18,23.02,nasa,0.7
1996-05-26,0.0,16.07,10.3,22.81,nasa,0.69
1996-05-27,0.0,16.52,10.06,23.67,nasa,0.69
1996-05-28,0.0,17.38,10.46,24.38,nasa,0.69
1996-05-29,0.0,17.46,10.65,24.81,nasa,0.68
1996-05-30,0.0,16.6,10.42,24.45,nasa,0.68
1996-05-31,0.0,17.13,10.69,24.48,nasa,0.67
1996-06-01,0.0,17.81,12.16,24.21,nasa,0.67
1996-06-02,0.0,19.03,13.71,25.78,nasa,0.67
1996-06-03,0.0,16.76,11.46,23.17,nasa,0.67
1996-06-04,0.0,15.96,11.47,22.06,nasa,0.66
1996-06-05,0.0,15.44,10.27,22.3,nasa,0.66
1996-06-06,0.0,16.88,10.19,23.77,nasa,0.66
1996-06-07,0.0,18.66,12.0,25.51,nasa,0.66
1996-06-08,0.0,18.03,11.42,26.02,nasa,0.66
1996-06-09,0.0,16.84,12.35,23.46,nasa,0.65
1996-06-10,0.0,15.15,11.29,21.61,nasa,0.65
1996-06-11,0.0,14.3,8.99,21.43,nasa,0.65
1996-06-12,0.0,14.97,9.71,22.18,nasa,0.65
1996-06-13,0.0,15.85,10.46,23.1,nasa,0.65
1996-06-14,0.0,16.53,11.52,23.68,nasa,0.65
1996-06-15,0.0,16.44,9.89,24.54,nasa,0.65
1996-06-16,0.0,16.59,9.32,25.78,nasa,0.65
1996-06-17,0.0,17.42,9.24,26.6,nasa,0.64
1996-06-18,0.0,18.09,9.6,27.32,nasa,0.64
1996-06-19,0.0,18.38,10.89,27.88,nasa,0.64
1996-06-20,0.0,17.6,11.61,25.93,nasa,0.64
1996-06-21,0.0,18.13,11.47,25.57,nasa,0.64
1996-06-22,0.0,18.98,11.23,26.83,nasa,0.63
1996-06-23,0.0,19.86,12.98,28.39,nasa,0.63
1996-06-24,0.0,19.03,12.57,27.52,nasa,0.63
1996-06-25,0.0,18.92,12.38,27.08,nasa,0.63
1996-06-26,0.0,19.5,12.9,27.05,nasa,0.63
1996-06-27,0.0,18.92,13.13,26.61,nasa,0.63
1996-06-28,3.11,15.02,11.01,19.24,nasa,0.63
1996-06-29,0.01,11.52,8.16,17.19,nasa,0.63
1996-06-30,0.26,13.46,7.43,21.15,nasa,0.63
1996-07-01,0.0,16.65,11.14,24.31,nasa,0.63
1996-07-02,0.01,17.96,12.42,25.39,nasa,0.63
1996-07-03,0.29,18.45,11.13,27.37,nasa,0.63
1996-07-04,0.0,18.91,12.72,25.8,nasa,0.63
1996-07-05,0.0,19.76,15.57,26.3,nasa,0.63
1996-07-06,0.0,19.47,14.28,26.24,nasa,0.63
1996-07-07,0.0,19.79,14.17,26.8,nasa,0.62
1996-07-08,0.0,19.43,13.18,26.98,nasa,0.62
1996-07-09,0.0,19.53,13.25,26.83,nasa,0.62
1996-07-10,0.0,20.54,14.09,27.67,nasa,0.62
1996-07-11,0.0,18.23,12.2,25.82,nasa,0.62
1996-07-12,0.1,14.71,7.79,24.51,nasa,0.62
1996-07-13,0.0,16.61,7.36,27.07,nasa,0.62
1996-07-14,0.0,18.57,11.2,27.84,nasa,0.62
1996-07-15,0.0,19.04,10.9,28.54,nasa,0.61
1996-07-16,0.0,18.52,11.9,27.18,nasa,0.61
1996-07-17,0.0,19.18,13.16,26.83,nasa,0.61
1996-07-18,0.0,18.94,11.68,27.28,nasa,0.61
1996-07-19,0.0,19.04,11.12,26.93,nasa,0.61
1996-07-20,0.0,19.6,12.28,28.27,nasa,0.61
1996-07-21,0.0,18.86,11.64,27.75,nasa,0.61
1996-07-22,0.0,16.92,10.36,24.73,nasa,0.61
1996-07-23,0.0,14.84,8.08,23.21,nasa,0.61
1996-07-24,0.0,14.92,8.25,23.47,nasa,0.61
1996-07-25,0.01,15.39,8.28,24.21,nasa,0.61
1996-07-26,0.0,16.64,8.5,26.13,nasa,0.6
1996-07-27,0.0,18.1,9.92,27.7,nasa,0.6
1996-07-28,0.0,18.91,12.39,26.83,nasa,0.6
1996-07-29,0.65,19.37,13.12,27.12,nasa,0.6
1996-07-30,6.41,16.78,14.03,20.52,nasa,0.61
1996-07-31,0.41,16.8,13.24,21.84,nasa,0.62
1996-08-01,0.0,18.24,11.29,26.29,nasa,0.61
1996-08-02,0.0,17.93,11.15,26.54,nasa,0.61
1996-08-03,0.0,17.29,10.37,26.09,nasa,0.61
1996-08-04,0.0,17.19,10.64,26.09,nasa,0.61
1996-08-05,0.0,18.66,10.01,28.09,nasa,0.61
1996-08-06,0.0,20.2,11.29,29.28,nasa,0.6
1996-08-07,0.0,20.21,11.81,30.28,nasa,0.6
1996-08-08,0.0,20.7,12.45,30.58,nasa,0.6
1996-08-09,0.06,21.53,13.69,30.35,nasa,0.6
1996-08-10,0.0,23.91,17.77,32.26,nasa,0.6
1996-08-11,2.67,22.52,16.99,30.04,nasa,0.6
1996-08-12,2.64,21.89,15.06,29.37,nasa,0.6
1996-08-13,0.88,22.3,16.66,29.19,nasa,0.6
1996-08-14,11.05,21.87,15.61,29.62,nasa,0.61
1996-08-15,0.74,20.97,17.31,25.36,nasa,0.62
1996-08-16,0.0,19.88,15.96,25.39,nasa,0.62
1996-08-17,0.0,17.73,11.7,25.59,nasa,0.62
1996-08-18,0.0,16.48,9.4,25.57,nasa,0.62
1996-08-19,0.0,16.57,10.05,25.27,nasa,0.61
1996-08-20,0.0,17.5,10.31,26.3,nasa,0.61
1996-08-21,0.0,17.26,12.77,23.74,nasa,0.61
1996-08-22,0.0,18.79,11.89,27.34,nasa,0.61
1996-08-23,0.0,19.73,12.71,27.84,nasa,0.61
1996-08-24,0.0,18.67,11.86,26.89,nasa,0.6
1996-08-25,0.0,18.5,11.79,27.1,nasa,0.6
1996-08-26,0.0,19.78,11.94,28.9,nasa,0.6
1996-08-27,0.0,22.38,13.51,31.27,nasa,0.6
1996-08-28,0.05,23.18,15.47,32.28,nasa,0.6
1996-08-29,0.19,23.58,16.56,31.14,nasa,0.59
1996-08-30,0.04,22.23,15.56,29.96,nasa,0.59
1996-08-31,0.0,21.49,14.86,29.54,nasa,0.59
1996-09-01,1.1,21.57,16.79,29.28,nasa,0.59
1996-09-02,0.01,21.85,15.47,29.68,nasa,0.59
1996-09-03,26.67,22.76,17.24,29.82,nasa,0.61
1996-09-04,4.93,21.95,18.3,27.26,nasa,0.65
1996-09-05,11.19,21.07,17.04,26.82,nasa,0.65
1996-09-06,9.62,18.58,14.52,22.67,nasa,0.68
1996-09-07,0.5,17.31,12.05,23.24,nasa,0.68
1996-09-08,0.0,20.24,14.21,28.83,nasa,0.67
1996-09-09,3.69,21.28,13.8,29.29,nasa,0.66
1996-09-10,4.27,20.75,14.62,27.53,nasa,0.66
1996-09-11,1.64,20.46,15.53,27.18,nasa,0.66
1996-09-12,0.66,21.02,14.69,28.34,nasa,0.66
1996-09-13,0.28,21.6,16.86,28.13,nasa,0.65
1996-09-14,0.06,20.64,14.96,27.71,nasa,0.64
1996-09-15,0.03,19.87,14.08,27.27,nasa,0.64
1996-09-16,0.57,20.71,13.49,27.32,nasa,0.64
1996-09-17,0.44,22.48,16.72,29.3,nasa,0.63
1996-09-18,0.52,20.58,14.49,27.71,nasa,0.63
1996-09-19,0.01,20.48,15.08,27.02,nasa,0.62
1996-09-20,0.0,21.68,14.25,29.83,nasa,0.62
1996-09-21,0.0,22.69,15.75,30.8,nasa,0.62
1996-09-22,0.37,23.6,16.12,30.93,nasa,0.61
1996-09-23,0.59,23.94,18.46,30.76,nasa,0.61
1996-09-24,0.43,24.75,16.91,32.69,nasa,0.61
1996-09-25,1.31,25.04,19.64,33.19,nasa,0.61
1996-09-26,0.9,24.67,19.07,31.59,nasa,0.61
1996-09-27,0.59,24.27,17.86,31.28,nasa,0.6
1996-09-28,3.31,23.17,17.11,30.54,nasa,0.6
1996-09-29,3.52,23.82,16.84,32.04,nasa,0.61
1996-09-30,0.32,24.14,17.86,30.84,nasa,0.61
1996-10-01,0.37,24.28,16.64,32.9,nasa,0.61
1996-10-02,5.7,22.39,15.74,29.85,nasa,0.6
1996-10-03,8.8,23.15,18.87,28.87,nasa,0.62
1996-10-04,0.66,23.89,17.52,31.56,nasa,0.63
1996-10-05,4.3,24.49,19.21,31.24,nasa,0.62
1996-10-06,0.76,25.21,17.65,32.38,nasa,0.62
1996-10-07,5.27,24.87,18.99,31.38,nasa,0.62
1996-10-08,1.56,23.86,19.6,29.75,nasa,0.63
1996-10-09,0.01,22.33,15.36,30.2,nasa,0.62
1996-10-10,1.8,23.13,15.87,30.35,nasa,0.62
1996-10-11,2.3,24.95,18.46,31.64,nasa,0.62
1996-10-12,2.42,25.82,19.36,32.35,nasa,0.62
1996-10-13,2.85,25.31,19.65,30.99,nasa,0.62
1996-10-14,8.07,22.15,18.58,25.98,nasa,0.63
1996-10-15,0.1,23.25,17.57,30.23,nasa,0.63
1996-10-16,0.54,21.26,15.08,28.39,nasa,0.63
1996-10-17,0.04,21.51,15.2,27.1,nasa,0.63
1996-10-18,0.0,23.98,17.07,31.48,nasa,0.62
1996-10-19,0.22,24.95,17.72,32.35,nasa,0.62
1996-10-20,1.24,26.22,18.63,32.74,nasa,0.61
1996-10-21,1.2,24.17,19.58,29.5,nasa,0.61
1996-10-22,2.52,23.23,19.48,28.71,nasa,0.61
1996-10-23,0.16,25.38,19.16,32.58,nasa,0.61
1996-10-24,0.56,24.56,20.37,31.28,nasa,0.61
1996-10-25,1.82,23.26,19.73,27.44,nasa,0.61
1996-10-26,6.68,22.76,19.39,28.08,nasa,0.62
1996-10-27,6.91,22.63,18.18,29.85,nasa,0.62
1996-10-28,4.44,22.16,17.65,27.79,nasa,0.63
1996-10-29,4.36,23.22,18.94,29.22,nasa,0.64
1996-10-30,0.35,23.7,18.37,30.37,nasa,0.63
1996-10-31,5.43,22.44,18.38,27.89,nasa,0.64
1996-11-01,18.79,20.6,18.4,23.3,nasa,0.65
1996-11-02,6.87,21.63,18.04,25.96,nasa,0.68
1996-11-03,13.18,20.86,18.32,24.56,nasa,0.69
1996-11-04,4.38,21.65,17.01,26.86,nasa,0.69
1996-11-05,2.31,21.76,17.61,26.93,nasa,0.69
1996-11-06,1.53,21.68,16.55,27.96,nasa,0.68
1996-11-07,1.0,22.64,17.99,28.57,nasa,0.67
1996-11-08,0.01,22.76,17.79,28.86,nasa,0.66
1996-11-09,0.14,22.97,16.57,29.5,nasa,0.65
1996-11-10,0.59,23.15,17.15,29.35,nasa,0.65
1996-11-11,0.11,24.41,17.51,30.8,nasa,0.64
1996-11-12,0.18,25.24,17.71,32.64,nasa,0.63
1996-11-13,5.73,24.77,18.77,31.18,nasa,0.63
1996-11-14,7.85,23.86,19.1,29.27,nasa,0.64
1996-11-15,13.07,22.89,20.0,27.83,nasa,0.66
1996-11-16,8.85,21.22,19.1,25.1,nasa,0.67
1996-11-17,17.67,22.06,18.89,26.44,nasa,0.69
1996-11-18,21.59,22.08,18.53,26.27,nasa,0.71
1996-11-19,25.08,21.8,18.94,26.99,nasa,0.74
1996-11-20,23.4,20.69,18.8,22.98,nasa,0.77
1996-11-21,31.78,21.13,18.58,24.4,nasa,0.81
1996-11-22,42.79,21.69,18.23,25.38,nasa,0.85
1996-11-23,5.77,20.58,15.49,26.44,nasa,0.85
1996-11-24,1.34,21.91,17.27,27.57,nasa,0.82
1996-11-25,0.14,22.18,16.23,27.8,nasa,0.79
1996-11-26,2.04,21.9,17.39,27.52,nasa,0.77
1996-11-27,0.6,20.84,17.33,26.01,nasa,0.76
1996-11-28,0.44,19.43,14.49,25.25,nasa,0.74
1996-11-29,1.78,18.6,14.8,23.48,nasa,0.74
1996-11-30,1.85,17.83,14.37,22.29,nasa,0.73
1996-12-01,4.19,19.81,13.89,25.42,nasa,0.73
1996-12-02,14.0,19.2,16.63,22.67,nasa,0.74
1996-12-03,16.43,20.45,16.29,25.29,nasa,0.76
1996-12-04,4.1,20.69,17.02,25.12,nasa,0.77
1996-12-05,5.37,20.41,18.14,23.37,nasa,0.77
1996-12-06,2.78,21.69,17.83,26.64,nasa,0.76
1996-12-07,5.5,22.14,17.33,28.21,nasa,0.75
1996-12-08,3.9,22.77,16.65,28.27,nasa,0.75
1996-12-09,9.85,22.79,18.14,27.55,nasa,0.76
1996-12-10,8.88,22.05,19.59,25.56,nasa,0.76
1996-12-11,7.52,21.09,18.64,24.09,nasa,0.77
1996-12-12,11.88,21.99,19.2,25.91,nasa,0.78
1996-12-13,3.62,21.4,18.42,25.13,nasa,0.78
1996-12-14,6.9,21.7,18.68,26.4,nasa,0.78
1996-12-15,6.5,23.34,17.77,28.68,nasa,0.78
1996-12-16,4.22,22.27,19.61,25.9,nasa,0.77
1996-12-17,4.65,22.54,19.34,26.6,nasa,0.77
1996-12-18,1.77,22.71,18.88,27.18,nasa,0.77
1996-12-19,3.13,23.0,18.2,27.74,nasa,0.77
1996-12-20,7.01,23.53,18.67,28.63,nasa,0.76
1996-12-21,11.17,22.56,19.36,26.79,nasa,0.77
1996-12-22,31.76,22.6,18.4,26.77,nasa,0.78
1996-12-23,37.99,21.43,19.22,24.73,nasa,0.84
1996-12-24,6.81,22.46,19.49,27.13,nasa,0.85
1996-12-25,5.08,21.65,18.86,25.39,nasa,0.83
1996-12-26,10.72,22.68,19.57,27.16,nasa,0.83
1996-12-27,5.3,22.27,18.7,27.28,nasa,0.82
1996-12-28,10.34,22.1,18.23,26.25,nasa,0.82
1996-12-29,12.32,22.37,19.25,26.71,nasa,0.82
1996-12-30,10.55,22.4,18.18,27.29,nasa,0.83
1996-12-31,11.59,22.7,20.27,26.53,nasa,0.83
1997-01-01,24.11,22.16,19.74,24.83,nasa,0.85
1997-01-02,33.54,21.88,19.58,25.99,nasa,0.88
1997-01-03,91.91,20.32,18.77,21.85,nasa,0.92
1997-01-04,22.45,20.51,18.5,23.71,nasa,0.93
1997-01-05,22.38,20.27,16.97,23.57,nasa,0.93
1997-01-06,27.37,21.41,18.9,24.75,nasa,0.93
1997-01-07,5.6,22.14,18.65,26.03,nasa,0.92
1997-01-08,9.28,22.97,19.08,27.88,nasa,0.9
1997-01-09,7.44,22.36,18.13,26.95,nasa,0.9
1997-01-10,8.44,22.02,18.49,25.63,nasa,0.9
1997-01-11,5.79,21.57,17.81,25.5,nasa,0.9
1997-01-12,8.34,21.72,17.74,26.54,nasa,0.89
1997-01-13,10.9,22.2,17.18,27.0,nasa,0.89
1997-01-14,8.1,21.71,19.25,24.69,nasa,0.9
1997-01-15,3.38,22.59,18.81,26.95,nasa,0.9
1997-01-16,1.24,22.84,18.21,26.94,nasa,0.89
1997-01-17,6.57,22.01,19.03,25.52,nasa,0.89
1997-01-18,7.07,21.79,18.42,26.43,nasa,0.89
1997-01-19,7.32,20.94,18.5,24.13,nasa,0.89
1997-01-20,5.28,21.32,18.36,25.08,nasa,0.9
1997-01-21,1.92,20.94,18.06,24.89,nasa,0.89
1997-01-22,1.73,21.06,18.18,24.15,nasa,0.89
1997-01-23,1.39,21.35,18.03,25.25,nasa,0.89
1997-01-24,1.7,21.69,19.22,25.36,nasa,0.88
1997-01-25,2.87,21.79,19.11,25.47,nasa,0.88
1997-01-26,5.54,20.97,18.94,23.35,nasa,0.88
1997-01-27,16.51,20.72,19.28,22.47,nasa,0.9
1997-01-28,19.85,20.72,18.89,23.43,nasa,0.91
1997-01-29,13.32,20.55,18.98,22.44,nasa,0.93
1997-01-30,6.31,20.24,17.01,24.03,nasa,0.92
1997-01-31,5.38,20.45,17.35,24.22,nasa,0.92
1997-02-01,4.73,20.98,17.8,24.78,nasa,0.92
1997-02-02,11.81,21.03,18.04,25.17,nasa,0.92
1997-02-03,7.18,21.1,16.96,25.98,nasa,0.92
1997-02-04,1.04,21.24,18.16,25.82,nasa,0.92
1997-02-05,0.41,20.52,16.96,25.48,nasa,0.91
1997-02-06,0.34,20.4,16.27,25.63,nasa,0.9
1997-02-07,0.51,20.93,17.0,26.22,nasa,0.89
1997-02-08,0.84,20.78,16.44,26.05,nasa,0.89
1997-02-09,0.54,20.97,16.8,26.2,nasa,0.88
1997-02-10,0.35,21.0,17.12,26.09,nasa,0.88
1997-02-11,0.49,20.86,16.66,26.2,nasa,0.87
1997-02-12,2.79,20.61,16.31,25.52,nasa,0.87
1997-02-13,0.54,21.05,17.18,26.04,nasa,0.87
1997-02-14,0.17,21.43,17.03,26.11,nasa,0.86
1997-02-15,0.6,21.57,17.67,25.84,nasa,0.86
1997-02-16,2.25,21.45,18.28,25.51,nasa,0.86
1997-02-17,5.31,21.25,18.46,25.39,nasa,0.86
1997-02-18,2.32,21.74,17.99,25.7,nasa,0.86
1997-02-19,1.16,21.08,18.86,24.47,nasa,0.86
1997-02-20,3.6,21.95,17.72,26.0,nasa,0.86
1997-02-21,0.27,22.69,17.56,27.94,nasa,0.86
1997-02-22,0.11,22.31,17.17,28.36,nasa,0.85
1997-02-23,0.9,22.62,16.81,28.33,nasa,0.84
1997-02-24,10.55,21.93,18.43,26.32,nasa,0.84
1997-02-25,8.49,22.31,18.84,26.66,nasa,0.86
1997-02-26,1.95,22.99,19.67,27.17,nasa,0.86
1997-02-27,7.67,21.5,19.54,24.63,nasa,0.86
1997-02-28,7.07,21.8,18.59,26.03,nasa,0.86
1997-03-01,20.96,21.47,17.76,25.37,nasa,0.88
1997-03-02,22.3,20.46,17.45,24.68,nasa,0.89
1997-03-03,5.38,20.8,18.16,24.39,nasa,0.9
1997-03-04,8.41,21.11,18.13,24.83,nasa,0.89
1997-03-05,13.78,21.38,19.28,25.34,nasa,0.9
1997-03-06,9.03,20.57,19.0,22.94,nasa,0.9
1997-03-07,9.57,20.43,17.88,23.95,nasa,0.9
1997-03-08,4.36,20.92,16.3,26.6,nasa,0.9
1997-03-09,1.14,20.87,16.8,25.61,nasa,0.89
1997-03-10,0.48,21.17,18.19,25.38,nasa,0.89
1997-03-11,0.11,20.23,15.97,25.93,nasa,0.88
1997-03-12,0.77,20.65,16.1,25.9,nasa,0.88
1997-03-13,3.22,21.39,15.79,26.53,nasa,0.87
1997-03-14,5.19,21.69,17.7,25.98,nasa,0.87
1997-03-15,9.21,21.62,18.07,26.2,nasa,0.88
1997-03-16,7.16,21.65,18.27,26.71,nasa,0.88
1997-03-17,14.41,21.67,17.54,26.58,nasa,0.89
1997-03-18,4.16,20.18,16.66,23.94,nasa,0.89
1997-03-19,3.04,20.5,16.98,24.97,nasa,0.89
1997-03-20,0.6,20.94,17.49,25.77,nasa,0.88
1997-03-21,0.9,20.52,17.33,25.43,nasa,0.88
1997-03-22,0.26,20.65,15.82,26.51,nasa,0.87
1997-03-23,0.12,21.41,16.83,27.04,nasa,0.86
1997-03-24,2.34,21.53,17.37,26.95,nasa,0.86
1997-03-25,1.46,21.93,17.57,27.07,nasa,0.86
1997-03-26,2.53,20.65,17.46,25.37,nasa,0.86
1997-03-27,0.44,19.25,16.77,22.17,nasa,0.85
1997-03-28,3.31,19.25,16.63,22.82,nasa,0.85
1997-03-29,19.13,17.67,15.96,20.21,nasa,0.87
1997-03-30,25.79,17.28,15.61,19.42,nasa,0.9
1997-03-31,36.16,18.63,16.57,20.81,nasa,0.92
1997-04-01,14.02,20.26,18.2,24.16,nasa,0.94
1997-04-02,5.11,20.5,18.18,23.94,nasa,0.93
1997-04-03,0.17,21.57,17.82,26.41,nasa,0.91
1997-04-04,0.67,21.45,16.52,27.05,nasa,0.91
1997-04-05,0.09,22.12,18.13,26.98,nasa,0.9
1997-04-06,9.16,20.14,18.0,23.17,nasa,0.9
1997-04-07,2.09,20.11,16.43,24.79,nasa,0.91
1997-04-08,0.33,18.97,15.44,23.67,nasa,0.9
1997-04-09,0.05,18.28,14.38,23.69,nasa,0.9
1997-04-10,0.0,17.08,12.89,22.65,nasa,0.89
1997-04-11,0.01,17.89,12.05,23.64,nasa,0.88
1997-04-12,0.0,19.02,14.51,24.36,nasa,0.88
1997-04-13,0.0,19.59,14.23,25.39,nasa,0.87
1997-04-14,0.0,19.58,14.21,26.28,nasa,0.87
1997-04-15,0.0,19.01,14.28,24.33,nasa,0.86
1997-04-16,1.02,18.66,15.88,22.81,nasa,0.86
1997-04-17,2.36,18.19,14.8,23.13,nasa,0.86
1997-04-18,0.77,18.98,14.83,24.43,nasa,0.86
1997-04-19,0.41,19.55,15.43,25.04,nasa,0.86
1997-04-20,8.36,19.99,15.73,24.72,nasa,0.86
1997-04-21,4.34,20.65,17.42,25.58,nasa,0.87
1997-04-22,5.08,20.92,16.7,25.89,nasa,0.87
1997-04-23,4.08,19.76,16.78,24.01,nasa,0.87
1997-04-24,0.97,20.19,15.56,25.47,nasa,0.87
1997-04-25,0.16,20.11,15.27,25.66,nasa,0.86
1997-04-26,0.33,20.14,14.97,25.95,nasa,0.85
1997-04-27,3.61,20.85,15.88,25.87,nasa,0.85
1997-04-28,2.35,20.3,16.16,24.66,nasa,0.85
1997-04-29,0.04,19.98,17.27,23.89,nasa,0.85
1997-04-30,0.05,19.67,17.82,21.75,nasa,0.85
1997-05-01,0.15,20.0,16.9,24.38,nasa,0.85
1997-05-02,0.03,19.86,16.06,25.5,nasa,0.85
1997-05-03,0.0,18.76,13.52,24.9,nasa,0.84
1997-05-04,0.0,18.44,14.82,24.0,nasa,0.84
1997-05-05,0.0,17.11,12.86,23.06,nasa,0.84
1997-05-06,0.0,17.54,11.87,23.68,nasa,0.83
1997-05-07,0.0,17.71,13.22,23.47,nasa,0.83
1997-05-08,0.0,17.27,12.88,23.03,nasa,0.83
1997-05-09,0.0,17.12,11.13,23.75,nasa,0.82
1997-05-10,0.03,16.96,11.31,23.5,nasa,0.82
1997-05-11,0.0,16.74,11.13,23.3,nasa,0.82
1997-05-12,0.0,17.69,12.61,23.19,nasa,0.81
1997-05-13,0.01,18.65,14.13,24.02,nasa,0.81
1997-05-14,0.51,16.99,12.23,22.0,nasa,0.81
1997-05-15,4.35,15.75,13.53,19.98,nasa,0.81
1997-05-16,1.2,14.3,12.74,16.84,nasa,0.82
1997-05-17,0.13,15.81,11.13,21.65,nasa,0.81
1997-05-18,0.01,17.06,13.68,22.43,nasa,0.81
1997-05-19,0.0,16.96,13.31,22.41,nasa,0.81
1997-05-20,0.0,16.88,13.05,22.65,nasa,0.8
1997-05-21,0.0,17.47,12.16,23.03,nasa,0.8
1997-05-22,2.71,19.09,14.86,24.33,nasa,0.8
1997-05-23,0.59,19.54,16.03,24.0,nasa,0.8
1997-05-24,11.19,18.31,15.9,22.36,nasa,0.81
1997-05-25,6.78,17.41,14.63,21.07,nasa,0.82
1997-05-26,0.64,17.15,12.61,23.15,nasa,0.82
1997-05-27,0.07,16.73,11.4,22.7,nasa,0.82
1997-05-28,3.56,17.23,12.86,22.85,nasa,0.81
1997-05-29,0.32,17.79,14.2,23.65,nasa,0.81
1997-05-30,0.0,15.37,10.79,21.97,nasa,0.81
1997-05-31,0.0,14.24,9.41,20.71,nasa,0.8
1997-06-01,0.0,13.85,9.21,19.72,nasa,0.8
1997-06-02,0.0,14.69,9.83,20.57,nasa,0.8
1997-06-03,0.06,16.25,11.83,22.17,nasa,0.79
1997-06-04,0.85,17.63,14.19,22.7,nasa,0.79
1997-06-05,15.72,18.49,13.82,23.98,nasa,0.8
1997-06-06,19.64,18.52,17.0,20.77,nasa,0.83
1997-06-07,1.08,15.78,11.84,19.56,nasa,0.83
1997-06-08,0.35,10.43,4.2,17.07,nasa,0.82
1997-06-09,1.08,9.77,1.74,19.15,nasa,0.82
1997-06-10,0.21,12.81,5.34,21.47,nasa,0.81
1997-06-11,2.23,16.22,9.79,23.22,nasa,0.81
1997-06-12,2.3,18.45,14.71,23.2,nasa,0.81
1997-06-13,1.09,18.49,14.09,23.77,nasa,0.81
1997-06-14,8.74,17.59,13.79,21.81,nasa,0.81
1997-06-15,7.26,18.03,14.77,22.33,nasa,0.83
1997-06-16,3.64,18.2,15.47,22.33,nasa,0.83
1997-06-17,0.0,19.15,14.38,24.08,nasa,0.82
1997-06-18,0.01,19.28,14.97,24.8,nasa,0.81
1997-06-19,0.0,18.62,15.4,23.67,nasa,0.81
1997-06-20,0.0,18.41,13.75,24.18,nasa,0.8
1997-06-21,0.0,18.41,14.85,24.16,nasa,0.8
1997-06-22,0.0,18.08,13.14,24.5,nasa,0.8
1997-06-23,0.0,17.5,12.04,24.55,nasa,0.79
1997-06-24,0.0,17.45,12.16,24.65,nasa,0.79
1997-06-25,0.0,17.41,12.76,24.15,nasa,0.79
1997-06-26,0.0,17.51,11.63,24.29,nasa,0.78
1997-06-27,0.0,17.2,12.88,24.22,nasa,0.78
1997-06-28,0.0,16.45,10.57,23.73,nasa,0.78
1997-06-29,0.0,17.28,12.3,24.36,nasa,0.78
1997-06-30,0.0,17.75,13.09,24.12,nasa,0.77
1997-07-01,0.0,16.76,11.54,23.82,nasa,0.77
1997-07-02,0.0,15.65,9.75,22.83,nasa,0.77
1997-07-03,0.0,18.13,11.37,25.02,nasa,0.77
1997-07-04,0.0,18.24,13.35,25.11,nasa,0.76
1997-07-05,0.0,17.18,11.36,23.58,nasa,0.76
1997-07-06,0.0,15.99,12.38,21.78,nasa,0.76
1997-07-07,0.0,16.0,11.38,22.14,nasa,0.76
1997-07-08,0.0,16.22,12.01,22.72,nasa,0.76
1997-07-09,0.0,16.03,11.7,22.65,nasa,0.76
1997-07-10,0.0,15.78,10.55,22.81,nasa,0.75
1997-07-11,0.01,16.93,9.63,23.57,nasa,0.75
1997-07-12,0.0,16.24,9.89,23.52,nasa,0.75
1997-07-13,0.0,17.15,10.29,24.56,nasa,0.74
1997-07-14,0.0,17.71,11.36,25.01,nasa,0.74
1997-07-15,0.0,17.22,11.2,24.82,nasa,0.74
1997-07-16,0.0,17.19,10.7,24.62,nasa,0.74
1997-07-17,0.0,17.29,11.4,24.69,nasa,0.73
1997-07-18,0.0,15.38,11.33,21.19,nasa,0.73
1997-07-19,0.0,16.16,10.99,22.32,nasa,0.73
1997-07-20,0.06,17.26,13.77,22.86,nasa,0.73
1997-07-21,0.95,17.19,12.44,22.64,nasa,0.73
1997-07-22,0.25,17.27,14.02,22.67,nasa,0.73
1997-07-23,0.0,17.27,12.82,23.92,nasa,0.73
1997-07-24,0.0,16.03,11.77,22.3,nasa,0.73
1997-07-25,0.0,15.07,10.74,21.99,nasa,0.72
1997-07-26,0.0,14.79,9.58,22.13,nasa,0.72
1997-07-27,0.0,14.65,8.27,22.61,nasa,0.72
1997-07-28,0.0,14.97,8.24,23.41,nasa,0.72
1997-07-29,0.0,15.47,8.05,23.74,nasa,0.71
1997-07-30,0.0,16.01,9.94,23.46,nasa,0.71
1997-07-31,0.0,17.99,11.89,25.53,nasa,0.71
1997-08-01,0.0,18.14,11.4,26.14,nasa,0.71
1997-08-02,0.0,18.67,13.69,26.77,nasa,0.71
1997-08-03,0.0,17.8,10.62,26.04,nasa,0.7
1997-08-04,0.0,18.51,12.55,26.94,nasa,0.7
1997-08-05,0.0,19.11,12.96,26.01,nasa,0.7
1997-08-06,0.0,17.61,13.3,24.15,nasa,0.69
1997-08-07,0.0,18.24,11.72,24.65,nasa,0.69
1997-08-08,0.03,18.96,15.01,24.86,nasa,0.69
1997-08-09,0.01,14.54,10.96,18.88,nasa,0.69
1997-08-10,0.0,13.55,8.17,21.24,nasa,0.69
1997-08-11,0.0,14.32,6.62,23.19,nasa,0.69
1997-08-12,0.0,17.23,9.1,25.69,nasa,0.68
1997-08-13,0.0,17.28,10.75,26.03,nasa,0.68
1997-08-14,0.0,16.18,10.58,24.5,nasa,0.68
1997-08-15,0.0,15.48,9.25,23.96,nasa,0.68
1997-08-16,0.0,15.78,9.01,24.47,nasa,0.68
1997-08-17,0.0,16.1,9.21,24.55,nasa,0.67
1997-08-18,0.0,16.5,9.69,24.84,nasa,0.67
1997-08-19,0.0,16.7,9.82,25.01,nasa,0.67
1997-08-20,0.0,17.4,10.12,25.45,nasa,0.67
1997-08-21,0.0,19.04,12.61,26.68,nasa,0.66
1997-08-22,0.0,19.28,12.93,27.12,nasa,0.66
1997-08-23,0.0,19.86,11.56,27.74,nasa,0.66
1997-08-24,0.0,20.96,15.15,29.04,nasa,0.66
1997-08-25,0.08,20.67,14.25,28.48,nasa,0.65
1997-08-26,0.0,20.45,14.53,28.03,nasa,0.65
1997-08-27,0.0,20.43,14.31,28.7,nasa,0.65
1997-08-28,0.0,19.0,12.54,27.8,nasa,0.65
1997-08-29,0.0,18.17,10.87,26.91,nasa,0.65
1997-08-30,0.0,18.81,12.25,27.74,nasa,0.64
1997-08-31,0.0,18.61,11.1,27.52,nasa,0.64
1997-09-01,0.0,18.94,10.88,27.74,nasa,0.64
1997-09-02,0.0,20.1,12.46,28.76,nasa,0.64
1997-09-03,0.0,20.4,12.36,29.12,nasa,0.64
1997-09-04,0.0,21.55,14.44,30.56,nasa,0.63
1997-09-05,0.0,23.69,16.78,31.71,nasa,0.63
1997-09-06,0.14,22.69,15.82,30.62,nasa,0.63
1997-09-07,0.14,22.97,15.25,31.96,nasa,0.63
1997-09-08,0.0,23.94,16.27,32.83,nasa,0.62
1997-09-09,0.0,25.38,16.64,34.61,nasa,0.62
1997-09-10,0.0,25.94,18.73,34.62,nasa,0.62
1997-09-11,0.01,24.92,17.94,33.71,nasa,0.62
1997-09-12,0.5,23.3,17.81,30.45,nasa,0.62
1997-09-13,0.02,23.97,17.09,32.16,nasa,0.62
1997-09-14,0.53,26.02,18.27,33.87,nasa,0.61
1997-09-15,2.07,26.03,20.06,34.09,nasa,0.61
1997-09-16,0.55,25.37,18.68,32.78,nasa,0.61
1997-09-17,0.91,24.36,18.73,30.59,nasa,0.61
1997-09-18,0.02,25.75,19.49,32.48,nasa,0.61
1997-09-19,0.35,24.49,18.06,31.26,nasa,0.61
1997-09-20,3.86,24.29,19.37,29.37,nasa,0.61
1997-09-21,0.42,24.38,19.91,30.93,nasa,0.62
1997-09-22,0.16,23.81,18.1,31.23,nasa,0.62
1997-09-23,3.7,23.36,17.52,30.15,nasa,0.62
1997-09-24,13.9,22.68,18.77,28.72,nasa,0.63
1997-09-25,2.32,22.31,17.73,27.64,nasa,0.65
1997-09-26,4.31,23.71,17.67,30.3,nasa,0.65
1997-09-27,2.85,22.73,17.51,28.65,nasa,0.65
1997-09-28,1.64,23.1,17.76,29.82,nasa,0.65
1997-09-29,18.0,24.05,18.22,30.63,nasa,0.66
1997-09-30,1.59,21.98,19.37,24.33,nasa,0.68
1997-10-01,2.41,23.64,18.18,29.83,nasa,0.67
1997-10-02,0.23,24.1,18.83,31.16,nasa,0.67
1997-10-03,0.0,23.38,17.62,31.19,nasa,0.66
1997-10-04,0.06,22.71,15.27,29.87,nasa,0.65
1997-10-05,0.23,23.73,17.18,31.17,nasa,0.65
1997-10-06,0.18,24.79,17.71,32.76,nasa,0.64
1997-10-07,0.22,24.75,17.85,32.86,nasa,0.64
1997-10-08,0.0,22.62,16.31,30.31,nasa,0.63
1997-10-09,0.0,21.7,15.09,30.02,nasa,0.63
1997-10-10,0.0,22.36,14.83,31.3,nasa,0.62
1997-10-11,0.0,24.28,15.14,33.3,nasa,0.62
1997-10-12,0.0,26.63,19.24,35.16,nasa,0.61
1997-10-13,0.0,27.35,18.54,34.93,nasa,0.61
1997-10-14,0.5,27.48,20.65,34.97,nasa,0.61
1997-10-15,0.57,27.51,20.37,35.54,nasa,0.6
1997-10-16,6.63,27.52,20.97,35.65,nasa,0.6
1997-10-17,1.62,25.74,19.79,31.57,nasa,0.61
1997-10-18,0.87,23.2,17.01,29.89,nasa,0.61
1997-10-19,1.23,22.17,17.32,28.69,nasa,0.61
1997-10-20,25.32,22.61,18.25,26.76,nasa,0.63
1997-10-21,31.95,22.68,19.47,27.57,nasa,0.68
1997-10-22,9.6,23.09,19.41,28.12,nasa,0.71
1997-10-23,0.0,22.93,16.78,30.42,nasa,0.7
1997-10-24,0.0,22.42,14.16,30.77,nasa,0.69
1997-10-25,4.21,23.26,16.22,30.47,nasa,0.68
1997-10-26,24.51,21.67,17.6,25.86,nasa,0.7
1997-10-27,4.07,23.56,18.23,29.7,nasa,0.72
1997-10-28,0.01,24.36,18.13,30.69,nasa,0.7
1997-10-29,0.0,25.53,18.42,31.26,nasa,0.69
1997-10-30,0.02,26.0,19.6,31.8,nasa,0.68
1997-10-31,0.03,25.7,19.78,32.03,nasa,0.67
1997-11-01,0.0,25.12,18.44,31.76,nasa,0.66
1997-11-02,0.01,25.47,18.41,32.1,nasa,0.65
1997-11-03,0.01,26.84,19.19,33.67,nasa,0.64
1997-11-04,0.1,28.1,21.14,35.1,nasa,0.64
1997-11-05,0.64,26.3,18.96,33.83,nasa,0.63
1997-11-06,0.8,26.62,19.5,34.02,nasa,0.63
1997-11-07,1.58,27.22,19.84,34.51,nasa,0.62
1997-11-08,0.43,26.59,20.28,33.44,nasa,0.62
1997-11-09,0.89,26.92,20.52,33.54,nasa,0.62
1997-11-10,0.32,28.18,21.34,35.15,nasa,0.61
1997-11-11,14.64,24.79,20.72,28.9,nasa,0.63
1997-11-12,2.21,24.52,20.72,28.33,nasa,0.64
1997-11-13,1.57,24.18,19.58,29.27,nasa,0.64
1997-11-14,10.42,23.65,21.0,27.86,nasa,0.65
1997-11-15,11.97,22.43,18.72,26.31,nasa,0.67
1997-11-16,9.66,23.0,17.08,27.81,nasa,0.69
1997-11-17,3.0,23.93,18.72,28.81,nasa,0.68
1997-11-18,17.01,23.18,19.09,28.88,nasa,0.69
1997-11-19,13.89,22.35,18.24,27.26,nasa,0.71
1997-11-20,13.39,23.43,18.82,28.35,nasa,0.73
1997-11-21,7.59,24.29,19.69,28.69,nasa,0.73
1997-11-22,6.38,23.57,20.35,26.26,nasa,0.73
1997-11-23,5.01,23.83,19.1,27.85,nasa,0.72
1997-11-24,11.96,22.89,18.55,27.62,nasa,0.73
1997-11-25,10.21,23.16,19.07,28.23,nasa,0.73
1997-11-26,9.8,22.73,19.73,26.4,nasa,0.74
1997-11-27,13.48,23.92,18.95,29.03,nasa,0.74
1997-11-28,24.85,23.45,19.27,27.21,nasa,0.76
1997-11-29,26.23,23.05,19.93,27.32,nasa,0.79
1997-11-30,29.8,23.02,19.54,27.07,nasa,0.82
1997-12-01,24.11,22.1,20.37,24.46,nasa,0.83
1997-12-02,14.52,22.61,19.62,26.7,nasa,0.84
1997-12-03,3.65,22.49,19.37,26.41,nasa,0.82
1997-12-04,7.4,22.36,18.99,26.42,nasa,0.81
1997-12-05,0.61,23.08,19.91,28.09,nasa,0.8
1997-12-06,14.9,23.64,18.67,28.6,nasa,0.79
1997-12-07,5.81,22.95,20.15,26.39,nasa,0.8
1997-12-08,13.82,22.86,18.79,26.76,nasa,0.8
1997-12-09,7.01,22.59,19.27,27.61,nasa,0.8
1997-12-10,6.56,22.87,18.1,27.78,nasa,0.8
1997-12-11,7.2,22.34,17.38,27.27,nasa,0.8
1997-12-12,3.38,22.84,18.77,27.54,nasa,0.79
1997-12-13,18.12,22.09,18.5,26.35,nasa,0.8
1997-12-14,26.01,21.84,19.36,24.88,nasa,0.82
1997-12-15,23.87,21.8,19.54,24.68,nasa,0.85
1997-12-16,8.38,21.8,19.39,24.98,nasa,0.86
1997-12-17,29.46,22.18,19.08,27.18,nasa,0.86
1997-12-18,6.14,21.55,18.52,25.92,nasa,0.87
1997-12-19,13.11,21.31,17.64,26.02,nasa,0.86
1997-12-20,4.04,22.31,17.89,27.46,nasa,0.85
1997-12-21,1.07,23.12,17.4,28.49,nasa,0.84
1997-12-22,0.3,23.36,17.48,28.75,nasa,0.83
1997-12-23,1.26,24.65,17.83,30.17,nasa,0.81
1997-12-24,3.16,25.23,20.4,30.57,nasa,0.8
1997-12-25,17.73,23.16,20.02,26.77,nasa,0.82
1997-12-26,1.07,23.02,19.27,27.26,nasa,0.82
1997-12-27,4.0,22.86,19.02,27.66,nasa,0.82
1997-12-28,6.17,23.83,18.33,29.22,nasa,0.82
1997-12-29,0.87,23.5,20.0,26.76,nasa,0.81
1997-12-30,3.79,23.53,19.67,27.95,nasa,0.81
1997-12-31,1.58,23.56,19.79,28.72,nasa,0.81
1998-01-01,1.75,24.04,19.03,29.71,nasa,0.81
1998-01-02,0.15,23.87,18.12,30.28,nasa,0.79
1998-01-03,1.6,24.39,17.68,30.56,nasa,0.79
1998-01-04,3.4,24.44,19.81,28.61,nasa,0.78
1998-01-05,0.46,24.57,19.74,29.49,nasa,0.78
1998-01-06,3.18,24.63,19.46,29.18,nasa,0.77
1998-01-07,23.25,22.61,19.76,25.58,nasa,0.79
1998-01-08,30.13,22.54,18.7,27.36,nasa,0.83
1998-01-09,15.2,23.12,18.53,28.19,nasa,0.84
1998-01-10,26.43,21.73,18.77,26.0,nasa,0.87
1998-01-11,6.62,22.23,18.62,27.11,nasa,0.86
1998-01-12,5.07,23.16,19.58,27.88,nasa,0.85
1998-01-13,6.16,22.75,18.88,26.5,nasa,0.85
1998-01-14,8.53,22.3,18.6,26.56,nasa,0.85
1998-01-15,2.15,23.13,18.85,26.84,nasa,0.85
1998-01-16,14.32,22.39,19.65,25.67,nasa,0.85
1998-01-17,7.67,22.05,17.18,26.86,nasa,0.86
1998-01-18,7.82,23.33,18.65,27.8,nasa,0.86
1998-01-19,13.13,22.79,19.18,27.01,nasa,0.86
1998-01-20,3.7,22.04,18.8,26.78,nasa,0.86
1998-01-21,9.88,21.46,18.21,25.4,nasa,0.86
1998-01-22,2.04,21.6,17.52,27.1,nasa,0.85
1998-01-23,1.47,21.45,16.31,27.27,nasa,0.84
1998-01-24,10.72,22.13,17.48,27.49,nasa,0.84
1998-01-25,7.5,23.34,18.52,28.24,nasa,0.85
1998-01-26,6.15,22.29,20.1,25.59,nasa,0.85
1998-01-27,2.74,22.75,19.54,26.48,nasa,0.85
1998-01-28,9.27,23.35,19.56,26.91,nasa,0.85
1998-01-29,5.34,23.85,20.16,28.18,nasa,0.85
1998-01-30,4.63,23.25,19.5,28.05,nasa,0.85
1998-01-31,0.91,23.36,18.33,28.73,nasa,0.84
1998-02-01,0.15,23.74,17.92,29.32,nasa,0.83
1998-02-02,0.8,24.74,19.27,29.87,nasa,0.82
1998-02-03,2.03,24.74,20.62,29.1,nasa,0.82
1998-02-04,1.03,25.07,20.0,29.35,nasa,0.81
1998-02-05,6.5,25.35,19.92,29.87,nasa,0.81
1998-02-06,1.11,25.18,21.0,29.28,nasa,0.81
1998-02-07,1.19,25.23,21.4,29.4,nasa,0.81
1998-02-08,9.7,24.5,21.12,27.85,nasa,0.82
1998-02-09,0.87,24.21,20.71,28.31,nasa,0.82
1998-02-10,8.83,25.34,20.8,30.19,nasa,0.82
1998-02-11,9.44,24.18,21.58,28.55,nasa,0.83
1998-02-12,4.81,22.62,18.92,27.22,nasa,0.83
1998-02-13,23.77,21.78,17.84,26.66,nasa,0.84
1998-02-14,20.65,22.64,18.28,27.41,nasa,0.86
1998-02-15,22.74,21.83,20.2,24.32,nasa,0.88
1998-02-16,17.57,21.33,18.46,25.23,nasa,0.89
1998-02-17,10.1,22.7,19.3,27.1,nasa,0.89
1998-02-18,11.49,23.0,19.73,27.7,nasa,0.89
1998-02-19,13.47,23.25,18.42,28.08,nasa,0.89
1998-02-20,5.62,23.22,20.14,27.3,nasa,0.89
1998-02-21,14.3,22.33,19.9,26.47,nasa,0.88
1998-02-22,22.37,22.73,19.38,27.02,nasa,0.9
1998-02-23,16.87,21.91,20.04,25.52,nasa,0.92
1998-02-24,18.61,21.36,19.16,24.74,nasa,0.92
1998-02-25,8.67,22.31,18.86,26.84,nasa,0.92
1998-02-26,3.17,22.93,19.83,27.63,nasa,0.91
1998-02-27,1.56,22.8,18.52,27.62,nasa,0.9
1998-02-28,0.16,23.37,18.42,29.16,nasa,0.9
1998-03-01,0.86,23.82,18.75,29.36,nasa,0.89
1998-03-02,6.56,23.9,20.65,28.0,nasa,0.89
1998-03-03,15.94,24.32,18.59,28.91,nasa,0.89
1998-03-04,1.92,23.41,19.77,28.32,nasa,0.9
1998-03-05,0.67,23.29,18.71,28.43,nasa,0.89
1998-03-06,0.79,21.95,18.72,25.89,nasa,0.88
1998-03-07,1.08,22.05,18.93,26.79,nasa,0.88
1998-03-08,1.23,21.36,18.49,24.54,nasa,0.87
1998-03-09,0.4,22.11,17.3,27.73,nasa,0.87
1998-03-10,0.08,23.08,16.92,28.36,nasa,0.86
1998-03-11,0.5,23.96,19.73,28.7,nasa,0.86
1998-03-12,1.8,23.74,18.68,29.03,nasa,0.85
1998-03-13,4.56,23.75,17.89,28.94,nasa,0.85
1998-03-14,7.48,24.1,21.02,28.61,nasa,0.85
1998-03-15,1.59,23.62,19.27,29.19,nasa,0.86
1998-03-16,3.17,22.7,19.32,27.07,nasa,0.85
1998-03-17,7.65,21.19,17.44,25.66,nasa,0.85
1998-03-18,1.74,20.73,17.77,24.13,nasa,0.86
1998-03-19,6.51,21.42,18.69,25.21,nasa,0.86
1998-03-20,11.69,22.39,19.01,26.76,nasa,0.87
1998-03-21,4.13,23.58,18.89,28.45,nasa,0.86
1998-03-22,10.47,23.18,19.27,27.61,nasa,0.86
1998-03-23,5.29,22.7,18.51,27.46,nasa,0.87
1998-03-24,1.68,23.63,17.61,29.03,nasa,0.86
1998-03-25,3.26,22.94,18.7,28.39,nasa,0.86
1998-03-26,3.37,23.36,18.38,28.68,nasa,0.86
1998-03-27,2.39,22.15,18.79,26.92,nasa,0.85
1998-03-28,0.18,22.6,18.86,27.66,nasa,0.85
1998-03-29,1.14,23.01,19.14,28.31,nasa,0.84
1998-03-30,9.11,22.64,18.81,26.53,nasa,0.85
1998-03-31,3.79,23.55,18.11,27.87,nasa,0.85
1998-04-01,5.16,23.79,20.0,28.31,nasa,0.85
1998-04-02,2.86,22.73,19.77,27.04,nasa,0.85
1998-04-03,0.35,19.54,16.25,23.62,nasa,0.84
1998-04-04,0.25,18.02,12.74,23.78,nasa,0.84
1998-04-05,1.36,18.52,13.88,23.83,nasa,0.84
1998-04-06,0.04,19.9,15.15,25.61,nasa,0.83
1998-04-07,1.51,21.96,16.82,27.47,nasa,0.83
1998-04-08,0.11,22.81,18.65,27.34,nasa,0.83
1998-04-09,4.28,23.72,18.48,28.48,nasa,0.82
1998-04-10,0.09,23.32,18.59,28.48,nasa,0.82
1998-04-11,0.0,22.93,18.16,28.27,nasa,0.82
1998-04-12,0.66,22.85,18.41,28.35,nasa,0.81
1998-04-13,0.01,22.54,18.32,27.75,nasa,0.8
1998-04-14,0.21,23.01,17.5,27.97,nasa,0.8
1998-04-15,1.33,23.35,17.75,28.03,nasa,0.79
1998-04-16,1.99,23.58,18.48,28.07,nasa,0.79
1998-04-17,2.89,23.17,19.75,28.14,nasa,0.79
1998-04-18,3.45,22.46,19.37,26.86,nasa,0.79
1998-04-19,0.0,21.58,17.0,27.94,nasa,0.79
1998-04-20,0.0,21.65,15.18,28.08,nasa,0.79
1998-04-21,0.32,22.54,18.99,27.39,nasa,0.78
1998-04-22,0.01,21.38,17.14,27.06,nasa,0.78
1998-04-23,0.07,20.9,17.46,26.23,nasa,0.77
1998-04-24,0.03,21.8,15.95,27.89,nasa,0.77
1998-04-25,0.14,22.69,17.34,28.78,nasa,0.77
1998-04-26,1.23,22.63,17.29,28.56,nasa,0.76
1998-04-27,0.51,22.1,18.23,27.08,nasa,0.76
1998-04-28,40.43,21.49,18.08,24.85,nasa,0.78
1998-04-29,3.55,22.5,18.79,26.76,nasa,0.8
1998-04-30,0.46,19.27,14.98,24.17,nasa,0.8
1998-05-01,0.0,16.74,11.13,24.51,nasa,0.79
1998-05-02,0.0,17.21,9.94,25.48,nasa,0.79
1998-05-03,0.18,19.52,12.71,26.32,nasa,0.78
1998-05-04,7.85,20.18,14.46,26.15,nasa,0.78
1998-05-05,17.19,20.24,16.42,25.91,nasa,0.8
1998-05-06,0.04,18.08,13.17,23.58,nasa,0.8
1998-05-07,0.27,17.89,14.55,22.81,nasa,0.79
1998-05-08,0.05,17.0,13.27,22.66,nasa,0.79
1998-05-09,0.0,15.96,11.48,22.64,nasa,0.78
1998-05-10,0.0,15.66,9.55,22.84,nasa,0.78
1998-05-11,0.0,16.28,10.2,23.21,nasa,0.77
1998-05-12,0.0,18.03,10.43,24.5,nasa,0.77
1998-05-13,0.0,19.05,12.61,25.56,nasa,0.76
1998-05-14,0.05,19.67,14.58,26.04,nasa,0.76
1998-05-15,0.0,20.61,16.86,26.32,nasa,0.75
1998-05-16,0.23,19.81,15.3,25.65,nasa,0.75
1998-05-17,0.0,17.16,13.33,22.51,nasa,0.75
1998-05-18,0.23,16.78,13.42,20.8,nasa,0.75
1998-05-19,0.03,16.88,14.36,20.87,nasa,0.75
1998-05-20,0.11,17.99,14.03,24.13,nasa,0.75
1998-05-21,0.15,18.21,12.26,24.59,nasa,0.74
1998-05-22,0.25,18.49,12.56,24.55,nasa,0.74
1998-05-23,0.0,18.92,13.11,25.33,nasa,0.74
1998-05-24,0.21,19.5,13.22,26.23,nasa,0.73
1998-05-25,0.0,18.88,12.93,25.12,nasa,0.73
1998-05-26,0.0,18.29,13.16,24.75,nasa,0.73
1998-05-27,5.63,19.43,14.43,25.96,nasa,0.73
1998-05-28,0.0,18.82,14.26,25.76,nasa,0.73
1998-05-29,47.76,18.47,13.42,24.16,nasa,0.75
1998-05-30,2.44,18.31,14.09,23.4,nasa,0.78
1998-05-31,0.01,15.45,10.47,21.94,nasa,0.77
1998-06-01,0.02,16.41,8.83,24.1,nasa,0.76
1998-06-02,0.11,18.19,12.26,24.42,nasa,0.76
1998-06-03,2.0,18.36,14.79,22.75,nasa,0.76
1998-06-04,1.87,17.51,14.25,22.37,nasa,0.76
1998-06-05,0.5,16.42,12.92,22.02,nasa,0.76
1998-06-06,0.0,16.05,11.34,22.48,nasa,0.75
1998-06-07,0.0,14.76,9.07,21.95,nasa,0.75
1998-06-08,0.0,13.78,7.16,21.53,nasa,0.74
1998-06-09,0.0,14.2,6.97,22.66,nasa,0.74
1998-06-10,0.0,16.58,8.97,24.6,nasa,0.73
1998-06-11,0.0,17.71,11.99,25.58,nasa,0.73
1998-06-12,0.08,17.73,11.81,24.89,nasa,0.73
1998-06-13,0.43,16.87,12.66,22.48,nasa,0.72
1998-06-14,0.0,16.33,12.54,22.25,nasa,0.72
1998-06-15,0.0,14.7,10.43,20.84,nasa,0.72
1998-06-16,0.0,14.55,9.17,21.56,nasa,0.72
1998-06-17,0.0,16.61,10.22,23.34,nasa,0.72
1998-06-18,0.0,18.91,14.46,25.26,nasa,0.71
1998-06-19,0.0,17.94,12.07,25.92,nasa,0.71
1998-06-20,0.63,18.31,12.61,25.85,nasa,0.71
1998-06-21,0.01,18.51,13.39,25.3,nasa,0.71
1998-06-22,0.0,18.11,13.39,24.22,nasa,0.71
1998-06-23,0.0,17.88,12.82,24.03,nasa,0.7
1998-06-24,0.0,18.73,14.16,25.43,nasa,0.7
1998-06-25,0.01,17.7,12.59,23.87,nasa,0.7
1998-06-26,0.0,15.55,11.18,21.44,nasa,0.7
1998-06-27,0.0,17.34,11.94,24.1,nasa,0.7
1998-06-28,0.0,17.92,12.56,24.91,nasa,0.69
1998-06-29,0.0,17.3,11.85,24.38,nasa,0.69
1998-06-30,0.0,16.27,11.05,23.4,nasa,0.69
1998-07-01,0.0,15.82,9.68,23.36,nasa,0.69
1998-07-02,0.0,16.92,9.71,24.74,nasa,0.69
1998-07-03,0.05,17.72,11.09,25.1,nasa,0.68
1998-07-04,0.0,17.82,12.56,24.26,nasa,0.68
1998-07-05,0.0,17.96,11.75,24.63,nasa,0.68
1998-07-06,0.0,17.96,11.34,25.87,nasa,0.68
1998-07-07,0.0,18.68,11.82,26.39,nasa,0.67
1998-07-08,0.0,19.81,13.29,26.98,nasa,0.67
1998-07-09,0.0,19.47,15.22,26.76,nasa,0.67
1998-07-10,0.0,18.04,13.4,24.77,nasa,0.67
1998-07-11,0.89,17.0,11.88,23.1,nasa,0.67
1998-07-12,0.0,16.16,11.73,22.43,nasa,0.67
1998-07-13,0.0,13.34,7.65,21.29,nasa,0.67
1998-07-14,0.0,13.97,7.17,22.31,nasa,0.67
1998-07-15,0.0,16.28,8.19,24.55,nasa,0.66
1998-07-16,0.0,16.83,10.2,25.31,nasa,0.66
1998-07-17,0.0,17.22,9.39,25.31,nasa,0.66
1998-07-18,0.0,18.51,11.31,27.19,nasa,0.66
1998-07-19,0.0,19.37,13.67,26.83,nasa,0.65
1998-07-20,0.0,19.34,14.39,26.61,nasa,0.65
1998-07-21,0.0,19.81,12.69,27.68,nasa,0.65
1998-07-22,0.0,21.45,15.29,28.31,nasa,0.65
1998-07-23,0.0,19.71,13.96,27.63,nasa,0.65
1998-07-24,0.0,18.96,13.14,26.41,nasa,0.64
1998-07-25,0.0,18.52,13.13,24.9,nasa,0.64
1998-07-26,0.0,18.49,11.81,25.97,nasa,0.64
1998-07-27,0.0,18.76,11.75,26.85,nasa,0.64
1998-07-28,0.0,18.98,10.86,27.15,nasa,0.64
1998-07-29,0.0,19.9,14.07,28.53,nasa,0.64
1998-07-30,0.0,18.22,11.46,26.62,nasa,0.63
1998-07-31,0.0,18.59,13.03,26.02,nasa,0.63
1998-08-01,0.0,17.74,11.68,25.4,nasa,0.63
1998-08-02,0.41,18.85,11.85,26.83,nasa,0.63
1998-08-03,0.11,20.39,14.35,27.43,nasa,0.63
1998-08-04,0.03,20.52,14.36,27.84,nasa,0.63
1998-08-05,0.86,19.65,14.59,26.48,nasa,0.63
1998-08-06,5.2,19.24,13.38,26.7,nasa,0.63
1998-08-07,1.48,19.98,14.86,26.75,nasa,0.64
1998-08-08,24.1,20.13,15.63,26.45,nasa,0.66
1998-08-09,9.16,19.98,15.65,25.82,nasa,0.68
1998-08-10,14.02,20.8,14.91,27.15,nasa,0.7
1998-08-11,0.47,20.92,14.55,28.15,nasa,0.71
1998-08-12,0.15,22.09,15.33,28.62,nasa,0.7
1998-08-13,0.01,22.45,16.25,29.73,nasa,0.69
1998-08-14,0.0,20.58,15.07,27.84,nasa,0.68
1998-08-15,0.0,20.06,12.47,27.85,nasa,0.68
1998-08-16,0.0,21.47,14.97,29.32,nasa,0.67
1998-08-17,0.0,19.69,14.05,27.08,nasa,0.67
1998-08-18,0.0,19.16,12.49,26.95,nasa,0.66
1998-08-19,0.17,21.22,14.17,29.34,nasa,0.66
1998-08-20,0.0,21.59,15.0,29.96,nasa,0.65
1998-08-21,0.0,21.73,13.75,29.94,nasa,0.65
1998-08-22,0.0,21.4,14.6,29.27,nasa,0.64
1998-08-23,0.0,20.73,14.49,28.59,nasa,0.64
1998-08-24,0.0,20.56,14.67,28.23,nasa,0.64
1998-08-25,0.0,20.97,12.91,28.95,nasa,0.63
1998-08-26,0.0,22.54,14.59,30.26,nasa,0.63
1998-08-27,0.0,22.37,14.58,31.03,nasa,0.63
1998-08-28,0.0,22.8,13.91,30.99,nasa,0.62
1998-08-29,0.06,22.46,15.95,30.28,nasa,0.62
1998-08-30,0.22,22.76,15.11,31.02,nasa,0.62
1998-08-31,2.15,20.44,14.56,27.7,nasa,0.62
1998-09-01,0.12,19.88,13.89,27.83,nasa,0.62
1998-09-02,0.0,19.85,13.68,27.5,nasa,0.62
1998-09-03,0.0,20.26,13.83,27.61,nasa,0.62
1998-09-04,0.0,21.97,14.21,30.1,nasa,0.61
1998-09-05,0.0,23.45,15.01,31.49,nasa,0.61
1998-09-06,0.0,24.94,16.55,33.15,nasa,0.61
1998-09-07,0.0,24.16,17.95,32.8,nasa,0.61
1998-09-08,0.0,24.03,17.45,33.36,nasa,0.61
1998-09-09,0.0,23.85,15.74,33.44,nasa,0.6
1998-09-10,0.03,23.15,16.37,31.59,nasa,0.6
1998-09-11,0.02,23.08,18.04,31.47,nasa,0.6
1998-09-12,0.0,22.94,15.91,31.75,nasa,0.6
1998-09-13,0.0,23.93,14.83,32.34,nasa,0.6
1998-09-14,0.0,24.97,16.36,33.84,nasa,0.6
1998-09-15,0.0,25.48,17.86,33.82,nasa,0.6
1998-09-16,0.0,26.68,17.74,35.18,nasa,0.59
1998-09-17,0.0,25.6,18.25,33.86,nasa,0.59
1998-09-18,0.0,26.47,19.31,34.64,nasa,0.59
1998-09-19,0.0,26.62,18.72,35.52,nasa,0.59
1998-09-20,0.01,25.73,16.97,34.7,nasa,0.59
1998-09-21,0.05,24.9,18.26,33.83,nasa,0.59
1998-09-22,0.0,23.78,16.1,32.92,nasa,0.59
1998-09-23,0.09,23.37,16.39,31.13,nasa,0.59
1998-09-24,0.14,23.79,16.21,31.86,nasa,0.59
1998-09-25,1.22,24.41,17.85,32.6,nasa,0.59
1998-09-26,2.95,25.39,17.37,32.83,nasa,0.59
1998-09-27,0.07,26.48,19.02,34.47,nasa,0.59
1998-09-28,0.19,26.81,20.45,34.64,nasa,0.59
1998-09-29,0.39,27.04,21.61,34.29,nasa,0.59
1998-09-30,0.84,26.73,20.79,34.1,nasa,0.59
1998-10-01,6.97,24.14,19.66,30.79,nasa,0.59
1998-10-02,4.68,23.53,17.85,31.15,nasa,0.6
1998-10-03,0.99,23.98,16.45,32.38,nasa,0.61
1998-10-04,0.18,25.26,17.93,33.8,nasa,0.6
1998-10-05,0.67,26.35,18.39,34.94,nasa,0.6
1998-10-06,1.14,27.44,19.29,35.51,nasa,0.6
1998-10-07,5.04,26.94,21.02,34.55,nasa,0.6
1998-10-08,4.24,24.0,20.76,29.61,nasa,0.61
1998-10-09,5.23,25.3,19.91,32.47,nasa,0.61
1998-10-10,1.02,24.27,18.88,30.32,nasa,0.62
1998-10-11,7.72,24.81,19.26,30.17,nasa,0.62
1998-10-12,10.04,23.46,19.67,27.81,nasa,0.64
1998-10-13,2.89,24.42,18.22,31.29,nasa,0.64
1998-10-14,2.54,23.81,17.87,30.48,nasa,0.64
1998-10-15,4.49,24.34,18.19,30.62,nasa,0.64
1998-10-16,19.55,23.06,19.85,27.89,nasa,0.65
1998-10-17,1.29,22.9,19.01,28.39,nasa,0.67
1998-10-18,0.1,21.98,15.58,29.0,nasa,0.66
1998-10-19,0.47,21.85,15.79,28.6,nasa,0.65
1998-10-20,1.69,20.74,16.58,26.72,nasa,0.65
1998-10-21,0.39,21.64,16.31,28.22,nasa,0.64
1998-10-22,0.1,21.58,15.66,28.68,nasa,0.64
1998-10-23,1.41,23.22,16.44,30.13,nasa,0.63
1998-10-24,0.86,24.03,17.87,30.24,nasa,0.63
1998-10-25,0.19,24.84,19.19,31.94,nasa,0.62
1998-10-26,2.08,22.31,19.12,26.49,nasa,0.62
1998-10-27,11.26,23.01,19.07,27.81,nasa,0.63
1998-10-28,3.5,24.62,18.71,30.03,nasa,0.64
1998-10-29,11.91,21.6,18.56,25.21,nasa,0.65
1998-10-30,3.18,21.35,17.43,26.53,nasa,0.66
1998-10-31,20.74,19.76,17.14,22.45,nasa,0.68
1998-11-01,11.32,21.06,16.42,25.75,nasa,0.7
1998-11-02,8.78,20.77,17.76,24.51,nasa,0.71
1998-11-03,14.4,20.52,17.32,24.76,nasa,0.72
1998-11-04,5.1,21.22,18.37,25.14,nasa,0.72
1998-11-05,0.91,21.41,17.06,26.24,nasa,0.72
1998-11-06,0.4,21.89,17.16,26.36,nasa,0.71
1998-11-07,2.22,21.98,16.8,27.76,nasa,0.7
1998-11-08,2.96,22.78,16.26,28.58,nasa,0.69
1998-11-09,1.02,24.09,18.84,29.58,nasa,0.68
1998-11-10,25.03,22.35,18.69,26.31,nasa,0.7
1998-11-11,9.2,22.15,18.63,25.82,nasa,0.72
1998-11-12,2.19,20.38,14.98,26.25,nasa,0.72
1998-11-13,22.64,19.75,16.71,23.87,nasa,0.73
1998-11-14,9.43,20.67,17.64,23.91,nasa,0.75
1998-11-15,1.36,20.33,17.27,25.13,nasa,0.74
1998-11-16,1.01,22.67,16.79,28.8,nasa,0.73
1998-11-17,2.11,23.52,18.83,29.61,nasa,0.72
1998-11-18,7.29,24.39,18.84,30.55,nasa,0.71
1998-11-19,3.67,24.15,19.02,29.96,nasa,0.71
1998-11-20,2.34,23.27,18.07,28.95,nasa,0.71
1998-11-21,0.96,23.47,17.98,29.57,nasa,0.7
1998-11-22,2.58,23.51,17.35,28.91,nasa,0.69
1998-11-23,1.6,22.36,15.92,28.18,nasa,0.68
1998-11-24,19.25,21.76,16.83,27.13,nasa,0.7
1998-11-25,4.05,22.66,17.65,28.39,nasa,0.71
1998-11-26,5.1,22.76,17.54,28.34,nasa,0.7
1998-11-27,12.79,22.62,18.19,27.59,nasa,0.71
1998-11-28,2.18,20.93,17.22,25.48,nasa,0.72
1998-11-29,5.1,22.33,17.02,28.35,nasa,0.71
1998-11-30,5.15,22.87,18.83,27.66,nasa,0.71
1998-12-01,6.77,21.32,18.53,24.72,nasa,0.71
1998-12-02,3.01,21.6,17.72,25.96,nasa,0.72
1998-12-03,3.64,22.7,18.15,27.61,nasa,0.71
1998-12-04,6.1,21.77,19.08,25.45,nasa,0.71
1998-12-05,12.77,21.74,18.42,25.65,nasa,0.72
1998-12-06,10.38,21.39,19.46,24.98,nasa,0.74
1998-12-07,8.1,21.83,19.17,25.51,nasa,0.74
1998-12-08,8.69,22.19,19.47,26.1,nasa,0.75
1998-12-09,1.39,21.89,19.33,26.62,nasa,0.74
1998-12-10,2.19,22.93,18.48,28.16,nasa,0.73
1998-12-11,3.37,23.2,19.89,27.99,nasa,0.72
1998-12-12,2.11,21.81,17.9,26.53,nasa,0.72
1998-12-13,3.18,23.66,18.54,28.44,nasa,0.72
1998-12-14,6.04,23.44,20.61,27.17,nasa,0.72
1998-12-15,12.35,22.21,19.2,26.76,nasa,0.73
1998-12-16,8.45,22.76,17.69,27.98,nasa,0.74
1998-12-17,6.84,22.32,19.02,26.15,nasa,0.74
1998-12-18,21.57,21.99,19.25,26.55,nasa,0.76
1998-12-19,3.89,21.59,18.27,26.57,nasa,0.77
1998-12-20,1.54,22.38,16.27,28.19,nasa,0.76
1998-12-21,6.08,23.07,19.3,27.11,nasa,0.75
1998-12-22,3.24,22.96,19.14,27.63,nasa,0.74
1998-12-23,8.02,22.89,17.7,27.56,nasa,0.74
1998-12-24,8.6,22.21,18.63,26.37,nasa,0.75
1998-12-25,5.37,21.08,18.55,25.14,nasa,0.75
1998-12-26,2.7,20.56,16.99,25.46,nasa,0.75
1998-12-27,22.98,21.0,16.29,25.51,nasa,0.76
1998-12-28,5.71,21.56,16.8,26.65,nasa,0.77
1998-12-29,7.81,22.23,18.88,26.84,nasa,0.77
1998-12-30,9.72,22.76,18.45,26.8,nasa,0.76
1998-12-31,6.32,23.27,19.13,27.41,nasa,0.77
1999-01-01,27.28,21.99,19.33,26.45,nasa,0.79
1999-01-02,6.74,22.64,17.61,28.38,nasa,0.79
1999-01-03,9.47,23.52,19.26,28.11,nasa,0.79
1999-01-04,11.31,22.3,20.0,25.06,nasa,0.8
1999-01-05,19.63,22.59,19.56,26.61,nasa,0.81
1999-01-06,21.31,21.96,19.45,25.14,nasa,0.83
1999-01-07,10.97,22.49,18.72,26.72,nasa,0.83
1999-01-08,5.43,23.09,18.32,27.2,nasa,0.83
1999-01-09,3.07,22.85,19.23,28.64,nasa,0.81
1999-01-10,0.41,22.11,17.62,27.47,nasa,0.8
1999-01-11,0.05,20.63,15.94,24.81,nasa,0.79
1999-01-12,0.07,21.28,16.2,27.66,nasa,0.78
1999-01-13,1.41,22.21,15.88,28.23,nasa,0.77
1999-01-14,10.71,21.07,18.55,24.99,nasa,0.77
1999-01-15,3.93,22.01,18.44,25.93,nasa,0.78
1999-01-16,3.52,22.73,19.56,25.89,nasa,0.78
1999-01-17,6.85,23.21,18.11,28.27,nasa,0.78
1999-01-18,0.02,22.53,17.1,28.81,nasa,0.78
1999-01-19,0.03,22.44,15.54,29.17,nasa,0.76
1999-01-20,0.93,23.1,16.07,29.86,nasa,0.75
1999-01-21,3.97,23.39,17.22,29.12,nasa,0.74
1999-01-22,1.17,23.41,17.79,28.66,nasa,0.74
1999-01-23,0.88,23.67,18.57,29.12,nasa,0.73
1999-01-24,3.3,23.61,18.72,28.86,nasa,0.73
1999-01-25,5.43,23.71,18.5,28.75,nasa,0.73
1999-01-26,16.39,23.16,18.97,27.13,nasa,0.74
1999-01-27,13.97,22.71,19.51,25.74,nasa,0.76
1999-01-28,9.41,21.96,18.05,26.51,nasa,0.78
1999-01-29,2.73,22.4,18.37,27.33,nasa,0.78
1999-01-30,5.89,22.28,17.94,26.72,nasa,0.77
1999-01-31,5.68,22.28,18.6,26.12,nasa,0.77
1999-02-01,2.06,23.27,17.54,28.63,nasa,0.77
1999-02-02,1.91,23.89,18.01,29.15,nasa,0.76
1999-02-03,0.76,23.39,17.75,29.36,nasa,0.75
1999-02-04,0.43,22.69,17.9,29.01,nasa,0.74
1999-02-05,0.44,22.6,16.87,28.47,nasa,0.73
1999-02-06,1.8,22.87,18.49,27.62,nasa,0.72
1999-02-07,4.06,22.19,18.42,27.2,nasa,0.72
1999-02-08,0.69,22.56,18.96,27.0,nasa,0.72
1999-02-09,6.48,22.47,19.58,26.21,nasa,0.72
1999-02-10,0.84,22.24,19.27,26.35,nasa,0.73
1999-02-11,2.15,23.37,18.09,29.18,nasa,0.72
1999-02-12,0.21,23.89,19.36,28.88,nasa,0.72
1999-02-13,1.18,23.63,20.11,27.82,nasa,0.72
1999-02-14,1.32,24.01,19.29,29.68,nasa,0.71
1999-02-15,0.02,23.76,18.55,29.93,nasa,0.71
1999-02-16,0.94,23.53,17.66,30.0,nasa,0.7
1999-02-17,11.71,22.13,18.63,25.96,nasa,0.7
1999-02-18,2.77,22.43,17.05,28.16,nasa,0.71
1999-02-19,7.67,22.8,17.43,28.02,nasa,0.71
1999-02-20,5.17,22.26,17.99,27.46,nasa,0.72
1999-02-21,24.67,22.22,17.54,26.71,nasa,0.74
1999-02-22,7.61,21.62,17.88,25.88,nasa,0.76
1999-02-23,12.59,21.45,17.92,25.82,nasa,0.76
1999-02-24,16.95,21.85,17.39,26.33,nasa,0.78
1999-02-25,29.35,21.59,17.82,25.75,nasa,0.81
1999-02-26,21.15,21.13,18.14,24.97,nasa,0.83
1999-02-27,24.41,21.35,17.98,25.71,nasa,0.85
1999-02-28,23.16,21.51,18.89,25.44,nasa,0.86
1999-03-01,19.63,20.76,18.07,24.98,nasa,0.87
1999-03-02,10.74,21.39,17.49,26.18,nasa,0.87
1999-03-03,12.47,22.65,18.46,27.42,nasa,0.86
1999-03-04,7.86,22.66,17.72,27.9,nasa,0.86
1999-03-05,5.5,22.48,17.2,28.25,nasa,0.84
1999-03-06,22.62,22.11,17.73,26.94,nasa,0.85
1999-03-07,34.14,20.91,19.49,22.97,nasa,0.88
1999-03-08,6.45,21.67,18.66,25.76,nasa,0.89
1999-03-09,5.51,22.47,17.86,27.53,nasa,0.87
1999-03-10,10.74,21.54,19.43,24.52,nasa,0.87
1999-03-11,2.96,21.13,18.38,24.72,nasa,0.87
1999-03-12,4.03,21.27,17.73,26.51,nasa,0.86
1999-03-13,1.22,21.95,16.52,27.63,nasa,0.86
1999-03-14,3.82,21.4,17.14,26.37,nasa,0.85
1999-03-15,4.66,20.84,16.89,26.02,nasa,0.85
1999-03-16,16.65,21.07,17.03,26.25,nasa,0.86
1999-03-17,6.34,21.32,17.94,26.32,nasa,0.87
1999-03-18,3.45,20.49,16.93,24.93,nasa,0.86
1999-03-19,0.35,20.49,16.88,25.95,nasa,0.86
1999-03-20,0.42,20.37,15.44,26.18,nasa,0.85
1999-03-21,0.99,21.03,16.1,26.56,nasa,0.84
1999-03-22,0.67,21.39,16.24,26.69,nasa,0.84
1999-03-23,16.41,21.89,17.21,26.82,nasa,0.85
1999-03-24,7.72,21.76,17.9,25.72,nasa,0.86
1999-03-25,4.08,21.9,18.09,26.29,nasa,0.86
1999-03-26,1.64,22.66,17.59,27.69,nasa,0.85
1999-03-27,1.66,22.87,18.01,27.76,nasa,0.85
1999-03-28,1.0,23.42,19.64,28.09,nasa,0.84
1999-03-29,5.95,23.15,19.73,27.1,nasa,0.84
1999-03-30,1.76,23.12,19.33,27.52,nasa,0.84
1999-03-31,1.75,22.41,18.84,27.67,nasa,0.84
1999-04-01,0.08,20.62,15.55,26.57,nasa,0.84
1999-04-02,0.28,20.27,13.95,26.66,nasa,0.83
1999-04-03,0.06,21.21,16.6,27.08,nasa,0.82
1999-04-04,0.22,21.01,15.31,27.25,nasa,0.81
1999-04-05,0.15,21.66,16.92,27.18,nasa,0.81
1999-04-06,0.74,21.55,17.76,26.04,nasa,0.81
1999-04-07,3.89,21.8,17.66,26.84,nasa,0.81
1999-04-08,0.53,21.28,16.58,25.97,nasa,0.81
1999-04-09,3.43,21.32,18.35,25.94,nasa,0.81
1999-04-10,0.42,20.3,16.31,25.42,nasa,0.8
1999-04-11,0.05,18.85,15.31,24.08,nasa,0.8
1999-04-12,0.07,19.47,14.04,25.44,nasa,0.8
1999-04-13,0.04,20.83,15.74,25.82,nasa,0.79
1999-04-14,3.45,22.41,17.48,27.13,nasa,0.79
1999-04-15,3.86,21.79,18.48,26.11,nasa,0.79
1999-04-16,2.3,21.46,18.21,26.62,nasa,0.79
1999-04-17,2.04,18.48,10.92,24.04,nasa,0.79
1999-04-18,0.0,15.77,7.8,25.44,nasa,0.79
1999-04-19,0.06,19.02,11.42,26.27,nasa,0.78
1999-04-20,2.72,21.33,17.41,26.29,nasa,0.78
1999-04-21,0.97,20.99,16.25,26.34,nasa,0.78
1999-04-22,2.0,20.73,16.36,26.51,nasa,0.78
1999-04-23,2.15,19.92,16.3,25.2,nasa,0.77
1999-04-24,0.77,19.54,15.99,24.98,nasa,0.77
1999-04-25,0.0,19.21,14.22,25.31,nasa,0.77
1999-04-26,0.0,19.22,13.79,25.41,nasa,0.76
1999-04-27,0.0,18.42,13.36,24.41,nasa,0.76
1999-04-28,0.0,18.12,13.95,23.83,nasa,0.76
1999-04-29,0.0,18.25,14.86,23.61,nasa,0.75
1999-04-30,0.0,18.62,13.2,24.82,nasa,0.75
1999-05-01,0.0,18.84,13.77,25.03,nasa,0.74
1999-05-02,0.0,18.47,14.07,24.39,nasa,0.74
1999-05-03,0.0,18.44,13.73,24.59,nasa,0.74
1999-05-04,0.08,18.36,12.31,24.84,nasa,0.73
1999-05-05,0.11,18.93,13.23,25.19,nasa,0.73
1999-05-06,1.32,20.01,14.62,26.02,nasa,0.73
1999-05-07,1.46,19.99,15.98,25.96,nasa,0.73
1999-05-08,0.02,19.98,15.36,26.11,nasa,0.73
1999-05-09,0.0,18.56,14.23,24.14,nasa,0.72
1999-05-10,0.19,17.64,13.54,23.41,nasa,0.72
1999-05-11,0.41,18.49,14.28,23.69,nasa,0.72
1999-05-12,0.3,19.33,14.1,25.01,nasa,0.72
1999-05-13,0.0,18.75,14.66,24.78,nasa,0.71
1999-05-14,0.0,16.93,12.82,22.19,nasa,0.71
1999-05-15,0.0,15.15,10.05,21.58,nasa,0.71
1999-05-16,0.03,14.9,9.91,21.89,nasa,0.71
1999-05-17,0.0,16.33,9.62,22.92,nasa,0.71
1999-05-18,0.0,17.54,10.98,24.27,nasa,0.7
1999-05-19,0.0,17.99,13.02,24.84,nasa,0.7
1999-05-20,0.0,15.7,8.66,22.6,nasa,0.7
1999-05-21,0.0,12.07,4.62,20.95,nasa,0.7
1999-05-22,0.0,13.73,5.22,22.41,nasa,0.69
1999-05-23,0.0,15.14,7.31,24.19,nasa,0.69
1999-05-24,0.0,16.89,9.61,25.79,nasa,0.69
1999-05-25,0.0,17.94,10.33,25.81,nasa,0.69
1999-05-26,0.07,17.42,11.95,24.26,nasa,0.68
1999-05-27,0.0,19.07,12.41,25.75,nasa,0.68
1999-05-28,0.0,18.9,14.02,26.26,nasa,0.68
1999-05-29,0.0,19.2,13.13,25.67,nasa,0.68
1999-05-30,0.0,18.72,11.11,25.47,nasa,0.67
1999-05-31,0.0,12.74,4.79,21.18,nasa,0.67
1999-06-01,0.0,14.9,7.74,23.21,nasa,0.67
1999-06-02,0.0,17.88,11.14,25.24,nasa,0.67
1999-06-03,0.0,18.82,11.8,25.73,nasa,0.67
1999-06-04,0.06,19.0,13.47,25.84,nasa,0.67
1999-06-05,0.0,19.29,13.1,25.29,nasa,0.66
1999-06-06,0.0,19.82,14.5,26.19,nasa,0.66
1999-06-07,0.7,18.24,13.47,24.61,nasa,0.66
1999-06-08,0.38,17.98,13.36,24.45,nasa,0.66
1999-06-09,0.0,18.12,14.01,24.04,nasa,0.66
1999-06-10,0.0,17.71,13.04,23.87,nasa,0.66
1999-06-11,0.01,18.91,13.68,24.96,nasa,0.66
1999-06-12,0.0,18.79,12.18,25.59,nasa,0.66
1999-06-13,0.0,18.38,12.31,24.51,nasa,0.66
1999-06-14,5.73,17.94,13.26,23.65,nasa,0.66
1999-06-15,6.19,17.52,12.36,23.75,nasa,0.67
1999-06-16,0.11,17.22,12.21,24.0,nasa,0.67
1999-06-17,0.0,17.95,10.72,24.92,nasa,0.67
1999-06-18,0.0,18.1,10.96,25.17,nasa,0.67
1999-06-19,0.0,19.52,13.83,25.51,nasa,0.66
1999-06-20,0.06,19.16,14.45,25.79,nasa,0.66
1999-06-21,0.0,18.83,13.1,26.06,nasa,0.66
1999-06-22,0.0,17.05,11.03,25.16,nasa,0.66
1999-06-23,0.0,16.1,9.31,25.08,nasa,0.65
1999-06-24,0.0,15.89,9.96,24.9,nasa,0.65
1999-06-25,0.0,16.67,10.29,26.22,nasa,0.65
1999-06-26,0.0,16.84,9.65,26.16,nasa,0.65
1999-06-27,0.0,17.31,11.57,24.82,nasa,0.64
1999-06-28,0.0,17.35,10.76,25.06,nasa,0.64
1999-06-29,0.22,18.89,11.59,27.13,nasa,0.64
1999-06-30,0.24,19.56,13.12,27.31,nasa,0.64
1999-07-01,1.62,19.12,14.43,25.78,nasa,0.64
1999-07-02,0.05,18.8,14.29,25.39,nasa,0.64
1999-07-03,0.0,18.31,11.96,25.94,nasa,0.64
1999-07-04,0.0,20.27,13.17,26.93,nasa,0.64
1999-07-05,0.28,21.29,15.32,27.08,nasa,0.64
1999-07-06,0.57,18.71,14.69,24.53,nasa,0.63
1999-07-07,0.06,18.23,12.53,25.63,nasa,0.63
1999-07-08,0.09,19.42,11.96,26.69,nasa,0.63
1999-07-09,0.19,19.71,12.96,27.12,nasa,0.63
1999-07-10,0.48,18.83,13.49,25.43,nasa,0.63
1999-07-11,0.01,17.26,12.51,23.9,nasa,0.63
1999-07-12,0.0,15.81,11.32,22.97,nasa,0.63
1999-07-13,0.02,15.95,10.52,22.91,nasa,0.63
1999-07-14,0.0,16.58,11.19,24.04,nasa,0.63
1999-07-15,0.03,17.41,11.32,24.47,nasa,0.63
1999-07-16,0.02,19.26,15.03,25.76,nasa,0.62
1999-07-17,0.0,20.27,13.22,27.19,nasa,0.62
1999-07-18,0.0,20.12,14.41,27.41,nasa,0.62
1999-07-19,0.0,19.61,14.85,26.09,nasa,0.62
1999-07-20,0.0,19.08,12.24,26.66,nasa,0.62
1999-07-21,0.0,20.31,13.16,28.71,nasa,0.62
1999-07-22,0.0,21.12,15.64,27.68,nasa,0.62
1999-07-23,0.0,20.24,14.19,27.28,nasa,0.62
1999-07-24,0.0,20.06,13.76,27.28,nasa,0.61
1999-07-25,0.0,19.77,12.72,27.41,nasa,0.61
1999-07-26,0.0,19.41,13.4,27.33,nasa,0.61
1999-07-27,0.0,19.87,13.13,27.23,nasa,0.61
1999-07-28,0.0,21.41,14.24,29.06,nasa,0.61
1999-07-29,0.0,19.71,13.58,27.52,nasa,0.61
1999-07-30,0.0,20.14,13.14,27.36,nasa,0.61
1999-07-31,0.0,20.88,14.7,28.58,nasa,0.61
1999-08-01,0.0,18.48,11.73,26.1,nasa,0.61
1999-08-02,0.0,18.7,12.46,26.48,nasa,0.6
1999-08-03,0.0,18.64,10.98,27.79,nasa,0.6
1999-08-04,0.0,17.51,10.79,26.5,nasa,0.6
1999-08-05,0.0,17.05,10.0,25.95,nasa,0.6
1999-08-06,0.0,16.77,9.89,25.65,nasa,0.6
1999-08-07,0.0,17.46,9.01,26.04,nasa,0.6
1999-08-08,0.0,20.35,11.49,28.87,nasa,0.6
1999-08-09,0.0,20.07,12.87,28.07,nasa,0.6
1999-08-10,0.0,20.38,13.74,28.92,nasa,0.6
1999-08-11,0.0,19.92,11.81,29.35,nasa,0.6
1999-08-12,0.0,20.43,11.11,29.6,nasa,0.6
1999-08-13,0.0,20.63,11.72,30.09,nasa,0.59
1999-08-14,0.0,21.49,15.1,30.71,nasa,0.59
1999-08-15,0.0,16.93,11.08,25.56,nasa,0.59
1999-08-16,0.0,14.14,7.85,21.87,nasa,0.59
1999-08-17,0.0,15.68,8.95,24.05,nasa,0.59
1999-08-18,0.0,17.36,9.78,25.77,nasa,0.59
1999-08-19,0.0,18.99,11.44,27.91,nasa,0.59
1999-08-20,0.0,18.55,11.82,26.84,nasa,0.59
1999-08-21,0.0,18.92,12.98,26.23,nasa,0.59
1999-08-22,0.0,18.58,11.7,27.01,nasa,0.59
1999-08-23,0.0,17.88,10.11,27.39,nasa,0.59
1999-08-24,0.0,17.61,9.17,27.41,nasa,0.59
1999-08-25,0.0,18.16,10.79,27.62,nasa,0.59
1999-08-26,0.0,19.7,11.1,27.9,nasa,0.59
1999-08-27,0.0,22.7,14.88,30.69,nasa,0.59
1999-08-28,0.0,24.04,15.51,31.92,nasa,0.59
1999-08-29,0.0,24.99,17.0,33.25,nasa,0.59
1999-08-30,0.0,22.92,15.22,32.16,nasa,0.59
1999-08-31,0.0,21.13,14.01,30.27,nasa,0.59
1999-09-01,0.0,20.63,13.25,30.78,nasa,0.59
1999-09-02,0.0,20.25,12.15,30.11,nasa,0.59
1999-09-03,0.0,21.56,12.81,30.46,nasa,0.59
1999-09-04,0.0,23.33,15.2,32.8,nasa,0.59
1999-09-05,0.0,22.8,13.65,32.98,nasa,0.58
1999-09-06,0.0,23.46,15.46,33.18,nasa,0.58
1999-09-07,0.0,24.77,16.31,34.65,nasa,0.58
1999-09-08,0.0,24.81,16.4,34.42,nasa,0.58
1999-09-09,0.77,25.2,17.08,34.74,nasa,0.58
1999-09-10,6.35,23.95,16.89,31.87,nasa,0.59
1999-09-11,8.48,22.33,17.4,29.38,nasa,0.6
1999-09-12,9.63,21.67,15.46,28.77,nasa,0.62
1999-09-13,2.79,22.25,16.91,29.79,nasa,0.63
1999-09-14,4.38,23.71,16.66,31.63,nasa,0.63
1999-09-15,8.51,23.35,18.79,30.59,nasa,0.63
1999-09-16,5.95,22.74,16.37,29.77,nasa,0.64
1999-09-17,2.61,21.73,16.83,28.11,nasa,0.64
1999-09-18,0.24,21.46,16.13,27.8,nasa,0.64
1999-09-19,0.08,21.3,17.66,26.0,nasa,0.64
1999-09-20,0.11,22.42,17.23,28.79,nasa,0.63
1999-09-21,7.58,22.55,17.17,28.97,nasa,0.63
1999-09-22,4.83,21.08,16.42,25.6,nasa,0.64
1999-09-23,0.18,19.16,12.11,27.36,nasa,0.64
1999-09-24,0.0,16.54,9.36,25.56,nasa,0.64
1999-09-25,0.0,16.9,8.65,26.04,nasa,0.63
1999-09-26,0.0,20.47,10.11,29.05,nasa,0.62
1999-09-27,0.0,22.86,16.09,31.4,nasa,0.62
1999-09-28,0.03,22.93,13.53,31.54,nasa,0.62
1999-09-29,0.0,25.13,17.25,34.09,nasa,0.61
1999-09-30,0.11,25.65,18.32,34.27,nasa,0.61
1999-10-01,0.24,26.62,19.62,34.71,nasa,0.6
1999-10-02,3.76,24.24,20.54,28.92,nasa,0.6
1999-10-03,9.37,22.63,18.36,28.75,nasa,0.61
1999-10-04,0.93,18.83,15.25,23.28,nasa,0.62
1999-10-05,0.09,19.83,12.89,27.0,nasa,0.62
1999-10-06,0.0,20.76,13.87,27.98,nasa,0.62
1999-10-07,0.01,22.01,14.36,30.19,nasa,0.61
1999-10-08,0.3,21.7,15.54,28.98,nasa,0.61
1999-10-09,0.01,23.59,16.68,31.67,nasa,0.61
1999-10-10,0.0,23.26,14.14,33.21,nasa,0.6
1999-10-11,0.08,24.72,17.04,33.27,nasa,0.6
1999-10-12,0.02,25.34,18.03,32.09,nasa,0.6
1999-10-13,0.0,25.7,18.32,33.02,nasa,0.59
1999-10-14,0.06,25.61,17.74,33.81,nasa,0.59
1999-10-15,0.23,25.36,16.67,34.26,nasa,0.59
1999-10-16,0.0,26.84,18.19,36.1,nasa,0.59
1999-10-17,4.86,27.39,18.06,37.46,nasa,0.59
1999-10-18,0.28,26.3,18.63,34.5,nasa,0.59
1999-10-19,3.4,25.55,19.39,33.05,nasa,0.59
1999-10-20,1.74,24.45,16.43,32.75,nasa,0.6
1999-10-21,1.83,25.56,18.47,33.32,nasa,0.6
1999-10-22,0.12,23.2,16.9,29.93,nasa,0.59
1999-10-23,0.01,24.47,16.28,32.03,nasa,0.59
1999-10-24,0.08,24.16,16.64,30.54,nasa,0.59
1999-10-25,16.56,21.8,18.09,28.13,nasa,0.6
1999-10-26,26.91,19.96,17.41,24.26,nasa,0.65
1999-10-27,7.1,20.08,16.35,25.44,nasa,0.68
1999-10-28,0.05,21.41,15.66,27.52,nasa,0.67
1999-10-29,0.0,22.54,16.18,29.15,nasa,0.66
1999-10-30,0.13,22.75,17.28,28.79,nasa,0.65
1999-10-31,0.34,20.48,16.73,25.04,nasa,0.64
1999-11-01,0.05,20.58,14.78,26.65,nasa,0.64
1999-11-02,0.0,21.09,14.01,27.98,nasa,0.63
1999-11-03,0.51,22.7,15.65,30.23,nasa,0.63
1999-11-04,0.07,24.09,16.9,31.53,nasa,0.62
1999-11-05,18.31,22.83,18.47,28.75,nasa,0.63
1999-11-06,3.29,23.42,19.11,29.14,nasa,0.65
1999-11-07,19.08,22.91,17.99,28.66,nasa,0.66
1999-11-08,25.06,22.03,19.28,25.75,nasa,0.7
1999-11-09,21.18,21.2,19.07,24.65,nasa,0.74
1999-11-10,8.96,21.03,16.42,26.96,nasa,0.74
1999-11-11,0.84,18.52,13.31,23.99,nasa,0.73
1999-11-12,24.54,19.68,15.36,25.36,nasa,0.73
1999-11-13,21.3,20.47,17.01,24.44,nasa,0.77
1999-11-14,2.97,21.75,17.75,26.68,nasa,0.77
1999-11-15,0.41,20.86,15.09,27.18,nasa,0.75
1999-11-16,1.33,19.99,14.27,25.84,nasa,0.73
1999-11-17,4.1,21.2,15.24,26.98,nasa,0.72
1999-11-18,6.98,21.49,16.32,27.22,nasa,0.71
1999-11-19,22.06,21.18,16.26,25.94,nasa,0.73
1999-11-20,22.22,20.14,17.74,23.19,nasa,0.76
1999-11-21,4.2,20.4,17.49,24.83,nasa,0.77
1999-11-22,2.17,21.24,16.54,26.42,nasa,0.75
1999-11-23,0.86,22.76,15.2,28.6,nasa,0.74
1999-11-24,2.99,22.02,15.54,27.92,nasa,0.72
1999-11-25,1.87,21.95,18.34,27.33,nasa,0.72
1999-11-26,7.5,21.97,16.86,26.76,nasa,0.72
1999-11-27,6.08,22.66,17.11,28.7,nasa,0.72
1999-11-28,0.51,23.68,16.35,30.07,nasa,0.71
1999-11-29,3.5,22.17,17.55,28.25,nasa,0.71
1999-11-30,0.44,21.96,17.64,27.35,nasa,0.7
1999-12-01,0.28,21.94,17.47,27.79,nasa,0.69
1999-12-02,0.38,21.91,17.33,27.86,nasa,0.68
1999-12-03,4.53,21.99,17.98,27.45,nasa,0.68
1999-12-04,40.76,21.82,18.07,26.04,nasa,0.71
1999-12-05,3.51,22.62,18.45,27.64,nasa,0.74
1999-12-06,4.02,21.39,18.25,25.88,nasa,0.73
1999-12-07,9.93,20.93,17.66,24.59,nasa,0.73
1999-12-08,14.58,21.23,17.6,25.61,nasa,0.75
1999-12-09,4.96,21.58,18.79,26.0,nasa,0.75
1999-12-10,0.94,20.95,18.22,25.18,nasa,0.75
1999-12-11,5.91,21.8,17.56,26.71,nasa,0.74
1999-12-12,18.72,22.51,17.17,27.88,nasa,0.75
1999-12-13,11.76,21.71,18.68,25.89,nasa,0.76
1999-12-14,9.95,21.93,18.49,26.27,nasa,0.77
1999-12-15,1.01,22.65,19.43,26.94,nasa,0.77
1999-12-16,0.0,22.13,17.53,28.21,nasa,0.75
1999-12-17,0.0,21.75,15.09,28.72,nasa,0.73
1999-12-18,0.58,23.16,16.31,29.32,nasa,0.72
1999-12-19,2.12,23.57,17.38,28.95,nasa,0.71
1999-12-20,1.47,23.33,17.85,29.17,nasa,0.71
1999-12-21,1.45,22.85,17.77,28.54,nasa,0.7
1999-12-22,2.1,22.89,18.12,28.25,nasa,0.69
1999-12-23,22.69,21.94,17.79,26.88,nasa,0.71
1999-12-24,15.07,19.08,16.8,20.47,nasa,0.75
1999-12-25,9.08,19.65,16.07,23.17,nasa,0.76
1999-12-26,6.57,21.48,17.93,26.17,nasa,0.76
1999-12-27,13.59,21.91,16.53,27.06,nasa,0.76
1999-12-28,9.28,22.4,17.92,27.09,nasa,0.77
1999-12-29,11.02,22.27,19.26,26.28,nasa,0.77
1999-12-30,12.96,22.48,18.82,26.88,nasa,0.78
1999-12-31,23.67,21.88,19.36,25.89,nasa,0.79
2000-01-01,18.1,20.73,18.65,24.34,nasa,0.82
2000-01-02,42.45,20.26,18.61,22.91,nasa,0.85
2000-01-03,48.38,20.27,18.48,22.66,nasa,0.89
2000-01-04,17.05,21.24,18.54,25.03,nasa,0.9
2000-01-05,9.01,21.71,18.2,25.57,nasa,0.88
2000-01-06,7.03,22.06,17.54,26.01,nasa,0.87
2000-01-07,2.75,21.46,17.3,25.24,nasa,0.85
2000-01-08,1.81,21.34,16.51,26.76,nasa,0.84
2000-01-09,1.88,21.33,16.48,26.72,nasa,0.82
2000-01-10,2.17,20.97,16.43,26.43,nasa,0.81
2000-01-11,1.32,21.69,16.06,27.59,nasa,0.8
2000-01-12,0.19,22.11,15.87,27.54,nasa,0.79
2000-01-13,0.02,22.68,17.55,28.18,nasa,0.79
2000-01-14,0.59,23.62,18.32,29.65,nasa,0.78
2000-01-15,1.5,24.45,18.37,30.26,nasa,0.77
2000-01-16,5.54,24.44,19.78,29.07,nasa,0.77
2000-01-17,11.53,23.84,19.03,28.74,nasa,0.77
2000-01-18,6.17,23.56,20.1,27.51,nasa,0.79
2000-01-19,9.01,23.5,20.36,26.85,nasa,0.79
2000-01-20,22.82,23.55,19.96,28.3,nasa,0.81
2000-01-21,6.88,23.72,19.79,28.79,nasa,0.83
2000-01-22,2.74,23.61,20.05,28.73,nasa,0.82
2000-01-23,1.13,23.31,17.51,28.99,nasa,0.8
2000-01-24,8.84,22.57,17.83,28.05,nasa,0.8
2000-01-25,5.6,22.47,18.76,26.32,nasa,0.81
2000-01-26,8.42,22.49,19.56,26.57,nasa,0.81
2000-01-27,16.59,22.38,19.25,27.05,nasa,0.82
2000-01-28,18.71,21.36,18.67,25.48,nasa,0.84
2000-01-29,13.5,21.64,17.05,26.63,nasa,0.85
2000-01-30,20.35,22.96,18.51,27.47,nasa,0.86
2000-01-31,14.63,21.73,19.01,25.23,nasa,0.87
2000-02-01,27.17,21.76,18.47,25.42,nasa,0.87
2000-02-02,11.97,22.97,19.84,27.5,nasa,0.89
2000-02-03,4.11,22.81,20.11,26.69,nasa,0.87
2000-02-04,5.52,22.67,20.15,26.59,nasa,0.87
2000-02-05,8.33,22.45,20.05,25.9,nasa,0.87
2000-02-06,19.03,22.4,18.86,26.05,nasa,0.87
2000-02-07,29.48,21.47,19.0,24.93,nasa,0.9
2000-02-08,33.18,20.72,18.91,23.27,nasa,0.92
2000-02-09,36.28,20.74,18.71,23.67,nasa,0.93
2000-02-10,20.74,20.49,17.79,23.59,nasa,0.94
2000-02-11,21.52,20.0,17.0,23.32,nasa,0.95
2000-02-12,10.12,21.19,17.64,24.98,nasa,0.94
2000-02-13,5.92,21.36,18.33,25.56,nasa,0.94
2000-02-14,1.62,21.71,16.7,27.44,nasa,0.93
2000-02-15,0.18,22.54,17.76,27.83,nasa,0.92
2000-02-16,1.31,23.24,17.4,28.71,nasa,0.91
2000-02-17,5.01,21.0,17.89,25.04,nasa,0.9
2000-02-18,10.83,21.55,17.73,26.56,nasa,0.91
2000-02-19,2.66,19.8,18.03,22.51,nasa,0.91
2000-02-20,1.42,21.22,17.9,25.91,nasa,0.91
2000-02-21,0.84,21.3,17.73,26.21,nasa,0.9
2000-02-22,0.09,21.37,17.25,26.58,nasa,0.9
2000-02-23,0.81,21.53,17.22,26.88,nasa,0.89
2000-02-24,1.67,22.55,16.06,27.9,nasa,0.88
2000-02-25,5.35,23.6,19.48,28.03,nasa,0.88
2000-02-26,2.24,21.69,19.09,24.97,nasa,0.88
2000-02-27,8.75,21.71,18.43,26.59,nasa,0.88
2000-02-28,11.73,21.75,18.27,25.79,nasa,0.89
2000-02-29,4.21,20.98,18.29,24.75,nasa,0.9
2000-03-01,7.0,20.93,18.31,25.01,nasa,0.9
2000-03-02,4.56,21.46,17.97,26.16,nasa,0.9
2000-03-03,2.73,21.96,18.76,26.87,nasa,0.89
2000-03-04,2.23,21.14,18.27,25.43,nasa,0.89
2000-03-05,0.41,21.3,17.23,26.3,nasa,0.89
2000-03-06,0.66,21.43,15.99,27.5,nasa,0.88
2000-03-07,3.1,22.61,16.04,28.64,nasa,0.87
2000-03-08,10.74,22.39,19.13,26.39,nasa,0.87
2000-03-09,25.17,21.22,17.72,25.07,nasa,0.9
2000-03-10,20.36,20.45,18.41,23.22,nasa,0.91
2000-03-11,31.8,19.71,17.26,23.36,nasa,0.94
2000-03-12,12.39,20.95,16.83,25.8,nasa,0.94
2000-03-13,2.24,21.5,17.16,26.99,nasa,0.93
2000-03-14,0.84,21.54,16.48,26.92,nasa,0.92
2000-03-15,4.44,22.11,18.19,26.83,nasa,0.92
2000-03-16,12.6,21.45,19.7,24.0,nasa,0.92
2000-03-17,11.93,20.98,19.02,24.57,nasa,0.94
2000-03-18,26.16,20.59,17.91,23.42,nasa,0.95
2000-03-19,15.58,21.19,18.68,24.87,nasa,0.96
2000-03-20,16.21,21.53,18.74,25.54,nasa,0.97
2000-03-21,1.59,21.7,18.43,26.53,nasa,0.96
2000-03-22,0.77,21.41,18.42,26.17,nasa,0.96
2000-03-23,0.09,21.94,18.16,27.0,nasa,0.95
2000-03-24,0.52,22.41,19.08,26.54,nasa,0.94
2000-03-25,0.94,22.25,17.66,26.55,nasa,0.93
2000-03-26,0.34,22.13,18.23,26.8,nasa,0.93
2000-03-27,1.81,21.54,16.38,26.7,nasa,0.92
2000-03-28,10.47,21.54,17.59,25.74,nasa,0.93
2000-03-29,8.68,20.93,17.28,25.4,nasa,0.93
2000-03-30,3.24,20.61,17.91,24.78,nasa,0.93
2000-03-31,1.5,20.84,17.48,25.32,nasa,0.93
2000-04-01,2.17,21.1,17.57,25.39,nasa,0.92
2000-04-02,5.08,20.78,16.83,25.44,nasa,0.92
2000-04-03,0.84,20.07,16.68,24.89,nasa,0.92
2000-04-04,0.06,18.85,14.38,24.1,nasa,0.91
2000-04-05,0.05,19.13,14.63,24.39,nasa,0.91
2000-04-06,0.05,19.81,16.23,24.77,nasa,0.9
2000-04-07,0.02,19.8,16.41,25.01,nasa,0.9
2000-04-08,0.02,20.09,15.88,25.56,nasa,0.89
2000-04-09,0.03,20.24,16.56,25.57,nasa,0.89
2000-04-10,0.04,20.41,15.56,25.75,nasa,0.88
2000-04-11,0.19,20.97,15.44,26.11,nasa,0.88
2000-04-12,5.36,21.7,17.74,26.33,nasa,0.87
2000-04-13,6.32,20.2,17.98,23.45,nasa,0.88
2000-04-14,2.46,21.98,17.36,26.76,nasa,0.88
2000-04-15,1.03,22.1,17.99,27.04,nasa,0.88
2000-04-16,0.84,21.38,17.14,26.71,nasa,0.87
2000-04-17,1.8,21.26,16.76,26.5,nasa,0.87
2000-04-18,10.71,20.57,17.24,25.32,nasa,0.87
2000-04-19,11.45,20.93,17.11,25.37,nasa,0.88
2000-04-20,2.97,21.07,17.58,26.06,nasa,0.88
2000-04-21,0.0,17.64,11.85,24.03,nasa,0.88
2000-04-22,0.07,16.03,8.72,23.71,nasa,0.87
2000-04-23,0.0,17.08,10.52,24.47,nasa,0.86
2000-04-24,0.0,18.36,11.88,24.76,nasa,0.86
2000-04-25,0.0,18.44,12.54,24.82,nasa,0.85
2000-04-26,0.0,18.06,12.83,24.28,nasa,0.85
2000-04-27,0.0,17.76,11.87,24.09,nasa,0.85
2000-04-28,0.13,17.93,12.7,24.03,nasa,0.84
2000-04-29,0.06,18.39,14.15,24.44,nasa,0.84
2000-04-30,0.14,19.31,14.22,25.03,nasa,0.84
2000-05-01,0.39,20.01,16.69,24.85,nasa,0.84
2000-05-02,0.0,20.14,16.05,25.52,nasa,0.83
2000-05-03,0.0,19.98,15.65,25.6,nasa,0.83
2000-05-04,0.06,19.47,16.0,24.62,nasa,0.83
2000-05-05,0.06,19.21,13.57,24.97,nasa,0.82
2000-05-06,0.0,19.56,15.0,25.23,nasa,0.82
2000-05-07,0.05,19.91,15.17,25.66,nasa,0.82
2000-05-08,0.08,20.18,14.84,26.28,nasa,0.81
2000-05-09,0.49,19.93,14.7,26.08,nasa,0.81
2000-05-10,0.0,18.49,13.64,24.94,nasa,0.81
2000-05-11,0.0,16.39,11.43,22.39,nasa,0.8
2000-05-12,0.0,15.9,11.24,21.96,nasa,0.8
2000-05-13,0.0,16.24,11.53,22.37,nasa,0.8
2000-05-14,0.0,16.21,10.54,22.91,nasa,0.8
2000-05-15,0.0,16.67,10.23,22.87,nasa,0.79
2000-05-16,0.0,17.11,11.03,24.26,nasa,0.79
2000-05-17,0.0,16.93,10.97,24.0,nasa,0.79
2000-05-18,0.0,15.97,9.92,22.19,nasa,0.79
2000-05-19,0.0,13.45,6.87,21.2,nasa,0.78
2000-05-20,0.0,15.46,8.58,22.57,nasa,0.78
2000-05-21,0.0,16.58,12.68,21.54,nasa,0.78
2000-05-22,0.0,17.56,13.82,23.08,nasa,0.78
2000-05-23,0.05,17.27,12.52,23.34,nasa,0.78
2000-05-24,0.0,16.02,10.85,22.62,nasa,0.78
2000-05-25,0.0,14.67,8.98,21.7,nasa,0.77
2000-05-26,0.01,16.56,10.31,23.77,nasa,0.77
2000-05-27,0.25,18.02,13.16,24.65,nasa,0.77
2000-05-28,0.99,17.31,12.83,22.96,nasa,0.77
2000-05-29,0.0,17.34,10.23,24.44,nasa,0.77
2000-05-30,0.0,17.88,13.16,24.72,nasa,0.76
2000-05-31,0.0,17.14,11.05,24.46,nasa,0.76
2000-06-01,1.66,17.97,12.6,24.29,nasa,0.76
2000-06-02,0.0,18.65,13.67,24.98,nasa,0.76
2000-06-03,0.0,18.2,13.57,24.48,nasa,0.76
2000-06-04,0.0,17.68,13.79,23.63,nasa,0.75
2000-06-05,0.0,15.58,11.47,21.96,nasa,0.75
2000-06-06,0.0,14.85,9.21,21.82,nasa,0.75
2000-06-07,0.0,15.53,10.18,22.47,nasa,0.75
2000-06-08,0.0,16.01,9.12,23.14,nasa,0.74
2000-06-09,0.0,16.54,10.25,23.68,nasa,0.74
2000-06-10,0.0,15.97,9.17,23.22,nasa,0.74
2000-06-11,0.0,16.41,9.12,23.32,nasa,0.74
2000-06-12,0.0,17.07,10.57,24.08,nasa,0.73
2000-06-13,0.0,17.82,11.75,24.31,nasa,0.73
2000-06-14,0.0,17.69,12.25,24.48,nasa,0.73
2000-06-15,0.0,17.53,12.62,24.28,nasa,0.73
2000-06-16,0.0,16.63,10.73,23.89,nasa,0.72
2000-06-17,0.0,15.67,9.51,23.41,nasa,0.72
2000-06-18,0.0,16.47,9.99,23.68,nasa,0.72
2000-06-19,0.0,18.29,11.11,24.8,nasa,0.72
2000-06-20,0.0,18.41,12.48,25.24,nasa,0.72
2000-06-21,0.0,16.77,11.76,23.71,nasa,0.71
2000-06-22,0.0,14.69,8.11,23.0,nasa,0.71
2000-06-23,0.0,14.86,7.92,23.69,nasa,0.71
2000-06-24,0.0,15.46,8.82,23.64,nasa,0.71
2000-06-25,0.0,16.19,8.68,24.28,nasa,0.71
2000-06-26,0.0,17.4,12.29,25.23,nasa,0.7
2000-06-27,0.0,17.31,12.16,24.95,nasa,0.7
2000-06-28,0.0,15.65,8.97,24.01,nasa,0.7
2000-06-29,0.0,15.94,9.48,24.11,nasa,0.7
2000-06-30,0.0,17.52,10.21,24.98,nasa,0.7
2000-07-01,0.0,18.24,12.8,25.52,nasa,0.69
2000-07-02,0.0,17.68,11.91,23.97,nasa,0.69
2000-07-03,0.0,18.32,13.29,24.61,nasa,0.69
2000-07-04,0.0,15.42,11.55,19.72,nasa,0.69
2000-07-05,0.0,16.25,11.11,22.32,nasa,0.69
2000-07-06,0.0,16.02,11.38,22.58,nasa,0.69
2000-07-07,0.0,16.31,10.73,23.24,nasa,0.69
2000-07-08,0.0,16.99,11.47,23.89,nasa,0.69
2000-07-09,0.0,16.88,10.94,23.96,nasa,0.68
2000-07-10,0.0,16.88,10.59,24.39,nasa,0.68
2000-07-11,0.0,18.19,11.66,25.02,nasa,0.68
2000-07-12,0.0,17.43,12.29,24.69,nasa,0.68
2000-07-13,0.0,16.04,10.35,23.05,nasa,0.68
2000-07-14,0.07,17.4,12.73,24.15,nasa,0.68
2000-07-15,0.58,17.29,11.76,24.27,nasa,0.68
2000-07-16,0.26,15.81,8.16,22.04,nasa,0.68
2000-07-17,0.03,10.0,2.26,19.43,nasa,0.67
2000-07-18,0.0,12.75,3.15,22.42,nasa,0.67
2000-07-19,0.0,15.31,8.99,24.51,nasa,0.67
2000-07-20,0.04,13.62,8.74,21.2,nasa,0.67
2000-07-21,0.0,16.47,8.29,25.46,nasa,0.67
2000-07-22,1.39,18.94,12.18,26.85,nasa,0.67
2000-07-23,0.08,18.45,13.32,25.71,nasa,0.67
2000-07-24,3.71,15.24,10.48,22.07,nasa,0.67
2000-07-25,1.1,17.97,10.56,25.42,nasa,0.67
2000-07-26,0.4,19.32,15.09,25.19,nasa,0.67
2000-07-27,0.0,17.83,12.13,25.34,nasa,0.67
2000-07-28,0.0,16.72,10.99,24.58,nasa,0.67
2000-07-29,0.0,16.06,9.13,24.24,nasa,0.66
2000-07-30,0.0,16.77,9.02,25.39,nasa,0.66
2000-07-31,0.0,16.96,9.26,26.01,nasa,0.66
2000-08-01,0.0,16.37,11.64,23.73,nasa,0.65
2000-08-02,0.0,17.78,12.24,25.07,nasa,0.65
2000-08-03,0.61,19.06,12.45,26.27,nasa,0.65
2000-08-04,0.27,19.61,12.75,26.42,nasa,0.65
2000-08-05,0.04,16.84,10.7,24.29,nasa,0.65
2000-08-06,0.0,17.63,10.36,25.42,nasa,0.65
2000-08-07,0.0,19.95,12.15,27.26,nasa,0.64
2000-08-08,0.0,21.57,15.11,28.1,nasa,0.64
2000-08-09,0.0,21.94,15.18,28.73,nasa,0.64
2000-08-10,0.0,22.17,16.66,30.22,nasa,0.64
2000-08-11,0.0,20.59,13.9,29.53,nasa,0.63
2000-08-12,0.0,17.94,11.11,26.29,nasa,0.63
2000-08-13,0.2,16.77,9.04,25.68,nasa,0.63
2000-08-14,0.04,18.22,10.46,27.57,nasa,0.63
2000-08-15,0.0,19.43,10.71,28.14,nasa,0.63
2000-08-16,0.01,21.61,13.91,29.46,nasa,0.63
2000-08-17,0.05,20.15,13.69,27.45,nasa,0.62
2000-08-18,0.0,20.1,13.29,28.45,nasa,0.62
2000-08-19,0.0,20.9,13.67,28.99,nasa,0.62
2000-08-20,0.0,20.17,14.05,28.21,nasa,0.62
2000-08-21,0.0,19.28,12.43,27.93,nasa,0.62
2000-08-22,0.0,19.14,11.45,27.68,nasa,0.62
2000-08-23,0.0,20.06,12.18,28.4,nasa,0.62
2000-08-24,0.0,21.75,13.7,30.12,nasa,0.61
2000-08-25,0.0,23.34,14.97,31.25,nasa,0.61
2000-08-26,0.0,24.64,17.3,32.73,nasa,0.61
2000-08-27,0.0,25.03,18.4,32.93,nasa,0.61
2000-08-28,8.79,23.09,14.85,32.21,nasa,0.61
2000-08-29,4.96,19.16,13.61,27.21,nasa,0.63
2000-08-30,0.99,18.37,15.76,23.52,nasa,0.63
2000-08-31,7.72,21.06,15.86,27.8,nasa,0.64
2000-09-01,5.44,23.05,17.38,29.5,nasa,0.65
2000-09-02,18.66,22.49,18.22,28.66,nasa,0.66
2000-09-03,7.17,20.12,15.43,26.75,nasa,0.69
2000-09-04,0.56,19.22,13.74,25.45,nasa,0.69
2000-09-05,3.5,19.15,13.05,25.82,nasa,0.68
2000-09-06,9.93,18.78,15.81,21.93,nasa,0.69
2000-09-07,0.94,19.79,14.81,26.16,nasa,0.69
2000-09-08,8.8,18.61,13.97,24.78,nasa,0.69
2000-09-09,1.56,19.62,13.51,26.3,nasa,0.7
2000-09-10,0.63,20.83,15.0,27.44,nasa,0.69
2000-09-11,0.17,21.23,15.93,27.31,nasa,0.68
2000-09-12,6.12,21.67,17.06,28.32,nasa,0.68
2000-09-13,2.59,21.7,16.89,27.93,nasa,0.68
2000-09-14,8.27,22.34,16.97,27.33,nasa,0.69
2000-09-15,2.82,22.43,17.64,27.77,nasa,0.69
2000-09-16,0.95,22.01,17.93,27.44,nasa,0.69
2000-09-17,0.64,22.51,17.76,28.42,nasa,0.68
2000-09-18,0.05,22.24,17.11,28.46,nasa,0.68
2000-09-19,0.0,22.04,15.9,29.14,nasa,0.67
2000-09-20,0.0,21.4,15.23,28.93,nasa,0.66
2000-09-21,0.0,20.85,13.74,28.8,nasa,0.66
2000-09-22,0.0,22.72,17.72,29.65,nasa,0.65
2000-09-23,0.0,22.09,14.26,30.38,nasa,0.64
2000-09-24,0.01,22.14,13.4,29.93,nasa,0.64
2000-09-25,0.06,23.89,17.3,31.41,nasa,0.64
2000-09-26,8.54,19.96,15.54,26.51,nasa,0.64
2000-09-27,0.6,18.68,13.0,24.77,nasa,0.65
2000-09-28,0.04,20.27,15.09,26.83,nasa,0.64
2000-09-29,1.27,20.81,14.6,27.69,nasa,0.64
2000-09-30,5.71,21.69,15.84,28.19,nasa,0.64
2000-10-01,3.63,21.5,15.67,28.04,nasa,0.65
2000-10-02,0.04,22.93,15.67,30.19,nasa,0.65
2000-10-03,0.0,25.29,19.46,32.58,nasa,0.64
2000-10-04,0.42,24.25,18.26,32.29,nasa,0.64
2000-10-05,2.26,23.3,17.84,30.44,nasa,0.64
2000-10-06,1.68,23.05,17.52,29.58,nasa,0.63
2000-10-07,0.0,24.16,17.44,32.63,nasa,0.63
2000-10-08,2.41,24.32,16.4,32.1,nasa,0.63
2000-10-09,0.08,24.18,17.5,32.01,nasa,0.63
2000-10-10,0.02,24.34,16.52,32.83,nasa,0.62
2000-10-11,0.0,24.77,15.96,33.49,nasa,0.62
2000-10-12,0.0,24.85,16.72,33.76,nasa,0.61
2000-10-13,0.0,25.47,16.51,34.84,nasa,0.61
2000-10-14,0.0,24.94,16.1,34.79,nasa,0.61
2000-10-15,0.0,25.58,16.56,34.87,nasa,0.6
2000-10-16,0.0,25.11,18.03,33.14,nasa,0.6
2000-10-17,0.0,24.66,17.04,33.61,nasa,0.6
2000-10-18,0.0,25.28,17.43,33.4,nasa,0.6
2000-10-19,0.01,26.74,21.0,34.69,nasa,0.6
2000-10-20,0.09,27.54,20.19,35.95,nasa,0.59
2000-10-21,0.22,28.59,21.55,37.18,nasa,0.59
2000-10-22,1.35,27.45,21.57,35.35,nasa,0.59
2000-10-23,4.96,25.66,21.59,31.52,nasa,0.6
2000-10-24,4.9,25.22,18.84,31.87,nasa,0.6
2000-10-25,2.28,26.57,18.76,34.69,nasa,0.61
2000-10-26,0.62,26.29,18.56,33.71,nasa,0.61
2000-10-27,0.55,25.78,19.09,33.5,nasa,0.6
2000-10-28,3.02,24.63,19.75,30.69,nasa,0.6
2000-10-29,14.14,22.86,19.97,27.01,nasa,0.62
2000-10-30,6.19,21.26,16.63,26.74,nasa,0.64
2000-10-31,0.16,21.78,18.39,25.36,nasa,0.64
2000-11-01,0.04,23.71,17.45,30.16,nasa,0.64
2000-11-02,0.1,24.18,17.91,30.51,nasa,0.63
2000-11-03,2.95,24.3,19.63,29.96,nasa,0.63
2000-11-04,5.28,22.66,19.78,26.12,nasa,0.63
2000-11-05,9.77,21.14,18.05,25.06,nasa,0.65
2000-11-06,5.18,21.65,17.07,27.56,nasa,0.65
2000-11-07,13.94,20.27,17.03,24.98,nasa,0.67
2000-11-08,2.55,20.48,16.22,25.78,nasa,0.68
2000-11-09,0.57,21.7,16.09,28.03,nasa,0.67
2000-11-10,1.46,22.62,16.38,29.19,nasa,0.66
2000-11-11,4.85,24.35,19.38,30.27,nasa,0.66
2000-11-12,10.21,22.23,18.98,25.7,nasa,0.67
2000-11-13,14.92,22.55,19.17,26.49,nasa,0.68
2000-11-14,28.87,21.69,19.86,24.27,nasa,0.72
2000-11-15,10.01,21.81,18.88,26.56,nasa,0.74
2000-11-16,3.51,21.15,16.53,25.9,nasa,0.73
2000-11-17,9.24,20.16,17.57,22.78,nasa,0.73
2000-11-18,19.97,20.78,16.0,25.59,nasa,0.74
2000-11-19,29.94,20.41,17.98,23.87,nasa,0.78
2000-11-20,3.96,21.09,16.73,25.03,nasa,0.78
2000-11-21,11.27,22.68,17.91,26.68,nasa,0.78
2000-11-22,2.14,21.92,18.6,25.46,nasa,0.77
2000-11-23,7.63,22.44,17.97,26.38,nasa,0.76
2000-11-24,0.56,22.4,18.32,27.69,nasa,0.76
2000-11-25,2.87,22.75,18.28,28.04,nasa,0.74
2000-11-26,6.15,21.58,18.36,26.28,nasa,0.74
2000-11-27,5.85,21.14,17.03,25.16,nasa,0.74
2000-11-28,10.77,21.06,17.4,25.22,nasa,0.74
2000-11-29,17.25,21.63,17.95,26.62,nasa,0.76
2000-11-30,7.13,21.84,17.79,25.63,nasa,0.77
2000-12-01,10.51,22.42,18.15,27.61,nasa,0.77
2000-12-02,16.25,22.2,17.78,26.98,nasa,0.77
2000-12-03,4.02,22.44,18.63,26.54,nasa,0.78
2000-12-04,4.17,22.87,18.31,27.26,nasa,0.77
2000-12-05,6.95,22.63,18.78,27.22,nasa,0.77
2000-12-06,2.26,23.24,17.86,29.33,nasa,0.76
2000-12-07,1.95,22.7,17.34,28.63,nasa,0.75
2000-12-08,2.1,22.53,17.68,28.44,nasa,0.74
2000-12-09,4.12,23.24,18.58,28.61,nasa,0.74
2000-12-10,9.45,22.54,18.45,27.42,nasa,0.74
2000-12-11,11.79,22.34,18.32,27.43,nasa,0.76
2000-12-12,1.98,22.52,17.44,28.05,nasa,0.75
2000-12-13,6.78,22.84,18.34,28.14,nasa,0.75
2000-12-14,8.65,22.14,19.91,25.3,nasa,0.75
2000-12-15,8.12,21.09,18.9,23.85,nasa,0.76
2000-12-16,10.01,22.69,18.54,27.7,nasa,0.77
2000-12-17,51.78,22.15,19.65,25.5,nasa,0.79
2000-12-18,10.74,20.65,16.69,25.61,nasa,0.83
2000-12-19,0.81,19.95,14.11,26.34,nasa,0.81
2000-12-20,0.7,21.34,15.53,27.85,nasa,0.79
2000-12-21,1.67,22.14,17.5,27.62,nasa,0.77
2000-12-22,5.47,21.29,17.89,26.05,nasa,0.77
2000-12-23,6.19,22.0,18.2,25.96,nasa,0.78
2000-12-24,5.61,22.84,19.0,26.12,nasa,0.78
2000-12-25,4.68,22.48,18.47,26.6,nasa,0.78
2000-12-26,2.12,22.97,18.34,27.49,nasa,0.78
2000-12-27,0.41,23.88,18.26,28.9,nasa,0.77
2000-12-28,10.22,23.16,18.91,27.44,nasa,0.76
2000-12-29,3.51,22.79,18.59,27.72,nasa,0.77
2000-12-30,4.28,22.09,18.58,26.51,nasa,0.77
2000-12-31,8.28,21.65,18.47,25.16,nasa,0.77
2001-01-01,25.41,22.46,18.87,26.89,nasa,0.79
2001-01-02,17.17,22.88,18.98,27.88,nasa,0.82
2001-01-03,28.91,22.54,18.81,27.39,nasa,0.83
2001-01-04,1.79,21.16,18.34,24.4,nasa,0.84
2001-01-05,2.65,21.58,16.93,27.89,nasa,0.82
2001-01-06,0.24,21.87,15.46,28.55,nasa,0.8
2001-01-07,0.19,22.55,16.45,28.5,nasa,0.79
2001-01-08,2.01,21.99,17.05,26.64,nasa,0.78
2001-01-09,6.13,22.61,18.07,26.86,nasa,0.78
2001-01-10,1.1,22.09,17.87,26.56,nasa,0.78
2001-01-11,3.41,21.78,18.26,26.47,nasa,0.77
2001-01-12,1.28,21.9,17.27,25.93,nasa,0.77
2001-01-13,4.57,21.73,17.64,26.35,nasa,0.77
2001-01-14,3.29,21.16,17.27,25.72,nasa,0.77
2001-01-15,0.98,21.15,16.46,26.57,nasa,0.76
2001-01-16,0.11,21.34,17.22,27.28,nasa,0.75
2001-01-17,0.08,21.47,16.3,27.03,nasa,0.74
2001-01-18,0.19,21.75,16.21,27.17,nasa,0.73
2001-01-19,2.85,22.29,17.92,26.5,nasa,0.73
2001-01-20,1.42,23.16,18.91,27.19,nasa,0.73
2001-01-21,8.59,22.26,19.02,25.81,nasa,0.73
2001-01-22,15.8,21.3,18.77,24.3,nasa,0.76
2001-01-23,6.38,21.66,17.62,25.57,nasa,0.77
2001-01-24,7.83,22.55,18.14,26.98,nasa,0.78
2001-01-25,3.75,22.99,18.74,27.87,nasa,0.78
2001-01-26,4.51,22.8,18.56,27.33,nasa,0.77
2001-01-27,1.13,23.66,18.16,29.1,nasa,0.77
2001-01-28,3.08,23.68,18.74,29.32,nasa,0.76
2001-01-29,3.67,22.55,18.91,27.0,nasa,0.75
2001-01-30,4.9,22.67,17.81,27.92,nasa,0.75
2001-01-31,1.37,24.04,18.92,28.33,nasa,0.75
2001-02-01,11.36,23.7,20.18,27.95,nasa,0.75
2001-02-02,1.78,23.97,19.14,29.14,nasa,0.76
2001-02-03,5.12,24.76,19.27,29.6,nasa,0.75
2001-02-04,0.11,25.36,19.43,30.63,nasa,0.75
2001-02-05,0.38,24.89,18.14,31.09,nasa,0.73
2001-02-06,1.32,24.04,20.12,28.83,nasa,0.73
2001-02-07,1.63,23.75,18.24,30.23,nasa,0.72
2001-02-08,29.56,23.32,18.49,28.12,nasa,0.74
2001-02-09,3.79,22.4,19.45,24.96,nasa,0.77
2001-02-10,0.7,23.78,19.21,28.88,nasa,0.76
2001-02-11,0.05,23.01,16.37,28.81,nasa,0.75
2001-02-12,0.01,23.98,17.86,29.14,nasa,0.74
2001-02-13,5.89,22.94,19.28,27.26,nasa,0.73
2001-02-14,5.74,21.35,18.09,24.96,nasa,0.74
2001-02-15,2.46,22.23,16.3,27.79,nasa,0.74
2001-02-16,2.17,23.18,18.44,28.53,nasa,0.73
2001-02-17,2.09,22.4,18.03,26.69,nasa,0.73
2001-02-18,0.7,22.9,18.86,28.02,nasa,0.72
2001-02-19,0.07,22.42,15.48,28.89,nasa,0.72
2001-02-20,5.47,23.19,16.98,29.32,nasa,0.71
2001-02-21,3.31,22.62,17.17,28.37,nasa,0.71
2001-02-22,0.25,22.55,17.82,27.97,nasa,0.71
2001-02-23,0.88,23.22,18.05,29.47,nasa,0.7
2001-02-24,4.62,21.98,18.6,26.75,nasa,0.7
2001-02-25,3.98,22.53,17.49,27.8,nasa,0.7
2001-02-26,2.17,22.38,17.14,27.82,nasa,0.7
2001-02-27,0.95,22.94,17.58,29.21,nasa,0.7
2001-02-28,2.56,21.92,17.51,26.95,nasa,0.69
2001-03-01,2.92,22.26,16.55,27.88,nasa,0.69
2001-03-02,9.91,20.94,17.69,25.13,nasa,0.7
2001-03-03,3.27,21.77,16.14,27.27,nasa,0.71
2001-03-04,4.36,22.03,18.43,26.27,nasa,0.71
2001-03-05,7.35,22.4,17.61,27.88,nasa,0.71
2001-03-06,15.82,21.58,19.37,25.34,nasa,0.73
2001-03-07,3.22,22.14,18.59,26.77,nasa,0.74
2001-03-08,7.83,23.09,18.89,28.03,nasa,0.74
2001-03-09,3.24,21.75,19.07,25.31,nasa,0.74
2001-03-10,15.73,20.74,18.41,24.62,nasa,0.76
2001-03-11,31.81,20.89,18.04,24.65,nasa,0.78
2001-03-12,27.7,20.07,18.39,22.34,nasa,0.82
2001-03-13,4.12,20.97,17.04,25.89,nasa,0.83
2001-03-14,0.65,21.81,18.35,26.99,nasa,0.8
2001-03-15,0.14,21.73,17.11,27.4,nasa,0.78
2001-03-16,0.04,21.36,16.23,27.46,nasa,0.77
2001-03-17,0.02,22.24,14.69,28.16,nasa,0.76
2001-03-18,0.3,22.68,16.53,28.94,nasa,0.74
2001-03-19,6.68,21.5,18.08,26.32,nasa,0.75
2001-03-20,8.74,21.41,18.22,25.52,nasa,0.75
2001-03-21,0.0,22.18,17.51,28.02,nasa,0.76
2001-03-22,0.03,22.58,17.68,27.56,nasa,0.74
2001-03-23,0.2,22.64,17.85,28.48,nasa,0.73
2001-03-24,0.56,22.89,16.32,28.33,nasa,0.73
2001-03-25,1.99,22.91,17.63,28.22,nasa,0.72
2001-03-26,1.31,23.24,17.6,27.97,nasa,0.72
2001-03-27,4.47,22.58,18.98,27.37,nasa,0.72
2001-03-28,22.84,22.34,17.33,26.74,nasa,0.74
2001-03-29,8.29,21.39,18.65,25.29,nasa,0.77
2001-03-30,11.41,21.34,18.05,25.73,nasa,0.77
2001-03-31,11.98,21.65,17.52,26.7,nasa,0.78
2001-04-01,3.11,21.54,17.95,25.97,nasa,0.78
2001-04-02,0.69,21.38,16.77,26.71,nasa,0.77
2001-04-03,1.43,21.36,15.63,26.92,nasa,0.76
2001-04-04,2.8,20.88,17.59,25.61,nasa,0.76
2001-04-05,0.02,21.67,16.68,27.17,nasa,0.75
2001-04-06,0.0,22.11,16.28,27.84,nasa,0.74
2001-04-07,0.0,21.83,16.59,28.03,nasa,0.73
2001-04-08,0.42,21.89,17.15,27.76,nasa,0.73
2001-04-09,2.15,22.44,17.9,27.16,nasa,0.72
2001-04-10,0.31,22.77,18.52,27.98,nasa,0.72
2001-04-11,0.26,22.84,16.98,29.31,nasa,0.71
2001-04-12,0.18,23.02,18.29,29.17,nasa,0.71
2001-04-13,2.14,21.02,16.34,26.66,nasa,0.7
2001-04-14,2.37,20.32,16.28,25.95,nasa,0.7
2001-04-15,5.27,19.49,14.72,25.14,nasa,0.7
2001-04-16,1.47,19.72,14.51,25.17,nasa,0.7
2001-04-17,0.0,20.67,15.89,26.3,nasa,0.7
2001-04-18,0.0,21.3,16.14,26.67,nasa,0.7
2001-04-19,0.01,21.5,15.17,27.27,nasa,0.69
2001-04-20,0.08,21.94,17.57,27.54,nasa,0.68
2001-04-21,0.16,22.07,16.21,28.36,nasa,0.68
2001-04-22,0.82,22.24,18.79,27.75,nasa,0.68
2001-04-23,0.01,22.37,16.07,29.08,nasa,0.67
2001-04-24,0.0,21.89,17.25,28.22,nasa,0.67
2001-04-25,0.0,20.02,15.1,27.02,nasa,0.67
2001-04-26,0.0,20.68,14.21,27.57,nasa,0.66
2001-04-27,0.0,21.02,14.77,28.33,nasa,0.66
2001-04-28,0.0,20.64,13.82,27.98,nasa,0.65
2001-04-29,0.0,20.83,13.11,28.1,nasa,0.65
2001-04-30,0.01,20.07,13.97,27.21,nasa,0.65
2001-05-01,0.06,21.11,15.3,27.74,nasa,0.65
2001-05-02,0.02,21.61,16.79,28.54,nasa,0.65
2001-05-03,0.0,21.24,15.57,28.44,nasa,0.64
2001-05-04,0.17,21.86,14.77,29.18,nasa,0.64
2001-05-05,0.06,19.59,14.0,26.5,nasa,0.64
2001-05-06,0.0,17.04,10.52,25.99,nasa,0.64
2001-05-07,0.0,16.36,8.93,26.15,nasa,0.64
2001-05-08,0.0,17.8,10.79,27.07,nasa,0.64
2001-05-09,0.0,19.54,13.14,28.35,nasa,0.63
2001-05-10,0.0,20.17,13.52,29.24,nasa,0.63
2001-05-11,0.0,21.07,13.91,29.73,nasa,0.63
2001-05-12,0.25,21.33,14.21,29.97,nasa,0.63
2001-05-13,0.93,20.24,16.88,26.43,nasa,0.63
2001-05-14,0.09,20.6,15.41,27.95,nasa,0.63
2001-05-15,3.35,20.67,15.75,26.63,nasa,0.63
2001-05-16,15.03,20.02,15.89,25.03,nasa,0.64
2001-05-17,11.54,19.95,16.04,24.17,nasa,0.68
2001-05-18,0.0,16.18,10.08,24.21,nasa,0.68
2001-05-19,0.0,14.82,6.42,23.86,nasa,0.68
2001-05-20,0.0,15.97,10.36,23.77,nasa,0.67
2001-05-21,0.02,16.15,10.34,23.72,nasa,0.67
2001-05-22,0.01,17.92,10.59,25.47,nasa,0.66
2001-05-23,0.91,19.23,14.0,25.9,nasa,0.66
2001-05-24,5.55,18.18,14.02,23.98,nasa,0.66
2001-05-25,0.58,18.61,14.66,24.44,nasa,0.66
2001-05-26,0.57,19.65,14.3,25.56,nasa,0.66
2001-05-27,4.78,17.98,15.18,21.78,nasa,0.66
2001-05-28,0.18,19.65,14.48,25.98,nasa,0.67
2001-05-29,0.09,20.71,16.58,26.54,nasa,0.66
2001-05-30,0.0,19.94,14.07,27.57,nasa,0.66
2001-05-31,0.0,19.97,12.58,27.11,nasa,0.65
2001-06-01,0.01,19.76,13.82,26.53,nasa,0.65
2001-06-02,0.0,19.25,13.51,26.33,nasa,0.65
2001-06-03,0.01,19.45,13.7,26.28,nasa,0.64
2001-06-04,0.0,20.88,16.74,27.22,nasa,0.64
2001-06-05,0.0,18.87,14.75,25.22,nasa,0.64
2001-06-06,0.0,19.27,11.75,27.21,nasa,0.64
2001-06-07,0.0,20.51,14.86,27.79,nasa,0.64
2001-06-08,0.0,19.31,12.52,27.32,nasa,0.63
2001-06-09,0.0,18.34,12.72,25.95,nasa,0.63
2001-06-10,0.13,18.95,10.95,26.22,nasa,0.63
2001-06-11,0.01,18.05,11.63,25.76,nasa,0.63
2001-06-12,0.31,17.5,11.32,25.22,nasa,0.63
2001-06-13,0.0,18.8,11.92,25.42,nasa,0.62
2001-06-14,0.06,19.43,11.83,26.34,nasa,0.62
2001-06-15,0.0,20.06,14.43,27.46,nasa,0.62
2001-06-16,0.0,19.63,13.28,27.24,nasa,0.62
2001-06-17,0.0,19.87,12.91,27.96,nasa,0.62
2001-06-18,0.01,19.68,12.42,27.88,nasa,0.62
2001-06-19,0.0,19.6,14.47,26.78,nasa,0.62
2001-06-20,0.0,18.15,11.65,25.77,nasa,0.62
2001-06-21,0.0,14.85,9.96,23.59,nasa,0.62
2001-06-22,0.0,17.47,8.97,26.28,nasa,0.61
2001-06-23,0.0,20.14,13.08,27.3,nasa,0.61
2001-06-24,0.0,19.55,13.38,27.19,nasa,0.61
2001-06-25,0.0,19.52,13.62,27.26,nasa,0.61
2001-06-26,0.0,18.61,12.09,26.83,nasa,0.61
2001-06-27,0.0,16.97,10.22,25.8,nasa,0.61
2001-06-28,0.0,16.59,7.97,25.83,nasa,0.61
2001-06-29,0.0,17.3,9.77,25.77,nasa,0.61
2001-06-30,0.0,18.56,10.95,26.63,nasa,0.61
2001-07-01,0.0,19.16,10.49,27.15,nasa,0.61
2001-07-02,0.0,20.08,13.46,28.0,nasa,0.61
2001-07-03,0.0,18.56,10.71,28.29,nasa,0.61
2001-07-04,0.0,17.9,9.73,27.42,nasa,0.6
2001-07-05,0.0,18.95,11.13,28.84,nasa,0.6
2001-07-06,0.0,17.43,10.24,26.48,nasa,0.6
2001-07-07,0.0,18.28,11.65,26.11,nasa,0.6
2001-07-08,0.0,18.24,12.3,26.1,nasa,0.6
2001-07-09,0.0,17.04,12.11,24.06,nasa,0.6
2001-07-10,0.0,18.25,10.75,26.61,nasa,0.6
2001-07-11,0.0,19.13,11.18,27.42,nasa,0.6
2001-07-12,0.0,19.66,12.28,28.9,nasa,0.6
2001-07-13,0.0,20.27,14.49,27.64,nasa,0.6
2001-07-14,0.0,18.39,11.81,26.16,nasa,0.6
2001-07-15,0.04,18.55,11.32,27.05,nasa,0.6
2001-07-16,0.03,17.55,10.2,26.35,nasa,0.6
2001-07-17,0.06,17.74,9.97,26.31,nasa,0.6
2001-07-18,1.4,19.7,13.2,27.4,nasa,0.6
2001-07-19,0.3,21.43,14.77,28.92,nasa,0.6
2001-07-20,0.0,21.35,13.58,30.15,nasa,0.6
2001-07-21,0.0,22.19,14.8,30.66,nasa,0.59
2001-07-22,0.01,22.58,15.2,30.76,nasa,0.59
2001-07-23,2.63,21.44,15.81,28.77,nasa,0.59
2001-07-24,3.48,20.47,15.58,27.61,nasa,0.6
2001-07-25,0.01,20.88,15.17,28.35,nasa,0.6
2001-07-26,0.15,20.7,14.1,28.71,nasa,0.6
2001-07-27,0.0,20.46,12.87,28.81,nasa,0.6
2001-07-28,0.01,19.39,12.61,28.17,nasa,0.6
2001-07-29,0.0,19.18,13.47,26.13,nasa,0.6
2001-07-30,0.0,19.39,12.46,27.31,nasa,0.6
2001-07-31,0.0,18.78,12.58,27.33,nasa,0.59
2001-08-01,0.0,18.76,11.7,28.03,nasa,0.59
2001-08-02,0.0,18.89,11.77,27.78,nasa,0.59
2001-08-03,0.0,19.08,12.96,26.96,nasa,0.59
2001-08-04,0.0,18.81,13.37,26.95,nasa,0.59
2001-08-05,0.0,18.36,11.34,27.42,nasa,0.59
2001-08-06,0.0,18.65,11.3,28.71,nasa,0.59
2001-08-07,0.0,18.64,11.74,28.32,nasa,0.59
2001-08-08,0.0,17.82,10.93,27.04,nasa,0.59
2001-08-09,0.0,17.58,10.71,26.58,nasa,0.59
2001-08-10,0.0,18.56,11.52,26.62,nasa,0.59
2001-08-11,0.0,18.67,12.13,26.28,nasa,0.59
2001-08-12,0.03,19.12,12.63,27.2,nasa,0.59
2001-08-13,0.03,18.66,12.92,26.24,nasa,0.59
2001-08-14,0.0,18.0,11.31,26.13,nasa,0.59
2001-08-15,0.0,18.44,11.55,26.96,nasa,0.59
2001-08-16,0.0,17.95,11.6,26.19,nasa,0.59
2001-08-17,0.0,18.24,11.42,27.06,nasa,0.59
2001-08-18,0.0,18.95,12.05,27.62,nasa,0.59
2001-08-19,0.08,20.3,13.99,28.02,nasa,0.59
2001-08-20,0.0,19.68,12.71,28.11,nasa,0.59
2001-08-21,0.17,20.25,13.04,28.37,nasa,0.59
2001-08-22,0.11,21.51,13.18,30.48,nasa,0.59
2001-08-23,1.91,22.94,15.86,31.27,nasa,0.59
2001-08-24,10.77,21.03,16.42,27.5,nasa,0.6
2001-08-25,0.25,21.22,15.02,28.71,nasa,0.61
2001-08-26,2.69,22.17,16.28,29.9,nasa,0.61
2001-08-27,6.18,24.26,17.11,31.32,nasa,0.61
2001-08-28,1.12,23.18,16.04,30.59,nasa,0.62
2001-08-29,16.3,21.64,15.79,28.42,nasa,0.63
2001-08-30,1.45,20.69,15.62,27.06,nasa,0.64
2001-08-31,0.0,21.05,14.79,28.38,nasa,0.64
2001-09-01,0.0,21.27,15.38,28.45,nasa,0.63
2001-09-02,0.0,21.03,14.29,28.67,nasa,0.63
2001-09-03,0.22,21.28,14.34,29.0,nasa,0.62
2001-09-04,0.08,22.11,14.84,29.58,nasa,0.62
2001-09-05,0.03,22.19,15.2,31.12,nasa,0.61
2001-09-06,0.16,20.93,13.81,29.35,nasa,0.61
2001-09-07,0.0,21.53,14.98,29.08,nasa,0.61
2001-09-08,0.0,23.22,14.97,30.9,nasa,0.6
2001-09-09,0.0,25.39,18.24,33.6,nasa,0.6
2001-09-10,0.0,25.65,16.01,34.04,nasa,0.6
2001-09-11,0.0,27.15,20.42,35.44,nasa,0.59
2001-09-12,2.88,24.28,17.69,32.49,nasa,0.59
2001-09-13,1.55,24.32,17.91,32.0,nasa,0.6
2001-09-14,8.89,23.78,19.34,30.02,nasa,0.6
2001-09-15,8.93,23.07,19.45,29.63,nasa,0.62
2001-09-16,2.56,19.64,12.96,26.68,nasa,0.63
2001-09-17,0.0,16.09,8.36,25.5,nasa,0.62
2001-09-18,0.0,16.92,8.74,26.28,nasa,0.62
2001-09-19,0.0,18.36,10.91,27.33,nasa,0.62
2001-09-20,0.0,19.36,11.86,28.42,nasa,0.61
2001-09-21,0.01,20.88,12.78,29.44,nasa,0.61
2001-09-22,0.06,21.3,14.07,29.42,nasa,0.61
2001-09-23,2.07,22.35,14.88,30.07,nasa,0.6
2001-09-24,1.93,23.03,17.06,30.3,nasa,0.6
2001-09-25,1.99,23.39,16.78,30.85,nasa,0.61
2001-09-26,6.12,23.21,17.29,30.86,nasa,0.61
2001-09-27,3.07,23.73,17.78,30.1,nasa,0.62
2001-09-28,7.03,23.03,18.37,29.25,nasa,0.62
2001-09-29,0.5,23.0,17.47,29.94,nasa,0.63
2001-09-30,2.16,22.27,17.52,28.26,nasa,0.62
2001-10-01,1.12,22.3,17.57,28.1,nasa,0.62
2001-10-02,22.88,22.6,17.62,29.32,nasa,0.64
2001-10-03,2.72,22.36,17.96,28.69,nasa,0.66
2001-10-04,0.18,23.19,16.41,31.5,nasa,0.65
2001-10-05,0.04,24.27,16.54,32.83,nasa,0.65
2001-10-06,1.39,24.65,17.49,32.43,nasa,0.64
2001-10-07,2.62,24.28,18.28,30.71,nasa,0.64
2001-10-08,33.29,20.68,18.61,22.74,nasa,0.67
2001-10-09,12.79,21.68,16.88,27.97,nasa,0.71
2001-10-10,0.47,21.65,17.04,26.65,nasa,0.7
2001-10-11,0.41,21.36,17.3,26.28,nasa,0.69
2001-10-12,1.51,21.63,16.12,27.94,nasa,0.68
2001-10-13,0.01,20.75,15.93,26.71,nasa,0.67
2001-10-14,0.45,19.56,15.58,24.55,nasa,0.66
2001-10-15,1.38,20.57,15.45,26.6,nasa,0.66
2001-10-16,0.41,22.1,15.93,28.08,nasa,0.66
2001-10-17,1.74,20.56,17.22,24.13,nasa,0.65
2001-10-18,0.62,21.32,16.15,27.35,nasa,0.65
2001-10-19,5.77,20.33,17.54,23.45,nasa,0.65
2001-10-20,1.79,21.88,16.36,28.74,nasa,0.66
2001-10-21,5.09,22.99,16.0,30.9,nasa,0.66
2001-10-22,1.3,22.35,17.78,28.54,nasa,0.66
2001-10-23,0.0,22.24,14.75,30.81,nasa,0.65
2001-10-24,0.06,23.27,14.27,31.88,nasa,0.64
2001-10-25,0.0,23.36,17.18,31.05,nasa,0.64
2001-10-26,0.0,22.74,15.72,30.63,nasa,0.63
2001-10-27,0.01,22.84,13.87,31.58,nasa,0.62
2001-10-28,0.07,24.43,14.95,32.65,nasa,0.62
2001-10-29,0.05,25.37,17.23,33.16,nasa,0.61
2001-10-30,3.17,25.68,19.71,32.71,nasa,0.61
2001-10-31,9.02,25.53,19.65,32.15,nasa,0.62
2001-11-01,10.12,25.5,19.38,32.42,nasa,0.63
2001-11-02,12.57,24.16,18.26,29.7,nasa,0.65
2001-11-03,5.48,21.77,19.04,25.48,nasa,0.66
2001-11-04,18.95,21.38,17.48,25.99,nasa,0.68
2001-11-05,4.28,22.7,18.97,27.66,nasa,0.69
2001-11-06,1.27,24.74,17.78,30.76,nasa,0.68
2001-11-07,1.34,25.22,19.36,30.6,nasa,0.67
2001-11-08,5.95,24.76,19.68,29.97,nasa,0.67
2001-11-09,1.97,24.21,19.78,29.61,nasa,0.67
2001-11-10,0.29,24.38,18.55,31.0,nasa,0.66
2001-11-11,1.61,24.67,19.39,30.29,nasa,0.65
2001-11-12,7.89,23.69,19.75,29.12,nasa,0.65
2001-11-13,4.52,22.7,19.05,27.34,nasa,0.66
2001-11-14,22.85,22.64,19.11,27.22,nasa,0.69
2001-11-15,8.45,22.66,19.64,27.37,nasa,0.7
2001-11-16,0.83,23.54,19.54,27.79,nasa,0.7
2001-11-17,8.07,24.15,19.11,28.85,nasa,0.69
2001-11-18,23.05,22.2,19.56,25.95,nasa,0.71
2001-11-19,16.13,22.11,17.84,26.76,nasa,0.73
2001-11-20,12.84,21.37,19.4,24.11,nasa,0.75
2001-11-21,2.52,21.49,18.49,25.24,nasa,0.75
2001-11-22,3.8,22.29,17.29,27.77,nasa,0.74
2001-11-23,12.74,21.62,17.41,26.11,nasa,0.73
2001-11-24,3.03,21.43,17.6,25.25,nasa,0.74
2001-11-25,1.55,22.85,16.99,28.44,nasa,0.73
2001-11-26,1.51,22.55,18.2,28.13,nasa,0.71
2001-11-27,0.7,23.1,17.47,28.06,nasa,0.7
2001-11-28,2.64,22.8,18.94,27.38,nasa,0.7
2001-11-29,26.68,21.99,18.94,26.12,nasa,0.71
2001-11-30,50.92,20.69,17.29,23.78,nasa,0.78
2001-12-01,15.56,21.04,16.8,25.45,nasa,0.82
2001-12-02,0.0,20.0,13.89,27.49,nasa,0.8
2001-12-03,0.4,19.93,12.86,27.42,nasa,0.77
2001-12-04,0.67,21.26,15.95,27.24,nasa,0.75
2001-12-05,0.58,22.86,17.53,28.71,nasa,0.74
2001-12-06,19.25,21.93,18.23,26.26,nasa,0.75
2001-12-07,13.73,21.92,18.43,26.66,nasa,0.76
2001-12-08,2.67,22.1,17.94,27.11,nasa,0.76
2001-12-09,0.51,21.66,16.64,27.35,nasa,0.75
2001-12-10,0.21,22.28,16.27,28.25,nasa,0.73
2001-12-11,0.04,22.97,18.96,27.65,nasa,0.72
2001-12-12,0.84,23.22,17.5,28.88,nasa,0.71
2001-12-13,8.69,22.4,19.04,25.74,nasa,0.71
2001-12-14,16.18,21.58,18.44,25.18,nasa,0.73
2001-12-15,7.9,21.06,18.13,24.74,nasa,0.75
2001-12-16,9.81,21.44,18.45,26.0,nasa,0.75
2001-12-17,14.0,22.66,18.59,27.59,nasa,0.77
2001-12-18,9.65,22.58,19.02,27.23,nasa,0.77
2001-12-19,7.95,22.6,19.74,26.7,nasa,0.77
2001-12-20,13.09,21.51,19.24,24.32,nasa,0.78
2001-12-21,9.41,21.84,19.52,25.71,nasa,0.78
2001-12-22,17.39,21.82,19.14,25.66,nasa,0.8
2001-12-23,7.97,22.23,18.89,26.44,nasa,0.8
2001-12-24,9.33,22.18,18.33,26.7,nasa,0.8
2001-12-25,13.29,21.65,17.92,26.14,nasa,0.8
2001-12-26,19.54,22.15,18.15,26.61,nasa,0.81
2001-12-27,12.94,21.67,18.86,26.16,nasa,0.82
2001-12-28,12.88,20.18,17.91,23.41,nasa,0.83
2001-12-29,56.22,19.62,17.75,22.39,nasa,0.86
2001-12-30,29.48,20.43,18.07,23.24,nasa,0.89
2001-12-31,4.17,22.37,17.48,27.87,nasa,0.87
2002-01-01,14.94,21.69,18.32,25.8,nasa,0.86
2002-01-02,6.68,22.19,17.63,27.44,nasa,0.86
2002-01-03,0.06,22.38,17.57,28.36,nasa,0.85
2002-01-04,0.06,22.27,15.61,27.91,nasa,0.83
2002-01-05,0.81,23.89,17.13,29.02,nasa,0.82
2002-01-06,2.89,23.22,17.69,28.07,nasa,0.81
2002-01-07,2.49,22.71,18.82,27.3,nasa,0.8
2002-01-08,3.26,22.36,18.31,26.77,nasa,0.8
2002-01-09,1.73,21.48,19.29,24.3,nasa,0.8
2002-01-10,0.23,19.89,17.33,23.35,nasa,0.8
2002-01-11,1.48,20.31,17.44,24.1,nasa,0.8
2002-01-12,7.84,21.69,18.58,25.83,nasa,0.8
2002-01-13,33.28,21.23,18.69,24.88,nasa,0.82
2002-01-14,34.01,21.02,19.15,23.89,nasa,0.88
2002-01-15,9.46,21.8,18.89,26.03,nasa,0.88
2002-01-16,12.14,21.92,18.12,26.45,nasa,0.87
2002-01-17,13.31,21.11,18.05,24.61,nasa,0.87
2002-01-18,27.96,21.08,17.88,24.89,nasa,0.88
2002-01-19,20.62,20.59,18.87,22.77,nasa,0.91
2002-01-20,1.7,21.53,18.27,26.06,nasa,0.89
2002-01-21,0.26,22.41,16.13,28.05,nasa,0.87
2002-01-22,0.98,23.18,17.85,27.93,nasa,0.86
2002-01-23,3.45,23.85,19.8,27.8,nasa,0.86
2002-01-24,2.2,23.71,20.24,27.6,nasa,0.85
2002-01-25,3.37,22.74,19.95,25.64,nasa,0.85
2002-01-26,1.56,23.69,19.5,28.57,nasa,0.85
2002-01-27,8.89,23.22,18.43,29.07,nasa,0.85
2002-01-28,3.95,23.39,18.88,27.81,nasa,0.85
2002-01-29,4.55,22.03,19.09,24.9,nasa,0.86
2002-01-30,8.6,23.58,18.61,28.88,nasa,0.86
2002-01-31,12.39,23.05,19.35,26.76,nasa,0.87
2002-02-01,12.14,22.24,19.37,26.5,nasa,0.87
2002-02-02,2.76,22.11,17.88,26.6,nasa,0.87
2002-02-03,8.22,21.43,18.87,25.57,nasa,0.87
2002-02-04,4.29,21.47,16.98,26.14,nasa,0.87
2002-02-05,3.71,21.88,16.98,26.94,nasa,0.86
2002-02-06,3.26,22.52,18.62,27.53,nasa,0.86
2002-02-07,25.08,22.01,17.98,26.25,nasa,0.86
2002-02-08,28.53,20.87,19.26,23.11,nasa,0.9
2002-02-09,23.53,20.61,18.52,23.31,nasa,0.92
2002-02-10,48.7,21.56,17.87,25.76,nasa,0.93
2002-02-11,14.12,21.47,17.22,26.41,nasa,0.94
2002-02-12,1.26,21.64,17.74,26.49,nasa,0.92
2002-02-13,0.27,21.4,16.07,26.73,nasa,0.91
2002-02-14,5.57,20.77,18.84,23.49,nasa,0.9
2002-02-15,0.79,21.67,16.77,27.1,nasa,0.9
2002-02-16,5.19,22.27,16.73,27.41,nasa,0.89
2002-02-17,5.74,21.84,18.55,26.11,nasa,0.89
2002-02-18,23.62,20.51,18.76,22.21,nasa,0.91
2002-02-19,25.58,20.62,18.75,23.31,nasa,0.93
2002-02-20,15.44,21.1,18.76,24.5,nasa,0.95
2002-02-21,9.21,21.63,18.56,25.63,nasa,0.94
2002-02-22,9.95,21.75,18.11,25.69,nasa,0.94
2002-02-23,5.53,21.86,19.07,26.06,nasa,0.94
2002-02-24,6.11,21.11,18.45,24.16,nasa,0.94
2002-02-25,11.65,21.62,17.74,26.03,nasa,0.94
2002-02-26,11.14,19.85,17.97,21.97,nasa,0.95
2002-02-27,2.43,20.92,17.42,24.86,nasa,0.95
2002-02-28,0.11,21.1,17.81,25.05,nasa,0.94
2002-03-01,0.42,21.07,16.95,25.29,nasa,0.94
2002-03-02,0.05,21.73,16.63,27.19,nasa,0.93
2002-03-03,4.67,21.1,16.43,26.32,nasa,0.93
2002-03-04,0.81,20.85,16.91,25.72,nasa,0.93
2002-03-05,0.28,21.04,16.88,26.31,nasa,0.92
2002-03-06,0.2,21.71,16.04,27.4,nasa,0.91
2002-03-07,0.21,22.32,16.55,27.57,nasa,0.9
2002-03-08,1.94,22.15,18.54,26.23,nasa,0.9
2002-03-09,0.91,22.45,19.25,27.45,nasa,0.9
2002-03-10,0.57,21.77,18.18,26.81,nasa,0.89
2002-03-11,0.02,21.63,17.63,26.64,nasa,0.89
2002-03-12,0.28,22.05,17.58,27.01,nasa,0.88
2002-03-13,2.89,22.23,18.43,26.1,nasa,0.88
2002-03-14,1.92,22.98,17.65,27.52,nasa,0.88
2002-03-15,6.4,23.56,18.97,28.17,nasa,0.88
2002-03-16,6.81,22.65,18.69,27.45,nasa,0.88
2002-03-17,4.8,21.68,18.47,25.86,nasa,0.88
2002-03-18,10.46,21.75,19.31,25.29,nasa,0.89
2002-03-19,7.21,22.47,18.52,27.52,nasa,0.89
2002-03-20,4.47,22.35,18.66,27.11,nasa,0.89
2002-03-21,3.04,22.98,18.03,28.25,nasa,0.89
2002-03-22,15.37,20.41,18.57,22.57,nasa,0.89
2002-03-23,6.93,21.47,18.18,25.94,nasa,0.9
2002-03-24,13.33,21.33,18.04,24.98,nasa,0.9
2002-03-25,9.47,21.21,18.78,24.97,nasa,0.91
2002-03-26,13.61,22.28,17.98,26.97,nasa,0.91
2002-03-27,3.61,21.7,19.02,26.03,nasa,0.91
2002-03-28,0.06,21.97,18.08,27.3,nasa,0.91
2002-03-29,0.0,21.33,17.48,26.67,nasa,0.9
2002-03-30,0.0,21.32,15.84,26.84,nasa,0.89
2002-03-31,0.0,21.98,16.6,27.77,nasa,0.89
2002-04-01,0.0,21.32,15.33,27.08,nasa,0.88
2002-04-02,0.0,21.81,15.42,27.68,nasa,0.87
2002-04-03,0.05,21.41,15.89,27.52,nasa,0.86
2002-04-04,0.04,21.16,16.39,27.06,nasa,0.86
2002-04-05,0.32,20.69,16.57,26.05,nasa,0.85
2002-04-06,1.72,20.56,16.6,25.79,nasa,0.85
2002-04-07,2.62,21.41,15.77,26.45,nasa,0.85
2002-04-08,3.81,21.54,17.24,26.14,nasa,0.85
2002-04-09,0.3,20.79,15.68,26.43,nasa,0.85
2002-04-10,2.57,20.81,16.43,25.92,nasa,0.85
2002-04-11,0.73,21.59,16.4,26.78,nasa,0.84
2002-04-12,1.56,22.38,16.72,27.54,nasa,0.84
2002-04-13,0.01,21.73,16.87,27.0,nasa,0.84
2002-04-14,0.0,20.59,16.21,26.36,nasa,0.83
2002-04-15,0.01,20.7,16.46,26.02,nasa,0.83
2002-04-16,0.0,20.92,16.8,26.12,nasa,0.83
2002-04-17,0.0,21.45,16.72,26.65,nasa,0.82
2002-04-18,0.0,21.59,16.62,27.66,nasa,0.82
2002-04-19,0.0,19.88,15.18,25.73,nasa,0.81
2002-04-20,0.01,21.56,16.8,26.33,nasa,0.81
2002-04-21,0.0,21.36,16.93,27.02,nasa,0.8
2002-04-22,0.2,20.78,17.02,26.21,nasa,0.8
2002-04-23,0.0,19.88,15.53,25.78,nasa,0.8
2002-04-24,0.0,19.38,15.47,25.31,nasa,0.79
2002-04-25,0.0,19.61,13.32,25.87,nasa,0.79
2002-04-26,0.0,20.71,14.35,26.52,nasa,0.79
2002-04-27,0.0,20.75,15.2,26.92,nasa,0.78
2002-04-28,0.02,19.52,14.57,25.87,nasa,0.78
2002-04-29,0.29,19.71,14.19,25.82,nasa,0.78
2002-04-30,0.07,21.35,15.69,27.01,nasa,0.77
2002-05-01,1.86,21.66,15.87,27.63,nasa,0.77
2002-05-02,1.01,22.14,17.06,26.88,nasa,0.77
2002-05-03,3.36,22.19,17.12,27.14,nasa,0.77
2002-05-04,4.91,21.47,16.78,27.2,nasa,0.77
2002-05-05,2.02,21.61,16.65,27.11,nasa,0.77
2002-05-06,6.83,20.81,16.99,25.14,nasa,0.78
2002-05-07,0.92,20.81,16.21,25.77,nasa,0.78
2002-05-08,0.44,20.97,16.93,25.17,nasa,0.78
2002-05-09,0.98,20.68,16.86,25.29,nasa,0.78
2002-05-10,0.01,20.06,15.85,25.64,nasa,0.77
2002-05-11,0.0,19.83,15.99,25.34,nasa,0.77
2002-05-12,0.0,19.39,16.02,25.2,nasa,0.76
2002-05-13,0.0,19.6,15.4,25.55,nasa,0.76
2002-05-14,0.26,18.54,13.93,24.89,nasa,0.76
2002-05-15,0.03,18.6,13.53,24.62,nasa,0.75
2002-05-16,0.0,20.09,14.31,26.15,nasa,0.75
2002-05-17,0.15,20.18,14.22,26.69,nasa,0.74
2002-05-18,1.47,21.1,14.82,26.88,nasa,0.74
2002-05-19,0.97,21.31,15.43,26.99,nasa,0.74
2002-05-20,2.94,21.51,15.93,27.23,nasa,0.74
2002-05-21,15.43,19.79,18.05,22.82,nasa,0.76
2002-05-22,1.09,19.73,15.26,24.83,nasa,0.77
2002-05-23,1.0,17.56,14.25,22.0,nasa,0.77
2002-05-24,0.17,16.04,11.84,21.33,nasa,0.76
2002-05-25,0.0,14.06,9.3,20.88,nasa,0.76
2002-05-26,0.04,14.29,9.66,21.31,nasa,0.75
2002-05-27,0.0,13.83,7.31,21.71,nasa,0.75
2002-05-28,0.0,14.97,8.99,22.17,nasa,0.75
2002-05-29,0.28,17.17,12.14,22.96,nasa,0.74
2002-05-30,0.0,17.77,11.19,24.24,nasa,0.74
2002-05-31,0.0,19.63,13.72,25.31,nasa,0.74
2002-06-01,0.0,18.29,12.2,25.28,nasa,0.73
2002-06-02,0.0,17.36,12.45,23.88,nasa,0.73
2002-06-03,0.0,17.36,11.53,23.74,nasa,0.73
2002-06-04,0.0,17.72,11.4,25.2,nasa,0.72
2002-06-05,0.06,18.03,11.79,25.27,nasa,0.72
2002-06-06,0.0,18.87,12.58,25.76,nasa,0.72
2002-06-07,0.0,18.6,12.18,24.85,nasa,0.71
2002-06-08,0.0,19.03,13.08,25.48,nasa,0.71
2002-06-09,0.0,18.89,13.68,24.94,nasa,0.71
2002-06-10,0.0,20.93,14.48,26.15,nasa,0.71
2002-06-11,0.0,19.5,13.97,25.49,nasa,0.71
2002-06-12,0.0,18.8,12.25,25.27,nasa,0.7
2002-06-13,0.0,19.67,13.42,25.95,nasa,0.7
2002-06-14,0.0,19.79,12.7,26.63,nasa,0.7
2002-06-15,0.0,18.39,10.97,25.71,nasa,0.7
2002-06-16,0.0,17.25,11.75,24.38,nasa,0.69
2002-06-17,0.01,16.48,11.47,23.7,nasa,0.69
2002-06-18,0.0,17.22,9.85,23.81,nasa,0.69
2002-06-19,0.0,18.2,12.16,25.23,nasa,0.69
2002-06-20,0.0,16.47,10.84,24.22,nasa,0.69
2002-06-21,0.0,16.71,10.11,23.43,nasa,0.68
2002-06-22,0.0,16.87,10.24,24.62,nasa,0.68
2002-06-23,0.0,15.94,11.86,21.15,nasa,0.68
2002-06-24,0.0,17.02,11.97,22.99,nasa,0.68
2002-06-25,0.0,17.42,10.65,24.28,nasa,0.68
2002-06-26,0.0,17.45,12.32,24.1,nasa,0.68
2002-06-27,0.0,17.64,13.09,24.15,nasa,0.68
2002-06-28,0.0,17.49,12.54,23.7,nasa,0.68
2002-06-29,0.0,17.47,11.92,24.16,nasa,0.68
2002-06-30,0.0,17.58,12.79,24.25,nasa,0.67
2002-07-01,0.0,17.46,11.31,25.11,nasa,0.67
2002-07-02,0.0,16.6,10.76,23.81,nasa,0.67
2002-07-03,0.0,17.06,11.38,24.07,nasa,0.67
2002-07-04,0.0,17.18,12.31,23.88,nasa,0.67
2002-07-05,0.0,17.31,13.14,23.66,nasa,0.67
2002-07-06,0.0,17.33,11.05,24.31,nasa,0.66
2002-07-07,0.0,17.91,11.66,25.25,nasa,0.66
2002-07-08,0.0,16.39,10.86,23.83,nasa,0.66
2002-07-09,0.0,17.01,8.77,25.34,nasa,0.66
2002-07-10,1.08,18.92,12.21,25.59,nasa,0.66
2002-07-11,1.82,20.0,15.43,25.72,nasa,0.66
2002-07-12,1.69,20.4,15.61,26.77,nasa,0.66
2002-07-13,0.39,18.71,14.05,25.51,nasa,0.66
2002-07-14,0.0,17.98,11.37,26.26,nasa,0.66
2002-07-15,0.0,18.38,11.96,26.66,nasa,0.66
2002-07-16,0.07,18.53,11.16,26.75,nasa,0.65
2002-07-17,1.52,18.11,11.37,26.76,nasa,0.65
2002-07-18,0.0,16.94,10.75,24.91,nasa,0.65
2002-07-19,0.2,17.69,11.8,24.78,nasa,0.65
2002-07-20,0.02,17.22,13.4,22.91,nasa,0.65
2002-07-21,0.07,16.17,13.35,20.79,nasa,0.65
2002-07-22,0.16,18.59,12.18,26.09,nasa,0.65
2002-07-23,0.51,19.78,14.39,26.68,nasa,0.65
2002-07-24,0.04,19.25,12.71,27.86,nasa,0.65
2002-07-25,0.0,18.16,11.65,26.54,nasa,0.64
2002-07-26,0.0,18.48,11.46,26.97,nasa,0.64
2002-07-27,0.36,19.96,13.84,27.31,nasa,0.64
2002-07-28,0.0,19.35,12.08,28.17,nasa,0.64
2002-07-29,0.0,18.52,13.16,25.84,nasa,0.64
2002-07-30,0.0,18.19,14.45,25.03,nasa,0.64
2002-07-31,0.01,18.71,11.67,27.09,nasa,0.64
2002-08-01,0.23,21.35,15.17,28.81,nasa,0.63
2002-08-02,0.86,22.37,15.5,29.57,nasa,0.63
2002-08-03,0.06,22.07,15.34,29.76,nasa,0.63
2002-08-04,0.0,21.79,13.83,30.26,nasa,0.63
2002-08-05,0.01,23.38,15.5,31.07,nasa,0.63
2002-08-06,0.0,22.97,15.29,30.73,nasa,0.62
2002-08-07,0.0,22.09,14.11,30.52,nasa,0.62
2002-08-08,0.0,21.5,15.24,29.6,nasa,0.62
2002-08-09,0.0,20.53,13.46,28.51,nasa,0.62
2002-08-10,0.01,22.44,15.41,30.03,nasa,0.62
2002-08-11,0.01,21.45,15.2,29.06,nasa,0.62
2002-08-12,0.0,20.67,13.17,29.75,nasa,0.61
2002-08-13,0.0,20.19,12.31,28.97,nasa,0.61
2002-08-14,0.0,21.7,16.15,29.67,nasa,0.61
2002-08-15,0.0,20.44,12.48,29.66,nasa,0.61
2002-08-16,0.0,19.77,13.27,28.33,nasa,0.61
2002-08-17,0.0,19.98,12.97,27.87,nasa,0.61
2002-08-18,0.0,19.71,13.51,27.64,nasa,0.61
2002-08-19,0.0,19.47,13.48,27.36,nasa,0.6
2002-08-20,0.0,18.68,12.4,26.6,nasa,0.6
2002-08-21,0.0,19.14,12.34,27.66,nasa,0.6
2002-08-22,0.0,20.16,13.66,28.43,nasa,0.6
2002-08-23,0.0,20.56,14.65,28.77,nasa,0.6
2002-08-24,0.0,20.55,13.8,28.98,nasa,0.6
2002-08-25,0.0,20.19,13.27,28.66,nasa,0.6
2002-08-26,0.0,20.18,13.62,28.21,nasa,0.6
2002-08-27,1.81,19.46,14.18,25.9,nasa,0.6
2002-08-28,0.96,18.98,13.18,26.78,nasa,0.6
2002-08-29,0.05,20.4,13.52,28.83,nasa,0.6
2002-08-30,0.06,22.85,15.09,30.58,nasa,0.6
2002-08-31,1.02,23.95,18.38,30.6,nasa,0.6
2002-09-01,0.28,18.33,13.88,24.2,nasa,0.6
2002-09-02,3.52,15.7,8.5,24.79,nasa,0.61
2002-09-03,0.37,17.06,6.13,29.4,nasa,0.61
2002-09-04,0.07,21.03,11.33,30.42,nasa,0.6
2002-09-05,5.1,22.73,16.39,30.51,nasa,0.6
2002-09-06,1.42,23.28,18.29,29.82,nasa,0.61
2002-09-07,0.74,23.69,18.55,30.85,nasa,0.61
2002-09-08,1.27,22.86,17.36,30.27,nasa,0.61
2002-09-09,0.38,20.93,14.31,29.09,nasa,0.61
2002-09-10,0.07,21.79,15.2,29.48,nasa,0.61
2002-09-11,0.0,21.53,15.9,28.48,nasa,0.61
2002-09-12,0.0,21.15,14.92,28.89,nasa,0.6
2002-09-13,0.01,23.14,14.24,31.82,nasa,0.6
2002-09-14,0.01,23.93,15.81,33.04,nasa,0.6
2002-09-15,0.02,24.56,17.61,33.08,nasa,0.6
2002-09-16,1.46,23.11,17.71,29.37,nasa,0.6
2002-09-17,0.0,23.48,16.68,31.29,nasa,0.6
2002-09-18,0.54,23.78,16.86,31.26,nasa,0.6
2002-09-19,0.09,23.51,16.76,30.79,nasa,0.59
2002-09-20,0.67,23.79,16.85,31.97,nasa,0.59
2002-09-21,2.84,24.11,18.68,32.35,nasa,0.6
2002-09-22,7.03,22.34,17.07,30.0,nasa,0.6
2002-09-23,13.23,22.01,16.55,29.19,nasa,0.62
2002-09-24,8.17,19.15,14.53,24.89,nasa,0.65
2002-09-25,0.44,19.18,12.84,27.53,nasa,0.65
2002-09-26,0.0,20.36,14.48,28.52,nasa,0.64
2002-09-27,0.0,20.65,13.55,29.1,nasa,0.63
2002-09-28,0.01,20.88,13.36,29.75,nasa,0.63
2002-09-29,0.0,21.42,13.49,29.91,nasa,0.62
2002-09-30,0.01,23.02,15.12,31.24,nasa,0.62
2002-10-01,0.49,25.08,16.89,33.52,nasa,0.61
2002-10-02,0.62,26.0,18.86,33.29,nasa,0.61
2002-10-03,1.29,25.74,18.38,33.47,nasa,0.61
2002-10-04,0.06,26.35,20.17,32.79,nasa,0.61
2002-10-05,6.6,26.31,20.25,32.51,nasa,0.61
2002-10-06,0.45,25.44,20.9,32.3,nasa,0.61
2002-10-07,0.05,24.09,16.28,32.81,nasa,0.61
2002-10-08,0.0,24.94,17.71,33.27,nasa,0.6
2002-10-09,0.0,25.7,18.51,34.07,nasa,0.6
2002-10-10,0.01,24.99,17.13,33.99,nasa,0.6
2002-10-11,0.05,25.77,16.28,35.77,nasa,0.59
2002-10-12,0.04,26.54,16.88,36.62,nasa,0.59
2002-10-13,0.0,26.5,17.56,36.35,nasa,0.59
2002-10-14,0.0,25.76,17.31,35.17,nasa,0.59
2002-10-15,0.0,25.71,16.76,35.17,nasa,0.59
2002-10-16,0.0,26.09,17.03,33.75,nasa,0.59
2002-10-17,1.27,27.89,18.37,36.6,nasa,0.59
2002-10-18,0.15,27.07,18.86,35.76,nasa,0.59
2002-10-19,0.47,25.84,19.28,34.21,nasa,0.59
2002-10-20,0.13,25.74,18.17,34.05,nasa,0.59
2002-10-21,0.11,27.63,19.97,35.94,nasa,0.58
2002-10-22,4.09,28.88,20.94,37.0,nasa,0.59
2002-10-23,2.91,25.85,19.87,32.94,nasa,0.59
2002-10-24,0.79,25.79,17.66,34.3,nasa,0.59
2002-10-25,2.63,26.69,19.34,34.23,nasa,0.59
2002-10-26,3.17,26.5,20.52,32.98,nasa,0.59
2002-10-27,2.11,27.04,19.99,34.44,nasa,0.6
2002-10-28,4.54,26.8,20.14,33.91,nasa,0.6
2002-10-29,6.42,23.89,20.71,27.46,nasa,0.61
2002-10-30,3.37,23.69,19.37,29.07,nasa,0.62
2002-10-31,21.12,22.97,18.95,28.64,nasa,0.64
2002-11-01,9.59,22.51,18.66,26.84,nasa,0.65
2002-11-02,1.71,22.29,18.99,26.98,nasa,0.66
2002-11-03,0.7,24.34,17.08,31.48,nasa,0.65
2002-11-04,2.85,22.82,19.88,26.18,nasa,0.65
2002-11-05,2.25,23.22,19.0,28.79,nasa,0.65
2002-11-06,3.47,21.79,17.29,28.23,nasa,0.65
2002-11-07,0.34,20.08,13.74,26.71,nasa,0.64
2002-11-08,0.04,20.79,14.26,28.5,nasa,0.64
2002-11-09,0.5,22.87,16.26,30.58,nasa,0.63
2002-11-10,8.59,24.08,17.81,30.47,nasa,0.63
2002-11-11,9.51,22.66,19.85,25.75,nasa,0.65
2002-11-12,2.04,21.51,18.63,25.23,nasa,0.65
2002-11-13,5.24,20.68,17.7,24.63,nasa,0.65
2002-11-14,3.44,22.14,17.07,28.13,nasa,0.66
2002-11-15,0.2,24.12,17.32,30.41,nasa,0.65
2002-11-16,1.41,24.87,18.52,31.17,nasa,0.64
2002-11-17,2.74,25.13,21.33,30.19,nasa,0.64
2002-11-18,6.46,23.18,20.71,27.02,nasa,0.64
2002-11-19,4.42,22.48,18.8,26.52,nasa,0.65
2002-11-20,4.35,24.55,18.87,30.82,nasa,0.65
2002-11-21,5.49,24.33,20.07,29.04,nasa,0.65
2002-11-22,3.74,22.79,20.13,26.6,nasa,0.66
2002-11-23,5.53,22.76,19.34,27.95,nasa,0.66
2002-11-24,4.81,22.36,18.39,27.37,nasa,0.66
2002-11-25,2.55,24.1,18.71,30.55,nasa,0.66
2002-11-26,2.66,23.24,19.27,26.48,nasa,0.66
2002-11-27,0.57,22.77,18.55,28.53,nasa,0.66
2002-11-28,0.09,23.96,16.66,30.95,nasa,0.65
2002-11-29,0.09,25.49,17.96,32.39,nasa,0.64
2002-11-30,0.23,25.55,18.77,32.55,nasa,0.63
2002-12-01,0.17,26.85,18.86,34.66,nasa,0.63
2002-12-02,0.6,26.55,20.31,34.11,nasa,0.62
2002-12-03,1.72,26.27,19.13,34.06,nasa,0.62
2002-12-04,2.1,26.2,20.45,33.56,nasa,0.62
2002-12-05,1.37,25.33,20.67,30.66,nasa,0.62
2002-12-06,2.93,25.91,20.5,32.75,nasa,0.62
2002-12-07,5.95,25.14,18.73,32.21,nasa,0.62
2002-12-08,6.58,24.7,19.01,30.94,nasa,0.62
2002-12-09,12.95,23.64,20.14,27.46,nasa,0.64
2002-12-10,28.96,21.66,19.28,24.31,nasa,0.7
2002-12-11,18.93,21.71,19.68,24.76,nasa,0.72
2002-12-12,27.65,21.41,19.05,25.28,nasa,0.75
2002-12-13,19.65,21.81,18.34,26.49,nasa,0.78
2002-12-14,12.85,20.53,17.29,24.13,nasa,0.78
2002-12-15,10.23,21.34,18.3,25.18,nasa,0.78
2002-12-16,16.18,20.54,17.84,23.0,nasa,0.79
2002-12-17,5.84,22.41,17.07,28.06,nasa,0.78
2002-12-18,2.62,23.58,18.51,28.77,nasa,0.77
2002-12-19,7.63,23.63,19.76,28.45,nasa,0.75
2002-12-20,3.64,23.83,19.08,29.08,nasa,0.75
2002-12-21,5.5,23.92,18.99,29.54,nasa,0.74
2002-12-22,4.43,22.4,19.52,25.72,nasa,0.74
2002-12-23,5.19,22.05,18.66,25.41,nasa,0.74
2002-12-24,0.63,23.31,19.56,27.91,nasa,0.73
2002-12-25,16.93,23.61,18.3,28.99,nasa,0.74
2002-12-26,11.47,22.3,20.09,26.01,nasa,0.76
2002-12-27,5.98,21.54,18.63,25.78,nasa,0.76
2002-12-28,0.52,22.3,17.6,27.78,nasa,0.74
2002-12-29,6.05,23.15,17.88,28.83,nasa,0.74
2002-12-30,15.1,21.9,19.28,24.71,nasa,0.75
2002-12-31,12.78,22.53,19.23,26.44,nasa,0.76
2003-01-01,29.25,23.27,19.34,27.6,nasa,0.78
2003-01-02,19.85,22.32,20.08,25.22,nasa,0.82
2003-01-03,27.49,22.15,19.36,25.64,nasa,0.84
2003-01-04,27.91,21.98,20.42,24.72,nasa,0.86
2003-01-05,10.67,21.56,19.65,24.35,nasa,0.86
2003-01-06,11.49,22.55,19.96,25.72,nasa,0.85
2003-01-07,9.47,23.57,19.93,28.12,nasa,0.84
2003-01-08,24.49,21.99,17.26,26.93,nasa,0.85
2003-01-09,3.38,22.99,20.03,27.11,nasa,0.85
2003-01-10,5.65,24.07,20.21,28.68,nasa,0.84
2003-01-11,14.04,24.15,20.38,29.0,nasa,0.83
2003-01-12,5.16,22.96,18.36,28.01,nasa,0.83
2003-01-13,5.4,21.26,17.2,25.74,nasa,0.83
2003-01-14,9.91,21.63,17.86,26.26,nasa,0.83
2003-01-15,24.7,22.7,18.82,26.7,nasa,0.84
2003-01-16,9.95,22.84,20.43,26.41,nasa,0.86
2003-01-17,13.86,21.59,18.68,24.47,nasa,0.86
2003-01-18,15.12,22.48,18.4,27.22,nasa,0.86
2003-01-19,17.37,22.59,18.99,26.84,nasa,0.87
2003-01-20,15.33,22.52,19.26,26.47,nasa,0.88
2003-01-21,16.6,21.22,19.83,23.08,nasa,0.89
2003-01-22,14.19,21.88,19.38,25.37,nasa,0.89
2003-01-23,6.88,21.63,19.03,25.22,nasa,0.89
2003-01-24,0.51,22.5,17.7,28.12,nasa,0.88
2003-01-25,1.2,22.41,17.4,27.39,nasa,0.86
2003-01-26,3.37,22.62,18.02,27.54,nasa,0.86
2003-01-27,15.15,22.38,17.89,26.68,nasa,0.86
2003-01-28,19.09,21.83,19.21,25.4,nasa,0.88
2003-01-29,24.84,20.78,17.83,24.55,nasa,0.9
2003-01-30,22.43,20.76,18.66,24.12,nasa,0.91
2003-01-31,4.05,21.44,17.75,26.05,nasa,0.91
2003-02-01,0.34,21.81,17.56,27.68,nasa,0.89
2003-02-02,0.14,22.06,17.44,27.11,nasa,0.88
2003-02-03,3.47,21.99,17.83,26.76,nasa,0.88
2003-02-04,1.28,22.01,18.04,25.74,nasa,0.87
2003-02-05,4.12,22.23,18.72,25.9,nasa,0.87
2003-02-06,9.45,21.61,18.3,25.06,nasa,0.88
2003-02-07,1.29,22.82,18.44,27.6,nasa,0.88
2003-02-08,0.43,22.74,18.01,27.7,nasa,0.87
2003-02-09,0.12,22.67,17.67,28.49,nasa,0.86
2003-02-10,0.1,21.79,15.81,28.33,nasa,0.85
2003-02-11,1.02,23.04,16.52,28.85,nasa,0.84
2003-02-12,1.4,23.38,18.63,27.76,nasa,0.84
2003-02-13,1.31,22.68,19.15,26.29,nasa,0.84
2003-02-14,7.79,22.33,17.78,26.69,nasa,0.84
2003-02-15,22.95,20.31,18.16,22.9,nasa,0.86
2003-02-16,4.73,21.28,17.83,26.22,nasa,0.87
2003-02-17,19.69,21.26,17.77,25.64,nasa,0.88
2003-02-18,15.83,22.08,18.68,26.13,nasa,0.89
2003-02-19,9.24,22.05,18.98,25.79,nasa,0.89
2003-02-20,10.01,22.79,19.22,27.0,nasa,0.89
2003-02-21,8.26,22.87,18.92,27.48,nasa,0.89
2003-02-22,1.48,21.83,17.89,27.34,nasa,0.88
2003-02-23,0.12,21.85,17.98,27.15,nasa,0.87
2003-02-24,0.33,21.25,16.71,27.06,nasa,0.86
2003-02-25,0.62,21.1,15.1,27.69,nasa,0.86
2003-02-26,0.22,22.99,16.48,29.33,nasa,0.85
2003-02-27,0.2,23.48,18.79,28.84,nasa,0.84
2003-02-28,0.14,23.25,18.7,28.78,nasa,0.84
2003-03-01,1.18,23.06,17.55,28.84,nasa,0.83
2003-03-02,5.03,22.51,17.24,27.34,nasa,0.83
2003-03-03,4.29,22.84,20.12,26.36,nasa,0.84
2003-03-04,5.62,22.35,16.79,26.84,nasa,0.84
2003-03-05,0.58,22.37,17.46,27.32,nasa,0.84
2003-03-06,0.1,22.0,17.53,27.42,nasa,0.83
2003-03-07,2.67,22.57,16.4,28.3,nasa,0.83
2003-03-08,10.67,22.04,18.35,26.5,nasa,0.83
2003-03-09,10.04,20.06,18.42,22.54,nasa,0.84
2003-03-10,14.79,19.94,18.16,22.69,nasa,0.86
2003-03-11,8.31,21.07,18.01,25.75,nasa,0.86
2003-03-12,10.29,21.36,17.96,25.56,nasa,0.86
2003-03-13,25.15,20.23,18.57,22.57,nasa,0.88
2003-03-14,6.02,21.97,17.63,27.1,nasa,0.88
2003-03-15,9.46,22.58,19.05,26.78,nasa,0.88
2003-03-16,5.33,22.61,17.83,27.21,nasa,0.88
2003-03-17,13.83,21.47,19.13,24.37,nasa,0.88
2003-03-18,10.67,19.47,17.05,22.33,nasa,0.9
2003-03-19,1.03,20.37,16.14,25.35,nasa,0.89
2003-03-20,4.2,21.72,17.29,27.01,nasa,0.88
2003-03-21,3.55,21.78,18.34,25.93,nasa,0.88
2003-03-22,3.63,21.52,18.65,25.15,nasa,0.88
2003-03-23,3.25,20.88,18.15,24.69,nasa,0.88
2003-03-24,5.29,19.9,17.9,22.76,nasa,0.88
2003-03-25,9.92,20.8,17.43,25.5,nasa,0.88
2003-03-26,29.99,19.38,17.91,21.94,nasa,0.91
2003-03-27,2.45,19.36,16.54,22.91,nasa,0.91
2003-03-28,0.49,19.81,16.74,24.27,nasa,0.9
2003-03-29,0.17,20.33,15.69,25.96,nasa,0.89
2003-03-30,0.68,20.66,15.94,26.05,nasa,0.88
2003-03-31,0.42,21.36,15.8,27.17,nasa,0.88
2003-04-01,0.48,21.56,16.0,27.36,nasa,0.87
2003-04-02,1.43,21.23,15.62,26.89,nasa,0.86
2003-04-03,0.97,21.95,17.48,27.04,nasa,0.86
2003-04-04,6.79,20.63,18.05,24.07,nasa,0.86
2003-04-05,0.87,21.26,17.03,26.83,nasa,0.87
2003-04-06,6.55,21.38,17.34,26.58,nasa,0.86
2003-04-07,1.96,21.98,17.68,27.12,nasa,0.86
2003-04-08,3.3,21.54,18.04,26.02,nasa,0.86
2003-04-09,16.43,21.56,19.32,25.2,nasa,0.87
2003-04-10,18.39,21.05,18.48,25.18,nasa,0.89
2003-04-11,0.33,20.7,17.05,26.1,nasa,0.88
2003-04-12,0.1,20.02,16.3,25.55,nasa,0.87
2003-04-13,0.4,20.01,14.53,25.77,nasa,0.87
2003-04-14,0.65,19.55,15.19,24.46,nasa,0.86
2003-04-15,5.81,19.23,16.52,23.37,nasa,0.86
2003-04-16,0.12,19.09,13.98,25.22,nasa,0.86
2003-04-17,0.0,19.44,14.68,25.57,nasa,0.85
2003-04-18,0.0,20.01,14.56,25.89,nasa,0.85
2003-04-19,1.25,21.1,16.15,26.05,nasa,0.85
2003-04-20,0.2,20.98,16.18,26.7,nasa,0.84
2003-04-21,0.0,19.94,15.26,25.28,nasa,0.84
2003-04-22,0.0,19.78,15.81,24.89,nasa,0.84
2003-04-23,0.0,20.16,16.09,25.79,nasa,0.83
2003-04-24,0.0,19.65,15.07,25.25,nasa,0.83
2003-04-25,0.08,20.28,16.64,25.53,nasa,0.83
2003-04-26,0.0,20.39,14.98,26.63,nasa,0.82
2003-04-27,0.0,20.55,14.41,27.21,nasa,0.82
2003-04-28,0.0,20.5,13.97,26.69,nasa,0.81
2003-04-29,0.0,20.35,15.31,26.61,nasa,0.81
2003-04-30,0.01,20.74,13.82,26.83,nasa,0.81
2003-05-01,0.0,20.93,15.24,26.94,nasa,0.8
2003-05-02,0.72,19.27,13.98,26.13,nasa,0.8
2003-05-03,1.57,19.03,15.74,24.37,nasa,0.8
2003-05-04,2.64,18.28,13.35,23.43,nasa,0.8
2003-05-05,11.95,18.9,14.39,24.23,nasa,0.81
2003-05-06,10.38,19.55,15.92,24.69,nasa,0.83
2003-05-07,0.0,14.64,8.03,21.28,nasa,0.83
2003-05-08,0.03,11.82,6.22,20.3,nasa,0.82
2003-05-09,0.0,13.01,5.62,20.92,nasa,0.81
2003-05-10,0.0,14.74,9.14,22.13,nasa,0.81
2003-05-11,0.0,14.62,11.17,20.76,nasa,0.8
2003-05-12,0.0,15.39,10.98,21.48,nasa,0.8
2003-05-13,0.0,16.42,11.88,22.52,nasa,0.8
2003-05-14,0.0,15.64,12.16,20.64,nasa,0.8
2003-05-15,0.16,17.74,12.34,24.08,nasa,0.79
2003-05-16,0.0,17.77,13.82,23.8,nasa,0.79
2003-05-17,0.21,16.8,12.85,23.35,nasa,0.79
2003-05-18,0.41,16.07,10.92,23.35,nasa,0.79
2003-05-19,0.0,16.29,10.72,23.83,nasa,0.78
2003-05-20,0.0,17.84,12.18,23.8,nasa,0.78
2003-05-21,0.0,18.16,11.92,24.05,nasa,0.78
2003-05-22,0.01,19.01,13.29,25.38,nasa,0.77
2003-05-23,0.61,19.53,14.61,25.57,nasa,0.77
2003-05-24,1.56,18.2,14.31,22.31,nasa,0.77
2003-05-25,0.0,14.58,9.21,21.23,nasa,0.77
2003-05-26,0.0,14.91,7.12,23.71,nasa,0.77
2003-05-27,0.04,16.76,9.17,24.82,nasa,0.77
2003-05-28,4.79,16.82,12.3,22.24,nasa,0.77
2003-05-29,0.0,18.19,13.2,23.88,nasa,0.77
2003-05-30,0.17,18.04,13.67,23.83,nasa,0.77
2003-05-31,0.0,17.3,12.75,22.93,nasa,0.76
2003-06-01,0.0,17.14,11.66,22.94,nasa,0.76
2003-06-02,0.18,16.83,12.16,22.75,nasa,0.76
2003-06-03,0.08,19.25,13.45,25.3,nasa,0.76
2003-06-04,0.11,20.43,14.66,26.14,nasa,0.76
2003-06-05,0.01,20.06,15.11,25.54,nasa,0.75
2003-06-06,0.0,19.71,14.5,25.13,nasa,0.75
2003-06-07,0.0,20.34,14.76,26.25,nasa,0.75
2003-06-08,0.0,19.24,13.47,25.72,nasa,0.74
2003-06-09,0.0,18.55,14.47,24.82,nasa,0.74
2003-06-10,0.0,17.72,13.05,23.93,nasa,0.74
2003-06-11,0.0,17.87,11.21,24.33,nasa,0.74
2003-06-12,0.0,19.2,12.19,25.59,nasa,0.73
2003-06-13,0.0,19.29,12.3,25.83,nasa,0.73
2003-06-14,0.0,18.65,11.93,25.72,nasa,0.73
2003-06-15,0.0,18.01,11.78,24.98,nasa,0.73
2003-06-16,0.0,17.73,11.27,24.92,nasa,0.72
2003-06-17,0.0,18.02,10.45,24.52,nasa,0.72
2003-06-18,0.0,18.44,11.87,24.72,nasa,0.72
2003-06-19,0.0,17.14,10.58,24.74,nasa,0.72
2003-06-20,0.0,17.05,10.77,24.62,nasa,0.71
2003-06-21,0.0,16.9,11.55,24.46,nasa,0.71
2003-06-22,0.0,16.7,9.97,24.05,nasa,0.71
2003-06-23,0.0,16.67,9.25,24.61,nasa,0.71
2003-06-24,0.0,17.66,9.68,25.24,nasa,0.71
2003-06-25,0.0,16.83,9.58,24.64,nasa,0.7
2003-06-26,0.0,17.34,8.73,25.08,nasa,0.7
2003-06-27,0.0,17.11,9.59,24.62,nasa,0.7
2003-06-28,0.0,16.61,9.38,24.72,nasa,0.7
2003-06-29,0.0,15.82,9.51,24.13,nasa,0.7
2003-06-30,0.0,15.22,9.25,23.49,nasa,0.69
2003-07-01,0.0,14.71,8.71,22.64,nasa,0.69
2003-07-02,0.0,15.12,8.1,23.05,nasa,0.69
2003-07-03,0.0,15.87,8.2,23.58,nasa,0.69
2003-07-04,0.0,15.44,7.32,23.53,nasa,0.69
2003-07-05,0.0,16.2,8.11,23.96,nasa,0.68
2003-07-06,0.0,16.26,9.29,24.56,nasa,0.68
2003-07-07,0.0,17.16,10.77,24.81,nasa,0.68
2003-07-08,0.0,17.34,10.49,25.41,nasa,0.68
2003-07-09,0.0,18.85,11.99,26.16,nasa,0.68
2003-07-10,0.0,19.86,13.57,26.58,nasa,0.67
2003-07-11,1.15,18.93,12.2,25.67,nasa,0.67
2003-07-12,3.72,17.88,13.54,23.99,nasa,0.68
2003-07-13,1.16,15.71,11.76,21.18,nasa,0.68
2003-07-14,0.01,16.78,12.77,22.89,nasa,0.68
2003-07-15,0.0,16.19,11.81,22.75,nasa,0.68
2003-07-16,0.0,16.0,9.96,23.7,nasa,0.68
2003-07-17,0.0,16.2,9.99,24.12,nasa,0.67
2003-07-18,0.0,16.09,9.71,24.13,nasa,0.67
2003-07-19,0.0,17.08,9.98,24.59,nasa,0.67
2003-07-20,0.0,18.21,10.85,25.97,nasa,0.67
2003-07-21,0.0,17.83,9.35,25.26,nasa,0.67
2003-07-22,0.0,17.6,9.89,25.79,nasa,0.66
2003-07-23,0.0,16.66,11.05,24.75,nasa,0.66
2003-07-24,0.0,17.35,11.61,25.25,nasa,0.66
2003-07-25,0.0,17.48,10.9,24.44,nasa,0.66
2003-07-26,0.0,17.66,12.26,25.24,nasa,0.66
2003-07-27,0.0,16.42,11.27,23.59,nasa,0.65
2003-07-28,0.0,16.07,10.33,23.85,nasa,0.65
2003-07-29,0.0,17.12,10.91,24.4,nasa,0.65
2003-07-30,0.0,17.71,10.62,25.16,nasa,0.65
2003-07-31,0.0,19.46,12.95,26.05,nasa,0.65
2003-08-01,0.0,19.46,12.4,26.31,nasa,0.65
2003-08-02,0.0,18.47,13.26,25.8,nasa,0.64
2003-08-03,0.0,17.87,12.33,25.69,nasa,0.64
2003-08-04,0.0,17.91,12.38,25.05,nasa,0.64
2003-08-05,0.0,18.89,11.51,26.1,nasa,0.64
2003-08-06,0.0,20.98,13.65,28.48,nasa,0.64
2003-08-07,0.0,21.26,15.32,28.77,nasa,0.64
2003-08-08,0.1,21.45,14.45,28.95,nasa,0.63
2003-08-09,0.05,21.26,16.27,28.28,nasa,0.63
2003-08-10,0.0,20.28,14.9,26.3,nasa,0.63
2003-08-11,0.21,20.13,15.46,25.71,nasa,0.63
2003-08-12,0.07,20.61,14.2,27.41,nasa,0.63
2003-08-13,1.4,20.94,14.32,27.95,nasa,0.63
2003-08-14,0.0,20.67,13.91,28.86,nasa,0.63
2003-08-15,1.54,19.95,13.8,28.89,nasa,0.63
2003-08-16,0.84,18.82,13.21,26.5,nasa,0.63
2003-08-17,0.0,15.06,7.7,24.37,nasa,0.63
2003-08-18,0.0,16.61,6.62,27.33,nasa,0.63
2003-08-19,0.0,18.2,11.46,27.48,nasa,0.62
2003-08-20,0.0,17.99,11.06,27.1,nasa,0.62
2003-08-21,0.0,18.19,10.56,27.75,nasa,0.62
2003-08-22,0.0,19.11,10.32,28.51,nasa,0.62
2003-08-23,0.14,19.73,11.31,28.72,nasa,0.62
2003-08-24,0.0,20.92,13.22,28.72,nasa,0.62
2003-08-25,1.28,22.02,15.5,30.37,nasa,0.62
2003-08-26,0.91,19.49,13.51,27.42,nasa,0.62
2003-08-27,0.69,19.5,13.55,26.36,nasa,0.62
2003-08-28,1.41,20.36,15.74,27.2,nasa,0.62
2003-08-29,0.44,19.57,14.57,26.91,nasa,0.62
2003-08-30,0.99,20.16,14.0,27.28,nasa,0.62
2003-08-31,3.38,21.08,16.08,27.57,nasa,0.62
2003-09-01,1.38,22.68,16.38,29.63,nasa,0.62
2003-09-02,0.1,22.64,15.68,30.1,nasa,0.62
2003-09-03,2.02,21.01,16.83,27.11,nasa,0.62
2003-09-04,0.0,20.07,14.4,27.35,nasa,0.62
2003-09-05,0.0,19.92,13.48,27.81,nasa,0.62
2003-09-06,0.0,20.17,13.07,28.36,nasa,0.62
2003-09-07,0.0,19.91,12.98,28.07,nasa,0.61
2003-09-08,0.0,20.7,13.7,28.54,nasa,0.61
2003-09-09,0.01,21.07,14.18,29.12,nasa,0.61
2003-09-10,0.01,22.73,15.33,30.63,nasa,0.61
2003-09-11,0.0,22.04,14.49,30.7,nasa,0.61
2003-09-12,10.69,21.57,17.75,27.94,nasa,0.61
2003-09-13,6.55,20.77,17.03,28.36,nasa,0.63
2003-09-14,0.28,21.53,15.28,29.83,nasa,0.64
2003-09-15,10.31,20.98,15.81,27.6,nasa,0.64
2003-09-16,5.48,21.46,16.18,28.07,nasa,0.65
2003-09-17,0.08,20.79,15.76,26.03,nasa,0.65
2003-09-18,0.16,21.53,16.72,27.66,nasa,0.65
2003-09-19,0.0,22.0,15.52,29.55,nasa,0.64
2003-09-20,0.0,23.01,15.46,31.17,nasa,0.64
2003-09-21,0.0,21.69,14.47,30.61,nasa,0.63
2003-09-22,0.0,22.39,15.08,30.47,nasa,0.63
2003-09-23,0.0,23.55,13.74,31.91,nasa,0.62
2003-09-24,0.0,25.49,17.84,34.06,nasa,0.62
2003-09-25,0.0,26.19,17.18,35.25,nasa,0.61
2003-09-26,1.11,24.66,15.75,34.75,nasa,0.61
2003-09-27,2.68,23.79,17.35,32.0,nasa,0.61
2003-09-28,13.09,23.3,19.52,29.59,nasa,0.62
2003-09-29,2.02,22.17,18.5,26.92,nasa,0.64
2003-09-30,0.02,23.72,17.48,30.71,nasa,0.63
2003-10-01,0.18,23.05,19.17,28.75,nasa,0.63
2003-10-02,0.0,23.68,16.71,31.36,nasa,0.63
2003-10-03,0.0,23.86,17.4,31.5,nasa,0.62
2003-10-04,0.0,24.1,16.94,32.55,nasa,0.62
2003-10-05,0.04,24.71,15.79,32.84,nasa,0.61
2003-10-06,0.08,25.19,18.56,32.82,nasa,0.61
2003-10-07,3.62,24.65,19.12,33.41,nasa,0.61
2003-10-08,1.62,21.58,18.4,27.19,nasa,0.61
2003-10-09,14.73,21.99,17.94,28.06,nasa,0.62
2003-10-10,7.84,23.17,18.34,29.28,nasa,0.64
2003-10-11,5.75,22.03,18.39,28.67,nasa,0.65
2003-10-12,1.16,22.79,16.82,29.46,nasa,0.65
2003-10-13,0.84,21.9,15.34,28.94,nasa,0.65
2003-10-14,0.31,21.16,15.81,27.2,nasa,0.64
2003-10-15,0.0,21.66,15.02,28.0,nasa,0.64
2003-10-16,0.0,21.21,14.27,29.33,nasa,0.63
2003-10-17,0.01,20.7,12.4,30.05,nasa,0.62
2003-10-18,0.0,22.59,12.2,31.92,nasa,0.62
2003-10-19,0.0,24.69,15.72,33.97,nasa,0.61
2003-10-20,0.0,25.53,18.42,33.71,nasa,0.61
2003-10-21,0.1,26.54,18.7,35.98,nasa,0.6
2003-10-22,2.15,25.24,19.89,33.37,nasa,0.6
2003-10-23,7.89,21.96,17.87,27.0,nasa,0.61
2003-10-24,4.59,22.3,16.88,29.55,nasa,0.62
2003-10-25,0.01,23.94,15.69,31.61,nasa,0.62
2003-10-26,0.09,25.11,17.04,32.57,nasa,0.62
2003-10-27,1.97,23.75,19.57,29.25,nasa,0.61
2003-10-28,1.3,23.31,16.57,30.24,nasa,0.61
2003-10-29,1.04,21.69,17.27,28.43,nasa,0.61
2003-10-30,0.34,23.98,16.22,30.73,nasa,0.61
2003-10-31,6.47,24.4,19.52,28.82,nasa,0.61
2003-11-01,6.71,22.96,18.92,28.86,nasa,0.62
2003-11-02,9.32,22.59,18.24,27.96,nasa,0.63
2003-11-03,4.41,21.8,15.95,28.43,nasa,0.65
2003-11-04,0.02,20.77,14.12,28.18,nasa,0.64
2003-11-05,2.67,21.63,14.68,28.38,nasa,0.64
2003-11-06,7.66,20.37,17.81,23.61,nasa,0.64
2003-11-07,6.5,22.22,18.02,27.78,nasa,0.65
2003-11-08,3.43,23.51,17.83,29.39,nasa,0.65
2003-11-09,0.82,24.52,17.21,31.77,nasa,0.65
2003-11-10,0.64,25.45,17.45,31.99,nasa,0.64
2003-11-11,3.15,24.9,18.73,31.71,nasa,0.64
2003-11-12,1.17,23.87,20.03,29.12,nasa,0.63
2003-11-13,5.42,22.05,19.11,26.32,nasa,0.63
2003-11-14,3.27,24.48,18.14,31.06,nasa,0.64
2003-11-15,10.69,23.9,19.39,29.4,nasa,0.64
2003-11-16,5.09,22.87,19.75,26.71,nasa,0.66
2003-11-17,10.7,21.32,18.32,24.88,nasa,0.66
2003-11-18,3.75,22.13,18.34,26.71,nasa,0.67
2003-11-19,16.86,22.09,17.84,27.61,nasa,0.68
2003-11-20,9.26,21.11,18.38,24.45,nasa,0.7
2003-11-21,8.19,20.88,16.49,25.9,nasa,0.7
2003-11-22,3.92,21.73,17.76,27.6,nasa,0.7
2003-11-23,3.17,20.95,17.67,25.09,nasa,0.7
2003-11-24,0.75,22.28,16.52,27.9,nasa,0.69
2003-11-25,5.51,22.86,17.92,28.57,nasa,0.69
2003-11-26,11.7,23.04,18.78,27.43,nasa,0.69
2003-11-27,10.39,23.17,18.35,28.26,nasa,0.7
2003-11-28,9.21,22.34,18.27,28.07,nasa,0.71
2003-11-29,10.26,22.47,17.62,28.34,nasa,0.71
2003-11-30,23.1,23.08,19.22,27.77,nasa,0.73
2003-12-01,7.69,22.05,18.84,25.9,nasa,0.75
2003-12-02,3.8,22.27,18.48,27.07,nasa,0.74
2003-12-03,16.04,22.78,18.82,27.5,nasa,0.74
2003-12-04,17.69,22.77,18.98,26.84,nasa,0.76
2003-12-05,9.21,22.71,19.63,26.29,nasa,0.76
2003-12-06,8.37,22.76,18.95,27.71,nasa,0.76
2003-12-07,13.91,21.78,18.13,26.33,nasa,0.77
2003-12-08,15.63,21.75,19.18,26.03,nasa,0.78
2003-12-09,6.02,22.08,19.06,27.08,nasa,0.77
2003-12-10,2.13,22.95,16.91,27.98,nasa,0.76
2003-12-11,8.86,24.06,20.07,28.25,nasa,0.76
2003-12-12,1.74,24.69,19.48,30.23,nasa,0.75
2003-12-13,14.48,23.56,17.94,29.3,nasa,0.75
2003-12-14,1.32,23.94,19.61,29.51,nasa,0.75
2003-12-15,0.08,24.55,18.47,30.07,nasa,0.74
2003-12-16,0.37,25.4,18.73,31.24,nasa,0.72
2003-12-17,2.0,24.94,19.54,31.14,nasa,0.71
2003-12-18,0.24,22.88,18.37,27.76,nasa,0.7
2003-12-19,0.08,22.5,18.21,28.06,nasa,0.7
2003-12-20,0.1,23.38,17.68,29.58,nasa,0.69
2003-12-21,2.4,24.31,17.93,30.39,nasa,0.68
2003-12-22,5.4,23.43,19.42,27.3,nasa,0.68
2003-12-23,7.25,22.64,20.3,25.43,nasa,0.69
2003-12-24,6.99,23.11,19.33,28.51,nasa,0.7
2003-12-25,5.64,21.87,17.47,27.36,nasa,0.71
2003-12-26,5.32,22.25,18.25,27.19,nasa,0.71
2003-12-27,6.96,21.56,18.25,26.02,nasa,0.71
2003-12-28,17.74,21.21,16.52,26.88,nasa,0.73
2003-12-29,4.11,22.11,17.26,27.11,nasa,0.74
2003-12-30,6.51,22.7,18.75,27.29,nasa,0.74
2003-12-31,9.89,22.43,18.58,27.11,nasa,0.74
2004-01-01,6.03,23.14,18.38,28.56,nasa,0.74
2004-01-02,24.86,21.88,19.43,25.57,nasa,0.76
2004-01-03,13.86,21.26,18.67,24.31,nasa,0.78
2004-01-04,22.21,22.35,19.36,26.46,nasa,0.8
2004-01-05,12.35,22.41,18.38,26.74,nasa,0.81
2004-01-06,2.79,21.75,18.77,25.34,nasa,0.8
2004-01-07,12.39,21.13,18.38,25.33,nasa,0.79
2004-01-08,9.17,21.61,17.06,27.03,nasa,0.8
2004-01-09,23.75,20.78,17.85,25.0,nasa,0.81
2004-01-10,16.94,20.97,17.32,25.25,nasa,0.83
2004-01-11,6.61,22.58,17.75,27.07,nasa,0.83
2004-01-12,10.9,23.93,20.79,28.28,nasa,0.82
2004-01-13,13.83,22.8,20.47,25.73,nasa,0.82
2004-01-14,22.64,22.03,19.23,26.45,nasa,0.84
2004-01-15,3.06,22.7,17.41,28.46,nasa,0.84
2004-01-16,1.75,23.2,18.44,28.31,nasa,0.82
2004-01-17,2.42,22.25,18.8,26.86,nasa,0.81
2004-01-18,0.31,22.15,17.4,27.32,nasa,0.8
2004-01-19,0.11,22.13,17.59,27.45,nasa,0.79
2004-01-20,0.72,22.01,17.29,27.65,nasa,0.78
2004-01-21,0.44,21.84,17.35,27.46,nasa,0.77
2004-01-22,18.89,22.25,17.73,26.49,nasa,0.78
2004-01-23,27.95,21.82,19.35,25.19,nasa,0.81
2004-01-24,12.23,20.76,18.86,23.55,nasa,0.84
2004-01-25,22.36,20.93,18.47,24.15,nasa,0.85
2004-01-26,40.63,20.42,18.22,23.3,nasa,0.87
2004-01-27,36.43,21.1,18.75,24.59,nasa,0.9
2004-01-28,12.57,21.4,18.24,25.37,nasa,0.91
2004-01-29,2.33,21.63,17.36,26.92,nasa,0.88
2004-01-30,2.11,22.03,18.15,26.63,nasa,0.86
2004-01-31,0.55,21.23,17.31,25.85,nasa,0.85
2004-02-01,3.42,21.27,17.15,25.36,nasa,0.85
2004-02-02,4.37,21.48,18.2,25.23,nasa,0.85
2004-02-03,5.72,21.68,17.94,26.46,nasa,0.85
2004-02-04,1.25,22.07,18.13,26.68,nasa,0.85
2004-02-05,9.59,22.7,17.31,27.96,nasa,0.84
2004-02-06,7.87,22.81,18.08,27.57,nasa,0.85
2004-02-07,23.85,21.38,17.4,24.93,nasa,0.86
2004-02-08,28.6,21.06,17.7,24.81,nasa,0.9
2004-02-09,7.52,20.26,17.11,24.08,nasa,0.9
2004-02-10,7.52,21.17,17.27,25.96,nasa,0.89
2004-02-11,13.16,21.77,19.08,25.77,nasa,0.88
2004-02-12,2.82,18.99,16.83,22.55,nasa,0.89
2004-02-13,3.38,21.44,16.61,26.64,nasa,0.88
2004-02-14,20.19,20.87,17.92,24.05,nasa,0.89
2004-02-15,24.91,20.9,18.42,24.59,nasa,0.91
2004-02-16,5.9,21.8,18.61,27.13,nasa,0.91
2004-02-17,2.67,22.02,17.58,27.01,nasa,0.9
2004-02-18,6.96,22.36,19.37,26.17,nasa,0.89
2004-02-19,11.4,21.98,19.52,25.7,nasa,0.9
2004-02-20,26.11,20.86,19.13,23.51,nasa,0.91
2004-02-21,34.19,20.88,18.55,23.59,nasa,0.93
2004-02-22,15.9,21.5,18.99,25.31,nasa,0.94
2004-02-23,29.49,21.4,18.14,25.66,nasa,0.95
2004-02-24,16.12,20.72,18.93,23.62,nasa,0.96
2004-02-25,7.47,21.61,16.96,25.51,nasa,0.96
2004-02-26,3.35,22.09,17.99,27.01,nasa,0.95
2004-02-27,1.68,21.99,17.15,27.56,nasa,0.94
2004-02-28,5.78,21.27,17.1,25.99,nasa,0.94
2004-02-29,1.38,22.06,16.91,27.22,nasa,0.94
2004-03-01,0.99,23.15,16.74,27.94,nasa,0.93
2004-03-02,3.92,22.69,17.33,27.91,nasa,0.92
2004-03-03,8.34,22.71,17.35,28.09,nasa,0.92
2004-03-04,25.82,21.44,18.26,25.81,nasa,0.94
2004-03-05,36.02,19.86,18.38,21.9,nasa,0.96
2004-03-06,18.13,19.56,16.68,23.22,nasa,0.97
2004-03-07,2.45,19.96,16.39,23.85,nasa,0.97
2004-03-08,0.03,20.29,16.04,25.39,nasa,0.96
2004-03-09,0.12,20.8,16.92,25.86,nasa,0.95
2004-03-10,0.13,21.41,15.48,27.57,nasa,0.94
2004-03-11,3.21,21.26,16.5,25.41,nasa,0.94
2004-03-12,14.67,21.21,18.53,25.03,nasa,0.94
2004-03-13,7.8,21.41,18.64,24.74,nasa,0.95
2004-03-14,24.77,21.48,18.79,25.53,nasa,0.96
2004-03-15,7.82,21.61,18.32,25.68,nasa,0.97
2004-03-16,1.29,22.08,18.23,27.09,nasa,0.96
2004-03-17,2.23,21.14,15.78,26.84,nasa,0.95
2004-03-18,7.53,21.75,16.34,27.17,nasa,0.95
2004-03-19,8.05,21.75,17.79,26.55,nasa,0.95
2004-03-20,3.98,20.57,16.87,25.04,nasa,0.95
2004-03-21,0.82,20.6,15.71,26.43,nasa,0.95
2004-03-22,1.85,19.65,15.79,24.73,nasa,0.94
2004-03-23,0.99,19.28,15.19,24.84,nasa,0.93
2004-03-24,2.34,19.45,14.43,24.97,nasa,0.93
2004-03-25,1.44,19.86,14.92,25.1,nasa,0.92
2004-03-26,6.49,19.94,14.95,25.05,nasa,0.92
2004-03-27,4.95,20.13,15.6,25.12,nasa,0.93
2004-03-28,1.51,20.03,16.83,24.6,nasa,0.92
2004-03-29,3.68,20.59,15.35,25.59,nasa,0.92
2004-03-30,0.52,20.81,15.59,27.0,nasa,0.91
2004-03-31,1.85,20.74,14.79,26.21,nasa,0.91
2004-04-01,0.61,21.14,16.24,26.1,nasa,0.9
2004-04-02,1.06,21.43,16.26,26.54,nasa,0.9
2004-04-03,6.03,20.98,15.23,25.93,nasa,0.9
2004-04-04,5.54,21.07,16.56,25.77,nasa,0.9
2004-04-05,3.35,21.41,18.64,25.22,nasa,0.9
2004-04-06,13.89,20.6,18.32,23.55,nasa,0.91
2004-04-07,4.65,21.68,17.54,26.16,nasa,0.91
2004-04-08,4.94,22.04,17.37,26.5,nasa,0.91
2004-04-09,17.8,22.15,18.59,26.55,nasa,0.92
2004-04-10,5.91,21.43,17.31,26.3,nasa,0.92
2004-04-11,5.89,20.92,17.83,25.26,nasa,0.92
2004-04-12,10.61,21.06,18.53,24.92,nasa,0.92
2004-04-13,3.86,19.64,17.96,22.38,nasa,0.93
2004-04-14,11.25,18.7,17.13,20.64,nasa,0.93
2004-04-15,2.56,20.08,16.81,24.95,nasa,0.94
2004-04-16,0.73,20.04,17.2,24.43,nasa,0.93
2004-04-17,2.74,20.72,16.89,25.1,nasa,0.93
2004-04-18,0.35,21.31,16.75,26.17,nasa,0.92
2004-04-19,0.21,20.44,16.76,25.68,nasa,0.92
2004-04-20,0.34,20.23,14.84,25.98,nasa,0.91
2004-04-21,0.0,19.43,14.01,25.25,nasa,0.9
2004-04-22,0.0,19.32,15.45,24.63,nasa,0.9
2004-04-23,0.0,20.5,14.55,26.6,nasa,0.9
2004-04-24,0.06,21.9,17.43,26.67,nasa,0.89
2004-04-25,0.71,21.97,17.68,27.09,nasa,0.89
2004-04-26,3.47,19.64,16.0,23.94,nasa,0.89
2004-04-27,5.96,19.54,16.17,23.64,nasa,0.89
2004-04-28,0.38,19.32,15.66,24.23,nasa,0.89
2004-04-29,0.01,18.06,14.51,23.1,nasa,0.89
2004-04-30,0.0,17.2,12.12,23.21,nasa,0.88
2004-05-01,0.2,16.8,10.61,22.83,nasa,0.88
2004-05-02,0.0,18.77,12.26,25.29,nasa,0.87
2004-05-03,0.0,19.08,13.06,25.66,nasa,0.87
2004-05-04,0.74,20.02,16.16,24.93,nasa,0.86
2004-05-05,0.06,19.81,15.23,24.83,nasa,0.86
2004-05-06,0.07,20.17,16.17,25.15,nasa,0.86
2004-05-07,0.43,19.47,15.91,24.11,nasa,0.86
2004-05-08,0.18,19.14,15.38,24.08,nasa,0.85
2004-05-09,0.0,17.44,13.92,23.04,nasa,0.85
2004-05-10,0.1,17.24,12.43,23.31,nasa,0.85
2004-05-11,0.0,18.63,13.21,25.02,nasa,0.85
2004-05-12,0.0,19.38,14.3,24.66,nasa,0.84
2004-05-13,0.08,19.54,15.53,24.12,nasa,0.84
2004-05-14,2.15,19.73,15.86,24.75,nasa,0.84
2004-05-15,2.29,19.78,16.43,24.18,nasa,0.84
2004-05-16,0.0,18.83,14.41,24.16,nasa,0.84
2004-05-17,0.0,19.02,14.09,24.63,nasa,0.84
2004-05-18,1.12,19.78,15.26,24.8,nasa,0.84
2004-05-19,7.61,19.88,14.56,24.75,nasa,0.84
2004-05-20,6.02,19.54,14.18,24.57,nasa,0.85
2004-05-21,2.42,18.6,15.04,23.81,nasa,0.85
2004-05-22,0.81,18.11,14.92,22.9,nasa,0.85
2004-05-23,0.05,18.03,15.15,22.88,nasa,0.84
2004-05-24,0.01,18.43,14.62,24.05,nasa,0.84
2004-05-25,0.39,18.83,13.59,24.39,nasa,0.83
2004-05-26,0.23,18.09,12.55,23.23,nasa,0.83
2004-05-27,0.0,14.11,8.53,21.13,nasa,0.83
2004-05-28,0.16,16.3,9.79,21.85,nasa,0.82
2004-05-29,1.1,18.31,14.15,23.59,nasa,0.82
2004-05-30,0.01,18.35,13.63,24.33,nasa,0.82
2004-05-31,0.46,18.78,12.8,24.45,nasa,0.82
2004-06-01,2.3,18.52,13.96,23.39,nasa,0.81
2004-06-02,0.58,18.16,13.67,23.3,nasa,0.82
2004-06-03,1.54,17.07,14.32,20.94,nasa,0.81
2004-06-04,0.16,15.8,12.06,21.41,nasa,0.82
2004-06-05,0.0,13.99,6.72,20.47,nasa,0.81
2004-06-06,0.0,14.82,7.57,22.09,nasa,0.81
2004-06-07,0.0,15.38,8.91,22.73,nasa,0.8
2004-06-08,0.0,15.07,8.34,22.72,nasa,0.8
2004-06-09,0.0,16.72,10.82,23.81,nasa,0.8
2004-06-10,0.0,17.22,13.11,22.81,nasa,0.8
2004-06-11,0.0,16.41,11.4,23.6,nasa,0.8
2004-06-12,0.0,17.47,11.54,24.19,nasa,0.79
2004-06-13,0.0,17.02,12.31,22.82,nasa,0.79
2004-06-14,0.05,16.76,13.41,21.63,nasa,0.79
2004-06-15,0.23,16.37,11.95,22.34,nasa,0.79
2004-06-16,0.01,16.14,11.52,22.6,nasa,0.79
2004-06-17,0.18,16.48,11.93,22.05,nasa,0.78
2004-06-18,0.0,16.33,10.94,23.04,nasa,0.78
2004-06-19,0.07,15.58,10.42,21.79,nasa,0.78
2004-06-20,0.0,15.98,12.35,21.63,nasa,0.78
2004-06-21,0.0,15.94,12.19,21.46,nasa,0.78
2004-06-22,0.0,15.65,9.08,22.35,nasa,0.78
2004-06-23,0.03,16.37,10.21,23.03,nasa,0.77
2004-06-24,0.0,16.65,13.3,21.13,nasa,0.77
2004-06-25,0.0,16.09,11.92,21.87,nasa,0.77
2004-06-26,0.0,16.29,11.42,23.12,nasa,0.77
2004-06-27,0.0,16.51,10.79,23.07,nasa,0.77
2004-06-28,0.0,17.24,12.79,23.09,nasa,0.76
2004-06-29,0.0,17.26,14.0,22.53,nasa,0.76
2004-06-30,0.01,16.71,12.86,22.49,nasa,0.76
2004-07-01,0.0,16.8,11.79,22.94,nasa,0.76
2004-07-02,0.0,17.09,11.26,23.99,nasa,0.76
2004-07-03,0.0,17.93,11.46,24.53,nasa,0.75
2004-07-04,0.01,17.54,11.92,24.04,nasa,0.75
2004-07-05,0.0,17.54,11.06,24.35,nasa,0.75
2004-07-06,0.0,17.37,11.37,24.54,nasa,0.75
2004-07-07,0.0,17.17,11.65,24.19,nasa,0.74
2004-07-08,0.04,17.83,13.55,23.17,nasa,0.74
2004-07-09,0.53,17.68,14.85,22.09,nasa,0.74
2004-07-10,14.42,18.59,14.05,23.75,nasa,0.76
2004-07-11,0.44,18.75,14.82,24.1,nasa,0.77
2004-07-12,0.06,17.02,12.69,22.59,nasa,0.76
2004-07-13,0.0,16.67,13.15,23.37,nasa,0.76
2004-07-14,0.14,17.62,13.11,23.61,nasa,0.75
2004-07-15,0.0,17.4,12.34,23.93,nasa,0.75
2004-07-16,0.0,17.25,10.9,24.15,nasa,0.75
2004-07-17,0.4,17.92,11.73,24.72,nasa,0.74
2004-07-18,0.62,17.3,13.73,23.0,nasa,0.74
2004-07-19,12.35,16.67,14.36,20.23,nasa,0.75
2004-07-20,1.88,16.56,12.34,22.57,nasa,0.76
2004-07-21,0.17,14.14,9.88,19.9,nasa,0.76
2004-07-22,0.01,12.72,9.17,18.78,nasa,0.76
2004-07-23,0.0,11.82,7.76,18.44,nasa,0.75
2004-07-24,0.0,11.22,6.05,18.32,nasa,0.75
2004-07-25,0.0,11.62,6.66,19.02,nasa,0.74
2004-07-26,0.0,11.4,5.97,19.21,nasa,0.74
2004-07-27,0.03,12.4,5.88,20.47,nasa,0.74
2004-07-28,0.0,13.21,8.74,20.31,nasa,0.74
2004-07-29,0.0,13.08,7.83,20.48,nasa,0.73
2004-07-30,0.0,13.91,6.76,21.27,nasa,0.73
2004-07-31,0.0,15.52,8.22,22.84,nasa,0.73
2004-08-01,0.0,17.64,10.85,25.02,nasa,0.72
2004-08-02,0.0,18.59,11.67,25.51,nasa,0.72
2004-08-03,0.0,18.73,12.61,26.16,nasa,0.72
2004-08-04,0.0,17.27,11.5,24.57,nasa,0.71
2004-08-05,0.0,15.44,10.41,22.37,nasa,0.71
2004-08-06,0.0,16.04,11.17,22.5,nasa,0.71
2004-08-07,0.0,17.06,10.71,23.35,nasa,0.71
2004-08-08,0.0,18.53,13.12,25.33,nasa,0.71
2004-08-09,0.0,16.35,11.4,23.45,nasa,0.7
2004-08-10,0.0,15.6,10.22,23.46,nasa,0.7
2004-08-11,0.0,15.7,8.05,23.96,nasa,0.7
2004-08-12,0.0,17.65,11.04,25.71,nasa,0.7
2004-08-13,0.0,14.02,9.16,21.38,nasa,0.69
2004-08-14,0.0,13.53,8.59,20.52,nasa,0.69
2004-08-15,0.0,14.76,9.73,22.25,nasa,0.69
2004-08-16,0.0,15.54,9.44,23.41,nasa,0.69
2004-08-17,0.0,16.87,9.83,24.91,nasa,0.69
2004-08-18,0.0,17.75,10.81,25.67,nasa,0.68
2004-08-19,0.0,18.38,11.18,26.77,nasa,0.68
2004-08-20,0.0,18.83,11.82,27.38,nasa,0.68
2004-08-21,0.0,19.18,11.84,27.62,nasa,0.68
2004-08-22,0.0,19.37,11.48,27.62,nasa,0.67
2004-08-23,0.0,20.9,12.96,28.72,nasa,0.67
2004-08-24,0.0,22.39,13.92,30.38,nasa,0.67
2004-08-25,0.0,21.97,14.45,29.64,nasa,0.66
2004-08-26,0.0,22.64,15.76,29.63,nasa,0.66
2004-08-27,0.0,21.74,16.3,28.52,nasa,0.66
2004-08-28,0.46,21.18,16.33,27.72,nasa,0.66
2004-08-29,0.06,21.59,16.34,29.34,nasa,0.66
2004-08-30,0.0,20.38,13.28,29.53,nasa,0.65
2004-08-31,0.0,20.47,13.11,29.66,nasa,0.65
2004-09-01,0.0,19.93,13.61,28.76,nasa,0.65
2004-09-02,0.0,18.98,12.29,27.83,nasa,0.65
2004-09-03,0.0,20.19,10.92,30.07,nasa,0.64
2004-09-04,0.0,20.94,13.23,29.47,nasa,0.64
2004-09-05,0.0,22.0,15.03,29.7,nasa,0.64
2004-09-06,0.0,22.14,15.03,30.53,nasa,0.64
2004-09-07,0.0,21.19,13.9,29.65,nasa,0.63
2004-09-08,0.0,20.84,13.13,30.42,nasa,0.63
2004-09-09,0.0,19.48,11.81,28.84,nasa,0.63
2004-09-10,0.0,20.31,11.46,29.32,nasa,0.63
2004-09-11,0.0,21.64,12.46,30.42,nasa,0.63
2004-09-12,0.0,20.41,13.37,28.77,nasa,0.62
2004-09-13,0.02,19.52,13.62,27.22,nasa,0.62
2004-09-14,0.03,20.55,13.08,29.14,nasa,0.62
2004-09-15,0.04,23.23,15.89,30.81,nasa,0.62
2004-09-16,0.14,23.62,16.56,31.68,nasa,0.62
2004-09-17,1.12,22.59,17.64,29.83,nasa,0.62
2004-09-18,0.31,22.34,17.45,29.32,nasa,0.62
2004-09-19,1.41,22.22,15.48,29.89,nasa,0.62
2004-09-20,0.03,23.01,15.47,30.92,nasa,0.62
2004-09-21,0.0,22.46,15.64,30.41,nasa,0.62
2004-09-22,0.0,22.33,15.35,30.79,nasa,0.61
2004-09-23,0.0,23.58,15.69,32.33,nasa,0.61
2004-09-24,0.0,24.07,15.6,32.75,nasa,0.61
2004-09-25,0.0,24.37,16.01,33.64,nasa,0.61
2004-09-26,0.0,22.87,14.62,32.24,nasa,0.61
2004-09-27,0.0,23.31,14.55,32.57,nasa,0.6
2004-09-28,0.0,23.21,14.22,32.55,nasa,0.6
2004-09-29,0.0,24.37,14.91,33.93,nasa,0.6
2004-09-30,0.03,24.04,17.05,33.05,nasa,0.6
2004-10-01,0.38,23.89,17.36,32.01,nasa,0.6
2004-10-02,2.05,24.45,17.91,32.04,nasa,0.6
2004-10-03,3.72,23.21,18.52,31.45,nasa,0.6
2004-10-04,2.81,20.72,15.43,26.99,nasa,0.61
2004-10-05,0.01,22.69,16.04,31.06,nasa,0.61
2004-10-06,0.0,22.89,14.52,32.93,nasa,0.61
2004-10-07,0.06,21.06,12.91,31.11,nasa,0.61
2004-10-08,0.0,21.85,11.83,32.09,nasa,0.6
2004-10-09,0.0,24.4,13.91,34.22,nasa,0.6
2004-10-10,1.39,25.27,17.33,34.26,nasa,0.6
2004-10-11,3.42,20.98,18.6,23.79,nasa,0.61
2004-10-12,4.69,22.65,17.85,28.81,nasa,0.61
2004-10-13,3.93,24.2,18.61,31.73,nasa,0.62
2004-10-14,0.94,24.28,19.62,31.12,nasa,0.62
2004-10-15,20.59,24.51,19.33,32.89,nasa,0.63
2004-10-16,0.21,23.24,19.46,28.45,nasa,0.65
2004-10-17,0.34,24.0,18.62,30.81,nasa,0.65
2004-10-18,4.21,25.0,18.19,31.77,nasa,0.64
2004-10-19,3.19,23.6,19.4,29.41,nasa,0.64
2004-10-20,1.43,24.12,18.11,30.15,nasa,0.64
2004-10-21,0.34,22.6,16.82,29.02,nasa,0.64
2004-10-22,2.46,21.79,16.93,27.37,nasa,0.64
2004-10-23,4.91,22.21,17.21,27.68,nasa,0.64
2004-10-24,3.78,22.64,17.67,29.99,nasa,0.64
2004-10-25,6.79,22.86,18.36,27.52,nasa,0.65
2004-10-26,3.85,22.98,18.87,28.51,nasa,0.65
2004-10-27,0.67,22.38,18.43,27.26,nasa,0.65
2004-10-28,5.17,23.12,18.09,29.14,nasa,0.65
2004-10-29,2.01,22.32,16.4,29.48,nasa,0.65
2004-10-30,0.0,22.84,15.77,30.3,nasa,0.65
2004-10-31,0.87,24.34,16.84,30.75,nasa,0.64
2004-11-01,4.61,24.04,19.1,29.64,nasa,0.64
2004-11-02,8.41,23.45,18.88,28.98,nasa,0.65
2004-11-03,1.73,24.15,18.25,30.2,nasa,0.65
2004-11-04,6.04,23.05,18.71,27.98,nasa,0.65
2004-11-05,3.87,22.73,18.91,29.22,nasa,0.65
2004-11-06,4.48,24.41,18.61,31.12,nasa,0.66
2004-11-07,9.66,22.68,19.88,27.51,nasa,0.66
2004-11-08,0.63,23.03,17.05,29.84,nasa,0.66
2004-11-09,0.35,23.33,16.32,30.42,nasa,0.66
2004-11-10,1.53,24.11,18.37,30.27,nasa,0.65
2004-11-11,1.51,24.41,19.17,31.12,nasa,0.64
2004-11-12,0.19,23.14,19.18,28.63,nasa,0.64
2004-11-13,0.09,24.45,16.56,32.17,nasa,0.63
2004-11-14,1.73,24.03,18.5,31.08,nasa,0.63
2004-11-15,34.36,21.11,18.67,24.73,nasa,0.67
2004-11-16,1.55,20.73,18.4,24.0,nasa,0.69
2004-11-17,10.0,21.55,18.41,25.61,nasa,0.69
2004-11-18,4.65,22.95,18.82,28.38,nasa,0.7
2004-11-19,7.92,22.22,18.61,26.63,nasa,0.7
2004-11-20,0.02,22.03,16.04,29.03,nasa,0.69
2004-11-21,0.29,22.28,14.76,29.1,nasa,0.68
2004-11-22,0.98,22.39,17.28,28.1,nasa,0.67
2004-11-23,0.15,22.56,17.03,28.61,nasa,0.66
2004-11-24,0.11,23.1,16.89,29.43,nasa,0.65
2004-11-25,0.5,23.41,17.61,28.7,nasa,0.65
2004-11-26,0.37,23.92,17.69,30.2,nasa,0.64
2004-11-27,2.77,24.17,18.74,30.5,nasa,0.64
2004-11-28,12.32,22.35,19.97,27.26,nasa,0.65
2004-11-29,7.96,22.0,19.33,25.3,nasa,0.67
2004-11-30,7.27,21.76,18.85,25.49,nasa,0.68
2004-12-01,7.17,22.27,17.19,28.0,nasa,0.68
2004-12-02,10.82,20.24,17.96,23.43,nasa,0.69
2004-12-03,3.64,20.03,17.7,23.61,nasa,0.7
2004-12-04,6.54,22.07,18.09,26.19,nasa,0.7
2004-12-05,0.8,23.67,18.06,29.67,nasa,0.7
2004-12-06,7.4,23.21,18.19,28.62,nasa,0.69
2004-12-07,3.61,23.06,18.83,28.44,nasa,0.69
2004-12-08,6.34,23.18,18.89,27.6,nasa,0.69
2004-12-09,22.46,22.82,19.14,27.52,nasa,0.71
2004-12-10,18.44,21.36,19.0,26.21,nasa,0.74
2004-12-11,13.49,20.87,18.73,23.75,nasa,0.75
2004-12-12,16.04,21.04,17.91,24.81,nasa,0.77
2004-12-13,1.87,21.08,15.66,25.43,nasa,0.76
2004-12-14,0.95,23.12,17.27,28.25,nasa,0.74
2004-12-15,3.86,23.01,18.4,28.25,nasa,0.73
2004-12-16,3.89,21.45,17.97,25.08,nasa,0.73
2004-12-17,3.77,21.75,15.73,27.54,nasa,0.72
2004-12-18,16.41,22.46,18.04,27.0,nasa,0.73
2004-12-19,13.9,20.91,18.79,23.57,nasa,0.75
2004-12-20,13.19,21.19,18.52,25.0,nasa,0.77
2004-12-21,31.15,21.04,18.48,24.43,nasa,0.78
2004-12-22,31.62,20.45,17.92,24.19,nasa,0.81
2004-12-23,16.66,21.05,18.27,25.03,nasa,0.83
2004-12-24,24.09,21.62,18.67,25.24,nasa,0.84
2004-12-25,2.36,21.59,19.0,24.9,nasa,0.84
2004-12-26,7.78,22.68,17.67,27.64,nasa,0.82
2004-12-27,2.71,21.0,17.26,26.81,nasa,0.8
2004-12-28,5.19,21.83,15.79,27.1,nasa,0.8
2004-12-29,4.64,22.99,18.89,27.38,nasa,0.79
2004-12-30,8.57,22.34,19.0,26.98,nasa,0.79
2004-12-31,0.83,23.21,18.28,28.28,nasa,0.79
2005-01-01,2.66,22.88,19.03,27.08,nasa,0.78
2005-01-02,1.99,21.11,17.57,24.61,nasa,0.78
2005-01-03,9.23,20.62,16.19,25.49,nasa,0.78
2005-01-04,21.87,20.54,17.58,23.69,nasa,0.8
2005-01-05,18.18,21.6,18.27,25.71,nasa,0.82
2005-01-06,7.1,21.85,18.86,26.15,nasa,0.83
2005-01-07,3.85,22.82,18.36,27.46,nasa,0.82
2005-01-08,9.22,22.77,17.8,27.06,nasa,0.81
2005-01-09,1.81,22.43,20.01,26.5,nasa,0.82
2005-01-10,3.21,23.03,18.54,28.09,nasa,0.8
2005-01-11,7.52,21.86,19.08,25.04,nasa,0.8
2005-01-12,4.91,22.07,18.64,25.62,nasa,0.81
2005-01-13,4.77,22.96,19.14,28.88,nasa,0.81
2005-01-14,0.9,23.0,18.21,28.5,nasa,0.8
2005-01-15,1.01,24.08,19.2,30.09,nasa,0.79
2005-01-16,1.58,24.05,20.97,28.61,nasa,0.78
2005-01-17,14.04,22.55,20.61,24.97,nasa,0.79
2005-01-18,11.95,22.36,19.04,25.95,nasa,0.81
2005-01-19,10.11,21.7,19.5,24.79,nasa,0.82
2005-01-20,8.03,21.95,18.54,25.78,nasa,0.82
2005-01-21,2.92,22.27,19.1,26.18,nasa,0.82
2005-01-22,4.25,21.81,18.41,25.61,nasa,0.82
2005-01-23,6.78,21.96,17.41,26.15,nasa,0.82
2005-01-24,2.41,23.41,18.39,28.45,nasa,0.81
2005-01-25,6.16,22.88,18.76,27.38,nasa,0.81
2005-01-26,9.15,23.12,19.75,27.43,nasa,0.81
2005-01-27,14.97,22.22,19.72,26.14,nasa,0.83
2005-01-28,9.03,21.98,18.9,25.34,nasa,0.83
2005-01-29,18.43,21.07,19.27,23.6,nasa,0.85
2005-01-30,4.6,21.57,18.13,25.31,nasa,0.84
2005-01-31,4.95,22.05,17.63,27.02,nasa,0.84
2005-02-01,15.16,20.39,17.64,23.96,nasa,0.85
2005-02-02,9.77,20.54,17.27,25.57,nasa,0.86
2005-02-03,7.19,21.79,17.29,26.58,nasa,0.85
2005-02-04,3.04,22.84,17.59,27.68,nasa,0.84
2005-02-05,9.99,22.56,17.97,27.88,nasa,0.84
2005-02-06,9.74,21.17,18.53,25.31,nasa,0.85
2005-02-07,0.25,20.07,16.58,24.78,nasa,0.84
2005-02-08,0.0,19.45,14.45,25.25,nasa,0.83
2005-02-09,0.0,18.85,13.63,24.94,nasa,0.82
2005-02-10,0.0,20.11,14.5,25.61,nasa,0.82
2005-02-11,0.96,21.06,14.07,27.0,nasa,0.81
2005-02-12,2.24,22.01,17.81,27.36,nasa,0.8
2005-02-13,0.41,20.95,16.0,26.99,nasa,0.8
2005-02-14,0.19,20.74,14.23,27.25,nasa,0.79
2005-02-15,0.21,21.25,14.24,27.47,nasa,0.78
2005-02-16,4.53,22.23,15.99,27.77,nasa,0.78
2005-02-17,3.62,22.63,16.83,28.03,nasa,0.78
2005-02-18,5.72,23.29,18.14,28.52,nasa,0.78
2005-02-19,8.07,23.24,19.72,26.97,nasa,0.79
2005-02-20,1.06,23.07,18.79,28.31,nasa,0.79
2005-02-21,0.09,22.32,17.74,27.75,nasa,0.78
2005-02-22,0.0,22.42,15.6,28.99,nasa,0.77
2005-02-23,0.0,22.91,16.11,29.27,nasa,0.77
2005-02-24,0.3,23.46,16.87,29.6,nasa,0.76
2005-02-25,6.9,23.6,18.05,29.86,nasa,0.75
2005-02-26,2.72,22.75,18.71,27.22,nasa,0.76
2005-02-27,20.33,22.57,18.72,26.39,nasa,0.77
2005-02-28,2.76,22.62,19.05,26.78,nasa,0.79
2005-03-01,1.92,23.05,19.21,27.77,nasa,0.78
2005-03-02,15.22,21.35,19.3,24.88,nasa,0.79
2005-03-03,17.32,20.32,18.96,22.73,nasa,0.82
2005-03-04,14.13,21.35,18.21,26.12,nasa,0.83
2005-03-05,1.5,22.05,16.41,28.38,nasa,0.83
2005-03-06,0.35,22.0,16.49,27.54,nasa,0.81
2005-03-07,1.41,22.73,17.82,28.34,nasa,0.8
2005-03-08,0.1,22.19,19.21,26.48,nasa,0.79
2005-03-09,1.97,23.07,18.31,28.35,nasa,0.79
2005-03-10,1.58,23.67,18.48,28.46,nasa,0.78
2005-03-11,1.89,23.3,19.41,27.95,nasa,0.78
2005-03-12,0.18,23.98,19.76,29.24,nasa,0.77
2005-03-13,0.49,23.24,18.4,28.58,nasa,0.77
2005-03-14,0.05,22.52,18.41,28.05,nasa,0.76
2005-03-15,17.61,22.68,19.21,27.36,nasa,0.77
2005-03-16,8.08,22.0,19.95,25.23,nasa,0.79
2005-03-17,22.75,21.98,18.97,26.08,nasa,0.8
2005-03-18,9.09,21.87,18.36,26.18,nasa,0.83
2005-03-19,4.56,21.3,18.4,25.36,nasa,0.82
2005-03-20,6.98,20.92,18.09,24.18,nasa,0.82
2005-03-21,7.45,20.62,17.8,24.81,nasa,0.83
2005-03-22,8.07,21.75,17.97,25.99,nasa,0.83
2005-03-23,2.99,22.17,18.33,26.8,nasa,0.82
2005-03-24,4.12,21.77,18.65,25.58,nasa,0.82
2005-03-25,1.35,22.51,17.83,27.49,nasa,0.82
2005-03-26,5.1,22.37,17.93,27.55,nasa,0.81
2005-03-27,1.98,21.83,19.66,25.2,nasa,0.81
2005-03-28,1.78,21.51,18.19,26.34,nasa,0.81
2005-03-29,1.97,21.16,17.07,26.38,nasa,0.8
2005-03-30,1.56,21.36,16.83,26.81,nasa,0.79
2005-03-31,0.0,21.11,15.83,26.75,nasa,0.79
2005-04-01,0.21,21.62,17.19,27.02,nasa,0.78
2005-04-02,0.25,21.94,18.05,27.25,nasa,0.78
2005-04-03,0.03,22.19,17.37,27.26,nasa,0.77
2005-04-04,0.0,22.47,16.84,27.77,nasa,0.76
2005-04-05,0.0,21.93,16.75,28.04,nasa,0.76
2005-04-06,0.0,21.0,15.78,27.49,nasa,0.75
2005-04-07,0.0,21.07,15.51,27.39,nasa,0.74
2005-04-08,0.0,21.84,15.23,28.16,nasa,0.74
2005-04-09,0.07,21.26,16.65,27.43,nasa,0.73
2005-04-10,0.0,20.71,15.25,27.23,nasa,0.73
2005-04-11,0.0,21.06,16.29,27.17,nasa,0.73
2005-04-12,0.0,21.06,15.31,27.5,nasa,0.72
2005-04-13,0.0,20.92,14.8,27.46,nasa,0.72
2005-04-14,0.0,20.83,17.05,26.31,nasa,0.71
2005-04-15,0.0,20.94,16.54,26.55,nasa,0.71
2005-04-16,0.0,21.12,14.83,27.62,nasa,0.71
2005-04-17,0.82,21.56,16.22,27.39,nasa,0.7
2005-04-18,0.02,21.32,17.23,26.89,nasa,0.7
2005-04-19,0.01,21.16,16.66,26.73,nasa,0.7
2005-04-20,0.41,20.64,16.3,25.54,nasa,0.7
2005-04-21,1.63,21.77,17.69,27.21,nasa,0.7
2005-04-22,0.81,21.99,16.6,27.98,nasa,0.7
2005-04-23,0.99,21.97,16.7,27.33,nasa,0.69
2005-04-24,0.04,22.22,16.29,27.9,nasa,0.69
2005-04-25,0.85,22.55,17.27,28.02,nasa,0.69
2005-04-26,6.63,20.93,18.45,23.79,nasa,0.7
2005-04-27,0.22,18.49,14.79,23.18,nasa,0.7
2005-04-28,1.73,19.47,14.84,25.23,nasa,0.7
2005-04-29,7.65,20.51,16.07,25.69,nasa,0.7
2005-04-30,1.26,20.2,16.42,25.86,nasa,0.71
2005-05-01,0.08,18.51,13.42,24.77,nasa,0.7
2005-05-02,0.0,16.53,11.86,23.15,nasa,0.7
2005-05-03,0.0,16.29,10.38,23.15,nasa,0.69
2005-05-04,0.0,16.4,10.9,23.2,nasa,0.69
2005-05-05,0.0,16.47,11.36,23.61,nasa,0.69
2005-05-06,0.0,16.96,11.49,23.81,nasa,0.68
2005-05-07,0.0,17.48,11.19,24.35,nasa,0.68
2005-05-08,0.0,18.17,11.89,25.47,nasa,0.68
2005-05-09,0.01,19.15,13.07,25.56,nasa,0.67
2005-05-10,0.0,19.17,14.71,24.93,nasa,0.67
2005-05-11,0.0,20.2,15.41,26.6,nasa,0.67
2005-05-12,0.0,19.65,14.49,26.33,nasa,0.67
2005-05-13,0.0,19.59,15.56,26.65,nasa,0.66
2005-05-14,0.0,18.98,14.76,25.86,nasa,0.66
2005-05-15,0.0,18.71,13.65,26.11,nasa,0.66
2005-05-16,0.0,19.22,13.05,26.15,nasa,0.66
2005-05-17,0.0,19.68,13.4,26.66,nasa,0.65
2005-05-18,0.0,19.99,13.25,27.07,nasa,0.65
2005-05-19,0.0,21.2,16.27,27.29,nasa,0.65
2005-05-20,0.0,21.08,16.28,27.4,nasa,0.65
2005-05-21,0.05,20.45,14.23,27.69,nasa,0.65
2005-05-22,6.54,19.87,16.61,24.52,nasa,0.65
2005-05-23,26.63,19.71,15.98,25.4,nasa,0.68
2005-05-24,0.24,20.06,16.23,26.34,nasa,0.7
2005-05-25,17.62,19.59,15.63,26.09,nasa,0.71
2005-05-26,1.72,17.54,13.03,23.61,nasa,0.72
2005-05-27,0.0,17.85,12.55,24.16,nasa,0.71
2005-05-28,0.0,17.24,12.81,23.41,nasa,0.71
2005-05-29,0.02,17.61,12.57,23.53,nasa,0.7
2005-05-30,0.34,18.99,15.91,24.02,nasa,0.7
2005-05-31,0.04,18.65,15.28,23.69,nasa,0.69
2005-06-01,0.0,17.57,14.93,22.94,nasa,0.69
2005-06-02,0.0,18.01,15.24,23.3,nasa,0.69
2005-06-03,0.0,18.07,14.51,24.29,nasa,0.68
2005-06-04,0.0,18.07,14.42,24.25,nasa,0.68
2005-06-05,0.0,17.77,13.52,24.03,nasa,0.68
2005-06-06,0.0,17.31,13.2,23.52,nasa,0.67
2005-06-07,0.0,17.4,13.27,23.65,nasa,0.67
2005-06-08,0.0,17.71,13.27,24.32,nasa,0.67
2005-06-09,0.0,17.02,11.88,23.88,nasa,0.66
2005-06-10,0.06,16.79,11.6,23.92,nasa,0.66
2005-06-11,0.2,17.41,13.24,24.02,nasa,0.66
2005-06-12,0.0,17.21,11.57,24.39,nasa,0.66
2005-06-13,0.0,17.58,11.98,24.29,nasa,0.66
2005-06-14,0.0,18.26,12.29,25.13,nasa,0.65
2005-06-15,0.01,17.77,11.77,25.04,nasa,0.65
2005-06-16,0.13,18.28,11.97,25.13,nasa,0.65
2005-06-17,0.0,19.7,12.34,26.81,nasa,0.65
2005-06-18,1.35,19.56,13.55,26.83,nasa,0.65
2005-06-19,7.55,18.99,13.36,25.18,nasa,0.66
2005-06-20,4.92,19.32,13.79,25.83,nasa,0.66
2005-06-21,2.25,18.95,14.43,25.28,nasa,0.67
2005-06-22,0.42,17.62,14.14,22.8,nasa,0.67
2005-06-23,0.12,16.73,13.2,21.92,nasa,0.66
2005-06-24,0.0,16.92,11.32,23.93,nasa,0.66
2005-06-25,0.0,15.68,9.4,23.77,nasa,0.66
2005-06-26,0.0,15.89,8.63,23.93,nasa,0.65
2005-06-27,0.0,16.28,9.95,22.99,nasa,0.65
2005-06-28,0.0,18.27,15.02,23.16,nasa,0.65
2005-06-29,0.0,18.64,13.79,25.53,nasa,0.65
2005-06-30,0.0,18.69,11.53,27.2,nasa,0.65
2005-07-01,0.0,18.65,13.01,26.19,nasa,0.65
2005-07-02,0.0,17.6,11.96,25.44,nasa,0.64
2005-07-03,0.0,17.52,10.41,26.01,nasa,0.64
2005-07-04,0.0,18.61,11.62,26.14,nasa,0.64
2005-07-05,0.0,18.84,14.0,26.01,nasa,0.64
2005-07-06,0.61,18.98,11.67,26.42,nasa,0.63
2005-07-07,0.18,18.29,13.22,25.25,nasa,0.63
2005-07-08,0.03,15.2,10.24,21.63,nasa,0.63
2005-07-09,0.0,13.25,7.97,20.85,nasa,0.63
2005-07-10,0.01,14.18,8.28,20.94,nasa,0.63
2005-07-11,0.02,16.28,12.52,22.24,nasa,0.63
2005-07-12,0.0,15.79,11.81,22.05,nasa,0.63
2005-07-13,0.0,15.78,10.04,23.86,nasa,0.63
2005-07-14,0.0,15.16,9.18,23.35,nasa,0.63
2005-07-15,0.0,15.65,9.09,23.7,nasa,0.63
2005-07-16,0.0,17.19,11.3,24.84,nasa,0.63
2005-07-17,0.0,18.7,11.2,27.96,nasa,0.62
2005-07-18,0.07,18.81,12.78,28.14,nasa,0.62
2005-07-19,3.99,16.35,10.28,25.01,nasa,0.63
2005-07-20,1.25,17.86,11.78,25.64,nasa,0.63
2005-07-21,0.11,18.46,13.39,25.83,nasa,0.63
2005-07-22,0.01,19.04,12.73,26.81,nasa,0.63
2005-07-23,0.0,19.71,12.77,27.79,nasa,0.62
2005-07-24,0.0,19.52,12.85,27.49,nasa,0.62
2005-07-25,0.07,19.72,13.6,27.64,nasa,0.62
2005-07-26,0.05,19.51,12.19,27.68,nasa,0.62
2005-07-27,0.04,19.7,13.02,27.04,nasa,0.62
2005-07-28,0.06,20.2,15.24,26.98,nasa,0.62
2005-07-29,0.0,19.68,14.33,26.99,nasa,0.61
2005-07-30,0.0,18.19,11.74,26.4,nasa,0.61
2005-07-31,0.0,18.35,12.01,26.6,nasa,0.61
2005-08-01,0.0,17.56,11.55,25.93,nasa,0.61
2005-08-02,0.0,17.23,10.52,26.33,nasa,0.61
2005-08-03,0.0,17.36,10.96,26.18,nasa,0.61
2005-08-04,0.0,17.46,10.84,26.28,nasa,0.61
2005-08-05,0.0,17.46,11.07,26.19,nasa,0.61
2005-08-06,0.0,18.03,10.48,27.11,nasa,0.6
2005-08-07,0.0,18.72,11.6,27.29,nasa,0.6
2005-08-08,0.0,19.42,11.02,27.15,nasa,0.6
2005-08-09,0.07,19.78,14.11,27.22,nasa,0.6
2005-08-10,0.04,18.16,11.13,27.54,nasa,0.6
2005-08-11,0.0,18.04,10.05,28.07,nasa,0.6
2005-08-12,0.0,19.16,10.79,29.56,nasa,0.6
2005-08-13,0.0,20.86,11.62,30.59,nasa,0.6
2005-08-14,0.08,21.67,13.7,30.26,nasa,0.6
2005-08-15,0.16,21.47,14.71,29.26,nasa,0.6
2005-08-16,0.0,20.39,13.96,28.73,nasa,0.59
2005-08-17,0.0,20.92,15.23,28.02,nasa,0.59
2005-08-18,0.55,22.34,14.59,30.21,nasa,0.59
2005-08-19,1.84,20.85,14.74,28.12,nasa,0.6
2005-08-20,0.09,20.27,14.39,27.85,nasa,0.6
2005-08-21,0.0,19.57,12.82,27.96,nasa,0.59
2005-08-22,0.0,19.57,13.09,28.08,nasa,0.59
2005-08-23,0.0,19.32,12.04,28.02,nasa,0.59
2005-08-24,0.0,21.39,12.3,29.82,nasa,0.59
2005-08-25,0.77,23.24,15.53,31.87,nasa,0.59
2005-08-26,1.25,22.85,18.14,29.06,nasa,0.59
2005-08-27,0.31,22.14,16.31,29.68,nasa,0.59
2005-08-28,0.0,22.74,15.9,31.66,nasa,0.59
2005-08-29,0.0,22.96,15.08,31.9,nasa,0.59
2005-08-30,0.0,24.81,16.43,33.5,nasa,0.59
2005-08-31,0.0,25.67,18.52,34.19,nasa,0.59
2005-09-01,0.51,24.83,16.88,32.63,nasa,0.59
2005-09-02,0.28,23.59,16.98,31.36,nasa,0.59
2005-09-03,6.87,23.9,18.0,31.54,nasa,0.59
2005-09-04,2.96,21.6,17.32,27.94,nasa,0.6
2005-09-05,0.07,23.71,17.41,31.39,nasa,0.6
2005-09-06,4.32,23.82,18.24,30.95,nasa,0.6
2005-09-07,0.77,22.4,18.22,28.52,nasa,0.61
2005-09-08,0.06,22.28,15.74,29.83,nasa,0.61
2005-09-09,0.0,22.13,16.15,29.66,nasa,0.6
2005-09-10,0.0,21.73,15.42,29.97,nasa,0.6
2005-09-11,0.0,22.04,15.65,30.17,nasa,0.6
2005-09-12,0.53,23.99,16.73,31.77,nasa,0.6
2005-09-13,0.81,23.02,17.15,30.19,nasa,0.59
2005-09-14,0.78,22.41,16.68,29.83,nasa,0.59
2005-09-15,0.04,22.72,17.48,29.81,nasa,0.59
2005-09-16,5.76,23.61,19.23,30.2,nasa,0.59
2005-09-17,8.72,24.47,18.44,31.69,nasa,0.61
2005-09-18,13.79,23.04,18.77,29.64,nasa,0.63
2005-09-19,1.84,23.23,18.4,29.86,nasa,0.64
2005-09-20,0.23,23.38,17.75,31.48,nasa,0.63
2005-09-21,0.04,21.51,13.59,32.15,nasa,0.63
2005-09-22,0.38,20.87,14.34,30.91,nasa,0.62
2005-09-23,0.3,21.24,14.6,29.22,nasa,0.62
2005-09-24,0.95,22.22,17.08,29.45,nasa,0.62
2005-09-25,12.83,23.05,16.7,29.81,nasa,0.62
2005-09-26,9.37,21.34,18.84,24.96,nasa,0.65
2005-09-27,13.08,21.45,16.97,27.07,nasa,0.66
2005-09-28,1.08,19.22,14.19,24.66,nasa,0.67
2005-09-29,0.0,20.07,14.34,26.85,nasa,0.66
2005-09-30,0.0,22.32,16.09,28.66,nasa,0.65
2005-10-01,0.42,23.12,16.44,29.39,nasa,0.64
2005-10-02,0.83,23.26,17.97,27.84,nasa,0.64
2005-10-03,0.02,24.0,17.75,30.96,nasa,0.64
2005-10-04,1.41,24.77,16.8,32.35,nasa,0.63
2005-10-05,23.27,24.16,20.45,29.01,nasa,0.64
2005-10-06,5.45,24.82,19.29,31.49,nasa,0.66
2005-10-07,0.56,24.84,18.97,31.9,nasa,0.66
2005-10-08,0.0,23.39,16.55,31.11,nasa,0.65
2005-10-09,0.0,23.08,14.68,32.22,nasa,0.64
2005-10-10,0.0,24.11,15.45,32.84,nasa,0.63
2005-10-11,0.0,24.31,15.93,33.6,nasa,0.63
2005-10-12,0.0,24.67,15.91,33.35,nasa,0.62
2005-10-13,0.0,25.6,16.86,34.51,nasa,0.61
2005-10-14,0.0,25.74,17.44,33.56,nasa,0.61
2005-10-15,0.33,27.49,19.93,35.51,nasa,0.61
2005-10-16,0.01,25.87,18.96,34.79,nasa,0.6
2005-10-17,0.0,26.49,17.85,35.53,nasa,0.6
2005-10-18,0.35,26.8,18.45,36.0,nasa,0.6
2005-10-19,10.1,23.97,19.56,29.83,nasa,0.6
2005-10-20,1.3,23.68,17.67,31.44,nasa,0.61
2005-10-21,0.2,24.46,18.38,30.62,nasa,0.61
2005-10-22,21.27,23.95,19.11,30.5,nasa,0.62
2005-10-23,2.8,23.28,17.47,30.2,nasa,0.64
2005-10-24,13.13,24.5,17.71,32.24,nasa,0.64
2005-10-25,10.61,24.97,18.93,31.88,nasa,0.67
2005-10-26,2.11,25.19,19.92,31.61,nasa,0.66
2005-10-27,1.74,25.65,19.06,32.82,nasa,0.65
2005-10-28,11.57,25.41,21.07,31.57,nasa,0.65
2005-10-29,2.04,25.56,19.74,32.74,nasa,0.66
2005-10-30,1.53,22.76,19.59,27.44,nasa,0.65
2005-10-31,5.49,22.61,18.43,28.14,nasa,0.65
2005-11-01,11.03,22.65,17.41,28.53,nasa,0.66
2005-11-02,15.06,21.25,18.28,25.67,nasa,0.68
2005-11-03,3.5,22.72,16.86,28.9,nasa,0.69
2005-11-04,1.13,21.56,18.89,25.25,nasa,0.68
2005-11-05,1.21,23.5,18.01,28.93,nasa,0.68
2005-11-06,0.68,24.06,18.09,29.72,nasa,0.67
2005-11-07,6.13,25.05,19.49,30.94,nasa,0.66
2005-11-08,12.71,23.44,18.75,29.37,nasa,0.68
2005-11-09,10.35,21.64,18.3,26.51,nasa,0.69
2005-11-10,11.81,20.59,17.95,24.08,nasa,0.7
2005-11-11,8.04,19.39,16.81,23.06,nasa,0.71
2005-11-12,1.31,20.34,15.9,26.08,nasa,0.71
2005-11-13,0.2,21.04,16.05,26.77,nasa,0.7
2005-11-14,1.14,21.6,16.49,27.49,nasa,0.69
2005-11-15,2.46,22.7,16.67,28.88,nasa,0.68
2005-11-16,3.15,23.13,17.05,29.24,nasa,0.67
2005-11-17,15.45,22.75,17.55,28.26,nasa,0.68
2005-11-18,7.41,22.52,17.82,27.31,nasa,0.69
2005-11-19,13.12,21.8,19.07,24.69,nasa,0.71
2005-11-20,5.98,22.65,18.88,26.24,nasa,0.72
2005-11-21,4.91,23.32,18.75,28.74,nasa,0.72
2005-11-22,4.5,22.14,18.18,26.91,nasa,0.71
2005-11-23,6.62,21.45,18.68,24.77,nasa,0.71
2005-11-24,7.95,21.53,18.2,26.12,nasa,0.72
2005-11-25,15.35,21.47,18.65,25.06,nasa,0.73
2005-11-26,22.71,20.57,18.63,23.02,nasa,0.76
2005-11-27,12.83,20.99,17.04,26.43,nasa,0.78
2005-11-28,8.03,20.59,17.39,24.37,nasa,0.77
2005-11-29,28.11,20.67,18.82,23.54,nasa,0.78
2005-11-30,24.44,19.13,17.56,21.11,nasa,0.82
2005-12-01,16.43,21.06,17.37,25.54,nasa,0.83
2005-12-02,16.13,21.45,17.54,25.94,nasa,0.83
2005-12-03,6.12,21.08,17.0,25.71,nasa,0.82
2005-12-04,1.37,21.11,15.24,26.72,nasa,0.81
2005-12-05,6.78,21.8,18.41,25.69,nasa,0.79
2005-12-06,19.88,21.96,18.97,25.51,nasa,0.8
2005-12-07,21.1,21.29,18.92,25.34,nasa,0.83
2005-12-08,14.27,17.8,15.48,19.99,nasa,0.84
2005-12-09,2.84,21.14,17.51,25.77,nasa,0.83
2005-12-10,7.7,21.31,18.92,25.01,nasa,0.82
2005-12-11,9.39,21.42,18.09,26.11,nasa,0.82
2005-12-12,8.88,19.82,17.55,22.8,nasa,0.83
2005-12-13,16.66,20.17,16.98,24.57,nasa,0.83
2005-12-14,10.23,21.86,17.73,26.64,nasa,0.84
2005-12-15,6.7,20.99,18.57,24.6,nasa,0.84
2005-12-16,1.49,20.09,16.6,23.66,nasa,0.83
2005-12-17,8.47,20.49,16.06,25.73,nasa,0.83
2005-12-18,6.19,21.18,17.38,26.37,nasa,0.82
2005-12-19,5.22,21.51,17.36,25.78,nasa,0.82
2005-12-20,1.54,21.8,16.66,26.87,nasa,0.82
2005-12-21,4.03,23.9,17.82,29.1,nasa,0.81
2005-12-22,12.37,21.71,19.21,25.29,nasa,0.81
2005-12-23,0.44,21.22,18.19,24.9,nasa,0.82
2005-12-24,6.09,22.9,15.8,28.47,nasa,0.81
2005-12-25,4.97,22.18,18.34,26.2,nasa,0.82
2005-12-26,9.42,20.11,17.48,24.8,nasa,0.82
2005-12-27,0.15,20.84,16.02,26.41,nasa,0.82
2005-12-28,3.6,20.84,16.34,26.3,nasa,0.81
2005-12-29,1.45,20.72,17.23,25.79,nasa,0.8
2005-12-30,0.89,21.05,16.41,26.29,nasa,0.8
2005-12-31,17.56,20.62,17.62,24.28,nasa,0.8
2006-01-01,6.72,21.23,16.95,25.58,nasa,0.82
2006-01-02,6.74,21.21,17.53,25.29,nasa,0.82
2006-01-03,15.24,21.42,18.38,25.17,nasa,0.83
2006-01-04,23.27,20.89,17.67,25.19,nasa,0.85
2006-01-05,45.42,20.34,18.33,23.41,nasa,0.88
2006-01-06,4.53,20.98,17.51,24.88,nasa,0.89
2006-01-07,2.57,21.72,17.55,25.57,nasa,0.87
2006-01-08,8.55,20.75,18.41,23.85,nasa,0.86
2006-01-09,1.21,20.48,16.94,24.84,nasa,0.86
2006-01-10,6.47,20.78,17.16,25.57,nasa,0.86
2006-01-11,0.29,20.32,16.64,25.05,nasa,0.85
2006-01-12,0.0,20.4,16.49,25.65,nasa,0.84
2006-01-13,0.0,20.99,16.89,26.58,nasa,0.83
2006-01-14,0.0,21.18,16.32,26.89,nasa,0.83
2006-01-15,0.0,22.06,16.41,27.69,nasa,0.82
2006-01-16,0.0,22.77,16.67,28.1,nasa,0.81
2006-01-17,0.77,22.19,19.18,25.8,nasa,0.8
2006-01-18,0.22,22.06,16.66,27.42,nasa,0.8
2006-01-19,0.05,21.9,16.23,27.43,nasa,0.79
2006-01-20,0.01,22.26,17.32,27.5,nasa,0.78
2006-01-21,0.0,21.46,16.25,27.49,nasa,0.78
2006-01-22,0.0,22.84,16.74,28.25,nasa,0.77
2006-01-23,0.11,24.4,18.63,29.38,nasa,0.76
2006-01-24,0.13,24.92,19.98,29.87,nasa,0.76
2006-01-25,1.13,25.26,20.11,30.91,nasa,0.75
2006-01-26,3.8,24.53,17.79,29.68,nasa,0.75
2006-01-27,3.81,24.18,18.71,29.31,nasa,0.75
2006-01-28,5.66,22.22,19.19,26.26,nasa,0.75
2006-01-29,29.15,20.94,17.31,25.17,nasa,0.78
2006-01-30,12.43,20.1,18.09,22.86,nasa,0.82
2006-01-31,1.84,21.56,17.17,26.86,nasa,0.82
2006-02-01,14.06,21.2,17.81,25.42,nasa,0.82
2006-02-02,6.26,21.58,17.68,26.41,nasa,0.82
2006-02-03,1.42,22.17,17.4,26.61,nasa,0.82
2006-02-04,0.0,22.7,17.63,28.06,nasa,0.8
2006-02-05,0.0,22.35,16.45,28.22,nasa,0.79
2006-02-06,0.01,23.05,18.13,28.04,nasa,0.78
2006-02-07,2.11,23.76,20.22,28.55,nasa,0.78
2006-02-08,2.74,23.44,18.74,28.71,nasa,0.78
2006-02-09,0.77,23.78,19.37,28.16,nasa,0.77
2006-02-10,3.58,23.82,19.43,28.68,nasa,0.77
2006-02-11,10.8,21.89,19.41,24.85,nasa,0.78
2006-02-12,11.1,21.2,18.67,24.88,nasa,0.8
2006-02-13,6.52,21.92,17.52,26.16,nasa,0.8
2006-02-14,8.85,22.87,18.89,27.17,nasa,0.81
2006-02-15,5.98,23.5,19.46,27.1,nasa,0.81
2006-02-16,1.22,23.82,18.9,27.58,nasa,0.8
2006-02-17,0.68,22.67,18.03,27.05,nasa,0.8
2006-02-18,0.02,23.29,17.89,28.94,nasa,0.79
2006-02-19,0.11,23.12,18.3,27.92,nasa,0.78
2006-02-20,0.9,23.87,19.48,27.86,nasa,0.77
2006-02-21,8.39,21.97,19.37,24.66,nasa,0.77
2006-02-22,3.78,22.21,17.3,28.08,nasa,0.78
2006-02-23,14.4,21.53,19.41,24.6,nasa,0.79
2006-02-24,6.69,22.11,19.22,26.17,nasa,0.8
2006-02-25,2.33,21.95,18.65,26.02,nasa,0.8
2006-02-26,8.72,22.23,18.98,26.38,nasa,0.8
2006-02-27,12.42,22.96,19.84,27.35,nasa,0.81
2006-02-28,7.39,23.06,19.01,26.72,nasa,0.82
2006-03-01,9.2,23.32,19.36,27.96,nasa,0.82
2006-03-02,3.94,23.03,20.06,26.65,nasa,0.82
2006-03-03,3.16,23.15,20.33,27.5,nasa,0.81
2006-03-04,2.81,23.25,19.68,27.9,nasa,0.81
2006-03-05,8.85,22.54,20.19,26.03,nasa,0.81
2006-03-06,16.61,22.37,18.99,26.07,nasa,0.83
2006-03-07,4.04,21.84,18.21,25.13,nasa,0.83
2006-03-08,5.7,22.77,18.48,26.61,nasa,0.83
2006-03-09,1.16,23.13,18.53,27.9,nasa,0.82
2006-03-10,9.02,23.55,19.31,28.23,nasa,0.82
2006-03-11,8.68,22.06,18.74,26.97,nasa,0.83
2006-03-12,3.84,20.73,17.74,24.91,nasa,0.82
2006-03-13,12.66,20.14,18.37,22.46,nasa,0.83
2006-03-14,15.67,20.55,17.73,24.45,nasa,0.85
2006-03-15,10.41,20.86,18.52,24.34,nasa,0.85
2006-03-16,6.65,21.06,18.83,24.59,nasa,0.86
2006-03-17,5.24,20.01,17.45,22.8,nasa,0.86
2006-03-18,11.65,20.97,16.76,25.98,nasa,0.86
2006-03-19,23.69,20.38,17.61,24.09,nasa,0.87
2006-03-20,2.56,21.51,16.98,26.8,nasa,0.87
2006-03-21,10.96,21.79,18.53,26.47,nasa,0.87
2006-03-22,0.97,21.53,17.03,26.62,nasa,0.86
2006-03-23,1.7,21.6,17.8,26.1,nasa,0.85
2006-03-24,0.35,22.12,17.12,27.62,nasa,0.85
2006-03-25,5.31,22.59,17.87,27.83,nasa,0.84
2006-03-26,16.82,22.43,18.96,26.91,nasa,0.85
2006-03-27,2.06,21.62,18.89,25.68,nasa,0.86
2006-03-28,1.32,21.59,17.72,26.58,nasa,0.85
2006-03-29,14.86,21.87,17.39,26.31,nasa,0.85
2006-03-30,1.5,22.47,18.58,27.0,nasa,0.85
2006-03-31,0.79,21.95,19.01,26.61,nasa,0.85
2006-04-01,0.95,21.34,18.0,26.04,nasa,0.84
2006-04-02,0.16,21.31,17.91,26.45,nasa,0.84
2006-04-03,1.5,20.91,16.89,26.03,nasa,0.83
2006-04-04,0.06,20.64,17.25,25.54,nasa,0.83
2006-04-05,6.96,19.65,16.5,23.67,nasa,0.83
2006-04-06,17.62,20.78,16.83,25.69,nasa,0.84
2006-04-07,1.39,20.81,17.76,24.7,nasa,0.85
2006-04-08,4.06,20.15,17.88,23.37,nasa,0.85
2006-04-09,7.47,20.73,16.77,25.59,nasa,0.85
2006-04-10,2.41,21.24,16.89,26.57,nasa,0.85
2006-04-11,3.97,21.55,17.21,27.13,nasa,0.84
2006-04-12,5.46,21.56,17.05,27.41,nasa,0.84
2006-04-13,1.25,21.39,16.54,27.43,nasa,0.84
2006-04-14,0.0,21.25,15.43,27.64,nasa,0.83
2006-04-15,0.0,21.42,16.39,26.48,nasa,0.83
2006-04-16,7.17,22.19,18.19,26.49,nasa,0.83
2006-04-17,23.03,21.37,19.29,24.85,nasa,0.84
2006-04-18,3.19,18.03,15.28,21.36,nasa,0.85
2006-04-19,0.16,18.62,15.43,23.57,nasa,0.85
2006-04-20,0.02,18.62,14.52,23.99,nasa,0.84
2006-04-21,0.09,19.03,13.5,24.9,nasa,0.83
2006-04-22,0.73,20.67,14.61,26.82,nasa,0.83
2006-04-23,0.33,21.07,15.85,26.46,nasa,0.82
2006-04-24,0.0,20.76,15.68,26.82,nasa,0.82
2006-04-25,0.09,19.87,16.03,25.4,nasa,0.81
2006-04-26,0.37,20.23,13.73,26.42,nasa,0.81
2006-04-27,0.03,19.62,14.62,26.03,nasa,0.8
2006-04-28,0.02,19.71,13.5,25.65,nasa,0.8
2006-04-29,0.0,20.42,13.42,25.66,nasa,0.79
2006-04-30,0.2,20.46,15.28,25.83,nasa,0.79
2006-05-01,0.54,20.2,14.74,25.5,nasa,0.79
2006-05-02,0.85,19.43,14.9,25.33,nasa,0.78
2006-05-03,0.15,17.43,12.31,24.48,nasa,0.78
2006-05-04,0.0,15.3,8.69,23.36,nasa,0.78
2006-05-05,0.0,15.49,8.26,24.27,nasa,0.77
2006-05-06,0.0,16.46,8.82,24.3,nasa,0.77
2006-05-07,0.0,17.58,11.42,23.5,nasa,0.77
2006-05-08,0.1,18.82,13.84,24.34,nasa,0.77
2006-05-09,0.39,18.79,14.32,23.99,nasa,0.76
2006-05-10,6.36,18.75,15.45,23.75,nasa,0.77
2006-05-11,0.06,16.29,10.67,22.69,nasa,0.77
2006-05-12,0.04,15.24,8.04,22.17,nasa,0.77
2006-05-13,0.0,16.26,8.71,23.06,nasa,0.76
2006-05-14,0.0,16.63,8.93,24.03,nasa,0.76
2006-05-15,0.0,17.13,9.9,24.34,nasa,0.76
2006-05-16,0.21,17.36,10.19,24.16,nasa,0.75
2006-05-17,0.0,16.48,9.5,23.6,nasa,0.75
2006-05-18,0.0,15.87,10.09,22.38,nasa,0.75
2006-05-19,0.0,15.28,8.86,21.92,nasa,0.74
2006-05-20,0.0,15.87,9.05,22.37,nasa,0.74
2006-05-21,0.24,16.27,11.99,21.65,nasa,0.74
2006-05-22,10.35,17.93,13.78,22.06,nasa,0.75
2006-05-23,1.79,18.88,14.62,23.37,nasa,0.76
2006-05-24,6.3,18.2,15.49,22.56,nasa,0.76
2006-05-25,0.53,18.51,14.45,23.53,nasa,0.77
2006-05-26,0.03,19.03,13.48,24.72,nasa,0.76
2006-05-27,0.0,19.24,12.63,24.96,nasa,0.76
2006-05-28,0.0,19.24,13.29,25.97,nasa,0.75
2006-05-29,0.0,17.98,11.48,25.5,nasa,0.74
2006-05-30,0.0,18.31,10.9,25.23,nasa,0.74
2006-05-31,0.0,17.88,11.89,25.24,nasa,0.74
2006-06-01,0.0,18.94,12.64,25.77,nasa,0.73
2006-06-02,0.0,17.36,12.53,23.9,nasa,0.73
2006-06-03,0.0,16.51,11.1,23.04,nasa,0.73
2006-06-04,0.0,16.29,10.74,22.47,nasa,0.72
2006-06-05,0.0,16.4,9.79,22.57,nasa,0.72
2006-06-06,0.0,16.55,10.74,23.35,nasa,0.72
2006-06-07,0.03,16.51,10.55,23.71,nasa,0.72
2006-06-08,0.13,15.59,10.04,22.6,nasa,0.71
2006-06-09,0.02,16.27,11.6,22.6,nasa,0.71
2006-06-10,0.0,17.0,12.43,22.84,nasa,0.71
2006-06-11,0.0,18.64,13.76,23.94,nasa,0.71
2006-06-12,0.0,18.11,11.61,24.82,nasa,0.71
2006-06-13,0.0,17.25,13.37,23.31,nasa,0.7
2006-06-14,0.0,16.51,12.11,23.26,nasa,0.7
2006-06-15,0.0,16.5,9.36,23.44,nasa,0.7
2006-06-16,0.0,16.78,11.89,23.96,nasa,0.7
2006-06-17,0.0,16.31,9.57,23.96,nasa,0.7
2006-06-18,0.0,16.11,10.3,23.34,nasa,0.69
2006-06-19,0.0,15.65,11.22,22.61,nasa,0.69
2006-06-20,0.0,15.82,11.47,22.0,nasa,0.69
2006-06-21,0.0,16.27,10.42,22.02,nasa,0.69
2006-06-22,1.29,16.93,10.72,23.68,nasa,0.69
2006-06-23,1.89,17.36,13.9,23.29,nasa,0.69
2006-06-24,0.0,15.79,9.67,22.49,nasa,0.69
2006-06-25,0.0,17.0,12.81,22.73,nasa,0.69
2006-06-26,1.95,17.51,12.46,23.8,nasa,0.69
2006-06-27,0.0,17.01,10.26,24.37,nasa,0.69
2006-06-28,0.05,14.32,7.92,22.87,nasa,0.69
2006-06-29,3.41,16.13,11.2,22.4,nasa,0.69
2006-06-30,0.12,17.08,13.37,22.61,nasa,0.69
2006-07-01,0.0,16.54,11.04,23.48,nasa,0.69
2006-07-02,0.29,16.17,10.04,22.93,nasa,0.69
2006-07-03,0.0,16.79,10.45,23.15,nasa,0.68
2006-07-04,0.0,15.72,11.59,21.33,nasa,0.68
2006-07-05,0.0,17.85,12.4,24.06,nasa,0.68
2006-07-06,0.0,16.23,12.29,22.43,nasa,0.68
2006-07-07,0.0,16.04,9.59,24.14,nasa,0.68
2006-07-08,0.0,17.51,9.88,25.86,nasa,0.67
2006-07-09,0.0,19.06,11.45,26.78,nasa,0.67
2006-07-10,0.11,20.12,13.87,27.59,nasa,0.67
2006-07-11,1.12,18.08,11.94,25.96,nasa,0.67
2006-07-12,0.0,16.41,10.5,24.24,nasa,0.67
2006-07-13,0.0,16.53,11.73,24.2,nasa,0.66
2006-07-14,0.0,15.62,10.12,23.49,nasa,0.66
2006-07-15,0.0,15.41,9.54,22.88,nasa,0.66
2006-07-16,0.0,15.46,9.01,22.68,nasa,0.66
2006-07-17,0.17,16.2,11.92,20.16,nasa,0.66
2006-07-18,0.0,17.45,10.75,23.38,nasa,0.66
2006-07-19,0.0,18.0,13.64,24.69,nasa,0.66
2006-07-20,0.0,18.36,10.68,25.43,nasa,0.65
2006-07-21,0.0,18.92,12.99,26.31,nasa,0.65
2006-07-22,0.0,17.6,10.09,26.22,nasa,0.65
2006-07-23,0.0,18.26,10.89,26.08,nasa,0.65
2006-07-24,0.0,18.64,13.08,26.73,nasa,0.64
2006-07-25,0.0,18.43,10.45,26.66,nasa,0.64
2006-07-26,0.0,19.19,11.01,27.31,nasa,0.64
2006-07-27,0.0,20.43,12.84,28.29,nasa,0.64
2006-07-28,0.0,21.31,13.94,29.18,nasa,0.64
2006-07-29,1.21,20.96,13.38,29.35,nasa,0.63
2006-07-30,0.09,20.48,15.11,27.87,nasa,0.63
2006-07-31,0.82,20.67,16.45,26.58,nasa,0.63
2006-08-01,0.36,21.34,15.04,27.37,nasa,0.63
2006-08-02,0.04,21.07,16.96,27.05,nasa,0.63
2006-08-03,0.0,20.83,14.4,26.92,nasa,0.63
2006-08-04,0.0,21.25,13.65,28.29,nasa,0.63
2006-08-05,0.0,20.93,13.92,28.61,nasa,0.63
2006-08-06,0.0,20.04,12.69,28.58,nasa,0.63
2006-08-07,0.0,19.51,12.69,28.14,nasa,0.62
2006-08-08,0.0,18.21,11.28,27.39,nasa,0.62
2006-08-09,0.0,18.32,10.76,27.49,nasa,0.62
2006-08-10,0.0,21.51,13.46,29.8,nasa,0.62
2006-08-11,0.0,20.29,13.55,29.22,nasa,0.62
2006-08-12,0.0,19.37,12.71,27.77,nasa,0.62
2006-08-13,0.0,19.3,12.74,27.75,nasa,0.62
2006-08-14,0.0,20.17,13.09,28.67,nasa,0.62
2006-08-15,0.0,20.96,13.5,30.31,nasa,0.61
2006-08-16,0.0,21.52,13.73,30.15,nasa,0.61
2006-08-17,0.0,22.34,14.48,31.76,nasa,0.61
2006-08-18,0.0,22.13,14.53,30.84,nasa,0.61
2006-08-19,0.11,22.52,14.4,30.97,nasa,0.61
2006-08-20,2.86,21.61,16.36,28.75,nasa,0.61
2006-08-21,0.0,19.62,12.46,29.5,nasa,0.61
2006-08-22,0.01,17.97,9.14,28.8,nasa,0.61
2006-08-23,2.09,19.14,11.01,27.33,nasa,0.61
2006-08-24,0.1,21.08,14.56,29.65,nasa,0.61
2006-08-25,0.0,20.63,14.66,28.66,nasa,0.61
2006-08-26,5.31,20.72,14.71,28.74,nasa,0.61
2006-08-27,0.88,20.99,15.31,28.6,nasa,0.62
2006-08-28,7.04,20.08,15.66,26.12,nasa,0.62
2006-08-29,0.06,20.61,15.12,27.79,nasa,0.63
2006-08-30,0.09,18.77,11.51,27.1,nasa,0.63
2006-08-31,1.01,18.98,12.7,26.56,nasa,0.62
2006-09-01,9.3,21.43,15.3,29.3,nasa,0.63
2006-09-02,1.18,21.68,17.13,27.33,nasa,0.64
2006-09-03,1.07,21.31,16.55,28.38,nasa,0.64
2006-09-04,0.1,18.45,12.07,26.4,nasa,0.63
2006-09-05,0.02,16.73,9.51,25.98,nasa,0.63
2006-09-06,0.16,18.59,9.11,28.2,nasa,0.63
2006-09-07,0.1,20.07,13.46,27.29,nasa,0.62
2006-09-08,0.0,19.93,12.89,28.64,nasa,0.62
2006-09-09,0.0,19.62,11.75,28.12,nasa,0.62
2006-09-10,0.1,19.79,13.45,27.75,nasa,0.62
2006-09-11,0.03,20.89,13.31,30.36,nasa,0.61
2006-09-12,0.07,21.22,13.52,30.8,nasa,0.61
2006-09-13,0.08,21.01,12.11,31.17,nasa,0.61
2006-09-14,0.08,21.16,11.94,31.22,nasa,0.6
2006-09-15,0.15,22.39,13.49,31.94,nasa,0.6
2006-09-16,0.06,23.36,15.41,32.95,nasa,0.6
2006-09-17,0.98,23.17,14.39,32.65,nasa,0.6
2006-09-18,0.4,24.21,16.58,33.43,nasa,0.6
2006-09-19,0.03,24.29,17.02,31.9,nasa,0.6
2006-09-20,12.79,24.83,20.31,31.24,nasa,0.6
2006-09-21,16.03,22.31,18.35,26.77,nasa,0.63
2006-09-22,7.46,22.93,19.08,29.01,nasa,0.65
2006-09-23,6.64,23.3,17.8,28.8,nasa,0.66
2006-09-24,1.41,21.3,18.29,25.04,nasa,0.66
2006-09-25,0.26,22.28,16.98,28.11,nasa,0.66
2006-09-26,0.22,22.39,17.38,28.72,nasa,0.65
2006-09-27,0.02,20.86,15.68,27.94,nasa,0.65
2006-09-28,0.0,20.87,13.44,28.03,nasa,0.64
2006-09-29,0.04,22.54,15.23,29.73,nasa,0.64
2006-09-30,5.02,23.22,18.88,30.14,nasa,0.63
2006-10-01,3.07,21.51,17.84,27.3,nasa,0.64
2006-10-02,3.89,20.47,17.53,25.12,nasa,0.64
2006-10-03,2.05,21.22,16.53,25.5,nasa,0.65
2006-10-04,13.26,22.91,16.74,29.26,nasa,0.66
2006-10-05,34.83,22.02,18.91,27.05,nasa,0.68
2006-10-06,22.86,21.24,18.63,24.24,nasa,0.72
2006-10-07,7.28,20.19,18.19,22.67,nasa,0.74
2006-10-08,7.13,20.73,16.8,25.1,nasa,0.74
2006-10-09,3.36,20.99,17.6,25.67,nasa,0.73
2006-10-10,0.44,19.46,16.42,22.71,nasa,0.72
2006-10-11,3.77,20.88,15.61,27.48,nasa,0.71
2006-10-12,9.38,21.7,17.95,26.57,nasa,0.71
2006-10-13,9.5,22.03,17.86,27.66,nasa,0.72
2006-10-14,4.09,21.23,17.5,26.65,nasa,0.72
2006-10-15,6.54,22.15,17.3,27.4,nasa,0.72
2006-10-16,6.5,22.54,16.84,28.41,nasa,0.72
2006-10-17,10.47,22.9,17.93,28.16,nasa,0.72
2006-10-18,11.12,22.75,18.15,27.63,nasa,0.73
2006-10-19,17.2,21.98,19.6,25.9,nasa,0.75
2006-10-20,5.63,22.16,18.18,26.65,nasa,0.75
2006-10-21,0.18,20.88,16.12,26.33,nasa,0.74
2006-10-22,0.28,21.33,16.55,26.95,nasa,0.73
2006-10-23,1.03,21.36,16.89,27.3,nasa,0.72
2006-10-24,0.11,18.79,15.01,23.62,nasa,0.71
2006-10-25,0.79,20.44,15.88,26.42,nasa,0.71
2006-10-26,0.06,21.95,15.68,28.68,nasa,0.7
2006-10-27,0.22,22.9,16.38,29.64,nasa,0.69
2006-10-28,0.76,22.6,18.82,26.99,nasa,0.69
2006-10-29,0.0,22.37,15.95,30.57,nasa,0.68
2006-10-30,0.0,22.67,13.05,31.48,nasa,0.67
2006-10-31,5.43,23.74,16.76,30.65,nasa,0.67
2006-11-01,11.54,23.45,18.6,29.73,nasa,0.67
2006-11-02,15.49,21.65,19.23,25.35,nasa,0.7
2006-11-03,8.38,21.93,18.65,26.18,nasa,0.72
2006-11-04,3.67,22.68,18.47,27.22,nasa,0.72
2006-11-05,6.01,22.42,18.76,27.11,nasa,0.72
2006-11-06,3.93,21.91,17.82,26.88,nasa,0.72
2006-11-07,8.4,22.95,18.37,27.99,nasa,0.72
2006-11-08,7.43,22.05,18.62,26.41,nasa,0.73
2006-11-09,11.11,22.0,19.6,25.87,nasa,0.74
2006-11-10,13.04,19.55,14.71,25.67,nasa,0.76
2006-11-11,1.79,17.8,12.68,23.59,nasa,0.75
2006-11-12,0.41,18.16,13.75,23.42,nasa,0.74
2006-11-13,2.34,18.01,13.05,23.94,nasa,0.73
2006-11-14,0.69,19.85,14.1,26.1,nasa,0.72
2006-11-15,0.47,20.74,16.91,26.35,nasa,0.72
2006-11-16,0.24,22.29,17.3,28.08,nasa,0.71
2006-11-17,0.0,22.64,15.6,29.43,nasa,0.7
2006-11-18,0.56,23.6,16.25,30.23,nasa,0.69
2006-11-19,12.3,23.81,19.07,28.7,nasa,0.69
2006-11-20,15.41,23.45,19.79,28.76,nasa,0.71
2006-11-21,2.29,22.93,18.99,27.58,nasa,0.72
2006-11-22,0.41,23.67,17.85,29.71,nasa,0.71
2006-11-23,0.18,23.24,16.56,29.66,nasa,0.7
2006-11-24,0.15,22.82,18.23,28.11,nasa,0.69
2006-11-25,18.24,22.89,18.97,27.67,nasa,0.7
2006-11-26,7.77,21.93,19.16,25.66,nasa,0.72
2006-11-27,5.89,22.5,18.48,27.52,nasa,0.73
2006-11-28,3.6,22.3,19.72,26.61,nasa,0.73
2006-11-29,4.9,22.71,18.37,27.72,nasa,0.73
2006-11-30,7.57,23.41,18.95,28.55,nasa,0.73
2006-12-01,8.04,22.6,19.09,27.24,nasa,0.73
2006-12-02,4.49,21.19,16.88,26.91,nasa,0.73
2006-12-03,8.02,22.42,18.63,27.64,nasa,0.73
2006-12-04,8.47,22.6,18.0,27.17,nasa,0.74
2006-12-05,7.33,21.84,19.18,25.6,nasa,0.74
2006-12-06,2.22,21.3,18.75,25.08,nasa,0.74
2006-12-07,6.18,21.79,17.82,26.35,nasa,0.74
2006-12-08,12.77,21.88,18.7,26.23,nasa,0.75
2006-12-09,12.31,21.42,18.53,24.6,nasa,0.76
2006-12-10,9.57,22.47,18.71,27.54,nasa,0.77
2006-12-11,11.16,22.21,18.26,26.46,nasa,0.78
2006-12-12,6.37,21.56,19.1,24.58,nasa,0.78
2006-12-13,19.68,21.06,19.07,23.51,nasa,0.79
2006-12-14,10.2,20.97,19.25,23.49,nasa,0.8
2006-12-15,11.86,21.9,18.85,26.02,nasa,0.8
2006-12-16,10.61,21.28,19.11,25.08,nasa,0.81
2006-12-17,13.81,21.81,19.1,25.76,nasa,0.81
2006-12-18,11.1,21.78,19.43,25.81,nasa,0.82
2006-12-19,4.8,22.23,19.45,26.27,nasa,0.81
2006-12-20,5.17,21.95,18.88,25.56,nasa,0.81
2006-12-21,5.12,21.87,18.76,26.06,nasa,0.8
2006-12-22,1.45,23.76,17.66,29.09,nasa,0.8
2006-12-23,8.36,23.16,19.99,26.16,nasa,0.79
2006-12-24,3.8,23.94,18.77,29.6,nasa,0.79
2006-12-25,1.59,23.22,19.45,27.19,nasa,0.79
2006-12-26,0.97,23.68,18.65,28.2,nasa,0.78
2006-12-27,14.35,22.44,18.66,27.05,nasa,0.78
2006-12-28,7.73,22.59,18.91,27.3,nasa,0.8
2006-12-29,6.27,22.42,18.27,27.27,nasa,0.8
2006-12-30,8.0,21.7,19.81,24.82,nasa,0.8
2006-12-31,19.9,21.34,18.79,24.9,nasa,0.82
2007-01-01,13.44,20.61,18.61,23.63,nasa,0.84
2007-01-02,10.34,20.56,17.91,23.71,nasa,0.84
2007-01-03,6.06,21.62,17.55,26.55,nasa,0.84
2007-01-04,20.04,21.26,17.96,25.32,nasa,0.84
2007-01-05,7.69,21.04,19.0,23.93,nasa,0.85
2007-01-06,12.54,20.31,18.4,23.32,nasa,0.85
2007-01-07,10.19,21.93,18.49,26.97,nasa,0.86
2007-01-08,0.89,22.61,18.06,27.24,nasa,0.85
2007-01-09,3.3,23.28,19.31,26.91,nasa,0.84
2007-01-10,1.25,23.54,18.87,27.98,nasa,0.83
2007-01-11,6.34,24.14,20.11,28.64,nasa,0.83
2007-01-12,5.81,24.02,20.11,28.61,nasa,0.83
2007-01-13,18.06,22.37,20.05,25.58,nasa,0.84
2007-01-14,9.13,22.23,19.8,26.39,nasa,0.85
2007-01-15,9.19,22.44,18.91,26.83,nasa,0.85
2007-01-16,19.15,22.54,19.63,26.24,nasa,0.86
2007-01-17,6.78,22.07,18.7,25.6,nasa,0.87
2007-01-18,3.84,23.07,18.5,27.64,nasa,0.86
2007-01-19,0.37,24.47,18.89,29.07,nasa,0.85
2007-01-20,13.12,23.55,20.69,26.94,nasa,0.85
2007-01-21,1.98,22.32,20.07,24.85,nasa,0.86
2007-01-22,3.83,22.48,19.06,26.77,nasa,0.85
2007-01-23,10.69,21.4,19.05,25.05,nasa,0.85
2007-01-24,12.96,21.47,17.32,26.48,nasa,0.86
2007-01-25,16.97,22.42,18.75,27.2,nasa,0.87
2007-01-26,14.85,22.42,19.89,26.24,nasa,0.88
2007-01-27,12.48,21.6,19.57,24.85,nasa,0.89
2007-01-28,14.57,21.54,18.8,24.61,nasa,0.89
2007-01-29,13.66,21.76,19.13,25.37,nasa,0.9
2007-01-30,11.75,21.6,19.44,24.73,nasa,0.9
2007-01-31,7.48,21.75,18.85,25.65,nasa,0.9
2007-02-01,1.85,22.03,18.08,26.14,nasa,0.89
2007-02-02,8.85,22.26,18.17,26.33,nasa,0.88
2007-02-03,12.91,22.72,19.46,27.05,nasa,0.89
2007-02-04,7.63,23.02,18.98,27.61,nasa,0.9
2007-02-05,4.72,22.08,19.86,25.02,nasa,0.89
2007-02-06,19.52,21.16,19.57,23.55,nasa,0.9
2007-02-07,8.03,21.75,19.49,25.15,nasa,0.91
2007-02-08,2.19,22.19,19.32,25.48,nasa,0.9
2007-02-09,0.07,21.76,17.48,27.13,nasa,0.89
2007-02-10,0.0,22.71,16.57,27.54,nasa,0.88
2007-02-11,3.68,23.2,18.24,28.42,nasa,0.88
2007-02-12,18.64,21.32,18.86,24.52,nasa,0.89
2007-02-13,11.73,20.59,17.63,24.78,nasa,0.91
2007-02-14,2.29,22.31,18.14,26.94,nasa,0.9
2007-02-15,0.86,22.47,18.93,27.0,nasa,0.89
2007-02-16,0.79,21.91,16.29,27.79,nasa,0.88
2007-02-17,1.25,23.27,16.73,28.77,nasa,0.88
2007-02-18,4.28,22.98,18.17,27.96,nasa,0.87
2007-02-19,5.01,21.64,18.58,26.08,nasa,0.87
2007-02-20,7.14,20.58,18.42,22.99,nasa,0.88
2007-02-21,1.06,20.87,17.7,26.0,nasa,0.88
2007-02-22,0.1,20.97,16.35,26.77,nasa,0.87
2007-02-23,0.0,21.19,16.29,26.81,nasa,0.86
2007-02-24,3.54,21.42,17.01,26.47,nasa,0.86
2007-02-25,2.56,20.75,16.68,25.34,nasa,0.86
2007-02-26,3.96,21.06,17.38,25.53,nasa,0.86
2007-02-27,4.09,20.52,18.32,23.45,nasa,0.86
2007-02-28,1.01,21.14,18.35,25.14,nasa,0.86
2007-03-01,0.01,21.24,17.31,26.84,nasa,0.86
2007-03-02,0.0,21.09,15.98,26.91,nasa,0.85
2007-03-03,0.0,20.83,17.19,26.48,nasa,0.84
2007-03-04,0.0,20.48,16.37,25.99,nasa,0.84
2007-03-05,0.14,20.34,14.8,26.47,nasa,0.83
2007-03-06,0.01,21.19,15.57,26.93,nasa,0.83
2007-03-07,0.46,21.89,17.62,27.3,nasa,0.82
2007-03-08,0.01,21.26,15.93,27.15,nasa,0.82
2007-03-09,0.68,21.29,15.31,27.31,nasa,0.81
2007-03-10,0.53,21.27,15.76,26.72,nasa,0.8
2007-03-11,0.27,20.83,14.93,27.29,nasa,0.8
2007-03-12,0.0,21.12,14.77,27.45,nasa,0.79
2007-03-13,1.7,21.46,16.86,26.88,nasa,0.79
2007-03-14,3.73,21.54,17.27,26.6,nasa,0.79
2007-03-15,0.7,21.81,17.37,26.55,nasa,0.79
2007-03-16,9.88,22.5,18.17,27.29,nasa,0.79
2007-03-17,8.96,21.44,18.71,24.69,nasa,0.81
2007-03-18,7.58,21.22,18.76,24.88,nasa,0.82
2007-03-19,6.57,21.41,17.64,26.69,nasa,0.82
2007-03-20,4.51,21.35,18.07,25.39,nasa,0.82
2007-03-21,2.01,22.39,18.09,27.0,nasa,0.82
2007-03-22,1.0,22.95,17.75,27.52,nasa,0.81
2007-03-23,0.01,22.5,17.57,28.67,nasa,0.8
2007-03-24,0.0,21.88,16.65,28.14,nasa,0.8
2007-03-25,0.0,21.69,16.12,28.11,nasa,0.79
2007-03-26,0.0,21.35,15.33,28.02,nasa,0.78
2007-03-27,0.0,21.17,15.08,27.94,nasa,0.78
2007-03-28,0.0,21.94,15.37,28.55,nasa,0.77
2007-03-29,0.0,21.83,16.42,27.72,nasa,0.76
2007-03-30,0.0,22.04,16.89,27.45,nasa,0.76
2007-03-31,0.0,22.11,16.99,27.14,nasa,0.75
2007-04-01,0.02,22.64,17.57,28.43,nasa,0.75
2007-04-02,0.0,21.39,15.81,27.75,nasa,0.74
2007-04-03,0.0,21.64,16.1,27.18,nasa,0.74
2007-04-04,0.0,22.56,16.97,28.36,nasa,0.73
2007-04-05,2.65,22.9,17.68,28.12,nasa,0.73
2007-04-06,4.17,22.72,18.9,27.59,nasa,0.73
2007-04-07,0.61,22.26,17.36,27.79,nasa,0.73
2007-04-08,16.15,21.62,17.43,26.61,nasa,0.74
2007-04-09,6.53,21.57,17.99,26.58,nasa,0.76
2007-04-10,0.56,21.7,16.73,27.09,nasa,0.76
2007-04-11,0.0,21.28,16.64,26.79,nasa,0.75
2007-04-12,0.0,21.18,16.81,26.29,nasa,0.75
2007-04-13,0.0,20.99,15.83,26.79,nasa,0.74
2007-04-14,0.8,20.74,16.23,26.69,nasa,0.73
2007-04-15,0.36,20.88,15.51,26.57,nasa,0.73
2007-04-16,1.72,21.04,15.97,26.64,nasa,0.72
2007-04-17,4.02,20.21,15.81,25.16,nasa,0.73
2007-04-18,0.09,19.97,15.35,25.68,nasa,0.73
2007-04-19,0.28,20.45,16.44,25.59,nasa,0.72
2007-04-20,1.02,20.04,16.55,24.99,nasa,0.72
2007-04-21,14.4,18.96,16.68,21.87,nasa,0.73
2007-04-22,3.81,20.05,16.36,25.22,nasa,0.75
2007-04-23,0.03,21.08,16.54,26.46,nasa,0.75
2007-04-24,0.33,21.23,16.09,26.7,nasa,0.74
2007-04-25,0.02,21.52,16.47,27.01,nasa,0.73
2007-04-26,1.96,21.96,16.3,27.29,nasa,0.73
2007-04-27,6.28,21.72,17.65,26.62,nasa,0.73
2007-04-28,1.87,19.62,16.31,24.76,nasa,0.73
2007-04-29,0.05,19.62,15.66,24.94,nasa,0.73
2007-04-30,0.0,20.46,14.58,26.89,nasa,0.72
2007-05-01,0.0,19.81,14.76,26.29,nasa,0.72
2007-05-02,0.0,18.39,12.17,26.05,nasa,0.71
2007-05-03,0.0,18.03,11.25,26.09,nasa,0.71
2007-05-04,0.0,18.35,12.96,25.23,nasa,0.7
2007-05-05,0.0,18.54,14.52,24.71,nasa,0.7
2007-05-06,0.0,18.16,12.69,25.03,nasa,0.69
2007-05-07,0.0,20.2,14.95,26.49,nasa,0.69
2007-05-08,0.0,20.8,14.17,27.27,nasa,0.69
2007-05-09,0.16,20.72,16.12,26.87,nasa,0.68
2007-05-10,0.05,16.42,11.12,22.52,nasa,0.68
2007-05-11,0.0,16.41,10.87,23.22,nasa,0.68
2007-05-12,0.0,18.05,11.67,25.16,nasa,0.68
2007-05-13,0.0,18.56,12.61,25.61,nasa,0.67
2007-05-14,0.0,19.8,14.57,26.78,nasa,0.67
2007-05-15,0.8,20.89,15.19,27.29,nasa,0.67
2007-05-16,0.07,19.86,14.6,26.27,nasa,0.67
2007-05-17,0.0,19.73,14.15,26.41,nasa,0.67
2007-05-18,0.0,19.99,16.38,25.9,nasa,0.67
2007-05-19,0.0,20.69,15.26,26.74,nasa,0.66
2007-05-20,0.0,18.78,13.14,26.11,nasa,0.66
2007-05-21,0.0,19.15,14.31,25.48,nasa,0.66
2007-05-22,3.7,20.41,15.09,26.53,nasa,0.66
2007-05-23,4.27,19.62,15.22,26.04,nasa,0.66
2007-05-24,0.75,15.29,9.2,21.9,nasa,0.67
2007-05-25,0.03,14.09,7.64,22.35,nasa,0.67
2007-05-26,0.0,16.04,8.39,24.42,nasa,0.66
2007-05-27,0.47,18.18,12.86,25.92,nasa,0.66
2007-05-28,0.74,17.26,13.03,23.21,nasa,0.66
2007-05-29,0.09,17.74,13.58,24.38,nasa,0.66
2007-05-30,0.0,15.89,10.35,23.87,nasa,0.66
2007-05-31,0.0,15.22,8.24,23.49,nasa,0.66
2007-06-01,0.0,16.88,11.23,24.51,nasa,0.66
2007-06-02,1.36,18.56,12.1,26.08,nasa,0.65
2007-06-03,0.47,19.06,13.56,25.23,nasa,0.65
2007-06-04,0.0,14.58,7.31,23.33,nasa,0.65
2007-06-05,0.17,15.47,7.57,25.26,nasa,0.65
2007-06-06,0.0,17.19,11.11,25.81,nasa,0.65
2007-06-07,0.0,19.08,12.96,27.21,nasa,0.65
2007-06-08,0.0,19.14,12.15,27.23,nasa,0.64
2007-06-09,0.0,18.41,11.77,26.4,nasa,0.64
2007-06-10,0.0,18.11,11.5,25.97,nasa,0.64
2007-06-11,0.0,17.42,10.21,25.66,nasa,0.64
2007-06-12,0.0,18.07,10.52,26.06,nasa,0.64
2007-06-13,0.0,18.14,10.46,26.18,nasa,0.64
2007-06-14,0.0,19.61,13.65,27.63,nasa,0.63
2007-06-15,0.0,20.04,13.12,27.64,nasa,0.63
2007-06-16,0.0,20.42,12.51,28.14,nasa,0.63
2007-06-17,0.0,19.02,11.21,26.73,nasa,0.63
2007-06-18,0.0,18.65,11.52,26.83,nasa,0.63
2007-06-19,0.0,17.41,11.6,25.62,nasa,0.63
2007-06-20,0.0,16.61,10.9,24.85,nasa,0.63
2007-06-21,0.0,16.95,10.02,25.3,nasa,0.63
2007-06-22,0.0,16.94,10.63,25.49,nasa,0.62
2007-06-23,0.0,17.09,9.69,25.54,nasa,0.62
2007-06-24,0.0,19.62,14.08,26.9,nasa,0.62
2007-06-25,0.0,17.88,11.32,26.47,nasa,0.62
2007-06-26,0.0,17.58,11.64,25.03,nasa,0.62
2007-06-27,0.0,17.86,10.89,25.86,nasa,0.62
2007-06-28,0.0,19.2,11.7,26.86,nasa,0.62
2007-06-29,0.0,19.95,13.26,26.86,nasa,0.62
2007-06-30,0.0,19.92,13.95,26.11,nasa,0.62
2007-07-01,0.0,19.07,12.37,27.17,nasa,0.62
2007-07-02,0.0,18.01,10.49,26.56,nasa,0.62
2007-07-03,0.0,17.31,9.64,25.89,nasa,0.61
2007-07-04,0.0,17.56,9.87,25.19,nasa,0.61
2007-07-05,0.0,18.15,11.63,25.93,nasa,0.61
2007-07-06,0.0,17.73,11.24,25.99,nasa,0.61
2007-07-07,0.0,17.44,10.41,25.63,nasa,0.61
2007-07-08,0.0,18.14,10.78,26.61,nasa,0.61
2007-07-09,0.0,19.48,13.61,27.6,nasa,0.61
2007-07-10,0.0,19.25,12.41,27.52,nasa,0.61
2007-07-11,3.35,20.12,13.56,27.81,nasa,0.62
2007-07-12,0.1,18.55,12.37,26.34,nasa,0.61
2007-07-13,0.22,17.5,11.61,25.26,nasa,0.61
2007-07-14,0.0,19.34,11.6,27.08,nasa,0.61
2007-07-15,0.0,21.04,14.59,29.01,nasa,0.61
2007-07-16,0.0,21.33,13.89,29.21,nasa,0.61
2007-07-17,0.0,19.77,12.94,27.96,nasa,0.61
2007-07-18,0.46,19.26,13.22,27.67,nasa,0.61
2007-07-19,0.0,17.28,10.94,26.53,nasa,0.61
2007-07-20,0.0,18.97,9.42,28.75,nasa,0.61
2007-07-21,0.0,20.15,12.72,29.15,nasa,0.6
2007-07-22,0.0,20.22,12.92,28.6,nasa,0.6
2007-07-23,1.15,21.65,14.09,30.53,nasa,0.6
2007-07-24,2.75,22.22,16.47,28.8,nasa,0.61
2007-07-25,1.13,20.31,13.28,29.19,nasa,0.61
2007-07-26,0.0,16.84,9.27,26.05,nasa,0.61
2007-07-27,10.34,18.24,13.26,25.19,nasa,0.61
2007-07-28,5.32,19.36,15.32,25.61,nasa,0.63
2007-07-29,0.21,16.5,12.02,22.03,nasa,0.63
2007-07-30,0.0,14.56,8.86,22.4,nasa,0.63
2007-07-31,0.0,15.09,8.04,23.71,nasa,0.63
2007-08-01,0.0,16.38,8.71,25.75,nasa,0.63
2007-08-02,0.11,17.11,9.34,26.22,nasa,0.62
2007-08-03,0.0,18.01,9.88,26.66,nasa,0.62
2007-08-04,0.0,18.57,10.69,26.78,nasa,0.62
2007-08-05,0.0,19.98,12.29,28.49,nasa,0.61
2007-08-06,0.0,18.61,12.02,27.45,nasa,0.61
2007-08-07,0.0,18.84,10.71,27.57,nasa,0.61
2007-08-08,0.0,20.09,12.34,29.06,nasa,0.61
2007-08-09,0.0,18.72,12.56,27.64,nasa,0.61
2007-08-10,0.0,18.66,12.39,26.97,nasa,0.6
2007-08-11,0.0,18.94,11.79,27.98,nasa,0.6
2007-08-12,0.0,18.75,12.49,27.37,nasa,0.6
2007-08-13,0.0,18.34,11.87,26.94,nasa,0.6
2007-08-14,0.0,18.23,11.58,26.74,nasa,0.6
2007-08-15,0.0,17.39,11.27,26.16,nasa,0.6
2007-08-16,0.0,17.33,10.48,26.5,nasa,0.6
2007-08-17,0.0,18.35,11.28,27.91,nasa,0.6
2007-08-18,0.0,18.56,11.49,28.26,nasa,0.59
2007-08-19,0.0,19.02,11.37,27.91,nasa,0.59
2007-08-20,1.94,19.57,10.85,29.15,nasa,0.6
2007-08-21,0.0,20.6,12.75,30.37,nasa,0.59
2007-08-22,0.0,19.84,12.87,29.0,nasa,0.59
2007-08-23,0.0,19.59,12.85,28.96,nasa,0.59
2007-08-24,0.0,19.64,11.6,29.59,nasa,0.59
2007-08-25,0.0,20.78,12.42,30.75,nasa,0.59
2007-08-26,0.0,22.26,12.93,32.31,nasa,0.59
2007-08-27,0.0,24.43,18.52,33.45,nasa,0.59
2007-08-28,0.0,23.94,15.07,33.66,nasa,0.59
2007-08-29,0.0,23.46,16.53,31.74,nasa,0.59
2007-08-30,0.07,21.83,15.84,29.45,nasa,0.59
2007-08-31,0.58,20.2,13.84,28.68,nasa,0.59
2007-09-01,0.0,20.92,13.12,30.25,nasa,0.59
2007-09-02,0.0,22.49,14.08,31.19,nasa,0.59
2007-09-03,0.2,23.23,16.74,30.65,nasa,0.59
2007-09-04,0.72,22.05,15.6,28.78,nasa,0.59
2007-09-05,0.0,20.83,14.25,28.65,nasa,0.59
2007-09-06,0.16,21.15,14.31,29.25,nasa,0.59
2007-09-07,0.07,21.75,15.36,30.17,nasa,0.59
2007-09-08,0.0,21.27,13.95,30.16,nasa,0.59
2007-09-09,0.0,20.82,13.11,30.04,nasa,0.59
2007-09-10,0.0,20.85,13.82,29.49,nasa,0.58
2007-09-11,0.0,21.83,14.18,29.99,nasa,0.58
2007-09-12,0.3,21.83,14.88,29.73,nasa,0.58
2007-09-13,0.0,22.11,14.66,30.02,nasa,0.58
2007-09-14,0.0,22.13,14.71,30.75,nasa,0.58
2007-09-15,0.0,23.46,14.46,32.99,nasa,0.58
2007-09-16,0.0,24.9,15.61,34.15,nasa,0.58
2007-09-17,0.0,25.2,17.37,34.72,nasa,0.58
2007-09-18,0.0,24.07,16.39,33.41,nasa,0.58
2007-09-19,0.0,25.48,17.5,34.27,nasa,0.58
2007-09-20,0.01,26.01,17.38,35.27,nasa,0.58
2007-09-21,0.0,24.97,17.93,34.01,nasa,0.58
2007-09-22,0.0,24.43,17.02,34.05,nasa,0.58
2007-09-23,0.0,24.99,15.62,35.14,nasa,0.58
2007-09-24,0.0,27.03,17.04,37.13,nasa,0.58
2007-09-25,0.29,26.13,19.57,33.55,nasa,0.58
2007-09-26,0.0,23.89,16.72,31.34,nasa,0.58
2007-09-27,0.0,23.47,16.29,31.36,nasa,0.58
2007-09-28,1.35,25.0,16.8,32.97,nasa,0.58
2007-09-29,3.72,25.68,18.68,32.66,nasa,0.59
2007-09-30,2.02,24.01,19.73,29.83,nasa,0.59
2007-10-01,0.1,22.61,16.65,29.32,nasa,0.59
2007-10-02,1.49,22.11,16.36,28.65,nasa,0.59
2007-10-03,0.0,22.2,14.96,30.77,nasa,0.59
2007-10-04,0.0,23.01,15.2,31.77,nasa,0.59
2007-10-05,0.0,24.06,16.77,32.87,nasa,0.59
2007-10-06,0.0,25.0,16.49,33.42,nasa,0.59
2007-10-07,0.0,26.06,17.95,33.94,nasa,0.58
2007-10-08,0.0,25.71,18.11,34.07,nasa,0.58
2007-10-09,0.0,24.04,16.51,32.78,nasa,0.58
2007-10-10,0.0,23.74,16.01,32.79,nasa,0.58
2007-10-11,0.0,23.97,15.7,33.12,nasa,0.58
2007-10-12,0.0,25.56,17.31,34.8,nasa,0.58
2007-10-13,0.04,27.25,19.07,35.72,nasa,0.58
2007-10-14,0.91,28.29,22.25,35.43,nasa,0.58
2007-10-15,0.23,27.3,20.47,34.99,nasa,0.58
2007-10-16,0.0,27.08,18.59,35.58,nasa,0.58
2007-10-17,0.8,29.38,20.55,37.99,nasa,0.58
2007-10-18,3.97,27.82,21.88,36.1,nasa,0.59
2007-10-19,1.64,24.95,20.61,31.76,nasa,0.59
2007-10-20,1.83,24.99,19.89,30.61,nasa,0.59
2007-10-21,4.57,27.63,22.1,34.37,nasa,0.59
2007-10-22,4.71,25.08,20.4,30.47,nasa,0.6
2007-10-23,1.06,22.49,18.22,27.59,nasa,0.6
2007-10-24,16.92,20.31,17.81,24.4,nasa,0.61
2007-10-25,9.35,21.53,16.44,28.02,nasa,0.65
2007-10-26,0.2,21.94,17.79,27.41,nasa,0.64
2007-10-27,0.0,24.62,17.67,31.98,nasa,0.63
2007-10-28,0.0,26.57,18.33,34.64,nasa,0.62
2007-10-29,0.83,27.46,20.72,35.14,nasa,0.62
2007-10-30,2.81,27.44,21.98,34.52,nasa,0.62
2007-10-31,0.56,23.72,20.7,27.7,nasa,0.61
2007-11-01,4.61,25.62,20.38,33.32,nasa,0.61
2007-11-02,0.98,24.17,20.57,28.17,nasa,0.62
2007-11-03,15.42,24.42,19.15,30.46,nasa,0.63
2007-11-04,14.61,23.61,18.73,29.79,nasa,0.65
2007-11-05,19.62,23.0,19.24,28.27,nasa,0.67
2007-11-06,3.23,22.35,18.68,27.16,nasa,0.68
2007-11-07,1.7,23.4,17.77,29.81,nasa,0.67
2007-11-08,3.63,21.06,17.76,25.52,nasa,0.67
2007-11-09,1.48,20.03,17.17,23.65,nasa,0.66
2007-11-10,6.92,22.7,17.97,28.84,nasa,0.66
2007-11-11,2.37,23.57,17.38,30.22,nasa,0.66
2007-11-12,26.36,22.57,19.69,26.58,nasa,0.68
2007-11-13,2.32,22.87,19.02,28.06,nasa,0.7
2007-11-14,14.28,22.81,17.76,27.92,nasa,0.7
2007-11-15,0.48,22.34,18.57,26.45,nasa,0.7
2007-11-16,1.88,23.09,18.34,29.41,nasa,0.69
2007-11-17,0.09,22.49,15.72,29.62,nasa,0.68
2007-11-18,0.0,23.75,16.78,29.71,nasa,0.67
2007-11-19,3.23,23.6,17.54,30.03,nasa,0.66
2007-11-20,4.24,23.1,17.74,29.61,nasa,0.66
2007-11-21,1.18,23.05,18.58,28.55,nasa,0.66
2007-11-22,0.24,22.48,19.09,27.73,nasa,0.66
2007-11-23,0.53,23.28,17.4,29.83,nasa,0.65
2007-11-24,0.82,24.46,17.18,31.51,nasa,0.64
2007-11-25,5.18,23.04,19.68,26.79,nasa,0.64
2007-11-26,4.3,23.33,18.88,28.55,nasa,0.65
2007-11-27,1.7,24.3,18.87,30.38,nasa,0.65
2007-11-28,0.37,24.53,17.65,32.21,nasa,0.64
2007-11-29,3.95,23.83,18.23,30.39,nasa,0.64
2007-11-30,1.39,23.99,18.33,30.95,nasa,0.64
2007-12-01,0.56,24.77,17.86,32.33,nasa,0.63
2007-12-02,0.76,25.93,18.25,33.56,nasa,0.62
2007-12-03,2.58,26.57,18.81,33.42,nasa,0.62
2007-12-04,9.7,24.61,20.62,29.76,nasa,0.63
2007-12-05,6.14,23.07,19.18,27.34,nasa,0.64
2007-12-06,3.24,24.09,18.23,30.13,nasa,0.64
2007-12-07,10.04,23.71,19.69,28.84,nasa,0.65
2007-12-08,16.84,23.41,20.09,28.42,nasa,0.67
2007-12-09,5.75,23.3,18.99,29.31,nasa,0.68
2007-12-10,13.76,22.79,19.64,27.05,nasa,0.69
2007-12-11,7.74,21.77,19.28,24.52,nasa,0.7
2007-12-12,7.01,23.61,18.75,29.05,nasa,0.7
2007-12-13,12.46,23.46,18.67,29.06,nasa,0.7
2007-12-14,21.82,23.01,18.89,27.94,nasa,0.72
2007-12-15,9.64,22.84,18.59,28.12,nasa,0.73
2007-12-16,0.79,22.55,16.8,28.39,nasa,0.72
2007-12-17,0.15,23.63,18.47,29.32,nasa,0.7
2007-12-18,3.85,23.37,16.47,29.09,nasa,0.69
2007-12-19,31.74,22.24,18.4,27.25,nasa,0.71
2007-12-20,34.79,21.01,18.76,24.2,nasa,0.77
2007-12-21,20.01,20.91,19.32,24.11,nasa,0.8
2007-12-22,13.39,20.45,18.43,22.92,nasa,0.8
2007-12-23,3.42,20.9,18.54,24.38,nasa,0.8
2007-12-24,7.18,20.92,17.7,24.45,nasa,0.78
2007-12-25,0.34,20.96,17.15,24.62,nasa,0.78
2007-12-26,0.05,20.89,17.24,25.66,nasa,0.76
2007-12-27,0.04,21.6,15.58,27.73,nasa,0.74
2007-12-28,0.0,22.17,15.89,28.0,nasa,0.73
2007-12-29,0.29,23.24,17.38,28.47,nasa,0.72
2007-12-30,0.0,23.43,16.0,29.2,nasa,0.71
2007-12-31,0.22,25.12,18.53,30.13,nasa,0.7
2008-01-01,0.41,25.07,19.64,31.0,nasa,0.69
2008-01-02,0.01,24.71,18.77,30.42,nasa,0.68
2008-01-03,0.0,24.27,17.66,30.83,nasa,0.67
2008-01-04,0.0,24.81,17.71,31.0,nasa,0.66
2008-01-05,3.05,23.61,16.93,30.51,nasa,0.66
2008-01-06,9.52,22.46,18.38,27.72,nasa,0.66
2008-01-07,9.69,21.77,17.84,25.92,nasa,0.69
2008-01-08,2.68,22.97,17.77,28.76,nasa,0.68
2008-01-09,3.14,23.01,19.15,28.36,nasa,0.68
2008-01-10,12.81,22.64,17.14,28.37,nasa,0.68
2008-01-11,9.9,23.06,18.72,27.86,nasa,0.71
2008-01-12,8.97,22.87,19.52,27.59,nasa,0.71
2008-01-13,5.2,21.46,18.98,24.72,nasa,0.72
2008-01-14,2.35,20.97,17.4,25.66,nasa,0.72
2008-01-15,1.96,19.93,16.04,24.71,nasa,0.71
2008-01-16,0.65,21.04,16.16,26.52,nasa,0.71
2008-01-17,0.95,22.12,16.87,27.68,nasa,0.7
2008-01-18,3.62,22.72,17.66,27.55,nasa,0.69
2008-01-19,6.75,22.79,18.36,27.36,nasa,0.7
2008-01-20,7.84,21.78,19.46,25.53,nasa,0.7
2008-01-21,21.99,21.14,18.47,24.52,nasa,0.73
2008-01-22,7.91,21.38,17.69,25.8,nasa,0.74
2008-01-23,11.52,21.27,18.22,25.69,nasa,0.75
2008-01-24,7.71,21.46,18.31,26.2,nasa,0.75
2008-01-25,17.88,21.4,17.85,26.05,nasa,0.76
2008-01-26,10.46,21.25,18.94,25.08,nasa,0.78
2008-01-27,17.41,21.31,19.12,24.85,nasa,0.78
2008-01-28,17.53,20.18,18.53,22.56,nasa,0.8
2008-01-29,13.11,19.88,17.63,24.06,nasa,0.81
2008-01-30,13.16,20.64,18.35,24.17,nasa,0.82
2008-01-31,9.28,22.47,18.83,27.07,nasa,0.81
2008-02-01,9.35,23.45,19.08,27.81,nasa,0.81
2008-02-02,18.29,23.29,19.51,27.11,nasa,0.81
2008-02-03,20.11,21.42,19.71,24.05,nasa,0.83
2008-02-04,36.26,21.39,19.71,24.86,nasa,0.87
2008-02-05,31.57,20.07,18.02,22.66,nasa,0.89
2008-02-06,11.82,20.76,16.77,26.39,nasa,0.88
2008-02-07,16.67,21.2,18.17,25.71,nasa,0.88
2008-02-08,2.3,22.26,17.67,27.01,nasa,0.87
2008-02-09,8.29,22.82,17.01,27.8,nasa,0.86
2008-02-10,0.62,23.57,18.88,28.31,nasa,0.85
2008-02-11,0.34,23.19,18.38,28.43,nasa,0.83
2008-02-12,2.52,23.07,18.72,26.68,nasa,0.83
2008-02-13,0.36,22.59,18.58,26.81,nasa,0.82
2008-02-14,2.55,22.84,18.41,27.47,nasa,0.82
2008-02-15,0.08,21.97,18.23,26.92,nasa,0.81
2008-02-16,0.12,21.26,17.51,25.89,nasa,0.8
2008-02-17,0.95,21.33,17.88,26.21,nasa,0.8
2008-02-18,8.71,21.51,16.68,26.46,nasa,0.8
2008-02-19,2.11,21.86,17.98,26.87,nasa,0.8
2008-02-20,4.9,22.24,17.88,27.17,nasa,0.8
2008-02-21,10.95,20.53,17.89,23.34,nasa,0.81
2008-02-22,4.04,21.46,17.02,26.86,nasa,0.82
2008-02-23,10.54,21.86,17.75,27.0,nasa,0.82
2008-02-24,7.9,20.7,18.41,23.56,nasa,0.83
2008-02-25,4.87,21.2,17.84,25.18,nasa,0.83
2008-02-26,6.01,22.45,18.44,27.28,nasa,0.83
2008-02-27,1.18,21.95,18.1,26.69,nasa,0.83
2008-02-28,9.3,21.47,18.05,25.32,nasa,0.82
2008-02-29,9.28,20.83,17.93,24.68,nasa,0.83
2008-03-01,18.24,21.06,18.21,24.57,nasa,0.85
2008-03-02,5.36,21.92,18.27,26.53,nasa,0.86
2008-03-03,0.19,22.42,16.44,28.31,nasa,0.84
2008-03-04,0.79,22.53,17.39,28.16,nasa,0.83
2008-03-05,0.45,23.02,17.46,27.9,nasa,0.82
2008-03-06,9.07,22.94,19.25,27.31,nasa,0.82
2008-03-07,11.28,22.2,19.18,26.26,nasa,0.83
2008-03-08,1.75,21.76,18.61,26.45,nasa,0.84
2008-03-09,3.56,22.06,17.22,26.56,nasa,0.83
2008-03-10,5.71,22.56,18.39,26.9,nasa,0.83
2008-03-11,3.27,21.49,18.23,24.57,nasa,0.83
2008-03-12,10.73,20.89,17.9,23.92,nasa,0.83
2008-03-13,12.88,21.8,18.76,26.14,nasa,0.84
2008-03-14,16.12,21.03,17.58,25.39,nasa,0.86
2008-03-15,48.97,20.8,17.63,24.92,nasa,0.88
2008-03-16,6.09,21.17,18.28,25.56,nasa,0.9
2008-03-17,14.14,20.98,17.2,25.96,nasa,0.89
2008-03-18,0.71,20.42,16.32,25.82,nasa,0.88
2008-03-19,4.95,20.41,16.02,25.86,nasa,0.87
2008-03-20,2.62,20.85,16.86,25.8,nasa,0.86
2008-03-21,0.93,20.72,16.97,25.9,nasa,0.86
2008-03-22,1.17,20.76,15.77,25.63,nasa,0.85
2008-03-23,2.84,20.89,18.24,24.56,nasa,0.85
2008-03-24,1.01,21.83,16.89,27.15,nasa,0.85
2008-03-25,12.34,21.72,17.93,26.34,nasa,0.85
2008-03-26,5.77,21.54,17.77,26.19,nasa,0.86
2008-03-27,1.52,21.22,17.29,26.55,nasa,0.86
2008-03-28,0.06,21.29,15.98,27.44,nasa,0.85
2008-03-29,0.18,21.7,16.93,27.36,nasa,0.84
2008-03-30,0.29,20.64,16.24,26.16,nasa,0.83
2008-03-31,0.0,20.16,16.18,25.31,nasa,0.83
2008-04-01,0.0,20.31,15.52,25.94,nasa,0.82
2008-04-02,0.13,20.6,15.61,25.26,nasa,0.82
2008-04-03,2.27,21.41,17.41,26.52,nasa,0.82
2008-04-04,13.45,20.37,17.87,24.17,nasa,0.83
2008-04-05,9.03,20.26,18.18,23.24,nasa,0.84
2008-04-06,15.05,20.32,18.1,22.57,nasa,0.86
2008-04-07,7.66,21.27,18.74,24.09,nasa,0.87
2008-04-08,11.29,21.6,18.02,25.94,nasa,0.87
2008-04-09,0.37,22.41,17.77,27.25,nasa,0.87
2008-04-10,5.75,22.8,18.08,27.99,nasa,0.86
2008-04-11,5.29,22.86,18.08,27.35,nasa,0.86
2008-04-12,0.41,23.07,18.5,28.7,nasa,0.85
2008-04-13,2.85,21.94,16.58,27.74,nasa,0.85
2008-04-14,10.99,21.58,17.97,26.25,nasa,0.85
2008-04-15,1.17,21.36,17.98,26.46,nasa,0.86
2008-04-16,31.83,20.74,17.46,25.5,nasa,0.86
2008-04-17,9.96,20.81,16.74,26.12,nasa,0.89
2008-04-18,3.31,21.14,17.37,25.79,nasa,0.87
2008-04-19,6.33,20.17,17.87,23.85,nasa,0.87
2008-04-20,11.67,20.26,17.45,24.12,nasa,0.88
2008-04-21,10.04,20.41,16.01,24.7,nasa,0.88
2008-04-22,1.16,20.42,16.8,24.58,nasa,0.88
2008-04-23,3.97,20.21,16.73,23.84,nasa,0.88
2008-04-24,0.01,20.03,15.38,26.11,nasa,0.87
2008-04-25,0.0,18.88,13.39,25.49,nasa,0.86
2008-04-26,0.0,18.91,13.3,25.5,nasa,0.86
2008-04-27,0.0,19.19,13.62,26.21,nasa,0.85
2008-04-28,0.0,20.15,12.62,26.61,nasa,0.85
2008-04-29,0.0,22.06,17.65,27.47,nasa,0.84
2008-04-30,2.85,22.04,18.88,26.76,nasa,0.84
2008-05-01,8.57,18.9,15.25,22.48,nasa,0.84
2008-05-02,3.59,18.94,15.4,23.7,nasa,0.85
2008-05-03,1.07,18.96,14.24,24.3,nasa,0.85
2008-05-04,0.03,17.57,11.66,25.07,nasa,0.85
2008-05-05,0.0,18.47,13.21,25.23,nasa,0.84
2008-05-06,0.0,16.83,12.05,23.28,nasa,0.84
2008-05-07,0.0,14.72,8.9,22.52,nasa,0.83
2008-05-08,0.0,15.32,8.1,23.48,nasa,0.83
2008-05-09,0.0,17.46,10.23,24.6,nasa,0.82
2008-05-10,0.0,18.1,12.55,23.5,nasa,0.82
2008-05-11,0.0,18.59,13.72,24.04,nasa,0.82
2008-05-12,0.0,17.9,14.16,22.38,nasa,0.82
2008-05-13,0.82,17.52,14.13,22.15,nasa,0.81
2008-05-14,0.03,17.93,12.42,23.11,nasa,0.81
2008-05-15,0.01,18.84,13.11,24.34,nasa,0.81
2008-05-16,0.0,19.03,13.62,25.47,nasa,0.8
2008-05-17,0.01,17.71,15.19,21.59,nasa,0.8
2008-05-18,0.04,18.48,14.16,24.44,nasa,0.8
2008-05-19,0.0,18.59,13.0,25.26,nasa,0.8
2008-05-20,0.0,17.39,11.67,24.16,nasa,0.79
2008-05-21,0.36,17.67,11.29,24.27,nasa,0.79
2008-05-22,0.0,18.65,12.86,24.9,nasa,0.79
2008-05-23,0.0,18.21,11.35,24.53,nasa,0.78
2008-05-24,0.0,17.39,11.52,24.14,nasa,0.78
2008-05-25,0.0,17.13,11.56,23.94,nasa,0.78
2008-05-26,0.0,18.45,13.1,24.69,nasa,0.78
2008-05-27,0.0,18.74,11.98,24.66,nasa,0.77
2008-05-28,0.0,17.96,12.82,24.43,nasa,0.77
2008-05-29,0.15,19.22,12.78,25.38,nasa,0.77
2008-05-30,0.4,19.53,16.2,25.5,nasa,0.77
2008-05-31,0.11,18.21,15.32,23.21,nasa,0.77
2008-06-01,8.04,17.68,12.42,23.76,nasa,0.77
2008-06-02,1.5,17.13,13.6,22.79,nasa,0.78
2008-06-03,0.0,16.81,12.99,22.03,nasa,0.77
2008-06-04,0.0,17.95,12.29,23.18,nasa,0.77
2008-06-05,0.0,18.01,11.83,24.26,nasa,0.77
2008-06-06,0.0,17.82,12.12,24.3,nasa,0.76
2008-06-07,0.0,17.44,11.64,24.35,nasa,0.76
2008-06-08,0.0,17.34,11.25,23.86,nasa,0.76
2008-06-09,0.0,17.45,10.69,23.75,nasa,0.75
2008-06-10,0.0,19.35,14.49,24.64,nasa,0.75
2008-06-11,0.0,18.7,13.63,24.71,nasa,0.75
2008-06-12,0.0,17.7,12.46,23.67,nasa,0.74
2008-06-13,0.0,17.29,10.98,24.06,nasa,0.74
2008-06-14,0.0,17.42,10.84,24.32,nasa,0.74
2008-06-15,0.0,18.12,13.91,24.09,nasa,0.74
2008-06-16,0.0,17.63,12.46,24.13,nasa,0.73
2008-06-17,0.0,17.28,12.29,22.77,nasa,0.73
2008-06-18,0.0,17.38,10.77,23.72,nasa,0.73
2008-06-19,0.0,17.68,11.51,24.0,nasa,0.73
2008-06-20,0.0,18.78,13.9,24.72,nasa,0.73
2008-06-21,0.0,19.18,14.46,24.96,nasa,0.72
2008-06-22,0.0,19.01,14.34,25.05,nasa,0.72
2008-06-23,0.54,18.83,13.84,24.62,nasa,0.72
2008-06-24,4.09,17.97,14.23,23.12,nasa,0.72
2008-06-25,1.16,17.17,12.97,23.37,nasa,0.73
2008-06-26,0.31,15.92,11.8,22.32,nasa,0.72
2008-06-27,0.0,15.75,11.89,22.02,nasa,0.72
2008-06-28,0.0,16.09,10.09,22.61,nasa,0.72
2008-06-29,0.0,16.68,9.9,23.31,nasa,0.72
2008-06-30,0.0,17.18,11.23,22.98,nasa,0.71
2008-07-01,0.0,17.08,10.49,24.21,nasa,0.71
2008-07-02,0.0,17.26,10.03,24.16,nasa,0.71
2008-07-03,0.23,17.23,11.78,23.27,nasa,0.71
2008-07-04,0.0,17.17,12.49,23.53,nasa,0.71
2008-07-05,0.0,16.22,9.92,23.96,nasa,0.7
2008-07-06,0.0,15.95,10.22,23.48,nasa,0.7
2008-07-07,0.0,15.42,8.84,23.12,nasa,0.7
2008-07-08,0.0,14.86,7.73,22.83,nasa,0.7
2008-07-09,0.0,13.93,7.31,22.05,nasa,0.69
2008-07-10,0.0,14.64,8.61,21.89,nasa,0.69
2008-07-11,0.0,15.49,10.45,22.25,nasa,0.69
2008-07-12,0.0,15.19,10.16,22.57,nasa,0.69
2008-07-13,0.0,13.85,8.64,21.83,nasa,0.69
2008-07-14,0.0,13.2,6.57,21.53,nasa,0.69
2008-07-15,0.0,13.94,7.92,22.39,nasa,0.68
2008-07-16,0.0,13.69,6.97,22.12,nasa,0.68
2008-07-17,0.0,14.9,7.15,22.8,nasa,0.68
2008-07-18,0.0,17.02,9.44,24.74,nasa,0.68
2008-07-19,0.0,18.14,11.55,26.43,nasa,0.68
2008-07-20,0.0,18.31,11.24,26.19,nasa,0.67
2008-07-21,0.01,16.95,9.84,25.01,nasa,0.67
2008-07-22,0.0,17.29,9.65,24.8,nasa,0.67
2008-07-23,0.0,18.72,12.05,26.17,nasa,0.67
2008-07-24,0.0,18.91,14.2,26.43,nasa,0.66
2008-07-25,0.0,18.73,12.08,27.18,nasa,0.66
2008-07-26,0.0,18.12,12.52,26.26,nasa,0.66
2008-07-27,0.0,18.12,13.21,25.37,nasa,0.66
2008-07-28,0.0,17.55,10.82,25.45,nasa,0.66
2008-07-29,0.0,16.79,8.98,25.33,nasa,0.65
2008-07-30,0.0,16.43,8.11,24.6,nasa,0.65
2008-07-31,0.01,18.37,11.01,26.52,nasa,0.65
2008-08-01,0.0,18.76,12.5,26.64,nasa,0.65
2008-08-02,0.0,19.14,12.08,27.4,nasa,0.65
2008-08-03,0.0,19.69,13.59,28.19,nasa,0.64
2008-08-04,0.65,20.19,14.22,26.77,nasa,0.64
2008-08-05,5.41,20.71,16.7,26.51,nasa,0.65
2008-08-06,0.0,21.0,14.98,28.27,nasa,0.65
2008-08-07,0.0,21.59,17.02,28.05,nasa,0.65
2008-08-08,0.0,21.6,15.33,28.3,nasa,0.65
2008-08-09,0.0,21.79,15.88,28.61,nasa,0.64
2008-08-10,0.04,21.93,14.21,28.79,nasa,0.64
2008-08-11,0.31,20.07,13.67,28.32,nasa,0.64
2008-08-12,0.0,20.41,13.26,28.06,nasa,0.64
2008-08-13,0.0,19.77,12.57,28.3,nasa,0.63
2008-08-14,0.0,18.91,11.75,27.34,nasa,0.63
2008-08-15,0.0,18.78,12.38,27.17,nasa,0.63
2008-08-16,0.0,18.76,11.03,27.55,nasa,0.63
2008-08-17,0.0,19.66,13.32,27.35,nasa,0.63
2008-08-18,0.0,19.49,11.93,28.11,nasa,0.63
2008-08-19,0.0,18.76,11.84,28.01,nasa,0.62
2008-08-20,0.0,18.55,11.49,27.74,nasa,0.62
2008-08-21,0.0,18.66,11.22,27.44,nasa,0.62
2008-08-22,0.01,20.07,12.0,28.49,nasa,0.62
2008-08-23,0.0,18.71,11.66,27.56,nasa,0.62
2008-08-24,0.0,19.12,12.49,27.13,nasa,0.62
2008-08-25,0.0,20.13,13.73,28.1,nasa,0.62
2008-08-26,0.0,21.17,12.75,29.86,nasa,0.61
2008-08-27,0.0,21.26,12.63,30.0,nasa,0.61
2008-08-28,0.0,21.7,12.73,30.52,nasa,0.61
2008-08-29,0.0,22.19,15.03,31.64,nasa,0.61
2008-08-30,0.63,21.34,15.29,30.65,nasa,0.61
2008-08-31,0.17,19.68,15.51,26.21,nasa,0.61
2008-09-01,0.0,20.24,12.97,29.24,nasa,0.61
2008-09-02,0.0,20.35,12.79,29.9,nasa,0.61
2008-09-03,0.0,20.6,11.45,30.23,nasa,0.6
2008-09-04,0.0,22.84,13.41,31.9,nasa,0.6
2008-09-05,0.0,22.91,13.82,32.8,nasa,0.6
2008-09-06,0.0,23.94,14.33,33.58,nasa,0.6
2008-09-07,0.38,24.24,15.21,33.69,nasa,0.6
2008-09-08,0.03,25.18,18.08,33.62,nasa,0.6
2008-09-09,0.0,24.63,17.66,32.95,nasa,0.59
2008-09-10,0.0,23.57,16.45,32.47,nasa,0.59
2008-09-11,0.0,23.56,15.45,33.09,nasa,0.59
2008-09-12,0.01,23.51,14.53,32.92,nasa,0.59
2008-09-13,0.0,24.54,17.06,33.06,nasa,0.59
2008-09-14,0.56,24.52,16.07,34.04,nasa,0.59
2008-09-15,2.42,23.87,17.5,30.94,nasa,0.59
2008-09-16,1.46,22.77,17.79,29.23,nasa,0.6
2008-09-17,5.23,22.48,17.07,28.76,nasa,0.6
2008-09-18,1.16,22.18,15.93,29.98,nasa,0.61
2008-09-19,0.76,21.15,13.9,29.17,nasa,0.6
2008-09-20,14.67,21.47,14.52,29.03,nasa,0.61
2008-09-21,8.26,20.87,16.63,26.33,nasa,0.64
2008-09-22,0.0,18.67,13.79,26.3,nasa,0.64
2008-09-23,0.0,17.21,9.05,27.12,nasa,0.64
2008-09-24,0.0,18.34,9.27,28.54,nasa,0.63
2008-09-25,5.83,20.59,12.82,29.67,nasa,0.63
2008-09-26,6.38,21.15,16.33,26.87,nasa,0.64
2008-09-27,4.0,20.49,16.23,26.74,nasa,0.65
2008-09-28,0.01,20.46,12.83,29.53,nasa,0.64
2008-09-29,0.0,20.45,11.25,30.15,nasa,0.64
2008-09-30,0.0,22.65,12.63,32.46,nasa,0.63
2008-10-01,1.42,24.79,17.52,32.9,nasa,0.63
2008-10-02,14.1,21.72,17.3,25.19,nasa,0.64
2008-10-03,0.03,22.67,15.57,30.69,nasa,0.65
2008-10-04,0.73,23.48,19.28,29.02,nasa,0.64
2008-10-05,2.51,25.29,18.92,32.62,nasa,0.64
2008-10-06,3.13,24.79,19.15,32.34,nasa,0.64
2008-10-07,2.39,23.29,17.39,31.08,nasa,0.64
2008-10-08,11.87,22.27,17.63,29.29,nasa,0.64
2008-10-09,1.46,18.96,15.06,24.81,nasa,0.65
2008-10-10,0.01,20.14,13.37,27.23,nasa,0.65
2008-10-11,0.0,21.62,14.77,28.8,nasa,0.64
2008-10-12,0.0,22.92,15.75,30.06,nasa,0.64
2008-10-13,0.0,24.41,17.64,31.97,nasa,0.63
2008-10-14,0.0,25.67,17.87,33.23,nasa,0.62
2008-10-15,0.0,26.74,18.26,34.21,nasa,0.62
2008-10-16,0.24,27.65,20.08,34.83,nasa,0.61
2008-10-17,0.19,27.55,21.15,35.78,nasa,0.61
2008-10-18,0.66,25.99,19.45,33.48,nasa,0.61
2008-10-19,2.08,22.28,18.62,26.11,nasa,0.6
2008-10-20,2.7,21.5,17.6,26.45,nasa,0.61
2008-10-21,2.4,20.3,18.0,23.42,nasa,0.61
2008-10-22,1.11,20.96,16.34,26.9,nasa,0.61
2008-10-23,0.0,23.79,15.47,32.37,nasa,0.61
2008-10-24,0.0,24.76,17.54,32.71,nasa,0.61
2008-10-25,0.0,25.09,16.46,33.95,nasa,0.6
2008-10-26,0.0,26.4,16.58,35.22,nasa,0.6
2008-10-27,0.0,28.08,19.94,36.59,nasa,0.6
2008-10-28,0.05,27.8,21.33,35.73,nasa,0.59
2008-10-29,0.22,28.32,21.81,36.92,nasa,0.59
2008-10-30,1.38,26.85,20.59,34.55,nasa,0.59
2008-10-31,3.15,26.05,20.27,33.87,nasa,0.59
2008-11-01,0.62,23.56,20.51,27.67,nasa,0.6
2008-11-02,2.65,26.64,19.57,35.55,nasa,0.6
2008-11-03,0.62,25.88,20.13,32.14,nasa,0.6
2008-11-04,7.18,25.58,20.53,32.41,nasa,0.6
2008-11-05,2.2,24.07,20.23,28.36,nasa,0.61
2008-11-06,5.34,24.23,18.86,30.83,nasa,0.61
2008-11-07,1.75,23.82,19.35,30.54,nasa,0.62
2008-11-08,3.09,23.66,19.02,30.15,nasa,0.62
2008-11-09,0.85,26.11,19.34,34.43,nasa,0.62
2008-11-10,6.03,23.88,19.73,29.27,nasa,0.62
2008-11-11,2.96,22.66,18.78,26.98,nasa,0.63
2008-11-12,9.44,22.17,18.76,26.87,nasa,0.63
2008-11-13,8.05,21.86,18.43,27.11,nasa,0.65
2008-11-14,9.84,23.04,18.8,28.15,nasa,0.66
2008-11-15,1.22,23.97,19.73,31.29,nasa,0.66
2008-11-16,0.11,25.66,17.43,32.65,nasa,0.65
2008-11-17,13.55,24.18,19.98,29.17,nasa,0.65
2008-11-18,13.02,21.46,19.17,24.87,nasa,0.67
2008-11-19,2.05,22.51,18.04,28.11,nasa,0.68
2008-11-20,4.24,21.0,16.55,26.11,nasa,0.67
2008-11-21,5.65,19.46,15.87,23.02,nasa,0.67
2008-11-22,0.58,21.39,16.58,27.66,nasa,0.67
2008-11-23,1.83,22.05,17.15,27.87,nasa,0.66
2008-11-24,1.13,22.35,16.33,28.69,nasa,0.66
2008-11-25,1.75,22.97,17.19,28.95,nasa,0.65
2008-11-26,6.31,21.55,18.0,26.58,nasa,0.65
2008-11-27,4.76,21.42,16.44,26.85,nasa,0.66
2008-11-28,3.71,20.59,17.65,24.63,nasa,0.66
2008-11-29,16.47,20.78,17.47,23.89,nasa,0.67
2008-11-30,3.89,21.62,17.42,26.93,nasa,0.69
2008-12-01,3.76,23.49,17.24,29.68,nasa,0.68
2008-12-02,4.46,23.76,17.65,29.73,nasa,0.68
2008-12-03,0.39,22.9,16.97,28.9,nasa,0.67
2008-12-04,0.0,21.27,13.23,29.46,nasa,0.66
2008-12-05,0.0,23.44,14.48,30.53,nasa,0.65
2008-12-06,5.7,23.66,18.3,30.1,nasa,0.65
2008-12-07,2.64,23.13,19.12,28.85,nasa,0.65
2008-12-08,4.36,22.97,18.04,28.19,nasa,0.65
2008-12-09,0.01,24.72,18.41,31.16,nasa,0.65
2008-12-10,8.64,24.41,18.78,29.57,nasa,0.65
2008-12-11,3.69,22.8,18.73,27.38,nasa,0.65
2008-12-12,7.96,22.39,19.42,26.53,nasa,0.66
2008-12-13,12.11,21.65,18.78,25.27,nasa,0.67
2008-12-14,14.08,21.4,18.76,25.22,nasa,0.69
2008-12-15,36.05,20.45,18.27,23.34,nasa,0.73
2008-12-16,20.75,21.77,18.46,25.86,nasa,0.77
2008-12-17,13.02,21.66,18.91,26.79,nasa,0.78
2008-12-18,11.32,21.28,16.95,26.71,nasa,0.77
2008-12-19,10.27,20.64,18.02,24.18,nasa,0.78
2008-12-20,10.38,20.64,17.8,24.32,nasa,0.78
2008-12-21,3.66,20.6,16.48,25.81,nasa,0.77
2008-12-22,8.79,21.04,17.67,25.8,nasa,0.76
2008-12-23,6.33,21.64,16.89,26.67,nasa,0.76
2008-12-24,6.61,22.39,18.22,27.41,nasa,0.75
2008-12-25,9.86,21.69,18.69,25.38,nasa,0.75
2008-12-26,31.13,21.85,18.31,26.02,nasa,0.78
2008-12-27,42.64,21.2,18.89,24.28,nasa,0.83
2008-12-28,29.8,22.34,19.22,26.68,nasa,0.87
2008-12-29,11.66,22.89,18.95,27.86,nasa,0.87
2008-12-30,0.87,22.66,19.83,26.93,nasa,0.84
2008-12-31,0.49,22.55,20.03,25.5,nasa,0.82
2009-01-01,0.08,22.58,18.86,26.63,nasa,0.81
2009-01-02,8.87,23.04,18.57,28.14,nasa,0.8
2009-01-03,6.1,22.48,18.67,26.12,nasa,0.8
2009-01-04,24.11,21.94,19.01,25.98,nasa,0.81
2009-01-05,1.89,21.08,17.15,26.11,nasa,0.82
2009-01-06,0.02,21.0,15.74,27.09,nasa,0.8
2009-01-07,0.92,21.73,14.78,27.91,nasa,0.79
2009-01-08,4.05,22.48,17.41,27.6,nasa,0.78
2009-01-09,6.32,22.07,19.45,26.18,nasa,0.79
2009-01-10,0.54,21.95,18.78,26.75,nasa,0.79
2009-01-11,0.0,22.09,17.85,27.74,nasa,0.78
2009-01-12,0.08,22.45,17.28,28.26,nasa,0.76
2009-01-13,0.05,22.96,17.74,27.8,nasa,0.75
2009-01-14,2.88,23.09,18.34,27.73,nasa,0.75
2009-01-15,13.8,22.4,18.33,26.54,nasa,0.76
2009-01-16,9.37,21.17,18.77,23.6,nasa,0.78
2009-01-17,7.77,22.02,17.97,26.56,nasa,0.78
2009-01-18,10.96,21.69,19.22,25.76,nasa,0.79
2009-01-19,2.26,22.82,18.64,27.58,nasa,0.79
2009-01-20,17.36,23.08,19.05,27.76,nasa,0.79
2009-01-21,9.37,22.15,19.22,25.79,nasa,0.81
2009-01-22,10.11,22.1,19.23,25.83,nasa,0.81
2009-01-23,32.68,21.17,19.38,24.09,nasa,0.83
2009-01-24,19.97,20.19,17.84,23.38,nasa,0.86
2009-01-25,12.56,20.92,18.45,24.71,nasa,0.87
2009-01-26,15.59,21.45,18.51,25.51,nasa,0.87
2009-01-27,18.22,20.88,18.73,23.67,nasa,0.87
2009-01-28,12.19,21.64,18.45,25.58,nasa,0.88
2009-01-29,6.59,21.69,17.99,25.69,nasa,0.87
2009-01-30,3.09,22.58,18.8,26.87,nasa,0.86
2009-01-31,3.86,22.88,18.65,27.42,nasa,0.85
2009-02-01,9.51,22.44,18.43,26.79,nasa,0.85
2009-02-02,7.91,22.77,19.48,26.32,nasa,0.86
2009-02-03,4.97,21.64,19.11,25.26,nasa,0.86
2009-02-04,2.07,22.91,17.69,27.76,nasa,0.85
2009-02-05,2.79,23.63,18.77,28.06,nasa,0.85
2009-02-06,4.93,23.99,20.27,28.19,nasa,0.84
2009-02-07,4.99,22.71,19.9,26.33,nasa,0.84
2009-02-08,9.59,22.37,19.42,25.82,nasa,0.85
2009-02-09,15.52,22.98,19.15,26.66,nasa,0.86
2009-02-10,6.1,23.04,19.23,27.18,nasa,0.87
2009-02-11,1.75,23.35,18.97,27.84,nasa,0.86
2009-02-12,9.87,22.82,19.53,26.56,nasa,0.85
2009-02-13,34.59,21.17,19.25,24.05,nasa,0.88
2009-02-14,23.46,21.33,19.03,24.9,nasa,0.91
2009-02-15,6.21,20.69,18.13,23.72,nasa,0.91
2009-02-16,0.4,21.46,18.26,25.95,nasa,0.89
2009-02-17,0.05,21.83,17.91,27.37,nasa,0.88
2009-02-18,0.39,21.75,17.52,27.04,nasa,0.86
2009-02-19,0.26,21.2,17.58,26.31,nasa,0.86
2009-02-20,0.0,21.5,16.74,26.95,nasa,0.85
2009-02-21,0.46,22.47,16.37,27.68,nasa,0.85
2009-02-22,4.49,23.23,18.69,28.58,nasa,0.84
2009-02-23,4.81,22.97,18.13,27.29,nasa,0.85
2009-02-24,11.37,21.67,18.26,25.18,nasa,0.86
2009-02-25,5.05,21.02,17.74,23.9,nasa,0.86
2009-02-26,0.44,21.74,17.81,26.0,nasa,0.86
2009-02-27,0.08,22.4,18.03,26.93,nasa,0.85
2009-02-28,0.01,22.27,17.61,27.96,nasa,0.85
2009-03-01,0.0,21.98,15.4,27.9,nasa,0.84
2009-03-02,0.0,21.66,15.6,28.11,nasa,0.83
2009-03-03,0.0,22.99,17.18,29.44,nasa,0.83
2009-03-04,3.1,24.05,18.15,28.98,nasa,0.82
2009-03-05,4.06,23.14,19.52,28.06,nasa,0.82
2009-03-06,1.58,23.71,18.99,28.65,nasa,0.82
2009-03-07,2.69,23.05,19.65,26.33,nasa,0.82
2009-03-08,0.78,22.18,18.68,25.78,nasa,0.82
2009-03-09,9.13,22.28,18.22,26.27,nasa,0.83
2009-03-10,8.83,21.03,18.76,23.95,nasa,0.84
2009-03-11,1.96,22.47,18.12,26.83,nasa,0.84
2009-03-12,5.52,23.16,18.28,28.0,nasa,0.84
2009-03-13,7.31,22.26,19.13,26.54,nasa,0.84
2009-03-14,5.72,22.18,17.95,27.19,nasa,0.84
2009-03-15,3.91,22.04,17.99,27.45,nasa,0.84
2009-03-16,16.34,22.14,17.22,27.69,nasa,0.85
2009-03-17,8.98,20.55,18.51,22.63,nasa,0.86
2009-03-18,0.92,21.74,17.19,26.82,nasa,0.85
2009-03-19,0.19,21.88,18.6,26.61,nasa,0.84
2009-03-20,0.08,21.23,17.36,26.2,nasa,0.84
2009-03-21,0.6,21.8,16.76,26.18,nasa,0.83
2009-03-22,16.36,22.08,18.57,26.03,nasa,0.84
2009-03-23,9.39,22.07,18.66,26.81,nasa,0.85
2009-03-24,8.71,22.2,18.78,26.47,nasa,0.86
2009-03-25,4.72,21.11,18.79,24.18,nasa,0.86
2009-03-26,9.67,21.03,18.16,25.28,nasa,0.86
2009-03-27,8.25,21.65,18.02,26.52,nasa,0.86
2009-03-28,7.79,21.4,18.15,25.79,nasa,0.86
2009-03-29,7.34,21.98,18.97,26.42,nasa,0.86
2009-03-30,19.28,21.38,19.41,24.06,nasa,0.87
2009-03-31,5.42,22.0,18.1,26.77,nasa,0.89
2009-04-01,2.84,22.47,18.56,27.51,nasa,0.87
2009-04-02,7.43,21.25,17.69,25.72,nasa,0.87
2009-04-03,8.06,21.07,18.81,25.08,nasa,0.87
2009-04-04,2.24,20.64,18.07,24.64,nasa,0.87
2009-04-05,6.24,21.21,18.33,25.51,nasa,0.87
2009-04-06,17.1,21.78,18.0,26.14,nasa,0.88
2009-04-07,15.62,21.7,19.08,25.58,nasa,0.89
2009-04-08,2.28,21.96,17.96,27.24,nasa,0.89
2009-04-09,1.16,20.37,17.19,25.28,nasa,0.88
2009-04-10,0.21,21.02,16.03,26.89,nasa,0.87
2009-04-11,4.28,21.48,16.01,26.85,nasa,0.87
2009-04-12,6.12,21.48,19.01,25.54,nasa,0.87
2009-04-13,3.65,20.81,18.04,25.26,nasa,0.87
2009-04-14,13.51,20.74,17.31,24.2,nasa,0.88
2009-04-15,3.42,20.52,17.69,23.82,nasa,0.89
2009-04-16,0.25,19.56,16.04,24.49,nasa,0.88
2009-04-17,0.04,19.26,15.63,24.65,nasa,0.87
2009-04-18,0.0,18.86,15.08,24.4,nasa,0.87
2009-04-19,0.0,19.03,12.13,24.92,nasa,0.86
2009-04-20,0.0,18.89,13.34,25.12,nasa,0.85
2009-04-21,0.0,18.13,12.31,24.46,nasa,0.85
2009-04-22,0.0,18.26,13.35,24.03,nasa,0.85
2009-04-23,1.31,19.61,13.48,25.05,nasa,0.84
2009-04-24,0.53,20.22,16.13,25.48,nasa,0.84
2009-04-25,0.01,20.12,14.48,26.01,nasa,0.84
2009-04-26,1.28,19.87,14.96,25.66,nasa,0.83
2009-04-27,0.16,17.83,12.44,24.65,nasa,0.83
2009-04-28,0.0,18.26,12.1,24.88,nasa,0.83
2009-04-29,0.0,19.33,13.42,24.57,nasa,0.83
2009-04-30,3.99,19.71,14.59,25.2,nasa,0.82
2009-05-01,29.01,18.16,15.61,21.07,nasa,0.85
2009-05-02,5.87,18.25,14.76,23.13,nasa,0.87
2009-05-03,0.49,18.07,15.03,23.02,nasa,0.86
2009-05-04,13.26,18.26,14.92,22.99,nasa,0.86
2009-05-05,5.49,18.21,14.61,23.28,nasa,0.87
2009-05-06,0.04,18.63,14.51,24.67,nasa,0.86
2009-05-07,0.0,18.39,12.72,24.94,nasa,0.85
2009-05-08,0.0,19.41,13.92,25.42,nasa,0.84
2009-05-09,0.98,19.5,14.17,25.0,nasa,0.84
2009-05-10,3.09,20.51,15.48,25.93,nasa,0.84
2009-05-11,0.1,20.22,15.19,24.67,nasa,0.84
2009-05-12,0.0,19.98,14.88,25.46,nasa,0.83
2009-05-13,0.0,18.99,13.27,24.84,nasa,0.83
2009-05-14,3.72,18.56,14.4,24.25,nasa,0.83
2009-05-15,0.2,19.09,16.54,23.19,nasa,0.83
2009-05-16,0.07,17.51,12.49,23.71,nasa,0.83
2009-05-17,0.0,17.97,12.05,23.91,nasa,0.83
2009-05-18,0.0,19.01,15.66,24.11,nasa,0.82
2009-05-19,0.0,17.79,12.91,23.51,nasa,0.82
2009-05-20,0.0,16.16,12.19,21.96,nasa,0.82
2009-05-21,0.0,15.48,10.78,21.75,nasa,0.82
2009-05-22,0.0,16.36,12.39,22.05,nasa,0.81
2009-05-23,0.0,16.19,10.79,22.97,nasa,0.81
2009-05-24,0.0,18.14,12.14,24.05,nasa,0.81
2009-05-25,0.0,18.53,12.26,24.67,nasa,0.8
2009-05-26,0.12,19.92,13.61,25.53,nasa,0.8
2009-05-27,0.09,19.72,15.62,25.56,nasa,0.8
2009-05-28,0.0,18.91,12.69,25.23,nasa,0.79
2009-05-29,0.0,18.26,12.8,25.24,nasa,0.79
2009-05-30,1.37,18.2,13.89,23.86,nasa,0.79
2009-05-31,8.85,18.99,15.61,24.04,nasa,0.79
2009-06-01,1.49,17.43,12.32,22.33,nasa,0.8
2009-06-02,0.0,12.17,7.54,19.44,nasa,0.8
2009-06-03,0.0,11.45,5.57,19.51,nasa,0.8
2009-06-04,0.0,13.86,6.11,22.4,nasa,0.79
2009-06-05,0.1,17.6,12.06,23.78,nasa,0.79
2009-06-06,0.0,17.85,12.04,24.63,nasa,0.79
2009-06-07,0.0,16.97,12.21,23.33,nasa,0.78
2009-06-08,0.0,16.45,13.45,21.35,nasa,0.78
2009-06-09,0.0,16.24,12.01,22.33,nasa,0.78
2009-06-10,0.19,16.75,11.24,23.15,nasa,0.78
2009-06-11,0.43,18.39,13.05,24.16,nasa,0.77
2009-06-12,1.89,18.37,14.46,23.56,nasa,0.77
2009-06-13,0.42,15.32,10.85,21.23,nasa,0.77
2009-06-14,0.01,15.6,8.18,22.73,nasa,0.77
2009-06-15,0.0,16.77,9.52,23.1,nasa,0.77
2009-06-16,0.23,17.45,11.93,23.74,nasa,0.76
2009-06-17,0.72,17.75,13.79,23.78,nasa,0.76
2009-06-18,0.0,17.2,12.08,23.78,nasa,0.76
2009-06-19,0.0,17.7,11.07,24.35,nasa,0.76
2009-06-20,0.0,17.42,11.32,23.87,nasa,0.76
2009-06-21,0.0,16.27,10.66,22.83,nasa,0.75
2009-06-22,0.0,16.3,10.49,22.63,nasa,0.75
2009-06-23,0.0,17.03,11.07,23.42,nasa,0.75
2009-06-24,0.0,18.46,11.98,24.25,nasa,0.75
2009-06-25,0.18,19.28,13.49,24.79,nasa,0.74
2009-06-26,2.15,19.34,14.77,24.52,nasa,0.74
2009-06-27,12.12,18.78,14.5,23.85,nasa,0.75
2009-06-28,1.72,18.09,14.3,22.94,nasa,0.77
2009-06-29,0.0,18.22,11.94,24.79,nasa,0.76
2009-06-30,0.0,17.69,11.41,24.55,nasa,0.76
2009-07-01,0.0,19.1,12.02,25.34,nasa,0.75
2009-07-02,0.0,20.13,14.58,25.72,nasa,0.75
2009-07-03,0.71,19.65,14.68,25.18,nasa,0.74
2009-07-04,0.36,18.72,12.36,24.65,nasa,0.74
2009-07-05,0.0,17.43,13.18,23.12,nasa,0.74
2009-07-06,0.0,17.09,13.71,22.65,nasa,0.74
2009-07-07,0.0,17.12,13.67,22.66,nasa,0.73
2009-07-08,0.0,17.34,12.68,23.16,nasa,0.73
2009-07-09,0.0,17.96,13.92,23.75,nasa,0.73
2009-07-10,0.0,17.78,12.53,24.33,nasa,0.73
2009-07-11,4.89,18.71,12.81,25.14,nasa,0.73
2009-07-12,1.12,14.83,9.47,21.53,nasa,0.73
2009-07-13,0.0,16.76,8.98,25.59,nasa,0.73
2009-07-14,0.0,18.36,12.6,25.93,nasa,0.73
2009-07-15,0.0,16.69,10.67,24.11,nasa,0.72
2009-07-16,0.0,16.98,11.02,23.85,nasa,0.72
2009-07-17,0.0,17.05,10.51,24.28,nasa,0.72
2009-07-18,0.0,18.13,11.03,24.94,nasa,0.71
2009-07-19,0.0,18.55,13.25,25.41,nasa,0.71
2009-07-20,0.0,18.11,11.9,25.29,nasa,0.71
2009-07-21,0.0,18.56,13.75,25.46,nasa,0.71
2009-07-22,0.0,19.48,14.05,25.92,nasa,0.71
2009-07-23,0.0,20.03,14.89,26.43,nasa,0.7
2009-07-24,0.01,19.45,14.8,26.67,nasa,0.7
2009-07-25,0.35,20.2,14.32,26.33,nasa,0.7
2009-07-26,0.0,20.57,15.29,26.3,nasa,0.7
2009-07-27,0.41,21.37,14.39,27.59,nasa,0.69
2009-07-28,0.04,20.08,14.13,26.91,nasa,0.69
2009-07-29,0.0,20.89,13.74,28.22,nasa,0.69
2009-07-30,0.0,21.3,15.95,28.51,nasa,0.69
2009-07-31,0.0,18.41,12.22,26.09,nasa,0.68
2009-08-01,0.0,17.79,10.55,25.45,nasa,0.68
2009-08-02,0.0,19.39,12.73,26.27,nasa,0.68
2009-08-03,0.0,20.22,14.73,26.32,nasa,0.68
2009-08-04,0.0,21.95,16.32,27.8,nasa,0.67
2009-08-05,0.0,20.02,14.37,26.69,nasa,0.67
2009-08-06,0.0,19.32,12.04,27.04,nasa,0.67
2009-08-07,0.0,19.97,14.69,27.99,nasa,0.67
2009-08-08,0.0,18.68,12.82,26.47,nasa,0.66
2009-08-09,0.0,17.52,10.45,25.64,nasa,0.66
2009-08-10,0.0,18.88,12.28,27.39,nasa,0.66
2009-08-11,0.0,18.81,10.78,27.23,nasa,0.66
2009-08-12,0.0,18.74,13.16,25.68,nasa,0.66
2009-08-13,0.0,18.68,13.31,25.67,nasa,0.65
2009-08-14,0.0,17.58,11.5,25.53,nasa,0.65
2009-08-15,0.0,18.12,12.99,24.65,nasa,0.65
2009-08-16,0.0,18.75,12.81,25.2,nasa,0.65
2009-08-17,0.0,19.5,14.02,26.53,nasa,0.65
2009-08-18,0.0,19.8,13.68,27.24,nasa,0.65
2009-08-19,2.42,21.49,13.94,29.57,nasa,0.65
2009-08-20,1.7,22.26,16.04,29.78,nasa,0.65
2009-08-21,0.93,18.73,12.92,25.08,nasa,0.65
2009-08-22,0.3,18.26,11.95,26.33,nasa,0.65
2009-08-23,18.72,19.18,13.81,25.84,nasa,0.65
2009-08-24,11.44,19.14,16.61,23.68,nasa,0.7
2009-08-25,4.31,18.78,15.71,22.67,nasa,0.7
2009-08-26,0.49,17.33,15.04,21.41,nasa,0.7
2009-08-27,0.03,17.19,14.34,22.07,nasa,0.7
2009-08-28,0.0,18.67,12.08,26.09,nasa,0.7
2009-08-29,0.0,19.17,12.98,26.72,nasa,0.69
2009-08-30,0.0,19.13,13.32,26.67,nasa,0.68
2009-08-31,0.0,18.67,11.73,26.19,nasa,0.68
2009-09-01,0.01,20.96,14.14,27.78,nasa,0.67
2009-09-02,0.51,23.5,18.51,29.36,nasa,0.67
2009-09-03,0.63,24.18,17.93,30.18,nasa,0.66
2009-09-04,4.02,23.07,18.96,28.41,nasa,0.66
2009-09-05,4.09,23.02,17.04,30.05,nasa,0.67
2009-09-06,11.57,20.38,18.05,23.41,nasa,0.68
2009-09-07,0.2,22.01,17.42,28.61,nasa,0.69
2009-09-08,4.97,22.8,16.9,29.25,nasa,0.69
2009-09-09,10.1,22.2,18.58,26.61,nasa,0.7
2009-09-10,0.01,20.58,16.15,27.6,nasa,0.7
2009-09-11,0.0,20.37,14.44,27.2,nasa,0.69
2009-09-12,0.0,20.97,14.2,27.68,nasa,0.68
2009-09-13,0.0,22.86,16.37,29.47,nasa,0.68
2009-09-14,0.56,23.49,17.98,29.72,nasa,0.67
2009-09-15,0.93,23.27,18.05,29.8,nasa,0.66
2009-09-16,0.06,23.51,17.38,30.12,nasa,0.66
2009-09-17,0.0,23.47,16.14,30.85,nasa,0.65
2009-09-18,0.0,25.26,18.21,32.53,nasa,0.65
2009-09-19,3.54,24.44,17.78,31.95,nasa,0.65
2009-09-20,0.09,23.86,18.08,30.9,nasa,0.65
2009-09-21,8.11,21.97,19.18,27.42,nasa,0.65
2009-09-22,4.93,21.57,18.92,26.14,nasa,0.66
2009-09-23,13.53,20.87,18.2,25.2,nasa,0.68
2009-09-24,0.2,21.62,17.5,28.06,nasa,0.69
2009-09-25,0.01,22.33,15.09,29.2,nasa,0.68
2009-09-26,0.0,22.43,16.55,29.89,nasa,0.67
2009-09-27,0.0,22.6,16.39,30.34,nasa,0.66
2009-09-28,2.34,24.54,17.23,31.88,nasa,0.66
2009-09-29,0.32,23.53,18.85,29.81,nasa,0.66
2009-09-30,0.8,22.77,17.91,28.87,nasa,0.65
2009-10-01,4.49,22.93,17.3,29.58,nasa,0.65
2009-10-02,10.51,23.42,17.76,29.77,nasa,0.66
2009-10-03,3.87,22.18,17.48,27.53,nasa,0.67
2009-10-04,0.05,22.72,18.13,29.22,nasa,0.67
2009-10-05,5.91,22.21,18.49,27.48,nasa,0.67
2009-10-06,4.88,21.88,17.3,26.85,nasa,0.68
2009-10-07,4.35,23.12,18.14,29.1,nasa,0.68
2009-10-08,12.4,21.74,18.55,26.55,nasa,0.7
2009-10-09,3.39,21.49,17.88,27.23,nasa,0.7
2009-10-10,0.55,20.35,15.84,26.31,nasa,0.7
2009-10-11,0.06,21.93,14.97,28.79,nasa,0.69
2009-10-12,1.31,23.07,17.48,29.21,nasa,0.68
2009-10-13,0.81,23.44,18.71,29.17,nasa,0.67
2009-10-14,26.14,21.18,18.13,24.32,nasa,0.69
2009-10-15,8.73,22.77,16.35,28.12,nasa,0.71
2009-10-16,0.43,23.7,17.94,28.92,nasa,0.71
2009-10-17,8.61,23.08,19.04,27.58,nasa,0.71
2009-10-18,1.65,23.03,18.46,27.45,nasa,0.71
2009-10-19,10.05,22.56,19.56,25.81,nasa,0.71
2009-10-20,2.77,22.71,19.07,26.94,nasa,0.72
2009-10-21,4.76,23.17,19.36,28.0,nasa,0.72
2009-10-22,5.19,21.97,19.58,26.09,nasa,0.72
2009-10-23,1.86,23.19,18.81,29.63,nasa,0.72
2009-10-24,1.39,24.01,17.48,30.19,nasa,0.71
2009-10-25,1.51,23.17,18.16,28.87,nasa,0.7
2009-10-26,10.16,22.55,19.65,27.09,nasa,0.7
2009-10-27,9.42,21.9,18.71,26.35,nasa,0.72
2009-10-28,3.38,21.53,18.02,25.94,nasa,0.72
2009-10-29,1.37,21.03,17.41,25.88,nasa,0.72
2009-10-30,0.41,22.07,17.29,28.42,nasa,0.71
2009-10-31,0.07,21.87,16.44,28.42,nasa,0.7
2009-11-01,1.86,23.5,16.56,30.21,nasa,0.7
2009-11-02,1.64,23.2,18.87,27.59,nasa,0.69
2009-11-03,9.97,23.82,19.59,28.38,nasa,0.69
2009-11-04,10.01,21.97,18.73,26.57,nasa,0.71
2009-11-05,12.35,21.8,18.81,26.72,nasa,0.73
2009-11-06,1.3,21.75,18.46,26.24,nasa,0.73
2009-11-07,2.04,21.65,17.59,26.21,nasa,0.72
2009-11-08,2.27,20.43,16.01,24.78,nasa,0.72
2009-11-09,6.33,22.64,17.48,27.58,nasa,0.72
2009-11-10,19.98,23.65,19.51,28.43,nasa,0.73
2009-11-11,7.85,22.48,20.0,25.96,nasa,0.75
2009-11-12,1.53,22.75,19.73,27.11,nasa,0.75
2009-11-13,1.19,23.58,18.97,28.19,nasa,0.74
2009-11-14,0.27,24.25,19.4,29.87,nasa,0.72
2009-11-15,3.74,24.28,17.95,30.32,nasa,0.71
2009-11-16,5.56,24.59,19.77,29.61,nasa,0.72
2009-11-17,2.42,23.4,19.44,28.2,nasa,0.72
2009-11-18,4.2,23.28,19.01,28.43,nasa,0.71
2009-11-19,0.39,24.07,18.41,29.54,nasa,0.71
2009-11-20,1.29,23.29,20.09,27.7,nasa,0.7
2009-11-21,0.05,23.12,18.35,28.51,nasa,0.7
2009-11-22,0.0,24.11,17.69,30.39,nasa,0.69
2009-11-23,0.0,24.83,18.39,30.56,nasa,0.68
2009-11-24,0.05,24.84,18.91,31.12,nasa,0.67
2009-11-25,0.96,24.93,18.55,31.22,nasa,0.66
2009-11-26,7.42,24.31,19.65,29.85,nasa,0.66
2009-11-27,11.01,22.77,19.73,26.06,nasa,0.68
2009-11-28,2.53,23.05,18.52,28.44,nasa,0.68
2009-11-29,3.49,23.04,19.8,27.63,nasa,0.68
2009-11-30,5.39,22.44,19.16,27.16,nasa,0.69
2009-12-01,7.17,21.45,19.05,24.43,nasa,0.7
2009-12-02,2.82,22.81,19.49,27.4,nasa,0.7
2009-12-03,19.61,21.61,19.1,24.65,nasa,0.71
2009-12-04,12.02,21.78,18.39,26.16,nasa,0.74
2009-12-05,18.54,20.77,17.74,24.03,nasa,0.76
2009-12-06,17.31,21.36,19.25,25.02,nasa,0.78
2009-12-07,8.39,21.16,18.74,24.83,nasa,0.78
2009-12-08,9.83,21.44,18.7,25.14,nasa,0.78
2009-12-09,16.05,22.18,18.65,26.6,nasa,0.78
2009-12-10,5.71,21.39,19.18,24.26,nasa,0.79
2009-12-11,1.29,22.24,18.75,26.6,nasa,0.78
2009-12-12,0.38,22.38,17.46,26.94,nasa,0.77
2009-12-13,7.08,22.52,18.25,27.65,nasa,0.76
2009-12-14,19.04,20.98,18.65,24.16,nasa,0.78
2009-12-15,0.46,20.8,18.4,24.23,nasa,0.78
2009-12-16,0.07,22.08,17.26,26.73,nasa,0.77
2009-12-17,3.24,22.54,17.32,27.47,nasa,0.76
2009-12-18,0.67,21.56,18.74,24.94,nasa,0.76
2009-12-19,1.0,22.12,17.18,28.12,nasa,0.75
2009-12-20,0.54,22.06,18.32,27.29,nasa,0.74
2009-12-21,5.68,22.35,18.65,27.06,nasa,0.74
2009-12-22,0.38,22.0,17.58,26.87,nasa,0.74
2009-12-23,0.12,23.14,17.86,28.51,nasa,0.73
2009-12-24,7.12,22.93,18.27,27.2,nasa,0.72
2009-12-25,7.71,22.04,19.02,25.71,nasa,0.74
2009-12-26,12.21,21.76,18.21,26.25,nasa,0.75
2009-12-27,9.83,22.09,19.16,26.4,nasa,0.76
2009-12-28,6.85,21.9,19.48,26.53,nasa,0.77
2009-12-29,18.09,21.88,19.31,26.45,nasa,0.78
2009-12-30,18.83,21.19,19.27,23.51,nasa,0.8
2009-12-31,11.25,22.17,19.68,25.86,nasa,0.81
2010-01-01,14.88,21.72,18.66,26.26,nasa,0.82
2010-01-02,0.71,21.99,16.99,27.49,nasa,0.81
2010-01-03,0.0,22.74,17.95,28.48,nasa,0.79
2010-01-04,0.0,23.07,16.13,29.31,nasa,0.77
2010-01-05,3.83,23.31,18.62,27.95,nasa,0.76
2010-01-06,7.35,22.7,19.96,26.82,nasa,0.76
2010-01-07,10.9,22.19,19.07,26.04,nasa,0.78
2010-01-08,2.53,21.82,18.23,26.33,nasa,0.78
2010-01-09,1.05,22.84,18.25,27.55,nasa,0.77
2010-01-10,0.29,23.43,19.16,27.93,nasa,0.76
2010-01-11,1.82,23.3,17.08,29.33,nasa,0.75
2010-01-12,5.7,23.44,18.92,27.91,nasa,0.75
2010-01-13,4.14,23.14,19.63,27.22,nasa,0.76
2010-01-14,10.85,22.86,19.13,26.36,nasa,0.76
2010-01-15,9.14,22.37,19.29,25.61,nasa,0.78
2010-01-16,7.5,22.04,19.09,25.46,nasa,0.79
2010-01-17,0.77,22.05,18.69,26.38,nasa,0.78
2010-01-18,0.09,22.59,17.68,28.05,nasa,0.77
2010-01-19,0.18,23.76,18.8,28.71,nasa,0.76
2010-01-20,1.74,22.51,18.48,26.48,nasa,0.75
2010-01-21,10.02,22.03,17.77,25.6,nasa,0.76
2010-01-22,8.14,21.75,17.84,25.99,nasa,0.77
2010-01-23,4.31,20.9,17.66,24.67,nasa,0.78
2010-01-24,15.95,21.7,16.54,27.14,nasa,0.78
2010-01-25,26.02,21.24,18.18,24.43,nasa,0.8
2010-01-26,2.77,21.84,18.26,26.1,nasa,0.82
2010-01-27,5.25,21.39,18.35,24.84,nasa,0.81
2010-01-28,2.92,21.5,18.07,26.52,nasa,0.8
2010-01-29,3.19,21.84,17.68,26.35,nasa,0.79
2010-01-30,0.62,22.6,18.03,27.43,nasa,0.79
2010-01-31,0.01,22.23,18.52,26.25,nasa,0.78
2010-02-01,1.93,22.44,17.66,27.39,nasa,0.77
2010-02-02,0.02,22.86,16.77,28.94,nasa,0.76
2010-02-03,0.56,23.08,17.5,28.77,nasa,0.75
2010-02-04,8.02,23.25,17.65,28.38,nasa,0.75
2010-02-05,0.48,22.71,18.06,27.88,nasa,0.75
2010-02-06,2.4,21.82,16.85,26.97,nasa,0.74
2010-02-07,4.51,21.31,16.53,26.57,nasa,0.75
2010-02-08,0.47,21.55,16.57,27.0,nasa,0.74
2010-02-09,3.44,21.83,16.17,27.06,nasa,0.74
2010-02-10,2.68,22.2,18.42,26.75,nasa,0.74
2010-02-11,0.98,22.88,19.13,27.64,nasa,0.73
2010-02-12,0.02,22.59,18.47,27.87,nasa,0.73
2010-02-13,0.0,22.09,16.79,28.27,nasa,0.72
2010-02-14,0.02,23.22,17.56,29.66,nasa,0.71
2010-02-15,0.0,23.39,17.88,28.47,nasa,0.71
2010-02-16,0.45,23.6,18.4,29.3,nasa,0.7
2010-02-17,2.9,23.64,19.67,28.19,nasa,0.7
2010-02-18,8.96,22.27,19.16,25.37,nasa,0.71
2010-02-19,1.7,21.3,18.14,25.58,nasa,0.72
2010-02-20,0.08,22.16,17.13,28.85,nasa,0.71
2010-02-21,2.8,23.27,17.0,29.04,nasa,0.71
2010-02-22,0.4,24.18,17.46,29.73,nasa,0.7
2010-02-23,6.16,24.28,18.26,29.53,nasa,0.7
2010-02-24,7.68,24.4,19.78,29.18,nasa,0.71
2010-02-25,14.92,23.03,19.81,27.1,nasa,0.72
2010-02-26,13.04,22.31,19.01,26.5,nasa,0.75
2010-02-27,9.12,22.83,18.94,27.6,nasa,0.75
2010-02-28,22.01,21.94,19.71,25.52,nasa,0.78
2010-03-01,23.5,21.14,18.57,24.35,nasa,0.8
2010-03-02,17.21,22.34,19.22,26.48,nasa,0.82
2010-03-03,19.28,21.71,19.78,24.7,nasa,0.83
2010-03-04,8.44,23.06,18.96,28.26,nasa,0.83
2010-03-05,9.64,23.44,20.53,27.96,nasa,0.82
2010-03-06,3.33,22.91,19.22,26.84,nasa,0.81
2010-03-07,0.73,21.95,17.47,28.0,nasa,0.8
2010-03-08,0.6,21.43,15.04,27.17,nasa,0.79
2010-03-09,2.13,22.47,17.4,28.08,nasa,0.78
2010-03-10,1.76,22.11,16.48,28.39,nasa,0.77
2010-03-11,0.07,22.43,16.82,28.68,nasa,0.76
2010-03-12,2.49,22.95,16.81,29.03,nasa,0.76
2010-03-13,2.34,23.63,18.99,28.86,nasa,0.75
2010-03-14,5.99,23.08,18.44,27.87,nasa,0.75
2010-03-15,2.04,22.88,19.5,27.56,nasa,0.76
2010-03-16,8.27,21.43,18.36,26.05,nasa,0.76
2010-03-17,2.0,20.43,18.39,23.5,nasa,0.77
2010-03-18,0.08,21.58,17.33,26.77,nasa,0.76
2010-03-19,0.17,21.89,18.0,26.83,nasa,0.75
2010-03-20,0.59,22.21,16.69,27.75,nasa,0.75
2010-03-21,8.02,22.61,18.17,27.9,nasa,0.75
2010-03-22,9.33,21.9,19.25,25.48,nasa,0.76
2010-03-23,10.25,22.48,19.02,26.56,nasa,0.77
2010-03-24,2.2,22.39,18.84,27.27,nasa,0.78
2010-03-25,4.31,22.15,18.62,27.16,nasa,0.77
2010-03-26,0.19,21.42,16.05,26.87,nasa,0.77
2010-03-27,0.23,22.1,17.6,27.47,nasa,0.76
2010-03-28,0.02,21.23,16.25,26.19,nasa,0.75
2010-03-29,5.73,22.28,17.93,27.42,nasa,0.75
2010-03-30,4.25,21.9,18.11,26.85,nasa,0.75
2010-03-31,7.0,22.25,18.98,26.45,nasa,0.76
2010-04-01,9.94,21.06,18.79,24.61,nasa,0.77
2010-04-02,8.03,20.92,18.61,24.57,nasa,0.78
2010-04-03,16.12,21.11,18.74,25.5,nasa,0.8
2010-04-04,5.78,21.19,19.18,24.18,nasa,0.8
2010-04-05,1.14,21.68,19.2,25.56,nasa,0.8
2010-04-06,7.41,20.82,14.73,26.03,nasa,0.79
2010-04-07,0.27,16.67,11.41,23.07,nasa,0.79
2010-04-08,0.0,16.63,11.71,22.53,nasa,0.78
2010-04-09,0.0,16.46,11.19,22.8,nasa,0.77
2010-04-10,0.0,17.08,12.81,23.47,nasa,0.76
2010-04-11,0.0,17.03,11.88,23.62,nasa,0.76
2010-04-12,0.0,17.27,12.99,23.25,nasa,0.75
2010-04-13,0.0,18.21,13.92,23.87,nasa,0.74
2010-04-14,0.0,19.14,14.88,25.09,nasa,0.74
2010-04-15,0.0,19.56,15.8,25.01,nasa,0.73
2010-04-16,0.0,19.66,13.25,25.35,nasa,0.73
2010-04-17,0.0,20.45,14.68,26.49,nasa,0.72
2010-04-18,0.0,20.41,15.08,26.43,nasa,0.72
2010-04-19,0.58,20.91,14.49,26.71,nasa,0.71
2010-04-20,0.04,21.42,16.19,26.15,nasa,0.71
2010-04-21,0.0,21.9,16.49,27.18,nasa,0.71
2010-04-22,0.0,21.98,16.72,27.78,nasa,0.71
2010-04-23,0.0,23.31,17.53,29.08,nasa,0.7
2010-04-24,0.0,23.45,18.15,28.96,nasa,0.7
2010-04-25,0.0,21.92,17.13,27.63,nasa,0.69
2010-04-26,0.0,20.53,14.37,26.88,nasa,0.69
2010-04-27,0.0,22.29,17.47,28.4,nasa,0.69
2010-04-28,0.43,22.24,16.93,28.28,nasa,0.68
2010-04-29,2.38,21.76,16.67,27.83,nasa,0.68
2010-04-30,1.73,21.08,16.85,26.87,nasa,0.68
2010-05-01,0.16,19.97,14.7,26.57,nasa,0.68
2010-05-02,0.0,18.94,11.53,26.64,nasa,0.68
2010-05-03,0.0,20.36,14.19,26.57,nasa,0.67
2010-05-04,0.0,19.74,13.39,26.05,nasa,0.67
2010-05-05,0.0,20.33,14.67,25.68,nasa,0.67
2010-05-06,0.0,21.92,16.58,28.1,nasa,0.67
2010-05-07,0.0,21.86,14.83,28.45,nasa,0.66
2010-05-08,0.34,21.88,14.52,28.48,nasa,0.66
2010-05-09,3.36,20.71,16.37,26.74,nasa,0.66
2010-05-10,3.5,17.53,14.48,22.16,nasa,0.67
2010-05-11,2.91,17.09,13.08,22.36,nasa,0.67
2010-05-12,0.12,15.28,9.72,22.79,nasa,0.67
2010-05-13,0.0,13.21,5.29,22.28,nasa,0.67
2010-05-14,0.0,17.13,8.68,25.19,nasa,0.67
2010-05-15,0.0,19.51,13.12,27.57,nasa,0.66
2010-05-16,0.0,19.24,13.34,27.72,nasa,0.66
2010-05-17,0.0,20.2,12.41,29.03,nasa,0.66
2010-05-18,0.0,20.38,13.49,27.53,nasa,0.65
2010-05-19,12.12,19.63,15.73,25.52,nasa,0.66
2010-05-20,0.8,16.4,11.31,24.23,nasa,0.68
2010-05-21,0.0,16.0,9.73,24.62,nasa,0.67
2010-05-22,0.0,17.01,9.67,25.78,nasa,0.67
2010-05-23,0.0,18.86,10.85,27.04,nasa,0.66
2010-05-24,0.26,19.94,14.18,26.8,nasa,0.66
2010-05-25,0.42,21.39,16.83,26.49,nasa,0.66
2010-05-26,0.02,20.6,15.2,27.73,nasa,0.66
2010-05-27,0.0,18.86,15.08,25.44,nasa,0.65
2010-05-28,0.0,18.08,13.52,24.55,nasa,0.65
2010-05-29,0.0,18.24,13.34,24.71,nasa,0.65
2010-05-30,0.0,19.33,12.68,26.22,nasa,0.65
2010-05-31,0.04,18.17,12.15,24.22,nasa,0.65
2010-06-01,0.0,16.4,11.49,23.05,nasa,0.64
2010-06-02,5.36,16.73,12.86,21.59,nasa,0.65
2010-06-03,0.88,16.61,13.77,21.17,nasa,0.66
2010-06-04,1.79,17.33,12.91,23.96,nasa,0.66
2010-06-05,2.73,17.45,13.17,23.62,nasa,0.66
2010-06-06,0.03,14.03,8.96,22.05,nasa,0.66
2010-06-07,0.0,16.06,7.39,24.87,nasa,0.66
2010-06-08,0.0,17.14,10.23,26.17,nasa,0.65
2010-06-09,0.0,17.79,9.93,25.72,nasa,0.65
2010-06-10,0.0,17.7,10.83,25.68,nasa,0.65
2010-06-11,0.0,18.01,13.12,25.43,nasa,0.64
2010-06-12,0.0,16.29,11.57,23.72,nasa,0.64
2010-06-13,0.0,14.62,8.19,22.51,nasa,0.64
2010-06-14,0.0,15.42,8.12,24.03,nasa,0.64
2010-06-15,0.0,16.33,8.48,24.27,nasa,0.64
2010-06-16,0.0,17.07,8.76,25.84,nasa,0.64
2010-06-17,0.0,18.94,11.57,27.58,nasa,0.63
2010-06-18,0.0,17.89,9.93,26.99,nasa,0.63
2010-06-19,0.0,16.91,9.13,26.56,nasa,0.63
2010-06-20,0.0,19.15,10.65,27.89,nasa,0.63
2010-06-21,0.0,19.88,12.36,28.75,nasa,0.63
2010-06-22,0.0,20.66,15.66,29.07,nasa,0.63
2010-06-23,0.0,19.75,13.73,27.77,nasa,0.62
2010-06-24,0.0,19.2,14.8,26.7,nasa,0.62
2010-06-25,0.0,18.58,12.75,26.39,nasa,0.62
2010-06-26,0.0,17.59,11.53,26.2,nasa,0.62
2010-06-27,0.0,16.73,10.54,24.8,nasa,0.62
2010-06-28,0.0,17.42,10.38,26.12,nasa,0.62
2010-06-29,0.0,16.79,10.16,25.58,nasa,0.62
2010-06-30,0.0,16.51,9.99,25.3,nasa,0.62
2010-07-01,0.0,16.31,9.69,25.48,nasa,0.62
2010-07-02,0.0,16.44,9.23,25.67,nasa,0.62
2010-07-03,0.0,17.53,10.96,25.79,nasa,0.62
2010-07-04,0.0,17.16,11.17,25.43,nasa,0.61
2010-07-05,0.0,17.07,10.65,24.76,nasa,0.61
2010-07-06,0.0,18.1,13.13,25.64,nasa,0.61
2010-07-07,0.0,16.29,10.27,23.86,nasa,0.61
2010-07-08,0.0,17.74,9.45,25.26,nasa,0.61
2010-07-09,0.0,18.92,11.3,26.07,nasa,0.61
2010-07-10,0.0,19.19,12.94,26.6,nasa,0.61
2010-07-11,0.0,18.67,13.94,25.67,nasa,0.61
2010-07-12,2.14,19.98,15.22,26.9,nasa,0.61
2010-07-13,0.32,21.18,15.39,28.33,nasa,0.61
2010-07-14,1.73,20.33,16.71,26.18,nasa,0.61
2010-07-15,0.22,20.58,15.39,28.21,nasa,0.61
2010-07-16,0.0,19.72,14.43,27.0,nasa,0.61
2010-07-17,0.0,19.27,13.66,26.92,nasa,0.61
2010-07-18,0.0,18.5,13.12,26.09,nasa,0.61
2010-07-19,0.0,18.95,14.26,26.08,nasa,0.61
2010-07-20,0.0,18.99,12.25,27.57,nasa,0.61
2010-07-21,0.0,19.21,12.57,27.78,nasa,0.61
2010-07-22,0.0,18.69,11.48,27.32,nasa,0.61
2010-07-23,0.0,19.91,12.07,28.72,nasa,0.6
2010-07-24,0.0,18.75,12.76,26.43,nasa,0.6
2010-07-25,0.0,17.24,11.52,24.82,nasa,0.6
2010-07-26,0.0,18.63,11.81,25.95,nasa,0.6
2010-07-27,0.0,18.55,13.56,25.48,nasa,0.6
2010-07-28,0.0,19.05,12.95,26.29,nasa,0.6
2010-07-29,0.0,18.98,12.7,26.49,nasa,0.6
2010-07-30,0.0,18.53,12.19,26.74,nasa,0.6
2010-07-31,0.0,18.49,10.71,27.44,nasa,0.6
2010-08-01,0.0,20.36,12.48,28.96,nasa,0.6
2010-08-02,0.0,19.86,12.01,28.81,nasa,0.6
2010-08-03,0.0,19.58,12.27,28.56,nasa,0.59
2010-08-04,0.0,19.39,11.94,27.7,nasa,0.59
2010-08-05,0.0,20.56,13.21,29.04,nasa,0.59
2010-08-06,0.0,19.41,11.42,29.02,nasa,0.59
2010-08-07,0.0,19.15,10.85,29.09,nasa,0.59
2010-08-08,0.0,20.71,11.9,29.34,nasa,0.59
2010-08-09,0.0,22.49,15.91,30.95,nasa,0.59
2010-08-10,0.0,20.67,12.86,29.41,nasa,0.59
2010-08-11,0.0,20.1,13.63,27.98,nasa,0.59
2010-08-12,0.0,19.3,12.99,27.59,nasa,0.59
2010-08-13,0.0,19.93,11.67,29.45,nasa,0.59
2010-08-14,0.0,20.28,12.53,29.71,nasa,0.59
2010-08-15,0.0,19.2,12.8,28.24,nasa,0.59
2010-08-16,0.0,16.67,8.87,26.2,nasa,0.59
2010-08-17,0.0,15.84,8.69,25.14,nasa,0.59
2010-08-18,0.0,15.54,7.92,25.36,nasa,0.59
2010-08-19,0.0,15.81,8.12,25.85,nasa,0.59
2010-08-20,0.0,17.34,8.89,27.49,nasa,0.59
2010-08-21,0.0,18.97,10.96,29.05,nasa,0.59
2010-08-22,0.0,19.35,11.48,29.67,nasa,0.59
2010-08-23,0.0,19.72,12.5,29.69,nasa,0.59
2010-08-24,0.0,20.02,11.37,29.85,nasa,0.59
2010-08-25,0.0,20.93,11.96,30.37,nasa,0.59
2010-08-26,0.0,21.57,13.34,30.78,nasa,0.58
2010-08-27,0.0,22.67,14.04,31.75,nasa,0.58
2010-08-28,0.0,23.01,14.37,32.73,nasa,0.58
2010-08-29,0.0,23.21,14.94,32.79,nasa,0.58
2010-08-30,0.0,22.89,15.57,31.77,nasa,0.58
2010-08-31,0.0,22.22,15.16,30.58,nasa,0.58
2010-09-01,0.0,21.22,14.36,30.12,nasa,0.58
2010-09-02,0.0,21.23,14.06,30.72,nasa,0.58
2010-09-03,0.0,22.16,13.7,32.0,nasa,0.58
2010-09-04,0.0,22.9,13.33,32.23,nasa,0.58
2010-09-05,0.0,24.87,15.12,33.92,nasa,0.58
2010-09-06,0.0,24.25,17.35,32.04,nasa,0.58
2010-09-07,3.34,23.06,16.16,31.34,nasa,0.58
2010-09-08,1.18,21.76,16.0,28.89,nasa,0.59
2010-09-09,0.0,21.6,14.28,29.76,nasa,0.59
2010-09-10,0.0,21.97,14.25,30.28,nasa,0.59
2010-09-11,0.0,20.93,13.63,30.37,nasa,0.59
2010-09-12,0.0,20.75,12.32,31.06,nasa,0.59
2010-09-13,0.0,20.95,12.88,30.98,nasa,0.59
2010-09-14,0.0,22.39,13.78,32.56,nasa,0.58
2010-09-15,0.0,24.27,15.66,34.0,nasa,0.58
2010-09-16,0.0,25.0,17.48,33.76,nasa,0.58
2010-09-17,0.0,26.13,17.62,34.89,nasa,0.58
2010-09-18,0.0,26.88,18.98,35.07,nasa,0.58
2010-09-19,0.0,26.04,18.86,33.15,nasa,0.58
2010-09-20,2.17,24.31,17.76,31.88,nasa,0.58
2010-09-21,0.01,23.66,16.91,31.63,nasa,0.59
2010-09-22,0.0,23.78,16.62,32.04,nasa,0.59
2010-09-23,0.0,24.14,16.59,32.83,nasa,0.58
2010-09-24,0.53,24.43,17.27,31.91,nasa,0.58
2010-09-25,2.82,25.08,19.28,32.76,nasa,0.58
2010-09-26,0.57,24.63,17.91,32.62,nasa,0.59
2010-09-27,10.68,25.13,19.04,33.68,nasa,0.6
2010-09-28,13.77,24.02,19.11,30.56,nasa,0.62
2010-09-29,17.2,22.27,18.88,27.39,nasa,0.64
2010-09-30,0.13,24.09,18.79,31.26,nasa,0.66
2010-10-01,20.52,24.51,19.55,30.21,nasa,0.66
2010-10-02,1.3,22.64,19.37,26.51,nasa,0.68
2010-10-03,1.74,22.87,18.54,28.21,nasa,0.67
2010-10-04,6.27,22.8,17.78,28.77,nasa,0.67
2010-10-05,1.73,23.43,18.93,29.08,nasa,0.67
2010-10-06,1.92,25.09,19.46,31.1,nasa,0.66
2010-10-07,9.84,23.56,19.85,28.89,nasa,0.66
2010-10-08,1.23,23.29,17.59,30.22,nasa,0.67
2010-10-09,0.0,21.07,13.32,30.13,nasa,0.66
2010-10-10,0.36,21.53,13.43,29.9,nasa,0.65
2010-10-11,0.78,23.31,16.48,30.63,nasa,0.64
2010-10-12,0.01,22.95,16.26,31.2,nasa,0.64
2010-10-13,0.16,23.48,15.82,31.79,nasa,0.63
2010-10-14,4.95,24.35,17.62,30.28,nasa,0.63
2010-10-15,0.9,23.62,19.53,29.1,nasa,0.64
2010-10-16,1.44,24.32,18.08,31.55,nasa,0.63
2010-10-17,2.88,24.53,19.24,30.66,nasa,0.63
2010-10-18,2.78,23.99,18.23,30.52,nasa,0.63
2010-10-19,1.31,23.57,18.05,30.64,nasa,0.63
2010-10-20,0.35,23.66,15.54,32.0,nasa,0.63
2010-10-21,0.0,25.26,17.12,33.26,nasa,0.62
2010-10-22,0.1,26.47,18.43,33.48,nasa,0.62
2010-10-23,2.1,24.88,20.69,30.56,nasa,0.61
2010-10-24,3.72,23.49,19.69,29.75,nasa,0.62
2010-10-25,2.76,23.89,19.24,30.27,nasa,0.62
2010-10-26,6.8,23.34,18.74,30.19,nasa,0.63
2010-10-27,0.17,22.49,15.08,31.85,nasa,0.63
2010-10-28,0.0,23.68,15.57,33.84,nasa,0.62
2010-10-29,0.02,25.2,16.48,34.5,nasa,0.61
2010-10-30,19.35,23.52,19.34,28.55,nasa,0.63
2010-10-31,3.71,22.76,20.08,26.8,nasa,0.65
2010-11-01,10.48,22.36,19.68,27.08,nasa,0.65
2010-11-02,4.96,22.31,17.97,27.79,nasa,0.67
2010-11-03,0.62,22.64,17.9,29.32,nasa,0.66
2010-11-04,13.39,22.45,16.71,28.21,nasa,0.66
2010-11-05,11.48,22.47,18.06,28.37,nasa,0.68
2010-11-06,15.99,21.29,18.98,25.4,nasa,0.7
2010-11-07,1.24,21.58,16.31,27.54,nasa,0.7
2010-11-08,1.18,22.08,17.34,28.61,nasa,0.69
2010-11-09,7.67,21.63,18.67,25.83,nasa,0.69
2010-11-10,4.46,22.35,18.06,26.92,nasa,0.69
2010-11-11,3.97,22.9,16.65,28.85,nasa,0.69
2010-11-12,2.97,22.43,16.18,28.57,nasa,0.68
2010-11-13,7.59,23.11,18.21,28.34,nasa,0.68
2010-11-14,14.31,20.67,19.07,23.67,nasa,0.69
2010-11-15,21.25,20.29,17.99,23.77,nasa,0.72
2010-11-16,24.91,19.96,17.91,22.78,nasa,0.75
2010-11-17,16.44,20.03,17.39,22.84,nasa,0.78
2010-11-18,0.22,20.95,15.09,27.37,nasa,0.77
2010-11-19,0.0,22.82,14.63,29.27,nasa,0.74
2010-11-20,1.31,24.16,17.71,30.47,nasa,0.72
2010-11-21,8.94,22.37,18.15,27.22,nasa,0.72
2010-11-22,26.36,20.8,18.53,24.11,nasa,0.75
2010-11-23,6.38,21.91,17.5,27.25,nasa,0.76
2010-11-24,3.48,22.7,17.41,28.37,nasa,0.75
2010-11-25,5.78,23.2,19.52,27.63,nasa,0.74
2010-11-26,4.28,22.5,18.93,26.92,nasa,0.74
2010-11-27,1.96,23.53,17.73,29.32,nasa,0.73
2010-11-28,0.22,23.75,17.1,29.79,nasa,0.72
2010-11-29,11.84,22.59,18.12,26.72,nasa,0.71
2010-11-30,6.38,22.37,18.67,26.72,nasa,0.72
2010-12-01,34.7,22.59,20.06,26.6,nasa,0.75
2010-12-02,7.43,22.47,19.2,26.92,nasa,0.78
2010-12-03,1.06,23.66,18.04,29.59,nasa,0.76
2010-12-04,4.1,24.17,18.96,29.47,nasa,0.75
2010-12-05,17.39,23.61,20.54,26.63,nasa,0.76
2010-12-06,6.1,22.55,19.96,25.52,nasa,0.77
2010-12-07,7.43,22.85,19.06,26.57,nasa,0.77
2010-12-08,3.07,22.92,20.38,27.24,nasa,0.77
2010-12-09,0.21,24.09,18.78,29.36,nasa,0.76
2010-12-10,1.14,23.91,21.07,28.31,nasa,0.75
2010-12-11,0.17,23.3,19.64,27.97,nasa,0.74
2010-12-12,1.24,24.24,18.61,29.97,nasa,0.73
2010-12-13,0.29,23.79,18.88,28.91,nasa,0.72
2010-12-14,17.67,23.19,19.77,28.2,nasa,0.73
2010-12-15,22.51,21.4,19.24,24.8,nasa,0.76
2010-12-16,1.64,21.31,18.09,26.01,nasa,0.78
2010-12-17,0.03,22.57,17.02,28.51,nasa,0.76
2010-12-18,2.15,22.53,16.76,27.59,nasa,0.74
2010-12-19,0.42,22.82,18.02,28.13,nasa,0.74
2010-12-20,0.36,22.16,16.78,27.17,nasa,0.73
2010-12-21,0.56,23.88,18.85,29.24,nasa,0.72
2010-12-22,3.26,23.39,19.18,28.1,nasa,0.71
2010-12-23,9.75,23.25,18.75,27.79,nasa,0.71
2010-12-24,12.61,22.32,19.55,26.4,nasa,0.73
2010-12-25,5.89,21.13,18.77,23.76,nasa,0.74
2010-12-26,5.14,22.47,18.74,27.61,nasa,0.75
2010-12-27,12.37,21.82,18.3,26.22,nasa,0.75
2010-12-28,11.84,21.96,18.89,25.76,nasa,0.76
2010-12-29,3.9,22.56,19.43,27.1,nasa,0.77
2010-12-30,4.07,22.65,18.34,27.27,nasa,0.76
2010-12-31,18.11,22.87,19.07,27.68,nasa,0.77
2011-01-01,23.27,21.97,19.69,25.98,nasa,0.81
2011-01-02,18.4,20.62,19.01,23.55,nasa,0.81
2011-01-03,48.83,20.15,18.09,22.43,nasa,0.85
2011-01-04,28.1,21.16,18.46,24.51,nasa,0.88
2011-01-05,9.31,22.18,17.99,27.31,nasa,0.88
2011-01-06,30.83,22.36,18.03,26.84,nasa,0.87
2011-01-07,6.69,21.4,19.21,24.21,nasa,0.89
2011-01-08,2.97,21.81,18.2,26.26,nasa,0.86
2011-01-09,2.58,21.86,18.45,26.56,nasa,0.85
2011-01-10,3.65,21.82,17.11,26.8,nasa,0.83
2011-01-11,11.81,21.72,19.06,25.23,nasa,0.84
2011-01-12,11.53,21.28,19.09,23.79,nasa,0.85
2011-01-13,14.9,21.31,18.27,24.92,nasa,0.86
2011-01-14,14.23,21.75,19.54,24.56,nasa,0.87
2011-01-15,8.62,22.44,19.54,26.56,nasa,0.87
2011-01-16,7.56,21.79,19.26,24.9,nasa,0.87
2011-01-17,7.41,22.84,19.47,27.08,nasa,0.87
2011-01-18,3.69,23.47,18.84,27.58,nasa,0.86
2011-01-19,1.11,23.1,19.55,27.37,nasa,0.85
2011-01-20,1.55,22.91,18.94,27.44,nasa,0.84
2011-01-21,0.29,22.84,18.1,28.19,nasa,0.84
2011-01-22,3.78,22.71,19.47,27.06,nasa,0.83
2011-01-23,0.76,22.27,18.81,26.93,nasa,0.83
2011-01-24,0.01,22.4,17.41,27.66,nasa,0.82
2011-01-25,0.0,22.09,18.2,27.24,nasa,0.81
2011-01-26,0.06,21.92,15.77,27.52,nasa,0.8
2011-01-27,0.01,22.83,16.99,28.3,nasa,0.8
2011-01-28,0.03,23.54,17.27,29.28,nasa,0.79
2011-01-29,0.79,23.93,20.34,27.39,nasa,0.79
2011-01-30,2.19,23.48,19.83,27.44,nasa,0.79
2011-01-31,12.05,24.31,19.21,28.46,nasa,0.79
2011-02-01,4.06,22.86,20.19,25.84,nasa,0.81
2011-02-02,3.93,22.38,18.5,26.81,nasa,0.81
2011-02-03,0.28,22.33,18.62,26.41,nasa,0.81
2011-02-04,0.04,22.38,18.21,26.56,nasa,0.8
2011-02-05,0.0,22.62,17.29,28.15,nasa,0.79
2011-02-06,0.8,22.58,18.54,27.64,nasa,0.78
2011-02-07,2.38,22.68,18.08,27.17,nasa,0.78
2011-02-08,0.0,22.36,17.8,27.63,nasa,0.77
2011-02-09,0.0,22.33,16.0,28.08,nasa,0.77
2011-02-10,0.63,23.41,17.45,28.65,nasa,0.76
2011-02-11,2.7,22.37,17.91,27.06,nasa,0.75
2011-02-12,1.77,22.06,18.43,25.78,nasa,0.76
2011-02-13,2.6,22.51,18.37,26.12,nasa,0.76
2011-02-14,3.33,22.71,18.31,26.47,nasa,0.76
2011-02-15,1.64,21.94,18.63,25.3,nasa,0.76
2011-02-16,12.78,22.24,19.11,26.93,nasa,0.77
2011-02-17,4.8,21.65,18.32,25.95,nasa,0.78
2011-02-18,0.24,21.35,18.25,25.71,nasa,0.78
2011-02-19,0.05,20.95,16.5,25.81,nasa,0.77
2011-02-20,0.05,22.01,16.8,27.59,nasa,0.76
2011-02-21,0.54,22.65,17.36,27.88,nasa,0.75
2011-02-22,2.14,22.57,18.53,27.28,nasa,0.75
2011-02-23,6.49,22.81,18.11,27.86,nasa,0.75
2011-02-24,2.36,22.71,19.36,27.25,nasa,0.76
2011-02-25,18.91,22.38,18.52,27.39,nasa,0.77
2011-02-26,8.24,22.17,18.81,26.36,nasa,0.79
2011-02-27,3.81,22.4,18.67,27.39,nasa,0.79
2011-02-28,6.43,22.28,18.01,26.59,nasa,0.78
2011-03-01,21.31,21.6,18.45,24.96,nasa,0.8
2011-03-02,20.55,20.75,19.2,23.32,nasa,0.83
2011-03-03,29.31,20.66,18.59,24.17,nasa,0.86
2011-03-04,19.96,20.08,17.58,23.79,nasa,0.87
2011-03-05,12.83,20.5,18.15,24.31,nasa,0.87
2011-03-06,31.29,20.53,18.16,23.38,nasa,0.89
2011-03-07,18.87,20.38,18.18,23.16,nasa,0.9
2011-03-08,9.24,20.39,17.99,23.93,nasa,0.9
2011-03-09,3.4,21.59,18.33,25.98,nasa,0.89
2011-03-10,7.81,21.28,18.35,24.97,nasa,0.88
2011-03-11,14.26,22.09,17.85,26.33,nasa,0.88
2011-03-12,20.39,21.45,18.86,25.16,nasa,0.9
2011-03-13,5.01,21.78,19.68,25.55,nasa,0.9
2011-03-14,6.06,22.26,19.11,26.77,nasa,0.89
2011-03-15,5.61,21.86,18.79,26.4,nasa,0.89
2011-03-16,8.32,22.07,19.61,25.14,nasa,0.89
2011-03-17,7.0,21.76,18.53,25.96,nasa,0.89
2011-03-18,21.39,22.03,19.33,25.63,nasa,0.9
2011-03-19,38.73,21.44,19.6,23.41,nasa,0.93
2011-03-20,29.87,19.54,17.94,21.0,nasa,0.95
2011-03-21,2.79,19.33,17.78,22.09,nasa,0.94
2011-03-22,0.74,19.75,17.17,23.8,nasa,0.93
2011-03-23,9.99,20.09,17.73,24.49,nasa,0.93
2011-03-24,8.38,19.87,16.99,24.1,nasa,0.94
2011-03-25,2.29,21.24,17.24,26.11,nasa,0.93
2011-03-26,2.34,21.57,15.57,27.43,nasa,0.92
2011-03-27,0.36,22.86,17.8,28.49,nasa,0.92
2011-03-28,0.47,22.87,17.83,27.93,nasa,0.91
2011-03-29,0.84,22.85,17.98,27.42,nasa,0.9
2011-03-30,1.64,22.99,19.4,27.31,nasa,0.9
2011-03-31,0.77,22.62,18.34,27.16,nasa,0.9
2011-04-01,0.8,22.85,19.04,27.63,nasa,0.89
2011-04-02,10.56,21.23,19.56,23.19,nasa,0.89
2011-04-03,17.27,21.33,18.27,25.77,nasa,0.91
2011-04-04,12.27,21.03,17.78,25.01,nasa,0.93
2011-04-05,8.45,21.49,19.02,25.23,nasa,0.93
2011-04-06,0.8,21.54,17.28,26.78,nasa,0.92
2011-04-07,0.0,20.43,15.12,26.01,nasa,0.91
2011-04-08,0.22,20.67,17.19,25.6,nasa,0.91
2011-04-09,6.41,20.38,16.25,24.91,nasa,0.9
2011-04-10,2.92,20.31,17.17,24.8,nasa,0.91
2011-04-11,0.13,20.69,16.07,25.69,nasa,0.9
2011-04-12,0.3,21.34,17.98,26.04,nasa,0.9
2011-04-13,0.68,21.95,17.27,26.38,nasa,0.89
2011-04-14,0.29,21.74,17.9,26.59,nasa,0.89
2011-04-15,0.02,20.27,15.95,25.67,nasa,0.88
2011-04-16,0.03,20.22,16.14,25.43,nasa,0.88
2011-04-17,0.0,20.04,15.51,25.44,nasa,0.87
2011-04-18,0.0,19.98,15.74,25.26,nasa,0.87
2011-04-19,0.0,20.1,16.55,25.25,nasa,0.87
2011-04-20,0.0,19.36,15.65,24.61,nasa,0.86
2011-04-21,0.0,19.47,13.36,25.74,nasa,0.86
2011-04-22,0.0,19.95,14.1,25.82,nasa,0.85
2011-04-23,0.0,20.96,15.02,26.01,nasa,0.85
2011-04-24,0.01,21.28,16.68,26.12,nasa,0.84
2011-04-25,5.5,20.61,17.39,25.0,nasa,0.84
2011-04-26,12.03,19.41,16.06,23.84,nasa,0.86
2011-04-27,3.86,18.8,16.01,22.85,nasa,0.86
2011-04-28,9.39,18.34,15.2,22.74,nasa,0.86
2011-04-29,0.22,18.76,13.11,24.89,nasa,0.86
2011-04-30,0.0,19.34,13.22,25.17,nasa,0.86
2011-05-01,0.0,19.98,14.03,25.85,nasa,0.85
2011-05-02,0.51,20.5,16.39,25.59,nasa,0.85
2011-05-03,0.08,20.14,15.29,25.96,nasa,0.84
2011-05-04,0.03,20.44,15.4,26.26,nasa,0.84
2011-05-05,0.44,21.25,16.67,25.87,nasa,0.83
2011-05-06,0.48,21.34,16.58,26.71,nasa,0.83
2011-05-07,0.04,19.73,15.51,24.91,nasa,0.83
2011-05-08,0.0,19.43,14.36,24.66,nasa,0.83
2011-05-09,0.0,19.24,14.84,25.14,nasa,0.83
2011-05-10,0.04,18.62,14.11,24.39,nasa,0.82
2011-05-11,0.0,18.77,14.69,24.25,nasa,0.82
2011-05-12,0.0,18.67,13.4,23.83,nasa,0.82
2011-05-13,0.0,18.85,15.0,23.98,nasa,0.82
2011-05-14,0.09,18.12,12.85,23.97,nasa,0.82
2011-05-15,0.13,18.41,13.15,23.85,nasa,0.81
2011-05-16,0.27,18.04,13.91,23.41,nasa,0.81
2011-05-17,0.03,17.13,11.26,23.55,nasa,0.81
2011-05-18,0.0,17.12,12.13,23.46,nasa,0.8
2011-05-19,0.26,16.64,10.28,23.03,nasa,0.8
2011-05-20,0.22,17.6,12.46,23.48,nasa,0.8
2011-05-21,0.01,17.03,13.67,21.99,nasa,0.8
2011-05-22,0.0,15.6,11.74,21.28,nasa,0.8
2011-05-23,0.04,15.9,12.02,21.03,nasa,0.79
2011-05-24,0.0,16.14,10.28,22.7,nasa,0.79
2011-05-25,0.0,17.26,11.01,23.38,nasa,0.79
2011-05-26,0.01,17.63,12.44,24.03,nasa,0.79
2011-05-27,0.0,17.57,11.74,23.18,nasa,0.78
2011-05-28,0.0,17.85,12.92,22.89,nasa,0.78
2011-05-29,0.0,17.49,12.45,23.56,nasa,0.78
2011-05-30,0.0,17.05,10.13,23.96,nasa,0.78
2011-05-31,0.0,17.23,10.78,23.97,nasa,0.77
2011-06-01,0.0,18.8,14.36,23.89,nasa,0.77
2011-06-02,0.0,18.77,14.64,23.97,nasa,0.77
2011-06-03,0.0,18.77,14.68,24.18,nasa,0.77
2011-06-04,0.0,17.05,11.99,23.22,nasa,0.76
2011-06-05,0.04,15.03,10.28,21.49,nasa,0.76
2011-06-06,0.0,15.92,10.11,22.81,nasa,0.76
2011-06-07,3.24,17.79,12.94,23.33,nasa,0.76
2011-06-08,0.6,17.96,14.78,23.11,nasa,0.76
2011-06-09,10.87,18.61,14.11,23.37,nasa,0.77
2011-06-10,1.3,17.9,15.46,22.35,nasa,0.78
2011-06-11,0.11,17.86,13.16,23.29,nasa,0.78
2011-06-12,0.0,16.72,12.14,22.89,nasa,0.78
2011-06-13,0.03,17.42,11.25,23.73,nasa,0.77
2011-06-14,0.01,15.54,10.23,22.45,nasa,0.77
2011-06-15,0.03,13.97,9.57,21.01,nasa,0.76
2011-06-16,0.09,14.42,9.2,21.28,nasa,0.76
2011-06-17,0.0,15.32,8.94,21.68,nasa,0.76
2011-06-18,0.0,16.91,10.74,22.77,nasa,0.75
2011-06-19,0.04,16.36,9.42,23.24,nasa,0.75
2011-06-20,0.0,16.92,10.37,23.86,nasa,0.75
2011-06-21,0.08,17.85,11.44,24.37,nasa,0.74
2011-06-22,0.0,17.81,11.59,25.08,nasa,0.74
2011-06-23,0.01,17.0,11.25,23.87,nasa,0.74
2011-06-24,0.03,17.02,10.62,24.08,nasa,0.74
2011-06-25,0.0,17.75,10.99,24.14,nasa,0.73
2011-06-26,0.02,17.66,12.69,23.83,nasa,0.73
2011-06-27,0.07,15.46,9.93,21.01,nasa,0.73
2011-06-28,0.0,14.81,7.95,22.79,nasa,0.73
2011-06-29,0.0,16.6,10.49,23.98,nasa,0.73
2011-06-30,0.04,17.23,11.6,24.1,nasa,0.73
2011-07-01,0.0,18.51,11.89,24.79,nasa,0.72
2011-07-02,0.0,18.72,12.65,24.72,nasa,0.72
2011-07-03,0.0,18.6,13.8,25.23,nasa,0.72
2011-07-04,0.0,18.03,13.45,24.7,nasa,0.72
2011-07-05,0.04,17.64,11.85,25.21,nasa,0.71
2011-07-06,0.0,17.08,10.99,24.86,nasa,0.71
2011-07-07,0.04,16.72,10.72,24.05,nasa,0.71
2011-07-08,0.09,16.09,9.72,23.65,nasa,0.71
2011-07-09,0.0,15.69,8.4,24.11,nasa,0.71
2011-07-10,0.0,16.75,11.2,23.77,nasa,0.7
2011-07-11,0.0,16.44,10.11,24.15,nasa,0.7
2011-07-12,0.0,16.6,9.29,24.38,nasa,0.7
2011-07-13,0.0,15.95,8.58,23.68,nasa,0.7
2011-07-14,0.0,15.92,10.16,23.8,nasa,0.7
2011-07-15,0.0,16.4,8.21,24.42,nasa,0.69
2011-07-16,0.0,17.41,10.53,25.21,nasa,0.69
2011-07-17,0.0,19.51,13.4,26.12,nasa,0.69
2011-07-18,0.0,20.08,13.97,26.22,nasa,0.69
2011-07-19,0.0,20.66,14.54,26.86,nasa,0.68
2011-07-20,0.0,19.19,14.22,26.0,nasa,0.68
2011-07-21,0.0,17.31,11.27,24.59,nasa,0.68
2011-07-22,0.0,18.75,11.27,26.57,nasa,0.68
2011-07-23,0.0,17.87,12.99,24.51,nasa,0.68
2011-07-24,0.0,17.54,13.92,23.04,nasa,0.68
2011-07-25,0.0,17.48,13.08,22.79,nasa,0.67
2011-07-26,0.0,17.32,13.06,23.05,nasa,0.67
2011-07-27,0.0,16.84,12.03,23.49,nasa,0.67
2011-07-28,0.0,17.02,11.23,23.28,nasa,0.67
2011-07-29,0.0,18.24,11.98,25.34,nasa,0.67
2011-07-30,0.0,18.84,12.21,26.63,nasa,0.67
2011-07-31,0.0,19.06,12.96,27.32,nasa,0.66
2011-08-01,0.0,19.11,12.53,26.43,nasa,0.66
2011-08-02,0.0,19.07,11.54,26.93,nasa,0.66
2011-08-03,0.96,19.1,11.87,27.0,nasa,0.66
2011-08-04,0.01,14.07,8.61,22.75,nasa,0.66
2011-08-05,0.0,17.82,8.43,27.52,nasa,0.66
2011-08-06,0.0,20.45,14.61,27.88,nasa,0.65
2011-08-07,0.0,21.55,14.69,28.4,nasa,0.65
2011-08-08,0.0,21.35,13.84,28.6,nasa,0.65
2011-08-09,0.0,22.26,16.93,28.79,nasa,0.65
2011-08-10,0.0,19.84,15.3,26.39,nasa,0.64
2011-08-11,0.0,19.14,12.13,27.26,nasa,0.64
2011-08-12,0.0,19.61,11.82,27.68,nasa,0.64
2011-08-13,0.0,20.68,12.0,28.69,nasa,0.64
2011-08-14,0.0,21.49,14.21,29.87,nasa,0.64
2011-08-15,0.0,18.73,13.66,26.74,nasa,0.64
2011-08-16,0.0,17.67,11.17,26.06,nasa,0.63
2011-08-17,0.0,19.52,11.54,28.48,nasa,0.63
2011-08-18,0.0,19.54,12.94,28.44,nasa,0.63
2011-08-19,0.0,19.3,11.72,28.71,nasa,0.63
2011-08-20,0.0,21.03,13.3,30.48,nasa,0.63
2011-08-21,0.17,21.87,14.85,29.88,nasa,0.63
2011-08-22,0.0,20.65,15.11,27.23,nasa,0.62
2011-08-23,0.0,20.18,14.32,27.63,nasa,0.62
2011-08-24,0.0,20.59,13.28,29.01,nasa,0.62
2011-08-25,0.0,20.66,13.6,28.57,nasa,0.62
2011-08-26,0.0,21.48,14.22,29.88,nasa,0.62
2011-08-27,0.0,21.61,15.71,29.35,nasa,0.62
2011-08-28,0.0,21.22,14.85,29.38,nasa,0.62
2011-08-29,0.0,20.95,14.11,29.37,nasa,0.61
2011-08-30,0.0,22.83,14.63,31.32,nasa,0.61
2011-08-31,0.02,24.19,16.2,33.36,nasa,0.61
2011-09-01,0.02,22.78,17.06,30.43,nasa,0.61
2011-09-02,0.0,20.76,14.09,29.33,nasa,0.61
2011-09-03,0.0,18.36,10.6,28.23,nasa,0.61
2011-09-04,0.0,19.14,10.35,29.25,nasa,0.61
2011-09-05,0.0,20.57,10.71,30.06,nasa,0.6
2011-09-06,0.0,22.51,15.82,31.97,nasa,0.6
2011-09-07,0.0,21.85,13.3,31.6,nasa,0.6
2011-09-08,0.0,22.04,13.34,32.02,nasa,0.6
2011-09-09,0.0,22.72,14.13,32.49,nasa,0.6
2011-09-10,0.0,24.24,17.52,33.15,nasa,0.6
2011-09-11,0.0,24.57,17.16,33.27,nasa,0.6
2011-09-12,0.0,23.41,17.34,31.84,nasa,0.6
2011-09-13,0.48,23.79,17.36,32.06,nasa,0.59
2011-09-14,7.81,23.46,19.3,30.24,nasa,0.6
2011-09-15,0.01,22.28,17.88,28.08,nasa,0.61
2011-09-16,0.01,20.81,15.62,27.46,nasa,0.61
2011-09-17,0.0,19.68,12.78,27.24,nasa,0.61
2011-09-18,0.0,19.69,12.78,27.68,nasa,0.6
2011-09-19,0.0,19.13,11.99,28.25,nasa,0.6
2011-09-20,0.0,19.18,10.98,28.67,nasa,0.6
2011-09-21,0.0,21.85,12.46,31.61,nasa,0.6
2011-09-22,0.0,23.93,15.14,33.36,nasa,0.6
2011-09-23,0.11,23.71,15.68,33.01,nasa,0.6
2011-09-24,0.08,23.6,17.91,31.17,nasa,0.59
2011-09-25,0.26,22.98,18.13,29.68,nasa,0.59
2011-09-26,0.0,22.62,15.34,30.82,nasa,0.59
2011-09-27,0.0,23.32,15.72,31.73,nasa,0.59
2011-09-28,0.0,24.48,15.74,33.1,nasa,0.59
2011-09-29,0.0,25.11,16.53,33.84,nasa,0.59
2011-09-30,0.0,25.11,17.22,33.61,nasa,0.59
2011-10-01,0.0,24.07,19.06,30.37,nasa,0.59
2011-10-02,2.97,23.38,18.28,30.26,nasa,0.59
2011-10-03,9.66,22.09,18.45,27.91,nasa,0.61
2011-10-04,0.94,22.21,15.75,29.07,nasa,0.61
2011-10-05,2.4,19.58,17.01,23.26,nasa,0.61
2011-10-06,0.54,20.58,16.36,26.46,nasa,0.61
2011-10-07,0.0,22.75,16.28,30.01,nasa,0.61
2011-10-08,6.65,23.31,17.27,29.83,nasa,0.61
2011-10-09,8.75,24.12,17.88,30.53,nasa,0.62
2011-10-10,1.15,23.6,18.38,29.08,nasa,0.63
2011-10-11,8.89,24.48,18.74,30.19,nasa,0.63
2011-10-12,2.18,24.52,19.26,30.41,nasa,0.64
2011-10-13,9.23,21.84,19.85,24.55,nasa,0.65
2011-10-14,3.24,22.33,18.22,27.36,nasa,0.66
2011-10-15,5.52,22.34,19.07,26.31,nasa,0.66
2011-10-16,10.05,21.9,19.27,26.39,nasa,0.67
2011-10-17,7.18,22.06,17.86,28.82,nasa,0.68
2011-10-18,0.81,21.54,15.45,28.19,nasa,0.68
2011-10-19,0.39,20.04,13.99,26.8,nasa,0.67
2011-10-20,0.0,20.25,13.92,27.53,nasa,0.66
2011-10-21,0.41,19.47,14.13,25.54,nasa,0.65
2011-10-22,11.07,16.96,13.94,20.64,nasa,0.66
2011-10-23,16.17,18.6,15.79,22.8,nasa,0.69
2011-10-24,0.13,21.24,15.9,27.53,nasa,0.69
2011-10-25,4.38,22.04,16.01,28.44,nasa,0.68
2011-10-26,4.65,22.03,17.11,27.03,nasa,0.68
2011-10-27,1.44,23.57,19.55,28.51,nasa,0.68
2011-10-28,0.91,24.05,17.9,29.5,nasa,0.67
2011-10-29,3.7,24.86,19.48,30.17,nasa,0.67
2011-10-30,1.77,23.16,18.32,28.72,nasa,0.67
2011-10-31,2.48,21.51,17.84,26.34,nasa,0.67
2011-11-01,0.13,19.72,12.57,27.19,nasa,0.66
2011-11-02,0.0,19.53,13.45,26.63,nasa,0.65
2011-11-03,0.0,21.1,13.31,28.49,nasa,0.65
2011-11-04,0.0,22.44,14.39,30.11,nasa,0.64
2011-11-05,0.0,22.18,17.27,28.38,nasa,0.64
2011-11-06,0.4,21.45,14.6,28.64,nasa,0.63
2011-11-07,1.05,19.96,16.5,25.16,nasa,0.63
2011-11-08,0.01,21.06,14.08,28.7,nasa,0.63
2011-11-09,0.0,22.04,14.24,30.34,nasa,0.62
2011-11-10,0.0,23.43,16.32,31.62,nasa,0.62
2011-11-11,0.0,24.79,16.25,33.26,nasa,0.61
2011-11-12,2.09,24.71,18.03,31.98,nasa,0.61
2011-11-13,1.13,24.13,18.64,30.38,nasa,0.61
2011-11-14,19.51,21.86,18.24,26.94,nasa,0.63
2011-11-15,12.62,21.59,18.04,26.07,nasa,0.66
2011-11-16,10.08,21.84,17.4,27.49,nasa,0.68
2011-11-17,0.01,21.95,14.79,29.27,nasa,0.67
2011-11-18,0.15,22.97,15.83,30.96,nasa,0.66
2011-11-19,0.32,23.25,16.26,30.96,nasa,0.65
2011-11-20,1.22,23.14,17.12,29.64,nasa,0.64
2011-11-21,0.14,23.97,18.19,30.38,nasa,0.64
2011-11-22,12.71,22.24,18.18,26.45,nasa,0.64
2011-11-23,11.22,22.62,17.76,28.53,nasa,0.67
2011-11-24,0.61,22.4,15.43,29.45,nasa,0.67
2011-11-25,10.3,22.96,16.32,29.57,nasa,0.66
2011-11-26,11.82,20.87,17.82,24.59,nasa,0.68
2011-11-27,12.04,20.08,17.79,22.99,nasa,0.7
2011-11-28,6.21,21.5,17.68,26.88,nasa,0.7
2011-11-29,5.74,21.67,17.33,27.27,nasa,0.7
2011-11-30,4.55,20.61,17.45,24.46,nasa,0.7
2011-12-01,9.7,20.78,18.75,24.34,nasa,0.71
2011-12-02,8.23,22.27,17.24,26.83,nasa,0.71
2011-12-03,3.84,20.21,18.14,22.85,nasa,0.71
2011-12-04,3.95,21.03,16.82,26.12,nasa,0.71
2011-12-05,0.8,21.43,18.27,25.74,nasa,0.7
2011-12-06,15.3,21.65,16.45,27.2,nasa,0.71
2011-12-07,8.93,21.38,18.53,25.07,nasa,0.73
2011-12-08,3.77,21.92,17.96,26.37,nasa,0.72
2011-12-09,13.08,21.03,18.76,23.7,nasa,0.72
2011-12-10,27.12,20.99,18.2,24.81,nasa,0.75
2011-12-11,5.07,22.2,17.18,27.65,nasa,0.77
2011-12-12,0.1,23.05,18.1,28.41,nasa,0.75
2011-12-13,7.18,22.99,18.2,28.35,nasa,0.73
2011-12-14,24.64,21.19,18.9,24.18,nasa,0.75
2011-12-15,33.15,21.56,18.88,25.39,nasa,0.8
2011-12-16,16.44,21.84,18.98,26.38,nasa,0.8
2011-12-17,19.4,21.54,18.28,25.39,nasa,0.81
2011-12-18,27.97,21.5,18.7,25.61,nasa,0.83
2011-12-19,15.89,21.39,18.26,25.97,nasa,0.85
2011-12-20,0.6,22.14,17.08,27.58,nasa,0.83
2011-12-21,3.01,22.88,18.57,27.28,nasa,0.81
2011-12-22,1.43,21.54,18.42,26.12,nasa,0.79
2011-12-23,0.67,21.9,16.09,27.62,nasa,0.78
2011-12-24,4.15,22.51,17.42,27.23,nasa,0.77
2011-12-25,4.14,23.22,18.0,28.53,nasa,0.77
2011-12-26,17.27,22.35,18.46,26.64,nasa,0.78
2011-12-27,11.23,22.29,18.93,26.89,nasa,0.79
2011-12-28,6.65,20.91,18.31,24.58,nasa,0.8
2011-12-29,11.13,22.62,18.43,27.41,nasa,0.79
2011-12-30,20.64,22.46,19.13,26.04,nasa,0.81
2011-12-31,21.76,20.91,18.37,23.62,nasa,0.83
2012-01-01,28.31,21.27,18.94,24.91,nasa,0.85
2012-01-02,25.88,20.83,18.91,23.7,nasa,0.89
2012-01-03,3.66,21.49,17.18,27.47,nasa,0.87
2012-01-04,2.11,22.2,16.13,27.24,nasa,0.85
2012-01-05,2.73,21.97,16.84,26.88,nasa,0.83
2012-01-06,5.88,20.93,17.76,25.1,nasa,0.83
2012-01-07,10.24,20.56,17.79,24.14,nasa,0.83
2012-01-08,15.82,20.75,17.51,25.38,nasa,0.85
2012-01-09,13.81,18.3,15.91,21.47,nasa,0.86
2012-01-10,16.6,17.93,16.75,19.76,nasa,0.88
2012-01-11,15.84,18.74,16.27,22.19,nasa,0.88
2012-01-12,3.75,18.58,15.71,22.02,nasa,0.87
2012-01-13,8.81,20.01,16.31,24.26,nasa,0.87
2012-01-14,3.09,20.64,17.4,24.38,nasa,0.86
2012-01-15,5.7,20.78,18.26,24.73,nasa,0.86
2012-01-16,4.73,21.68,17.71,26.21,nasa,0.86
2012-01-17,10.25,21.73,18.06,26.15,nasa,0.86
2012-01-18,12.36,21.11,17.2,25.09,nasa,0.87
2012-01-19,17.1,20.27,17.68,23.1,nasa,0.88
2012-01-20,1.24,20.05,17.33,23.28,nasa,0.88
2012-01-21,2.66,20.12,16.81,23.65,nasa,0.87
2012-01-22,0.52,20.56,16.44,24.64,nasa,0.86
2012-01-23,2.34,20.97,16.74,25.21,nasa,0.86
2012-01-24,1.66,21.18,18.18,25.3,nasa,0.86
2012-01-25,7.27,21.71,16.2,26.41,nasa,0.86
2012-01-26,1.07,22.55,17.24,27.11,nasa,0.86
2012-01-27,11.97,22.67,18.58,26.96,nasa,0.86
2012-01-28,7.59,21.83,17.67,27.05,nasa,0.86
2012-01-29,13.03,22.29,17.26,27.3,nasa,0.87
2012-01-30,3.02,21.77,16.08,28.02,nasa,0.87
2012-01-31,7.98,21.63,15.41,27.42,nasa,0.86
2012-02-01,5.01,20.37,17.55,24.7,nasa,0.87
2012-02-02,2.45,20.96,17.69,25.71,nasa,0.86
2012-02-03,0.04,20.75,16.81,26.52,nasa,0.86
2012-02-04,0.0,20.71,15.69,26.64,nasa,0.85
2012-02-05,0.0,20.66,14.57,26.82,nasa,0.84
2012-02-06,0.0,21.54,15.31,26.96,nasa,0.84
2012-02-07,0.0,23.05,16.82,28.62,nasa,0.83
2012-02-08,2.82,23.72,18.45,29.13,nasa,0.82
2012-02-09,1.44,23.52,18.36,28.38,nasa,0.82
2012-02-10,14.64,23.52,19.59,28.5,nasa,0.82
2012-02-11,12.73,22.35,18.66,26.34,nasa,0.84
2012-02-12,19.71,20.74,18.7,23.85,nasa,0.86
2012-02-13,8.5,19.62,18.01,22.28,nasa,0.88
2012-02-14,0.61,20.43,17.4,24.68,nasa,0.86
2012-02-15,0.01,20.71,16.06,26.36,nasa,0.85
2012-02-16,0.36,20.67,16.97,25.76,nasa,0.84
2012-02-17,0.23,20.22,15.84,25.23,nasa,0.84
2012-02-18,0.6,20.72,16.26,25.72,nasa,0.83
2012-02-19,1.37,20.56,17.53,24.09,nasa,0.83
2012-02-20,0.22,21.22,17.1,25.65,nasa,0.83
2012-02-21,0.89,20.98,17.76,25.37,nasa,0.82
2012-02-22,3.96,20.89,17.49,25.06,nasa,0.82
2012-02-23,5.68,21.04,18.16,24.23,nasa,0.83
2012-02-24,2.21,22.69,18.54,26.85,nasa,0.83
2012-02-25,2.27,22.59,18.3,27.48,nasa,0.83
2012-02-26,0.03,22.1,17.11,27.66,nasa,0.82
2012-02-27,0.0,22.04,17.01,27.48,nasa,0.81
2012-02-28,0.0,22.19,16.1,28.18,nasa,0.8
2012-02-29,0.03,22.72,16.74,28.53,nasa,0.79
2012-03-01,0.22,22.76,16.37,28.95,nasa,0.79
2012-03-02,0.05,23.01,17.81,29.17,nasa,0.78
2012-03-03,0.14,22.39,16.6,28.91,nasa,0.77
2012-03-04,0.12,21.56,15.93,27.63,nasa,0.77
2012-03-05,0.03,20.91,15.83,26.52,nasa,0.76
2012-03-06,1.31,21.25,16.6,26.8,nasa,0.76
2012-03-07,0.03,20.74,16.19,26.32,nasa,0.76
2012-03-08,0.0,20.82,14.9,26.67,nasa,0.75
2012-03-09,0.08,21.69,15.37,27.26,nasa,0.74
2012-03-10,5.46,20.25,17.91,23.0,nasa,0.74
2012-03-11,10.63,20.64,16.69,25.36,nasa,0.76
2012-03-12,8.78,21.6,17.07,26.44,nasa,0.77
2012-03-13,0.35,21.22,17.95,25.01,nasa,0.78
2012-03-14,5.55,21.56,17.17,26.16,nasa,0.78
2012-03-15,9.85,22.59,18.2,27.12,nasa,0.78
2012-03-16,12.8,21.14,17.7,24.9,nasa,0.8
2012-03-17,7.95,20.61,16.85,24.56,nasa,0.81
2012-03-18,4.08,19.0,16.81,22.32,nasa,0.81
2012-03-19,3.16,18.63,16.66,21.71,nasa,0.81
2012-03-20,1.36,19.62,16.38,24.62,nasa,0.8
2012-03-21,1.63,20.67,15.21,26.59,nasa,0.79
2012-03-22,2.05,21.74,16.91,27.16,nasa,0.79
2012-03-23,10.1,20.76,18.34,24.29,nasa,0.79
2012-03-24,0.57,21.43,18.43,25.28,nasa,0.8
2012-03-25,2.16,23.13,18.22,28.02,nasa,0.79
2012-03-26,1.27,22.87,18.06,28.04,nasa,0.79
2012-03-27,1.38,21.83,18.25,26.3,nasa,0.78
2012-03-28,4.22,21.76,18.62,25.76,nasa,0.78
2012-03-29,15.07,22.01,17.52,27.12,nasa,0.79
2012-03-30,5.53,21.88,18.16,26.65,nasa,0.8
2012-03-31,11.0,20.74,17.62,24.52,nasa,0.81
2012-04-01,0.51,21.28,16.09,26.94,nasa,0.8
2012-04-02,1.3,21.75,16.46,26.86,nasa,0.79
2012-04-03,1.94,20.99,17.28,25.4,nasa,0.79
2012-04-04,0.08,21.29,15.91,26.77,nasa,0.78
2012-04-05,0.57,22.16,16.84,27.26,nasa,0.78
2012-04-06,11.86,21.64,18.24,25.11,nasa,0.78
2012-04-07,1.72,21.66,18.17,26.06,nasa,0.79
2012-04-08,1.84,20.48,17.2,24.87,nasa,0.79
2012-04-09,0.6,20.42,16.9,25.32,nasa,0.79
2012-04-10,0.58,20.86,16.71,26.09,nasa,0.78
2012-04-11,0.06,21.04,16.96,26.14,nasa,0.77
2012-04-12,0.01,20.65,16.51,26.02,nasa,0.77
2012-04-13,0.01,20.66,15.68,26.12,nasa,0.76
2012-04-14,0.0,21.35,15.87,26.77,nasa,0.75
2012-04-15,0.26,21.81,17.07,26.84,nasa,0.75
2012-04-16,1.35,23.24,18.66,28.49,nasa,0.74
2012-04-17,1.93,21.86,18.32,26.67,nasa,0.74
2012-04-18,0.25,21.18,17.01,26.48,nasa,0.74
2012-04-19,0.01,20.27,15.43,26.14,nasa,0.74
2012-04-20,0.0,20.0,14.28,26.39,nasa,0.73
2012-04-21,2.96,20.6,16.32,26.27,nasa,0.73
2012-04-22,0.54,20.94,17.32,25.78,nasa,0.73
2012-04-23,1.5,21.25,16.88,26.89,nasa,0.73
2012-04-24,0.02,21.27,15.13,27.66,nasa,0.72
2012-04-25,8.14,20.84,16.35,26.33,nasa,0.73
2012-04-26,11.01,20.48,18.73,23.93,nasa,0.74
2012-04-27,1.09,21.81,18.65,26.79,nasa,0.76
2012-04-28,0.95,21.92,17.34,27.47,nasa,0.75
2012-04-29,2.35,22.32,19.01,26.72,nasa,0.75
2012-04-30,2.19,20.8,16.99,24.82,nasa,0.75
2012-05-01,0.04,16.67,11.1,23.28,nasa,0.74
2012-05-02,0.0,17.04,9.13,24.97,nasa,0.74
2012-05-03,0.04,18.67,14.2,24.95,nasa,0.73
2012-05-04,0.0,18.02,14.15,23.82,nasa,0.73
2012-05-05,0.51,18.37,13.65,23.84,nasa,0.72
2012-05-06,0.0,18.42,13.94,24.22,nasa,0.72
2012-05-07,0.09,17.76,14.13,23.44,nasa,0.72
2012-05-08,0.04,17.39,12.89,22.93,nasa,0.71
2012-05-09,0.0,17.84,12.97,23.26,nasa,0.71
2012-05-10,0.0,18.79,12.4,24.18,nasa,0.71
2012-05-11,0.0,20.59,15.7,26.12,nasa,0.71
2012-05-12,0.97,20.58,15.37,26.82,nasa,0.7
2012-05-13,0.19,19.09,16.41,23.04,nasa,0.7
2012-05-14,2.52,17.99,15.71,21.42,nasa,0.7
2012-05-15,3.24,17.87,14.36,22.0,nasa,0.71
2012-05-16,3.11,17.8,14.77,22.72,nasa,0.71
2012-05-17,0.09,17.21,14.06,22.32,nasa,0.71
2012-05-18,0.0,16.51,13.31,22.05,nasa,0.71
2012-05-19,0.0,16.16,12.21,22.14,nasa,0.71
2012-05-20,0.01,16.96,12.75,22.58,nasa,0.7
2012-05-21,0.0,17.25,12.87,23.0,nasa,0.7
2012-05-22,1.73,16.37,12.87,21.47,nasa,0.7
2012-05-23,1.43,17.08,12.53,22.85,nasa,0.7
2012-05-24,0.39,17.73,13.82,23.31,nasa,0.7
2012-05-25,7.96,18.72,14.41,24.14,nasa,0.7
2012-05-26,5.87,18.69,14.15,24.3,nasa,0.72
2012-05-27,0.24,19.8,13.52,25.83,nasa,0.72
2012-05-28,1.48,20.64,14.78,25.97,nasa,0.71
2012-05-29,0.0,20.5,14.59,26.55,nasa,0.71
2012-05-30,0.11,21.23,16.33,26.92,nasa,0.7
2012-05-31,0.0,21.07,15.55,26.67,nasa,0.7
2012-06-01,0.19,20.6,14.7,26.65,nasa,0.69
2012-06-02,0.0,20.22,13.95,26.75,nasa,0.69
2012-06-03,0.0,20.42,16.31,26.56,nasa,0.69
2012-06-04,2.1,19.74,14.88,25.76,nasa,0.68
2012-06-05,29.93,19.5,15.41,23.73,nasa,0.71
2012-06-06,8.85,19.83,17.2,22.5,nasa,0.74
2012-06-07,4.68,19.18,16.41,23.34,nasa,0.75
2012-06-08,1.28,18.84,15.76,23.75,nasa,0.75
2012-06-09,0.19,18.7,15.34,24.0,nasa,0.74
2012-06-10,0.23,18.64,14.13,24.56,nasa,0.74
2012-06-11,0.44,18.87,13.54,24.69,nasa,0.73
2012-06-12,0.0,19.0,12.9,25.16,nasa,0.72
2012-06-13,0.04,18.34,12.8,24.35,nasa,0.72
2012-06-14,0.0,17.87,12.31,24.3,nasa,0.71
2012-06-15,0.0,17.52,11.09,23.84,nasa,0.71
2012-06-16,0.0,18.35,13.08,23.93,nasa,0.71
2012-06-17,0.0,17.99,13.02,24.25,nasa,0.7
2012-06-18,0.0,17.5,10.72,24.79,nasa,0.7
2012-06-19,0.18,19.0,12.72,25.97,nasa,0.7
2012-06-20,5.62,19.76,13.57,26.3,nasa,0.7
2012-06-21,6.63,20.3,16.21,25.52,nasa,0.71
2012-06-22,1.03,19.88,16.23,24.6,nasa,0.71
2012-06-23,0.01,18.81,12.7,25.53,nasa,0.71
2012-06-24,0.09,18.86,14.85,24.42,nasa,0.7
2012-06-25,0.0,18.78,13.9,25.18,nasa,0.7
2012-06-26,0.0,17.38,13.64,23.03,nasa,0.7
2012-06-27,0.03,16.58,12.05,22.76,nasa,0.69
2012-06-28,0.02,16.55,12.21,23.21,nasa,0.69
2012-06-29,0.0,16.92,11.2,23.13,nasa,0.69
2012-06-30,0.0,18.48,11.5,24.89,nasa,0.69
2012-07-01,0.0,18.58,11.67,24.99,nasa,0.68
2012-07-02,0.0,17.71,11.7,24.43,nasa,0.68
2012-07-03,0.0,17.07,10.61,24.03,nasa,0.68
2012-07-04,0.0,16.29,10.41,23.58,nasa,0.68
2012-07-05,0.0,16.12,9.73,23.7,nasa,0.67
2012-07-06,0.0,16.34,9.56,23.79,nasa,0.67
2012-07-07,0.0,17.96,13.37,25.0,nasa,0.67
2012-07-08,0.0,18.22,11.5,25.05,nasa,0.67
2012-07-09,0.0,16.98,13.37,22.86,nasa,0.67
2012-07-10,0.0,16.51,10.73,23.26,nasa,0.66
2012-07-11,0.0,18.28,13.21,25.37,nasa,0.66
2012-07-12,0.25,18.52,12.57,26.39,nasa,0.66
2012-07-13,0.33,17.36,12.46,23.6,nasa,0.66
2012-07-14,0.0,16.73,9.47,26.33,nasa,0.66
2012-07-15,0.0,17.37,8.94,26.09,nasa,0.65
2012-07-16,0.58,18.17,13.15,24.53,nasa,0.65
2012-07-17,1.22,16.97,12.97,22.08,nasa,0.65
2012-07-18,1.33,14.39,9.28,19.86,nasa,0.66
2012-07-19,0.0,13.3,5.16,23.3,nasa,0.66
2012-07-20,0.0,16.33,7.69,25.5,nasa,0.65
2012-07-21,0.0,19.46,12.49,26.88,nasa,0.65
2012-07-22,0.0,20.51,14.04,27.55,nasa,0.65
2012-07-23,0.0,20.54,13.9,27.88,nasa,0.65
2012-07-24,0.0,19.47,12.38,27.06,nasa,0.64
2012-07-25,0.0,18.99,10.71,26.89,nasa,0.64
2012-07-26,0.0,18.75,11.88,26.88,nasa,0.64
2012-07-27,0.0,20.55,13.91,27.98,nasa,0.64
2012-07-28,0.0,19.51,13.72,28.19,nasa,0.64
2012-07-29,0.0,18.38,10.96,26.92,nasa,0.63
2012-07-30,0.0,19.1,11.59,27.9,nasa,0.63
2012-07-31,0.0,16.75,10.98,24.2,nasa,0.63
2012-08-01,0.0,16.97,11.72,24.32,nasa,0.63
2012-08-02,0.0,17.62,11.94,25.47,nasa,0.63
2012-08-03,0.0,18.01,11.97,25.9,nasa,0.63
2012-08-04,0.0,18.74,11.05,26.85,nasa,0.63
2012-08-05,0.0,19.42,12.58,27.96,nasa,0.62
2012-08-06,0.0,19.47,12.75,26.79,nasa,0.62
2012-08-07,0.0,19.53,13.49,26.86,nasa,0.62
2012-08-08,0.0,18.68,12.55,27.14,nasa,0.62
2012-08-09,0.0,17.49,10.51,26.51,nasa,0.62
2012-08-10,0.0,17.57,10.7,26.51,nasa,0.62
2012-08-11,0.0,17.28,11.15,25.83,nasa,0.62
2012-08-12,0.0,17.59,11.25,25.52,nasa,0.62
2012-08-13,0.0,18.52,11.9,25.96,nasa,0.62
2012-08-14,0.0,18.97,13.69,25.13,nasa,0.61
2012-08-15,0.0,18.56,12.89,25.37,nasa,0.61
2012-08-16,0.0,18.82,12.54,25.87,nasa,0.61
2012-08-17,0.0,18.82,12.83,25.71,nasa,0.61
2012-08-18,0.0,18.85,13.64,25.68,nasa,0.61
2012-08-19,0.0,18.44,13.07,25.16,nasa,0.61
2012-08-20,0.0,17.8,13.18,25.4,nasa,0.61
2012-08-21,0.0,17.55,10.85,25.64,nasa,0.61
2012-08-22,0.0,18.3,13.03,25.09,nasa,0.61
2012-08-23,0.0,17.68,11.11,25.71,nasa,0.61
2012-08-24,0.0,18.83,12.39,26.45,nasa,0.61
2012-08-25,0.0,18.74,12.65,27.01,nasa,0.61
2012-08-26,0.0,19.08,12.6,27.1,nasa,0.6
2012-08-27,0.0,19.85,10.89,27.73,nasa,0.6
2012-08-28,0.0,20.97,13.81,28.14,nasa,0.6
2012-08-29,0.0,20.39,13.19,28.98,nasa,0.6
2012-08-30,0.0,20.25,12.39,29.98,nasa,0.6
2012-08-31,0.0,20.48,11.72,30.12,nasa,0.6
2012-09-01,0.0,22.04,12.12,31.57,nasa,0.6
2012-09-02,0.01,23.63,14.8,32.67,nasa,0.6
2012-09-03,0.0,23.42,14.75,33.5,nasa,0.59
2012-09-04,0.0,21.62,14.66,30.36,nasa,0.59
2012-09-05,0.0,21.84,14.79,30.26,nasa,0.59
2012-09-06,0.0,21.71,13.78,31.3,nasa,0.59
2012-09-07,0.0,21.74,13.73,30.19,nasa,0.59
2012-09-08,0.0,22.14,14.86,30.35,nasa,0.59
2012-09-09,0.0,22.85,15.43,31.98,nasa,0.59
2012-09-10,0.0,23.81,17.41,32.62,nasa,0.59
2012-09-11,0.0,25.17,16.24,34.48,nasa,0.59
2012-09-12,0.0,26.87,18.45,35.47,nasa,0.59
2012-09-13,0.0,27.13,18.26,36.55,nasa,0.59
2012-09-14,0.0,26.24,19.17,33.86,nasa,0.59
2012-09-15,0.26,25.99,19.8,32.68,nasa,0.59
2012-09-16,0.01,25.04,19.04,31.92,nasa,0.59
2012-09-17,0.0,25.32,18.05,32.69,nasa,0.59
2012-09-18,0.0,24.91,17.75,33.09,nasa,0.59
2012-09-19,0.54,25.9,17.85,34.74,nasa,0.59
2012-09-20,3.69,21.26,18.66,24.66,nasa,0.59
2012-09-21,5.22,22.23,17.25,28.92,nasa,0.6
2012-09-22,0.35,23.03,18.11,30.29,nasa,0.6
2012-09-23,1.24,22.99,17.97,29.49,nasa,0.6
2012-09-24,0.64,20.67,16.76,25.51,nasa,0.6
2012-09-25,11.45,22.64,17.64,29.33,nasa,0.61
2012-09-26,6.6,20.52,14.78,25.98,nasa,0.63
2012-09-27,0.0,17.07,8.75,26.21,nasa,0.63
2012-09-28,0.0,17.44,9.2,26.84,nasa,0.63
2012-09-29,0.0,18.82,10.37,27.99,nasa,0.62
2012-09-30,0.0,19.82,11.11,29.79,nasa,0.62
2012-10-01,0.0,21.58,12.12,31.21,nasa,0.61
2012-10-02,0.0,23.74,14.42,33.55,nasa,0.61
2012-10-03,0.0,24.36,16.39,33.12,nasa,0.6
2012-10-04,0.0,24.49,16.83,32.97,nasa,0.6
2012-10-05,0.0,24.91,16.95,33.2,nasa,0.6
2012-10-06,0.0,23.61,16.06,32.57,nasa,0.59
2012-10-07,0.0,23.23,15.48,32.22,nasa,0.59
2012-10-08,0.71,23.48,16.15,31.55,nasa,0.59
2012-10-09,1.42,23.09,17.42,29.55,nasa,0.59
2012-10-10,0.02,23.75,16.41,31.45,nasa,0.59
2012-10-11,0.03,25.59,17.17,32.83,nasa,0.59
2012-10-12,4.51,25.99,20.28,33.75,nasa,0.59
2012-10-13,14.28,23.14,18.99,28.71,nasa,0.61
2012-10-14,4.97,21.84,17.58,27.77,nasa,0.62
2012-10-15,0.0,21.89,15.13,29.13,nasa,0.62
2012-10-16,4.53,23.0,17.09,29.36,nasa,0.62
2012-10-17,7.26,21.48,18.4,26.3,nasa,0.64
2012-10-18,0.0,23.8,15.74,31.67,nasa,0.63
2012-10-19,0.86,24.8,18.29,32.11,nasa,0.63
2012-10-20,0.09,24.05,18.28,30.39,nasa,0.62
2012-10-21,2.9,25.09,18.15,31.84,nasa,0.62
2012-10-22,2.16,25.5,19.57,32.19,nasa,0.62
2012-10-23,6.65,25.48,19.2,31.95,nasa,0.62
2012-10-24,12.07,23.96,19.96,29.68,nasa,0.65
2012-10-25,1.03,24.54,19.58,29.7,nasa,0.64
2012-10-26,0.0,25.73,20.34,33.88,nasa,0.64
2012-10-27,0.0,26.17,17.36,34.58,nasa,0.63
2012-10-28,0.0,27.64,17.5,35.8,nasa,0.62
2012-10-29,0.0,28.46,20.5,36.2,nasa,0.61
2012-10-30,0.0,28.88,19.9,36.95,nasa,0.61
2012-10-31,2.31,29.77,23.98,35.74,nasa,0.61
2012-11-01,0.68,26.3,21.76,31.15,nasa,0.6
2012-11-02,15.7,24.44,20.58,30.08,nasa,0.61
2012-11-03,10.18,23.24,20.16,28.22,nasa,0.64
2012-11-04,3.48,24.27,19.27,29.82,nasa,0.65
2012-11-05,6.71,23.93,17.95,30.09,nasa,0.65
2012-11-06,5.7,22.18,18.42,27.06,nasa,0.66
2012-11-07,2.27,22.65,17.59,28.2,nasa,0.66
2012-11-08,11.84,20.98,18.73,24.29,nasa,0.66
2012-11-09,27.54,21.05,18.43,24.88,nasa,0.69
2012-11-10,12.09,21.37,18.6,25.92,nasa,0.73
2012-11-11,7.87,21.67,18.38,26.53,nasa,0.72
2012-11-12,1.17,22.81,17.69,28.87,nasa,0.71
2012-11-13,22.8,22.89,19.46,27.49,nasa,0.72
2012-11-14,5.33,22.81,17.79,28.15,nasa,0.73
2012-11-15,8.6,22.7,18.51,28.0,nasa,0.73
2012-11-16,11.07,21.92,18.69,25.38,nasa,0.73
2012-11-17,1.13,21.79,15.74,28.73,nasa,0.73
2012-11-18,0.93,21.16,15.2,27.09,nasa,0.71
2012-11-19,4.32,21.72,17.66,26.62,nasa,0.7
2012-11-20,5.01,22.34,18.42,26.47,nasa,0.7
2012-11-21,2.68,22.91,17.66,28.64,nasa,0.7
2012-11-22,0.17,22.92,16.04,30.12,nasa,0.69
2012-11-23,0.61,23.86,17.04,30.83,nasa,0.68
2012-11-24,13.88,23.09,18.22,28.9,nasa,0.68
2012-11-25,11.5,22.65,19.5,26.17,nasa,0.7
2012-11-26,8.14,22.9,18.66,28.53,nasa,0.71
2012-11-27,18.83,21.98,20.17,24.01,nasa,0.72
2012-11-28,2.33,23.87,19.19,28.99,nasa,0.73
2012-11-29,0.09,23.8,18.11,29.36,nasa,0.72
2012-11-30,0.01,23.42,18.35,29.3,nasa,0.7
2012-12-01,7.03,22.58,19.65,26.49,nasa,0.7
2012-12-02,11.1,20.98,17.8,24.8,nasa,0.71
2012-12-03,9.27,22.18,17.59,27.93,nasa,0.72
2012-12-04,8.04,23.0,18.15,28.78,nasa,0.72
2012-12-05,0.97,23.4,18.1,28.27,nasa,0.72
2012-12-06,0.16,23.18,19.38,26.87,nasa,0.71
2012-12-07,2.2,24.18,17.45,29.89,nasa,0.7
2012-12-08,2.13,25.08,19.55,30.18,nasa,0.69
2012-12-09,9.26,24.71,20.75,28.31,nasa,0.69
2012-12-10,13.61,23.46,19.85,28.27,nasa,0.71
2012-12-11,2.06,23.55,19.8,27.42,nasa,0.72
2012-12-12,15.98,24.08,20.06,28.56,nasa,0.72
2012-12-13,15.72,22.93,19.14,27.04,nasa,0.74
2012-12-14,10.65,22.3,20.03,25.35,nasa,0.75
2012-12-15,7.39,22.49,19.39,26.17,nasa,0.76
2012-12-16,1.24,23.14,19.15,27.74,nasa,0.75
2012-12-17,1.33,22.96,18.89,27.68,nasa,0.74
2012-12-18,0.53,24.17,18.25,29.93,nasa,0.72
2012-12-19,1.3,24.32,19.07,29.23,nasa,0.71
2012-12-20,1.87,23.3,19.73,26.69,nasa,0.71
2012-12-21,4.26,24.9,18.8,30.81,nasa,0.71
2012-12-22,2.38,24.3,20.09,29.01,nasa,0.7
2012-12-23,0.43,24.59,19.32,30.62,nasa,0.7
2012-12-24,0.04,24.18,18.73,30.39,nasa,0.68
2012-12-25,0.11,24.66,17.46,31.52,nasa,0.67
2012-12-26,1.98,25.82,19.91,31.93,nasa,0.66
2012-12-27,0.68,25.83,20.05,31.34,nasa,0.66
2012-12-28,5.4,23.4,19.59,27.9,nasa,0.66
2012-12-29,3.27,22.67,18.76,27.68,nasa,0.67
2012-12-30,0.79,24.01,18.81,28.94,nasa,0.66
2012-12-31,0.07,24.48,19.08,29.5,nasa,0.66
2013-01-01,1.06,25.15,17.2,31.97,nasa,0.65
2013-01-02,1.15,25.11,20.57,30.87,nasa,0.65
2013-01-03,0.07,25.35,19.89,32.26,nasa,0.64
2013-01-04,0.07,24.33,18.86,30.21,nasa,0.64
2013-01-05,0.0,25.15,17.96,32.81,nasa,0.63
2013-01-06,0.99,25.7,19.74,32.02,nasa,0.63
2013-01-07,3.5,24.05,20.26,29.67,nasa,0.63
2013-01-08,6.98,23.92,19.88,29.25,nasa,0.63
2013-01-09,10.42,23.26,19.83,27.21,nasa,0.65
2013-01-10,24.6,22.21,19.93,25.89,nasa,0.67
2013-01-11,21.66,21.05,18.72,24.99,nasa,0.73
2013-01-12,3.76,20.52,17.92,24.01,nasa,0.73
2013-01-13,12.47,19.59,16.36,23.77,nasa,0.73
2013-01-14,11.07,18.75,16.48,21.74,nasa,0.75
2013-01-15,13.12,20.17,16.62,23.67,nasa,0.75
2013-01-16,5.92,20.68,18.27,24.46,nasa,0.76
2013-01-17,4.38,20.01,18.08,22.68,nasa,0.76
2013-01-18,0.73,22.27,16.84,28.75,nasa,0.74
2013-01-19,6.53,23.2,16.83,28.92,nasa,0.73
2013-01-20,16.67,23.12,19.23,27.81,nasa,0.74
2013-01-21,7.19,21.96,17.81,27.12,nasa,0.76
2013-01-22,0.74,21.15,17.98,25.68,nasa,0.74
2013-01-23,1.25,22.03,18.48,27.0,nasa,0.73
2013-01-24,2.23,22.81,18.41,28.1,nasa,0.73
2013-01-25,5.56,21.65,19.41,24.15,nasa,0.73
2013-01-26,16.87,22.03,19.87,24.91,nasa,0.74
2013-01-27,23.15,22.06,20.06,25.14,nasa,0.77
2013-01-28,34.69,22.22,19.97,25.3,nasa,0.81
2013-01-29,14.32,21.63,18.7,24.96,nasa,0.84
2013-01-30,24.5,21.5,18.66,25.91,nasa,0.83
2013-01-31,8.34,20.05,16.68,23.77,nasa,0.84
2013-02-01,4.4,21.92,17.03,27.01,nasa,0.83
2013-02-02,12.5,22.64,18.77,27.16,nasa,0.82
2013-02-03,5.07,22.16,18.53,26.55,nasa,0.82
2013-02-04,6.03,21.21,17.91,24.53,nasa,0.81
2013-02-05,9.24,21.69,18.08,26.66,nasa,0.81
2013-02-06,5.33,20.74,18.66,23.53,nasa,0.82
2013-02-07,2.88,20.83,17.43,24.84,nasa,0.81
2013-02-08,2.09,20.79,18.05,24.67,nasa,0.81
2013-02-09,3.57,21.68,18.29,25.04,nasa,0.8
2013-02-10,7.83,21.83,18.57,25.21,nasa,0.81
2013-02-11,0.81,22.34,17.95,26.91,nasa,0.81
2013-02-12,0.0,23.45,18.02,28.77,nasa,0.79
2013-02-13,0.0,24.2,19.2,29.51,nasa,0.78
2013-02-14,0.0,23.69,18.02,29.31,nasa,0.77
2013-02-15,1.23,24.05,18.75,28.33,nasa,0.76
2013-02-16,2.01,22.99,19.93,26.73,nasa,0.76
2013-02-17,0.26,23.35,18.93,27.57,nasa,0.76
2013-02-18,0.59,23.41,19.21,28.14,nasa,0.76
2013-02-19,0.29,22.21,18.98,26.21,nasa,0.75
2013-02-20,0.32,22.48,18.53,26.94,nasa,0.75
2013-02-21,2.11,22.4,17.97,27.12,nasa,0.74
2013-02-22,2.51,22.92,18.01,27.33,nasa,0.74
2013-02-23,0.25,21.55,18.46,25.23,nasa,0.74
2013-02-24,1.5,22.29,17.79,27.72,nasa,0.73
2013-02-25,0.4,21.55,18.56,25.86,nasa,0.73
2013-02-26,11.44,22.57,18.25,28.03,nasa,0.73
2013-02-27,3.96,22.66,17.95,27.76,nasa,0.75
2013-02-28,11.43,22.49,18.42,26.93,nasa,0.75
2013-03-01,27.94,20.36,17.61,23.51,nasa,0.79
2013-03-02,9.49,20.8,16.44,26.55,nasa,0.81
2013-03-03,4.03,21.38,17.84,26.46,nasa,0.8
2013-03-04,6.87,22.89,18.94,27.87,nasa,0.8
2013-03-05,5.49,23.63,18.71,28.64,nasa,0.79
2013-03-06,5.72,23.89,20.07,28.65,nasa,0.79
2013-03-07,1.78,23.57,19.81,28.05,nasa,0.79
2013-03-08,2.29,23.38,19.06,27.52,nasa,0.78
2013-03-09,3.11,23.28,19.05,27.79,nasa,0.78
2013-03-10,2.25,23.12,20.34,27.64,nasa,0.78
2013-03-11,3.13,23.69,20.15,27.82,nasa,0.78
2013-03-12,2.89,23.89,18.72,29.7,nasa,0.77
2013-03-13,6.84,24.13,19.46,29.66,nasa,0.77
2013-03-14,5.89,23.52,19.67,28.24,nasa,0.78
2013-03-15,2.61,22.09,19.96,25.71,nasa,0.78
2013-03-16,0.52,22.45,18.65,27.2,nasa,0.77
2013-03-17,0.0,22.48,17.38,27.49,nasa,0.76
2013-03-18,0.91,21.81,17.92,26.18,nasa,0.76
2013-03-19,2.41,20.5,16.58,25.11,nasa,0.75
2013-03-20,16.21,19.63,16.4,24.69,nasa,0.76
2013-03-21,3.85,20.76,17.69,24.73,nasa,0.78
2013-03-22,9.16,20.97,17.83,24.78,nasa,0.78
2013-03-23,8.18,22.09,17.63,26.39,nasa,0.79
2013-03-24,6.09,20.66,18.23,23.91,nasa,0.8
2013-03-25,2.82,20.18,18.3,22.7,nasa,0.8
2013-03-26,11.69,21.47,17.93,26.1,nasa,0.8
2013-03-27,20.15,21.57,19.17,25.73,nasa,0.82
2013-03-28,4.09,21.75,18.26,26.69,nasa,0.83
2013-03-29,0.55,20.76,17.88,24.81,nasa,0.81
2013-03-30,0.84,20.99,17.55,25.79,nasa,0.8
2013-03-31,0.17,21.67,18.69,25.98,nasa,0.79
2013-04-01,0.75,22.35,17.99,27.3,nasa,0.79
2013-04-02,6.42,22.33,18.76,26.2,nasa,0.78
2013-04-03,3.81,21.59,18.46,25.37,nasa,0.79
2013-04-04,2.04,21.72,18.99,25.53,nasa,0.79
2013-04-05,14.12,21.71,18.7,25.61,nasa,0.8
2013-04-06,7.2,21.2,18.88,24.52,nasa,0.81
2013-04-07,2.43,21.15,18.72,25.03,nasa,0.81
2013-04-08,11.23,22.18,17.98,26.73,nasa,0.81
2013-04-09,0.82,21.56,18.45,25.85,nasa,0.81
2013-04-10,2.54,20.67,18.41,24.62,nasa,0.81
2013-04-11,5.51,20.89,18.27,25.49,nasa,0.81
2013-04-12,9.72,21.28,18.42,25.83,nasa,0.81
2013-04-13,6.23,20.25,17.95,23.32,nasa,0.82
2013-04-14,1.64,20.96,17.43,26.1,nasa,0.82
2013-04-15,0.23,21.33,17.8,26.77,nasa,0.81
2013-04-16,0.0,19.43,14.72,26.32,nasa,0.8
2013-04-17,0.03,18.3,11.05,25.87,nasa,0.79
2013-04-18,0.0,18.45,11.9,25.56,nasa,0.78
2013-04-19,0.03,19.59,13.88,25.52,nasa,0.78
2013-04-20,0.0,19.28,14.42,24.92,nasa,0.77
2013-04-21,0.0,18.6,13.74,24.32,nasa,0.77
2013-04-22,0.0,17.43,13.21,22.76,nasa,0.76
2013-04-23,0.0,16.58,12.76,21.48,nasa,0.76
2013-04-24,0.05,16.96,13.1,21.28,nasa,0.76
2013-04-25,0.0,18.54,13.92,24.17,nasa,0.76
2013-04-26,0.0,19.18,13.98,24.86,nasa,0.75
2013-04-27,0.0,19.3,14.89,25.16,nasa,0.75
2013-04-28,0.0,18.07,13.45,23.92,nasa,0.74
2013-04-29,0.0,18.28,13.08,24.59,nasa,0.74
2013-04-30,0.05,18.81,12.4,26.03,nasa,0.74
2013-05-01,0.0,19.52,13.13,26.39,nasa,0.73
2013-05-02,0.05,19.18,13.83,25.79,nasa,0.73
2013-05-03,0.01,19.03,13.29,25.62,nasa,0.72
2013-05-04,0.01,19.83,15.32,25.72,nasa,0.72
2013-05-05,0.09,19.91,15.05,25.75,nasa,0.72
2013-05-06,0.01,18.98,13.46,25.5,nasa,0.71
2013-05-07,0.0,18.77,12.71,25.58,nasa,0.71
2013-05-08,0.0,16.41,8.38,23.47,nasa,0.71
2013-05-09,0.0,17.16,8.85,24.62,nasa,0.7
2013-05-10,0.0,17.08,9.92,24.78,nasa,0.7
2013-05-11,0.0,17.35,11.34,24.65,nasa,0.7
2013-05-12,0.0,17.46,10.21,24.78,nasa,0.7
2013-05-13,0.02,18.25,11.89,24.64,nasa,0.69
2013-05-14,0.13,19.72,15.16,25.26,nasa,0.69
2013-05-15,0.0,19.96,14.41,26.09,nasa,0.69
2013-05-16,0.0,20.5,14.71,25.69,nasa,0.69
2013-05-17,0.0,20.5,15.1,26.54,nasa,0.69
2013-05-18,0.03,19.73,15.7,25.16,nasa,0.68
2013-05-19,0.13,19.6,15.58,25.22,nasa,0.68
2013-05-20,0.0,20.08,14.19,25.09,nasa,0.68
2013-05-21,0.0,21.06,15.73,26.22,nasa,0.68
2013-05-22,0.42,21.06,17.11,26.25,nasa,0.68
2013-05-23,0.86,20.33,16.18,25.74,nasa,0.68
2013-05-24,0.91,19.23,16.01,24.65,nasa,0.68
2013-05-25,0.08,18.06,13.94,24.01,nasa,0.68
2013-05-26,0.16,18.1,13.62,24.13,nasa,0.67
2013-05-27,5.08,18.51,14.73,23.74,nasa,0.68
2013-05-28,17.78,19.7,14.31,25.44,nasa,0.69
2013-05-29,26.47,19.5,16.05,24.14,nasa,0.74
2013-05-30,4.58,18.58,15.97,22.5,nasa,0.76
2013-05-31,0.07,18.85,15.2,23.64,nasa,0.75
2013-06-01,0.32,19.49,15.56,24.94,nasa,0.74
2013-06-02,5.11,20.05,15.97,24.73,nasa,0.74
2013-06-03,4.73,18.28,15.43,22.15,nasa,0.74
2013-06-04,0.16,17.7,13.64,23.56,nasa,0.74
2013-06-05,0.53,17.84,13.27,23.7,nasa,0.74
2013-06-06,0.06,18.86,13.57,24.5,nasa,0.73
2013-06-07,0.0,19.18,13.57,25.34,nasa,0.73
2013-06-08,0.0,18.93,13.96,24.94,nasa,0.72
2013-06-09,0.03,18.29,14.69,23.73,nasa,0.72
2013-06-10,0.1,18.23,14.03,23.77,nasa,0.71
2013-06-11,0.05,17.68,14.07,22.96,nasa,0.71
2013-06-12,0.0,18.97,12.59,25.11,nasa,0.71
2013-06-13,0.69,19.12,13.41,25.23,nasa,0.7
2013-06-14,0.0,19.16,13.02,24.65,nasa,0.7
2013-06-15,0.0,19.18,13.42,24.73,nasa,0.7
2013-06-16,0.67,18.16,12.51,25.15,nasa,0.69
2013-06-17,1.18,18.89,14.51,24.52,nasa,0.69
2013-06-18,0.08,19.94,14.6,26.07,nasa,0.69
2013-06-19,0.06,18.68,12.72,25.03,nasa,0.69
2013-06-20,0.0,18.67,12.82,25.34,nasa,0.68
2013-06-21,0.0,19.01,12.92,25.6,nasa,0.68
2013-06-22,0.36,19.73,15.33,25.79,nasa,0.68
2013-06-23,0.0,20.58,15.68,27.08,nasa,0.68
2013-06-24,0.18,20.01,16.07,25.75,nasa,0.67
2013-06-25,0.01,19.38,14.78,24.94,nasa,0.67
2013-06-26,0.14,19.17,14.12,25.47,nasa,0.67
2013-06-27,0.09,20.46,14.95,26.05,nasa,0.67
2013-06-28,0.15,21.03,15.59,26.09,nasa,0.67
2013-06-29,0.0,21.18,15.3,26.76,nasa,0.66
2013-06-30,0.06,21.44,16.87,27.67,nasa,0.66
2013-07-01,2.74,20.42,14.58,26.67,nasa,0.66
2013-07-02,0.08,19.05,14.54,25.19,nasa,0.66
2013-07-03,0.0,18.31,14.44,24.4,nasa,0.66
2013-07-04,0.0,17.47,12.79,23.83,nasa,0.66
2013-07-05,0.05,17.31,12.62,24.56,nasa,0.66
2013-07-06,0.0,17.29,10.45,25.29,nasa,0.65
2013-07-07,0.0,17.13,10.48,25.65,nasa,0.65
2013-07-08,0.0,16.37,9.26,25.41,nasa,0.65
2013-07-09,0.0,16.35,10.26,24.83,nasa,0.65
2013-07-10,0.0,17.41,12.74,24.37,nasa,0.65
2013-07-11,0.03,16.77,12.68,23.28,nasa,0.64
2013-07-12,0.04,16.8,11.85,23.87,nasa,0.64
2013-07-13,0.0,17.82,11.14,25.21,nasa,0.64
2013-07-14,0.09,19.82,13.05,26.22,nasa,0.64
2013-07-15,0.02,19.74,14.26,27.57,nasa,0.64
2013-07-16,0.0,18.71,12.45,27.12,nasa,0.64
2013-07-17,0.0,18.83,11.05,27.07,nasa,0.64
2013-07-18,0.14,19.61,13.17,26.86,nasa,0.63
2013-07-19,0.52,20.01,14.46,27.17,nasa,0.63
2013-07-20,0.05,19.99,15.82,26.34,nasa,0.63
2013-07-21,0.0,21.61,14.55,29.56,nasa,0.63
2013-07-22,0.01,21.72,15.41,30.15,nasa,0.63
2013-07-23,0.5,17.37,10.91,24.86,nasa,0.63
2013-07-24,0.33,16.48,9.3,26.3,nasa,0.63
2013-07-25,0.04,15.88,11.12,24.44,nasa,0.63
2013-07-26,0.0,16.32,8.49,26.63,nasa,0.63
2013-07-27,0.0,17.04,9.15,27.11,nasa,0.63
2013-07-28,0.0,17.88,10.7,27.88,nasa,0.62
2013-07-29,0.0,18.21,9.77,27.61,nasa,0.62
2013-07-30,0.0,17.47,9.76,27.1,nasa,0.62
2013-07-31,0.0,17.68,10.63,26.99,nasa,0.62
2013-08-01,0.0,18.51,9.52,27.37,nasa,0.62
2013-08-02,0.0,20.02,10.48,28.33,nasa,0.62
2013-08-03,0.0,19.33,12.04,28.98,nasa,0.61
2013-08-04,0.0,20.69,12.74,29.28,nasa,0.61
2013-08-05,0.0,20.74,13.51,29.64,nasa,0.61
2013-08-06,0.0,19.35,12.57,28.24,nasa,0.61
2013-08-07,0.0,18.92,12.21,27.87,nasa,0.61
2013-08-08,0.0,18.71,12.92,26.38,nasa,0.61
2013-08-09,0.0,19.49,12.72,27.56,nasa,0.61
2013-08-10,0.0,20.74,14.96,28.37,nasa,0.61
2013-08-11,0.0,19.47,12.42,28.08,nasa,0.61
2013-08-12,0.0,20.91,13.62,29.47,nasa,0.61
2013-08-13,0.0,21.63,14.43,29.43,nasa,0.6
2013-08-14,0.0,20.95,14.21,28.01,nasa,0.6
2013-08-15,0.0,18.11,10.7,27.58,nasa,0.6
2013-08-16,1.64,20.16,12.92,27.59,nasa,0.6
2013-08-17,0.63,20.66,14.59,27.53,nasa,0.6
2013-08-18,2.8,17.64,14.79,21.37,nasa,0.61
2013-08-19,0.06,18.2,13.21,25.17,nasa,0.61
2013-08-20,0.0,18.05,11.36,26.24,nasa,0.61
2013-08-21,0.02,18.78,12.84,25.71,nasa,0.61
2013-08-22,0.02,20.31,14.51,28.0,nasa,0.61
2013-08-23,0.01,21.26,14.38,28.92,nasa,0.6
2013-08-24,0.0,20.92,14.84,29.22,nasa,0.6
2013-08-25,0.0,20.36,11.56,29.24,nasa,0.6
2013-08-26,0.0,22.39,14.01,31.35,nasa,0.6
2013-08-27,0.0,16.96,11.88,22.09,nasa,0.6
2013-08-28,0.01,16.38,7.02,28.57,nasa,0.6
2013-08-29,0.0,18.24,9.66,28.98,nasa,0.6
2013-08-30,0.0,20.05,13.78,28.42,nasa,0.59
2013-08-31,0.0,19.61,13.95,27.87,nasa,0.59
2013-09-01,0.0,20.33,12.93,29.46,nasa,0.59
2013-09-02,0.0,20.89,12.39,30.07,nasa,0.59
2013-09-03,0.91,23.03,15.93,30.21,nasa,0.59
2013-09-04,4.93,18.48,14.86,22.08,nasa,0.59
2013-09-05,0.33,19.49,14.06,26.94,nasa,0.6
2013-09-06,0.0,20.44,14.08,28.73,nasa,0.6
2013-09-07,0.0,20.05,13.18,28.2,nasa,0.6
2013-09-08,0.0,21.29,14.23,29.66,nasa,0.6
2013-09-09,0.0,21.4,14.78,30.2,nasa,0.59
2013-09-10,0.0,21.12,13.95,30.07,nasa,0.59
2013-09-11,0.0,21.09,14.39,29.11,nasa,0.59
2013-09-12,0.0,20.36,13.43,28.41,nasa,0.59
2013-09-13,0.0,21.16,13.63,29.08,nasa,0.59
2013-09-14,0.0,21.72,15.05,29.5,nasa,0.59
2013-09-15,0.0,22.64,14.95,30.05,nasa,0.59
2013-09-16,0.7,24.91,17.32,32.82,nasa,0.59
2013-09-17,8.02,25.42,19.89,32.96,nasa,0.59
2013-09-18,0.21,23.41,18.73,29.53,nasa,0.6
2013-09-19,0.27,24.72,17.83,32.45,nasa,0.6
2013-09-20,0.0,23.95,17.51,32.31,nasa,0.6
2013-09-21,0.0,23.91,16.69,32.85,nasa,0.6
2013-09-22,0.13,26.29,18.13,34.6,nasa,0.59
2013-09-23,0.81,26.69,20.34,33.8,nasa,0.59
2013-09-24,1.97,24.1,18.36,31.36,nasa,0.59
2013-09-25,0.0,21.1,13.53,30.65,nasa,0.59
2013-09-26,0.0,22.17,12.73,33.33,nasa,0.59
2013-09-27,0.0,24.44,15.49,34.02,nasa,0.59
2013-09-28,1.41,26.19,18.72,34.5,nasa,0.59
2013-09-29,5.87,24.03,19.08,29.33,nasa,0.59
2013-09-30,17.19,22.83,17.83,30.13,nasa,0.61
2013-10-01,2.38,22.76,18.25,29.43,nasa,0.63
2013-10-02,15.63,22.32,18.98,27.65,nasa,0.64
2013-10-03,0.96,22.77,17.52,29.33,nasa,0.65
2013-10-04,4.46,23.16,19.04,28.53,nasa,0.65
2013-10-05,0.01,22.46,17.32,28.96,nasa,0.65
2013-10-06,0.0,22.32,14.98,30.87,nasa,0.64
2013-10-07,5.87,20.48,16.73,26.69,nasa,0.64
2013-10-08,5.88,16.83,14.04,21.18,nasa,0.65
2013-10-09,0.16,19.02,13.91,26.06,nasa,0.65
2013-10-10,0.0,19.75,13.19,27.47,nasa,0.64
2013-10-11,0.0,20.51,14.21,27.56,nasa,0.64
2013-10-12,0.0,20.46,13.73,27.28,nasa,0.63
2013-10-13,0.0,21.61,14.47,30.19,nasa,0.63
2013-10-14,0.0,23.27,15.42,31.82,nasa,0.62
2013-10-15,1.87,24.61,17.16,32.61,nasa,0.62
2013-10-16,5.82,23.18,18.0,29.49,nasa,0.62
2013-10-17,31.5,21.98,17.86,26.59,nasa,0.65
2013-10-18,17.98,22.01,18.42,26.66,nasa,0.69
2013-10-19,5.67,22.29,17.87,28.35,nasa,0.71
2013-10-20,0.16,23.56,16.47,30.29,nasa,0.69
2013-10-21,0.54,23.98,18.34,29.58,nasa,0.68
2013-10-22,0.69,23.99,17.22,29.86,nasa,0.67
2013-10-23,1.53,23.37,19.88,28.79,nasa,0.66
2013-10-24,0.0,23.78,16.91,30.88,nasa,0.66
2013-10-25,0.0,24.43,16.62,32.22,nasa,0.65
2013-10-26,0.0,24.37,17.22,31.98,nasa,0.64
2013-10-27,0.0,24.77,17.02,32.95,nasa,0.63
2013-10-28,7.14,25.47,19.48,32.09,nasa,0.63
2013-10-29,1.43,24.17,18.32,31.52,nasa,0.64
2013-10-30,2.95,23.18,18.74,28.98,nasa,0.63
2013-10-31,7.12,22.13,17.61,27.48,nasa,0.64
2013-11-01,0.24,23.22,18.03,29.58,nasa,0.64
2013-11-02,0.0,22.47,17.89,29.24,nasa,0.64
2013-11-03,0.02,24.27,16.46,31.37,nasa,0.63
2013-11-04,1.17,23.61,16.9,31.15,nasa,0.62
2013-11-05,14.95,20.84,17.23,25.79,nasa,0.64
2013-11-06,13.84,18.68,16.7,21.55,nasa,0.67
2013-11-07,12.12,19.51,16.72,23.73,nasa,0.68
2013-11-08,5.05,21.96,16.9,28.25,nasa,0.69
2013-11-09,0.06,23.39,16.39,30.44,nasa,0.68
2013-11-10,0.0,25.15,16.59,32.26,nasa,0.67
2013-11-11,0.39,26.35,20.39,32.22,nasa,0.66
2013-11-12,0.93,24.79,19.44,30.3,nasa,0.65
2013-11-13,12.21,23.18,19.36,28.06,nasa,0.66
2013-11-14,0.15,22.61,16.45,29.4,nasa,0.66
2013-11-15,1.27,22.85,17.56,28.84,nasa,0.66
2013-11-16,2.62,23.2,16.75,29.21,nasa,0.65
2013-11-17,4.36,21.58,18.39,25.28,nasa,0.65
2013-11-18,0.11,22.44,17.4,28.69,nasa,0.65
2013-11-19,0.75,23.64,19.02,30.02,nasa,0.65
2013-11-20,0.09,24.93,16.98,31.71,nasa,0.64
2013-11-21,1.28,25.51,17.32,32.8,nasa,0.63
2013-11-22,9.36,23.54,18.9,29.03,nasa,0.64
2013-11-23,9.15,24.05,18.77,30.42,nasa,0.65
2013-11-24,29.04,21.25,19.23,24.47,nasa,0.69
2013-11-25,25.63,21.02,18.37,25.35,nasa,0.72
2013-11-26,10.17,20.18,17.9,23.79,nasa,0.75
2013-11-27,1.88,22.48,17.48,28.2,nasa,0.74
2013-11-28,0.61,22.63,18.99,28.21,nasa,0.72
2013-11-29,3.43,22.71,18.56,28.07,nasa,0.71
2013-11-30,5.27,21.81,19.0,25.71,nasa,0.71
2013-12-01,8.7,21.46,18.74,25.08,nasa,0.71
2013-12-02,13.35,21.66,19.54,25.27,nasa,0.72
2013-12-03,0.27,22.82,18.9,27.08,nasa,0.72
2013-12-04,1.35,23.41,19.06,28.18,nasa,0.71
2013-12-05,3.68,24.2,19.4,29.72,nasa,0.71
2013-12-06,4.08,24.23,19.88,28.93,nasa,0.71
2013-12-07,12.24,22.74,19.61,26.95,nasa,0.71
2013-12-08,11.28,22.43,18.69,26.81,nasa,0.72
2013-12-09,6.38,23.19,19.0,28.01,nasa,0.73
2013-12-10,12.57,21.86,20.32,23.94,nasa,0.74
2013-12-11,16.02,21.89,19.82,25.22,nasa,0.75
2013-12-12,3.76,22.51,18.15,27.98,nasa,0.75
2013-12-13,4.42,22.74,16.92,28.34,nasa,0.74
2013-12-14,10.36,22.88,19.44,27.25,nasa,0.74
2013-12-15,14.37,22.89,19.23,26.81,nasa,0.74
2013-12-16,5.04,23.11,18.93,28.31,nasa,0.75
2013-12-17,2.8,22.1,17.59,27.63,nasa,0.74
2013-12-18,0.11,22.01,14.82,28.74,nasa,0.73
2013-12-19,0.49,22.72,17.58,27.89,nasa,0.71
2013-12-20,13.38,22.54,18.11,27.7,nasa,0.72
2013-12-21,7.8,22.51,18.66,27.44,nasa,0.73
2013-12-22,3.53,22.58,18.06,27.39,nasa,0.73
2013-12-23,10.64,21.85,19.0,24.78,nasa,0.73
2013-12-24,6.53,22.1,18.5,27.13,nasa,0.74
2013-12-25,1.32,22.39,17.94,27.92,nasa,0.73
2013-12-26,2.04,23.75,18.91,28.64,nasa,0.72
2013-12-27,2.1,22.86,18.6,28.29,nasa,0.72
2013-12-28,1.08,22.33,16.66,28.32,nasa,0.71
2013-12-29,6.55,22.96,18.44,28.16,nasa,0.71
2013-12-30,8.71,22.51,19.04,27.12,nasa,0.72
2013-12-31,6.92,22.76,19.44,26.59,nasa,0.72
2014-01-01,4.89,23.52,19.94,27.99,nasa,0.73
2014-01-02,0.97,24.17,19.71,29.09,nasa,0.72
2014-01-03,0.04,24.33,17.52,30.91,nasa,0.71
2014-01-04,0.0,24.18,18.07,31.15,nasa,0.7
2014-01-05,0.0,23.11,16.69,29.73,nasa,0.68
2014-01-06,0.01,23.17,17.21,29.2,nasa,0.67
2014-01-07,0.0,23.01,17.77,29.41,nasa,0.67
2014-01-08,0.0,22.31,16.48,28.81,nasa,0.66
2014-01-09,0.21,22.91,17.09,29.43,nasa,0.65
2014-01-10,3.87,22.68,18.35,27.95,nasa,0.65
2014-01-11,1.04,22.08,18.26,26.52,nasa,0.65
2014-01-12,0.06,23.31,18.32,29.18,nasa,0.65
2014-01-13,0.1,23.44,17.21,29.39,nasa,0.65
2014-01-14,0.01,24.25,18.07,31.84,nasa,0.64
2014-01-15,1.77,24.27,17.02,31.5,nasa,0.64
2014-01-16,2.05,24.1,19.33,29.69,nasa,0.64
2014-01-17,5.03,22.24,18.27,27.5,nasa,0.64
2014-01-18,8.26,21.29,18.73,24.9,nasa,0.65
2014-01-19,10.17,22.68,17.65,28.26,nasa,0.66
2014-01-20,9.37,22.28,16.97,27.99,nasa,0.68
2014-01-21,8.44,22.26,18.2,27.61,nasa,0.69
2014-01-22,5.56,23.12,17.93,28.89,nasa,0.69
2014-01-23,2.56,22.7,19.48,27.54,nasa,0.69
2014-01-24,12.65,21.5,18.11,25.45,nasa,0.7
2014-01-25,1.26,21.15,16.99,25.08,nasa,0.71
2014-01-26,0.59,22.77,16.77,28.93,nasa,0.7
2014-01-27,4.89,21.49,17.39,25.7,nasa,0.7
2014-01-28,0.12,21.58,16.93,28.03,nasa,0.69
2014-01-29,0.0,21.71,15.01,28.7,nasa,0.68
2014-01-30,0.15,22.62,16.93,28.57,nasa,0.67
2014-01-31,0.0,22.78,17.94,28.64,nasa,0.66
2014-02-01,0.0,22.46,16.24,29.81,nasa,0.65
2014-02-02,0.0,22.94,15.98,29.97,nasa,0.65
2014-02-03,0.0,23.59,16.4,31.29,nasa,0.64
2014-02-04,0.0,23.94,16.76,31.51,nasa,0.63
2014-02-05,0.0,24.28,16.86,31.83,nasa,0.63
2014-02-06,0.0,23.62,17.08,31.79,nasa,0.62
2014-02-07,0.42,23.98,16.77,31.81,nasa,0.62
2014-02-08,0.0,24.09,16.33,33.06,nasa,0.62
2014-02-09,0.0,24.66,16.51,33.63,nasa,0.61
2014-02-10,0.0,24.38,17.07,31.7,nasa,0.61
2014-02-11,0.0,21.86,18.0,25.51,nasa,0.61
2014-02-12,0.0,24.03,15.82,32.2,nasa,0.61
2014-02-13,0.47,24.42,17.28,31.69,nasa,0.61
2014-02-14,0.17,24.63,18.72,31.0,nasa,0.61
2014-02-15,19.15,24.0,20.25,29.38,nasa,0.62
2014-02-16,7.52,21.96,18.78,26.64,nasa,0.64
2014-02-17,7.8,22.92,17.27,29.43,nasa,0.65
2014-02-18,8.81,21.75,18.79,26.53,nasa,0.67
2014-02-19,1.25,22.38,18.36,28.52,nasa,0.67
2014-02-20,0.03,22.63,17.6,28.73,nasa,0.66
2014-02-21,0.07,22.73,17.91,28.39,nasa,0.65
2014-02-22,0.4,22.2,18.27,27.23,nasa,0.65
2014-02-23,0.2,22.96,18.05,27.88,nasa,0.64
2014-02-24,2.1,23.24,18.72,27.93,nasa,0.64
2014-02-25,3.08,23.02,18.02,27.98,nasa,0.64
2014-02-26,0.3,23.84,16.52,30.81,nasa,0.64
2014-02-27,0.18,24.63,17.28,31.55,nasa,0.63
2014-02-28,4.12,24.82,20.12,31.09,nasa,0.63
2014-03-01,11.82,21.64,18.88,24.31,nasa,0.64
2014-03-02,12.02,22.98,16.59,29.23,nasa,0.66
2014-03-03,4.04,22.56,18.24,27.86,nasa,0.67
2014-03-04,0.02,23.22,18.05,28.47,nasa,0.66
2014-03-05,3.16,22.54,19.46,26.48,nasa,0.66
2014-03-06,5.93,22.55,18.62,27.37,nasa,0.66
2014-03-07,16.52,21.36,19.23,25.4,nasa,0.68
2014-03-08,3.41,21.28,18.24,24.91,nasa,0.69
2014-03-09,9.09,22.27,17.25,27.69,nasa,0.7
2014-03-10,3.74,22.72,18.18,28.17,nasa,0.7
2014-03-11,0.23,22.52,17.13,28.27,nasa,0.69
2014-03-12,0.22,22.76,18.79,28.28,nasa,0.68
2014-03-13,0.48,22.17,17.54,27.7,nasa,0.67
2014-03-14,0.88,22.82,17.97,28.65,nasa,0.66
2014-03-15,0.13,23.29,17.22,29.89,nasa,0.65
2014-03-16,0.0,23.25,17.31,30.01,nasa,0.65
2014-03-17,0.3,22.56,17.73,27.85,nasa,0.64
2014-03-18,5.82,22.77,18.94,27.66,nasa,0.64
2014-03-19,0.22,23.75,17.43,29.86,nasa,0.65
2014-03-20,1.91,24.84,19.9,31.53,nasa,0.64
2014-03-21,1.16,23.76,20.43,28.44,nasa,0.64
2014-03-22,0.57,24.0,19.22,30.92,nasa,0.64
2014-03-23,4.2,23.55,19.32,30.18,nasa,0.63
2014-03-24,1.68,22.52,18.14,28.76,nasa,0.64
2014-03-25,0.73,22.53,17.28,29.15,nasa,0.64
2014-03-26,0.19,22.03,19.25,26.32,nasa,0.63
2014-03-27,5.42,20.93,18.15,24.91,nasa,0.63
2014-03-28,3.03,21.58,17.15,27.32,nasa,0.64
2014-03-29,1.54,22.0,18.06,27.0,nasa,0.64
2014-03-30,2.91,20.99,18.16,24.55,nasa,0.64
2014-03-31,5.51,22.21,18.12,26.63,nasa,0.65
2014-04-01,8.06,22.41,18.59,26.56,nasa,0.65
2014-04-02,3.66,23.1,19.29,28.81,nasa,0.66
2014-04-03,3.97,23.54,18.93,28.96,nasa,0.66
2014-04-04,2.14,23.06,17.7,28.96,nasa,0.66
2014-04-05,0.21,22.83,18.2,28.68,nasa,0.65
2014-04-06,0.37,23.48,17.87,29.31,nasa,0.65
2014-04-07,0.28,23.47,16.79,30.07,nasa,0.64
2014-04-08,0.15,23.59,16.82,30.77,nasa,0.64
2014-04-09,0.58,24.48,18.1,31.38,nasa,0.63
2014-04-10,3.26,24.27,18.74,31.45,nasa,0.63
2014-04-11,12.42,23.05,19.58,27.68,nasa,0.64
2014-04-12,3.04,22.8,18.93,28.47,nasa,0.65
2014-04-13,5.39,23.19,18.8,28.1,nasa,0.65
2014-04-14,7.19,22.04,19.62,25.78,nasa,0.66
2014-04-15,14.49,22.03,19.04,26.58,nasa,0.67
2014-04-16,5.55,22.0,17.97,27.07,nasa,0.69
2014-04-17,0.6,22.0,18.49,26.53,nasa,0.68
2014-04-18,2.12,22.18,17.84,27.09,nasa,0.68
2014-04-19,3.01,23.03,18.43,27.81,nasa,0.67
2014-04-20,0.14,23.14,19.69,28.27,nasa,0.67
2014-04-21,0.71,23.19,18.02,28.44,nasa,0.66
2014-04-22,8.67,22.0,18.05,26.61,nasa,0.66
2014-04-23,3.19,20.97,18.02,24.58,nasa,0.67
2014-04-24,5.08,20.18,17.67,23.83,nasa,0.67
2014-04-25,0.26,20.0,16.15,25.94,nasa,0.68
2014-04-26,0.0,19.61,14.07,26.53,nasa,0.67
2014-04-27,0.05,19.1,13.16,26.4,nasa,0.66
2014-04-28,0.01,18.14,12.9,25.48,nasa,0.66
2014-04-29,0.04,16.9,11.27,24.52,nasa,0.65
2014-04-30,0.0,17.13,10.08,25.69,nasa,0.65
2014-05-01,0.0,17.81,11.01,25.62,nasa,0.64
2014-05-02,0.0,20.18,15.19,27.8,nasa,0.64
2014-05-03,0.0,19.35,13.15,27.73,nasa,0.63
2014-05-04,0.0,19.45,13.72,27.85,nasa,0.63
2014-05-05,0.05,20.53,12.62,28.8,nasa,0.63
2014-05-06,0.0,21.42,13.91,28.97,nasa,0.62
2014-05-07,0.0,21.91,15.45,28.09,nasa,0.62
2014-05-08,0.38,21.87,17.39,28.03,nasa,0.62
2014-05-09,0.04,21.31,15.54,29.36,nasa,0.62
2014-05-10,0.0,20.47,14.57,29.0,nasa,0.62
2014-05-11,0.04,19.02,13.4,26.76,nasa,0.61
2014-05-12,0.01,18.46,12.72,26.54,nasa,0.61
2014-05-13,0.0,18.07,11.02,26.7,nasa,0.61
2014-05-14,0.0,18.03,11.31,26.28,nasa,0.61
2014-05-15,0.0,20.11,11.47,28.58,nasa,0.61
2014-05-16,0.0,20.85,13.76,28.69,nasa,0.61
2014-05-17,0.0,21.31,14.35,29.66,nasa,0.61
2014-05-18,1.24,20.47,15.56,27.45,nasa,0.6
2014-05-19,0.01,21.01,15.09,29.05,nasa,0.6
2014-05-20,0.0,20.62,13.32,29.14,nasa,0.6
2014-05-21,0.0,20.33,13.32,29.23,nasa,0.6
2014-05-22,0.0,21.7,13.91,30.18,nasa,0.6
2014-05-23,0.3,22.24,15.96,30.21,nasa,0.6
2014-05-24,0.23,21.86,17.19,29.11,nasa,0.6
2014-05-25,7.15,22.62,16.98,28.59,nasa,0.6
2014-05-26,6.16,21.72,16.6,27.29,nasa,0.62
2014-05-27,0.0,17.83,11.95,26.96,nasa,0.62
2014-05-28,0.03,16.05,8.75,25.94,nasa,0.62
2014-05-29,0.0,16.78,9.27,26.13,nasa,0.62
2014-05-30,0.04,17.79,11.58,25.91,nasa,0.61
2014-05-31,0.06,18.58,13.03,25.84,nasa,0.61
2014-06-01,0.93,19.88,12.36,27.62,nasa,0.61
2014-06-02,0.74,19.33,14.84,25.83,nasa,0.61
2014-06-03,0.13,18.01,11.45,27.08,nasa,0.61
2014-06-04,0.0,19.13,10.16,28.0,nasa,0.61
2014-06-05,0.0,20.41,12.74,28.59,nasa,0.61
2014-06-06,0.0,20.58,14.08,29.27,nasa,0.6
2014-06-07,0.0,20.68,14.17,29.38,nasa,0.6
2014-06-08,0.0,20.03,13.41,28.63,nasa,0.6
2014-06-09,0.0,20.19,14.3,28.88,nasa,0.6
2014-06-10,0.0,19.35,13.25,26.7,nasa,0.6
2014-06-11,0.01,19.27,14.02,25.92,nasa,0.6
2014-06-12,0.2,19.07,14.79,26.01,nasa,0.6
2014-06-13,0.03,19.43,14.49,26.81,nasa,0.6
2014-06-14,0.03,19.28,14.45,25.95,nasa,0.6
2014-06-15,0.0,19.5,13.44,27.42,nasa,0.6
2014-06-16,0.0,19.48,13.1,27.63,nasa,0.59
2014-06-17,0.0,19.91,13.31,27.66,nasa,0.59
2014-06-18,0.0,20.26,14.81,27.2,nasa,0.59
2014-06-19,0.01,20.88,15.76,28.0,nasa,0.59
2014-06-20,0.02,19.47,13.0,26.66,nasa,0.59
2014-06-21,0.0,19.77,12.65,27.17,nasa,0.59
2014-06-22,0.0,19.01,13.07,26.57,nasa,0.59
2014-06-23,0.0,18.27,14.35,23.94,nasa,0.59
2014-06-24,0.0,18.8,12.16,27.22,nasa,0.59
2014-06-25,0.03,19.0,11.16,28.13,nasa,0.59
2014-06-26,0.0,19.55,11.92,28.43,nasa,0.59
2014-06-27,0.0,20.35,13.27,28.97,nasa,0.59
2014-06-28,0.0,20.6,13.81,28.52,nasa,0.59
2014-06-29,0.0,20.64,15.04,28.46,nasa,0.59
2014-06-30,0.0,19.56,12.73,28.54,nasa,0.59
2014-07-01,0.05,20.17,12.55,28.56,nasa,0.59
2014-07-02,0.0,21.78,13.76,29.12,nasa,0.59
2014-07-03,0.0,21.94,15.32,30.19,nasa,0.59
2014-07-04,0.0,20.34,13.47,28.84,nasa,0.59
2014-07-05,0.0,19.19,13.07,27.21,nasa,0.59
2014-07-06,0.0,18.79,12.07,26.51,nasa,0.59
2014-07-07,0.0,19.59,15.4,25.03,nasa,0.59
2014-07-08,0.0,19.57,12.63,26.97,nasa,0.59
2014-07-09,1.87,19.34,13.2,25.8,nasa,0.59
2014-07-10,3.37,18.75,13.11,25.91,nasa,0.59
2014-07-11,0.05,18.55,11.89,26.57,nasa,0.59
2014-07-12,0.0,18.29,11.96,25.73,nasa,0.59
2014-07-13,0.0,18.1,12.32,25.44,nasa,0.59
2014-07-14,0.0,17.7,11.79,25.82,nasa,0.59
2014-07-15,0.04,17.29,10.88,25.64,nasa,0.59
2014-07-16,0.05,18.16,11.39,26.64,nasa,0.59
2014-07-17,0.0,19.22,12.16,27.6,nasa,0.59
2014-07-18,0.0,20.22,14.06,28.6,nasa,0.59
2014-07-19,0.0,19.3,13.86,26.7,nasa,0.59
2014-07-20,0.01,19.39,12.2,28.25,nasa,0.59
2014-07-21,0.0,19.49,11.45,28.54,nasa,0.59
2014-07-22,0.0,19.25,13.51,27.17,nasa,0.59
2014-07-23,0.0,18.76,11.77,26.72,nasa,0.59
2014-07-24,2.0,19.32,13.98,25.76,nasa,0.59
2014-07-25,20.07,18.46,13.36,25.13,nasa,0.61
2014-07-26,9.69,17.98,15.47,23.89,nasa,0.64
2014-07-27,11.53,16.2,14.3,18.91,nasa,0.66
2014-07-28,0.03,16.47,13.81,21.36,nasa,0.66
2014-07-29,0.54,17.51,13.24,23.83,nasa,0.65
2014-07-30,0.03,16.87,11.5,23.83,nasa,0.65
2014-07-31,0.0,17.44,10.92,24.74,nasa,0.64
2014-08-01,0.0,18.82,11.39,25.69,nasa,0.64
2014-08-02,0.0,20.47,14.7,26.84,nasa,0.63
2014-08-03,0.0,21.0,14.72,28.02,nasa,0.63
2014-08-04,0.0,21.3,15.1,28.83,nasa,0.62
2014-08-05,0.0,20.68,13.82,29.27,nasa,0.62
2014-08-06,0.0,18.07,11.72,26.03,nasa,0.62
2014-08-07,0.0,16.85,9.63,26.29,nasa,0.61
2014-08-08,0.0,17.23,9.11,27.57,nasa,0.61
2014-08-09,0.0,16.22,9.26,25.66,nasa,0.61
2014-08-10,0.0,17.36,10.66,26.17,nasa,0.61
2014-08-11,0.0,19.17,10.07,28.43,nasa,0.6
2014-08-12,0.0,20.13,11.56,29.08,nasa,0.6
2014-08-13,0.04,22.06,14.66,30.7,nasa,0.6
2014-08-14,0.26,20.7,14.11,28.4,nasa,0.6
2014-08-15,0.05,19.6,12.93,27.39,nasa,0.6
2014-08-16,0.0,19.62,13.97,27.0,nasa,0.59
2014-08-17,0.46,19.84,15.09,26.57,nasa,0.59
2014-08-18,0.07,20.26,14.74,26.99,nasa,0.59
2014-08-19,0.0,20.93,13.65,29.68,nasa,0.59
2014-08-20,0.0,20.29,13.31,29.13,nasa,0.59
2014-08-21,0.0,20.35,13.79,29.22,nasa,0.59
2014-08-22,0.0,21.02,12.39,30.62,nasa,0.59
2014-08-23,0.0,21.18,12.82,30.96,nasa,0.59
2014-08-24,0.0,20.2,12.19,29.67,nasa,0.59
2014-08-25,0.0,22.22,13.71,31.41,nasa,0.59
2014-08-26,0.0,23.51,16.21,32.62,nasa,0.59
2014-08-27,0.0,23.35,14.7,32.81,nasa,0.58
2014-08-28,0.12,24.52,16.09,33.41,nasa,0.58
2014-08-29,0.02,24.63,17.25,32.97,nasa,0.58
2014-08-30,0.0,24.54,16.73,33.88,nasa,0.58
2014-08-31,0.16,24.82,16.89,32.89,nasa,0.58
2014-09-01,0.83,26.16,18.55,34.52,nasa,0.58
2014-09-02,3.99,25.41,18.51,33.49,nasa,0.58
2014-09-03,1.29,24.79,18.51,33.0,nasa,0.59
2014-09-04,0.01,24.13,18.71,32.56,nasa,0.59
2014-09-05,0.0,20.79,14.77,29.01,nasa,0.59
2014-09-06,0.0,19.15,11.73,28.47,nasa,0.59
2014-09-07,0.0,19.75,11.64,29.89,nasa,0.59
2014-09-08,0.0,20.5,12.74,29.93,nasa,0.59
2014-09-09,0.0,21.18,13.71,30.41,nasa,0.58
2014-09-10,0.0,22.02,14.43,31.21,nasa,0.58
2014-09-11,0.0,23.02,14.93,32.54,nasa,0.58
2014-09-12,0.0,22.86,14.76,31.99,nasa,0.58
2014-09-13,0.0,22.75,15.1,31.68,nasa,0.58
2014-09-14,0.0,23.48,16.08,32.6,nasa,0.58
2014-09-15,0.0,23.66,15.9,32.7,nasa,0.58
2014-09-16,0.0,25.71,16.96,34.63,nasa,0.58
2014-09-17,0.0,27.02,19.06,34.29,nasa,0.58
2014-09-18,0.0,27.08,20.23,34.29,nasa,0.58
2014-09-19,0.01,25.3,18.85,33.56,nasa,0.58
2014-09-20,0.01,25.49,17.96,34.69,nasa,0.58
2014-09-21,2.09,23.34,17.94,29.76,nasa,0.58
2014-09-22,0.0,25.12,16.96,33.28,nasa,0.58
2014-09-23,0.0,24.59,16.77,33.45,nasa,0.58
2014-09-24,0.0,24.35,16.31,33.18,nasa,0.58
2014-09-25,0.04,25.13,18.17,31.46,nasa,0.58
2014-09-26,1.26,25.98,19.27,34.43,nasa,0.58
2014-09-27,0.02,26.64,19.5,34.83,nasa,0.58
2014-09-28,0.0,27.47,21.35,34.85,nasa,0.58
2014-09-29,0.25,27.95,21.55,34.18,nasa,0.58
2014-09-30,0.27,27.87,22.06,34.35,nasa,0.58
2014-10-01,3.21,26.53,21.95,32.98,nasa,0.58
2014-10-02,0.04,27.3,20.46,35.1,nasa,0.59
2014-10-03,0.0,22.93,15.87,31.2,nasa,0.59
2014-10-04,0.0,20.38,12.3,29.26,nasa,0.58
2014-10-05,0.0,19.96,11.93,28.87,nasa,0.58
2014-10-06,0.0,20.05,12.47,28.77,nasa,0.58
2014-10-07,0.0,21.05,12.99,29.86,nasa,0.58
2014-10-08,0.0,22.95,14.69,32.02,nasa,0.58
2014-10-09,0.0,24.75,15.92,33.12,nasa,0.58
2014-10-10,0.0,26.16,18.14,34.34,nasa,0.58
2014-10-11,0.0,27.06,20.33,35.5,nasa,0.58
2014-10-12,0.0,27.09,17.96,35.9,nasa,0.58
2014-10-13,0.0,27.14,18.67,36.33,nasa,0.58
2014-10-14,0.0,28.91,19.93,37.66,nasa,0.58
2014-10-15,0.0,29.97,21.11,39.28,nasa,0.58
2014-10-16,0.0,29.12,21.37,37.41,nasa,0.58
2014-10-17,0.99,29.77,22.75,36.92,nasa,0.58
2014-10-18,1.01,29.34,23.24,37.83,nasa,0.58
2014-10-19,0.25,30.31,21.12,38.61,nasa,0.58
2014-10-20,2.56,28.69,22.78,36.24,nasa,0.58
2014-10-21,9.08,24.01,20.54,29.64,nasa,0.59
2014-10-22,0.35,22.64,18.72,28.77,nasa,0.6
2014-10-23,1.92,24.2,18.53,30.81,nasa,0.6
2014-10-24,1.73,23.83,19.39,29.91,nasa,0.6
2014-10-25,20.14,21.31,18.09,25.9,nasa,0.61
2014-10-26,15.64,19.74,17.13,23.52,nasa,0.65
2014-10-27,0.5,22.81,16.92,29.25,nasa,0.65
2014-10-28,0.19,23.24,17.81,30.35,nasa,0.64
2014-10-29,0.07,23.64,16.64,30.95,nasa,0.63
2014-10-30,4.85,24.15,18.62,29.86,nasa,0.63
2014-10-31,2.19,22.72,19.36,27.5,nasa,0.63
2014-11-01,7.31,23.47,18.09,29.88,nasa,0.63
2014-11-02,1.73,23.26,18.75,29.26,nasa,0.64
2014-11-03,3.81,23.45,19.87,28.66,nasa,0.64
2014-11-04,0.7,23.42,19.59,28.52,nasa,0.64
2014-11-05,7.24,22.63,19.75,27.18,nasa,0.64
2014-11-06,3.9,22.75,18.78,27.03,nasa,0.64
2014-11-07,12.02,24.5,19.08,30.84,nasa,0.65
2014-11-08,1.2,24.4,19.68,30.82,nasa,0.66
2014-11-09,2.85,24.74,19.79,30.28,nasa,0.65
2014-11-10,2.43,24.66,20.06,30.82,nasa,0.65
2014-11-11,9.14,24.49,18.44,30.81,nasa,0.64
2014-11-12,9.9,21.83,19.43,25.7,nasa,0.66
2014-11-13,3.2,22.35,18.71,26.87,nasa,0.66
2014-11-14,8.92,22.63,18.89,27.64,nasa,0.67
2014-11-15,2.4,23.36,18.64,28.93,nasa,0.67
2014-11-16,0.36,22.88,16.79,29.18,nasa,0.66
2014-11-17,0.03,23.12,17.22,29.2,nasa,0.65
2014-11-18,0.03,22.94,16.62,29.6,nasa,0.64
2014-11-19,0.0,23.18,15.39,30.54,nasa,0.63
2014-11-20,0.01,22.63,17.01,28.79,nasa,0.63
2014-11-21,0.03,24.68,16.53,32.83,nasa,0.62
2014-11-22,6.06,23.06,19.83,26.81,nasa,0.62
2014-11-23,5.06,22.56,17.73,28.05,nasa,0.63
2014-11-24,27.82,21.31,19.55,23.96,nasa,0.66
2014-11-25,23.09,20.97,19.19,23.54,nasa,0.7
2014-11-26,25.4,21.61,19.0,25.17,nasa,0.74
2014-11-27,16.54,22.47,19.06,26.94,nasa,0.76
2014-11-28,25.39,22.1,19.38,26.21,nasa,0.78
2014-11-29,1.53,21.47,19.0,25.3,nasa,0.78
2014-11-30,24.81,20.72,18.55,23.67,nasa,0.78
2014-12-01,4.15,20.64,16.25,25.86,nasa,0.79
2014-12-02,1.58,19.58,15.13,25.29,nasa,0.77
2014-12-03,0.09,21.39,15.04,27.67,nasa,0.75
2014-12-04,4.42,23.89,18.92,29.26,nasa,0.73
2014-12-05,11.54,21.16,17.8,24.69,nasa,0.73
2014-12-06,1.65,20.39,17.52,24.5,nasa,0.74
2014-12-07,0.82,19.71,16.74,23.99,nasa,0.73
2014-12-08,1.5,20.2,16.76,25.01,nasa,0.72
2014-12-09,3.18,19.77,17.38,23.05,nasa,0.72
2014-12-10,15.13,20.52,17.16,24.28,nasa,0.73
2014-12-11,12.59,21.27,17.61,25.9,nasa,0.74
2014-12-12,3.24,21.07,17.99,25.37,nasa,0.75
2014-12-13,9.43,20.71,18.17,23.78,nasa,0.75
2014-12-14,2.51,23.07,18.31,28.7,nasa,0.75
2014-12-15,0.88,23.25,19.17,28.88,nasa,0.73
2014-12-16,0.03,22.85,18.56,28.71,nasa,0.72
2014-12-17,0.91,23.22,17.88,28.9,nasa,0.71
2014-12-18,7.56,23.19,18.48,28.81,nasa,0.71
2014-12-19,9.15,22.99,19.04,27.63,nasa,0.71
2014-12-20,13.38,22.03,19.18,25.27,nasa,0.73
2014-12-21,6.98,21.69,19.02,24.96,nasa,0.74
2014-12-22,8.14,21.99,18.39,26.24,nasa,0.75
2014-12-23,8.4,21.86,18.59,25.49,nasa,0.75
2014-12-24,2.1,21.83,18.83,25.47,nasa,0.75
2014-12-25,0.01,23.52,18.55,29.62,nasa,0.74
2014-12-26,0.04,23.55,17.63,29.59,nasa,0.72
2014-12-27,0.0,23.68,17.59,29.87,nasa,0.71
2014-12-28,0.0,23.71,16.55,30.53,nasa,0.7
2014-12-29,0.3,24.63,17.65,30.54,nasa,0.68
2014-12-30,0.52,25.94,20.75,31.47,nasa,0.68
2014-12-31,0.46,24.06,19.64,28.2,nasa,0.67
2015-01-01,0.42,25.47,19.6,31.47,nasa,0.66
2015-01-02,1.24,24.82,20.87,29.55,nasa,0.66
2015-01-03,4.37,23.71,20.92,27.51,nasa,0.66
2015-01-04,4.6,23.44,20.36,27.93,nasa,0.67
2015-01-05,1.73,23.49,19.13,29.22,nasa,0.67
2015-01-06,1.41,23.41,18.47,29.27,nasa,0.67
2015-01-07,0.1,23.23,17.99,28.98,nasa,0.66
2015-01-08,0.02,23.66,17.07,30.55,nasa,0.65
2015-01-09,0.0,23.95,15.71,31.84,nasa,0.65
2015-01-10,0.0,25.1,17.47,32.93,nasa,0.64
2015-01-11,0.0,26.13,17.75,34.5,nasa,0.63
2015-01-12,0.11,25.95,17.46,34.92,nasa,0.63
2015-01-13,0.53,26.37,17.74,34.86,nasa,0.62
2015-01-14,0.01,25.95,18.13,33.25,nasa,0.62
2015-01-15,0.0,25.98,20.07,33.11,nasa,0.62
2015-01-16,0.0,25.78,17.93,34.07,nasa,0.62
2015-01-17,0.0,26.22,18.22,34.93,nasa,0.61
2015-01-18,0.0,26.93,17.84,35.75,nasa,0.61
2015-01-19,0.0,26.73,18.62,35.66,nasa,0.61
2015-01-20,0.0,26.96,18.68,35.73,nasa,0.6
2015-01-21,0.53,28.01,19.02,35.89,nasa,0.6
2015-01-22,4.34,24.04,20.01,28.87,nasa,0.61
2015-01-23,7.93,22.1,19.0,26.09,nasa,0.63
2015-01-24,7.34,21.24,17.97,25.81,nasa,0.64
2015-01-25,3.57,22.56,17.18,29.28,nasa,0.64
2015-01-26,8.03,22.97,18.3,28.25,nasa,0.64
2015-01-27,4.35,21.66,19.18,25.77,nasa,0.65
2015-01-28,0.81,23.06,17.55,28.06,nasa,0.65
2015-01-29,4.0,23.64,19.05,28.41,nasa,0.65
2015-01-30,7.35,24.03,18.84,29.29,nasa,0.65
2015-01-31,5.12,24.98,19.55,31.49,nasa,0.66
2015-02-01,4.89,24.73,20.45,30.43,nasa,0.66
2015-02-02,5.63,23.89,19.53,29.7,nasa,0.66
2015-02-03,5.6,23.96,18.3,29.72,nasa,0.67
2015-02-04,4.81,22.4,18.03,28.74,nasa,0.66
2015-02-05,11.51,21.35,18.2,25.33,nasa,0.67
2015-02-06,23.28,20.92,18.32,23.77,nasa,0.71
2015-02-07,9.68,20.76,17.99,24.48,nasa,0.71
2015-02-08,16.52,21.13,18.65,25.66,nasa,0.73
2015-02-09,12.88,21.43,19.0,25.93,nasa,0.75
2015-02-10,9.89,22.25,17.98,26.55,nasa,0.76
2015-02-11,5.49,21.48,19.19,24.32,nasa,0.75
2015-02-12,0.01,23.02,18.14,28.79,nasa,0.74
2015-02-13,0.0,22.81,16.37,29.49,nasa,0.72
2015-02-14,0.19,24.16,18.33,29.46,nasa,0.71
2015-02-15,1.61,23.87,19.01,29.52,nasa,0.7
2015-02-16,5.41,22.31,19.64,25.69,nasa,0.7
2015-02-17,24.99,21.86,18.07,25.89,nasa,0.72
2015-02-18,5.88,20.64,18.4,23.56,nasa,0.74
2015-02-19,17.0,20.09,18.03,23.3,nasa,0.75
2015-02-20,9.02,21.39,17.92,26.54,nasa,0.77
2015-02-21,0.0,21.79,17.35,27.43,nasa,0.75
2015-02-22,0.0,21.68,15.82,28.01,nasa,0.74
2015-02-23,0.02,21.77,16.31,27.58,nasa,0.72
2015-02-24,0.13,22.15,17.73,27.43,nasa,0.71
2015-02-25,4.36,21.13,17.64,25.28,nasa,0.71
2015-02-26,3.15,22.67,17.11,27.85,nasa,0.71
2015-02-27,2.59,21.98,18.31,26.37,nasa,0.71
2015-02-28,3.12,22.31,17.45,28.12,nasa,0.7
2015-03-01,0.54,22.44,18.98,27.91,nasa,0.7
2015-03-02,0.67,22.27,18.88,27.19,nasa,0.69
2015-03-03,1.82,22.35,18.77,26.75,nasa,0.69
2015-03-04,4.01,22.59,18.43,27.09,nasa,0.69
2015-03-05,1.6,23.25,18.11,27.76,nasa,0.69
2015-03-06,8.09,22.24,19.24,25.96,nasa,0.69
2015-03-07,6.32,23.74,19.05,28.97,nasa,0.7
2015-03-08,25.79,23.2,19.97,26.72,nasa,0.72
2015-03-09,14.95,21.75,18.95,24.9,nasa,0.76
2015-03-10,10.96,21.5,18.62,24.87,nasa,0.76
2015-03-11,7.58,20.8,18.82,24.12,nasa,0.77
2015-03-12,7.11,20.78,18.37,25.2,nasa,0.77
2015-03-13,1.99,20.94,17.73,25.49,nasa,0.76
2015-03-14,1.79,21.33,17.71,26.26,nasa,0.76
2015-03-15,4.7,20.72,17.48,24.67,nasa,0.75
2015-03-16,1.05,20.47,17.86,24.23,nasa,0.75
2015-03-17,3.14,19.93,16.3,24.48,nasa,0.75
2015-03-18,7.31,19.99,16.64,24.27,nasa,0.75
2015-03-19,19.36,19.17,16.59,22.64,nasa,0.78
2015-03-20,8.72,19.69,16.33,23.92,nasa,0.78
2015-03-21,3.85,19.7,16.54,24.27,nasa,0.78
2015-03-22,7.88,19.89,16.44,24.44,nasa,0.78
2015-03-23,5.4,21.47,16.53,27.14,nasa,0.78
2015-03-24,2.9,22.16,17.71,27.48,nasa,0.78
2015-03-25,1.61,21.95,18.34,26.92,nasa,0.77
2015-03-26,0.73,22.34,18.35,27.26,nasa,0.76
2015-03-27,3.9,22.64,18.97,26.68,nasa,0.75
2015-03-28,1.46,23.23,19.02,27.41,nasa,0.76
2015-03-29,2.42,23.3,19.82,27.9,nasa,0.75
2015-03-30,11.08,22.88,19.22,27.18,nasa,0.76
2015-03-31,2.91,22.33,19.72,26.14,nasa,0.76
2015-04-01,1.55,22.5,19.13,27.07,nasa,0.76
2015-04-02,1.07,22.5,17.86,28.27,nasa,0.75
2015-04-03,0.93,22.03,18.55,26.96,nasa,0.74
2015-04-04,7.82,20.49,18.84,23.28,nasa,0.74
2015-04-05,8.25,21.47,18.47,25.97,nasa,0.76
2015-04-06,2.82,22.29,18.77,26.88,nasa,0.76
2015-04-07,0.76,18.79,15.93,21.37,nasa,0.76
2015-04-08,0.03,20.12,15.84,25.66,nasa,0.75
2015-04-09,0.14,20.33,15.96,25.77,nasa,0.74
2015-04-10,0.01,21.13,17.06,26.62,nasa,0.74
2015-04-11,0.14,21.2,16.43,26.46,nasa,0.73
2015-04-12,0.36,21.76,16.63,27.36,nasa,0.72
2015-04-13,0.26,21.8,17.17,26.98,nasa,0.72
2015-04-14,0.72,21.29,16.68,26.69,nasa,0.71
2015-04-15,3.45,21.25,17.89,26.01,nasa,0.71
2015-04-16,2.14,22.13,17.86,26.62,nasa,0.71
2015-04-17,0.33,22.03,16.43,27.73,nasa,0.71
2015-04-18,0.37,22.17,18.03,27.28,nasa,0.7
2015-04-19,0.93,23.25,18.82,28.15,nasa,0.7
2015-04-20,1.76,22.67,19.52,27.41,nasa,0.7
2015-04-21,3.73,23.17,18.99,27.54,nasa,0.7
2015-04-22,7.03,22.74,19.94,27.54,nasa,0.71
2015-04-23,3.52,22.58,19.25,26.46,nasa,0.71
2015-04-24,2.53,22.36,18.88,26.66,nasa,0.71
2015-04-25,2.56,21.77,18.6,26.23,nasa,0.71
2015-04-26,0.01,20.55,16.27,26.44,nasa,0.71
2015-04-27,0.06,19.86,14.25,25.81,nasa,0.71
2015-04-28,0.61,20.55,15.25,26.21,nasa,0.7
2015-04-29,1.05,19.84,15.23,24.24,nasa,0.7
2015-04-30,0.28,19.69,14.81,25.66,nasa,0.69
2015-05-01,9.5,19.99,14.9,25.02,nasa,0.7
2015-05-02,4.43,20.03,15.98,25.54,nasa,0.71
2015-05-03,0.0,19.28,13.95,25.63,nasa,0.7
2015-05-04,1.94,20.26,16.09,25.96,nasa,0.7
2015-05-05,5.86,21.1,17.6,25.74,nasa,0.7
2015-05-06,11.22,20.84,17.48,24.93,nasa,0.71
2015-05-07,0.46,20.12,15.1,25.99,nasa,0.72
2015-05-08,0.0,18.28,13.55,24.42,nasa,0.71
2015-05-09,0.02,19.19,14.29,25.06,nasa,0.71
2015-05-10,19.16,19.72,14.96,25.11,nasa,0.7
2015-05-11,3.16,18.93,16.9,21.79,nasa,0.73
2015-05-12,0.08,18.34,13.26,24.32,nasa,0.73
2015-05-13,0.0,17.13,12.15,22.92,nasa,0.72
2015-05-14,0.01,18.14,14.19,23.22,nasa,0.72
2015-05-15,0.0,17.72,14.29,21.83,nasa,0.71
2015-05-16,0.01,17.18,13.82,22.41,nasa,0.71
2015-05-17,0.01,17.9,13.46,24.13,nasa,0.7
2015-05-18,0.08,17.9,14.57,23.12,nasa,0.7
2015-05-19,1.54,18.34,14.36,23.9,nasa,0.7
2015-05-20,1.54,18.39,14.5,24.07,nasa,0.7
2015-05-21,0.14,18.28,14.35,23.98,nasa,0.69
2015-05-22,0.01,18.1,13.51,24.59,nasa,0.69
2015-05-23,0.0,17.95,12.65,24.22,nasa,0.68
2015-05-24,0.0,19.43,14.14,25.18,nasa,0.68
2015-05-25,0.01,19.51,13.53,26.76,nasa,0.68
2015-05-26,0.01,19.46,13.31,27.27,nasa,0.67
2015-05-27,0.01,19.32,12.56,26.55,nasa,0.67
2015-05-28,0.29,20.3,15.6,26.31,nasa,0.66
2015-05-29,1.04,18.44,14.44,24.78,nasa,0.66
2015-05-30,0.06,18.87,13.58,26.09,nasa,0.66
2015-05-31,0.0,20.42,13.03,27.72,nasa,0.66
2015-06-01,1.65,20.66,14.1,27.6,nasa,0.66
2015-06-02,13.21,19.31,15.56,24.62,nasa,0.66
2015-06-03,4.14,18.89,15.36,23.73,nasa,0.69
2015-06-04,0.03,17.89,13.74,24.17,nasa,0.68
2015-06-05,0.03,18.03,13.33,24.57,nasa,0.68
2015-06-06,0.01,18.95,14.1,25.26,nasa,0.68
2015-06-07,0.01,19.13,14.47,25.44,nasa,0.67
2015-06-08,0.0,18.49,13.09,25.03,nasa,0.67
2015-06-09,0.01,18.2,11.17,25.47,nasa,0.66
2015-06-10,0.0,19.04,11.67,26.13,nasa,0.66
2015-06-11,0.0,19.94,13.92,26.97,nasa,0.66
2015-06-12,0.01,19.49,13.8,26.92,nasa,0.65
2015-06-13,0.0,19.11,12.95,27.13,nasa,0.65
2015-06-14,0.02,19.45,12.73,27.22,nasa,0.65
2015-06-15,0.36,20.4,14.06,28.17,nasa,0.64
2015-06-16,0.22,20.7,16.06,27.09,nasa,0.64
2015-06-17,0.03,20.6,15.86,27.51,nasa,0.64
2015-06-18,0.94,20.58,14.12,27.25,nasa,0.64
2015-06-19,1.09,20.27,16.0,26.27,nasa,0.64
2015-06-20,0.06,17.96,13.78,24.06,nasa,0.64
2015-06-21,0.01,17.27,12.99,23.79,nasa,0.64
2015-06-22,0.01,17.84,13.6,24.33,nasa,0.64
2015-06-23,0.0,18.22,11.9,24.8,nasa,0.64
2015-06-24,0.0,17.53,12.27,24.23,nasa,0.64
2015-06-25,0.0,17.44,13.64,23.19,nasa,0.63
2015-06-26,0.0,15.99,11.77,23.24,nasa,0.63
2015-06-27,0.0,15.31,10.87,22.62,nasa,0.63
2015-06-28,0.02,15.36,8.98,22.91,nasa,0.63
2015-06-29,0.01,17.29,12.63,23.58,nasa,0.63
2015-06-30,0.0,17.74,13.23,24.05,nasa,0.63
2015-07-01,0.0,18.88,13.2,25.73,nasa,0.63
2015-07-02,0.0,19.07,12.76,25.96,nasa,0.63
2015-07-03,0.0,19.4,13.43,26.2,nasa,0.63
2015-07-04,0.02,20.18,13.93,28.06,nasa,0.63
2015-07-05,0.13,20.55,15.15,27.49,nasa,0.62
2015-07-06,0.09,18.7,14.32,24.89,nasa,0.62
2015-07-07,0.04,17.47,14.56,22.09,nasa,0.62
2015-07-08,0.72,16.89,14.07,20.76,nasa,0.62
2015-07-09,2.12,19.17,14.29,26.45,nasa,0.63
2015-07-10,0.0,19.51,12.14,27.6,nasa,0.63
2015-07-11,0.0,20.27,14.18,27.6,nasa,0.63
2015-07-12,0.0,19.83,13.0,28.21,nasa,0.62
2015-07-13,0.0,19.49,12.92,28.09,nasa,0.62
2015-07-14,0.0,20.12,13.33,28.34,nasa,0.62
2015-07-15,0.0,20.66,14.65,27.99,nasa,0.62
2015-07-16,0.0,18.25,13.47,25.87,nasa,0.62
2015-07-17,0.0,17.33,13.27,23.68,nasa,0.62
2015-07-18,0.0,16.78,12.15,22.6,nasa,0.62
2015-07-19,0.0,17.79,11.27,25.19,nasa,0.62
2015-07-20,0.01,18.83,13.74,25.83,nasa,0.61
2015-07-21,0.0,19.39,11.89,27.63,nasa,0.61
2015-07-22,0.0,20.54,13.29,27.76,nasa,0.61
2015-07-23,0.0,19.97,15.09,26.68,nasa,0.61
2015-07-24,0.04,19.45,12.78,26.46,nasa,0.61
2015-07-25,0.06,21.09,15.18,27.68,nasa,0.61
2015-07-26,0.02,19.97,13.17,26.77,nasa,0.61
2015-07-27,0.09,20.83,13.65,28.0,nasa,0.61
2015-07-28,0.02,21.5,13.93,28.67,nasa,0.6
2015-07-29,0.0,21.33,14.66,29.36,nasa,0.6
2015-07-30,0.0,19.91,13.37,28.51,nasa,0.6
2015-07-31,0.0,19.51,12.84,27.73,nasa,0.6
2015-08-01,0.0,19.72,12.93,28.15,nasa,0.6
2015-08-02,0.0,19.3,12.51,27.7,nasa,0.6
2015-08-03,0.0,20.18,12.05,28.87,nasa,0.6
2015-08-04,0.0,20.67,14.9,29.19,nasa,0.6
2015-08-05,0.0,19.94,12.19,28.56,nasa,0.6
2015-08-06,0.0,20.21,13.15,29.02,nasa,0.59
2015-08-07,0.0,20.36,12.18,29.64,nasa,0.59
2015-08-08,0.0,20.25,13.47,29.0,nasa,0.59
2015-08-09,0.0,19.98,13.44,28.17,nasa,0.59
2015-08-10,0.0,20.06,14.03,27.55,nasa,0.59
2015-08-11,0.0,18.86,12.72,27.09,nasa,0.59
2015-08-12,0.0,17.67,11.37,26.17,nasa,0.59
2015-08-13,0.0,17.72,10.84,26.6,nasa,0.59
2015-08-14,0.0,18.66,12.07,27.47,nasa,0.59
2015-08-15,0.0,19.64,12.66,28.15,nasa,0.59
2015-08-16,0.0,20.49,12.67,28.74,nasa,0.59
2015-08-17,0.0,20.45,14.36,27.82,nasa,0.59
2015-08-18,0.0,20.37,14.61,27.62,nasa,0.59
2015-08-19,0.01,21.99,13.78,30.26,nasa,0.59
2015-08-20,0.0,21.64,14.8,30.67,nasa,0.59
2015-08-21,0.0,21.07,13.15,31.53,nasa,0.59
2015-08-22,0.0,21.74,13.35,31.93,nasa,0.59
2015-08-23,0.0,22.49,13.89,32.89,nasa,0.59
2015-08-24,0.0,23.37,14.79,32.74,nasa,0.59
2015-08-25,1.09,22.26,15.33,31.06,nasa,0.59
2015-08-26,0.08,23.56,16.09,32.08,nasa,0.59
2015-08-27,0.0,23.9,16.77,31.46,nasa,0.59
2015-08-28,0.0,23.26,17.16,30.65,nasa,0.59
2015-08-29,0.04,23.44,16.99,31.12,nasa,0.59
2015-08-30,0.0,23.64,16.55,32.47,nasa,0.59
2015-08-31,0.0,23.72,15.59,33.13,nasa,0.59
2015-09-01,0.0,25.12,17.57,34.84,nasa,0.58
2015-09-02,0.0,23.79,15.85,33.23,nasa,0.58
2015-09-03,0.0,23.98,16.25,32.88,nasa,0.58
2015-09-04,0.0,25.39,16.27,34.74,nasa,0.58
2015-09-05,0.05,26.0,18.7,34.69,nasa,0.58
2015-09-06,2.05,25.71,18.83,33.63,nasa,0.59
2015-09-07,0.12,27.11,20.26,34.71,nasa,0.59
2015-09-08,22.37,23.75,20.11,29.36,nasa,0.61
2015-09-09,28.54,20.23,17.01,24.15,nasa,0.66
2015-09-10,3.09,21.15,16.48,27.57,nasa,0.66
2015-09-11,1.4,23.38,17.85,30.45,nasa,0.66
2015-09-12,2.25,21.75,16.99,28.9,nasa,0.65
2015-09-13,3.15,22.02,15.95,29.73,nasa,0.65
2015-09-14,1.72,22.36,16.12,29.41,nasa,0.65
2015-09-15,0.04,23.48,16.85,31.46,nasa,0.64
2015-09-16,0.0,23.81,17.47,31.69,nasa,0.64
2015-09-17,0.0,23.74,16.31,32.15,nasa,0.63
2015-09-18,0.0,23.59,15.37,32.94,nasa,0.63
2015-09-19,0.0,23.11,14.73,32.99,nasa,0.62
2015-09-20,0.0,22.74,14.34,32.44,nasa,0.61
2015-09-21,0.0,23.06,14.01,32.68,nasa,0.61
2015-09-22,0.0,24.54,15.01,33.5,nasa,0.61
2015-09-23,0.0,26.76,17.31,34.67,nasa,0.6
2015-09-24,0.0,28.17,21.79,36.32,nasa,0.6
2015-09-25,0.0,28.63,21.14,37.02,nasa,0.6
2015-09-26,0.05,27.97,19.11,36.78,nasa,0.59
2015-09-27,0.07,26.76,19.43,36.04,nasa,0.59
2015-09-28,1.11,24.86,20.12,33.06,nasa,0.59
2015-09-29,0.34,23.09,19.2,28.51,nasa,0.59
2015-09-30,0.35,24.64,18.15,32.9,nasa,0.59
2015-10-01,0.0,27.23,18.67,35.45,nasa,0.59
2015-10-02,0.0,27.93,21.88,35.29,nasa,0.59
2015-10-03,0.0,28.53,21.62,36.3,nasa,0.59
2015-10-04,0.1,27.58,21.84,35.17,nasa,0.59
2015-10-05,0.0,27.69,20.73,36.68,nasa,0.59
2015-10-06,0.0,27.88,20.12,35.85,nasa,0.59
2015-10-07,0.17,28.57,22.09,35.41,nasa,0.59
2015-10-08,0.45,28.14,21.44,35.76,nasa,0.58
2015-10-09,0.0,26.67,19.27,34.94,nasa,0.58
2015-10-10,0.0,27.06,19.76,35.51,nasa,0.58
2015-10-11,0.0,27.1,19.67,35.78,nasa,0.58
2015-10-12,0.0,26.96,19.0,35.37,nasa,0.58
2015-10-13,0.0,27.89,20.03,36.08,nasa,0.58
2015-10-14,0.0,27.69,19.97,36.61,nasa,0.58
2015-10-15,0.0,27.81,18.73,37.07,nasa,0.58
2015-10-16,0.0,29.22,19.99,37.64,nasa,0.58
2015-10-17,0.0,29.79,21.67,38.56,nasa,0.58
2015-10-18,0.0,29.0,21.51,36.83,nasa,0.58
2015-10-19,0.0,29.94,23.46,36.98,nasa,0.58
2015-10-20,0.11,30.46,23.93,38.05,nasa,0.58
2015-10-21,0.28,31.54,24.48,38.6,nasa,0.58
2015-10-22,10.63,27.95,22.75,36.44,nasa,0.59
2015-10-23,4.16,26.56,20.78,33.41,nasa,0.61
2015-10-24,0.14,26.21,20.6,33.0,nasa,0.6
2015-10-25,0.29,26.26,19.98,33.4,nasa,0.6
2015-10-26,7.4,23.17,21.22,26.09,nasa,0.61
2015-10-27,6.0,24.79,19.06,31.54,nasa,0.61
2015-10-28,9.94,23.52,19.53,28.38,nasa,0.63
2015-10-29,5.22,24.65,19.87,30.69,nasa,0.63
2015-10-30,3.25,23.57,17.76,30.39,nasa,0.64
2015-10-31,2.01,24.34,18.42,31.04,nasa,0.63
2015-11-01,14.71,22.3,19.22,26.04,nasa,0.64
2015-11-02,15.98,21.64,18.69,24.9,nasa,0.68
2015-11-03,1.48,23.05,19.03,27.73,nasa,0.68
2015-11-04,1.0,24.61,19.8,30.37,nasa,0.67
2015-11-05,0.05,25.56,18.5,33.09,nasa,0.65
2015-11-06,0.08,26.35,19.42,34.04,nasa,0.65
2015-11-07,7.87,25.66,20.8,32.81,nasa,0.64
2015-11-08,2.19,25.31,19.29,32.07,nasa,0.65
2015-11-09,0.3,25.87,20.02,33.44,nasa,0.64
2015-11-10,1.1,26.22,20.04,33.33,nasa,0.63
2015-11-11,1.05,26.1,19.87,33.38,nasa,0.63
2015-11-12,1.18,25.55,21.31,30.32,nasa,0.63
2015-11-13,3.67,25.93,21.23,33.13,nasa,0.62
2015-11-14,7.14,24.1,21.04,29.86,nasa,0.63
2015-11-15,2.23,22.83,20.29,26.21,nasa,0.64
2015-11-16,16.72,24.37,19.41,29.34,nasa,0.65
2015-11-17,10.24,24.63,20.12,29.82,nasa,0.67
2015-11-18,8.16,24.25,20.29,28.6,nasa,0.68
2015-11-19,5.55,24.61,20.36,29.12,nasa,0.68
2015-11-20,3.13,23.73,19.59,27.88,nasa,0.67
2015-11-21,5.6,24.52,18.86,30.58,nasa,0.68
2015-11-22,3.43,24.92,20.2,29.72,nasa,0.67
2015-11-23,19.21,24.56,20.46,28.91,nasa,0.68
2015-11-24,5.67,23.28,19.71,27.81,nasa,0.7
2015-11-25,0.76,22.0,18.91,25.93,nasa,0.7
2015-11-26,0.19,24.21,17.71,31.27,nasa,0.68
2015-11-27,0.6,24.04,18.95,29.24,nasa,0.67
2015-11-28,4.41,23.0,20.26,26.72,nasa,0.67
2015-11-29,3.53,23.4,19.66,28.11,nasa,0.67
2015-11-30,4.07,23.14,20.42,26.48,nasa,0.67
2015-12-01,3.2,24.15,19.75,28.67,nasa,0.67
2015-12-02,12.55,23.47,21.03,26.66,nasa,0.68
2015-12-03,8.18,24.69,20.13,30.04,nasa,0.7
2015-12-04,6.38,24.52,19.55,30.79,nasa,0.69
2015-12-05,7.92,23.91,20.02,28.93,nasa,0.69
2015-12-06,7.77,22.31,19.66,26.11,nasa,0.7
2015-12-07,11.29,22.86,19.31,27.26,nasa,0.71
2015-12-08,8.22,24.09,18.8,28.89,nasa,0.71
2015-12-09,3.98,22.82,20.52,26.22,nasa,0.71
2015-12-10,9.4,23.0,19.72,26.95,nasa,0.71
2015-12-11,7.04,23.58,19.5,28.38,nasa,0.72
2015-12-12,4.01,24.08,19.31,29.04,nasa,0.71
2015-12-13,1.34,23.25,19.67,28.37,nasa,0.71
2015-12-14,1.23,23.25,18.32,28.6,nasa,0.7
2015-12-15,1.67,24.01,18.46,29.19,nasa,0.69
2015-12-16,0.54,23.77,19.8,27.95,nasa,0.68
2015-12-17,2.29,23.85,19.54,28.49,nasa,0.68
2015-12-18,4.46,24.31,18.82,29.7,nasa,0.68
2015-12-19,0.91,23.89,19.19,27.95,nasa,0.68
2015-12-20,5.82,23.2,19.13,27.98,nasa,0.67
2015-12-21,2.6,23.47,18.92,28.51,nasa,0.68
2015-12-22,1.13,23.4,19.0,28.37,nasa,0.67
2015-12-23,0.64,24.66,19.03,30.59,nasa,0.66
2015-12-24,1.97,25.37,19.17,32.24,nasa,0.65
2015-12-25,2.03,24.64,20.25,30.13,nasa,0.65
2015-12-26,10.17,22.49,19.52,26.16,nasa,0.66
2015-12-27,3.75,22.52,18.79,27.64,nasa,0.67
2015-12-28,8.92,21.67,19.01,25.51,nasa,0.67
2015-12-29,10.13,21.6,18.81,24.87,nasa,0.69
2015-12-30,2.49,22.35,18.13,27.18,nasa,0.69
2015-12-31,0.29,22.75,18.38,27.57,nasa,0.68
2016-01-01,0.18,23.65,19.38,27.68,nasa,0.68
2016-01-02,1.24,23.56,19.79,27.9,nasa,0.67
2016-01-03,1.0,23.57,19.83,27.8,nasa,0.67
2016-01-04,4.69,23.3,20.19,27.94,nasa,0.67
2016-01-05,9.69,23.07,19.01,28.5,nasa,0.67
2016-01-06,3.32,23.06,19.84,28.3,nasa,0.68
2016-01-07,11.6,23.39,19.83,27.19,nasa,0.68
2016-01-08,14.19,23.14,19.47,27.37,nasa,0.7
2016-01-09,8.89,22.63,20.52,25.94,nasa,0.72
2016-01-10,9.95,22.68,19.9,26.87,nasa,0.72
2016-01-11,18.96,22.79,19.85,26.53,nasa,0.74
2016-01-12,19.91,22.45,19.98,25.65,nasa,0.76
2016-01-13,13.62,22.07,19.86,25.91,nasa,0.77
2016-01-14,16.7,22.76,19.61,26.88,nasa,0.78
2016-01-15,40.25,21.87,20.13,23.73,nasa,0.81
2016-01-16,18.54,21.79,19.88,24.16,nasa,0.84
2016-01-17,22.48,22.42,20.39,24.95,nasa,0.85
2016-01-18,19.27,24.17,20.31,29.12,nasa,0.85
2016-01-19,15.89,23.91,19.99,28.55,nasa,0.86
2016-01-20,3.93,23.62,18.29,28.76,nasa,0.84
2016-01-21,3.83,22.61,17.69,27.97,nasa,0.82
2016-01-22,0.29,22.14,17.62,27.31,nasa,0.8
2016-01-23,0.16,22.41,17.68,27.53,nasa,0.79
2016-01-24,1.08,21.95,18.3,25.31,nasa,0.78
2016-01-25,1.93,23.21,19.0,27.15,nasa,0.77
2016-01-26,2.72,24.79,18.9,29.61,nasa,0.77
2016-01-27,11.07,24.1,20.09,28.46,nasa,0.77
2016-01-28,15.29,22.69,20.73,25.84,nasa,0.79
2016-01-29,3.55,22.0,19.73,25.33,nasa,0.8
2016-01-30,0.09,22.58,18.88,27.96,nasa,0.79
2016-01-31,0.0,22.11,16.05,28.41,nasa,0.77
2016-02-01,0.04,22.89,16.06,29.16,nasa,0.76
2016-02-02,0.07,23.67,17.7,29.33,nasa,0.75
2016-02-03,0.09,23.78,17.89,29.38,nasa,0.74
2016-02-04,5.55,23.62,18.93,28.75,nasa,0.73
2016-02-05,4.88,23.98,20.16,28.93,nasa,0.74
2016-02-06,4.59,23.26,20.26,27.54,nasa,0.74
2016-02-07,9.41,22.74,19.78,26.68,nasa,0.75
2016-02-08,3.25,21.81,19.3,24.63,nasa,0.76
2016-02-09,0.15,23.69,17.75,29.32,nasa,0.75
2016-02-10,1.47,24.43,17.85,29.89,nasa,0.74
2016-02-11,8.47,24.21,20.29,29.36,nasa,0.74
2016-02-12,12.73,23.69,20.4,28.14,nasa,0.76
2016-02-13,1.48,24.17,18.83,29.17,nasa,0.76
2016-02-14,1.65,24.13,18.85,29.23,nasa,0.75
2016-02-15,3.92,23.1,19.66,27.02,nasa,0.74
2016-02-16,2.52,23.38,19.47,27.04,nasa,0.74
2016-02-17,2.1,24.45,18.7,29.9,nasa,0.74
2016-02-18,6.87,23.62,19.78,28.6,nasa,0.73
2016-02-19,9.07,22.83,19.92,27.39,nasa,0.75
2016-02-20,2.56,22.04,18.84,25.43,nasa,0.75
2016-02-21,2.83,22.69,17.39,27.82,nasa,0.74
2016-02-22,8.41,23.22,19.38,28.11,nasa,0.75
2016-02-23,0.29,23.18,20.13,27.54,nasa,0.75
2016-02-24,0.03,23.22,18.48,27.6,nasa,0.74
2016-02-25,8.91,22.4,19.09,26.66,nasa,0.74
2016-02-26,5.66,22.94,18.24,28.14,nasa,0.75
2016-02-27,7.7,23.85,18.59,28.54,nasa,0.75
2016-02-28,6.75,22.92,19.44,26.8,nasa,0.76
2016-02-29,7.9,22.71,19.48,27.35,nasa,0.76
2016-03-01,2.59,23.01,19.0,27.47,nasa,0.76
2016-03-02,10.3,22.13,20.03,25.4,nasa,0.77
2016-03-03,2.89,21.74,19.16,25.89,nasa,0.77
2016-03-04,3.74,22.37,17.47,27.33,nasa,0.76
2016-03-05,20.68,21.71,19.14,25.08,nasa,0.79
2016-03-06,4.43,22.99,19.24,27.76,nasa,0.79
2016-03-07,22.07,22.34,19.32,25.83,nasa,0.79
2016-03-08,2.01,21.76,19.47,25.19,nasa,0.81
2016-03-09,2.54,22.42,18.69,27.02,nasa,0.79
2016-03-10,14.28,22.18,18.9,26.82,nasa,0.79
2016-03-11,21.76,21.47,19.86,24.56,nasa,0.82
2016-03-12,10.99,22.3,19.4,26.41,nasa,0.83
2016-03-13,3.39,22.48,18.1,27.56,nasa,0.82
2016-03-14,0.86,22.78,19.42,27.56,nasa,0.81
2016-03-15,0.3,21.94,17.95,26.7,nasa,0.79
2016-03-16,0.09,20.85,17.13,25.16,nasa,0.79
2016-03-17,0.16,21.19,18.14,25.35,nasa,0.78
2016-03-18,0.12,22.43,17.03,27.89,nasa,0.77
2016-03-19,0.0,22.87,17.35,28.59,nasa,0.76
2016-03-20,0.0,22.6,16.87,28.4,nasa,0.75
2016-03-21,0.05,23.17,17.27,28.76,nasa,0.75
2016-03-22,0.11,23.79,17.61,29.32,nasa,0.74
2016-03-23,3.74,23.61,19.32,28.29,nasa,0.73
2016-03-24,5.92,23.23,18.52,28.62,nasa,0.74
2016-03-25,16.59,22.48,19.59,26.73,nasa,0.76
2016-03-26,2.15,22.38,19.0,26.88,nasa,0.77
2016-03-27,5.84,22.08,18.57,26.5,nasa,0.77
2016-03-28,3.54,23.06,18.32,27.93,nasa,0.77
2016-03-29,0.0,23.36,18.87,28.71,nasa,0.76
2016-03-30,0.21,22.11,18.63,26.85,nasa,0.76
2016-03-31,0.14,22.09,18.22,26.44,nasa,0.75
2016-04-01,0.02,22.61,17.5,28.39,nasa,0.75
2016-04-02,0.75,22.77,17.79,27.99,nasa,0.74
2016-04-03,0.33,22.99,17.57,29.15,nasa,0.73
2016-04-04,0.05,23.46,17.82,29.47,nasa,0.72
2016-04-05,0.01,22.85,18.77,28.64,nasa,0.72
2016-04-06,0.0,22.25,16.32,28.53,nasa,0.71
2016-04-07,0.0,22.56,16.7,29.21,nasa,0.71
2016-04-08,0.0,22.38,16.77,29.61,nasa,0.7
2016-04-09,0.0,22.54,16.44,30.05,nasa,0.69
2016-04-10,0.0,22.5,16.31,30.08,nasa,0.69
2016-04-11,0.0,22.13,16.12,29.67,nasa,0.68
2016-04-12,0.0,21.9,15.83,29.23,nasa,0.68
2016-04-13,0.0,22.68,17.24,29.2,nasa,0.67
2016-04-14,0.0,22.8,17.44,29.38,nasa,0.67
2016-04-15,0.0,22.58,16.18,30.01,nasa,0.67
2016-04-16,0.0,22.42,16.42,30.02,nasa,0.66
2016-04-17,0.0,22.52,16.43,29.83,nasa,0.66
2016-04-18,0.0,22.19,17.04,29.37,nasa,0.66
2016-04-19,0.0,22.21,16.23,29.12,nasa,0.65
2016-04-20,0.0,22.32,16.33,28.97,nasa,0.65
2016-04-21,0.0,22.8,16.45,29.04,nasa,0.65
2016-04-22,0.0,22.99,17.72,29.38,nasa,0.65
2016-04-23,0.0,22.7,16.5,29.86,nasa,0.65
2016-04-24,0.0,22.77,16.15,30.11,nasa,0.64
2016-04-25,0.0,22.93,16.38,30.44,nasa,0.64
2016-04-26,0.24,23.25,17.99,30.04,nasa,0.64
2016-04-27,0.6,20.63,14.95,25.57,nasa,0.64
2016-04-28,0.07,17.51,13.27,22.3,nasa,0.64
2016-04-29,3.12,19.85,13.88,27.06,nasa,0.64
2016-04-30,0.08,19.15,14.02,26.52,nasa,0.64
2016-05-01,0.0,17.53,10.37,27.01,nasa,0.64
2016-05-02,0.0,18.69,10.48,27.66,nasa,0.64
2016-05-03,0.0,20.07,12.76,28.69,nasa,0.64
2016-05-04,0.0,20.37,13.58,28.98,nasa,0.63
2016-05-05,0.0,20.46,13.47,29.46,nasa,0.63
2016-05-06,0.0,20.68,13.9,28.77,nasa,0.63
2016-05-07,0.0,21.84,14.93,29.77,nasa,0.63
2016-05-08,0.0,22.03,15.87,29.11,nasa,0.63
2016-05-09,0.0,21.42,16.65,28.93,nasa,0.63
2016-05-10,0.0,21.95,15.14,30.2,nasa,0.62
2016-05-11,0.0,21.71,15.15,29.88,nasa,0.62
2016-05-12,1.57,22.24,17.26,29.57,nasa,0.62
2016-05-13,0.21,21.64,16.91,28.34,nasa,0.62
2016-05-14,0.02,21.57,16.35,28.91,nasa,0.62
2016-05-15,0.62,21.55,15.85,28.52,nasa,0.62
2016-05-16,4.07,20.24,16.41,25.46,nasa,0.63
2016-05-17,0.04,21.45,16.85,28.05,nasa,0.63
2016-05-18,1.02,21.54,16.14,29.1,nasa,0.63
2016-05-19,0.45,22.42,16.71,29.35,nasa,0.63
2016-05-20,0.31,21.71,16.93,28.57,nasa,0.63
2016-05-21,0.02,21.92,15.67,29.04,nasa,0.62
2016-05-22,0.07,22.11,15.2,29.75,nasa,0.62
2016-05-23,0.01,20.85,15.47,28.28,nasa,0.62
2016-05-24,0.0,19.64,13.14,28.18,nasa,0.62
2016-05-25,0.0,19.69,13.22,27.02,nasa,0.62
2016-05-26,0.0,19.55,14.05,26.79,nasa,0.62
2016-05-27,0.0,19.95,13.76,26.84,nasa,0.62
2016-05-28,0.0,19.33,15.02,25.69,nasa,0.62
2016-05-29,0.63,19.56,12.83,27.53,nasa,0.61
2016-05-30,1.34,20.75,13.28,28.43,nasa,0.62
2016-05-31,0.22,21.51,16.09,29.12,nasa,0.62
2016-06-01,2.17,22.22,16.84,29.45,nasa,0.62
2016-06-02,6.73,21.01,16.05,27.57,nasa,0.62
2016-06-03,16.88,19.91,15.43,26.68,nasa,0.64
2016-06-04,0.21,21.19,16.64,27.68,nasa,0.66
2016-06-05,0.0,22.81,17.44,29.47,nasa,0.65
2016-06-06,1.64,21.95,16.29,29.11,nasa,0.65
2016-06-07,0.98,20.81,17.03,27.01,nasa,0.65
2016-06-08,0.29,18.66,14.31,25.64,nasa,0.64
2016-06-09,0.0,16.67,13.28,21.43,nasa,0.64
2016-06-10,0.0,18.4,13.81,25.53,nasa,0.64
2016-06-11,0.0,16.52,10.92,24.53,nasa,0.64
2016-06-12,0.01,14.42,8.32,23.71,nasa,0.63
2016-06-13,0.04,14.98,6.4,24.96,nasa,0.63
2016-06-14,0.0,16.6,9.56,24.59,nasa,0.63
2016-06-15,0.0,17.43,11.09,25.42,nasa,0.63
2016-06-16,0.0,17.36,10.4,25.87,nasa,0.62
2016-06-17,0.0,18.18,9.74,26.63,nasa,0.62
2016-06-18,0.0,18.57,9.65,27.27,nasa,0.62
2016-06-19,0.0,18.43,9.55,27.39,nasa,0.62
2016-06-20,0.0,18.18,9.76,26.91,nasa,0.62
2016-06-21,0.0,18.82,11.48,26.66,nasa,0.61
2016-06-22,0.0,18.7,15.17,23.31,nasa,0.61
2016-06-23,0.2,19.54,13.53,26.98,nasa,0.61
2016-06-24,0.0,19.41,13.12,26.95,nasa,0.61
2016-06-25,0.0,18.55,13.25,25.5,nasa,0.61
2016-06-26,0.0,16.89,11.2,24.53,nasa,0.61
2016-06-27,0.0,16.3,10.47,24.21,nasa,0.61
2016-06-28,0.0,17.09,10.58,24.9,nasa,0.61
2016-06-29,0.0,17.98,12.17,25.34,nasa,0.61
2016-06-30,0.0,18.41,12.31,25.47,nasa,0.61
2016-07-01,0.0,19.07,14.09,26.24,nasa,0.61
2016-07-02,0.0,18.48,12.26,26.29,nasa,0.6
2016-07-03,0.0,18.63,13.46,26.39,nasa,0.6
2016-07-04,0.0,18.43,11.54,26.21,nasa,0.6
2016-07-05,0.0,19.07,14.1,25.73,nasa,0.6
2016-07-06,0.0,19.72,12.58,27.01,nasa,0.6
2016-07-07,0.01,19.89,13.67,27.91,nasa,0.6
2016-07-08,0.0,17.72,11.33,26.51,nasa,0.6
2016-07-09,0.0,19.18,10.42,28.42,nasa,0.6
2016-07-10,0.0,21.63,13.19,29.6,nasa,0.6
2016-07-11,0.0,21.26,14.41,29.78,nasa,0.6
2016-07-12,0.0,21.68,14.99,30.19,nasa,0.6
2016-07-13,0.0,21.16,13.49,29.93,nasa,0.59
2016-07-14,0.0,21.09,12.3,29.87,nasa,0.59
2016-07-15,0.0,21.63,14.91,30.56,nasa,0.59
2016-07-16,0.0,21.38,13.48,30.66,nasa,0.59
2016-07-17,0.0,17.39,9.84,26.84,nasa,0.59
2016-07-18,0.0,15.85,5.51,27.99,nasa,0.59
2016-07-19,0.0,18.2,9.28,29.61,nasa,0.59
2016-07-20,0.0,18.96,10.42,29.41,nasa,0.59
2016-07-21,0.0,18.74,11.1,28.67,nasa,0.59
2016-07-22,0.0,18.84,10.83,28.29,nasa,0.59
2016-07-23,0.0,19.86,12.65,28.39,nasa,0.59
2016-07-24,0.0,20.14,13.27,28.68,nasa,0.59
2016-07-25,0.0,19.75,12.98,28.5,nasa,0.59
2016-07-26,0.0,20.31,13.09,28.04,nasa,0.59
2016-07-27,0.0,22.56,16.64,30.54,nasa,0.59
2016-07-28,0.0,21.58,13.89,29.69,nasa,0.59
2016-07-29,0.0,20.81,14.15,28.21,nasa,0.59
2016-07-30,0.0,19.88,14.06,26.85,nasa,0.59
2016-07-31,0.0,19.24,12.96,27.31,nasa,0.59
2016-08-01,0.0,19.22,12.07,26.63,nasa,0.59
2016-08-02,0.0,20.05,12.85,28.72,nasa,0.59
2016-08-03,0.0,19.68,12.27,27.76,nasa,0.59
2016-08-04,0.0,20.51,14.24,27.23,nasa,0.59
2016-08-05,0.0,20.59,13.88,28.35,nasa,0.59
2016-08-06,0.0,20.81,13.24,29.13,nasa,0.59
2016-08-07,0.0,22.02,14.04,31.1,nasa,0.59
2016-08-08,0.0,23.05,16.17,31.99,nasa,0.59
2016-08-09,0.0,23.32,15.36,32.32,nasa,0.58
2016-08-10,0.0,22.29,14.16,31.67,nasa,0.58
2016-08-11,0.0,19.92,13.01,29.33,nasa,0.58
2016-08-12,0.0,18.75,9.14,29.9,nasa,0.58
2016-08-13,0.02,20.82,13.11,29.41,nasa,0.58
2016-08-14,0.0,24.22,17.05,32.51,nasa,0.58
2016-08-15,4.02,23.36,16.52,32.24,nasa,0.59
2016-08-16,2.95,22.8,17.97,30.26,nasa,0.59
2016-08-17,0.02,23.09,16.53,31.19,nasa,0.59
2016-08-18,0.0,23.41,16.17,32.37,nasa,0.59
2016-08-19,0.16,23.56,16.08,32.13,nasa,0.59
2016-08-20,2.73,24.42,19.12,31.53,nasa,0.59
2016-08-21,2.62,20.06,13.21,27.1,nasa,0.6
2016-08-22,0.01,17.2,10.59,25.37,nasa,0.6
2016-08-23,0.0,20.55,11.58,29.69,nasa,0.59
2016-08-24,0.0,21.83,14.91,30.05,nasa,0.59
2016-08-25,0.0,20.94,13.95,29.91,nasa,0.59
2016-08-26,0.0,20.31,12.38,30.1,nasa,0.59
2016-08-27,0.0,21.11,12.81,30.05,nasa,0.59
2016-08-28,0.0,23.15,15.99,30.8,nasa,0.59
2016-08-29,0.0,23.87,16.83,31.45,nasa,0.59
2016-08-30,0.0,23.55,15.98,30.7,nasa,0.58
2016-08-31,0.56,24.64,19.51,31.15,nasa,0.58
2016-09-01,0.72,24.22,17.26,31.43,nasa,0.59
2016-09-02,0.11,23.36,18.26,29.33,nasa,0.59
2016-09-03,0.0,22.23,16.92,30.13,nasa,0.59
2016-09-04,0.0,22.53,15.26,30.56,nasa,0.58
2016-09-05,0.0,22.51,16.2,30.83,nasa,0.58
2016-09-06,0.0,23.31,15.61,30.98,nasa,0.58
2016-09-07,0.0,24.87,18.21,32.46,nasa,0.58
2016-09-08,0.12,23.49,16.59,32.57,nasa,0.58
2016-09-09,0.11,24.95,16.7,33.96,nasa,0.58
2016-09-10,0.0,24.88,18.22,31.46,nasa,0.58
2016-09-11,0.0,25.44,19.14,32.47,nasa,0.58
2016-09-12,0.0,24.73,17.72,32.26,nasa,0.58
2016-09-13,0.0,24.82,16.56,33.41,nasa,0.58
2016-09-14,0.0,26.09,17.77,35.37,nasa,0.58
2016-09-15,0.0,26.28,17.53,35.03,nasa,0.58
2016-09-16,0.29,27.13,20.85,34.85,nasa,0.58
2016-09-17,2.19,27.28,21.46,35.01,nasa,0.58
2016-09-18,0.84,27.32,20.12,34.54,nasa,0.59
2016-09-19,0.6,28.85,22.25,36.25,nasa,0.58
2016-09-20,0.75,26.4,20.26,32.54,nasa,0.59
2016-09-21,0.0,24.53,17.68,33.67,nasa,0.58
2016-09-22,0.0,23.11,14.11,32.27,nasa,0.58
2016-09-23,0.85,25.59,18.13,33.34,nasa,0.58
2016-09-24,4.15,25.73,19.35,33.23,nasa,0.59
2016-09-25,0.21,25.09,16.95,33.88,nasa,0.59
2016-09-26,0.94,24.4,16.21,32.8,nasa,0.59
2016-09-27,0.1,23.97,16.0,32.82,nasa,0.59
2016-09-28,1.69,24.03,16.86,31.39,nasa,0.59
2016-09-29,0.08,25.61,17.88,34.16,nasa,0.59
2016-09-30,0.0,25.1,15.05,35.34,nasa,0.59
2016-10-01,0.4,25.8,16.83,34.25,nasa,0.58
2016-10-02,1.38,25.15,18.5,32.31,nasa,0.58
2016-10-03,11.92,23.67,18.09,32.18,nasa,0.59
2016-10-04,12.94,21.03,18.54,24.75,nasa,0.63
2016-10-05,2.02,21.53,18.0,27.18,nasa,0.63
2016-10-06,0.3,21.47,17.35,28.02,nasa,0.63
2016-10-07,0.0,19.56,11.61,28.68,nasa,0.62
2016-10-08,0.0,21.65,12.76,32.02,nasa,0.62
2016-10-09,0.0,23.79,14.52,33.87,nasa,0.61
2016-10-10,0.69,24.45,16.2,33.02,nasa,0.61
2016-10-11,4.65,23.75,18.86,30.02,nasa,0.61
2016-10-12,0.03,23.77,19.0,30.35,nasa,0.61
2016-10-13,3.71,23.8,18.29,30.3,nasa,0.61
2016-10-14,5.07,23.51,19.11,29.62,nasa,0.62
2016-10-15,1.24,24.36,18.04,30.61,nasa,0.62
2016-10-16,2.84,25.64,18.78,32.64,nasa,0.62
2016-10-17,2.52,25.29,20.55,31.6,nasa,0.62
2016-10-18,0.2,25.78,20.26,33.28,nasa,0.61
2016-10-19,6.86,27.17,20.99,34.24,nasa,0.61
2016-10-20,4.84,27.08,20.94,32.97,nasa,0.62
2016-10-21,4.22,24.8,20.79,29.74,nasa,0.63
2016-10-22,4.03,22.66,19.89,25.45,nasa,0.63
2016-10-23,1.74,24.33,19.49,31.64,nasa,0.63
2016-10-24,2.02,25.69,18.27,32.89,nasa,0.63
2016-10-25,0.3,25.99,20.97,31.62,nasa,0.62
2016-10-26,0.92,27.13,20.5,34.71,nasa,0.62
2016-10-27,1.29,25.35,19.9,32.21,nasa,0.61
2016-10-28,0.06,23.81,17.38,31.83,nasa,0.61
2016-10-29,0.06,24.04,15.81,32.88,nasa,0.61
2016-10-30,1.43,23.77,16.64,32.05,nasa,0.6
2016-10-31,10.82,22.73,19.4,27.93,nasa,0.61
2016-11-01,0.09,22.38,18.45,28.59,nasa,0.62
2016-11-02,0.02,23.98,18.68,30.66,nasa,0.62
2016-11-03,4.91,24.28,18.87,30.84,nasa,0.62
2016-11-04,7.49,22.06,19.07,26.38,nasa,0.63
2016-11-05,0.95,21.21,18.27,26.2,nasa,0.63
2016-11-06,0.11,21.81,17.5,27.91,nasa,0.63
2016-11-07,10.68,22.13,17.33,28.45,nasa,0.62
2016-11-08,7.46,23.02,16.94,29.29,nasa,0.65
2016-11-09,0.33,24.01,17.6,30.01,nasa,0.64
2016-11-10,2.26,24.39,19.59,29.43,nasa,0.64
2016-11-11,1.75,25.09,19.18,31.01,nasa,0.63
2016-11-12,13.99,22.98,20.0,27.41,nasa,0.64
2016-11-13,42.97,21.04,18.99,24.87,nasa,0.69
2016-11-14,16.31,21.0,18.25,24.18,nasa,0.75
2016-11-15,3.29,23.23,18.5,28.61,nasa,0.74
2016-11-16,1.85,23.36,18.33,29.05,nasa,0.72
2016-11-17,7.05,22.68,18.14,27.35,nasa,0.71
2016-11-18,4.8,22.59,17.68,27.82,nasa,0.7
2016-11-19,0.03,19.75,13.29,27.24,nasa,0.69
2016-11-20,0.0,20.53,12.92,28.6,nasa,0.68
2016-11-21,2.25,20.74,17.48,25.95,nasa,0.67
2016-11-22,18.78,21.72,18.23,26.39,nasa,0.68
2016-11-23,6.36,21.11,18.75,24.35,nasa,0.71
2016-11-24,0.57,23.11,18.27,27.7,nasa,0.7
2016-11-25,0.45,23.45,19.12,28.99,nasa,0.69
2016-11-26,3.66,23.52,19.27,28.78,nasa,0.68
2016-11-27,2.94,22.32,20.24,26.1,nasa,0.68
2016-11-28,3.94,23.76,18.2,29.58,nasa,0.68
2016-11-29,4.34,23.05,20.11,27.52,nasa,0.68
2016-11-30,10.58,22.67,18.21,27.93,nasa,0.68
2016-12-01,8.82,21.45,17.02,27.64,nasa,0.7
2016-12-02,0.08,23.15,17.08,29.48,nasa,0.69
2016-12-03,6.43,23.36,19.26,28.41,nasa,0.68
2016-12-04,8.64,22.28,19.44,25.64,nasa,0.7
2016-12-05,18.24,23.13,19.24,27.96,nasa,0.72
2016-12-06,2.83,23.82,20.21,28.33,nasa,0.71
2016-12-07,8.89,23.35,18.76,28.22,nasa,0.71
2016-12-08,5.55,23.29,18.74,28.58,nasa,0.71
2016-12-09,9.33,23.25,19.05,28.13,nasa,0.71
2016-12-10,6.57,22.54,19.59,26.51,nasa,0.72
2016-12-11,18.58,22.87,18.53,27.67,nasa,0.73
2016-12-12,8.52,23.39,19.4,27.81,nasa,0.74
2016-12-13,20.1,22.75,20.62,26.04,nasa,0.75
2016-12-14,20.31,22.71,20.0,25.65,nasa,0.78
2016-12-15,28.16,20.55,17.73,24.49,nasa,0.79
2016-12-16,0.86,18.6,15.8,23.42,nasa,0.8
2016-12-17,0.41,20.11,15.27,25.62,nasa,0.78
2016-12-18,0.05,19.9,17.33,23.25,nasa,0.77
2016-12-19,0.1,20.89,16.81,25.45,nasa,0.75
2016-12-20,0.16,21.57,17.5,26.34,nasa,0.74
2016-12-21,0.04,21.91,17.38,26.46,nasa,0.73
2016-12-22,0.01,23.04,18.26,28.19,nasa,0.72
2016-12-23,0.02,23.87,18.7,29.53,nasa,0.71
2016-12-24,2.3,24.23,18.45,29.39,nasa,0.7
2016-12-25,6.89,24.91,18.57,29.76,nasa,0.7
2016-12-26,2.47,22.56,19.44,26.43,nasa,0.7
2016-12-27,2.79,24.39,18.29,29.9,nasa,0.7
2016-12-28,4.6,24.1,18.95,29.14,nasa,0.7
2016-12-29,4.19,22.83,17.6,28.49,nasa,0.7
2016-12-30,3.08,23.68,17.65,29.83,nasa,0.7
2016-12-31,0.32,25.31,20.46,30.44,nasa,0.69
2017-01-01,0.01,25.18,18.29,31.21,nasa,0.68
2017-01-02,0.08,25.27,18.27,30.71,nasa,0.67
2017-01-03,4.14,25.99,20.6,31.2,nasa,0.66
2017-01-04,7.87,22.52,19.83,25.33,nasa,0.67
2017-01-05,2.25,23.11,18.11,28.15,nasa,0.68
2017-01-06,3.65,23.89,18.49,29.17,nasa,0.68
2017-01-07,1.09,24.49,18.9,29.9,nasa,0.67
2017-01-08,1.81,25.59,19.89,31.49,nasa,0.67
2017-01-09,0.46,23.87,20.48,29.57,nasa,0.66
2017-01-10,4.62,23.34,20.16,28.14,nasa,0.66
2017-01-11,0.81,22.88,19.34,27.29,nasa,0.66
2017-01-12,4.01,24.27,18.85,30.28,nasa,0.66
2017-01-13,15.13,22.26,19.52,26.67,nasa,0.68
2017-01-14,12.63,21.2,18.94,24.78,nasa,0.7
2017-01-15,9.02,21.35,18.8,25.19,nasa,0.72
2017-01-16,11.66,20.86,18.31,24.18,nasa,0.73
2017-01-17,5.28,21.5,17.89,26.06,nasa,0.73
2017-01-18,4.97,21.3,19.28,24.63,nasa,0.73
2017-01-19,10.8,22.06,19.03,25.85,nasa,0.74
2017-01-20,3.77,22.08,18.69,26.02,nasa,0.74
2017-01-21,0.89,22.1,17.96,26.2,nasa,0.73
2017-01-22,7.8,21.98,17.02,26.59,nasa,0.73
2017-01-23,8.53,20.44,18.37,23.39,nasa,0.73
2017-01-24,0.63,21.84,17.93,26.54,nasa,0.73
2017-01-25,5.66,22.22,18.13,27.05,nasa,0.73
2017-01-26,7.04,23.25,19.33,27.56,nasa,0.73
2017-01-27,4.19,23.78,18.32,29.08,nasa,0.73
2017-01-28,0.14,23.11,17.61,29.69,nasa,0.72
2017-01-29,0.07,22.92,16.88,28.8,nasa,0.71
2017-01-30,0.26,23.81,18.12,29.25,nasa,0.7
2017-01-31,3.13,22.51,18.91,26.14,nasa,0.69
2017-02-01,8.05,20.61,18.14,23.46,nasa,0.7
2017-02-02,14.85,21.79,16.89,26.85,nasa,0.71
2017-02-03,7.69,22.36,17.96,26.43,nasa,0.73
2017-02-04,12.82,22.0,18.93,26.22,nasa,0.74
2017-02-05,22.52,23.0,19.15,27.44,nasa,0.76
2017-02-06,18.93,23.09,19.38,26.94,nasa,0.79
2017-02-07,7.21,23.09,19.99,26.67,nasa,0.79
2017-02-08,7.71,22.41,18.73,26.46,nasa,0.78
2017-02-09,3.08,22.61,19.24,27.53,nasa,0.78
2017-02-10,0.68,22.61,18.32,27.42,nasa,0.76
2017-02-11,1.98,22.41,19.01,27.25,nasa,0.75
2017-02-12,2.12,21.95,19.32,26.09,nasa,0.75
2017-02-13,0.06,22.12,18.68,26.44,nasa,0.74
2017-02-14,0.0,21.5,17.28,27.37,nasa,0.73
2017-02-15,0.0,21.77,16.87,27.49,nasa,0.72
2017-02-16,0.0,22.03,18.74,26.08,nasa,0.71
2017-02-17,0.18,22.58,18.51,27.04,nasa,0.71
2017-02-18,3.37,23.1,18.0,28.1,nasa,0.7
2017-02-19,0.37,23.8,18.76,29.57,nasa,0.7
2017-02-20,0.01,23.1,17.35,29.15,nasa,0.69
2017-02-21,0.0,23.19,17.63,29.11,nasa,0.68
2017-02-22,0.0,22.82,17.62,28.12,nasa,0.67
2017-02-23,0.09,23.28,17.66,28.16,nasa,0.67
2017-02-24,3.51,23.33,18.43,28.86,nasa,0.67
2017-02-25,18.66,21.03,18.46,24.82,nasa,0.68
2017-02-26,1.97,20.73,17.29,25.39,nasa,0.71
2017-02-27,9.85,20.86,17.65,24.95,nasa,0.71
2017-02-28,3.17,20.97,18.12,25.39,nasa,0.72
2017-03-01,5.88,21.73,18.82,26.2,nasa,0.72
2017-03-02,1.84,22.49,17.71,27.73,nasa,0.72
2017-03-03,8.96,22.41,18.49,27.1,nasa,0.71
2017-03-04,14.89,22.16,19.02,25.89,nasa,0.73
2017-03-05,0.66,21.96,19.11,26.1,nasa,0.74
2017-03-06,0.16,22.71,18.43,27.18,nasa,0.73
2017-03-07,0.49,23.99,16.8,29.79,nasa,0.72
2017-03-08,1.09,23.45,19.21,27.98,nasa,0.71
2017-03-09,3.53,23.14,18.15,27.8,nasa,0.71
2017-03-10,3.21,23.67,18.79,28.48,nasa,0.71
2017-03-11,0.05,23.45,18.65,28.84,nasa,0.7
2017-03-12,0.0,23.56,17.57,29.1,nasa,0.69
2017-03-13,0.15,23.22,17.03,29.73,nasa,0.68
2017-03-14,0.1,23.39,16.69,30.31,nasa,0.67
2017-03-15,0.09,22.04,18.75,26.41,nasa,0.67
2017-03-16,0.12,23.05,16.82,28.48,nasa,0.66
2017-03-17,0.03,23.94,17.02,29.79,nasa,0.66
2017-03-18,10.37,24.37,19.19,30.01,nasa,0.66
2017-03-19,14.81,21.41,18.58,25.77,nasa,0.69
2017-03-20,9.3,22.12,17.14,27.87,nasa,0.7
2017-03-21,2.1,21.66,18.13,26.54,nasa,0.7
2017-03-22,0.14,21.76,16.38,28.07,nasa,0.7
2017-03-23,0.0,22.14,15.98,27.52,nasa,0.69
2017-03-24,0.0,22.67,17.98,27.65,nasa,0.68
2017-03-25,0.41,23.77,19.52,29.14,nasa,0.67
2017-03-26,5.31,23.24,17.91,29.0,nasa,0.67
2017-03-27,2.31,22.08,19.59,25.53,nasa,0.68
2017-03-28,2.09,22.12,18.09,28.13,nasa,0.67
2017-03-29,0.14,21.46,16.98,27.45,nasa,0.67
2017-03-30,0.0,21.68,15.34,28.01,nasa,0.66
2017-03-31,0.03,21.64,15.36,28.05,nasa,0.66
2017-04-01,0.06,21.08,15.35,27.29,nasa,0.65
2017-04-02,0.01,20.93,14.27,27.52,nasa,0.65
2017-04-03,0.0,21.69,14.25,28.88,nasa,0.64
2017-04-04,0.0,21.94,14.57,28.96,nasa,0.64
2017-04-05,0.21,22.79,15.75,29.8,nasa,0.64
2017-04-06,1.54,23.33,20.21,28.47,nasa,0.64
2017-04-07,1.47,23.56,19.4,29.32,nasa,0.64
2017-04-08,5.94,23.85,19.39,29.93,nasa,0.64
2017-04-09,0.41,23.83,19.11,30.0,nasa,0.64
2017-04-10,0.01,23.9,18.15,30.41,nasa,0.64
2017-04-11,0.05,24.17,18.91,30.57,nasa,0.63
2017-04-12,3.16,22.0,19.72,24.77,nasa,0.63
2017-04-13,1.66,22.45,18.73,27.84,nasa,0.64
2017-04-14,0.8,23.03,17.55,29.64,nasa,0.64
2017-04-15,0.0,23.25,17.57,30.27,nasa,0.63
2017-04-16,0.0,22.76,16.3,30.27,nasa,0.63
2017-04-17,0.0,23.44,16.45,31.4,nasa,0.63
2017-04-18,3.47,23.3,17.81,30.32,nasa,0.62
2017-04-19,0.72,21.51,16.57,27.96,nasa,0.63
2017-04-20,0.14,22.24,16.7,29.15,nasa,0.63
2017-04-21,1.59,21.76,16.85,28.04,nasa,0.62
2017-04-22,0.85,21.5,15.83,28.7,nasa,0.62
2017-04-23,0.0,21.02,13.34,30.42,nasa,0.62
2017-04-24,0.0,22.45,16.13,29.79,nasa,0.62
2017-04-25,0.0,22.68,17.46,28.66,nasa,0.62
2017-04-26,7.14,22.44,18.86,26.94,nasa,0.63
2017-04-27,1.51,22.39,18.98,27.91,nasa,0.63
2017-04-28,1.23,22.69,18.38,28.61,nasa,0.63
2017-04-29,7.31,21.83,18.48,27.1,nasa,0.63
2017-04-30,0.89,20.61,16.51,26.5,nasa,0.64
2017-05-01,0.0,20.44,15.37,26.44,nasa,0.64
2017-05-02,0.55,20.29,15.7,26.73,nasa,0.63
2017-05-03,1.12,20.23,14.53,26.89,nasa,0.63
2017-05-04,0.01,21.1,15.32,27.68,nasa,0.63
2017-05-05,1.53,21.65,16.47,27.91,nasa,0.63
2017-05-06,1.95,20.6,15.12,27.31,nasa,0.63
2017-05-07,0.01,20.78,14.7,28.57,nasa,0.63
2017-05-08,0.0,20.74,13.98,27.99,nasa,0.62
2017-05-09,0.0,20.27,14.11,29.34,nasa,0.62
2017-05-10,0.0,20.12,11.89,29.36,nasa,0.62
2017-05-11,0.0,20.56,14.19,28.35,nasa,0.62
2017-05-12,0.0,20.31,14.63,27.48,nasa,0.61
2017-05-13,0.0,21.08,14.14,28.63,nasa,0.61
2017-05-14,0.53,21.52,14.51,29.15,nasa,0.61
2017-05-15,4.6,21.64,16.62,28.42,nasa,0.62
2017-05-16,3.39,22.23,18.27,28.68,nasa,0.62
2017-05-17,0.41,22.24,17.29,28.66,nasa,0.62
2017-05-18,2.92,20.2,17.25,25.15,nasa,0.62
2017-05-19,12.71,20.04,16.73,24.88,nasa,0.64
2017-05-20,25.47,20.42,17.84,24.39,nasa,0.67
2017-05-21,1.02,20.96,17.84,25.77,nasa,0.67
2017-05-22,2.01,21.6,17.77,26.17,nasa,0.67
2017-05-23,0.79,21.32,18.29,26.44,nasa,0.67
2017-05-24,0.14,20.58,17.16,25.82,nasa,0.66
2017-05-25,0.01,20.31,14.97,26.68,nasa,0.66
2017-05-26,0.01,20.54,14.89,26.8,nasa,0.66
2017-05-27,0.0,19.89,15.19,26.1,nasa,0.65
2017-05-28,0.0,19.29,13.06,26.33,nasa,0.65
2017-05-29,0.0,19.52,13.17,26.39,nasa,0.64
2017-05-30,0.0,19.89,12.58,26.71,nasa,0.64
2017-05-31,0.0,19.5,13.75,26.62,nasa,0.64
2017-06-01,0.0,20.52,14.67,27.78,nasa,0.63
2017-06-02,0.0,20.22,14.78,27.78,nasa,0.63
2017-06-03,0.0,21.21,13.75,28.79,nasa,0.63
2017-06-04,0.0,21.24,15.52,28.86,nasa,0.62
2017-06-05,0.0,21.08,14.87,28.51,nasa,0.62
2017-06-06,0.0,22.12,16.22,29.72,nasa,0.62
2017-06-07,0.0,21.35,14.3,29.75,nasa,0.62
2017-06-08,0.0,20.54,13.46,28.71,nasa,0.61
2017-06-09,0.0,21.13,15.0,29.41,nasa,0.61
2017-06-10,0.0,17.88,11.66,27.21,nasa,0.61
2017-06-11,0.0,19.48,10.96,28.5,nasa,0.61
2017-06-12,3.17,20.77,15.68,28.01,nasa,0.61
2017-06-13,1.96,21.08,15.7,28.18,nasa,0.61
2017-06-14,0.66,20.34,14.61,27.99,nasa,0.62
2017-06-15,0.07,18.98,13.94,26.64,nasa,0.61
2017-06-16,0.0,18.37,13.05,25.8,nasa,0.61
2017-06-17,0.0,18.34,11.72,26.5,nasa,0.61
2017-06-18,0.0,18.47,10.82,26.33,nasa,0.61
2017-06-19,0.0,19.84,14.85,26.82,nasa,0.61
2017-06-20,0.0,19.14,12.09,27.16,nasa,0.61
2017-06-21,0.0,17.98,12.11,25.48,nasa,0.61
2017-06-22,0.0,17.53,12.05,24.29,nasa,0.6
2017-06-23,0.0,17.57,13.25,24.86,nasa,0.6
2017-06-24,0.0,17.02,11.53,24.56,nasa,0.6
2017-06-25,0.0,16.7,11.29,24.42,nasa,0.6
2017-06-26,0.0,17.11,11.06,24.61,nasa,0.6
2017-06-27,0.0,16.99,11.03,24.74,nasa,0.6
2017-06-28,0.0,18.39,13.04,25.46,nasa,0.6
2017-06-29,0.0,17.55,11.99,25.54,nasa,0.6
2017-06-30,0.0,17.9,9.42,25.59,nasa,0.6
2017-07-01,0.0,18.07,11.34,26.26,nasa,0.6
2017-07-02,0.0,16.97,10.83,23.98,nasa,0.6
2017-07-03,0.0,15.13,10.51,22.07,nasa,0.6
2017-07-04,0.0,12.97,7.08,20.47,nasa,0.6
2017-07-05,0.0,13.71,8.24,21.32,nasa,0.6
2017-07-06,0.0,15.45,9.34,23.21,nasa,0.6
2017-07-07,0.0,16.5,10.31,23.93,nasa,0.59
2017-07-08,0.0,15.83,11.13,21.92,nasa,0.59
2017-07-09,0.0,16.24,10.4,24.31,nasa,0.59
2017-07-10,0.01,17.43,11.22,25.13,nasa,0.59
2017-07-11,0.01,17.97,11.43,25.89,nasa,0.59
2017-07-12,0.0,17.85,11.23,26.34,nasa,0.59
2017-07-13,0.0,17.51,11.33,25.84,nasa,0.59
2017-07-14,0.0,16.86,11.41,25.13,nasa,0.59
2017-07-15,0.0,17.08,11.79,25.39,nasa,0.59
2017-07-16,0.0,16.56,9.93,24.82,nasa,0.59
2017-07-17,0.0,18.62,10.02,26.26,nasa,0.59
2017-07-18,0.0,18.09,10.47,26.78,nasa,0.59
2017-07-19,0.0,17.41,10.51,25.11,nasa,0.59
2017-07-20,0.0,18.67,12.76,25.75,nasa,0.59
2017-07-21,0.0,19.38,12.01,26.55,nasa,0.59
2017-07-22,0.0,19.44,12.48,27.6,nasa,0.59
2017-07-23,0.0,18.15,11.56,26.69,nasa,0.59
2017-07-24,0.0,17.69,11.23,26.28,nasa,0.59
2017-07-25,0.0,18.37,12.33,26.7,nasa,0.59
2017-07-26,0.0,17.17,10.89,25.71,nasa,0.59
2017-07-27,0.0,16.46,10.22,25.05,nasa,0.59
2017-07-28,0.0,17.03,10.43,25.39,nasa,0.59
2017-07-29,0.0,17.64,9.91,25.51,nasa,0.59
2017-07-30,0.0,16.41,11.99,23.86,nasa,0.59
2017-07-31,0.0,16.1,9.77,24.44,nasa,0.59
2017-08-01,0.0,16.43,9.28,25.04,nasa,0.59
2017-08-02,0.0,18.0,9.86,27.33,nasa,0.59
2017-08-03,0.0,19.69,11.1,29.19,nasa,0.59
2017-08-04,0.0,18.39,11.53,27.48,nasa,0.59
2017-08-05,0.0,18.46,10.76,27.13,nasa,0.59
2017-08-06,0.0,18.7,11.38,26.77,nasa,0.59
2017-08-07,0.0,19.86,12.6,28.02,nasa,0.59
2017-08-08,0.0,21.73,13.19,29.68,nasa,0.59
2017-08-09,0.0,22.78,15.44,31.38,nasa,0.59
2017-08-10,0.0,23.6,15.69,32.86,nasa,0.58
2017-08-11,0.0,21.87,14.33,31.28,nasa,0.58
2017-08-12,0.0,21.6,14.74,30.25,nasa,0.58
2017-08-13,0.0,22.03,14.26,31.15,nasa,0.58
2017-08-14,0.0,24.31,16.47,32.31,nasa,0.58
2017-08-15,0.0,24.19,17.62,32.21,nasa,0.58
2017-08-16,0.0,23.39,16.02,30.99,nasa,0.58
2017-08-17,0.32,23.46,16.4,31.17,nasa,0.58
2017-08-18,0.81,22.24,15.34,30.59,nasa,0.58
2017-08-19,0.35,22.28,15.54,29.73,nasa,0.58
2017-08-20,0.08,23.17,15.46,32.11,nasa,0.58
2017-08-21,1.03,22.73,16.42,29.54,nasa,0.59
2017-08-22,0.0,20.53,14.33,27.6,nasa,0.59
2017-08-23,0.0,20.53,14.75,27.78,nasa,0.58
2017-08-24,0.0,20.62,13.3,28.62,nasa,0.58
2017-08-25,0.0,20.48,13.88,28.67,nasa,0.58
2017-08-26,0.0,20.46,12.36,29.82,nasa,0.58
2017-08-27,0.0,21.67,13.26,31.19,nasa,0.58
2017-08-28,0.0,22.38,13.81,32.05,nasa,0.58
2017-08-29,0.0,22.39,14.29,31.75,nasa,0.58
2017-08-30,0.0,23.18,14.37,33.2,nasa,0.58
2017-08-31,0.0,24.29,17.06,34.08,nasa,0.58
2017-09-01,0.0,22.34,15.2,30.57,nasa,0.58
2017-09-02,0.0,21.07,14.42,29.24,nasa,0.58
2017-09-03,0.0,19.18,11.87,27.95,nasa,0.58
2017-09-04,0.0,19.18,11.51,28.91,nasa,0.58
2017-09-05,0.0,19.79,12.28,29.11,nasa,0.58
2017-09-06,0.0,21.17,12.18,30.84,nasa,0.58
2017-09-07,0.0,21.97,14.46,31.31,nasa,0.58
2017-09-08,0.0,22.09,14.06,31.51,nasa,0.58
2017-09-09,0.0,21.97,14.1,31.39,nasa,0.58
2017-09-10,0.0,22.56,15.57,31.13,nasa,0.58
2017-09-11,0.0,23.49,15.78,32.28,nasa,0.58
2017-09-12,0.0,23.26,15.6,32.39,nasa,0.58
2017-09-13,0.0,22.52,14.81,31.75,nasa,0.58
2017-09-14,0.0,22.58,15.53,32.13,nasa,0.58
2017-09-15,0.0,22.7,14.03,32.37,nasa,0.58
2017-09-16,0.01,22.51,15.05,32.14,nasa,0.58
2017-09-17,0.0,22.78,15.28,32.19,nasa,0.58
2017-09-18,0.0,23.32,15.35,32.38,nasa,0.58
2017-09-19,0.01,23.36,15.67,32.1,nasa,0.58
2017-09-20,0.0,23.28,15.77,31.84,nasa,0.58
2017-09-21,0.0,23.06,15.53,31.34,nasa,0.58
2017-09-22,0.0,22.48,16.93,30.15,nasa,0.58
2017-09-23,0.0,23.26,16.31,31.65,nasa,0.58
2017-09-24,0.0,23.96,16.62,31.55,nasa,0.58
2017-09-25,0.0,22.28,17.67,28.99,nasa,0.58
2017-09-26,0.0,22.62,14.41,30.6,nasa,0.58
2017-09-27,0.07,23.1,17.96,29.46,nasa,0.58
2017-09-28,0.0,25.31,17.23,33.27,nasa,0.58
2017-09-29,4.1,25.96,19.59,33.19,nasa,0.58
2017-09-30,27.19,20.61,18.28,23.22,nasa,0.63
2017-10-01,0.88,23.28,15.66,30.75,nasa,0.63
2017-10-02,12.0,23.17,19.19,29.26,nasa,0.64
2017-10-03,11.19,20.77,15.76,27.08,nasa,0.66
2017-10-04,0.2,19.45,15.06,24.67,nasa,0.66
2017-10-05,11.24,22.52,16.71,30.02,nasa,0.66
2017-10-06,0.01,22.67,15.85,30.93,nasa,0.66
2017-10-07,0.0,23.4,15.04,31.58,nasa,0.65
2017-10-08,0.0,23.71,16.58,31.28,nasa,0.64
2017-10-09,0.0,24.64,16.97,32.1,nasa,0.63
2017-10-10,0.1,25.57,18.94,33.39,nasa,0.62
2017-10-11,0.01,25.15,17.29,33.91,nasa,0.62
2017-10-12,0.04,25.11,16.51,34.51,nasa,0.61
2017-10-13,0.57,24.67,17.34,33.67,nasa,0.61
2017-10-14,0.0,25.89,16.24,34.77,nasa,0.6
2017-10-15,0.0,27.32,18.01,36.3,nasa,0.6
2017-10-16,0.0,26.87,19.24,34.86,nasa,0.6
2017-10-17,0.0,25.58,20.08,32.25,nasa,0.59
2017-10-18,0.0,24.4,17.44,32.73,nasa,0.59
2017-10-19,0.0,24.23,16.02,32.78,nasa,0.59
2017-10-20,0.0,26.79,17.84,35.13,nasa,0.59
2017-10-21,0.08,27.66,22.1,34.06,nasa,0.59
2017-10-22,1.4,27.33,21.33,35.07,nasa,0.59
2017-10-23,2.63,23.97,19.69,28.97,nasa,0.59
2017-10-24,0.4,24.35,18.83,31.26,nasa,0.59
2017-10-25,0.04,26.68,19.79,34.69,nasa,0.59
2017-10-26,0.33,25.72,20.57,31.72,nasa,0.59
2017-10-27,35.66,26.54,19.41,34.7,nasa,0.61
2017-10-28,8.23,22.38,19.95,27.41,nasa,0.65
2017-10-29,7.82,21.74,19.5,25.25,nasa,0.66
2017-10-30,5.58,23.39,18.71,29.05,nasa,0.66
2017-10-31,16.29,22.8,18.96,27.87,nasa,0.67
2017-11-01,6.57,22.1,18.33,27.99,nasa,0.69
2017-11-02,0.39,22.28,17.53,28.37,nasa,0.68
2017-11-03,3.67,23.06,17.44,29.19,nasa,0.67
2017-11-04,13.74,21.89,18.43,26.46,nasa,0.68
2017-11-05,8.33,22.54,19.38,26.0,nasa,0.69
2017-11-06,0.73,23.14,18.24,28.48,nasa,0.69
2017-11-07,1.75,21.9,18.28,26.55,nasa,0.68
2017-11-08,1.31,21.96,17.54,27.58,nasa,0.67
2017-11-09,0.38,21.46,18.27,25.24,nasa,0.66
2017-11-10,2.76,21.52,18.16,26.38,nasa,0.66
2017-11-11,15.15,21.82,19.0,25.39,nasa,0.68
2017-11-12,6.8,23.0,17.27,28.97,nasa,0.69
2017-11-13,0.0,21.99,13.69,30.54,nasa,0.68
2017-11-14,0.0,22.67,14.03,30.81,nasa,0.66
2017-11-15,0.0,23.23,17.76,29.16,nasa,0.65
2017-11-16,0.17,23.52,17.61,30.23,nasa,0.65
2017-11-17,0.2,24.22,17.95,31.0,nasa,0.64
2017-11-18,4.99,23.09,19.1,28.32,nasa,0.64
2017-11-19,15.94,22.78,18.78,28.64,nasa,0.65
2017-11-20,12.26,22.46,19.89,27.02,nasa,0.68
2017-11-21,15.34,22.8,19.73,27.0,nasa,0.7
2017-11-22,45.72,21.83,19.67,25.37,nasa,0.74
2017-11-23,2.16,23.1,19.19,27.9,nasa,0.73
2017-11-24,5.93,23.84,19.25,29.01,nasa,0.72
2017-11-25,17.55,23.24,19.51,27.87,nasa,0.73
2017-11-26,3.65,21.03,18.83,23.95,nasa,0.74
2017-11-27,11.51,21.72,18.04,25.93,nasa,0.74
2017-11-28,2.42,24.02,19.08,29.17,nasa,0.73
2017-11-29,1.38,23.56,19.27,29.17,nasa,0.72
2017-11-30,3.36,21.33,19.16,24.78,nasa,0.71
2017-12-01,61.12,20.71,18.61,23.59,nasa,0.75
2017-12-02,13.77,22.1,18.28,27.02,nasa,0.78
2017-12-03,19.9,22.45,18.25,27.17,nasa,0.8
2017-12-04,11.14,23.58,19.59,28.63,nasa,0.8
2017-12-05,7.3,24.06,18.75,28.94,nasa,0.78
2017-12-06,6.64,23.15,19.56,26.93,nasa,0.78
2017-12-07,12.02,22.43,20.0,25.97,nasa,0.78
2017-12-08,4.91,22.98,19.93,27.89,nasa,0.78
2017-12-09,2.97,23.77,20.12,28.81,nasa,0.77
2017-12-10,0.2,22.88,17.97,28.38,nasa,0.76
2017-12-11,2.29,22.12,18.17,26.96,nasa,0.75
2017-12-12,2.62,21.76,18.37,26.77,nasa,0.74
2017-12-13,0.67,21.24,17.98,25.65,nasa,0.74
2017-12-14,0.1,21.41,16.66,27.25,nasa,0.73
2017-12-15,5.04,22.55,18.38,27.93,nasa,0.72
2017-12-16,2.14,21.38,18.77,25.01,nasa,0.73
2017-12-17,3.0,20.9,17.55,24.33,nasa,0.73
2017-12-18,0.56,22.26,16.24,28.32,nasa,0.72
2017-12-19,5.76,22.15,18.44,26.54,nasa,0.72
2017-12-20,0.16,22.49,15.82,29.06,nasa,0.72
2017-12-21,0.73,23.3,18.5,28.29,nasa,0.71
2017-12-22,3.46,21.85,19.57,24.61,nasa,0.7
2017-12-23,0.39,24.03,18.56,28.95,nasa,0.7
2017-12-24,0.2,25.06,20.22,29.68,nasa,0.7
2017-12-25,1.15,24.71,19.47,29.29,nasa,0.69
2017-12-26,3.75,24.17,20.35,28.23,nasa,0.69
2017-12-27,6.46,23.7,20.39,28.51,nasa,0.7
2017-12-28,2.85,24.24,19.87,29.11,nasa,0.7
2017-12-29,1.43,24.74,20.61,31.01,nasa,0.69
2017-12-30,12.59,22.81,20.18,27.83,nasa,0.7
2017-12-31,1.63,22.2,18.4,26.9,nasa,0.71
2018-01-01,10.32,22.78,19.24,27.39,nasa,0.71
2018-01-02,7.35,22.7,18.55,27.18,nasa,0.72
2018-01-03,9.06,22.62,19.84,26.85,nasa,0.73
2018-01-04,8.78,21.87,19.34,25.48,nasa,0.73
2018-01-05,28.3,21.49,20.08,23.72,nasa,0.76
2018-01-06,12.61,21.23,18.78,24.72,nasa,0.79
2018-01-07,12.58,20.66,18.51,23.4,nasa,0.79
2018-01-08,8.23,21.37,17.57,25.64,nasa,0.79
2018-01-09,1.56,22.04,17.81,27.3,nasa,0.78
2018-01-10,0.34,22.28,17.81,27.4,nasa,0.77
2018-01-11,2.31,22.25,17.72,27.57,nasa,0.75
2018-01-12,1.0,21.8,17.97,25.68,nasa,0.75
2018-01-13,3.11,21.82,17.25,25.78,nasa,0.74
2018-01-14,12.56,22.17,18.19,27.0,nasa,0.74
2018-01-15,5.58,22.38,18.85,26.74,nasa,0.76
2018-01-16,4.21,21.78,19.38,25.09,nasa,0.76
2018-01-17,0.25,23.1,18.66,28.49,nasa,0.76
2018-01-18,0.0,22.94,16.63,28.61,nasa,0.74
2018-01-19,0.0,23.0,16.14,29.32,nasa,0.73
2018-01-20,0.0,23.27,17.17,29.68,nasa,0.72
2018-01-21,0.0,23.91,18.71,30.32,nasa,0.71
2018-01-22,2.12,24.43,18.07,30.19,nasa,0.7
2018-01-23,1.04,23.7,18.99,29.39,nasa,0.69
2018-01-24,2.12,23.4,18.8,28.34,nasa,0.68
2018-01-25,3.97,21.62,19.47,24.41,nasa,0.69
2018-01-26,2.23,23.1,18.23,28.57,nasa,0.69
2018-01-27,1.17,23.02,17.65,28.61,nasa,0.68
2018-01-28,0.87,23.98,17.35,29.93,nasa,0.68
2018-01-29,22.77,23.09,20.45,26.33,nasa,0.69
2018-01-30,10.3,22.84,20.06,27.17,nasa,0.72
2018-01-31,26.38,23.55,20.65,27.86,nasa,0.75
2018-02-01,6.32,23.5,17.92,29.34,nasa,0.77
2018-02-02,22.88,22.46,19.99,26.8,nasa,0.78
2018-02-03,6.71,22.83,19.81,27.47,nasa,0.78
2018-02-04,5.22,20.9,18.0,24.19,nasa,0.78
2018-02-05,7.4,19.71,16.9,23.29,nasa,0.78
2018-02-06,7.95,20.56,16.84,25.17,nasa,0.78
2018-02-07,0.06,22.04,16.49,27.96,nasa,0.77
2018-02-08,0.13,23.28,17.16,28.62,nasa,0.76
2018-02-09,11.72,23.21,19.61,27.6,nasa,0.75
2018-02-10,5.46,22.39,19.86,25.25,nasa,0.77
2018-02-11,1.66,22.8,17.99,26.83,nasa,0.77
2018-02-12,4.58,23.78,17.93,28.88,nasa,0.76
2018-02-13,0.36,21.44,18.92,24.52,nasa,0.76
2018-02-14,0.05,22.44,18.64,27.75,nasa,0.75
2018-02-15,0.0,21.75,16.08,27.54,nasa,0.74
2018-02-16,0.0,22.15,17.78,27.39,nasa,0.73
2018-02-17,0.0,22.49,16.79,28.24,nasa,0.72
2018-02-18,14.26,21.68,17.34,26.41,nasa,0.72
2018-02-19,17.97,21.71,18.61,26.42,nasa,0.76
2018-02-20,3.35,22.55,18.46,27.91,nasa,0.76
2018-02-21,6.58,22.34,18.74,26.48,nasa,0.76
2018-02-22,9.64,22.72,19.48,27.28,nasa,0.77
2018-02-23,5.07,23.01,19.53,27.71,nasa,0.76
2018-02-24,12.1,22.26,18.9,26.04,nasa,0.77
2018-02-25,9.11,22.06,18.69,25.98,nasa,0.78
2018-02-26,16.96,22.08,19.42,25.84,nasa,0.79
2018-02-27,3.53,22.44,19.27,26.76,nasa,0.79
2018-02-28,13.9,22.87,19.49,26.23,nasa,0.8
2018-03-01,2.34,23.46,19.65,28.06,nasa,0.8
2018-03-02,5.78,22.63,19.38,26.0,nasa,0.79
2018-03-03,0.17,23.41,19.0,28.83,nasa,0.79
2018-03-04,0.11,23.58,18.86,29.05,nasa,0.77
2018-03-05,1.09,23.19,20.02,27.71,nasa,0.77
2018-03-06,11.96,23.66,18.87,29.2,nasa,0.76
2018-03-07,11.18,23.91,19.73,29.14,nasa,0.78
2018-03-08,8.12,23.19,19.83,27.91,nasa,0.79
2018-03-09,9.89,22.32,19.85,25.79,nasa,0.79
2018-03-10,15.81,22.14,19.35,26.04,nasa,0.81
2018-03-11,3.11,22.65,19.25,27.24,nasa,0.81
2018-03-12,0.12,23.87,19.15,29.46,nasa,0.79
2018-03-13,0.0,24.44,19.1,30.22,nasa,0.78
2018-03-14,1.88,24.1,19.14,29.55,nasa,0.77
2018-03-15,0.72,22.99,19.72,26.62,nasa,0.77
2018-03-16,3.1,23.81,20.86,27.69,nasa,0.76
2018-03-17,2.3,22.24,18.2,26.76,nasa,0.76
2018-03-18,2.4,22.48,16.76,28.41,nasa,0.76
2018-03-19,0.33,23.32,18.3,28.61,nasa,0.75
2018-03-20,1.74,23.34,17.67,28.78,nasa,0.74
2018-03-21,2.55,23.68,19.96,27.9,nasa,0.74
2018-03-22,3.38,22.28,20.02,25.63,nasa,0.74
2018-03-23,1.04,22.58,18.94,27.58,nasa,0.74
2018-03-24,0.45,21.69,18.79,26.46,nasa,0.73
2018-03-25,0.24,21.77,17.79,27.03,nasa,0.73
2018-03-26,0.15,21.79,17.84,26.81,nasa,0.72
2018-03-27,0.0,20.82,16.02,26.58,nasa,0.72
2018-03-28,0.0,21.21,16.06,26.99,nasa,0.71
2018-03-29,0.16,20.71,16.8,26.08,nasa,0.71
2018-03-30,0.01,21.43,16.63,27.27,nasa,0.7
2018-03-31,0.42,21.77,16.38,27.47,nasa,0.7
2018-04-01,22.48,21.92,17.54,26.92,nasa,0.71
2018-04-02,6.59,22.11,19.13,26.56,nasa,0.74
2018-04-03,21.69,22.43,17.86,27.84,nasa,0.74
2018-04-04,6.15,22.1,19.01,26.46,nasa,0.77
2018-04-05,7.25,22.48,18.48,26.94,nasa,0.76
2018-04-06,15.19,21.77,18.39,26.38,nasa,0.77
2018-04-07,5.46,21.34,16.97,26.52,nasa,0.79
2018-04-08,1.08,21.59,17.07,26.94,nasa,0.77
2018-04-09,0.07,20.89,17.03,26.16,nasa,0.76
2018-04-10,0.01,20.62,16.73,25.98,nasa,0.75
2018-04-11,0.04,19.88,15.68,25.53,nasa,0.74
2018-04-12,0.94,19.58,16.51,24.39,nasa,0.74
2018-04-13,0.1,19.93,15.95,24.82,nasa,0.73
2018-04-14,0.08,21.27,17.03,26.24,nasa,0.73
2018-04-15,10.42,20.31,17.61,25.02,nasa,0.73
2018-04-16,1.11,19.28,16.74,23.82,nasa,0.74
2018-04-17,0.57,18.17,15.34,21.99,nasa,0.74
2018-04-18,0.0,18.73,14.24,24.43,nasa,0.73
2018-04-19,0.0,19.97,14.95,25.06,nasa,0.73
2018-04-20,0.0,20.21,15.38,26.06,nasa,0.72
2018-04-21,0.0,19.38,14.33,25.0,nasa,0.72
2018-04-22,0.0,19.25,16.14,23.95,nasa,0.71
2018-04-23,1.11,19.96,15.15,25.78,nasa,0.71
2018-04-24,0.4,19.99,15.39,25.75,nasa,0.71
2018-04-25,0.01,20.34,15.64,25.96,nasa,0.7
2018-04-26,0.0,20.35,15.74,26.24,nasa,0.7
2018-04-27,0.05,20.59,14.83,26.88,nasa,0.69
2018-04-28,0.15,20.63,15.87,26.72,nasa,0.69
2018-04-29,0.02,20.06,14.64,26.34,nasa,0.68
2018-04-30,0.0,20.07,13.63,26.37,nasa,0.68
2018-05-01,0.0,19.97,14.43,26.54,nasa,0.67
2018-05-02,0.0,19.27,13.08,26.84,nasa,0.67
2018-05-03,0.0,20.15,12.76,27.23,nasa,0.67
2018-05-04,0.0,21.06,14.52,28.27,nasa,0.66
2018-05-05,0.05,20.73,14.52,28.17,nasa,0.66
2018-05-06,0.15,21.0,15.2,27.88,nasa,0.66
2018-05-07,2.16,20.08,15.44,25.95,nasa,0.66
2018-05-08,0.04,19.12,14.9,25.46,nasa,0.66
2018-05-09,0.0,19.08,14.96,25.21,nasa,0.66
2018-05-10,0.0,19.2,14.58,25.67,nasa,0.65
2018-05-11,0.0,20.03,13.89,26.42,nasa,0.65
2018-05-12,0.0,20.52,15.13,27.09,nasa,0.65
2018-05-13,0.31,21.11,16.44,26.92,nasa,0.65
2018-05-14,0.03,20.99,17.68,26.43,nasa,0.65
2018-05-15,0.0,20.39,15.09,26.45,nasa,0.65
2018-05-16,1.29,20.59,14.08,27.06,nasa,0.64
2018-05-17,0.07,20.79,15.58,26.71,nasa,0.64
2018-05-18,2.07,20.11,16.81,25.11,nasa,0.64
2018-05-19,14.55,19.67,16.65,24.94,nasa,0.65
2018-05-20,0.3,13.56,7.4,19.77,nasa,0.67
2018-05-21,0.01,13.67,4.19,23.27,nasa,0.67
2018-05-22,0.66,15.89,6.96,25.33,nasa,0.67
2018-05-23,0.0,17.42,9.21,26.17,nasa,0.66
2018-05-24,0.0,17.94,10.17,25.84,nasa,0.66
2018-05-25,0.0,18.58,13.82,24.99,nasa,0.66
2018-05-26,0.0,18.18,13.36,24.77,nasa,0.65
2018-05-27,0.0,17.61,13.27,24.78,nasa,0.65
2018-05-28,0.0,16.8,11.74,23.9,nasa,0.65
2018-05-29,0.0,16.89,11.91,22.98,nasa,0.65
2018-05-30,0.0,16.61,11.69,22.8,nasa,0.64
2018-05-31,0.0,17.66,10.25,24.39,nasa,0.64
2018-06-01,0.0,19.2,12.63,25.71,nasa,0.64
2018-06-02,0.0,19.95,13.12,26.7,nasa,0.64
2018-06-03,0.0,20.31,14.06,27.12,nasa,0.64
2018-06-04,0.0,19.57,14.92,26.03,nasa,0.63
2018-06-05,0.97,19.56,14.13,26.29,nasa,0.63
2018-06-06,0.01,20.06,14.03,27.21,nasa,0.63
2018-06-07,0.03,20.7,15.34,26.76,nasa,0.63
2018-06-08,0.04,19.58,14.42,26.67,nasa,0.63
2018-06-09,0.0,20.77,14.33,28.04,nasa,0.63
2018-06-10,0.0,20.76,15.91,27.45,nasa,0.63
2018-06-11,0.03,19.95,15.87,25.88,nasa,0.63
2018-06-12,0.01,21.28,15.54,28.01,nasa,0.63
2018-06-13,0.0,22.29,17.5,28.48,nasa,0.62
2018-06-14,0.57,21.3,14.67,28.44,nasa,0.62
2018-06-15,0.64,20.98,14.28,27.76,nasa,0.62
2018-06-16,0.06,20.95,15.53,27.7,nasa,0.62
2018-06-17,0.0,19.68,14.91,26.47,nasa,0.62
2018-06-18,0.0,18.9,13.45,25.47,nasa,0.62
2018-06-19,0.0,17.85,12.7,24.89,nasa,0.62
2018-06-20,0.0,18.05,13.3,24.74,nasa,0.62
2018-06-21,0.0,18.78,11.74,25.66,nasa,0.62
2018-06-22,0.0,19.48,13.45,25.54,nasa,0.62
2018-06-23,0.01,18.65,12.64,26.1,nasa,0.62
2018-06-24,0.02,19.6,13.09,26.87,nasa,0.62
2018-06-25,0.0,19.31,12.34,27.12,nasa,0.61
2018-06-26,0.0,20.14,14.1,27.18,nasa,0.61
2018-06-27,0.0,19.94,12.81,27.38,nasa,0.61
2018-06-28,0.0,18.6,12.26,26.86,nasa,0.61
2018-06-29,0.0,18.19,11.88,25.68,nasa,0.61
2018-06-30,0.0,19.2,11.67,26.88,nasa,0.61
2018-07-01,0.0,21.12,14.61,27.71,nasa,0.61
2018-07-02,0.0,20.55,13.33,27.91,nasa,0.61
2018-07-03,0.0,20.7,13.46,28.75,nasa,0.61
2018-07-04,0.0,19.49,12.88,28.11,nasa,0.6
2018-07-05,0.0,18.87,12.53,27.0,nasa,0.6
2018-07-06,0.0,18.6,11.33,27.13,nasa,0.6
2018-07-07,0.0,18.44,10.98,27.17,nasa,0.6
2018-07-08,0.0,20.21,14.41,28.84,nasa,0.6
2018-07-09,0.0,20.58,13.8,29.02,nasa,0.6
2018-07-10,0.28,18.78,12.67,27.46,nasa,0.6
2018-07-11,0.44,17.3,11.95,25.22,nasa,0.6
2018-07-12,0.0,18.0,10.87,26.49,nasa,0.6
2018-07-13,0.0,18.87,12.16,27.95,nasa,0.6
2018-07-14,0.0,19.93,12.81,27.9,nasa,0.6
2018-07-15,0.0,18.57,13.03,26.88,nasa,0.6
2018-07-16,0.0,18.93,12.21,27.57,nasa,0.6
2018-07-17,0.0,18.59,12.35,27.19,nasa,0.6
2018-07-18,0.0,18.8,13.27,26.93,nasa,0.6
2018-07-19,0.0,18.79,11.34,27.8,nasa,0.6
2018-07-20,0.0,19.67,11.76,28.46,nasa,0.6
2018-07-21,0.0,20.95,13.55,29.24,nasa,0.59
2018-07-22,0.0,19.44,12.93,27.69,nasa,0.59
2018-07-23,0.0,18.67,12.96,26.75,nasa,0.59
2018-07-24,0.0,18.43,11.8,26.68,nasa,0.59
2018-07-25,0.0,18.36,12.45,25.76,nasa,0.59
2018-07-26,0.0,17.92,11.3,26.24,nasa,0.59
2018-07-27,0.0,18.44,11.48,26.93,nasa,0.59
2018-07-28,0.0,19.62,11.96,28.26,nasa,0.59
2018-07-29,0.0,19.84,12.32,28.71,nasa,0.59
2018-07-30,0.0,20.22,12.78,29.19,nasa,0.59
2018-07-31,0.09,21.55,14.64,30.48,nasa,0.59
2018-08-01,0.97,21.24,13.97,28.95,nasa,0.59
2018-08-02,0.88,21.27,15.69,29.17,nasa,0.59
2018-08-03,2.51,21.1,15.08,28.59,nasa,0.59
2018-08-04,4.53,21.37,15.93,28.85,nasa,0.6
2018-08-05,0.44,21.12,14.59,29.26,nasa,0.6
2018-08-06,0.37,22.13,16.97,29.14,nasa,0.6
2018-08-07,0.02,22.07,15.83,29.24,nasa,0.6
2018-08-08,5.3,21.65,16.12,28.48,nasa,0.6
2018-08-09,0.13,21.88,14.89,29.32,nasa,0.61
2018-08-10,0.01,19.86,13.16,29.09,nasa,0.6
2018-08-11,0.0,16.64,7.99,28.58,nasa,0.6
2018-08-12,0.0,17.31,7.57,29.23,nasa,0.6
2018-08-13,0.0,18.74,9.26,29.46,nasa,0.6
2018-08-14,0.0,19.79,11.0,30.29,nasa,0.59
2018-08-15,0.0,21.77,11.62,31.56,nasa,0.59
2018-08-16,0.08,20.38,15.13,26.56,nasa,0.59
2018-08-17,0.8,19.28,15.3,24.99,nasa,0.59
2018-08-18,0.82,18.88,12.79,25.73,nasa,0.59
2018-08-19,0.05,19.95,13.12,27.54,nasa,0.59
2018-08-20,0.0,20.59,13.91,28.98,nasa,0.59
2018-08-21,0.0,20.48,12.85,28.57,nasa,0.59
2018-08-22,0.0,21.69,14.5,29.68,nasa,0.59
2018-08-23,0.0,22.29,15.34,29.78,nasa,0.59
2018-08-24,0.03,23.33,16.36,31.35,nasa,0.59
2018-08-25,0.19,22.51,16.92,29.27,nasa,0.59
2018-08-26,0.2,22.1,17.76,28.19,nasa,0.59
2018-08-27,0.0,21.15,17.18,26.14,nasa,0.59
2018-08-28,0.0,19.34,15.87,23.4,nasa,0.59
2018-08-29,0.0,21.11,14.62,28.89,nasa,0.59
2018-08-30,0.0,21.15,14.35,28.99,nasa,0.59
2018-08-31,0.0,21.41,13.88,30.08,nasa,0.59
2018-09-01,0.0,23.04,14.94,32.0,nasa,0.58
2018-09-02,0.0,23.36,15.66,32.08,nasa,0.58
2018-09-03,0.39,23.37,16.18,32.03,nasa,0.58
2018-09-04,0.06,18.64,12.07,27.29,nasa,0.58
2018-09-05,0.0,18.47,10.41,28.08,nasa,0.58
2018-09-06,0.0,19.99,10.96,30.21,nasa,0.58
2018-09-07,0.0,22.05,14.39,31.61,nasa,0.58
2018-09-08,0.0,21.89,13.72,32.06,nasa,0.58
2018-09-09,0.0,21.68,12.96,32.09,nasa,0.58
2018-09-10,0.0,22.15,12.86,31.89,nasa,0.58
2018-09-11,0.0,24.4,15.79,33.28,nasa,0.58
2018-09-12,0.0,24.2,15.95,32.91,nasa,0.58
2018-09-13,0.0,24.47,16.75,32.49,nasa,0.58
2018-09-14,8.69,23.18,18.93,30.17,nasa,0.59
2018-09-15,1.94,22.37,17.71,28.93,nasa,0.6
2018-09-16,9.08,22.2,17.69,28.32,nasa,0.6
2018-09-17,1.25,21.95,18.58,27.66,nasa,0.62
2018-09-18,1.77,22.65,17.58,28.9,nasa,0.62
2018-09-19,6.01,22.89,18.25,29.56,nasa,0.62
2018-09-20,9.15,21.91,18.24,27.35,nasa,0.64
2018-09-21,0.44,22.68,17.48,29.35,nasa,0.64
2018-09-22,0.0,24.67,16.81,32.87,nasa,0.63
2018-09-23,0.0,25.42,18.06,32.74,nasa,0.62
2018-09-24,0.06,26.95,19.09,33.82,nasa,0.62
2018-09-25,0.01,26.63,19.79,33.7,nasa,0.61
2018-09-26,0.16,25.77,17.9,33.02,nasa,0.61
2018-09-27,0.0,25.8,18.36,33.44,nasa,0.6
2018-09-28,0.0,26.08,20.55,33.21,nasa,0.6
2018-09-29,0.37,25.64,20.06,33.06,nasa,0.6
2018-09-30,0.31,26.54,19.69,34.89,nasa,0.59
2018-10-01,5.71,22.97,19.85,27.6,nasa,0.6
2018-10-02,3.09,24.48,17.55,31.83,nasa,0.6
2018-10-03,0.46,26.36,19.62,32.67,nasa,0.6
2018-10-04,0.37,26.4,20.96,33.17,nasa,0.6
2018-10-05,15.33,24.02,21.09,28.08,nasa,0.61
2018-10-06,37.53,22.39,19.36,25.91,nasa,0.65
2018-10-07,6.4,21.89,18.84,26.36,nasa,0.7
2018-10-08,0.23,23.85,18.2,30.03,nasa,0.69
2018-10-09,3.25,24.38,18.94,29.74,nasa,0.68
2018-10-10,3.01,23.4,20.12,28.27,nasa,0.67
2018-10-11,5.64,23.69,19.24,28.76,nasa,0.67
2018-10-12,0.33,24.65,19.65,31.03,nasa,0.67
2018-10-13,0.35,25.44,19.14,32.79,nasa,0.66
2018-10-14,0.66,24.62,20.24,31.03,nasa,0.65
2018-10-15,5.57,25.14,20.27,31.68,nasa,0.65
2018-10-16,3.52,23.32,20.23,26.53,nasa,0.66
2018-10-17,8.43,22.84,20.15,26.83,nasa,0.66
2018-10-18,20.84,24.05,19.97,27.69,nasa,0.68
2018-10-19,14.65,22.53,19.69,25.81,nasa,0.72
2018-10-20,0.32,22.74,17.97,28.77,nasa,0.71
2018-10-21,0.57,20.95,15.31,26.78,nasa,0.7
2018-10-22,0.59,22.02,16.84,28.73,nasa,0.68
2018-10-23,1.55,22.95,16.85,28.68,nasa,0.67
2018-10-24,23.92,22.22,19.77,26.59,nasa,0.69
2018-10-25,5.87,22.7,19.21,27.32,nasa,0.71
2018-10-26,0.94,23.1,18.54,28.78,nasa,0.71
2018-10-27,1.67,22.71,18.42,27.91,nasa,0.69
2018-10-28,0.1,23.13,19.17,28.29,nasa,0.69
2018-10-29,0.11,23.83,18.04,28.94,nasa,0.68
2018-10-30,0.02,23.48,20.06,27.9,nasa,0.67
2018-10-31,10.5,24.25,20.13,29.15,nasa,0.67
2018-11-01,9.72,24.06,20.79,28.68,nasa,0.69
2018-11-02,0.58,23.65,18.16,29.71,nasa,0.69
2018-11-03,12.92,23.24,18.49,28.74,nasa,0.69
2018-11-04,18.3,20.95,19.0,23.87,nasa,0.72
2018-11-05,21.68,21.5,18.4,25.52,nasa,0.76
2018-11-06,2.18,20.49,17.39,24.11,nasa,0.75
2018-11-07,13.41,21.81,17.83,26.82,nasa,0.74
2018-11-08,28.64,20.3,16.92,23.32,nasa,0.76
2018-11-09,27.19,18.21,15.74,21.37,nasa,0.81
2018-11-10,4.64,20.67,16.35,26.77,nasa,0.81
2018-11-11,3.48,22.58,18.09,27.77,nasa,0.79
2018-11-12,1.45,22.68,18.01,28.35,nasa,0.77
2018-11-13,0.06,23.79,19.57,29.26,nasa,0.75
2018-11-14,6.48,22.85,19.5,26.57,nasa,0.74
2018-11-15,4.54,22.71,20.52,25.87,nasa,0.75
2018-11-16,1.45,22.94,19.66,26.84,nasa,0.74
2018-11-17,0.77,22.12,19.32,26.51,nasa,0.74
2018-11-18,8.02,21.97,18.02,26.35,nasa,0.73
2018-11-19,25.61,21.49,19.32,24.15,nasa,0.76
2018-11-20,18.33,22.03,19.63,26.09,nasa,0.79
2018-11-21,21.07,20.33,17.85,24.1,nasa,0.81
2018-11-22,3.18,21.56,17.06,26.7,nasa,0.81
2018-11-23,15.95,20.84,18.69,24.66,nasa,0.81
2018-11-24,35.47,19.58,17.66,22.5,nasa,0.84
2018-11-25,19.7,20.79,17.26,25.17,nasa,0.86
2018-11-26,9.21,21.41,17.75,26.7,nasa,0.86
2018-11-27,0.01,20.79,16.13,26.59,nasa,0.83
2018-11-28,0.01,20.94,15.77,27.24,nasa,0.81
2018-11-29,0.0,21.55,15.27,27.57,nasa,0.79
2018-11-30,4.43,22.66,17.95,27.81,nasa,0.79
2018-12-01,32.44,21.15,19.25,24.74,nasa,0.81
2018-12-02,19.72,21.45,18.69,24.79,nasa,0.85
2018-12-03,12.45,22.34,19.62,26.38,nasa,0.85
2018-12-04,0.37,23.25,17.47,28.6,nasa,0.84
2018-12-05,2.62,23.84,18.69,28.33,nasa,0.82
2018-12-06,4.93,24.34,19.48,28.88,nasa,0.81
2018-12-07,21.22,23.88,20.74,28.03,nasa,0.82
2018-12-08,0.75,21.73,17.45,26.58,nasa,0.83
2018-12-09,0.02,19.99,14.48,25.79,nasa,0.82
2018-12-10,0.02,21.08,16.11,26.74,nasa,0.8
2018-12-11,0.45,21.69,15.82,27.5,nasa,0.79
2018-12-12,4.7,22.3,16.81,27.58,nasa,0.79
2018-12-13,4.49,21.99,18.15,26.34,nasa,0.79
2018-12-14,0.33,22.96,17.12,28.2,nasa,0.79
2018-12-15,0.97,23.51,18.26,28.64,nasa,0.78
2018-12-16,4.56,23.35,17.36,29.02,nasa,0.77
2018-12-17,0.38,23.46,17.99,28.94,nasa,0.77
2018-12-18,0.18,24.29,18.33,29.72,nasa,0.76
2018-12-19,0.18,24.85,19.89,29.2,nasa,0.75
2018-12-20,2.78,24.98,19.52,29.38,nasa,0.75
2018-12-21,0.39,25.96,21.63,30.62,nasa,0.74
2018-12-22,8.35,24.67,20.74,28.82,nasa,0.74
2018-12-23,1.47,23.53,18.24,28.79,nasa,0.75
2018-12-24,9.21,23.46,19.09,27.18,nasa,0.75
2018-12-25,5.83,22.26,19.14,25.33,nasa,0.77
2018-12-26,2.89,21.96,18.81,25.69,nasa,0.77
2018-12-27,19.42,20.85,17.62,24.08,nasa,0.78
2018-12-28,14.93,22.28,18.63,26.82,nasa,0.81
2018-12-29,13.2,22.46,18.58,27.18,nasa,0.81
2018-12-30,11.98,22.8,19.05,27.03,nasa,0.82
2018-12-31,11.73,22.62,19.58,26.61,nasa,0.82
2019-01-01,12.2,21.95,19.44,25.75,nasa,0.83
2019-01-02,0.92,23.09,17.98,28.28,nasa,0.82
2019-01-03,3.81,23.02,18.97,26.87,nasa,0.81
2019-01-04,3.07,21.51,17.73,24.73,nasa,0.81
2019-01-05,6.67,20.94,16.89,25.74,nasa,0.81
2019-01-06,0.7,22.59,17.56,27.93,nasa,0.8
2019-01-07,0.07,23.19,18.64,28.53,nasa,0.79
2019-01-08,1.03,23.54,18.57,29.09,nasa,0.78
2019-01-09,3.87,22.47,17.42,28.0,nasa,0.78
2019-01-10,0.41,21.07,15.55,26.34,nasa,0.77
2019-01-11,2.76,22.42,18.0,26.95,nasa,0.77
2019-01-12,0.66,21.72,18.88,24.97,nasa,0.77
2019-01-13,1.4,22.86,18.01,27.88,nasa,0.77
2019-01-14,1.05,22.93,17.72,28.02,nasa,0.76
2019-01-15,0.0,23.78,17.39,29.43,nasa,0.76
2019-01-16,4.07,24.84,19.84,29.13,nasa,0.75
2019-01-17,11.96,23.74,19.48,28.86,nasa,0.77
2019-01-18,2.29,23.45,17.75,28.04,nasa,0.77
2019-01-19,3.59,23.89,17.99,29.11,nasa,0.76
2019-01-20,4.1,24.73,18.72,29.34,nasa,0.76
2019-01-21,1.23,24.46,18.6,29.47,nasa,0.75
2019-01-22,3.01,24.32,19.63,29.37,nasa,0.75
2019-01-23,0.5,24.23,19.79,28.97,nasa,0.74
2019-01-24,0.0,24.55,18.35,29.87,nasa,0.73
2019-01-25,12.86,23.92,17.59,29.75,nasa,0.73
2019-01-26,9.57,21.78,18.57,26.27,nasa,0.75
2019-01-27,1.19,21.39,17.93,26.15,nasa,0.75
2019-01-28,0.03,22.75,16.64,28.83,nasa,0.74
2019-01-29,0.0,23.58,18.03,29.66,nasa,0.73
2019-01-30,6.91,23.82,18.08,29.39,nasa,0.73
2019-01-31,4.69,24.33,17.28,29.95,nasa,0.73
2019-02-01,0.78,24.74,17.46,30.44,nasa,0.72
2019-02-02,0.01,25.46,19.01,31.1,nasa,0.71
2019-02-03,5.94,25.38,19.63,30.73,nasa,0.71
2019-02-04,0.76,23.38,19.98,27.18,nasa,0.71
2019-02-05,6.65,23.01,19.29,26.68,nasa,0.71
2019-02-06,33.82,22.31,19.4,26.32,nasa,0.75
2019-02-07,24.51,22.71,18.96,27.66,nasa,0.8
2019-02-08,0.17,23.48,18.63,28.5,nasa,0.79
2019-02-09,0.58,23.46,17.97,28.9,nasa,0.77
2019-02-10,4.38,23.28,18.03,28.58,nasa,0.76
2019-02-11,11.64,22.93,18.54,27.73,nasa,0.77
2019-02-12,3.59,22.63,19.7,26.47,nasa,0.77
2019-02-13,2.45,22.92,19.07,27.37,nasa,0.77
2019-02-14,12.67,22.66,18.89,27.67,nasa,0.77
2019-02-15,9.57,21.93,19.38,25.09,nasa,0.79
2019-02-16,69.61,21.1,19.78,23.45,nasa,0.82
2019-02-17,9.92,21.71,19.5,25.8,nasa,0.85
2019-02-18,4.03,21.42,18.62,25.43,nasa,0.83
2019-02-19,0.7,22.43,17.42,27.69,nasa,0.82
2019-02-20,10.65,23.04,18.9,26.59,nasa,0.81
2019-02-21,23.36,22.28,19.24,26.03,nasa,0.84
2019-02-22,1.16,23.7,18.46,28.68,nasa,0.83
2019-02-23,0.05,24.03,18.54,28.94,nasa,0.82
2019-02-24,1.47,24.77,20.2,29.44,nasa,0.8
2019-02-25,3.81,24.11,21.23,27.76,nasa,0.8
2019-02-26,16.34,22.64,20.04,25.68,nasa,0.81
2019-02-27,14.2,22.39,19.01,26.15,nasa,0.84
2019-02-28,18.4,21.86,19.3,25.28,nasa,0.86
2019-03-01,19.72,21.24,18.14,25.49,nasa,0.86
2019-03-02,5.26,20.88,18.24,25.49,nasa,0.87
2019-03-03,18.31,21.18,17.62,25.69,nasa,0.86
2019-03-04,22.98,20.58,18.37,24.14,nasa,0.88
2019-03-05,5.88,20.58,17.43,24.84,nasa,0.88
2019-03-06,4.43,21.21,17.21,25.53,nasa,0.86
2019-03-07,20.47,22.11,17.2,26.32,nasa,0.87
2019-03-08,2.15,23.32,17.73,28.0,nasa,0.87
2019-03-09,2.47,23.59,17.85,28.91,nasa,0.86
2019-03-10,6.0,23.48,19.84,27.12,nasa,0.86
2019-03-11,3.74,21.4,18.62,24.01,nasa,0.86
2019-03-12,18.13,22.1,18.3,26.64,nasa,0.87
2019-03-13,11.65,22.27,17.97,26.54,nasa,0.88
2019-03-14,2.78,22.54,18.36,27.51,nasa,0.88
2019-03-15,1.97,23.17,18.82,28.38,nasa,0.86
2019-03-16,2.98,22.17,19.56,25.08,nasa,0.86
2019-03-17,8.07,23.21,20.06,26.98,nasa,0.87
2019-03-18,1.65,23.18,19.33,27.69,nasa,0.86
2019-03-19,0.78,23.29,18.81,28.83,nasa,0.86
2019-03-20,10.24,22.88,19.91,27.02,nasa,0.85
2019-03-21,2.15,22.34,19.78,26.36,nasa,0.86
2019-03-22,6.19,19.95,17.65,22.67,nasa,0.86
2019-03-23,2.15,20.94,16.78,26.1,nasa,0.86
2019-03-24,0.12,21.94,17.74,27.24,nasa,0.86
2019-03-25,0.01,22.09,17.92,27.57,nasa,0.85
2019-03-26,0.04,22.52,18.68,26.52,nasa,0.84
2019-03-27,0.02,21.6,19.6,24.65,nasa,0.84
2019-03-28,0.22,19.98,17.13,22.64,nasa,0.84
2019-03-29,2.38,20.12,15.42,26.0,nasa,0.84
2019-03-30,1.47,20.32,15.54,25.96,nasa,0.84
2019-03-31,0.22,21.68,15.73,26.84,nasa,0.83
2019-04-01,0.84,22.36,16.79,26.93,nasa,0.83
2019-04-02,0.29,23.31,17.92,27.93,nasa,0.82
2019-04-03,0.28,23.24,18.47,28.34,nasa,0.82
2019-04-04,0.66,23.47,18.6,28.12,nasa,0.81
2019-04-05,2.86,22.61,20.01,26.37,nasa,0.81
2019-04-06,3.58,22.98,19.18,27.01,nasa,0.81
2019-04-07,2.98,21.99,19.5,25.46,nasa,0.82
2019-04-08,8.49,20.76,18.81,23.45,nasa,0.83
2019-04-09,1.61,20.69,17.56,24.58,nasa,0.83
2019-04-10,0.25,21.34,17.77,26.41,nasa,0.82
2019-04-11,4.02,21.87,17.1,26.9,nasa,0.82
2019-04-12,13.76,22.28,18.62,26.94,nasa,0.82
2019-04-13,6.62,21.87,18.01,26.73,nasa,0.84
2019-04-14,6.91,21.32,18.72,25.0,nasa,0.84
2019-04-15,9.85,22.21,18.58,26.5,nasa,0.84
2019-04-16,8.26,22.01,18.22,26.18,nasa,0.85
2019-04-17,2.77,22.28,18.49,27.29,nasa,0.85
2019-04-18,0.02,20.97,16.19,27.19,nasa,0.84
2019-04-19,0.0,19.89,14.6,26.84,nasa,0.83
2019-04-20,0.0,19.79,13.59,27.4,nasa,0.82
2019-04-21,0.0,21.56,14.16,27.74,nasa,0.81
2019-04-22,4.06,22.67,17.46,27.2,nasa,0.81
2019-04-23,2.31,21.66,16.72,27.01,nasa,0.81
2019-04-24,0.11,21.3,17.35,26.5,nasa,0.81
2019-04-25,0.0,21.07,16.63,26.23,nasa,0.8
2019-04-26,0.47,20.95,16.53,26.43,nasa,0.8
2019-04-27,0.26,21.02,15.53,26.49,nasa,0.79
2019-04-28,0.85,21.88,17.83,26.96,nasa,0.79
2019-04-29,0.7,21.39,17.78,26.64,nasa,0.79
2019-04-30,0.02,21.15,16.13,27.07,nasa,0.78
2019-05-01,0.0,21.46,16.47,26.75,nasa,0.78
2019-05-02,12.52,22.18,18.18,26.71,nasa,0.78
2019-05-03,5.06,21.81,18.33,25.77,nasa,0.8
2019-05-04,1.13,21.27,18.4,25.43,nasa,0.8
2019-05-05,0.26,20.85,17.8,25.61,nasa,0.8
2019-05-06,0.0,21.32,15.61,26.41,nasa,0.79
2019-05-07,0.81,22.55,17.34,27.13,nasa,0.79
2019-05-08,0.15,21.38,16.06,27.0,nasa,0.78
2019-05-09,0.07,21.02,17.04,26.01,nasa,0.78
2019-05-10,1.07,21.36,16.62,26.24,nasa,0.77
2019-05-11,0.78,21.59,16.83,26.32,nasa,0.77
2019-05-12,0.06,21.64,16.61,27.4,nasa,0.77
2019-05-13,0.01,21.98,16.51,27.79,nasa,0.76
2019-05-14,0.55,21.94,17.37,27.6,nasa,0.76
2019-05-15,8.91,20.89,17.01,25.95,nasa,0.76
2019-05-16,6.47,18.74,17.15,21.46,nasa,0.77
2019-05-17,4.69,17.42,15.83,19.71,nasa,0.78
2019-05-18,4.41,18.48,15.42,23.62,nasa,0.79
2019-05-19,0.03,18.41,12.79,24.5,nasa,0.79
2019-05-20,0.03,17.92,12.28,24.76,nasa,0.78
2019-05-21,0.0,18.49,12.23,25.72,nasa,0.77
2019-05-22,0.0,18.79,12.98,25.87,nasa,0.77
2019-05-23,0.0,19.72,13.62,25.87,nasa,0.76
2019-05-24,0.0,20.08,16.24,25.4,nasa,0.76
2019-05-25,0.0,18.28,13.75,24.16,nasa,0.75
2019-05-26,0.0,17.43,10.35,25.46,nasa,0.75
2019-05-27,0.04,19.41,12.32,26.35,nasa,0.74
2019-05-28,0.0,20.41,13.2,26.07,nasa,0.74
2019-05-29,0.0,22.28,18.45,27.24,nasa,0.74
2019-05-30,0.0,20.88,14.69,26.82,nasa,0.74
2019-05-31,0.0,20.72,15.87,26.78,nasa,0.73
2019-06-01,0.0,20.93,15.94,26.77,nasa,0.73
2019-06-02,0.0,20.66,16.42,26.8,nasa,0.72
2019-06-03,2.18,19.11,14.19,25.79,nasa,0.72
2019-06-04,0.21,17.27,11.92,24.35,nasa,0.72
2019-06-05,0.0,14.42,8.72,22.13,nasa,0.72
2019-06-06,0.0,14.65,9.12,22.22,nasa,0.72
2019-06-07,0.0,15.38,9.5,21.95,nasa,0.72
2019-06-08,0.0,16.53,10.54,23.31,nasa,0.72
2019-06-09,0.0,16.16,9.86,23.82,nasa,0.71
2019-06-10,0.0,16.25,10.5,23.26,nasa,0.71
2019-06-11,0.0,17.21,11.18,23.88,nasa,0.71
2019-06-12,0.0,17.87,12.04,24.38,nasa,0.71
2019-06-13,0.0,18.61,14.09,24.9,nasa,0.71
2019-06-14,0.0,18.21,12.81,24.93,nasa,0.7
2019-06-15,0.0,17.29,11.46,24.29,nasa,0.7
2019-06-16,0.0,17.05,11.39,24.01,nasa,0.7
2019-06-17,0.01,17.07,11.25,24.18,nasa,0.7
2019-06-18,0.0,18.22,10.7,24.76,nasa,0.7
2019-06-19,0.0,18.71,12.71,25.47,nasa,0.69
2019-06-20,0.0,18.3,13.03,25.45,nasa,0.69
2019-06-21,0.0,17.12,11.69,24.46,nasa,0.69
2019-06-22,0.0,16.85,11.7,23.75,nasa,0.69
2019-06-23,0.0,17.7,12.9,24.1,nasa,0.69
2019-06-24,0.0,17.89,10.99,24.62,nasa,0.68
2019-06-25,0.0,19.06,12.81,25.85,nasa,0.68
2019-06-26,0.0,19.68,13.8,26.43,nasa,0.68
2019-06-27,0.0,19.91,14.86,26.81,nasa,0.68
2019-06-28,0.0,18.96,14.26,25.4,nasa,0.67
2019-06-29,0.0,18.25,12.58,25.04,nasa,0.67
2019-06-30,0.0,18.64,11.94,25.11,nasa,0.67
2019-07-01,0.0,19.33,13.58,26.18,nasa,0.67
2019-07-02,0.0,19.58,13.76,26.33,nasa,0.67
2019-07-03,0.0,18.2,11.96,25.81,nasa,0.67
2019-07-04,1.08,18.54,11.85,25.7,nasa,0.66
2019-07-05,1.14,18.68,14.31,25.12,nasa,0.66
2019-07-06,0.07,14.86,7.9,22.03,nasa,0.66
2019-07-07,0.0,12.81,5.23,22.09,nasa,0.66
2019-07-08,0.0,13.28,6.17,22.44,nasa,0.66
2019-07-09,0.0,14.94,7.69,23.43,nasa,0.66
2019-07-10,0.0,15.67,7.84,23.27,nasa,0.66
2019-07-11,0.0,16.48,8.08,24.59,nasa,0.66
2019-07-12,0.0,17.93,9.58,26.27,nasa,0.66
2019-07-13,0.0,19.98,12.76,27.37,nasa,0.65
2019-07-14,0.0,20.16,13.81,27.25,nasa,0.65
2019-07-15,0.0,19.94,14.44,27.28,nasa,0.65
2019-07-16,0.0,19.13,13.37,26.96,nasa,0.65
2019-07-17,0.0,18.17,12.19,25.8,nasa,0.65
2019-07-18,0.0,16.45,10.17,24.4,nasa,0.64
2019-07-19,0.0,15.4,9.55,22.95,nasa,0.64
2019-07-20,0.0,15.11,9.26,22.99,nasa,0.64
2019-07-21,0.0,15.99,10.79,23.04,nasa,0.64
2019-07-22,0.0,17.04,11.2,24.59,nasa,0.64
2019-07-23,0.0,17.48,11.28,25.12,nasa,0.64
2019-07-24,0.0,18.64,11.94,25.99,nasa,0.64
2019-07-25,0.0,18.02,11.52,25.69,nasa,0.64
2019-07-26,0.0,18.31,13.66,25.13,nasa,0.64
2019-07-27,0.0,17.08,10.71,25.23,nasa,0.64
2019-07-28,0.0,17.57,10.49,25.81,nasa,0.63
2019-07-29,0.0,17.78,10.91,25.1,nasa,0.63
2019-07-30,0.12,19.9,13.0,26.82,nasa,0.63
2019-07-31,0.01,20.73,13.74,28.18,nasa,0.63
2019-08-01,0.0,20.07,12.39,28.7,nasa,0.63
2019-08-02,0.0,21.14,13.97,29.58,nasa,0.63
2019-08-03,0.06,19.87,15.0,26.08,nasa,0.62
2019-08-04,1.15,18.93,12.62,26.36,nasa,0.62
2019-08-05,4.3,16.83,12.65,22.72,nasa,0.63
2019-08-06,0.0,18.47,13.96,24.62,nasa,0.63
2019-08-07,0.0,19.63,14.72,26.72,nasa,0.63
2019-08-08,0.0,20.2,14.82,27.06,nasa,0.63
2019-08-09,0.0,20.89,14.54,27.54,nasa,0.63
2019-08-10,0.0,21.96,14.74,28.15,nasa,0.63
2019-08-11,0.0,22.38,15.24,29.34,nasa,0.62
2019-08-12,0.0,21.96,15.55,29.53,nasa,0.62
2019-08-13,0.0,21.81,13.21,30.46,nasa,0.62
2019-08-14,0.0,21.02,14.91,28.41,nasa,0.62
2019-08-15,0.0,18.46,12.38,25.82,nasa,0.62
2019-08-16,0.1,17.95,11.57,25.88,nasa,0.61
2019-08-17,0.0,18.37,11.46,26.71,nasa,0.61
2019-08-18,0.0,20.21,12.22,28.25,nasa,0.61
2019-08-19,0.03,23.04,17.5,29.73,nasa,0.61
2019-08-20,0.11,22.89,16.44,30.7,nasa,0.61
2019-08-21,0.02,22.17,16.09,30.63,nasa,0.61
2019-08-22,0.0,21.55,14.54,30.27,nasa,0.61
2019-08-23,0.0,20.76,13.51,30.17,nasa,0.6
2019-08-24,0.0,19.75,12.07,29.21,nasa,0.6
2019-08-25,0.0,20.08,12.56,29.45,nasa,0.6
2019-08-26,0.0,21.06,13.56,29.04,nasa,0.6
2019-08-27,0.0,20.33,16.0,26.58,nasa,0.6
2019-08-28,0.0,20.2,14.07,28.11,nasa,0.6
2019-08-29,0.0,20.54,14.1,28.65,nasa,0.6
2019-08-30,0.0,21.76,14.63,30.22,nasa,0.6
2019-08-31,0.0,23.67,15.45,31.59,nasa,0.6
2019-09-01,0.09,24.41,17.59,32.58,nasa,0.6
2019-09-02,1.05,24.39,18.4,32.44,nasa,0.6
2019-09-03,0.05,25.16,17.82,33.8,nasa,0.59
2019-09-04,0.0,25.71,16.5,34.09,nasa,0.59
2019-09-05,0.0,25.94,17.82,34.34,nasa,0.59
2019-09-06,0.0,23.01,16.88,30.97,nasa,0.59
2019-09-07,0.0,23.62,16.8,31.66,nasa,0.59
2019-09-08,0.0,24.21,17.1,32.89,nasa,0.59
2019-09-09,0.0,23.43,16.74,31.84,nasa,0.59
2019-09-10,0.0,24.65,16.55,34.0,nasa,0.59
2019-09-11,0.0,25.61,17.34,35.45,nasa,0.59
2019-09-12,0.0,26.28,17.69,35.57,nasa,0.59
2019-09-13,0.0,27.52,19.78,36.69,nasa,0.59
2019-09-14,0.0,25.75,18.98,34.05,nasa,0.59
2019-09-15,0.0,24.96,17.61,33.82,nasa,0.59
2019-09-16,0.0,24.98,17.18,34.12,nasa,0.59
2019-09-17,0.0,25.16,17.29,34.05,nasa,0.59
2019-09-18,0.0,26.97,18.54,35.87,nasa,0.58
2019-09-19,0.0,27.17,19.81,36.46,nasa,0.58
2019-09-20,0.0,27.49,17.86,36.76,nasa,0.58
2019-09-21,0.0,28.82,20.67,36.6,nasa,0.58
2019-09-22,0.2,27.26,22.61,33.99,nasa,0.58
2019-09-23,0.14,24.79,18.85,31.73,nasa,0.58
2019-09-24,2.37,23.73,15.63,32.12,nasa,0.58
2019-09-25,11.19,23.69,18.26,29.78,nasa,0.59
2019-09-26,25.09,20.48,18.23,24.51,nasa,0.64
2019-09-27,0.1,22.27,17.03,29.38,nasa,0.65
2019-09-28,0.1,22.81,15.77,29.96,nasa,0.64
2019-09-29,0.0,23.22,16.77,31.99,nasa,0.64
2019-09-30,0.0,23.26,13.72,32.15,nasa,0.63
2019-10-01,0.0,24.09,17.18,31.7,nasa,0.62
2019-10-02,0.0,24.72,17.26,33.03,nasa,0.62
2019-10-03,0.06,24.73,16.49,33.99,nasa,0.61
2019-10-04,0.0,24.89,16.85,33.03,nasa,0.61
2019-10-05,0.0,25.3,18.1,32.63,nasa,0.61
2019-10-06,1.09,25.98,19.3,32.91,nasa,0.6
2019-10-07,5.36,25.83,20.15,32.95,nasa,0.61
2019-10-08,5.15,24.62,20.16,31.26,nasa,0.61
2019-10-09,7.48,23.29,19.88,28.85,nasa,0.62
2019-10-10,16.43,21.19,18.57,25.87,nasa,0.64
2019-10-11,1.5,22.92,17.89,28.84,nasa,0.66
2019-10-12,0.0,24.32,17.63,31.87,nasa,0.65
2019-10-13,0.0,25.22,17.99,32.83,nasa,0.64
2019-10-14,0.0,24.91,17.54,32.78,nasa,0.63
2019-10-15,0.12,25.33,18.17,33.5,nasa,0.62
2019-10-16,0.15,24.8,16.98,33.2,nasa,0.62
2019-10-17,0.0,25.89,18.98,33.76,nasa,0.61
2019-10-18,0.0,26.31,17.63,34.55,nasa,0.61
2019-10-19,0.05,27.52,20.6,35.52,nasa,0.6
2019-10-20,3.48,26.26,20.98,32.82,nasa,0.6
2019-10-21,9.04,22.92,19.5,27.5,nasa,0.62
2019-10-22,1.54,23.54,17.87,30.25,nasa,0.62
2019-10-23,0.05,24.85,18.34,31.83,nasa,0.62
2019-10-24,1.86,23.86,20.02,29.26,nasa,0.62
2019-10-25,0.49,25.84,18.1,33.2,nasa,0.61
2019-10-26,2.43,24.56,19.91,30.93,nasa,0.61
2019-10-27,4.18,24.51,19.95,30.69,nasa,0.62
2019-10-28,3.83,24.63,18.58,30.57,nasa,0.62
2019-10-29,3.64,23.64,19.05,28.1,nasa,0.62
2019-10-30,1.69,24.51,18.2,30.99,nasa,0.62
2019-10-31,1.34,24.1,18.79,30.85,nasa,0.62
2019-11-01,10.4,24.75,20.16,31.57,nasa,0.63
2019-11-02,4.49,23.13,20.14,28.61,nasa,0.64
2019-11-03,0.13,24.64,19.34,31.24,nasa,0.64
2019-11-04,1.7,26.47,20.47,32.96,nasa,0.63
2019-11-05,5.07,24.73,20.03,30.04,nasa,0.63
2019-11-06,0.61,25.64,19.23,31.46,nasa,0.63
2019-11-07,1.29,26.57,20.82,32.72,nasa,0.63
2019-11-08,2.82,25.09,20.43,31.05,nasa,0.63
2019-11-09,1.78,26.53,20.31,34.06,nasa,0.63
2019-11-10,2.43,26.29,20.74,33.64,nasa,0.62
2019-11-11,0.51,26.24,19.79,33.58,nasa,0.62
2019-11-12,1.08,26.18,19.55,33.97,nasa,0.61
2019-11-13,4.11,24.7,19.42,30.89,nasa,0.61
2019-11-14,4.9,23.34,20.38,29.01,nasa,0.62
2019-11-15,12.57,22.8,19.07,28.01,nasa,0.63
2019-11-16,1.76,24.36,19.29,30.45,nasa,0.65
2019-11-17,1.72,25.42,19.16,31.9,nasa,0.64
2019-11-18,3.16,23.61,19.64,29.03,nasa,0.64
2019-11-19,3.33,22.87,19.81,27.41,nasa,0.64
2019-11-20,8.84,22.91,18.85,27.96,nasa,0.65
2019-11-21,2.01,21.07,18.66,24.28,nasa,0.65
2019-11-22,4.4,22.04,17.76,27.03,nasa,0.65
2019-11-23,13.01,22.3,17.98,26.91,nasa,0.66
2019-11-24,5.79,22.66,17.22,28.71,nasa,0.67
2019-11-25,1.14,23.43,17.1,29.83,nasa,0.67
2019-11-26,0.43,24.12,18.23,30.21,nasa,0.66
2019-11-27,4.35,24.55,19.24,30.6,nasa,0.65
2019-11-28,23.73,23.83,19.94,28.3,nasa,0.67
2019-11-29,10.29,23.49,19.73,28.61,nasa,0.7
2019-11-30,10.72,22.57,19.78,25.98,nasa,0.71
2019-12-01,3.6,22.69,20.09,26.42,nasa,0.71
2019-12-02,10.18,22.61,20.07,26.18,nasa,0.71
2019-12-03,12.15,23.58,19.25,28.7,nasa,0.71
2019-12-04,20.11,22.45,19.86,25.56,nasa,0.73
2019-12-05,16.58,22.43,20.12,26.28,nasa,0.76
2019-12-06,11.61,22.57,19.26,26.77,nasa,0.76
2019-12-07,11.81,22.75,19.49,27.24,nasa,0.76
2019-12-08,3.97,21.79,17.27,26.61,nasa,0.76
2019-12-09,4.55,21.43,17.77,25.75,nasa,0.75
2019-12-10,10.36,22.22,18.95,25.62,nasa,0.75
2019-12-11,9.19,22.56,19.8,26.68,nasa,0.75
2019-12-12,10.61,21.89,19.72,24.6,nasa,0.76
2019-12-13,4.21,23.18,19.37,27.77,nasa,0.76
2019-12-14,0.34,23.08,19.08,27.84,nasa,0.75
2019-12-15,0.0,22.64,18.04,28.26,nasa,0.73
2019-12-16,0.0,23.01,17.47,29.19,nasa,0.72
2019-12-17,0.0,23.28,16.36,29.39,nasa,0.71
2019-12-18,16.86,24.0,18.62,30.07,nasa,0.7
2019-12-19,6.45,23.07,18.9,27.88,nasa,0.73
2019-12-20,9.18,22.89,19.41,27.28,nasa,0.72
2019-12-21,20.14,22.14,18.97,26.68,nasa,0.76
2019-12-22,6.61,23.77,17.95,29.17,nasa,0.75
2019-12-23,7.35,22.41,18.54,26.49,nasa,0.75
2019-12-24,2.96,21.73,17.7,25.87,nasa,0.75
2019-12-25,2.55,22.71,17.62,27.44,nasa,0.74
2019-12-26,19.47,22.81,19.9,27.34,nasa,0.75
2019-12-27,6.14,22.89,19.12,27.67,nasa,0.77
2019-12-28,0.01,22.94,17.55,28.49,nasa,0.75
2019-12-29,0.16,23.12,17.76,28.79,nasa,0.73
2019-12-30,1.02,22.86,18.47,28.62,nasa,0.72
2019-12-31,10.87,23.1,17.87,28.49,nasa,0.72
2020-01-01,8.7,23.26,17.76,28.52,nasa,0.73
2020-01-02,8.65,22.38,18.95,26.6,nasa,0.74
2020-01-03,11.04,22.75,18.07,28.13,nasa,0.74
2020-01-04,5.61,21.57,18.58,25.91,nasa,0.75
2020-01-05,2.79,22.62,18.79,28.38,nasa,0.75
2020-01-06,0.86,23.87,19.43,28.82,nasa,0.74
2020-01-07,3.26,22.72,19.88,26.57,nasa,0.73
2020-01-08,1.78,23.66,19.43,27.69,nasa,0.73
2020-01-09,5.57,23.9,20.01,27.82,nasa,0.73
2020-01-10,3.84,23.94,19.85,27.91,nasa,0.73
2020-01-11,7.37,25.08,20.45,29.93,nasa,0.73
2020-01-12,0.13,24.78,18.99,30.25,nasa,0.73
2020-01-13,0.15,25.14,19.65,30.83,nasa,0.71
2020-01-14,0.36,25.19,19.89,29.91,nasa,0.7
2020-01-15,0.9,24.74,20.87,28.72,nasa,0.7
2020-01-16,2.7,26.15,20.98,30.79,nasa,0.69
2020-01-17,13.3,22.52,20.01,25.01,nasa,0.7
2020-01-18,12.98,22.99,19.06,28.56,nasa,0.73
2020-01-19,4.47,24.12,19.62,29.23,nasa,0.72
2020-01-20,11.47,23.1,20.0,27.72,nasa,0.73
2020-01-21,11.4,23.77,19.34,28.89,nasa,0.74
2020-01-22,13.41,23.38,19.02,28.68,nasa,0.75
2020-01-23,24.27,21.71,20.01,24.2,nasa,0.77
2020-01-24,49.48,23.02,20.08,27.08,nasa,0.8
2020-01-25,12.22,21.19,17.93,24.22,nasa,0.83
2020-01-26,0.31,22.39,15.81,28.53,nasa,0.81
2020-01-27,1.65,23.64,18.59,28.94,nasa,0.79
2020-01-28,9.33,22.1,18.78,26.07,nasa,0.78
2020-01-29,9.38,21.2,19.23,23.51,nasa,0.79
2020-01-30,0.41,23.16,18.86,27.64,nasa,0.79
2020-01-31,0.71,24.03,19.9,28.39,nasa,0.77
2020-02-01,27.48,23.43,19.36,27.58,nasa,0.78
2020-02-02,8.01,25.12,21.49,29.78,nasa,0.81
2020-02-03,5.2,23.59,20.85,27.28,nasa,0.8
2020-02-04,13.21,23.22,20.03,26.43,nasa,0.81
2020-02-05,5.35,22.64,20.0,26.23,nasa,0.81
2020-02-06,28.88,20.98,19.19,23.56,nasa,0.82
2020-02-07,12.36,19.04,16.78,21.95,nasa,0.85
2020-02-08,2.07,19.86,16.53,23.65,nasa,0.84
2020-02-09,3.69,20.45,18.52,23.39,nasa,0.83
2020-02-10,5.61,21.86,18.5,26.36,nasa,0.82
2020-02-11,17.76,21.73,18.23,25.38,nasa,0.83
2020-02-12,17.35,21.92,18.65,26.02,nasa,0.85
2020-02-13,13.72,22.5,19.49,26.57,nasa,0.85
2020-02-14,5.33,23.31,18.6,28.48,nasa,0.85
2020-02-15,4.38,23.62,19.89,28.0,nasa,0.84
2020-02-16,7.22,23.71,19.25,28.44,nasa,0.83
2020-02-17,9.0,23.02,19.84,26.78,nasa,0.83
2020-02-18,11.43,22.37,20.02,26.31,nasa,0.85
2020-02-19,7.81,23.02,18.4,27.88,nasa,0.85
2020-02-20,3.82,23.38,19.15,28.22,nasa,0.84
2020-02-21,2.28,21.86,19.44,25.17,nasa,0.83
2020-02-22,8.46,21.86,18.6,26.1,nasa,0.83
2020-02-23,2.97,22.51,18.6,28.02,nasa,0.84
2020-02-24,5.93,21.94,19.96,25.32,nasa,0.84
2020-02-25,12.34,22.56,19.62,26.47,nasa,0.85
2020-02-26,23.48,21.84,19.23,25.04,nasa,0.86
2020-02-27,45.31,21.64,19.75,24.3,nasa,0.88
2020-02-28,35.59,21.61,18.97,25.3,nasa,0.91
2020-02-29,13.98,21.94,18.35,26.66,nasa,0.91
2020-03-01,16.32,22.24,18.76,26.72,nasa,0.91
2020-03-02,15.98,20.3,18.06,23.79,nasa,0.91
2020-03-03,4.25,21.73,16.93,27.56,nasa,0.9
2020-03-04,1.38,22.34,17.27,28.51,nasa,0.89
2020-03-05,1.76,22.15,16.99,27.77,nasa,0.88
2020-03-06,7.69,21.52,18.09,25.98,nasa,0.88
2020-03-07,2.38,20.97,17.73,25.71,nasa,0.88
2020-03-08,0.81,21.15,17.17,26.31,nasa,0.88
2020-03-09,1.04,21.51,16.0,27.53,nasa,0.87
2020-03-10,3.28,22.02,17.63,27.34,nasa,0.87
2020-03-11,0.77,22.26,18.03,27.38,nasa,0.86
2020-03-12,0.83,22.28,18.66,27.55,nasa,0.86
2020-03-13,2.32,22.54,18.51,27.82,nasa,0.85
2020-03-14,4.52,22.38,18.97,27.8,nasa,0.85
2020-03-15,2.52,22.08,19.15,26.08,nasa,0.86
2020-03-16,0.32,22.23,16.66,27.78,nasa,0.85
2020-03-17,2.64,23.22,18.1,28.69,nasa,0.85
2020-03-18,2.11,23.68,19.13,28.6,nasa,0.85
2020-03-19,3.38,23.46,19.93,27.65,nasa,0.84
2020-03-20,2.94,22.86,20.0,26.9,nasa,0.84
2020-03-21,9.53,22.11,19.45,25.82,nasa,0.84
2020-03-22,11.38,22.12,19.44,26.18,nasa,0.87
2020-03-23,0.69,20.92,17.49,25.82,nasa,0.86
2020-03-24,0.02,19.89,15.17,25.23,nasa,0.85
2020-03-25,0.03,20.1,15.68,25.37,nasa,0.84
2020-03-26,0.13,20.84,16.86,25.96,nasa,0.84
2020-03-27,0.17,21.18,17.95,25.74,nasa,0.83
2020-03-28,1.88,21.16,18.61,25.11,nasa,0.83
2020-03-29,0.61,21.38,17.99,25.85,nasa,0.83
2020-03-30,7.18,22.17,17.72,27.8,nasa,0.83
2020-03-31,2.57,22.37,17.18,27.4,nasa,0.83
2020-04-01,5.31,22.78,18.55,27.62,nasa,0.83
2020-04-02,3.5,22.74,18.77,28.24,nasa,0.83
2020-04-03,3.38,22.64,17.91,27.76,nasa,0.83
2020-04-04,0.33,22.44,18.11,27.9,nasa,0.82
2020-04-05,0.05,22.78,17.19,28.8,nasa,0.82
2020-04-06,0.75,23.51,17.88,28.87,nasa,0.81
2020-04-07,1.93,23.92,20.04,28.45,nasa,0.8
2020-04-08,2.85,23.07,19.58,27.48,nasa,0.8
2020-04-09,0.07,22.29,17.4,27.99,nasa,0.8
2020-04-10,0.21,20.42,14.48,27.43,nasa,0.8
2020-04-11,0.14,20.58,15.02,27.41,nasa,0.79
2020-04-12,0.12,21.0,15.32,27.59,nasa,0.79
2020-04-13,2.59,21.43,16.58,26.75,nasa,0.78
2020-04-14,7.75,20.56,18.3,23.94,nasa,0.79
2020-04-15,0.88,20.49,17.47,23.87,nasa,0.8
2020-04-16,1.79,20.1,17.75,23.33,nasa,0.8
2020-04-17,0.6,20.97,16.99,25.78,nasa,0.8
2020-04-18,2.91,20.62,17.75,24.76,nasa,0.8
2020-04-19,1.8,19.86,16.94,24.11,nasa,0.8
2020-04-20,0.08,20.34,17.12,25.02,nasa,0.79
2020-04-21,0.33,20.49,16.18,25.33,nasa,0.79
2020-04-22,0.85,20.79,16.82,25.3,nasa,0.78
2020-04-23,0.14,21.0,16.81,26.16,nasa,0.78
2020-04-24,0.0,20.65,16.67,26.12,nasa,0.78
2020-04-25,0.0,19.71,15.98,24.99,nasa,0.77
2020-04-26,0.0,18.97,13.11,25.54,nasa,0.77
2020-04-27,0.0,19.07,15.12,24.59,nasa,0.76
2020-04-28,0.0,17.84,13.19,23.49,nasa,0.76
2020-04-29,0.0,18.03,11.62,24.03,nasa,0.76
2020-04-30,0.0,19.46,12.59,24.84,nasa,0.75
2020-05-01,0.0,19.34,14.07,25.69,nasa,0.75
2020-05-02,0.0,19.17,13.52,25.42,nasa,0.74
2020-05-03,0.0,19.64,13.95,25.89,nasa,0.74
2020-05-04,0.0,19.02,12.82,25.07,nasa,0.74
2020-05-05,0.0,19.7,14.15,25.33,nasa,0.73
2020-05-06,0.81,19.92,15.58,25.96,nasa,0.73
2020-05-07,0.53,19.51,15.8,25.0,nasa,0.73
2020-05-08,0.0,17.52,13.88,22.99,nasa,0.73
2020-05-09,0.0,16.72,12.12,22.68,nasa,0.73
2020-05-10,0.0,16.12,11.84,22.79,nasa,0.72
2020-05-11,0.0,16.23,10.78,23.4,nasa,0.72
2020-05-12,0.0,17.24,10.85,24.45,nasa,0.72
2020-05-13,0.01,18.5,12.98,24.73,nasa,0.71
2020-05-14,0.72,19.16,14.53,23.5,nasa,0.71
2020-05-15,3.4,18.99,15.82,23.21,nasa,0.72
2020-05-16,0.42,19.34,15.5,25.17,nasa,0.72
2020-05-17,0.04,18.68,13.23,24.56,nasa,0.72
2020-05-18,0.0,17.86,12.19,24.24,nasa,0.71
2020-05-19,0.0,18.34,14.15,24.13,nasa,0.71
2020-05-20,0.0,17.71,14.47,22.36,nasa,0.71
2020-05-21,0.0,18.23,13.92,24.14,nasa,0.71
2020-05-22,0.12,18.9,13.83,25.14,nasa,0.71
2020-05-23,4.01,20.04,15.79,25.15,nasa,0.7
2020-05-24,8.18,17.02,13.55,21.52,nasa,0.71
2020-05-25,0.2,15.18,10.39,22.93,nasa,0.72
2020-05-26,0.04,13.15,6.71,21.09,nasa,0.72
2020-05-27,0.0,13.43,5.48,21.79,nasa,0.71
2020-05-28,0.0,14.55,6.84,23.03,nasa,0.71
2020-05-29,0.06,14.13,7.66,22.6,nasa,0.71
2020-05-30,0.0,15.02,8.56,22.57,nasa,0.7
2020-05-31,0.0,15.99,9.19,22.65,nasa,0.7
2020-06-01,0.0,17.76,12.23,23.8,nasa,0.7
2020-06-02,0.0,18.4,12.87,24.89,nasa,0.7
2020-06-03,0.0,19.54,13.67,25.87,nasa,0.69
2020-06-04,0.0,19.84,13.99,26.25,nasa,0.69
2020-06-05,0.0,19.11,14.67,25.4,nasa,0.69
2020-06-06,0.0,19.43,13.46,25.84,nasa,0.68
2020-06-07,0.0,20.6,14.06,26.46,nasa,0.68
2020-06-08,0.41,21.57,15.84,27.09,nasa,0.68
2020-06-09,1.08,20.67,16.19,26.38,nasa,0.68
2020-06-10,0.0,19.87,14.11,26.72,nasa,0.68
2020-06-11,0.0,19.96,14.18,26.63,nasa,0.67
2020-06-12,0.0,19.85,14.9,26.57,nasa,0.67
2020-06-13,0.0,20.18,13.52,26.6,nasa,0.67
2020-06-14,0.0,18.94,13.35,26.28,nasa,0.67
2020-06-15,0.0,18.1,13.44,24.16,nasa,0.66
2020-06-16,0.0,18.2,13.93,24.32,nasa,0.66
2020-06-17,0.0,17.62,13.55,23.13,nasa,0.66
2020-06-18,0.0,16.67,11.56,23.09,nasa,0.66
2020-06-19,0.0,17.69,10.64,25.12,nasa,0.66
2020-06-20,0.0,19.23,14.44,25.55,nasa,0.66
2020-06-21,0.0,17.7,12.86,25.02,nasa,0.66
2020-06-22,0.0,16.6,10.0,24.77,nasa,0.65
2020-06-23,0.0,16.78,10.57,24.5,nasa,0.65
2020-06-24,0.03,17.7,11.74,25.19,nasa,0.65
2020-06-25,0.0,18.59,12.37,25.8,nasa,0.65
2020-06-26,0.02,19.21,14.0,25.95,nasa,0.65
2020-06-27,0.0,19.03,11.89,25.98,nasa,0.65
2020-06-28,0.0,19.47,14.5,24.95,nasa,0.65
2020-06-29,0.0,17.94,14.42,23.78,nasa,0.65
2020-06-30,0.0,17.32,13.13,23.56,nasa,0.65
2020-07-01,0.0,18.06,12.62,25.09,nasa,0.64
2020-07-02,0.59,17.77,11.89,25.65,nasa,0.64
2020-07-03,0.15,17.57,10.47,26.3,nasa,0.64
2020-07-04,0.01,18.78,11.64,27.05,nasa,0.64
2020-07-05,0.06,18.97,14.74,25.05,nasa,0.64
2020-07-06,0.0,19.04,12.42,26.9,nasa,0.64
2020-07-07,0.0,18.22,12.25,25.3,nasa,0.64
2020-07-08,0.0,19.63,13.94,26.56,nasa,0.64
2020-07-09,0.07,19.43,12.38,27.7,nasa,0.63
2020-07-10,0.0,19.31,13.67,27.16,nasa,0.63
2020-07-11,0.0,18.53,13.95,25.52,nasa,0.63
2020-07-12,0.0,18.77,11.85,26.43,nasa,0.63
2020-07-13,0.0,20.19,13.28,28.49,nasa,0.63
2020-07-14,0.13,21.79,17.13,29.08,nasa,0.63
2020-07-15,0.08,21.07,16.2,27.68,nasa,0.62
2020-07-16,0.09,18.76,14.26,25.7,nasa,0.62
2020-07-17,0.23,18.24,12.37,25.62,nasa,0.62
2020-07-18,0.03,18.16,12.07,25.31,nasa,0.62
2020-07-19,0.0,16.85,11.73,24.39,nasa,0.62
2020-07-20,0.2,17.52,11.29,25.56,nasa,0.62
2020-07-21,0.2,19.15,13.66,26.62,nasa,0.62
2020-07-22,0.0,19.14,12.15,27.32,nasa,0.62
2020-07-23,0.0,18.15,11.62,26.56,nasa,0.62
2020-07-24,0.02,17.71,10.91,26.24,nasa,0.62
2020-07-25,0.0,18.77,11.55,26.56,nasa,0.62
2020-07-26,0.02,18.52,12.03,26.82,nasa,0.62
2020-07-27,0.01,18.97,13.76,26.43,nasa,0.62
2020-07-28,0.0,19.06,11.98,27.02,nasa,0.61
2020-07-29,0.0,20.85,15.44,27.6,nasa,0.61
2020-07-30,0.0,22.06,16.04,28.98,nasa,0.61
2020-07-31,0.0,19.73,15.41,26.21,nasa,0.61
2020-08-01,0.02,18.54,14.33,24.8,nasa,0.61
2020-08-02,0.0,18.01,11.75,26.02,nasa,0.61
2020-08-03,0.0,16.6,10.24,25.02,nasa,0.61
2020-08-04,0.0,16.47,9.7,25.29,nasa,0.61
2020-08-05,0.0,16.56,10.08,25.32,nasa,0.61
2020-08-06,0.0,16.48,10.03,25.3,nasa,0.61
2020-08-07,0.66,17.01,9.94,25.36,nasa,0.61
2020-08-08,0.2,17.49,11.01,25.42,nasa,0.61
2020-08-09,0.0,17.27,10.49,24.87,nasa,0.61
2020-08-10,0.0,18.15,11.31,25.55,nasa,0.61
2020-08-11,0.0,19.46,12.59,27.36,nasa,0.6
2020-08-12,0.0,19.44,13.11,26.37,nasa,0.6
2020-08-13,0.0,20.73,14.74,28.43,nasa,0.6
2020-08-14,0.03,21.19,14.6,29.54,nasa,0.6
2020-08-15,0.01,21.1,14.47,29.8,nasa,0.6
2020-08-16,0.0,22.53,14.88,31.41,nasa,0.6
2020-08-17,0.0,22.63,15.95,30.39,nasa,0.6
2020-08-18,0.0,23.27,16.82,31.29,nasa,0.6
2020-08-19,0.0,23.31,17.04,31.47,nasa,0.6
2020-08-20,0.0,24.63,17.44,32.77,nasa,0.6
2020-08-21,0.12,21.31,16.47,28.3,nasa,0.59
2020-08-22,1.36,15.99,13.01,20.32,nasa,0.6
2020-08-23,0.03,17.54,11.18,25.84,nasa,0.6
2020-08-24,0.0,18.28,11.16,27.49,nasa,0.6
2020-08-25,0.01,17.24,9.57,27.31,nasa,0.6
2020-08-26,0.0,16.91,8.34,27.7,nasa,0.59
2020-08-27,0.0,18.92,11.2,28.9,nasa,0.59
2020-08-28,0.0,20.54,13.15,29.68,nasa,0.59
2020-08-29,0.0,21.09,13.94,29.85,nasa,0.59
2020-08-30,0.18,21.94,14.24,30.94,nasa,0.59
2020-08-31,0.0,23.36,15.73,32.36,nasa,0.59
2020-09-01,0.0,23.3,16.76,30.88,nasa,0.59
2020-09-02,0.0,21.55,15.4,29.55,nasa,0.59
2020-09-03,0.0,21.25,14.27,30.13,nasa,0.59
2020-09-04,0.0,22.09,13.93,31.59,nasa,0.59
2020-09-05,0.0,22.0,13.93,31.75,nasa,0.59
2020-09-06,0.08,22.03,14.02,31.1,nasa,0.59
2020-09-07,0.0,23.75,15.4,32.91,nasa,0.59
2020-09-08,1.98,23.94,15.48,33.08,nasa,0.59
2020-09-09,2.2,23.86,16.12,33.1,nasa,0.59
2020-09-10,0.26,23.4,15.31,32.57,nasa,0.59
2020-09-11,0.01,24.33,15.99,34.15,nasa,0.59
2020-09-12,0.0,24.04,16.21,33.04,nasa,0.59
2020-09-13,0.0,22.92,15.97,31.77,nasa,0.59
2020-09-14,0.01,22.61,14.8,31.4,nasa,0.59
2020-09-15,0.01,23.63,16.24,32.35,nasa,0.59
2020-09-16,0.0,23.65,16.44,31.78,nasa,0.59
2020-09-17,0.0,25.38,17.77,33.53,nasa,0.58
2020-09-18,0.0,26.66,18.12,35.76,nasa,0.58
2020-09-19,0.01,28.92,21.94,36.66,nasa,0.58
2020-09-20,0.06,27.98,22.07,35.84,nasa,0.58
2020-09-21,1.08,26.31,20.68,33.6,nasa,0.58
2020-09-22,10.63,22.95,19.19,28.71,nasa,0.6
2020-09-23,0.08,21.3,16.34,26.31,nasa,0.6
2020-09-24,0.01,22.79,16.22,30.76,nasa,0.6
2020-09-25,0.01,23.72,16.34,32.45,nasa,0.6
2020-09-26,0.0,24.4,17.09,33.19,nasa,0.6
2020-09-27,0.0,25.71,17.23,35.31,nasa,0.59
2020-09-28,0.0,27.62,18.13,37.01,nasa,0.59
2020-09-29,0.0,29.25,22.34,37.76,nasa,0.59
2020-09-30,0.0,28.53,20.98,37.19,nasa,0.59
2020-10-01,0.0,28.15,20.97,36.55,nasa,0.58
2020-10-02,0.0,28.3,19.53,37.5,nasa,0.58
2020-10-03,0.0,29.15,20.02,38.82,nasa,0.58
2020-10-04,0.0,28.57,21.14,37.74,nasa,0.58
2020-10-05,0.0,28.79,21.44,37.18,nasa,0.58
2020-10-06,0.02,29.49,21.66,38.32,nasa,0.58
2020-10-07,0.01,30.29,22.54,39.59,nasa,0.58
2020-10-08,0.16,30.71,21.7,39.81,nasa,0.58
2020-10-09,0.07,30.19,24.65,37.31,nasa,0.58
2020-10-10,1.21,28.55,22.66,35.54,nasa,0.58
2020-10-11,0.55,28.1,21.16,36.2,nasa,0.58
2020-10-12,0.52,26.15,20.42,33.35,nasa,0.58
2020-10-13,0.82,25.12,19.88,30.63,nasa,0.59
2020-10-14,0.59,26.69,20.96,33.2,nasa,0.59
2020-10-15,0.53,25.9,21.17,32.11,nasa,0.59
2020-10-16,0.76,23.58,20.32,29.19,nasa,0.59
2020-10-17,2.95,23.17,18.02,30.16,nasa,0.59
2020-10-18,11.23,21.67,17.61,28.44,nasa,0.61
2020-10-19,3.1,20.06,17.69,24.4,nasa,0.61
2020-10-20,7.79,20.3,17.36,25.25,nasa,0.63
2020-10-21,2.75,21.58,17.61,26.75,nasa,0.63
2020-10-22,1.68,23.11,17.57,29.7,nasa,0.63
2020-10-23,4.26,20.28,17.8,23.18,nasa,0.63
2020-10-24,15.31,20.87,18.73,24.26,nasa,0.65
2020-10-25,6.52,23.2,18.62,29.85,nasa,0.66
2020-10-26,1.65,24.01,16.9,31.91,nasa,0.66
2020-10-27,1.57,23.55,18.77,29.62,nasa,0.65
2020-10-28,1.91,24.05,19.16,29.18,nasa,0.65
2020-10-29,2.29,23.79,20.16,29.05,nasa,0.65
2020-10-30,4.76,23.41,20.11,27.93,nasa,0.65
2020-10-31,3.75,23.4,18.76,29.72,nasa,0.65
2020-11-01,0.71,22.98,17.32,29.43,nasa,0.65
2020-11-02,0.02,21.62,14.88,28.16,nasa,0.64
2020-11-03,1.8,21.85,16.83,28.16,nasa,0.64
2020-11-04,0.02,22.17,15.79,30.15,nasa,0.63
2020-11-05,0.0,22.44,13.9,31.06,nasa,0.63
2020-11-06,0.0,24.28,14.34,33.41,nasa,0.62
2020-11-07,0.02,25.02,17.41,32.61,nasa,0.62
2020-11-08,2.53,26.04,19.26,33.26,nasa,0.61
2020-11-09,0.74,25.99,19.49,33.19,nasa,0.61
2020-11-10,5.17,23.06,19.42,28.81,nasa,0.61
2020-11-11,7.03,24.09,18.34,30.68,nasa,0.63
2020-11-12,3.29,24.87,19.17,30.71,nasa,0.63
2020-11-13,7.32,22.83,19.61,26.74,nasa,0.64
2020-11-14,7.29,22.25,18.65,26.99,nasa,0.64
2020-11-15,4.68,23.89,18.69,30.53,nasa,0.65
2020-11-16,2.09,24.75,18.93,31.73,nasa,0.65
2020-11-17,2.04,25.13,19.52,31.11,nasa,0.64
2020-11-18,16.28,24.17,19.79,29.37,nasa,0.65
2020-11-19,5.39,22.19,19.61,25.83,nasa,0.68
2020-11-20,0.1,23.01,17.63,30.72,nasa,0.67
2020-11-21,0.0,23.43,14.92,31.45,nasa,0.65
2020-11-22,0.51,23.93,18.1,30.42,nasa,0.65
2020-11-23,5.55,23.82,18.34,30.33,nasa,0.64
2020-11-24,3.08,21.93,18.89,27.35,nasa,0.65
2020-11-25,2.36,21.63,17.58,27.73,nasa,0.65
2020-11-26,0.19,22.37,16.88,28.95,nasa,0.64
2020-11-27,0.0,23.73,16.62,30.99,nasa,0.64
2020-11-28,0.0,23.79,17.85,31.08,nasa,0.63
2020-11-29,0.0,23.73,18.13,31.04,nasa,0.62
2020-11-30,0.04,24.46,16.42,31.73,nasa,0.62
2020-12-01,2.85,25.86,19.46,32.63,nasa,0.62
2020-12-02,2.72,25.23,20.7,31.08,nasa,0.62
2020-12-03,4.88,22.75,19.78,26.27,nasa,0.62
2020-12-04,1.17,26.54,18.93,34.29,nasa,0.62
2020-12-05,5.33,26.28,21.92,33.68,nasa,0.62
2020-12-06,9.15,23.48,20.79,27.52,nasa,0.64
2020-12-07,5.8,22.37,19.32,26.26,nasa,0.65
2020-12-08,7.36,23.54,18.27,29.04,nasa,0.65
2020-12-09,10.7,21.7,19.15,24.9,nasa,0.67
2020-12-10,3.19,21.66,18.38,26.57,nasa,0.67
2020-12-11,16.98,20.54,18.01,23.5,nasa,0.67
2020-12-12,13.02,21.13,17.78,24.87,nasa,0.71
2020-12-13,7.09,22.2,18.46,26.34,nasa,0.71
2020-12-14,0.05,24.51,17.93,30.12,nasa,0.7
2020-12-15,0.09,25.11,19.36,31.31,nasa,0.68
2020-12-16,0.0,25.25,18.34,31.61,nasa,0.67
2020-12-17,0.66,24.52,19.6,30.36,nasa,0.66
2020-12-18,8.35,24.73,19.37,30.53,nasa,0.66
2020-12-19,15.37,23.95,20.96,28.42,nasa,0.68
2020-12-20,3.67,23.71,19.71,28.41,nasa,0.69
2020-12-21,1.37,24.5,18.2,30.45,nasa,0.68
2020-12-22,9.15,22.4,19.46,25.55,nasa,0.68
2020-12-23,6.83,23.28,18.33,29.11,nasa,0.69
2020-12-24,16.21,23.56,20.05,28.57,nasa,0.69
2020-12-25,6.44,22.86,19.0,27.76,nasa,0.71
2020-12-26,7.55,22.57,18.96,27.06,nasa,0.71
2020-12-27,7.72,22.31,18.6,26.82,nasa,0.7
2020-12-28,5.19,22.0,18.49,26.06,nasa,0.71
2020-12-29,0.48,23.0,18.56,27.27,nasa,0.7
2020-12-30,0.25,23.71,17.26,29.35,nasa,0.69
2020-12-31,0.81,24.15,18.3,29.75,nasa,0.68
2021-01-01,14.41,23.48,19.03,29.57,nasa,0.68
2021-01-02,0.92,23.31,18.65,28.88,nasa,0.69
2021-01-03,16.93,23.45,18.55,28.36,nasa,0.7
2021-01-04,2.26,22.69,18.46,27.57,nasa,0.71
2021-01-05,0.06,23.49,17.51,29.94,nasa,0.69
2021-01-06,0.27,24.86,19.67,30.37,nasa,0.68
2021-01-07,8.42,23.64,19.89,28.51,nasa,0.68
2021-01-08,0.44,23.82,18.41,30.45,nasa,0.68
2021-01-09,1.91,24.45,18.41,30.23,nasa,0.67
2021-01-10,1.91,23.91,20.62,27.85,nasa,0.67
2021-01-11,0.17,24.17,19.58,28.63,nasa,0.67
2021-01-12,2.34,24.68,19.82,30.07,nasa,0.66
2021-01-13,6.68,23.89,20.02,28.65,nasa,0.66
2021-01-14,16.47,22.39,19.41,26.81,nasa,0.68
2021-01-15,3.27,21.9,18.04,26.44,nasa,0.69
2021-01-16,2.81,21.88,18.51,26.86,nasa,0.69
2021-01-17,0.44,22.12,17.91,27.45,nasa,0.68
2021-01-18,0.31,23.44,18.25,29.53,nasa,0.68
2021-01-19,0.0,23.52,17.35,30.47,nasa,0.66
2021-01-20,0.01,23.21,15.73,30.01,nasa,0.65
2021-01-21,0.0,23.28,16.63,30.36,nasa,0.65
2021-01-22,0.01,22.98,17.38,29.92,nasa,0.64
2021-01-23,0.01,23.48,16.7,30.99,nasa,0.64
2021-01-24,0.01,24.02,16.83,31.95,nasa,0.63
2021-01-25,0.01,24.41,18.34,32.14,nasa,0.62
2021-01-26,0.17,24.48,17.36,32.0,nasa,0.62
2021-01-27,0.0,25.33,20.11,32.81,nasa,0.62
2021-01-28,0.0,24.7,16.95,33.17,nasa,0.61
2021-01-29,0.0,25.33,16.39,33.99,nasa,0.61
2021-01-30,0.11,26.84,18.42,34.81,nasa,0.61
2021-01-31,0.56,27.57,20.67,35.12,nasa,0.6
2021-02-01,0.74,27.08,20.6,34.74,nasa,0.6
2021-02-02,1.97,25.61,20.08,32.95,nasa,0.6
2021-02-03,0.66,26.06,19.61,33.42,nasa,0.6
2021-02-04,0.88,26.11,20.7,32.37,nasa,0.6
2021-02-05,9.41,25.78,20.63,32.25,nasa,0.61
2021-02-06,29.85,23.35,19.76,28.25,nasa,0.65
2021-02-07,11.62,22.38,17.73,27.7,nasa,0.68
2021-02-08,9.09,22.26,18.3,27.28,nasa,0.69
2021-02-09,2.33,21.87,16.74,27.58,nasa,0.69
2021-02-10,0.33,22.68,17.42,28.42,nasa,0.68
2021-02-11,8.31,22.15,17.57,27.07,nasa,0.67
2021-02-12,21.23,20.59,18.84,23.57,nasa,0.7
2021-02-13,3.56,21.76,17.98,26.25,nasa,0.71
2021-02-14,22.23,21.34,18.14,25.43,nasa,0.72
2021-02-15,7.26,22.25,18.42,26.5,nasa,0.74
2021-02-16,2.01,22.86,18.06,27.95,nasa,0.73
2021-02-17,8.06,22.72,18.07,28.28,nasa,0.72
2021-02-18,9.12,23.12,17.6,28.69,nasa,0.72
2021-02-19,12.49,23.66,18.16,28.81,nasa,0.73
2021-02-20,2.67,23.86,18.83,29.07,nasa,0.72
2021-02-21,3.83,23.46,20.28,27.6,nasa,0.72
2021-02-22,4.97,23.97,19.46,29.1,nasa,0.71
2021-02-23,6.68,23.22,18.28,28.76,nasa,0.71
2021-02-24,0.28,23.2,16.97,29.53,nasa,0.71
2021-02-25,5.86,23.68,17.65,29.41,nasa,0.69
2021-02-26,9.52,21.22,17.8,24.68,nasa,0.7
2021-02-27,10.11,20.7,18.01,25.28,nasa,0.71
2021-02-28,2.1,21.05,17.54,25.85,nasa,0.72
2021-03-01,1.05,21.72,18.08,26.6,nasa,0.71
2021-03-02,1.63,21.75,18.33,26.31,nasa,0.7
2021-03-03,0.42,22.07,16.69,27.59,nasa,0.69
2021-03-04,1.0,22.84,17.54,28.66,nasa,0.68
2021-03-05,8.43,21.71,18.67,26.63,nasa,0.69
2021-03-06,6.56,21.58,17.61,26.96,nasa,0.69
2021-03-07,6.83,20.84,18.03,25.92,nasa,0.7
2021-03-08,6.1,20.5,16.45,24.51,nasa,0.7
2021-03-09,2.19,20.49,16.63,24.28,nasa,0.71
2021-03-10,2.14,21.76,17.58,26.46,nasa,0.7
2021-03-11,0.35,22.41,17.87,26.68,nasa,0.7
2021-03-12,4.46,23.32,17.7,28.46,nasa,0.69
2021-03-13,5.32,23.31,19.23,27.46,nasa,0.7
2021-03-14,10.48,21.46,18.52,24.72,nasa,0.7
2021-03-15,0.56,22.08,17.32,27.74,nasa,0.71
2021-03-16,0.32,21.84,17.68,27.11,nasa,0.7
2021-03-17,0.07,22.15,16.39,28.35,nasa,0.69
2021-03-18,0.0,22.51,16.65,28.73,nasa,0.68
2021-03-19,3.57,22.12,16.77,28.04,nasa,0.67
2021-03-20,0.33,22.04,16.68,28.34,nasa,0.67
2021-03-21,1.18,21.64,16.29,27.68,nasa,0.66
2021-03-22,0.26,22.31,16.57,28.94,nasa,0.66
2021-03-23,0.03,23.54,17.4,30.35,nasa,0.65
2021-03-24,0.02,23.46,17.17,30.42,nasa,0.64
2021-03-25,0.01,24.26,18.05,31.63,nasa,0.64
2021-03-26,0.2,23.97,17.31,31.26,nasa,0.63
2021-03-27,0.0,24.81,17.07,32.17,nasa,0.63
2021-03-28,0.01,25.99,19.83,32.65,nasa,0.63
2021-03-29,3.98,25.17,21.11,30.33,nasa,0.63
2021-03-30,3.46,23.9,18.28,30.6,nasa,0.63
2021-03-31,2.73,23.71,18.24,30.64,nasa,0.63
2021-04-01,0.26,23.09,16.35,30.79,nasa,0.63
2021-04-02,0.06,23.46,16.28,31.26,nasa,0.63
2021-04-03,0.96,24.33,18.22,31.71,nasa,0.62
2021-04-04,1.92,23.94,17.34,31.55,nasa,0.62
2021-04-05,1.97,22.98,18.84,29.19,nasa,0.62
2021-04-06,10.67,21.86,17.26,27.61,nasa,0.63
2021-04-07,13.49,21.31,18.56,26.02,nasa,0.66
2021-04-08,4.83,20.43,16.71,26.37,nasa,0.67
2021-04-09,1.73,19.56,14.61,26.81,nasa,0.67
2021-04-10,3.87,19.85,13.59,26.76,nasa,0.66
2021-04-11,1.52,19.76,12.21,27.35,nasa,0.66
2021-04-12,1.52,20.73,14.62,28.39,nasa,0.66
2021-04-13,1.74,21.3,13.84,28.76,nasa,0.65
2021-04-14,2.37,21.43,15.95,27.82,nasa,0.65
2021-04-15,1.8,21.45,16.75,27.49,nasa,0.65
2021-04-16,1.65,20.88,14.14,27.93,nasa,0.64
2021-04-17,2.05,21.21,14.86,27.76,nasa,0.64
2021-04-18,3.15,20.97,15.76,27.61,nasa,0.64
2021-04-19,0.05,20.48,14.64,27.95,nasa,0.64
2021-04-20,0.04,19.79,13.58,28.04,nasa,0.63
2021-04-21,1.46,19.55,12.61,27.88,nasa,0.63
2021-04-22,1.5,19.67,12.74,28.48,nasa,0.63
2021-04-23,1.46,19.79,12.33,28.92,nasa,0.63
2021-04-24,1.51,20.4,13.27,29.91,nasa,0.63
2021-04-25,1.77,20.44,14.38,28.64,nasa,0.63
2021-04-26,1.51,21.45,14.22,30.16,nasa,0.62
2021-04-27,1.45,21.96,16.86,29.58,nasa,0.62
2021-04-28,0.0,20.82,14.08,30.1,nasa,0.62
2021-04-29,0.0,21.15,13.55,29.42,nasa,0.62
2021-04-30,0.0,19.94,16.75,24.75,nasa,0.61
2021-05-01,0.0,19.39,15.93,24.77,nasa,0.61
2021-05-02,0.0,18.93,13.88,26.6,nasa,0.61
2021-05-03,0.0,19.26,12.47,28.31,nasa,0.61
2021-05-04,0.0,19.53,12.99,28.01,nasa,0.61
2021-05-05,0.0,20.36,12.92,28.8,nasa,0.61
2021-05-06,0.0,21.14,16.1,29.31,nasa,0.61
2021-05-07,0.0,21.11,13.12,29.75,nasa,0.6
2021-05-08,0.0,21.23,14.55,28.9,nasa,0.6
2021-05-09,0.0,20.31,14.4,27.91,nasa,0.6
2021-05-10,0.0,19.44,13.09,27.4,nasa,0.6
2021-05-11,0.0,19.81,12.55,28.16,nasa,0.6
2021-05-12,0.0,20.6,12.9,28.51,nasa,0.6
2021-05-13,0.0,21.2,14.99,28.38,nasa,0.6
2021-05-14,0.0,20.31,15.37,26.6,nasa,0.6
2021-05-15,0.12,20.36,13.96,26.99,nasa,0.6
2021-05-16,0.01,21.17,15.52,28.03,nasa,0.59
2021-05-17,0.0,20.47,13.82,29.15,nasa,0.59
2021-05-18,0.0,19.76,13.53,28.3,nasa,0.59
2021-05-19,0.0,19.81,12.88,28.92,nasa,0.59
2021-05-20,0.0,20.4,12.79,29.3,nasa,0.59
2021-05-21,0.0,21.08,13.99,29.93,nasa,0.59
2021-05-22,2.98,22.21,15.17,29.73,nasa,0.59
2021-05-23,0.05,21.14,16.35,28.95,nasa,0.6
2021-05-24,0.09,20.41,15.17,28.69,nasa,0.59
2021-05-25,0.0,21.08,13.04,30.77,nasa,0.59
2021-05-26,0.0,21.98,14.7,30.68,nasa,0.59
2021-05-27,0.0,22.7,15.55,31.43,nasa,0.59
2021-05-28,0.03,22.82,16.36,30.32,nasa,0.59
2021-05-29,0.88,22.78,16.35,30.04,nasa,0.59
2021-05-30,0.82,23.51,18.41,29.93,nasa,0.59
2021-05-31,2.27,21.69,16.95,28.45,nasa,0.59
2021-06-01,0.55,21.02,15.94,27.98,nasa,0.59
2021-06-02,0.5,21.45,14.71,28.9,nasa,0.59
2021-06-03,0.13,21.87,15.7,29.5,nasa,0.59
2021-06-04,0.01,21.19,15.29,29.05,nasa,0.59
2021-06-05,0.0,20.45,14.28,27.96,nasa,0.59
2021-06-06,0.0,20.56,16.17,27.05,nasa,0.59
2021-06-07,0.0,20.9,14.44,28.37,nasa,0.59
2021-06-08,0.14,22.09,14.49,29.61,nasa,0.59
2021-06-09,0.01,21.97,16.2,28.66,nasa,0.59
2021-06-10,1.15,21.65,16.42,28.97,nasa,0.59
2021-06-11,0.53,20.87,16.6,27.28,nasa,0.59
2021-06-12,0.11,20.15,15.4,27.65,nasa,0.59
2021-06-13,0.0,19.26,11.76,27.89,nasa,0.59
2021-06-14,0.0,19.6,12.04,27.45,nasa,0.59
2021-06-15,0.0,19.97,13.77,28.22,nasa,0.59
2021-06-16,0.0,18.87,12.04,28.08,nasa,0.59
2021-06-17,0.0,17.88,10.43,27.25,nasa,0.59
2021-06-18,0.0,18.99,11.32,28.1,nasa,0.59
2021-06-19,0.02,18.86,12.36,27.21,nasa,0.59
2021-06-20,0.0,19.88,13.28,28.43,nasa,0.59
2021-06-21,0.0,20.36,12.53,29.07,nasa,0.59
2021-06-22,0.0,21.56,15.35,29.59,nasa,0.59
2021-06-23,0.0,20.55,14.5,28.07,nasa,0.59
2021-06-24,0.0,19.81,13.24,27.23,nasa,0.59
2021-06-25,0.0,20.84,14.48,29.38,nasa,0.59
2021-06-26,0.0,19.63,13.52,27.93,nasa,0.59
2021-06-27,0.0,18.2,11.22,26.49,nasa,0.59
2021-06-28,0.0,19.2,12.29,26.98,nasa,0.59
2021-06-29,0.0,17.07,11.54,25.76,nasa,0.59
2021-06-30,0.0,14.67,6.73,25.08,nasa,0.59
2021-07-01,0.0,15.76,7.02,25.86,nasa,0.59
2021-07-02,0.0,17.66,11.19,26.05,nasa,0.59
2021-07-03,0.0,17.61,10.19,25.91,nasa,0.59
2021-07-04,0.0,17.09,10.41,25.6,nasa,0.58
2021-07-05,0.0,17.08,9.87,25.45,nasa,0.58
2021-07-06,0.0,17.65,10.69,25.88,nasa,0.58
2021-07-07,0.0,17.61,9.97,26.45,nasa,0.58
2021-07-08,0.0,17.83,10.08,26.68,nasa,0.58
2021-07-09,0.0,18.24,10.71,27.15,nasa,0.58
2021-07-10,0.0,17.74,10.47,26.52,nasa,0.58
2021-07-11,0.0,17.82,10.2,26.7,nasa,0.58
2021-07-12,0.0,18.09,10.82,26.95,nasa,0.58
2021-07-13,0.0,17.98,11.05,26.75,nasa,0.58
2021-07-14,0.0,18.39,10.49,26.48,nasa,0.58
2021-07-15,0.0,19.79,13.58,28.39,nasa,0.58
2021-07-16,0.0,20.97,13.53,29.41,nasa,0.58
2021-07-17,0.02,21.22,13.46,30.13,nasa,0.58
2021-07-18,0.07,21.43,16.05,30.02,nasa,0.58
2021-07-19,0.0,17.06,9.13,27.99,nasa,0.58
2021-07-20,0.01,16.58,5.46,27.88,nasa,0.58
2021-07-21,0.0,19.33,10.34,28.67,nasa,0.58
2021-07-22,0.0,20.47,13.28,29.44,nasa,0.58
2021-07-23,0.0,18.14,11.71,26.66,nasa,0.58
2021-07-24,0.0,17.31,10.72,26.31,nasa,0.58
2021-07-25,0.0,17.92,11.09,27.44,nasa,0.58
2021-07-26,0.0,18.08,10.07,27.41,nasa,0.58
2021-07-27,0.0,19.93,12.09,29.13,nasa,0.58
2021-07-28,0.0,19.35,12.03,29.16,nasa,0.58
2021-07-29,0.0,13.59,8.14,22.77,nasa,0.58
2021-07-30,0.0,15.36,5.63,26.87,nasa,0.58
2021-07-31,0.0,17.58,9.04,27.07,nasa,0.58
2021-08-01,0.0,18.63,10.5,27.85,nasa,0.58
2021-08-02,0.0,19.56,11.07,28.51,nasa,0.58
2021-08-03,0.04,20.87,14.27,29.14,nasa,0.58
2021-08-04,0.0,19.44,13.83,26.39,nasa,0.58
2021-08-05,0.0,18.09,14.15,23.91,nasa,0.58
2021-08-06,0.0,17.54,13.79,21.51,nasa,0.58
2021-08-07,0.0,18.62,13.44,25.3,nasa,0.58
2021-08-08,0.0,18.47,11.73,25.93,nasa,0.58
2021-08-09,0.0,19.51,12.0,27.39,nasa,0.58
2021-08-10,0.25,21.5,12.75,29.41,nasa,0.58
2021-08-11,0.0,22.93,16.81,30.69,nasa,0.58
2021-08-12,0.0,21.51,14.3,30.44,nasa,0.58
2021-08-13,0.0,21.58,14.54,30.07,nasa,0.58
2021-08-14,0.0,22.59,14.62,30.87,nasa,0.58
2021-08-15,0.0,24.26,16.05,32.06,nasa,0.58
2021-08-16,0.04,24.95,18.43,31.91,nasa,0.58
2021-08-17,0.17,23.73,17.82,31.15,nasa,0.58
2021-08-18,0.0,23.03,16.03,31.45,nasa,0.58
2021-08-19,0.02,21.46,14.86,29.7,nasa,0.58
2021-08-20,0.0,20.78,13.53,29.37,nasa,0.58
2021-08-21,0.0,21.46,14.12,29.61,nasa,0.58
2021-08-22,0.0,21.07,13.94,29.53,nasa,0.58
2021-08-23,0.0,22.17,14.39,31.1,nasa,0.58
2021-08-24,0.0,23.36,15.38,32.31,nasa,0.58
2021-08-25,0.0,23.17,15.88,31.99,nasa,0.58
2021-08-26,0.0,24.22,15.57,33.13,nasa,0.58
2021-08-27,0.0,25.73,17.64,33.58,nasa,0.58
2021-08-28,0.0,22.8,17.09,29.77,nasa,0.58
2021-08-29,0.51,22.14,16.24,28.8,nasa,0.58
2021-08-30,0.85,21.22,15.91,27.43,nasa,0.58
2021-08-31,0.0,21.08,14.36,28.02,nasa,0.58
2021-09-01,0.0,20.63,14.85,27.34,nasa,0.58
2021-09-02,0.0,20.86,14.27,28.31,nasa,0.58
2021-09-03,0.0,22.82,15.1,30.72,nasa,0.58
2021-09-04,0.0,24.16,15.54,32.79,nasa,0.58
2021-09-05,0.0,25.42,17.16,34.26,nasa,0.58
2021-09-06,0.0,26.79,19.54,35.78,nasa,0.58
2021-09-07,0.0,26.27,18.13,35.03,nasa,0.58
2021-09-08,0.0,26.59,19.59,34.79,nasa,0.58
2021-09-09,0.0,27.35,19.2,34.92,nasa,0.58
2021-09-10,0.01,27.15,20.33,34.67,nasa,0.58
2021-09-11,0.01,27.47,20.72,35.19,nasa,0.58
2021-09-12,0.0,26.84,19.85,35.43,nasa,0.58
2021-09-13,0.0,26.21,17.85,35.16,nasa,0.58
2021-09-14,0.0,27.49,19.66,36.19,nasa,0.58
2021-09-15,0.0,28.1,20.01,36.26,nasa,0.58
2021-09-16,0.0,28.59,21.58,36.12,nasa,0.58
2021-09-17,0.0,26.03,20.84,33.64,nasa,0.58
2021-09-18,0.0,25.9,16.75,34.59,nasa,0.58
2021-09-19,0.0,28.48,19.8,36.64,nasa,0.58
2021-09-20,0.0,28.76,22.22,35.78,nasa,0.58
2021-09-21,0.0,30.27,23.4,37.99,nasa,0.58
2021-09-22,0.0,28.49,21.67,35.84,nasa,0.58
2021-09-23,0.0,26.35,18.11,34.84,nasa,0.58
2021-09-24,0.26,27.29,19.47,35.97,nasa,0.58
2021-09-25,7.13,27.54,21.26,34.9,nasa,0.58
2021-09-26,2.91,26.37,20.38,32.2,nasa,0.59
2021-09-27,0.21,25.55,19.04,31.89,nasa,0.59
2021-09-28,0.12,25.91,19.68,32.78,nasa,0.59
2021-09-29,0.06,27.05,21.19,33.29,nasa,0.59
2021-09-30,0.0,27.18,19.17,34.2,nasa,0.59
2021-10-01,8.99,28.2,22.3,34.79,nasa,0.59
2021-10-02,1.23,26.8,19.97,33.73,nasa,0.6
2021-10-03,0.02,27.74,21.48,34.89,nasa,0.6
2021-10-04,3.51,28.46,22.99,35.44,nasa,0.59
2021-10-05,0.33,27.06,20.73,34.14,nasa,0.6
2021-10-06,0.31,27.29,21.52,34.35,nasa,0.59
2021-10-07,1.03,25.31,21.67,31.19,nasa,0.59
2021-10-08,0.12,24.9,20.65,30.68,nasa,0.59
2021-10-09,13.85,25.86,20.27,33.07,nasa,0.6
2021-10-10,15.43,23.28,20.39,26.98,nasa,0.64
2021-10-11,7.95,22.83,19.3,28.35,nasa,0.65
2021-10-12,0.78,22.45,16.21,29.23,nasa,0.64
2021-10-13,0.2,23.69,17.62,30.38,nasa,0.64
2021-10-14,7.65,24.31,17.97,30.56,nasa,0.63
2021-10-15,11.01,24.45,18.89,29.5,nasa,0.64
2021-10-16,3.44,23.55,20.02,27.1,nasa,0.65
2021-10-17,2.16,24.66,19.23,30.51,nasa,0.65
2021-10-18,2.44,24.49,19.35,30.51,nasa,0.65
2021-10-19,5.98,22.43,19.86,25.48,nasa,0.65
2021-10-20,3.66,22.72,17.74,29.25,nasa,0.65
2021-10-21,0.15,21.26,15.14,28.76,nasa,0.64
2021-10-22,0.0,22.81,15.07,31.12,nasa,0.64
2021-10-23,0.0,24.36,16.73,32.13,nasa,0.63
2021-10-24,0.07,24.5,19.63,30.61,nasa,0.62
2021-10-25,7.68,23.64,17.7,30.13,nasa,0.62
2021-10-26,11.81,23.1,19.31,27.74,nasa,0.65
2021-10-27,3.97,23.19,19.64,27.79,nasa,0.65
2021-10-28,0.21,24.14,18.6,31.05,nasa,0.65
2021-10-29,1.2,23.42,18.38,29.29,nasa,0.64
2021-10-30,3.33,23.54,19.06,29.45,nasa,0.64
2021-10-31,16.2,21.62,18.2,26.0,nasa,0.65
2021-11-01,5.85,22.35,17.55,28.27,nasa,0.67
2021-11-02,0.71,23.35,17.92,30.42,nasa,0.66
2021-11-03,1.26,23.37,17.14,29.37,nasa,0.65
2021-11-04,0.16,23.6,18.41,29.3,nasa,0.65
2021-11-05,0.02,24.82,16.89,32.87,nasa,0.64
2021-11-06,0.14,25.62,18.26,32.67,nasa,0.63
2021-11-07,3.79,25.07,19.26,31.06,nasa,0.63
2021-11-08,6.89,25.05,19.33,31.23,nasa,0.64
2021-11-09,2.8,24.5,19.75,29.96,nasa,0.64
2021-11-10,7.67,23.88,18.29,30.26,nasa,0.64
2021-11-11,30.99,21.34,19.2,23.57,nasa,0.68
2021-11-12,9.74,21.69,16.24,28.17,nasa,0.7
2021-11-13,0.14,19.71,14.09,25.64,nasa,0.7
2021-11-14,0.0,21.22,16.36,27.08,nasa,0.68
2021-11-15,0.03,21.72,15.88,27.54,nasa,0.67
2021-11-16,0.05,21.96,17.49,27.57,nasa,0.66
2021-11-17,0.57,22.47,17.46,28.39,nasa,0.66
2021-11-18,11.68,21.68,19.05,25.59,nasa,0.66
2021-11-19,23.56,21.69,18.71,25.98,nasa,0.68
2021-11-20,3.82,23.04,18.55,28.14,nasa,0.7
2021-11-21,6.08,21.64,17.27,25.62,nasa,0.7
2021-11-22,0.34,23.96,18.03,30.47,nasa,0.7
2021-11-23,0.28,24.9,18.61,32.23,nasa,0.68
2021-11-24,0.2,24.36,17.8,31.48,nasa,0.67
2021-11-25,1.24,24.74,18.31,31.04,nasa,0.66
2021-11-26,9.34,23.14,19.25,28.06,nasa,0.66
2021-11-27,30.38,22.42,18.9,26.9,nasa,0.7
2021-11-28,6.14,23.2,16.96,29.51,nasa,0.7
2021-11-29,0.06,24.56,19.54,31.0,nasa,0.69
2021-11-30,9.42,22.73,19.49,26.2,nasa,0.68
2021-12-01,6.19,24.13,19.84,30.24,nasa,0.69
2021-12-02,0.21,24.95,18.39,31.59,nasa,0.68
2021-12-03,1.09,24.45,18.14,30.24,nasa,0.67
2021-12-04,1.55,22.13,17.58,26.85,nasa,0.67
2021-12-05,0.36,23.5,17.96,29.68,nasa,0.66
2021-12-06,4.3,22.03,18.72,26.97,nasa,0.66
2021-12-07,9.4,22.67,17.34,29.3,nasa,0.66
2021-12-08,1.94,21.7,16.66,27.79,nasa,0.67
2021-12-09,0.04,22.32,14.61,29.63,nasa,0.66
2021-12-10,0.0,23.74,15.52,31.0,nasa,0.65
2021-12-11,0.68,24.49,17.87,30.71,nasa,0.64
2021-12-12,13.59,23.99,20.19,28.2,nasa,0.65
2021-12-13,19.99,22.21,20.23,24.79,nasa,0.69
2021-12-14,16.42,22.16,19.29,25.81,nasa,0.71
2021-12-15,8.73,22.51,18.9,27.07,nasa,0.72
2021-12-16,5.18,22.58,19.33,27.33,nasa,0.72
2021-12-17,12.31,21.97,19.52,27.01,nasa,0.72
2021-12-18,11.86,22.96,18.78,28.09,nasa,0.73
2021-12-19,5.06,23.22,19.42,28.45,nasa,0.73
2021-12-20,0.13,21.93,18.11,26.81,nasa,0.72
2021-12-21,0.0,22.69,18.08,28.16,nasa,0.7
2021-12-22,1.01,23.26,17.85,29.24,nasa,0.69
2021-12-23,11.75,23.16,18.91,29.35,nasa,0.69
2021-12-24,12.69,21.37,17.97,26.28,nasa,0.72
2021-12-25,2.6,21.7,16.56,27.29,nasa,0.71
2021-12-26,1.44,21.88,17.01,27.2,nasa,0.7
2021-12-27,0.51,23.11,16.55,29.43,nasa,0.69
2021-12-28,5.96,22.96,18.3,28.47,nasa,0.69
2021-12-29,12.24,23.11,19.31,28.6,nasa,0.69
2021-12-30,27.94,20.47,19.01,22.88,nasa,0.72
2021-12-31,11.09,20.29,18.41,22.86,nasa,0.75
2022-01-01,27.79,20.81,18.43,24.39,nasa,0.78
2022-01-02,7.82,21.84,17.25,26.91,nasa,0.78
2022-01-03,9.87,22.8,18.73,27.7,nasa,0.78
2022-01-04,19.47,21.29,19.54,24.36,nasa,0.78
2022-01-05,14.66,22.07,18.6,26.48,nasa,0.79
2022-01-06,27.95,21.71,18.96,25.73,nasa,0.81
2022-01-07,24.46,21.61,18.81,25.38,nasa,0.84
2022-01-08,24.41,21.68,19.11,24.86,nasa,0.86
2022-01-09,16.64,21.17,18.61,24.14,nasa,0.86
2022-01-10,20.28,20.46,18.12,23.01,nasa,0.86
2022-01-11,16.22,20.72,18.01,24.21,nasa,0.87
2022-01-12,2.14,21.53,18.42,26.57,nasa,0.85
2022-01-13,2.74,22.04,18.15,26.8,nasa,0.83
2022-01-14,0.13,22.75,17.83,28.58,nasa,0.82
2022-01-15,0.09,22.47,15.98,28.48,nasa,0.8
2022-01-16,4.07,22.48,18.45,26.29,nasa,0.79
2022-01-17,9.04,21.61,17.71,24.88,nasa,0.8
2022-01-18,6.14,23.05,18.52,26.93,nasa,0.81
2022-01-19,9.9,22.41,18.14,26.66,nasa,0.81
2022-01-20,9.09,22.37,18.35,26.17,nasa,0.82
2022-01-21,3.08,23.49,17.96,28.54,nasa,0.81
2022-01-22,3.64,22.97,18.48,27.73,nasa,0.81
2022-01-23,0.25,23.25,18.41,28.74,nasa,0.8
2022-01-24,2.75,23.28,17.4,28.77,nasa,0.79
2022-01-25,3.12,22.9,18.83,27.52,nasa,0.78
2022-01-26,3.86,21.74,17.5,25.65,nasa,0.78
2022-01-27,0.28,21.92,17.64,27.23,nasa,0.78
2022-01-28,1.25,21.77,17.15,26.81,nasa,0.77
2022-01-29,10.51,21.95,18.1,26.48,nasa,0.77
2022-01-30,8.51,21.0,18.88,23.7,nasa,0.79
2022-01-31,16.06,20.79,18.81,23.9,nasa,0.81
2022-02-01,16.08,21.41,17.44,25.44,nasa,0.81
2022-02-02,17.33,21.4,18.94,24.32,nasa,0.84
2022-02-03,8.45,22.22,18.13,26.54,nasa,0.84
2022-02-04,7.02,23.13,17.33,28.49,nasa,0.83
2022-02-05,18.5,23.7,19.95,27.99,nasa,0.83
2022-02-06,22.38,21.95,19.47,25.05,nasa,0.86
2022-02-07,23.97,20.83,18.2,23.77,nasa,0.88
2022-02-08,16.72,21.56,19.25,25.28,nasa,0.88
2022-02-09,14.67,21.53,18.84,25.56,nasa,0.89
2022-02-10,11.62,20.63,17.85,23.34,nasa,0.89
2022-02-11,25.78,20.28,16.94,24.68,nasa,0.89
2022-02-12,23.18,21.42,17.32,26.65,nasa,0.9
2022-02-13,13.5,21.39,18.08,25.79,nasa,0.9
2022-02-14,7.39,21.98,18.72,26.31,nasa,0.9
2022-02-15,6.17,23.34,17.79,28.37,nasa,0.88
2022-02-16,9.36,23.25,18.46,27.48,nasa,0.89
2022-02-17,6.51,22.1,18.75,26.0,nasa,0.88
2022-02-18,4.22,21.36,17.3,25.68,nasa,0.88
2022-02-19,5.85,20.45,17.52,24.94,nasa,0.88
2022-02-20,5.67,20.59,17.38,24.42,nasa,0.88
2022-02-21,5.42,21.15,16.93,25.22,nasa,0.88
2022-02-22,3.35,22.02,17.91,26.9,nasa,0.88
2022-02-23,2.58,22.31,17.94,27.84,nasa,0.87
2022-02-24,0.3,22.76,16.14,28.5,nasa,0.86
2022-02-25,10.18,22.69,18.6,27.62,nasa,0.86
2022-02-26,3.07,22.54,18.86,27.64,nasa,0.87
2022-02-27,0.09,22.05,16.27,27.56,nasa,0.86
2022-02-28,0.04,22.08,16.63,27.67,nasa,0.85
2022-03-01,0.0,21.69,16.17,27.26,nasa,0.85
2022-03-02,1.21,21.91,16.18,27.34,nasa,0.84
2022-03-03,4.06,22.0,16.27,27.3,nasa,0.84
2022-03-04,8.46,22.11,17.69,26.99,nasa,0.84
2022-03-05,1.3,21.77,17.58,26.38,nasa,0.85
2022-03-06,0.1,21.52,16.84,27.22,nasa,0.84
2022-03-07,0.04,21.65,16.57,27.24,nasa,0.83
2022-03-08,0.14,21.74,16.29,27.69,nasa,0.82
2022-03-09,0.08,21.64,17.02,27.42,nasa,0.82
2022-03-10,1.77,21.61,16.1,26.89,nasa,0.81
2022-03-11,2.52,22.82,17.17,27.88,nasa,0.81
2022-03-12,19.49,22.78,18.63,26.61,nasa,0.82
2022-03-13,8.19,22.17,18.56,26.0,nasa,0.84
2022-03-14,5.28,22.02,19.23,25.76,nasa,0.84
2022-03-15,9.13,22.27,18.32,26.82,nasa,0.84
2022-03-16,2.0,22.22,17.65,27.45,nasa,0.84
2022-03-17,2.5,22.15,18.14,26.87,nasa,0.84
2022-03-18,0.82,22.56,17.37,28.01,nasa,0.83
2022-03-19,5.35,22.56,17.08,27.98,nasa,0.82
2022-03-20,5.18,22.08,17.72,28.06,nasa,0.83
2022-03-21,0.29,21.25,17.99,26.1,nasa,0.82
2022-03-22,0.0,20.02,15.46,25.49,nasa,0.82
2022-03-23,0.0,20.94,17.54,26.19,nasa,0.81
2022-03-24,0.03,21.74,17.41,27.13,nasa,0.8
2022-03-25,0.01,22.49,16.93,27.42,nasa,0.79
2022-03-26,0.07,23.44,17.85,28.02,nasa,0.79
2022-03-27,0.47,23.09,17.89,28.09,nasa,0.79
2022-03-28,4.73,22.64,17.75,27.67,nasa,0.78
2022-03-29,4.45,21.9,17.87,27.08,nasa,0.79
2022-03-30,0.0,22.48,16.41,27.6,nasa,0.79
2022-03-31,1.44,23.12,18.22,27.8,nasa,0.78
2022-04-01,3.59,21.94,17.95,26.64,nasa,0.78
2022-04-02,1.92,21.7,17.7,26.92,nasa,0.78
2022-04-03,0.36,21.3,16.92,26.63,nasa,0.78
2022-04-04,0.05,21.64,17.75,27.13,nasa,0.77
2022-04-05,1.12,21.98,16.15,27.86,nasa,0.77
2022-04-06,3.51,22.67,17.82,27.42,nasa,0.76
2022-04-07,0.71,23.37,18.19,28.52,nasa,0.76
2022-04-08,0.11,23.36,17.99,28.34,nasa,0.76
2022-04-09,3.51,23.2,19.38,27.67,nasa,0.75
2022-04-10,0.37,22.68,18.09,27.85,nasa,0.75
2022-04-11,2.97,22.87,17.44,28.21,nasa,0.75
2022-04-12,13.91,22.01,18.77,25.4,nasa,0.76
2022-04-13,6.44,22.43,18.24,27.44,nasa,0.78
2022-04-14,1.43,21.37,17.27,27.0,nasa,0.78
2022-04-15,0.51,20.05,15.87,25.68,nasa,0.77
2022-04-16,0.01,18.64,12.98,25.01,nasa,0.76
2022-04-17,0.0,18.75,12.32,25.09,nasa,0.76
2022-04-18,0.03,19.16,12.93,25.49,nasa,0.75
2022-04-19,0.03,19.72,14.67,25.64,nasa,0.74
2022-04-20,0.0,20.07,14.6,25.95,nasa,0.74
2022-04-21,0.0,21.02,15.4,26.41,nasa,0.73
2022-04-22,0.0,20.66,16.18,26.43,nasa,0.73
2022-04-23,0.0,20.55,14.62,27.24,nasa,0.72
2022-04-24,0.0,21.25,15.9,27.54,nasa,0.72
2022-04-25,0.37,20.83,16.98,26.26,nasa,0.71
2022-04-26,0.14,20.26,15.96,26.37,nasa,0.71
2022-04-27,0.02,19.86,15.35,25.68,nasa,0.71
2022-04-28,0.0,19.97,14.36,26.08,nasa,0.71
2022-04-29,0.0,20.35,14.95,27.08,nasa,0.7
2022-04-30,0.0,19.74,15.33,25.69,nasa,0.7
2022-05-01,0.0,19.27,13.67,25.46,nasa,0.7
2022-05-02,0.0,19.41,13.31,26.26,nasa,0.69
2022-05-03,0.02,20.16,13.44,26.5,nasa,0.69
2022-05-04,0.35,19.83,15.03,26.04,nasa,0.69
2022-05-05,0.02,17.44,12.17,22.98,nasa,0.68
2022-05-06,0.0,19.78,12.28,27.17,nasa,0.68
2022-05-07,0.0,20.27,14.15,26.79,nasa,0.68
2022-05-08,0.25,19.92,15.26,25.93,nasa,0.68
2022-05-09,0.11,19.41,14.41,25.27,nasa,0.68
2022-05-10,0.02,18.43,13.29,24.77,nasa,0.68
2022-05-11,0.31,18.99,12.61,25.66,nasa,0.67
2022-05-12,0.21,19.9,15.65,25.33,nasa,0.67
2022-05-13,0.01,20.06,13.96,26.31,nasa,0.67
2022-05-14,9.83,19.56,14.01,25.67,nasa,0.68
2022-05-15,11.1,18.98,15.02,24.25,nasa,0.7
2022-05-16,4.87,18.85,15.15,24.18,nasa,0.71
2022-05-17,0.03,15.01,8.14,20.83,nasa,0.71
2022-05-18,0.01,8.59,3.83,15.28,nasa,0.7
2022-05-19,0.0,9.39,3.86,17.83,nasa,0.7
2022-05-20,0.0,10.97,3.43,19.43,nasa,0.7
2022-05-21,0.0,12.87,4.76,21.22,nasa,0.69
2022-05-22,0.0,14.42,6.86,22.86,nasa,0.69
2022-05-23,0.0,15.84,8.96,23.6,nasa,0.69
2022-05-24,0.0,16.13,9.99,23.89,nasa,0.68
2022-05-25,0.0,15.85,10.99,22.94,nasa,0.68
2022-05-26,0.02,16.52,11.3,23.32,nasa,0.68
2022-05-27,0.0,16.87,12.22,22.89,nasa,0.67
2022-05-28,0.0,17.12,12.27,23.38,nasa,0.67
2022-05-29,0.0,17.83,10.62,24.83,nasa,0.67
2022-05-30,0.0,19.31,12.81,26.03,nasa,0.67
2022-05-31,0.01,20.69,14.48,27.28,nasa,0.66
2022-06-01,0.0,20.14,14.15,27.12,nasa,0.66
2022-06-02,0.0,20.17,14.51,26.53,nasa,0.66
2022-06-03,0.0,20.14,13.91,27.58,nasa,0.66
2022-06-04,0.01,19.31,14.85,25.78,nasa,0.65
2022-06-05,0.01,17.22,12.44,24.55,nasa,0.65
2022-06-06,0.0,16.56,10.23,23.95,nasa,0.65
2022-06-07,0.0,17.6,11.01,25.1,nasa,0.65
2022-06-08,0.0,19.38,12.79,26.45,nasa,0.65
2022-06-09,0.06,19.85,14.58,26.33,nasa,0.65
2022-06-10,0.01,19.57,13.64,26.54,nasa,0.65
2022-06-11,0.01,18.42,14.62,24.27,nasa,0.64
2022-06-12,0.0,16.76,11.36,23.62,nasa,0.64
2022-06-13,0.0,15.89,9.41,24.71,nasa,0.64
2022-06-14,0.0,15.5,9.89,23.24,nasa,0.64
2022-06-15,0.0,17.8,12.63,25.73,nasa,0.64
2022-06-16,0.0,18.35,11.0,26.87,nasa,0.64
2022-06-17,0.0,17.68,10.59,25.97,nasa,0.64
2022-06-18,0.42,18.74,11.76,26.59,nasa,0.63
2022-06-19,0.16,18.54,13.3,25.82,nasa,0.63
2022-06-20,0.11,18.5,12.71,26.12,nasa,0.63
2022-06-21,0.01,18.19,12.45,26.12,nasa,0.63
2022-06-22,0.27,17.55,11.13,25.81,nasa,0.63
2022-06-23,0.0,18.02,10.66,26.24,nasa,0.63
2022-06-24,0.0,18.31,10.73,26.38,nasa,0.63
2022-06-25,0.0,18.48,11.32,26.59,nasa,0.63
2022-06-26,0.0,16.53,9.74,24.91,nasa,0.63
2022-06-27,0.0,16.77,11.5,24.23,nasa,0.63
2022-06-28,0.04,17.03,10.37,24.5,nasa,0.63
2022-06-29,0.0,18.94,12.34,26.45,nasa,0.62
2022-06-30,0.0,18.72,10.83,26.75,nasa,0.62
2022-07-01,0.0,17.88,11.07,26.21,nasa,0.62
2022-07-02,0.0,18.02,11.49,26.18,nasa,0.62
2022-07-03,0.0,18.04,11.47,26.95,nasa,0.62
2022-07-04,0.0,16.74,10.55,25.35,nasa,0.62
2022-07-05,0.0,16.72,9.86,25.14,nasa,0.62
2022-07-06,0.0,17.11,10.27,25.33,nasa,0.62
2022-07-07,0.0,17.56,10.29,25.37,nasa,0.62
2022-07-08,0.0,17.88,11.2,26.23,nasa,0.62
2022-07-09,0.0,17.36,11.42,25.45,nasa,0.62
2022-07-10,0.0,16.89,11.06,24.85,nasa,0.62
2022-07-11,0.0,16.46,10.5,24.37,nasa,0.61
2022-07-12,0.0,18.38,10.8,25.89,nasa,0.61
2022-07-13,0.0,18.68,11.92,27.18,nasa,0.61
2022-07-14,0.0,18.15,12.62,25.75,nasa,0.61
2022-07-15,0.0,17.74,10.9,26.05,nasa,0.61
2022-07-16,0.0,18.83,12.39,27.03,nasa,0.61
2022-07-17,0.0,20.24,13.93,29.25,nasa,0.61
2022-07-18,0.0,19.08,12.58,27.89,nasa,0.61
2022-07-19,0.0,18.3,11.75,26.96,nasa,0.61
2022-07-20,0.0,18.33,11.18,27.12,nasa,0.61
2022-07-21,0.0,18.22,12.07,26.18,nasa,0.61
2022-07-22,0.0,18.36,12.16,26.41,nasa,0.61
2022-07-23,0.0,18.57,11.0,26.84,nasa,0.6
2022-07-24,0.0,18.96,11.94,27.36,nasa,0.6
2022-07-25,0.0,18.57,11.69,27.56,nasa,0.6
2022-07-26,0.0,18.45,11.2,27.34,nasa,0.6
2022-07-27,0.0,18.46,11.63,26.74,nasa,0.6
2022-07-28,0.0,18.58,11.1,26.83,nasa,0.6
2022-07-29,0.0,18.88,10.94,28.69,nasa,0.6
2022-07-30,0.01,19.53,12.64,27.22,nasa,0.6
2022-07-31,0.0,20.84,12.87,28.58,nasa,0.6
2022-08-01,0.0,21.34,14.94,28.35,nasa,0.6
2022-08-02,0.0,21.1,14.63,29.12,nasa,0.6
2022-08-03,0.0,20.85,13.48,28.9,nasa,0.6
2022-08-04,0.0,20.45,14.14,28.1,nasa,0.59
2022-08-05,0.0,21.79,14.05,30.15,nasa,0.59
2022-08-06,0.0,22.47,16.01,30.97,nasa,0.59
2022-08-07,0.08,21.41,13.76,29.99,nasa,0.59
2022-08-08,0.0,22.24,16.43,29.98,nasa,0.59
2022-08-09,0.68,21.8,14.76,29.92,nasa,0.59
2022-08-10,2.26,17.12,8.69,23.42,nasa,0.6
2022-08-11,0.0,14.34,5.91,25.33,nasa,0.6
2022-08-12,0.0,16.36,8.68,26.2,nasa,0.6
2022-08-13,0.18,18.35,10.21,27.97,nasa,0.59
2022-08-14,0.0,18.72,11.59,27.95,nasa,0.59
2022-08-15,0.38,18.31,10.34,27.69,nasa,0.59
2022-08-16,0.01,20.91,13.19,29.78,nasa,0.59
2022-08-17,0.02,22.29,15.1,30.9,nasa,0.59
2022-08-18,0.0,21.4,14.28,30.03,nasa,0.59
2022-08-19,0.2,21.35,13.99,29.48,nasa,0.59
2022-08-20,0.0,19.21,13.32,26.61,nasa,0.59
2022-08-21,0.04,18.76,11.75,26.92,nasa,0.59
2022-08-22,0.0,18.5,11.88,26.84,nasa,0.59
2022-08-23,0.0,18.86,11.36,27.76,nasa,0.59
2022-08-24,0.0,19.79,12.24,27.62,nasa,0.59
2022-08-25,0.0,19.95,13.64,27.53,nasa,0.59
2022-08-26,0.0,19.42,13.27,26.53,nasa,0.59
2022-08-27,0.0,21.05,14.09,28.93,nasa,0.59
2022-08-28,0.0,23.41,15.67,31.46,nasa,0.59
2022-08-29,0.0,22.84,14.8,30.85,nasa,0.59
2022-08-30,0.0,19.06,13.47,24.46,nasa,0.59
2022-08-31,0.0,18.72,12.01,26.82,nasa,0.59
2022-09-01,0.0,18.26,10.62,27.72,nasa,0.59
2022-09-02,0.16,19.2,10.43,29.12,nasa,0.59
2022-09-03,0.04,21.94,12.67,31.89,nasa,0.59
2022-09-04,0.0,24.64,17.24,32.76,nasa,0.58
2022-09-05,0.0,23.73,16.56,31.21,nasa,0.58
2022-09-06,0.0,22.25,17.9,28.5,nasa,0.58
2022-09-07,0.0,21.72,15.37,29.77,nasa,0.58
2022-09-08,0.1,23.06,15.48,31.65,nasa,0.58
2022-09-09,0.0,24.07,16.11,32.83,nasa,0.58
2022-09-10,0.0,25.42,16.67,34.05,nasa,0.58
2022-09-11,0.0,27.12,18.81,35.68,nasa,0.58
2022-09-12,0.0,25.13,18.35,33.62,nasa,0.58
2022-09-13,0.0,25.39,18.8,34.11,nasa,0.58
2022-09-14,0.02,26.3,18.0,35.9,nasa,0.58
2022-09-15,0.04,25.4,17.78,33.78,nasa,0.58
2022-09-16,0.02,24.33,17.68,32.26,nasa,0.58
2022-09-17,0.15,23.11,17.37,30.11,nasa,0.58
2022-09-18,0.03,23.02,14.74,30.98,nasa,0.58
2022-09-19,0.0,26.45,17.96,34.4,nasa,0.58
2022-09-20,5.01,26.23,21.32,32.99,nasa,0.59
2022-09-21,1.86,25.78,18.74,32.88,nasa,0.59
2022-09-22,29.49,22.66,19.74,26.52,nasa,0.63
2022-09-23,0.11,20.44,14.96,27.83,nasa,0.65
2022-09-24,2.86,20.91,12.0,30.94,nasa,0.64
2022-09-25,13.18,21.9,14.85,29.61,nasa,0.65
2022-09-26,2.46,23.09,18.27,28.39,nasa,0.65
2022-09-27,6.01,21.23,18.54,23.93,nasa,0.66
2022-09-28,0.67,22.11,16.69,28.4,nasa,0.65
2022-09-29,0.34,22.72,16.85,29.25,nasa,0.65
2022-09-30,1.87,22.64,16.63,29.04,nasa,0.64
2022-10-01,3.77,23.24,16.87,30.32,nasa,0.64
2022-10-02,1.69,24.64,17.57,32.45,nasa,0.64
2022-10-03,3.64,24.33,17.23,32.03,nasa,0.64
2022-10-04,12.38,23.62,19.62,28.83,nasa,0.65
2022-10-05,2.77,23.71,17.69,29.22,nasa,0.66
2022-10-06,1.51,25.1,18.62,31.36,nasa,0.65
2022-10-07,10.27,22.23,18.88,28.0,nasa,0.66
2022-10-08,0.04,22.88,16.7,28.45,nasa,0.66
2022-10-09,0.52,21.23,18.7,24.48,nasa,0.66
2022-10-10,0.34,24.22,17.91,31.56,nasa,0.65
2022-10-11,0.21,23.9,18.78,30.9,nasa,0.65
2022-10-12,0.04,24.17,15.84,32.32,nasa,0.64
2022-10-13,0.76,23.17,16.21,31.87,nasa,0.63
2022-10-14,0.0,23.72,16.35,32.53,nasa,0.63
2022-10-15,0.0,23.55,17.1,31.25,nasa,0.62
2022-10-16,0.0,23.17,16.06,31.59,nasa,0.62
2022-10-17,0.0,22.43,15.07,29.99,nasa,0.61
2022-10-18,0.0,24.62,16.78,32.86,nasa,0.61
2022-10-19,1.04,25.45,19.32,33.18,nasa,0.61
2022-10-20,0.17,25.1,18.38,32.62,nasa,0.6
2022-10-21,0.53,23.07,19.25,26.99,nasa,0.6
2022-10-22,1.35,24.32,18.31,31.78,nasa,0.6
2022-10-23,0.18,25.1,18.5,31.92,nasa,0.6
2022-10-24,0.47,24.22,19.91,30.31,nasa,0.6
2022-10-25,1.21,25.65,17.56,32.75,nasa,0.6
2022-10-26,2.35,25.15,18.94,31.98,nasa,0.6
2022-10-27,1.21,25.66,17.93,32.89,nasa,0.6
2022-10-28,1.45,25.85,18.82,32.77,nasa,0.6
2022-10-29,0.53,25.83,20.07,32.53,nasa,0.6
2022-10-30,4.41,24.47,20.0,30.47,nasa,0.6
2022-10-31,12.43,24.19,19.29,30.33,nasa,0.61
2022-11-01,6.92,23.36,19.19,28.98,nasa,0.63
2022-11-02,1.66,20.45,15.92,26.36,nasa,0.63
2022-11-03,0.89,17.74,12.87,23.31,nasa,0.63
2022-11-04,0.24,18.77,12.94,25.49,nasa,0.63
2022-11-05,0.02,19.91,11.94,27.01,nasa,0.62
2022-11-06,2.06,21.43,15.32,27.09,nasa,0.62
2022-11-07,2.14,22.52,15.4,29.0,nasa,0.62
2022-11-08,4.65,23.62,17.15,30.6,nasa,0.62
2022-11-09,9.97,23.01,18.16,28.93,nasa,0.64
2022-11-10,8.43,23.95,16.78,30.25,nasa,0.64
2022-11-11,10.61,24.08,18.73,30.02,nasa,0.65
2022-11-12,0.33,23.97,18.63,29.7,nasa,0.65
2022-11-13,0.52,23.18,17.75,28.88,nasa,0.65
2022-11-14,9.88,22.85,19.56,27.71,nasa,0.65
2022-11-15,5.34,22.37,18.92,25.99,nasa,0.66
2022-11-16,0.62,24.36,18.36,30.8,nasa,0.66
2022-11-17,1.82,23.43,17.8,30.29,nasa,0.65
2022-11-18,0.27,23.55,17.26,29.82,nasa,0.65
2022-11-19,0.84,21.94,18.54,27.19,nasa,0.64
2022-11-20,1.47,22.05,16.77,28.39,nasa,0.64
2022-11-21,0.62,23.32,16.1,29.94,nasa,0.63
2022-11-22,10.75,24.24,19.0,29.67,nasa,0.64
2022-11-23,13.07,22.05,19.04,25.09,nasa,0.66
2022-11-24,5.7,22.74,18.21,28.41,nasa,0.67
2022-11-25,4.12,22.45,16.66,28.7,nasa,0.66
2022-11-26,1.16,23.0,16.16,29.58,nasa,0.66
2022-11-27,1.16,23.92,16.28,30.88,nasa,0.65
2022-11-28,3.46,23.64,17.55,29.45,nasa,0.65
2022-11-29,1.82,23.65,17.75,30.29,nasa,0.64
2022-11-30,0.53,23.75,18.23,30.15,nasa,0.64
2022-12-01,7.49,23.61,18.37,29.85,nasa,0.64
2022-12-02,5.33,22.36,19.31,26.68,nasa,0.65
2022-12-03,6.68,20.69,18.78,22.97,nasa,0.66
2022-12-04,6.44,21.51,17.38,26.28,nasa,0.66
2022-12-05,17.87,21.74,18.11,26.69,nasa,0.67
2022-12-06,33.61,21.45,19.3,25.31,nasa,0.72
2022-12-07,8.98,22.33,18.19,27.36,nasa,0.74
2022-12-08,1.65,23.1,18.38,28.91,nasa,0.73
2022-12-09,0.08,23.61,15.97,30.3,nasa,0.71
2022-12-10,2.99,23.56,18.69,29.55,nasa,0.7
2022-12-11,6.91,22.42,16.65,28.54,nasa,0.69
2022-12-12,7.54,22.53,19.61,26.74,nasa,0.69
2022-12-13,8.97,22.35,19.02,26.67,nasa,0.7
2022-12-14,7.34,23.04,18.94,28.48,nasa,0.7
2022-12-15,0.65,22.75,17.64,28.17,nasa,0.7
2022-12-16,3.68,21.65,17.24,26.92,nasa,0.69
2022-12-17,5.23,21.67,18.76,25.57,nasa,0.69
2022-12-18,21.06,22.2,18.77,26.3,nasa,0.7
2022-12-19,24.0,21.78,18.19,26.43,nasa,0.74
2022-12-20,22.45,21.26,18.67,24.67,nasa,0.78
2022-12-21,5.69,22.08,17.6,27.86,nasa,0.77
2022-12-22,1.04,21.5,16.03,26.91,nasa,0.75
2022-12-23,1.24,21.99,17.87,27.23,nasa,0.74
2022-12-24,1.08,21.77,18.5,26.56,nasa,0.72
2022-12-25,4.18,21.82,18.29,27.12,nasa,0.72
2022-12-26,15.0,20.74,18.56,23.96,nasa,0.72
2022-12-27,1.42,21.46,17.96,26.25,nasa,0.73
2022-12-28,11.12,21.09,18.04,24.89,nasa,0.74
2022-12-29,5.96,20.94,17.94,24.56,nasa,0.74
2022-12-30,5.96,22.2,18.04,26.68,nasa,0.74
2022-12-31,9.35,22.23,18.27,27.05,nasa,0.74
2023-01-01,6.0,22.57,17.45,27.69,nasa,0.74
2023-01-02,2.43,22.04,18.73,26.29,nasa,0.74
2023-01-03,11.19,21.31,18.58,25.63,nasa,0.75
2023-01-04,14.75,21.43,18.59,25.74,nasa,0.75
2023-01-05,8.23,21.44,18.43,25.43,nasa,0.76
2023-01-06,30.28,21.05,18.65,24.01,nasa,0.78
2023-01-07,29.85,21.26,17.97,25.24,nasa,0.82
2023-01-08,18.93,20.33,18.07,22.79,nasa,0.84
2023-01-09,6.94,21.14,17.03,25.42,nasa,0.84
2023-01-10,4.6,21.9,17.71,26.67,nasa,0.83
2023-01-11,23.01,21.45,18.57,24.3,nasa,0.83
2023-01-12,1.24,21.84,18.52,26.3,nasa,0.82
2023-01-13,7.44,21.9,19.07,25.91,nasa,0.81
2023-01-14,0.82,22.08,19.39,25.47,nasa,0.81
2023-01-15,0.74,23.88,19.5,28.15,nasa,0.79
2023-01-16,1.43,22.36,19.01,26.3,nasa,0.79
2023-01-17,2.74,22.1,16.83,28.05,nasa,0.78
2023-01-18,6.24,22.39,17.26,27.21,nasa,0.78
2023-01-19,4.14,23.23,18.51,27.82,nasa,0.77
2023-01-20,16.01,21.29,18.67,24.91,nasa,0.78
2023-01-21,11.52,21.16,17.9,25.64,nasa,0.8
2023-01-22,8.88,21.64,18.04,26.54,nasa,0.8
2023-01-23,19.56,21.06,17.21,25.77,nasa,0.82
2023-01-24,6.08,22.28,18.38,27.09,nasa,0.82
2023-01-25,7.18,21.75,19.07,24.96,nasa,0.82
2023-01-26,1.94,22.85,18.35,28.36,nasa,0.81
2023-01-27,12.08,22.33,18.56,27.05,nasa,0.81
2023-01-28,5.7,21.81,17.68,25.62,nasa,0.81
2023-01-29,10.0,22.62,17.74,26.9,nasa,0.81
2023-01-30,7.11,22.05,18.82,25.32,nasa,0.82
2023-01-31,2.66,22.38,18.23,26.31,nasa,0.81
2023-02-01,2.73,22.98,18.45,27.6,nasa,0.81
2023-02-02,0.17,22.09,18.4,25.62,nasa,0.8
2023-02-03,3.49,23.27,18.47,28.55,nasa,0.79
2023-02-04,6.13,22.3,18.0,26.82,nasa,0.79
2023-02-05,1.52,21.52,18.52,23.9,nasa,0.79
2023-02-06,12.26,22.8,19.04,26.9,nasa,0.8
2023-02-07,0.23,23.41,18.64,28.17,nasa,0.8
2023-02-08,3.61,23.12,18.41,27.87,nasa,0.79
2023-02-09,6.16,23.21,17.77,27.86,nasa,0.79
2023-02-10,15.17,22.99,19.21,26.63,nasa,0.8
2023-02-11,6.6,22.09,18.73,26.1,nasa,0.81
2023-02-12,5.83,22.06,18.5,26.06,nasa,0.81
2023-02-13,1.3,22.81,18.85,27.18,nasa,0.8
2023-02-14,0.63,23.23,18.95,27.55,nasa,0.79
2023-02-15,3.82,23.33,19.36,26.71,nasa,0.79
2023-02-16,7.01,22.95,20.17,26.23,nasa,0.8
2023-02-17,1.75,23.79,20.31,28.19,nasa,0.79
2023-02-18,2.2,22.49,18.93,27.52,nasa,0.79
2023-02-19,0.78,21.72,17.29,26.58,nasa,0.78
2023-02-20,4.24,21.94,18.42,26.51,nasa,0.78
2023-02-21,3.21,22.16,18.06,26.69,nasa,0.78
2023-02-22,8.79,22.48,17.21,27.16,nasa,0.78
2023-02-23,3.47,22.5,18.34,26.43,nasa,0.79
2023-02-24,1.67,22.24,18.1,26.22,nasa,0.78
2023-02-25,8.82,23.15,19.54,26.91,nasa,0.79
2023-02-26,0.47,23.39,17.9,28.38,nasa,0.79
2023-02-27,0.01,23.07,19.0,27.36,nasa,0.78
2023-02-28,0.0,22.64,18.15,28.36,nasa,0.77
2023-03-01,4.73,22.26,18.58,26.81,nasa,0.76
2023-03-02,0.97,21.56,17.96,25.63,nasa,0.77
2023-03-03,1.98,22.68,17.04,27.74,nasa,0.76
2023-03-04,0.14,23.46,18.33,29.14,nasa,0.75
2023-03-05,0.27,22.99,17.98,28.39,nasa,0.74
2023-03-06,2.55,23.6,18.69,28.56,nasa,0.74
2023-03-07,11.61,21.38,18.19,25.42,nasa,0.74
2023-03-08,26.26,21.05,16.86,25.37,nasa,0.78
2023-03-09,2.37,21.27,18.62,25.24,nasa,0.8
2023-03-10,9.0,20.99,18.68,25.11,nasa,0.8
2023-03-11,8.86,21.11,18.14,24.34,nasa,0.81
2023-03-12,2.71,22.11,17.67,26.74,nasa,0.8
2023-03-13,2.76,21.76,19.28,25.65,nasa,0.8
2023-03-14,2.57,21.35,18.45,25.1,nasa,0.79
2023-03-15,5.33,20.92,18.44,24.98,nasa,0.79
2023-03-16,1.27,21.53,17.74,26.41,nasa,0.79
2023-03-17,4.65,21.22,17.69,25.78,nasa,0.79
2023-03-18,0.21,21.58,16.69,26.69,nasa,0.78
2023-03-19,0.13,21.73,17.32,27.05,nasa,0.78
2023-03-20,0.1,20.93,18.18,24.28,nasa,0.77
2023-03-21,0.0,21.5,16.84,26.74,nasa,0.77
2023-03-22,0.02,21.87,16.9,27.94,nasa,0.76
2023-03-23,0.04,21.93,17.16,27.91,nasa,0.75
2023-03-24,0.12,21.85,17.0,27.8,nasa,0.74
2023-03-25,0.0,21.9,16.07,28.18,nasa,0.73
2023-03-26,0.0,22.88,16.19,29.28,nasa,0.73
2023-03-27,1.03,23.3,16.75,29.68,nasa,0.72
2023-03-28,7.38,22.49,17.33,27.91,nasa,0.72
2023-03-29,1.73,21.6,18.26,26.48,nasa,0.73
2023-03-30,0.07,22.09,17.59,28.14,nasa,0.72
2023-03-31,0.51,22.38,16.24,29.09,nasa,0.72
2023-04-01,0.79,21.74,18.21,26.6,nasa,0.71
2023-04-02,1.05,21.81,16.75,27.22,nasa,0.71
2023-04-03,8.78,19.97,17.49,23.98,nasa,0.72
2023-04-04,2.98,21.01,16.46,26.29,nasa,0.73
2023-04-05,2.55,21.21,16.05,26.84,nasa,0.72
2023-04-06,5.25,21.82,15.84,27.57,nasa,0.72
2023-04-07,10.08,21.51,18.0,25.78,nasa,0.73
2023-04-08,3.38,21.67,17.62,27.11,nasa,0.74
2023-04-09,1.46,21.67,18.46,26.71,nasa,0.74
2023-04-10,0.62,21.55,17.87,26.9,nasa,0.73
2023-04-11,10.01,20.94,17.23,26.3,nasa,0.73
2023-04-12,14.52,20.05,17.7,23.02,nasa,0.75
2023-04-13,0.46,21.9,16.34,27.25,nasa,0.76
2023-04-14,7.2,22.32,19.04,26.78,nasa,0.75
2023-04-15,0.17,21.71,17.42,27.47,nasa,0.75
2023-04-16,0.0,21.56,16.97,27.41,nasa,0.74
2023-04-17,0.0,21.69,15.28,28.09,nasa,0.73
2023-04-18,10.22,22.02,17.47,27.34,nasa,0.73
2023-04-19,7.51,21.01,18.64,23.73,nasa,0.75
2023-04-20,0.11,17.67,12.8,23.46,nasa,0.75
2023-04-21,0.02,18.52,11.85,25.29,nasa,0.74
2023-04-22,0.06,19.8,16.13,25.18,nasa,0.74
2023-04-23,0.36,19.45,15.26,25.47,nasa,0.73
2023-04-24,0.02,19.27,13.57,25.79,nasa,0.72
2023-04-25,0.0,19.67,14.07,25.79,nasa,0.72
2023-04-26,0.9,20.75,15.29,26.61,nasa,0.71
2023-04-27,4.92,21.07,16.32,26.51,nasa,0.71
2023-04-28,1.52,21.27,17.02,26.85,nasa,0.71
2023-04-29,0.29,20.87,15.94,27.11,nasa,0.71
2023-04-30,0.75,20.29,14.18,25.97,nasa,0.7
2023-05-01,0.08,19.55,14.17,26.11,nasa,0.7
2023-05-02,0.0,18.31,12.4,26.17,nasa,0.7
2023-05-03,0.0,19.08,12.38,26.58,nasa,0.69
2023-05-04,0.01,19.73,12.98,27.14,nasa,0.69
2023-05-05,0.0,20.28,14.33,27.55,nasa,0.68
2023-05-06,0.05,20.23,14.42,27.37,nasa,0.68
2023-05-07,0.07,19.87,14.94,27.08,nasa,0.68
2023-05-08,0.03,19.77,13.81,27.03,nasa,0.67
2023-05-09,0.0,19.99,14.26,26.85,nasa,0.67
2023-05-10,0.0,20.48,15.25,27.52,nasa,0.67
2023-05-11,0.0,20.32,15.19,26.85,nasa,0.66
2023-05-12,0.0,19.09,13.38,26.58,nasa,0.66
2023-05-13,0.0,17.01,10.38,25.58,nasa,0.66
2023-05-14,0.02,17.38,9.9,26.67,nasa,0.66
2023-05-15,0.0,17.38,10.27,26.9,nasa,0.65
2023-05-16,0.05,16.79,9.34,26.51,nasa,0.65
2023-05-17,0.12,16.53,8.97,26.45,nasa,0.65
2023-05-18,0.1,16.55,9.15,26.03,nasa,0.65
2023-05-19,0.0,16.38,9.02,25.88,nasa,0.65
2023-05-20,0.02,16.28,9.04,25.27,nasa,0.65
2023-05-21,0.0,16.17,10.14,24.8,nasa,0.64
2023-05-22,0.21,17.11,9.93,25.03,nasa,0.64
2023-05-23,0.0,17.44,11.91,24.88,nasa,0.64
2023-05-24,0.0,17.75,12.01,25.19,nasa,0.64
2023-05-25,0.0,18.74,13.67,25.64,nasa,0.64
2023-05-26,0.0,18.62,12.44,25.74,nasa,0.64
2023-05-27,0.0,19.84,13.3,26.16,nasa,0.64
2023-05-28,0.0,19.92,13.96,27.29,nasa,0.64
2023-05-29,3.18,19.98,14.92,26.8,nasa,0.64
2023-05-30,1.08,19.15,14.73,25.33,nasa,0.64
2023-05-31,4.48,18.55,14.59,24.13,nasa,0.65
2023-06-01,0.1,18.14,13.21,25.74,nasa,0.65
2023-06-02,0.02,17.15,10.51,25.56,nasa,0.64
2023-06-03,0.13,17.24,11.48,25.65,nasa,0.64
2023-06-04,0.36,17.04,10.38,25.31,nasa,0.64
2023-06-05,0.04,16.51,8.98,24.82,nasa,0.64
2023-06-06,0.0,16.78,9.96,25.38,nasa,0.64
2023-06-07,0.04,17.34,10.0,25.42,nasa,0.63
2023-06-08,0.06,17.41,10.16,25.58,nasa,0.63
2023-06-09,0.0,18.55,10.44,26.25,nasa,0.63
2023-06-10,0.0,19.79,13.16,26.84,nasa,0.63
2023-06-11,0.0,19.93,13.68,27.49,nasa,0.63
2023-06-12,0.0,20.02,14.0,27.66,nasa,0.63
2023-06-13,0.01,20.13,13.15,28.24,nasa,0.62
2023-06-14,0.0,20.68,13.31,28.04,nasa,0.62
2023-06-15,0.02,19.85,14.52,26.05,nasa,0.62
2023-06-16,0.43,18.77,15.08,25.17,nasa,0.62
2023-06-17,0.09,17.96,12.63,24.9,nasa,0.62
2023-06-18,0.0,16.59,9.76,25.72,nasa,0.62
2023-06-19,0.0,17.03,9.85,25.95,nasa,0.62
2023-06-20,0.0,17.13,10.43,25.3,nasa,0.62
2023-06-21,0.0,16.93,9.9,25.48,nasa,0.62
2023-06-22,0.0,16.71,9.54,25.53,nasa,0.62
2023-06-23,0.0,17.0,9.78,25.6,nasa,0.62
2023-06-24,0.0,17.35,10.68,24.88,nasa,0.62
2023-06-25,0.0,16.79,12.25,24.01,nasa,0.61
2023-06-26,0.0,17.65,10.78,26.45,nasa,0.61
2023-06-27,0.0,17.85,10.45,26.3,nasa,0.61
2023-06-28,0.0,17.96,10.21,26.25,nasa,0.61
2023-06-29,0.0,17.41,10.17,26.22,nasa,0.61
2023-06-30,0.0,17.84,11.38,26.24,nasa,0.61
2023-07-01,0.0,17.73,10.87,26.17,nasa,0.61
2023-07-02,0.0,17.44,10.4,26.14,nasa,0.61
2023-07-03,0.0,16.65,10.65,24.86,nasa,0.61
2023-07-04,0.0,15.61,8.73,24.39,nasa,0.61
2023-07-05,0.0,15.54,8.58,24.27,nasa,0.61
2023-07-06,0.02,15.26,7.99,23.93,nasa,0.61
2023-07-07,0.0,16.93,8.76,25.39,nasa,0.61
2023-07-08,0.17,17.98,10.57,26.49,nasa,0.61
2023-07-09,0.0,20.62,15.76,28.31,nasa,0.61
2023-07-10,0.0,20.79,12.74,28.82,nasa,0.6
2023-07-11,0.0,21.44,13.99,29.42,nasa,0.6
2023-07-12,0.0,21.06,13.24,29.39,nasa,0.6
2023-07-13,1.17,20.92,14.25,28.9,nasa,0.6
2023-07-14,2.47,16.05,11.09,24.06,nasa,0.61
2023-07-15,0.0,18.49,9.12,27.69,nasa,0.61
2023-07-16,0.0,21.13,13.68,27.92,nasa,0.6
2023-07-17,0.01,21.9,16.49,28.36,nasa,0.6
2023-07-18,0.09,22.41,16.4,28.64,nasa,0.6
2023-07-19,1.02,21.25,16.44,27.22,nasa,0.6
2023-07-20,0.23,20.05,16.05,26.57,nasa,0.6
2023-07-21,0.0,18.09,14.59,24.3,nasa,0.6
2023-07-22,0.0,17.73,12.02,24.84,nasa,0.6
2023-07-23,0.0,18.65,11.79,26.79,nasa,0.6
2023-07-24,0.0,19.39,13.95,26.01,nasa,0.6
2023-07-25,0.0,19.43,13.04,26.89,nasa,0.6
2023-07-26,0.0,19.71,11.85,27.37,nasa,0.6
2023-07-27,0.0,20.21,12.49,28.45,nasa,0.6
2023-07-28,0.0,20.88,13.81,28.23,nasa,0.6
2023-07-29,0.0,20.79,15.07,28.13,nasa,0.6
2023-07-30,0.0,21.16,13.95,28.69,nasa,0.59
2023-07-31,0.0,21.0,13.91,28.35,nasa,0.59
2023-08-01,0.0,20.54,13.41,29.32,nasa,0.59
2023-08-02,0.0,19.91,12.25,29.35,nasa,0.59
2023-08-03,0.0,21.04,12.79,29.91,nasa,0.59
2023-08-04,0.0,21.84,12.54,30.83,nasa,0.59
2023-08-05,0.0,21.73,12.93,31.2,nasa,0.59
2023-08-06,0.0,20.94,14.1,30.02,nasa,0.59
2023-08-07,0.0,21.14,11.82,30.18,nasa,0.59
2023-08-08,0.0,22.11,13.87,31.87,nasa,0.59
2023-08-09,0.0,21.15,14.88,29.98,nasa,0.59
2023-08-10,0.0,21.44,14.61,30.68,nasa,0.59
2023-08-11,0.0,22.82,13.9,32.06,nasa,0.59
2023-08-12,0.0,23.78,15.4,32.63,nasa,0.59
2023-08-13,0.52,23.08,17.33,29.35,nasa,0.59
2023-08-14,0.02,23.43,17.88,30.32,nasa,0.59
2023-08-15,0.01,22.16,16.56,28.81,nasa,0.59
2023-08-16,0.0,20.9,17.04,26.79,nasa,0.59
2023-08-17,0.0,21.55,15.45,28.65,nasa,0.59
2023-08-18,0.0,22.1,14.59,30.54,nasa,0.59
2023-08-19,0.7,22.26,15.55,31.16,nasa,0.59
2023-08-20,9.02,21.59,15.83,29.95,nasa,0.59
2023-08-21,0.12,21.46,14.93,29.24,nasa,0.6
2023-08-22,0.0,22.6,15.53,30.84,nasa,0.6
2023-08-23,0.0,24.34,16.59,33.15,nasa,0.6
2023-08-24,0.03,25.66,19.7,34.08,nasa,0.6
2023-08-25,0.57,24.15,19.42,31.85,nasa,0.59
2023-08-26,1.26,24.2,19.1,32.13,nasa,0.59
2023-08-27,4.66,21.72,15.59,30.09,nasa,0.6
2023-08-28,0.8,21.37,15.09,29.8,nasa,0.6
2023-08-29,4.71,21.54,15.25,30.21,nasa,0.6
2023-08-30,2.64,22.57,16.4,29.73,nasa,0.61
2023-08-31,1.42,23.52,17.34,31.18,nasa,0.61
2023-09-01,0.16,23.48,16.66,31.2,nasa,0.61
2023-09-02,0.01,24.32,18.74,31.31,nasa,0.6
2023-09-03,1.02,24.85,18.29,32.39,nasa,0.6
2023-09-04,0.14,26.16,18.77,33.73,nasa,0.6
2023-09-05,1.82,23.58,20.86,27.06,nasa,0.6
2023-09-06,0.02,24.03,19.09,31.03,nasa,0.6
2023-09-07,0.03,22.0,17.27,29.41,nasa,0.6
2023-09-08,0.01,22.25,15.22,30.46,nasa,0.59
2023-09-09,0.0,22.66,14.05,31.22,nasa,0.59
2023-09-10,0.0,23.28,15.26,32.22,nasa,0.59
2023-09-11,0.0,23.05,15.84,32.0,nasa,0.59
2023-09-12,0.0,23.42,15.76,31.84,nasa,0.59
2023-09-13,0.0,25.48,16.91,34.88,nasa,0.59
2023-09-14,0.04,25.1,18.37,33.45,nasa,0.58
2023-09-15,0.14,24.52,17.7,32.96,nasa,0.58
2023-09-16,0.04,25.21,19.04,32.38,nasa,0.58
2023-09-17,0.04,25.85,20.58,32.85,nasa,0.58
2023-09-18,0.0,26.07,18.69,34.94,nasa,0.58
2023-09-19,0.0,26.07,17.89,34.75,nasa,0.58
2023-09-20,0.01,27.21,19.2,35.31,nasa,0.58
2023-09-21,0.0,27.09,19.31,34.95,nasa,0.58
2023-09-22,0.0,27.89,20.5,35.27,nasa,0.58
2023-09-23,0.0,29.63,22.63,36.2,nasa,0.58
2023-09-24,0.04,31.06,24.33,37.26,nasa,0.58
2023-09-25,0.13,31.44,24.38,38.53,nasa,0.58
2023-09-26,0.02,31.08,26.22,37.37,nasa,0.58
2023-09-27,1.43,29.33,24.65,35.21,nasa,0.58
2023-09-28,6.78,28.03,22.65,35.54,nasa,0.59
2023-09-29,20.45,25.14,21.12,30.11,nasa,0.62
2023-09-30,5.19,25.89,19.29,32.96,nasa,0.63
2023-10-01,44.39,22.5,20.71,24.74,nasa,0.67
2023-10-02,11.39,24.05,19.38,30.25,nasa,0.71
2023-10-03,1.22,25.1,20.13,30.51,nasa,0.7
2023-10-04,0.14,25.92,20.05,31.71,nasa,0.68
2023-10-05,0.54,26.31,19.84,32.38,nasa,0.67
2023-10-06,2.07,26.65,21.05,33.61,nasa,0.66
2023-10-07,1.96,26.46,20.62,32.86,nasa,0.65
2023-10-08,3.19,26.89,21.8,33.38,nasa,0.65
2023-10-09,2.19,25.89,21.43,31.79,nasa,0.65
2023-10-10,0.04,26.7,19.59,33.41,nasa,0.64
2023-10-11,0.02,26.88,20.99,33.02,nasa,0.63
2023-10-12,2.67,27.61,21.47,34.4,nasa,0.63
2023-10-13,22.59,24.49,21.79,28.66,nasa,0.66
2023-10-14,0.69,25.43,20.47,31.55,nasa,0.66
2023-10-15,0.31,24.29,20.95,29.2,nasa,0.66
2023-10-16,0.0,25.67,18.98,32.8,nasa,0.65
2023-10-17,0.0,26.25,18.82,33.56,nasa,0.64
2023-10-18,0.0,26.81,19.74,34.0,nasa,0.63
2023-10-19,4.1,26.07,20.48,33.16,nasa,0.63
2023-10-20,1.01,25.48,19.42,32.43,nasa,0.63
2023-10-21,0.03,25.74,19.37,32.92,nasa,0.62
2023-10-22,0.0,25.54,18.44,33.66,nasa,0.62
2023-10-23,0.0,26.66,18.35,34.64,nasa,0.61
2023-10-24,4.2,27.45,20.58,35.46,nasa,0.61
2023-10-25,7.73,24.88,21.26,31.61,nasa,0.62
2023-10-26,4.81,25.66,20.4,32.17,nasa,0.63
2023-10-27,12.32,25.22,20.8,30.61,nasa,0.64
2023-10-28,6.76,24.92,20.2,31.4,nasa,0.65
2023-10-29,8.1,25.54,21.43,30.18,nasa,0.66
2023-10-30,2.18,25.92,21.41,30.86,nasa,0.66
2023-10-31,1.95,25.08,21.53,30.06,nasa,0.65
2023-11-01,0.91,25.18,20.14,30.91,nasa,0.65
2023-11-02,6.95,24.72,20.28,32.5,nasa,0.65
2023-11-03,11.26,23.36,19.9,27.81,nasa,0.66
2023-11-04,1.61,24.06,19.68,30.02,nasa,0.67
2023-11-05,0.0,23.1,15.2,31.86,nasa,0.66
2023-11-06,0.03,24.01,15.35,32.5,nasa,0.65
2023-11-07,0.0,24.99,18.11,32.39,nasa,0.64
2023-11-08,0.0,24.7,16.52,32.76,nasa,0.63
2023-11-09,0.0,25.03,16.32,33.86,nasa,0.63
2023-11-10,0.0,25.19,16.56,34.49,nasa,0.62
2023-11-11,0.0,26.77,18.69,35.98,nasa,0.61
2023-11-12,0.0,28.28,18.81,37.24,nasa,0.61
2023-11-13,0.0,29.39,20.72,38.4,nasa,0.6
2023-11-14,0.0,30.62,20.78,39.51,nasa,0.6
2023-11-15,0.57,31.45,21.46,39.78,nasa,0.6
2023-11-16,1.69,30.87,21.68,38.65,nasa,0.6
2023-11-17,0.16,31.4,24.35,39.48,nasa,0.59
2023-11-18,0.13,30.33,23.25,37.62,nasa,0.59
2023-11-19,5.23,30.06,23.23,37.95,nasa,0.59
2023-11-20,3.99,26.16,20.96,32.58,nasa,0.6
2023-11-21,5.7,24.54,21.28,29.44,nasa,0.61
2023-11-22,3.74,26.19,20.93,32.33,nasa,0.61
2023-11-23,2.7,26.18,20.06,32.53,nasa,0.62
2023-11-24,1.52,26.44,20.65,32.79,nasa,0.61
2023-11-25,1.21,25.44,20.2,31.62,nasa,0.61
2023-11-26,0.31,25.7,20.15,32.48,nasa,0.61
2023-11-27,1.6,24.72,19.94,29.76,nasa,0.61
2023-11-28,5.36,25.79,19.48,32.79,nasa,0.61
2023-11-29,13.16,23.59,20.3,26.65,nasa,0.63
2023-11-30,0.22,24.96,19.31,31.89,nasa,0.63
2023-12-01,0.98,26.5,19.61,33.79,nasa,0.63
2023-12-02,9.63,26.29,21.01,31.61,nasa,0.63
2023-12-03,6.2,25.95,19.11,32.53,nasa,0.64
2023-12-04,1.53,23.5,20.42,26.53,nasa,0.64
2023-12-05,12.38,25.7,20.41,31.78,nasa,0.64
2023-12-06,0.85,26.11,19.9,32.29,nasa,0.65
2023-12-07,0.0,27.34,19.41,34.05,nasa,0.64
2023-12-08,2.13,27.42,20.41,34.54,nasa,0.63
2023-12-09,1.34,26.98,22.25,33.13,nasa,0.63
2023-12-10,1.53,26.45,19.75,33.39,nasa,0.62
2023-12-11,11.6,25.58,21.27,31.84,nasa,0.63
2023-12-12,1.38,25.82,19.46,32.4,nasa,0.63
2023-12-13,0.41,26.78,19.89,33.42,nasa,0.63
2023-12-14,0.48,27.17,20.68,34.33,nasa,0.62
2023-12-15,0.03,27.47,20.09,35.27,nasa,0.61
2023-12-16,0.0,26.81,19.1,34.97,nasa,0.61
2023-12-17,0.01,26.79,19.73,34.37,nasa,0.6
2023-12-18,0.5,27.53,19.5,35.17,nasa,0.6
2023-12-19,1.35,27.36,21.18,33.14,nasa,0.6
2023-12-20,2.54,26.01,20.32,33.37,nasa,0.6
2023-12-21,4.18,24.88,21.28,31.33,nasa,0.6
2023-12-22,8.89,23.77,20.3,29.17,nasa,0.61
2023-12-23,25.6,23.89,19.61,29.14,nasa,0.64
2023-12-24,3.14,24.0,20.27,28.85,nasa,0.66
2023-12-25,3.39,24.99,20.57,30.46,nasa,0.65
2023-12-26,0.4,25.78,21.15,30.83,nasa,0.65
2023-12-27,1.46,26.13,20.31,31.96,nasa,0.64
2023-12-28,0.74,27.23,20.68,33.01,nasa,0.64
2023-12-29,0.89,28.05,21.63,34.05,nasa,0.63
2023-12-30,0.63,26.07,21.86,31.28,nasa,0.63
2023-12-31,13.18,24.84,20.58,30.43,nasa,0.63
2024-01-01,10.25,23.59,20.49,27.79,nasa,0.66
2024-01-02,7.15,23.07,19.29,27.77,nasa,0.66
2024-01-03,23.22,22.48,20.43,25.59,nasa,0.68
2024-01-04,7.6,22.74,20.14,25.76,nasa,0.71
2024-01-05,1.15,23.86,18.66,29.39,nasa,0.7
2024-01-06,0.27,25.26,18.93,30.88,nasa,0.68
2024-01-07,1.45,24.85,20.16,30.07,nasa,0.67
2024-01-08,0.6,23.36,20.76,26.97,nasa,0.66
2024-01-09,5.23,22.48,20.01,26.45,nasa,0.66
2024-01-10,1.97,22.91,19.44,27.24,nasa,0.67
2024-01-11,0.42,24.96,19.97,31.35,nasa,0.66
2024-01-12,8.73,24.85,19.88,30.24,nasa,0.65
2024-01-13,4.14,24.01,20.31,27.84,nasa,0.66
2024-01-14,6.54,23.75,19.6,29.02,nasa,0.66
2024-01-15,0.91,23.45,20.24,28.04,nasa,0.67
2024-01-16,0.0,25.25,19.12,31.85,nasa,0.66
2024-01-17,0.21,27.39,19.83,33.52,nasa,0.65
2024-01-18,5.74,26.7,22.34,31.44,nasa,0.64
2024-01-19,6.02,24.86,21.06,29.64,nasa,0.65
2024-01-20,4.27,25.22,19.95,31.3,nasa,0.65
2024-01-21,0.71,24.93,20.33,31.16,nasa,0.65
2024-01-22,0.32,25.39,18.95,31.81,nasa,0.64
2024-01-23,2.88,25.07,20.11,31.47,nasa,0.64
2024-01-24,4.52,24.67,19.36,31.1,nasa,0.64
2024-01-25,0.08,24.61,18.42,32.06,nasa,0.64
2024-01-26,0.02,24.16,16.04,32.2,nasa,0.63
2024-01-27,0.02,24.62,16.32,31.73,nasa,0.62
2024-01-28,2.59,25.92,19.49,32.54,nasa,0.62
2024-01-29,1.5,25.78,19.14,33.65,nasa,0.62
2024-01-30,0.0,26.21,18.56,34.54,nasa,0.61
2024-01-31,1.55,25.32,19.02,32.55,nasa,0.61
2024-02-01,13.17,23.69,18.65,31.42,nasa,0.62
2024-02-02,1.16,22.51,19.47,26.73,nasa,0.63
2024-02-03,6.4,22.82,18.82,28.09,nasa,0.63
2024-02-04,1.81,22.78,17.91,28.11,nasa,0.64
2024-02-05,5.4,23.31,17.86,29.42,nasa,0.64
2024-02-06,0.55,24.1,18.18,30.53,nasa,0.64
2024-02-07,12.54,22.89,18.81,28.09,nasa,0.65
2024-02-08,2.39,23.23,18.5,29.06,nasa,0.66
2024-02-09,1.73,23.51,18.61,29.86,nasa,0.65
2024-02-10,0.24,23.53,18.04,29.85,nasa,0.65
2024-02-11,2.23,23.61,18.96,29.75,nasa,0.64
2024-02-12,0.34,24.45,17.7,31.94,nasa,0.64
2024-02-13,0.03,25.27,17.86,33.59,nasa,0.63
2024-02-14,0.29,26.14,18.72,34.11,nasa,0.62
2024-02-15,2.13,24.72,19.58,31.96,nasa,0.62
2024-02-16,2.49,24.44,19.23,30.64,nasa,0.62
2024-02-17,4.22,24.84,19.56,31.62,nasa,0.62
2024-02-18,3.8,23.62,17.89,28.58,nasa,0.62
2024-02-19,3.21,23.62,19.05,29.6,nasa,0.63
2024-02-20,4.38,22.0,19.06,25.92,nasa,0.63
2024-02-21,7.19,22.61,19.77,28.07,nasa,0.64
2024-02-22,2.57,24.2,19.47,30.65,nasa,0.64
2024-02-23,7.6,22.83,19.69,27.6,nasa,0.65
2024-02-24,1.6,24.16,19.21,29.85,nasa,0.65
2024-02-25,0.92,24.63,19.44,30.6,nasa,0.65
2024-02-26,1.0,24.78,20.1,31.5,nasa,0.64
2024-02-27,0.0,24.64,17.06,32.74,nasa,0.63
2024-02-28,0.52,26.13,18.3,34.04,nasa,0.63
2024-02-29,0.66,27.67,19.77,35.42,nasa,0.62
2024-03-01,1.63,27.49,22.19,35.18,nasa,0.62
2024-03-02,0.79,26.78,19.95,35.26,nasa,0.61
2024-03-03,0.36,26.98,18.92,34.96,nasa,0.61
2024-03-04,5.57,25.7,19.99,32.28,nasa,0.61
2024-03-05,4.57,24.46,19.89,30.56,nasa,0.61
2024-03-06,3.79,24.41,19.9,30.72,nasa,0.62
2024-03-07,6.15,25.14,20.86,31.38,nasa,0.62
2024-03-08,5.06,25.78,20.26,32.03,nasa,0.63
2024-03-09,11.44,25.93,20.73,31.77,nasa,0.63
2024-03-10,3.34,24.49,21.61,28.12,nasa,0.65
2024-03-11,0.59,25.99,19.67,32.25,nasa,0.64
2024-03-12,2.03,26.41,22.48,31.1,nasa,0.64
2024-03-13,11.8,26.02,21.36,32.03,nasa,0.64
2024-03-14,1.34,25.8,21.33,31.88,nasa,0.65
2024-03-15,0.39,26.59,20.4,32.68,nasa,0.64
2024-03-16,1.38,27.14,20.54,33.61,nasa,0.64
2024-03-17,1.32,27.42,21.81,33.89,nasa,0.63
2024-03-18,8.57,26.14,20.51,32.84,nasa,0.63
2024-03-19,10.48,26.47,21.7,32.51,nasa,0.64
2024-03-20,2.54,25.27,20.25,30.63,nasa,0.65
2024-03-21,2.92,23.83,21.26,27.06,nasa,0.65
2024-03-22,4.37,23.89,19.22,29.56,nasa,0.65
2024-03-23,7.2,22.04,19.17,26.01,nasa,0.66
2024-03-24,7.1,21.75,18.89,26.21,nasa,0.66
2024-03-25,14.66,21.2,19.0,24.67,nasa,0.67
2024-03-26,9.56,20.24,17.85,24.05,nasa,0.69
2024-03-27,13.0,20.77,16.97,26.05,nasa,0.7
2024-03-28,25.74,20.99,18.49,24.33,nasa,0.73
2024-03-29,5.74,23.05,18.86,27.5,nasa,0.74
2024-03-30,8.23,23.38,20.0,28.24,nasa,0.74
2024-03-31,0.42,22.85,18.91,27.67,nasa,0.73
2024-04-01,1.09,23.06,17.61,29.21,nasa,0.71
2024-04-02,5.11,23.57,18.65,28.41,nasa,0.7
2024-04-03,0.3,23.5,18.8,28.62,nasa,0.7
2024-04-04,0.38,23.73,18.66,29.06,nasa,0.69
2024-04-05,2.62,23.64,18.53,29.17,nasa,0.68
2024-04-06,1.0,23.42,18.59,29.13,nasa,0.67
2024-04-07,0.19,22.27,16.69,28.41,nasa,0.67
2024-04-08,0.0,22.37,16.72,28.68,nasa,0.66
2024-04-09,0.04,22.33,17.24,29.34,nasa,0.65
2024-04-10,0.11,23.53,16.69,30.25,nasa,0.65
2024-04-11,5.65,24.29,19.98,29.88,nasa,0.64
2024-04-12,2.4,23.29,19.74,28.65,nasa,0.65
2024-04-13,0.09,22.71,17.86,29.0,nasa,0.65
2024-04-14,0.0,22.62,17.85,28.34,nasa,0.64
2024-04-15,0.0,23.3,18.07,29.99,nasa,0.64
2024-04-16,0.0,23.71,18.62,30.82,nasa,0.63
2024-04-17,0.0,24.06,18.06,31.63,nasa,0.63
2024-04-18,6.23,23.9,18.89,30.44,nasa,0.63
2024-04-19,0.83,23.8,18.63,30.43,nasa,0.64
2024-04-20,0.06,22.6,17.35,30.06,nasa,0.63
2024-04-21,0.01,21.27,14.75,29.75,nasa,0.63
2024-04-22,0.0,21.9,14.47,29.9,nasa,0.62
2024-04-23,0.0,23.18,15.56,30.8,nasa,0.62
2024-04-24,0.0,23.85,17.47,31.15,nasa,0.62
2024-04-25,0.0,23.91,17.54,31.91,nasa,0.62
2024-04-26,0.0,23.55,17.48,31.5,nasa,0.61
2024-04-27,0.01,23.33,16.84,31.51,nasa,0.61
2024-04-28,0.0,23.74,16.68,31.88,nasa,0.61
2024-04-29,0.0,23.5,16.81,31.97,nasa,0.61
2024-04-30,0.0,23.79,16.44,32.38,nasa,0.6
2024-05-01,0.0,23.85,16.7,32.57,nasa,0.6
2024-05-02,0.01,23.97,16.73,33.01,nasa,0.6
2024-05-03,0.05,24.45,17.96,32.81,nasa,0.6
2024-05-04,0.0,23.0,15.56,32.55,nasa,0.6
2024-05-05,0.0,22.61,15.93,31.59,nasa,0.6
2024-05-06,0.0,22.82,16.31,31.56,nasa,0.6
2024-05-07,0.04,23.03,17.14,30.89,nasa,0.6
2024-05-08,0.0,22.43,15.37,31.1,nasa,0.6
2024-05-09,0.0,22.27,14.89,31.07,nasa,0.6
2024-05-10,0.02,22.81,15.47,31.21,nasa,0.59
2024-05-11,0.27,23.68,16.86,31.52,nasa,0.59
2024-05-12,0.0,23.68,16.06,32.27,nasa,0.59
2024-05-13,0.01,23.59,17.05,32.37,nasa,0.59
2024-05-14,0.0,22.51,14.78,32.3,nasa,0.59
2024-05-15,0.0,22.75,15.43,31.57,nasa,0.59
2024-05-16,0.0,23.32,16.64,32.03,nasa,0.59
2024-05-17,0.0,22.86,15.29,30.84,nasa,0.59
2024-05-18,0.0,22.92,15.92,31.12,nasa,0.59
2024-05-19,0.0,23.68,17.02,31.66,nasa,0.59
2024-05-20,0.0,23.39,16.08,31.87,nasa,0.59
2024-05-21,0.0,22.46,16.08,30.75,nasa,0.59
2024-05-22,0.01,21.41,15.47,29.86,nasa,0.59
2024-05-23,0.07,21.51,15.03,30.12,nasa,0.59
2024-05-24,0.05,22.88,15.32,31.22,nasa,0.59
2024-05-25,0.42,23.41,16.5,31.33,nasa,0.59
2024-05-26,0.8,23.13,17.15,30.61,nasa,0.59
2024-05-27,0.41,22.95,16.05,29.87,nasa,0.59
2024-05-28,0.07,22.18,15.24,30.25,nasa,0.59
2024-05-29,0.0,20.13,12.89,29.31,nasa,0.59
2024-05-30,0.0,19.46,11.75,29.0,nasa,0.59
2024-05-31,0.0,18.76,11.09,28.37,nasa,0.59
2024-06-01,0.0,19.34,12.58,27.23,nasa,0.59
2024-06-02,0.23,19.91,14.0,26.66,nasa,0.59
2024-06-03,0.05,20.63,13.94,27.37,nasa,0.59
2024-06-04,0.0,20.23,13.28,28.59,nasa,0.59
2024-06-05,0.0,19.97,13.77,27.99,nasa,0.59
2024-06-06,0.0,19.68,12.95,27.91,nasa,0.59
2024-06-07,0.0,20.26,13.51,28.65,nasa,0.59
2024-06-08,0.0,20.34,13.69,28.98,nasa,0.59
2024-06-09,0.0,19.99,13.52,28.92,nasa,0.59
2024-06-10,0.01,20.39,12.25,28.94,nasa,0.59
2024-06-11,0.0,20.98,13.15,29.64,nasa,0.59
2024-06-12,0.2,19.57,12.59,28.81,nasa,0.59
2024-06-13,0.01,18.98,11.47,28.29,nasa,0.59
2024-06-14,0.0,19.41,12.63,27.98,nasa,0.59
2024-06-15,0.0,20.03,12.7,29.04,nasa,0.59
2024-06-16,0.0,19.45,12.24,28.21,nasa,0.59
2024-06-17,0.0,18.83,12.24,27.7,nasa,0.59
2024-06-18,0.0,19.2,12.03,28.11,nasa,0.59
2024-06-19,0.01,20.05,12.51,28.84,nasa,0.59
2024-06-20,0.0,19.79,13.24,28.33,nasa,0.59
2024-06-21,0.0,19.39,12.22,27.89,nasa,0.58
2024-06-22,0.0,19.57,13.16,27.54,nasa,0.58
2024-06-23,0.0,19.99,13.2,28.23,nasa,0.58
2024-06-24,0.0,21.34,14.8,29.21,nasa,0.58
2024-06-25,0.0,21.67,15.13,30.13,nasa,0.58
2024-06-26,0.0,21.52,14.41,29.72,nasa,0.58
2024-06-27,0.0,21.82,15.42,29.84,nasa,0.58
2024-06-28,0.0,21.93,15.85,30.36,nasa,0.58
2024-06-29,0.0,20.86,13.89,29.66,nasa,0.58
2024-06-30,0.0,21.99,14.58,29.84,nasa,0.58
2024-07-01,0.0,21.75,16.05,28.83,nasa,0.58
2024-07-02,0.0,20.48,14.2,28.25,nasa,0.58
2024-07-03,0.0,20.12,13.44,28.34,nasa,0.58
2024-07-04,0.0,20.05,12.56,28.5,nasa,0.58
2024-07-05,0.0,20.07,12.12,28.42,nasa,0.58
2024-07-06,0.0,20.36,12.95,28.85,nasa,0.58
2024-07-07,0.0,20.93,13.15,29.51,nasa,0.58
2024-07-08,0.0,22.33,15.51,30.53,nasa,0.58
2024-07-09,0.0,22.38,14.97,30.9,nasa,0.58
2024-07-10,0.0,23.6,15.77,31.27,nasa,0.58
2024-07-11,0.0,23.33,15.78,31.75,nasa,0.58
2024-07-12,0.01,21.78,14.64,30.44,nasa,0.58
2024-07-13,0.0,20.16,14.12,28.29,nasa,0.58
2024-07-14,0.0,19.46,12.58,27.51,nasa,0.58
2024-07-15,0.0,19.33,11.98,27.87,nasa,0.58
2024-07-16,0.0,19.6,12.72,28.29,nasa,0.58
2024-07-17,0.0,20.48,12.65,28.62,nasa,0.58
2024-07-18,0.0,20.64,13.29,28.92,nasa,0.58
2024-07-19,0.0,20.42,13.06,29.47,nasa,0.58
2024-07-20,0.0,19.93,12.55,29.04,nasa,0.58
2024-07-21,0.0,19.2,12.53,28.07,nasa,0.58
2024-07-22,0.0,19.77,11.79,28.92,nasa,0.58
2024-07-23,0.0,19.7,11.95,29.22,nasa,0.58
2024-07-24,0.0,19.3,12.04,28.69,nasa,0.58
2024-07-25,0.0,19.07,11.53,28.09,nasa,0.58
2024-07-26,0.0,19.26,11.82,28.39,nasa,0.58
2024-07-27,0.2,20.41,12.46,29.55,nasa,0.58
2024-07-28,0.0,21.7,14.84,30.26,nasa,0.58
2024-07-29,0.0,22.23,15.12,30.15,nasa,0.58
2024-07-30,0.0,23.31,15.98,31.25,nasa,0.58
2024-07-31,0.03,21.33,15.67,28.51,nasa,0.58
2024-08-01,0.0,20.54,14.32,27.49,nasa,0.58
2024-08-02,0.0,20.3,13.94,26.85,nasa,0.58
2024-08-03,0.06,20.73,13.82,28.0,nasa,0.58
2024-08-04,0.13,20.91,15.08,27.56,nasa,0.58
2024-08-05,0.0,21.16,14.44,28.49,nasa,0.58
2024-08-06,0.0,21.59,15.99,29.05,nasa,0.58
2024-08-07,0.0,20.43,12.59,28.18,nasa,0.58
2024-08-08,0.0,22.34,14.87,30.66,nasa,0.58
2024-08-09,0.0,22.81,16.23,31.37,nasa,0.58
2024-08-10,0.06,16.8,10.78,22.43,nasa,0.58
2024-08-11,0.0,16.25,6.43,28.29,nasa,0.58
2024-08-12,0.0,16.78,7.55,28.11,nasa,0.58
2024-08-13,0.01,19.02,8.75,29.98,nasa,0.58
2024-08-14,0.0,20.28,11.97,30.21,nasa,0.58
2024-08-15,0.0,23.11,15.64,31.48,nasa,0.58
2024-08-16,0.0,23.9,16.02,33.02,nasa,0.58
2024-08-17,0.0,24.28,16.68,33.67,nasa,0.58
2024-08-18,0.0,23.83,15.24,32.96,nasa,0.58
2024-08-19,0.0,22.91,14.79,32.19,nasa,0.58
2024-08-20,0.0,23.43,16.09,32.92,nasa,0.58
2024-08-21,0.0,22.94,14.2,32.76,nasa,0.58
2024-08-22,0.0,22.41,14.42,32.07,nasa,0.58
2024-08-23,0.0,23.77,15.63,33.23,nasa,0.58
2024-08-24,0.0,24.65,16.19,33.66,nasa,0.58
2024-08-25,0.0,22.77,15.32,32.49,nasa,0.58
2024-08-26,0.0,20.24,12.91,29.78,nasa,0.58
2024-08-27,0.0,22.07,13.34,31.87,nasa,0.58
2024-08-28,0.0,22.51,14.87,31.51,nasa,0.58
2024-08-29,0.0,22.1,14.88,31.01,nasa,0.58
2024-08-30,0.21,21.98,13.62,32.21,nasa,0.58
2024-08-31,0.0,22.88,13.27,33.37,nasa,0.58
2024-09-01,0.0,23.63,13.85,33.87,nasa,0.58
2024-09-02,0.0,25.6,17.59,35.46,nasa,0.58
2024-09-03,0.0,26.28,17.94,35.98,nasa,0.58
2024-09-04,0.0,25.84,16.76,36.01,nasa,0.58
2024-09-05,0.0,25.97,17.32,35.67,nasa,0.58
2024-09-06,0.03,26.46,19.95,35.35,nasa,0.58
2024-09-07,0.0,25.89,19.37,34.35,nasa,0.58
2024-09-08,0.0,24.44,17.65,32.78,nasa,0.58
2024-09-09,0.0,24.11,16.68,33.26,nasa,0.58
2024-09-10,0.0,23.77,15.5,33.14,nasa,0.58
2024-09-11,0.0,23.89,15.47,33.05,nasa,0.58
2024-09-12,0.0,24.16,15.48,33.28,nasa,0.58
2024-09-13,0.0,24.87,16.86,33.43,nasa,0.58
2024-09-14,0.0,24.57,16.67,33.51,nasa,0.58
2024-09-15,0.0,25.19,16.75,34.24,nasa,0.58
2024-09-16,0.0,25.96,17.7,34.3,nasa,0.58
2024-09-17,0.0,26.39,17.44,34.95,nasa,0.58
2024-09-18,3.02,26.13,19.3,33.85,nasa,0.58
2024-09-19,0.04,25.61,18.94,33.46,nasa,0.58
2024-09-20,0.0,25.86,18.99,33.9,nasa,0.58
2024-09-21,0.21,26.87,19.66,34.66,nasa,0.58
2024-09-22,0.02,26.82,19.1,34.71,nasa,0.58
2024-09-23,0.0,28.53,22.07,35.76,nasa,0.58
2024-09-24,0.0,28.04,21.44,35.57,nasa,0.58
2024-09-25,0.0,26.91,19.89,34.87,nasa,0.58
2024-09-26,0.0,27.0,19.37,35.26,nasa,0.58
2024-09-27,0.0,28.2,19.67,37.08,nasa,0.58
2024-09-28,0.49,28.02,21.54,34.98,nasa,0.58
2024-09-29,0.04,27.23,20.24,35.4,nasa,0.58
2024-09-30,0.0,26.61,19.64,34.12,nasa,0.58
2024-10-01,0.0,26.45,19.82,34.28,nasa,0.58
2024-10-02,0.0,28.11,19.39,36.91,nasa,0.58
2024-10-03,0.0,29.57,19.55,38.29,nasa,0.58
2024-10-04,0.02,30.2,22.47,37.9,nasa,0.58
2024-10-05,0.0,29.04,22.92,37.46,nasa,0.58
2024-10-06,0.0,28.91,20.69,37.37,nasa,0.58
2024-10-07,0.0,30.15,21.31,38.97,nasa,0.58
2024-10-08,1.04,29.8,20.59,39.23,nasa,0.58
2024-10-09,0.47,29.29,21.45,37.68,nasa,0.58
2024-10-10,2.42,27.74,22.55,34.33,nasa,0.58
2024-10-11,7.15,27.25,20.76,34.94,nasa,0.59
2024-10-12,1.57,26.25,20.29,33.36,nasa,0.59
2024-10-13,0.06,27.07,19.74,34.07,nasa,0.59
2024-10-14,2.28,26.03,21.29,31.8,nasa,0.59
2024-10-15,0.22,24.1,20.52,28.59,nasa,0.59
2024-10-16,0.81,25.53,19.43,32.41,nasa,0.59
2024-10-17,7.32,26.18,19.05,33.5,nasa,0.6
2024-10-18,2.24,25.67,20.12,32.64,nasa,0.6
2024-10-19,7.4,24.18,20.1,29.8,nasa,0.61
2024-10-20,35.81,22.77,20.14,26.96,nasa,0.65
2024-10-21,6.99,22.08,20.01,24.83,nasa,0.68
2024-10-22,0.78,22.78,19.72,27.25,nasa,0.67
2024-10-23,0.24,22.54,18.7,26.78,nasa,0.66
2024-10-24,6.3,23.89,19.43,29.41,nasa,0.66
2024-10-25,3.57,24.33,20.0,30.86,nasa,0.66
2024-10-26,3.78,24.05,20.25,28.03,nasa,0.66
2024-10-27,21.6,23.78,20.05,27.79,nasa,0.67
2024-10-28,10.03,22.95,19.33,27.47,nasa,0.7
2024-10-29,2.99,22.1,19.93,25.2,nasa,0.7
2024-10-30,0.02,23.28,18.58,29.25,nasa,0.68
2024-10-31,0.0,22.67,17.96,28.35,nasa,0.67
2024-11-01,1.18,22.53,17.64,28.03,nasa,0.66
2024-11-02,7.96,22.24,18.75,26.91,nasa,0.66
2024-11-03,6.46,21.74,19.08,25.68,nasa,0.68
2024-11-04,14.85,21.7,18.5,26.19,nasa,0.68
2024-11-05,18.04,20.35,18.8,22.68,nasa,0.71
2024-11-06,2.57,21.49,17.5,26.28,nasa,0.72
2024-11-07,16.24,21.63,18.49,24.81,nasa,0.71
2024-11-08,15.76,22.32,19.2,27.31,nasa,0.73
2024-11-09,8.03,21.55,18.98,25.04,nasa,0.75
2024-11-10,0.41,23.34,17.76,29.47,nasa,0.73
2024-11-11,0.59,24.1,17.86,30.04,nasa,0.71
2024-11-12,14.83,24.34,19.58,29.59,nasa,0.71
2024-11-13,32.62,21.57,18.72,23.97,nasa,0.75
2024-11-14,1.12,22.11,18.05,27.4,nasa,0.75
2024-11-15,16.49,21.71,19.34,24.77,nasa,0.74
2024-11-16,17.36,21.63,18.51,25.58,nasa,0.76
2024-11-17,13.6,21.76,17.31,27.12,nasa,0.78
2024-11-18,3.59,23.38,17.94,28.86,nasa,0.77
2024-11-19,2.09,23.84,19.11,29.2,nasa,0.76
2024-11-20,2.95,24.77,19.75,29.43,nasa,0.74
2024-11-21,3.26,24.44,20.07,28.72,nasa,0.73
2024-11-22,9.53,23.32,20.62,27.23,nasa,0.73
2024-11-23,30.57,22.25,18.62,27.67,nasa,0.77
2024-11-24,1.7,21.54,17.25,27.22,nasa,0.77
2024-11-25,0.0,21.45,15.86,27.29,nasa,0.75
2024-11-26,0.15,22.35,14.95,28.7,nasa,0.73
2024-11-27,0.01,23.42,15.42,29.53,nasa,0.72
2024-11-28,1.02,24.32,19.06,29.78,nasa,0.71
2024-11-29,3.66,23.49,21.02,27.16,nasa,0.71
2024-11-30,1.33,24.89,19.76,30.44,nasa,0.71
2024-12-01,4.13,23.73,20.43,27.84,nasa,0.7
2024-12-02,1.85,23.38,20.61,27.73,nasa,0.7
2024-12-03,8.6,22.79,19.77,26.91,nasa,0.7
2024-12-04,8.25,23.29,19.47,28.18,nasa,0.71
2024-12-05,5.08,22.88,20.15,26.34,nasa,0.73
2024-12-06,0.07,24.15,18.76,30.47,nasa,0.72
2024-12-07,0.01,24.44,18.04,30.38,nasa,0.71
2024-12-08,0.0,25.86,18.6,31.34,nasa,0.7
2024-12-09,0.53,25.89,20.09,32.04,nasa,0.68
2024-12-10,1.66,24.38,20.6,30.01,nasa,0.68
2024-12-11,14.69,23.45,19.24,28.9,nasa,0.69
2024-12-12,3.22,22.12,18.76,27.63,nasa,0.7
2024-12-13,9.01,22.43,19.21,25.86,nasa,0.71
2024-12-14,6.9,22.4,19.35,26.04,nasa,0.71
2024-12-15,10.37,21.8,18.89,25.68,nasa,0.73
2024-12-16,5.33,23.11,18.64,28.9,nasa,0.73
2024-12-17,3.24,23.62,18.68,28.24,nasa,0.73
2024-12-18,0.75,24.36,19.13,29.26,nasa,0.72
2024-12-19,0.77,24.68,18.87,29.8,nasa,0.71
2024-12-20,5.1,24.36,19.65,28.84,nasa,0.7
2024-12-21,16.05,22.75,19.63,26.2,nasa,0.71
2024-12-22,8.22,22.24,19.26,26.05,nasa,0.73
2024-12-23,4.72,23.17,18.35,28.14,nasa,0.73
2024-12-24,1.25,23.9,19.42,29.14,nasa,0.73
2024-12-25,1.46,23.21,20.3,27.32,nasa,0.72
2024-12-26,29.61,22.48,20.34,26.22,nasa,0.74
2024-12-27,14.46,22.37,19.56,26.55,nasa,0.77
2024-12-28,11.99,22.66,19.38,26.97,nasa,0.77
2024-12-29,16.9,21.98,18.97,25.9,nasa,0.78
2024-12-30,7.84,22.89,19.56,27.12,nasa,0.79
2024-12-31,6.97,22.4,18.86,26.37,nasa,0.79
2025-01-01,3.91,22.54,17.67,27.49,nasa,0.78
2025-01-02,6.48,22.87,18.39,27.7,nasa,0.77
2025-01-03,5.07,23.03,19.02,27.93,nasa,0.77
2025-01-04,11.86,22.44,18.84,26.46,nasa,0.77
2025-01-05,2.55,23.37,19.77,28.32,nasa,0.77
2025-01-06,14.4,22.93,18.98,27.89,nasa,0.77
2025-01-07,6.76,22.4,19.11,26.48,nasa,0.78
2025-01-08,1.82,22.69,18.95,27.36,nasa,0.78
2025-01-09,1.29,23.12,18.05,28.46,nasa,0.77
2025-01-10,1.08,23.39,19.34,28.83,nasa,0.76
2025-01-11,0.77,23.14,16.96,29.08,nasa,0.74
2025-01-12,3.27,23.67,18.52,28.84,nasa,0.73
2025-01-13,3.15,23.5,19.11,28.74,nasa,0.73
2025-01-14,15.17,23.78,19.69,28.71,nasa,0.74
2025-01-15,18.85,23.13,19.12,28.2,nasa,0.76
2025-01-16,6.17,21.94,20.13,24.67,nasa,0.78
2025-01-17,3.2,22.79,19.33,26.88,nasa,0.77
2025-01-18,0.74,24.0,19.93,29.26,nasa,0.77
2025-01-19,2.42,23.93,19.42,29.06,nasa,0.75
2025-01-20,1.0,23.57,18.35,28.59,nasa,0.74
2025-01-21,0.26,24.28,18.27,29.38,nasa,0.73
2025-01-22,0.88,24.82,20.44,29.68,nasa,0.72
2025-01-23,3.04,24.62,20.15,29.59,nasa,0.72
2025-01-24,0.99,23.6,18.93,28.27,nasa,0.72
2025-01-25,0.2,24.8,19.72,29.74,nasa,0.71
2025-01-26,4.06,24.52,20.27,28.69,nasa,0.71
2025-01-27,5.67,23.64,19.05,28.36,nasa,0.71
2025-01-28,0.91,24.37,18.93,29.77,nasa,0.71
2025-01-29,2.71,24.31,20.44,28.76,nasa,0.7
2025-01-30,6.77,22.46,19.89,26.26,nasa,0.71
2025-01-31,3.09,22.42,19.6,27.24,nasa,0.71
2025-02-01,7.84,22.69,19.18,27.52,nasa,0.71
2025-02-02,10.49,22.43,19.56,26.78,nasa,0.72
2025-02-03,7.06,22.46,18.77,27.23,nasa,0.73
2025-02-04,1.15,23.01,18.23,27.56,nasa,0.73
2025-02-05,0.51,23.19,17.39,29.25,nasa,0.72
2025-02-06,0.14,22.99,17.11,29.09,nasa,0.71
2025-02-07,0.0,22.68,16.21,29.17,nasa,0.7
2025-02-08,0.07,21.53,17.04,26.91,nasa,0.69
2025-02-09,0.06,21.56,17.32,26.55,nasa,0.68
2025-02-10,0.06,21.69,17.64,26.37,nasa,0.68
2025-02-11,0.15,22.71,17.92,28.7,nasa,0.67
2025-02-12,0.89,22.81,17.22,28.27,nasa,0.67
2025-02-13,0.37,23.58,17.82,29.19,nasa,0.67
2025-02-14,1.0,23.87,18.47,30.04,nasa,0.66
2025-02-15,0.17,24.28,18.19,31.15,nasa,0.66
2025-02-16,0.01,24.29,17.94,31.81,nasa,0.65
2025-02-17,0.0,24.77,18.03,32.01,nasa,0.64
2025-02-18,0.04,25.81,19.29,33.35,nasa,0.64
2025-02-19,0.08,25.46,18.57,33.48,nasa,0.64
2025-02-20,0.0,25.22,17.35,33.71,nasa,0.63
2025-02-21,0.44,25.61,18.54,33.61,nasa,0.63
2025-02-22,0.35,24.56,17.96,32.61,nasa,0.63
2025-02-23,0.0,23.91,17.19,31.68,nasa,0.62
2025-02-24,2.81,23.73,18.06,30.54,nasa,0.62
2025-02-25,0.27,24.13,18.38,31.51,nasa,0.62
2025-02-26,0.0,24.32,17.6,32.5,nasa,0.62
2025-02-27,0.0,24.14,16.93,32.47,nasa,0.62
2025-02-28,0.0,23.62,17.22,30.5,nasa,0.62
2025-03-01,0.0,23.57,17.9,30.54,nasa,0.62
2025-03-02,0.0,23.97,18.56,31.38,nasa,0.61
2025-03-03,0.0,24.37,18.09,32.03,nasa,0.61
2025-03-04,0.0,23.92,17.28,31.37,nasa,0.61
2025-03-05,0.0,23.47,19.55,30.0,nasa,0.61
2025-03-06,0.0,23.36,16.81,31.64,nasa,0.61
2025-03-07,0.0,23.08,15.92,31.75,nasa,0.61
2025-03-08,0.0,23.67,16.25,32.51,nasa,0.61
2025-03-09,0.0,24.95,16.06,33.72,nasa,0.6
2025-03-10,1.24,26.17,20.3,33.44,nasa,0.6
2025-03-11,0.06,26.89,19.51,34.99,nasa,0.6
2025-03-12,2.2,26.59,19.23,34.96,nasa,0.6
2025-03-13,7.37,25.82,20.04,33.15,nasa,0.61
2025-03-14,5.77,25.63,18.91,33.14,nasa,0.61
2025-03-15,4.61,26.68,19.73,33.8,nasa,0.62
2025-03-16,10.73,25.9,20.88,31.81,nasa,0.64
2025-03-17,11.23,24.9,20.51,30.34,nasa,0.65
2025-03-18,17.01,23.78,19.96,28.96,nasa,0.66
2025-03-19,11.21,22.84,18.79,28.13,nasa,0.68
2025-03-20,1.91,23.26,17.7,28.9,nasa,0.68
2025-03-21,2.0,23.36,18.39,28.54,nasa,0.67
2025-03-22,0.41,22.84,17.96,28.04,nasa,0.67
2025-03-23,2.17,23.21,18.77,28.38,nasa,0.66
2025-03-24,2.85,23.07,19.18,27.25,nasa,0.66
2025-03-25,1.5,24.3,19.8,29.71,nasa,0.66
2025-03-26,6.22,24.62,19.79,29.75,nasa,0.65
2025-03-27,4.74,23.53,18.38,29.1,nasa,0.66
2025-03-28,0.15,23.6,18.08,29.65,nasa,0.65
2025-03-29,0.36,24.47,17.39,30.12,nasa,0.65
2025-03-30,0.67,24.86,19.15,30.82,nasa,0.64
2025-03-31,0.88,24.14,19.39,30.29,nasa,0.64
2025-04-01,1.83,24.47,18.38,31.1,nasa,0.63
2025-04-02,21.43,23.68,19.16,28.91,nasa,0.65
2025-04-03,2.57,23.22,18.29,28.98,nasa,0.67
2025-04-04,0.04,23.58,18.55,29.42,nasa,0.66
2025-04-05,0.29,22.86,19.12,28.37,nasa,0.65
2025-04-06,0.02,21.67,16.34,28.04,nasa,0.65
2025-04-07,0.0,20.91,16.25,26.77,nasa,0.64
2025-04-08,0.0,21.46,15.05,28.36,nasa,0.64
2025-04-09,3.96,23.04,17.1,29.62,nasa,0.63
2025-04-10,4.75,23.01,19.01,28.9,nasa,0.64
2025-04-11,0.0,23.32,17.03,30.75,nasa,0.64
2025-04-12,0.0,23.04,16.91,30.26,nasa,0.63
2025-04-13,1.34,22.94,17.15,29.4,nasa,0.63
2025-04-14,0.47,24.14,19.66,29.73,nasa,0.63
2025-04-15,0.71,24.07,18.19,30.75,nasa,0.62
2025-04-16,9.75,23.29,18.38,28.92,nasa,0.64
2025-04-17,0.31,23.96,18.96,29.45,nasa,0.64
2025-04-18,2.46,23.87,18.13,29.96,nasa,0.63
2025-04-19,1.75,23.71,19.45,29.86,nasa,0.63
2025-04-20,0.02,23.3,17.49,30.72,nasa,0.63
2025-04-21,0.0,23.33,16.82,30.83,nasa,0.63
2025-04-22,0.16,23.71,17.36,30.52,nasa,0.62
2025-04-23,6.22,22.9,18.27,28.2,nasa,0.62
2025-04-24,4.97,22.59,17.69,28.69,nasa,0.64
2025-04-25,4.25,22.58,18.97,27.74,nasa,0.64
2025-04-26,3.4,22.43,18.59,27.88,nasa,0.64
2025-04-27,1.14,23.31,17.72,30.31,nasa,0.64
2025-04-28,4.03,22.72,18.83,29.06,nasa,0.64
2025-04-29,0.9,22.24,17.92,28.64,nasa,0.64
2025-04-30,0.04,21.89,16.03,29.45,nasa,0.64
2025-05-01,0.0,22.09,16.33,28.96,nasa,0.63
2025-05-02,0.0,20.94,14.53,28.25,nasa,0.63
2025-05-03,0.0,20.22,14.01,28.07,nasa,0.62
2025-05-04,0.0,19.46,13.54,27.33,nasa,0.62
2025-05-05,0.01,19.46,13.13,27.1,nasa,0.62
2025-05-06,0.01,21.09,13.79,28.91,nasa,0.62
2025-05-07,0.01,21.9,15.45,29.41,nasa,0.61
2025-05-08,0.0,21.57,15.41,29.5,nasa,0.61
2025-05-09,0.04,21.81,14.6,30.06,nasa,0.61
2025-05-10,0.01,23.55,16.82,31.08,nasa,0.61
2025-05-11,0.07,23.69,17.16,31.62,nasa,0.61
2025-05-12,0.0,21.94,17.43,28.75,nasa,0.6
2025-05-13,0.0,20.6,15.18,27.59,nasa,0.6
2025-05-14,0.0,19.91,14.94,26.54,nasa,0.6
2025-05-15,0.0,19.43,13.74,26.78,nasa,0.6
2025-05-16,0.0,19.25,13.16,27.35,nasa,0.6
2025-05-17,0.0,19.65,13.38,27.71,nasa,0.6
2025-05-18,0.0,19.47,13.78,27.79,nasa,0.6
2025-05-19,0.0,19.16,12.42,27.95,nasa,0.6
2025-05-20,0.0,19.11,12.16,27.9,nasa,0.6
2025-05-21,0.01,19.42,11.99,28.42,nasa,0.6
2025-05-22,0.04,19.81,12.05,28.45,nasa,0.59
2025-05-23,0.04,20.27,13.5,29.12,nasa,0.59
2025-05-24,0.0,19.8,13.17,28.57,nasa,0.59
2025-05-25,0.02,19.72,13.45,28.09,nasa,0.59
2025-05-26,0.01,19.68,13.15,28.01,nasa,0.59
2025-05-27,0.0,20.25,13.75,28.11,nasa,0.59
2025-05-28,0.0,21.0,15.03,29.12,nasa,0.59
2025-05-29,0.09,19.27,14.63,27.2,nasa,0.59
2025-05-30,0.03,18.67,13.18,26.53,nasa,0.59
2025-05-31,0.0,21.17,13.3,29.76,nasa,0.59
2025-06-01,0.44,21.67,13.94,29.48,nasa,0.59
2025-06-02,0.07,21.07,14.78,27.89,nasa,0.59
2025-06-03,1.88,21.07,16.72,27.59,nasa,0.59
2025-06-04,0.15,21.61,15.07,29.57,nasa,0.59
2025-06-05,0.02,22.11,15.13,29.85,nasa,0.59
2025-06-06,0.0,21.72,15.52,30.32,nasa,0.59
2025-06-07,0.01,21.96,15.07,30.07,nasa,0.59
2025-06-08,0.32,21.06,13.33,29.86,nasa,0.59
2025-06-09,0.39,20.3,14.72,28.04,nasa,0.59
2025-06-10,0.6,19.77,14.44,27.2,nasa,0.59
2025-06-11,0.0,18.43,12.2,27.13,nasa,0.59
2025-06-12,0.0,15.9,9.1,25.16,nasa,0.59
2025-06-13,0.0,16.41,9.52,24.73,nasa,0.59
2025-06-14,0.0,16.46,11.07,23.86,nasa,0.59
2025-06-15,0.0,16.69,9.94,24.5,nasa,0.59
2025-06-16,0.0,17.97,11.01,26.92,nasa,0.59
2025-06-17,0.0,17.47,10.79,25.66,nasa,0.59
2025-06-18,0.22,17.87,12.12,25.46,nasa,0.59
2025-06-19,0.01,19.21,11.41,26.93,nasa,0.59
2025-06-20,0.0,18.89,12.22,27.01,nasa,0.59
2025-06-21,0.01,19.93,13.0,27.41,nasa,0.59
2025-06-22,0.0,20.81,13.11,28.84,nasa,0.59
2025-06-23,0.2,21.39,13.79,29.81,nasa,0.59
2025-06-24,3.71,16.27,8.63,20.37,nasa,0.59
2025-06-25,0.0,16.92,7.43,27.57,nasa,0.59
2025-06-26,0.05,19.29,13.82,27.46,nasa,0.59
2025-06-27,0.0,19.82,12.71,28.73,nasa,0.59
2025-06-28,0.05,19.62,13.49,28.09,nasa,0.59
2025-06-29,0.0,19.73,12.31,27.68,nasa,0.59
2025-06-30,0.0,20.84,14.35,28.52,nasa,0.59
2025-07-01,0.0,20.33,12.67,28.87,nasa,0.59
2025-07-02,0.0,18.79,11.56,27.29,nasa,0.59
2025-07-03,0.0,18.63,12.68,25.95,nasa,0.59
2025-07-04,0.0,17.87,11.72,25.43,nasa,0.59
2025-07-05,0.0,17.62,11.15,25.76,nasa,0.59
2025-07-06,0.0,18.81,10.62,27.03,nasa,0.59
2025-07-07,0.0,18.17,10.55,27.03,nasa,0.59
2025-07-08,0.0,18.51,10.58,26.87,nasa,0.59
2025-07-09,0.0,18.14,10.99,26.29,nasa,0.59
2025-07-10,0.0,18.1,10.9,25.6,nasa,0.59
2025-07-11,0.0,18.12,13.27,24.65,nasa,0.59
2025-07-12,0.0,18.48,13.26,25.0,nasa,0.59
2025-07-13,0.0,17.84,12.59,24.22,nasa,0.59
2025-07-14,0.0,18.01,10.78,25.38,nasa,0.59
2025-07-15,0.0,18.26,11.11,26.75,nasa,0.59
2025-07-16,0.0,18.21,10.76,27.04,nasa,0.59
2025-07-17,0.0,19.23,11.05,27.51,nasa,0.58
2025-07-18,0.0,19.6,12.99,27.77,nasa,0.58
2025-07-19,0.0,19.86,12.14,29.05,nasa,0.58
2025-07-20,0.0,20.16,13.52,28.75,nasa,0.58
2025-07-21,0.0,20.96,13.73,28.54,nasa,0.58
2025-07-22,0.0,22.11,14.12,29.95,nasa,0.58
2025-07-23,0.0,21.78,13.9,30.17,nasa,0.58
2025-07-24,0.0,21.8,13.77,30.55,nasa,0.58
2025-07-25,0.0,22.14,14.46,30.12,nasa,0.58
2025-07-26,0.0,22.01,14.13,29.94,nasa,0.58
2025-07-27,0.0,21.21,14.2,29.72,nasa,0.58
2025-07-28,0.2,21.68,15.93,29.99,nasa,0.58
2025-07-29,0.4,18.76,12.11,27.29,nasa,0.58
2025-07-30,0.0,17.19,7.6,28.27,nasa,0.58
2025-07-31,0.0,18.08,9.3,28.77,nasa,0.58
2025-08-01,0.0,19.34,11.96,28.76,nasa,0.58
2025-08-02,0.0,18.68,11.42,27.89,nasa,0.58
2025-08-03,0.0,18.24,12.76,26.71,nasa,0.58
2025-08-04,0.01,19.1,10.83,27.7,nasa,0.58
2025-08-05,1.37,19.19,14.3,26.07,nasa,0.58
2025-08-06,0.39,19.71,12.18,27.29,nasa,0.58
2025-08-07,0.01,21.56,12.94,29.69,nasa,0.58
2025-08-08,0.0,22.93,17.44,30.09,nasa,0.58
2025-08-09,0.0,18.71,13.05,26.39,nasa,0.58
2025-08-10,0.0,16.52,9.05,25.83,nasa,0.58
2025-08-11,0.0,15.82,7.62,26.13,nasa,0.58
2025-08-12,0.0,17.4,7.48,27.63,nasa,0.58
2025-08-13,0.0,19.74,9.63,29.85,nasa,0.58
2025-08-14,0.0,21.54,12.77,31.43,nasa,0.58
2025-08-15,0.0,21.47,13.24,30.3,nasa,0.58
2025-08-16,0.0,21.66,14.56,30.05,nasa,0.58
2025-08-17,0.0,22.17,13.93,30.43,nasa,0.58
2025-08-18,0.0,23.17,15.91,31.57,nasa,0.58
2025-08-19,0.0,21.93,15.45,30.23,nasa,0.58
2025-08-20,0.0,22.34,14.92,30.65,nasa,0.58
2025-08-21,0.0,23.93,16.13,32.75,nasa,0.58
2025-08-22,0.0,22.72,15.48,31.7,nasa,0.58
2025-08-23,0.0,22.31,14.98,31.3,nasa,0.58
2025-08-24,0.0,23.29,15.79,32.09,nasa,0.58
2025-08-25,0.0,23.15,15.36,32.04,nasa,0.58
2025-08-26,0.0,23.08,15.48,31.82,nasa,0.58
2025-08-27,0.0,23.39,14.79,31.65,nasa,0.58
2025-08-28,0.17,24.41,17.39,31.56,nasa,0.58
2025-08-29,1.43,22.71,17.62,28.59,nasa,0.58
2025-08-30,0.03,22.01,14.94,29.61,nasa,0.58
2025-08-31,0.0,21.66,14.37,28.87,nasa,0.58
2025-09-01,0.0,22.25,15.69,28.91,nasa,0.58
2025-09-02,0.0,22.19,15.73,28.97,nasa,0.58
2025-09-03,0.0,21.17,15.0,28.14,nasa,0.58
2025-09-04,0.0,21.08,13.38,28.8,nasa,0.58
2025-09-05,0.0,22.42,14.81,30.4,nasa,0.58
2025-09-06,0.0,24.28,15.28,33.02,nasa,0.58
2025-09-07,0.0,24.19,17.22,32.66,nasa,0.58
2025-09-08,0.0,24.11,16.96,32.23,nasa,0.58
2025-09-09,0.0,24.34,16.69,33.57,nasa,0.58
2025-09-10,0.0,24.04,16.07,34.37,nasa,0.58
2025-09-11,0.0,23.67,13.42,35.4,nasa,0.58
2025-09-12,0.0,25.11,15.24,35.0,nasa,0.58
2025-09-13,0.06,25.2,17.14,33.8,nasa,0.58
2025-09-14,0.02,25.34,17.65,32.87,nasa,0.58
2025-09-15,0.21,26.03,20.59,32.04,nasa,0.58
2025-09-16,0.09,26.7,19.62,33.51,nasa,0.58
2025-09-17,0.44,27.16,21.17,33.66,nasa,0.58
2025-09-18,0.0,26.54,18.16,34.42,nasa,0.58
2025-09-19,3.38,25.96,20.44,33.04,nasa,0.58
2025-09-20,1.16,25.01,18.26,31.86,nasa,0.59
2025-09-21,0.01,27.49,20.65,34.54,nasa,0.59
2025-09-22,1.73,26.96,22.44,31.83,nasa,0.58
2025-09-23,3.85,25.04,17.74,32.7,nasa,0.59
2025-09-24,5.73,24.64,20.25,30.33,nasa,0.59
2025-09-25,1.14,22.69,17.2,29.79,nasa,0.6
2025-09-26,0.0,20.1,13.42,28.07,nasa,0.6
2025-09-27,0.0,20.86,12.93,29.79,nasa,0.59
2025-09-28,0.0,22.63,13.97,32.03,nasa,0.59
2025-09-29,0.0,24.74,15.25,33.76,nasa,0.59
2025-09-30,0.0,26.15,18.03,34.47,nasa,0.59
2025-10-01,0.04,26.0,18.05,34.72,nasa,0.58
2025-10-02,0.0,25.23,17.19,33.98,nasa,0.58
2025-10-03,0.0,24.2,16.99,32.89,nasa,0.58
2025-10-04,0.0,23.97,16.04,32.42,nasa,0.58
2025-10-05,0.0,24.53,18.22,32.05,nasa,0.58
2025-10-06,0.0,27.07,17.85,35.35,nasa,0.58
2025-10-07,0.44,29.18,20.27,37.25,nasa,0.58
2025-10-08,1.49,28.43,22.54,35.82,nasa,0.58
2025-10-09,2.81,24.81,20.37,31.0,nasa,0.59
2025-10-10,5.94,24.54,19.38,31.59,nasa,0.59
2025-10-11,2.07,23.78,18.12,29.8,nasa,0.6
2025-10-12,1.19,25.82,19.24,33.23,nasa,0.6
2025-10-13,4.72,26.22,20.6,33.03,nasa,0.6
2025-10-14,0.34,25.41,20.06,32.33,nasa,0.6
2025-10-15,0.0,26.5,19.32,34.28,nasa,0.59
2025-10-16,0.93,26.9,20.77,33.74,nasa,0.59
2025-10-17,1.05,27.5,20.92,34.48,nasa,0.59
2025-10-18,14.87,24.63,20.72,29.91,nasa,0.61
2025-10-19,0.35,22.87,19.21,28.84,nasa,0.61
2025-10-20,0.0,20.85,13.92,28.12,nasa,0.61
2025-10-21,0.0,19.68,13.25,27.29,nasa,0.6
2025-10-22,0.0,19.81,13.34,27.6,nasa,0.6
2025-10-23,0.0,19.68,12.64,27.89,nasa,0.6
2025-10-24,0.0,20.88,13.76,28.37,nasa,0.59
2025-10-25,0.0,22.84,15.57,30.47,nasa,0.59
2025-10-26,0.0,25.73,16.93,33.54,nasa,0.59
2025-10-27,0.18,26.93,19.67,32.96,nasa,0.59
2025-10-28,0.11,27.05,20.87,33.53,nasa,0.59
2025-10-29,0.41,27.31,21.71,32.91,nasa,0.58
2025-10-30,2.41,24.24,19.59,30.39,nasa,0.58
2025-10-31,1.01,25.34,18.19,32.74,nasa,0.59
2025-11-01,1.75,26.41,19.17,33.97,nasa,0.59
2025-11-02,7.29,25.63,21.14,30.98,nasa,0.59
2025-11-03,9.16,24.01,19.94,30.15,nasa,0.62
2025-11-04,0.8,25.25,19.58,31.49,nasa,0.61
2025-11-05,2.7,26.43,19.8,34.7,nasa,0.61
2025-11-06,0.0,25.68,18.13,34.74,nasa,0.61
2025-11-07,1.04,26.59,18.38,34.89,nasa,0.6
2025-11-08,10.95,25.89,20.79,32.7,nasa,0.61
2025-11-09,5.71,24.75,20.41,30.99,nasa,0.63
2025-11-10,0.03,24.17,17.17,32.36,nasa,0.62
2025-11-11,0.0,24.89,17.65,32.86,nasa,0.61
2025-11-12,0.0,24.95,16.99,33.25,nasa,0.61
2025-11-13,0.0,25.2,17.18,33.14,nasa,0.6
2025-11-14,0.0,26.88,18.86,34.79,nasa,0.6
2025-11-15,0.25,26.78,19.41,34.89,nasa,0.59
2025-11-16,6.82,25.59,20.3,32.02,nasa,0.59
2025-11-17,9.6,23.65,19.74,27.96,nasa,0.62
2025-11-18,1.25,24.44,17.82,32.11,nasa,0.62
2025-11-19,0.04,22.53,15.58,31.07,nasa,0.61
2025-11-20,0.0,23.08,14.8,32.04,nasa,0.61
2025-11-21,0.05,24.93,16.5,33.28,nasa,0.6
2025-11-22,1.05,25.55,18.38,32.16,nasa,0.6
2025-11-23,4.52,22.47,19.35,27.72,nasa,0.6
2025-11-24,1.03,24.05,18.57,31.0,nasa,0.6
2025-11-25,0.51,24.65,17.65,32.62,nasa,0.6
2025-11-26,0.0,24.22,15.45,33.76,nasa,0.6
2025-11-27,0.0,25.22,15.33,34.86,nasa,0.59
2025-11-28,3.54,24.97,18.31,32.03,nasa,0.59
2025-11-29,0.1,26.3,17.98,35.49,nasa,0.59
2025-11-30,0.0,27.98,18.33,36.65,nasa,0.59
2025-12-01,0.8,28.89,21.73,35.58,nasa,0.59
2025-12-02,26.11,25.81,20.8,31.45,nasa,0.61
2025-12-03,38.81,23.28,19.54,28.46,nasa,0.65
2025-12-04,2.85,23.73,19.31,27.99,nasa,0.69
2025-12-05,17.04,23.77,19.03,29.1,nasa,0.69
2025-12-06,8.5,23.12,19.18,28.61,nasa,0.71
2025-12-07,0.0,23.4,18.81,28.96,nasa,0.69
2025-12-08,15.0,21.4,19.44,24.11,nasa,0.68
2025-12-09,14.38,21.2,18.81,25.37,nasa,0.71
2025-12-10,3.37,22.36,19.01,27.74,nasa,0.71
2025-12-11,0.61,24.02,19.91,29.48,nasa,0.7
2025-12-12,7.96,23.97,19.85,28.15,nasa,0.69
2025-12-13,6.88,23.57,20.23,26.88,nasa,0.7
2025-12-14,7.96,23.59,20.26,27.08,nasa,0.7
2025-12-15,36.81,22.42,19.14,25.34,nasa,0.72
2025-12-16,2.41,22.9,19.61,26.66,nasa,0.74
2025-12-17,1.37,22.55,19.54,26.44,nasa,0.72
2025-12-18,11.0,21.96,19.66,25.7,nasa,0.72
2025-12-19,3.19,22.96,19.33,28.01,nasa,0.72
2025-12-20,2.15,22.82,18.14,28.38,nasa,0.71
2025-12-21,0.21,22.77,16.93,28.81,nasa,0.7
2025-12-22,0.1,22.42,17.11,28.28,nasa,0.68
2025-12-23,0.01,22.9,16.45,29.1,nasa,0.67
2025-12-24,0.0,24.28,17.36,31.16,nasa,0.66
2025-12-25,0.0,25.96,19.14,32.42,nasa,0.65
2025-12-26,0.86,27.23,20.73,34.09,nasa,0.64
2025-12-27,0.5,26.68,20.41,32.87,nasa,0.64
2025-12-28,13.28,26.25,20.51,31.79,nasa,0.64
2025-12-29,1.89,26.32,20.11,33.11,nasa,0.65
2025-12-30,1.97,26.83,19.95,33.72,nasa,0.65
2025-12-31,2.37,25.61,20.04,31.48,nasa,0.64
2026-01-01,4.03,25.93,19.63,33.06,nasa,0.64
2026-01-02,7.84,25.08,19.74,31.15,nasa,0.64
2026-01-03,9.01,23.87,20.11,28.26,nasa,0.65
2026-01-04,1.53,23.49,19.89,29.64,nasa,0.66
2026-01-05,28.53,22.75,18.58,27.62,nasa,0.68
2026-01-06,7.96,19.98,18.19,23.28,nasa,0.71
2026-01-07,4.52,20.79,17.74,25.24,nasa,0.71
2026-01-08,1.08,21.36,17.46,25.75,nasa,0.7
2026-01-09,0.02,22.85,18.85,28.02,nasa,0.69
2026-01-10,0.0,23.24,18.3,29.46,nasa,0.68
2026-01-11,0.01,23.23,16.19,29.77,nasa,0.67
2026-01-12,5.98,24.22,18.99,29.4,nasa,0.67
2026-01-13,3.92,23.84,19.38,28.21,nasa,0.67
2026-01-14,8.76,22.28,18.34,27.23,nasa,0.67
2026-01-15,2.32,22.3,18.34,27.19,nasa,0.68
2026-01-16,0.88,23.49,16.31,29.75,nasa,0.67
2026-01-17,5.38,24.19,17.6,29.69,nasa,0.66
2026-01-18,6.31,23.62,18.65,28.17,nasa,0.67
2026-01-19,4.17,22.65,17.95,27.64,nasa,0.67
2026-01-20,8.91,23.37,18.33,28.89,nasa,0.67
2026-01-21,8.89,21.1,17.56,24.92,nasa,0.68
2026-01-22,31.03,20.75,17.94,26.0,nasa,0.71
2026-01-23,11.23,21.37,16.95,27.14,nasa,0.74
2026-01-24,6.16,22.61,19.18,27.78,nasa,0.74
2026-01-25,5.43,22.33,18.67,27.01,nasa,0.74
2026-01-26,0.87,22.66,17.81,27.58,nasa,0.72
2026-01-27,3.97,22.47,18.26,27.05,nasa,0.71
2026-01-28,8.91,22.89,18.55,28.01,nasa,0.71
2026-01-29,13.87,22.72,18.88,27.52,nasa,0.72
2026-01-30,8.72,20.97,18.75,23.93,nasa,0.73
2026-01-31,3.07,22.81,18.82,27.79,nasa,0.73
2026-02-01,8.42,21.94,19.78,25.12,nasa,0.73
2026-02-02,6.89,21.65,19.64,24.76,nasa,0.74
2026-02-03,9.56,21.85,19.37,25.3,nasa,0.74
2026-02-04,12.17,22.06,19.35,26.45,nasa,0.75
2026-02-05,13.8,22.42,18.51,26.18,nasa,0.76
2026-02-06,1.28,23.17,19.17,27.71,nasa,0.75
2026-02-07,6.9,22.49,18.98,27.06,nasa,0.75
2026-02-08,3.14,22.16,19.65,25.99,nasa,0.74
2026-02-09,33.37,20.23,18.34,23.24,nasa,0.77
2026-02-10,6.15,21.05,18.57,25.04,nasa,0.79
2026-02-11,19.71,21.13,18.63,24.68,nasa,0.8
2026-02-12,2.75,21.83,17.63,26.9,nasa,0.8
2026-02-13,0.3,22.49,18.17,28.1,nasa,0.78
2026-02-14,0.03,22.52,16.75,28.43,nasa,0.76
2026-02-15,0.0,22.96,17.22,28.71,nasa,0.74
2026-02-16,0.0,22.77,17.88,28.09,nasa,0.73
2026-02-17,0.06,23.19,16.7,29.27,nasa,0.72
2026-02-18,2.89,23.43,18.56,28.77,nasa,0.71
2026-02-19,0.95,23.22,19.01,27.52,nasa,0.71
2026-02-20,8.24,23.42,18.43,28.26,nasa,0.71
2026-02-21,7.87,22.73,19.09,27.05,nasa,0.72
2026-02-22,4.12,23.08,18.49,28.05,nasa,0.72
2026-02-23,6.35,21.91,20.03,25.15,nasa,0.73
2026-02-24,8.45,22.0,19.91,26.51,nasa,0.74
2026-02-25,8.8,22.29,19.18,26.99,nasa,0.75
2026-02-26,11.09,22.36,19.64,26.34,nasa,0.76
2026-02-27,4.58,23.15,18.18,28.49,nasa,0.76
2026-02-28,0.53,21.64,18.28,25.68,nasa,0.75
2026-03-01,0.01,22.7,18.48,27.96,nasa,0.74
2026-03-02,0.51,23.06,18.15,28.19,nasa,0.73
2026-03-03,3.11,23.35,18.79,28.32,nasa,0.73
2026-03-04,2.46,23.05,18.09,28.43,nasa,0.72
2026-03-05,4.35,22.94,19.3,28.34,nasa,0.72
2026-03-06,1.12,23.2,18.24,28.65,nasa,0.71
2026-03-07,26.75,20.55,18.07,22.47,nasa,0.75
2026-03-08,1.17,22.74,16.3,28.26,nasa,0.75
2026-03-09,22.95,23.2,18.88,27.46,nasa,0.75
2026-03-10,1.87,21.94,19.09,25.92,nasa,0.77
2026-03-11,4.73,22.6,18.54,27.0,nasa,0.76
2026-03-12,7.43,21.34,19.35,24.23,nasa,0.77
2026-03-13,8.62,21.78,19.09,25.2,nasa,0.77
2026-03-14,3.21,21.91,19.17,26.45,nasa,0.77
2026-03-15,3.46,22.61,17.8,27.85,nasa,0.76
2026-03-16,1.29,23.25,19.16,28.21,nasa,0.76
2026-03-17,9.94,21.97,19.51,25.31,nasa,0.76
2026-03-18,2.54,22.81,19.41,27.15,nasa,0.77
2026-03-19,21.63,22.41,19.2,26.69,nasa,0.77
2026-03-20,16.26,22.48,19.11,27.38,nasa,0.79
2026-03-21,1.13,22.76,18.17,28.17,nasa,0.79
2026-03-22,0.02,22.2,16.64,28.51,nasa,0.78
2026-03-23,0.46,22.25,15.37,28.58,nasa,0.76
2026-03-24,2.17,22.18,19.06,26.84,nasa,0.76
2026-03-25,8.97,20.86,17.94,25.24,nasa,0.76
2026-03-26,1.54,20.75,17.14,25.28,nasa,0.76
2026-03-27,0.23,20.69,16.2,26.76,nasa,0.76
2026-03-28,0.02,20.42,15.16,26.58,nasa,0.75
2026-03-29,0.06,21.14,17.27,26.57,nasa,0.74
2026-03-30,0.13,20.82,15.33,26.77,nasa,0.73
2026-03-31,3.47,21.31,16.36,26.47,nasa,0.72
2026-04-01,1.27,21.43,16.06,27.13,nasa,0.72
2026-04-02,3.55,22.27,17.77,27.24,nasa,0.72
2026-04-03,2.45,21.99,17.21,26.71,nasa,0.72
2026-04-04,4.94,22.48,17.69,27.28,nasa,0.72
2026-04-05,3.75,22.24,18.21,27.65,nasa,0.73
2026-04-06,0.78,22.3,17.95,27.6,nasa,0.72
2026-04-07,4.26,22.21,18.22,26.76,nasa,0.72
2026-04-08,13.79,22.4,18.52,27.2,nasa,0.73
2026-04-09,0.88,22.43,18.23,28.04,nasa,0.74
2026-04-10,0.0,22.34,17.24,28.62,nasa,0.73
2026-04-11,0.01,21.67,17.53,27.35,nasa,0.72
2026-04-12,0.0,20.83,17.06,26.32,nasa,0.71
2026-04-13,0.01,20.31,15.93,26.22,nasa,0.71
2026-04-14,0.02,20.05,14.68,26.12,nasa,0.7
2026-04-15,0.01,19.78,14.66,25.74,nasa,0.7
2026-04-16,0.02,19.79,14.01,26.15,nasa,0.69
2026-04-17,0.0,20.62,14.76,27.57,nasa,0.68
2026-04-18,0.0,21.8,16.57,28.26,nasa,0.68
2026-04-19,0.79,22.58,18.0,29.11,nasa,0.67
2026-04-20,0.55,21.55,15.57,29.05,nasa,0.67
2026-04-21,0.29,21.35,14.8,28.37,nasa,0.67
2026-04-22,0.7,21.63,16.21,28.05,nasa,0.66
2026-04-23,0.06,20.81,15.85,27.11,nasa,0.66
2026-04-24,0.06,20.32,14.74,26.74,nasa,0.66
2026-04-25,0.0,20.95,14.46,28.72,nasa,0.66
2026-04-26,0.0,22.06,15.84,29.38,nasa,0.65
2026-04-27,0.0,22.88,17.28,30.45,nasa,0.65
2026-04-28,0.0,22.43,16.53,29.91,nasa,0.65
2026-04-29,0.0,21.48,16.21,28.79,nasa,0.64
2026-04-30,0.01,20.53,13.84,28.44,nasa,0.64
2026-05-01,0.0,20.57,15.06,28.2,nasa,0.64
2026-05-02,0.0,21.03,13.69,29.07,nasa,0.64
2026-05-03,0.01,21.32,14.71,29.39,nasa,0.64
2026-05-04,0.05,20.76,16.45,27.48,nasa,0.63
2026-05-05,0.01,20.66,14.95,27.89,nasa,0.63
2026-05-06,0.0,20.8,14.48,28.49,nasa,0.63
2026-05-07,0.0,20.93,14.89,28.34,nasa,0.63
2026-05-08,0.0,21.03,15.33,29.0,nasa,0.63
2026-05-09,0.0,21.12,14.63,29.54,nasa,0.63
2026-05-10,0.0,21.56,15.17,29.0,nasa,0.63
2026-05-11,0.0,17.77,13.9,23.57,nasa,0.63
2026-05-12,0.1,20.61,12.33,28.93,nasa,0.63
2026-05-13,0.35,21.66,14.13,28.28,nasa,0.62
2026-05-14,0.11,21.57,16.47,29.12,nasa,0.62
2026-05-15,0.34,22.38,16.62,29.97,nasa,0.62
2026-05-16,0.2,22.34,15.82,29.73,nasa,0.62
2026-05-17,0.11,21.68,17.05,27.88,nasa,0.62
2026-05-18,4.85,22.16,17.6,28.25,nasa,0.62
2026-05-19,0.63,21.78,16.62,27.49,nasa,0.63
2026-05-20,0.56,21.1,17.35,26.72,nasa,0.63
2026-05-21,0.0,21.32,15.47,28.83,nasa,0.63
2026-05-22,0.02,20.61,16.24,26.32,nasa,0.63
2026-05-23,0.0,19.2,16.14,25.08,nasa,0.63
2026-05-24,0.01,20.76,15.28,27.54,nasa,0.63
2026-05-25,0.0,21.03,16.51,27.59,nasa,0.62
2026-05-26,0.06,20.35,16.1,26.4,nasa,0.62
2026-05-27,0.22,21.0,15.19,28.37,nasa,0.62
2026-05-28,0.14,21.48,14.43,29.25,nasa,0.62
2026-05-29,0.05,21.28,14.87,28.28,nasa,0.62
2026-05-30,0.0,21.23,16.95,27.05,nasa,0.62
2026-05-31,0.04,21.12,15.57,27.83,nasa,0.62
2026-06-01,0.26,20.12,13.98,27.25,nasa,0.62
2026-06-02,0.0,18.42,10.78,27.9,nasa,0.62
2026-06-03,0.16,18.1,11.16,25.7,nasa,0.61
2026-06-04,1.49,18.05,13.12,25.57,nasa,0.62
2026-06-05,0.07,16.54,12.14,24.06,nasa,0.62
2026-06-06,0.0,15.99,8.66,24.4,nasa,0.61
2026-06-07,0.21,16.8,10.31,25.12,nasa,0.61
2026-06-08,0.0,18.26,10.1,26.6,nasa,0.61
2026-06-09,0.36,19.49,13.07,27.13,nasa,0.61
2026-06-10,0.11,20.12,13.53,27.92,nasa,0.61
2026-06-11,1.24,19.82,16.2,26.45,nasa,0.61
2026-06-12,13.52,18.4,14.63,24.53,nasa,0.62
2026-06-13,8.3,19.27,14.22,26.15,nasa,0.65
2026-06-14,4.16,20.49,16.34,26.27,nasa,0.66
2026-06-15,0.28,21.0,15.31,27.52,nasa,0.65
2026-06-16,0.11,19.55,15.21,25.82,nasa,0.65
2026-06-17,0.0,17.45,11.32,26.09,nasa,0.64
2026-06-18,0.01,16.17,8.88,25.48,nasa,0.64
2026-06-19,0.02,17.32,10.95,25.25,nasa,0.64
2026-06-20,0.04,18.3,11.41,26.65,nasa,0.63
2026-06-21,0.03,19.8,15.29,26.46,nasa,0.63
2026-06-22,0.0,19.42,13.14,26.01,nasa,0.63
2026-06-23,1.33,20.96,13.86,27.2,nasa,0.63
2026-06-24,6.27,19.55,13.69,27.18,nasa,0.63
2026-06-25,3.8,18.23,12.3,25.46,nasa,0.64
2026-06-26,1.21,19.41,15.4,26.03,nasa,0.64
2026-06-27,0.01,19.11,13.25,26.57,nasa,0.64
2026-06-28,0.02,18.67,12.69,26.42,nasa,0.64
2026-06-29,0.0,18.39,11.64,26.68,nasa,0.63
2026-06-30,0.01,18.36,11.5,26.7,nasa,0.63
2026-07-01,0.03,18.67,12.32,27.11,nasa,0.63
2026-07-02,0.0,18.84,11.54,27.14,nasa,0.62
2026-07-03,0.0,19.66,11.99,27.57,nasa,0.62
2026-07-04,0.0,20.56,12.49,28.35,nasa,0.62
2026-07-05,0.0,20.81,14.12,28.48,nasa,0.62
2026-07-06,0.0,19.65,12.86,27.93,nasa,0.61
2026-07-07,0.0,18.73,11.78,27.28,nasa,0.61
2026-07-08,0.0,18.83,12.09,27.17,nasa,0.61
2026-07-09,0.02,19.32,12.96,26.79,nasa,0.61
2026-07-10,0.0,20.3,13.32,28.14,nasa,0.61
2026-07-11,0.0,21.1,14.78,28.97,nasa,0.61
2026-07-12,0.0,20.72,14.85,29.11,nasa,0.61
2026-07-13,0.48,19.05,12.33,26.88,nasa,0.6
2026-07-14,0.0,15.64,8.01,25.53,nasa,0.6
2026-07-15,0.0,16.61,8.99,26.24,nasa,0.6
2026-07-16,0.0,16.79,10.15,25.88,nasa,0.6
2026-07-17,0.0,15.81,8.92,24.75,nasa,0.6
2026-07-18,0.02,16.58,9.94,25.24,nasa,0.6
2026-07-19,0.0,17.53,10.96,26.57,nasa,0.6
2026-07-20,0.01,17.81,10.67,26.36,nasa,0.6
2026-07-21,0.03,18.74,11.26,27.18,nasa,0.6
2026-07-22,0.01,20.92,12.65,28.75,nasa,0.6
2026-07-23,0.0,21.99,16.02,29.76,nasa,0.59
2026-07-24,8.66,21.41,14.75,29.97,nasa,0.6
2026-07-25,1.07,20.13,14.06,28.41,nasa,0.61
2026-07-26,0.0,19.96,13.67,28.23,nasa,0.61
2026-07-27,0.0,20.31,12.48,29.02,nasa,0.61
2026-07-28,0.0,20.86,12.94,29.51,nasa,0.6
2026-07-29,0.0,22.09,14.2,30.64,nasa,0.6
2026-07-30,0.0,22.24,16.37,30.92,nasa,0.6
2026-07-31,0.01,20.24,14.54,28.08,nasa,0.6
2026-08-01,0.0,19.14,12.89,27.49,nasa,0.6
2026-08-02,0.0,19.07,11.56,27.76,nasa,0.59
2026-08-03,0.0,19.48,12.95,26.55,nasa,0.59
2026-08-04,0.0,20.05,13.66,26.79,nasa,0.59
2026-08-05,0.0,21.29,13.3,29.07,nasa,0.59
2026-08-06,0.0,22.54,14.85,30.19,nasa,0.59
2026-08-07,0.0,23.19,16.63,31.53,nasa,0.59
2026-08-08,0.01,23.45,15.45,32.63,nasa,0.59
2026-08-09,0.0,25.04,16.96,33.81,nasa,0.59
2026-08-10,0.0,26.02,18.58,34.6,nasa,0.59
2026-08-11,0.0,24.91,19.31,31.66,nasa,0.59
2026-08-12,0.0,24.11,17.46,31.47,nasa,0.59
2026-08-13,0.0,24.26,17.52,32.0,nasa,0.59
2026-08-14,0.0,24.57,16.04,33.09,nasa,0.59
2026-08-15,0.0,24.71,16.91,33.16,nasa,0.59
2026-08-16,0.0,24.13,17.62,32.02,nasa,0.58
2026-08-17,0.0,22.71,16.0,30.96,nasa,0.58
2026-08-18,0.0,22.25,14.58,31.06,nasa,0.58
2026-08-19,0.0,22.76,14.63,32.28,nasa,0.58
2026-08-20,0.0,23.62,15.21,33.08,nasa,0.58
2026-08-21,0.0,24.02,15.21,32.32,nasa,0.58
2026-08-22,0.0,22.71,15.16,32.07,nasa,0.58
2026-08-23,0.0,22.54,14.0,32.34,nasa,0.58
2026-08-24,0.02,23.68,15.11,31.89,nasa,0.58
2026-08-25,0.0,24.12,16.34,32.14,nasa,0.58
2026-08-26,13.78,23.45,18.35,30.83,nasa,0.59
2026-08-27,1.75,22.62,15.88,30.43,nasa,0.61
2026-08-28,0.11,24.11,16.21,32.59,nasa,0.61
2026-08-29,0.0,25.9,19.23,33.31,nasa,0.6
2026-08-30,0.12,27.23,20.9,34.61,nasa,0.6
2026-08-31,0.05,25.88,19.47,34.26,nasa,0.6
2026-09-01,2.01,25.67,20.67,33.46,nasa,0.52
2026-09-02,3.07,22.77,17.8,29.87,nasa,0.53
2026-09-03,0.0,22.29,14.73,30.71,nasa,0.53
2026-09-04,0.01,24.37,16.87,32.05,nasa,0.52
2026-09-05,0.29,25.81,17.87,33.1,nasa,0.52
2026-09-06,3.54,23.4,20.08,28.96,nasa,0.52
2026-09-07,1.56,20.73,17.5,24.88,nasa,0.53
2026-09-08,12.52,20.71,15.57,26.28,nasa,0.53
2026-09-09,6.23,22.18,18.22,27.57,nasa,0.55
2026-09-10,1.26,23.62,17.5,30.58,nasa,0.54
2026-09-11,0.27,24.3,18.14,31.54,nasa,0.54
2026-09-12,0.1,24.82,19.68,31.26,nasa,0.54
2026-09-13,1.84,24.86,18.17,31.9,nasa,0.53
2026-09-14,3.35,23.18,18.36,29.09,nasa,0.53
2026-09-15,4.44,22.26,16.74,28.88,nasa,0.54
2026-09-16,0.17,23.38,16.26,31.24,nasa,0.54
2026-09-17,1.09,23.6,17.44,31.08,nasa,0.53
2026-09-18,0.13,24.07,18.41,30.94,nasa,0.53
2026-09-19,0.2,23.4,17.51,30.37,nasa,0.53
2026-09-20,0.0,23.35,17.28,30.49,nasa,0.53
2026-09-21,0.02,24.08,18.21,30.85,nasa,0.52
2026-09-22,3.32,24.97,19.65,32.87,nasa,0.52
2026-09-23,,,,,missing,
2026-09-24,,,,,missing,
2026-09-25,,,,,missing,
