date,rain_mm,tmean_c,tmin_c,tmax_c,status,gwetroot_fraction
1981-01-01,0.05,21.4,16.95,28.11,nasa,0.46
1981-01-02,0.19,21.39,18.17,26.92,nasa,0.46
1981-01-03,0.0,21.22,17.65,27.72,nasa,0.46
1981-01-04,0.0,21.66,17.83,28.4,nasa,0.46
1981-01-05,0.0,21.85,16.99,29.27,nasa,0.46
1981-01-06,0.0,23.13,17.29,30.76,nasa,0.46
1981-01-07,0.0,23.07,19.03,29.28,nasa,0.46
1981-01-08,0.0,21.69,17.43,27.6,nasa,0.46
1981-01-09,0.0,21.41,16.97,28.46,nasa,0.46
1981-01-10,0.0,19.31,15.95,24.89,nasa,0.46
1981-01-11,0.0,18.28,15.26,22.7,nasa,0.46
1981-01-12,0.0,16.42,14.38,20.13,nasa,0.46
1981-01-13,0.0,17.49,14.08,21.94,nasa,0.46
1981-01-14,0.0,18.05,15.3,22.07,nasa,0.46
1981-01-15,0.0,19.73,14.31,27.17,nasa,0.46
1981-01-16,0.0,19.57,15.28,26.58,nasa,0.46
1981-01-17,0.0,18.73,14.38,25.82,nasa,0.46
1981-01-18,0.0,19.71,14.34,27.45,nasa,0.46
1981-01-19,0.0,20.23,14.65,28.06,nasa,0.46
1981-01-20,0.0,21.66,15.09,29.62,nasa,0.46
1981-01-21,0.0,22.78,16.3,30.62,nasa,0.46
1981-01-22,0.0,22.74,18.99,28.65,nasa,0.46
1981-01-23,0.0,21.82,17.86,28.13,nasa,0.46
1981-01-24,0.0,20.83,15.91,27.75,nasa,0.46
1981-01-25,0.0,21.01,15.74,28.31,nasa,0.46
1981-01-26,0.0,21.53,17.18,27.88,nasa,0.46
1981-01-27,0.0,21.35,18.41,26.34,nasa,0.46
1981-01-28,0.0,22.25,18.44,28.19,nasa,0.46
1981-01-29,0.01,22.42,18.45,27.98,nasa,0.46
1981-01-30,0.13,23.03,18.6,29.46,nasa,0.46
1981-01-31,0.01,23.17,19.36,29.16,nasa,0.46
1981-02-01,0.0,23.53,19.34,30.46,nasa,0.46
1981-02-02,0.0,23.36,19.43,30.34,nasa,0.46
1981-02-03,0.0,24.03,18.15,32.33,nasa,0.46
1981-02-04,0.0,23.1,18.72,30.15,nasa,0.46
1981-02-05,0.0,22.45,17.8,29.77,nasa,0.46
1981-02-06,0.0,22.07,17.15,29.43,nasa,0.46
1981-02-07,0.0,21.01,16.33,28.37,nasa,0.46
1981-02-08,0.0,20.85,16.36,28.61,nasa,0.45
1981-02-09,0.0,21.43,16.2,29.16,nasa,0.45
1981-02-10,0.0,21.04,16.6,28.0,nasa,0.45
1981-02-11,0.0,23.16,17.37,30.95,nasa,0.45
1981-02-12,0.0,23.58,18.55,30.74,nasa,0.45
1981-02-13,0.0,23.97,18.98,29.96,nasa,0.45
1981-02-14,0.06,25.47,18.2,33.72,nasa,0.45
1981-02-15,0.0,25.52,20.01,32.46,nasa,0.45
1981-02-16,0.0,26.39,19.96,33.66,nasa,0.45
1981-02-17,0.0,26.82,20.97,33.71,nasa,0.45
1981-02-18,0.0,26.25,21.12,32.5,nasa,0.45
1981-02-19,0.0,25.96,19.08,34.23,nasa,0.45
1981-02-20,0.0,24.32,17.06,33.53,nasa,0.45
1981-02-21,0.0,23.77,17.7,32.39,nasa,0.45
1981-02-22,0.0,25.71,16.25,36.03,nasa,0.45
1981-02-23,0.0,27.14,18.67,36.52,nasa,0.45
1981-02-24,0.0,27.56,20.84,35.84,nasa,0.45
1981-02-25,0.03,27.11,19.13,36.26,nasa,0.45
1981-02-26,0.25,24.61,20.2,31.08,nasa,0.45
1981-02-27,0.0,24.82,19.77,32.11,nasa,0.45
1981-02-28,0.0,24.99,18.38,33.25,nasa,0.45
1981-03-01,0.0,25.78,18.81,33.94,nasa,0.45
1981-03-02,0.0,26.32,20.14,34.59,nasa,0.45
1981-03-03,0.0,24.44,17.47,33.1,nasa,0.45
1981-03-04,0.0,24.72,18.79,33.29,nasa,0.45
1981-03-05,0.0,24.0,18.59,32.12,nasa,0.45
1981-03-06,0.0,24.05,17.84,32.83,nasa,0.45
1981-03-07,0.0,23.78,18.35,31.32,nasa,0.45
1981-03-08,0.0,24.74,18.27,33.37,nasa,0.45
1981-03-09,0.0,24.91,18.32,33.68,nasa,0.45
1981-03-10,0.0,25.18,19.75,33.57,nasa,0.45
1981-03-11,0.0,25.52,18.61,34.4,nasa,0.45
1981-03-12,0.0,26.45,17.95,35.85,nasa,0.45
1981-03-13,0.0,26.56,18.69,35.98,nasa,0.45
1981-03-14,0.0,26.35,17.58,36.4,nasa,0.45
1981-03-15,0.0,26.13,17.57,36.23,nasa,0.45
1981-03-16,0.0,26.37,18.76,35.93,nasa,0.45
1981-03-17,0.0,27.22,17.69,37.16,nasa,0.45
1981-03-18,0.0,28.69,21.23,36.91,nasa,0.45
1981-03-19,0.0,29.16,22.1,36.87,nasa,0.45
1981-03-20,0.0,29.57,22.62,36.18,nasa,0.45
1981-03-21,0.0,29.21,23.34,35.8,nasa,0.45
1981-03-22,0.0,28.77,22.84,35.67,nasa,0.45
1981-03-23,0.0,27.36,22.95,32.43,nasa,0.45
1981-03-24,0.0,28.64,20.32,37.11,nasa,0.45
1981-03-25,0.0,29.38,22.29,37.99,nasa,0.44
1981-03-26,0.0,28.01,20.18,37.49,nasa,0.44
1981-03-27,0.0,26.81,19.43,36.12,nasa,0.44
1981-03-28,0.0,26.65,19.15,36.39,nasa,0.44
1981-03-29,0.0,26.72,20.44,35.11,nasa,0.44
1981-03-30,0.0,25.83,21.26,31.74,nasa,0.44
1981-03-31,0.0,26.43,20.63,34.18,nasa,0.44
1981-04-01,0.0,26.64,20.78,33.94,nasa,0.44
1981-04-02,0.0,27.01,21.12,34.1,nasa,0.45
1981-04-03,0.01,28.63,21.03,37.08,nasa,0.45
1981-04-04,0.0,27.25,23.0,33.72,nasa,0.45
1981-04-05,0.0,28.45,21.7,36.37,nasa,0.45
1981-04-06,0.0,29.16,23.61,36.51,nasa,0.45
1981-04-07,0.0,28.42,23.8,34.23,nasa,0.45
1981-04-08,0.0,29.22,24.07,35.79,nasa,0.45
1981-04-09,0.0,29.25,22.02,38.32,nasa,0.45
1981-04-10,0.0,29.03,21.35,37.7,nasa,0.44
1981-04-11,0.0,29.16,21.96,37.15,nasa,0.44
1981-04-12,0.0,28.63,22.13,36.24,nasa,0.44
1981-04-13,0.05,28.27,21.95,35.19,nasa,0.44
1981-04-14,0.08,25.68,21.34,31.26,nasa,0.44
1981-04-15,0.0,26.27,21.26,32.49,nasa,0.44
1981-04-16,0.7,26.66,21.82,33.77,nasa,0.44
1981-04-17,3.88,26.84,21.4,34.39,nasa,0.45
1981-04-18,0.0,27.01,22.72,32.53,nasa,0.45
1981-04-19,0.12,27.29,22.75,33.38,nasa,0.45
1981-04-20,0.62,27.73,22.86,35.2,nasa,0.45
1981-04-21,0.18,25.53,21.15,31.99,nasa,0.45
1981-04-22,0.0,27.43,21.83,35.53,nasa,0.45
1981-04-23,0.0,27.61,22.5,35.47,nasa,0.45
1981-04-24,0.04,29.17,22.24,37.48,nasa,0.45
1981-04-25,1.46,27.73,20.45,36.17,nasa,0.45
1981-04-26,13.22,25.62,21.04,32.59,nasa,0.46
1981-04-27,0.0,26.35,21.12,33.67,nasa,0.47
1981-04-28,2.74,26.06,21.37,32.31,nasa,0.47
1981-04-29,12.1,25.29,19.95,33.42,nasa,0.48
1981-04-30,0.0,26.39,19.94,34.52,nasa,0.49
1981-05-01,0.05,27.3,20.91,35.95,nasa,0.48
1981-05-02,0.26,27.17,20.16,35.99,nasa,0.47
1981-05-03,1.16,27.12,19.77,35.93,nasa,0.47
1981-05-04,7.17,23.93,19.41,30.45,nasa,0.47
1981-05-05,0.0,23.99,18.6,30.58,nasa,0.48
1981-05-06,0.04,25.9,19.72,33.39,nasa,0.47
1981-05-07,0.08,25.83,20.5,32.51,nasa,0.47
1981-05-08,0.0,27.1,21.26,33.92,nasa,0.47
1981-05-09,0.0,27.65,21.93,34.87,nasa,0.46
1981-05-10,0.44,28.1,21.55,36.27,nasa,0.46
1981-05-11,1.62,26.8,22.21,33.72,nasa,0.46
1981-05-12,0.38,26.38,21.85,32.44,nasa,0.46
1981-05-13,2.86,27.04,22.66,33.44,nasa,0.46
1981-05-14,7.97,26.04,21.93,32.1,nasa,0.47
1981-05-15,5.97,26.25,21.91,32.1,nasa,0.48
1981-05-16,3.17,26.16,22.29,32.09,nasa,0.48
1981-05-17,0.0,25.13,21.61,29.66,nasa,0.48
1981-05-18,0.12,24.7,22.42,27.47,nasa,0.48
1981-05-19,0.39,24.46,21.77,27.56,nasa,0.48
1981-05-20,0.01,25.73,22.36,30.48,nasa,0.47
1981-05-21,5.26,26.2,22.34,31.32,nasa,0.47
1981-05-22,9.03,25.01,22.37,29.98,nasa,0.49
1981-05-23,3.61,24.85,21.79,30.06,nasa,0.49
1981-05-24,2.69,26.36,20.74,33.56,nasa,0.49
1981-05-25,5.27,25.61,20.79,32.46,nasa,0.49
1981-05-26,0.04,25.85,20.83,32.42,nasa,0.49
1981-05-27,0.0,27.42,21.86,34.05,nasa,0.48
1981-05-28,0.08,26.37,23.21,30.58,nasa,0.48
1981-05-29,1.2,26.24,22.56,31.75,nasa,0.48
1981-05-30,2.37,26.23,21.37,33.03,nasa,0.48
1981-05-31,0.11,27.12,22.14,33.4,nasa,0.48
1981-06-01,0.19,27.2,22.98,32.69,nasa,0.47
1981-06-02,0.47,26.11,22.45,32.68,nasa,0.47
1981-06-03,1.88,24.28,21.65,27.81,nasa,0.47
1981-06-04,1.55,24.33,21.0,29.08,nasa,0.47
1981-06-05,3.46,24.19,20.91,29.39,nasa,0.47
1981-06-06,1.44,24.82,21.4,29.4,nasa,0.47
1981-06-07,8.44,23.94,21.79,27.95,nasa,0.48
1981-06-08,13.71,23.1,21.57,25.27,nasa,0.49
1981-06-09,10.0,22.68,20.68,25.96,nasa,0.52
1981-06-10,10.63,22.7,20.07,25.41,nasa,0.52
1981-06-11,10.08,23.03,21.46,25.93,nasa,0.53
1981-06-12,13.71,23.83,21.25,27.47,nasa,0.55
1981-06-13,2.98,24.06,21.29,27.53,nasa,0.54
1981-06-14,6.32,24.14,20.38,28.96,nasa,0.54
1981-06-15,4.31,24.5,21.23,29.35,nasa,0.53
1981-06-16,1.12,24.52,21.43,28.81,nasa,0.53
1981-06-17,6.33,23.72,21.19,27.43,nasa,0.52
1981-06-18,10.57,22.92,20.94,27.63,nasa,0.54
1981-06-19,0.5,23.91,20.97,28.15,nasa,0.53
1981-06-20,1.97,23.86,20.98,28.61,nasa,0.52
1981-06-21,7.85,22.98,20.87,26.1,nasa,0.52
1981-06-22,2.82,23.35,20.62,27.78,nasa,0.52
1981-06-23,0.15,22.51,20.59,25.53,nasa,0.52
1981-06-24,0.0,24.77,20.39,30.46,nasa,0.51
1981-06-25,0.0,25.17,20.1,31.47,nasa,0.5
1981-06-26,0.0,25.76,21.42,31.69,nasa,0.5
1981-06-27,0.0,24.74,21.64,28.4,nasa,0.49
1981-06-28,0.01,25.84,20.82,31.59,nasa,0.49
1981-06-29,0.01,25.59,21.91,30.44,nasa,0.49
1981-06-30,0.02,26.16,21.52,32.41,nasa,0.48
1981-07-01,0.61,24.72,21.51,29.22,nasa,0.48
1981-07-02,1.71,23.78,21.11,27.62,nasa,0.48
1981-07-03,6.93,22.42,20.24,26.05,nasa,0.48
1981-07-04,0.36,23.95,20.8,28.31,nasa,0.49
1981-07-05,0.12,24.65,21.68,29.29,nasa,0.49
1981-07-06,0.19,25.18,20.77,30.83,nasa,0.48
1981-07-07,0.0,26.03,21.21,31.69,nasa,0.48
1981-07-08,0.4,25.59,21.67,30.72,nasa,0.48
1981-07-09,3.72,24.14,21.32,29.18,nasa,0.48
1981-07-10,0.93,24.36,20.39,29.75,nasa,0.48
1981-07-11,0.0,25.84,20.61,32.26,nasa,0.48
1981-07-12,0.05,25.28,21.32,30.65,nasa,0.48
1981-07-13,2.38,24.83,21.87,29.31,nasa,0.47
1981-07-14,8.9,23.92,21.11,28.32,nasa,0.48
1981-07-15,0.16,25.27,20.53,30.55,nasa,0.49
1981-07-16,0.04,26.03,21.17,31.67,nasa,0.49
1981-07-17,2.41,25.59,21.97,30.79,nasa,0.48
1981-07-18,13.63,23.56,21.12,27.68,nasa,0.5
1981-07-19,17.61,23.41,20.08,28.01,nasa,0.52
1981-07-20,23.04,23.66,20.78,27.84,nasa,0.55
1981-07-21,0.43,23.98,20.87,28.36,nasa,0.57
1981-07-22,0.49,24.0,21.23,28.17,nasa,0.55
1981-07-23,0.07,24.99,21.08,30.09,nasa,0.54
1981-07-24,0.06,25.02,21.72,29.69,nasa,0.53
1981-07-25,0.01,25.11,21.12,30.25,nasa,0.52
1981-07-26,0.04,25.16,21.68,30.59,nasa,0.51
1981-07-27,0.01,24.15,21.77,27.81,nasa,0.51
1981-07-28,0.05,24.06,21.83,27.73,nasa,0.5
1981-07-29,0.05,25.08,21.48,30.1,nasa,0.5
1981-07-30,0.09,24.8,21.68,29.08,nasa,0.49
1981-07-31,0.17,24.95,21.04,30.17,nasa,0.49
1981-08-01,0.36,25.05,21.2,30.0,nasa,0.49
1981-08-02,0.38,23.99,21.52,27.91,nasa,0.49
1981-08-03,5.49,23.86,20.77,28.65,nasa,0.48
1981-08-04,19.88,22.17,20.2,25.81,nasa,0.51
1981-08-05,0.76,23.18,20.44,26.87,nasa,0.53
1981-08-06,4.56,22.83,20.67,26.14,nasa,0.52
1981-08-07,14.63,22.46,19.24,26.3,nasa,0.53
1981-08-08,3.23,22.33,20.68,25.22,nasa,0.54
1981-08-09,1.81,22.76,20.98,25.69,nasa,0.54
1981-08-10,1.39,23.12,20.54,26.61,nasa,0.53
1981-08-11,0.05,24.0,21.1,28.36,nasa,0.52
1981-08-12,0.39,24.49,20.93,29.44,nasa,0.51
1981-08-13,0.13,23.57,20.32,28.16,nasa,0.51
1981-08-14,0.27,23.34,20.93,26.63,nasa,0.5
1981-08-15,0.97,23.2,21.12,26.07,nasa,0.5
1981-08-16,4.07,22.94,20.15,26.9,nasa,0.5
1981-08-17,1.79,22.88,20.83,25.57,nasa,0.5
1981-08-18,4.09,23.67,20.69,27.8,nasa,0.5
1981-08-19,0.0,24.01,21.95,26.97,nasa,0.5
1981-08-20,0.03,24.18,20.2,29.01,nasa,0.5
1981-08-21,0.04,23.7,21.41,27.22,nasa,0.49
1981-08-22,0.0,25.54,21.64,31.02,nasa,0.49
1981-08-23,0.0,26.33,20.89,33.26,nasa,0.49
1981-08-24,0.06,26.54,21.62,32.66,nasa,0.48
1981-08-25,0.62,25.1,21.47,29.75,nasa,0.48
1981-08-26,3.59,23.95,19.66,30.77,nasa,0.48
1981-08-27,1.75,24.18,19.94,29.85,nasa,0.48
1981-08-28,0.08,24.37,20.42,29.37,nasa,0.48
1981-08-29,0.93,24.17,20.53,29.26,nasa,0.48
1981-08-30,0.21,24.13,20.5,29.03,nasa,0.48
1981-08-31,0.13,25.13,20.22,30.32,nasa,0.48
1981-09-01,0.14,25.23,21.66,30.84,nasa,0.48
1981-09-02,0.01,25.57,21.15,31.57,nasa,0.48
1981-09-03,0.28,25.46,21.25,31.67,nasa,0.48
1981-09-04,0.1,24.69,21.56,29.3,nasa,0.47
1981-09-05,0.33,24.45,20.81,29.9,nasa,0.47
1981-09-06,0.03,25.29,20.52,30.79,nasa,0.47
1981-09-07,0.3,25.43,21.99,31.02,nasa,0.47
1981-09-08,2.63,25.46,20.47,33.02,nasa,0.47
1981-09-09,0.22,25.68,20.61,32.75,nasa,0.47
1981-09-10,0.0,26.6,20.11,34.25,nasa,0.47
1981-09-11,0.03,26.94,20.37,35.45,nasa,0.47
1981-09-12,0.16,26.74,20.2,34.98,nasa,0.47
1981-09-13,0.27,25.23,20.05,31.9,nasa,0.47
1981-09-14,0.24,24.9,20.51,31.5,nasa,0.47
1981-09-15,0.0,24.32,19.45,30.24,nasa,0.47
1981-09-16,0.03,24.79,20.6,31.65,nasa,0.46
1981-09-17,0.28,25.16,21.1,30.6,nasa,0.46
1981-09-18,2.99,25.13,21.3,31.01,nasa,0.46
1981-09-19,15.09,24.0,20.7,28.71,nasa,0.48
1981-09-20,4.84,23.79,21.03,28.36,nasa,0.5
1981-09-21,0.44,24.26,20.33,29.11,nasa,0.5
1981-09-22,0.0,25.48,20.95,32.62,nasa,0.5
1981-09-23,0.01,24.37,21.72,28.04,nasa,0.49
1981-09-24,4.82,24.96,21.94,29.21,nasa,0.49
1981-09-25,27.13,23.39,20.97,27.83,nasa,0.53
1981-09-26,2.42,23.81,20.96,27.83,nasa,0.55
1981-09-27,0.71,23.43,21.26,26.67,nasa,0.54
1981-09-28,1.19,24.15,20.94,28.77,nasa,0.53
1981-09-29,0.2,24.75,21.02,29.44,nasa,0.52
1981-09-30,4.07,23.61,20.87,26.9,nasa,0.52
1981-10-01,15.59,23.54,20.49,28.5,nasa,0.53
1981-10-02,3.11,23.09,20.97,27.12,nasa,0.54
1981-10-03,5.43,23.93,20.58,29.08,nasa,0.54
1981-10-04,7.31,23.11,20.43,27.96,nasa,0.54
1981-10-05,2.97,22.29,19.81,26.22,nasa,0.54
1981-10-06,1.34,23.6,19.73,29.0,nasa,0.53
1981-10-07,0.09,24.81,20.04,30.9,nasa,0.53
1981-10-08,0.27,24.48,21.02,29.14,nasa,0.52
1981-10-09,5.59,24.23,20.44,29.89,nasa,0.52
1981-10-10,5.24,22.96,20.17,27.83,nasa,0.52
1981-10-11,6.19,22.9,20.7,26.26,nasa,0.52
1981-10-12,0.24,23.91,19.2,29.81,nasa,0.52
1981-10-13,5.48,22.76,20.0,26.44,nasa,0.52
1981-10-14,10.28,22.6,20.78,24.61,nasa,0.54
1981-10-15,3.28,24.32,21.58,29.4,nasa,0.54
1981-10-16,9.89,22.87,20.64,25.89,nasa,0.54
1981-10-17,0.09,24.47,19.54,30.67,nasa,0.54
1981-10-18,0.0,25.23,20.96,30.97,nasa,0.53
1981-10-19,0.0,25.4,19.52,32.45,nasa,0.52
1981-10-20,0.0,25.65,20.2,32.18,nasa,0.51
1981-10-21,0.02,25.53,20.17,32.23,nasa,0.51
1981-10-22,0.11,25.62,21.1,31.99,nasa,0.5
1981-10-23,6.47,24.1,20.08,29.82,nasa,0.5
1981-10-24,0.15,24.14,21.89,28.24,nasa,0.51
1981-10-25,0.03,23.5,21.79,26.51,nasa,0.5
1981-10-26,0.61,24.34,22.05,28.82,nasa,0.5
1981-10-27,2.37,23.71,21.64,27.13,nasa,0.5
1981-10-28,4.79,23.32,20.71,28.53,nasa,0.5
1981-10-29,2.66,23.2,20.36,25.91,nasa,0.51
1981-10-30,1.19,24.31,20.93,29.94,nasa,0.51
1981-10-31,7.0,22.82,20.87,26.74,nasa,0.51
1981-11-01,1.11,24.13,20.3,30.36,nasa,0.52
1981-11-02,1.35,24.62,19.93,30.25,nasa,0.51
1981-11-03,1.21,25.18,21.08,31.42,nasa,0.51
1981-11-04,0.0,23.91,20.13,29.0,nasa,0.51
1981-11-05,5.76,23.11,20.18,27.43,nasa,0.5
1981-11-06,64.87,21.34,19.9,23.96,nasa,0.57
1981-11-07,6.19,21.44,19.59,24.47,nasa,0.62
1981-11-08,1.85,21.29,18.57,24.16,nasa,0.61
1981-11-09,1.28,21.69,19.67,24.41,nasa,0.59
1981-11-10,6.54,21.56,19.73,23.76,nasa,0.59
1981-11-11,2.19,22.96,20.26,26.19,nasa,0.59
1981-11-12,0.31,22.99,20.0,27.2,nasa,0.58
1981-11-13,0.86,22.41,19.37,26.51,nasa,0.57
1981-11-14,1.77,22.38,20.31,25.84,nasa,0.56
1981-11-15,0.02,22.37,18.97,27.08,nasa,0.55
1981-11-16,0.68,22.69,19.52,27.38,nasa,0.54
1981-11-17,0.86,22.09,19.69,26.38,nasa,0.54
1981-11-18,0.51,23.1,19.76,27.18,nasa,0.53
1981-11-19,0.02,24.29,21.37,28.88,nasa,0.53
1981-11-20,0.0,23.37,19.58,28.88,nasa,0.52
1981-11-21,0.01,22.74,18.57,28.96,nasa,0.52
1981-11-22,0.31,23.79,18.53,30.07,nasa,0.51
1981-11-23,0.0,24.19,20.44,29.36,nasa,0.51
1981-11-24,0.0,24.39,20.01,30.64,nasa,0.51
1981-11-25,0.0,24.75,18.71,31.61,nasa,0.5
1981-11-26,0.0,24.63,20.3,30.9,nasa,0.5
1981-11-27,0.02,22.45,18.72,28.28,nasa,0.5
1981-11-28,0.12,20.81,17.73,26.17,nasa,0.49
1981-11-29,1.33,21.32,17.52,27.04,nasa,0.49
1981-11-30,0.35,20.93,18.67,24.03,nasa,0.5
1981-12-01,0.57,20.27,18.45,23.41,nasa,0.5
1981-12-02,0.57,21.94,19.83,25.87,nasa,0.5
1981-12-03,0.28,21.97,19.61,26.61,nasa,0.5
1981-12-04,0.0,22.48,19.24,27.92,nasa,0.49
1981-12-05,0.0,22.2,18.9,28.25,nasa,0.49
1981-12-06,0.01,21.34,17.22,26.93,nasa,0.49
1981-12-07,0.09,18.54,15.69,23.03,nasa,0.49
1981-12-08,0.32,20.38,16.38,25.39,nasa,0.49
1981-12-09,0.05,22.13,19.3,25.17,nasa,0.49
1981-12-10,0.11,22.71,19.98,26.04,nasa,0.49
1981-12-11,0.0,22.68,18.89,28.53,nasa,0.49
1981-12-12,0.0,20.97,16.43,27.09,nasa,0.49
1981-12-13,0.0,20.57,15.51,27.64,nasa,0.49
1981-12-14,0.01,21.73,18.2,27.53,nasa,0.49
1981-12-15,0.01,21.21,17.72,27.0,nasa,0.49
1981-12-16,0.05,20.27,16.64,26.11,nasa,0.48
1981-12-17,0.13,20.02,16.59,25.91,nasa,0.48
1981-12-18,0.01,20.31,16.92,26.0,nasa,0.48
1981-12-19,0.0,19.43,15.77,23.66,nasa,0.48
1981-12-20,0.0,17.68,14.5,21.91,nasa,0.48
1981-12-21,0.0,18.03,13.9,24.33,nasa,0.48
1981-12-22,0.0,18.78,14.24,25.06,nasa,0.48
1981-12-23,0.01,19.72,15.46,26.01,nasa,0.48
1981-12-24,0.04,19.25,14.77,26.32,nasa,0.48
1981-12-25,0.0,19.72,13.28,27.79,nasa,0.48
1981-12-26,0.0,21.12,15.26,28.74,nasa,0.48
1981-12-27,0.0,22.24,16.87,29.77,nasa,0.48
1981-12-28,0.0,22.97,15.53,31.75,nasa,0.48
1981-12-29,0.0,23.78,18.02,31.64,nasa,0.48
1981-12-30,0.0,23.26,16.86,31.49,nasa,0.47
1981-12-31,0.0,22.25,17.4,29.77,nasa,0.47
1982-01-01,0.0,21.24,16.29,28.71,nasa,0.47
1982-01-02,0.0,20.62,15.66,28.3,nasa,0.47
1982-01-03,0.0,21.57,14.9,30.3,nasa,0.47
1982-01-04,0.0,21.53,15.97,29.48,nasa,0.47
1982-01-05,0.03,20.72,16.62,27.39,nasa,0.47
1982-01-06,0.0,20.42,15.58,27.74,nasa,0.47
1982-01-07,0.0,20.27,16.75,26.03,nasa,0.47
1982-01-08,0.0,18.98,15.88,24.66,nasa,0.47
1982-01-09,0.0,18.91,14.19,26.25,nasa,0.47
1982-01-10,0.0,19.73,13.66,28.15,nasa,0.47
1982-01-11,0.0,21.08,13.36,30.34,nasa,0.47
1982-01-12,0.0,21.43,14.97,29.85,nasa,0.47
1982-01-13,0.0,21.21,15.52,29.3,nasa,0.47
1982-01-14,0.72,20.39,15.02,28.29,nasa,0.47
1982-01-15,12.33,19.26,14.29,26.48,nasa,0.48
1982-01-16,0.17,19.5,15.78,25.62,nasa,0.49
1982-01-17,0.08,18.52,14.87,24.52,nasa,0.49
1982-01-18,0.41,19.58,15.7,25.82,nasa,0.49
1982-01-19,0.42,19.73,16.05,26.34,nasa,0.48
1982-01-20,0.0,19.58,15.03,26.54,nasa,0.48
1982-01-21,0.0,20.3,14.61,28.18,nasa,0.48
1982-01-22,0.0,20.89,14.24,29.04,nasa,0.48
1982-01-23,0.0,21.46,15.34,29.55,nasa,0.48
1982-01-24,0.0,21.49,14.97,29.49,nasa,0.47
1982-01-25,0.0,20.8,15.04,29.59,nasa,0.47
1982-01-26,0.15,19.8,14.87,27.26,nasa,0.47
1982-01-27,2.81,19.72,15.41,27.23,nasa,0.47
1982-01-28,0.0,20.72,15.98,28.22,nasa,0.47
1982-01-29,0.0,20.92,16.26,27.98,nasa,0.47
1982-01-30,0.01,21.52,17.25,28.21,nasa,0.47
1982-01-31,0.1,22.54,18.66,29.43,nasa,0.47
1982-02-01,0.07,22.03,17.52,29.14,nasa,0.47
1982-02-02,1.0,22.13,17.24,29.64,nasa,0.47
1982-02-03,0.0,23.01,17.33,30.7,nasa,0.47
1982-02-04,0.0,23.09,16.79,30.81,nasa,0.47
1982-02-05,0.0,23.09,17.43,31.1,nasa,0.47
1982-02-06,0.0,22.52,16.94,30.02,nasa,0.47
1982-02-07,0.0,23.39,16.98,32.05,nasa,0.46
1982-02-08,0.0,23.5,17.06,31.74,nasa,0.46
1982-02-09,0.0,23.53,17.78,31.41,nasa,0.46
1982-02-10,0.0,22.66,17.59,30.71,nasa,0.46
1982-02-11,0.0,21.96,17.12,29.58,nasa,0.46
1982-02-12,0.0,22.12,16.65,30.27,nasa,0.46
1982-02-13,0.0,22.38,16.25,31.01,nasa,0.46
1982-02-14,0.37,21.56,16.44,29.19,nasa,0.46
1982-02-15,3.94,19.97,16.25,26.25,nasa,0.46
1982-02-16,0.0,20.81,16.13,28.4,nasa,0.46
1982-02-17,0.0,20.98,15.34,29.22,nasa,0.46
1982-02-18,0.0,22.18,14.64,31.59,nasa,0.46
1982-02-19,0.0,23.78,15.25,33.48,nasa,0.46
1982-02-20,0.0,25.1,17.37,33.71,nasa,0.46
1982-02-21,0.0,26.58,20.9,34.41,nasa,0.46
1982-02-22,0.0,27.06,19.55,35.84,nasa,0.46
1982-02-23,0.0,27.0,20.48,34.87,nasa,0.46
1982-02-24,0.0,27.02,21.59,34.58,nasa,0.46
1982-02-25,0.0,24.77,18.69,32.67,nasa,0.46
1982-02-26,0.0,25.06,19.01,33.52,nasa,0.45
1982-02-27,0.0,25.93,19.77,34.07,nasa,0.45
1982-02-28,0.0,26.91,19.78,35.75,nasa,0.45
1982-03-01,0.0,24.92,18.58,33.08,nasa,0.45
1982-03-02,0.0,24.59,18.81,32.97,nasa,0.45
1982-03-03,0.0,24.66,17.25,33.69,nasa,0.45
1982-03-04,0.0,26.08,18.51,35.03,nasa,0.45
1982-03-05,0.0,27.1,19.55,36.2,nasa,0.45
1982-03-06,0.0,27.49,19.82,35.66,nasa,0.45
1982-03-07,0.0,28.38,21.81,36.27,nasa,0.45
1982-03-08,0.0,26.88,22.06,32.18,nasa,0.45
1982-03-09,0.0,26.26,21.46,32.92,nasa,0.45
1982-03-10,0.0,25.99,19.49,34.62,nasa,0.45
1982-03-11,0.0,25.34,16.97,35.32,nasa,0.45
1982-03-12,0.0,26.2,17.03,36.6,nasa,0.45
1982-03-13,0.0,25.77,17.14,36.11,nasa,0.45
1982-03-14,0.0,25.89,17.0,36.07,nasa,0.45
1982-03-15,0.0,26.5,17.97,36.66,nasa,0.45
1982-03-16,0.0,25.73,16.78,35.89,nasa,0.45
1982-03-17,0.0,25.77,16.7,36.34,nasa,0.45
1982-03-18,0.0,25.74,17.77,35.72,nasa,0.45
1982-03-19,0.0,25.15,16.89,34.99,nasa,0.45
1982-03-20,0.0,25.15,17.38,34.17,nasa,0.45
1982-03-21,0.0,25.53,16.86,35.12,nasa,0.45
1982-03-22,0.0,27.04,19.38,35.84,nasa,0.45
1982-03-23,0.0,27.3,20.41,35.67,nasa,0.45
1982-03-24,0.0,26.79,21.22,34.64,nasa,0.45
1982-03-25,0.0,26.54,20.75,34.17,nasa,0.45
1982-03-26,0.0,26.15,20.34,33.79,nasa,0.45
1982-03-27,0.0,25.88,20.63,32.92,nasa,0.45
1982-03-28,0.0,24.57,20.2,31.37,nasa,0.45
1982-03-29,0.0,24.74,18.13,32.91,nasa,0.45
1982-03-30,0.0,26.13,19.11,34.16,nasa,0.45
1982-03-31,0.0,24.84,20.83,30.16,nasa,0.45
1982-04-01,0.0,26.53,20.48,33.57,nasa,0.45
1982-04-02,0.0,28.27,21.86,35.73,nasa,0.45
1982-04-03,0.0,27.94,22.41,34.21,nasa,0.45
1982-04-04,0.0,25.29,21.02,30.14,nasa,0.45
1982-04-05,0.0,24.11,19.0,31.65,nasa,0.45
1982-04-06,0.0,24.94,19.42,33.03,nasa,0.45
1982-04-07,0.0,25.55,19.27,33.64,nasa,0.45
1982-04-08,0.0,24.3,19.87,30.41,nasa,0.45
1982-04-09,0.0,24.46,19.49,32.01,nasa,0.45
1982-04-10,0.0,24.28,19.46,31.23,nasa,0.45
1982-04-11,0.0,25.33,19.93,32.93,nasa,0.45
1982-04-12,0.0,25.75,20.18,33.52,nasa,0.45
1982-04-13,0.0,26.79,21.15,34.52,nasa,0.45
1982-04-14,0.0,26.43,20.25,34.31,nasa,0.45
1982-04-15,0.0,26.22,20.8,33.76,nasa,0.45
1982-04-16,0.0,25.96,20.46,33.41,nasa,0.45
1982-04-17,0.0,26.69,20.97,33.75,nasa,0.45
1982-04-18,0.02,26.9,20.64,35.51,nasa,0.45
1982-04-19,0.04,25.68,20.28,33.5,nasa,0.45
1982-04-20,0.0,26.68,21.05,34.01,nasa,0.45
1982-04-21,0.0,28.71,20.42,37.37,nasa,0.45
1982-04-22,0.0,28.19,23.36,35.75,nasa,0.45
1982-04-23,0.02,27.77,22.23,35.16,nasa,0.45
1982-04-24,0.08,28.92,22.9,35.99,nasa,0.45
1982-04-25,0.0,27.49,23.58,31.85,nasa,0.45
1982-04-26,0.0,27.79,22.09,33.87,nasa,0.45
1982-04-27,0.0,28.61,21.77,36.74,nasa,0.45
1982-04-28,0.0,29.12,22.02,37.7,nasa,0.45
1982-04-29,0.0,29.15,23.46,36.52,nasa,0.45
1982-04-30,0.0,28.57,21.79,35.73,nasa,0.45
1982-05-01,0.0,29.93,22.17,37.44,nasa,0.45
1982-05-02,0.0,29.95,24.94,35.56,nasa,0.45
1982-05-03,0.02,29.46,23.79,35.19,nasa,0.45
1982-05-04,0.17,28.93,24.05,34.35,nasa,0.45
1982-05-05,0.13,28.31,23.83,33.45,nasa,0.45
1982-05-06,1.04,28.36,22.67,34.75,nasa,0.45
1982-05-07,0.0,28.72,23.5,35.13,nasa,0.45
1982-05-08,0.0,28.15,23.79,33.73,nasa,0.45
1982-05-09,0.0,28.97,22.51,37.18,nasa,0.45
1982-05-10,0.0,27.73,24.14,31.83,nasa,0.45
1982-05-11,0.0,28.96,23.56,36.23,nasa,0.45
1982-05-12,0.0,29.48,23.71,36.4,nasa,0.45
1982-05-13,0.0,29.64,23.75,36.69,nasa,0.45
1982-05-14,0.0,28.7,23.3,35.96,nasa,0.45
1982-05-15,0.0,26.38,21.75,32.49,nasa,0.45
1982-05-16,0.0,27.06,21.06,34.92,nasa,0.45
1982-05-17,0.01,28.44,21.43,36.24,nasa,0.45
1982-05-18,0.08,27.66,22.86,33.33,nasa,0.45
1982-05-19,0.0,28.24,22.3,35.61,nasa,0.45
1982-05-20,0.0,26.9,22.91,31.14,nasa,0.45
1982-05-21,0.0,26.58,22.9,31.48,nasa,0.45
1982-05-22,0.0,25.79,22.61,29.8,nasa,0.45
1982-05-23,0.0,26.77,21.87,33.35,nasa,0.45
1982-05-24,0.0,27.75,22.38,35.09,nasa,0.45
1982-05-25,0.01,27.94,21.64,35.5,nasa,0.45
1982-05-26,0.03,28.88,21.66,37.54,nasa,0.45
1982-05-27,0.0,29.98,22.22,38.33,nasa,0.45
1982-05-28,0.0,29.06,24.44,35.21,nasa,0.45
1982-05-29,0.0,27.56,23.41,34.0,nasa,0.45
1982-05-30,0.0,28.72,22.32,35.48,nasa,0.45
1982-05-31,0.01,29.1,23.88,35.72,nasa,0.44
1982-06-01,0.15,29.16,23.77,35.82,nasa,0.44
1982-06-02,0.01,29.67,24.32,36.65,nasa,0.45
1982-06-03,0.16,28.05,24.68,33.16,nasa,0.45
1982-06-04,0.0,27.0,23.57,31.8,nasa,0.45
1982-06-05,0.0,27.14,23.3,32.43,nasa,0.45
1982-06-06,0.03,26.82,23.16,32.02,nasa,0.45
1982-06-07,0.09,25.44,22.66,28.7,nasa,0.45
1982-06-08,0.27,25.42,21.82,29.86,nasa,0.45
1982-06-09,0.49,25.14,21.35,29.2,nasa,0.45
1982-06-10,0.02,24.48,22.49,26.63,nasa,0.45
1982-06-11,0.07,25.2,21.69,29.77,nasa,0.45
1982-06-12,0.0,25.49,21.35,30.42,nasa,0.45
1982-06-13,0.01,25.92,21.67,30.87,nasa,0.45
1982-06-14,0.04,24.13,21.8,26.93,nasa,0.45
1982-06-15,0.0,24.36,21.75,28.01,nasa,0.45
1982-06-16,0.0,24.35,21.85,28.21,nasa,0.45
1982-06-17,0.0,25.73,21.72,31.02,nasa,0.45
1982-06-18,0.02,26.22,21.26,32.17,nasa,0.45
1982-06-19,0.0,24.86,22.43,27.77,nasa,0.45
1982-06-20,0.0,27.39,20.53,34.43,nasa,0.45
1982-06-21,0.01,27.35,22.85,32.44,nasa,0.45
1982-06-22,0.04,27.29,22.85,31.88,nasa,0.45
1982-06-23,0.01,26.28,22.68,30.96,nasa,0.45
1982-06-24,0.04,26.02,23.01,29.98,nasa,0.45
1982-06-25,0.0,25.78,22.46,29.49,nasa,0.45
1982-06-26,0.07,24.73,22.61,27.95,nasa,0.45
1982-06-27,0.13,24.15,21.89,27.41,nasa,0.45
1982-06-28,0.14,24.38,22.12,27.35,nasa,0.45
1982-06-29,0.07,25.42,20.81,29.84,nasa,0.45
1982-06-30,0.01,27.22,22.28,33.08,nasa,0.45
1982-07-01,0.02,27.37,22.65,33.37,nasa,0.45
1982-07-02,0.02,27.06,22.63,32.06,nasa,0.45
1982-07-03,0.04,26.91,23.13,31.9,nasa,0.45
1982-07-04,0.02,26.51,23.56,30.89,nasa,0.45
1982-07-05,0.0,27.27,22.49,33.58,nasa,0.45
1982-07-06,0.09,27.1,22.75,33.01,nasa,0.45
1982-07-07,0.16,26.32,22.6,31.31,nasa,0.45
1982-07-08,0.0,26.44,22.42,31.62,nasa,0.45
1982-07-09,0.0,27.03,21.43,33.43,nasa,0.45
1982-07-10,0.0,27.81,22.53,33.59,nasa,0.45
1982-07-11,0.0,27.89,23.18,33.72,nasa,0.45
1982-07-12,0.0,26.7,23.33,30.65,nasa,0.45
1982-07-13,0.19,25.28,22.64,28.88,nasa,0.45
1982-07-14,0.78,25.02,20.63,30.57,nasa,0.45
1982-07-15,0.0,25.54,21.91,29.9,nasa,0.45
1982-07-16,0.0,26.12,22.3,31.12,nasa,0.45
1982-07-17,0.03,25.2,22.28,29.28,nasa,0.45
1982-07-18,0.07,25.93,21.17,31.41,nasa,0.45
1982-07-19,1.12,27.21,22.19,33.88,nasa,0.45
1982-07-20,5.87,24.5,21.73,29.14,nasa,0.45
1982-07-21,0.03,25.54,20.52,31.65,nasa,0.46
1982-07-22,0.0,25.33,21.17,30.47,nasa,0.46
1982-07-23,0.0,25.63,21.06,30.41,nasa,0.45
1982-07-24,0.0,27.09,21.56,33.37,nasa,0.45
1982-07-25,0.0,26.34,22.12,31.92,nasa,0.45
1982-07-26,0.03,24.91,21.96,29.03,nasa,0.45
1982-07-27,0.12,24.72,21.57,28.56,nasa,0.45
1982-07-28,0.04,24.8,21.35,29.54,nasa,0.45
1982-07-29,0.0,26.63,20.98,32.75,nasa,0.45
1982-07-30,0.0,27.12,22.07,33.4,nasa,0.45
1982-07-31,0.0,27.19,22.24,33.16,nasa,0.45
1982-08-01,0.0,27.55,22.5,33.48,nasa,0.45
1982-08-02,0.0,27.07,23.04,31.65,nasa,0.45
1982-08-03,0.0,27.66,22.61,35.2,nasa,0.45
1982-08-04,0.0,28.05,22.8,34.52,nasa,0.45
1982-08-05,0.01,27.27,23.17,32.35,nasa,0.45
1982-08-06,0.0,26.58,22.75,30.83,nasa,0.45
1982-08-07,0.0,27.13,22.24,32.41,nasa,0.45
1982-08-08,0.01,25.87,22.7,30.2,nasa,0.45
1982-08-09,0.0,26.18,22.09,30.88,nasa,0.45
1982-08-10,0.0,26.1,21.9,31.05,nasa,0.45
1982-08-11,0.03,25.77,21.97,30.7,nasa,0.45
1982-08-12,0.04,25.49,21.87,29.87,nasa,0.45
1982-08-13,0.0,27.04,21.7,33.3,nasa,0.45
1982-08-14,0.0,26.45,22.82,30.92,nasa,0.45
1982-08-15,0.0,26.18,22.74,30.66,nasa,0.45
1982-08-16,0.01,25.97,22.19,31.5,nasa,0.45
1982-08-17,0.05,25.79,21.85,31.4,nasa,0.45
1982-08-18,0.0,27.28,20.77,34.05,nasa,0.45
1982-08-19,0.0,27.61,22.38,33.68,nasa,0.44
1982-08-20,0.0,25.6,22.64,29.9,nasa,0.44
1982-08-21,0.0,25.51,21.3,30.66,nasa,0.44
1982-08-22,0.0,26.64,21.31,32.26,nasa,0.44
1982-08-23,0.0,25.86,22.56,30.47,nasa,0.44
1982-08-24,0.0,26.09,21.35,32.19,nasa,0.44
1982-08-25,0.03,26.22,21.94,32.57,nasa,0.44
1982-08-26,0.37,27.2,22.11,34.24,nasa,0.44
1982-08-27,0.0,26.81,22.74,32.49,nasa,0.44
1982-08-28,0.0,25.71,22.64,31.04,nasa,0.44
1982-08-29,0.0,26.11,21.62,32.54,nasa,0.44
1982-08-30,0.0,26.83,21.71,32.83,nasa,0.44
1982-08-31,0.1,26.29,22.91,31.18,nasa,0.44
1982-09-01,0.51,25.38,22.1,29.97,nasa,0.45
1982-09-02,2.25,24.02,21.33,26.62,nasa,0.45
1982-09-03,8.74,23.66,20.74,28.32,nasa,0.46
1982-09-04,3.42,23.89,21.39,27.43,nasa,0.46
1982-09-05,26.22,22.27,20.53,25.29,nasa,0.5
1982-09-06,4.53,22.13,20.49,24.08,nasa,0.52
1982-09-07,4.56,23.56,20.36,28.7,nasa,0.51
1982-09-08,0.62,23.97,20.76,28.44,nasa,0.51
1982-09-09,0.04,23.46,20.4,28.01,nasa,0.5
1982-09-10,0.0,23.83,19.61,28.92,nasa,0.49
1982-09-11,0.0,25.93,19.51,33.21,nasa,0.49
1982-09-12,0.0,25.38,21.12,30.28,nasa,0.48
1982-09-13,0.01,24.83,21.58,29.48,nasa,0.48
1982-09-14,0.15,23.92,20.77,27.94,nasa,0.47
1982-09-15,0.11,24.87,20.85,31.01,nasa,0.47
1982-09-16,0.19,26.07,20.41,33.38,nasa,0.47
1982-09-17,1.46,26.44,20.87,34.03,nasa,0.47
1982-09-18,0.0,26.86,21.24,34.45,nasa,0.47
1982-09-19,0.01,26.19,20.1,33.33,nasa,0.46
1982-09-20,0.0,26.08,20.71,33.72,nasa,0.46
1982-09-21,0.9,26.49,21.56,33.53,nasa,0.46
1982-09-22,10.17,24.37,20.63,30.39,nasa,0.47
1982-09-23,5.73,23.02,20.45,27.96,nasa,0.48
1982-09-24,0.95,23.5,19.3,29.08,nasa,0.48
1982-09-25,0.47,23.74,19.89,28.74,nasa,0.48
1982-09-26,0.21,24.2,20.18,30.07,nasa,0.48
1982-09-27,0.52,24.23,20.13,29.33,nasa,0.47
1982-09-28,0.82,23.1,20.99,26.42,nasa,0.47
1982-09-29,0.16,24.02,20.86,29.39,nasa,0.47
1982-09-30,0.0,24.83,20.63,30.66,nasa,0.47
1982-10-01,0.18,24.85,21.54,29.83,nasa,0.47
1982-10-02,0.69,24.49,19.15,31.98,nasa,0.47
1982-10-03,0.0,25.22,17.9,33.12,nasa,0.46
1982-10-04,0.0,25.4,20.8,32.16,nasa,0.46
1982-10-05,0.02,25.21,20.09,31.56,nasa,0.46
1982-10-06,0.22,26.05,20.15,33.19,nasa,0.46
1982-10-07,0.0,26.76,19.36,35.09,nasa,0.46
1982-10-08,0.0,26.77,21.28,34.16,nasa,0.45
1982-10-09,0.16,25.84,21.27,31.92,nasa,0.45
1982-10-10,0.27,24.81,20.68,30.35,nasa,0.45
1982-10-11,0.0,24.64,20.26,30.22,nasa,0.45
1982-10-12,0.01,25.36,20.21,33.2,nasa,0.45
1982-10-13,0.01,25.18,18.97,33.12,nasa,0.45
1982-10-14,0.0,25.58,20.34,33.16,nasa,0.45
1982-10-15,0.0,24.88,18.82,32.22,nasa,0.45
1982-10-16,0.0,24.79,20.98,30.11,nasa,0.45
1982-10-17,0.0,26.66,20.82,34.41,nasa,0.45
1982-10-18,0.01,26.59,20.72,34.06,nasa,0.45
1982-10-19,0.15,24.23,21.68,28.43,nasa,0.45
1982-10-20,0.0,25.31,19.96,31.56,nasa,0.45
1982-10-21,1.79,25.04,21.09,30.91,nasa,0.45
1982-10-22,10.06,23.23,20.78,27.2,nasa,0.46
1982-10-23,3.43,24.49,20.11,30.47,nasa,0.47
1982-10-24,0.01,24.71,20.3,30.56,nasa,0.47
1982-10-25,1.68,25.0,19.75,32.81,nasa,0.47
1982-10-26,2.48,25.0,20.17,32.14,nasa,0.47
1982-10-27,0.0,25.57,20.23,33.29,nasa,0.47
1982-10-28,0.0,24.72,20.48,31.17,nasa,0.47
1982-10-29,0.0,25.19,19.59,32.7,nasa,0.46
1982-10-30,0.0,24.62,19.32,31.59,nasa,0.46
1982-10-31,0.0,24.58,19.04,31.56,nasa,0.46
1982-11-01,0.0,24.89,21.9,30.16,nasa,0.46
1982-11-02,0.25,24.57,20.3,30.51,nasa,0.46
1982-11-03,6.53,23.28,20.55,28.19,nasa,0.46
1982-11-04,0.0,24.41,19.82,31.22,nasa,0.46
1982-11-05,0.83,24.51,19.46,31.85,nasa,0.46
1982-11-06,2.03,23.9,18.84,31.29,nasa,0.46
1982-11-07,16.87,22.59,19.33,28.98,nasa,0.48
1982-11-08,0.0,23.88,19.56,29.9,nasa,0.49
1982-11-09,0.0,24.47,20.16,30.34,nasa,0.48
1982-11-10,0.0,23.59,19.33,29.96,nasa,0.48
1982-11-11,0.0,23.14,19.66,28.35,nasa,0.48
1982-11-12,0.0,23.67,19.14,29.51,nasa,0.47
1982-11-13,0.0,25.62,20.16,32.66,nasa,0.47
1982-11-14,0.0,25.22,20.28,32.14,nasa,0.47
1982-11-15,0.0,25.75,20.14,33.04,nasa,0.47
1982-11-16,0.0,26.16,20.79,33.64,nasa,0.46
1982-11-17,0.02,25.27,19.66,32.67,nasa,0.46
1982-11-18,0.14,24.6,19.37,31.51,nasa,0.46
1982-11-19,0.0,24.72,19.63,31.71,nasa,0.46
1982-11-20,0.0,24.55,19.48,31.32,nasa,0.46
1982-11-21,0.0,24.93,18.98,32.89,nasa,0.46
1982-11-22,0.0,24.48,19.04,31.97,nasa,0.45
1982-11-23,0.0,24.28,19.74,30.27,nasa,0.45
1982-11-24,0.0,24.06,21.09,28.4,nasa,0.45
1982-11-25,0.0,23.82,19.6,29.82,nasa,0.45
1982-11-26,0.0,24.92,19.05,32.51,nasa,0.45
1982-11-27,0.0,25.79,19.59,33.66,nasa,0.45
1982-11-28,0.0,26.57,20.75,33.67,nasa,0.45
1982-11-29,0.0,25.47,20.88,32.19,nasa,0.45
1982-11-30,0.0,24.31,19.45,31.71,nasa,0.45
1982-12-01,0.0,23.65,18.83,30.93,nasa,0.45
1982-12-02,0.0,23.67,18.39,31.15,nasa,0.45
1982-12-03,0.0,23.54,18.0,30.89,nasa,0.45
1982-12-04,0.0,24.37,18.34,32.04,nasa,0.45
1982-12-05,0.0,23.99,17.87,31.75,nasa,0.45
1982-12-06,0.0,23.57,19.18,30.15,nasa,0.45
1982-12-07,0.0,23.83,20.62,29.24,nasa,0.45
1982-12-08,0.0,24.07,20.58,30.17,nasa,0.45
1982-12-09,0.0,23.53,18.88,30.29,nasa,0.45
1982-12-10,0.0,23.21,16.8,31.87,nasa,0.45
1982-12-11,0.0,23.45,16.66,31.7,nasa,0.45
1982-12-12,0.0,22.47,18.52,29.23,nasa,0.45
1982-12-13,0.0,20.97,17.73,26.11,nasa,0.45
1982-12-14,0.0,21.57,18.13,27.58,nasa,0.45
1982-12-15,0.0,22.33,17.76,29.67,nasa,0.45
1982-12-16,0.0,22.45,17.88,29.16,nasa,0.45
1982-12-17,0.0,20.79,15.27,26.67,nasa,0.45
1982-12-18,0.0,18.25,14.36,24.74,nasa,0.45
1982-12-19,0.0,18.26,14.34,24.36,nasa,0.45
1982-12-20,0.0,18.79,14.72,25.44,nasa,0.45
1982-12-21,0.0,20.1,15.2,27.65,nasa,0.45
1982-12-22,0.0,20.37,15.07,28.42,nasa,0.45
1982-12-23,0.0,21.59,14.97,30.37,nasa,0.45
1982-12-24,0.0,23.08,16.2,31.86,nasa,0.45
1982-12-25,0.0,22.72,17.85,30.24,nasa,0.45
1982-12-26,0.0,20.4,14.55,26.14,nasa,0.45
1982-12-27,0.0,18.16,13.59,25.96,nasa,0.45
1982-12-28,0.0,18.38,12.26,27.31,nasa,0.45
1982-12-29,0.0,20.53,12.89,30.47,nasa,0.45
1982-12-30,0.0,23.51,14.89,32.97,nasa,0.45
1982-12-31,0.0,25.7,18.91,34.11,nasa,0.45
1983-01-01,0.0,26.03,19.81,33.87,nasa,0.45
1983-01-02,0.0,24.67,20.83,31.26,nasa,0.45
1983-01-03,0.0,23.86,19.98,30.67,nasa,0.45
1983-01-04,0.0,24.51,19.37,31.74,nasa,0.45
1983-01-05,0.0,25.24,19.09,33.43,nasa,0.45
1983-01-06,0.0,24.75,20.06,31.23,nasa,0.45
1983-01-07,0.0,25.26,20.14,32.04,nasa,0.45
1983-01-08,0.0,25.65,19.38,33.97,nasa,0.45
1983-01-09,0.0,23.93,19.05,31.07,nasa,0.45
1983-01-10,0.0,22.97,19.68,29.01,nasa,0.45
1983-01-11,0.0,22.41,18.84,28.4,nasa,0.45
1983-01-12,0.0,22.62,18.44,29.98,nasa,0.45
1983-01-13,0.0,22.13,18.02,29.45,nasa,0.45
1983-01-14,0.0,21.58,17.85,27.65,nasa,0.45
1983-01-15,0.0,22.85,17.83,30.9,nasa,0.45
1983-01-16,0.0,23.62,18.31,31.59,nasa,0.45
1983-01-17,0.0,24.16,19.51,31.34,nasa,0.45
1983-01-18,0.0,23.93,18.43,31.66,nasa,0.45
1983-01-19,0.0,23.02,19.0,29.99,nasa,0.45
1983-01-20,0.0,22.06,18.74,28.31,nasa,0.45
1983-01-21,0.0,22.02,16.7,29.04,nasa,0.45
1983-01-22,0.0,18.21,13.82,24.4,nasa,0.45
1983-01-23,0.0,18.23,13.3,25.65,nasa,0.45
1983-01-24,0.0,17.92,13.34,25.61,nasa,0.45
1983-01-25,0.0,17.72,12.01,25.92,nasa,0.45
1983-01-26,0.0,19.68,13.53,28.61,nasa,0.45
1983-01-27,0.0,21.03,13.44,30.33,nasa,0.45
1983-01-28,0.0,23.63,16.39,32.85,nasa,0.45
1983-01-29,0.0,25.57,17.32,34.52,nasa,0.44
1983-01-30,0.0,26.13,19.7,33.71,nasa,0.44
1983-01-31,0.0,26.97,20.54,34.45,nasa,0.44
1983-02-01,0.0,27.53,21.6,35.0,nasa,0.44
1983-02-02,0.0,28.08,20.97,36.06,nasa,0.44
1983-02-03,0.0,27.29,21.71,35.08,nasa,0.44
1983-02-04,0.0,25.27,19.24,33.14,nasa,0.44
1983-02-05,0.0,25.48,18.56,33.95,nasa,0.44
1983-02-06,0.0,25.91,19.14,34.79,nasa,0.44
1983-02-07,0.0,25.7,19.34,34.04,nasa,0.44
1983-02-08,0.0,24.82,17.82,33.7,nasa,0.44
1983-02-09,0.0,24.18,18.46,32.68,nasa,0.44
1983-02-10,0.0,24.17,15.59,34.27,nasa,0.44
1983-02-11,0.0,24.74,15.35,35.34,nasa,0.44
1983-02-12,0.0,24.37,17.08,33.22,nasa,0.44
1983-02-13,0.0,23.58,17.61,31.83,nasa,0.44
1983-02-14,0.0,24.01,18.18,32.13,nasa,0.44
1983-02-15,0.0,25.75,17.75,34.42,nasa,0.44
1983-02-16,0.0,26.75,20.8,33.71,nasa,0.44
1983-02-17,0.0,26.67,20.98,34.39,nasa,0.44
1983-02-18,0.0,23.55,20.73,27.85,nasa,0.44
1983-02-19,0.0,24.62,20.33,30.76,nasa,0.44
1983-02-20,0.0,26.12,20.61,32.53,nasa,0.44
1983-02-21,0.0,26.45,21.43,33.44,nasa,0.44
1983-02-22,0.0,24.7,19.74,32.24,nasa,0.44
1983-02-23,0.0,24.53,17.67,33.27,nasa,0.44
1983-02-24,0.0,25.65,17.19,35.39,nasa,0.44
1983-02-25,0.0,25.93,18.33,35.18,nasa,0.44
1983-02-26,0.0,24.82,18.33,33.68,nasa,0.44
1983-02-27,0.0,24.56,18.34,33.31,nasa,0.44
1983-02-28,0.0,25.75,17.96,35.31,nasa,0.44
1983-03-01,0.0,26.48,18.91,34.2,nasa,0.44
1983-03-02,0.0,27.62,20.39,35.87,nasa,0.44
1983-03-03,0.0,27.11,20.28,35.45,nasa,0.44
1983-03-04,0.0,25.59,19.52,34.43,nasa,0.44
1983-03-05,0.0,23.65,19.42,30.73,nasa,0.44
1983-03-06,0.0,23.69,19.17,31.46,nasa,0.44
1983-03-07,0.0,24.02,18.47,32.13,nasa,0.44
1983-03-08,0.0,24.82,17.85,33.89,nasa,0.44
1983-03-09,0.0,26.09,18.61,35.06,nasa,0.44
1983-03-10,0.0,26.97,19.55,35.24,nasa,0.44
1983-03-11,0.0,27.63,21.12,35.28,nasa,0.44
1983-03-12,0.0,28.84,22.37,36.1,nasa,0.44
1983-03-13,0.0,28.59,23.02,35.28,nasa,0.44
1983-03-14,0.0,26.82,21.49,33.78,nasa,0.44
1983-03-15,0.0,28.3,21.19,36.36,nasa,0.44
1983-03-16,0.0,28.55,22.4,36.07,nasa,0.44
1983-03-17,0.0,27.06,22.12,34.33,nasa,0.44
1983-03-18,0.0,26.08,20.14,34.49,nasa,0.44
1983-03-19,0.0,27.22,19.84,36.3,nasa,0.44
1983-03-20,0.0,28.61,19.69,37.59,nasa,0.44
1983-03-21,0.0,29.46,22.66,36.89,nasa,0.44
1983-03-22,0.0,29.23,23.43,36.96,nasa,0.44
1983-03-23,0.0,29.54,22.87,37.73,nasa,0.44
1983-03-24,0.0,30.11,22.79,37.89,nasa,0.44
1983-03-25,0.0,30.8,23.95,39.07,nasa,0.44
1983-03-26,0.0,30.57,22.59,39.04,nasa,0.44
1983-03-27,0.0,29.7,21.31,38.54,nasa,0.44
1983-03-28,0.0,29.98,22.27,38.25,nasa,0.44
1983-03-29,0.0,28.73,22.37,36.42,nasa,0.44
1983-03-30,0.0,28.11,21.67,35.45,nasa,0.44
1983-03-31,0.0,27.88,20.71,36.79,nasa,0.44
1983-04-01,0.0,28.32,20.48,37.38,nasa,0.44
1983-04-02,0.0,28.66,21.39,36.49,nasa,0.44
1983-04-03,0.0,28.58,21.93,35.96,nasa,0.44
1983-04-04,0.0,28.74,23.82,34.18,nasa,0.44
1983-04-05,0.0,29.96,22.29,38.53,nasa,0.44
1983-04-06,0.0,30.08,22.66,38.38,nasa,0.44
1983-04-07,0.0,30.87,22.17,39.45,nasa,0.44
1983-04-08,0.0,30.4,21.91,39.06,nasa,0.44
1983-04-09,0.0,29.98,21.51,38.9,nasa,0.44
1983-04-10,0.0,30.85,21.59,39.54,nasa,0.44
1983-04-11,0.0,30.6,23.99,37.41,nasa,0.44
1983-04-12,0.0,30.07,24.53,37.2,nasa,0.44
1983-04-13,0.0,30.11,24.0,37.1,nasa,0.44
1983-04-14,0.0,30.91,24.5,37.87,nasa,0.44
1983-04-15,0.0,30.73,24.29,37.89,nasa,0.44
1983-04-16,0.0,30.1,23.39,38.23,nasa,0.44
1983-04-17,0.0,28.06,21.11,37.07,nasa,0.44
1983-04-18,0.0,27.66,18.39,37.88,nasa,0.44
1983-04-19,0.0,28.44,20.13,37.76,nasa,0.44
1983-04-20,0.0,28.65,21.09,38.08,nasa,0.44
1983-04-21,0.0,28.68,19.69,38.17,nasa,0.44
1983-04-22,0.0,28.53,21.78,35.77,nasa,0.44
1983-04-23,0.0,29.72,22.81,37.94,nasa,0.44
1983-04-24,0.01,29.34,22.43,38.08,nasa,0.44
1983-04-25,3.48,27.24,20.26,35.7,nasa,0.44
1983-04-26,0.41,27.52,20.12,36.22,nasa,0.44
1983-04-27,0.06,27.83,21.5,35.56,nasa,0.44
1983-04-28,0.73,29.18,22.64,36.95,nasa,0.44
1983-04-29,1.85,26.14,22.92,29.95,nasa,0.45
1983-04-30,4.3,27.16,21.11,35.44,nasa,0.45
1983-05-01,0.0,27.51,21.56,34.43,nasa,0.45
1983-05-02,0.0,27.43,20.35,35.78,nasa,0.45
1983-05-03,0.0,27.68,22.05,34.97,nasa,0.45
1983-05-04,0.0,28.0,20.68,36.72,nasa,0.45
1983-05-05,0.0,28.44,21.58,36.54,nasa,0.45
1983-05-06,0.0,28.75,22.96,36.01,nasa,0.45
1983-05-07,0.0,27.71,23.26,33.94,nasa,0.44
1983-05-08,0.0,29.28,22.05,37.21,nasa,0.44
1983-05-09,0.0,27.95,23.29,33.63,nasa,0.44
1983-05-10,0.0,28.27,22.96,34.3,nasa,0.44
1983-05-11,0.0,27.97,23.76,34.04,nasa,0.44
1983-05-12,0.0,29.81,23.15,37.23,nasa,0.44
1983-05-13,0.01,29.52,25.13,34.91,nasa,0.44
1983-05-14,0.0,29.59,24.94,35.67,nasa,0.44
1983-05-15,0.02,29.95,24.16,37.1,nasa,0.44
1983-05-16,0.09,29.51,25.34,36.28,nasa,0.44
1983-05-17,0.0,28.98,23.11,36.07,nasa,0.44
1983-05-18,0.0,28.49,23.48,34.94,nasa,0.44
1983-05-19,0.0,27.46,23.93,31.84,nasa,0.44
1983-05-20,0.0,29.01,23.2,34.14,nasa,0.44
1983-05-21,0.0,30.93,24.04,38.15,nasa,0.44
1983-05-22,0.01,29.62,24.89,34.8,nasa,0.44
1983-05-23,0.5,28.29,24.66,33.21,nasa,0.44
1983-05-24,4.25,27.19,22.85,34.63,nasa,0.44
1983-05-25,0.45,26.61,23.01,31.89,nasa,0.45
1983-05-26,0.53,26.31,22.69,32.5,nasa,0.45
1983-05-27,2.48,25.86,22.01,31.78,nasa,0.45
1983-05-28,0.0,25.94,22.1,31.04,nasa,0.45
1983-05-29,0.0,26.63,22.34,31.85,nasa,0.45
1983-05-30,0.0,27.95,21.06,35.52,nasa,0.45
1983-05-31,0.0,28.38,22.68,35.14,nasa,0.45
1983-06-01,0.0,29.41,23.35,35.86,nasa,0.45
1983-06-02,0.0,28.8,23.75,35.08,nasa,0.45
1983-06-03,0.0,28.47,23.9,34.74,nasa,0.45
1983-06-04,0.0,28.23,24.13,33.23,nasa,0.44
1983-06-05,0.01,28.62,24.03,34.14,nasa,0.44
1983-06-06,2.07,26.23,22.19,30.49,nasa,0.44
1983-06-07,9.23,23.74,21.5,28.09,nasa,0.46
1983-06-08,0.4,25.04,21.0,30.98,nasa,0.46
1983-06-09,3.39,23.5,20.37,27.84,nasa,0.46
1983-06-10,0.13,24.09,21.36,27.82,nasa,0.46
1983-06-11,0.0,25.73,21.35,31.19,nasa,0.46
1983-06-12,0.0,28.33,21.05,36.95,nasa,0.46
1983-06-13,0.0,27.84,21.94,35.32,nasa,0.46
1983-06-14,0.0,28.6,21.98,36.53,nasa,0.45
1983-06-15,0.0,28.38,22.93,35.2,nasa,0.45
1983-06-16,0.0,29.03,23.76,34.79,nasa,0.45
1983-06-17,0.0,28.62,23.88,34.73,nasa,0.45
1983-06-18,0.0,28.31,23.56,34.51,nasa,0.45
1983-06-19,0.0,27.2,24.08,30.97,nasa,0.45
1983-06-20,0.0,27.35,23.42,32.63,nasa,0.45
1983-06-21,0.0,28.01,22.66,34.67,nasa,0.45
1983-06-22,0.0,26.14,23.24,31.07,nasa,0.45
1983-06-23,0.52,25.82,22.04,31.62,nasa,0.45
1983-06-24,16.06,24.4,21.9,28.89,nasa,0.45
1983-06-25,51.68,22.54,21.11,24.84,nasa,0.55
1983-06-26,0.69,23.92,21.55,26.71,nasa,0.57
1983-06-27,0.0,23.64,21.76,26.39,nasa,0.55
1983-06-28,0.0,24.02,21.21,28.47,nasa,0.54
1983-06-29,0.0,24.58,20.36,29.9,nasa,0.53
1983-06-30,0.0,25.35,21.59,29.78,nasa,0.51
1983-07-01,0.0,25.27,21.63,30.11,nasa,0.5
1983-07-02,0.0,26.02,20.88,31.63,nasa,0.5
1983-07-03,0.0,26.36,21.89,31.79,nasa,0.49
1983-07-04,0.0,26.3,23.06,31.59,nasa,0.48
1983-07-05,0.0,26.67,22.41,32.11,nasa,0.48
1983-07-06,0.0,26.52,22.64,31.68,nasa,0.47
1983-07-07,0.0,25.88,21.89,30.66,nasa,0.47
1983-07-08,0.0,26.02,22.52,31.02,nasa,0.47
1983-07-09,0.01,26.15,22.13,32.02,nasa,0.47
1983-07-10,0.07,25.5,22.01,31.34,nasa,0.47
1983-07-11,0.0,24.68,21.91,28.49,nasa,0.46
1983-07-12,0.03,26.33,21.08,32.94,nasa,0.46
1983-07-13,1.26,25.96,22.03,31.47,nasa,0.46
1983-07-14,0.0,25.75,21.86,30.33,nasa,0.46
1983-07-15,1.03,25.94,22.31,31.59,nasa,0.46
1983-07-16,6.05,24.38,21.84,29.0,nasa,0.46
1983-07-17,2.53,23.39,20.53,26.93,nasa,0.47
1983-07-18,0.0,24.57,22.0,28.8,nasa,0.47
1983-07-19,0.0,26.06,20.87,32.51,nasa,0.47
1983-07-20,0.0,26.75,21.79,32.35,nasa,0.46
1983-07-21,0.0,26.12,21.31,31.75,nasa,0.46
1983-07-22,0.0,26.45,21.82,33.13,nasa,0.46
1983-07-23,0.0,26.09,22.59,30.84,nasa,0.46
1983-07-24,0.0,26.09,22.18,30.9,nasa,0.46
1983-07-25,0.0,26.0,21.62,31.65,nasa,0.46
1983-07-26,0.0,26.74,22.0,32.46,nasa,0.46
1983-07-27,0.09,27.24,22.18,33.8,nasa,0.45
1983-07-28,0.77,26.31,22.39,31.57,nasa,0.45
1983-07-29,0.0,25.16,22.49,28.67,nasa,0.45
1983-07-30,0.0,25.66,22.23,29.43,nasa,0.45
1983-07-31,0.01,27.98,22.04,35.82,nasa,0.45
1983-08-01,0.03,26.51,22.43,31.14,nasa,0.45
1983-08-02,0.0,27.16,22.29,33.24,nasa,0.45
1983-08-03,0.01,27.67,22.06,35.17,nasa,0.45
1983-08-04,0.3,26.27,22.5,31.76,nasa,0.45
1983-08-05,0.73,25.53,21.31,31.08,nasa,0.45
1983-08-06,1.94,26.11,21.28,32.91,nasa,0.45
1983-08-07,3.93,25.31,20.84,31.8,nasa,0.45
1983-08-08,3.99,25.14,20.87,31.04,nasa,0.46
1983-08-09,1.35,25.62,21.45,31.31,nasa,0.46
1983-08-10,4.5,24.95,21.18,31.05,nasa,0.46
1983-08-11,9.27,24.13,21.72,27.6,nasa,0.47
1983-08-12,9.6,24.19,20.95,29.28,nasa,0.49
1983-08-13,14.91,25.62,21.26,31.92,nasa,0.5
1983-08-14,35.38,24.06,21.34,28.4,nasa,0.55
1983-08-15,15.48,23.39,20.93,26.93,nasa,0.59
1983-08-16,0.14,23.8,21.79,26.77,nasa,0.59
1983-08-17,2.26,24.17,21.57,27.75,nasa,0.57
1983-08-18,2.0,23.05,20.48,26.3,nasa,0.56
1983-08-19,0.27,23.97,21.1,27.96,nasa,0.55
1983-08-20,0.01,24.14,21.26,28.33,nasa,0.54
1983-08-21,0.1,24.87,20.83,29.9,nasa,0.53
1983-08-22,0.0,24.63,21.56,29.0,nasa,0.52
1983-08-23,0.01,24.68,21.21,29.39,nasa,0.51
1983-08-24,0.11,24.85,21.56,28.91,nasa,0.5
1983-08-25,1.44,24.22,20.8,28.46,nasa,0.5
1983-08-26,0.74,23.99,20.35,28.48,nasa,0.49
1983-08-27,0.09,25.31,21.05,31.19,nasa,0.49
1983-08-28,0.64,23.53,21.45,26.6,nasa,0.49
1983-08-29,2.42,24.18,21.15,28.7,nasa,0.49
1983-08-30,0.59,24.67,21.0,30.11,nasa,0.49
1983-08-31,0.0,26.4,20.98,32.99,nasa,0.48
1983-09-01,0.0,25.25,22.3,29.67,nasa,0.48
1983-09-02,0.01,25.17,21.68,29.63,nasa,0.48
1983-09-03,0.07,25.7,20.59,32.94,nasa,0.48
1983-09-04,0.11,26.57,21.52,33.59,nasa,0.47
1983-09-05,0.79,26.26,21.26,33.59,nasa,0.47
1983-09-06,0.04,24.47,21.97,28.05,nasa,0.47
1983-09-07,0.02,25.51,20.87,31.48,nasa,0.47
1983-09-08,0.06,25.74,21.77,31.04,nasa,0.47
1983-09-09,0.1,25.64,21.23,32.14,nasa,0.47
1983-09-10,0.0,25.46,21.37,31.4,nasa,0.47
1983-09-11,0.0,25.62,21.19,31.8,nasa,0.47
1983-09-12,0.02,25.94,21.49,31.37,nasa,0.46
1983-09-13,0.14,25.93,21.5,32.0,nasa,0.46
1983-09-14,0.78,25.26,20.31,31.12,nasa,0.46
1983-09-15,0.0,26.2,20.28,33.71,nasa,0.46
1983-09-16,0.0,25.83,21.98,30.81,nasa,0.46
1983-09-17,0.0,26.3,21.44,32.85,nasa,0.46
1983-09-18,0.01,25.79,22.35,31.44,nasa,0.46
1983-09-19,0.0,26.47,22.3,32.65,nasa,0.46
1983-09-20,0.0,25.69,22.28,30.86,nasa,0.46
1983-09-21,0.0,26.2,20.24,33.49,nasa,0.46
1983-09-22,0.0,26.17,21.57,32.9,nasa,0.46
1983-09-23,0.44,25.75,21.78,30.99,nasa,0.46
1983-09-24,4.17,24.8,20.23,30.88,nasa,0.46
1983-09-25,10.58,24.45,21.45,29.84,nasa,0.47
1983-09-26,4.87,23.95,20.53,28.93,nasa,0.48
1983-09-27,15.5,23.82,20.19,29.64,nasa,0.49
1983-09-28,42.67,23.31,20.74,27.0,nasa,0.55
1983-09-29,40.61,23.62,20.8,27.47,nasa,0.62
1983-09-30,0.8,23.54,20.81,27.29,nasa,0.64
1983-10-01,2.71,22.59,21.2,25.35,nasa,0.62
1983-10-02,6.8,22.18,20.44,24.91,nasa,0.61
1983-10-03,6.98,22.8,19.72,27.31,nasa,0.61
1983-10-04,0.75,23.04,20.35,26.57,nasa,0.59
1983-10-05,0.63,22.07,20.34,24.66,nasa,0.58
1983-10-06,0.3,23.6,18.66,29.44,nasa,0.57
1983-10-07,5.36,23.57,20.01,28.6,nasa,0.56
1983-10-08,44.16,21.9,19.07,25.96,nasa,0.6
1983-10-09,3.37,21.61,18.36,25.41,nasa,0.63
1983-10-10,1.38,22.37,19.8,25.79,nasa,0.61
1983-10-11,3.23,22.26,19.33,26.41,nasa,0.59
1983-10-12,5.46,22.97,19.3,28.03,nasa,0.58
1983-10-13,0.02,23.65,20.08,28.37,nasa,0.58
1983-10-14,3.55,24.08,20.27,28.95,nasa,0.56
1983-10-15,16.38,23.13,20.79,27.81,nasa,0.58
1983-10-16,1.97,22.55,19.16,27.56,nasa,0.58
1983-10-17,0.1,22.63,20.21,25.87,nasa,0.57
1983-10-18,0.07,22.85,19.79,27.46,nasa,0.56
1983-10-19,0.0,22.9,18.95,29.0,nasa,0.55
1983-10-20,0.0,22.98,19.51,28.13,nasa,0.54
1983-10-21,0.0,23.13,19.79,28.27,nasa,0.54
1983-10-22,0.0,24.46,19.38,31.13,nasa,0.53
1983-10-23,0.02,24.74,21.12,30.43,nasa,0.52
1983-10-24,0.0,24.72,21.75,29.33,nasa,0.52
1983-10-25,0.01,24.08,21.35,28.6,nasa,0.51
1983-10-26,0.38,23.32,21.02,26.91,nasa,0.51
1983-10-27,3.17,22.65,20.16,26.58,nasa,0.51
1983-10-28,1.94,22.64,19.4,27.39,nasa,0.51
1983-10-29,7.65,22.26,20.36,25.18,nasa,0.52
1983-10-30,1.43,23.13,19.98,27.83,nasa,0.53
1983-10-31,0.39,23.64,20.74,28.73,nasa,0.52
1983-11-01,0.0,23.13,20.09,27.35,nasa,0.52
1983-11-02,0.0,23.62,19.61,29.58,nasa,0.52
1983-11-03,0.0,23.06,18.27,29.04,nasa,0.51
1983-11-04,0.0,23.67,20.23,28.79,nasa,0.51
1983-11-05,0.27,23.97,21.22,28.4,nasa,0.5
1983-11-06,2.74,22.8,20.47,27.48,nasa,0.5
1983-11-07,0.0,23.59,19.92,28.76,nasa,0.5
1983-11-08,0.0,23.56,21.88,26.29,nasa,0.5
1983-11-09,0.0,24.36,20.24,29.79,nasa,0.5
1983-11-10,0.0,24.69,20.21,31.12,nasa,0.5
1983-11-11,0.0,24.44,19.02,31.53,nasa,0.49
1983-11-12,0.0,24.09,18.7,31.07,nasa,0.49
1983-11-13,0.0,23.87,21.09,28.71,nasa,0.49
1983-11-14,0.0,24.21,21.34,28.81,nasa,0.49
1983-11-15,0.0,23.72,20.52,28.91,nasa,0.49
1983-11-16,0.11,23.09,20.03,28.12,nasa,0.49
1983-11-17,0.34,22.13,19.48,26.7,nasa,0.49
1983-11-18,0.01,22.38,19.14,27.9,nasa,0.49
1983-11-19,0.0,22.94,19.59,28.85,nasa,0.49
1983-11-20,0.0,21.96,18.6,27.22,nasa,0.48
1983-11-21,0.0,20.25,17.25,25.23,nasa,0.48
1983-11-22,0.0,19.48,16.4,24.68,nasa,0.48
1983-11-23,0.0,19.23,15.47,25.04,nasa,0.48
1983-11-24,0.0,19.35,15.22,25.77,nasa,0.48
1983-11-25,0.0,19.59,13.88,27.49,nasa,0.48
1983-11-26,0.0,18.61,15.22,23.48,nasa,0.48
1983-11-27,0.0,18.5,15.66,23.34,nasa,0.48
1983-11-28,0.0,18.63,14.54,24.65,nasa,0.48
1983-11-29,0.0,19.44,15.83,24.72,nasa,0.48
1983-11-30,0.0,18.93,16.04,22.67,nasa,0.48
1983-12-01,0.0,19.12,15.57,23.72,nasa,0.48
1983-12-02,0.0,20.53,17.35,25.39,nasa,0.48
1983-12-03,0.0,20.21,16.54,25.55,nasa,0.48
1983-12-04,0.0,19.23,15.45,25.69,nasa,0.48
1983-12-05,0.0,21.0,17.12,27.76,nasa,0.48
1983-12-06,0.0,20.67,16.65,27.63,nasa,0.48
1983-12-07,0.0,20.7,16.93,27.04,nasa,0.48
1983-12-08,0.0,20.15,16.64,25.89,nasa,0.48
1983-12-09,0.0,21.61,17.28,28.08,nasa,0.48
1983-12-10,0.0,22.59,18.56,28.91,nasa,0.48
1983-12-11,0.0,22.74,19.08,29.15,nasa,0.48
1983-12-12,0.0,21.74,18.33,27.72,nasa,0.47
1983-12-13,0.0,22.05,17.76,28.16,nasa,0.47
1983-12-14,0.0,22.83,18.96,28.6,nasa,0.47
1983-12-15,0.0,22.85,19.67,28.57,nasa,0.47
1983-12-16,0.0,22.85,19.45,28.31,nasa,0.47
1983-12-17,0.0,23.07,18.45,29.9,nasa,0.47
1983-12-18,0.0,22.89,19.02,29.34,nasa,0.47
1983-12-19,0.0,22.88,18.33,30.11,nasa,0.47
1983-12-20,0.0,22.24,17.78,29.11,nasa,0.47
1983-12-21,0.0,21.83,16.87,29.27,nasa,0.47
1983-12-22,0.0,21.25,16.51,28.5,nasa,0.47
1983-12-23,0.0,20.58,16.92,26.65,nasa,0.47
1983-12-24,0.0,20.83,17.1,26.74,nasa,0.47
1983-12-25,0.0,20.57,17.42,26.03,nasa,0.47
1983-12-26,0.0,20.65,17.14,26.52,nasa,0.47
1983-12-27,0.0,20.86,17.21,27.21,nasa,0.47
1983-12-28,0.0,20.86,16.88,26.34,nasa,0.47
1983-12-29,0.0,23.25,17.36,31.38,nasa,0.47
1983-12-30,0.0,21.34,16.53,28.99,nasa,0.47
1983-12-31,0.02,20.89,16.62,27.79,nasa,0.47
1984-01-01,0.0,21.13,17.35,27.76,nasa,0.47
1984-01-02,0.0,21.19,17.06,27.96,nasa,0.47
1984-01-03,1.19,20.75,16.79,27.58,nasa,0.47
1984-01-04,3.75,19.68,16.44,26.2,nasa,0.47
1984-01-05,0.0,18.64,15.56,23.83,nasa,0.47
1984-01-06,0.0,19.63,15.24,26.24,nasa,0.47
1984-01-07,0.0,19.5,15.31,26.21,nasa,0.47
1984-01-08,0.0,17.81,14.1,24.06,nasa,0.47
1984-01-09,0.0,17.55,13.25,24.52,nasa,0.47
1984-01-10,0.0,19.65,13.25,28.39,nasa,0.47
1984-01-11,0.0,21.11,15.05,29.39,nasa,0.47
1984-01-12,0.0,22.02,16.01,30.18,nasa,0.47
1984-01-13,0.0,19.76,15.66,25.49,nasa,0.47
1984-01-14,0.0,20.92,13.76,30.55,nasa,0.47
1984-01-15,0.0,22.34,14.61,31.36,nasa,0.47
1984-01-16,0.0,22.6,17.39,30.16,nasa,0.46
1984-01-17,0.0,22.3,16.88,29.52,nasa,0.46
1984-01-18,0.0,24.4,18.24,31.86,nasa,0.46
1984-01-19,0.0,24.45,19.87,31.35,nasa,0.46
1984-01-20,0.0,23.55,17.88,30.49,nasa,0.46
1984-01-21,0.0,23.71,19.48,29.94,nasa,0.46
1984-01-22,0.0,21.86,17.78,28.23,nasa,0.46
1984-01-23,0.0,21.34,17.17,27.53,nasa,0.46
1984-01-24,0.0,21.56,17.76,28.33,nasa,0.46
1984-01-25,0.0,20.73,17.69,26.1,nasa,0.46
1984-01-26,0.0,19.81,16.66,24.32,nasa,0.46
1984-01-27,0.0,20.21,16.45,25.52,nasa,0.46
1984-01-28,0.0,21.16,17.45,26.57,nasa,0.46
1984-01-29,0.0,22.34,18.06,28.76,nasa,0.46
1984-01-30,0.0,22.56,18.99,28.12,nasa,0.46
1984-01-31,0.04,22.55,18.46,29.04,nasa,0.46
1984-02-01,0.0,21.42,17.23,28.18,nasa,0.46
1984-02-02,0.0,22.77,17.32,30.85,nasa,0.46
1984-02-03,0.0,22.76,18.5,29.88,nasa,0.46
1984-02-04,0.0,22.51,17.91,29.32,nasa,0.46
1984-02-05,0.0,22.98,17.41,31.23,nasa,0.46
1984-02-06,0.0,21.37,17.91,26.9,nasa,0.46
1984-02-07,0.0,19.05,15.79,24.49,nasa,0.46
1984-02-08,0.0,18.75,15.06,24.7,nasa,0.46
1984-02-09,0.0,21.03,14.6,29.47,nasa,0.46
1984-02-10,0.0,23.79,17.34,32.39,nasa,0.46
1984-02-11,0.03,24.4,19.56,31.98,nasa,0.46
1984-02-12,0.0,23.4,17.02,32.31,nasa,0.46
1984-02-13,0.0,23.14,17.04,31.9,nasa,0.46
1984-02-14,0.0,23.41,17.52,30.2,nasa,0.46
1984-02-15,0.0,23.56,18.63,30.77,nasa,0.46
1984-02-16,0.0,24.36,18.2,32.98,nasa,0.45
1984-02-17,0.0,25.02,16.85,34.89,nasa,0.45
1984-02-18,0.0,23.34,18.64,30.2,nasa,0.45
1984-02-19,0.0,23.56,18.94,30.64,nasa,0.45
1984-02-20,0.0,24.51,18.32,33.04,nasa,0.45
1984-02-21,0.0,25.56,18.54,34.65,nasa,0.45
1984-02-22,0.0,25.75,18.16,35.46,nasa,0.45
1984-02-23,0.0,24.83,15.69,34.94,nasa,0.45
1984-02-24,0.0,24.09,19.33,31.02,nasa,0.45
1984-02-25,0.0,24.25,18.92,32.06,nasa,0.45
1984-02-26,0.0,23.54,19.16,30.68,nasa,0.45
1984-02-27,0.0,22.89,18.74,29.85,nasa,0.45
1984-02-28,0.02,23.24,17.8,30.76,nasa,0.45
1984-02-29,0.03,22.55,18.45,29.27,nasa,0.45
1984-03-01,0.05,21.91,17.79,28.85,nasa,0.45
1984-03-02,0.0,21.32,16.87,28.49,nasa,0.45
1984-03-03,0.0,21.19,16.53,28.9,nasa,0.45
1984-03-04,0.0,20.92,15.84,28.9,nasa,0.45
1984-03-05,0.0,21.91,15.54,30.65,nasa,0.45
1984-03-06,0.0,23.62,16.28,32.89,nasa,0.45
1984-03-07,0.0,25.12,16.94,33.88,nasa,0.45
1984-03-08,0.0,25.96,17.94,34.66,nasa,0.45
1984-03-09,0.0,26.97,19.34,35.03,nasa,0.45
1984-03-10,0.0,27.09,20.36,34.92,nasa,0.45
1984-03-11,0.0,26.45,19.87,33.99,nasa,0.45
1984-03-12,0.0,26.92,19.17,35.76,nasa,0.45
1984-03-13,0.0,27.47,21.05,35.48,nasa,0.45
1984-03-14,0.0,28.65,21.41,36.4,nasa,0.45
1984-03-15,0.0,29.1,23.42,35.91,nasa,0.45
1984-03-16,0.0,27.83,22.22,34.11,nasa,0.45
1984-03-17,0.0,27.64,20.99,35.19,nasa,0.45
1984-03-18,0.0,28.81,21.25,37.39,nasa,0.45
1984-03-19,0.53,28.7,22.61,35.83,nasa,0.45
1984-03-20,4.71,28.16,22.58,35.51,nasa,0.45
1984-03-21,0.0,26.77,20.19,35.09,nasa,0.45
1984-03-22,0.0,25.79,18.73,34.44,nasa,0.45
1984-03-23,0.0,25.43,19.4,33.64,nasa,0.45
1984-03-24,0.0,25.74,18.34,34.52,nasa,0.45
1984-03-25,0.0,26.33,19.11,35.32,nasa,0.45
1984-03-26,0.0,26.17,17.9,35.65,nasa,0.45
1984-03-27,0.0,26.44,18.9,35.83,nasa,0.45
1984-03-28,0.0,25.7,21.63,31.32,nasa,0.45
1984-03-29,0.01,26.41,21.41,34.07,nasa,0.45
1984-03-30,0.04,27.88,19.28,37.28,nasa,0.45
1984-03-31,0.0,28.52,21.18,37.58,nasa,0.45
1984-04-01,0.0,29.18,21.2,38.17,nasa,0.45
1984-04-02,0.0,29.03,22.04,37.92,nasa,0.45
1984-04-03,0.0,29.26,21.5,38.15,nasa,0.45
1984-04-04,0.0,29.57,22.87,37.34,nasa,0.45
1984-04-05,0.0,29.99,23.11,37.66,nasa,0.45
1984-04-06,0.0,29.93,23.62,37.52,nasa,0.45
1984-04-07,0.0,29.31,22.29,37.84,nasa,0.44
1984-04-08,0.0,26.97,21.87,33.37,nasa,0.44
1984-04-09,0.0,27.53,20.32,36.78,nasa,0.44
1984-04-10,0.0,27.71,19.62,36.74,nasa,0.44
1984-04-11,0.0,28.03,20.07,36.97,nasa,0.44
1984-04-12,0.28,28.65,20.81,37.44,nasa,0.44
1984-04-13,0.0,28.18,21.28,36.89,nasa,0.44
1984-04-14,0.0,28.11,21.22,36.34,nasa,0.44
1984-04-15,0.0,28.07,22.21,34.74,nasa,0.44
1984-04-16,0.0,29.27,21.33,37.64,nasa,0.44
1984-04-17,0.0,27.58,23.69,34.11,nasa,0.44
1984-04-18,0.0,27.19,22.55,32.73,nasa,0.44
1984-04-19,0.0,26.7,22.9,32.7,nasa,0.45
1984-04-20,0.01,27.03,22.5,32.96,nasa,0.45
1984-04-21,0.1,28.09,22.46,34.9,nasa,0.45
1984-04-22,0.1,28.43,22.55,35.41,nasa,0.45
1984-04-23,0.0,27.11,22.47,33.53,nasa,0.45
1984-04-24,0.0,27.68,21.62,34.37,nasa,0.45
1984-04-25,0.23,28.21,20.98,35.88,nasa,0.45
1984-04-26,2.09,26.97,21.69,34.07,nasa,0.45
1984-04-27,0.01,28.56,20.73,36.39,nasa,0.45
1984-04-28,0.13,27.07,24.07,30.97,nasa,0.45
1984-04-29,0.15,27.76,22.83,33.8,nasa,0.45
1984-04-30,0.13,26.94,22.64,31.86,nasa,0.45
1984-05-01,0.03,27.78,22.73,34.13,nasa,0.45
1984-05-02,0.05,27.66,23.18,33.88,nasa,0.45
1984-05-03,0.0,27.17,23.26,32.35,nasa,0.45
1984-05-04,0.01,27.6,22.19,33.03,nasa,0.45
1984-05-05,0.06,27.66,22.82,32.77,nasa,0.45
1984-05-06,0.0,24.87,22.39,28.31,nasa,0.45
1984-05-07,0.0,26.08,20.72,32.92,nasa,0.45
1984-05-08,0.0,24.47,20.91,29.01,nasa,0.45
1984-05-09,0.0,26.18,21.36,31.88,nasa,0.45
1984-05-10,0.01,26.86,21.0,34.59,nasa,0.45
1984-05-11,0.0,26.96,21.91,32.95,nasa,0.45
1984-05-12,0.0,27.83,21.91,35.6,nasa,0.45
1984-05-13,0.0,27.32,22.5,33.65,nasa,0.45
1984-05-14,0.0,27.11,23.04,32.88,nasa,0.45
1984-05-15,0.0,27.86,22.03,34.95,nasa,0.45
1984-05-16,0.0,28.42,22.78,35.05,nasa,0.45
1984-05-17,0.24,28.08,22.94,35.05,nasa,0.45
1984-05-18,1.42,25.13,22.63,28.53,nasa,0.45
1984-05-19,0.01,27.03,21.27,33.79,nasa,0.45
1984-05-20,0.05,28.38,22.97,34.98,nasa,0.45
1984-05-21,0.15,27.59,23.1,33.39,nasa,0.45
1984-05-22,0.92,27.27,22.86,32.21,nasa,0.45
1984-05-23,4.67,25.57,22.23,30.23,nasa,0.45
1984-05-24,6.29,25.1,21.54,30.54,nasa,0.46
1984-05-25,0.64,26.46,21.6,32.68,nasa,0.46
1984-05-26,0.23,26.35,22.15,32.14,nasa,0.46
1984-05-27,0.64,25.35,22.31,29.71,nasa,0.46
1984-05-28,2.05,25.33,21.31,31.13,nasa,0.46
1984-05-29,0.03,25.73,21.93,31.42,nasa,0.46
1984-05-30,0.0,25.64,22.05,30.47,nasa,0.46
1984-05-31,0.03,26.31,22.51,31.47,nasa,0.46
1984-06-01,0.2,25.44,22.7,28.43,nasa,0.46
1984-06-02,0.01,26.49,21.44,32.8,nasa,0.46
1984-06-03,0.19,27.49,21.45,34.1,nasa,0.45
1984-06-04,0.62,26.5,22.66,32.35,nasa,0.45
1984-06-05,0.02,26.81,22.28,33.29,nasa,0.45
1984-06-06,3.89,26.42,21.91,33.49,nasa,0.45
1984-06-07,15.14,24.52,21.44,30.32,nasa,0.48
1984-06-08,0.42,25.1,21.49,30.24,nasa,0.48
1984-06-09,4.02,23.32,20.96,26.54,nasa,0.48
1984-06-10,1.6,23.84,20.01,28.41,nasa,0.48
1984-06-11,0.03,25.15,21.46,30.34,nasa,0.48
1984-06-12,0.07,25.78,20.76,32.1,nasa,0.47
1984-06-13,0.01,26.58,21.9,32.95,nasa,0.47
1984-06-14,0.03,26.75,22.15,32.41,nasa,0.47
1984-06-15,0.02,26.87,22.35,32.59,nasa,0.47
1984-06-16,0.0,26.38,22.85,31.53,nasa,0.46
1984-06-17,0.0,26.19,21.84,32.09,nasa,0.46
1984-06-18,0.0,26.1,21.89,30.99,nasa,0.46
1984-06-19,0.03,24.74,21.9,28.22,nasa,0.46
1984-06-20,0.01,24.74,21.55,29.35,nasa,0.46
1984-06-21,0.28,25.65,22.01,31.16,nasa,0.46
1984-06-22,0.94,24.82,21.03,29.15,nasa,0.46
1984-06-23,0.0,25.86,22.23,31.55,nasa,0.45
1984-06-24,0.0,25.61,22.4,29.94,nasa,0.45
1984-06-25,0.5,25.19,22.24,28.99,nasa,0.45
1984-06-26,1.86,24.56,22.07,28.84,nasa,0.45
1984-06-27,0.66,24.66,21.76,29.06,nasa,0.45
1984-06-28,0.57,24.7,21.0,29.39,nasa,0.45
1984-06-29,0.83,25.56,21.48,31.74,nasa,0.45
1984-06-30,0.01,26.54,21.76,32.83,nasa,0.45
1984-07-01,0.0,26.26,21.94,31.18,nasa,0.45
1984-07-02,0.0,25.45,22.29,29.71,nasa,0.45
1984-07-03,4.16,25.94,21.92,32.42,nasa,0.45
1984-07-04,13.66,23.73,21.39,28.43,nasa,0.47
1984-07-05,0.17,23.75,21.01,27.59,nasa,0.48
1984-07-06,0.0,24.64,20.5,30.25,nasa,0.48
1984-07-07,0.3,25.73,21.5,31.64,nasa,0.47
1984-07-08,1.01,24.17,21.74,27.99,nasa,0.47
1984-07-09,0.05,24.81,20.87,30.2,nasa,0.47
1984-07-10,0.12,24.79,21.12,29.56,nasa,0.47
1984-07-11,0.07,25.06,21.24,30.4,nasa,0.47
1984-07-12,0.04,25.63,21.52,31.64,nasa,0.46
1984-07-13,0.0,24.61,21.44,28.95,nasa,0.46
1984-07-14,0.0,25.56,20.77,30.98,nasa,0.46
1984-07-15,0.08,26.67,21.05,33.41,nasa,0.46
1984-07-16,0.93,26.72,21.76,33.56,nasa,0.46
1984-07-17,0.0,27.57,20.7,34.92,nasa,0.46
1984-07-18,0.0,27.26,22.18,33.13,nasa,0.46
1984-07-19,0.02,26.19,22.56,31.24,nasa,0.45
1984-07-20,0.0,26.23,22.18,31.68,nasa,0.45
1984-07-21,0.0,26.03,21.59,31.79,nasa,0.45
1984-07-22,0.71,24.85,21.54,29.35,nasa,0.45
1984-07-23,21.4,24.34,20.39,30.28,nasa,0.47
1984-07-24,0.0,24.47,21.65,28.43,nasa,0.49
1984-07-25,0.0,25.21,20.74,30.38,nasa,0.49
1984-07-26,0.11,25.06,21.42,29.65,nasa,0.48
1984-07-27,1.47,25.03,21.76,30.17,nasa,0.48
1984-07-28,3.17,24.21,21.1,29.38,nasa,0.48
1984-07-29,0.56,23.74,20.55,27.98,nasa,0.47
1984-07-30,1.49,23.37,20.92,26.62,nasa,0.47
1984-07-31,0.12,25.5,21.44,30.45,nasa,0.47
1984-08-01,0.02,25.86,22.59,30.59,nasa,0.47
1984-08-02,0.0,26.45,22.0,31.78,nasa,0.47
1984-08-03,0.01,26.73,22.4,32.39,nasa,0.46
1984-08-04,0.02,26.31,22.28,32.24,nasa,0.46
1984-08-05,0.14,25.76,22.22,30.47,nasa,0.46
1984-08-06,0.0,25.85,21.86,31.09,nasa,0.46
1984-08-07,0.02,25.67,22.34,29.95,nasa,0.46
1984-08-08,0.43,25.03,21.52,29.76,nasa,0.46
1984-08-09,2.49,23.85,20.53,29.03,nasa,0.46
1984-08-10,2.78,24.03,21.09,28.77,nasa,0.46
1984-08-11,1.04,24.06,20.25,28.09,nasa,0.46
1984-08-12,1.9,24.54,20.66,29.34,nasa,0.46
1984-08-13,0.68,24.32,21.54,28.26,nasa,0.46
1984-08-14,2.95,23.2,20.79,26.99,nasa,0.46
1984-08-15,0.82,23.22,20.29,27.05,nasa,0.46
1984-08-16,0.58,23.29,20.96,26.55,nasa,0.46
1984-08-17,0.5,23.48,21.59,26.45,nasa,0.46
1984-08-18,1.97,23.74,20.8,27.79,nasa,0.46
1984-08-19,6.37,23.63,20.73,28.21,nasa,0.47
1984-08-20,0.06,24.35,20.97,28.64,nasa,0.47
1984-08-21,0.0,25.73,20.94,31.9,nasa,0.47
1984-08-22,0.0,26.25,20.75,32.92,nasa,0.47
1984-08-23,0.03,26.25,21.78,31.65,nasa,0.46
1984-08-24,0.1,25.28,22.1,29.99,nasa,0.46
1984-08-25,0.0,24.82,22.18,28.33,nasa,0.46
1984-08-26,0.07,24.47,21.53,28.51,nasa,0.46
1984-08-27,0.31,24.82,21.0,29.37,nasa,0.46
1984-08-28,8.94,23.23,21.05,26.72,nasa,0.46
1984-08-29,0.54,23.96,20.73,28.73,nasa,0.47
1984-08-30,0.89,24.39,21.51,29.19,nasa,0.47
1984-08-31,4.06,23.5,20.43,28.16,nasa,0.47
1984-09-01,8.13,23.29,20.39,27.84,nasa,0.47
1984-09-02,2.81,23.84,20.24,29.35,nasa,0.48
1984-09-03,0.28,23.65,20.63,28.02,nasa,0.48
1984-09-04,0.78,23.0,20.19,26.6,nasa,0.48
1984-09-05,0.13,24.29,19.95,29.86,nasa,0.47
1984-09-06,0.14,24.93,20.81,29.75,nasa,0.47
1984-09-07,0.15,23.7,21.17,27.35,nasa,0.47
1984-09-08,0.46,24.7,20.1,31.1,nasa,0.47
1984-09-09,0.0,25.2,19.51,32.83,nasa,0.47
1984-09-10,0.0,26.51,20.27,34.19,nasa,0.46
1984-09-11,0.0,26.48,20.58,34.49,nasa,0.46
1984-09-12,0.0,25.51,19.56,32.33,nasa,0.46
1984-09-13,0.01,25.95,18.98,33.19,nasa,0.46
1984-09-14,0.01,26.76,20.12,35.02,nasa,0.46
1984-09-15,0.3,26.93,18.85,35.23,nasa,0.45
1984-09-16,0.18,27.27,20.08,35.29,nasa,0.45
1984-09-17,0.21,27.32,20.97,35.2,nasa,0.45
1984-09-18,1.08,26.21,21.29,33.06,nasa,0.45
1984-09-19,0.02,26.19,21.1,32.74,nasa,0.45
1984-09-20,0.67,26.85,20.46,34.12,nasa,0.45
1984-09-21,6.95,23.13,19.67,28.42,nasa,0.46
1984-09-22,0.25,23.02,18.8,28.88,nasa,0.46
1984-09-23,0.3,24.54,19.01,32.11,nasa,0.46
1984-09-24,0.01,26.03,19.93,32.95,nasa,0.46
1984-09-25,10.44,26.68,22.02,33.78,nasa,0.46
1984-09-26,25.5,23.67,21.71,27.76,nasa,0.51
1984-09-27,0.03,24.69,21.46,29.43,nasa,0.52
1984-09-28,0.05,23.85,21.97,26.49,nasa,0.51
1984-09-29,2.24,23.96,21.09,27.64,nasa,0.51
1984-09-30,2.71,22.89,20.68,25.92,nasa,0.51
1984-10-01,0.75,25.14,19.9,31.48,nasa,0.5
1984-10-02,1.83,25.82,19.62,33.47,nasa,0.49
1984-10-03,6.05,24.77,19.97,31.98,nasa,0.49
1984-10-04,15.36,23.11,20.14,28.5,nasa,0.51
1984-10-05,26.85,23.18,18.63,29.55,nasa,0.54
1984-10-06,12.97,23.36,18.2,29.61,nasa,0.57
1984-10-07,3.56,24.3,19.54,30.61,nasa,0.56
1984-10-08,9.53,23.77,20.1,29.63,nasa,0.56
1984-10-09,1.87,24.0,19.0,30.33,nasa,0.55
1984-10-10,0.2,23.46,19.73,27.28,nasa,0.54
1984-10-11,4.9,23.68,20.2,29.14,nasa,0.53
1984-10-12,35.21,22.1,19.13,24.54,nasa,0.56
1984-10-13,6.23,22.84,20.9,25.72,nasa,0.59
1984-10-14,0.02,23.07,19.74,27.52,nasa,0.58
1984-10-15,0.88,23.54,20.38,27.46,nasa,0.57
1984-10-16,2.67,23.54,20.28,28.87,nasa,0.55
1984-10-17,4.1,23.71,20.01,28.61,nasa,0.55
1984-10-18,7.11,23.55,20.1,29.46,nasa,0.55
1984-10-19,1.2,22.58,19.54,27.13,nasa,0.54
1984-10-20,0.61,22.37,19.5,26.46,nasa,0.54
1984-10-21,0.03,22.1,19.46,26.27,nasa,0.53
1984-10-22,0.0,22.75,19.47,28.09,nasa,0.52
1984-10-23,0.01,22.15,17.13,28.21,nasa,0.51
1984-10-24,0.03,22.49,17.69,28.66,nasa,0.51
1984-10-25,0.0,23.65,17.05,30.97,nasa,0.5
1984-10-26,0.0,23.86,19.59,30.0,nasa,0.5
1984-10-27,0.0,22.54,19.32,26.76,nasa,0.49
1984-10-28,0.0,24.32,18.99,31.19,nasa,0.49
1984-10-29,0.0,24.27,19.96,30.63,nasa,0.49
1984-10-30,0.0,24.14,20.07,30.65,nasa,0.48
1984-10-31,0.02,23.43,17.8,30.9,nasa,0.48
1984-11-01,0.11,23.2,18.64,28.63,nasa,0.48
1984-11-02,0.09,25.17,22.0,30.61,nasa,0.48
1984-11-03,0.06,24.29,20.05,30.49,nasa,0.48
1984-11-04,0.31,23.89,19.72,30.21,nasa,0.48
1984-11-05,0.0,24.4,19.43,31.54,nasa,0.48
1984-11-06,0.0,23.39,18.61,31.33,nasa,0.47
1984-11-07,1.71,20.59,18.5,23.03,nasa,0.47
1984-11-08,3.66,22.24,18.63,28.31,nasa,0.48
1984-11-09,0.0,23.79,18.7,31.36,nasa,0.48
1984-11-10,0.0,23.71,17.61,31.57,nasa,0.48
1984-11-11,0.0,24.36,17.47,32.9,nasa,0.47
1984-11-12,0.03,23.81,17.92,31.05,nasa,0.47
1984-11-13,0.08,23.78,18.36,30.89,nasa,0.47
1984-11-14,0.0,24.7,19.0,32.59,nasa,0.47
1984-11-15,0.0,24.1,18.04,32.06,nasa,0.47
1984-11-16,0.0,23.86,17.62,32.12,nasa,0.47
1984-11-17,0.0,24.56,18.62,32.25,nasa,0.47
1984-11-18,0.0,24.92,20.27,31.93,nasa,0.47
1984-11-19,0.01,23.13,18.5,30.42,nasa,0.46
1984-11-20,0.02,22.49,17.57,29.71,nasa,0.46
1984-11-21,0.0,22.53,17.26,29.65,nasa,0.46
1984-11-22,0.0,22.52,18.57,28.23,nasa,0.46
1984-11-23,0.0,21.76,17.37,28.46,nasa,0.46
1984-11-24,0.0,21.26,16.29,28.52,nasa,0.46
1984-11-25,0.0,20.87,16.76,27.62,nasa,0.46
1984-11-26,0.09,22.29,16.41,29.32,nasa,0.46
1984-11-27,1.22,23.39,20.91,27.92,nasa,0.46
1984-11-28,11.2,22.49,19.45,27.54,nasa,0.47
1984-11-29,7.05,20.99,19.24,23.29,nasa,0.49
1984-11-30,0.03,22.34,19.42,26.02,nasa,0.49
1984-12-01,0.0,21.18,18.02,26.28,nasa,0.49
1984-12-02,0.0,21.76,17.79,28.21,nasa,0.49
1984-12-03,0.01,23.01,18.76,29.17,nasa,0.48
1984-12-04,0.0,23.61,19.17,30.01,nasa,0.48
1984-12-05,0.0,22.84,19.35,27.85,nasa,0.48
1984-12-06,0.0,22.08,18.84,27.6,nasa,0.48
1984-12-07,0.0,21.76,18.01,27.86,nasa,0.48
1984-12-08,0.0,22.3,17.55,29.45,nasa,0.47
1984-12-09,0.0,22.06,16.75,28.78,nasa,0.47
1984-12-10,0.0,21.07,16.94,27.32,nasa,0.47
1984-12-11,0.0,20.46,15.09,27.72,nasa,0.47
1984-12-12,0.0,21.47,16.2,29.05,nasa,0.47
1984-12-13,0.0,22.65,16.86,30.2,nasa,0.47
1984-12-14,0.01,22.88,18.27,28.5,nasa,0.47
1984-12-15,0.02,22.8,19.17,27.72,nasa,0.47
1984-12-16,0.0,24.08,19.1,31.1,nasa,0.47
1984-12-17,0.0,23.66,19.19,29.33,nasa,0.47
1984-12-18,0.0,22.68,19.2,27.86,nasa,0.47
1984-12-19,0.0,23.27,18.6,29.83,nasa,0.46
1984-12-20,0.01,23.23,20.04,28.03,nasa,0.46
1984-12-21,0.08,23.38,20.31,29.35,nasa,0.46
1984-12-22,0.04,22.96,19.34,29.13,nasa,0.46
1984-12-23,0.28,21.38,17.64,27.04,nasa,0.46
1984-12-24,0.0,20.32,17.2,25.8,nasa,0.46
1984-12-25,0.0,20.12,17.1,25.23,nasa,0.46
1984-12-26,0.0,21.1,17.11,28.03,nasa,0.46
1984-12-27,0.0,21.6,17.1,28.41,nasa,0.46
1984-12-28,0.02,21.34,16.86,27.94,nasa,0.46
1984-12-29,0.0,19.36,15.97,25.4,nasa,0.46
1984-12-30,0.0,19.27,15.48,25.44,nasa,0.46
1984-12-31,0.0,20.58,16.11,27.69,nasa,0.46
1985-01-01,0.19,21.51,16.11,29.18,nasa,0.46
1985-01-02,0.0,22.56,17.23,30.52,nasa,0.46
1985-01-03,0.0,22.05,16.73,29.88,nasa,0.46
1985-01-04,0.0,21.12,16.41,28.83,nasa,0.46
1985-01-05,0.0,21.26,16.81,28.49,nasa,0.46
1985-01-06,0.31,21.9,15.66,30.04,nasa,0.46
1985-01-07,1.29,22.53,17.5,29.83,nasa,0.46
1985-01-08,0.5,21.4,17.03,28.39,nasa,0.46
1985-01-09,0.0,22.04,16.4,30.28,nasa,0.46
1985-01-10,0.0,21.62,17.31,28.45,nasa,0.46
1985-01-11,0.01,21.72,16.03,29.47,nasa,0.46
1985-01-12,0.07,22.32,15.68,30.69,nasa,0.46
1985-01-13,0.14,21.82,17.21,29.18,nasa,0.46
1985-01-14,0.0,21.57,17.33,28.76,nasa,0.46
1985-01-15,0.03,20.64,16.58,27.48,nasa,0.46
1985-01-16,0.25,21.02,16.05,28.76,nasa,0.46
1985-01-17,0.0,22.13,15.56,31.09,nasa,0.45
1985-01-18,0.06,21.43,15.93,29.7,nasa,0.45
1985-01-19,0.38,21.12,16.06,28.7,nasa,0.45
1985-01-20,0.0,20.91,16.22,28.98,nasa,0.45
1985-01-21,0.0,21.34,15.29,28.37,nasa,0.45
1985-01-22,0.0,23.61,17.92,31.09,nasa,0.45
1985-01-23,0.0,24.11,18.53,31.48,nasa,0.45
1985-01-24,0.04,24.31,19.07,32.17,nasa,0.45
1985-01-25,0.11,23.53,19.19,30.6,nasa,0.45
1985-01-26,0.0,23.51,18.87,30.84,nasa,0.45
1985-01-27,0.0,22.98,18.1,30.3,nasa,0.45
1985-01-28,0.0,22.61,18.66,29.36,nasa,0.45
1985-01-29,0.0,22.29,17.73,29.8,nasa,0.45
1985-01-30,0.0,20.18,16.55,25.85,nasa,0.45
1985-01-31,0.0,20.27,16.13,27.64,nasa,0.45
1985-02-01,0.0,21.45,14.97,29.87,nasa,0.45
1985-02-02,0.0,22.57,17.99,29.9,nasa,0.45
1985-02-03,0.0,22.79,18.17,29.27,nasa,0.45
1985-02-04,0.0,24.84,18.29,32.9,nasa,0.45
1985-02-05,0.0,25.82,19.32,33.16,nasa,0.45
1985-02-06,0.0,26.76,21.25,34.69,nasa,0.45
1985-02-07,0.0,27.57,21.62,36.26,nasa,0.45
1985-02-08,0.0,25.18,21.49,29.8,nasa,0.45
1985-02-09,0.0,26.58,21.7,33.19,nasa,0.45
1985-02-10,0.0,26.37,21.68,33.57,nasa,0.45
1985-02-11,0.0,26.45,19.14,34.91,nasa,0.45
1985-02-12,0.0,26.71,19.71,36.11,nasa,0.45
1985-02-13,0.0,26.1,19.04,35.13,nasa,0.45
1985-02-14,0.0,25.29,19.07,33.93,nasa,0.45
1985-02-15,0.0,25.58,17.76,34.32,nasa,0.45
1985-02-16,0.0,26.25,19.75,35.06,nasa,0.45
1985-02-17,0.0,24.87,16.32,34.43,nasa,0.45
1985-02-18,0.0,26.26,18.75,34.19,nasa,0.45
1985-02-19,0.0,26.43,20.61,32.9,nasa,0.45
1985-02-20,0.0,27.09,19.91,35.14,nasa,0.45
1985-02-21,0.0,26.94,21.22,34.73,nasa,0.45
1985-02-22,0.0,25.43,20.28,33.49,nasa,0.45
1985-02-23,0.0,24.6,18.99,32.71,nasa,0.45
1985-02-24,0.0,24.86,18.79,32.72,nasa,0.45
1985-02-25,0.0,25.82,19.57,34.19,nasa,0.45
1985-02-26,1.34,25.93,19.19,34.64,nasa,0.45
1985-02-27,3.19,24.34,19.61,31.25,nasa,0.45
1985-02-28,0.01,25.92,19.82,33.7,nasa,0.45
1985-03-01,0.0,26.53,19.7,34.16,nasa,0.45
1985-03-02,0.0,26.95,21.48,34.27,nasa,0.45
1985-03-03,0.0,26.56,19.98,34.7,nasa,0.45
1985-03-04,0.0,24.6,20.82,28.88,nasa,0.45
1985-03-05,0.0,23.78,19.24,30.51,nasa,0.45
1985-03-06,0.0,24.53,19.67,31.47,nasa,0.45
1985-03-07,0.0,25.0,19.21,33.02,nasa,0.45
1985-03-08,0.0,25.77,20.46,33.61,nasa,0.45
1985-03-09,0.0,25.14,20.48,32.55,nasa,0.45
1985-03-10,0.0,24.48,19.49,31.95,nasa,0.45
1985-03-11,0.0,24.38,19.33,31.99,nasa,0.45
1985-03-12,0.0,23.84,18.78,31.05,nasa,0.45
1985-03-13,0.0,24.19,18.51,32.4,nasa,0.45
1985-03-14,0.0,23.83,19.06,31.78,nasa,0.45
1985-03-15,0.0,22.95,18.35,29.93,nasa,0.45
1985-03-16,0.0,22.63,17.69,30.02,nasa,0.45
1985-03-17,0.0,23.18,17.2,31.75,nasa,0.45
1985-03-18,0.0,24.46,18.3,33.16,nasa,0.45
1985-03-19,0.0,24.56,18.35,33.38,nasa,0.45
1985-03-20,0.0,24.39,17.65,33.92,nasa,0.45
1985-03-21,0.0,24.3,17.63,33.51,nasa,0.45
1985-03-22,0.0,24.87,17.25,34.35,nasa,0.45
1985-03-23,0.0,24.54,16.9,34.17,nasa,0.45
1985-03-24,0.0,25.84,17.84,35.21,nasa,0.45
1985-03-25,0.0,27.24,19.54,36.37,nasa,0.45
1985-03-26,0.0,27.52,20.4,35.35,nasa,0.45
1985-03-27,0.0,28.48,21.38,36.25,nasa,0.45
1985-03-28,0.0,27.4,23.38,33.04,nasa,0.45
1985-03-29,0.0,27.77,22.84,35.16,nasa,0.45
1985-03-30,0.0,26.96,22.3,33.1,nasa,0.45
1985-03-31,0.0,25.89,21.46,32.73,nasa,0.45
1985-04-01,0.0,25.47,20.74,32.7,nasa,0.45
1985-04-02,0.0,26.4,19.2,35.58,nasa,0.45
1985-04-03,0.0,26.83,19.08,36.01,nasa,0.45
1985-04-04,0.0,26.8,19.71,36.02,nasa,0.44
1985-04-05,0.0,27.99,20.42,37.11,nasa,0.44
1985-04-06,0.0,29.28,21.24,37.76,nasa,0.44
1985-04-07,0.0,28.99,22.99,36.42,nasa,0.44
1985-04-08,0.0,29.15,21.65,38.42,nasa,0.44
1985-04-09,0.0,29.2,22.59,37.19,nasa,0.44
1985-04-10,0.0,30.2,24.25,37.12,nasa,0.44
1985-04-11,0.0,30.04,24.49,37.01,nasa,0.44
1985-04-12,0.0,28.04,24.69,33.52,nasa,0.44
1985-04-13,0.0,26.75,22.78,32.99,nasa,0.44
1985-04-14,0.0,27.34,23.03,32.6,nasa,0.44
1985-04-15,0.0,27.91,21.3,36.12,nasa,0.44
1985-04-16,0.0,26.88,21.5,34.12,nasa,0.44
1985-04-17,0.0,25.97,21.04,32.33,nasa,0.44
1985-04-18,0.0,26.05,21.23,33.25,nasa,0.44
1985-04-19,0.01,25.35,21.56,30.0,nasa,0.44
1985-04-20,1.3,26.23,21.04,33.32,nasa,0.44
1985-04-21,4.05,26.61,20.8,34.91,nasa,0.45
1985-04-22,0.09,26.02,21.48,31.73,nasa,0.45
1985-04-23,0.06,25.43,21.82,31.27,nasa,0.45
1985-04-24,0.01,26.02,21.67,33.56,nasa,0.45
1985-04-25,0.54,25.15,21.61,29.75,nasa,0.45
1985-04-26,0.62,24.92,21.31,29.66,nasa,0.45
1985-04-27,0.04,23.25,20.34,26.48,nasa,0.45
1985-04-28,0.34,23.5,20.79,27.74,nasa,0.45
1985-04-29,6.77,22.96,20.23,26.87,nasa,0.45
1985-04-30,12.9,22.58,20.76,25.44,nasa,0.48
1985-05-01,0.08,25.03,20.24,30.8,nasa,0.49
1985-05-02,0.0,26.04,21.76,31.6,nasa,0.48
1985-05-03,0.0,26.67,21.31,33.25,nasa,0.48
1985-05-04,0.0,26.76,21.92,32.28,nasa,0.47
1985-05-05,0.0,27.8,21.52,35.1,nasa,0.47
1985-05-06,0.18,28.51,22.45,35.18,nasa,0.46
1985-05-07,1.79,27.16,23.41,32.09,nasa,0.46
1985-05-08,2.61,26.37,21.39,33.67,nasa,0.46
1985-05-09,5.99,23.25,19.96,28.97,nasa,0.47
1985-05-10,0.21,25.33,20.68,32.4,nasa,0.47
1985-05-11,0.0,26.38,20.04,34.35,nasa,0.47
1985-05-12,0.0,26.72,21.27,33.5,nasa,0.47
1985-05-13,0.0,25.0,22.29,28.52,nasa,0.46
1985-05-14,0.07,25.95,21.76,32.1,nasa,0.46
1985-05-15,1.89,25.54,20.5,33.31,nasa,0.46
1985-05-16,3.95,24.36,20.35,31.56,nasa,0.47
1985-05-17,1.36,24.79,19.54,31.55,nasa,0.47
1985-05-18,0.0,25.2,18.98,32.36,nasa,0.46
1985-05-19,0.0,26.13,18.81,34.46,nasa,0.46
1985-05-20,0.19,25.75,20.68,32.16,nasa,0.46
1985-05-21,0.0,26.46,20.58,34.38,nasa,0.46
1985-05-22,0.0,26.53,20.16,34.24,nasa,0.46
1985-05-23,0.0,27.58,20.38,35.43,nasa,0.45
1985-05-24,0.0,28.2,21.84,35.43,nasa,0.45
1985-05-25,0.0,28.09,22.27,35.22,nasa,0.45
1985-05-26,0.0,28.28,22.67,35.0,nasa,0.45
1985-05-27,0.0,28.53,23.31,34.74,nasa,0.45
1985-05-28,0.01,28.26,22.56,35.05,nasa,0.45
1985-05-29,0.01,27.22,23.05,32.97,nasa,0.45
1985-05-30,0.01,28.25,21.83,35.86,nasa,0.45
1985-05-31,0.09,26.22,22.69,30.95,nasa,0.45
1985-06-01,0.0,26.9,22.38,31.81,nasa,0.45
1985-06-02,0.0,28.2,22.13,34.55,nasa,0.45
1985-06-03,0.0,26.9,23.6,30.73,nasa,0.45
1985-06-04,0.01,26.39,23.17,31.51,nasa,0.45
1985-06-05,0.02,26.81,22.29,32.6,nasa,0.45
1985-06-06,0.0,27.91,22.07,33.64,nasa,0.45
1985-06-07,0.0,26.57,23.14,30.27,nasa,0.45
1985-06-08,0.0,26.65,22.97,30.96,nasa,0.45
1985-06-09,0.0,26.1,23.1,30.18,nasa,0.45
1985-06-10,0.0,25.31,22.51,28.92,nasa,0.45
1985-06-11,0.48,26.72,21.97,32.53,nasa,0.45
1985-06-12,2.99,24.76,21.5,29.67,nasa,0.45
1985-06-13,1.13,24.51,21.68,28.22,nasa,0.45
1985-06-14,0.09,25.43,22.13,30.24,nasa,0.45
1985-06-15,0.58,25.15,22.36,29.4,nasa,0.45
1985-06-16,11.99,23.89,21.09,28.22,nasa,0.46
1985-06-17,20.96,23.39,21.14,27.13,nasa,0.49
1985-06-18,1.53,23.18,20.45,26.53,nasa,0.51
1985-06-19,6.54,23.19,20.38,27.54,nasa,0.5
1985-06-20,0.58,24.31,20.53,28.97,nasa,0.5
1985-06-21,0.06,25.37,21.33,30.24,nasa,0.49
1985-06-22,0.21,24.64,22.15,28.71,nasa,0.49
1985-06-23,0.0,24.44,21.33,28.36,nasa,0.48
1985-06-24,0.01,25.15,21.46,30.06,nasa,0.48
1985-06-25,0.0,26.08,22.05,31.37,nasa,0.47
1985-06-26,0.02,25.79,21.84,30.87,nasa,0.47
1985-06-27,0.01,25.35,21.74,29.9,nasa,0.47
1985-06-28,0.05,24.64,21.28,28.71,nasa,0.46
1985-06-29,0.01,24.7,21.22,28.76,nasa,0.46
1985-06-30,0.01,25.47,21.58,29.97,nasa,0.46
1985-07-01,0.02,25.41,21.96,29.82,nasa,0.46
1985-07-02,0.01,25.45,21.53,30.14,nasa,0.46
1985-07-03,0.0,24.25,21.7,27.07,nasa,0.46
1985-07-04,0.0,25.38,20.47,31.12,nasa,0.45
1985-07-05,0.0,24.81,21.35,30.11,nasa,0.45
1985-07-06,0.0,23.92,21.28,27.85,nasa,0.45
1985-07-07,0.01,23.71,20.6,28.21,nasa,0.45
1985-07-08,0.07,24.88,21.11,29.75,nasa,0.45
1985-07-09,0.08,25.13,21.44,30.32,nasa,0.45
1985-07-10,1.05,24.15,20.44,29.07,nasa,0.45
1985-07-11,0.02,23.33,20.85,26.6,nasa,0.45
1985-07-12,0.03,24.28,20.22,28.68,nasa,0.45
1985-07-13,0.0,25.84,20.31,32.38,nasa,0.45
1985-07-14,0.12,25.97,21.17,31.15,nasa,0.45
1985-07-15,3.25,25.14,21.83,30.12,nasa,0.45
1985-07-16,0.16,25.16,20.57,30.58,nasa,0.46
1985-07-17,0.82,24.42,21.45,28.71,nasa,0.46
1985-07-18,0.01,25.47,21.03,30.24,nasa,0.46
1985-07-19,0.02,25.26,21.18,30.06,nasa,0.45
1985-07-20,0.0,26.12,20.81,32.36,nasa,0.45
1985-07-21,0.0,26.21,21.21,32.49,nasa,0.45
1985-07-22,0.0,25.1,21.62,29.55,nasa,0.45
1985-07-23,0.0,25.88,19.77,32.79,nasa,0.45
1985-07-24,0.0,27.39,21.18,35.29,nasa,0.45
1985-07-25,0.0,27.73,21.0,34.95,nasa,0.45
1985-07-26,0.0,27.59,22.04,33.22,nasa,0.45
1985-07-27,0.0,26.49,23.14,31.31,nasa,0.45
1985-07-28,0.03,25.74,22.39,30.31,nasa,0.45
1985-07-29,0.15,24.97,21.67,29.54,nasa,0.45
1985-07-30,0.51,24.62,21.11,29.5,nasa,0.45
1985-07-31,0.01,24.95,21.43,29.7,nasa,0.45
1985-08-01,0.0,25.52,21.18,30.76,nasa,0.45
1985-08-02,0.01,25.27,21.68,30.27,nasa,0.45
1985-08-03,0.1,24.75,22.04,29.09,nasa,0.45
1985-08-04,0.27,25.36,21.5,30.61,nasa,0.45
1985-08-05,0.0,24.91,20.91,29.68,nasa,0.45
1985-08-06,0.0,24.05,20.44,27.83,nasa,0.45
1985-08-07,0.03,24.47,21.3,28.87,nasa,0.45
1985-08-08,0.65,24.76,21.52,29.59,nasa,0.45
1985-08-09,16.47,23.84,21.19,27.24,nasa,0.45
1985-08-10,20.76,23.23,19.76,27.96,nasa,0.51
1985-08-11,2.84,23.09,20.51,26.44,nasa,0.51
1985-08-12,2.95,23.33,21.29,26.71,nasa,0.51
1985-08-13,0.0,23.9,21.94,26.67,nasa,0.5
1985-08-14,0.02,24.69,21.96,28.35,nasa,0.5
1985-08-15,0.03,25.02,21.53,30.62,nasa,0.49
1985-08-16,0.01,25.54,21.58,30.73,nasa,0.48
1985-08-17,0.0,25.94,21.75,31.43,nasa,0.48
1985-08-18,0.0,25.57,21.96,30.45,nasa,0.48
1985-08-19,0.0,26.13,21.89,31.86,nasa,0.47
1985-08-20,0.02,25.96,22.04,31.34,nasa,0.47
1985-08-21,0.15,25.18,21.42,30.22,nasa,0.47
1985-08-22,0.01,24.56,21.42,28.54,nasa,0.47
1985-08-23,0.0,25.27,21.73,29.56,nasa,0.46
1985-08-24,0.03,25.29,21.5,30.62,nasa,0.46
1985-08-25,0.21,25.74,21.46,31.35,nasa,0.46
1985-08-26,0.01,25.95,21.59,31.45,nasa,0.46
1985-08-27,0.02,26.27,21.68,32.49,nasa,0.46
1985-08-28,0.0,25.93,21.8,31.38,nasa,0.46
1985-08-29,0.02,26.86,21.41,33.39,nasa,0.46
1985-08-30,0.0,27.42,22.04,33.43,nasa,0.45
1985-08-31,0.0,26.05,22.95,29.76,nasa,0.45
1985-09-01,0.03,25.27,22.25,29.2,nasa,0.45
1985-09-02,0.42,24.91,21.6,29.51,nasa,0.45
1985-09-03,0.37,24.45,21.19,28.83,nasa,0.45
1985-09-04,1.37,23.72,20.87,28.03,nasa,0.45
1985-09-05,0.97,24.61,20.74,29.89,nasa,0.45
1985-09-06,0.0,25.45,21.87,30.64,nasa,0.45
1985-09-07,0.22,25.08,21.49,29.73,nasa,0.45
1985-09-08,5.07,24.74,20.58,31.04,nasa,0.45
1985-09-09,6.62,23.98,21.39,28.09,nasa,0.46
1985-09-10,18.73,22.8,20.77,26.56,nasa,0.5
1985-09-11,0.04,24.34,20.41,29.64,nasa,0.51
1985-09-12,0.4,24.66,20.74,29.66,nasa,0.5
1985-09-13,3.27,23.45,21.04,27.4,nasa,0.49
1985-09-14,6.67,24.54,20.28,30.04,nasa,0.49
1985-09-15,36.0,22.7,21.31,24.78,nasa,0.54
1985-09-16,2.3,22.85,19.94,26.68,nasa,0.57
1985-09-17,5.48,23.0,19.81,27.26,nasa,0.56
1985-09-18,0.28,23.99,19.92,29.54,nasa,0.55
1985-09-19,0.0,24.96,21.0,30.82,nasa,0.54
1985-09-20,0.03,23.91,21.16,27.65,nasa,0.52
1985-09-21,0.04,24.49,20.7,29.64,nasa,0.52
1985-09-22,0.02,23.97,21.24,28.02,nasa,0.51
1985-09-23,0.27,23.94,21.52,27.76,nasa,0.5
1985-09-24,0.41,25.19,20.53,31.6,nasa,0.5
1985-09-25,0.0,24.35,19.87,29.83,nasa,0.49
1985-09-26,0.01,24.0,19.94,28.58,nasa,0.49
1985-09-27,0.01,23.86,20.34,29.58,nasa,0.48
1985-09-28,0.0,25.54,18.83,33.75,nasa,0.48
1985-09-29,0.0,25.39,21.48,31.32,nasa,0.48
1985-09-30,0.0,25.25,21.22,30.4,nasa,0.48
1985-10-01,0.19,25.05,21.66,29.62,nasa,0.47
1985-10-02,0.72,25.18,21.62,30.98,nasa,0.47
1985-10-03,0.0,23.94,21.39,28.15,nasa,0.47
1985-10-04,0.0,24.45,19.72,31.43,nasa,0.47
1985-10-05,0.0,24.97,19.22,32.27,nasa,0.47
1985-10-06,0.0,24.82,18.8,32.67,nasa,0.47
1985-10-07,0.0,25.46,18.48,33.79,nasa,0.46
1985-10-08,0.33,26.62,20.04,34.78,nasa,0.46
1985-10-09,2.3,25.47,21.4,31.87,nasa,0.46
1985-10-10,0.6,23.8,20.12,28.19,nasa,0.46
1985-10-11,9.69,22.86,20.03,27.51,nasa,0.47
1985-10-12,4.51,23.56,20.58,28.88,nasa,0.48
1985-10-13,1.73,24.49,20.42,30.28,nasa,0.48
1985-10-14,1.78,24.83,18.44,31.6,nasa,0.48
1985-10-15,0.82,25.78,20.99,32.47,nasa,0.48
1985-10-16,8.18,24.84,20.94,30.47,nasa,0.49
1985-10-17,0.44,24.6,21.62,29.6,nasa,0.49
1985-10-18,0.61,24.86,20.34,31.33,nasa,0.48
1985-10-19,0.24,24.83,19.6,31.83,nasa,0.48
1985-10-20,0.18,25.39,20.95,30.78,nasa,0.48
1985-10-21,0.66,25.7,20.09,33.09,nasa,0.48
1985-10-22,0.79,22.75,20.12,26.07,nasa,0.48
1985-10-23,0.0,23.83,18.42,30.97,nasa,0.47
1985-10-24,0.0,23.99,17.59,31.8,nasa,0.47
1985-10-25,0.09,24.23,18.3,31.76,nasa,0.47
1985-10-26,0.0,24.27,18.43,31.82,nasa,0.47
1985-10-27,0.0,24.74,19.21,32.18,nasa,0.47
1985-10-28,0.0,25.37,18.54,33.87,nasa,0.46
1985-10-29,0.0,25.54,18.62,33.52,nasa,0.46
1985-10-30,0.02,24.63,19.38,31.58,nasa,0.46
1985-10-31,0.02,24.58,19.9,31.19,nasa,0.46
1985-11-01,0.0,24.15,20.05,29.95,nasa,0.46
1985-11-02,0.0,23.91,21.03,28.64,nasa,0.46
1985-11-03,0.01,24.14,19.97,30.56,nasa,0.46
1985-11-04,0.07,24.6,21.03,29.99,nasa,0.46
1985-11-05,0.29,24.73,21.16,30.11,nasa,0.46
1985-11-06,0.0,24.81,20.28,30.77,nasa,0.46
1985-11-07,0.0,25.56,20.03,32.9,nasa,0.46
1985-11-08,1.2,25.34,19.87,32.63,nasa,0.45
1985-11-09,5.41,24.09,19.68,31.52,nasa,0.46
1985-11-10,0.04,24.96,19.82,31.58,nasa,0.46
1985-11-11,0.36,24.71,20.47,30.94,nasa,0.46
1985-11-12,0.02,24.55,20.47,30.63,nasa,0.46
1985-11-13,2.2,24.54,20.65,30.53,nasa,0.46
1985-11-14,7.18,23.32,20.3,29.06,nasa,0.47
1985-11-15,0.01,22.44,19.59,26.8,nasa,0.47
1985-11-16,1.09,22.76,19.0,28.11,nasa,0.47
1985-11-17,0.0,23.82,18.49,30.47,nasa,0.47
1985-11-18,0.0,24.26,20.61,30.34,nasa,0.47
1985-11-19,0.0,23.85,19.46,30.66,nasa,0.47
1985-11-20,0.0,24.89,19.79,32.01,nasa,0.46
1985-11-21,0.0,23.8,20.24,29.1,nasa,0.46
1985-11-22,0.0,24.61,19.01,31.21,nasa,0.46
1985-11-23,1.53,24.35,20.01,29.69,nasa,0.46
1985-11-24,12.39,22.81,19.5,28.0,nasa,0.47
1985-11-25,1.5,21.3,18.99,25.48,nasa,0.48
1985-11-26,0.0,24.16,19.88,30.45,nasa,0.48
1985-11-27,0.32,24.24,18.7,30.41,nasa,0.48
1985-11-28,4.76,22.85,19.64,27.68,nasa,0.48
1985-11-29,6.56,21.54,18.33,26.03,nasa,0.49
1985-11-30,0.02,22.56,19.84,26.22,nasa,0.49
1985-12-01,0.01,22.72,19.67,26.44,nasa,0.49
1985-12-02,0.15,23.3,20.55,27.7,nasa,0.48
1985-12-03,1.12,23.53,20.25,28.87,nasa,0.48
1985-12-04,0.0,23.74,20.29,29.28,nasa,0.48
1985-12-05,0.01,22.83,18.59,28.83,nasa,0.48
1985-12-06,0.05,24.01,18.49,31.43,nasa,0.47
1985-12-07,0.0,24.12,19.03,30.95,nasa,0.47
1985-12-08,0.0,23.71,19.09,30.58,nasa,0.47
1985-12-09,0.94,23.54,19.21,30.47,nasa,0.47
1985-12-10,2.58,22.81,18.02,30.42,nasa,0.47
1985-12-11,1.5,22.86,18.0,30.11,nasa,0.47
1985-12-12,10.84,21.17,18.31,26.85,nasa,0.48
1985-12-13,0.0,21.32,18.23,27.0,nasa,0.49
1985-12-14,0.0,21.19,17.63,27.48,nasa,0.48
1985-12-15,0.0,19.18,13.95,25.02,nasa,0.48
1985-12-16,0.0,18.25,13.33,24.99,nasa,0.48
1985-12-17,0.0,20.17,15.86,27.08,nasa,0.48
1985-12-18,0.0,20.3,15.87,26.68,nasa,0.47
1985-12-19,0.0,20.45,16.33,26.3,nasa,0.47
1985-12-20,1.74,22.09,18.77,27.62,nasa,0.47
1985-12-21,6.05,19.71,18.29,23.02,nasa,0.48
1985-12-22,0.0,20.52,16.54,26.14,nasa,0.48
1985-12-23,0.0,18.5,14.86,24.13,nasa,0.48
1985-12-24,0.0,17.84,14.51,22.75,nasa,0.48
1985-12-25,0.0,19.37,13.96,26.69,nasa,0.47
1985-12-26,0.0,20.49,15.71,27.66,nasa,0.47
1985-12-27,0.0,20.7,15.89,28.24,nasa,0.47
1985-12-28,0.0,20.95,15.54,28.69,nasa,0.47
1985-12-29,0.0,22.72,15.74,31.58,nasa,0.47
1985-12-30,0.0,24.24,17.41,32.51,nasa,0.47
1985-12-31,0.31,23.67,18.95,31.05,nasa,0.46
1986-01-01,3.69,20.1,15.68,25.7,nasa,0.46
1986-01-02,0.0,19.59,14.92,26.28,nasa,0.47
1986-01-03,0.05,20.69,15.94,28.1,nasa,0.47
1986-01-04,1.3,19.73,16.19,26.09,nasa,0.46
1986-01-05,0.0,17.69,14.89,22.88,nasa,0.46
1986-01-06,0.0,17.95,14.81,23.71,nasa,0.46
1986-01-07,0.0,17.8,14.44,23.73,nasa,0.46
1986-01-08,0.0,18.23,14.43,24.37,nasa,0.46
1986-01-09,0.0,18.85,14.54,25.54,nasa,0.46
1986-01-10,0.0,18.8,15.38,24.44,nasa,0.46
1986-01-11,0.0,19.23,13.88,26.97,nasa,0.46
1986-01-12,0.0,20.1,14.23,28.19,nasa,0.46
1986-01-13,0.0,21.02,16.21,28.42,nasa,0.46
1986-01-14,0.0,21.23,16.78,28.32,nasa,0.46
1986-01-15,0.0,21.3,16.58,28.68,nasa,0.46
1986-01-16,0.0,21.83,16.6,29.46,nasa,0.46
1986-01-17,0.0,23.41,17.62,32.08,nasa,0.46
1986-01-18,0.0,23.48,16.98,31.77,nasa,0.45
1986-01-19,0.0,22.13,16.65,29.93,nasa,0.45
1986-01-20,0.0,21.1,16.77,28.13,nasa,0.45
1986-01-21,0.0,21.13,15.96,29.08,nasa,0.45
1986-01-22,0.0,21.28,16.16,28.83,nasa,0.45
1986-01-23,0.0,21.24,16.68,28.47,nasa,0.45
1986-01-24,0.0,20.83,15.12,29.27,nasa,0.45
1986-01-25,0.0,20.74,16.08,27.87,nasa,0.45
1986-01-26,0.01,20.24,16.33,26.81,nasa,0.45
1986-01-27,0.01,18.95,14.93,25.01,nasa,0.45
1986-01-28,0.04,19.52,14.42,27.66,nasa,0.45
1986-01-29,0.0,21.35,15.12,29.56,nasa,0.45
1986-01-30,0.0,23.7,16.68,32.41,nasa,0.45
1986-01-31,0.0,23.88,16.83,31.9,nasa,0.45
1986-02-01,0.0,24.03,17.76,31.87,nasa,0.45
1986-02-02,0.0,23.82,17.72,32.02,nasa,0.45
1986-02-03,0.0,23.56,17.97,30.85,nasa,0.45
1986-02-04,0.0,23.63,18.45,31.34,nasa,0.45
1986-02-05,0.0,24.05,17.06,32.5,nasa,0.45
1986-02-06,0.0,23.3,16.99,31.37,nasa,0.45
1986-02-07,0.0,22.71,17.73,30.18,nasa,0.45
1986-02-08,0.0,21.77,17.22,28.55,nasa,0.45
1986-02-09,0.0,20.98,16.24,28.7,nasa,0.45
1986-02-10,0.0,20.4,15.66,27.31,nasa,0.45
1986-02-11,0.0,20.88,15.83,28.97,nasa,0.45
1986-02-12,0.0,22.16,15.23,31.17,nasa,0.45
1986-02-13,0.0,23.92,15.21,33.45,nasa,0.45
1986-02-14,0.0,25.98,18.09,34.71,nasa,0.45
1986-02-15,0.0,26.7,19.97,34.11,nasa,0.45
1986-02-16,0.0,27.1,20.47,34.65,nasa,0.45
1986-02-17,0.0,27.5,20.8,35.21,nasa,0.45
1986-02-18,0.0,28.03,20.57,35.78,nasa,0.45
1986-02-19,0.0,28.06,21.66,35.33,nasa,0.45
1986-02-20,0.0,26.46,21.58,33.16,nasa,0.45
1986-02-21,0.0,22.95,18.84,29.36,nasa,0.45
1986-02-22,0.0,22.85,17.96,30.52,nasa,0.45
1986-02-23,0.0,23.01,16.84,31.15,nasa,0.45
1986-02-24,0.0,21.86,16.47,29.87,nasa,0.45
1986-02-25,0.0,21.42,15.9,29.2,nasa,0.45
1986-02-26,0.0,21.06,15.19,29.17,nasa,0.45
1986-02-27,0.0,22.13,15.67,30.75,nasa,0.45
1986-02-28,0.0,21.75,17.22,28.82,nasa,0.45
1986-03-01,0.0,21.47,16.76,29.14,nasa,0.45
1986-03-02,0.0,17.15,11.65,23.64,nasa,0.45
1986-03-03,0.0,14.98,11.64,20.19,nasa,0.45
1986-03-04,0.0,16.92,12.34,23.54,nasa,0.45
1986-03-05,0.0,18.75,12.68,26.63,nasa,0.45
1986-03-06,0.0,20.83,15.92,28.18,nasa,0.45
1986-03-07,0.0,21.89,17.0,29.65,nasa,0.45
1986-03-08,0.0,22.82,17.03,31.36,nasa,0.45
1986-03-09,0.0,23.71,16.69,32.62,nasa,0.45
1986-03-10,0.0,25.33,17.82,34.74,nasa,0.45
1986-03-11,0.0,26.01,18.01,35.27,nasa,0.45
1986-03-12,0.0,26.54,19.11,35.51,nasa,0.45
1986-03-13,0.0,27.8,20.64,36.4,nasa,0.45
1986-03-14,0.0,28.54,19.51,37.65,nasa,0.45
1986-03-15,0.0,29.09,22.35,36.31,nasa,0.44
1986-03-16,0.0,29.37,23.06,36.53,nasa,0.44
1986-03-17,0.0,29.31,23.43,36.49,nasa,0.44
1986-03-18,0.0,29.28,23.36,36.32,nasa,0.44
1986-03-19,0.0,28.71,23.7,34.74,nasa,0.44
1986-03-20,0.0,29.82,22.17,38.89,nasa,0.44
1986-03-21,0.0,29.79,21.99,38.56,nasa,0.44
1986-03-22,0.0,29.62,23.48,38.01,nasa,0.44
1986-03-23,0.0,28.15,19.88,37.07,nasa,0.44
1986-03-24,0.0,28.24,21.72,36.36,nasa,0.44
1986-03-25,0.0,27.43,19.92,36.59,nasa,0.44
1986-03-26,0.0,27.36,19.49,36.27,nasa,0.44
1986-03-27,0.51,28.12,19.82,36.28,nasa,0.44
1986-03-28,1.35,28.36,21.64,36.25,nasa,0.44
1986-03-29,0.0,28.41,23.02,35.58,nasa,0.44
1986-03-30,0.0,28.34,23.34,34.0,nasa,0.44
1986-03-31,0.0,27.67,23.1,34.35,nasa,0.44
1986-04-01,0.0,28.29,20.38,37.41,nasa,0.44
1986-04-02,0.0,28.82,22.09,37.07,nasa,0.44
1986-04-03,0.0,27.55,21.55,34.79,nasa,0.44
1986-04-04,0.0,27.53,20.42,36.27,nasa,0.44
1986-04-05,0.0,27.16,21.47,35.8,nasa,0.44
1986-04-06,0.0,26.05,20.47,34.08,nasa,0.44
1986-04-07,0.0,25.48,20.14,33.13,nasa,0.44
1986-04-08,0.0,26.26,19.58,35.59,nasa,0.44
1986-04-09,0.0,27.55,18.51,36.99,nasa,0.44
1986-04-10,0.0,27.67,22.59,34.02,nasa,0.44
1986-04-11,0.0,27.45,21.85,34.01,nasa,0.44
1986-04-12,0.01,26.77,20.69,33.99,nasa,0.44
1986-04-13,0.0,25.91,20.31,31.36,nasa,0.44
1986-04-14,0.0,25.59,21.16,32.11,nasa,0.44
1986-04-15,0.0,26.86,20.59,34.13,nasa,0.44
1986-04-16,0.0,27.66,20.05,36.55,nasa,0.44
1986-04-17,0.0,27.94,21.07,35.93,nasa,0.44
1986-04-18,0.0,29.11,21.31,37.5,nasa,0.44
1986-04-19,0.0,29.08,23.17,35.42,nasa,0.44
1986-04-20,0.0,28.94,23.62,36.1,nasa,0.44
1986-04-21,0.0,27.34,23.0,32.1,nasa,0.44
1986-04-22,0.0,28.18,21.84,35.67,nasa,0.44
1986-04-23,0.0,28.27,21.8,36.32,nasa,0.44
1986-04-24,0.0,28.75,22.63,36.69,nasa,0.44
1986-04-25,0.0,28.6,21.25,36.77,nasa,0.44
1986-04-26,0.0,28.76,21.73,37.42,nasa,0.44
1986-04-27,0.0,28.23,20.07,36.63,nasa,0.44
1986-04-28,0.0,28.94,22.97,37.42,nasa,0.44
1986-04-29,0.0,28.04,20.35,36.93,nasa,0.44
1986-04-30,0.0,28.34,21.92,36.84,nasa,0.44
1986-05-01,0.0,28.62,21.65,36.59,nasa,0.44
1986-05-02,0.0,29.27,21.62,37.46,nasa,0.44
1986-05-03,0.0,29.29,22.67,37.33,nasa,0.44
1986-05-04,0.0,28.48,22.83,35.63,nasa,0.44
1986-05-05,0.0,28.65,23.31,35.12,nasa,0.44
1986-05-06,0.2,27.14,23.11,33.33,nasa,0.44
1986-05-07,0.25,27.43,22.47,34.86,nasa,0.44
1986-05-08,0.11,28.49,22.29,37.23,nasa,0.44
1986-05-09,0.06,29.29,22.92,36.85,nasa,0.44
1986-05-10,0.3,28.36,22.74,35.42,nasa,0.44
1986-05-11,1.75,27.93,21.71,34.74,nasa,0.44
1986-05-12,0.0,28.67,23.23,34.52,nasa,0.45
1986-05-13,0.0,28.3,24.21,33.04,nasa,0.45
1986-05-14,0.0,28.54,24.45,32.86,nasa,0.44
1986-05-15,0.06,28.71,24.0,33.88,nasa,0.44
1986-05-16,7.57,26.66,22.25,31.12,nasa,0.45
1986-05-17,24.05,23.5,21.63,27.34,nasa,0.48
1986-05-18,4.06,23.27,21.36,26.72,nasa,0.51
1986-05-19,3.05,24.36,21.22,28.91,nasa,0.5
1986-05-20,0.18,24.87,21.86,29.12,nasa,0.5
1986-05-21,0.79,25.04,21.47,30.1,nasa,0.49
1986-05-22,0.19,24.95,22.35,29.36,nasa,0.48
1986-05-23,0.16,24.94,21.95,29.8,nasa,0.48
1986-05-24,0.04,25.39,21.21,30.59,nasa,0.48
1986-05-25,0.0,25.77,22.28,30.09,nasa,0.47
1986-05-26,0.0,25.89,22.08,31.06,nasa,0.47
1986-05-27,0.01,24.98,22.6,27.91,nasa,0.47
1986-05-28,0.23,26.17,22.78,30.65,nasa,0.47
1986-05-29,0.06,26.73,21.94,32.72,nasa,0.46
1986-05-30,0.79,26.4,21.56,32.2,nasa,0.46
1986-05-31,0.0,26.4,22.3,31.09,nasa,0.46
1986-06-01,0.33,25.77,22.66,30.05,nasa,0.46
1986-06-02,3.97,25.82,21.99,31.42,nasa,0.46
1986-06-03,0.01,27.09,21.47,34.2,nasa,0.46
1986-06-04,1.12,27.28,22.39,33.4,nasa,0.46
1986-06-05,11.6,24.99,21.91,30.42,nasa,0.47
1986-06-06,0.26,25.56,21.14,31.13,nasa,0.48
1986-06-07,1.18,26.47,20.89,32.98,nasa,0.47
1986-06-08,0.16,26.85,22.55,32.32,nasa,0.47
1986-06-09,0.01,26.65,23.04,30.95,nasa,0.47
1986-06-10,0.09,25.66,22.96,29.25,nasa,0.47
1986-06-11,0.0,26.13,22.12,31.26,nasa,0.46
1986-06-12,0.06,26.48,21.56,32.51,nasa,0.46
1986-06-13,0.56,25.78,21.95,30.56,nasa,0.46
1986-06-14,0.0,27.44,21.07,35.31,nasa,0.46
1986-06-15,0.0,27.53,22.43,34.05,nasa,0.46
1986-06-16,0.01,28.42,22.28,35.46,nasa,0.46
1986-06-17,0.03,28.36,22.73,34.91,nasa,0.45
1986-06-18,0.25,26.61,23.72,30.53,nasa,0.45
1986-06-19,0.66,25.44,22.29,29.94,nasa,0.45
1986-06-20,4.24,24.63,20.94,30.16,nasa,0.45
1986-06-21,0.71,25.05,21.01,30.23,nasa,0.46
1986-06-22,3.94,24.92,21.24,30.33,nasa,0.46
1986-06-23,1.56,24.78,21.5,28.45,nasa,0.46
1986-06-24,13.3,22.97,20.05,28.53,nasa,0.48
1986-06-25,2.65,22.13,19.39,26.32,nasa,0.49
1986-06-26,0.08,23.71,20.16,28.25,nasa,0.48
1986-06-27,1.49,25.18,20.21,31.21,nasa,0.48
1986-06-28,0.58,25.46,21.06,30.47,nasa,0.47
1986-06-29,5.44,24.7,21.91,28.71,nasa,0.48
1986-06-30,0.09,25.95,21.53,31.1,nasa,0.48
1986-07-01,0.69,25.12,22.04,29.24,nasa,0.48
1986-07-02,0.0,25.17,21.11,30.36,nasa,0.47
1986-07-03,0.0,26.08,21.11,31.32,nasa,0.47
1986-07-04,0.0,25.44,22.93,29.01,nasa,0.47
1986-07-05,0.0,25.84,21.84,31.0,nasa,0.46
1986-07-06,0.0,27.2,22.03,33.25,nasa,0.46
1986-07-07,0.02,26.71,22.11,31.6,nasa,0.46
1986-07-08,0.0,26.14,23.09,30.35,nasa,0.46
1986-07-09,0.13,25.08,22.67,28.5,nasa,0.46
1986-07-10,0.69,24.85,21.98,29.36,nasa,0.46
1986-07-11,1.72,24.52,20.7,29.77,nasa,0.46
1986-07-12,0.0,25.9,21.66,31.16,nasa,0.46
1986-07-13,0.01,26.06,22.18,31.48,nasa,0.46
1986-07-14,2.39,24.51,21.61,28.56,nasa,0.46
1986-07-15,19.31,23.94,20.8,29.26,nasa,0.47
1986-07-16,11.41,23.34,20.83,27.23,nasa,0.5
1986-07-17,0.01,24.16,21.25,28.43,nasa,0.51
1986-07-18,4.29,24.23,20.9,28.42,nasa,0.5
1986-07-19,19.2,23.01,20.56,26.89,nasa,0.52
1986-07-20,0.46,22.8,20.22,26.14,nasa,0.53
1986-07-21,0.1,23.16,20.2,26.9,nasa,0.52
1986-07-22,0.0,24.12,20.25,29.07,nasa,0.51
1986-07-23,0.18,25.17,20.11,31.24,nasa,0.5
1986-07-24,1.14,23.63,21.36,27.12,nasa,0.5
1986-07-25,0.13,23.98,20.29,28.7,nasa,0.49
1986-07-26,0.36,24.19,20.31,30.03,nasa,0.49
1986-07-27,0.0,25.88,19.89,32.52,nasa,0.48
1986-07-28,0.0,26.29,21.09,32.19,nasa,0.48
1986-07-29,0.0,24.5,21.79,27.96,nasa,0.48
1986-07-30,0.0,25.92,19.82,32.12,nasa,0.47
1986-07-31,0.41,25.85,22.0,31.2,nasa,0.47
1986-08-01,1.9,25.08,21.81,30.6,nasa,0.47
1986-08-02,2.68,24.25,21.35,28.85,nasa,0.47
1986-08-03,1.75,24.69,21.18,30.05,nasa,0.47
1986-08-04,1.99,24.19,21.07,29.6,nasa,0.47
1986-08-05,0.05,24.64,20.75,29.48,nasa,0.47
1986-08-06,0.42,25.01,21.23,29.99,nasa,0.47
1986-08-07,1.73,23.94,21.15,27.76,nasa,0.47
1986-08-08,2.57,22.97,20.61,26.76,nasa,0.47
1986-08-09,13.07,23.3,19.65,28.75,nasa,0.48
1986-08-10,13.21,23.18,20.21,27.71,nasa,0.51
1986-08-11,1.5,24.05,20.65,28.25,nasa,0.51
1986-08-12,0.0,24.57,21.39,28.89,nasa,0.5
1986-08-13,0.0,24.88,21.41,29.14,nasa,0.49
1986-08-14,0.21,25.11,22.24,28.8,nasa,0.49
1986-08-15,1.9,23.56,21.61,26.28,nasa,0.49
1986-08-16,3.4,23.61,21.06,28.39,nasa,0.49
1986-08-17,1.4,23.03,20.27,27.21,nasa,0.49
1986-08-18,0.85,24.63,20.2,30.52,nasa,0.49
1986-08-19,2.5,23.52,20.64,27.93,nasa,0.49
1986-08-20,1.14,25.06,21.12,30.57,nasa,0.48
1986-08-21,6.62,25.18,21.42,31.18,nasa,0.48
1986-08-22,13.65,24.05,20.91,29.19,nasa,0.5
1986-08-23,2.4,24.33,21.0,29.49,nasa,0.51
1986-08-24,0.13,24.24,21.79,28.08,nasa,0.51
1986-08-25,0.39,23.38,21.31,26.41,nasa,0.5
1986-08-26,0.07,24.25,20.6,28.84,nasa,0.49
1986-08-27,0.06,24.8,21.34,29.89,nasa,0.49
1986-08-28,0.14,24.65,21.12,29.43,nasa,0.49
1986-08-29,0.01,24.11,21.24,28.53,nasa,0.48
1986-08-30,0.0,25.92,21.08,32.35,nasa,0.48
1986-08-31,0.0,25.36,22.09,30.18,nasa,0.48
1986-09-01,0.0,25.66,21.22,31.16,nasa,0.47
1986-09-02,0.32,24.18,21.88,27.75,nasa,0.47
1986-09-03,5.1,23.7,19.9,28.65,nasa,0.47
1986-09-04,1.86,23.99,21.11,27.89,nasa,0.48
1986-09-05,11.64,22.85,20.45,26.67,nasa,0.49
1986-09-06,1.1,23.28,21.29,26.76,nasa,0.49
1986-09-07,2.19,23.37,20.2,28.05,nasa,0.49
1986-09-08,0.36,23.8,20.3,29.02,nasa,0.49
1986-09-09,3.09,22.95,20.11,27.88,nasa,0.49
1986-09-10,0.47,23.59,19.2,28.77,nasa,0.49
1986-09-11,0.61,25.15,21.05,31.06,nasa,0.49
1986-09-12,5.76,25.33,19.8,32.46,nasa,0.49
1986-09-13,14.62,23.9,20.28,29.97,nasa,0.51
1986-09-14,0.15,25.07,19.1,31.79,nasa,0.51
1986-09-15,1.13,25.81,20.37,32.58,nasa,0.5
1986-09-16,0.25,25.52,20.6,31.46,nasa,0.5
1986-09-17,0.0,26.22,20.73,33.05,nasa,0.49
1986-09-18,1.19,24.57,21.55,28.3,nasa,0.49
1986-09-19,23.64,23.59,20.49,28.25,nasa,0.51
1986-09-20,2.17,22.65,20.52,25.86,nasa,0.53
1986-09-21,0.49,22.75,20.01,26.88,nasa,0.52
1986-09-22,0.28,22.68,18.86,27.31,nasa,0.52
1986-09-23,0.21,24.87,20.34,30.56,nasa,0.51
1986-09-24,1.12,24.56,21.03,30.02,nasa,0.5
1986-09-25,5.22,22.86,20.27,27.01,nasa,0.5
1986-09-26,14.37,23.29,19.49,29.03,nasa,0.52
1986-09-27,3.68,24.12,19.98,30.45,nasa,0.52
1986-09-28,7.26,24.89,19.5,31.62,nasa,0.53
1986-09-29,3.47,23.25,21.44,26.98,nasa,0.52
1986-09-30,5.05,23.21,20.56,28.1,nasa,0.52
1986-10-01,10.97,21.84,20.41,24.17,nasa,0.53
1986-10-02,3.69,22.69,19.93,27.57,nasa,0.54
1986-10-03,5.93,23.22,19.92,28.76,nasa,0.54
1986-10-04,0.16,23.36,19.87,27.5,nasa,0.53
1986-10-05,0.25,24.3,20.7,29.1,nasa,0.53
1986-10-06,0.25,24.37,21.17,28.8,nasa,0.52
1986-10-07,12.79,24.66,20.22,31.22,nasa,0.52
1986-10-08,5.35,23.66,18.95,29.91,nasa,0.53
1986-10-09,0.05,23.78,19.45,30.3,nasa,0.53
1986-10-10,0.33,24.81,18.64,31.46,nasa,0.52
1986-10-11,0.06,24.89,20.18,31.65,nasa,0.51
1986-10-12,0.33,24.62,20.1,30.62,nasa,0.5
1986-10-13,0.27,24.98,21.6,29.83,nasa,0.5
1986-10-14,1.69,23.06,21.34,26.47,nasa,0.5
1986-10-15,0.0,23.64,21.03,27.66,nasa,0.5
1986-10-16,0.07,25.19,20.6,31.57,nasa,0.5
1986-10-17,0.48,23.14,20.77,25.8,nasa,0.49
1986-10-18,0.0,23.25,19.89,28.04,nasa,0.49
1986-10-19,0.02,25.31,20.04,31.95,nasa,0.49
1986-10-20,0.38,24.98,19.79,30.85,nasa,0.49
1986-10-21,1.0,23.96,21.33,27.9,nasa,0.48
1986-10-22,10.06,23.63,20.68,28.0,nasa,0.49
1986-10-23,1.41,24.56,20.19,31.02,nasa,0.5
1986-10-24,0.71,24.28,20.12,29.88,nasa,0.5
1986-10-25,0.26,24.48,20.88,29.78,nasa,0.49
1986-10-26,1.12,24.14,20.9,28.58,nasa,0.49
1986-10-27,0.12,24.67,20.13,31.18,nasa,0.49
1986-10-28,0.46,24.72,21.08,30.61,nasa,0.49
1986-10-29,1.3,23.39,20.7,27.89,nasa,0.49
1986-10-30,0.03,24.5,20.96,29.93,nasa,0.49
1986-10-31,0.01,24.85,21.46,30.41,nasa,0.48
1986-11-01,0.85,24.33,20.4,31.26,nasa,0.48
1986-11-02,0.0,24.58,19.61,31.96,nasa,0.48
1986-11-03,0.0,24.15,19.32,30.75,nasa,0.48
1986-11-04,0.0,23.92,19.39,31.04,nasa,0.47
1986-11-05,0.0,23.74,18.54,31.44,nasa,0.47
1986-11-06,0.0,23.93,17.19,32.27,nasa,0.47
1986-11-07,0.0,23.92,18.54,31.48,nasa,0.47
1986-11-08,0.57,23.32,17.9,30.14,nasa,0.47
1986-11-09,2.94,22.82,18.97,28.91,nasa,0.47
1986-11-10,0.77,21.53,16.85,28.12,nasa,0.47
1986-11-11,2.15,19.95,17.75,23.32,nasa,0.47
1986-11-12,0.78,23.57,17.8,30.91,nasa,0.48
1986-11-13,2.99,24.16,19.41,31.23,nasa,0.48
1986-11-14,5.08,23.44,18.58,30.52,nasa,0.48
1986-11-15,5.52,22.73,19.25,28.07,nasa,0.49
1986-11-16,5.34,22.61,19.15,27.87,nasa,0.49
1986-11-17,5.09,21.03,18.62,25.47,nasa,0.5
1986-11-18,0.0,22.17,17.16,29.0,nasa,0.5
1986-11-19,0.0,22.9,17.5,29.63,nasa,0.5
1986-11-20,0.26,22.88,18.72,28.73,nasa,0.49
1986-11-21,0.87,22.6,18.73,28.8,nasa,0.49
1986-11-22,0.0,21.23,16.76,28.37,nasa,0.49
1986-11-23,0.0,20.62,15.5,28.25,nasa,0.48
1986-11-24,0.61,20.95,15.98,28.31,nasa,0.48
1986-11-25,4.23,21.46,17.93,27.18,nasa,0.48
1986-11-26,18.73,21.99,19.86,25.84,nasa,0.51
1986-11-27,0.0,22.37,19.7,26.61,nasa,0.51
1986-11-28,0.02,22.06,19.31,27.05,nasa,0.51
1986-11-29,0.11,21.23,17.66,26.43,nasa,0.5
1986-11-30,0.04,20.55,17.57,25.25,nasa,0.5
1986-12-01,0.23,21.89,19.26,26.48,nasa,0.49
1986-12-02,7.44,20.86,19.57,23.56,nasa,0.49
1986-12-03,0.5,21.87,19.83,25.59,nasa,0.5
1986-12-04,0.0,22.5,19.71,26.84,nasa,0.5
1986-12-05,0.0,23.49,19.73,29.7,nasa,0.5
1986-12-06,0.0,23.34,19.61,29.0,nasa,0.49
1986-12-07,0.04,22.97,19.08,29.03,nasa,0.49
1986-12-08,0.82,21.87,18.38,27.99,nasa,0.49
1986-12-09,18.48,21.05,18.48,26.26,nasa,0.5
1986-12-10,0.0,20.02,15.93,25.32,nasa,0.51
1986-12-11,0.0,19.31,14.77,26.1,nasa,0.51
1986-12-12,0.0,20.54,14.13,28.48,nasa,0.5
1986-12-13,0.0,21.65,15.55,29.26,nasa,0.49
1986-12-14,0.0,21.79,16.44,28.81,nasa,0.49
1986-12-15,0.0,22.26,16.79,29.43,nasa,0.49
1986-12-16,0.0,22.75,17.18,29.88,nasa,0.48
1986-12-17,0.0,22.74,17.22,30.42,nasa,0.48
1986-12-18,0.0,22.62,17.41,29.71,nasa,0.48
1986-12-19,0.0,21.77,17.9,27.53,nasa,0.48
1986-12-20,0.0,20.95,17.07,27.32,nasa,0.48
1986-12-21,0.0,20.15,15.79,26.95,nasa,0.47
1986-12-22,0.0,20.08,15.48,27.11,nasa,0.47
1986-12-23,0.0,20.01,14.0,27.89,nasa,0.47
1986-12-24,0.0,21.86,16.35,29.46,nasa,0.47
1986-12-25,0.05,22.01,17.78,27.93,nasa,0.47
1986-12-26,0.0,22.95,19.18,29.12,nasa,0.47
1986-12-27,0.0,22.64,18.33,28.82,nasa,0.47
1986-12-28,0.0,22.1,17.72,28.38,nasa,0.47
1986-12-29,0.0,21.89,16.73,29.52,nasa,0.47
1986-12-30,0.0,22.7,16.95,30.36,nasa,0.47
1986-12-31,0.01,22.14,17.14,29.46,nasa,0.47
1987-01-01,0.0,21.71,15.48,30.21,nasa,0.46
1987-01-02,0.0,22.22,15.4,31.13,nasa,0.46
1987-01-03,0.0,22.99,15.43,31.96,nasa,0.46
1987-01-04,0.0,23.87,17.31,32.12,nasa,0.46
1987-01-05,0.0,23.12,18.03,30.6,nasa,0.46
1987-01-06,0.0,22.39,18.11,29.22,nasa,0.46
1987-01-07,0.0,21.24,17.26,27.39,nasa,0.46
1987-01-08,0.0,21.01,17.52,26.7,nasa,0.46
1987-01-09,0.0,21.56,17.22,28.66,nasa,0.46
1987-01-10,0.0,22.43,17.22,30.22,nasa,0.46
1987-01-11,0.0,21.89,17.14,29.32,nasa,0.46
1987-01-12,0.0,20.89,17.0,26.85,nasa,0.46
1987-01-13,0.0,19.52,15.52,25.64,nasa,0.46
1987-01-14,0.0,20.19,15.11,27.74,nasa,0.46
1987-01-15,0.0,21.45,15.51,29.93,nasa,0.46
1987-01-16,0.0,21.55,15.73,29.2,nasa,0.46
1987-01-17,0.0,21.38,16.72,28.94,nasa,0.46
1987-01-18,0.0,21.48,15.26,30.01,nasa,0.46
1987-01-19,0.0,21.52,15.47,29.98,nasa,0.46
1987-01-20,0.0,22.51,17.32,30.43,nasa,0.46
1987-01-21,0.0,22.76,17.52,30.46,nasa,0.46
1987-01-22,0.0,22.85,16.18,31.89,nasa,0.46
1987-01-23,0.0,22.54,16.22,31.05,nasa,0.46
1987-01-24,0.0,21.78,17.27,28.84,nasa,0.45
1987-01-25,0.0,20.88,17.19,27.17,nasa,0.45
1987-01-26,0.0,20.19,16.76,26.39,nasa,0.45
1987-01-27,0.0,19.31,15.8,25.05,nasa,0.45
1987-01-28,0.0,20.02,15.69,27.15,nasa,0.45
1987-01-29,0.0,21.63,15.15,29.94,nasa,0.45
1987-01-30,0.0,21.99,17.21,29.29,nasa,0.45
1987-01-31,0.0,20.96,16.05,28.02,nasa,0.45
1987-02-01,0.0,20.47,15.52,28.35,nasa,0.45
1987-02-02,0.0,20.43,15.92,27.76,nasa,0.45
1987-02-03,0.0,19.74,15.89,26.07,nasa,0.45
1987-02-04,0.0,19.92,15.71,27.25,nasa,0.45
1987-02-05,0.0,20.4,15.99,28.25,nasa,0.45
1987-02-06,0.0,20.84,15.68,29.09,nasa,0.45
1987-02-07,0.0,21.08,15.35,29.32,nasa,0.45
1987-02-08,0.0,21.8,16.0,29.89,nasa,0.45
1987-02-09,0.0,22.78,16.66,31.36,nasa,0.45
1987-02-10,0.0,23.32,16.65,31.48,nasa,0.45
1987-02-11,0.0,24.89,17.02,34.14,nasa,0.45
1987-02-12,0.0,25.27,18.48,33.76,nasa,0.45
1987-02-13,0.0,24.24,17.11,33.14,nasa,0.45
1987-02-14,0.0,23.29,15.92,32.68,nasa,0.45
1987-02-15,0.0,23.28,15.69,32.83,nasa,0.45
1987-02-16,0.0,23.51,16.62,32.33,nasa,0.45
1987-02-17,0.0,24.13,16.77,33.17,nasa,0.45
1987-02-18,0.0,24.31,17.18,33.25,nasa,0.45
1987-02-19,0.0,23.96,17.78,33.0,nasa,0.45
1987-02-20,0.0,22.99,16.89,31.94,nasa,0.45
1987-02-21,0.0,22.19,15.62,30.85,nasa,0.45
1987-02-22,0.0,23.45,16.4,32.67,nasa,0.45
1987-02-23,0.0,23.98,15.86,33.36,nasa,0.45
1987-02-24,0.0,24.91,16.41,34.18,nasa,0.45
1987-02-25,0.0,24.56,16.36,34.01,nasa,0.45
1987-02-26,0.0,24.84,16.77,34.09,nasa,0.45
1987-02-27,0.0,26.25,18.72,35.05,nasa,0.45
1987-02-28,0.0,24.12,19.52,31.51,nasa,0.45
1987-03-01,0.0,24.18,20.0,31.39,nasa,0.45
1987-03-02,0.0,23.13,19.05,30.21,nasa,0.45
1987-03-03,0.0,23.72,18.38,31.69,nasa,0.45
1987-03-04,0.0,23.87,19.08,30.42,nasa,0.45
1987-03-05,0.01,25.14,17.9,33.65,nasa,0.45
1987-03-06,0.0,26.63,18.92,35.26,nasa,0.45
1987-03-07,0.0,27.31,20.95,35.65,nasa,0.45
1987-03-08,0.0,28.81,20.78,37.6,nasa,0.45
1987-03-09,0.0,28.08,22.74,35.23,nasa,0.45
1987-03-10,0.0,27.62,19.72,37.51,nasa,0.45
1987-03-11,0.0,25.95,17.76,35.88,nasa,0.45
1987-03-12,0.0,26.25,17.6,36.65,nasa,0.45
1987-03-13,0.0,27.12,18.62,37.23,nasa,0.45
1987-03-14,0.0,28.18,19.34,37.65,nasa,0.45
1987-03-15,0.0,28.56,20.8,37.45,nasa,0.44
1987-03-16,0.0,27.96,21.79,35.61,nasa,0.44
1987-03-17,0.0,28.13,23.05,34.96,nasa,0.45
1987-03-18,0.0,27.61,23.49,33.99,nasa,0.45
1987-03-19,0.0,28.78,21.76,36.3,nasa,0.45
1987-03-20,0.0,28.35,23.66,34.5,nasa,0.45
1987-03-21,0.0,28.1,23.53,33.93,nasa,0.45
1987-03-22,0.0,29.56,21.86,38.26,nasa,0.45
1987-03-23,0.0,29.79,22.99,37.38,nasa,0.45
1987-03-24,0.0,29.61,22.76,37.0,nasa,0.45
1987-03-25,0.0,28.85,22.71,36.22,nasa,0.45
1987-03-26,0.0,26.54,21.12,34.55,nasa,0.45
1987-03-27,0.0,26.1,20.23,34.11,nasa,0.45
1987-03-28,0.0,26.26,18.52,35.84,nasa,0.45
1987-03-29,0.0,26.31,18.95,35.64,nasa,0.44
1987-03-30,0.0,25.92,19.15,34.44,nasa,0.44
1987-03-31,0.0,26.01,19.67,34.38,nasa,0.44
1987-04-01,0.0,26.64,20.06,35.6,nasa,0.44
1987-04-02,0.0,27.33,18.99,36.38,nasa,0.44
1987-04-03,0.09,27.25,21.72,34.09,nasa,0.44
1987-04-04,0.0,28.18,20.49,36.92,nasa,0.44
1987-04-05,0.0,28.39,22.99,35.38,nasa,0.44
1987-04-06,0.0,28.03,23.11,34.52,nasa,0.44
1987-04-07,0.0,28.49,22.61,34.88,nasa,0.44
1987-04-08,0.0,28.86,22.92,35.6,nasa,0.44
1987-04-09,0.0,28.47,23.26,35.29,nasa,0.44
1987-04-10,0.0,28.87,23.18,35.05,nasa,0.44
1987-04-11,0.0,28.99,24.08,34.74,nasa,0.44
1987-04-12,0.0,29.13,23.68,34.89,nasa,0.44
1987-04-13,0.0,28.79,24.37,34.99,nasa,0.44
1987-04-14,0.0,28.34,22.96,35.12,nasa,0.44
1987-04-15,0.0,27.37,21.21,35.68,nasa,0.44
1987-04-16,0.0,27.15,21.63,34.86,nasa,0.44
1987-04-17,0.0,26.97,21.77,34.4,nasa,0.44
1987-04-18,0.0,26.37,20.92,33.49,nasa,0.44
1987-04-19,0.0,27.87,20.42,36.94,nasa,0.44
1987-04-20,0.0,28.32,20.63,37.41,nasa,0.44
1987-04-21,0.0,28.52,21.0,37.96,nasa,0.44
1987-04-22,0.0,27.76,20.2,36.42,nasa,0.44
1987-04-23,0.0,27.81,20.55,35.89,nasa,0.44
1987-04-24,0.0,28.15,20.72,36.72,nasa,0.44
1987-04-25,0.0,28.24,20.99,35.75,nasa,0.44
1987-04-26,0.0,28.69,21.29,37.16,nasa,0.44
1987-04-27,0.0,27.48,20.67,35.79,nasa,0.44
1987-04-28,0.0,26.69,21.53,34.36,nasa,0.44
1987-04-29,0.0,27.62,20.76,36.27,nasa,0.44
1987-04-30,0.0,28.44,20.04,37.78,nasa,0.44
1987-05-01,0.0,29.26,20.57,37.82,nasa,0.44
1987-05-02,0.0,28.53,24.04,34.42,nasa,0.44
1987-05-03,0.01,27.6,23.65,32.62,nasa,0.44
1987-05-04,0.0,27.76,23.82,32.38,nasa,0.44
1987-05-05,0.01,29.08,22.74,36.72,nasa,0.44
1987-05-06,0.01,28.66,23.21,34.94,nasa,0.44
1987-05-07,0.0,29.02,23.06,37.05,nasa,0.44
1987-05-08,0.0,28.87,22.86,36.24,nasa,0.44
1987-05-09,0.02,29.61,22.21,38.05,nasa,0.44
1987-05-10,0.1,28.97,22.94,36.64,nasa,0.44
1987-05-11,0.0,29.26,22.29,37.36,nasa,0.44
1987-05-12,0.0,29.05,21.4,37.78,nasa,0.44
1987-05-13,0.0,28.9,21.55,37.63,nasa,0.44
1987-05-14,0.0,28.89,22.31,37.14,nasa,0.44
1987-05-15,0.0,29.27,21.79,37.47,nasa,0.44
1987-05-16,0.0,29.61,22.0,37.78,nasa,0.44
1987-05-17,0.0,28.47,24.2,33.45,nasa,0.44
1987-05-18,0.74,26.61,23.04,31.7,nasa,0.44
1987-05-19,4.29,27.61,22.03,34.54,nasa,0.45
1987-05-20,0.0,28.25,22.95,34.97,nasa,0.45
1987-05-21,0.0,27.32,23.46,32.68,nasa,0.45
1987-05-22,0.0,28.18,23.71,33.09,nasa,0.45
1987-05-23,0.0,27.56,23.36,33.17,nasa,0.45
1987-05-24,0.0,27.5,23.66,34.26,nasa,0.45
1987-05-25,0.0,27.48,22.66,35.61,nasa,0.45
1987-05-26,0.0,27.42,22.7,34.59,nasa,0.45
1987-05-27,0.0,25.56,20.86,30.93,nasa,0.45
1987-05-28,0.07,25.5,22.31,30.38,nasa,0.45
1987-05-29,0.0,26.45,21.17,33.52,nasa,0.45
1987-05-30,0.0,26.82,22.04,33.51,nasa,0.45
1987-05-31,0.0,28.72,21.5,36.52,nasa,0.45
1987-06-01,0.0,28.83,23.01,35.62,nasa,0.45
1987-06-02,0.36,28.13,21.76,35.44,nasa,0.45
1987-06-03,1.78,27.64,22.74,34.44,nasa,0.45
1987-06-04,0.0,27.36,22.78,32.75,nasa,0.45
1987-06-05,0.01,26.78,22.89,32.19,nasa,0.45
1987-06-06,0.07,25.78,22.64,31.12,nasa,0.45
1987-06-07,0.25,26.95,22.15,32.85,nasa,0.45
1987-06-08,0.33,27.57,23.36,32.84,nasa,0.45
1987-06-09,2.02,27.23,23.35,32.32,nasa,0.45
1987-06-10,6.18,25.27,22.18,29.46,nasa,0.46
1987-06-11,0.03,25.55,22.89,28.87,nasa,0.46
1987-06-12,0.04,26.69,22.5,32.16,nasa,0.46
1987-06-13,0.01,26.73,23.04,31.92,nasa,0.46
1987-06-14,0.13,27.19,22.92,33.26,nasa,0.45
1987-06-15,1.08,25.22,23.14,28.86,nasa,0.45
1987-06-16,1.46,24.8,21.74,28.96,nasa,0.45
1987-06-17,3.97,23.54,21.58,26.79,nasa,0.46
1987-06-18,1.53,24.8,21.8,28.93,nasa,0.46
1987-06-19,1.62,24.33,21.77,27.75,nasa,0.46
1987-06-20,0.18,24.76,21.49,28.66,nasa,0.46
1987-06-21,0.0,25.83,22.18,31.12,nasa,0.46
1987-06-22,0.0,27.61,21.57,34.82,nasa,0.46
1987-06-23,0.0,28.36,22.69,34.84,nasa,0.46
1987-06-24,0.34,27.87,23.44,32.88,nasa,0.45
1987-06-25,2.38,25.7,22.88,30.18,nasa,0.45
1987-06-26,0.0,26.77,22.29,31.48,nasa,0.46
1987-06-27,0.01,26.4,23.52,30.5,nasa,0.45
1987-06-28,0.07,26.7,22.66,32.91,nasa,0.45
1987-06-29,0.0,26.37,22.55,31.07,nasa,0.45
1987-06-30,0.0,26.83,22.41,32.18,nasa,0.45
1987-07-01,0.05,25.2,22.56,28.8,nasa,0.45
1987-07-02,1.19,23.93,20.2,28.35,nasa,0.45
1987-07-03,6.17,22.35,19.79,26.38,nasa,0.46
1987-07-04,7.22,23.43,19.32,29.96,nasa,0.46
1987-07-05,0.51,24.24,20.32,29.81,nasa,0.47
1987-07-06,1.26,24.67,20.41,29.99,nasa,0.47
1987-07-07,0.01,25.14,21.58,29.43,nasa,0.46
1987-07-08,0.13,26.07,21.43,31.96,nasa,0.46
1987-07-09,0.68,25.05,21.72,29.84,nasa,0.46
1987-07-10,0.01,25.86,20.7,32.2,nasa,0.46
1987-07-11,0.31,25.56,22.55,30.23,nasa,0.46
1987-07-12,1.57,25.04,21.87,29.15,nasa,0.46
1987-07-13,1.19,24.67,22.77,27.62,nasa,0.46
1987-07-14,0.01,25.18,22.73,29.55,nasa,0.46
1987-07-15,0.01,25.46,22.12,29.49,nasa,0.46
1987-07-16,0.11,25.07,22.26,29.3,nasa,0.46
1987-07-17,0.03,25.67,21.88,31.22,nasa,0.46
1987-07-18,0.06,25.79,22.35,30.1,nasa,0.45
1987-07-19,0.04,25.84,22.01,30.31,nasa,0.45
1987-07-20,0.22,25.99,21.78,31.52,nasa,0.45
1987-07-21,0.0,27.5,22.28,34.31,nasa,0.45
1987-07-22,0.01,27.82,23.27,33.95,nasa,0.45
1987-07-23,0.05,27.59,22.66,33.45,nasa,0.45
1987-07-24,0.12,28.22,22.66,35.32,nasa,0.45
1987-07-25,0.0,27.15,23.42,32.18,nasa,0.45
1987-07-26,0.0,27.75,23.14,32.68,nasa,0.45
1987-07-27,0.0,27.88,23.2,33.35,nasa,0.45
1987-07-28,1.17,27.4,23.28,32.26,nasa,0.45
1987-07-29,7.45,25.49,22.01,30.14,nasa,0.45
1987-07-30,0.0,26.0,22.0,31.01,nasa,0.46
1987-07-31,0.0,26.23,22.13,31.7,nasa,0.46
1987-08-01,0.0,26.34,21.49,32.13,nasa,0.46
1987-08-02,0.04,24.99,22.77,28.7,nasa,0.46
1987-08-03,0.45,25.97,21.68,31.09,nasa,0.46
1987-08-04,0.0,26.24,22.23,30.8,nasa,0.46
1987-08-05,0.0,27.32,21.37,34.9,nasa,0.45
1987-08-06,0.0,28.51,21.1,36.94,nasa,0.45
1987-08-07,0.0,28.09,22.81,34.77,nasa,0.45
1987-08-08,0.0,28.5,22.08,35.51,nasa,0.45
1987-08-09,0.0,27.88,23.09,33.93,nasa,0.45
1987-08-10,0.03,26.77,22.8,32.8,nasa,0.45
1987-08-11,0.39,25.09,22.39,29.61,nasa,0.45
1987-08-12,1.89,27.55,21.06,35.26,nasa,0.45
1987-08-13,0.85,27.87,21.58,35.48,nasa,0.45
1987-08-14,7.64,25.63,22.24,31.68,nasa,0.46
1987-08-15,0.65,24.84,22.48,28.27,nasa,0.46
1987-08-16,0.37,26.2,22.27,31.54,nasa,0.46
1987-08-17,0.0,26.66,23.1,31.41,nasa,0.46
1987-08-18,0.0,26.6,22.5,31.2,nasa,0.46
1987-08-19,0.19,26.5,22.73,31.44,nasa,0.46
1987-08-20,2.23,24.92,22.63,28.51,nasa,0.46
1987-08-21,1.03,24.57,23.04,26.8,nasa,0.46
1987-08-22,2.41,24.78,22.23,28.65,nasa,0.46
1987-08-23,8.27,24.25,21.12,28.92,nasa,0.46
1987-08-24,0.0,26.11,20.96,32.62,nasa,0.47
1987-08-25,0.04,26.15,21.43,32.05,nasa,0.47
1987-08-26,0.23,26.57,21.35,32.63,nasa,0.46
1987-08-27,0.0,27.78,22.37,34.93,nasa,0.46
1987-08-28,0.0,26.34,22.63,31.08,nasa,0.46
1987-08-29,0.0,26.82,22.74,32.2,nasa,0.46
1987-08-30,0.0,26.11,23.13,30.93,nasa,0.46
1987-08-31,0.0,25.82,22.76,30.36,nasa,0.46
1987-09-01,0.01,25.41,22.38,29.24,nasa,0.46
1987-09-02,0.06,24.8,22.0,28.06,nasa,0.45
1987-09-03,0.88,25.61,21.62,31.41,nasa,0.45
1987-09-04,10.52,23.86,21.28,27.85,nasa,0.46
1987-09-05,3.82,23.5,21.45,27.09,nasa,0.48
1987-09-06,0.25,24.68,21.47,28.68,nasa,0.48
1987-09-07,0.06,26.27,21.34,32.38,nasa,0.47
1987-09-08,0.56,25.74,22.24,30.25,nasa,0.47
1987-09-09,1.54,24.57,21.96,28.3,nasa,0.47
1987-09-10,0.23,25.32,22.34,30.99,nasa,0.47
1987-09-11,0.16,25.71,20.87,32.02,nasa,0.47
1987-09-12,0.71,24.18,22.1,27.68,nasa,0.46
1987-09-13,0.0,25.24,21.46,31.51,nasa,0.46
1987-09-14,0.14,26.08,22.79,31.04,nasa,0.46
1987-09-15,2.0,25.64,20.98,32.07,nasa,0.46
1987-09-16,9.62,24.57,20.52,31.2,nasa,0.47
1987-09-17,0.09,24.57,20.94,29.55,nasa,0.48
1987-09-18,0.14,26.49,21.71,33.3,nasa,0.47
1987-09-19,1.29,24.87,21.97,28.17,nasa,0.47
1987-09-20,5.29,24.0,20.92,28.64,nasa,0.47
1987-09-21,0.02,26.03,21.75,32.14,nasa,0.48
1987-09-22,0.0,26.77,21.08,34.36,nasa,0.47
1987-09-23,0.03,26.24,20.49,32.39,nasa,0.47
1987-09-24,0.0,26.57,21.77,33.26,nasa,0.47
1987-09-25,0.08,27.4,21.31,35.01,nasa,0.46
1987-09-26,0.37,26.91,20.65,34.71,nasa,0.46
1987-09-27,0.02,25.28,20.48,31.53,nasa,0.46
1987-09-28,2.64,26.12,20.01,33.49,nasa,0.46
1987-09-29,8.64,23.16,20.78,27.19,nasa,0.47
1987-09-30,1.72,24.46,20.0,29.57,nasa,0.48
1987-10-01,0.08,26.24,20.96,32.63,nasa,0.47
1987-10-02,1.21,26.15,21.56,32.87,nasa,0.47
1987-10-03,4.0,25.18,21.37,30.23,nasa,0.47
1987-10-04,0.45,25.97,21.6,32.06,nasa,0.47
1987-10-05,0.45,26.47,20.65,33.54,nasa,0.47
1987-10-06,0.34,25.03,21.65,29.38,nasa,0.47
1987-10-07,1.49,25.08,20.37,31.44,nasa,0.47
1987-10-08,0.0,26.42,19.64,34.66,nasa,0.46
1987-10-09,0.42,25.59,21.52,30.63,nasa,0.46
1987-10-10,0.29,25.9,20.99,32.12,nasa,0.46
1987-10-11,0.31,26.45,20.97,32.67,nasa,0.46
1987-10-12,0.02,27.67,20.7,35.88,nasa,0.46
1987-10-13,0.01,28.23,22.25,35.6,nasa,0.46
1987-10-14,0.08,27.65,20.74,35.73,nasa,0.45
1987-10-15,0.42,26.88,21.0,34.0,nasa,0.45
1987-10-16,2.6,25.93,21.41,32.37,nasa,0.45
1987-10-17,0.2,27.07,20.91,34.7,nasa,0.46
1987-10-18,0.07,27.85,21.01,36.31,nasa,0.45
1987-10-19,0.0,26.88,20.08,35.32,nasa,0.45
1987-10-20,0.07,27.19,19.87,35.47,nasa,0.45
1987-10-21,0.08,28.04,21.34,36.1,nasa,0.45
1987-10-22,0.17,26.98,20.52,34.86,nasa,0.45
1987-10-23,0.57,25.98,21.26,32.98,nasa,0.45
1987-10-24,0.0,26.33,22.45,32.31,nasa,0.45
1987-10-25,3.27,25.49,19.89,33.37,nasa,0.45
1987-10-26,4.12,24.03,19.0,31.58,nasa,0.46
1987-10-27,0.0,23.94,20.35,29.5,nasa,0.46
1987-10-28,0.0,25.74,20.24,33.18,nasa,0.46
1987-10-29,0.09,26.04,20.67,33.08,nasa,0.46
1987-10-30,1.15,25.87,21.54,31.95,nasa,0.46
1987-10-31,0.95,25.06,21.74,30.15,nasa,0.46
1987-11-01,0.4,26.52,21.11,34.06,nasa,0.46
1987-11-02,2.36,25.32,21.48,30.75,nasa,0.46
1987-11-03,0.03,25.22,20.14,31.88,nasa,0.46
1987-11-04,0.02,26.01,22.24,32.26,nasa,0.45
1987-11-05,0.61,25.89,21.71,32.03,nasa,0.45
1987-11-06,0.42,25.09,22.1,29.73,nasa,0.45
1987-11-07,0.82,24.99,22.17,29.25,nasa,0.45
1987-11-08,1.56,24.99,22.25,29.06,nasa,0.45
1987-11-09,0.13,26.02,22.16,31.93,nasa,0.45
1987-11-10,1.57,24.61,22.03,28.78,nasa,0.45
1987-11-11,0.38,25.79,20.6,33.09,nasa,0.45
1987-11-12,0.27,24.93,21.66,29.76,nasa,0.45
1987-11-13,2.86,24.89,20.12,32.07,nasa,0.45
1987-11-14,6.07,24.49,19.96,31.99,nasa,0.46
1987-11-15,0.0,25.02,19.67,32.46,nasa,0.46
1987-11-16,0.0,25.21,19.45,32.91,nasa,0.46
1987-11-17,0.13,24.61,20.65,29.9,nasa,0.46
1987-11-18,0.77,22.83,19.93,26.48,nasa,0.46
1987-11-19,0.48,23.03,20.78,27.01,nasa,0.46
1987-11-20,0.0,25.01,19.54,32.28,nasa,0.46
1987-11-21,0.0,26.08,21.66,32.59,nasa,0.46
1987-11-22,0.0,25.46,19.58,32.73,nasa,0.46
1987-11-23,0.01,24.84,20.21,30.63,nasa,0.45
1987-11-24,0.31,23.46,21.1,26.49,nasa,0.45
1987-11-25,0.4,24.44,21.7,28.56,nasa,0.45
1987-11-26,0.15,25.12,20.6,30.38,nasa,0.45
1987-11-27,0.0,27.2,20.66,35.05,nasa,0.45
1987-11-28,0.32,25.29,22.46,28.99,nasa,0.45
1987-11-29,1.21,21.81,17.01,27.74,nasa,0.45
1987-11-30,0.0,20.27,15.95,27.2,nasa,0.45
1987-12-01,0.0,19.56,15.47,26.39,nasa,0.45
1987-12-02,0.0,19.88,14.9,26.32,nasa,0.45
1987-12-03,0.0,22.38,17.29,29.28,nasa,0.45
1987-12-04,0.0,23.25,19.5,29.17,nasa,0.45
1987-12-05,0.0,21.5,16.47,27.49,nasa,0.45
1987-12-06,0.0,18.54,15.74,23.64,nasa,0.45
1987-12-07,0.0,18.28,14.81,24.04,nasa,0.45
1987-12-08,0.0,20.4,15.18,27.74,nasa,0.45
1987-12-09,0.0,22.41,16.81,30.43,nasa,0.45
1987-12-10,0.0,23.38,18.44,30.82,nasa,0.45
1987-12-11,0.0,23.38,19.13,30.64,nasa,0.45
1987-12-12,0.0,21.27,17.04,28.01,nasa,0.45
1987-12-13,0.0,21.35,15.43,29.74,nasa,0.45
1987-12-14,0.0,21.53,15.84,29.02,nasa,0.45
1987-12-15,0.0,21.89,17.64,27.77,nasa,0.45
1987-12-16,0.0,22.12,17.3,28.28,nasa,0.45
1987-12-17,0.0,20.29,16.42,27.1,nasa,0.45
1987-12-18,0.0,20.82,14.99,28.7,nasa,0.45
1987-12-19,0.0,21.96,16.82,29.52,nasa,0.45
1987-12-20,0.0,20.24,16.45,26.17,nasa,0.45
1987-12-21,0.0,19.53,15.41,25.43,nasa,0.45
1987-12-22,0.0,20.76,16.72,27.59,nasa,0.45
1987-12-23,0.0,21.04,15.98,28.4,nasa,0.45
1987-12-24,0.0,22.33,17.55,29.33,nasa,0.45
1987-12-25,0.0,21.85,19.53,25.62,nasa,0.45
1987-12-26,0.0,22.07,19.09,26.21,nasa,0.45
1987-12-27,0.0,24.09,20.15,30.5,nasa,0.45
1987-12-28,0.0,23.55,19.81,29.58,nasa,0.45
1987-12-29,0.0,24.61,17.94,33.07,nasa,0.45
1987-12-30,0.0,23.61,18.32,30.88,nasa,0.45
1987-12-31,0.0,23.45,18.17,31.35,nasa,0.45
1988-01-01,0.02,23.84,18.08,31.46,nasa,0.45
1988-01-02,3.08,23.28,18.23,31.03,nasa,0.45
1988-01-03,0.0,23.57,18.71,30.5,nasa,0.45
1988-01-04,0.0,23.73,19.36,30.61,nasa,0.45
1988-01-05,0.0,22.35,18.06,28.55,nasa,0.45
1988-01-06,0.0,21.51,16.89,28.65,nasa,0.45
1988-01-07,0.0,22.2,15.21,30.9,nasa,0.45
1988-01-08,0.0,22.9,17.48,30.23,nasa,0.45
1988-01-09,0.0,22.78,19.93,27.78,nasa,0.45
1988-01-10,0.0,23.09,19.15,30.19,nasa,0.45
1988-01-11,0.0,22.0,18.28,28.16,nasa,0.45
1988-01-12,0.0,21.86,17.53,28.32,nasa,0.45
1988-01-13,0.0,22.06,16.41,30.26,nasa,0.45
1988-01-14,0.0,22.9,17.31,30.77,nasa,0.45
1988-01-15,0.0,23.77,18.06,32.1,nasa,0.45
1988-01-16,0.0,23.4,17.9,30.73,nasa,0.45
1988-01-17,0.0,21.32,16.66,28.2,nasa,0.45
1988-01-18,0.0,22.26,17.83,29.41,nasa,0.45
1988-01-19,0.0,21.01,16.46,28.61,nasa,0.45
1988-01-20,0.0,22.16,15.19,30.97,nasa,0.44
1988-01-21,0.0,24.86,17.79,33.07,nasa,0.44
1988-01-22,0.0,26.11,19.4,33.41,nasa,0.44
1988-01-23,0.0,26.44,20.88,33.24,nasa,0.44
1988-01-24,0.1,25.43,20.26,33.04,nasa,0.44
1988-01-25,0.55,24.94,19.63,32.68,nasa,0.44
1988-01-26,0.0,24.58,20.55,30.86,nasa,0.44
1988-01-27,0.0,25.4,20.55,32.44,nasa,0.44
1988-01-28,0.0,25.49,20.68,33.21,nasa,0.44
1988-01-29,0.0,25.22,19.4,33.74,nasa,0.44
1988-01-30,0.0,24.82,19.19,33.14,nasa,0.44
1988-01-31,0.0,24.39,18.64,32.68,nasa,0.44
1988-02-01,0.0,24.04,18.28,32.64,nasa,0.44
1988-02-02,0.0,22.91,17.13,30.93,nasa,0.44
1988-02-03,0.0,23.41,16.72,32.65,nasa,0.44
1988-02-04,0.0,24.12,17.2,33.11,nasa,0.44
1988-02-05,0.0,25.55,17.79,34.55,nasa,0.44
1988-02-06,0.0,26.99,19.25,35.51,nasa,0.44
1988-02-07,0.0,27.05,20.34,34.85,nasa,0.44
1988-02-08,0.0,25.38,19.59,32.82,nasa,0.44
1988-02-09,0.0,24.32,18.93,32.26,nasa,0.44
1988-02-10,0.01,23.56,18.7,31.04,nasa,0.44
1988-02-11,0.06,22.77,17.71,30.5,nasa,0.44
1988-02-12,0.0,22.37,17.34,30.49,nasa,0.44
1988-02-13,0.0,23.44,14.82,32.92,nasa,0.44
1988-02-14,0.01,24.02,18.47,32.14,nasa,0.44
1988-02-15,0.09,23.88,18.98,31.92,nasa,0.44
1988-02-16,0.0,24.28,18.43,32.23,nasa,0.44
1988-02-17,0.23,24.1,20.19,30.6,nasa,0.44
1988-02-18,1.73,22.76,18.68,28.39,nasa,0.44
1988-02-19,0.36,22.81,18.53,29.85,nasa,0.44
1988-02-20,0.02,22.45,18.05,29.48,nasa,0.44
1988-02-21,0.06,21.79,17.35,27.83,nasa,0.44
1988-02-22,0.0,22.75,19.12,28.48,nasa,0.44
1988-02-23,0.0,23.82,19.73,29.87,nasa,0.44
1988-02-24,0.0,24.4,19.01,31.55,nasa,0.44
1988-02-25,0.0,25.59,20.68,32.66,nasa,0.44
1988-02-26,0.0,25.93,20.47,33.63,nasa,0.44
1988-02-27,0.0,27.0,20.02,35.95,nasa,0.44
1988-02-28,0.02,26.58,19.59,35.63,nasa,0.44
1988-02-29,0.0,26.15,18.43,35.61,nasa,0.44
1988-03-01,0.03,26.25,18.83,36.05,nasa,0.44
1988-03-02,0.16,25.44,18.88,34.58,nasa,0.44
1988-03-03,0.11,25.32,19.82,33.86,nasa,0.44
1988-03-04,0.09,24.88,19.65,33.06,nasa,0.44
1988-03-05,0.02,24.15,18.9,32.54,nasa,0.44
1988-03-06,0.13,24.34,18.5,33.16,nasa,0.44
1988-03-07,0.0,23.8,19.02,31.59,nasa,0.44
1988-03-08,0.0,23.26,18.31,31.41,nasa,0.44
1988-03-09,0.0,22.47,18.21,29.71,nasa,0.44
1988-03-10,0.0,23.17,17.54,30.85,nasa,0.44
1988-03-11,0.0,26.19,18.62,35.53,nasa,0.44
1988-03-12,0.0,27.95,18.27,38.28,nasa,0.44
1988-03-13,0.0,29.15,20.78,37.95,nasa,0.44
1988-03-14,0.0,30.04,22.84,37.88,nasa,0.44
1988-03-15,0.0,29.91,23.08,38.98,nasa,0.44
1988-03-16,0.0,28.38,19.5,38.96,nasa,0.44
1988-03-17,0.0,27.77,18.4,38.33,nasa,0.44
1988-03-18,0.0,28.04,19.61,37.91,nasa,0.44
1988-03-19,0.0,27.11,21.28,35.94,nasa,0.44
1988-03-20,0.0,26.1,19.53,35.23,nasa,0.44
1988-03-21,0.0,27.14,17.59,38.21,nasa,0.44
1988-03-22,0.0,27.58,18.18,38.46,nasa,0.44
1988-03-23,0.0,26.34,18.84,36.22,nasa,0.44
1988-03-24,0.0,26.28,18.28,35.46,nasa,0.44
1988-03-25,0.0,27.84,19.62,36.66,nasa,0.44
1988-03-26,0.0,28.15,20.15,36.83,nasa,0.44
1988-03-27,0.0,28.56,20.58,36.71,nasa,0.44
1988-03-28,0.0,29.04,22.81,36.28,nasa,0.44
1988-03-29,0.0,29.86,23.74,36.57,nasa,0.44
1988-03-30,0.0,29.53,24.05,36.57,nasa,0.44
1988-03-31,0.0,26.83,22.54,32.34,nasa,0.44
1988-04-01,0.0,27.05,19.68,34.09,nasa,0.44
1988-04-02,0.0,28.12,20.66,37.27,nasa,0.44
1988-04-03,0.0,27.75,19.58,37.11,nasa,0.44
1988-04-04,0.0,27.71,20.45,36.26,nasa,0.44
1988-04-05,0.0,28.47,21.29,36.44,nasa,0.44
1988-04-06,0.0,29.53,22.63,37.62,nasa,0.44
1988-04-07,0.0,29.65,23.77,36.92,nasa,0.44
1988-04-08,0.0,27.31,21.68,33.62,nasa,0.44
1988-04-09,0.0,26.72,21.69,33.13,nasa,0.44
1988-04-10,0.0,27.23,22.4,34.21,nasa,0.44
1988-04-11,0.0,27.32,20.93,35.13,nasa,0.44
1988-04-12,0.55,27.48,21.05,35.44,nasa,0.44
1988-04-13,1.98,26.36,22.55,32.6,nasa,0.44
1988-04-14,0.0,26.55,21.94,33.24,nasa,0.44
1988-04-15,0.0,26.25,21.98,31.67,nasa,0.44
1988-04-16,0.0,27.41,21.51,35.25,nasa,0.44
1988-04-17,0.0,28.17,21.26,36.18,nasa,0.44
1988-04-18,0.0,28.13,21.83,36.2,nasa,0.44
1988-04-19,0.0,28.92,21.24,37.02,nasa,0.44
1988-04-20,0.0,29.46,23.53,35.86,nasa,0.44
1988-04-21,0.0,29.05,24.86,33.93,nasa,0.44
1988-04-22,0.0,28.46,23.79,35.55,nasa,0.44
1988-04-23,0.0,28.12,23.53,34.36,nasa,0.44
1988-04-24,0.0,28.14,22.26,36.4,nasa,0.44
1988-04-25,0.01,28.03,21.78,36.31,nasa,0.44
1988-04-26,0.0,27.44,21.96,34.84,nasa,0.44
1988-04-27,0.0,27.78,21.95,34.63,nasa,0.44
1988-04-28,0.0,27.68,21.14,35.6,nasa,0.44
1988-04-29,0.04,26.73,22.4,33.75,nasa,0.44
1988-04-30,0.07,26.2,21.96,32.56,nasa,0.44
1988-05-01,0.05,27.8,21.71,34.71,nasa,0.44
1988-05-02,0.0,29.37,21.89,37.89,nasa,0.44
1988-05-03,0.0,29.31,21.74,37.88,nasa,0.44
1988-05-04,0.0,29.28,24.09,35.74,nasa,0.44
1988-05-05,0.13,30.74,23.73,38.84,nasa,0.44
1988-05-06,0.88,30.17,23.4,37.54,nasa,0.44
1988-05-07,0.0,29.41,24.09,35.39,nasa,0.44
1988-05-08,0.0,30.35,24.15,38.63,nasa,0.44
1988-05-09,0.0,30.05,23.44,37.92,nasa,0.44
1988-05-10,0.0,28.35,24.05,35.68,nasa,0.44
1988-05-11,0.0,26.58,23.26,31.43,nasa,0.44
1988-05-12,0.0,27.1,22.56,34.29,nasa,0.44
1988-05-13,0.35,27.09,21.81,33.67,nasa,0.44
1988-05-14,0.99,28.27,22.32,35.08,nasa,0.44
1988-05-15,0.08,29.43,22.03,37.71,nasa,0.44
1988-05-16,0.0,27.95,21.84,34.67,nasa,0.44
1988-05-17,1.42,27.09,21.74,32.9,nasa,0.44
1988-05-18,2.21,28.58,21.67,36.7,nasa,0.45
1988-05-19,0.0,28.94,23.36,35.12,nasa,0.45
1988-05-20,0.0,28.37,23.52,33.57,nasa,0.45
1988-05-21,0.0,29.18,23.78,34.99,nasa,0.45
1988-05-22,0.0,28.51,24.28,33.37,nasa,0.44
1988-05-23,0.07,26.73,24.0,29.39,nasa,0.44
1988-05-24,0.38,26.52,23.0,31.39,nasa,0.44
1988-05-25,0.07,27.34,22.84,32.95,nasa,0.44
1988-05-26,0.23,26.88,23.42,31.78,nasa,0.44
1988-05-27,0.38,26.6,23.07,31.89,nasa,0.44
1988-05-28,0.26,27.39,22.69,32.35,nasa,0.44
1988-05-29,0.0,27.03,23.88,30.55,nasa,0.44
1988-05-30,0.01,27.0,23.24,32.05,nasa,0.44
1988-05-31,0.08,25.6,23.36,29.08,nasa,0.44
1988-06-01,0.37,27.44,22.64,33.64,nasa,0.44
1988-06-02,0.98,26.06,22.83,30.21,nasa,0.44
1988-06-03,0.0,27.34,22.18,33.94,nasa,0.44
1988-06-04,0.93,27.89,23.49,32.89,nasa,0.44
1988-06-05,4.0,24.84,21.84,29.07,nasa,0.45
1988-06-06,3.07,23.48,21.17,27.55,nasa,0.45
1988-06-07,0.02,26.41,21.13,32.76,nasa,0.45
1988-06-08,0.0,26.97,22.5,32.12,nasa,0.45
1988-06-09,0.0,26.64,22.74,31.84,nasa,0.45
1988-06-10,0.04,27.41,22.8,31.98,nasa,0.45
1988-06-11,0.23,26.57,23.65,30.48,nasa,0.45
1988-06-12,0.17,26.66,22.48,32.02,nasa,0.45
1988-06-13,0.06,24.45,22.18,27.89,nasa,0.45
1988-06-14,0.5,26.29,21.43,31.98,nasa,0.45
1988-06-15,0.79,25.76,22.1,30.17,nasa,0.45
1988-06-16,0.8,25.3,22.51,29.23,nasa,0.45
1988-06-17,0.02,25.57,21.9,29.56,nasa,0.45
1988-06-18,0.35,25.61,22.37,29.72,nasa,0.45
1988-06-19,1.52,27.3,21.87,33.67,nasa,0.45
1988-06-20,0.0,26.47,23.14,30.84,nasa,0.45
1988-06-21,0.0,27.01,23.13,31.68,nasa,0.45
1988-06-22,0.0,28.19,22.32,34.33,nasa,0.45
1988-06-23,0.0,28.02,23.42,32.77,nasa,0.45
1988-06-24,0.0,27.58,23.17,32.53,nasa,0.45
1988-06-25,0.0,27.43,23.3,32.64,nasa,0.45
1988-06-26,0.0,28.31,22.8,34.19,nasa,0.45
1988-06-27,0.0,27.7,23.28,32.91,nasa,0.44
1988-06-28,0.02,27.02,23.55,30.68,nasa,0.44
1988-06-29,0.1,27.31,22.52,33.1,nasa,0.44
1988-06-30,0.0,27.17,22.23,32.96,nasa,0.44
1988-07-01,0.0,27.63,22.82,33.2,nasa,0.44
1988-07-02,0.0,27.88,23.64,32.68,nasa,0.44
1988-07-03,0.0,28.58,22.28,35.2,nasa,0.44
1988-07-04,0.0,27.95,22.91,35.11,nasa,0.44
1988-07-05,0.0,27.44,22.68,33.36,nasa,0.44
1988-07-06,0.21,27.24,23.04,32.88,nasa,0.44
1988-07-07,1.89,27.37,22.58,33.78,nasa,0.44
1988-07-08,0.61,28.47,22.8,35.7,nasa,0.45
1988-07-09,0.0,28.49,23.23,34.65,nasa,0.45
1988-07-10,0.0,27.68,23.92,32.06,nasa,0.44
1988-07-11,0.0,26.76,23.17,32.54,nasa,0.44
1988-07-12,0.0,26.74,21.68,33.25,nasa,0.44
1988-07-13,0.0,27.22,23.33,31.62,nasa,0.44
1988-07-14,0.01,27.26,22.8,33.33,nasa,0.44
1988-07-15,0.02,27.2,22.74,33.3,nasa,0.44
1988-07-16,0.15,25.08,22.37,28.17,nasa,0.44
1988-07-17,0.01,26.01,21.16,30.6,nasa,0.44
1988-07-18,0.0,27.41,22.86,32.68,nasa,0.44
1988-07-19,0.0,26.21,23.52,28.85,nasa,0.44
1988-07-20,0.0,26.84,22.33,32.54,nasa,0.44
1988-07-21,0.0,26.45,22.65,31.54,nasa,0.44
1988-07-22,0.0,26.94,22.52,32.14,nasa,0.44
1988-07-23,0.0,26.7,22.94,31.62,nasa,0.44
1988-07-24,0.36,25.2,21.93,28.85,nasa,0.44
1988-07-25,0.68,26.15,20.71,32.05,nasa,0.44
1988-07-26,1.22,26.37,22.56,31.28,nasa,0.44
1988-07-27,0.01,27.77,22.29,33.52,nasa,0.45
1988-07-28,0.04,28.27,22.77,33.8,nasa,0.44
1988-07-29,0.0,28.12,23.44,33.34,nasa,0.44
1988-07-30,0.0,27.57,23.62,32.61,nasa,0.44
1988-07-31,0.05,26.32,23.54,30.05,nasa,0.44
1988-08-01,0.22,25.13,22.7,28.88,nasa,0.44
1988-08-02,0.12,25.25,22.34,30.49,nasa,0.44
1988-08-03,0.06,27.21,21.61,32.94,nasa,0.44
1988-08-04,0.92,27.44,22.64,32.98,nasa,0.44
1988-08-05,0.0,27.33,23.04,32.98,nasa,0.44
1988-08-06,0.0,27.85,23.22,33.25,nasa,0.44
1988-08-07,0.04,28.83,22.98,35.01,nasa,0.44
1988-08-08,2.4,28.19,23.1,34.41,nasa,0.44
1988-08-09,0.0,27.63,23.37,32.2,nasa,0.45
1988-08-10,0.0,28.4,23.64,33.8,nasa,0.45
1988-08-11,0.0,27.99,24.04,32.44,nasa,0.44
1988-08-12,0.0,27.99,23.2,33.52,nasa,0.44
1988-08-13,0.03,27.43,23.65,31.72,nasa,0.44
1988-08-14,0.22,27.01,23.41,31.53,nasa,0.44
1988-08-15,0.6,26.71,23.0,31.54,nasa,0.44
1988-08-16,3.21,25.87,22.03,31.1,nasa,0.45
1988-08-17,0.0,25.03,22.91,28.18,nasa,0.45
1988-08-18,0.0,26.63,22.16,33.05,nasa,0.45
1988-08-19,0.0,27.23,22.41,33.45,nasa,0.45
1988-08-20,0.01,27.45,23.02,34.86,nasa,0.45
1988-08-21,0.05,26.93,21.28,33.78,nasa,0.45
1988-08-22,0.0,27.33,21.15,34.28,nasa,0.45
1988-08-23,0.0,27.75,22.05,34.82,nasa,0.45
1988-08-24,0.06,26.49,22.18,31.94,nasa,0.44
1988-08-25,0.17,26.3,21.87,31.46,nasa,0.44
1988-08-26,0.0,26.6,21.35,33.9,nasa,0.44
1988-08-27,0.0,27.3,22.45,33.58,nasa,0.44
1988-08-28,0.0,27.65,22.81,33.99,nasa,0.44
1988-08-29,0.28,25.4,22.61,29.77,nasa,0.44
1988-08-30,1.72,25.68,21.76,30.79,nasa,0.44
1988-08-31,0.05,26.29,21.75,31.45,nasa,0.45
1988-09-01,0.0,28.34,21.19,36.73,nasa,0.45
1988-09-02,0.0,27.79,22.17,34.29,nasa,0.44
1988-09-03,0.09,28.66,22.96,34.37,nasa,0.44
1988-09-04,0.63,28.07,22.87,35.18,nasa,0.44
1988-09-05,0.0,27.72,21.91,33.51,nasa,0.44
1988-09-06,0.0,27.64,23.34,34.75,nasa,0.44
1988-09-07,0.0,27.84,22.47,34.7,nasa,0.44
1988-09-08,0.99,27.96,23.42,34.52,nasa,0.44
1988-09-09,6.03,25.45,21.12,32.56,nasa,0.45
1988-09-10,0.97,25.22,20.79,30.87,nasa,0.45
1988-09-11,0.57,27.22,21.39,34.42,nasa,0.45
1988-09-12,3.23,25.64,22.24,29.19,nasa,0.46
1988-09-13,1.32,26.73,21.01,33.48,nasa,0.46
1988-09-14,0.31,27.43,21.15,34.54,nasa,0.46
1988-09-15,0.9,24.78,22.16,28.95,nasa,0.46
1988-09-16,1.56,23.68,20.47,26.95,nasa,0.45
1988-09-17,4.0,24.12,19.82,30.33,nasa,0.46
1988-09-18,0.91,24.71,21.84,29.93,nasa,0.46
1988-09-19,0.01,25.32,21.83,30.14,nasa,0.46
1988-09-20,1.93,25.9,21.84,32.63,nasa,0.46
1988-09-21,5.21,24.24,20.8,29.09,nasa,0.47
1988-09-22,0.07,25.75,21.13,31.96,nasa,0.47
1988-09-23,0.83,24.8,22.01,28.84,nasa,0.46
1988-09-24,5.7,24.68,21.29,30.13,nasa,0.46
1988-09-25,3.48,24.15,21.95,28.0,nasa,0.47
1988-09-26,0.31,24.64,21.2,29.61,nasa,0.47
1988-09-27,1.27,24.24,20.73,29.16,nasa,0.47
1988-09-28,0.15,24.58,21.8,28.84,nasa,0.47
1988-09-29,0.56,24.6,21.07,28.79,nasa,0.47
1988-09-30,1.04,25.68,20.52,32.62,nasa,0.46
1988-10-01,0.89,25.7,21.37,31.22,nasa,0.46
1988-10-02,0.62,27.22,22.13,33.85,nasa,0.46
1988-10-03,8.04,25.52,22.01,30.9,nasa,0.46
1988-10-04,39.0,23.98,21.12,28.77,nasa,0.52
1988-10-05,1.6,22.7,20.24,25.82,nasa,0.54
1988-10-06,1.25,22.99,21.18,25.92,nasa,0.53
1988-10-07,1.58,23.33,21.12,26.29,nasa,0.53
1988-10-08,4.9,24.8,21.18,30.77,nasa,0.52
1988-10-09,3.6,23.08,19.87,27.58,nasa,0.52
1988-10-10,0.72,22.3,20.61,24.77,nasa,0.51
1988-10-11,1.26,24.37,20.63,30.04,nasa,0.51
1988-10-12,0.01,25.45,20.59,31.57,nasa,0.5
1988-10-13,0.24,25.81,21.16,31.94,nasa,0.49
1988-10-14,3.39,24.41,21.61,28.43,nasa,0.49
1988-10-15,17.39,22.6,20.85,25.93,nasa,0.51
1988-10-16,2.67,23.65,20.69,28.37,nasa,0.52
1988-10-17,2.07,23.51,21.18,27.55,nasa,0.51
1988-10-18,1.05,24.05,19.8,29.96,nasa,0.51
1988-10-19,0.19,23.32,20.25,27.68,nasa,0.5
1988-10-20,0.25,24.09,20.38,29.72,nasa,0.49
1988-10-21,1.95,24.28,19.17,31.33,nasa,0.49
1988-10-22,4.62,23.69,19.22,29.25,nasa,0.49
1988-10-23,1.23,23.93,20.99,28.86,nasa,0.49
1988-10-24,0.09,23.22,21.2,26.45,nasa,0.49
1988-10-25,0.05,24.88,20.05,31.09,nasa,0.49
1988-10-26,0.44,24.08,21.54,27.63,nasa,0.48
1988-10-27,0.41,24.42,21.08,29.53,nasa,0.48
1988-10-28,0.01,25.6,19.54,33.03,nasa,0.48
1988-10-29,0.0,25.23,20.45,32.4,nasa,0.48
1988-10-30,0.0,23.67,20.59,28.0,nasa,0.47
1988-10-31,0.66,24.75,18.97,31.87,nasa,0.47
1988-11-01,2.43,24.34,21.13,29.94,nasa,0.47
1988-11-02,0.07,24.7,21.3,30.4,nasa,0.47
1988-11-03,0.22,23.84,19.55,29.72,nasa,0.47
1988-11-04,0.0,22.87,18.74,29.7,nasa,0.47
1988-11-05,0.0,22.32,19.47,27.73,nasa,0.47
1988-11-06,0.36,21.59,19.41,24.39,nasa,0.47
1988-11-07,11.77,23.43,21.13,27.21,nasa,0.47
1988-11-08,34.72,22.12,19.73,26.52,nasa,0.53
1988-11-09,1.61,22.56,17.7,28.22,nasa,0.54
1988-11-10,5.29,21.79,16.2,28.21,nasa,0.54
1988-11-11,0.1,22.09,17.38,28.36,nasa,0.53
1988-11-12,0.02,22.95,16.16,29.98,nasa,0.52
1988-11-13,0.0,23.78,20.34,29.17,nasa,0.51
1988-11-14,0.0,24.36,19.69,31.08,nasa,0.5
1988-11-15,0.0,23.85,18.99,31.06,nasa,0.49
1988-11-16,0.0,23.08,18.81,29.24,nasa,0.49
1988-11-17,0.0,23.12,19.24,28.99,nasa,0.49
1988-11-18,0.04,23.31,19.89,28.4,nasa,0.48
1988-11-19,0.22,22.39,19.6,27.79,nasa,0.48
1988-11-20,0.09,21.73,19.31,25.27,nasa,0.48
1988-11-21,0.37,22.41,19.22,27.31,nasa,0.48
1988-11-22,0.02,23.79,19.42,30.49,nasa,0.48
1988-11-23,0.63,22.83,19.47,28.12,nasa,0.47
1988-11-24,6.67,22.01,18.71,28.34,nasa,0.48
1988-11-25,0.9,22.28,17.48,29.41,nasa,0.48
1988-11-26,17.31,21.6,18.52,27.98,nasa,0.49
1988-11-27,0.0,20.94,18.15,25.85,nasa,0.51
1988-11-28,0.0,20.0,17.29,24.19,nasa,0.5
1988-11-29,0.0,20.33,17.33,25.27,nasa,0.49
1988-11-30,0.0,20.47,17.3,25.82,nasa,0.49
1988-12-01,0.0,20.56,17.21,26.75,nasa,0.49
1988-12-02,0.0,20.65,16.34,27.05,nasa,0.48
1988-12-03,0.0,20.91,15.44,28.12,nasa,0.48
1988-12-04,0.0,22.11,18.22,28.68,nasa,0.48
1988-12-05,0.0,20.45,16.42,26.31,nasa,0.48
1988-12-06,0.01,20.23,15.08,27.97,nasa,0.47
1988-12-07,0.0,21.25,14.91,29.83,nasa,0.47
1988-12-08,0.0,21.29,15.68,29.15,nasa,0.47
1988-12-09,0.0,20.49,15.65,26.57,nasa,0.47
1988-12-10,0.0,20.26,16.57,25.54,nasa,0.47
1988-12-11,0.14,19.26,15.27,25.67,nasa,0.47
1988-12-12,0.7,18.75,14.16,26.06,nasa,0.47
1988-12-13,0.0,19.77,14.95,27.23,nasa,0.47
1988-12-14,0.0,18.64,14.11,25.76,nasa,0.46
1988-12-15,0.09,18.66,14.28,24.84,nasa,0.46
1988-12-16,0.27,18.94,15.85,24.11,nasa,0.46
1988-12-17,0.48,20.29,16.73,25.82,nasa,0.46
1988-12-18,3.09,20.18,17.09,25.86,nasa,0.46
1988-12-19,0.01,21.38,17.89,27.52,nasa,0.47
1988-12-20,0.0,22.02,17.25,29.44,nasa,0.46
1988-12-21,0.0,22.33,18.09,28.87,nasa,0.46
1988-12-22,0.21,22.0,18.44,27.85,nasa,0.46
1988-12-23,0.94,22.09,17.71,29.23,nasa,0.46
1988-12-24,0.0,22.12,17.19,29.59,nasa,0.46
1988-12-25,0.0,20.84,16.17,28.4,nasa,0.46
1988-12-26,0.0,19.93,15.49,27.15,nasa,0.46
1988-12-27,0.0,20.42,15.67,27.61,nasa,0.46
1988-12-28,0.01,20.77,16.02,27.49,nasa,0.46
1988-12-29,0.33,22.35,17.49,29.63,nasa,0.46
1988-12-30,0.32,22.78,18.57,29.26,nasa,0.46
1988-12-31,0.25,22.81,19.15,29.14,nasa,0.46
1989-01-01,0.0,22.2,18.6,27.89,nasa,0.46
1989-01-02,0.0,22.1,18.32,28.06,nasa,0.46
1989-01-03,0.0,22.91,19.02,28.86,nasa,0.46
1989-01-04,0.01,22.88,19.25,28.64,nasa,0.46
1989-01-05,0.04,23.02,19.28,28.81,nasa,0.46
1989-01-06,0.0,24.05,18.38,32.03,nasa,0.46
1989-01-07,0.0,24.88,18.1,33.43,nasa,0.46
1989-01-08,0.0,25.44,18.41,34.19,nasa,0.45
1989-01-09,0.0,25.02,18.54,33.6,nasa,0.45
1989-01-10,0.0,24.22,17.65,33.2,nasa,0.45
1989-01-11,0.0,23.83,16.27,32.69,nasa,0.45
1989-01-12,0.0,24.18,19.31,30.95,nasa,0.45
1989-01-13,0.0,24.05,19.5,30.66,nasa,0.45
1989-01-14,0.0,21.14,16.18,26.89,nasa,0.45
1989-01-15,0.0,20.43,15.52,27.7,nasa,0.45
1989-01-16,0.01,22.35,17.87,29.32,nasa,0.45
1989-01-17,0.0,22.89,18.93,29.44,nasa,0.45
1989-01-18,0.0,22.8,17.58,30.51,nasa,0.45
1989-01-19,0.0,23.03,17.53,30.81,nasa,0.45
1989-01-20,0.0,23.29,18.44,30.68,nasa,0.45
1989-01-21,0.0,23.36,18.79,30.58,nasa,0.45
1989-01-22,0.06,23.39,18.92,30.53,nasa,0.45
1989-01-23,0.25,22.0,17.47,28.39,nasa,0.45
1989-01-24,0.0,21.23,16.49,28.96,nasa,0.45
1989-01-25,0.0,21.86,15.48,30.7,nasa,0.45
1989-01-26,0.0,22.94,16.88,31.12,nasa,0.45
1989-01-27,0.75,22.41,17.85,29.37,nasa,0.45
1989-01-28,0.78,21.88,17.73,28.67,nasa,0.45
1989-01-29,0.02,21.48,17.62,28.53,nasa,0.45
1989-01-30,0.0,20.35,16.88,26.39,nasa,0.45
1989-01-31,0.0,21.2,16.45,28.54,nasa,0.45
1989-02-01,0.0,21.3,16.48,29.13,nasa,0.45
1989-02-02,0.0,21.37,16.92,28.7,nasa,0.45
1989-02-03,0.0,20.22,16.32,26.97,nasa,0.45
1989-02-04,0.0,20.35,15.78,27.65,nasa,0.45
1989-02-05,0.0,20.38,15.46,27.81,nasa,0.45
1989-02-06,0.0,20.52,15.27,28.51,nasa,0.45
1989-02-07,0.0,21.37,15.02,30.41,nasa,0.45
1989-02-08,0.0,22.05,14.26,31.52,nasa,0.45
1989-02-09,0.0,22.1,15.11,31.2,nasa,0.45
1989-02-10,0.0,20.67,16.21,27.88,nasa,0.45
1989-02-11,0.0,19.5,15.08,27.0,nasa,0.45
1989-02-12,0.0,19.26,14.3,27.14,nasa,0.45
1989-02-13,0.0,20.17,14.56,28.87,nasa,0.45
1989-02-14,0.0,20.8,14.36,29.97,nasa,0.45
1989-02-15,0.0,23.18,13.62,34.3,nasa,0.45
1989-02-16,0.0,24.45,15.55,33.99,nasa,0.45
1989-02-17,0.0,25.76,18.57,33.98,nasa,0.45
1989-02-18,0.0,25.59,17.53,34.42,nasa,0.45
1989-02-19,0.0,24.41,17.71,33.15,nasa,0.45
1989-02-20,0.03,23.37,17.79,32.12,nasa,0.45
1989-02-21,0.02,24.05,17.0,33.67,nasa,0.45
1989-02-22,1.77,22.87,19.43,28.47,nasa,0.45
1989-02-23,0.0,23.53,18.7,31.27,nasa,0.45
1989-02-24,0.0,23.11,17.22,31.55,nasa,0.45
1989-02-25,0.0,22.87,17.21,30.4,nasa,0.45
1989-02-26,0.01,23.2,18.41,30.91,nasa,0.45
1989-02-27,0.16,23.04,17.25,31.16,nasa,0.45
1989-02-28,0.99,23.63,18.44,31.05,nasa,0.45
1989-03-01,0.0,24.72,17.96,33.02,nasa,0.45
1989-03-02,0.0,25.03,18.09,33.43,nasa,0.45
1989-03-03,0.0,25.92,18.63,34.24,nasa,0.45
1989-03-04,0.01,26.28,18.81,34.73,nasa,0.45
1989-03-05,1.32,24.02,19.74,30.79,nasa,0.45
1989-03-06,0.66,23.38,18.69,30.65,nasa,0.45
1989-03-07,3.28,21.91,17.64,29.12,nasa,0.45
1989-03-08,0.0,21.62,17.64,28.34,nasa,0.45
1989-03-09,0.06,21.23,17.14,27.69,nasa,0.45
1989-03-10,0.35,21.19,17.06,28.17,nasa,0.45
1989-03-11,0.0,21.35,16.36,29.23,nasa,0.45
1989-03-12,0.0,22.63,14.75,32.13,nasa,0.45
1989-03-13,0.0,24.27,16.62,33.56,nasa,0.45
1989-03-14,0.0,24.56,18.18,32.66,nasa,0.45
1989-03-15,0.06,23.69,19.85,28.71,nasa,0.45
1989-03-16,7.18,23.91,20.03,30.45,nasa,0.45
1989-03-17,19.76,23.14,19.31,29.81,nasa,0.48
1989-03-18,9.18,22.65,19.78,28.69,nasa,0.5
1989-03-19,0.21,24.62,18.62,32.64,nasa,0.5
1989-03-20,0.76,24.62,19.22,31.62,nasa,0.49
1989-03-21,0.14,23.84,19.48,31.19,nasa,0.49
1989-03-22,0.0,24.51,18.95,31.63,nasa,0.48
1989-03-23,0.0,25.17,18.14,32.84,nasa,0.48
1989-03-24,0.0,26.18,18.81,33.69,nasa,0.47
1989-03-25,0.0,26.64,21.52,33.63,nasa,0.47
1989-03-26,0.0,25.55,22.15,31.1,nasa,0.47
1989-03-27,0.01,25.52,20.77,32.78,nasa,0.47
1989-03-28,0.04,24.04,19.02,31.76,nasa,0.46
1989-03-29,0.0,24.27,18.22,32.43,nasa,0.46
1989-03-30,0.0,24.03,18.39,30.49,nasa,0.46
1989-03-31,0.0,25.31,17.85,34.25,nasa,0.46
1989-04-01,0.0,25.55,20.17,32.1,nasa,0.46
1989-04-02,0.0,25.16,20.87,30.13,nasa,0.45
1989-04-03,0.0,26.87,20.99,34.37,nasa,0.45
1989-04-04,0.0,28.29,22.13,34.99,nasa,0.45
1989-04-05,0.0,28.28,21.61,34.85,nasa,0.45
1989-04-06,0.0,27.96,22.6,34.09,nasa,0.45
1989-04-07,0.0,28.48,22.54,35.62,nasa,0.45
1989-04-08,0.0,28.23,21.94,36.14,nasa,0.45
1989-04-09,0.0,26.96,18.32,35.92,nasa,0.45
1989-04-10,0.0,26.28,21.18,33.85,nasa,0.45
1989-04-11,0.0,25.66,19.73,33.51,nasa,0.45
1989-04-12,0.0,26.15,19.24,34.18,nasa,0.45
1989-04-13,0.0,27.93,19.69,37.23,nasa,0.45
1989-04-14,0.0,29.16,21.1,38.15,nasa,0.45
1989-04-15,0.0,26.39,21.98,30.66,nasa,0.45
1989-04-16,0.0,28.91,21.14,37.95,nasa,0.45
1989-04-17,0.0,27.25,21.47,34.91,nasa,0.45
1989-04-18,0.0,29.43,22.17,37.46,nasa,0.44
1989-04-19,0.0,30.01,23.0,38.0,nasa,0.44
1989-04-20,0.0,29.62,23.31,37.01,nasa,0.44
1989-04-21,0.0,30.44,23.05,38.05,nasa,0.44
1989-04-22,0.0,30.93,24.77,37.22,nasa,0.44
1989-04-23,0.0,29.76,24.8,36.06,nasa,0.44
1989-04-24,0.0,29.64,22.92,37.85,nasa,0.44
1989-04-25,0.17,29.68,22.67,37.66,nasa,0.44
1989-04-26,3.39,26.75,22.82,32.3,nasa,0.45
1989-04-27,10.0,26.69,21.41,34.08,nasa,0.46
1989-04-28,0.0,28.64,21.02,37.36,nasa,0.47
1989-04-29,0.0,28.82,21.57,37.28,nasa,0.46
1989-04-30,0.04,28.77,20.69,37.04,nasa,0.46
1989-05-01,0.29,29.08,22.49,37.04,nasa,0.46
1989-05-02,0.01,29.18,23.12,35.98,nasa,0.46
1989-05-03,0.05,27.98,23.35,34.27,nasa,0.45
1989-05-04,0.0,27.33,23.37,32.88,nasa,0.45
1989-05-05,1.62,25.93,22.39,31.7,nasa,0.45
1989-05-06,3.85,25.2,21.09,29.66,nasa,0.46
1989-05-07,2.45,26.74,22.15,33.1,nasa,0.46
1989-05-08,0.0,26.91,22.18,32.74,nasa,0.46
1989-05-09,0.0,28.86,22.29,37.3,nasa,0.46
1989-05-10,0.0,28.38,23.31,34.17,nasa,0.46
1989-05-11,0.23,27.91,23.68,33.19,nasa,0.46
1989-05-12,1.35,27.56,21.88,35.06,nasa,0.46
1989-05-13,0.28,26.93,21.51,34.29,nasa,0.46
1989-05-14,0.08,27.17,22.01,34.44,nasa,0.45
1989-05-15,0.01,26.05,21.86,32.2,nasa,0.45
1989-05-16,0.0,27.23,20.74,33.5,nasa,0.45
1989-05-17,0.0,28.29,22.65,34.71,nasa,0.45
1989-05-18,0.01,27.66,22.52,32.95,nasa,0.45
1989-05-19,7.39,26.21,22.99,29.91,nasa,0.45
1989-05-20,8.23,24.89,21.88,28.97,nasa,0.47
1989-05-21,0.14,26.77,22.1,33.45,nasa,0.48
1989-05-22,0.82,25.91,22.21,31.26,nasa,0.47
1989-05-23,1.7,25.55,22.29,29.76,nasa,0.47
1989-05-24,0.45,25.31,23.49,26.98,nasa,0.47
1989-05-25,0.66,26.25,23.27,30.62,nasa,0.47
1989-05-26,2.3,25.64,21.95,30.98,nasa,0.47
1989-05-27,0.0,26.36,21.56,32.08,nasa,0.47
1989-05-28,0.12,27.14,22.88,32.9,nasa,0.46
1989-05-29,0.74,27.08,22.43,32.87,nasa,0.46
1989-05-30,0.01,26.24,23.13,30.56,nasa,0.46
1989-05-31,0.01,25.13,22.8,28.22,nasa,0.46
1989-06-01,0.02,26.19,22.21,31.1,nasa,0.46
1989-06-02,0.0,26.41,21.77,32.99,nasa,0.46
1989-06-03,0.0,28.13,21.45,35.97,nasa,0.46
1989-06-04,0.01,25.43,23.33,27.94,nasa,0.46
1989-06-05,0.24,26.05,22.24,30.91,nasa,0.46
1989-06-06,0.0,26.24,22.68,30.89,nasa,0.45
1989-06-07,0.06,26.99,23.05,31.54,nasa,0.45
1989-06-08,1.14,25.07,22.77,28.54,nasa,0.45
1989-06-09,5.02,23.58,21.65,26.31,nasa,0.46
1989-06-10,0.81,25.14,20.66,30.58,nasa,0.46
1989-06-11,0.0,25.36,22.28,30.26,nasa,0.46
1989-06-12,0.43,25.89,21.48,31.47,nasa,0.46
1989-06-13,1.66,26.01,21.53,31.46,nasa,0.46
1989-06-14,0.0,26.58,22.39,33.15,nasa,0.46
1989-06-15,0.04,26.68,22.45,32.4,nasa,0.46
1989-06-16,0.15,25.97,22.48,30.29,nasa,0.46
1989-06-17,0.0,26.68,21.81,32.5,nasa,0.45
1989-06-18,0.05,27.26,22.36,32.96,nasa,0.45
1989-06-19,0.31,28.22,22.22,34.71,nasa,0.45
1989-06-20,0.0,27.13,23.62,31.84,nasa,0.45
1989-06-21,0.48,26.89,22.86,31.67,nasa,0.45
1989-06-22,5.99,25.59,22.0,30.46,nasa,0.45
1989-06-23,34.11,23.94,21.52,27.61,nasa,0.49
1989-06-24,7.63,23.06,21.12,26.31,nasa,0.53
1989-06-25,4.67,22.16,20.35,25.21,nasa,0.53
1989-06-26,4.52,22.92,19.38,28.1,nasa,0.53
1989-06-27,0.38,24.13,19.26,29.56,nasa,0.52
1989-06-28,0.35,25.58,21.27,30.84,nasa,0.51
1989-06-29,2.93,24.19,21.81,27.76,nasa,0.51
1989-06-30,0.0,24.96,21.42,29.49,nasa,0.5
1989-07-01,0.02,25.23,21.97,29.95,nasa,0.5
1989-07-02,0.02,26.05,20.84,32.45,nasa,0.49
1989-07-03,0.06,23.94,21.93,26.67,nasa,0.48
1989-07-04,0.24,24.51,20.96,29.48,nasa,0.48
1989-07-05,0.21,25.74,21.32,31.08,nasa,0.48
1989-07-06,0.0,26.19,21.32,32.68,nasa,0.48
1989-07-07,0.0,27.28,21.15,34.12,nasa,0.47
1989-07-08,0.0,27.17,22.2,33.1,nasa,0.47
1989-07-09,0.71,27.35,22.54,33.19,nasa,0.47
1989-07-10,7.83,23.54,21.51,26.0,nasa,0.47
1989-07-11,6.2,24.56,20.71,30.76,nasa,0.49
1989-07-12,4.68,24.14,21.05,28.78,nasa,0.49
1989-07-13,2.65,23.84,21.19,26.88,nasa,0.49
1989-07-14,0.07,25.57,20.1,32.5,nasa,0.49
1989-07-15,0.56,26.37,20.83,33.62,nasa,0.48
1989-07-16,7.83,24.16,21.95,27.74,nasa,0.48
1989-07-17,11.97,23.37,20.84,27.76,nasa,0.5
1989-07-18,0.03,25.06,21.37,29.98,nasa,0.5
1989-07-19,0.36,25.31,22.13,29.88,nasa,0.5
1989-07-20,1.1,24.46,21.39,29.35,nasa,0.49
1989-07-21,3.33,23.56,21.29,27.53,nasa,0.49
1989-07-22,2.88,22.73,20.71,26.46,nasa,0.49
1989-07-23,0.8,23.99,21.23,27.91,nasa,0.49
1989-07-24,0.01,25.82,21.5,31.34,nasa,0.48
1989-07-25,0.03,26.48,21.8,32.31,nasa,0.48
1989-07-26,0.97,26.71,21.74,33.36,nasa,0.47
1989-07-27,4.56,25.46,21.57,31.6,nasa,0.48
1989-07-28,0.05,26.03,21.38,31.79,nasa,0.48
1989-07-29,0.0,25.59,22.17,30.17,nasa,0.47
1989-07-30,0.06,25.27,22.22,29.53,nasa,0.47
1989-07-31,0.3,25.18,22.3,29.35,nasa,0.47
1989-08-01,0.54,25.68,21.06,31.42,nasa,0.47
1989-08-02,3.25,23.79,21.27,27.83,nasa,0.47
1989-08-03,2.6,23.04,20.47,26.23,nasa,0.47
1989-08-04,5.48,23.56,20.36,28.47,nasa,0.47
1989-08-05,0.08,25.15,21.44,29.91,nasa,0.48
1989-08-06,0.05,25.08,22.11,29.29,nasa,0.47
1989-08-07,0.14,25.27,22.14,29.23,nasa,0.47
1989-08-08,1.47,24.55,21.62,28.77,nasa,0.47
1989-08-09,2.98,24.04,21.36,28.46,nasa,0.47
1989-08-10,2.05,24.16,21.36,28.68,nasa,0.48
1989-08-11,4.38,23.27,20.95,27.04,nasa,0.48
1989-08-12,0.18,25.75,20.93,31.59,nasa,0.48
1989-08-13,0.2,25.36,22.16,29.64,nasa,0.48
1989-08-14,0.81,25.23,21.25,30.27,nasa,0.47
1989-08-15,1.44,24.77,20.7,30.32,nasa,0.47
1989-08-16,0.1,24.78,20.01,30.67,nasa,0.47
1989-08-17,1.42,24.86,20.83,30.1,nasa,0.47
1989-08-18,2.32,24.49,20.69,30.49,nasa,0.47
1989-08-19,3.55,23.6,20.37,28.08,nasa,0.47
1989-08-20,2.04,24.22,20.37,30.64,nasa,0.47
1989-08-21,0.67,23.92,21.54,27.33,nasa,0.47
1989-08-22,0.89,24.69,21.41,28.68,nasa,0.47
1989-08-23,3.98,23.17,20.26,28.94,nasa,0.47
1989-08-24,3.73,24.38,20.43,30.32,nasa,0.48
1989-08-25,1.46,25.82,20.93,32.37,nasa,0.48
1989-08-26,0.0,25.53,22.36,30.0,nasa,0.48
1989-08-27,0.52,25.7,21.41,30.97,nasa,0.47
1989-08-28,3.34,24.64,21.84,29.33,nasa,0.47
1989-08-29,0.0,25.22,21.54,30.41,nasa,0.48
1989-08-30,0.12,25.88,22.26,31.01,nasa,0.47
1989-08-31,1.02,25.34,21.97,30.47,nasa,0.47
1989-09-01,0.56,25.36,19.65,32.0,nasa,0.47
1989-09-02,0.0,26.24,20.48,33.26,nasa,0.47
1989-09-03,0.24,25.33,22.22,29.92,nasa,0.47
1989-09-04,2.78,24.13,20.45,30.0,nasa,0.47
1989-09-05,1.16,25.22,21.68,30.48,nasa,0.47
1989-09-06,6.37,23.26,20.68,27.67,nasa,0.47
1989-09-07,2.16,23.05,20.34,27.85,nasa,0.48
1989-09-08,5.49,24.13,19.9,29.83,nasa,0.48
1989-09-09,0.02,25.39,20.88,30.98,nasa,0.48
1989-09-10,0.36,24.73,22.01,29.11,nasa,0.48
1989-09-11,1.66,23.52,21.62,27.18,nasa,0.48
1989-09-12,5.63,23.5,20.25,27.95,nasa,0.48
1989-09-13,5.01,23.64,21.19,28.64,nasa,0.49
1989-09-14,1.76,23.37,21.18,26.64,nasa,0.49
1989-09-15,0.39,24.01,20.29,28.41,nasa,0.49
1989-09-16,3.73,23.86,20.98,27.7,nasa,0.49
1989-09-17,5.73,24.15,21.07,28.72,nasa,0.49
1989-09-18,6.59,24.28,20.83,28.8,nasa,0.5
1989-09-19,0.04,25.08,20.85,30.64,nasa,0.5
1989-09-20,0.29,24.89,21.43,29.65,nasa,0.5
1989-09-21,1.14,24.64,21.4,30.44,nasa,0.49
1989-09-22,0.71,25.38,20.4,32.9,nasa,0.49
1989-09-23,0.0,26.54,20.21,34.66,nasa,0.48
1989-09-24,0.0,24.85,21.28,29.87,nasa,0.48
1989-09-25,0.0,26.36,19.89,34.67,nasa,0.48
1989-09-26,0.25,26.08,21.01,31.8,nasa,0.47
1989-09-27,1.94,26.11,19.96,33.89,nasa,0.47
1989-09-28,5.34,24.56,20.42,31.01,nasa,0.47
1989-09-29,15.01,24.38,20.87,30.95,nasa,0.49
1989-09-30,2.43,24.72,20.15,31.19,nasa,0.5
1989-10-01,1.03,23.57,20.99,27.74,nasa,0.5
1989-10-02,0.44,24.98,20.87,30.73,nasa,0.49
1989-10-03,4.06,24.25,21.49,28.5,nasa,0.49
1989-10-04,1.44,24.18,21.12,29.0,nasa,0.49
1989-10-05,8.37,23.32,21.17,26.59,nasa,0.49
1989-10-06,23.71,23.48,20.15,28.84,nasa,0.53
1989-10-07,0.27,23.61,18.94,30.14,nasa,0.54
1989-10-08,1.13,23.65,17.71,30.79,nasa,0.53
1989-10-09,0.87,24.51,18.74,31.3,nasa,0.52
1989-10-10,1.09,24.97,20.29,30.92,nasa,0.51
1989-10-11,4.51,23.75,21.62,27.07,nasa,0.5
1989-10-12,19.52,22.67,21.02,25.22,nasa,0.53
1989-10-13,0.84,23.9,21.08,28.18,nasa,0.54
1989-10-14,2.68,23.44,21.1,27.02,nasa,0.53
1989-10-15,0.6,24.56,20.01,30.82,nasa,0.53
1989-10-16,2.16,22.92,20.14,28.24,nasa,0.52
1989-10-17,14.68,22.52,20.14,26.35,nasa,0.53
1989-10-18,28.02,22.78,19.77,27.19,nasa,0.56
1989-10-19,11.55,22.69,19.51,27.97,nasa,0.59
1989-10-20,0.37,22.21,18.55,27.86,nasa,0.58
1989-10-21,0.0,22.29,16.04,29.13,nasa,0.56
1989-10-22,0.08,23.36,17.39,29.98,nasa,0.54
1989-10-23,0.08,23.34,18.56,29.77,nasa,0.53
1989-10-24,0.0,23.42,18.22,30.16,nasa,0.52
1989-10-25,0.05,23.14,18.58,29.48,nasa,0.51
1989-10-26,0.43,23.11,18.35,29.12,nasa,0.5
1989-10-27,0.78,23.96,18.93,31.05,nasa,0.5
1989-10-28,0.12,24.1,18.77,31.52,nasa,0.49
1989-10-29,2.67,23.85,19.34,30.7,nasa,0.49
1989-10-30,13.55,22.1,18.54,28.91,nasa,0.51
1989-10-31,0.11,23.33,18.94,29.74,nasa,0.51
1989-11-01,0.19,23.39,19.18,29.49,nasa,0.5
1989-11-02,0.02,24.02,19.93,29.71,nasa,0.5
1989-11-03,0.18,24.65,19.23,31.68,nasa,0.49
1989-11-04,0.5,24.65,19.97,31.46,nasa,0.49
1989-11-05,0.21,25.12,19.82,32.5,nasa,0.49
1989-11-06,0.29,24.13,18.51,31.78,nasa,0.48
1989-11-07,26.68,22.94,19.4,28.75,nasa,0.5
1989-11-08,0.01,23.7,20.14,28.22,nasa,0.53
1989-11-09,0.0,23.49,18.93,29.57,nasa,0.52
1989-11-10,0.45,23.25,19.79,28.48,nasa,0.51
1989-11-11,8.89,22.74,19.83,27.81,nasa,0.51
1989-11-12,4.6,23.33,20.03,28.54,nasa,0.52
1989-11-13,0.23,23.85,20.28,29.53,nasa,0.52
1989-11-14,0.05,23.21,19.58,29.04,nasa,0.51
1989-11-15,2.43,23.13,19.49,28.71,nasa,0.5
1989-11-16,2.06,22.53,18.81,27.88,nasa,0.5
1989-11-17,2.63,21.42,18.05,27.48,nasa,0.5
1989-11-18,0.0,20.98,17.28,26.71,nasa,0.5
1989-11-19,0.03,21.53,18.04,27.38,nasa,0.49
1989-11-20,0.18,21.26,17.43,27.66,nasa,0.49
1989-11-21,0.07,20.77,16.04,27.62,nasa,0.49
1989-11-22,0.03,21.39,16.27,28.81,nasa,0.49
1989-11-23,0.0,21.36,15.85,28.68,nasa,0.48
1989-11-24,0.0,21.63,16.28,28.8,nasa,0.48
1989-11-25,0.0,23.22,17.97,30.13,nasa,0.48
1989-11-26,0.01,24.31,19.1,31.43,nasa,0.48
1989-11-27,0.41,24.14,19.47,31.11,nasa,0.48
1989-11-28,4.69,22.28,18.87,28.39,nasa,0.48
1989-11-29,2.81,20.87,17.87,26.4,nasa,0.48
1989-11-30,0.1,20.6,17.85,25.76,nasa,0.48
1989-12-01,0.5,20.03,16.78,25.14,nasa,0.48
1989-12-02,0.0,19.27,15.86,24.19,nasa,0.48
1989-12-03,0.0,19.61,14.81,26.64,nasa,0.48
1989-12-04,0.0,20.17,14.34,28.27,nasa,0.48
1989-12-05,0.0,20.41,14.14,28.81,nasa,0.48
1989-12-06,0.0,20.66,14.42,29.25,nasa,0.47
1989-12-07,0.0,20.66,14.0,29.36,nasa,0.47
1989-12-08,0.0,20.1,15.51,27.08,nasa,0.47
1989-12-09,0.0,20.86,16.32,27.94,nasa,0.47
1989-12-10,0.17,21.86,15.99,29.55,nasa,0.47
1989-12-11,3.01,21.59,18.12,27.95,nasa,0.47
1989-12-12,0.03,21.15,17.5,27.23,nasa,0.47
1989-12-13,0.0,20.59,16.98,26.49,nasa,0.47
1989-12-14,0.03,19.64,16.38,24.63,nasa,0.47
1989-12-15,0.18,19.33,15.7,25.44,nasa,0.47
1989-12-16,0.47,19.97,15.24,27.09,nasa,0.47
1989-12-17,1.07,20.52,16.02,27.96,nasa,0.47
1989-12-18,0.0,21.26,16.31,28.71,nasa,0.47
1989-12-19,0.0,21.22,17.27,28.19,nasa,0.47
1989-12-20,0.0,22.44,17.04,29.58,nasa,0.47
1989-12-21,0.0,23.53,19.18,30.11,nasa,0.47
1989-12-22,0.07,23.61,19.18,30.17,nasa,0.47
1989-12-23,0.09,23.5,18.17,30.64,nasa,0.47
1989-12-24,0.72,23.49,18.9,30.88,nasa,0.46
1989-12-25,0.0,23.46,18.46,30.85,nasa,0.46
1989-12-26,0.0,22.58,16.92,30.3,nasa,0.46
1989-12-27,0.0,21.85,16.95,29.2,nasa,0.46
1989-12-28,0.0,22.43,16.76,30.7,nasa,0.46
1989-12-29,0.0,22.25,14.47,31.78,nasa,0.46
1989-12-30,0.0,22.17,16.66,30.27,nasa,0.46
1989-12-31,0.0,22.43,17.28,30.5,nasa,0.46
1990-01-01,0.0,22.48,16.18,31.1,nasa,0.46
1990-01-02,0.0,22.44,16.23,30.75,nasa,0.46
1990-01-03,0.04,22.11,17.49,29.13,nasa,0.46
1990-01-04,0.01,22.03,18.13,28.74,nasa,0.46
1990-01-05,0.0,21.8,17.36,29.0,nasa,0.46
1990-01-06,0.0,21.34,16.52,28.45,nasa,0.46
1990-01-07,0.03,22.04,18.09,28.68,nasa,0.46
1990-01-08,0.01,23.05,17.61,30.84,nasa,0.46
1990-01-09,0.0,24.25,17.8,32.59,nasa,0.46
1990-01-10,0.0,24.4,17.9,32.8,nasa,0.46
1990-01-11,0.0,23.79,18.52,31.03,nasa,0.46
1990-01-12,0.0,24.04,20.07,30.52,nasa,0.46
1990-01-13,0.0,23.85,19.31,30.86,nasa,0.46
1990-01-14,0.0,24.4,19.57,32.02,nasa,0.46
1990-01-15,0.0,24.18,18.22,32.79,nasa,0.46
1990-01-16,0.0,23.01,17.42,30.31,nasa,0.45
1990-01-17,0.0,23.44,19.13,30.5,nasa,0.45
1990-01-18,0.0,23.76,17.26,32.59,nasa,0.45
1990-01-19,0.0,23.61,16.9,32.29,nasa,0.45
1990-01-20,0.0,22.16,17.83,28.65,nasa,0.45
1990-01-21,0.0,22.19,17.95,28.73,nasa,0.45
1990-01-22,0.0,22.15,17.88,28.96,nasa,0.45
1990-01-23,0.0,21.07,16.04,27.64,nasa,0.45
1990-01-24,0.0,19.61,15.05,26.5,nasa,0.45
1990-01-25,0.0,20.72,15.12,28.6,nasa,0.45
1990-01-26,0.0,21.48,16.76,28.8,nasa,0.45
1990-01-27,0.01,21.18,17.05,28.04,nasa,0.45
1990-01-28,0.0,21.45,15.92,29.32,nasa,0.45
1990-01-29,0.0,22.33,15.38,31.44,nasa,0.45
1990-01-30,0.0,23.21,15.29,32.89,nasa,0.45
1990-01-31,0.0,22.78,15.91,32.05,nasa,0.45
1990-02-01,0.0,20.8,16.2,27.93,nasa,0.45
1990-02-02,0.0,21.76,15.57,30.26,nasa,0.45
1990-02-03,0.0,22.49,16.47,30.86,nasa,0.45
1990-02-04,0.0,22.25,17.08,30.06,nasa,0.45
1990-02-05,0.0,22.54,17.53,30.3,nasa,0.45
1990-02-06,0.0,22.61,18.47,28.93,nasa,0.45
1990-02-07,0.0,22.57,19.12,28.56,nasa,0.45
1990-02-08,0.0,22.89,18.38,29.96,nasa,0.45
1990-02-09,0.0,22.6,18.24,29.74,nasa,0.45
1990-02-10,0.0,23.63,17.93,31.58,nasa,0.45
1990-02-11,0.0,23.03,18.53,29.88,nasa,0.45
1990-02-12,0.0,23.32,18.15,30.96,nasa,0.45
1990-02-13,0.0,23.99,17.25,32.88,nasa,0.45
1990-02-14,0.0,24.72,16.34,34.24,nasa,0.45
1990-02-15,0.35,25.26,17.63,34.38,nasa,0.45
1990-02-16,0.0,25.84,18.01,34.85,nasa,0.45
1990-02-17,0.0,26.41,19.19,35.21,nasa,0.45
1990-02-18,0.0,26.89,20.1,35.17,nasa,0.45
1990-02-19,0.0,26.17,19.45,34.82,nasa,0.45
1990-02-20,0.0,26.4,18.83,35.18,nasa,0.45
1990-02-21,0.0,26.65,19.12,35.99,nasa,0.45
1990-02-22,0.0,26.79,18.63,35.89,nasa,0.45
1990-02-23,0.0,27.38,21.09,36.0,nasa,0.45
1990-02-24,0.0,26.11,18.87,35.09,nasa,0.45
1990-02-25,0.0,25.43,19.02,34.46,nasa,0.45
1990-02-26,0.0,25.92,19.06,34.62,nasa,0.45
1990-02-27,0.0,26.37,19.7,34.54,nasa,0.45
1990-02-28,0.0,26.58,19.6,34.98,nasa,0.45
1990-03-01,0.0,25.54,19.02,33.64,nasa,0.45
1990-03-02,0.0,25.12,19.71,31.88,nasa,0.45
1990-03-03,0.0,25.27,19.06,33.65,nasa,0.45
1990-03-04,0.0,25.22,18.44,34.34,nasa,0.45
1990-03-05,0.0,24.87,17.67,33.82,nasa,0.45
1990-03-06,0.0,24.72,19.51,32.44,nasa,0.45
1990-03-07,0.0,24.5,19.38,32.96,nasa,0.45
1990-03-08,0.04,23.93,18.89,31.53,nasa,0.45
1990-03-09,0.13,24.15,19.63,30.73,nasa,0.45
1990-03-10,0.0,24.51,18.6,32.13,nasa,0.45
1990-03-11,0.0,25.73,19.57,34.48,nasa,0.45
1990-03-12,0.0,25.59,18.38,34.69,nasa,0.45
1990-03-13,0.0,25.7,19.38,34.55,nasa,0.45
1990-03-14,0.01,25.81,19.18,34.56,nasa,0.45
1990-03-15,0.07,25.68,18.75,34.68,nasa,0.45
1990-03-16,0.0,25.03,19.12,33.69,nasa,0.45
1990-03-17,0.0,24.28,18.82,32.08,nasa,0.45
1990-03-18,0.05,23.76,18.72,31.3,nasa,0.45
1990-03-19,0.7,23.72,18.39,31.2,nasa,0.45
1990-03-20,0.0,24.42,18.73,31.73,nasa,0.45
1990-03-21,0.0,26.21,19.21,33.93,nasa,0.45
1990-03-22,0.0,27.34,20.51,35.06,nasa,0.45
1990-03-23,0.0,25.33,21.88,31.25,nasa,0.45
1990-03-24,0.0,28.21,19.65,36.79,nasa,0.45
1990-03-25,0.0,29.21,23.33,36.29,nasa,0.45
1990-03-26,0.0,28.28,23.52,35.22,nasa,0.45
1990-03-27,0.0,27.96,20.39,36.94,nasa,0.45
1990-03-28,0.0,28.27,20.44,37.74,nasa,0.45
1990-03-29,0.0,28.29,20.33,37.68,nasa,0.44
1990-03-30,0.0,27.67,19.88,36.8,nasa,0.44
1990-03-31,0.0,28.69,21.19,37.52,nasa,0.44
1990-04-01,0.0,29.44,21.29,38.03,nasa,0.44
1990-04-02,0.0,30.0,23.19,37.91,nasa,0.44
1990-04-03,0.0,30.59,22.87,39.11,nasa,0.44
1990-04-04,0.0,28.64,21.77,37.42,nasa,0.44
1990-04-05,0.0,25.83,20.47,33.56,nasa,0.44
1990-04-06,0.0,25.26,20.9,30.72,nasa,0.44
1990-04-07,0.0,26.25,22.42,32.03,nasa,0.44
1990-04-08,0.0,26.54,21.55,33.85,nasa,0.44
1990-04-09,0.0,27.4,20.85,35.43,nasa,0.44
1990-04-10,0.0,29.14,21.79,37.79,nasa,0.44
1990-04-11,0.0,29.51,23.3,36.15,nasa,0.44
1990-04-12,0.08,28.72,24.47,34.2,nasa,0.44
1990-04-13,1.96,26.31,23.08,30.54,nasa,0.45
1990-04-14,0.04,28.26,21.31,35.83,nasa,0.45
1990-04-15,0.17,26.16,23.74,29.02,nasa,0.45
1990-04-16,4.76,26.31,22.1,31.83,nasa,0.45
1990-04-17,0.14,28.26,22.51,34.84,nasa,0.46
1990-04-18,0.0,28.99,23.05,35.69,nasa,0.45
1990-04-19,0.0,29.44,23.62,35.99,nasa,0.45
1990-04-20,0.0,28.87,24.4,34.29,nasa,0.45
1990-04-21,0.0,26.68,23.68,30.02,nasa,0.45
1990-04-22,0.0,29.57,22.86,36.62,nasa,0.45
1990-04-23,0.11,29.84,23.9,36.51,nasa,0.45
1990-04-24,2.37,28.41,24.21,34.51,nasa,0.45
1990-04-25,0.0,28.45,21.82,36.6,nasa,0.45
1990-04-26,0.0,27.34,20.81,35.2,nasa,0.45
1990-04-27,0.0,26.33,22.78,31.2,nasa,0.45
1990-04-28,0.16,27.15,22.19,34.15,nasa,0.45
1990-04-29,0.05,26.75,21.09,33.45,nasa,0.45
1990-04-30,0.0,27.52,20.94,36.21,nasa,0.45
1990-05-01,0.0,28.1,19.54,37.54,nasa,0.45
1990-05-02,0.0,29.0,20.82,37.96,nasa,0.45
1990-05-03,0.0,29.6,21.85,38.54,nasa,0.45
1990-05-04,0.0,28.96,22.06,36.9,nasa,0.44
1990-05-05,0.0,27.92,21.56,35.86,nasa,0.44
1990-05-06,0.0,28.16,21.02,36.33,nasa,0.44
1990-05-07,0.0,28.85,21.42,37.44,nasa,0.44
1990-05-08,0.06,29.13,23.0,37.35,nasa,0.44
1990-05-09,0.02,28.46,23.19,36.17,nasa,0.44
1990-05-10,0.05,28.96,22.58,36.57,nasa,0.44
1990-05-11,0.25,27.45,24.34,31.93,nasa,0.44
1990-05-12,0.1,28.39,22.99,36.17,nasa,0.44
1990-05-13,0.0,27.22,22.45,32.65,nasa,0.44
1990-05-14,0.0,28.04,22.51,34.79,nasa,0.44
1990-05-15,0.06,29.1,22.67,36.64,nasa,0.44
1990-05-16,4.47,27.87,23.08,33.97,nasa,0.45
1990-05-17,0.76,28.19,23.72,33.97,nasa,0.45
1990-05-18,5.37,27.33,23.39,34.07,nasa,0.45
1990-05-19,7.05,26.68,22.29,33.72,nasa,0.46
1990-05-20,3.48,25.4,22.98,29.72,nasa,0.47
1990-05-21,0.73,27.15,22.4,33.54,nasa,0.47
1990-05-22,0.1,27.33,22.32,33.26,nasa,0.47
1990-05-23,2.18,26.57,23.2,31.61,nasa,0.47
1990-05-24,9.5,23.94,22.19,26.93,nasa,0.47
1990-05-25,3.68,24.48,21.78,28.91,nasa,0.48
1990-05-26,1.09,24.87,21.68,29.32,nasa,0.48
1990-05-27,0.5,25.51,21.6,29.89,nasa,0.48
1990-05-28,2.41,26.04,21.71,31.9,nasa,0.48
1990-05-29,0.97,26.04,22.33,30.65,nasa,0.48
1990-05-30,0.51,26.56,22.57,31.82,nasa,0.47
1990-05-31,0.0,27.1,22.36,32.32,nasa,0.47
1990-06-01,0.14,27.06,22.85,32.5,nasa,0.47
1990-06-02,1.93,25.65,22.96,29.93,nasa,0.47
1990-06-03,1.45,24.91,21.75,28.96,nasa,0.47
1990-06-04,0.9,25.29,22.46,29.26,nasa,0.47
1990-06-05,3.91,25.63,22.13,30.68,nasa,0.47
1990-06-06,10.67,24.58,21.93,29.07,nasa,0.48
1990-06-07,1.24,25.21,21.81,30.61,nasa,0.49
1990-06-08,9.56,25.28,21.17,31.21,nasa,0.49
1990-06-09,2.62,24.88,21.8,29.52,nasa,0.5
1990-06-10,3.54,24.67,21.95,29.16,nasa,0.49
1990-06-11,0.9,24.78,21.63,28.99,nasa,0.49
1990-06-12,0.95,24.32,21.71,28.21,nasa,0.49
1990-06-13,4.51,22.91,21.36,25.54,nasa,0.49
1990-06-14,13.27,23.79,21.34,27.51,nasa,0.49
1990-06-15,55.18,22.62,21.46,24.74,nasa,0.55
1990-06-16,6.32,21.54,20.42,22.63,nasa,0.6
1990-06-17,0.91,22.62,20.55,25.89,nasa,0.59
1990-06-18,0.04,24.06,21.23,27.86,nasa,0.57
1990-06-19,0.62,24.87,21.82,29.15,nasa,0.55
1990-06-20,3.81,23.1,21.26,25.82,nasa,0.54
1990-06-21,3.73,23.28,21.25,26.29,nasa,0.54
1990-06-22,3.15,23.78,21.49,27.66,nasa,0.53
1990-06-23,6.03,24.11,21.22,29.12,nasa,0.53
1990-06-24,0.7,24.49,21.8,28.57,nasa,0.53
1990-06-25,7.14,24.22,21.64,28.26,nasa,0.52
1990-06-26,1.09,24.24,20.69,29.68,nasa,0.53
1990-06-27,0.63,24.01,21.6,27.92,nasa,0.52
1990-06-28,0.15,23.9,20.34,28.88,nasa,0.51
1990-06-29,0.0,25.23,20.34,30.88,nasa,0.5
1990-06-30,0.27,25.24,21.6,30.13,nasa,0.5
1990-07-01,2.28,23.72,21.72,26.83,nasa,0.5
1990-07-02,0.0,24.7,22.0,28.87,nasa,0.49
1990-07-03,0.0,26.01,21.02,32.08,nasa,0.49
1990-07-04,0.02,26.43,21.71,31.94,nasa,0.49
1990-07-05,0.5,25.53,22.27,30.36,nasa,0.48
1990-07-06,0.0,25.93,21.81,31.24,nasa,0.48
1990-07-07,0.03,25.72,21.08,31.83,nasa,0.48
1990-07-08,0.47,26.18,21.37,32.03,nasa,0.48
1990-07-09,1.41,25.9,22.56,30.58,nasa,0.47
1990-07-10,0.45,26.28,21.96,31.84,nasa,0.47
1990-07-11,0.81,25.53,21.88,30.05,nasa,0.47
1990-07-12,0.53,25.93,22.05,31.16,nasa,0.47
1990-07-13,8.36,25.05,21.5,30.24,nasa,0.47
1990-07-14,0.51,24.52,21.58,29.12,nasa,0.48
1990-07-15,0.0,25.26,21.14,30.51,nasa,0.48
1990-07-16,0.57,24.65,21.99,29.04,nasa,0.48
1990-07-17,3.74,23.99,21.3,29.15,nasa,0.48
1990-07-18,8.74,23.78,20.46,29.32,nasa,0.48
1990-07-19,12.41,23.93,20.56,29.36,nasa,0.5
1990-07-20,9.35,23.36,20.89,26.86,nasa,0.51
1990-07-21,16.0,22.57,20.52,25.98,nasa,0.54
1990-07-22,7.69,22.03,20.33,25.77,nasa,0.55
1990-07-23,2.29,23.76,19.95,29.26,nasa,0.55
1990-07-24,0.0,24.6,20.93,29.3,nasa,0.54
1990-07-25,0.0,24.48,21.69,28.31,nasa,0.53
1990-07-26,0.4,24.72,21.77,28.61,nasa,0.52
1990-07-27,2.93,24.61,21.89,28.71,nasa,0.51
1990-07-28,0.19,24.78,22.13,28.51,nasa,0.51
1990-07-29,0.43,24.81,21.94,28.96,nasa,0.51
1990-07-30,3.75,23.86,21.4,27.94,nasa,0.5
1990-07-31,2.77,24.31,20.81,28.84,nasa,0.51
1990-08-01,0.91,25.18,21.17,30.55,nasa,0.5
1990-08-02,1.01,24.92,22.19,28.78,nasa,0.5
1990-08-03,12.39,24.56,21.47,29.49,nasa,0.51
1990-08-04,12.05,23.72,21.27,27.47,nasa,0.52
1990-08-05,0.71,24.43,21.23,28.91,nasa,0.53
1990-08-06,2.51,23.94,21.25,28.25,nasa,0.52
1990-08-07,0.0,24.37,20.96,29.03,nasa,0.52
1990-08-08,0.0,25.43,21.45,31.37,nasa,0.51
1990-08-09,0.42,25.35,21.74,31.08,nasa,0.51
1990-08-10,2.54,24.75,20.31,30.12,nasa,0.5
1990-08-11,0.32,24.57,22.16,28.6,nasa,0.5
1990-08-12,4.23,23.0,21.09,25.44,nasa,0.5
1990-08-13,8.22,23.12,20.44,27.64,nasa,0.5
1990-08-14,24.89,22.68,20.63,26.08,nasa,0.54
1990-08-15,14.3,22.98,21.1,26.88,nasa,0.56
1990-08-16,17.38,22.05,20.64,24.26,nasa,0.59
1990-08-17,8.01,21.93,20.17,24.76,nasa,0.6
1990-08-18,0.84,22.9,20.41,26.0,nasa,0.59
1990-08-19,4.41,23.12,20.9,26.56,nasa,0.58
1990-08-20,1.56,23.24,20.44,26.97,nasa,0.57
1990-08-21,0.1,23.31,20.48,28.09,nasa,0.56
1990-08-22,2.32,23.98,20.37,28.83,nasa,0.54
1990-08-23,24.63,23.38,21.18,25.77,nasa,0.57
1990-08-24,2.34,24.28,21.72,28.45,nasa,0.58
1990-08-25,5.02,22.75,20.12,26.43,nasa,0.57
1990-08-26,0.34,23.25,20.25,27.36,nasa,0.56
1990-08-27,8.03,22.62,19.91,26.46,nasa,0.56
1990-08-28,4.58,22.39,21.0,24.72,nasa,0.56
1990-08-29,0.71,24.71,22.28,28.5,nasa,0.56
1990-08-30,0.25,24.95,21.79,29.12,nasa,0.54
1990-08-31,1.49,24.77,21.74,29.46,nasa,0.54
1990-09-01,0.19,25.0,21.37,30.0,nasa,0.53
1990-09-02,4.69,24.12,21.72,27.59,nasa,0.53
1990-09-03,10.02,23.36,21.5,26.28,nasa,0.54
1990-09-04,15.25,23.06,20.29,27.14,nasa,0.56
1990-09-05,0.19,23.75,19.94,28.76,nasa,0.56
1990-09-06,0.03,22.76,20.6,25.12,nasa,0.55
1990-09-07,0.82,24.21,20.72,28.75,nasa,0.54
1990-09-08,3.3,24.11,21.73,28.08,nasa,0.54
1990-09-09,2.33,23.68,21.47,27.36,nasa,0.54
1990-09-10,0.03,24.1,20.78,28.45,nasa,0.54
1990-09-11,4.38,24.27,21.05,28.82,nasa,0.53
1990-09-12,22.25,22.78,21.08,25.87,nasa,0.56
1990-09-13,0.0,24.5,20.28,30.08,nasa,0.57
1990-09-14,0.94,25.22,20.13,30.58,nasa,0.55
1990-09-15,3.34,23.78,21.85,26.95,nasa,0.55
1990-09-16,13.7,22.95,21.27,25.73,nasa,0.55
1990-09-17,26.36,23.02,21.13,26.18,nasa,0.59
1990-09-18,18.87,23.02,21.46,25.38,nasa,0.63
1990-09-19,0.39,24.42,21.6,28.66,nasa,0.62
1990-09-20,0.01,24.22,21.06,28.16,nasa,0.6
1990-09-21,0.09,24.93,21.21,30.2,nasa,0.59
1990-09-22,0.99,24.78,20.67,30.74,nasa,0.58
1990-09-23,3.16,23.99,19.2,29.85,nasa,0.57
1990-09-24,1.36,24.29,20.14,29.56,nasa,0.56
1990-09-25,10.73,23.35,20.1,28.23,nasa,0.56
1990-09-26,6.11,23.7,19.16,30.15,nasa,0.57
1990-09-27,3.16,24.37,19.24,30.96,nasa,0.57
1990-09-28,21.25,23.88,20.68,29.33,nasa,0.57
1990-09-29,19.94,22.33,19.53,27.59,nasa,0.61
1990-09-30,1.21,22.73,18.82,28.29,nasa,0.61
1990-10-01,3.43,21.91,19.13,26.03,nasa,0.6
1990-10-02,37.72,21.74,18.73,26.06,nasa,0.62
1990-10-03,24.66,21.87,19.37,25.93,nasa,0.67
1990-10-04,6.93,23.17,19.88,27.9,nasa,0.68
1990-10-05,3.12,22.66,20.22,25.99,nasa,0.66
1990-10-06,0.05,23.36,20.37,27.37,nasa,0.65
1990-10-07,2.94,23.62,20.93,27.36,nasa,0.63
1990-10-08,8.54,23.36,20.47,28.02,nasa,0.63
1990-10-09,0.2,22.93,18.91,28.64,nasa,0.62
1990-10-10,2.92,22.61,18.37,28.58,nasa,0.6
1990-10-11,5.96,23.15,20.64,27.47,nasa,0.6
1990-10-12,2.73,22.96,20.0,28.13,nasa,0.6
1990-10-13,3.52,21.95,19.57,24.88,nasa,0.59
1990-10-14,12.99,22.21,20.09,24.45,nasa,0.61
1990-10-15,10.98,23.14,20.78,26.59,nasa,0.62
1990-10-16,7.63,22.83,20.56,26.91,nasa,0.63
1990-10-17,10.5,22.6,19.8,26.13,nasa,0.63
1990-10-18,21.01,23.64,20.41,28.03,nasa,0.65
1990-10-19,4.94,22.83,21.28,24.88,nasa,0.66
1990-10-20,0.84,24.07,19.73,29.21,nasa,0.65
1990-10-21,5.21,24.3,20.49,29.9,nasa,0.63
1990-10-22,8.37,22.93,19.51,27.27,nasa,0.63
1990-10-23,4.21,23.31,20.15,28.31,nasa,0.63
1990-10-24,7.41,23.13,19.16,28.77,nasa,0.63
1990-10-25,14.27,21.91,19.49,25.88,nasa,0.63
1990-10-26,12.49,22.34,19.16,26.96,nasa,0.65
1990-10-27,4.74,22.62,20.29,26.62,nasa,0.65
1990-10-28,2.31,22.54,19.89,27.19,nasa,0.64
1990-10-29,6.14,22.14,19.63,26.7,nasa,0.63
1990-10-30,2.17,22.68,19.9,27.32,nasa,0.63
1990-10-31,0.68,23.21,19.95,28.31,nasa,0.62
1990-11-01,0.54,23.25,19.56,28.68,nasa,0.61
1990-11-02,0.09,23.73,19.19,29.71,nasa,0.6
1990-11-03,0.04,24.06,19.95,29.03,nasa,0.59
1990-11-04,1.84,24.68,20.58,30.18,nasa,0.59
1990-11-05,4.66,23.62,21.68,27.3,nasa,0.59
1990-11-06,3.17,23.25,20.6,26.43,nasa,0.59
1990-11-07,0.63,23.91,21.26,28.54,nasa,0.59
1990-11-08,1.25,24.03,21.01,28.69,nasa,0.59
1990-11-09,12.91,22.89,19.57,28.13,nasa,0.59
1990-11-10,4.82,20.43,17.42,23.52,nasa,0.61
1990-11-11,17.03,18.94,16.64,21.4,nasa,0.63
1990-11-12,50.15,19.94,18.02,22.04,nasa,0.67
1990-11-13,1.16,21.63,19.8,24.51,nasa,0.7
1990-11-14,3.66,21.08,19.05,25.44,nasa,0.68
1990-11-15,17.9,19.33,17.95,20.96,nasa,0.69
1990-11-16,2.83,21.72,19.0,25.99,nasa,0.68
1990-11-17,0.0,22.62,18.89,27.43,nasa,0.66
1990-11-18,0.0,23.45,20.17,28.48,nasa,0.65
1990-11-19,0.01,22.38,18.95,27.83,nasa,0.64
1990-11-20,1.24,21.82,18.41,26.22,nasa,0.63
1990-11-21,0.58,22.8,19.65,27.67,nasa,0.62
1990-11-22,0.29,22.14,19.2,26.56,nasa,0.62
1990-11-23,0.12,22.1,19.68,26.49,nasa,0.61
1990-11-24,0.0,21.26,18.68,25.66,nasa,0.6
1990-11-25,0.09,21.09,18.1,26.09,nasa,0.6
1990-11-26,0.78,20.71,17.22,26.05,nasa,0.59
1990-11-27,2.86,20.41,16.8,26.36,nasa,0.59
1990-11-28,2.31,20.27,16.57,25.77,nasa,0.59
1990-11-29,2.4,19.31,15.03,25.4,nasa,0.59
1990-11-30,1.86,18.93,15.51,24.49,nasa,0.59
1990-12-01,0.09,18.12,15.54,22.57,nasa,0.59
1990-12-02,0.21,17.97,14.39,23.48,nasa,0.59
1990-12-03,1.51,19.52,15.81,24.08,nasa,0.58
1990-12-04,4.22,19.28,16.44,23.68,nasa,0.59
1990-12-05,0.01,18.77,16.11,23.48,nasa,0.58
1990-12-06,0.15,20.18,16.56,25.69,nasa,0.58
1990-12-07,0.34,21.51,18.22,26.83,nasa,0.58
1990-12-08,0.39,21.95,18.63,27.43,nasa,0.57
1990-12-09,0.82,21.87,19.04,26.84,nasa,0.57
1990-12-10,0.65,21.89,19.14,26.63,nasa,0.57
1990-12-11,2.28,21.53,18.49,26.54,nasa,0.57
1990-12-12,0.01,20.99,18.43,24.66,nasa,0.57
1990-12-13,1.02,21.96,17.99,27.81,nasa,0.57
1990-12-14,2.71,21.48,18.39,26.69,nasa,0.57
1990-12-15,0.02,21.74,18.64,27.22,nasa,0.57
1990-12-16,0.37,21.67,18.74,26.6,nasa,0.56
1990-12-17,3.15,21.67,18.59,26.97,nasa,0.56
1990-12-18,0.13,22.3,19.08,27.62,nasa,0.56
1990-12-19,0.06,22.18,18.9,27.63,nasa,0.56
1990-12-20,0.02,21.92,17.67,28.1,nasa,0.55
1990-12-21,0.36,20.94,16.29,26.91,nasa,0.55
1990-12-22,0.94,20.39,17.47,25.44,nasa,0.55
1990-12-23,0.12,19.56,16.2,24.75,nasa,0.55
1990-12-24,0.03,20.25,15.76,26.45,nasa,0.55
1990-12-25,2.49,21.31,17.38,27.14,nasa,0.55
1990-12-26,12.21,20.92,18.47,25.95,nasa,0.56
1990-12-27,10.47,19.98,17.25,24.89,nasa,0.58
1990-12-28,0.45,19.58,16.21,24.85,nasa,0.58
1990-12-29,0.0,19.55,14.66,26.06,nasa,0.57
1990-12-30,0.0,20.7,14.76,27.66,nasa,0.57
1990-12-31,0.0,22.13,16.78,28.68,nasa,0.56
1991-01-01,0.0,22.23,17.55,28.21,nasa,0.56
1991-01-02,0.0,21.83,17.69,27.34,nasa,0.55
1991-01-03,0.32,22.13,18.49,27.77,nasa,0.55
1991-01-04,0.35,22.42,18.42,28.2,nasa,0.55
1991-01-05,0.13,22.67,18.78,28.3,nasa,0.54
1991-01-06,0.79,21.9,18.23,27.74,nasa,0.54
1991-01-07,0.0,21.12,16.66,27.33,nasa,0.54
1991-01-08,0.02,20.83,15.97,27.72,nasa,0.54
1991-01-09,1.55,20.33,16.67,26.4,nasa,0.54
1991-01-10,0.03,20.63,15.52,27.69,nasa,0.54
1991-01-11,0.0,20.83,14.95,28.46,nasa,0.53
1991-01-12,0.0,20.53,15.94,27.13,nasa,0.53
1991-01-13,0.0,21.3,17.25,27.35,nasa,0.53
1991-01-14,0.0,20.99,17.57,26.6,nasa,0.53
1991-01-15,0.13,20.53,17.37,25.92,nasa,0.53
1991-01-16,0.0,20.45,17.28,25.69,nasa,0.53
1991-01-17,0.0,20.46,16.5,26.83,nasa,0.52
1991-01-18,0.0,21.11,15.9,28.17,nasa,0.52
1991-01-19,0.0,22.13,16.73,29.12,nasa,0.52
1991-01-20,0.0,22.99,17.57,30.18,nasa,0.52
1991-01-21,0.09,23.3,18.32,29.99,nasa,0.52
1991-01-22,0.84,22.82,18.94,29.1,nasa,0.52
1991-01-23,0.0,21.59,17.51,28.08,nasa,0.52
1991-01-24,0.01,21.9,16.87,28.65,nasa,0.51
1991-01-25,0.37,22.2,17.87,28.59,nasa,0.51
1991-01-26,1.51,21.7,18.17,27.52,nasa,0.51
1991-01-27,0.09,21.38,17.77,27.38,nasa,0.51
1991-01-28,1.81,21.07,17.39,27.01,nasa,0.51
1991-01-29,0.28,20.95,17.17,27.06,nasa,0.51
1991-01-30,0.7,20.2,16.52,26.31,nasa,0.51
1991-01-31,0.27,21.0,17.11,27.35,nasa,0.51
1991-02-01,0.0,20.71,17.28,26.92,nasa,0.51
1991-02-02,0.04,20.62,16.62,27.18,nasa,0.51
1991-02-03,0.32,21.1,16.43,27.95,nasa,0.51
1991-02-04,0.28,20.61,16.7,26.81,nasa,0.51
1991-02-05,1.93,20.13,16.36,26.36,nasa,0.51
1991-02-06,0.0,20.14,16.41,25.03,nasa,0.51
1991-02-07,0.0,21.03,15.79,28.76,nasa,0.51
1991-02-08,0.0,21.06,14.89,28.76,nasa,0.51
1991-02-09,0.0,21.55,15.09,29.92,nasa,0.5
1991-02-10,0.0,21.69,14.66,30.55,nasa,0.5
1991-02-11,0.0,21.79,15.02,30.45,nasa,0.5
1991-02-12,0.0,23.2,16.06,31.78,nasa,0.5
1991-02-13,0.0,24.84,18.19,32.73,nasa,0.49
1991-02-14,0.0,25.82,20.28,33.28,nasa,0.49
1991-02-15,0.0,26.12,20.6,34.11,nasa,0.49
1991-02-16,0.0,24.98,17.89,33.11,nasa,0.49
1991-02-17,0.29,24.46,18.09,32.29,nasa,0.49
1991-02-18,0.46,23.34,17.49,30.7,nasa,0.49
1991-02-19,0.01,23.51,18.72,30.68,nasa,0.49
1991-02-20,0.19,22.18,17.82,28.38,nasa,0.48
1991-02-21,3.01,21.15,17.28,27.06,nasa,0.49
1991-02-22,4.54,20.41,16.7,26.41,nasa,0.49
1991-02-23,0.75,19.7,15.53,26.06,nasa,0.49
1991-02-24,0.1,19.78,15.14,26.05,nasa,0.49
1991-02-25,0.0,21.28,17.01,27.41,nasa,0.49
1991-02-26,0.01,22.78,17.85,29.98,nasa,0.49
1991-02-27,0.13,24.36,18.76,31.9,nasa,0.49
1991-02-28,0.0,25.11,19.3,32.64,nasa,0.49
1991-03-01,0.0,24.99,18.76,33.41,nasa,0.49
1991-03-02,0.0,24.29,17.56,32.49,nasa,0.48
1991-03-03,0.0,23.57,17.74,31.94,nasa,0.48
1991-03-04,0.0,23.76,16.07,33.38,nasa,0.48
1991-03-05,0.0,24.51,16.26,33.68,nasa,0.48
1991-03-06,0.0,25.77,18.38,34.86,nasa,0.48
1991-03-07,0.0,25.72,18.59,34.91,nasa,0.48
1991-03-08,0.0,24.78,16.9,33.94,nasa,0.47
1991-03-09,0.0,24.87,17.98,34.23,nasa,0.47
1991-03-10,0.0,24.84,16.76,34.34,nasa,0.47
1991-03-11,0.0,25.52,17.27,34.61,nasa,0.47
1991-03-12,0.0,25.5,18.5,34.38,nasa,0.47
1991-03-13,0.0,23.39,16.81,32.88,nasa,0.47
1991-03-14,0.0,22.44,15.09,30.82,nasa,0.47
1991-03-15,3.96,23.11,18.04,30.63,nasa,0.47
1991-03-16,32.44,21.3,18.9,24.78,nasa,0.51
1991-03-17,18.0,22.82,19.25,28.81,nasa,0.55
1991-03-18,0.01,23.37,18.86,29.74,nasa,0.56
1991-03-19,0.0,23.54,17.81,30.9,nasa,0.54
1991-03-20,0.0,24.19,17.67,32.26,nasa,0.53
1991-03-21,0.0,24.3,17.65,32.62,nasa,0.52
1991-03-22,0.0,25.65,18.02,33.54,nasa,0.51
1991-03-23,0.0,26.24,20.23,33.69,nasa,0.51
1991-03-24,0.0,26.24,19.32,34.77,nasa,0.5
1991-03-25,0.0,26.02,18.44,35.21,nasa,0.49
1991-03-26,0.0,25.28,17.95,34.44,nasa,0.49
1991-03-27,0.0,24.25,16.33,33.84,nasa,0.49
1991-03-28,0.05,23.96,17.91,32.21,nasa,0.48
1991-03-29,0.51,23.6,17.47,31.59,nasa,0.48
1991-03-30,0.0,24.37,18.24,32.47,nasa,0.48
1991-03-31,0.73,24.29,18.42,32.22,nasa,0.48
1991-04-01,4.14,22.23,17.99,29.14,nasa,0.48
1991-04-02,15.82,21.9,18.1,28.25,nasa,0.5
1991-04-03,5.54,22.97,19.48,28.95,nasa,0.51
1991-04-04,0.03,24.38,19.6,31.22,nasa,0.51
1991-04-05,0.0,25.23,19.01,32.63,nasa,0.51
1991-04-06,0.0,26.4,19.5,33.5,nasa,0.5
1991-04-07,0.02,26.73,22.09,32.92,nasa,0.5
1991-04-08,0.19,26.91,22.23,33.61,nasa,0.49
1991-04-09,0.0,28.15,20.99,36.62,nasa,0.49
1991-04-10,0.0,28.85,21.79,36.61,nasa,0.48
1991-04-11,0.0,28.16,22.61,34.98,nasa,0.48
1991-04-12,0.0,28.05,21.86,35.68,nasa,0.48
1991-04-13,0.0,27.11,20.42,35.19,nasa,0.48
1991-04-14,0.0,26.39,18.6,35.84,nasa,0.47
1991-04-15,0.0,25.96,17.56,35.3,nasa,0.47
1991-04-16,0.0,27.02,19.27,35.93,nasa,0.47
1991-04-17,0.0,27.55,19.58,36.68,nasa,0.47
1991-04-18,0.0,27.68,18.99,37.28,nasa,0.47
1991-04-19,0.14,27.84,19.51,36.99,nasa,0.46
1991-04-20,2.66,26.64,20.82,34.36,nasa,0.46
1991-04-21,5.55,25.29,20.59,32.31,nasa,0.47
1991-04-22,21.32,24.0,19.95,30.58,nasa,0.5
1991-04-23,12.57,24.14,20.72,30.04,nasa,0.52
1991-04-24,13.92,23.42,19.85,28.45,nasa,0.54
1991-04-25,2.05,24.23,19.16,31.05,nasa,0.54
1991-04-26,0.0,24.92,19.14,32.57,nasa,0.53
1991-04-27,0.51,25.26,18.37,33.08,nasa,0.52
1991-04-28,0.0,26.85,20.43,33.69,nasa,0.51
1991-04-29,0.0,27.01,22.75,33.18,nasa,0.51
1991-04-30,0.0,28.1,20.99,36.4,nasa,0.5
1991-05-01,0.67,27.61,23.15,34.22,nasa,0.49
1991-05-02,10.08,25.95,22.46,32.95,nasa,0.5
1991-05-03,0.09,26.79,21.65,33.73,nasa,0.51
1991-05-04,0.24,26.76,20.13,34.49,nasa,0.5
1991-05-05,0.0,27.77,21.54,35.13,nasa,0.49
1991-05-06,0.0,27.46,22.7,34.21,nasa,0.49
1991-05-07,0.0,27.74,22.15,35.54,nasa,0.49
1991-05-08,0.01,27.96,21.42,36.16,nasa,0.48
1991-05-09,0.01,25.99,22.06,31.83,nasa,0.48
1991-05-10,0.0,26.05,21.23,32.11,nasa,0.48
1991-05-11,0.0,27.12,20.91,35.01,nasa,0.48
1991-05-12,0.0,27.51,20.78,36.01,nasa,0.47
1991-05-13,0.66,28.05,20.37,36.19,nasa,0.47
1991-05-14,1.01,28.45,21.98,36.73,nasa,0.47
1991-05-15,10.63,26.84,20.23,35.4,nasa,0.48
1991-05-16,3.87,26.38,22.12,32.31,nasa,0.49
1991-05-17,0.27,27.0,21.13,34.09,nasa,0.49
1991-05-18,0.69,27.33,21.9,34.38,nasa,0.48
1991-05-19,0.52,27.75,22.33,35.57,nasa,0.48
1991-05-20,1.5,27.84,22.51,35.24,nasa,0.48
1991-05-21,0.01,27.15,21.95,34.0,nasa,0.48
1991-05-22,0.02,28.02,21.86,36.22,nasa,0.48
1991-05-23,1.37,28.42,22.11,36.11,nasa,0.47
1991-05-24,12.19,27.37,21.8,35.27,nasa,0.48
1991-05-25,2.95,27.02,22.25,33.3,nasa,0.49
1991-05-26,2.31,27.21,21.85,34.75,nasa,0.49
1991-05-27,4.94,26.0,20.1,33.91,nasa,0.49
1991-05-28,2.76,25.21,21.1,31.54,nasa,0.5
1991-05-29,0.07,25.79,20.6,32.28,nasa,0.49
1991-05-30,2.11,25.91,21.83,32.11,nasa,0.49
1991-05-31,1.27,26.33,21.26,33.19,nasa,0.49
1991-06-01,1.15,25.71,21.87,31.44,nasa,0.49
1991-06-02,0.05,26.79,21.14,33.87,nasa,0.48
1991-06-03,6.33,25.4,22.21,30.9,nasa,0.48
1991-06-04,0.91,25.85,21.1,32.37,nasa,0.49
1991-06-05,18.62,24.97,21.58,31.7,nasa,0.5
1991-06-06,16.14,23.92,21.5,28.09,nasa,0.54
1991-06-07,20.32,24.74,21.49,29.55,nasa,0.56
1991-06-08,12.81,24.12,21.56,27.55,nasa,0.58
1991-06-09,6.81,23.99,21.7,27.89,nasa,0.59
1991-06-10,0.47,23.42,21.39,26.76,nasa,0.58
1991-06-11,0.84,22.99,20.66,26.32,nasa,0.56
1991-06-12,1.84,21.91,18.95,25.08,nasa,0.55
1991-06-13,0.11,23.45,20.19,27.93,nasa,0.55
1991-06-14,1.12,24.49,19.82,29.91,nasa,0.54
1991-06-15,2.6,24.8,21.39,29.15,nasa,0.53
1991-06-16,11.87,23.07,21.65,25.45,nasa,0.54
1991-06-17,5.35,22.64,20.9,25.8,nasa,0.55
1991-06-18,0.28,24.64,21.48,28.81,nasa,0.54
1991-06-19,0.0,25.05,21.72,29.48,nasa,0.53
1991-06-20,0.86,24.44,21.19,28.72,nasa,0.52
1991-06-21,12.67,24.59,21.9,29.06,nasa,0.53
1991-06-22,1.03,24.69,22.25,28.41,nasa,0.53
1991-06-23,4.01,23.28,20.38,27.29,nasa,0.53
1991-06-24,3.1,23.01,20.25,26.8,nasa,0.53
1991-06-25,0.03,24.05,20.28,29.21,nasa,0.52
1991-06-26,0.0,25.28,20.09,31.59,nasa,0.51
1991-06-27,0.71,26.11,21.35,31.9,nasa,0.51
1991-06-28,4.63,25.35,20.57,31.25,nasa,0.51
1991-06-29,2.47,26.08,21.62,32.46,nasa,0.51
1991-06-30,4.23,24.62,20.47,30.62,nasa,0.5
1991-07-01,8.26,23.85,21.63,27.98,nasa,0.52
1991-07-02,1.52,23.25,21.16,25.55,nasa,0.52
1991-07-03,1.18,24.04,20.09,28.82,nasa,0.52
1991-07-04,1.58,25.27,20.39,31.5,nasa,0.51
1991-07-05,1.09,25.64,21.18,30.76,nasa,0.51
1991-07-06,14.34,24.38,21.79,28.4,nasa,0.52
1991-07-07,25.22,23.05,21.93,24.73,nasa,0.56
1991-07-08,0.2,23.87,20.79,27.66,nasa,0.57
1991-07-09,0.25,24.24,21.0,28.74,nasa,0.56
1991-07-10,1.69,24.27,20.71,28.98,nasa,0.55
1991-07-11,3.24,23.57,21.32,26.52,nasa,0.55
1991-07-12,10.66,23.3,20.89,26.58,nasa,0.55
1991-07-13,16.74,22.72,20.34,26.95,nasa,0.57
1991-07-14,13.67,23.04,19.69,27.59,nasa,0.58
1991-07-15,0.42,23.99,20.25,28.85,nasa,0.58
1991-07-16,2.39,23.9,20.92,27.7,nasa,0.57
1991-07-17,0.25,24.53,20.84,28.94,nasa,0.56
1991-07-18,0.59,25.05,21.35,29.26,nasa,0.55
1991-07-19,10.88,23.32,21.43,25.97,nasa,0.55
1991-07-20,14.33,23.26,20.93,27.08,nasa,0.57
1991-07-21,1.01,23.82,20.18,27.98,nasa,0.57
1991-07-22,3.25,24.44,21.78,28.52,nasa,0.56
1991-07-23,11.77,23.46,21.62,26.56,nasa,0.57
1991-07-24,0.73,24.17,21.43,27.89,nasa,0.57
1991-07-25,2.12,23.71,21.45,27.55,nasa,0.56
1991-07-26,6.43,23.67,21.01,27.76,nasa,0.56
1991-07-27,6.28,22.6,20.58,25.74,nasa,0.56
1991-07-28,9.36,23.1,20.12,26.89,nasa,0.56
1991-07-29,0.72,22.9,20.25,26.26,nasa,0.57
1991-07-30,0.21,24.4,20.95,28.83,nasa,0.56
1991-07-31,1.63,24.04,21.25,27.83,nasa,0.55
1991-08-01,0.06,23.98,21.27,27.56,nasa,0.55
1991-08-02,0.86,24.33,20.7,29.56,nasa,0.54
1991-08-03,5.55,23.63,20.65,28.3,nasa,0.54
1991-08-04,7.53,22.75,21.29,24.9,nasa,0.55
1991-08-05,5.58,22.54,21.01,25.95,nasa,0.56
1991-08-06,0.19,24.06,19.92,29.54,nasa,0.55
1991-08-07,0.07,24.69,20.83,29.73,nasa,0.54
1991-08-08,0.01,25.09,21.07,30.5,nasa,0.54
1991-08-09,0.04,25.24,21.14,30.69,nasa,0.53
1991-08-10,0.0,24.94,21.94,29.15,nasa,0.53
1991-08-11,0.0,24.35,21.46,28.39,nasa,0.52
1991-08-12,0.0,23.3,20.68,26.72,nasa,0.52
1991-08-13,0.28,23.63,20.97,27.39,nasa,0.52
1991-08-14,1.28,23.79,20.95,28.16,nasa,0.51
1991-08-15,2.47,23.83,21.01,27.99,nasa,0.51
1991-08-16,1.07,24.27,21.53,28.46,nasa,0.51
1991-08-17,5.59,24.26,21.85,27.56,nasa,0.51
1991-08-18,4.06,24.82,21.99,29.18,nasa,0.52
1991-08-19,9.17,23.75,21.24,27.71,nasa,0.52
1991-08-20,8.04,23.39,20.69,27.63,nasa,0.53
1991-08-21,1.79,23.7,20.64,28.11,nasa,0.54
1991-08-22,2.18,23.49,21.09,26.64,nasa,0.53
1991-08-23,2.51,24.26,21.65,28.26,nasa,0.53
1991-08-24,0.44,24.45,21.97,28.43,nasa,0.53
1991-08-25,2.96,24.45,21.12,29.24,nasa,0.53
1991-08-26,0.76,24.91,21.98,29.09,nasa,0.53
1991-08-27,6.5,23.3,21.55,26.12,nasa,0.53
1991-08-28,9.23,22.5,20.04,25.63,nasa,0.54
1991-08-29,0.6,23.56,20.88,27.86,nasa,0.55
1991-08-30,2.85,24.25,20.99,28.99,nasa,0.54
1991-08-31,6.32,23.89,21.81,28.07,nasa,0.54
1991-09-01,0.75,24.16,21.01,28.7,nasa,0.55
1991-09-02,9.47,23.56,20.99,27.5,nasa,0.55
1991-09-03,5.52,22.58,20.69,25.57,nasa,0.56
1991-09-04,3.94,23.54,19.99,28.27,nasa,0.56
1991-09-05,11.05,23.09,20.74,26.9,nasa,0.56
1991-09-06,0.78,23.58,20.49,28.24,nasa,0.57
1991-09-07,4.99,23.65,20.21,28.13,nasa,0.56
1991-09-08,1.57,23.56,21.76,26.27,nasa,0.56
1991-09-09,6.94,23.53,20.64,27.36,nasa,0.56
1991-09-10,3.48,23.57,20.7,27.74,nasa,0.56
1991-09-11,7.59,24.4,20.54,30.0,nasa,0.56
1991-09-12,12.17,24.66,20.4,30.55,nasa,0.57
1991-09-13,2.63,24.54,21.12,30.06,nasa,0.57
1991-09-14,9.85,23.56,21.58,27.29,nasa,0.57
1991-09-15,6.1,23.33,20.49,28.08,nasa,0.58
1991-09-16,8.51,23.27,20.75,26.87,nasa,0.58
1991-09-17,0.49,23.24,20.6,27.26,nasa,0.58
1991-09-18,8.94,23.77,20.49,28.75,nasa,0.58
1991-09-19,15.42,22.82,20.63,26.2,nasa,0.59
1991-09-20,11.38,22.92,20.51,26.48,nasa,0.61
1991-09-21,8.02,22.24,20.38,24.36,nasa,0.62
1991-09-22,3.96,23.68,19.7,28.64,nasa,0.61
1991-09-23,9.6,23.45,20.62,27.25,nasa,0.61
1991-09-24,1.02,23.3,20.51,27.62,nasa,0.61
1991-09-25,6.39,23.38,19.45,28.33,nasa,0.6
1991-09-26,1.7,24.18,20.76,29.2,nasa,0.59
1991-09-27,1.68,23.92,20.79,27.75,nasa,0.58
1991-09-28,7.52,23.51,21.0,27.99,nasa,0.58
1991-09-29,15.74,22.27,20.33,25.25,nasa,0.59
1991-09-30,20.83,22.82,20.31,26.72,nasa,0.62
1991-10-01,21.36,22.47,19.58,26.6,nasa,0.65
1991-10-02,5.75,22.79,20.73,26.02,nasa,0.65
1991-10-03,8.99,22.04,20.63,23.54,nasa,0.65
1991-10-04,24.85,22.95,20.97,26.02,nasa,0.67
1991-10-05,2.22,23.21,20.54,27.01,nasa,0.67
1991-10-06,11.17,22.92,19.88,26.95,nasa,0.67
1991-10-07,4.53,22.76,20.9,25.52,nasa,0.66
1991-10-08,13.55,23.24,20.47,26.76,nasa,0.66
1991-10-09,11.6,23.33,21.45,26.11,nasa,0.67
1991-10-10,13.97,23.13,21.0,25.64,nasa,0.67
1991-10-11,8.66,23.06,20.8,27.38,nasa,0.68
1991-10-12,7.12,23.49,19.59,28.91,nasa,0.67
1991-10-13,0.0,24.01,20.37,28.93,nasa,0.66
1991-10-14,0.05,24.28,20.33,28.92,nasa,0.65
1991-10-15,0.36,24.13,20.94,28.97,nasa,0.64
1991-10-16,0.88,24.13,19.78,29.49,nasa,0.62
1991-10-17,2.68,23.46,19.7,28.9,nasa,0.62
1991-10-18,1.84,22.98,19.11,28.6,nasa,0.61
1991-10-19,2.5,22.45,19.89,26.32,nasa,0.61
1991-10-20,6.96,22.29,20.2,25.41,nasa,0.61
1991-10-21,7.08,21.25,18.85,24.65,nasa,0.62
1991-10-22,14.19,21.09,18.31,24.17,nasa,0.64
1991-10-23,34.5,21.69,20.5,23.82,nasa,0.67
1991-10-24,17.99,21.67,20.62,23.89,nasa,0.72
1991-10-25,17.17,22.19,20.0,26.2,nasa,0.71
1991-10-26,3.25,22.2,19.08,27.35,nasa,0.71
1991-10-27,0.02,21.34,17.52,26.75,nasa,0.69
1991-10-28,0.0,20.42,16.41,25.88,nasa,0.67
1991-10-29,0.0,20.17,15.91,25.96,nasa,0.65
1991-10-30,0.0,20.37,15.75,26.56,nasa,0.64
1991-10-31,0.0,19.06,13.68,25.26,nasa,0.63
1991-11-01,0.0,20.4,15.07,26.81,nasa,0.62
1991-11-02,0.0,20.69,17.08,26.45,nasa,0.62
1991-11-03,0.31,21.03,16.64,27.37,nasa,0.61
1991-11-04,0.24,20.56,16.41,26.41,nasa,0.61
1991-11-05,0.01,20.88,16.8,26.61,nasa,0.6
1991-11-06,0.65,21.82,17.57,27.29,nasa,0.6
1991-11-07,2.49,22.2,19.17,27.43,nasa,0.6
1991-11-08,20.57,22.16,19.87,26.09,nasa,0.62
1991-11-09,6.92,21.43,19.64,24.74,nasa,0.64
1991-11-10,0.67,21.12,17.88,25.73,nasa,0.63
1991-11-11,0.06,20.11,17.56,24.24,nasa,0.62
1991-11-12,0.15,19.52,16.44,24.5,nasa,0.62
1991-11-13,0.5,18.43,15.34,23.69,nasa,0.61
1991-11-14,0.0,18.3,14.67,23.5,nasa,0.6
1991-11-15,0.01,18.71,15.58,24.08,nasa,0.6
1991-11-16,1.64,20.66,15.82,26.44,nasa,0.6
1991-11-17,8.05,20.52,17.33,25.21,nasa,0.6
1991-11-18,0.03,18.94,14.78,24.38,nasa,0.6
1991-11-19,0.0,18.46,13.65,25.04,nasa,0.6
1991-11-20,0.36,20.11,15.23,26.34,nasa,0.59
1991-11-21,2.12,21.51,17.6,26.99,nasa,0.59
1991-11-22,0.15,22.03,18.89,27.24,nasa,0.59
1991-11-23,0.41,21.79,18.55,27.07,nasa,0.58
1991-11-24,0.01,21.54,18.15,26.79,nasa,0.58
1991-11-25,0.18,21.4,17.87,26.54,nasa,0.58
1991-11-26,1.3,21.24,18.25,26.07,nasa,0.57
1991-11-27,4.96,20.88,18.08,26.17,nasa,0.57
1991-11-28,0.27,21.53,18.05,27.12,nasa,0.58
1991-11-29,0.65,21.53,17.71,27.29,nasa,0.57
1991-11-30,0.04,21.26,16.76,27.24,nasa,0.57
1991-12-01,0.06,20.43,16.1,26.28,nasa,0.57
1991-12-02,0.37,20.07,16.39,26.09,nasa,0.56
1991-12-03,0.0,19.39,14.96,25.18,nasa,0.56
1991-12-04,0.02,19.62,16.7,24.8,nasa,0.56
1991-12-05,0.17,19.47,16.14,24.7,nasa,0.56
1991-12-06,0.53,19.34,15.93,24.57,nasa,0.55
1991-12-07,0.8,19.88,16.29,25.65,nasa,0.55
1991-12-08,0.5,20.69,16.97,26.3,nasa,0.55
1991-12-09,2.73,20.85,17.98,25.72,nasa,0.55
1991-12-10,1.04,21.54,19.26,26.31,nasa,0.55
1991-12-11,1.26,21.64,19.61,26.04,nasa,0.55
1991-12-12,0.67,21.32,19.42,25.1,nasa,0.55
1991-12-13,0.63,20.76,18.39,24.65,nasa,0.55
1991-12-14,0.45,21.16,18.24,26.17,nasa,0.55
1991-12-15,1.39,21.05,17.95,26.31,nasa,0.55
1991-12-16,2.11,20.73,17.46,26.47,nasa,0.55
1991-12-17,2.38,20.61,17.03,26.43,nasa,0.55
1991-12-18,0.15,20.9,17.51,26.78,nasa,0.55
1991-12-19,0.16,20.03,16.69,25.57,nasa,0.54
1991-12-20,3.29,19.58,16.66,24.98,nasa,0.54
1991-12-21,0.3,20.0,16.52,25.44,nasa,0.54
1991-12-22,0.22,21.06,16.57,27.14,nasa,0.54
1991-12-23,0.49,21.49,17.54,27.57,nasa,0.54
1991-12-24,0.0,21.83,17.33,28.07,nasa,0.54
1991-12-25,0.07,21.76,17.04,28.04,nasa,0.53
1991-12-26,0.33,21.65,17.14,28.5,nasa,0.53
1991-12-27,0.0,21.91,15.96,29.19,nasa,0.53
1991-12-28,1.55,22.12,15.13,29.75,nasa,0.53
1991-12-29,0.3,17.44,13.81,21.87,nasa,0.53
1991-12-30,0.18,20.3,16.68,25.37,nasa,0.53
1991-12-31,0.13,21.49,16.54,27.89,nasa,0.53
1992-01-01,1.51,21.83,17.93,27.98,nasa,0.53
1992-01-02,0.76,21.3,17.63,26.72,nasa,0.53
1992-01-03,0.04,21.45,16.4,28.18,nasa,0.53
1992-01-04,0.16,22.27,17.27,28.76,nasa,0.53
1992-01-05,9.98,22.17,18.11,28.73,nasa,0.53
1992-01-06,13.81,20.41,17.62,24.88,nasa,0.56
1992-01-07,0.53,20.24,16.86,25.77,nasa,0.57
1992-01-08,0.3,19.91,15.32,26.16,nasa,0.56
1992-01-09,2.28,19.79,16.12,25.73,nasa,0.56
1992-01-10,0.65,19.6,15.96,25.16,nasa,0.55
1992-01-11,0.02,20.19,16.97,25.55,nasa,0.55
1992-01-12,0.0,20.36,16.29,26.39,nasa,0.54
1992-01-13,0.11,20.03,16.62,25.59,nasa,0.54
1992-01-14,2.43,17.98,13.91,23.75,nasa,0.54
1992-01-15,0.0,16.55,13.03,21.87,nasa,0.54
1992-01-16,0.0,16.35,12.79,22.4,nasa,0.54
1992-01-17,0.0,16.26,12.0,22.58,nasa,0.54
1992-01-18,0.0,16.61,12.21,23.24,nasa,0.53
1992-01-19,0.42,18.05,12.14,25.02,nasa,0.53
1992-01-20,10.98,17.98,15.16,23.17,nasa,0.54
1992-01-21,0.58,17.54,14.7,21.68,nasa,0.55
1992-01-22,0.18,16.68,13.26,21.92,nasa,0.55
1992-01-23,0.0,17.81,12.92,24.64,nasa,0.54
1992-01-24,0.0,18.84,12.91,26.67,nasa,0.54
1992-01-25,0.0,19.85,15.16,26.92,nasa,0.53
1992-01-26,0.0,20.02,15.16,26.74,nasa,0.53
1992-01-27,0.0,19.69,15.45,26.4,nasa,0.53
1992-01-28,0.0,19.46,14.82,26.63,nasa,0.52
1992-01-29,0.0,19.11,12.99,27.31,nasa,0.52
1992-01-30,0.0,20.57,12.77,29.82,nasa,0.52
1992-01-31,0.0,21.49,14.89,29.42,nasa,0.51
1992-02-01,0.0,20.83,15.57,27.65,nasa,0.51
1992-02-02,0.0,21.75,16.23,29.13,nasa,0.51
1992-02-03,0.0,22.92,16.05,30.91,nasa,0.51
1992-02-04,0.0,23.67,18.44,30.53,nasa,0.51
1992-02-05,0.0,23.07,16.88,30.45,nasa,0.51
1992-02-06,0.0,23.34,18.42,30.28,nasa,0.5
1992-02-07,0.0,23.96,17.78,32.23,nasa,0.5
1992-02-08,0.0,23.35,17.19,31.24,nasa,0.5
1992-02-09,0.0,23.79,18.04,32.03,nasa,0.5
1992-02-10,0.0,23.72,17.49,32.12,nasa,0.5
1992-02-11,0.0,24.07,17.82,31.28,nasa,0.49
1992-02-12,0.65,24.86,18.85,32.16,nasa,0.49
1992-02-13,6.23,23.53,19.08,30.24,nasa,0.5
1992-02-14,0.0,25.0,18.37,32.88,nasa,0.5
1992-02-15,0.0,25.49,19.1,33.54,nasa,0.5
1992-02-16,0.0,25.77,19.46,33.31,nasa,0.5
1992-02-17,0.0,26.0,20.17,33.58,nasa,0.49
1992-02-18,0.0,26.41,19.7,34.1,nasa,0.49
1992-02-19,0.0,26.34,20.44,33.7,nasa,0.49
1992-02-20,0.11,24.88,20.64,31.19,nasa,0.49
1992-02-21,0.12,22.32,19.14,27.72,nasa,0.49
1992-02-22,0.92,22.6,18.47,29.31,nasa,0.49
1992-02-23,0.0,21.88,17.85,28.47,nasa,0.49
1992-02-24,0.26,21.26,17.62,27.05,nasa,0.49
1992-02-25,0.6,20.28,16.59,26.44,nasa,0.49
1992-02-26,0.0,20.89,16.28,28.29,nasa,0.49
1992-02-27,0.0,22.5,15.85,31.18,nasa,0.49
1992-02-28,0.0,23.78,18.02,30.82,nasa,0.49
1992-02-29,0.0,24.78,19.69,32.23,nasa,0.49
1992-03-01,0.0,24.79,19.5,31.86,nasa,0.49
1992-03-02,0.0,25.65,20.25,32.27,nasa,0.49
1992-03-03,0.0,25.93,18.45,34.46,nasa,0.48
1992-03-04,0.0,25.92,18.34,34.78,nasa,0.48
1992-03-05,0.0,25.9,18.97,34.56,nasa,0.48
1992-03-06,0.0,24.66,18.28,33.22,nasa,0.48
1992-03-07,0.0,23.76,19.13,30.88,nasa,0.48
1992-03-08,0.0,23.95,19.53,30.51,nasa,0.48
1992-03-09,0.0,24.72,17.37,33.05,nasa,0.48
1992-03-10,0.0,25.0,18.42,33.39,nasa,0.48
1992-03-11,0.0,24.15,17.45,32.51,nasa,0.48
1992-03-12,0.0,24.52,18.71,32.61,nasa,0.47
1992-03-13,0.0,24.28,17.72,32.77,nasa,0.47
1992-03-14,0.0,24.68,17.33,33.4,nasa,0.47
1992-03-15,0.0,25.47,17.45,34.36,nasa,0.47
1992-03-16,0.0,26.46,19.06,34.93,nasa,0.47
1992-03-17,0.0,26.45,19.69,34.39,nasa,0.47
1992-03-18,0.05,25.92,20.54,32.36,nasa,0.47
1992-03-19,0.03,26.13,19.51,34.32,nasa,0.47
1992-03-20,0.0,26.19,19.2,35.07,nasa,0.47
1992-03-21,0.0,25.71,17.26,35.11,nasa,0.47
1992-03-22,0.0,26.22,19.18,35.22,nasa,0.47
1992-03-23,0.0,26.17,19.05,35.22,nasa,0.47
1992-03-24,0.0,26.6,18.51,35.3,nasa,0.47
1992-03-25,0.0,27.5,20.86,34.77,nasa,0.46
1992-03-26,0.0,28.0,21.0,35.84,nasa,0.46
1992-03-27,0.51,27.27,21.4,34.2,nasa,0.46
1992-03-28,3.54,25.71,19.15,33.27,nasa,0.47
1992-03-29,0.0,25.67,20.49,33.7,nasa,0.47
1992-03-30,0.0,25.48,19.02,33.59,nasa,0.47
1992-03-31,0.0,26.28,17.79,35.69,nasa,0.47
1992-04-01,0.06,27.17,19.72,35.09,nasa,0.46
1992-04-02,0.5,27.51,19.86,36.27,nasa,0.46
1992-04-03,0.0,27.26,19.71,35.6,nasa,0.46
1992-04-04,0.01,27.96,21.8,35.57,nasa,0.46
1992-04-05,0.12,28.18,22.19,35.59,nasa,0.46
1992-04-06,0.0,28.32,21.42,35.76,nasa,0.46
1992-04-07,0.0,28.07,21.99,35.08,nasa,0.46
1992-04-08,0.0,27.83,22.41,34.64,nasa,0.46
1992-04-09,0.0,28.2,21.36,35.67,nasa,0.46
1992-04-10,0.0,28.29,22.62,36.33,nasa,0.46
1992-04-11,0.0,28.19,23.7,34.25,nasa,0.46
1992-04-12,0.13,25.32,23.19,27.76,nasa,0.46
1992-04-13,0.62,25.64,21.62,31.52,nasa,0.46
1992-04-14,1.91,23.28,19.91,26.55,nasa,0.46
1992-04-15,1.45,25.83,19.38,34.03,nasa,0.47
1992-04-16,0.0,26.4,20.14,34.7,nasa,0.47
1992-04-17,0.65,26.28,20.36,33.68,nasa,0.47
1992-04-18,3.88,27.13,21.33,34.68,nasa,0.47
1992-04-19,0.0,27.33,22.92,32.97,nasa,0.47
1992-04-20,0.0,28.16,23.13,34.96,nasa,0.47
1992-04-21,0.02,27.05,23.4,31.59,nasa,0.47
1992-04-22,0.0,27.79,22.49,34.32,nasa,0.47
1992-04-23,0.02,27.94,23.13,33.99,nasa,0.47
1992-04-24,0.02,28.48,21.59,37.82,nasa,0.46
1992-04-25,0.0,26.1,18.71,35.13,nasa,0.46
1992-04-26,0.0,25.87,18.55,34.6,nasa,0.46
1992-04-27,0.0,27.57,19.55,36.69,nasa,0.46
1992-04-28,0.0,28.78,20.71,37.54,nasa,0.46
1992-04-29,0.0,28.97,23.01,36.68,nasa,0.46
1992-04-30,0.17,28.41,22.3,35.34,nasa,0.46
1992-05-01,8.41,27.25,22.75,33.39,nasa,0.46
1992-05-02,2.24,26.83,21.89,33.24,nasa,0.47
1992-05-03,1.41,26.63,22.96,31.93,nasa,0.47
1992-05-04,0.96,27.76,21.5,35.87,nasa,0.47
1992-05-05,0.0,28.35,20.83,36.75,nasa,0.47
1992-05-06,0.05,28.37,23.23,35.31,nasa,0.47
1992-05-07,0.58,24.86,22.8,27.69,nasa,0.47
1992-05-08,0.81,27.22,21.68,33.42,nasa,0.47
1992-05-09,0.0,28.14,22.5,35.37,nasa,0.47
1992-05-10,0.0,27.61,23.64,33.06,nasa,0.46
1992-05-11,1.32,27.98,21.95,35.37,nasa,0.46
1992-05-12,4.38,26.28,21.23,33.22,nasa,0.47
1992-05-13,0.0,27.29,20.21,35.58,nasa,0.47
1992-05-14,0.25,28.4,20.63,36.91,nasa,0.47
1992-05-15,7.55,26.5,21.92,32.66,nasa,0.47
1992-05-16,7.42,26.2,21.91,32.53,nasa,0.49
1992-05-17,0.22,26.51,22.7,31.47,nasa,0.49
1992-05-18,1.14,27.31,22.04,33.58,nasa,0.48
1992-05-19,10.16,26.39,22.47,30.68,nasa,0.49
1992-05-20,0.44,26.04,22.04,30.8,nasa,0.5
1992-05-21,3.4,26.84,21.52,33.66,nasa,0.49
1992-05-22,23.64,25.0,22.05,29.59,nasa,0.52
1992-05-23,11.17,24.0,21.84,27.85,nasa,0.54
1992-05-24,7.12,24.52,21.27,29.4,nasa,0.55
1992-05-25,2.3,24.81,21.52,28.54,nasa,0.55
1992-05-26,1.47,26.03,21.75,31.14,nasa,0.54
1992-05-27,15.92,24.47,22.33,27.71,nasa,0.54
1992-05-28,5.59,25.54,21.79,29.76,nasa,0.56
1992-05-29,2.89,25.56,21.48,30.87,nasa,0.55
1992-05-30,2.83,25.78,21.67,31.12,nasa,0.54
1992-05-31,0.0,25.8,22.26,29.93,nasa,0.53
1992-06-01,0.79,26.45,22.35,31.81,nasa,0.52
1992-06-02,6.19,25.88,22.06,31.37,nasa,0.52
1992-06-03,0.93,25.94,21.7,31.55,nasa,0.52
1992-06-04,3.7,26.09,21.63,31.82,nasa,0.51
1992-06-05,0.02,25.26,22.37,29.58,nasa,0.51
1992-06-06,0.05,27.18,21.71,34.04,nasa,0.51
1992-06-07,0.15,27.29,22.23,34.47,nasa,0.5
1992-06-08,4.06,26.71,22.22,33.59,nasa,0.5
1992-06-09,31.43,24.75,22.32,29.33,nasa,0.52
1992-06-10,6.07,24.83,21.2,29.93,nasa,0.56
1992-06-11,3.06,24.5,21.5,28.62,nasa,0.55
1992-06-12,0.27,25.21,21.56,29.88,nasa,0.55
1992-06-13,5.54,25.24,21.99,30.29,nasa,0.54
1992-06-14,18.72,23.73,22.28,26.31,nasa,0.55
1992-06-15,2.21,23.97,21.52,27.95,nasa,0.57
1992-06-16,1.21,23.96,21.67,26.93,nasa,0.56
1992-06-17,1.82,23.81,21.84,26.78,nasa,0.55
1992-06-18,8.16,23.96,21.47,27.4,nasa,0.55
1992-06-19,18.73,24.18,21.19,28.89,nasa,0.57
1992-06-20,26.11,23.97,20.68,28.01,nasa,0.61
1992-06-21,3.74,23.93,20.7,27.99,nasa,0.61
1992-06-22,46.25,23.08,21.51,25.52,nasa,0.64
1992-06-23,10.83,23.05,20.3,26.35,nasa,0.68
1992-06-24,1.17,23.73,21.22,27.25,nasa,0.66
1992-06-25,9.32,22.46,21.02,24.72,nasa,0.65
1992-06-26,26.04,22.27,20.66,24.06,nasa,0.66
1992-06-27,18.41,22.3,20.61,25.23,nasa,0.69
1992-06-28,5.54,22.9,20.65,26.61,nasa,0.67
1992-06-29,2.89,23.07,19.72,27.27,nasa,0.65
1992-06-30,1.06,23.83,20.58,28.13,nasa,0.63
1992-07-01,6.94,23.29,20.98,27.01,nasa,0.62
1992-07-02,1.83,23.76,21.39,27.34,nasa,0.61
1992-07-03,1.28,23.92,21.89,27.08,nasa,0.6
1992-07-04,1.07,24.2,21.67,27.52,nasa,0.59
1992-07-05,0.66,24.49,21.63,28.88,nasa,0.59
1992-07-06,1.66,24.35,21.3,28.22,nasa,0.58
1992-07-07,1.97,23.85,21.46,27.89,nasa,0.57
1992-07-08,5.74,23.29,20.2,27.94,nasa,0.57
1992-07-09,7.13,23.31,20.25,27.78,nasa,0.58
1992-07-10,0.25,24.37,20.55,29.04,nasa,0.58
1992-07-11,0.09,25.03,19.68,31.4,nasa,0.57
1992-07-12,3.27,25.33,21.12,30.67,nasa,0.56
1992-07-13,15.79,22.57,19.71,26.08,nasa,0.57
1992-07-14,1.63,23.57,20.19,28.04,nasa,0.58
1992-07-15,12.26,23.4,19.67,28.33,nasa,0.58
1992-07-16,3.1,24.05,20.46,28.94,nasa,0.59
1992-07-17,0.41,23.71,21.59,26.81,nasa,0.58
1992-07-18,4.89,23.85,21.33,27.76,nasa,0.58
1992-07-19,4.39,24.56,20.47,29.6,nasa,0.58
1992-07-20,8.53,23.83,21.77,26.92,nasa,0.59
1992-07-21,2.67,23.31,21.44,26.21,nasa,0.59
1992-07-22,11.65,23.15,20.4,26.88,nasa,0.59
1992-07-23,8.45,22.32,20.0,26.01,nasa,0.6
1992-07-24,8.91,23.07,20.22,27.09,nasa,0.6
1992-07-25,4.36,22.57,19.91,26.48,nasa,0.6
1992-07-26,5.25,22.17,20.38,25.01,nasa,0.61
1992-07-27,1.76,23.79,20.04,28.81,nasa,0.6
1992-07-28,4.0,23.62,21.54,26.55,nasa,0.59
1992-07-29,4.02,23.43,21.28,26.67,nasa,0.6
1992-07-30,0.39,23.57,20.41,27.28,nasa,0.59
1992-07-31,2.23,23.64,20.44,28.0,nasa,0.59
1992-08-01,3.16,24.03,20.3,28.71,nasa,0.58
1992-08-02,7.57,23.09,21.22,25.75,nasa,0.59
1992-08-03,1.25,23.84,20.84,27.88,nasa,0.59
1992-08-04,0.42,25.1,20.45,30.81,nasa,0.58
1992-08-05,1.01,25.07,21.34,29.62,nasa,0.58
1992-08-06,0.44,24.16,21.94,27.45,nasa,0.57
1992-08-07,0.01,24.11,20.84,29.26,nasa,0.57
1992-08-08,0.05,24.52,20.86,29.03,nasa,0.56
1992-08-09,0.56,24.42,21.6,27.94,nasa,0.55
1992-08-10,21.71,24.45,20.2,30.02,nasa,0.56
1992-08-11,35.27,22.82,20.68,26.22,nasa,0.63
1992-08-12,4.2,23.31,20.64,27.02,nasa,0.65
1992-08-13,3.75,23.77,21.57,27.37,nasa,0.63
1992-08-14,21.44,23.13,21.48,26.24,nasa,0.65
1992-08-15,10.01,23.21,20.42,26.6,nasa,0.65
1992-08-16,29.87,23.26,20.83,26.45,nasa,0.67
1992-08-17,21.04,22.75,20.31,26.06,nasa,0.7
1992-08-18,21.17,22.12,19.81,25.02,nasa,0.71
1992-08-19,36.45,22.54,21.06,25.08,nasa,0.74
1992-08-20,10.99,23.48,20.59,27.26,nasa,0.75
1992-08-21,14.17,23.0,21.48,25.08,nasa,0.74
1992-08-22,45.31,23.58,20.74,27.85,nasa,0.74
1992-08-23,66.41,23.22,20.55,26.92,nasa,0.83
1992-08-24,4.86,23.76,21.21,27.56,nasa,0.83
1992-08-25,12.01,23.45,21.11,26.44,nasa,0.8
1992-08-26,4.15,23.68,21.54,26.69,nasa,0.77
1992-08-27,13.34,22.91,21.33,25.19,nasa,0.76
1992-08-28,13.5,23.43,21.34,27.11,nasa,0.76
1992-08-29,4.92,23.37,21.39,26.45,nasa,0.75
1992-08-30,4.38,23.37,21.46,26.14,nasa,0.73
1992-08-31,1.97,23.58,21.74,26.57,nasa,0.72
1992-09-01,6.34,23.67,21.74,26.38,nasa,0.71
1992-09-02,4.88,23.49,21.32,26.72,nasa,0.71
1992-09-03,7.11,23.33,21.49,26.12,nasa,0.71
1992-09-04,5.03,22.64,20.69,24.67,nasa,0.71
1992-09-05,1.19,23.03,20.62,26.67,nasa,0.71
1992-09-06,0.0,23.47,20.57,27.61,nasa,0.7
1992-09-07,0.0,23.32,21.41,26.11,nasa,0.7
1992-09-08,0.28,23.39,21.16,26.66,nasa,0.69
1992-09-09,2.73,23.01,20.66,26.11,nasa,0.69
1992-09-10,1.38,22.71,21.09,25.31,nasa,0.69
1992-09-11,8.68,23.13,20.06,26.87,nasa,0.69
1992-09-12,9.42,22.98,21.08,25.55,nasa,0.7
1992-09-13,0.33,23.21,20.7,26.97,nasa,0.71
1992-09-14,0.66,23.87,20.06,28.64,nasa,0.7
1992-09-15,0.03,24.23,21.13,28.93,nasa,0.69
1992-09-16,4.06,23.06,20.39,26.07,nasa,0.69
1992-09-17,22.03,21.72,18.6,25.14,nasa,0.71
1992-09-18,1.07,22.1,19.46,26.1,nasa,0.72
1992-09-19,1.4,22.54,20.19,25.71,nasa,0.71
1992-09-20,19.52,22.97,20.3,26.98,nasa,0.72
1992-09-21,0.7,22.98,20.79,26.19,nasa,0.73
1992-09-22,4.45,22.68,20.72,25.36,nasa,0.72
1992-09-23,19.34,23.18,21.03,26.8,nasa,0.73
1992-09-24,0.45,23.66,20.04,28.35,nasa,0.73
1992-09-25,0.53,24.19,21.31,28.7,nasa,0.72
1992-09-26,0.69,23.82,20.34,28.33,nasa,0.71
1992-09-27,3.14,22.63,20.11,25.73,nasa,0.71
1992-09-28,4.57,23.52,19.66,28.04,nasa,0.71
1992-09-29,28.12,22.56,19.79,26.39,nasa,0.73
1992-09-30,4.59,22.71,20.02,26.44,nasa,0.74
1992-10-01,1.96,23.27,20.24,27.98,nasa,0.73
1992-10-02,2.77,22.5,18.94,26.82,nasa,0.72
1992-10-03,0.69,23.12,19.29,28.8,nasa,0.71
1992-10-04,0.5,22.9,18.77,28.34,nasa,0.71
1992-10-05,0.68,22.38,18.43,27.72,nasa,0.7
1992-10-06,18.41,22.86,19.0,27.74,nasa,0.71
1992-10-07,7.01,22.77,20.48,26.16,nasa,0.72
1992-10-08,10.31,23.35,20.37,28.67,nasa,0.73
1992-10-09,13.72,22.89,20.76,26.07,nasa,0.73
1992-10-10,13.51,22.36,20.59,25.14,nasa,0.74
1992-10-11,33.07,22.56,20.05,26.79,nasa,0.76
1992-10-12,35.26,22.16,19.57,26.31,nasa,0.8
1992-10-13,33.4,22.14,18.96,27.0,nasa,0.82
1992-10-14,4.52,22.12,18.19,27.11,nasa,0.81
1992-10-15,5.88,21.93,18.89,26.39,nasa,0.79
1992-10-16,9.95,21.69,17.49,27.08,nasa,0.78
1992-10-17,13.63,21.13,17.71,25.84,nasa,0.78
1992-10-18,1.21,21.27,17.16,26.79,nasa,0.78
1992-10-19,1.53,21.9,17.64,27.41,nasa,0.76
1992-10-20,5.78,21.51,19.16,24.43,nasa,0.76
1992-10-21,7.71,21.88,19.92,24.78,nasa,0.76
1992-10-22,23.47,21.71,19.91,23.93,nasa,0.78
1992-10-23,7.74,22.07,20.13,24.65,nasa,0.79
1992-10-24,8.21,23.14,20.38,27.07,nasa,0.79
1992-10-25,6.27,21.77,20.28,24.46,nasa,0.79
1992-10-26,1.06,21.46,17.82,25.94,nasa,0.78
1992-10-27,4.28,19.86,17.37,23.63,nasa,0.77
1992-10-28,45.04,22.16,18.26,27.45,nasa,0.8
1992-10-29,19.0,22.33,19.8,26.27,nasa,0.82
1992-10-30,42.34,21.5,19.2,25.16,nasa,0.85
1992-10-31,0.37,21.74,18.16,26.58,nasa,0.84
1992-11-01,0.45,21.82,19.26,26.07,nasa,0.82
1992-11-02,2.68,21.63,18.64,26.14,nasa,0.8
1992-11-03,0.74,21.63,19.43,25.98,nasa,0.8
1992-11-04,0.44,21.42,18.85,25.88,nasa,0.79
1992-11-05,0.94,21.31,18.44,25.95,nasa,0.78
1992-11-06,3.72,20.99,18.6,25.27,nasa,0.78
1992-11-07,0.03,21.38,18.07,26.55,nasa,0.78
1992-11-08,0.16,20.83,18.03,25.62,nasa,0.77
1992-11-09,8.11,19.72,17.5,23.59,nasa,0.77
1992-11-10,0.14,19.09,17.12,22.91,nasa,0.77
1992-11-11,0.83,20.14,17.11,24.73,nasa,0.77
1992-11-12,1.9,20.66,18.54,24.79,nasa,0.76
1992-11-13,5.99,20.19,18.17,24.51,nasa,0.76
1992-11-14,11.25,20.64,18.86,23.59,nasa,0.77
1992-11-15,0.66,21.02,18.81,24.72,nasa,0.77
1992-11-16,0.42,21.02,18.66,25.25,nasa,0.77
1992-11-17,7.93,21.3,18.57,25.94,nasa,0.76
1992-11-18,1.56,22.12,19.15,27.15,nasa,0.76
1992-11-19,2.15,21.9,18.82,26.98,nasa,0.76
1992-11-20,2.41,20.71,18.28,25.19,nasa,0.76
1992-11-21,0.3,20.16,16.9,24.62,nasa,0.75
1992-11-22,0.21,19.83,16.3,25.26,nasa,0.75
1992-11-23,2.96,19.4,15.87,24.58,nasa,0.75
1992-11-24,0.02,20.01,16.91,25.22,nasa,0.74
1992-11-25,0.28,19.85,16.74,24.86,nasa,0.74
1992-11-26,1.14,18.51,15.99,23.21,nasa,0.74
1992-11-27,7.62,19.33,16.53,23.85,nasa,0.74
1992-11-28,6.58,19.2,15.91,23.38,nasa,0.75
1992-11-29,0.09,17.32,13.36,22.2,nasa,0.74
1992-11-30,0.0,16.74,12.74,22.62,nasa,0.74
1992-12-01,0.0,17.44,12.81,23.07,nasa,0.73
1992-12-02,0.04,19.45,16.05,24.44,nasa,0.73
1992-12-03,0.36,20.81,17.58,25.17,nasa,0.73
1992-12-04,0.49,21.24,19.18,25.23,nasa,0.72
1992-12-05,0.23,20.88,18.74,24.73,nasa,0.72
1992-12-06,0.15,21.22,18.89,25.61,nasa,0.72
1992-12-07,0.04,20.88,18.34,25.76,nasa,0.72
1992-12-08,0.77,20.63,17.64,25.11,nasa,0.71
1992-12-09,1.4,20.74,18.07,25.15,nasa,0.71
1992-12-10,0.01,21.38,18.16,26.6,nasa,0.71
1992-12-11,0.09,20.43,17.09,25.49,nasa,0.71
1992-12-12,0.01,20.11,16.16,25.71,nasa,0.71
1992-12-13,0.0,20.65,16.22,26.38,nasa,0.7
1992-12-14,0.0,20.43,15.96,26.37,nasa,0.7
1992-12-15,0.01,19.05,15.77,23.84,nasa,0.7
1992-12-16,0.25,19.29,16.7,23.79,nasa,0.69
1992-12-17,0.0,18.25,15.11,23.01,nasa,0.69
1992-12-18,0.04,18.8,14.63,24.25,nasa,0.69
1992-12-19,0.36,20.49,17.16,25.66,nasa,0.69
1992-12-20,0.03,21.05,17.56,26.16,nasa,0.69
1992-12-21,0.33,21.18,18.2,25.77,nasa,0.68
1992-12-22,0.02,20.65,17.97,24.67,nasa,0.68
1992-12-23,0.23,19.81,17.76,23.09,nasa,0.68
1992-12-24,1.16,20.11,18.31,23.34,nasa,0.68
1992-12-25,3.85,20.92,17.94,25.27,nasa,0.68
1992-12-26,3.1,21.26,18.27,26.39,nasa,0.69
1992-12-27,0.0,21.58,17.58,26.93,nasa,0.69
1992-12-28,0.0,21.98,18.0,27.34,nasa,0.68
1992-12-29,0.0,21.77,18.17,26.98,nasa,0.68
1992-12-30,0.02,21.2,17.94,26.18,nasa,0.67
1992-12-31,0.26,20.35,17.04,25.24,nasa,0.67
1993-01-01,0.06,20.56,17.4,25.62,nasa,0.67
1993-01-02,0.44,20.04,16.92,25.05,nasa,0.66
1993-01-03,0.0,19.4,15.5,25.14,nasa,0.66
1993-01-04,0.0,20.14,15.77,26.26,nasa,0.66
1993-01-05,0.0,19.85,15.69,25.47,nasa,0.65
1993-01-06,0.0,19.93,15.12,26.12,nasa,0.65
1993-01-07,0.0,19.36,14.84,25.28,nasa,0.65
1993-01-08,0.0,20.2,17.13,25.21,nasa,0.65
1993-01-09,0.0,19.96,15.89,25.92,nasa,0.64
1993-01-10,0.0,20.67,16.58,26.6,nasa,0.64
1993-01-11,0.0,20.28,16.55,25.99,nasa,0.64
1993-01-12,0.0,19.5,15.3,25.25,nasa,0.63
1993-01-13,0.09,21.29,16.68,27.3,nasa,0.63
1993-01-14,0.15,22.48,19.01,27.89,nasa,0.63
1993-01-15,0.75,22.07,19.03,26.61,nasa,0.63
1993-01-16,1.2,18.8,15.26,23.31,nasa,0.63
1993-01-17,0.03,18.86,15.18,24.39,nasa,0.63
1993-01-18,0.0,19.23,16.02,24.65,nasa,0.62
1993-01-19,0.0,18.83,15.37,24.26,nasa,0.62
1993-01-20,0.0,18.33,14.37,24.22,nasa,0.62
1993-01-21,0.0,18.64,15.12,24.1,nasa,0.61
1993-01-22,0.0,19.13,15.16,24.84,nasa,0.61
1993-01-23,0.0,19.49,15.14,25.65,nasa,0.61
1993-01-24,0.0,19.46,15.46,25.46,nasa,0.61
1993-01-25,0.3,17.53,14.94,21.65,nasa,0.61
1993-01-26,0.22,17.64,14.06,22.47,nasa,0.61
1993-01-27,0.04,16.99,13.34,21.92,nasa,0.61
1993-01-28,0.02,15.42,12.41,20.39,nasa,0.6
1993-01-29,0.0,15.07,11.06,20.77,nasa,0.6
1993-01-30,0.0,15.19,10.57,21.17,nasa,0.6
1993-01-31,0.0,16.72,13.07,21.94,nasa,0.6
1993-02-01,0.01,17.26,13.93,22.4,nasa,0.6
1993-02-02,0.24,17.63,13.58,23.55,nasa,0.6
1993-02-03,0.77,18.39,15.49,23.51,nasa,0.59
1993-02-04,0.33,18.27,15.01,23.79,nasa,0.59
1993-02-05,0.06,18.7,14.33,24.83,nasa,0.59
1993-02-06,0.0,19.82,14.33,27.03,nasa,0.59
1993-02-07,0.0,20.75,14.85,27.51,nasa,0.58
1993-02-08,0.0,20.78,16.24,26.93,nasa,0.58
1993-02-09,0.0,20.04,15.62,26.05,nasa,0.58
1993-02-10,0.0,18.73,14.67,25.33,nasa,0.58
1993-02-11,0.0,18.46,13.49,25.5,nasa,0.57
1993-02-12,0.03,18.82,14.48,25.24,nasa,0.57
1993-02-13,0.0,18.25,13.23,25.48,nasa,0.57
1993-02-14,0.0,18.81,12.96,26.17,nasa,0.56
1993-02-15,0.02,20.22,13.74,28.07,nasa,0.56
1993-02-16,0.01,21.29,15.44,28.57,nasa,0.56
1993-02-17,0.0,21.12,15.75,28.97,nasa,0.55
1993-02-18,0.0,20.64,14.62,28.79,nasa,0.55
1993-02-19,0.0,21.57,14.43,30.19,nasa,0.55
1993-02-20,0.0,22.43,15.55,30.59,nasa,0.54
1993-02-21,0.0,23.4,18.1,30.96,nasa,0.54
1993-02-22,0.0,23.18,16.97,31.28,nasa,0.54
1993-02-23,0.0,20.89,15.02,28.37,nasa,0.53
1993-02-24,0.01,20.99,16.29,28.14,nasa,0.53
1993-02-25,0.0,21.38,15.94,28.68,nasa,0.53
1993-02-26,0.0,22.02,16.56,29.45,nasa,0.53
1993-02-27,0.0,22.47,16.05,30.58,nasa,0.53
1993-02-28,0.01,22.76,16.22,30.76,nasa,0.52
1993-03-01,0.9,21.7,17.57,28.35,nasa,0.52
1993-03-02,3.56,20.71,17.3,26.48,nasa,0.52
1993-03-03,0.0,20.79,15.91,27.81,nasa,0.53
1993-03-04,0.0,19.74,14.43,27.24,nasa,0.52
1993-03-05,0.0,20.95,14.27,29.64,nasa,0.52
1993-03-06,0.0,22.28,15.08,30.68,nasa,0.52
1993-03-07,0.0,22.51,17.38,29.68,nasa,0.52
1993-03-08,0.02,22.67,18.01,29.6,nasa,0.52
1993-03-09,0.0,22.05,17.38,29.15,nasa,0.51
1993-03-10,0.0,22.57,17.95,29.49,nasa,0.51
1993-03-11,0.0,22.57,17.6,29.54,nasa,0.51
1993-03-12,0.0,23.24,17.35,31.18,nasa,0.51
1993-03-13,0.0,23.42,16.97,31.84,nasa,0.51
1993-03-14,0.0,24.29,17.89,31.6,nasa,0.51
1993-03-15,0.03,25.35,20.27,31.77,nasa,0.51
1993-03-16,0.19,25.25,19.95,31.54,nasa,0.51
1993-03-17,0.09,25.87,20.53,32.1,nasa,0.51
1993-03-18,0.3,25.3,20.09,31.18,nasa,0.5
1993-03-19,7.04,23.59,20.99,28.79,nasa,0.51
1993-03-20,12.29,22.04,19.75,26.22,nasa,0.53
1993-03-21,0.01,22.76,18.86,28.52,nasa,0.54
1993-03-22,0.0,23.17,19.12,29.61,nasa,0.54
1993-03-23,0.0,23.19,17.39,31.15,nasa,0.53
1993-03-24,0.0,23.68,16.29,32.35,nasa,0.52
1993-03-25,0.0,24.56,17.54,33.25,nasa,0.52
1993-03-26,0.0,24.68,17.1,33.35,nasa,0.51
1993-03-27,0.0,25.58,17.99,33.86,nasa,0.51
1993-03-28,0.0,26.51,19.74,33.75,nasa,0.5
1993-03-29,0.0,27.13,20.63,35.09,nasa,0.5
1993-03-30,0.0,25.25,16.94,34.27,nasa,0.5
1993-03-31,0.0,26.68,19.39,35.12,nasa,0.49
1993-04-01,0.0,27.21,20.1,34.88,nasa,0.49
1993-04-02,0.0,27.69,21.12,35.37,nasa,0.49
1993-04-03,0.0,27.78,20.9,35.1,nasa,0.49
1993-04-04,0.0,28.54,21.08,37.35,nasa,0.49
1993-04-05,0.0,27.7,21.22,36.3,nasa,0.49
1993-04-06,0.0,26.77,20.31,35.58,nasa,0.48
1993-04-07,0.01,25.87,18.21,35.24,nasa,0.48
1993-04-08,0.0,24.61,18.06,32.52,nasa,0.48
1993-04-09,0.0,24.78,19.69,32.24,nasa,0.48
1993-04-10,0.01,24.78,18.87,32.47,nasa,0.48
1993-04-11,0.77,24.95,19.26,32.64,nasa,0.48
1993-04-12,0.0,24.89,18.07,32.98,nasa,0.48
1993-04-13,0.25,24.81,18.62,32.7,nasa,0.48
1993-04-14,3.32,23.89,20.11,29.86,nasa,0.48
1993-04-15,0.06,25.4,20.24,32.63,nasa,0.49
1993-04-16,0.01,25.98,20.22,32.87,nasa,0.49
1993-04-17,1.53,26.07,21.76,31.78,nasa,0.49
1993-04-18,5.78,25.6,21.85,31.78,nasa,0.49
1993-04-19,0.02,24.98,22.28,28.58,nasa,0.5
1993-04-20,0.14,27.18,21.14,34.69,nasa,0.5
1993-04-21,0.0,26.68,21.95,33.25,nasa,0.49
1993-04-22,0.0,27.1,20.41,35.01,nasa,0.49
1993-04-23,0.0,26.04,22.02,31.87,nasa,0.49
1993-04-24,0.0,27.08,20.62,33.67,nasa,0.49
1993-04-25,0.0,28.12,21.67,35.76,nasa,0.49
1993-04-26,0.0,27.64,19.43,36.91,nasa,0.48
1993-04-27,0.0,28.07,20.27,36.09,nasa,0.48
1993-04-28,0.0,28.41,22.63,35.86,nasa,0.48
1993-04-29,0.0,27.46,23.12,33.34,nasa,0.48
1993-04-30,0.0,27.42,23.11,33.75,nasa,0.48
1993-05-01,0.0,28.44,23.1,35.03,nasa,0.48
1993-05-02,0.0,27.97,23.39,34.27,nasa,0.48
1993-05-03,0.0,28.92,23.22,35.55,nasa,0.47
1993-05-04,0.0,28.85,22.3,36.6,nasa,0.47
1993-05-05,0.0,28.96,22.14,37.17,nasa,0.47
1993-05-06,0.0,28.84,22.58,36.44,nasa,0.47
1993-05-07,0.0,28.99,21.75,36.66,nasa,0.47
1993-05-08,0.0,27.95,23.11,33.7,nasa,0.47
1993-05-09,1.83,27.77,23.01,34.13,nasa,0.47
1993-05-10,10.03,26.14,22.2,31.95,nasa,0.48
1993-05-11,0.26,26.31,22.14,32.46,nasa,0.49
1993-05-12,0.0,26.43,21.53,33.82,nasa,0.49
1993-05-13,0.0,27.29,21.57,34.83,nasa,0.48
1993-05-14,0.32,26.93,20.68,34.66,nasa,0.48
1993-05-15,1.4,25.66,20.77,32.54,nasa,0.48
1993-05-16,8.03,24.55,20.15,30.91,nasa,0.48
1993-05-17,16.68,24.8,20.21,31.43,nasa,0.51
1993-05-18,8.73,24.05,21.15,29.5,nasa,0.53
1993-05-19,11.46,24.13,20.2,30.1,nasa,0.54
1993-05-20,0.0,24.81,21.06,30.62,nasa,0.54
1993-05-21,0.15,24.75,20.95,29.87,nasa,0.53
1993-05-22,2.24,25.24,20.93,30.87,nasa,0.53
1993-05-23,11.2,24.49,20.51,29.98,nasa,0.53
1993-05-24,7.71,24.49,21.23,28.36,nasa,0.54
1993-05-25,14.16,24.28,21.62,28.34,nasa,0.56
1993-05-26,1.25,25.61,21.35,31.0,nasa,0.56
1993-05-27,0.79,25.67,21.95,31.18,nasa,0.55
1993-05-28,1.06,25.0,21.66,28.83,nasa,0.54
1993-05-29,2.18,26.25,21.49,32.01,nasa,0.54
1993-05-30,1.72,25.55,20.97,32.11,nasa,0.53
1993-05-31,0.0,26.77,20.47,33.9,nasa,0.52
1993-06-01,0.0,27.61,22.24,33.8,nasa,0.51
1993-06-02,0.18,27.23,23.45,31.84,nasa,0.51
1993-06-03,1.85,26.52,23.37,31.93,nasa,0.51
1993-06-04,0.0,26.44,23.1,30.89,nasa,0.5
1993-06-05,0.76,24.99,22.87,27.86,nasa,0.5
1993-06-06,4.71,24.57,22.21,28.04,nasa,0.5
1993-06-07,2.51,24.94,21.79,29.59,nasa,0.51
1993-06-08,2.28,25.36,21.85,30.37,nasa,0.51
1993-06-09,3.2,24.32,21.86,27.81,nasa,0.51
1993-06-10,0.56,25.13,22.01,30.02,nasa,0.51
1993-06-11,7.96,23.99,21.91,27.38,nasa,0.51
1993-06-12,11.28,23.81,21.67,27.59,nasa,0.53
1993-06-13,0.33,24.9,21.12,30.23,nasa,0.53
1993-06-14,5.7,24.67,21.75,29.19,nasa,0.53
1993-06-15,0.77,24.48,22.02,28.08,nasa,0.53
1993-06-16,2.35,24.8,21.54,29.27,nasa,0.53
1993-06-17,2.93,24.53,21.02,28.94,nasa,0.53
1993-06-18,2.59,25.53,20.78,31.62,nasa,0.52
1993-06-19,0.83,24.54,21.96,28.3,nasa,0.52
1993-06-20,1.37,24.8,21.84,29.06,nasa,0.52
1993-06-21,2.96,24.53,21.68,28.51,nasa,0.51
1993-06-22,12.3,23.4,21.75,25.46,nasa,0.52
1993-06-23,28.44,23.88,21.12,28.38,nasa,0.56
1993-06-24,1.54,23.43,20.7,27.24,nasa,0.58
1993-06-25,0.02,24.45,21.08,28.96,nasa,0.57
1993-06-26,2.14,23.96,21.75,27.36,nasa,0.55
1993-06-27,25.06,23.82,21.31,27.04,nasa,0.57
1993-06-28,7.87,23.69,21.48,26.82,nasa,0.6
1993-06-29,1.43,24.04,21.32,27.81,nasa,0.59
1993-06-30,0.6,23.64,21.17,27.42,nasa,0.58
1993-07-01,0.02,25.29,20.3,31.05,nasa,0.57
1993-07-02,0.3,24.94,21.15,29.97,nasa,0.55
1993-07-03,2.0,24.14,20.86,28.61,nasa,0.55
1993-07-04,6.71,24.05,20.85,27.88,nasa,0.54
1993-07-05,3.44,23.85,21.16,28.35,nasa,0.55
1993-07-06,1.5,23.45,20.85,26.88,nasa,0.55
1993-07-07,0.23,23.77,20.97,27.51,nasa,0.54
1993-07-08,1.26,23.28,21.45,25.41,nasa,0.54
1993-07-09,8.17,23.22,20.94,26.79,nasa,0.54
1993-07-10,4.64,23.19,20.66,27.26,nasa,0.55
1993-07-11,4.32,22.81,20.19,26.01,nasa,0.55
1993-07-12,4.15,23.39,20.52,27.78,nasa,0.55
1993-07-13,12.87,23.31,20.26,27.35,nasa,0.56
1993-07-14,1.87,24.32,20.78,29.11,nasa,0.56
1993-07-15,0.34,24.42,21.52,28.44,nasa,0.56
1993-07-16,2.39,24.38,20.82,28.29,nasa,0.55
1993-07-17,0.02,24.95,21.26,29.78,nasa,0.55
1993-07-18,0.16,25.4,21.19,30.47,nasa,0.54
1993-07-19,0.41,25.31,21.85,29.92,nasa,0.53
1993-07-20,0.0,25.18,22.15,29.49,nasa,0.53
1993-07-21,0.05,25.03,21.6,28.96,nasa,0.52
1993-07-22,0.17,25.22,21.71,29.75,nasa,0.52
1993-07-23,0.77,24.24,21.79,27.47,nasa,0.52
1993-07-24,0.43,24.5,21.49,29.01,nasa,0.51
1993-07-25,3.09,24.69,22.01,29.23,nasa,0.51
1993-07-26,4.72,24.98,21.63,29.33,nasa,0.52
1993-07-27,10.48,24.32,22.1,27.96,nasa,0.53
1993-07-28,3.59,24.14,21.76,28.53,nasa,0.54
1993-07-29,2.97,23.49,21.37,26.78,nasa,0.54
1993-07-30,7.48,23.4,21.18,26.62,nasa,0.54
1993-07-31,2.14,23.52,21.44,26.88,nasa,0.54
1993-08-01,0.34,23.96,21.22,28.01,nasa,0.54
1993-08-02,0.66,23.47,20.24,27.03,nasa,0.53
1993-08-03,9.33,23.24,19.42,28.5,nasa,0.53
1993-08-04,3.97,24.14,19.92,29.77,nasa,0.54
1993-08-05,12.7,23.34,20.44,27.19,nasa,0.55
1993-08-06,19.28,23.03,20.49,26.13,nasa,0.58
1993-08-07,1.29,23.63,21.02,26.58,nasa,0.58
1993-08-08,5.36,23.53,20.85,27.17,nasa,0.58
1993-08-09,3.05,23.02,20.23,27.21,nasa,0.57
1993-08-10,2.81,22.87,20.32,26.64,nasa,0.57
1993-08-11,1.96,23.91,20.39,28.35,nasa,0.56
1993-08-12,2.52,23.61,20.88,27.54,nasa,0.55
1993-08-13,6.62,22.86,20.12,27.08,nasa,0.55
1993-08-14,0.88,23.63,20.25,27.74,nasa,0.55
1993-08-15,4.67,22.75,20.96,26.0,nasa,0.55
1993-08-16,0.01,23.66,21.04,26.62,nasa,0.55
1993-08-17,1.13,23.36,20.95,27.0,nasa,0.54
1993-08-18,1.08,23.45,20.03,28.24,nasa,0.54
1993-08-19,1.66,22.54,20.67,25.68,nasa,0.54
1993-08-20,1.07,23.0,19.54,27.57,nasa,0.53
1993-08-21,0.17,24.49,21.29,28.86,nasa,0.53
1993-08-22,1.64,23.81,20.95,28.47,nasa,0.52
1993-08-23,3.31,23.69,20.37,27.94,nasa,0.52
1993-08-24,0.01,24.61,21.78,28.91,nasa,0.53
1993-08-25,0.0,24.1,21.58,26.93,nasa,0.52
1993-08-26,0.0,25.62,21.03,30.8,nasa,0.52
1993-08-27,1.06,24.54,21.58,28.37,nasa,0.52
1993-08-28,6.6,22.58,19.77,26.36,nasa,0.52
1993-08-29,6.8,23.17,19.4,28.96,nasa,0.53
1993-08-30,9.17,24.14,19.84,29.76,nasa,0.53
1993-08-31,48.11,23.34,20.85,27.22,nasa,0.58
1993-09-01,4.25,23.39,21.22,26.42,nasa,0.62
1993-09-02,6.04,23.26,20.58,27.22,nasa,0.61
1993-09-03,11.31,23.49,20.09,27.72,nasa,0.61
1993-09-04,2.48,23.05,20.94,26.09,nasa,0.61
1993-09-05,0.0,23.07,20.58,26.53,nasa,0.6
1993-09-06,1.22,23.1,20.9,26.71,nasa,0.59
1993-09-07,4.26,22.74,20.52,26.27,nasa,0.58
1993-09-08,9.14,22.7,20.11,25.96,nasa,0.58
1993-09-09,8.06,22.63,20.54,25.34,nasa,0.59
1993-09-10,2.06,23.1,20.27,27.27,nasa,0.6
1993-09-11,6.1,23.04,20.04,26.85,nasa,0.59
1993-09-12,11.29,22.91,20.38,26.65,nasa,0.6
1993-09-13,8.76,22.2,20.66,24.87,nasa,0.61
1993-09-14,7.64,22.91,20.97,25.99,nasa,0.61
1993-09-15,5.73,22.17,19.56,25.42,nasa,0.61
1993-09-16,4.36,22.57,19.88,26.18,nasa,0.61
1993-09-17,2.29,23.01,20.32,27.12,nasa,0.6
1993-09-18,9.76,22.66,20.24,25.97,nasa,0.6
1993-09-19,3.99,23.07,20.01,27.52,nasa,0.6
1993-09-20,7.23,22.2,19.63,25.51,nasa,0.61
1993-09-21,2.06,24.59,19.44,30.54,nasa,0.6
1993-09-22,8.55,24.19,20.62,28.73,nasa,0.6
1993-09-23,3.33,23.5,21.01,26.65,nasa,0.6
1993-09-24,21.84,23.15,21.57,25.28,nasa,0.61
1993-09-25,10.36,22.68,20.89,25.41,nasa,0.64
1993-09-26,2.82,22.93,20.36,26.31,nasa,0.64
1993-09-27,9.24,23.69,20.2,27.71,nasa,0.64
1993-09-28,3.51,23.74,21.44,27.08,nasa,0.63
1993-09-29,6.26,23.96,20.53,28.29,nasa,0.63
1993-09-30,4.44,24.32,20.87,28.61,nasa,0.62
1993-10-01,5.95,24.04,20.45,29.18,nasa,0.62
1993-10-02,3.71,23.83,20.69,28.58,nasa,0.62
1993-10-03,26.04,22.95,21.05,25.18,nasa,0.63
1993-10-04,49.71,21.84,20.12,23.92,nasa,0.7
1993-10-05,11.69,21.7,19.34,25.57,nasa,0.72
1993-10-06,7.25,23.19,19.38,28.52,nasa,0.71
1993-10-07,17.16,21.96,19.69,24.69,nasa,0.7
1993-10-08,55.05,22.53,19.23,27.72,nasa,0.74
1993-10-09,10.89,21.62,17.53,27.17,nasa,0.77
1993-10-10,0.03,21.19,17.11,26.99,nasa,0.74
1993-10-11,3.95,21.36,16.39,27.19,nasa,0.71
1993-10-12,11.92,22.26,18.5,27.65,nasa,0.71
1993-10-13,1.21,21.27,18.99,24.42,nasa,0.7
1993-10-14,12.48,21.8,18.52,26.74,nasa,0.69
1993-10-15,4.68,22.27,18.87,27.33,nasa,0.69
1993-10-16,13.16,22.44,19.37,26.82,nasa,0.69
1993-10-17,1.61,23.34,20.23,27.68,nasa,0.69
1993-10-18,3.78,22.83,20.11,27.2,nasa,0.68
1993-10-19,1.37,22.16,19.4,26.41,nasa,0.67
1993-10-20,2.28,21.8,18.92,25.39,nasa,0.67
1993-10-21,18.1,22.02,19.93,24.89,nasa,0.68
1993-10-22,13.01,21.82,18.45,25.7,nasa,0.7
1993-10-23,1.98,21.99,19.83,24.81,nasa,0.7
1993-10-24,4.85,21.64,19.42,25.05,nasa,0.69
1993-10-25,0.74,21.88,19.35,25.14,nasa,0.69
1993-10-26,7.13,22.22,19.56,26.15,nasa,0.68
1993-10-27,7.21,22.2,19.8,26.12,nasa,0.69
1993-10-28,6.61,22.39,19.36,27.28,nasa,0.69
1993-10-29,0.5,22.42,19.28,27.13,nasa,0.68
1993-10-30,2.75,22.0,19.31,26.42,nasa,0.67
1993-10-31,10.47,21.72,19.06,26.29,nasa,0.67
1993-11-01,0.04,20.52,16.45,25.44,nasa,0.67
1993-11-02,0.0,19.55,15.28,25.53,nasa,0.66
1993-11-03,0.0,19.81,13.74,26.65,nasa,0.65
1993-11-04,0.0,21.24,15.45,27.96,nasa,0.65
1993-11-05,0.0,22.33,18.04,28.35,nasa,0.64
1993-11-06,0.0,22.05,17.66,27.93,nasa,0.63
1993-11-07,0.0,22.28,18.08,28.27,nasa,0.63
1993-11-08,0.02,22.8,18.32,29.04,nasa,0.62
1993-11-09,0.91,22.14,18.41,27.54,nasa,0.62
1993-11-10,1.76,22.39,19.03,27.87,nasa,0.62
1993-11-11,0.57,22.05,18.64,27.63,nasa,0.61
1993-11-12,0.0,21.63,17.93,27.23,nasa,0.61
1993-11-13,0.05,21.36,17.19,27.42,nasa,0.61
1993-11-14,0.7,21.23,16.89,27.33,nasa,0.6
1993-11-15,0.0,21.84,18.0,27.45,nasa,0.6
1993-11-16,0.2,21.84,17.33,27.76,nasa,0.6
1993-11-17,4.92,21.5,17.9,26.07,nasa,0.6
1993-11-18,9.27,22.28,19.05,27.65,nasa,0.61
1993-11-19,6.91,21.89,19.23,26.79,nasa,0.62
1993-11-20,2.41,22.35,18.85,27.58,nasa,0.62
1993-11-21,10.27,21.74,19.32,26.32,nasa,0.63
1993-11-22,2.46,20.65,18.02,25.12,nasa,0.63
1993-11-23,21.6,20.93,18.19,25.78,nasa,0.64
1993-11-24,9.86,21.43,19.46,24.17,nasa,0.67
1993-11-25,2.26,22.01,19.16,26.21,nasa,0.66
1993-11-26,9.87,21.82,19.73,24.73,nasa,0.66
1993-11-27,41.66,22.1,20.91,24.49,nasa,0.71
1993-11-28,9.66,22.38,20.01,26.19,nasa,0.71
1993-11-29,29.35,21.6,20.07,24.81,nasa,0.74
1993-11-30,0.63,22.26,19.9,26.39,nasa,0.73
1993-12-01,0.01,21.89,19.14,26.47,nasa,0.7
1993-12-02,0.17,22.11,18.56,27.18,nasa,0.69
1993-12-03,0.65,22.04,18.89,26.84,nasa,0.67
1993-12-04,11.16,21.95,19.66,25.35,nasa,0.67
1993-12-05,43.28,21.29,19.26,24.28,nasa,0.71
1993-12-06,4.55,19.77,17.23,23.47,nasa,0.73
1993-12-07,0.21,18.16,14.86,22.7,nasa,0.71
1993-12-08,4.14,19.65,15.01,24.6,nasa,0.69
1993-12-09,25.28,22.04,19.28,24.87,nasa,0.71
1993-12-10,4.66,22.21,19.12,27.32,nasa,0.72
1993-12-11,11.74,21.69,19.08,26.58,nasa,0.72
1993-12-12,0.0,21.89,17.76,27.32,nasa,0.71
1993-12-13,1.1,22.29,18.82,27.41,nasa,0.7
1993-12-14,9.82,21.25,18.95,25.18,nasa,0.7
1993-12-15,1.9,22.12,19.95,26.12,nasa,0.7
1993-12-16,5.17,20.78,18.28,24.88,nasa,0.69
1993-12-17,2.02,18.62,16.97,22.09,nasa,0.69
1993-12-18,0.32,18.97,16.62,23.28,nasa,0.68
1993-12-19,0.0,18.68,15.98,23.26,nasa,0.68
1993-12-20,0.14,19.84,15.97,25.16,nasa,0.67
1993-12-21,3.23,19.61,17.03,23.81,nasa,0.67
1993-12-22,0.9,18.65,16.58,22.73,nasa,0.67
1993-12-23,0.29,18.35,16.14,22.46,nasa,0.66
1993-12-24,0.17,18.77,16.13,23.24,nasa,0.66
1993-12-25,0.38,17.39,14.56,21.27,nasa,0.66
1993-12-26,0.02,17.85,14.17,23.18,nasa,0.66
1993-12-27,0.26,17.41,14.33,21.22,nasa,0.65
1993-12-28,2.77,18.15,13.82,24.26,nasa,0.65
1993-12-29,0.42,19.13,15.93,24.36,nasa,0.65
1993-12-30,0.01,19.49,14.99,25.35,nasa,0.65
1993-12-31,0.22,20.14,16.59,25.3,nasa,0.65
1994-01-01,0.0,19.44,16.82,23.7,nasa,0.64
1994-01-02,0.06,20.34,16.61,25.99,nasa,0.64
1994-01-03,0.65,21.08,17.17,26.77,nasa,0.64
1994-01-04,0.52,20.65,16.99,26.05,nasa,0.64
1994-01-05,0.0,19.93,16.3,25.51,nasa,0.63
1994-01-06,0.0,18.78,15.22,24.34,nasa,0.63
1994-01-07,0.0,19.84,15.76,25.7,nasa,0.63
1994-01-08,0.01,21.14,15.82,27.53,nasa,0.63
1994-01-09,0.09,22.23,18.06,28.09,nasa,0.62
1994-01-10,1.16,22.38,18.45,28.23,nasa,0.62
1994-01-11,3.22,21.3,18.05,26.55,nasa,0.62
1994-01-12,0.0,21.17,16.59,27.66,nasa,0.62
1994-01-13,0.0,20.19,15.29,26.81,nasa,0.61
1994-01-14,0.0,19.0,14.81,25.28,nasa,0.61
1994-01-15,0.0,18.92,14.15,25.66,nasa,0.61
1994-01-16,0.0,19.29,13.85,26.8,nasa,0.61
1994-01-17,0.0,19.23,13.91,26.78,nasa,0.6
1994-01-18,0.06,18.65,12.28,25.95,nasa,0.6
1994-01-19,0.63,19.71,15.98,24.78,nasa,0.6
1994-01-20,0.75,19.56,16.43,24.99,nasa,0.6
1994-01-21,0.19,18.82,15.24,23.96,nasa,0.6
1994-01-22,0.29,17.86,14.02,23.42,nasa,0.6
1994-01-23,0.0,17.24,14.12,22.48,nasa,0.59
1994-01-24,0.0,17.5,13.4,23.61,nasa,0.59
1994-01-25,0.0,17.95,13.28,24.49,nasa,0.59
1994-01-26,0.0,19.45,14.18,26.64,nasa,0.59
1994-01-27,0.0,18.88,14.84,25.33,nasa,0.59
1994-01-28,0.0,18.59,13.78,25.92,nasa,0.59
1994-01-29,0.0,19.95,13.61,27.5,nasa,0.58
1994-01-30,0.01,20.74,16.78,27.06,nasa,0.58
1994-01-31,0.0,20.28,15.47,26.88,nasa,0.58
1994-02-01,0.21,20.88,15.67,27.2,nasa,0.58
1994-02-02,3.09,20.65,17.78,24.64,nasa,0.58
1994-02-03,0.21,21.75,18.93,26.83,nasa,0.58
1994-02-04,0.0,21.8,17.67,28.17,nasa,0.58
1994-02-05,0.01,22.53,16.69,29.65,nasa,0.57
1994-02-06,0.0,23.36,17.7,30.29,nasa,0.57
1994-02-07,0.0,23.61,18.14,30.46,nasa,0.57
1994-02-08,0.07,24.24,18.04,31.75,nasa,0.56
1994-02-09,0.15,23.78,18.83,30.56,nasa,0.56
1994-02-10,0.36,23.25,18.2,30.18,nasa,0.56
1994-02-11,0.0,24.57,17.83,32.49,nasa,0.56
1994-02-12,0.01,24.7,20.11,31.03,nasa,0.55
1994-02-13,0.01,23.71,17.01,31.17,nasa,0.55
1994-02-14,0.2,24.02,18.56,30.88,nasa,0.55
1994-02-15,0.0,23.81,17.96,31.46,nasa,0.55
1994-02-16,0.0,22.36,18.15,28.31,nasa,0.55
1994-02-17,0.0,22.8,15.79,31.25,nasa,0.54
1994-02-18,0.0,23.45,16.37,31.54,nasa,0.54
1994-02-19,0.0,24.72,18.09,31.52,nasa,0.54
1994-02-20,0.0,25.67,21.32,31.88,nasa,0.54
1994-02-21,0.0,24.14,19.3,30.55,nasa,0.54
1994-02-22,0.0,24.9,18.89,31.57,nasa,0.54
1994-02-23,0.0,25.08,20.18,31.43,nasa,0.53
1994-02-24,0.0,24.43,18.59,31.89,nasa,0.53
1994-02-25,0.0,23.28,17.62,30.61,nasa,0.53
1994-02-26,0.0,21.66,16.9,28.29,nasa,0.53
1994-02-27,0.0,20.75,15.5,27.97,nasa,0.53
1994-02-28,0.0,20.58,15.09,27.8,nasa,0.53
1994-03-01,0.0,21.27,16.72,27.71,nasa,0.52
1994-03-02,0.0,21.46,17.55,27.75,nasa,0.52
1994-03-03,0.0,20.84,17.04,27.08,nasa,0.52
1994-03-04,0.0,21.41,16.96,28.29,nasa,0.52
1994-03-05,0.0,21.77,16.08,29.89,nasa,0.52
1994-03-06,0.0,23.27,15.11,32.54,nasa,0.52
1994-03-07,0.0,24.63,18.35,32.37,nasa,0.52
1994-03-08,0.0,25.42,19.64,32.96,nasa,0.52
1994-03-09,0.0,26.1,20.12,33.96,nasa,0.51
1994-03-10,0.0,24.57,19.31,31.99,nasa,0.51
1994-03-11,0.0,25.0,19.36,32.73,nasa,0.51
1994-03-12,0.0,24.8,19.78,31.97,nasa,0.51
1994-03-13,0.03,25.41,19.51,32.54,nasa,0.51
1994-03-14,0.07,23.14,19.88,27.1,nasa,0.51
1994-03-15,0.0,24.2,20.43,29.99,nasa,0.51
1994-03-16,0.21,22.94,20.29,27.27,nasa,0.51
1994-03-17,0.7,22.74,19.64,27.54,nasa,0.51
1994-03-18,4.66,22.69,19.63,27.74,nasa,0.51
1994-03-19,1.76,23.89,19.93,30.38,nasa,0.52
1994-03-20,0.27,23.79,19.36,30.16,nasa,0.52
1994-03-21,0.0,24.25,20.52,29.8,nasa,0.51
1994-03-22,0.01,24.38,19.65,30.36,nasa,0.51
1994-03-23,0.16,24.22,20.07,30.77,nasa,0.51
1994-03-24,0.08,22.26,18.62,28.23,nasa,0.51
1994-03-25,0.68,22.8,17.69,29.96,nasa,0.51
1994-03-26,2.05,23.43,19.29,29.65,nasa,0.51
1994-03-27,1.5,23.94,19.75,30.01,nasa,0.51
1994-03-28,0.29,24.53,19.92,31.05,nasa,0.51
1994-03-29,0.0,24.85,20.35,31.59,nasa,0.5
1994-03-30,0.01,24.92,20.03,32.1,nasa,0.5
1994-03-31,0.0,24.53,19.14,31.2,nasa,0.5
1994-04-01,0.0,25.7,18.81,33.58,nasa,0.5
1994-04-02,0.0,25.56,19.18,33.41,nasa,0.5
1994-04-03,0.0,25.55,18.4,34.35,nasa,0.49
1994-04-04,0.0,25.26,16.96,34.74,nasa,0.49
1994-04-05,0.07,25.98,17.36,35.05,nasa,0.49
1994-04-06,1.52,25.91,20.95,33.1,nasa,0.49
1994-04-07,6.78,25.67,20.7,32.35,nasa,0.49
1994-04-08,0.74,25.82,21.71,32.26,nasa,0.5
1994-04-09,2.23,26.24,21.7,32.49,nasa,0.5
1994-04-10,0.14,26.51,22.24,32.18,nasa,0.5
1994-04-11,0.0,27.09,22.5,33.15,nasa,0.5
1994-04-12,0.0,27.42,22.84,33.1,nasa,0.5
1994-04-13,0.0,27.18,21.81,35.26,nasa,0.49
1994-04-14,0.0,25.6,20.64,33.08,nasa,0.49
1994-04-15,0.0,25.31,19.85,32.45,nasa,0.49
1994-04-16,0.0,24.97,20.27,31.16,nasa,0.49
1994-04-17,0.52,25.69,19.89,33.03,nasa,0.49
1994-04-18,1.18,25.83,19.95,32.85,nasa,0.49
1994-04-19,0.0,26.68,20.14,34.19,nasa,0.48
1994-04-20,0.02,27.0,21.87,33.02,nasa,0.48
1994-04-21,0.21,26.87,22.64,32.64,nasa,0.48
1994-04-22,0.51,27.43,21.87,35.07,nasa,0.48
1994-04-23,0.38,27.6,21.55,35.54,nasa,0.48
1994-04-24,0.77,28.13,21.35,35.7,nasa,0.48
1994-04-25,1.23,28.26,22.89,35.55,nasa,0.48
1994-04-26,0.62,28.16,21.85,36.16,nasa,0.48
1994-04-27,0.0,28.5,21.49,37.13,nasa,0.48
1994-04-28,0.0,28.08,20.23,36.83,nasa,0.47
1994-04-29,0.0,28.29,19.5,37.5,nasa,0.47
1994-04-30,0.0,28.65,21.81,36.31,nasa,0.47
1994-05-01,0.0,29.14,22.59,36.5,nasa,0.47
1994-05-02,0.0,27.74,23.96,32.69,nasa,0.47
1994-05-03,0.35,28.36,22.69,34.67,nasa,0.47
1994-05-04,6.28,27.0,22.72,32.3,nasa,0.47
1994-05-05,14.04,25.8,23.01,31.95,nasa,0.49
1994-05-06,2.86,24.92,20.83,30.75,nasa,0.51
1994-05-07,3.69,24.73,21.48,29.53,nasa,0.51
1994-05-08,21.6,23.83,20.93,28.49,nasa,0.53
1994-05-09,10.16,25.16,20.58,31.35,nasa,0.55
1994-05-10,0.28,25.31,22.03,30.34,nasa,0.55
1994-05-11,0.8,25.5,21.86,30.23,nasa,0.54
1994-05-12,0.14,25.68,22.13,29.6,nasa,0.53
1994-05-13,0.89,26.08,21.66,30.5,nasa,0.53
1994-05-14,2.88,26.01,21.37,32.16,nasa,0.52
1994-05-15,0.0,26.42,21.95,31.78,nasa,0.52
1994-05-16,0.03,26.4,22.34,31.79,nasa,0.51
1994-05-17,5.15,25.62,23.03,30.01,nasa,0.51
1994-05-18,18.21,23.74,21.88,26.67,nasa,0.53
1994-05-19,3.89,24.2,20.95,29.14,nasa,0.55
1994-05-20,2.35,24.1,20.72,28.22,nasa,0.55
1994-05-21,0.33,25.61,21.74,30.81,nasa,0.54
1994-05-22,2.79,26.05,21.48,31.37,nasa,0.53
1994-05-23,3.59,24.88,22.4,28.33,nasa,0.53
1994-05-24,0.41,25.39,21.71,29.88,nasa,0.53
1994-05-25,2.31,24.91,22.08,28.3,nasa,0.53
1994-05-26,0.94,25.51,20.9,31.15,nasa,0.52
1994-05-27,15.12,24.57,21.47,29.19,nasa,0.53
1994-05-28,0.08,24.94,21.52,29.41,nasa,0.54
1994-05-29,5.08,25.16,21.89,29.3,nasa,0.54
1994-05-30,9.56,24.63,22.04,28.59,nasa,0.55
1994-05-31,0.56,24.63,21.81,28.43,nasa,0.55
1994-06-01,4.06,25.18,21.88,30.06,nasa,0.54
1994-06-02,10.87,24.36,21.94,28.12,nasa,0.55
1994-06-03,2.31,24.25,21.52,28.49,nasa,0.55
1994-06-04,0.15,24.75,21.31,29.45,nasa,0.54
1994-06-05,0.7,25.02,21.29,29.32,nasa,0.54
1994-06-06,13.67,24.24,22.09,27.75,nasa,0.54
1994-06-07,4.61,24.12,21.48,27.74,nasa,0.56
1994-06-08,2.8,24.44,20.94,29.61,nasa,0.55
1994-06-09,7.46,23.99,20.98,28.1,nasa,0.55
1994-06-10,14.03,23.79,20.98,28.16,nasa,0.56
1994-06-11,14.87,23.42,21.18,26.14,nasa,0.59
1994-06-12,1.12,24.03,21.33,28.15,nasa,0.59
1994-06-13,3.87,23.61,21.57,26.62,nasa,0.58
1994-06-14,1.42,23.91,21.41,27.4,nasa,0.57
1994-06-15,5.22,23.53,21.56,26.56,nasa,0.57
1994-06-16,0.58,24.17,20.86,28.38,nasa,0.57
1994-06-17,0.11,24.27,22.08,27.78,nasa,0.56
1994-06-18,0.07,23.82,21.61,27.35,nasa,0.55
1994-06-19,1.59,23.84,20.87,27.72,nasa,0.54
1994-06-20,2.48,23.49,20.56,28.11,nasa,0.54
1994-06-21,1.22,23.41,20.81,27.22,nasa,0.54
1994-06-22,1.69,23.02,20.76,26.22,nasa,0.54
1994-06-23,3.75,24.04,20.89,28.22,nasa,0.54
1994-06-24,8.71,23.24,21.14,27.58,nasa,0.54
1994-06-25,0.14,24.38,20.92,29.16,nasa,0.55
1994-06-26,0.52,24.99,21.28,30.03,nasa,0.54
1994-06-27,46.81,23.56,21.42,26.95,nasa,0.55
1994-06-28,181.65,22.38,20.72,24.67,nasa,0.72
1994-06-29,5.99,22.77,20.75,26.07,nasa,0.77
1994-06-30,1.05,23.82,19.86,28.35,nasa,0.74
1994-07-01,0.77,24.06,21.0,28.24,nasa,0.71
1994-07-02,7.84,23.22,20.91,25.9,nasa,0.69
1994-07-03,0.03,23.77,19.94,28.51,nasa,0.67
1994-07-04,4.89,24.09,20.68,28.64,nasa,0.65
1994-07-05,16.84,23.34,21.27,26.83,nasa,0.66
1994-07-06,2.82,23.68,20.7,27.61,nasa,0.65
1994-07-07,2.97,23.2,20.87,26.54,nasa,0.64
1994-07-08,1.08,23.67,21.14,27.54,nasa,0.63
1994-07-09,4.87,23.31,20.15,27.45,nasa,0.62
1994-07-10,13.6,22.54,20.67,24.89,nasa,0.62
1994-07-11,6.25,22.88,20.37,26.31,nasa,0.63
1994-07-12,3.09,22.7,20.36,25.94,nasa,0.62
1994-07-13,5.11,23.33,20.83,27.02,nasa,0.62
1994-07-14,7.3,23.67,20.45,28.07,nasa,0.62
1994-07-15,11.34,23.24,20.97,26.54,nasa,0.62
1994-07-16,0.27,23.21,20.71,26.33,nasa,0.63
1994-07-17,0.2,23.18,20.88,26.16,nasa,0.62
1994-07-18,2.18,23.77,21.5,27.21,nasa,0.61
1994-07-19,6.94,22.5,20.79,24.98,nasa,0.61
1994-07-20,4.58,22.87,20.1,27.14,nasa,0.61
1994-07-21,0.08,23.63,20.13,28.16,nasa,0.61
1994-07-22,0.56,23.48,20.9,27.3,nasa,0.6
1994-07-23,2.63,22.84,20.38,26.55,nasa,0.59
1994-07-24,1.47,23.92,21.27,28.15,nasa,0.59
1994-07-25,0.72,24.01,21.23,27.48,nasa,0.58
1994-07-26,0.87,23.95,21.37,27.08,nasa,0.58
1994-07-27,0.92,24.18,22.15,27.52,nasa,0.58
1994-07-28,1.52,23.81,21.91,27.0,nasa,0.57
1994-07-29,4.12,24.08,21.33,27.72,nasa,0.57
1994-07-30,16.56,23.56,21.34,26.58,nasa,0.59
1994-07-31,0.77,23.78,21.71,26.85,nasa,0.6
1994-08-01,1.16,23.87,20.91,28.27,nasa,0.59
1994-08-02,3.59,23.81,21.69,27.43,nasa,0.59
1994-08-03,5.48,23.16,21.21,25.51,nasa,0.59
1994-08-04,3.74,23.54,20.65,27.73,nasa,0.59
1994-08-05,0.28,24.58,21.35,28.85,nasa,0.59
1994-08-06,0.64,24.35,21.73,28.07,nasa,0.58
1994-08-07,0.78,23.67,21.24,27.43,nasa,0.58
1994-08-08,0.02,24.05,20.49,28.7,nasa,0.57
1994-08-09,0.12,24.44,20.42,29.3,nasa,0.57
1994-08-10,0.78,23.76,21.1,27.46,nasa,0.56
1994-08-11,0.0,24.5,20.99,29.46,nasa,0.56
1994-08-12,0.0,25.54,21.05,31.18,nasa,0.55
1994-08-13,0.03,25.52,21.58,31.0,nasa,0.55
1994-08-14,0.54,25.14,21.16,29.7,nasa,0.54
1994-08-15,0.17,25.26,21.85,30.13,nasa,0.54
1994-08-16,1.41,24.59,21.18,28.72,nasa,0.54
1994-08-17,0.98,24.07,21.24,27.97,nasa,0.54
1994-08-18,0.57,24.51,20.94,29.79,nasa,0.54
1994-08-19,0.32,24.17,21.31,28.43,nasa,0.54
1994-08-20,0.0,24.43,20.64,29.12,nasa,0.53
1994-08-21,0.68,25.03,21.21,30.42,nasa,0.53
1994-08-22,2.92,23.87,21.28,27.42,nasa,0.53
1994-08-23,0.48,23.69,21.12,27.45,nasa,0.54
1994-08-24,1.62,23.7,20.49,28.78,nasa,0.54
1994-08-25,15.09,22.44,19.18,26.81,nasa,0.55
1994-08-26,6.31,22.63,19.51,26.5,nasa,0.56
1994-08-27,4.39,23.32,20.73,27.29,nasa,0.57
1994-08-28,10.34,23.47,21.37,27.44,nasa,0.57
1994-08-29,16.15,23.12,21.2,26.83,nasa,0.6
1994-08-30,9.26,22.3,20.11,25.55,nasa,0.61
1994-08-31,3.18,21.6,19.92,23.92,nasa,0.61
1994-09-01,2.77,23.06,19.82,27.63,nasa,0.61
1994-09-02,11.22,23.13,20.27,27.33,nasa,0.61
1994-09-03,9.5,22.59,21.1,24.88,nasa,0.62
1994-09-04,6.12,22.79,20.78,26.1,nasa,0.62
1994-09-05,5.17,22.67,20.52,25.3,nasa,0.62
1994-09-06,2.87,23.7,20.98,27.56,nasa,0.62
1994-09-07,0.55,24.12,21.89,27.76,nasa,0.61
1994-09-08,0.25,23.81,20.77,27.95,nasa,0.6
1994-09-09,3.16,23.26,20.94,26.38,nasa,0.6
1994-09-10,8.95,23.73,21.13,27.76,nasa,0.6
1994-09-11,1.8,22.6,20.81,25.13,nasa,0.6
1994-09-12,3.53,22.32,20.14,25.09,nasa,0.6
1994-09-13,3.63,23.94,20.26,29.03,nasa,0.6
1994-09-14,1.63,23.87,21.57,27.14,nasa,0.6
1994-09-15,12.13,23.49,21.21,26.73,nasa,0.6
1994-09-16,24.15,23.37,20.83,27.64,nasa,0.63
1994-09-17,7.67,22.94,20.67,26.87,nasa,0.65
1994-09-18,2.64,22.58,19.94,26.2,nasa,0.65
1994-09-19,0.05,23.06,20.14,27.04,nasa,0.63
1994-09-20,0.38,23.09,20.91,25.95,nasa,0.62
1994-09-21,0.38,23.09,20.74,26.78,nasa,0.61
1994-09-22,1.85,23.89,20.32,28.18,nasa,0.61
1994-09-23,9.49,23.42,21.05,27.3,nasa,0.61
1994-09-24,20.03,23.15,20.48,26.96,nasa,0.63
1994-09-25,17.5,22.83,19.74,26.97,nasa,0.65
1994-09-26,34.2,22.32,20.17,24.24,nasa,0.69
1994-09-27,15.0,22.54,20.7,24.61,nasa,0.71
1994-09-28,21.94,23.18,19.36,28.25,nasa,0.73
1994-09-29,0.21,22.43,17.12,28.64,nasa,0.71
1994-09-30,2.47,22.82,19.06,26.95,nasa,0.69
1994-10-01,7.98,23.02,19.55,28.05,nasa,0.68
1994-10-02,7.76,23.03,19.79,27.86,nasa,0.67
1994-10-03,13.9,22.84,20.02,26.72,nasa,0.68
1994-10-04,1.0,22.97,19.32,28.22,nasa,0.68
1994-10-05,4.54,22.35,18.58,27.42,nasa,0.66
1994-10-06,0.37,23.27,19.26,28.91,nasa,0.65
1994-10-07,6.7,23.19,19.32,28.77,nasa,0.65
1994-10-08,7.75,22.78,17.23,28.66,nasa,0.65
1994-10-09,1.98,23.54,19.06,29.58,nasa,0.65
1994-10-10,0.06,24.33,18.97,30.51,nasa,0.64
1994-10-11,3.92,24.6,21.32,29.59,nasa,0.63
1994-10-12,18.75,23.85,20.5,28.18,nasa,0.65
1994-10-13,0.15,23.47,20.7,26.39,nasa,0.66
1994-10-14,0.0,23.82,19.97,27.93,nasa,0.65
1994-10-15,0.21,23.92,20.89,27.89,nasa,0.64
1994-10-16,1.89,23.59,20.39,28.12,nasa,0.64
1994-10-17,1.72,23.27,18.94,28.87,nasa,0.63
1994-10-18,5.83,22.94,19.84,28.09,nasa,0.63
1994-10-19,2.74,23.06,19.58,27.53,nasa,0.63
1994-10-20,18.69,21.78,20.88,23.02,nasa,0.64
1994-10-21,19.62,21.14,18.29,23.5,nasa,0.67
1994-10-22,0.07,19.79,17.0,24.47,nasa,0.67
1994-10-23,0.01,19.49,16.44,24.7,nasa,0.66
1994-10-24,3.41,18.18,15.71,21.5,nasa,0.65
1994-10-25,27.7,19.22,16.91,22.01,nasa,0.67
1994-10-26,42.82,21.33,19.38,24.03,nasa,0.72
1994-10-27,17.02,22.68,19.54,27.28,nasa,0.75
1994-10-28,23.98,22.43,19.64,26.82,nasa,0.76
1994-10-29,12.8,21.37,18.51,25.82,nasa,0.76
1994-10-30,1.06,21.0,18.31,25.8,nasa,0.75
1994-10-31,0.67,20.05,17.43,24.45,nasa,0.72
1994-11-01,2.01,20.35,17.59,25.38,nasa,0.71
1994-11-02,2.33,20.11,17.33,25.14,nasa,0.7
1994-11-03,1.67,19.96,17.22,24.87,nasa,0.69
1994-11-04,1.2,20.99,17.02,26.43,nasa,0.68
1994-11-05,18.97,21.5,18.76,26.47,nasa,0.69
1994-11-06,18.35,20.91,18.2,25.63,nasa,0.71
1994-11-07,0.37,19.65,16.38,24.23,nasa,0.71
1994-11-08,3.61,20.11,15.7,26.03,nasa,0.69
1994-11-09,1.05,21.13,18.06,26.38,nasa,0.69
1994-11-10,2.28,21.25,18.21,26.29,nasa,0.68
1994-11-11,0.56,21.74,18.87,26.59,nasa,0.67
1994-11-12,0.3,21.04,17.96,26.04,nasa,0.67
1994-11-13,0.1,21.59,18.03,26.99,nasa,0.66
1994-11-14,0.02,21.58,18.26,26.75,nasa,0.65
1994-11-15,0.09,21.46,17.88,26.63,nasa,0.65
1994-11-16,0.81,21.81,18.93,26.65,nasa,0.65
1994-11-17,0.03,21.44,18.66,26.26,nasa,0.64
1994-11-18,0.13,21.65,18.14,26.78,nasa,0.64
1994-11-19,0.16,21.78,18.64,26.72,nasa,0.63
1994-11-20,1.38,22.07,19.02,27.14,nasa,0.63
1994-11-21,0.54,22.45,19.59,27.19,nasa,0.63
1994-11-22,0.19,22.33,19.81,26.97,nasa,0.63
1994-11-23,0.66,22.15,20.03,26.31,nasa,0.62
1994-11-24,0.4,22.03,19.28,26.59,nasa,0.62
1994-11-25,0.13,21.77,18.67,26.84,nasa,0.62
1994-11-26,0.01,21.69,18.59,26.91,nasa,0.62
1994-11-27,0.0,22.5,18.3,28.27,nasa,0.61
1994-11-28,0.0,22.8,19.01,28.02,nasa,0.61
1994-11-29,0.02,22.2,18.96,27.12,nasa,0.61
1994-11-30,0.42,21.76,18.06,27.4,nasa,0.61
1994-12-01,0.01,21.4,16.91,26.89,nasa,0.6
1994-12-02,0.0,22.31,18.75,27.49,nasa,0.6
1994-12-03,0.06,22.1,18.75,26.82,nasa,0.6
1994-12-04,1.22,21.82,19.37,25.91,nasa,0.6
1994-12-05,5.59,21.27,18.96,25.25,nasa,0.6
1994-12-06,19.3,19.81,17.77,22.5,nasa,0.62
1994-12-07,12.31,19.93,17.8,23.39,nasa,0.65
1994-12-08,15.24,20.52,17.26,24.5,nasa,0.67
1994-12-09,6.04,20.75,18.9,22.76,nasa,0.67
1994-12-10,5.84,22.12,18.85,26.44,nasa,0.67
1994-12-11,5.73,23.03,20.12,27.91,nasa,0.67
1994-12-12,0.11,23.03,18.79,28.72,nasa,0.66
1994-12-13,0.78,21.82,18.73,27.02,nasa,0.65
1994-12-14,0.13,20.77,16.94,25.63,nasa,0.65
1994-12-15,1.17,20.84,16.45,26.84,nasa,0.64
1994-12-16,3.93,20.84,17.92,25.94,nasa,0.63
1994-12-17,5.24,21.01,18.72,25.62,nasa,0.64
1994-12-18,1.24,20.43,18.01,24.79,nasa,0.64
1994-12-19,0.07,20.49,17.81,25.19,nasa,0.63
1994-12-20,0.6,20.33,17.62,24.71,nasa,0.62
1994-12-21,4.38,19.66,17.87,22.99,nasa,0.62
1994-12-22,3.84,19.61,17.24,23.94,nasa,0.62
1994-12-23,3.66,20.26,16.75,26.14,nasa,0.62
1994-12-24,0.54,20.79,16.83,26.54,nasa,0.62
1994-12-25,0.0,20.97,16.14,26.91,nasa,0.62
1994-12-26,0.0,21.35,16.88,27.25,nasa,0.61
1994-12-27,0.0,20.44,16.69,26.23,nasa,0.61
1994-12-28,0.0,19.15,15.31,24.75,nasa,0.6
1994-12-29,0.0,19.6,15.55,25.77,nasa,0.6
1994-12-30,0.31,19.33,14.57,26.02,nasa,0.6
1994-12-31,2.15,19.71,14.83,25.77,nasa,0.6
1995-01-01,0.13,20.88,17.6,26.2,nasa,0.6
1995-01-02,0.01,21.39,16.97,27.49,nasa,0.59
1995-01-03,0.11,22.59,18.31,28.58,nasa,0.59
1995-01-04,0.08,21.12,16.25,26.77,nasa,0.59
1995-01-05,0.12,17.67,14.6,22.26,nasa,0.59
1995-01-06,0.0,16.32,12.61,21.52,nasa,0.58
1995-01-07,0.0,16.25,12.33,22.78,nasa,0.58
1995-01-08,0.0,18.47,11.55,26.28,nasa,0.58
1995-01-09,0.0,20.45,15.67,27.24,nasa,0.58
1995-01-10,0.0,21.19,15.67,28.22,nasa,0.58
1995-01-11,7.87,21.91,16.71,29.21,nasa,0.58
1995-01-12,8.37,19.94,15.46,26.2,nasa,0.6
1995-01-13,0.12,18.91,15.21,24.7,nasa,0.6
1995-01-14,0.06,18.61,15.63,23.4,nasa,0.59
1995-01-15,0.0,19.2,16.01,24.58,nasa,0.59
1995-01-16,0.0,19.39,16.29,24.91,nasa,0.58
1995-01-17,0.0,19.18,16.13,24.16,nasa,0.58
1995-01-18,0.0,19.64,15.52,25.88,nasa,0.58
1995-01-19,0.11,19.79,15.57,26.25,nasa,0.57
1995-01-20,0.51,19.25,14.61,26.1,nasa,0.57
1995-01-21,0.03,20.52,13.7,28.45,nasa,0.57
1995-01-22,0.7,22.45,16.37,29.77,nasa,0.57
1995-01-23,0.62,23.06,18.82,29.03,nasa,0.56
1995-01-24,0.34,22.3,18.69,28.01,nasa,0.56
1995-01-25,0.99,22.28,19.17,27.94,nasa,0.56
1995-01-26,1.37,22.47,18.68,28.23,nasa,0.56
1995-01-27,0.06,22.37,18.76,28.16,nasa,0.56
1995-01-28,0.38,21.12,16.82,27.02,nasa,0.56
1995-01-29,2.01,20.28,16.36,26.46,nasa,0.56
1995-01-30,0.38,19.95,16.73,25.48,nasa,0.56
1995-01-31,0.55,19.14,16.24,24.12,nasa,0.55
1995-02-01,1.54,18.14,15.53,22.52,nasa,0.56
1995-02-02,0.75,18.12,15.29,22.59,nasa,0.56
1995-02-03,0.25,18.33,15.08,23.74,nasa,0.55
1995-02-04,0.0,18.26,14.86,23.83,nasa,0.55
1995-02-05,0.01,16.85,14.24,21.22,nasa,0.55
1995-02-06,0.06,17.55,14.02,23.58,nasa,0.55
1995-02-07,0.0,18.51,13.4,25.62,nasa,0.55
1995-02-08,0.0,20.28,14.05,28.24,nasa,0.55
1995-02-09,0.0,20.33,15.14,27.5,nasa,0.54
1995-02-10,0.0,20.36,15.3,27.53,nasa,0.54
1995-02-11,0.0,20.64,15.6,27.64,nasa,0.54
1995-02-12,0.0,21.71,15.77,29.45,nasa,0.54
1995-02-13,0.0,23.48,16.14,31.97,nasa,0.54
1995-02-14,0.0,24.09,18.56,31.32,nasa,0.53
1995-02-15,0.0,23.78,17.46,30.78,nasa,0.53
1995-02-16,0.0,24.17,18.77,31.08,nasa,0.53
1995-02-17,0.0,23.71,19.19,30.06,nasa,0.53
1995-02-18,0.0,24.2,18.09,31.81,nasa,0.53
1995-02-19,0.01,24.44,18.57,32.01,nasa,0.52
1995-02-20,0.0,23.61,17.12,31.57,nasa,0.52
1995-02-21,0.0,22.98,16.82,30.55,nasa,0.52
1995-02-22,0.0,22.56,16.51,30.48,nasa,0.52
1995-02-23,0.0,21.87,16.8,29.32,nasa,0.52
1995-02-24,0.0,21.36,16.46,28.68,nasa,0.52
1995-02-25,0.0,22.17,15.61,30.72,nasa,0.51
1995-02-26,0.0,22.45,17.34,29.61,nasa,0.51
1995-02-27,0.0,22.91,17.5,30.56,nasa,0.51
1995-02-28,0.0,23.03,17.46,30.72,nasa,0.51
1995-03-01,0.0,23.74,18.18,31.07,nasa,0.51
1995-03-02,0.0,24.5,18.82,32.59,nasa,0.51
1995-03-03,0.52,23.41,18.59,29.75,nasa,0.51
1995-03-04,2.59,21.93,17.71,27.99,nasa,0.51
1995-03-05,12.32,20.13,16.51,26.33,nasa,0.52
1995-03-06,0.0,21.02,16.25,28.39,nasa,0.53
1995-03-07,0.0,21.72,15.46,29.19,nasa,0.53
1995-03-08,0.0,22.81,16.09,30.55,nasa,0.52
1995-03-09,0.0,23.6,16.95,31.74,nasa,0.52
1995-03-10,0.0,23.36,16.72,31.85,nasa,0.51
1995-03-11,0.0,22.68,15.26,32.15,nasa,0.51
1995-03-12,0.0,22.73,14.38,32.43,nasa,0.51
1995-03-13,0.0,22.34,15.34,31.66,nasa,0.5
1995-03-14,0.0,22.19,15.68,30.18,nasa,0.5
1995-03-15,0.0,24.66,15.98,33.86,nasa,0.5
1995-03-16,0.0,26.12,19.13,34.13,nasa,0.5
1995-03-17,0.0,26.04,20.08,34.51,nasa,0.49
1995-03-18,0.0,23.22,17.81,29.95,nasa,0.49
1995-03-19,0.0,22.69,18.7,28.53,nasa,0.49
1995-03-20,0.17,23.03,17.39,30.47,nasa,0.49
1995-03-21,1.34,23.37,18.53,30.06,nasa,0.49
1995-03-22,0.34,24.66,19.16,31.59,nasa,0.49
1995-03-23,0.07,25.63,20.28,33.01,nasa,0.49
1995-03-24,0.0,26.08,19.47,34.22,nasa,0.49
1995-03-25,0.33,25.91,20.44,32.53,nasa,0.49
1995-03-26,1.32,22.71,18.4,29.78,nasa,0.49
1995-03-27,0.57,24.13,17.1,32.2,nasa,0.49
1995-03-28,0.0,26.14,19.44,34.2,nasa,0.49
1995-03-29,0.0,26.96,20.5,34.73,nasa,0.49
1995-03-30,0.0,27.63,21.53,35.09,nasa,0.48
1995-03-31,0.0,27.54,22.93,34.62,nasa,0.48
1995-04-01,0.0,26.57,21.74,33.56,nasa,0.48
1995-04-02,0.02,27.06,20.4,35.4,nasa,0.48
1995-04-03,0.09,25.48,19.87,32.62,nasa,0.48
1995-04-04,0.0,25.5,19.18,34.11,nasa,0.48
1995-04-05,0.0,25.62,17.08,35.3,nasa,0.48
1995-04-06,0.0,25.55,18.15,34.19,nasa,0.48
1995-04-07,0.0,25.45,18.43,34.23,nasa,0.47
1995-04-08,0.0,25.48,18.56,34.9,nasa,0.47
1995-04-09,0.0,25.65,18.17,34.45,nasa,0.47
1995-04-10,0.0,25.84,19.28,34.16,nasa,0.47
1995-04-11,0.03,26.44,18.58,34.72,nasa,0.47
1995-04-12,1.94,26.35,20.37,34.37,nasa,0.47
1995-04-13,0.01,27.35,19.9,34.8,nasa,0.47
1995-04-14,0.0,28.54,22.15,36.59,nasa,0.47
1995-04-15,0.09,28.68,21.87,36.46,nasa,0.47
1995-04-16,0.12,28.35,22.71,35.53,nasa,0.47
1995-04-17,0.0,27.74,20.44,36.99,nasa,0.47
1995-04-18,0.0,28.02,20.77,36.86,nasa,0.47
1995-04-19,0.0,27.74,20.27,36.58,nasa,0.47
1995-04-20,0.06,27.73,20.78,36.55,nasa,0.46
1995-04-21,0.29,27.24,19.51,36.14,nasa,0.46
1995-04-22,0.0,27.6,18.74,37.13,nasa,0.46
1995-04-23,0.0,27.69,19.56,36.83,nasa,0.46
1995-04-24,0.07,28.07,18.78,37.73,nasa,0.46
1995-04-25,7.04,26.13,22.38,31.55,nasa,0.47
1995-04-26,1.15,26.33,20.99,33.81,nasa,0.47
1995-04-27,13.28,24.97,20.89,32.04,nasa,0.49
1995-04-28,0.0,25.51,20.6,32.49,nasa,0.5
1995-04-29,0.0,26.02,19.16,34.37,nasa,0.49
1995-04-30,0.58,26.66,19.28,35.16,nasa,0.49
1995-05-01,0.0,26.84,20.06,35.04,nasa,0.48
1995-05-02,0.0,25.82,19.31,33.52,nasa,0.48
1995-05-03,0.0,26.48,20.24,34.37,nasa,0.48
1995-05-04,0.01,26.87,19.22,35.28,nasa,0.47
1995-05-05,0.55,26.28,20.5,33.6,nasa,0.47
1995-05-06,2.06,25.64,18.95,33.59,nasa,0.47
1995-05-07,0.0,27.02,21.49,34.08,nasa,0.47
1995-05-08,0.83,27.08,21.21,34.93,nasa,0.47
1995-05-09,5.42,24.94,21.52,29.33,nasa,0.48
1995-05-10,13.15,25.79,20.65,33.72,nasa,0.48
1995-05-11,12.33,25.16,21.32,31.01,nasa,0.51
1995-05-12,10.93,24.12,20.1,29.75,nasa,0.52
1995-05-13,11.51,24.55,20.47,29.73,nasa,0.54
1995-05-14,32.69,22.87,21.24,25.22,nasa,0.58
1995-05-15,0.16,24.74,20.46,30.36,nasa,0.59
1995-05-16,1.19,24.94,21.41,29.19,nasa,0.57
1995-05-17,1.53,24.37,21.8,28.52,nasa,0.56
1995-05-18,1.43,24.83,20.95,30.24,nasa,0.55
1995-05-19,7.28,24.34,21.24,28.74,nasa,0.55
1995-05-20,0.0,25.62,21.47,31.09,nasa,0.54
1995-05-21,0.15,25.96,22.09,31.26,nasa,0.53
1995-05-22,1.23,26.16,22.21,30.7,nasa,0.53
1995-05-23,13.5,24.66,22.14,28.27,nasa,0.54
1995-05-24,0.0,25.31,21.14,31.08,nasa,0.54
1995-05-25,0.0,25.18,21.38,30.07,nasa,0.53
1995-05-26,0.53,25.39,21.75,31.11,nasa,0.53
1995-05-27,8.75,24.69,22.07,28.68,nasa,0.53
1995-05-28,1.45,24.23,21.48,27.76,nasa,0.53
1995-05-29,0.07,24.4,21.45,28.75,nasa,0.53
1995-05-30,0.9,25.35,21.65,30.58,nasa,0.52
1995-05-31,3.73,23.71,21.52,26.73,nasa,0.52
1995-06-01,1.1,24.77,21.01,29.55,nasa,0.52
1995-06-02,0.32,25.03,21.38,29.81,nasa,0.52
1995-06-03,0.04,26.1,22.39,31.63,nasa,0.51
1995-06-04,0.0,26.23,22.46,30.83,nasa,0.51
1995-06-05,0.03,25.76,22.79,29.69,nasa,0.5
1995-06-06,0.3,26.54,22.04,32.19,nasa,0.5
1995-06-07,1.91,25.37,22.38,29.78,nasa,0.5
1995-06-08,1.1,25.5,22.34,30.39,nasa,0.5
1995-06-09,2.48,25.67,21.99,30.66,nasa,0.5
1995-06-10,0.05,26.65,22.41,32.14,nasa,0.5
1995-06-11,0.0,26.47,22.69,31.44,nasa,0.49
1995-06-12,0.0,26.47,22.31,32.14,nasa,0.49
1995-06-13,0.26,26.72,22.68,32.01,nasa,0.49
1995-06-14,2.82,26.28,22.71,31.54,nasa,0.49
1995-06-15,0.93,26.5,21.67,32.44,nasa,0.49
1995-06-16,0.0,26.95,23.33,32.29,nasa,0.49
1995-06-17,0.03,26.46,22.87,31.47,nasa,0.49
1995-06-18,0.58,25.49,22.92,29.88,nasa,0.49
1995-06-19,0.34,25.75,21.92,30.31,nasa,0.49
1995-06-20,0.0,26.39,22.1,30.92,nasa,0.49
1995-06-21,0.26,26.49,22.05,32.13,nasa,0.48
1995-06-22,7.3,25.52,21.0,31.53,nasa,0.49
1995-06-23,11.25,24.13,21.41,28.5,nasa,0.51
1995-06-24,3.9,23.25,21.3,25.32,nasa,0.51
1995-06-25,0.52,24.64,21.68,29.28,nasa,0.51
1995-06-26,0.58,24.98,21.53,30.03,nasa,0.51
1995-06-27,0.45,25.36,21.42,29.98,nasa,0.51
1995-06-28,3.14,25.06,21.34,30.66,nasa,0.5
1995-06-29,11.53,23.52,21.39,26.96,nasa,0.51
1995-06-30,15.33,24.15,21.03,28.94,nasa,0.53
1995-07-01,22.6,23.28,20.8,26.56,nasa,0.57
1995-07-02,0.97,24.51,21.31,28.94,nasa,0.58
1995-07-03,8.6,23.75,21.84,26.72,nasa,0.57
1995-07-04,0.54,23.33,20.96,26.95,nasa,0.57
1995-07-05,0.3,23.97,21.33,27.49,nasa,0.56
1995-07-06,1.5,23.76,21.43,27.05,nasa,0.55
1995-07-07,5.54,23.25,20.62,27.2,nasa,0.55
1995-07-08,17.3,23.83,20.15,28.76,nasa,0.57
1995-07-09,8.91,24.11,21.27,28.24,nasa,0.58
1995-07-10,23.33,23.15,21.56,26.02,nasa,0.6
1995-07-11,4.35,22.96,20.72,26.42,nasa,0.61
1995-07-12,3.37,24.05,21.1,28.33,nasa,0.6
1995-07-13,0.91,23.82,21.03,27.24,nasa,0.59
1995-07-14,0.57,24.25,21.4,28.23,nasa,0.58
1995-07-15,5.14,23.17,21.41,25.73,nasa,0.57
1995-07-16,1.38,23.41,20.29,27.06,nasa,0.57
1995-07-17,3.99,23.28,20.85,27.12,nasa,0.56
1995-07-18,2.89,23.55,20.08,28.04,nasa,0.56
1995-07-19,0.24,24.69,20.65,29.47,nasa,0.55
1995-07-20,6.57,24.71,21.11,29.53,nasa,0.55
1995-07-21,17.92,23.48,21.3,27.42,nasa,0.57
1995-07-22,9.78,24.46,20.41,29.94,nasa,0.58
1995-07-23,1.42,24.42,21.17,28.87,nasa,0.58
1995-07-24,8.42,24.38,21.36,29.11,nasa,0.58
1995-07-25,5.84,24.2,20.51,29.24,nasa,0.58
1995-07-26,22.41,23.08,19.34,28.32,nasa,0.6
1995-07-27,1.1,23.14,20.64,26.36,nasa,0.6
1995-07-28,0.16,24.05,21.19,28.1,nasa,0.59
1995-07-29,6.5,24.08,21.86,27.59,nasa,0.58
1995-07-30,31.29,23.35,20.64,26.99,nasa,0.61
1995-07-31,0.51,23.31,21.03,26.47,nasa,0.63
1995-08-01,0.2,24.21,20.83,28.56,nasa,0.61
1995-08-02,0.19,24.49,21.54,28.3,nasa,0.6
1995-08-03,3.98,24.39,21.79,27.76,nasa,0.59
1995-08-04,10.15,24.34,20.24,29.53,nasa,0.59
1995-08-05,0.82,24.16,20.78,28.65,nasa,0.59
1995-08-06,6.07,23.99,21.03,28.15,nasa,0.59
1995-08-07,0.62,24.25,21.29,29.12,nasa,0.58
1995-08-08,2.09,23.83,21.3,27.73,nasa,0.58
1995-08-09,2.1,23.55,21.18,27.3,nasa,0.57
1995-08-10,0.22,24.35,20.76,28.52,nasa,0.57
1995-08-11,0.19,24.93,21.29,29.59,nasa,0.56
1995-08-12,0.01,24.77,20.89,30.08,nasa,0.55
1995-08-13,0.38,24.9,20.92,30.39,nasa,0.55
1995-08-14,1.14,24.75,21.5,29.54,nasa,0.54
1995-08-15,2.35,24.2,21.21,27.82,nasa,0.54
1995-08-16,4.86,24.12,20.83,29.11,nasa,0.55
1995-08-17,1.45,24.72,19.52,31.22,nasa,0.54
1995-08-18,0.88,25.24,21.28,30.81,nasa,0.54
1995-08-19,1.73,24.68,21.84,28.79,nasa,0.54
1995-08-20,2.22,24.82,21.62,28.89,nasa,0.54
1995-08-21,10.23,23.04,21.18,25.44,nasa,0.55
1995-08-22,6.23,23.66,20.62,28.09,nasa,0.56
1995-08-23,6.03,23.76,20.78,28.25,nasa,0.56
1995-08-24,22.27,23.67,21.04,27.59,nasa,0.58
1995-08-25,9.83,24.12,21.65,28.27,nasa,0.61
1995-08-26,11.56,23.07,21.11,26.16,nasa,0.62
1995-08-27,8.59,23.4,20.9,27.58,nasa,0.62
1995-08-28,3.46,23.89,21.68,27.44,nasa,0.61
1995-08-29,10.85,23.84,21.87,26.99,nasa,0.61
1995-08-30,3.86,23.95,21.33,27.73,nasa,0.61
1995-08-31,2.01,23.56,21.06,26.72,nasa,0.6
1995-09-01,1.49,23.65,21.44,26.77,nasa,0.59
1995-09-02,12.06,23.58,21.35,26.79,nasa,0.6
1995-09-03,2.87,23.72,20.75,27.31,nasa,0.6
1995-09-04,3.45,23.08,21.42,25.73,nasa,0.6
1995-09-05,0.11,23.04,20.66,26.25,nasa,0.6
1995-09-06,1.11,24.16,21.22,28.65,nasa,0.59
1995-09-07,4.91,23.93,21.13,28.1,nasa,0.59
1995-09-08,0.16,23.41,20.86,26.77,nasa,0.58
1995-09-09,4.0,23.28,20.59,26.73,nasa,0.58
1995-09-10,31.85,22.31,20.68,24.29,nasa,0.61
1995-09-11,1.15,22.82,20.56,26.77,nasa,0.63
1995-09-12,4.1,23.63,20.45,28.14,nasa,0.62
1995-09-13,6.36,23.18,21.3,25.96,nasa,0.62
1995-09-14,16.38,23.14,21.25,25.96,nasa,0.62
1995-09-15,31.22,23.33,21.51,27.14,nasa,0.67
1995-09-16,12.94,23.25,20.37,27.47,nasa,0.69
1995-09-17,2.22,23.79,19.98,28.64,nasa,0.68
1995-09-18,7.57,23.94,20.37,28.68,nasa,0.66
1995-09-19,1.75,23.65,20.54,28.08,nasa,0.65
1995-09-20,13.57,23.94,20.12,28.93,nasa,0.65
1995-09-21,24.6,23.85,20.0,28.08,nasa,0.67
1995-09-22,7.12,24.29,21.72,28.03,nasa,0.68
1995-09-23,10.78,24.31,21.45,29.53,nasa,0.68
1995-09-24,2.17,22.79,20.78,26.64,nasa,0.67
1995-09-25,0.04,23.45,19.91,28.82,nasa,0.66
1995-09-26,0.24,23.27,19.95,28.13,nasa,0.64
1995-09-27,0.74,23.5,19.56,28.93,nasa,0.63
1995-09-28,24.93,23.21,19.56,28.38,nasa,0.63
1995-09-29,8.21,23.38,20.03,27.8,nasa,0.66
1995-09-30,4.39,24.37,20.56,29.98,nasa,0.65
1995-10-01,8.56,23.98,20.22,28.73,nasa,0.65
1995-10-02,1.74,24.13,20.25,29.33,nasa,0.65
1995-10-03,7.22,23.6,21.2,27.13,nasa,0.64
1995-10-04,3.21,23.79,21.01,27.94,nasa,0.65
1995-10-05,7.52,23.03,20.97,26.3,nasa,0.64
1995-10-06,16.09,22.96,19.76,27.09,nasa,0.65
1995-10-07,33.25,22.96,20.54,26.61,nasa,0.7
1995-10-08,13.41,23.62,19.33,29.3,nasa,0.72
1995-10-09,15.0,22.7,21.22,25.38,nasa,0.72
1995-10-10,10.63,23.0,20.54,26.26,nasa,0.72
1995-10-11,4.14,23.83,21.54,26.87,nasa,0.72
1995-10-12,10.78,23.89,20.58,27.86,nasa,0.71
1995-10-13,1.43,24.56,20.76,28.61,nasa,0.7
1995-10-14,0.0,24.73,21.13,29.18,nasa,0.69
1995-10-15,1.15,24.63,21.73,29.27,nasa,0.68
1995-10-16,5.83,22.86,21.0,25.48,nasa,0.68
1995-10-17,0.1,23.68,19.17,29.44,nasa,0.67
1995-10-18,0.36,23.37,19.77,28.81,nasa,0.66
1995-10-19,6.27,23.08,19.03,28.7,nasa,0.66
1995-10-20,0.07,22.35,18.55,28.02,nasa,0.65
1995-10-21,0.64,22.02,16.78,28.4,nasa,0.64
1995-10-22,6.68,22.08,18.14,27.78,nasa,0.64
1995-10-23,41.77,22.52,19.9,27.08,nasa,0.68
1995-10-24,8.53,22.2,19.97,26.05,nasa,0.7
1995-10-25,15.53,21.86,19.93,24.97,nasa,0.71
1995-10-26,25.14,22.62,19.42,26.64,nasa,0.74
1995-10-27,7.73,23.51,20.77,27.17,nasa,0.73
1995-10-28,29.42,22.7,20.86,25.62,nasa,0.74
1995-10-29,7.86,22.58,20.58,26.45,nasa,0.75
1995-10-30,2.05,22.6,19.14,27.45,nasa,0.74
1995-10-31,1.29,22.54,18.48,27.91,nasa,0.72
1995-11-01,9.18,22.25,19.24,26.52,nasa,0.71
1995-11-02,1.28,23.29,19.72,28.35,nasa,0.71
1995-11-03,0.72,21.91,19.72,24.89,nasa,0.7
1995-11-04,0.05,20.45,16.67,25.28,nasa,0.69
1995-11-05,0.0,20.47,15.08,26.72,nasa,0.68
1995-11-06,0.21,22.41,17.72,27.86,nasa,0.68
1995-11-07,2.63,23.02,19.49,28.54,nasa,0.67
1995-11-08,2.62,22.01,18.96,26.83,nasa,0.67
1995-11-09,6.26,22.58,20.14,26.89,nasa,0.67
1995-11-10,5.77,22.5,20.58,25.75,nasa,0.68
1995-11-11,10.63,21.93,18.36,26.4,nasa,0.68
1995-11-12,0.0,20.93,17.05,26.72,nasa,0.68
1995-11-13,0.01,21.87,17.25,27.94,nasa,0.68
1995-11-14,0.4,22.04,18.54,27.25,nasa,0.67
1995-11-15,3.66,21.52,18.97,26.32,nasa,0.66
1995-11-16,7.16,21.54,18.85,26.16,nasa,0.67
1995-11-17,0.6,22.22,19.29,26.72,nasa,0.67
1995-11-18,1.2,21.73,18.54,26.63,nasa,0.66
1995-11-19,0.2,22.18,19.82,26.47,nasa,0.65
1995-11-20,0.06,21.84,19.21,26.36,nasa,0.65
1995-11-21,0.05,21.78,19.21,26.55,nasa,0.64
1995-11-22,0.65,21.66,18.96,26.45,nasa,0.64
1995-11-23,1.31,21.06,18.29,26.08,nasa,0.64
1995-11-24,0.37,19.11,17.05,22.99,nasa,0.64
1995-11-25,0.65,18.93,16.16,23.8,nasa,0.63
1995-11-26,9.97,17.8,15.4,20.39,nasa,0.64
1995-11-27,17.66,19.58,17.08,22.7,nasa,0.67
1995-11-28,8.33,20.99,18.85,24.19,nasa,0.69
1995-11-29,5.42,21.77,19.35,25.78,nasa,0.69
1995-11-30,26.93,21.72,19.44,25.69,nasa,0.7
1995-12-01,4.59,21.42,19.35,25.41,nasa,0.71
1995-12-02,0.42,20.03,16.9,23.98,nasa,0.7
1995-12-03,0.0,18.89,16.0,23.35,nasa,0.68
1995-12-04,0.0,18.39,15.26,23.33,nasa,0.67
1995-12-05,0.03,18.23,15.34,22.69,nasa,0.67
1995-12-06,0.31,18.1,14.93,22.65,nasa,0.66
1995-12-07,0.0,18.42,16.38,22.58,nasa,0.66
1995-12-08,0.08,18.66,16.0,22.98,nasa,0.65
1995-12-09,0.68,19.3,16.65,23.8,nasa,0.65
1995-12-10,0.71,19.99,17.25,24.91,nasa,0.65
1995-12-11,3.56,20.0,17.5,24.66,nasa,0.65
1995-12-12,1.97,20.57,18.09,25.12,nasa,0.65
1995-12-13,2.29,20.94,17.88,26.15,nasa,0.65
1995-12-14,6.83,21.65,18.37,26.99,nasa,0.65
1995-12-15,1.54,21.77,18.75,26.72,nasa,0.65
1995-12-16,0.0,22.25,19.56,26.73,nasa,0.65
1995-12-17,0.54,22.28,19.09,27.28,nasa,0.64
1995-12-18,5.57,21.58,18.84,26.49,nasa,0.64
1995-12-19,2.9,21.6,19.35,25.79,nasa,0.64
1995-12-20,8.46,20.7,18.49,24.96,nasa,0.64
1995-12-21,12.13,19.73,17.31,23.95,nasa,0.66
1995-12-22,1.06,19.77,17.05,24.21,nasa,0.66
1995-12-23,0.37,20.46,17.87,25.18,nasa,0.65
1995-12-24,0.41,19.75,17.62,24.02,nasa,0.65
1995-12-25,3.01,19.73,17.52,22.78,nasa,0.64
1995-12-26,3.63,19.79,17.62,23.49,nasa,0.65
1995-12-27,6.09,18.78,17.06,22.62,nasa,0.65
1995-12-28,0.51,18.94,15.75,23.3,nasa,0.65
1995-12-29,0.0,16.67,13.04,21.88,nasa,0.64
1995-12-30,0.0,15.96,12.6,21.27,nasa,0.64
1995-12-31,0.0,15.57,10.84,21.51,nasa,0.63
1996-01-01,0.0,16.15,12.22,22.33,nasa,0.63
1996-01-02,0.0,16.66,11.44,23.4,nasa,0.62
1996-01-03,0.02,16.96,13.15,22.44,nasa,0.62
1996-01-04,0.0,17.79,13.65,23.68,nasa,0.62
1996-01-05,0.0,18.52,13.54,24.82,nasa,0.62
1996-01-06,0.0,18.95,13.96,25.18,nasa,0.61
1996-01-07,0.0,19.29,14.64,25.51,nasa,0.61
1996-01-08,0.07,18.99,15.04,24.05,nasa,0.61
1996-01-09,0.48,19.83,16.85,25.03,nasa,0.61
1996-01-10,2.85,19.84,16.49,25.38,nasa,0.61
1996-01-11,0.12,20.71,16.71,26.72,nasa,0.6
1996-01-12,0.0,20.62,16.01,26.98,nasa,0.6
1996-01-13,0.0,20.07,15.13,26.76,nasa,0.6
1996-01-14,0.0,19.56,14.76,26.36,nasa,0.59
1996-01-15,0.0,18.99,13.01,26.58,nasa,0.59
1996-01-16,0.0,18.15,12.08,25.04,nasa,0.59
1996-01-17,0.0,19.17,13.56,26.6,nasa,0.58
1996-01-18,0.0,19.77,13.18,26.96,nasa,0.58
1996-01-19,0.83,20.69,16.04,27.07,nasa,0.58
1996-01-20,6.64,20.37,17.07,26.03,nasa,0.59
1996-01-21,0.15,20.94,16.77,26.81,nasa,0.59
1996-01-22,5.85,20.43,16.79,25.83,nasa,0.59
1996-01-23,4.06,20.88,18.23,25.5,nasa,0.59
1996-01-24,0.25,21.11,17.56,26.81,nasa,0.6
1996-01-25,0.0,21.67,17.62,27.96,nasa,0.59
1996-01-26,0.0,21.14,17.82,26.34,nasa,0.59
1996-01-27,0.01,20.22,17.24,25.13,nasa,0.58
1996-01-28,0.14,19.46,16.27,24.75,nasa,0.58
1996-01-29,1.83,18.66,15.32,24.24,nasa,0.58
1996-01-30,0.42,19.12,16.13,24.55,nasa,0.58
1996-01-31,6.03,20.31,17.14,26.04,nasa,0.58
1996-02-01,7.82,19.79,17.3,24.92,nasa,0.59
1996-02-02,0.3,19.22,16.37,24.36,nasa,0.59
1996-02-03,0.1,19.09,16.21,24.15,nasa,0.59
1996-02-04,0.32,19.68,16.15,25.67,nasa,0.58
1996-02-05,0.84,19.45,15.79,25.54,nasa,0.58
1996-02-06,0.0,19.55,16.01,25.43,nasa,0.58
1996-02-07,0.0,20.11,15.58,26.74,nasa,0.57
1996-02-08,0.03,20.31,15.3,27.16,nasa,0.57
1996-02-09,0.17,19.48,15.92,25.17,nasa,0.56
1996-02-10,0.11,18.05,15.17,23.21,nasa,0.56
1996-02-11,0.0,18.91,14.98,24.89,nasa,0.56
1996-02-12,0.0,21.19,14.67,28.99,nasa,0.56
1996-02-13,0.0,22.72,17.02,29.47,nasa,0.56
1996-02-14,0.0,24.42,17.47,31.9,nasa,0.55
1996-02-15,0.0,25.23,20.5,31.82,nasa,0.55
1996-02-16,0.0,25.16,19.67,32.65,nasa,0.55
1996-02-17,0.0,25.06,19.67,32.17,nasa,0.54
1996-02-18,0.02,23.41,19.29,29.35,nasa,0.54
1996-02-19,0.2,22.21,18.98,27.32,nasa,0.54
1996-02-20,0.0,21.23,17.85,26.54,nasa,0.54
1996-02-21,0.1,19.99,16.59,25.91,nasa,0.54
1996-02-22,0.45,20.24,16.23,26.58,nasa,0.54
1996-02-23,0.0,20.57,16.3,27.31,nasa,0.54
1996-02-24,0.0,20.6,16.05,27.22,nasa,0.54
1996-02-25,0.0,20.31,15.12,27.7,nasa,0.53
1996-02-26,0.02,20.82,14.79,28.02,nasa,0.53
1996-02-27,0.18,20.83,16.57,27.23,nasa,0.53
1996-02-28,0.0,20.47,15.35,27.39,nasa,0.53
1996-02-29,0.0,20.29,14.71,28.01,nasa,0.53
1996-03-01,0.0,19.72,15.24,25.97,nasa,0.53
1996-03-02,0.0,19.46,14.94,25.95,nasa,0.53
1996-03-03,0.0,18.97,13.93,26.52,nasa,0.53
1996-03-04,0.0,18.94,13.55,26.87,nasa,0.52
1996-03-05,0.0,19.88,12.65,28.93,nasa,0.52
1996-03-06,0.0,21.69,13.26,30.98,nasa,0.52
1996-03-07,0.0,23.36,15.95,31.94,nasa,0.52
1996-03-08,0.0,24.19,16.48,32.33,nasa,0.52
1996-03-09,0.0,24.83,18.95,32.01,nasa,0.51
1996-03-10,0.01,24.81,20.16,31.58,nasa,0.51
1996-03-11,0.08,23.94,18.98,30.59,nasa,0.51
1996-03-12,0.3,23.97,19.59,30.56,nasa,0.51
1996-03-13,0.0,23.88,18.27,31.55,nasa,0.51
1996-03-14,0.0,25.38,18.2,34.1,nasa,0.51
1996-03-15,0.0,26.21,18.54,34.06,nasa,0.5
1996-03-16,0.0,27.4,21.14,35.47,nasa,0.5
1996-03-17,0.0,27.28,20.89,34.42,nasa,0.5
1996-03-18,0.0,27.17,20.94,34.34,nasa,0.5
1996-03-19,0.0,27.39,20.77,35.55,nasa,0.5
1996-03-20,0.0,27.36,20.77,35.39,nasa,0.49
1996-03-21,0.0,27.57,20.21,36.07,nasa,0.49
1996-03-22,0.0,27.04,19.17,35.6,nasa,0.49
1996-03-23,0.0,26.33,20.54,34.62,nasa,0.49
1996-03-24,0.34,25.28,20.01,32.45,nasa,0.49
1996-03-25,1.02,25.49,20.63,32.28,nasa,0.49
1996-03-26,0.09,25.43,20.72,32.94,nasa,0.49
1996-03-27,0.0,24.92,20.19,32.04,nasa,0.49
1996-03-28,0.05,25.56,19.82,33.8,nasa,0.49
1996-03-29,0.0,26.04,19.27,33.83,nasa,0.49
1996-03-30,0.0,27.59,20.4,35.42,nasa,0.48
1996-03-31,0.0,27.53,21.81,34.28,nasa,0.48
1996-04-01,0.0,28.53,21.78,35.97,nasa,0.48
1996-04-02,0.01,26.23,23.2,31.54,nasa,0.48
1996-04-03,0.2,25.33,21.72,31.36,nasa,0.48
1996-04-04,0.0,25.77,21.1,32.65,nasa,0.48
1996-04-05,0.03,25.84,20.14,33.42,nasa,0.48
1996-04-06,0.32,26.19,20.68,33.22,nasa,0.48
1996-04-07,0.0,26.66,20.18,34.27,nasa,0.48
1996-04-08,1.54,27.27,20.93,35.22,nasa,0.48
1996-04-09,7.5,25.1,20.89,32.2,nasa,0.49
1996-04-10,0.01,27.5,21.46,35.51,nasa,0.49
1996-04-11,0.14,27.37,21.51,35.13,nasa,0.49
1996-04-12,0.1,25.51,18.93,33.09,nasa,0.49
1996-04-13,0.75,25.75,20.92,32.56,nasa,0.49
1996-04-14,10.65,24.23,21.36,29.33,nasa,0.5
1996-04-15,2.92,25.55,20.37,32.89,nasa,0.51
1996-04-16,0.0,26.72,19.36,34.91,nasa,0.5
1996-04-17,0.0,25.86,21.72,32.74,nasa,0.5
1996-04-18,0.05,25.47,20.73,30.76,nasa,0.5
1996-04-19,2.22,27.49,22.25,34.74,nasa,0.49
1996-04-20,14.45,25.68,21.41,32.19,nasa,0.51
1996-04-21,3.92,22.86,19.51,27.81,nasa,0.52
1996-04-22,2.75,22.45,18.53,28.5,nasa,0.52
1996-04-23,0.86,22.68,17.51,29.74,nasa,0.52
1996-04-24,0.0,24.46,18.18,31.77,nasa,0.51
1996-04-25,0.0,25.2,19.19,32.28,nasa,0.51
1996-04-26,0.0,24.44,19.66,31.28,nasa,0.5
1996-04-27,0.0,25.26,18.56,33.18,nasa,0.5
1996-04-28,0.0,26.66,19.76,34.57,nasa,0.49
1996-04-29,0.16,27.7,21.62,35.34,nasa,0.49
1996-04-30,0.44,27.16,22.19,34.1,nasa,0.49
1996-05-01,2.65,24.53,22.09,29.38,nasa,0.49
1996-05-02,0.53,26.75,21.47,34.75,nasa,0.49
1996-05-03,1.72,26.26,21.89,32.11,nasa,0.49
1996-05-04,0.01,26.67,21.16,32.82,nasa,0.49
1996-05-05,0.08,27.61,22.09,34.12,nasa,0.49
1996-05-06,0.63,26.07,22.57,31.3,nasa,0.48
1996-05-07,8.46,26.29,22.13,31.51,nasa,0.48
1996-05-08,36.43,24.16,21.6,28.71,nasa,0.55
1996-05-09,3.46,24.27,20.5,28.95,nasa,0.56
1996-05-10,4.99,23.73,21.37,26.92,nasa,0.56
1996-05-11,12.83,24.19,21.07,28.44,nasa,0.57
1996-05-12,4.93,23.63,21.25,27.07,nasa,0.57
1996-05-13,17.17,24.09,21.29,28.54,nasa,0.58
1996-05-14,25.59,24.28,21.53,28.54,nasa,0.62
1996-05-15,12.64,23.2,21.56,25.51,nasa,0.63
1996-05-16,12.06,22.72,21.32,25.14,nasa,0.64
1996-05-17,12.44,22.46,20.86,24.86,nasa,0.64
1996-05-18,28.98,23.1,20.36,26.96,nasa,0.66
1996-05-19,13.78,23.53,20.59,27.53,nasa,0.68
1996-05-20,9.92,23.55,20.19,27.88,nasa,0.68
1996-05-21,32.88,23.09,20.16,26.97,nasa,0.7
1996-05-22,5.36,22.84,19.81,26.52,nasa,0.71
1996-05-23,0.4,23.85,20.64,27.75,nasa,0.68
1996-05-24,0.14,24.48,21.23,28.62,nasa,0.66
1996-05-25,0.31,24.44,21.96,28.57,nasa,0.64
1996-05-26,2.92,24.41,21.52,28.18,nasa,0.63
1996-05-27,3.01,24.21,20.99,29.04,nasa,0.62
1996-05-28,27.32,23.82,21.11,27.43,nasa,0.63
1996-05-29,0.72,24.81,21.17,29.88,nasa,0.65
1996-05-30,0.01,25.02,21.52,29.01,nasa,0.63
1996-05-31,0.05,24.87,21.37,30.41,nasa,0.61
1996-06-01,0.0,24.76,20.61,30.37,nasa,0.6
1996-06-02,0.0,24.76,20.52,29.98,nasa,0.59
1996-06-03,0.0,25.61,21.43,31.4,nasa,0.58
1996-06-04,0.0,26.05,20.73,32.46,nasa,0.57
1996-06-05,0.67,26.04,20.82,32.27,nasa,0.56
1996-06-06,6.3,25.35,21.79,31.27,nasa,0.56
1996-06-07,7.32,25.22,20.64,31.15,nasa,0.56
1996-06-08,14.91,23.02,20.47,26.83,nasa,0.58
1996-06-09,10.78,23.26,20.44,27.38,nasa,0.59
1996-06-10,25.16,22.53,20.37,26.14,nasa,0.62
1996-06-11,35.46,23.14,20.4,26.66,nasa,0.66
1996-06-12,12.2,24.22,20.95,28.69,nasa,0.69
1996-06-13,2.3,24.76,21.25,29.38,nasa,0.68
1996-06-14,7.69,24.11,21.57,27.08,nasa,0.67
1996-06-15,5.27,23.82,21.66,27.13,nasa,0.66
1996-06-16,0.53,23.79,21.55,26.26,nasa,0.65
1996-06-17,2.3,23.36,21.42,26.23,nasa,0.64
1996-06-18,9.02,23.03,21.46,25.24,nasa,0.64
1996-06-19,5.89,23.27,20.72,26.6,nasa,0.65
1996-06-20,0.85,23.42,21.25,26.16,nasa,0.64
1996-06-21,5.61,23.54,21.33,26.8,nasa,0.64
1996-06-22,2.15,23.66,20.73,27.15,nasa,0.63
1996-06-23,12.01,23.13,21.35,26.03,nasa,0.64
1996-06-24,0.64,23.49,21.01,26.81,nasa,0.64
1996-06-25,2.54,23.37,21.04,27.04,nasa,0.63
1996-06-26,0.03,23.83,20.78,27.29,nasa,0.63
1996-06-27,0.1,24.65,20.92,28.66,nasa,0.62
1996-06-28,0.02,24.5,21.6,28.31,nasa,0.61
1996-06-29,0.04,24.94,21.67,29.04,nasa,0.61
1996-06-30,0.22,25.04,21.61,29.72,nasa,0.6
1996-07-01,0.1,24.43,21.72,28.98,nasa,0.6
1996-07-02,0.02,24.96,21.41,29.37,nasa,0.59
1996-07-03,0.08,24.5,21.96,28.47,nasa,0.59
1996-07-04,0.0,25.17,21.12,30.41,nasa,0.58
1996-07-05,0.48,24.95,20.88,30.47,nasa,0.57
1996-07-06,3.31,24.27,20.38,29.65,nasa,0.57
1996-07-07,0.67,23.51,20.3,28.16,nasa,0.57
1996-07-08,3.77,24.43,20.64,29.57,nasa,0.57
1996-07-09,0.12,24.95,21.23,29.7,nasa,0.57
1996-07-10,0.19,25.41,21.32,30.99,nasa,0.57
1996-07-11,1.5,24.46,21.63,28.54,nasa,0.56
1996-07-12,3.75,25.01,21.4,29.94,nasa,0.56
1996-07-13,5.79,23.06,21.25,25.45,nasa,0.57
1996-07-14,1.24,24.54,19.86,30.21,nasa,0.57
1996-07-15,6.34,24.22,20.45,29.39,nasa,0.57
1996-07-16,3.94,23.98,21.24,28.36,nasa,0.58
1996-07-17,13.07,23.03,21.16,26.62,nasa,0.59
1996-07-18,1.56,23.81,20.79,27.8,nasa,0.6
1996-07-19,1.98,23.48,20.9,27.02,nasa,0.59
1996-07-20,3.36,22.8,20.36,27.31,nasa,0.59
1996-07-21,3.51,21.98,20.12,23.62,nasa,0.59
1996-07-22,3.03,22.76,19.62,26.74,nasa,0.59
1996-07-23,2.85,23.67,20.61,27.81,nasa,0.58
1996-07-24,0.15,24.42,21.77,28.34,nasa,0.58
1996-07-25,1.29,23.39,20.69,26.67,nasa,0.57
1996-07-26,2.78,23.15,20.71,27.26,nasa,0.57
1996-07-27,6.89,23.69,20.28,27.98,nasa,0.57
1996-07-28,6.72,23.77,20.53,28.2,nasa,0.58
1996-07-29,7.54,23.79,20.8,27.67,nasa,0.58
1996-07-30,3.58,23.66,21.39,27.08,nasa,0.58
1996-07-31,0.77,23.47,20.6,27.01,nasa,0.58
1996-08-01,0.0,24.42,21.74,27.81,nasa,0.58
1996-08-02,0.63,24.68,22.72,27.76,nasa,0.57
1996-08-03,6.59,23.5,21.14,26.5,nasa,0.57
1996-08-04,23.22,21.79,19.65,25.76,nasa,0.59
1996-08-05,3.97,22.2,19.85,26.09,nasa,0.61
1996-08-06,2.51,23.37,19.6,28.46,nasa,0.61
1996-08-07,3.28,23.85,21.18,28.27,nasa,0.6
1996-08-08,6.54,23.95,20.77,28.49,nasa,0.6
1996-08-09,5.87,23.86,21.04,28.13,nasa,0.6
1996-08-10,0.58,24.04,20.93,28.33,nasa,0.6
1996-08-11,7.72,23.15,20.48,26.49,nasa,0.6
1996-08-12,4.86,23.49,20.28,27.83,nasa,0.6
1996-08-13,1.29,23.39,20.71,27.28,nasa,0.6
1996-08-14,2.06,23.54,20.25,27.64,nasa,0.6
1996-08-15,0.6,24.72,21.06,29.38,nasa,0.59
1996-08-16,3.15,24.6,21.65,28.94,nasa,0.59
1996-08-17,0.0,24.93,20.27,30.87,nasa,0.58
1996-08-18,0.08,24.4,21.12,29.68,nasa,0.58
1996-08-19,0.61,23.31,20.85,27.27,nasa,0.57
1996-08-20,1.65,24.28,19.78,29.41,nasa,0.57
1996-08-21,3.39,24.65,18.91,30.38,nasa,0.57
1996-08-22,1.62,23.99,21.55,27.57,nasa,0.56
1996-08-23,22.85,23.83,20.59,28.98,nasa,0.58
1996-08-24,5.25,22.6,20.9,24.36,nasa,0.6
1996-08-25,1.24,23.8,20.45,28.91,nasa,0.6
1996-08-26,1.63,24.25,20.94,28.7,nasa,0.6
1996-08-27,0.51,24.4,21.03,28.49,nasa,0.59
1996-08-28,2.08,24.08,20.94,28.48,nasa,0.59
1996-08-29,0.04,25.29,20.31,31.15,nasa,0.58
1996-08-30,0.31,24.18,20.66,28.69,nasa,0.57
1996-08-31,5.17,24.12,20.36,29.57,nasa,0.57
1996-09-01,52.82,23.33,19.83,28.1,nasa,0.62
1996-09-02,11.13,23.64,20.35,28.75,nasa,0.66
1996-09-03,4.11,22.95,20.23,26.7,nasa,0.66
1996-09-04,15.38,22.73,19.44,27.17,nasa,0.65
1996-09-05,10.9,22.59,19.47,27.15,nasa,0.66
1996-09-06,13.28,22.86,19.4,27.2,nasa,0.67
1996-09-07,3.25,23.09,20.43,26.63,nasa,0.66
1996-09-08,10.93,23.28,20.06,27.9,nasa,0.66
1996-09-09,2.45,24.01,19.92,29.23,nasa,0.66
1996-09-10,2.45,23.77,20.75,28.36,nasa,0.64
1996-09-11,3.96,22.71,20.69,25.92,nasa,0.64
1996-09-12,2.51,23.28,21.29,26.82,nasa,0.64
1996-09-13,2.27,23.59,21.42,26.6,nasa,0.63
1996-09-14,2.79,24.25,20.89,29.01,nasa,0.62
1996-09-15,3.67,23.71,21.83,26.93,nasa,0.62
1996-09-16,4.5,24.25,21.8,28.2,nasa,0.62
1996-09-17,10.02,23.55,21.4,26.1,nasa,0.63
1996-09-18,2.59,23.15,21.17,26.18,nasa,0.63
1996-09-19,0.46,24.03,21.06,28.16,nasa,0.62
1996-09-20,0.85,23.06,21.22,26.55,nasa,0.62
1996-09-21,0.39,23.55,20.7,27.94,nasa,0.61
1996-09-22,2.57,24.15,20.72,28.93,nasa,0.61
1996-09-23,29.41,23.8,21.17,28.3,nasa,0.63
1996-09-24,24.45,22.53,21.05,24.93,nasa,0.67
1996-09-25,24.01,22.41,20.42,24.86,nasa,0.7
1996-09-26,20.12,22.97,20.5,26.25,nasa,0.72
1996-09-27,20.74,22.73,20.97,25.74,nasa,0.74
1996-09-28,25.78,23.16,19.8,27.54,nasa,0.75
1996-09-29,5.79,23.07,20.85,26.09,nasa,0.75
1996-09-30,8.35,23.3,20.45,27.26,nasa,0.74
1996-10-01,0.55,23.44,20.36,27.91,nasa,0.72
1996-10-02,0.47,22.47,20.34,25.18,nasa,0.71
1996-10-03,0.0,23.24,20.86,26.53,nasa,0.69
1996-10-04,0.03,24.07,19.53,29.48,nasa,0.68
1996-10-05,0.54,24.1,19.48,29.33,nasa,0.67
1996-10-06,0.03,24.34,19.91,29.7,nasa,0.66
1996-10-07,0.02,23.58,20.55,27.95,nasa,0.65
1996-10-08,1.21,23.37,19.69,28.46,nasa,0.65
1996-10-09,6.76,22.29,18.85,27.87,nasa,0.65
1996-10-10,1.26,22.07,18.62,27.15,nasa,0.65
1996-10-11,19.64,22.61,19.36,27.43,nasa,0.66
1996-10-12,9.43,22.53,19.97,26.14,nasa,0.68
1996-10-13,19.48,23.21,20.5,28.03,nasa,0.69
1996-10-14,1.37,23.16,19.28,28.58,nasa,0.7
1996-10-15,0.16,23.73,18.93,29.09,nasa,0.68
1996-10-16,2.93,24.13,20.48,28.55,nasa,0.67
1996-10-17,4.04,23.66,21.0,27.55,nasa,0.67
1996-10-18,16.61,22.89,20.54,25.55,nasa,0.68
1996-10-19,7.12,21.05,19.17,23.84,nasa,0.7
1996-10-20,6.94,22.26,19.08,27.08,nasa,0.7
1996-10-21,18.6,22.25,17.73,27.49,nasa,0.71
1996-10-22,4.53,21.54,19.12,23.95,nasa,0.71
1996-10-23,4.28,22.96,20.59,25.88,nasa,0.71
1996-10-24,9.32,23.42,21.4,27.11,nasa,0.71
1996-10-25,20.9,22.52,20.67,24.97,nasa,0.71
1996-10-26,15.26,21.65,19.72,25.23,nasa,0.74
1996-10-27,13.55,22.3,19.9,26.61,nasa,0.74
1996-10-28,12.14,22.9,20.3,26.79,nasa,0.74
1996-10-29,17.81,22.48,20.47,24.97,nasa,0.74
1996-10-30,23.7,22.43,19.91,26.04,nasa,0.77
1996-10-31,9.46,23.01,20.46,26.8,nasa,0.77
1996-11-01,14.59,23.02,20.74,26.53,nasa,0.76
1996-11-02,26.32,22.39,20.36,26.03,nasa,0.78
1996-11-03,16.48,21.95,19.71,25.84,nasa,0.79
1996-11-04,7.51,22.2,19.08,26.13,nasa,0.78
1996-11-05,19.61,23.01,20.2,27.05,nasa,0.78
1996-11-06,5.41,22.77,19.36,27.7,nasa,0.78
1996-11-07,9.84,21.75,19.63,25.74,nasa,0.77
1996-11-08,12.53,21.79,19.67,25.3,nasa,0.78
1996-11-09,0.03,22.69,18.44,27.37,nasa,0.77
1996-11-10,3.34,23.09,18.79,27.98,nasa,0.75
1996-11-11,9.57,23.37,19.25,28.28,nasa,0.76
1996-11-12,19.74,22.77,18.44,28.36,nasa,0.77
1996-11-13,2.09,21.24,17.85,26.17,nasa,0.77
1996-11-14,9.26,21.44,17.81,26.46,nasa,0.76
1996-11-15,26.94,21.07,18.66,25.16,nasa,0.78
1996-11-16,26.12,21.34,19.21,23.89,nasa,0.8
1996-11-17,74.84,21.26,19.56,23.86,nasa,0.84
1996-11-18,29.08,21.44,19.51,24.72,nasa,0.87
1996-11-19,16.14,21.52,19.33,25.01,nasa,0.86
1996-11-20,1.2,21.34,20.04,23.78,nasa,0.84
1996-11-21,8.25,21.64,19.85,24.97,nasa,0.83
1996-11-22,8.84,20.95,18.67,24.32,nasa,0.83
1996-11-23,6.41,21.0,18.41,25.68,nasa,0.82
1996-11-24,1.25,21.68,18.9,26.14,nasa,0.82
1996-11-25,0.74,21.75,19.03,26.34,nasa,0.81
1996-11-26,2.89,21.56,19.2,25.52,nasa,0.8
1996-11-27,11.53,21.31,19.48,23.85,nasa,0.8
1996-11-28,3.54,21.84,19.0,26.14,nasa,0.81
1996-11-29,1.06,21.74,19.33,25.43,nasa,0.81
1996-11-30,30.32,21.64,19.47,25.41,nasa,0.82
1996-12-01,22.03,21.78,19.62,25.51,nasa,0.85
1996-12-02,12.59,21.25,20.02,23.18,nasa,0.85
1996-12-03,2.13,21.64,19.39,25.05,nasa,0.84
1996-12-04,6.67,21.41,19.13,25.05,nasa,0.84
1996-12-05,3.95,21.3,19.03,24.67,nasa,0.83
1996-12-06,22.06,20.89,19.11,23.15,nasa,0.84
1996-12-07,2.0,20.15,18.19,23.63,nasa,0.84
1996-12-08,2.74,20.39,17.94,24.66,nasa,0.83
1996-12-09,4.35,20.93,18.14,25.45,nasa,0.83
1996-12-10,0.26,21.03,18.74,25.22,nasa,0.83
1996-12-11,0.48,20.14,18.17,23.69,nasa,0.82
1996-12-12,0.06,20.4,17.93,25.07,nasa,0.81
1996-12-13,0.88,20.47,17.9,24.82,nasa,0.81
1996-12-14,0.0,20.0,17.03,24.55,nasa,0.8
1996-12-15,0.0,19.68,15.83,25.15,nasa,0.8
1996-12-16,0.0,20.42,16.57,25.63,nasa,0.79
1996-12-17,0.02,20.8,18.31,25.07,nasa,0.79
1996-12-18,0.8,21.09,18.89,25.09,nasa,0.79
1996-12-19,16.23,20.52,18.89,23.31,nasa,0.79
1996-12-20,26.21,19.96,18.7,22.36,nasa,0.82
1996-12-21,21.12,19.7,18.51,21.84,nasa,0.84
1996-12-22,6.97,19.99,18.61,22.29,nasa,0.84
1996-12-23,5.07,19.93,17.65,23.41,nasa,0.83
1996-12-24,1.51,19.67,16.94,24.29,nasa,0.83
1996-12-25,0.0,18.86,15.78,23.77,nasa,0.82
1996-12-26,0.0,17.41,13.23,22.56,nasa,0.81
1996-12-27,0.0,16.3,12.09,21.79,nasa,0.81
1996-12-28,0.06,17.22,12.82,22.88,nasa,0.8
1996-12-29,0.61,18.56,14.0,24.49,nasa,0.8
1996-12-30,0.0,18.35,14.91,23.46,nasa,0.79
1996-12-31,0.0,17.91,13.94,23.5,nasa,0.79
1997-01-01,0.0,17.02,12.91,22.64,nasa,0.79
1997-01-02,0.0,17.06,13.06,22.77,nasa,0.78
1997-01-03,0.0,17.52,12.16,23.76,nasa,0.78
1997-01-04,0.0,17.9,13.8,23.29,nasa,0.77
1997-01-05,0.0,17.37,12.7,23.27,nasa,0.77
1997-01-06,0.2,18.49,13.88,24.28,nasa,0.77
1997-01-07,0.79,19.12,16.21,23.86,nasa,0.76
1997-01-08,0.76,18.44,15.75,22.87,nasa,0.76
1997-01-09,0.19,17.99,15.15,22.92,nasa,0.76
1997-01-10,0.58,16.58,13.37,21.19,nasa,0.76
1997-01-11,0.01,15.78,12.53,20.29,nasa,0.75
1997-01-12,0.0,16.43,12.9,22.15,nasa,0.75
1997-01-13,0.0,16.94,12.0,23.49,nasa,0.75
1997-01-14,0.0,18.02,13.02,24.48,nasa,0.74
1997-01-15,0.0,18.73,13.46,25.01,nasa,0.74
1997-01-16,0.0,19.6,14.78,25.67,nasa,0.74
1997-01-17,0.0,19.97,15.45,25.83,nasa,0.73
1997-01-18,0.0,19.19,14.9,25.3,nasa,0.73
1997-01-19,0.0,18.34,13.2,24.88,nasa,0.73
1997-01-20,0.0,18.81,14.26,25.2,nasa,0.72
1997-01-21,0.0,19.2,13.65,26.1,nasa,0.72
1997-01-22,0.0,19.3,14.77,25.7,nasa,0.72
1997-01-23,0.0,19.88,13.69,26.46,nasa,0.71
1997-01-24,0.06,20.74,15.22,26.6,nasa,0.71
1997-01-25,0.28,18.54,14.59,24.06,nasa,0.71
1997-01-26,0.25,18.54,14.99,24.02,nasa,0.71
1997-01-27,0.64,17.76,14.43,23.06,nasa,0.7
1997-01-28,4.54,17.96,14.59,23.43,nasa,0.7
1997-01-29,0.0,18.24,14.29,24.34,nasa,0.7
1997-01-30,0.0,19.13,12.95,26.21,nasa,0.7
1997-01-31,0.0,21.07,15.96,27.26,nasa,0.69
1997-02-01,0.0,22.14,17.3,27.95,nasa,0.69
1997-02-02,0.0,23.33,18.89,29.07,nasa,0.69
1997-02-03,0.0,22.91,19.38,27.56,nasa,0.68
1997-02-04,0.17,23.42,20.37,28.35,nasa,0.68
1997-02-05,0.96,22.49,19.08,27.4,nasa,0.68
1997-02-06,0.5,22.34,18.2,28.52,nasa,0.68
1997-02-07,0.67,22.05,17.01,28.46,nasa,0.67
1997-02-08,0.0,22.64,17.73,28.69,nasa,0.67
1997-02-09,0.0,22.48,18.56,27.61,nasa,0.67
1997-02-10,0.22,22.85,19.22,27.98,nasa,0.66
1997-02-11,2.09,22.57,20.23,26.58,nasa,0.67
1997-02-12,1.38,22.33,19.46,27.1,nasa,0.67
1997-02-13,3.16,22.31,18.52,27.91,nasa,0.67
1997-02-14,2.34,22.83,19.49,28.33,nasa,0.67
1997-02-15,1.32,22.54,18.97,28.06,nasa,0.66
1997-02-16,0.0,21.52,17.54,27.19,nasa,0.66
1997-02-17,0.0,20.59,16.39,26.71,nasa,0.66
1997-02-18,0.0,20.33,17.11,25.72,nasa,0.65
1997-02-19,0.0,19.58,16.48,24.48,nasa,0.65
1997-02-20,0.0,18.84,16.26,23.84,nasa,0.65
1997-02-21,0.0,19.19,15.72,24.41,nasa,0.64
1997-02-22,0.0,19.7,16.55,24.85,nasa,0.64
1997-02-23,0.01,20.35,16.03,26.53,nasa,0.64
1997-02-24,1.07,20.51,16.63,26.67,nasa,0.64
1997-02-25,0.31,20.57,16.39,27.01,nasa,0.64
1997-02-26,0.0,20.74,16.46,27.03,nasa,0.63
1997-02-27,0.0,20.59,16.06,26.9,nasa,0.63
1997-02-28,0.0,20.26,15.34,26.75,nasa,0.62
1997-03-01,0.0,20.16,15.08,26.88,nasa,0.62
1997-03-02,0.0,20.04,15.16,26.94,nasa,0.62
1997-03-03,0.09,19.71,15.3,26.44,nasa,0.62
1997-03-04,0.04,19.24,14.95,25.7,nasa,0.61
1997-03-05,0.0,20.37,15.01,27.18,nasa,0.61
1997-03-06,0.0,21.23,16.46,27.27,nasa,0.61
1997-03-07,0.0,21.31,16.78,28.3,nasa,0.61
1997-03-08,0.0,20.32,15.29,26.9,nasa,0.6
1997-03-09,0.0,20.77,15.56,27.87,nasa,0.6
1997-03-10,0.0,21.28,14.64,29.12,nasa,0.6
1997-03-11,0.0,23.0,16.66,30.53,nasa,0.59
1997-03-12,0.0,23.92,18.04,30.24,nasa,0.59
1997-03-13,0.0,24.39,18.62,31.16,nasa,0.59
1997-03-14,0.0,24.83,19.4,31.03,nasa,0.59
1997-03-15,0.0,24.59,19.06,31.12,nasa,0.58
1997-03-16,0.0,24.26,19.0,30.41,nasa,0.58
1997-03-17,0.0,24.05,19.06,30.29,nasa,0.58
1997-03-18,0.0,23.55,17.83,30.35,nasa,0.58
1997-03-19,0.0,23.71,18.62,29.38,nasa,0.58
1997-03-20,0.0,24.68,19.93,30.99,nasa,0.58
1997-03-21,0.0,25.42,20.59,31.42,nasa,0.57
1997-03-22,0.0,25.65,19.24,31.99,nasa,0.57
1997-03-23,0.0,25.62,19.62,32.69,nasa,0.57
1997-03-24,0.0,24.11,19.23,30.86,nasa,0.56
1997-03-25,0.0,22.86,17.23,29.99,nasa,0.56
1997-03-26,0.0,23.43,19.16,29.9,nasa,0.56
1997-03-27,0.01,23.48,18.75,30.07,nasa,0.56
1997-03-28,0.02,23.89,19.21,30.58,nasa,0.55
1997-03-29,0.0,23.09,18.91,28.68,nasa,0.55
1997-03-30,0.0,23.12,19.83,27.89,nasa,0.55
1997-03-31,0.01,23.84,20.45,29.5,nasa,0.55
1997-04-01,0.0,24.18,19.04,31.09,nasa,0.55
1997-04-02,0.0,24.56,18.7,31.61,nasa,0.55
1997-04-03,0.0,24.94,19.13,31.56,nasa,0.55
1997-04-04,0.0,25.71,19.51,33.38,nasa,0.54
1997-04-05,0.0,25.49,19.13,33.2,nasa,0.54
1997-04-06,0.0,25.55,19.93,33.02,nasa,0.54
1997-04-07,0.41,25.84,19.95,33.1,nasa,0.54
1997-04-08,4.92,23.62,21.01,27.16,nasa,0.54
1997-04-09,0.31,23.77,20.74,28.9,nasa,0.54
1997-04-10,0.23,24.19,19.63,29.29,nasa,0.54
1997-04-11,0.91,24.17,20.81,29.3,nasa,0.54
1997-04-12,7.37,24.25,18.96,31.34,nasa,0.55
1997-04-13,5.57,22.57,20.81,25.32,nasa,0.56
1997-04-14,5.72,24.27,19.72,30.48,nasa,0.56
1997-04-15,13.5,24.39,19.93,30.28,nasa,0.58
1997-04-16,0.29,25.21,19.85,31.32,nasa,0.58
1997-04-17,0.0,25.66,20.45,31.56,nasa,0.57
1997-04-18,0.0,25.77,19.82,31.88,nasa,0.57
1997-04-19,0.0,25.8,21.57,31.49,nasa,0.56
1997-04-20,0.0,26.18,21.44,32.53,nasa,0.55
1997-04-21,0.0,25.63,20.72,31.8,nasa,0.55
1997-04-22,0.32,25.83,19.64,33.36,nasa,0.54
1997-04-23,0.77,25.31,19.84,32.59,nasa,0.54
1997-04-24,1.05,24.45,19.51,30.19,nasa,0.53
1997-04-25,1.54,24.51,20.45,31.04,nasa,0.53
1997-04-26,2.86,24.29,19.9,30.58,nasa,0.53
1997-04-27,9.37,23.71,20.06,29.3,nasa,0.54
1997-04-28,0.0,24.82,20.17,30.98,nasa,0.55
1997-04-29,0.0,25.44,20.81,31.77,nasa,0.54
1997-04-30,0.0,25.55,20.4,32.57,nasa,0.54
1997-05-01,0.02,25.7,19.57,32.99,nasa,0.53
1997-05-02,1.05,26.26,20.98,32.33,nasa,0.53
1997-05-03,0.09,26.14,22.35,31.19,nasa,0.53
1997-05-04,0.21,24.31,21.3,28.52,nasa,0.53
1997-05-05,0.2,25.95,20.23,32.29,nasa,0.52
1997-05-06,0.0,27.01,21.02,33.33,nasa,0.52
1997-05-07,0.0,26.81,22.15,33.09,nasa,0.52
1997-05-08,0.59,25.76,20.8,31.67,nasa,0.52
1997-05-09,13.94,25.76,20.27,32.71,nasa,0.53
1997-05-10,0.01,26.26,21.34,32.08,nasa,0.54
1997-05-11,0.0,27.22,22.33,33.67,nasa,0.53
1997-05-12,0.24,25.7,22.67,30.83,nasa,0.53
1997-05-13,1.44,26.39,21.13,33.41,nasa,0.52
1997-05-14,0.14,26.51,20.9,32.86,nasa,0.52
1997-05-15,0.63,26.97,21.45,34.45,nasa,0.52
1997-05-16,19.57,25.66,20.8,32.14,nasa,0.53
1997-05-17,2.89,24.8,21.4,29.66,nasa,0.55
1997-05-18,1.18,23.72,21.21,27.66,nasa,0.55
1997-05-19,0.15,24.38,21.52,28.63,nasa,0.55
1997-05-20,0.26,23.99,21.59,27.64,nasa,0.54
1997-05-21,1.94,24.19,21.12,28.65,nasa,0.54
1997-05-22,0.74,24.16,21.57,28.45,nasa,0.54
1997-05-23,8.47,23.66,21.37,27.48,nasa,0.54
1997-05-24,11.24,23.45,20.51,28.41,nasa,0.56
1997-05-25,8.81,23.68,20.57,28.24,nasa,0.57
1997-05-26,15.53,22.96,20.5,26.38,nasa,0.59
1997-05-27,1.49,24.15,21.29,27.78,nasa,0.59
1997-05-28,4.35,24.34,22.03,28.57,nasa,0.59
1997-05-29,11.19,23.62,22.1,25.92,nasa,0.59
1997-05-30,6.14,23.68,21.61,27.59,nasa,0.6
1997-05-31,0.42,24.67,21.24,29.27,nasa,0.59
1997-06-01,0.35,25.22,22.09,29.46,nasa,0.58
1997-06-02,3.17,24.15,21.66,28.12,nasa,0.57
1997-06-03,2.55,24.53,21.48,28.79,nasa,0.57
1997-06-04,0.31,24.85,21.82,29.76,nasa,0.56
1997-06-05,0.45,24.78,21.52,29.09,nasa,0.56
1997-06-06,4.72,24.37,21.73,28.77,nasa,0.55
1997-06-07,10.25,24.42,21.18,28.81,nasa,0.56
1997-06-08,0.0,25.47,20.84,31.54,nasa,0.57
1997-06-09,0.02,24.75,21.08,29.15,nasa,0.56
1997-06-10,0.39,25.5,21.08,31.18,nasa,0.55
1997-06-11,0.13,25.73,21.26,30.91,nasa,0.54
1997-06-12,0.17,26.06,21.71,31.36,nasa,0.54
1997-06-13,0.0,25.32,20.94,29.78,nasa,0.53
1997-06-14,0.0,24.46,21.7,27.97,nasa,0.53
1997-06-15,0.02,26.41,20.77,33.19,nasa,0.53
1997-06-16,1.43,25.33,21.58,30.83,nasa,0.52
1997-06-17,15.82,24.68,20.18,30.4,nasa,0.54
1997-06-18,0.18,24.54,21.95,28.0,nasa,0.55
1997-06-19,2.02,24.95,21.15,29.72,nasa,0.55
1997-06-20,0.33,24.92,21.82,29.11,nasa,0.54
1997-06-21,2.55,24.51,21.72,29.02,nasa,0.54
1997-06-22,1.08,24.46,20.55,29.51,nasa,0.54
1997-06-23,1.15,24.75,21.82,29.05,nasa,0.53
1997-06-24,6.91,23.57,21.34,27.08,nasa,0.53
1997-06-25,1.81,24.29,21.17,28.61,nasa,0.54
1997-06-26,6.3,23.53,20.76,27.44,nasa,0.54
1997-06-27,7.63,23.4,20.79,27.38,nasa,0.55
1997-06-28,18.73,23.52,21.09,27.33,nasa,0.57
1997-06-29,8.0,23.98,21.47,28.03,nasa,0.59
1997-06-30,0.63,24.19,21.38,28.78,nasa,0.58
1997-07-01,0.0,24.84,21.05,29.46,nasa,0.57
1997-07-02,0.19,24.54,21.88,28.42,nasa,0.56
1997-07-03,2.07,24.18,21.22,28.18,nasa,0.56
1997-07-04,3.0,24.1,21.68,27.91,nasa,0.55
1997-07-05,5.31,24.16,21.46,28.4,nasa,0.56
1997-07-06,2.78,24.33,20.64,29.22,nasa,0.56
1997-07-07,0.9,24.36,21.47,28.49,nasa,0.55
1997-07-08,0.44,24.21,21.85,28.02,nasa,0.55
1997-07-09,1.96,23.79,20.97,27.45,nasa,0.54
1997-07-10,6.33,23.16,21.03,26.41,nasa,0.55
1997-07-11,1.34,22.98,20.65,25.71,nasa,0.55
1997-07-12,0.65,23.96,20.45,28.16,nasa,0.55
1997-07-13,5.08,24.19,21.54,28.25,nasa,0.55
1997-07-14,15.93,23.34,21.2,26.67,nasa,0.56
1997-07-15,6.78,22.81,20.46,26.36,nasa,0.58
1997-07-16,1.61,23.38,20.52,27.25,nasa,0.58
1997-07-17,0.64,24.13,20.5,28.9,nasa,0.57
1997-07-18,0.07,24.45,20.58,28.88,nasa,0.56
1997-07-19,6.61,24.44,21.72,28.28,nasa,0.56
1997-07-20,21.09,23.89,21.61,27.29,nasa,0.58
1997-07-21,10.09,22.9,21.4,24.65,nasa,0.61
1997-07-22,4.41,22.91,21.01,25.69,nasa,0.61
1997-07-23,21.23,22.95,20.36,26.05,nasa,0.62
1997-07-24,2.85,23.32,21.08,27.09,nasa,0.63
1997-07-25,0.42,23.61,21.08,27.47,nasa,0.62
1997-07-26,1.64,23.55,20.95,26.91,nasa,0.6
1997-07-27,3.16,24.26,21.09,28.53,nasa,0.6
1997-07-28,4.04,23.25,21.56,25.61,nasa,0.59
1997-07-29,5.59,22.27,21.47,23.75,nasa,0.6
1997-07-30,3.77,22.82,20.65,26.29,nasa,0.6
1997-07-31,13.23,22.59,20.34,24.95,nasa,0.6
1997-08-01,5.95,22.77,20.68,24.91,nasa,0.61
1997-08-02,2.7,23.21,20.88,26.08,nasa,0.61
1997-08-03,0.93,24.45,21.52,28.75,nasa,0.6
1997-08-04,4.31,24.11,20.98,28.75,nasa,0.59
1997-08-05,7.38,23.9,20.84,28.22,nasa,0.59
1997-08-06,1.34,24.31,21.64,28.9,nasa,0.59
1997-08-07,0.13,23.41,21.33,26.58,nasa,0.58
1997-08-08,0.45,23.96,20.66,28.34,nasa,0.57
1997-08-09,0.01,24.34,20.81,29.24,nasa,0.57
1997-08-10,0.0,24.29,20.68,29.38,nasa,0.56
1997-08-11,0.0,24.83,20.91,29.8,nasa,0.55
1997-08-12,0.24,24.84,21.58,29.08,nasa,0.54
1997-08-13,2.19,24.08,21.67,27.85,nasa,0.54
1997-08-14,1.91,23.76,21.05,27.67,nasa,0.55
1997-08-15,0.67,23.68,20.22,27.62,nasa,0.54
1997-08-16,1.87,24.12,20.67,28.56,nasa,0.54
1997-08-17,7.19,23.11,21.63,25.67,nasa,0.55
1997-08-18,2.15,23.68,21.36,27.38,nasa,0.55
1997-08-19,3.84,23.03,20.6,26.62,nasa,0.55
1997-08-20,3.46,23.9,21.38,27.75,nasa,0.55
1997-08-21,2.6,24.49,21.24,29.19,nasa,0.55
1997-08-22,3.33,22.94,20.65,26.53,nasa,0.55
1997-08-23,0.89,24.01,20.6,28.45,nasa,0.55
1997-08-24,3.15,24.12,20.68,28.65,nasa,0.55
1997-08-25,0.99,24.58,21.49,29.1,nasa,0.55
1997-08-26,1.27,23.49,21.16,27.06,nasa,0.54
1997-08-27,0.25,24.19,21.3,27.97,nasa,0.54
1997-08-28,3.36,23.9,21.23,28.01,nasa,0.54
1997-08-29,5.62,23.03,20.67,26.33,nasa,0.55
1997-08-30,3.2,24.19,20.46,29.24,nasa,0.55
1997-08-31,0.03,24.37,21.41,28.83,nasa,0.55
1997-09-01,0.12,24.5,21.51,28.62,nasa,0.54
1997-09-02,0.02,24.3,21.57,28.39,nasa,0.54
1997-09-03,0.32,25.23,21.18,30.86,nasa,0.54
1997-09-04,0.07,24.82,21.66,29.09,nasa,0.53
1997-09-05,0.0,24.08,21.24,27.74,nasa,0.53
1997-09-06,0.0,25.47,20.79,31.27,nasa,0.53
1997-09-07,0.04,25.81,21.56,31.01,nasa,0.53
1997-09-08,0.21,24.72,21.61,29.28,nasa,0.52
1997-09-09,0.01,25.42,21.08,31.26,nasa,0.52
1997-09-10,0.0,25.39,20.59,31.9,nasa,0.52
1997-09-11,0.11,25.42,19.76,32.57,nasa,0.51
1997-09-12,0.84,26.1,19.59,33.86,nasa,0.51
1997-09-13,0.28,26.13,21.58,32.24,nasa,0.51
1997-09-14,2.33,24.8,21.31,30.23,nasa,0.51
1997-09-15,6.28,24.6,20.73,30.95,nasa,0.51
1997-09-16,7.34,24.2,20.33,30.45,nasa,0.52
1997-09-17,6.19,24.43,20.97,29.18,nasa,0.53
1997-09-18,5.88,24.12,21.07,28.49,nasa,0.54
1997-09-19,6.12,23.02,21.02,26.73,nasa,0.55
1997-09-20,16.61,23.45,20.82,27.41,nasa,0.56
1997-09-21,16.95,23.32,21.21,27.16,nasa,0.6
1997-09-22,1.15,22.81,20.27,26.28,nasa,0.6
1997-09-23,0.5,24.52,20.39,29.74,nasa,0.59
1997-09-24,0.59,24.96,21.85,29.87,nasa,0.57
1997-09-25,3.32,24.33,21.53,28.74,nasa,0.57
1997-09-26,6.18,23.29,20.63,28.16,nasa,0.56
1997-09-27,4.11,23.61,19.42,28.8,nasa,0.57
1997-09-28,1.2,23.23,20.84,26.98,nasa,0.56
1997-09-29,3.83,23.86,20.21,28.58,nasa,0.56
1997-09-30,15.08,23.75,21.02,28.27,nasa,0.58
1997-10-01,1.36,24.38,20.61,29.07,nasa,0.58
1997-10-02,6.54,23.03,21.46,25.93,nasa,0.58
1997-10-03,7.92,23.02,20.74,26.84,nasa,0.59
1997-10-04,6.98,23.3,20.19,27.68,nasa,0.59
1997-10-05,3.7,23.13,19.63,28.35,nasa,0.59
1997-10-06,1.92,23.55,18.69,29.84,nasa,0.58
1997-10-07,0.0,23.43,18.65,29.27,nasa,0.57
1997-10-08,0.49,24.27,20.0,30.21,nasa,0.56
1997-10-09,23.19,22.64,20.88,25.64,nasa,0.58
1997-10-10,6.38,23.16,19.88,27.88,nasa,0.6
1997-10-11,0.0,23.86,20.19,28.63,nasa,0.59
1997-10-12,0.13,24.48,19.71,30.83,nasa,0.58
1997-10-13,0.44,23.54,19.71,28.71,nasa,0.57
1997-10-14,0.85,24.35,19.81,30.57,nasa,0.56
1997-10-15,2.19,23.16,20.96,26.98,nasa,0.56
1997-10-16,0.08,23.72,20.33,29.05,nasa,0.56
1997-10-17,1.46,22.76,19.05,28.06,nasa,0.55
1997-10-18,0.19,23.77,19.26,29.82,nasa,0.55
1997-10-19,1.92,24.22,19.44,30.56,nasa,0.54
1997-10-20,1.35,24.48,20.22,30.4,nasa,0.54
1997-10-21,0.32,24.94,19.71,31.85,nasa,0.54
1997-10-22,0.0,25.63,19.86,32.5,nasa,0.53
1997-10-23,0.66,26.0,21.24,32.34,nasa,0.53
1997-10-24,0.59,24.74,20.87,30.97,nasa,0.52
1997-10-25,0.55,23.59,18.81,29.62,nasa,0.52
1997-10-26,1.06,23.14,19.83,28.36,nasa,0.52
1997-10-27,0.3,23.73,19.97,29.79,nasa,0.52
1997-10-28,0.83,23.9,21.24,28.92,nasa,0.52
1997-10-29,4.38,23.5,20.54,28.02,nasa,0.52
1997-10-30,11.54,22.93,20.55,26.93,nasa,0.53
1997-10-31,3.67,22.99,20.35,27.88,nasa,0.54
1997-11-01,5.22,22.8,19.76,27.8,nasa,0.54
1997-11-02,8.87,22.71,21.32,25.17,nasa,0.55
1997-11-03,5.95,23.04,20.6,27.3,nasa,0.56
1997-11-04,14.38,22.67,19.54,27.76,nasa,0.57
1997-11-05,0.58,21.86,19.19,27.03,nasa,0.57
1997-11-06,0.41,22.23,18.82,28.26,nasa,0.56
1997-11-07,3.69,21.22,18.44,26.68,nasa,0.56
1997-11-08,0.71,21.69,18.18,27.54,nasa,0.55
1997-11-09,0.2,22.71,18.34,28.69,nasa,0.55
1997-11-10,0.33,23.5,19.39,29.42,nasa,0.54
1997-11-11,0.11,23.15,19.51,29.01,nasa,0.54
1997-11-12,0.01,23.68,18.78,30.29,nasa,0.53
1997-11-13,0.02,23.96,19.33,30.41,nasa,0.53
1997-11-14,0.0,23.6,18.96,30.49,nasa,0.52
1997-11-15,0.0,23.48,16.15,31.93,nasa,0.52
1997-11-16,0.0,24.83,18.89,32.37,nasa,0.51
1997-11-17,0.04,23.31,18.46,29.72,nasa,0.51
1997-11-18,0.48,23.12,19.53,28.96,nasa,0.51
1997-11-19,0.86,22.81,19.54,28.65,nasa,0.51
1997-11-20,0.09,22.99,18.47,29.36,nasa,0.51
1997-11-21,0.03,24.06,18.65,30.97,nasa,0.51
1997-11-22,0.01,24.34,19.58,30.6,nasa,0.51
1997-11-23,0.0,23.8,19.05,30.79,nasa,0.5
1997-11-24,0.0,24.62,18.12,32.08,nasa,0.5
1997-11-25,0.0,25.77,20.74,32.45,nasa,0.5
1997-11-26,0.0,25.89,21.64,32.51,nasa,0.5
1997-11-27,0.0,25.0,19.31,32.3,nasa,0.5
1997-11-28,0.0,24.14,18.22,31.86,nasa,0.5
1997-11-29,0.33,23.74,17.5,31.65,nasa,0.49
1997-11-30,2.82,22.76,18.98,29.08,nasa,0.5
1997-12-01,0.01,22.54,18.36,28.99,nasa,0.5
1997-12-02,0.45,21.49,18.07,26.65,nasa,0.5
1997-12-03,0.84,22.47,18.95,28.03,nasa,0.5
1997-12-04,1.04,22.73,19.51,28.3,nasa,0.5
1997-12-05,1.07,24.01,20.18,29.69,nasa,0.5
1997-12-06,1.51,24.14,20.17,30.09,nasa,0.5
1997-12-07,0.08,24.38,19.97,30.91,nasa,0.5
1997-12-08,1.29,22.85,19.49,28.37,nasa,0.5
1997-12-09,2.74,21.41,18.89,26.55,nasa,0.5
1997-12-10,1.39,21.37,18.37,26.68,nasa,0.5
1997-12-11,0.29,21.28,17.8,27.19,nasa,0.5
1997-12-12,0.09,21.96,17.46,28.55,nasa,0.5
1997-12-13,0.27,21.75,18.61,27.29,nasa,0.5
1997-12-14,0.84,22.79,18.81,29.07,nasa,0.5
1997-12-15,0.06,23.32,20.04,29.21,nasa,0.5
1997-12-16,0.0,23.59,19.94,29.95,nasa,0.49
1997-12-17,0.0,23.27,19.45,29.46,nasa,0.49
1997-12-18,0.0,22.87,18.14,30.05,nasa,0.49
1997-12-19,0.0,22.39,17.06,30.46,nasa,0.49
1997-12-20,0.0,21.7,14.8,30.48,nasa,0.49
1997-12-21,0.0,22.66,16.57,30.88,nasa,0.49
1997-12-22,0.0,22.25,15.64,30.28,nasa,0.49
1997-12-23,0.0,22.23,17.78,29.21,nasa,0.48
1997-12-24,0.01,22.29,17.3,28.99,nasa,0.48
1997-12-25,0.11,22.32,17.85,28.79,nasa,0.48
1997-12-26,0.01,21.76,17.51,28.07,nasa,0.48
1997-12-27,0.13,21.64,16.57,28.21,nasa,0.48
1997-12-28,0.17,22.18,18.31,28.46,nasa,0.48
1997-12-29,0.0,21.89,17.08,29.43,nasa,0.48
1997-12-30,0.0,21.2,15.19,29.3,nasa,0.48
1997-12-31,0.0,21.89,15.43,30.45,nasa,0.48
1998-01-01,0.0,21.53,15.43,29.78,nasa,0.48
1998-01-02,0.0,20.87,14.65,28.94,nasa,0.48
1998-01-03,0.0,21.95,15.69,30.3,nasa,0.48
1998-01-04,0.0,22.76,16.77,31.14,nasa,0.48
1998-01-05,0.0,21.91,17.69,28.58,nasa,0.48
1998-01-06,0.05,21.43,16.43,28.85,nasa,0.48
1998-01-07,0.02,23.11,17.57,30.78,nasa,0.48
1998-01-08,0.0,24.6,19.56,31.59,nasa,0.48
1998-01-09,0.0,24.53,18.88,32.92,nasa,0.48
1998-01-10,0.0,23.4,16.54,32.22,nasa,0.47
1998-01-11,0.42,24.52,16.72,33.43,nasa,0.47
1998-01-12,2.08,24.29,19.77,30.82,nasa,0.47
1998-01-13,0.69,23.74,19.07,30.98,nasa,0.48
1998-01-14,0.0,24.89,18.4,32.56,nasa,0.47
1998-01-15,0.0,25.83,20.45,32.34,nasa,0.47
1998-01-16,0.0,25.82,19.4,33.73,nasa,0.47
1998-01-17,0.0,26.06,18.94,34.91,nasa,0.47
1998-01-18,0.0,25.23,18.77,33.21,nasa,0.47
1998-01-19,0.01,24.3,20.02,30.88,nasa,0.47
1998-01-20,0.0,23.31,18.88,30.02,nasa,0.47
1998-01-21,0.0,23.0,17.51,30.47,nasa,0.47
1998-01-22,0.0,23.48,17.38,31.47,nasa,0.47
1998-01-23,0.0,23.99,17.55,32.28,nasa,0.47
1998-01-24,0.05,22.72,17.74,29.51,nasa,0.47
1998-01-25,0.29,22.76,18.68,29.46,nasa,0.47
1998-01-26,0.01,22.31,18.34,28.63,nasa,0.47
1998-01-27,0.01,23.05,17.89,30.83,nasa,0.47
1998-01-28,0.26,23.14,19.14,29.76,nasa,0.47
1998-01-29,2.06,21.55,18.21,27.13,nasa,0.47
1998-01-30,0.64,22.48,17.73,29.71,nasa,0.47
1998-01-31,0.12,23.71,18.42,31.18,nasa,0.47
1998-02-01,0.57,23.53,18.85,30.49,nasa,0.47
1998-02-02,0.0,23.02,17.33,30.78,nasa,0.47
1998-02-03,0.0,23.58,16.8,32.2,nasa,0.47
1998-02-04,0.01,23.59,17.91,31.65,nasa,0.47
1998-02-05,0.1,23.22,17.67,30.73,nasa,0.47
1998-02-06,0.0,23.48,17.77,31.4,nasa,0.47
1998-02-07,0.0,22.67,17.5,29.94,nasa,0.47
1998-02-08,0.0,22.19,16.8,29.81,nasa,0.46
1998-02-09,0.0,23.13,17.2,31.2,nasa,0.46
1998-02-10,0.0,23.65,17.16,32.23,nasa,0.46
1998-02-11,0.0,24.52,17.86,33.5,nasa,0.46
1998-02-12,0.0,25.06,18.21,34.15,nasa,0.46
1998-02-13,0.0,25.42,18.26,34.39,nasa,0.46
1998-02-14,0.0,25.56,18.46,34.72,nasa,0.46
1998-02-15,0.0,26.34,18.15,35.99,nasa,0.46
1998-02-16,0.0,26.93,19.3,34.82,nasa,0.46
1998-02-17,0.0,27.96,22.41,34.18,nasa,0.46
1998-02-18,0.0,28.17,22.75,35.84,nasa,0.46
1998-02-19,0.0,27.03,22.41,33.82,nasa,0.46
1998-02-20,0.0,28.0,22.83,35.29,nasa,0.46
1998-02-21,0.02,27.71,23.15,34.79,nasa,0.46
1998-02-22,0.05,26.53,21.82,33.98,nasa,0.46
1998-02-23,0.0,27.0,19.89,35.95,nasa,0.46
1998-02-24,0.0,27.75,20.85,36.57,nasa,0.46
1998-02-25,0.01,26.51,21.28,33.7,nasa,0.45
1998-02-26,0.0,26.16,19.97,33.99,nasa,0.45
1998-02-27,0.0,26.1,19.04,34.52,nasa,0.45
1998-02-28,0.0,25.2,18.45,33.24,nasa,0.45
1998-03-01,0.01,25.17,20.12,32.36,nasa,0.45
1998-03-02,0.12,25.58,20.3,33.01,nasa,0.45
1998-03-03,0.77,25.26,19.51,32.8,nasa,0.45
1998-03-04,0.0,26.83,19.6,35.74,nasa,0.45
1998-03-05,0.0,26.29,19.8,34.6,nasa,0.45
1998-03-06,0.01,26.58,19.3,35.46,nasa,0.45
1998-03-07,0.04,27.07,19.92,35.01,nasa,0.45
1998-03-08,0.0,27.62,20.95,34.93,nasa,0.45
1998-03-09,0.0,28.24,21.44,36.09,nasa,0.45
1998-03-10,0.0,28.65,21.11,36.98,nasa,0.45
1998-03-11,0.0,28.48,21.32,36.21,nasa,0.45
1998-03-12,0.04,28.41,21.68,36.53,nasa,0.45
1998-03-13,0.55,27.59,21.66,34.91,nasa,0.45
1998-03-14,0.0,28.41,21.91,35.74,nasa,0.45
1998-03-15,0.0,28.54,23.26,36.39,nasa,0.45
1998-03-16,0.0,27.49,19.89,37.2,nasa,0.45
1998-03-17,0.0,27.01,17.85,37.79,nasa,0.45
1998-03-18,0.0,26.55,17.78,36.97,nasa,0.45
1998-03-19,0.0,27.28,18.64,37.38,nasa,0.45
1998-03-20,0.0,27.85,20.18,38.53,nasa,0.45
1998-03-21,0.08,25.93,16.5,36.55,nasa,0.45
1998-03-22,0.0,25.83,17.27,35.14,nasa,0.45
1998-03-23,0.03,26.68,20.78,34.62,nasa,0.45
1998-03-24,0.1,26.0,21.03,33.23,nasa,0.45
1998-03-25,0.0,25.69,18.77,35.05,nasa,0.45
1998-03-26,0.02,25.95,18.67,34.92,nasa,0.45
1998-03-27,0.05,26.33,20.14,34.89,nasa,0.45
1998-03-28,0.12,25.55,19.23,33.93,nasa,0.45
1998-03-29,0.24,25.52,20.21,32.66,nasa,0.45
1998-03-30,0.27,26.61,21.49,34.09,nasa,0.45
1998-03-31,0.61,26.58,21.44,34.52,nasa,0.45
1998-04-01,0.0,26.98,18.45,36.92,nasa,0.45
1998-04-02,0.0,25.99,18.94,35.1,nasa,0.45
1998-04-03,0.0,25.87,19.72,34.43,nasa,0.45
1998-04-04,0.01,26.01,20.21,34.31,nasa,0.45
1998-04-05,0.06,26.43,20.05,35.05,nasa,0.45
1998-04-06,0.0,26.27,19.82,35.46,nasa,0.45
1998-04-07,0.0,26.42,19.54,35.76,nasa,0.45
1998-04-08,0.0,27.36,18.53,36.44,nasa,0.45
1998-04-09,0.0,28.54,21.0,36.51,nasa,0.45
1998-04-10,0.0,28.6,21.93,36.27,nasa,0.45
1998-04-11,0.0,29.05,21.8,36.55,nasa,0.45
1998-04-12,0.0,30.02,22.97,37.42,nasa,0.45
1998-04-13,0.0,31.48,25.07,39.05,nasa,0.45
1998-04-14,0.05,30.48,25.65,36.06,nasa,0.45
1998-04-15,1.98,29.86,23.89,37.03,nasa,0.45
1998-04-16,0.0,29.19,22.45,36.95,nasa,0.45
1998-04-17,0.73,28.34,23.28,36.88,nasa,0.45
1998-04-18,0.85,26.76,22.47,33.67,nasa,0.45
1998-04-19,0.0,26.64,22.72,33.77,nasa,0.45
1998-04-20,0.0,27.62,22.83,34.79,nasa,0.45
1998-04-21,0.0,29.31,22.92,37.39,nasa,0.45
1998-04-22,0.21,29.66,23.29,36.89,nasa,0.45
1998-04-23,0.0,29.23,24.38,35.36,nasa,0.45
1998-04-24,0.0,30.25,25.12,36.6,nasa,0.45
1998-04-25,0.24,29.1,25.34,34.03,nasa,0.45
1998-04-26,1.29,29.67,24.56,36.89,nasa,0.45
1998-04-27,0.0,30.12,22.87,37.9,nasa,0.45
1998-04-28,0.0,30.74,24.09,38.26,nasa,0.45
1998-04-29,0.5,29.49,25.04,35.36,nasa,0.45
1998-04-30,0.09,29.82,24.44,35.91,nasa,0.45
1998-05-01,0.55,27.34,24.53,32.13,nasa,0.45
1998-05-02,0.0,27.31,23.62,31.64,nasa,0.45
1998-05-03,0.1,29.23,23.33,36.39,nasa,0.45
1998-05-04,0.78,27.27,22.69,34.0,nasa,0.45
1998-05-05,0.0,28.23,22.34,35.6,nasa,0.45
1998-05-06,0.0,28.24,21.76,36.35,nasa,0.45
1998-05-07,0.35,27.95,22.44,35.45,nasa,0.45
1998-05-08,1.98,27.82,22.27,35.25,nasa,0.45
1998-05-09,0.01,28.57,22.56,36.62,nasa,0.45
1998-05-10,0.0,27.65,22.11,32.92,nasa,0.45
1998-05-11,0.0,29.48,21.79,38.34,nasa,0.45
1998-05-12,0.03,29.53,22.36,37.94,nasa,0.45
1998-05-13,2.88,29.08,22.54,37.18,nasa,0.45
1998-05-14,0.05,29.99,22.73,38.34,nasa,0.45
1998-05-15,9.71,29.74,23.4,38.25,nasa,0.45
1998-05-16,36.66,25.24,23.41,28.18,nasa,0.5
1998-05-17,10.17,25.43,22.34,29.41,nasa,0.54
1998-05-18,3.33,25.92,23.27,30.29,nasa,0.54
1998-05-19,0.77,26.22,23.08,30.65,nasa,0.54
1998-05-20,2.93,26.67,23.11,31.53,nasa,0.53
1998-05-21,9.8,25.35,23.25,28.41,nasa,0.53
1998-05-22,5.29,26.25,22.77,30.89,nasa,0.53
1998-05-23,28.9,25.39,23.22,28.79,nasa,0.56
1998-05-24,8.06,25.96,22.39,30.74,nasa,0.58
1998-05-25,16.43,25.17,23.22,28.36,nasa,0.59
1998-05-26,12.74,25.27,22.77,29.46,nasa,0.6
1998-05-27,1.45,25.31,22.69,29.51,nasa,0.6
1998-05-28,4.96,25.71,22.93,30.24,nasa,0.58
1998-05-29,25.15,25.0,22.42,29.25,nasa,0.59
1998-05-30,25.74,24.55,21.49,28.74,nasa,0.62
1998-05-31,1.33,24.5,21.94,28.01,nasa,0.63
1998-06-01,0.89,25.27,21.67,29.93,nasa,0.61
1998-06-02,0.11,25.7,22.73,29.96,nasa,0.59
1998-06-03,0.03,26.13,22.87,30.85,nasa,0.57
1998-06-04,0.0,26.0,23.17,30.52,nasa,0.56
1998-06-05,0.71,25.72,23.01,29.64,nasa,0.55
1998-06-06,6.03,25.13,22.58,29.39,nasa,0.54
1998-06-07,5.87,25.35,21.89,29.99,nasa,0.54
1998-06-08,4.04,25.33,22.36,29.57,nasa,0.54
1998-06-09,4.9,25.32,22.37,29.61,nasa,0.54
1998-06-10,4.66,25.33,22.1,30.06,nasa,0.54
1998-06-11,32.6,24.85,22.38,28.62,nasa,0.56
1998-06-12,13.67,25.36,22.23,29.48,nasa,0.61
1998-06-13,2.14,26.03,21.85,30.87,nasa,0.6
1998-06-14,15.73,25.74,21.89,30.62,nasa,0.6
1998-06-15,1.29,25.23,22.33,28.77,nasa,0.6
1998-06-16,0.14,25.5,22.09,29.05,nasa,0.59
1998-06-17,0.5,25.15,23.03,28.25,nasa,0.58
1998-06-18,1.32,24.82,22.18,28.79,nasa,0.57
1998-06-19,2.51,24.69,22.3,28.42,nasa,0.56
1998-06-20,1.15,25.47,22.28,29.78,nasa,0.56
1998-06-21,9.02,25.34,22.2,29.87,nasa,0.56
1998-06-22,12.27,25.16,22.22,29.78,nasa,0.57
1998-06-23,2.91,23.85,21.76,26.83,nasa,0.57
1998-06-24,12.85,24.76,21.1,29.83,nasa,0.58
1998-06-25,2.14,25.04,22.01,29.4,nasa,0.58
1998-06-26,6.05,24.34,22.44,27.59,nasa,0.57
1998-06-27,14.69,23.9,21.76,27.59,nasa,0.59
1998-06-28,17.66,23.44,21.33,26.58,nasa,0.61
1998-06-29,10.8,23.54,21.45,26.95,nasa,0.62
1998-06-30,24.19,24.0,21.29,27.87,nasa,0.65
1998-07-01,20.07,24.25,21.17,28.6,nasa,0.66
1998-07-02,0.92,24.19,21.57,27.75,nasa,0.66
1998-07-03,13.03,24.41,21.31,28.45,nasa,0.64
1998-07-04,60.73,24.17,22.11,27.17,nasa,0.69
1998-07-05,17.41,23.42,21.37,25.9,nasa,0.74
1998-07-06,16.67,23.41,20.55,27.1,nasa,0.74
1998-07-07,9.29,23.77,21.06,27.06,nasa,0.73
1998-07-08,16.39,23.68,21.17,27.28,nasa,0.73
1998-07-09,5.09,24.27,21.08,28.31,nasa,0.72
1998-07-10,5.37,24.28,22.03,27.51,nasa,0.7
1998-07-11,3.74,24.35,21.57,28.0,nasa,0.68
1998-07-12,8.1,23.35,21.15,26.08,nasa,0.68
1998-07-13,2.9,23.89,21.41,27.09,nasa,0.67
1998-07-14,4.37,24.31,21.28,28.27,nasa,0.66
1998-07-15,11.03,24.62,21.28,28.3,nasa,0.66
1998-07-16,41.97,25.44,21.45,30.75,nasa,0.7
1998-07-17,18.73,25.58,21.83,30.06,nasa,0.73
1998-07-18,0.21,25.62,21.77,29.79,nasa,0.72
1998-07-19,0.92,25.05,22.68,28.74,nasa,0.7
1998-07-20,0.0,24.32,22.59,27.09,nasa,0.68
1998-07-21,1.39,24.62,21.9,28.39,nasa,0.67
1998-07-22,11.24,23.99,21.51,27.76,nasa,0.67
1998-07-23,0.91,24.51,21.29,29.06,nasa,0.67
1998-07-24,0.3,24.47,21.83,28.21,nasa,0.66
1998-07-25,0.02,24.47,21.5,28.27,nasa,0.65
1998-07-26,1.06,24.84,22.13,28.84,nasa,0.64
1998-07-27,10.12,24.3,21.95,27.67,nasa,0.65
1998-07-28,2.69,24.16,21.31,28.28,nasa,0.65
1998-07-29,4.99,23.97,20.83,28.3,nasa,0.65
1998-07-30,1.47,23.83,20.52,27.39,nasa,0.65
1998-07-31,20.96,24.19,20.88,27.88,nasa,0.66
1998-08-01,6.42,23.8,20.69,27.98,nasa,0.68
1998-08-02,11.32,23.21,21.14,25.92,nasa,0.68
1998-08-03,18.71,24.0,21.41,27.61,nasa,0.69
1998-08-04,33.55,23.61,21.54,27.21,nasa,0.74
1998-08-05,0.29,23.84,20.7,27.6,nasa,0.74
1998-08-06,2.73,24.12,21.55,27.45,nasa,0.72
1998-08-07,7.29,23.67,21.13,27.04,nasa,0.71
1998-08-08,8.03,23.84,21.15,27.12,nasa,0.71
1998-08-09,2.34,24.01,21.08,27.67,nasa,0.7
1998-08-10,3.02,23.9,21.23,28.18,nasa,0.69
1998-08-11,0.4,23.51,20.94,27.04,nasa,0.68
1998-08-12,13.78,24.66,20.83,29.54,nasa,0.68
1998-08-13,74.87,23.66,21.57,26.79,nasa,0.74
1998-08-14,6.13,24.28,21.32,28.68,nasa,0.77
1998-08-15,19.29,24.69,21.09,28.66,nasa,0.76
1998-08-16,29.42,24.22,21.29,27.82,nasa,0.77
1998-08-17,7.23,22.76,20.81,25.38,nasa,0.77
1998-08-18,77.45,24.2,19.72,29.13,nasa,0.79
1998-08-19,46.33,23.57,21.4,26.46,nasa,0.84
1998-08-20,21.5,23.65,21.97,25.88,nasa,0.85
1998-08-21,1.12,23.99,20.69,27.55,nasa,0.82
1998-08-22,0.7,23.67,21.63,26.96,nasa,0.79
1998-08-23,0.17,24.71,20.62,29.09,nasa,0.77
1998-08-24,13.46,24.74,22.42,28.16,nasa,0.76
1998-08-25,27.41,24.86,21.97,28.08,nasa,0.79
1998-08-26,1.31,24.24,20.78,28.32,nasa,0.79
1998-08-27,0.0,24.94,21.41,29.66,nasa,0.78
1998-08-28,0.36,24.93,21.86,28.78,nasa,0.77
1998-08-29,12.24,24.69,22.12,28.7,nasa,0.77
1998-08-30,3.03,24.44,21.73,28.11,nasa,0.77
1998-08-31,7.13,23.63,21.52,26.8,nasa,0.77
1998-09-01,26.33,22.9,21.43,24.92,nasa,0.79
1998-09-02,0.68,23.19,20.41,26.58,nasa,0.8
1998-09-03,0.07,23.68,20.69,27.5,nasa,0.79
1998-09-04,2.64,23.97,21.14,27.61,nasa,0.78
1998-09-05,15.82,23.67,21.11,27.28,nasa,0.78
1998-09-06,49.06,23.4,21.2,26.11,nasa,0.82
1998-09-07,7.33,24.45,21.09,28.63,nasa,0.84
1998-09-08,22.07,24.68,21.29,28.88,nasa,0.84
1998-09-09,3.71,24.51,21.88,28.41,nasa,0.84
1998-09-10,3.31,23.86,21.81,27.29,nasa,0.83
1998-09-11,13.7,23.14,20.99,26.5,nasa,0.83
1998-09-12,14.05,23.13,20.25,26.77,nasa,0.84
1998-09-13,15.71,23.3,20.59,26.78,nasa,0.85
1998-09-14,4.87,23.59,21.61,26.5,nasa,0.85
1998-09-15,31.59,23.77,20.84,27.78,nasa,0.86
1998-09-16,8.4,23.84,20.81,28.07,nasa,0.87
1998-09-17,7.01,24.1,21.57,27.92,nasa,0.87
1998-09-18,6.88,23.83,21.42,27.5,nasa,0.87
1998-09-19,3.87,23.95,21.77,27.26,nasa,0.86
1998-09-20,13.71,24.05,22.01,27.35,nasa,0.86
1998-09-21,4.48,23.02,21.19,25.03,nasa,0.86
1998-09-22,5.41,23.37,20.6,27.09,nasa,0.86
1998-09-23,13.26,23.48,20.97,26.26,nasa,0.86
1998-09-24,3.58,23.04,21.17,26.09,nasa,0.87
1998-09-25,4.93,23.97,20.31,28.91,nasa,0.86
1998-09-26,8.15,23.61,20.48,28.58,nasa,0.86
1998-09-27,12.23,23.25,20.24,27.4,nasa,0.86
1998-09-28,6.44,22.96,20.97,25.57,nasa,0.87
1998-09-29,16.47,24.37,20.98,28.55,nasa,0.87
1998-09-30,17.1,23.49,21.93,25.49,nasa,0.88
1998-10-01,9.58,22.42,20.69,24.38,nasa,0.89
1998-10-02,4.24,21.61,19.25,24.12,nasa,0.89
1998-10-03,5.41,22.99,19.91,27.18,nasa,0.89
1998-10-04,1.15,23.65,20.63,28.2,nasa,0.88
1998-10-05,0.81,24.38,21.18,28.56,nasa,0.88
1998-10-06,6.22,23.82,21.42,27.01,nasa,0.87
1998-10-07,9.83,22.86,20.64,26.34,nasa,0.88
1998-10-08,15.09,22.9,20.81,26.17,nasa,0.88
1998-10-09,14.47,23.42,20.9,27.48,nasa,0.9
1998-10-10,17.42,23.41,20.4,27.78,nasa,0.9
1998-10-11,7.93,23.7,20.61,28.03,nasa,0.91
1998-10-12,1.44,23.28,20.41,27.84,nasa,0.9
1998-10-13,0.68,22.65,20.47,25.86,nasa,0.89
1998-10-14,1.32,23.32,20.44,27.3,nasa,0.89
1998-10-15,0.05,24.16,19.02,30.11,nasa,0.88
1998-10-16,0.4,25.11,20.32,30.45,nasa,0.87
1998-10-17,2.43,24.34,22.19,27.49,nasa,0.87
1998-10-18,7.21,23.71,20.76,27.46,nasa,0.87
1998-10-19,5.76,22.74,18.45,28.38,nasa,0.87
1998-10-20,23.44,22.69,20.75,26.13,nasa,0.88
1998-10-21,81.23,23.23,22.2,24.73,nasa,0.92
1998-10-22,22.09,22.99,20.54,25.47,nasa,0.94
1998-10-23,5.68,22.4,19.41,26.48,nasa,0.94
1998-10-24,0.02,22.56,17.77,27.77,nasa,0.93
1998-10-25,0.66,23.55,19.3,28.31,nasa,0.91
1998-10-26,1.36,23.74,19.6,29.08,nasa,0.91
1998-10-27,0.82,22.91,19.4,27.91,nasa,0.9
1998-10-28,0.01,23.09,19.57,28.13,nasa,0.89
1998-10-29,1.22,23.33,19.79,28.09,nasa,0.88
1998-10-30,3.72,23.05,20.44,26.99,nasa,0.88
1998-10-31,2.25,22.78,20.36,26.88,nasa,0.88
1998-11-01,1.31,22.51,20.02,26.0,nasa,0.87
1998-11-02,2.39,22.76,20.55,26.64,nasa,0.87
1998-11-03,2.81,22.66,20.05,26.89,nasa,0.86
1998-11-04,11.88,22.77,20.14,26.75,nasa,0.86
1998-11-05,20.66,23.02,20.71,26.91,nasa,0.87
1998-11-06,7.6,22.79,21.11,25.73,nasa,0.88
1998-11-07,11.84,22.65,20.44,24.93,nasa,0.88
1998-11-08,0.63,22.57,20.18,25.82,nasa,0.88
1998-11-09,5.77,22.58,19.83,26.28,nasa,0.88
1998-11-10,1.13,20.95,17.68,25.09,nasa,0.88
1998-11-11,0.09,20.38,16.5,25.26,nasa,0.87
1998-11-12,14.6,20.43,19.02,22.31,nasa,0.86
1998-11-13,70.32,20.78,19.28,23.17,nasa,0.91
1998-11-14,59.69,23.18,20.06,26.02,nasa,0.96
1998-11-15,3.44,23.2,20.83,25.71,nasa,0.95
1998-11-16,0.3,22.56,19.81,26.86,nasa,0.94
1998-11-17,0.33,22.36,19.47,26.54,nasa,0.93
1998-11-18,4.66,21.31,19.46,24.12,nasa,0.93
1998-11-19,92.88,21.14,19.45,23.38,nasa,0.95
1998-11-20,53.38,23.0,20.43,26.48,nasa,0.99
1998-11-21,2.78,23.15,20.38,26.91,nasa,0.99
1998-11-22,4.07,22.17,20.27,25.18,nasa,0.98
1998-11-23,8.85,21.65,19.99,25.05,nasa,0.98
1998-11-24,2.79,21.01,18.58,23.68,nasa,0.97
1998-11-25,17.1,19.95,17.56,23.23,nasa,0.97
1998-11-26,19.72,21.4,18.74,24.43,nasa,0.98
1998-11-27,0.73,23.02,19.5,27.65,nasa,0.98
1998-11-28,0.72,22.93,20.4,26.56,nasa,0.97
1998-11-29,0.27,22.56,19.36,26.65,nasa,0.97
1998-11-30,0.33,23.07,19.45,27.1,nasa,0.96
1998-12-01,1.58,23.02,20.48,26.97,nasa,0.96
1998-12-02,0.13,21.93,19.36,26.2,nasa,0.95
1998-12-03,2.77,21.92,18.62,26.15,nasa,0.95
1998-12-04,1.7,22.55,20.63,25.89,nasa,0.94
1998-12-05,1.4,22.59,20.73,26.27,nasa,0.93
1998-12-06,1.26,22.28,20.26,25.89,nasa,0.93
1998-12-07,1.18,21.6,19.05,25.34,nasa,0.92
1998-12-08,1.08,19.97,17.69,23.8,nasa,0.91
1998-12-09,5.71,19.85,17.62,22.92,nasa,0.91
1998-12-10,27.26,20.92,19.41,23.25,nasa,0.92
1998-12-11,13.07,21.04,19.04,23.9,nasa,0.93
1998-12-12,2.69,18.46,15.81,21.45,nasa,0.92
1998-12-13,47.55,17.01,15.27,18.68,nasa,0.94
1998-12-14,34.41,21.07,18.47,24.44,nasa,0.96
1998-12-15,4.4,20.04,17.08,22.31,nasa,0.96
1998-12-16,0.38,19.32,16.2,23.72,nasa,0.96
1998-12-17,1.84,19.98,17.1,23.61,nasa,0.95
1998-12-18,0.77,21.17,17.77,26.09,nasa,0.95
1998-12-19,0.85,20.51,17.28,24.87,nasa,0.94
1998-12-20,1.28,21.44,17.35,26.15,nasa,0.94
1998-12-21,0.25,21.29,18.15,25.26,nasa,0.93
1998-12-22,0.67,21.06,17.68,25.75,nasa,0.93
1998-12-23,0.05,21.0,17.05,26.52,nasa,0.92
1998-12-24,0.47,20.65,17.91,24.92,nasa,0.91
1998-12-25,0.95,20.77,18.25,24.86,nasa,0.91
1998-12-26,0.14,20.98,18.32,25.67,nasa,0.9
1998-12-27,0.02,20.45,18.16,24.74,nasa,0.89
1998-12-28,0.18,20.81,17.87,25.47,nasa,0.89
1998-12-29,0.66,21.45,19.05,25.48,nasa,0.88
1998-12-30,0.87,21.07,18.66,24.98,nasa,0.87
1998-12-31,0.21,20.83,17.91,24.93,nasa,0.87
1999-01-01,0.53,21.09,19.32,24.73,nasa,0.86
1999-01-02,1.06,20.95,18.81,24.91,nasa,0.85
1999-01-03,0.21,19.94,16.41,24.36,nasa,0.85
1999-01-04,0.0,18.45,14.59,23.54,nasa,0.85
1999-01-05,0.0,17.2,13.07,22.84,nasa,0.84
1999-01-06,0.01,18.15,14.61,23.32,nasa,0.83
1999-01-07,0.69,18.65,15.65,23.92,nasa,0.83
1999-01-08,0.01,18.25,15.51,22.7,nasa,0.83
1999-01-09,0.1,19.24,14.65,24.74,nasa,0.82
1999-01-10,2.83,20.55,17.43,24.59,nasa,0.82
1999-01-11,14.57,21.44,19.29,25.37,nasa,0.83
1999-01-12,7.67,20.94,17.3,25.05,nasa,0.83
1999-01-13,0.06,19.9,16.7,24.24,nasa,0.83
1999-01-14,0.7,20.94,18.06,24.97,nasa,0.82
1999-01-15,0.98,20.3,15.96,24.74,nasa,0.82
1999-01-16,0.67,19.24,15.94,23.66,nasa,0.81
1999-01-17,0.27,20.72,17.73,25.24,nasa,0.81
1999-01-18,0.0,21.4,18.85,25.95,nasa,0.8
1999-01-19,0.0,21.36,18.76,25.65,nasa,0.8
1999-01-20,0.19,21.67,18.68,26.18,nasa,0.79
1999-01-21,0.37,21.98,19.75,26.12,nasa,0.79
1999-01-22,1.42,22.03,19.57,26.07,nasa,0.79
1999-01-23,0.11,22.03,19.43,26.27,nasa,0.78
1999-01-24,0.0,22.09,18.7,27.25,nasa,0.78
1999-01-25,0.03,21.59,18.43,26.74,nasa,0.77
1999-01-26,0.0,21.34,17.88,26.89,nasa,0.77
1999-01-27,0.33,21.3,17.3,26.72,nasa,0.77
1999-01-28,0.18,21.5,18.32,26.36,nasa,0.76
1999-01-29,0.62,21.29,18.32,25.72,nasa,0.76
1999-01-30,0.16,20.64,16.48,26.39,nasa,0.76
1999-01-31,0.0,20.37,14.48,27.0,nasa,0.75
1999-02-01,0.0,21.28,16.15,27.64,nasa,0.75
1999-02-02,0.07,21.4,16.56,26.97,nasa,0.74
1999-02-03,1.81,20.18,16.87,24.11,nasa,0.74
1999-02-04,0.01,17.33,14.93,20.59,nasa,0.74
1999-02-05,0.04,17.88,14.91,22.68,nasa,0.74
1999-02-06,0.07,19.0,15.31,24.55,nasa,0.74
1999-02-07,0.17,19.09,16.18,23.55,nasa,0.74
1999-02-08,0.4,20.01,17.2,25.0,nasa,0.73
1999-02-09,0.0,20.62,17.7,25.29,nasa,0.73
1999-02-10,0.02,21.72,17.83,27.07,nasa,0.73
1999-02-11,0.01,21.3,18.68,25.75,nasa,0.73
1999-02-12,0.19,21.12,18.21,25.5,nasa,0.73
1999-02-13,0.55,20.76,17.5,26.05,nasa,0.72
1999-02-14,0.42,20.63,17.51,25.69,nasa,0.72
1999-02-15,0.01,20.41,17.23,25.56,nasa,0.72
1999-02-16,0.16,19.81,16.21,25.23,nasa,0.71
1999-02-17,0.0,19.65,15.11,25.73,nasa,0.71
1999-02-18,0.0,19.84,14.87,25.94,nasa,0.71
1999-02-19,0.04,18.77,15.39,24.25,nasa,0.71
1999-02-20,1.22,19.49,15.31,25.08,nasa,0.7
1999-02-21,0.55,19.9,17.01,25.13,nasa,0.7
1999-02-22,0.0,20.07,16.55,25.64,nasa,0.7
1999-02-23,0.0,20.85,16.25,26.95,nasa,0.7
1999-02-24,0.0,21.78,16.62,28.03,nasa,0.69
1999-02-25,0.0,22.14,17.82,28.44,nasa,0.69
1999-02-26,0.0,21.43,16.7,28.43,nasa,0.69
1999-02-27,0.0,20.66,15.86,27.21,nasa,0.68
1999-02-28,0.4,21.93,18.08,27.06,nasa,0.68
1999-03-01,0.24,21.67,18.55,26.0,nasa,0.68
1999-03-02,0.0,22.01,17.99,27.76,nasa,0.68
1999-03-03,0.05,22.13,17.64,28.25,nasa,0.68
1999-03-04,0.24,21.7,17.02,28.19,nasa,0.67
1999-03-05,0.0,22.54,16.16,28.72,nasa,0.67
1999-03-06,0.0,23.69,18.99,28.89,nasa,0.67
1999-03-07,0.21,24.48,19.75,29.55,nasa,0.67
1999-03-08,1.5,24.65,20.82,30.01,nasa,0.67
1999-03-09,0.0,23.74,20.54,27.96,nasa,0.67
1999-03-10,0.0,24.52,19.58,30.35,nasa,0.66
1999-03-11,0.0,24.98,21.32,30.57,nasa,0.66
1999-03-12,0.0,23.68,19.94,29.22,nasa,0.65
1999-03-13,0.0,23.53,18.38,30.36,nasa,0.65
1999-03-14,0.0,23.47,18.91,30.33,nasa,0.65
1999-03-15,0.0,22.52,17.44,29.41,nasa,0.64
1999-03-16,0.0,22.62,16.75,29.85,nasa,0.64
1999-03-17,0.0,24.09,17.92,31.24,nasa,0.63
1999-03-18,0.0,25.38,20.53,31.73,nasa,0.63
1999-03-19,0.0,25.65,20.19,31.63,nasa,0.62
1999-03-20,0.0,25.36,21.42,30.73,nasa,0.62
1999-03-21,0.0,25.32,21.11,31.11,nasa,0.62
1999-03-22,0.0,24.1,19.68,30.22,nasa,0.62
1999-03-23,0.0,22.95,18.63,29.14,nasa,0.61
1999-03-24,0.0,22.77,17.51,29.46,nasa,0.61
1999-03-25,0.41,24.25,18.69,30.76,nasa,0.6
1999-03-26,8.12,24.94,19.51,31.05,nasa,0.61
1999-03-27,0.0,25.12,20.01,31.26,nasa,0.61
1999-03-28,0.01,24.13,18.89,30.79,nasa,0.61
1999-03-29,2.06,23.84,19.08,30.4,nasa,0.6
1999-03-30,2.9,23.04,19.03,29.05,nasa,0.6
1999-03-31,0.32,23.39,19.24,29.89,nasa,0.6
1999-04-01,0.19,24.42,19.92,30.64,nasa,0.6
1999-04-02,0.2,24.3,19.61,30.14,nasa,0.6
1999-04-03,1.67,23.67,19.06,29.95,nasa,0.59
1999-04-04,15.6,22.24,20.33,24.93,nasa,0.61
1999-04-05,0.02,23.52,19.6,28.75,nasa,0.62
1999-04-06,0.59,23.85,20.2,29.61,nasa,0.61
1999-04-07,1.29,23.14,19.42,29.09,nasa,0.61
1999-04-08,0.54,23.84,18.37,30.54,nasa,0.6
1999-04-09,1.95,23.75,21.18,27.05,nasa,0.6
1999-04-10,8.5,24.35,20.71,29.4,nasa,0.61
1999-04-11,3.12,25.17,21.02,30.31,nasa,0.62
1999-04-12,8.12,24.09,22.09,27.14,nasa,0.62
1999-04-13,4.47,24.07,21.46,28.32,nasa,0.63
1999-04-14,3.39,23.86,20.41,28.35,nasa,0.63
1999-04-15,0.73,24.37,20.86,29.74,nasa,0.63
1999-04-16,0.05,24.46,20.84,29.37,nasa,0.62
1999-04-17,2.13,25.73,21.0,31.87,nasa,0.61
1999-04-18,14.35,25.93,20.78,33.24,nasa,0.62
1999-04-19,3.17,25.9,20.72,31.96,nasa,0.63
1999-04-20,7.53,25.23,21.39,31.11,nasa,0.62
1999-04-21,3.14,24.56,20.31,29.28,nasa,0.63
1999-04-22,6.14,23.88,21.03,27.91,nasa,0.63
1999-04-23,18.3,23.76,21.39,27.99,nasa,0.65
1999-04-24,10.33,23.63,20.57,28.48,nasa,0.66
1999-04-25,12.16,23.94,20.69,28.57,nasa,0.67
1999-04-26,0.72,24.36,21.77,28.09,nasa,0.67
1999-04-27,8.06,23.91,21.23,28.0,nasa,0.66
1999-04-28,8.09,22.93,20.89,25.99,nasa,0.67
1999-04-29,10.62,23.67,19.43,29.19,nasa,0.67
1999-04-30,5.02,23.76,20.63,28.01,nasa,0.67
1999-05-01,3.21,23.1,20.81,26.41,nasa,0.67
1999-05-02,11.33,23.75,20.57,28.22,nasa,0.67
1999-05-03,24.05,23.9,20.7,28.12,nasa,0.69
1999-05-04,21.79,24.6,21.01,28.82,nasa,0.72
1999-05-05,30.2,23.57,21.67,26.49,nasa,0.75
1999-05-06,0.89,24.63,21.23,29.35,nasa,0.75
1999-05-07,3.9,23.77,20.93,27.53,nasa,0.72
1999-05-08,2.48,22.85,20.68,25.17,nasa,0.71
1999-05-09,1.98,24.2,21.1,28.73,nasa,0.7
1999-05-10,24.76,24.01,20.81,28.72,nasa,0.71
1999-05-11,23.58,23.23,21.15,26.33,nasa,0.74
1999-05-12,2.45,23.72,19.42,29.31,nasa,0.74
1999-05-13,1.64,23.85,20.12,29.0,nasa,0.72
1999-05-14,0.41,24.03,20.14,29.28,nasa,0.7
1999-05-15,5.79,23.75,20.33,28.34,nasa,0.7
1999-05-16,18.81,23.99,20.54,28.76,nasa,0.71
1999-05-17,0.19,24.42,20.36,29.44,nasa,0.72
1999-05-18,0.17,24.23,21.5,28.14,nasa,0.7
1999-05-19,4.2,23.7,21.22,26.78,nasa,0.7
1999-05-20,13.72,23.88,20.99,28.4,nasa,0.7
1999-05-21,16.51,24.13,19.8,28.89,nasa,0.72
1999-05-22,0.37,24.68,21.81,29.65,nasa,0.72
1999-05-23,1.8,24.29,21.52,28.4,nasa,0.71
1999-05-24,1.84,24.18,21.57,27.86,nasa,0.71
1999-05-25,11.32,23.3,21.87,25.36,nasa,0.71
1999-05-26,0.65,23.51,20.96,26.98,nasa,0.71
1999-05-27,0.8,23.83,21.06,27.1,nasa,0.71
1999-05-28,2.46,24.28,21.58,27.5,nasa,0.7
1999-05-29,25.0,23.93,21.92,27.48,nasa,0.71
1999-05-30,24.12,23.05,21.33,25.69,nasa,0.77
1999-05-31,13.37,23.83,21.17,27.4,nasa,0.77
1999-06-01,6.48,23.52,21.4,26.93,nasa,0.76
1999-06-02,32.74,22.96,20.43,26.18,nasa,0.77
1999-06-03,7.14,21.94,19.08,24.79,nasa,0.78
1999-06-04,25.14,22.01,20.58,24.42,nasa,0.79
1999-06-05,16.06,21.51,20.24,23.26,nasa,0.79
1999-06-06,17.47,22.27,20.12,25.42,nasa,0.8
1999-06-07,1.31,22.86,20.08,26.44,nasa,0.78
1999-06-08,1.26,23.18,20.89,27.59,nasa,0.76
1999-06-09,0.57,23.37,21.11,26.9,nasa,0.75
1999-06-10,0.56,23.92,20.94,27.34,nasa,0.74
1999-06-11,5.52,23.56,21.35,27.03,nasa,0.74
1999-06-12,4.1,23.69,20.67,27.27,nasa,0.74
1999-06-13,1.59,23.72,21.13,27.48,nasa,0.74
1999-06-14,2.83,22.7,20.28,26.07,nasa,0.74
1999-06-15,1.96,23.35,20.23,27.12,nasa,0.73
1999-06-16,13.62,23.35,20.74,27.22,nasa,0.74
1999-06-17,4.42,23.88,20.47,28.34,nasa,0.74
1999-06-18,6.49,24.04,21.59,27.78,nasa,0.74
1999-06-19,44.01,23.12,21.08,24.82,nasa,0.77
1999-06-20,3.63,22.78,19.91,27.19,nasa,0.79
1999-06-21,0.0,22.65,19.84,27.15,nasa,0.77
1999-06-22,0.65,23.23,19.65,27.53,nasa,0.75
1999-06-23,0.26,23.74,20.54,28.59,nasa,0.74
1999-06-24,0.0,23.87,20.68,27.84,nasa,0.73
1999-06-25,5.23,24.03,21.13,27.44,nasa,0.73
1999-06-26,15.6,23.93,21.31,27.09,nasa,0.75
1999-06-27,4.47,23.18,21.53,25.65,nasa,0.76
1999-06-28,15.62,23.53,21.12,26.47,nasa,0.77
1999-06-29,1.02,24.26,21.67,27.77,nasa,0.77
1999-06-30,1.58,23.89,21.57,27.66,nasa,0.76
1999-07-01,0.71,23.76,20.85,27.28,nasa,0.75
1999-07-02,1.23,23.0,21.11,25.33,nasa,0.75
1999-07-03,3.07,22.91,20.65,25.54,nasa,0.75
1999-07-04,0.01,23.46,20.8,26.96,nasa,0.74
1999-07-05,0.1,24.02,20.74,28.23,nasa,0.74
1999-07-06,0.45,23.61,21.24,27.1,nasa,0.73
1999-07-07,1.06,23.46,20.48,27.16,nasa,0.73
1999-07-08,1.03,23.93,20.94,27.87,nasa,0.73
1999-07-09,0.57,23.58,21.31,27.18,nasa,0.72
1999-07-10,5.71,23.36,20.98,26.58,nasa,0.73
1999-07-11,3.61,22.89,20.86,26.51,nasa,0.73
1999-07-12,2.93,23.54,20.63,27.83,nasa,0.73
1999-07-13,0.22,23.55,21.27,26.9,nasa,0.73
1999-07-14,0.89,23.63,21.29,27.3,nasa,0.72
1999-07-15,2.68,23.79,21.25,26.99,nasa,0.72
1999-07-16,1.32,23.66,20.97,26.84,nasa,0.72
1999-07-17,3.31,23.3,21.16,26.88,nasa,0.72
1999-07-18,1.77,23.46,20.44,27.31,nasa,0.72
1999-07-19,0.56,23.49,20.86,26.98,nasa,0.72
1999-07-20,1.24,23.55,20.74,27.03,nasa,0.71
1999-07-21,8.53,22.91,20.75,25.99,nasa,0.72
1999-07-22,8.37,23.21,20.05,27.24,nasa,0.73
1999-07-23,25.67,23.31,20.31,26.82,nasa,0.75
1999-07-24,27.75,22.59,20.84,24.95,nasa,0.77
1999-07-25,29.64,22.1,20.92,24.15,nasa,0.81
1999-07-26,9.29,22.45,20.47,25.01,nasa,0.8
1999-07-27,10.73,23.78,20.91,27.58,nasa,0.79
1999-07-28,20.01,22.84,20.81,25.45,nasa,0.79
1999-07-29,15.59,23.06,21.0,26.21,nasa,0.79
1999-07-30,18.11,22.56,20.47,24.83,nasa,0.8
1999-07-31,13.51,22.41,19.81,25.7,nasa,0.81
1999-08-01,9.46,23.19,21.01,26.32,nasa,0.8
1999-08-02,23.73,23.15,20.75,26.55,nasa,0.81
1999-08-03,20.9,22.28,20.33,24.59,nasa,0.82
1999-08-04,23.09,22.35,20.46,24.73,nasa,0.83
1999-08-05,15.57,22.73,20.23,26.37,nasa,0.84
1999-08-06,8.93,22.59,20.4,25.56,nasa,0.83
1999-08-07,5.75,22.66,20.46,26.2,nasa,0.83
1999-08-08,0.56,23.78,20.68,27.86,nasa,0.82
1999-08-09,3.35,23.73,21.09,27.01,nasa,0.81
1999-08-10,5.75,23.5,21.31,26.48,nasa,0.81
1999-08-11,3.12,23.59,21.32,27.24,nasa,0.81
1999-08-12,1.89,22.99,19.87,26.55,nasa,0.81
1999-08-13,0.43,23.07,20.61,26.49,nasa,0.81
1999-08-14,0.46,23.46,20.7,27.53,nasa,0.8
1999-08-15,0.57,22.87,20.57,25.77,nasa,0.8
1999-08-16,4.58,22.57,20.04,25.87,nasa,0.8
1999-08-17,3.09,22.65,19.2,26.89,nasa,0.8
1999-08-18,2.27,23.66,20.02,27.92,nasa,0.8
1999-08-19,8.21,23.69,21.16,27.9,nasa,0.8
1999-08-20,1.35,24.12,20.02,29.57,nasa,0.8
1999-08-21,2.73,24.14,20.13,29.33,nasa,0.79
1999-08-22,2.63,23.4,20.72,26.48,nasa,0.79
1999-08-23,29.8,23.33,20.76,26.98,nasa,0.81
1999-08-24,2.28,23.61,20.07,27.56,nasa,0.82
1999-08-25,9.72,23.51,20.55,27.67,nasa,0.81
1999-08-26,48.07,23.48,20.94,27.36,nasa,0.85
1999-08-27,1.36,23.51,20.79,27.28,nasa,0.86
1999-08-28,0.36,23.41,21.17,26.5,nasa,0.84
1999-08-29,0.32,23.3,20.89,26.21,nasa,0.83
1999-08-30,1.39,23.83,20.89,28.22,nasa,0.83
1999-08-31,0.13,22.38,20.77,24.22,nasa,0.83
1999-09-01,0.45,23.19,20.17,27.07,nasa,0.82
1999-09-02,0.26,23.71,21.02,28.37,nasa,0.82
1999-09-03,0.42,24.55,19.96,29.15,nasa,0.81
1999-09-04,1.86,24.38,20.91,28.76,nasa,0.81
1999-09-05,0.87,23.13,21.02,25.85,nasa,0.81
1999-09-06,3.04,22.11,20.12,25.35,nasa,0.81
1999-09-07,0.39,23.42,19.71,28.22,nasa,0.8
1999-09-08,0.17,23.61,20.4,27.75,nasa,0.8
1999-09-09,0.27,23.84,20.65,27.77,nasa,0.79
1999-09-10,1.91,23.08,21.26,25.72,nasa,0.79
1999-09-11,0.52,23.15,20.64,26.66,nasa,0.79
1999-09-12,0.41,23.22,20.71,26.85,nasa,0.79
1999-09-13,0.8,23.15,20.4,26.74,nasa,0.79
1999-09-14,2.59,22.63,20.81,25.33,nasa,0.78
1999-09-15,5.79,23.11,20.13,26.86,nasa,0.79
1999-09-16,0.03,23.15,20.66,27.04,nasa,0.79
1999-09-17,0.0,23.8,20.4,27.87,nasa,0.78
1999-09-18,0.01,23.98,21.27,27.62,nasa,0.78
1999-09-19,0.07,23.91,21.25,27.05,nasa,0.77
1999-09-20,0.04,23.58,21.14,27.07,nasa,0.77
1999-09-21,0.0,23.34,21.11,26.71,nasa,0.77
1999-09-22,0.04,23.64,20.27,27.95,nasa,0.76
1999-09-23,0.36,23.51,20.95,26.81,nasa,0.76
1999-09-24,1.79,23.29,20.86,26.9,nasa,0.76
1999-09-25,0.08,23.82,20.41,28.34,nasa,0.76
1999-09-26,0.79,24.11,20.67,29.08,nasa,0.75
1999-09-27,3.83,23.04,20.14,27.12,nasa,0.75
1999-09-28,3.7,22.93,19.64,27.78,nasa,0.75
1999-09-29,2.45,22.64,20.01,26.81,nasa,0.75
1999-09-30,4.56,22.62,20.04,26.31,nasa,0.75
1999-10-01,0.52,22.75,20.13,26.65,nasa,0.76
1999-10-02,1.46,23.2,19.69,27.98,nasa,0.75
1999-10-03,1.37,22.59,19.78,26.46,nasa,0.75
1999-10-04,0.07,23.02,19.35,27.65,nasa,0.74
1999-10-05,0.66,23.34,19.89,28.02,nasa,0.74
1999-10-06,0.88,23.19,20.9,27.67,nasa,0.74
1999-10-07,1.46,23.78,20.33,28.64,nasa,0.74
1999-10-08,4.85,22.63,20.86,25.04,nasa,0.74
1999-10-09,1.42,23.94,20.13,28.33,nasa,0.74
1999-10-10,1.5,24.05,20.61,28.69,nasa,0.74
1999-10-11,0.33,23.77,19.15,29.5,nasa,0.73
1999-10-12,6.75,22.68,19.22,27.48,nasa,0.73
1999-10-13,2.71,22.49,20.55,25.32,nasa,0.74
1999-10-14,1.31,23.02,19.52,28.07,nasa,0.73
1999-10-15,2.19,23.33,20.53,27.65,nasa,0.73
1999-10-16,6.58,22.93,19.97,27.95,nasa,0.74
1999-10-17,9.01,22.82,19.88,26.89,nasa,0.74
1999-10-18,16.99,22.89,19.91,27.36,nasa,0.75
1999-10-19,0.55,22.29,18.73,27.05,nasa,0.76
1999-10-20,0.36,23.31,19.85,27.29,nasa,0.74
1999-10-21,1.24,23.23,20.45,27.41,nasa,0.74
1999-10-22,4.75,22.41,20.57,24.98,nasa,0.74
1999-10-23,29.23,22.53,21.05,24.88,nasa,0.76
1999-10-24,11.73,22.93,21.04,26.06,nasa,0.78
1999-10-25,4.11,23.04,20.86,26.71,nasa,0.77
1999-10-26,1.39,22.34,19.95,26.1,nasa,0.77
1999-10-27,4.24,21.98,19.74,25.3,nasa,0.76
1999-10-28,3.14,22.41,20.44,24.9,nasa,0.76
1999-10-29,0.26,23.75,19.63,28.62,nasa,0.75
1999-10-30,1.75,23.6,20.84,28.16,nasa,0.75
1999-10-31,1.69,22.44,19.69,26.84,nasa,0.74
1999-11-01,10.51,22.1,20.29,24.31,nasa,0.75
1999-11-02,18.09,22.66,21.13,24.64,nasa,0.77
1999-11-03,6.97,22.57,20.99,25.33,nasa,0.78
1999-11-04,14.1,22.35,20.75,24.69,nasa,0.78
1999-11-05,35.99,22.29,20.34,24.61,nasa,0.81
1999-11-06,0.34,24.06,20.92,27.91,nasa,0.81
1999-11-07,1.39,23.64,20.78,26.82,nasa,0.79
1999-11-08,0.26,24.39,21.03,28.7,nasa,0.78
1999-11-09,0.0,23.55,20.73,27.57,nasa,0.77
1999-11-10,0.02,23.38,19.7,28.26,nasa,0.77
1999-11-11,0.3,23.53,19.42,28.59,nasa,0.76
1999-11-12,1.06,23.08,19.37,28.11,nasa,0.76
1999-11-13,4.28,22.95,19.49,28.08,nasa,0.76
1999-11-14,0.48,22.52,19.02,27.5,nasa,0.76
1999-11-15,8.11,22.03,19.03,26.85,nasa,0.75
1999-11-16,9.33,21.11,17.96,25.34,nasa,0.77
1999-11-17,2.34,20.49,17.21,25.54,nasa,0.76
1999-11-18,4.68,20.3,17.96,24.57,nasa,0.76
1999-11-19,0.08,21.03,18.05,25.84,nasa,0.76
1999-11-20,1.22,20.99,18.28,25.58,nasa,0.75
1999-11-21,10.44,21.28,19.01,25.29,nasa,0.75
1999-11-22,0.77,21.73,19.57,24.21,nasa,0.76
1999-11-23,0.55,22.2,19.58,26.21,nasa,0.76
1999-11-24,0.22,22.7,20.07,27.17,nasa,0.75
1999-11-25,0.85,22.09,19.22,26.71,nasa,0.74
1999-11-26,2.06,21.19,18.44,25.79,nasa,0.74
1999-11-27,0.9,21.9,17.7,27.28,nasa,0.74
1999-11-28,3.71,21.38,19.77,24.8,nasa,0.74
1999-11-29,4.53,21.15,19.04,24.37,nasa,0.74
1999-11-30,1.33,20.78,18.4,24.87,nasa,0.74
1999-12-01,11.75,21.37,18.92,25.4,nasa,0.74
1999-12-02,37.57,21.88,20.22,24.41,nasa,0.78
1999-12-03,4.31,22.65,20.83,25.68,nasa,0.79
1999-12-04,3.92,21.98,20.37,24.16,nasa,0.78
1999-12-05,6.23,21.66,19.3,25.39,nasa,0.78
1999-12-06,0.69,22.18,20.43,25.44,nasa,0.77
1999-12-07,0.57,21.24,19.2,24.94,nasa,0.76
1999-12-08,0.12,20.07,17.56,23.38,nasa,0.76
1999-12-09,1.17,18.63,16.33,22.34,nasa,0.75
1999-12-10,6.57,18.98,16.46,21.47,nasa,0.76
1999-12-11,23.05,20.64,18.52,22.54,nasa,0.78
1999-12-12,3.7,21.43,19.71,24.27,nasa,0.79
1999-12-13,1.05,21.74,19.91,24.96,nasa,0.78
1999-12-14,1.41,21.51,19.68,24.32,nasa,0.77
1999-12-15,3.95,20.29,18.57,23.76,nasa,0.77
1999-12-16,5.51,21.43,18.18,25.56,nasa,0.77
1999-12-17,0.1,22.48,19.84,26.16,nasa,0.77
1999-12-18,0.21,21.31,17.21,25.74,nasa,0.77
1999-12-19,0.21,19.15,16.88,23.21,nasa,0.76
1999-12-20,0.07,18.75,16.48,22.9,nasa,0.76
1999-12-21,0.28,18.07,15.65,22.16,nasa,0.75
1999-12-22,0.05,15.58,12.98,18.56,nasa,0.75
1999-12-23,0.0,14.2,12.11,17.74,nasa,0.75
1999-12-24,0.0,14.3,11.33,19.14,nasa,0.74
1999-12-25,0.0,14.57,10.93,19.87,nasa,0.74
1999-12-26,0.0,15.99,12.1,21.64,nasa,0.74
1999-12-27,0.0,17.39,12.78,22.42,nasa,0.74
1999-12-28,0.03,20.31,16.39,25.72,nasa,0.74
1999-12-29,0.1,20.9,17.96,25.78,nasa,0.73
1999-12-30,0.0,20.17,16.93,25.12,nasa,0.73
1999-12-31,0.0,20.33,15.97,25.65,nasa,0.73
2000-01-01,0.02,21.28,18.04,26.13,nasa,0.72
2000-01-02,0.18,21.54,18.85,25.55,nasa,0.72
2000-01-03,0.34,21.32,18.41,26.12,nasa,0.72
2000-01-04,0.36,21.37,17.59,26.74,nasa,0.71
2000-01-05,0.0,22.16,18.36,27.32,nasa,0.71
2000-01-06,0.05,22.16,18.43,26.32,nasa,0.71
2000-01-07,0.2,21.67,18.64,26.67,nasa,0.71
2000-01-08,0.0,20.33,16.11,25.52,nasa,0.71
2000-01-09,0.0,19.79,14.13,26.29,nasa,0.7
2000-01-10,0.0,21.43,17.51,26.78,nasa,0.7
2000-01-11,0.0,22.06,19.11,26.41,nasa,0.7
2000-01-12,0.0,22.33,18.64,27.76,nasa,0.7
2000-01-13,0.0,21.66,17.28,27.45,nasa,0.69
2000-01-14,0.0,21.61,16.79,27.72,nasa,0.69
2000-01-15,0.0,21.09,16.27,27.3,nasa,0.68
2000-01-16,0.0,21.46,16.52,27.54,nasa,0.68
2000-01-17,0.2,21.65,17.45,27.08,nasa,0.68
2000-01-18,0.39,20.31,17.21,25.02,nasa,0.67
2000-01-19,2.22,19.45,16.91,24.12,nasa,0.67
2000-01-20,4.12,18.6,16.27,23.0,nasa,0.68
2000-01-21,0.61,19.06,15.55,23.97,nasa,0.67
2000-01-22,0.68,20.62,17.66,25.37,nasa,0.67
2000-01-23,2.25,21.73,18.2,26.76,nasa,0.67
2000-01-24,1.51,22.1,19.16,26.75,nasa,0.67
2000-01-25,0.13,21.18,18.52,25.54,nasa,0.67
2000-01-26,2.74,20.6,17.29,25.03,nasa,0.66
2000-01-27,5.98,18.26,15.94,22.31,nasa,0.67
2000-01-28,0.02,18.32,15.65,23.33,nasa,0.67
2000-01-29,0.36,19.47,15.92,24.97,nasa,0.66
2000-01-30,1.5,18.41,16.26,22.97,nasa,0.66
2000-01-31,0.01,19.06,16.54,23.58,nasa,0.66
2000-02-01,0.1,19.17,16.54,23.97,nasa,0.65
2000-02-02,0.02,19.07,15.19,24.9,nasa,0.65
2000-02-03,0.01,19.36,14.63,25.71,nasa,0.65
2000-02-04,0.08,20.12,15.68,26.11,nasa,0.64
2000-02-05,0.0,20.59,17.14,26.13,nasa,0.64
2000-02-06,0.03,19.94,17.02,24.57,nasa,0.64
2000-02-07,0.37,18.86,16.06,23.84,nasa,0.64
2000-02-08,0.02,19.0,15.97,24.35,nasa,0.64
2000-02-09,0.0,19.06,15.49,25.2,nasa,0.63
2000-02-10,0.0,19.59,14.2,26.19,nasa,0.63
2000-02-11,0.0,20.76,15.99,27.69,nasa,0.63
2000-02-12,0.0,21.34,15.84,28.34,nasa,0.62
2000-02-13,0.0,22.43,17.18,28.86,nasa,0.62
2000-02-14,0.0,22.55,18.48,28.02,nasa,0.62
2000-02-15,0.0,21.23,18.05,26.26,nasa,0.62
2000-02-16,0.0,21.38,17.42,27.09,nasa,0.61
2000-02-17,0.03,22.29,18.18,28.24,nasa,0.61
2000-02-18,0.54,22.42,18.55,28.24,nasa,0.61
2000-02-19,1.23,22.62,17.85,29.15,nasa,0.61
2000-02-20,0.0,23.08,18.18,29.37,nasa,0.61
2000-02-21,0.0,24.07,19.21,30.21,nasa,0.6
2000-02-22,0.0,23.03,18.73,27.67,nasa,0.6
2000-02-23,0.0,24.39,19.64,30.81,nasa,0.6
2000-02-24,0.22,23.8,18.83,30.21,nasa,0.6
2000-02-25,0.81,23.45,19.29,29.63,nasa,0.59
2000-02-26,0.16,19.79,16.09,24.51,nasa,0.59
2000-02-27,1.74,20.3,15.87,26.32,nasa,0.59
2000-02-28,0.89,21.13,17.94,25.46,nasa,0.59
2000-02-29,0.63,22.12,18.58,27.63,nasa,0.59
2000-03-01,0.1,22.16,18.59,28.02,nasa,0.59
2000-03-02,0.02,22.22,17.93,28.32,nasa,0.59
2000-03-03,0.01,23.21,18.55,29.77,nasa,0.58
2000-03-04,0.0,23.21,18.43,30.01,nasa,0.58
2000-03-05,0.48,22.09,16.26,28.97,nasa,0.58
2000-03-06,1.79,22.53,17.43,29.53,nasa,0.58
2000-03-07,0.46,22.68,17.75,29.42,nasa,0.57
2000-03-08,0.61,22.47,17.1,29.25,nasa,0.57
2000-03-09,0.0,22.7,18.12,29.32,nasa,0.57
2000-03-10,0.0,23.9,18.38,31.21,nasa,0.57
2000-03-11,0.0,24.45,20.4,29.65,nasa,0.57
2000-03-12,0.0,23.97,20.98,27.73,nasa,0.57
2000-03-13,0.84,24.11,20.96,29.0,nasa,0.57
2000-03-14,1.03,23.73,18.94,30.94,nasa,0.57
2000-03-15,0.0,24.13,17.84,31.93,nasa,0.56
2000-03-16,0.0,25.02,20.16,31.65,nasa,0.56
2000-03-17,0.0,24.41,19.01,31.19,nasa,0.56
2000-03-18,0.0,23.99,17.62,31.73,nasa,0.55
2000-03-19,0.0,24.08,17.46,31.99,nasa,0.55
2000-03-20,0.0,23.49,17.85,30.47,nasa,0.55
2000-03-21,0.0,23.81,17.95,31.26,nasa,0.54
2000-03-22,0.0,22.91,18.76,28.14,nasa,0.54
2000-03-23,0.0,23.56,17.96,30.91,nasa,0.54
2000-03-24,0.01,22.86,19.04,28.77,nasa,0.54
2000-03-25,0.14,22.71,18.94,28.58,nasa,0.54
2000-03-26,1.93,22.82,19.51,28.77,nasa,0.54
2000-03-27,1.02,22.54,19.05,28.07,nasa,0.54
2000-03-28,0.0,23.65,19.14,30.48,nasa,0.54
2000-03-29,0.0,23.65,18.68,31.07,nasa,0.54
2000-03-30,0.0,23.87,17.84,31.58,nasa,0.53
2000-03-31,0.0,25.22,17.7,33.48,nasa,0.53
2000-04-01,0.0,26.39,21.9,32.61,nasa,0.53
2000-04-02,0.0,25.16,22.23,29.08,nasa,0.53
2000-04-03,0.0,25.29,20.48,30.42,nasa,0.53
2000-04-04,0.0,26.27,21.32,32.87,nasa,0.53
2000-04-05,0.0,25.87,19.21,34.15,nasa,0.53
2000-04-06,0.0,24.23,18.36,31.28,nasa,0.52
2000-04-07,0.34,24.66,18.88,32.2,nasa,0.52
2000-04-08,4.17,23.93,19.85,28.97,nasa,0.52
2000-04-09,0.1,24.3,20.44,29.36,nasa,0.53
2000-04-10,0.2,24.73,21.36,30.03,nasa,0.53
2000-04-11,1.04,24.23,19.67,29.26,nasa,0.53
2000-04-12,4.64,23.96,19.34,29.45,nasa,0.53
2000-04-13,2.06,25.3,20.25,31.68,nasa,0.53
2000-04-14,0.09,26.2,20.02,32.69,nasa,0.53
2000-04-15,0.7,25.7,21.83,30.85,nasa,0.53
2000-04-16,1.8,23.68,21.69,26.83,nasa,0.53
2000-04-17,0.02,24.66,20.39,30.43,nasa,0.53
2000-04-18,0.0,25.44,21.84,31.09,nasa,0.53
2000-04-19,0.01,25.75,20.68,31.92,nasa,0.53
2000-04-20,0.0,26.85,21.19,33.15,nasa,0.52
2000-04-21,0.15,25.84,22.68,30.41,nasa,0.52
2000-04-22,1.95,26.24,21.31,33.13,nasa,0.52
2000-04-23,1.63,26.63,21.34,33.56,nasa,0.52
2000-04-24,0.77,26.08,22.29,31.93,nasa,0.52
2000-04-25,0.02,26.94,22.71,33.24,nasa,0.52
2000-04-26,0.0,27.81,21.67,34.76,nasa,0.52
2000-04-27,0.0,26.9,22.66,32.25,nasa,0.51
2000-04-28,0.0,27.04,21.72,33.6,nasa,0.51
2000-04-29,0.0,26.84,21.62,33.35,nasa,0.51
2000-04-30,0.0,26.99,22.12,33.57,nasa,0.51
2000-05-01,0.23,26.91,21.9,33.17,nasa,0.51
2000-05-02,1.23,26.6,21.1,33.1,nasa,0.51
2000-05-03,0.79,26.35,22.17,31.8,nasa,0.51
2000-05-04,2.32,25.96,20.74,33.53,nasa,0.51
2000-05-05,0.05,25.49,20.46,31.76,nasa,0.51
2000-05-06,0.38,26.92,20.21,34.29,nasa,0.5
2000-05-07,0.3,26.96,21.41,33.99,nasa,0.5
2000-05-08,0.23,26.95,22.51,32.58,nasa,0.5
2000-05-09,1.63,25.86,22.52,31.02,nasa,0.5
2000-05-10,2.38,26.56,21.82,32.94,nasa,0.5
2000-05-11,5.36,24.82,22.14,28.48,nasa,0.51
2000-05-12,7.32,24.91,21.27,30.68,nasa,0.52
2000-05-13,3.86,24.94,21.61,30.15,nasa,0.52
2000-05-14,1.67,24.5,21.5,28.8,nasa,0.52
2000-05-15,1.57,24.85,21.59,29.52,nasa,0.52
2000-05-16,0.47,25.63,22.05,30.29,nasa,0.52
2000-05-17,1.0,24.8,22.29,28.87,nasa,0.52
2000-05-18,1.81,25.17,21.71,29.96,nasa,0.52
2000-05-19,9.55,24.34,21.83,28.27,nasa,0.52
2000-05-20,4.35,24.54,20.92,30.1,nasa,0.54
2000-05-21,4.0,23.43,20.8,27.57,nasa,0.54
2000-05-22,1.46,25.44,20.37,31.44,nasa,0.54
2000-05-23,0.07,25.44,21.85,29.8,nasa,0.53
2000-05-24,0.09,25.53,21.95,29.72,nasa,0.53
2000-05-25,0.62,25.72,22.21,30.32,nasa,0.53
2000-05-26,1.59,25.08,22.11,29.34,nasa,0.52
2000-05-27,0.01,26.13,22.21,30.75,nasa,0.52
2000-05-28,0.25,25.76,22.87,29.33,nasa,0.52
2000-05-29,3.56,25.64,22.52,30.66,nasa,0.52
2000-05-30,16.43,23.81,20.84,28.0,nasa,0.53
2000-05-31,27.69,23.15,20.02,27.21,nasa,0.58
2000-06-01,3.13,23.19,21.2,26.13,nasa,0.59
2000-06-02,5.98,23.71,21.65,27.49,nasa,0.59
2000-06-03,1.53,23.68,20.62,28.54,nasa,0.58
2000-06-04,0.12,24.28,19.98,29.74,nasa,0.57
2000-06-05,0.75,25.37,20.79,31.44,nasa,0.56
2000-06-06,1.31,25.96,21.5,31.66,nasa,0.55
2000-06-07,5.28,24.74,21.36,29.38,nasa,0.55
2000-06-08,0.87,24.19,21.66,28.15,nasa,0.55
2000-06-09,0.24,24.53,21.38,28.71,nasa,0.55
2000-06-10,0.0,24.48,19.94,29.97,nasa,0.54
2000-06-11,0.04,25.73,21.15,31.28,nasa,0.54
2000-06-12,0.0,25.01,21.98,29.17,nasa,0.53
2000-06-13,0.18,25.5,22.29,29.88,nasa,0.52
2000-06-14,1.45,25.01,21.86,29.32,nasa,0.52
2000-06-15,6.2,23.87,21.45,28.13,nasa,0.52
2000-06-16,0.61,24.62,20.88,30.07,nasa,0.53
2000-06-17,0.14,24.76,21.34,29.1,nasa,0.52
2000-06-18,0.36,25.33,21.88,30.12,nasa,0.52
2000-06-19,1.05,25.15,21.8,29.59,nasa,0.52
2000-06-20,0.39,25.82,22.08,30.68,nasa,0.52
2000-06-21,3.09,24.46,22.27,28.4,nasa,0.52
2000-06-22,0.68,25.17,21.23,29.99,nasa,0.52
2000-06-23,0.59,25.22,21.44,29.9,nasa,0.52
2000-06-24,0.0,24.98,22.19,28.85,nasa,0.52
2000-06-25,0.58,25.72,21.86,31.12,nasa,0.51
2000-06-26,2.32,23.74,21.7,27.13,nasa,0.51
2000-06-27,0.07,24.37,21.05,28.77,nasa,0.51
2000-06-28,0.51,24.33,21.19,28.13,nasa,0.51
2000-06-29,2.42,25.69,20.94,31.87,nasa,0.51
2000-06-30,7.44,24.4,20.69,30.27,nasa,0.52
2000-07-01,1.41,24.81,20.25,30.44,nasa,0.52
2000-07-02,2.21,24.7,20.58,29.99,nasa,0.52
2000-07-03,3.18,24.47,21.81,29.23,nasa,0.52
2000-07-04,7.38,24.6,21.47,29.51,nasa,0.52
2000-07-05,4.27,23.7,21.18,27.57,nasa,0.53
2000-07-06,1.31,24.02,21.0,28.35,nasa,0.53
2000-07-07,1.87,24.3,20.49,29.28,nasa,0.53
2000-07-08,0.1,24.88,21.5,29.55,nasa,0.52
2000-07-09,0.56,24.39,21.82,28.01,nasa,0.52
2000-07-10,1.53,24.18,20.97,29.06,nasa,0.52
2000-07-11,0.82,23.14,20.74,26.83,nasa,0.51
2000-07-12,0.53,23.61,19.68,28.94,nasa,0.51
2000-07-13,0.32,24.55,20.43,29.97,nasa,0.51
2000-07-14,1.62,23.25,20.58,26.95,nasa,0.51
2000-07-15,1.13,23.72,20.82,28.03,nasa,0.51
2000-07-16,1.39,23.92,21.56,27.7,nasa,0.51
2000-07-17,3.32,23.63,21.1,28.37,nasa,0.51
2000-07-18,0.53,24.49,20.38,29.6,nasa,0.51
2000-07-19,0.08,25.08,20.9,30.91,nasa,0.5
2000-07-20,0.73,25.46,20.74,30.88,nasa,0.5
2000-07-21,0.32,25.54,21.5,30.21,nasa,0.5
2000-07-22,2.68,25.53,21.28,30.51,nasa,0.5
2000-07-23,1.35,25.21,21.73,29.81,nasa,0.5
2000-07-24,3.1,24.96,22.09,29.81,nasa,0.5
2000-07-25,4.77,23.7,21.43,27.64,nasa,0.51
2000-07-26,0.96,24.67,21.27,30.29,nasa,0.51
2000-07-27,0.78,23.94,20.96,27.88,nasa,0.51
2000-07-28,0.47,24.95,20.46,30.76,nasa,0.51
2000-07-29,0.19,25.98,21.02,32.04,nasa,0.5
2000-07-30,0.0,26.8,21.81,33.43,nasa,0.5
2000-07-31,0.0,26.57,21.86,32.23,nasa,0.49
2000-08-01,0.0,26.54,21.64,33.42,nasa,0.49
2000-08-02,0.0,26.43,22.39,32.92,nasa,0.49
2000-08-03,0.01,26.26,22.24,31.56,nasa,0.49
2000-08-04,0.06,26.04,21.45,32.02,nasa,0.49
2000-08-05,0.43,25.54,22.0,30.43,nasa,0.49
2000-08-06,0.69,24.7,21.75,28.86,nasa,0.49
2000-08-07,0.84,25.17,21.24,31.07,nasa,0.49
2000-08-08,0.4,25.09,21.71,29.98,nasa,0.49
2000-08-09,0.04,25.99,21.24,31.67,nasa,0.49
2000-08-10,0.38,25.62,21.94,30.37,nasa,0.49
2000-08-11,1.12,25.59,22.05,30.37,nasa,0.49
2000-08-12,2.64,25.6,22.04,31.29,nasa,0.49
2000-08-13,0.11,25.86,21.7,31.13,nasa,0.49
2000-08-14,0.03,26.17,21.78,31.8,nasa,0.49
2000-08-15,0.01,26.58,21.32,33.01,nasa,0.48
2000-08-16,0.26,25.7,22.61,29.98,nasa,0.48
2000-08-17,1.38,23.69,21.62,27.14,nasa,0.48
2000-08-18,1.6,24.13,20.64,29.25,nasa,0.49
2000-08-19,1.12,24.17,20.6,29.49,nasa,0.49
2000-08-20,1.19,24.09,21.3,28.08,nasa,0.49
2000-08-21,10.77,23.41,20.51,27.64,nasa,0.49
2000-08-22,24.16,23.68,22.14,27.3,nasa,0.53
2000-08-23,22.15,23.74,21.02,28.24,nasa,0.56
2000-08-24,16.81,23.82,20.95,28.18,nasa,0.59
2000-08-25,0.46,24.43,21.44,28.73,nasa,0.59
2000-08-26,0.05,24.73,21.48,29.17,nasa,0.57
2000-08-27,0.08,24.65,21.82,28.33,nasa,0.56
2000-08-28,0.21,24.19,21.78,27.1,nasa,0.55
2000-08-29,0.9,23.46,21.52,26.47,nasa,0.54
2000-08-30,1.28,22.98,20.97,26.2,nasa,0.54
2000-08-31,0.11,23.66,21.1,27.63,nasa,0.54
2000-09-01,0.06,24.07,21.55,27.94,nasa,0.53
2000-09-02,0.0,25.02,20.94,30.35,nasa,0.52
2000-09-03,0.0,24.87,21.83,28.98,nasa,0.52
2000-09-04,0.05,24.18,21.78,28.28,nasa,0.51
2000-09-05,0.43,23.35,20.51,27.65,nasa,0.51
2000-09-06,0.34,23.32,20.2,28.36,nasa,0.51
2000-09-07,0.8,23.15,20.63,26.34,nasa,0.51
2000-09-08,0.8,24.35,20.19,29.71,nasa,0.5
2000-09-09,2.34,24.27,21.28,28.76,nasa,0.5
2000-09-10,4.16,23.92,20.71,28.93,nasa,0.51
2000-09-11,0.61,24.31,20.62,29.6,nasa,0.51
2000-09-12,2.95,23.97,21.27,27.7,nasa,0.51
2000-09-13,13.99,23.19,21.04,25.93,nasa,0.52
2000-09-14,19.99,23.64,20.64,28.64,nasa,0.55
2000-09-15,17.58,23.96,20.7,30.36,nasa,0.58
2000-09-16,3.36,22.9,20.04,26.81,nasa,0.59
2000-09-17,3.44,24.07,20.86,28.95,nasa,0.58
2000-09-18,1.31,23.78,21.35,27.37,nasa,0.57
2000-09-19,0.38,23.85,21.47,26.78,nasa,0.57
2000-09-20,0.31,24.61,20.38,30.9,nasa,0.55
2000-09-21,0.96,23.93,19.62,30.44,nasa,0.54
2000-09-22,3.27,23.02,20.15,27.13,nasa,0.54
2000-09-23,9.9,24.58,20.67,30.65,nasa,0.54
2000-09-24,63.21,24.06,20.38,29.58,nasa,0.6
2000-09-25,8.35,24.24,19.66,29.62,nasa,0.64
2000-09-26,11.49,24.05,21.72,27.28,nasa,0.65
2000-09-27,0.19,23.48,21.13,26.88,nasa,0.64
2000-09-28,0.43,23.24,21.03,26.65,nasa,0.62
2000-09-29,1.32,23.32,20.02,27.98,nasa,0.61
2000-09-30,1.23,24.11,19.67,30.26,nasa,0.59
2000-10-01,1.39,23.39,19.98,28.33,nasa,0.58
2000-10-02,2.79,22.73,19.73,27.15,nasa,0.57
2000-10-03,9.56,22.98,19.42,27.94,nasa,0.57
2000-10-04,0.03,24.52,19.72,30.42,nasa,0.58
2000-10-05,2.6,24.29,19.3,30.46,nasa,0.56
2000-10-06,32.4,22.72,19.97,26.62,nasa,0.58
2000-10-07,46.8,21.54,19.67,24.26,nasa,0.66
2000-10-08,37.52,21.27,19.51,24.0,nasa,0.7
2000-10-09,28.94,21.82,18.86,24.9,nasa,0.73
2000-10-10,49.17,22.22,20.7,24.5,nasa,0.78
2000-10-11,8.84,23.21,19.64,27.47,nasa,0.79
2000-10-12,6.02,23.39,22.03,25.67,nasa,0.76
2000-10-13,10.22,23.45,21.6,26.63,nasa,0.74
2000-10-14,3.27,23.08,20.22,27.32,nasa,0.72
2000-10-15,0.88,22.72,19.57,26.43,nasa,0.7
2000-10-16,1.11,22.93,20.81,25.91,nasa,0.68
2000-10-17,7.46,23.05,20.56,26.84,nasa,0.67
2000-10-18,14.51,22.78,21.05,25.9,nasa,0.68
2000-10-19,4.62,22.59,20.08,25.98,nasa,0.68
2000-10-20,4.63,24.05,20.32,28.52,nasa,0.68
2000-10-21,0.36,23.77,21.69,26.64,nasa,0.67
2000-10-22,0.12,23.69,20.67,28.01,nasa,0.66
2000-10-23,0.0,23.76,20.17,29.12,nasa,0.65
2000-10-24,0.15,23.56,19.83,29.04,nasa,0.64
2000-10-25,1.7,23.56,19.87,28.85,nasa,0.63
2000-10-26,5.45,23.33,20.37,28.05,nasa,0.63
2000-10-27,3.67,22.77,20.57,26.14,nasa,0.63
2000-10-28,4.85,22.31,20.05,25.99,nasa,0.63
2000-10-29,2.29,22.54,19.51,27.51,nasa,0.63
2000-10-30,3.79,22.32,18.58,28.04,nasa,0.63
2000-10-31,6.23,22.04,18.45,27.39,nasa,0.63
2000-11-01,0.39,20.0,16.45,24.87,nasa,0.63
2000-11-02,0.0,19.4,15.7,25.06,nasa,0.62
2000-11-03,0.0,20.29,15.05,26.89,nasa,0.61
2000-11-04,0.0,20.64,15.63,27.07,nasa,0.61
2000-11-05,0.0,21.31,15.37,27.77,nasa,0.6
2000-11-06,0.0,21.83,16.35,27.98,nasa,0.6
2000-11-07,0.0,21.52,16.31,27.82,nasa,0.59
2000-11-08,0.0,21.19,16.17,27.71,nasa,0.59
2000-11-09,0.03,21.47,15.24,28.28,nasa,0.58
2000-11-10,1.8,22.3,18.25,27.85,nasa,0.58
2000-11-11,0.86,22.73,19.64,27.99,nasa,0.58
2000-11-12,7.35,21.79,19.1,26.68,nasa,0.58
2000-11-13,5.78,22.35,19.44,26.63,nasa,0.59
2000-11-14,0.21,23.36,20.55,28.22,nasa,0.59
2000-11-15,4.55,23.06,20.35,27.75,nasa,0.59
2000-11-16,56.06,22.08,20.56,24.08,nasa,0.65
2000-11-17,10.95,21.78,19.56,25.31,nasa,0.69
2000-11-18,8.27,21.7,19.38,25.48,nasa,0.68
2000-11-19,4.38,22.5,19.92,26.68,nasa,0.67
2000-11-20,1.33,21.93,19.13,25.85,nasa,0.66
2000-11-21,1.16,20.34,17.33,24.76,nasa,0.65
2000-11-22,1.02,21.6,17.29,26.9,nasa,0.64
2000-11-23,8.89,21.51,19.33,24.49,nasa,0.64
2000-11-24,2.72,21.86,19.96,24.78,nasa,0.64
2000-11-25,0.87,21.87,19.34,25.2,nasa,0.64
2000-11-26,0.41,22.48,19.83,26.69,nasa,0.63
2000-11-27,0.34,22.77,19.48,27.65,nasa,0.62
2000-11-28,0.37,22.86,19.77,27.69,nasa,0.62
2000-11-29,0.87,22.9,19.77,27.61,nasa,0.61
2000-11-30,1.37,22.82,19.95,27.15,nasa,0.61
2000-12-01,0.0,22.1,18.53,27.39,nasa,0.6
2000-12-02,0.02,20.98,17.66,26.06,nasa,0.6
2000-12-03,0.46,20.93,18.28,24.82,nasa,0.6
2000-12-04,0.09,20.35,17.81,24.96,nasa,0.6
2000-12-05,0.98,20.57,17.25,25.35,nasa,0.59
2000-12-06,10.65,21.02,19.42,23.75,nasa,0.6
2000-12-07,22.59,21.54,19.41,24.31,nasa,0.63
2000-12-08,7.7,21.89,19.81,26.0,nasa,0.65
2000-12-09,0.22,22.06,19.0,27.31,nasa,0.64
2000-12-10,0.09,22.26,18.45,27.51,nasa,0.63
2000-12-11,2.01,22.85,19.84,28.05,nasa,0.62
2000-12-12,6.56,22.56,19.91,27.61,nasa,0.62
2000-12-13,3.05,21.66,16.48,27.4,nasa,0.62
2000-12-14,4.05,19.24,15.78,24.39,nasa,0.62
2000-12-15,1.45,21.45,18.37,26.28,nasa,0.62
2000-12-16,0.17,22.45,19.5,27.24,nasa,0.62
2000-12-17,0.48,22.51,19.75,26.77,nasa,0.61
2000-12-18,0.91,22.15,19.17,26.89,nasa,0.6
2000-12-19,0.88,22.6,19.77,27.37,nasa,0.6
2000-12-20,1.58,22.44,19.29,27.3,nasa,0.6
2000-12-21,0.11,22.17,19.29,26.82,nasa,0.6
2000-12-22,0.02,20.08,16.49,24.44,nasa,0.59
2000-12-23,0.0,18.67,15.16,23.95,nasa,0.59
2000-12-24,0.01,18.28,14.34,24.25,nasa,0.59
2000-12-25,1.17,20.52,15.54,26.43,nasa,0.58
2000-12-26,3.64,21.09,18.99,24.71,nasa,0.59
2000-12-27,3.13,21.62,19.52,25.56,nasa,0.59
2000-12-28,1.06,22.48,19.8,27.41,nasa,0.59
2000-12-29,0.41,22.31,19.06,27.51,nasa,0.58
2000-12-30,0.08,21.46,17.43,27.36,nasa,0.58
2000-12-31,0.07,19.55,16.26,24.94,nasa,0.58
2001-01-01,0.14,18.68,14.88,24.28,nasa,0.58
2001-01-02,0.01,19.23,13.67,25.6,nasa,0.58
2001-01-03,0.04,20.56,15.85,26.47,nasa,0.58
2001-01-04,0.16,21.36,17.11,26.85,nasa,0.58
2001-01-05,0.16,21.99,19.13,27.22,nasa,0.58
2001-01-06,0.14,21.99,18.51,27.53,nasa,0.57
2001-01-07,0.04,21.54,17.02,27.95,nasa,0.57
2001-01-08,0.0,21.81,16.06,28.72,nasa,0.57
2001-01-09,0.0,21.27,16.96,27.58,nasa,0.57
2001-01-10,0.0,20.84,16.02,27.02,nasa,0.56
2001-01-11,0.0,21.43,17.19,27.51,nasa,0.56
2001-01-12,0.15,22.24,17.28,28.38,nasa,0.56
2001-01-13,2.11,22.57,19.38,28.29,nasa,0.56
2001-01-14,1.18,20.75,18.22,24.8,nasa,0.56
2001-01-15,0.18,21.09,18.14,26.2,nasa,0.56
2001-01-16,0.11,20.45,17.76,25.08,nasa,0.56
2001-01-17,1.11,20.72,18.33,24.74,nasa,0.56
2001-01-18,4.87,21.52,18.57,26.41,nasa,0.56
2001-01-19,2.96,21.97,20.09,25.59,nasa,0.57
2001-01-20,0.08,22.61,19.59,27.71,nasa,0.57
2001-01-21,0.44,22.68,18.77,28.65,nasa,0.56
2001-01-22,0.0,22.97,17.45,29.87,nasa,0.56
2001-01-23,0.0,23.31,17.87,30.3,nasa,0.56
2001-01-24,0.0,23.81,18.18,31.04,nasa,0.55
2001-01-25,0.0,24.68,18.61,31.34,nasa,0.55
2001-01-26,0.0,25.72,21.02,32.13,nasa,0.55
2001-01-27,0.0,23.89,20.77,28.72,nasa,0.55
2001-01-28,0.0,23.41,18.5,29.61,nasa,0.55
2001-01-29,0.01,20.52,16.05,26.72,nasa,0.54
2001-01-30,0.0,20.99,16.74,27.43,nasa,0.54
2001-01-31,0.0,21.09,16.13,28.17,nasa,0.54
2001-02-01,0.0,21.57,15.11,29.0,nasa,0.54
2001-02-02,0.01,21.49,16.14,28.64,nasa,0.54
2001-02-03,0.0,21.76,16.15,29.51,nasa,0.54
2001-02-04,0.0,20.96,14.11,28.85,nasa,0.53
2001-02-05,0.07,21.9,17.02,29.08,nasa,0.53
2001-02-06,0.02,22.5,16.02,30.29,nasa,0.53
2001-02-07,0.0,22.6,17.21,29.61,nasa,0.53
2001-02-08,0.0,21.62,18.08,27.2,nasa,0.53
2001-02-09,0.0,22.01,18.21,28.1,nasa,0.53
2001-02-10,0.0,21.56,18.06,27.46,nasa,0.53
2001-02-11,0.01,21.69,17.51,27.98,nasa,0.53
2001-02-12,0.1,22.43,18.07,28.73,nasa,0.53
2001-02-13,0.18,22.43,19.57,27.12,nasa,0.53
2001-02-14,0.01,21.12,16.39,26.82,nasa,0.53
2001-02-15,0.0,19.35,15.48,25.39,nasa,0.53
2001-02-16,0.07,19.06,13.72,25.9,nasa,0.53
2001-02-17,0.17,20.77,16.5,27.46,nasa,0.52
2001-02-18,0.0,21.44,16.11,28.59,nasa,0.52
2001-02-19,0.0,21.78,16.15,28.92,nasa,0.52
2001-02-20,0.0,21.52,15.94,28.62,nasa,0.52
2001-02-21,0.0,22.24,15.31,30.44,nasa,0.52
2001-02-22,0.0,23.45,16.94,31.38,nasa,0.52
2001-02-23,0.0,24.31,17.08,31.94,nasa,0.51
2001-02-24,0.0,25.07,19.86,31.62,nasa,0.51
2001-02-25,0.0,24.6,20.1,31.6,nasa,0.51
2001-02-26,0.01,23.24,17.65,30.8,nasa,0.51
2001-02-27,0.0,23.34,18.21,30.85,nasa,0.51
2001-02-28,0.0,23.02,17.1,30.86,nasa,0.51
2001-03-01,0.0,22.55,18.34,29.54,nasa,0.51
2001-03-02,0.0,21.86,16.9,29.4,nasa,0.51
2001-03-03,0.0,22.27,16.34,30.44,nasa,0.5
2001-03-04,0.03,21.62,18.05,27.42,nasa,0.5
2001-03-05,0.0,22.66,18.33,29.42,nasa,0.5
2001-03-06,0.0,23.72,17.82,30.86,nasa,0.5
2001-03-07,0.06,24.58,20.69,30.15,nasa,0.5
2001-03-08,0.98,24.39,20.72,30.2,nasa,0.5
2001-03-09,2.4,24.03,20.56,29.34,nasa,0.5
2001-03-10,0.05,24.55,20.44,31.06,nasa,0.5
2001-03-11,0.22,24.86,20.06,31.67,nasa,0.5
2001-03-12,0.93,24.12,20.53,30.66,nasa,0.5
2001-03-13,0.41,23.92,19.81,30.76,nasa,0.5
2001-03-14,0.0,24.41,19.53,31.61,nasa,0.5
2001-03-15,0.0,24.59,18.61,31.95,nasa,0.5
2001-03-16,0.08,24.9,17.85,33.11,nasa,0.49
2001-03-17,1.71,24.86,18.45,32.96,nasa,0.49
2001-03-18,11.4,23.34,18.71,28.92,nasa,0.51
2001-03-19,4.81,23.8,21.11,28.47,nasa,0.52
2001-03-20,0.52,25.1,20.37,31.62,nasa,0.52
2001-03-21,0.01,25.35,20.31,32.05,nasa,0.52
2001-03-22,0.0,24.45,19.75,29.84,nasa,0.51
2001-03-23,0.0,26.37,19.56,33.62,nasa,0.51
2001-03-24,0.0,26.16,22.15,31.88,nasa,0.51
2001-03-25,0.76,25.15,21.95,30.8,nasa,0.5
2001-03-26,1.73,25.91,20.83,32.43,nasa,0.5
2001-03-27,1.6,25.98,21.25,32.24,nasa,0.5
2001-03-28,3.5,26.19,21.44,32.35,nasa,0.5
2001-03-29,1.74,25.25,21.72,30.87,nasa,0.51
2001-03-30,0.01,24.73,20.74,30.46,nasa,0.51
2001-03-31,0.8,25.2,21.03,30.95,nasa,0.5
2001-04-01,1.66,24.54,21.2,29.72,nasa,0.5
2001-04-02,0.01,25.86,20.14,32.76,nasa,0.5
2001-04-03,0.0,26.82,20.11,34.08,nasa,0.5
2001-04-04,0.0,27.4,21.68,35.3,nasa,0.5
2001-04-05,0.0,27.19,20.47,35.13,nasa,0.49
2001-04-06,0.0,27.21,21.23,34.89,nasa,0.49
2001-04-07,0.0,27.84,21.01,36.17,nasa,0.49
2001-04-08,0.0,28.4,22.13,35.99,nasa,0.48
2001-04-09,0.0,29.59,22.39,37.51,nasa,0.48
2001-04-10,0.02,29.57,23.86,36.33,nasa,0.48
2001-04-11,0.2,28.1,22.03,36.64,nasa,0.48
2001-04-12,0.0,25.16,19.12,33.0,nasa,0.48
2001-04-13,0.0,25.97,19.92,34.24,nasa,0.47
2001-04-14,0.0,26.13,19.82,33.8,nasa,0.47
2001-04-15,0.0,25.81,21.28,32.15,nasa,0.47
2001-04-16,0.0,26.66,20.35,34.84,nasa,0.47
2001-04-17,0.0,27.63,19.22,36.12,nasa,0.47
2001-04-18,0.03,29.03,22.41,36.54,nasa,0.47
2001-04-19,0.16,29.05,24.01,36.2,nasa,0.47
2001-04-20,0.0,29.0,22.97,36.32,nasa,0.47
2001-04-21,0.0,28.22,23.85,33.79,nasa,0.47
2001-04-22,0.0,29.32,24.07,35.99,nasa,0.47
2001-04-23,0.0,28.72,22.15,36.35,nasa,0.47
2001-04-24,0.0,28.36,22.49,35.84,nasa,0.47
2001-04-25,0.0,26.85,21.34,34.82,nasa,0.47
2001-04-26,0.51,26.3,20.82,33.91,nasa,0.47
2001-04-27,6.14,25.02,22.25,29.53,nasa,0.47
2001-04-28,0.1,25.92,20.84,32.46,nasa,0.48
2001-04-29,1.19,27.04,21.13,33.51,nasa,0.48
2001-04-30,3.3,27.49,22.45,33.84,nasa,0.48
2001-05-01,0.0,28.58,21.46,36.55,nasa,0.48
2001-05-02,0.0,28.03,22.63,33.94,nasa,0.48
2001-05-03,0.07,27.37,23.26,32.83,nasa,0.47
2001-05-04,0.37,27.88,21.68,35.43,nasa,0.47
2001-05-05,0.47,28.61,22.64,35.88,nasa,0.47
2001-05-06,0.0,28.91,22.63,36.16,nasa,0.47
2001-05-07,0.0,29.64,23.73,36.2,nasa,0.47
2001-05-08,0.0,28.03,24.38,32.36,nasa,0.47
2001-05-09,0.03,28.09,23.1,33.07,nasa,0.47
2001-05-10,0.31,27.2,24.09,32.0,nasa,0.47
2001-05-11,1.45,26.31,23.1,31.65,nasa,0.47
2001-05-12,5.41,25.4,21.98,30.89,nasa,0.47
2001-05-13,3.42,24.53,21.96,28.35,nasa,0.48
2001-05-14,6.01,24.38,22.15,28.58,nasa,0.49
2001-05-15,10.47,23.95,22.03,26.97,nasa,0.5
2001-05-16,6.16,24.28,21.08,28.69,nasa,0.51
2001-05-17,0.12,24.84,21.75,29.05,nasa,0.52
2001-05-18,0.33,25.99,21.5,31.78,nasa,0.51
2001-05-19,1.22,25.94,22.03,31.38,nasa,0.5
2001-05-20,0.01,24.76,22.67,27.77,nasa,0.5
2001-05-21,0.13,26.79,21.81,32.66,nasa,0.5
2001-05-22,0.8,26.58,22.31,32.16,nasa,0.49
2001-05-23,0.14,26.46,22.49,31.65,nasa,0.49
2001-05-24,0.9,26.45,22.21,31.71,nasa,0.49
2001-05-25,1.31,26.46,22.35,31.73,nasa,0.48
2001-05-26,1.93,25.73,22.88,30.59,nasa,0.48
2001-05-27,1.23,25.45,22.11,29.84,nasa,0.48
2001-05-28,4.11,24.51,21.42,29.33,nasa,0.49
2001-05-29,0.9,25.28,21.28,30.69,nasa,0.49
2001-05-30,1.22,25.42,21.36,31.18,nasa,0.49
2001-05-31,0.35,26.44,21.73,31.56,nasa,0.49
2001-06-01,1.68,25.35,22.68,29.03,nasa,0.49
2001-06-02,0.16,26.33,20.57,33.42,nasa,0.48
2001-06-03,2.1,25.26,20.88,30.64,nasa,0.48
2001-06-04,0.81,25.87,20.99,31.7,nasa,0.48
2001-06-05,0.84,25.31,22.37,29.36,nasa,0.48
2001-06-06,1.48,25.33,22.13,30.61,nasa,0.48
2001-06-07,2.03,24.49,21.51,28.55,nasa,0.48
2001-06-08,1.52,25.06,21.32,30.41,nasa,0.49
2001-06-09,0.2,25.92,21.71,31.18,nasa,0.48
2001-06-10,1.5,25.47,21.52,30.82,nasa,0.48
2001-06-11,0.41,25.56,21.8,30.34,nasa,0.48
2001-06-12,2.71,25.45,21.24,30.75,nasa,0.48
2001-06-13,0.05,26.15,22.13,30.94,nasa,0.48
2001-06-14,0.14,25.62,22.6,29.55,nasa,0.48
2001-06-15,0.31,25.63,21.71,30.62,nasa,0.48
2001-06-16,0.12,26.17,21.54,32.07,nasa,0.48
2001-06-17,0.31,26.29,21.96,31.25,nasa,0.48
2001-06-18,0.02,26.04,23.37,29.97,nasa,0.47
2001-06-19,0.24,25.91,22.04,30.34,nasa,0.47
2001-06-20,1.32,24.29,21.28,28.54,nasa,0.47
2001-06-21,1.68,23.81,21.56,27.6,nasa,0.47
2001-06-22,0.63,23.94,21.72,27.28,nasa,0.48
2001-06-23,2.81,23.73,21.38,27.91,nasa,0.48
2001-06-24,0.74,24.14,21.54,28.31,nasa,0.48
2001-06-25,0.49,25.03,21.5,30.3,nasa,0.48
2001-06-26,1.31,25.76,21.54,31.41,nasa,0.48
2001-06-27,0.51,25.16,22.43,29.65,nasa,0.48
2001-06-28,0.31,25.0,22.18,28.9,nasa,0.48
2001-06-29,0.83,24.77,22.04,28.46,nasa,0.48
2001-06-30,1.56,24.64,21.62,28.98,nasa,0.48
2001-07-01,0.71,24.97,22.11,28.91,nasa,0.48
2001-07-02,2.79,24.72,22.24,29.15,nasa,0.48
2001-07-03,1.03,25.1,22.04,30.03,nasa,0.48
2001-07-04,2.86,24.52,21.64,29.29,nasa,0.48
2001-07-05,2.34,23.94,21.79,27.78,nasa,0.48
2001-07-06,0.91,24.8,21.39,29.2,nasa,0.48
2001-07-07,0.97,25.07,22.19,29.07,nasa,0.48
2001-07-08,2.58,23.75,19.9,29.01,nasa,0.48
2001-07-09,0.14,25.08,20.82,29.82,nasa,0.48
2001-07-10,1.07,26.02,21.47,31.11,nasa,0.48
2001-07-11,0.11,27.1,21.93,33.1,nasa,0.48
2001-07-12,0.48,25.71,22.59,29.91,nasa,0.47
2001-07-13,0.52,26.3,21.97,31.47,nasa,0.47
2001-07-14,2.98,26.1,21.8,31.62,nasa,0.47
2001-07-15,0.01,26.34,22.34,31.61,nasa,0.47
2001-07-16,0.0,26.81,21.58,33.22,nasa,0.47
2001-07-17,0.0,26.29,22.46,31.41,nasa,0.47
2001-07-18,0.0,26.53,22.08,31.82,nasa,0.47
2001-07-19,0.04,25.93,22.59,30.06,nasa,0.47
2001-07-20,1.21,24.86,22.04,29.5,nasa,0.47
2001-07-21,2.04,24.18,22.18,27.88,nasa,0.47
2001-07-22,0.0,26.18,21.67,32.41,nasa,0.47
2001-07-23,0.0,27.19,21.53,33.67,nasa,0.47
2001-07-24,0.0,27.37,22.72,32.79,nasa,0.47
2001-07-25,0.13,26.61,23.3,31.44,nasa,0.47
2001-07-26,0.89,26.32,21.99,32.47,nasa,0.46
2001-07-27,0.43,26.81,22.23,32.76,nasa,0.46
2001-07-28,0.25,26.83,22.67,32.02,nasa,0.46
2001-07-29,1.06,25.95,23.14,30.21,nasa,0.46
2001-07-30,0.02,26.88,21.94,32.56,nasa,0.46
2001-07-31,0.0,27.08,22.8,32.26,nasa,0.46
2001-08-01,0.07,26.2,22.95,31.01,nasa,0.46
2001-08-02,0.62,25.43,22.38,29.62,nasa,0.46
2001-08-03,2.63,25.08,21.32,29.68,nasa,0.46
2001-08-04,5.6,24.7,21.51,29.79,nasa,0.47
2001-08-05,2.1,24.78,21.96,29.87,nasa,0.48
2001-08-06,1.7,25.31,20.92,31.34,nasa,0.48
2001-08-07,1.05,26.08,21.36,31.64,nasa,0.47
2001-08-08,1.65,25.73,22.14,30.65,nasa,0.47
2001-08-09,1.57,25.11,22.13,29.67,nasa,0.48
2001-08-10,1.24,24.81,21.9,29.0,nasa,0.47
2001-08-11,1.8,25.08,21.61,30.28,nasa,0.47
2001-08-12,3.57,24.73,20.83,30.22,nasa,0.47
2001-08-13,12.07,23.71,20.8,28.33,nasa,0.49
2001-08-14,9.86,23.55,20.78,27.58,nasa,0.5
2001-08-15,20.21,23.73,21.1,28.07,nasa,0.53
2001-08-16,13.26,23.06,21.47,26.29,nasa,0.55
2001-08-17,9.22,23.53,21.01,27.78,nasa,0.56
2001-08-18,12.85,22.46,20.05,25.6,nasa,0.57
2001-08-19,8.92,22.72,21.41,24.59,nasa,0.58
2001-08-20,2.63,23.98,20.93,28.24,nasa,0.58
2001-08-21,7.0,23.92,21.74,27.12,nasa,0.57
2001-08-22,1.72,25.06,22.05,29.24,nasa,0.57
2001-08-23,0.54,24.54,22.49,27.71,nasa,0.56
2001-08-24,0.54,24.77,22.29,28.16,nasa,0.55
2001-08-25,3.48,24.35,21.84,27.53,nasa,0.54
2001-08-26,6.18,23.67,22.07,26.03,nasa,0.54
2001-08-27,4.59,23.4,21.68,26.07,nasa,0.55
2001-08-28,3.26,23.87,21.2,28.24,nasa,0.54
2001-08-29,1.74,23.41,20.79,26.8,nasa,0.54
2001-08-30,3.21,23.94,21.08,28.07,nasa,0.53
2001-08-31,0.99,24.58,21.86,28.7,nasa,0.53
2001-09-01,0.3,24.89,21.47,29.42,nasa,0.52
2001-09-02,0.18,24.64,21.97,28.25,nasa,0.52
2001-09-03,3.84,24.34,21.73,28.4,nasa,0.52
2001-09-04,6.12,24.03,21.51,28.0,nasa,0.52
2001-09-05,5.01,24.18,20.43,29.84,nasa,0.53
2001-09-06,0.14,25.04,20.61,30.68,nasa,0.52
2001-09-07,0.0,25.36,21.23,30.32,nasa,0.51
2001-09-08,0.3,24.98,22.11,29.51,nasa,0.51
2001-09-09,3.5,23.92,20.92,28.51,nasa,0.51
2001-09-10,6.43,22.56,19.31,26.98,nasa,0.51
2001-09-11,2.1,23.89,20.29,28.88,nasa,0.51
2001-09-12,1.5,24.36,21.36,28.97,nasa,0.51
2001-09-13,0.01,24.35,21.27,28.65,nasa,0.51
2001-09-14,7.77,25.56,20.77,31.09,nasa,0.51
2001-09-15,48.03,24.09,21.76,27.84,nasa,0.57
2001-09-16,3.08,23.35,21.63,25.79,nasa,0.6
2001-09-17,1.13,24.67,20.71,31.01,nasa,0.59
2001-09-18,0.09,24.65,21.17,29.41,nasa,0.57
2001-09-19,0.49,24.12,21.25,28.48,nasa,0.56
2001-09-20,10.5,24.25,20.74,28.77,nasa,0.55
2001-09-21,20.61,23.62,21.14,27.38,nasa,0.59
2001-09-22,20.26,23.7,20.87,27.35,nasa,0.61
2001-09-23,5.55,23.56,20.8,27.12,nasa,0.62
2001-09-24,41.46,23.05,21.05,26.28,nasa,0.63
2001-09-25,51.64,24.13,20.18,29.11,nasa,0.71
2001-09-26,8.79,24.3,21.57,29.09,nasa,0.72
2001-09-27,4.51,22.75,20.97,25.06,nasa,0.7
2001-09-28,8.38,23.56,20.34,28.19,nasa,0.68
2001-09-29,11.1,23.49,20.36,28.01,nasa,0.67
2001-09-30,19.2,23.2,20.99,26.83,nasa,0.68
2001-10-01,1.46,23.23,20.41,27.62,nasa,0.68
2001-10-02,2.65,22.93,20.43,26.74,nasa,0.66
2001-10-03,1.96,23.22,19.44,27.94,nasa,0.64
2001-10-04,1.63,23.55,20.43,28.26,nasa,0.63
2001-10-05,4.44,23.19,20.38,27.35,nasa,0.62
2001-10-06,4.8,23.41,20.24,27.61,nasa,0.62
2001-10-07,0.24,24.27,20.06,29.07,nasa,0.61
2001-10-08,1.3,24.87,20.6,30.23,nasa,0.6
2001-10-09,6.13,23.67,20.95,27.67,nasa,0.6
2001-10-10,3.47,22.38,18.45,27.37,nasa,0.6
2001-10-11,1.98,21.36,18.12,26.11,nasa,0.6
2001-10-12,1.61,22.93,19.85,26.39,nasa,0.59
2001-10-13,2.31,23.19,21.02,26.41,nasa,0.59
2001-10-14,5.44,22.93,20.58,26.35,nasa,0.59
2001-10-15,3.66,23.33,19.19,29.49,nasa,0.59
2001-10-16,0.17,23.23,18.1,29.99,nasa,0.59
2001-10-17,0.0,22.74,18.19,28.59,nasa,0.58
2001-10-18,0.13,23.63,19.05,29.8,nasa,0.57
2001-10-19,0.52,23.83,19.73,29.16,nasa,0.56
2001-10-20,1.24,22.98,20.9,25.92,nasa,0.56
2001-10-21,17.56,22.61,20.96,24.75,nasa,0.57
2001-10-22,27.53,22.96,20.93,25.65,nasa,0.62
2001-10-23,2.62,23.37,20.79,27.49,nasa,0.63
2001-10-24,0.51,23.63,20.85,28.05,nasa,0.62
2001-10-25,0.36,23.39,20.1,28.39,nasa,0.61
2001-10-26,0.69,23.22,20.22,27.95,nasa,0.6
2001-10-27,0.23,23.25,19.97,27.83,nasa,0.59
2001-10-28,1.4,23.61,20.13,28.7,nasa,0.58
2001-10-29,1.55,23.22,19.79,28.63,nasa,0.58
2001-10-30,3.08,23.79,20.21,29.09,nasa,0.57
2001-10-31,4.58,23.55,19.87,28.91,nasa,0.57
2001-11-01,5.69,22.27,20.43,25.55,nasa,0.58
2001-11-02,0.36,23.74,20.16,29.34,nasa,0.58
2001-11-03,2.19,23.64,19.8,29.33,nasa,0.57
2001-11-04,0.86,23.82,20.1,29.44,nasa,0.57
2001-11-05,0.82,23.69,20.65,28.57,nasa,0.56
2001-11-06,2.34,23.95,20.57,29.23,nasa,0.56
2001-11-07,0.87,23.65,20.51,28.56,nasa,0.55
2001-11-08,0.51,23.32,20.09,28.26,nasa,0.55
2001-11-09,0.02,22.32,19.07,27.38,nasa,0.55
2001-11-10,0.1,20.83,17.88,26.15,nasa,0.54
2001-11-11,4.41,20.13,16.74,24.7,nasa,0.54
2001-11-12,4.06,20.36,18.11,23.46,nasa,0.55
2001-11-13,1.22,23.62,17.49,30.72,nasa,0.55
2001-11-14,3.51,23.25,19.28,29.33,nasa,0.55
2001-11-15,0.42,21.3,18.94,25.19,nasa,0.55
2001-11-16,0.92,21.66,18.91,26.96,nasa,0.55
2001-11-17,0.04,22.07,18.89,27.3,nasa,0.54
2001-11-18,0.11,21.24,18.03,26.23,nasa,0.54
2001-11-19,1.19,21.04,17.93,26.49,nasa,0.54
2001-11-20,0.58,19.92,17.05,24.02,nasa,0.54
2001-11-21,0.0,19.87,16.54,25.2,nasa,0.54
2001-11-22,0.03,20.84,16.0,27.5,nasa,0.53
2001-11-23,0.26,21.79,18.1,27.88,nasa,0.53
2001-11-24,1.91,20.93,16.54,27.0,nasa,0.53
2001-11-25,0.8,19.9,15.99,26.33,nasa,0.53
2001-11-26,0.01,19.57,15.69,24.94,nasa,0.53
2001-11-27,0.0,20.78,15.66,27.23,nasa,0.53
2001-11-28,0.0,22.05,16.26,28.93,nasa,0.53
2001-11-29,0.0,23.25,17.9,29.93,nasa,0.52
2001-11-30,0.0,23.14,19.05,29.44,nasa,0.52
2001-12-01,0.0,22.29,17.06,29.06,nasa,0.52
2001-12-02,0.2,22.05,17.55,28.35,nasa,0.52
2001-12-03,1.38,21.46,16.83,28.34,nasa,0.52
2001-12-04,0.01,22.48,17.28,28.77,nasa,0.52
2001-12-05,0.1,23.5,19.12,29.77,nasa,0.52
2001-12-06,0.08,22.66,18.39,28.65,nasa,0.51
2001-12-07,0.24,21.57,18.14,26.24,nasa,0.51
2001-12-08,0.04,22.34,18.6,27.31,nasa,0.51
2001-12-09,0.14,22.0,18.34,27.34,nasa,0.51
2001-12-10,0.21,23.39,19.58,28.83,nasa,0.51
2001-12-11,0.52,23.8,19.59,29.36,nasa,0.51
2001-12-12,0.73,23.0,19.58,27.73,nasa,0.51
2001-12-13,0.82,22.7,19.89,26.68,nasa,0.51
2001-12-14,0.43,22.54,20.38,25.85,nasa,0.51
2001-12-15,5.15,21.46,19.63,24.36,nasa,0.52
2001-12-16,2.68,22.37,19.77,25.92,nasa,0.52
2001-12-17,0.06,22.98,20.96,26.61,nasa,0.52
2001-12-18,0.0,23.27,20.05,28.23,nasa,0.52
2001-12-19,0.02,22.56,19.6,27.68,nasa,0.52
2001-12-20,0.12,22.65,19.57,27.98,nasa,0.52
2001-12-21,0.11,22.06,18.21,27.11,nasa,0.51
2001-12-22,0.05,19.57,15.52,24.83,nasa,0.51
2001-12-23,0.0,18.27,15.12,24.24,nasa,0.51
2001-12-24,0.0,18.46,15.68,23.24,nasa,0.51
2001-12-25,0.04,19.73,15.22,25.75,nasa,0.51
2001-12-26,0.18,21.25,17.72,26.77,nasa,0.51
2001-12-27,0.25,21.53,18.73,26.48,nasa,0.51
2001-12-28,0.82,20.78,16.89,26.39,nasa,0.51
2001-12-29,0.56,18.35,14.69,23.49,nasa,0.51
2001-12-30,0.0,17.94,13.97,24.03,nasa,0.51
2001-12-31,0.0,19.07,13.13,27.24,nasa,0.5
2002-01-01,0.0,18.82,13.17,26.23,nasa,0.5
2002-01-02,0.0,18.81,15.81,23.8,nasa,0.5
2002-01-03,0.0,19.28,16.28,24.32,nasa,0.5
2002-01-04,0.0,20.84,16.6,27.69,nasa,0.5
2002-01-05,0.01,20.01,16.32,26.09,nasa,0.5
2002-01-06,0.0,20.02,15.59,26.91,nasa,0.5
2002-01-07,0.0,19.82,16.29,25.8,nasa,0.5
2002-01-08,0.0,19.1,15.54,25.06,nasa,0.5
2002-01-09,0.0,19.6,15.4,25.97,nasa,0.49
2002-01-10,0.0,20.57,15.6,27.91,nasa,0.49
2002-01-11,0.0,20.55,15.06,28.51,nasa,0.49
2002-01-12,0.0,20.93,15.27,28.78,nasa,0.49
2002-01-13,0.0,20.71,15.31,27.89,nasa,0.49
2002-01-14,0.0,21.88,15.69,29.43,nasa,0.49
2002-01-15,0.0,23.33,17.68,30.49,nasa,0.49
2002-01-16,0.0,23.64,18.52,30.45,nasa,0.49
2002-01-17,0.0,23.83,17.62,31.52,nasa,0.49
2002-01-18,0.0,24.24,18.24,31.56,nasa,0.48
2002-01-19,0.73,23.64,18.14,30.82,nasa,0.48
2002-01-20,0.01,23.77,19.73,30.34,nasa,0.48
2002-01-21,0.07,22.15,18.42,28.61,nasa,0.48
2002-01-22,0.21,20.9,17.3,26.85,nasa,0.48
2002-01-23,0.0,20.47,16.65,26.72,nasa,0.48
2002-01-24,0.0,20.91,15.74,28.21,nasa,0.48
2002-01-25,0.0,22.57,16.37,30.67,nasa,0.48
2002-01-26,0.0,22.95,16.62,30.81,nasa,0.48
2002-01-27,0.01,23.18,18.38,29.88,nasa,0.48
2002-01-28,0.05,22.54,18.44,28.95,nasa,0.48
2002-01-29,0.06,21.8,18.31,27.66,nasa,0.48
2002-01-30,0.1,20.48,16.56,26.02,nasa,0.48
2002-01-31,0.01,19.92,15.8,26.13,nasa,0.48
2002-02-01,0.0,20.63,15.54,27.85,nasa,0.48
2002-02-02,0.0,20.49,15.94,27.44,nasa,0.48
2002-02-03,0.0,21.11,15.29,29.14,nasa,0.48
2002-02-04,0.0,21.36,15.2,29.52,nasa,0.48
2002-02-05,0.0,21.09,15.4,28.64,nasa,0.48
2002-02-06,0.0,21.45,16.3,28.59,nasa,0.47
2002-02-07,0.0,21.91,14.88,30.48,nasa,0.47
2002-02-08,0.0,22.02,15.19,30.73,nasa,0.47
2002-02-09,0.0,21.87,14.2,31.25,nasa,0.47
2002-02-10,0.0,21.77,15.05,30.66,nasa,0.47
2002-02-11,0.02,21.28,16.75,28.19,nasa,0.47
2002-02-12,0.05,20.93,16.29,27.96,nasa,0.47
2002-02-13,0.0,21.24,15.37,29.35,nasa,0.47
2002-02-14,0.01,21.47,14.97,29.87,nasa,0.47
2002-02-15,1.15,21.89,17.71,28.61,nasa,0.47
2002-02-16,1.23,21.48,17.18,28.59,nasa,0.47
2002-02-17,0.0,21.58,16.35,29.22,nasa,0.47
2002-02-18,0.01,22.17,16.86,30.11,nasa,0.47
2002-02-19,0.02,22.49,16.74,30.57,nasa,0.47
2002-02-20,0.3,22.45,17.36,29.92,nasa,0.47
2002-02-21,0.19,23.36,18.54,30.82,nasa,0.47
2002-02-22,0.0,23.16,18.52,30.27,nasa,0.47
2002-02-23,0.0,23.52,16.47,32.48,nasa,0.47
2002-02-24,0.0,22.73,16.44,31.13,nasa,0.47
2002-02-25,0.0,22.91,17.51,30.52,nasa,0.47
2002-02-26,0.0,23.04,16.23,31.63,nasa,0.47
2002-02-27,0.0,24.51,16.79,33.62,nasa,0.47
2002-02-28,0.0,24.51,17.95,33.13,nasa,0.46
2002-03-01,0.0,23.52,16.82,32.42,nasa,0.46
2002-03-02,0.0,23.28,16.5,32.19,nasa,0.46
2002-03-03,0.0,22.75,16.86,31.36,nasa,0.46
2002-03-04,0.03,22.57,15.61,31.59,nasa,0.46
2002-03-05,0.0,24.0,17.43,32.65,nasa,0.46
2002-03-06,0.0,22.73,17.6,30.32,nasa,0.46
2002-03-07,0.01,21.98,17.51,28.94,nasa,0.46
2002-03-08,0.02,22.14,17.08,29.75,nasa,0.46
2002-03-09,0.06,22.81,17.39,30.53,nasa,0.46
2002-03-10,0.0,23.61,17.59,31.94,nasa,0.46
2002-03-11,0.0,24.19,18.4,32.39,nasa,0.46
2002-03-12,0.0,24.16,17.91,32.75,nasa,0.46
2002-03-13,0.0,24.91,16.67,34.44,nasa,0.46
2002-03-14,0.0,26.6,18.8,34.45,nasa,0.46
2002-03-15,0.0,28.62,20.92,37.0,nasa,0.46
2002-03-16,0.0,28.51,22.5,36.16,nasa,0.46
2002-03-17,0.0,26.72,20.41,35.16,nasa,0.46
2002-03-18,0.0,24.01,19.01,30.79,nasa,0.46
2002-03-19,0.0,24.6,19.57,32.19,nasa,0.46
2002-03-20,0.0,25.29,19.68,33.81,nasa,0.46
2002-03-21,0.0,26.72,19.52,35.21,nasa,0.46
2002-03-22,0.0,28.17,21.07,35.94,nasa,0.45
2002-03-23,0.0,28.66,23.02,36.0,nasa,0.45
2002-03-24,0.0,27.51,20.78,35.63,nasa,0.45
2002-03-25,0.0,26.74,22.51,32.98,nasa,0.45
2002-03-26,0.0,28.11,20.55,36.12,nasa,0.45
2002-03-27,0.0,28.82,22.42,36.29,nasa,0.45
2002-03-28,0.0,28.94,21.39,37.73,nasa,0.45
2002-03-29,0.0,28.45,20.51,37.51,nasa,0.45
2002-03-30,0.0,28.3,21.14,37.51,nasa,0.45
2002-03-31,0.0,26.53,19.04,35.85,nasa,0.45
2002-04-01,0.0,25.85,17.39,35.77,nasa,0.45
2002-04-02,0.0,26.41,17.6,36.35,nasa,0.45
2002-04-03,0.0,27.31,17.61,37.83,nasa,0.45
2002-04-04,0.0,27.75,20.18,36.73,nasa,0.45
2002-04-05,0.0,28.02,20.19,37.34,nasa,0.45
2002-04-06,0.0,27.42,18.15,37.1,nasa,0.45
2002-04-07,0.0,27.71,21.22,34.76,nasa,0.45
2002-04-08,0.01,27.45,22.7,33.48,nasa,0.45
2002-04-09,0.18,26.89,22.59,33.87,nasa,0.45
2002-04-10,0.0,28.0,22.01,34.75,nasa,0.45
2002-04-11,0.01,26.28,22.16,32.42,nasa,0.45
2002-04-12,0.73,25.39,20.96,32.39,nasa,0.45
2002-04-13,0.04,25.47,20.4,32.8,nasa,0.45
2002-04-14,0.0,26.87,19.61,35.1,nasa,0.45
2002-04-15,0.0,27.6,21.22,34.62,nasa,0.45
2002-04-16,0.0,28.32,23.23,35.01,nasa,0.45
2002-04-17,0.0,27.42,23.15,32.87,nasa,0.45
2002-04-18,0.02,27.85,21.49,35.43,nasa,0.45
2002-04-19,0.07,27.43,21.78,35.28,nasa,0.45
2002-04-20,0.03,27.83,20.68,36.35,nasa,0.45
2002-04-21,0.0,28.19,21.74,35.93,nasa,0.45
2002-04-22,0.0,28.7,22.27,36.47,nasa,0.45
2002-04-23,0.11,28.08,22.4,35.24,nasa,0.45
2002-04-24,2.46,25.87,21.94,31.58,nasa,0.45
2002-04-25,7.05,25.25,21.03,31.81,nasa,0.46
2002-04-26,0.28,26.02,19.83,34.01,nasa,0.46
2002-04-27,0.39,27.09,20.3,35.3,nasa,0.46
2002-04-28,0.0,27.71,21.07,35.76,nasa,0.46
2002-04-29,0.0,28.05,20.72,37.09,nasa,0.46
2002-04-30,0.0,27.67,20.19,35.92,nasa,0.46
2002-05-01,0.16,28.89,20.98,37.54,nasa,0.45
2002-05-02,2.45,27.22,21.25,34.88,nasa,0.45
2002-05-03,0.19,27.09,20.84,34.9,nasa,0.46
2002-05-04,0.63,27.06,21.24,34.41,nasa,0.45
2002-05-05,0.03,28.12,21.91,35.77,nasa,0.45
2002-05-06,0.08,28.22,22.81,35.76,nasa,0.45
2002-05-07,0.0,28.89,22.03,36.88,nasa,0.45
2002-05-08,0.01,27.87,23.38,33.39,nasa,0.45
2002-05-09,0.02,29.42,22.27,37.68,nasa,0.45
2002-05-10,2.19,28.99,23.3,37.18,nasa,0.45
2002-05-11,2.19,27.87,22.32,35.59,nasa,0.45
2002-05-12,1.48,26.41,23.03,32.08,nasa,0.46
2002-05-13,0.29,27.49,23.11,33.13,nasa,0.46
2002-05-14,0.02,27.51,22.77,32.58,nasa,0.46
2002-05-15,0.82,27.58,23.15,32.7,nasa,0.46
2002-05-16,3.95,26.69,22.61,30.98,nasa,0.46
2002-05-17,0.04,28.57,22.31,35.7,nasa,0.46
2002-05-18,0.05,28.12,23.15,33.84,nasa,0.46
2002-05-19,0.0,27.92,23.08,33.99,nasa,0.46
2002-05-20,0.07,28.62,23.22,34.85,nasa,0.46
2002-05-21,1.64,26.96,23.06,31.72,nasa,0.45
2002-05-22,0.0,28.28,22.97,34.15,nasa,0.46
2002-05-23,0.15,27.52,23.96,32.18,nasa,0.45
2002-05-24,1.98,26.43,23.07,31.28,nasa,0.45
2002-05-25,1.3,26.44,22.18,32.71,nasa,0.46
2002-05-26,1.03,25.78,22.49,30.51,nasa,0.46
2002-05-27,2.19,25.27,20.91,31.26,nasa,0.46
2002-05-28,0.56,25.82,21.77,31.29,nasa,0.46
2002-05-29,0.02,27.13,22.06,33.0,nasa,0.46
2002-05-30,0.14,27.32,22.5,33.05,nasa,0.46
2002-05-31,0.0,28.53,22.84,35.05,nasa,0.45
2002-06-01,0.01,28.58,23.17,34.43,nasa,0.45
2002-06-02,0.17,28.03,23.8,33.42,nasa,0.45
2002-06-03,8.86,26.94,23.05,32.43,nasa,0.45
2002-06-04,21.96,24.2,21.76,28.62,nasa,0.49
2002-06-05,0.36,25.76,21.55,31.3,nasa,0.51
2002-06-06,0.1,26.08,22.57,30.75,nasa,0.5
2002-06-07,0.55,26.47,22.11,31.46,nasa,0.49
2002-06-08,0.44,26.9,22.58,32.32,nasa,0.49
2002-06-09,1.84,26.77,22.81,31.98,nasa,0.48
2002-06-10,0.1,26.86,22.55,32.06,nasa,0.48
2002-06-11,0.63,26.33,22.36,31.5,nasa,0.48
2002-06-12,0.51,26.65,21.86,32.29,nasa,0.48
2002-06-13,0.35,27.22,21.7,33.88,nasa,0.47
2002-06-14,0.56,26.65,22.51,32.63,nasa,0.47
2002-06-15,1.72,25.36,21.63,31.09,nasa,0.47
2002-06-16,3.95,24.74,22.26,29.06,nasa,0.47
2002-06-17,7.7,24.52,22.1,28.62,nasa,0.48
2002-06-18,0.34,24.74,21.93,28.31,nasa,0.49
2002-06-19,3.44,24.66,21.65,28.99,nasa,0.48
2002-06-20,4.03,24.2,21.76,28.15,nasa,0.49
2002-06-21,1.65,24.0,20.08,29.08,nasa,0.49
2002-06-22,1.83,24.76,21.19,29.7,nasa,0.49
2002-06-23,1.83,24.03,21.76,27.43,nasa,0.48
2002-06-24,0.0,25.9,21.18,31.65,nasa,0.48
2002-06-25,0.03,26.32,22.05,31.31,nasa,0.48
2002-06-26,0.02,26.36,22.69,30.81,nasa,0.47
2002-06-27,0.1,26.93,21.95,32.19,nasa,0.47
2002-06-28,0.01,26.78,22.82,31.52,nasa,0.47
2002-06-29,0.05,27.51,22.83,33.48,nasa,0.47
2002-06-30,0.06,27.51,22.87,32.92,nasa,0.47
2002-07-01,0.1,27.24,23.29,32.71,nasa,0.46
2002-07-02,0.22,26.06,23.7,29.96,nasa,0.46
2002-07-03,0.15,25.71,22.51,29.78,nasa,0.46
2002-07-04,0.24,26.17,22.84,31.19,nasa,0.46
2002-07-05,1.2,26.08,22.23,31.83,nasa,0.46
2002-07-06,2.35,25.61,21.4,30.38,nasa,0.46
2002-07-07,1.48,25.85,22.68,30.76,nasa,0.46
2002-07-08,0.89,26.4,22.74,31.06,nasa,0.46
2002-07-09,0.6,26.16,22.79,30.83,nasa,0.46
2002-07-10,2.59,25.9,22.42,30.79,nasa,0.46
2002-07-11,0.1,27.13,22.67,32.81,nasa,0.46
2002-07-12,0.15,27.07,22.97,32.81,nasa,0.46
2002-07-13,0.24,27.25,23.1,32.69,nasa,0.46
2002-07-14,1.34,25.91,22.35,29.97,nasa,0.46
2002-07-15,1.23,25.61,22.93,30.37,nasa,0.46
2002-07-16,1.42,25.51,21.64,30.73,nasa,0.46
2002-07-17,0.01,27.07,21.46,33.86,nasa,0.46
2002-07-18,0.0,27.8,22.01,34.73,nasa,0.46
2002-07-19,0.0,27.18,23.24,32.07,nasa,0.46
2002-07-20,0.0,26.16,23.25,30.15,nasa,0.46
2002-07-21,0.0,26.74,22.01,32.89,nasa,0.45
2002-07-22,0.01,27.5,21.28,34.35,nasa,0.45
2002-07-23,0.19,27.24,22.15,32.61,nasa,0.45
2002-07-24,0.09,27.6,22.75,33.89,nasa,0.45
2002-07-25,0.0,26.94,22.73,31.73,nasa,0.45
2002-07-26,0.27,26.41,22.91,30.53,nasa,0.45
2002-07-27,3.1,25.17,22.56,29.31,nasa,0.45
2002-07-28,2.76,23.87,21.34,28.63,nasa,0.46
2002-07-29,0.06,25.69,20.84,31.45,nasa,0.46
2002-07-30,0.0,26.46,22.1,31.97,nasa,0.46
2002-07-31,0.0,27.69,21.28,34.51,nasa,0.46
2002-08-01,0.07,27.61,22.92,32.87,nasa,0.45
2002-08-02,0.6,26.4,23.09,31.26,nasa,0.45
2002-08-03,0.11,26.39,22.96,30.73,nasa,0.45
2002-08-04,0.59,25.64,22.75,29.91,nasa,0.45
2002-08-05,1.15,25.06,22.1,29.63,nasa,0.45
2002-08-06,1.99,25.19,20.96,31.15,nasa,0.45
2002-08-07,0.05,25.48,22.17,30.94,nasa,0.46
2002-08-08,0.0,25.96,22.11,31.0,nasa,0.45
2002-08-09,0.0,25.59,22.6,29.74,nasa,0.45
2002-08-10,0.02,26.17,22.09,31.16,nasa,0.45
2002-08-11,0.7,26.27,21.94,31.51,nasa,0.45
2002-08-12,5.56,23.34,21.01,25.62,nasa,0.46
2002-08-13,3.1,23.11,20.96,26.52,nasa,0.46
2002-08-14,2.13,22.74,20.88,26.28,nasa,0.47
2002-08-15,13.17,22.07,20.15,25.21,nasa,0.48
2002-08-16,4.06,21.65,19.35,25.03,nasa,0.49
2002-08-17,3.17,22.08,19.94,25.19,nasa,0.49
2002-08-18,2.17,23.08,20.75,26.49,nasa,0.49
2002-08-19,3.06,22.59,20.65,25.24,nasa,0.49
2002-08-20,0.43,23.64,20.74,27.36,nasa,0.49
2002-08-21,1.19,24.27,20.64,29.36,nasa,0.48
2002-08-22,2.31,25.31,21.0,30.6,nasa,0.48
2002-08-23,8.71,24.41,21.64,27.82,nasa,0.49
2002-08-24,1.19,24.81,21.96,29.44,nasa,0.5
2002-08-25,0.0,24.87,22.02,28.55,nasa,0.49
2002-08-26,0.04,25.86,21.52,30.66,nasa,0.49
2002-08-27,0.27,26.58,21.52,32.81,nasa,0.48
2002-08-28,0.56,26.4,22.07,32.17,nasa,0.48
2002-08-29,1.71,23.89,22.05,26.15,nasa,0.48
2002-08-30,1.89,24.48,21.63,28.87,nasa,0.48
2002-08-31,0.15,25.14,21.07,29.93,nasa,0.48
2002-09-01,1.12,25.26,21.84,30.21,nasa,0.48
2002-09-02,4.4,25.1,22.03,30.23,nasa,0.48
2002-09-03,8.3,24.24,21.72,28.72,nasa,0.49
2002-09-04,3.65,24.35,21.73,28.99,nasa,0.5
2002-09-05,4.3,24.03,21.26,28.38,nasa,0.5
2002-09-06,1.25,24.4,21.5,28.82,nasa,0.5
2002-09-07,1.24,24.76,21.16,29.81,nasa,0.49
2002-09-08,3.37,24.2,21.73,28.21,nasa,0.49
2002-09-09,5.2,23.73,21.27,28.59,nasa,0.5
2002-09-10,7.15,23.61,21.05,28.36,nasa,0.5
2002-09-11,5.97,23.88,20.47,29.42,nasa,0.51
2002-09-12,0.47,24.62,20.24,30.53,nasa,0.51
2002-09-13,0.88,25.0,21.2,30.01,nasa,0.5
2002-09-14,1.32,25.23,21.61,29.98,nasa,0.49
2002-09-15,1.24,24.79,21.7,29.02,nasa,0.49
2002-09-16,0.08,25.1,21.99,29.72,nasa,0.49
2002-09-17,1.05,24.18,21.11,29.07,nasa,0.48
2002-09-18,3.25,24.03,20.22,30.07,nasa,0.48
2002-09-19,4.46,23.59,20.13,29.36,nasa,0.49
2002-09-20,9.26,23.75,20.98,28.49,nasa,0.49
2002-09-21,17.36,23.21,21.37,26.12,nasa,0.52
2002-09-22,10.47,23.47,21.45,26.95,nasa,0.53
2002-09-23,9.18,24.13,20.3,29.54,nasa,0.55
2002-09-24,0.9,23.35,21.5,26.74,nasa,0.55
2002-09-25,0.23,23.69,21.21,27.73,nasa,0.54
2002-09-26,0.31,24.9,20.19,30.88,nasa,0.53
2002-09-27,0.08,26.1,20.58,33.23,nasa,0.52
2002-09-28,0.3,25.16,20.77,31.07,nasa,0.51
2002-09-29,0.37,24.0,19.88,29.46,nasa,0.5
2002-09-30,0.57,24.19,18.82,30.23,nasa,0.5
2002-10-01,0.34,23.97,20.25,29.02,nasa,0.49
2002-10-02,0.89,23.84,20.14,29.21,nasa,0.49
2002-10-03,6.44,23.09,20.8,27.28,nasa,0.49
2002-10-04,6.45,24.48,20.04,30.57,nasa,0.5
2002-10-05,0.08,24.88,21.12,30.07,nasa,0.51
2002-10-06,0.19,24.94,20.91,29.81,nasa,0.5
2002-10-07,3.66,24.6,20.75,30.1,nasa,0.5
2002-10-08,4.37,23.09,19.32,28.78,nasa,0.5
2002-10-09,0.48,23.52,19.7,29.42,nasa,0.5
2002-10-10,2.57,22.62,18.8,28.33,nasa,0.5
2002-10-11,1.59,23.3,19.1,30.02,nasa,0.5
2002-10-12,1.4,24.45,18.05,31.97,nasa,0.49
2002-10-13,5.93,23.15,20.47,27.29,nasa,0.5
2002-10-14,1.42,24.65,20.63,30.69,nasa,0.5
2002-10-15,0.39,24.39,21.02,28.85,nasa,0.5
2002-10-16,1.66,24.19,20.94,28.69,nasa,0.5
2002-10-17,0.36,26.37,21.28,33.11,nasa,0.49
2002-10-18,0.02,26.11,21.91,31.6,nasa,0.49
2002-10-19,0.01,26.83,21.78,33.46,nasa,0.49
2002-10-20,0.1,27.32,21.93,33.87,nasa,0.48
2002-10-21,1.44,27.03,21.65,33.9,nasa,0.48
2002-10-22,1.04,25.93,20.97,32.41,nasa,0.48
2002-10-23,0.39,25.63,20.61,33.22,nasa,0.48
2002-10-24,7.04,23.18,20.25,28.72,nasa,0.48
2002-10-25,13.74,23.1,20.25,26.19,nasa,0.5
2002-10-26,3.56,23.11,20.0,28.06,nasa,0.51
2002-10-27,0.07,24.65,19.12,31.77,nasa,0.51
2002-10-28,0.59,24.89,19.81,31.47,nasa,0.5
2002-10-29,0.63,25.19,20.59,31.49,nasa,0.5
2002-10-30,0.82,24.24,18.9,30.83,nasa,0.49
2002-10-31,0.25,24.48,20.64,29.67,nasa,0.49
2002-11-01,1.69,23.81,20.44,28.31,nasa,0.49
2002-11-02,1.45,23.93,21.45,27.93,nasa,0.49
2002-11-03,14.79,22.75,20.03,26.64,nasa,0.5
2002-11-04,7.06,20.64,18.62,23.31,nasa,0.52
2002-11-05,1.89,22.51,19.47,27.61,nasa,0.52
2002-11-06,12.31,22.62,20.11,27.12,nasa,0.52
2002-11-07,8.33,22.94,20.47,26.83,nasa,0.54
2002-11-08,11.7,22.87,20.73,26.73,nasa,0.54
2002-11-09,2.32,23.2,20.53,27.63,nasa,0.55
2002-11-10,2.88,23.29,21.05,27.5,nasa,0.54
2002-11-11,3.68,23.21,21.15,26.98,nasa,0.54
2002-11-12,0.44,24.04,20.24,29.97,nasa,0.53
2002-11-13,0.35,24.42,21.22,29.35,nasa,0.52
2002-11-14,0.57,24.95,19.9,31.56,nasa,0.52
2002-11-15,0.04,25.98,21.19,32.95,nasa,0.51
2002-11-16,0.55,25.18,20.22,32.22,nasa,0.51
2002-11-17,1.02,24.57,21.41,30.06,nasa,0.5
2002-11-18,1.32,24.78,21.32,30.43,nasa,0.5
2002-11-19,0.68,24.95,21.73,30.2,nasa,0.5
2002-11-20,1.51,24.33,20.85,29.93,nasa,0.5
2002-11-21,9.17,23.12,20.12,28.89,nasa,0.5
2002-11-22,10.72,22.47,19.93,27.22,nasa,0.52
2002-11-23,1.9,23.44,19.59,29.87,nasa,0.52
2002-11-24,1.83,22.78,19.29,28.88,nasa,0.52
2002-11-25,0.12,22.39,19.2,27.85,nasa,0.51
2002-11-26,0.15,22.11,18.61,27.68,nasa,0.51
2002-11-27,0.88,22.16,17.91,28.11,nasa,0.5
2002-11-28,2.04,22.38,19.37,26.15,nasa,0.5
2002-11-29,3.74,22.44,20.11,26.65,nasa,0.51
2002-11-30,0.95,22.74,19.14,28.11,nasa,0.51
2002-12-01,0.17,23.85,19.52,29.85,nasa,0.51
2002-12-02,0.0,24.16,19.27,30.75,nasa,0.5
2002-12-03,0.04,24.07,18.79,30.96,nasa,0.5
2002-12-04,1.14,23.99,21.09,28.94,nasa,0.5
2002-12-05,2.05,23.89,20.21,29.94,nasa,0.5
2002-12-06,0.84,24.61,19.9,31.35,nasa,0.49
2002-12-07,0.0,24.47,19.64,31.31,nasa,0.49
2002-12-08,0.04,23.96,19.63,30.14,nasa,0.49
2002-12-09,0.81,22.97,19.85,28.35,nasa,0.49
2002-12-10,1.02,22.63,19.63,28.27,nasa,0.49
2002-12-11,0.47,23.13,19.11,29.48,nasa,0.49
2002-12-12,0.4,22.65,19.61,28.09,nasa,0.48
2002-12-13,2.98,22.48,19.43,28.32,nasa,0.49
2002-12-14,1.99,22.99,19.61,28.92,nasa,0.49
2002-12-15,3.04,23.29,19.69,29.18,nasa,0.49
2002-12-16,2.13,23.93,20.4,29.83,nasa,0.49
2002-12-17,0.15,24.37,20.68,30.25,nasa,0.49
2002-12-18,0.05,24.86,20.36,31.32,nasa,0.49
2002-12-19,0.01,25.04,20.59,31.65,nasa,0.49
2002-12-20,0.06,25.81,20.18,33.01,nasa,0.48
2002-12-21,1.3,25.26,20.61,31.36,nasa,0.48
2002-12-22,0.01,24.62,20.19,30.73,nasa,0.48
2002-12-23,0.24,24.15,20.23,29.99,nasa,0.48
2002-12-24,2.12,23.72,20.21,29.59,nasa,0.48
2002-12-25,2.14,23.25,19.5,29.19,nasa,0.48
2002-12-26,4.62,23.53,20.36,29.51,nasa,0.48
2002-12-27,0.6,21.52,16.73,25.61,nasa,0.49
2002-12-28,3.5,20.34,16.09,26.37,nasa,0.49
2002-12-29,2.37,21.5,18.01,28.06,nasa,0.49
2002-12-30,4.55,21.67,18.08,27.92,nasa,0.49
2002-12-31,0.01,22.19,18.6,28.39,nasa,0.49
2003-01-01,0.09,21.39,18.35,26.54,nasa,0.49
2003-01-02,0.03,21.85,17.91,28.46,nasa,0.49
2003-01-03,0.1,21.22,17.52,27.17,nasa,0.48
2003-01-04,0.48,21.3,17.92,27.43,nasa,0.48
2003-01-05,0.32,21.3,17.45,27.07,nasa,0.48
2003-01-06,0.07,23.16,17.47,30.97,nasa,0.48
2003-01-07,0.0,20.27,15.54,26.97,nasa,0.48
2003-01-08,0.0,18.75,14.0,26.57,nasa,0.48
2003-01-09,0.0,19.1,13.18,27.15,nasa,0.48
2003-01-10,0.0,19.26,15.12,26.16,nasa,0.47
2003-01-11,0.0,18.89,13.98,26.28,nasa,0.47
2003-01-12,0.0,17.65,13.95,23.67,nasa,0.47
2003-01-13,0.0,20.12,14.16,27.98,nasa,0.47
2003-01-14,0.0,21.23,15.93,28.59,nasa,0.47
2003-01-15,0.14,20.86,16.41,27.72,nasa,0.47
2003-01-16,2.64,20.27,15.76,27.03,nasa,0.47
2003-01-17,0.01,21.83,17.07,28.74,nasa,0.47
2003-01-18,0.0,21.71,17.14,28.47,nasa,0.47
2003-01-19,0.0,20.88,16.61,27.99,nasa,0.47
2003-01-20,0.0,21.41,15.24,29.44,nasa,0.47
2003-01-21,0.0,21.92,15.57,30.49,nasa,0.47
2003-01-22,0.0,22.86,15.98,30.85,nasa,0.47
2003-01-23,0.0,23.42,17.57,30.73,nasa,0.47
2003-01-24,0.0,23.67,18.12,31.75,nasa,0.46
2003-01-25,0.0,23.89,17.97,31.89,nasa,0.46
2003-01-26,0.0,24.0,17.66,32.79,nasa,0.46
2003-01-27,0.0,22.71,15.93,31.06,nasa,0.46
2003-01-28,0.07,21.86,17.69,28.7,nasa,0.46
2003-01-29,0.0,20.9,17.21,27.28,nasa,0.46
2003-01-30,0.0,22.14,16.46,30.32,nasa,0.46
2003-01-31,0.02,23.96,17.94,31.87,nasa,0.46
2003-02-01,0.31,23.98,19.43,31.27,nasa,0.46
2003-02-02,0.0,21.77,16.98,28.4,nasa,0.46
2003-02-03,0.0,20.99,16.97,27.57,nasa,0.46
2003-02-04,0.02,20.72,16.77,27.43,nasa,0.46
2003-02-05,0.04,19.76,15.74,26.21,nasa,0.46
2003-02-06,0.01,19.64,15.28,26.58,nasa,0.46
2003-02-07,0.01,22.31,15.39,31.11,nasa,0.46
2003-02-08,0.0,23.99,17.46,32.41,nasa,0.46
2003-02-09,0.03,24.77,19.04,32.41,nasa,0.46
2003-02-10,0.14,24.95,19.87,31.99,nasa,0.46
2003-02-11,0.0,24.67,20.21,32.12,nasa,0.46
2003-02-12,0.02,23.63,19.63,30.16,nasa,0.46
2003-02-13,0.15,24.14,19.88,30.54,nasa,0.46
2003-02-14,0.07,24.66,20.42,31.55,nasa,0.46
2003-02-15,0.0,24.94,19.13,32.68,nasa,0.46
2003-02-16,0.0,24.87,18.65,33.67,nasa,0.46
2003-02-17,0.0,24.16,17.05,32.98,nasa,0.46
2003-02-18,0.0,24.75,19.06,33.21,nasa,0.46
2003-02-19,0.0,24.24,17.45,33.38,nasa,0.46
2003-02-20,0.0,23.38,17.9,30.98,nasa,0.45
2003-02-21,0.0,24.35,18.71,31.76,nasa,0.45
2003-02-22,0.0,24.3,18.75,32.82,nasa,0.45
2003-02-23,0.0,24.31,16.62,33.53,nasa,0.45
2003-02-24,0.0,24.49,16.38,33.84,nasa,0.45
2003-02-25,0.0,24.33,17.6,33.2,nasa,0.45
2003-02-26,0.0,24.18,18.28,32.65,nasa,0.45
2003-02-27,0.0,24.02,17.62,32.71,nasa,0.45
2003-02-28,0.0,24.67,18.76,33.09,nasa,0.45
2003-03-01,0.0,25.19,18.12,34.1,nasa,0.45
2003-03-02,0.0,25.99,17.67,35.18,nasa,0.45
2003-03-03,0.0,27.82,21.28,35.68,nasa,0.45
2003-03-04,0.0,28.69,22.33,36.3,nasa,0.45
2003-03-05,0.0,28.31,23.36,34.77,nasa,0.45
2003-03-06,0.0,28.19,22.67,35.51,nasa,0.45
2003-03-07,0.0,27.52,21.86,35.6,nasa,0.45
2003-03-08,0.0,24.59,20.3,31.37,nasa,0.45
2003-03-09,0.0,24.66,20.21,31.76,nasa,0.45
2003-03-10,0.0,24.37,19.59,31.39,nasa,0.45
2003-03-11,0.03,24.25,20.27,31.21,nasa,0.45
2003-03-12,0.89,24.0,19.68,30.76,nasa,0.45
2003-03-13,0.04,23.27,18.81,30.56,nasa,0.45
2003-03-14,0.25,23.92,18.51,32.15,nasa,0.45
2003-03-15,0.0,24.7,16.46,33.52,nasa,0.45
2003-03-16,0.0,26.19,19.08,34.15,nasa,0.45
2003-03-17,0.0,26.84,18.64,35.59,nasa,0.45
2003-03-18,0.0,26.89,19.71,34.96,nasa,0.45
2003-03-19,0.01,26.66,20.03,34.86,nasa,0.45
2003-03-20,0.02,26.32,20.82,34.62,nasa,0.45
2003-03-21,0.0,25.03,19.26,33.06,nasa,0.45
2003-03-22,0.03,24.53,20.78,29.93,nasa,0.45
2003-03-23,0.01,24.87,20.64,30.96,nasa,0.45
2003-03-24,0.08,25.2,20.37,31.99,nasa,0.45
2003-03-25,0.24,25.21,21.07,31.35,nasa,0.45
2003-03-26,0.0,25.84,20.29,33.58,nasa,0.45
2003-03-27,0.0,26.62,20.02,35.15,nasa,0.45
2003-03-28,0.0,27.33,20.8,35.81,nasa,0.45
2003-03-29,0.0,26.42,20.0,34.94,nasa,0.45
2003-03-30,0.0,27.36,20.88,34.59,nasa,0.45
2003-03-31,0.0,28.15,21.93,35.17,nasa,0.45
2003-04-01,0.0,27.61,22.84,34.89,nasa,0.45
2003-04-02,0.12,26.86,23.11,32.01,nasa,0.45
2003-04-03,0.0,29.28,22.14,38.39,nasa,0.45
2003-04-04,0.0,28.33,23.14,35.3,nasa,0.45
2003-04-05,0.0,29.21,23.69,36.24,nasa,0.45
2003-04-06,0.0,28.3,22.15,36.56,nasa,0.45
2003-04-07,0.0,29.65,21.47,38.59,nasa,0.45
2003-04-08,0.0,30.22,24.67,37.89,nasa,0.45
2003-04-09,0.0,29.13,22.78,37.51,nasa,0.45
2003-04-10,0.0,28.11,20.24,37.61,nasa,0.45
2003-04-11,0.0,28.46,19.24,38.51,nasa,0.45
2003-04-12,0.0,29.33,21.14,37.81,nasa,0.44
2003-04-13,0.0,30.19,23.5,37.38,nasa,0.44
2003-04-14,0.0,30.09,24.58,36.93,nasa,0.44
2003-04-15,0.0,27.22,21.24,34.48,nasa,0.44
2003-04-16,0.0,26.98,18.81,35.77,nasa,0.44
2003-04-17,0.0,28.22,20.81,36.71,nasa,0.44
2003-04-18,0.0,28.75,21.53,37.05,nasa,0.44
2003-04-19,0.46,29.12,21.46,37.2,nasa,0.44
2003-04-20,1.08,28.0,22.57,33.76,nasa,0.45
2003-04-21,0.07,28.37,22.94,36.03,nasa,0.45
2003-04-22,0.02,27.55,20.96,36.1,nasa,0.45
2003-04-23,0.0,27.7,20.27,36.3,nasa,0.45
2003-04-24,0.0,28.87,21.88,36.39,nasa,0.45
2003-04-25,0.0,26.8,23.48,31.15,nasa,0.45
2003-04-26,0.0,28.45,22.52,36.07,nasa,0.45
2003-04-27,0.0,27.55,22.86,34.98,nasa,0.45
2003-04-28,0.0,27.33,21.76,34.35,nasa,0.45
2003-04-29,0.01,27.4,20.61,35.01,nasa,0.45
2003-04-30,0.09,27.17,21.51,34.42,nasa,0.45
2003-05-01,0.58,26.91,21.54,34.54,nasa,0.45
2003-05-02,0.01,27.8,22.07,34.19,nasa,0.45
2003-05-03,0.62,25.97,22.98,29.89,nasa,0.45
2003-05-04,1.74,26.73,21.84,32.66,nasa,0.45
2003-05-05,0.48,28.32,22.53,35.08,nasa,0.45
2003-05-06,2.92,28.18,22.25,34.66,nasa,0.45
2003-05-07,1.02,27.45,24.18,31.36,nasa,0.45
2003-05-08,0.01,28.56,23.91,34.82,nasa,0.45
2003-05-09,1.37,27.38,22.08,34.0,nasa,0.45
2003-05-10,2.67,26.39,22.06,31.89,nasa,0.45
2003-05-11,2.75,25.66,22.52,30.85,nasa,0.46
2003-05-12,6.21,25.9,22.18,31.75,nasa,0.46
2003-05-13,7.27,25.1,22.23,30.4,nasa,0.47
2003-05-14,7.96,25.31,20.82,32.22,nasa,0.49
2003-05-15,1.32,26.45,21.4,32.67,nasa,0.49
2003-05-16,0.36,26.16,22.34,31.17,nasa,0.48
2003-05-17,0.22,26.52,22.9,31.31,nasa,0.48
2003-05-18,0.02,26.28,22.4,31.26,nasa,0.48
2003-05-19,1.92,26.55,23.53,31.31,nasa,0.47
2003-05-20,10.59,24.39,21.94,27.8,nasa,0.48
2003-05-21,2.41,24.13,21.46,28.32,nasa,0.49
2003-05-22,2.07,24.08,21.42,27.77,nasa,0.49
2003-05-23,2.89,25.13,21.51,30.59,nasa,0.49
2003-05-24,4.26,25.21,21.97,29.99,nasa,0.49
2003-05-25,5.33,24.86,22.27,29.0,nasa,0.49
2003-05-26,3.9,24.93,21.33,29.97,nasa,0.5
2003-05-27,3.11,25.15,22.42,29.17,nasa,0.49
2003-05-28,5.56,24.84,20.83,30.08,nasa,0.49
2003-05-29,1.58,25.1,20.82,30.24,nasa,0.49
2003-05-30,2.0,24.17,21.61,27.63,nasa,0.49
2003-05-31,4.53,24.16,20.51,28.78,nasa,0.49
2003-06-01,5.8,23.82,21.11,27.46,nasa,0.49
2003-06-02,16.74,23.86,20.87,28.25,nasa,0.51
2003-06-03,5.37,24.47,21.59,28.95,nasa,0.53
2003-06-04,1.73,25.44,21.48,30.92,nasa,0.52
2003-06-05,0.9,25.93,22.09,30.7,nasa,0.51
2003-06-06,0.0,26.15,22.6,31.4,nasa,0.51
2003-06-07,0.0,26.69,22.05,32.89,nasa,0.5
2003-06-08,0.0,27.18,21.66,33.89,nasa,0.49
2003-06-09,0.0,27.69,22.22,34.23,nasa,0.48
2003-06-10,0.0,27.22,23.05,32.76,nasa,0.48
2003-06-11,0.0,27.7,22.76,33.68,nasa,0.48
2003-06-12,0.09,27.99,22.75,34.76,nasa,0.47
2003-06-13,1.18,26.39,23.46,30.7,nasa,0.47
2003-06-14,0.28,26.98,22.65,32.61,nasa,0.47
2003-06-15,2.07,26.29,23.19,30.79,nasa,0.47
2003-06-16,0.68,25.33,22.45,29.3,nasa,0.47
2003-06-17,0.78,26.31,21.52,32.42,nasa,0.47
2003-06-18,1.04,25.48,22.19,30.04,nasa,0.47
2003-06-19,0.13,25.88,22.12,30.66,nasa,0.47
2003-06-20,0.01,26.04,22.47,31.66,nasa,0.47
2003-06-21,0.01,26.17,22.55,31.31,nasa,0.47
2003-06-22,0.02,26.2,22.7,31.85,nasa,0.46
2003-06-23,0.1,27.33,21.29,34.77,nasa,0.46
2003-06-24,1.16,25.77,22.43,31.41,nasa,0.46
2003-06-25,1.04,26.9,21.74,33.6,nasa,0.46
2003-06-26,0.26,26.5,22.82,31.13,nasa,0.46
2003-06-27,0.05,25.47,22.98,29.84,nasa,0.46
2003-06-28,0.51,25.81,21.63,31.23,nasa,0.46
2003-06-29,0.13,25.25,22.38,30.52,nasa,0.46
2003-06-30,1.31,25.8,21.68,31.66,nasa,0.46
2003-07-01,0.81,25.71,21.0,32.3,nasa,0.46
2003-07-02,1.3,26.31,20.93,33.03,nasa,0.46
2003-07-03,0.03,26.43,21.64,32.44,nasa,0.46
2003-07-04,1.88,25.09,20.82,30.68,nasa,0.46
2003-07-05,4.64,23.69,20.05,29.2,nasa,0.46
2003-07-06,3.26,24.81,20.39,30.61,nasa,0.47
2003-07-07,0.11,26.45,20.05,33.71,nasa,0.47
2003-07-08,1.05,25.73,21.73,30.36,nasa,0.47
2003-07-09,0.47,24.64,21.82,27.84,nasa,0.47
2003-07-10,1.53,25.95,21.3,31.5,nasa,0.47
2003-07-11,0.49,25.5,22.5,29.26,nasa,0.47
2003-07-12,0.04,25.77,22.19,30.06,nasa,0.47
2003-07-13,0.22,26.67,22.03,32.12,nasa,0.47
2003-07-14,0.03,26.94,22.23,33.29,nasa,0.46
2003-07-15,0.01,27.68,22.29,34.26,nasa,0.46
2003-07-16,0.28,28.08,22.2,35.08,nasa,0.46
2003-07-17,1.22,27.57,22.1,33.91,nasa,0.46
2003-07-18,0.7,28.18,22.85,35.14,nasa,0.46
2003-07-19,2.22,26.69,22.89,31.51,nasa,0.46
2003-07-20,1.04,26.37,22.74,31.63,nasa,0.46
2003-07-21,5.93,24.51,22.36,28.65,nasa,0.47
2003-07-22,1.53,24.8,22.77,28.52,nasa,0.47
2003-07-23,2.75,24.37,22.04,28.23,nasa,0.47
2003-07-24,0.89,24.81,22.3,29.56,nasa,0.47
2003-07-25,0.48,25.82,21.22,31.59,nasa,0.47
2003-07-26,0.59,25.92,22.42,30.63,nasa,0.47
2003-07-27,2.38,25.77,22.21,31.71,nasa,0.47
2003-07-28,3.08,25.1,22.19,29.5,nasa,0.47
2003-07-29,5.05,25.16,21.72,30.87,nasa,0.48
2003-07-30,0.57,25.67,21.44,30.88,nasa,0.48
2003-07-31,0.0,26.86,21.5,33.25,nasa,0.47
2003-08-01,1.5,26.95,22.69,32.64,nasa,0.47
2003-08-02,11.24,24.17,22.69,26.77,nasa,0.48
2003-08-03,1.14,24.46,22.58,27.58,nasa,0.49
2003-08-04,2.59,24.82,21.16,30.06,nasa,0.49
2003-08-05,0.19,25.08,21.63,29.65,nasa,0.49
2003-08-06,0.15,25.83,22.73,30.29,nasa,0.48
2003-08-07,1.02,24.99,22.44,28.27,nasa,0.48
2003-08-08,0.01,25.42,21.83,29.43,nasa,0.48
2003-08-09,0.01,26.33,22.46,31.03,nasa,0.48
2003-08-10,0.03,26.75,22.94,31.38,nasa,0.47
2003-08-11,0.05,26.58,23.6,30.88,nasa,0.47
2003-08-12,0.22,26.65,22.71,32.13,nasa,0.47
2003-08-13,0.05,27.85,22.54,34.61,nasa,0.47
2003-08-14,0.13,27.88,22.42,34.89,nasa,0.46
2003-08-15,0.87,27.9,23.51,33.55,nasa,0.46
2003-08-16,2.41,26.66,23.05,31.91,nasa,0.46
2003-08-17,2.31,25.56,22.52,30.56,nasa,0.47
2003-08-18,3.94,24.43,21.5,29.63,nasa,0.47
2003-08-19,2.16,24.67,21.25,30.39,nasa,0.47
2003-08-20,1.03,24.18,20.88,28.69,nasa,0.47
2003-08-21,2.46,24.61,21.08,29.74,nasa,0.47
2003-08-22,0.55,25.37,21.0,31.3,nasa,0.47
2003-08-23,0.37,25.3,21.97,30.31,nasa,0.47
2003-08-24,0.54,24.77,21.45,29.06,nasa,0.47
2003-08-25,0.52,25.31,20.92,30.89,nasa,0.47
2003-08-26,0.0,26.7,21.73,33.34,nasa,0.47
2003-08-27,0.14,27.53,21.49,34.71,nasa,0.46
2003-08-28,0.82,27.28,22.91,33.25,nasa,0.46
2003-08-29,0.7,26.32,21.76,32.25,nasa,0.46
2003-08-30,0.69,25.7,21.92,31.09,nasa,0.46
2003-08-31,0.12,26.47,21.85,32.77,nasa,0.46
2003-09-01,0.05,26.54,21.85,32.09,nasa,0.46
2003-09-02,0.23,25.6,22.34,30.01,nasa,0.46
2003-09-03,0.4,25.43,22.65,29.66,nasa,0.46
2003-09-04,0.02,25.68,22.21,30.06,nasa,0.46
2003-09-05,0.24,25.64,21.72,30.35,nasa,0.46
2003-09-06,0.91,26.12,21.8,32.17,nasa,0.46
2003-09-07,1.44,25.3,21.71,30.19,nasa,0.46
2003-09-08,3.52,24.5,21.86,29.2,nasa,0.46
2003-09-09,0.15,25.17,22.67,29.55,nasa,0.46
2003-09-10,0.04,25.32,22.12,29.98,nasa,0.46
2003-09-11,0.54,24.78,21.57,28.11,nasa,0.46
2003-09-12,1.78,23.92,21.32,28.5,nasa,0.46
2003-09-13,3.46,24.6,21.2,29.66,nasa,0.46
2003-09-14,3.53,24.55,21.09,29.92,nasa,0.47
2003-09-15,0.5,25.66,20.5,32.03,nasa,0.47
2003-09-16,0.01,26.42,22.09,32.09,nasa,0.47
2003-09-17,0.41,26.48,22.44,31.42,nasa,0.47
2003-09-18,3.97,24.56,22.05,28.17,nasa,0.47
2003-09-19,0.53,25.71,20.85,32.38,nasa,0.47
2003-09-20,0.53,25.62,21.3,31.93,nasa,0.47
2003-09-21,0.91,25.69,21.48,30.79,nasa,0.47
2003-09-22,0.97,24.36,21.78,27.56,nasa,0.47
2003-09-23,0.63,27.12,21.85,35.16,nasa,0.47
2003-09-24,2.63,25.95,21.57,31.94,nasa,0.47
2003-09-25,2.87,24.62,21.75,29.07,nasa,0.47
2003-09-26,6.43,25.17,20.68,31.7,nasa,0.47
2003-09-27,1.87,25.89,21.6,33.09,nasa,0.48
2003-09-28,0.11,26.77,22.07,33.26,nasa,0.48
2003-09-29,1.38,25.82,22.85,30.43,nasa,0.47
2003-09-30,3.75,24.59,21.57,29.37,nasa,0.48
2003-10-01,4.29,25.32,20.18,33.27,nasa,0.48
2003-10-02,6.59,24.47,20.61,31.01,nasa,0.48
2003-10-03,13.34,23.62,21.61,26.65,nasa,0.5
2003-10-04,22.64,23.83,21.1,28.77,nasa,0.53
2003-10-05,0.83,24.97,20.07,31.46,nasa,0.54
2003-10-06,1.93,24.5,18.81,31.35,nasa,0.53
2003-10-07,6.27,23.89,20.96,28.62,nasa,0.52
2003-10-08,0.92,25.15,19.58,31.84,nasa,0.52
2003-10-09,1.17,25.33,21.35,30.66,nasa,0.51
2003-10-10,0.33,26.04,21.88,31.72,nasa,0.5
2003-10-11,0.08,26.6,21.27,32.98,nasa,0.5
2003-10-12,1.5,25.71,22.24,30.79,nasa,0.49
2003-10-13,4.01,24.99,20.61,30.86,nasa,0.49
2003-10-14,6.21,23.62,20.72,28.89,nasa,0.5
2003-10-15,18.95,22.65,20.04,26.5,nasa,0.52
2003-10-16,5.28,22.99,20.81,26.48,nasa,0.53
2003-10-17,11.87,22.93,21.3,25.99,nasa,0.54
2003-10-18,15.69,23.49,21.42,27.02,nasa,0.56
2003-10-19,16.68,23.29,21.42,27.61,nasa,0.58
2003-10-20,7.44,23.54,20.36,27.9,nasa,0.58
2003-10-21,2.25,22.87,19.44,28.47,nasa,0.57
2003-10-22,2.69,22.31,18.94,27.64,nasa,0.55
2003-10-23,0.73,21.84,18.14,26.8,nasa,0.54
2003-10-24,0.81,22.53,18.15,28.69,nasa,0.54
2003-10-25,1.79,21.78,17.2,28.37,nasa,0.53
2003-10-26,0.24,21.5,16.0,28.79,nasa,0.52
2003-10-27,0.04,22.73,17.49,29.49,nasa,0.51
2003-10-28,1.36,23.11,19.01,29.55,nasa,0.51
2003-10-29,0.64,23.51,19.92,29.08,nasa,0.5
2003-10-30,0.68,23.45,19.42,29.6,nasa,0.5
2003-10-31,1.44,23.42,18.88,30.37,nasa,0.5
2003-11-01,0.2,22.2,18.03,28.69,nasa,0.49
2003-11-02,0.43,23.62,16.64,31.96,nasa,0.49
2003-11-03,0.07,24.22,19.08,31.46,nasa,0.49
2003-11-04,0.02,23.55,17.6,31.65,nasa,0.48
2003-11-05,0.0,23.5,17.53,31.28,nasa,0.48
2003-11-06,0.98,23.64,16.75,32.26,nasa,0.48
2003-11-07,0.34,24.57,17.9,32.44,nasa,0.48
2003-11-08,0.0,25.05,20.13,32.46,nasa,0.48
2003-11-09,0.33,24.98,18.21,33.14,nasa,0.47
2003-11-10,1.07,24.93,20.91,31.35,nasa,0.47
2003-11-11,2.29,24.07,20.96,29.17,nasa,0.47
2003-11-12,40.55,22.69,21.11,26.0,nasa,0.5
2003-11-13,63.57,22.24,21.07,24.4,nasa,0.62
2003-11-14,0.9,22.95,20.46,26.83,nasa,0.63
2003-11-15,0.07,22.46,18.74,27.68,nasa,0.61
2003-11-16,0.0,21.66,17.34,27.5,nasa,0.59
2003-11-17,0.0,22.93,17.17,28.81,nasa,0.57
2003-11-18,0.0,24.52,20.21,30.07,nasa,0.56
2003-11-19,0.0,24.74,20.83,30.61,nasa,0.54
2003-11-20,0.23,24.89,20.14,30.97,nasa,0.53
2003-11-21,1.09,23.99,20.37,29.85,nasa,0.53
2003-11-22,0.48,23.13,20.05,28.54,nasa,0.52
2003-11-23,3.7,23.44,20.49,28.6,nasa,0.52
2003-11-24,2.58,23.69,20.89,28.61,nasa,0.52
2003-11-25,0.15,24.0,20.99,29.24,nasa,0.52
2003-11-26,0.07,23.44,19.99,29.26,nasa,0.51
2003-11-27,0.27,21.74,17.46,27.09,nasa,0.51
2003-11-28,0.02,20.89,16.38,27.63,nasa,0.51
2003-11-29,0.43,21.09,17.31,27.11,nasa,0.5
2003-11-30,0.0,19.91,16.03,26.28,nasa,0.5
2003-12-01,0.0,20.15,15.48,27.15,nasa,0.5
2003-12-02,0.14,20.25,15.97,27.0,nasa,0.49
2003-12-03,0.99,20.45,15.56,27.34,nasa,0.49
2003-12-04,0.17,21.66,17.16,28.09,nasa,0.49
2003-12-05,0.07,21.86,18.08,28.26,nasa,0.49
2003-12-06,0.03,21.15,17.27,27.53,nasa,0.49
2003-12-07,0.08,21.36,16.43,27.45,nasa,0.49
2003-12-08,0.52,22.89,19.34,28.56,nasa,0.49
2003-12-09,10.53,22.19,19.65,26.64,nasa,0.5
2003-12-10,0.58,23.0,20.39,27.82,nasa,0.5
2003-12-11,0.22,23.23,20.19,28.77,nasa,0.5
2003-12-12,0.23,21.81,18.83,26.25,nasa,0.5
2003-12-13,0.04,21.43,18.18,27.12,nasa,0.5
2003-12-14,0.0,20.28,15.86,26.08,nasa,0.49
2003-12-15,0.05,19.4,14.6,26.08,nasa,0.49
2003-12-16,0.76,20.6,16.85,26.02,nasa,0.49
2003-12-17,0.94,21.06,18.05,25.75,nasa,0.49
2003-12-18,1.01,21.53,18.72,27.06,nasa,0.49
2003-12-19,0.17,19.61,15.53,23.83,nasa,0.49
2003-12-20,0.03,17.98,14.71,23.59,nasa,0.49
2003-12-21,0.2,19.54,15.34,25.66,nasa,0.49
2003-12-22,0.23,19.99,16.87,26.07,nasa,0.49
2003-12-23,0.03,20.7,17.0,26.77,nasa,0.49
2003-12-24,0.0,21.51,17.39,27.94,nasa,0.48
2003-12-25,0.02,21.36,16.57,28.3,nasa,0.48
2003-12-26,0.27,20.63,17.17,26.83,nasa,0.48
2003-12-27,0.54,19.89,16.78,25.93,nasa,0.48
2003-12-28,0.14,20.22,16.65,26.3,nasa,0.48
2003-12-29,0.12,21.18,17.05,27.77,nasa,0.48
2003-12-30,0.01,22.14,17.47,29.02,nasa,0.48
2003-12-31,0.03,21.58,17.85,27.41,nasa,0.48
2004-01-01,0.03,21.93,17.2,28.7,nasa,0.48
2004-01-02,0.03,22.12,17.64,28.79,nasa,0.48
2004-01-03,0.03,22.68,18.74,29.58,nasa,0.48
2004-01-04,0.0,21.91,17.32,29.21,nasa,0.47
2004-01-05,0.0,22.93,17.75,30.25,nasa,0.47
2004-01-06,0.02,22.62,18.4,29.55,nasa,0.47
2004-01-07,0.02,22.18,17.39,29.46,nasa,0.47
2004-01-08,0.44,22.62,18.19,28.97,nasa,0.47
2004-01-09,0.14,23.2,19.94,28.99,nasa,0.47
2004-01-10,0.12,23.58,19.7,30.09,nasa,0.47
2004-01-11,0.0,23.0,19.2,29.12,nasa,0.47
2004-01-12,0.05,22.35,18.73,28.62,nasa,0.47
2004-01-13,0.27,21.98,18.46,27.83,nasa,0.47
2004-01-14,0.21,22.26,18.4,28.67,nasa,0.47
2004-01-15,0.0,22.74,17.65,30.14,nasa,0.47
2004-01-16,0.0,23.15,17.02,31.27,nasa,0.47
2004-01-17,0.0,22.83,18.11,30.33,nasa,0.47
2004-01-18,0.0,23.2,17.41,31.27,nasa,0.47
2004-01-19,0.0,23.16,16.41,31.18,nasa,0.47
2004-01-20,0.05,22.62,17.05,30.6,nasa,0.46
2004-01-21,1.35,20.69,15.49,27.14,nasa,0.46
2004-01-22,0.19,19.16,15.29,25.62,nasa,0.47
2004-01-23,0.03,20.25,14.77,28.4,nasa,0.47
2004-01-24,0.25,19.49,15.81,25.92,nasa,0.47
2004-01-25,0.01,18.97,15.28,25.18,nasa,0.47
2004-01-26,0.0,20.24,15.09,27.78,nasa,0.47
2004-01-27,0.01,21.81,16.95,29.2,nasa,0.47
2004-01-28,0.16,22.26,17.6,28.87,nasa,0.46
2004-01-29,0.0,23.43,18.07,30.52,nasa,0.46
2004-01-30,0.0,23.72,17.28,32.24,nasa,0.46
2004-01-31,0.0,23.79,17.82,32.22,nasa,0.46
2004-02-01,0.0,24.2,18.05,32.8,nasa,0.46
2004-02-02,0.0,25.95,17.53,35.53,nasa,0.46
2004-02-03,0.0,26.4,20.55,33.67,nasa,0.46
2004-02-04,0.0,26.28,21.27,33.73,nasa,0.46
2004-02-05,0.0,25.08,19.54,33.64,nasa,0.46
2004-02-06,0.0,22.02,17.32,29.51,nasa,0.46
2004-02-07,0.0,23.05,17.52,30.78,nasa,0.46
2004-02-08,0.0,22.42,16.88,30.25,nasa,0.46
2004-02-09,0.0,19.43,14.56,26.76,nasa,0.46
2004-02-10,0.0,20.2,14.84,28.08,nasa,0.46
2004-02-11,0.0,21.21,15.64,29.63,nasa,0.46
2004-02-12,0.0,20.47,16.22,27.47,nasa,0.46
2004-02-13,0.0,19.4,15.19,26.04,nasa,0.46
2004-02-14,0.0,19.16,14.28,27.05,nasa,0.46
2004-02-15,0.0,20.13,13.7,29.04,nasa,0.46
2004-02-16,0.0,20.62,13.14,30.25,nasa,0.46
2004-02-17,0.0,21.22,15.16,29.57,nasa,0.46
2004-02-18,0.0,21.97,15.95,30.26,nasa,0.46
2004-02-19,0.0,22.72,17.21,30.27,nasa,0.46
2004-02-20,0.0,22.73,16.06,31.61,nasa,0.46
2004-02-21,0.0,23.08,15.96,32.03,nasa,0.46
2004-02-22,0.0,22.92,15.75,31.77,nasa,0.46
2004-02-23,0.0,23.06,17.31,31.55,nasa,0.46
2004-02-24,0.0,24.37,16.7,32.89,nasa,0.45
2004-02-25,0.02,24.9,17.42,33.07,nasa,0.45
2004-02-26,0.09,24.6,18.34,32.98,nasa,0.45
2004-02-27,0.0,24.25,19.42,31.44,nasa,0.45
2004-02-28,0.0,25.7,17.58,34.9,nasa,0.45
2004-02-29,0.0,27.25,20.12,35.79,nasa,0.45
2004-03-01,0.0,28.28,22.16,36.1,nasa,0.45
2004-03-02,0.0,27.52,23.0,33.56,nasa,0.45
2004-03-03,0.0,27.44,20.59,35.74,nasa,0.45
2004-03-04,0.0,23.0,18.09,30.0,nasa,0.45
2004-03-05,0.0,23.55,18.91,30.27,nasa,0.45
2004-03-06,0.0,22.93,18.31,30.26,nasa,0.45
2004-03-07,0.06,22.14,17.97,28.56,nasa,0.45
2004-03-08,0.04,21.8,18.14,27.68,nasa,0.45
2004-03-09,0.0,21.86,17.2,28.88,nasa,0.45
2004-03-10,0.0,24.39,15.62,34.75,nasa,0.45
2004-03-11,0.0,26.19,17.31,36.1,nasa,0.45
2004-03-12,0.0,26.41,17.84,35.91,nasa,0.45
2004-03-13,0.0,26.24,18.35,36.28,nasa,0.45
2004-03-14,0.0,24.39,17.46,34.06,nasa,0.45
2004-03-15,0.0,23.82,17.22,32.55,nasa,0.45
2004-03-16,0.0,25.81,17.74,35.93,nasa,0.45
2004-03-17,0.0,26.94,18.76,35.86,nasa,0.45
2004-03-18,0.0,26.6,19.9,35.28,nasa,0.45
2004-03-19,0.0,26.06,19.7,34.34,nasa,0.45
2004-03-20,0.0,26.16,19.05,34.32,nasa,0.45
2004-03-21,0.0,25.87,19.69,33.04,nasa,0.45
2004-03-22,0.0,26.39,19.33,34.52,nasa,0.45
2004-03-23,0.01,27.49,21.11,35.13,nasa,0.45
2004-03-24,0.08,27.63,22.19,35.49,nasa,0.45
2004-03-25,0.01,27.9,22.94,33.99,nasa,0.45
2004-03-26,0.0,26.09,23.64,30.1,nasa,0.45
2004-03-27,0.0,27.95,22.25,35.83,nasa,0.45
2004-03-28,0.0,27.7,20.76,37.03,nasa,0.45
2004-03-29,0.0,28.04,19.91,37.39,nasa,0.45
2004-03-30,0.0,28.22,19.95,37.25,nasa,0.45
2004-03-31,0.0,28.89,21.13,37.46,nasa,0.45
2004-04-01,0.0,28.75,22.31,35.84,nasa,0.45
2004-04-02,0.0,27.98,22.09,36.0,nasa,0.45
2004-04-03,0.0,26.46,19.47,35.01,nasa,0.45
2004-04-04,0.0,25.98,19.57,33.63,nasa,0.45
2004-04-05,0.0,26.94,21.29,33.77,nasa,0.45
2004-04-06,0.0,26.95,22.24,33.02,nasa,0.45
2004-04-07,0.01,28.07,22.29,34.97,nasa,0.45
2004-04-08,0.53,25.0,22.7,27.44,nasa,0.45
2004-04-09,0.3,25.73,20.61,32.39,nasa,0.45
2004-04-10,0.0,27.94,21.43,35.92,nasa,0.45
2004-04-11,0.19,28.4,22.23,36.04,nasa,0.45
2004-04-12,0.94,28.88,22.66,35.78,nasa,0.45
2004-04-13,0.04,28.72,23.41,36.49,nasa,0.45
2004-04-14,0.34,28.44,22.77,34.79,nasa,0.45
2004-04-15,0.0,27.26,23.23,31.16,nasa,0.45
2004-04-16,0.03,27.71,22.2,34.5,nasa,0.45
2004-04-17,0.56,29.31,22.75,36.31,nasa,0.45
2004-04-18,0.0,29.11,23.75,35.86,nasa,0.45
2004-04-19,0.0,27.87,23.31,35.29,nasa,0.45
2004-04-20,0.0,29.13,21.49,38.05,nasa,0.45
2004-04-21,0.0,29.05,20.41,38.04,nasa,0.45
2004-04-22,0.0,29.39,21.14,38.27,nasa,0.45
2004-04-23,0.08,29.92,23.06,37.75,nasa,0.45
2004-04-24,0.27,28.93,22.98,35.46,nasa,0.45
2004-04-25,0.0,28.81,21.8,36.82,nasa,0.45
2004-04-26,0.04,29.2,23.69,35.98,nasa,0.45
2004-04-27,0.01,29.51,22.26,38.58,nasa,0.45
2004-04-28,0.27,27.95,21.19,36.02,nasa,0.44
2004-04-29,0.05,27.2,23.12,33.2,nasa,0.45
2004-04-30,0.31,27.72,22.38,34.41,nasa,0.45
2004-05-01,0.04,28.31,22.19,35.55,nasa,0.45
2004-05-02,0.23,29.07,22.71,37.07,nasa,0.45
2004-05-03,0.98,28.74,23.02,35.28,nasa,0.45
2004-05-04,0.61,29.34,23.33,36.92,nasa,0.45
2004-05-05,1.24,27.88,22.33,35.51,nasa,0.45
2004-05-06,2.85,27.38,22.44,34.1,nasa,0.45
2004-05-07,0.4,28.11,22.51,35.56,nasa,0.45
2004-05-08,3.24,27.55,21.9,35.63,nasa,0.45
2004-05-09,4.05,26.37,22.37,32.42,nasa,0.46
2004-05-10,2.05,25.53,23.07,29.0,nasa,0.46
2004-05-11,5.09,25.46,23.28,28.91,nasa,0.46
2004-05-12,2.02,26.29,22.93,31.43,nasa,0.47
2004-05-13,1.12,26.68,22.56,32.39,nasa,0.47
2004-05-14,4.7,25.56,23.01,29.48,nasa,0.47
2004-05-15,4.69,26.17,21.23,32.61,nasa,0.48
2004-05-16,8.44,26.44,22.41,32.46,nasa,0.48
2004-05-17,16.61,25.79,21.49,32.25,nasa,0.5
2004-05-18,5.37,24.75,22.27,28.08,nasa,0.52
2004-05-19,1.07,25.02,22.06,29.17,nasa,0.51
2004-05-20,1.13,25.75,21.69,30.85,nasa,0.51
2004-05-21,1.69,26.18,21.37,31.97,nasa,0.5
2004-05-22,1.43,25.19,22.4,28.99,nasa,0.49
2004-05-23,7.05,25.13,20.97,31.3,nasa,0.49
2004-05-24,2.42,24.81,21.52,29.45,nasa,0.5
2004-05-25,0.3,26.04,21.87,32.17,nasa,0.49
2004-05-26,0.03,27.01,21.77,33.46,nasa,0.49
2004-05-27,0.07,27.56,22.22,34.28,nasa,0.48
2004-05-28,0.84,27.24,22.61,33.25,nasa,0.48
2004-05-29,0.0,27.86,22.67,34.97,nasa,0.47
2004-05-30,0.01,27.73,22.7,34.53,nasa,0.47
2004-05-31,0.28,26.99,22.21,33.83,nasa,0.47
2004-06-01,1.47,25.15,21.31,31.44,nasa,0.47
2004-06-02,2.13,24.49,20.4,29.85,nasa,0.47
2004-06-03,4.7,24.95,20.31,30.78,nasa,0.47
2004-06-04,0.09,26.3,22.02,31.56,nasa,0.47
2004-06-05,0.2,27.5,21.45,34.45,nasa,0.47
2004-06-06,0.12,26.05,23.23,31.94,nasa,0.47
2004-06-07,4.79,26.25,21.83,32.52,nasa,0.47
2004-06-08,8.09,25.27,21.99,30.75,nasa,0.48
2004-06-09,0.31,25.15,21.55,29.37,nasa,0.49
2004-06-10,1.49,25.37,21.85,30.24,nasa,0.48
2004-06-11,3.23,24.59,22.02,28.35,nasa,0.48
2004-06-12,59.58,23.0,21.36,25.22,nasa,0.54
2004-06-13,12.89,23.53,21.88,26.12,nasa,0.6
2004-06-14,0.25,24.71,20.9,29.82,nasa,0.59
2004-06-15,0.42,24.57,20.99,29.58,nasa,0.57
2004-06-16,0.34,24.69,21.18,29.6,nasa,0.55
2004-06-17,1.11,24.83,19.92,30.48,nasa,0.54
2004-06-18,0.38,25.11,20.68,30.66,nasa,0.53
2004-06-19,0.04,25.3,21.71,30.18,nasa,0.52
2004-06-20,0.14,25.44,21.78,30.51,nasa,0.51
2004-06-21,0.85,25.17,21.98,30.29,nasa,0.5
2004-06-22,3.15,24.91,21.35,29.65,nasa,0.5
2004-06-23,2.98,23.46,20.79,26.42,nasa,0.5
2004-06-24,1.04,24.04,20.77,28.75,nasa,0.5
2004-06-25,0.01,25.92,20.61,32.0,nasa,0.49
2004-06-26,0.09,26.26,21.82,31.82,nasa,0.49
2004-06-27,0.06,25.39,22.6,29.76,nasa,0.48
2004-06-28,0.03,25.86,22.07,30.31,nasa,0.48
2004-06-29,0.03,26.31,22.31,31.08,nasa,0.48
2004-06-30,0.23,27.07,22.31,32.81,nasa,0.48
2004-07-01,0.92,26.84,23.01,31.98,nasa,0.47
2004-07-02,0.45,26.34,22.57,31.22,nasa,0.47
2004-07-03,0.05,26.28,23.11,30.53,nasa,0.47
2004-07-04,0.47,25.79,22.56,29.91,nasa,0.47
2004-07-05,1.93,26.79,21.84,33.0,nasa,0.47
2004-07-06,0.12,27.53,22.05,34.34,nasa,0.47
2004-07-07,0.48,26.55,23.21,31.39,nasa,0.47
2004-07-08,0.61,25.31,22.86,28.96,nasa,0.47
2004-07-09,2.32,25.2,20.95,30.07,nasa,0.47
2004-07-10,0.81,25.52,20.96,32.38,nasa,0.47
2004-07-11,0.97,24.96,21.07,30.43,nasa,0.47
2004-07-12,1.13,24.92,21.65,29.75,nasa,0.47
2004-07-13,2.05,25.42,21.69,30.42,nasa,0.47
2004-07-14,0.79,25.61,22.35,30.17,nasa,0.48
2004-07-15,0.17,27.08,21.86,33.57,nasa,0.47
2004-07-16,0.08,27.15,21.05,34.36,nasa,0.47
2004-07-17,0.2,25.22,22.93,28.65,nasa,0.47
2004-07-18,0.05,25.9,22.28,31.18,nasa,0.47
2004-07-19,0.35,25.96,21.91,31.07,nasa,0.47
2004-07-20,0.33,26.24,22.16,31.96,nasa,0.47
2004-07-21,3.25,25.52,21.69,31.3,nasa,0.47
2004-07-22,7.98,23.85,21.32,28.07,nasa,0.47
2004-07-23,0.02,25.54,20.95,31.3,nasa,0.48
2004-07-24,0.03,25.74,21.93,30.87,nasa,0.48
2004-07-25,1.14,24.64,21.61,29.17,nasa,0.48
2004-07-26,2.05,24.35,21.29,29.01,nasa,0.48
2004-07-27,1.77,24.86,20.33,31.51,nasa,0.48
2004-07-28,0.85,24.47,20.93,28.7,nasa,0.47
2004-07-29,1.18,24.48,21.51,28.46,nasa,0.47
2004-07-30,9.9,23.97,21.22,28.51,nasa,0.48
2004-07-31,25.02,23.47,21.19,27.17,nasa,0.51
2004-08-01,17.03,23.41,20.16,28.15,nasa,0.55
2004-08-02,1.71,23.38,20.49,27.21,nasa,0.56
2004-08-03,0.4,24.08,20.5,28.59,nasa,0.54
2004-08-04,0.13,24.62,21.53,29.04,nasa,0.53
2004-08-05,0.47,24.41,21.11,28.85,nasa,0.52
2004-08-06,0.58,24.04,21.32,27.89,nasa,0.52
2004-08-07,2.38,23.83,20.59,28.7,nasa,0.51
2004-08-08,2.01,23.19,20.43,27.62,nasa,0.51
2004-08-09,1.24,23.41,20.37,28.28,nasa,0.5
2004-08-10,1.54,24.18,20.34,29.69,nasa,0.5
2004-08-11,0.23,24.56,20.86,30.11,nasa,0.5
2004-08-12,0.19,24.6,21.69,29.68,nasa,0.49
2004-08-13,0.83,25.13,21.47,30.16,nasa,0.49
2004-08-14,2.61,23.61,21.51,27.25,nasa,0.49
2004-08-15,0.19,25.26,21.48,30.45,nasa,0.49
2004-08-16,1.63,25.31,21.35,30.66,nasa,0.49
2004-08-17,4.83,23.67,21.98,26.48,nasa,0.49
2004-08-18,3.84,24.27,21.71,27.75,nasa,0.49
2004-08-19,14.52,22.83,21.35,25.56,nasa,0.51
2004-08-20,1.86,23.89,20.75,28.49,nasa,0.52
2004-08-21,1.16,24.34,20.88,28.68,nasa,0.51
2004-08-22,2.0,24.09,20.41,28.43,nasa,0.51
2004-08-23,0.36,25.14,21.85,29.21,nasa,0.51
2004-08-24,0.22,25.68,22.52,29.94,nasa,0.5
2004-08-25,0.37,25.78,22.62,30.32,nasa,0.5
2004-08-26,1.72,25.12,22.56,28.98,nasa,0.5
2004-08-27,0.84,24.98,21.85,30.17,nasa,0.49
2004-08-28,0.43,25.52,21.53,30.7,nasa,0.49
2004-08-29,0.5,25.48,22.3,29.74,nasa,0.49
2004-08-30,0.2,25.38,22.41,30.22,nasa,0.48
2004-08-31,0.18,26.58,21.52,32.96,nasa,0.48
2004-09-01,0.92,25.73,22.48,30.59,nasa,0.48
2004-09-02,0.81,23.91,21.11,27.12,nasa,0.48
2004-09-03,0.0,25.0,20.35,30.4,nasa,0.48
2004-09-04,0.0,25.58,20.66,31.27,nasa,0.48
2004-09-05,0.04,26.61,21.45,32.93,nasa,0.47
2004-09-06,0.23,26.03,21.58,32.3,nasa,0.47
2004-09-07,0.16,25.23,22.4,29.92,nasa,0.47
2004-09-08,0.0,25.01,21.22,29.86,nasa,0.47
2004-09-09,0.45,25.19,21.46,30.55,nasa,0.47
2004-09-10,1.82,25.31,21.06,31.15,nasa,0.47
2004-09-11,1.4,25.73,20.9,30.99,nasa,0.47
2004-09-12,1.45,24.66,21.36,28.85,nasa,0.47
2004-09-13,0.74,23.6,21.48,26.93,nasa,0.47
2004-09-14,2.79,24.36,20.41,30.03,nasa,0.48
2004-09-15,0.42,23.52,20.91,26.95,nasa,0.48
2004-09-16,2.53,23.98,21.44,28.11,nasa,0.48
2004-09-17,4.91,24.62,21.1,30.7,nasa,0.48
2004-09-18,8.18,23.84,20.54,29.28,nasa,0.49
2004-09-19,0.51,23.53,20.92,27.75,nasa,0.5
2004-09-20,0.39,24.95,20.74,30.67,nasa,0.5
2004-09-21,0.54,25.43,20.55,31.94,nasa,0.49
2004-09-22,0.71,25.18,19.39,32.8,nasa,0.49
2004-09-23,0.39,25.63,19.2,33.45,nasa,0.48
2004-09-24,0.33,25.94,20.69,32.89,nasa,0.48
2004-09-25,0.72,25.83,20.51,33.27,nasa,0.48
2004-09-26,2.48,25.16,20.61,32.54,nasa,0.48
2004-09-27,1.01,25.53,20.56,32.26,nasa,0.48
2004-09-28,0.69,26.45,20.3,33.96,nasa,0.48
2004-09-29,6.13,24.43,20.01,31.46,nasa,0.48
2004-09-30,0.62,25.9,20.49,33.02,nasa,0.48
2004-10-01,6.39,24.07,21.09,27.96,nasa,0.48
2004-10-02,10.03,23.07,20.62,26.84,nasa,0.5
2004-10-03,5.15,23.76,19.84,29.35,nasa,0.51
2004-10-04,19.43,23.1,20.77,26.75,nasa,0.52
2004-10-05,3.14,23.16,20.38,27.73,nasa,0.54
2004-10-06,0.08,23.6,20.24,29.38,nasa,0.53
2004-10-07,0.01,23.59,19.54,29.75,nasa,0.52
2004-10-08,0.0,22.51,18.99,27.3,nasa,0.51
2004-10-09,0.0,23.82,19.77,29.67,nasa,0.51
2004-10-10,0.55,23.5,20.08,28.0,nasa,0.5
2004-10-11,3.14,22.42,19.25,27.42,nasa,0.5
2004-10-12,1.03,22.64,17.68,29.84,nasa,0.5
2004-10-13,0.0,22.98,17.88,29.93,nasa,0.5
2004-10-14,0.13,23.21,18.7,30.06,nasa,0.49
2004-10-15,2.5,23.17,18.38,29.98,nasa,0.49
2004-10-16,0.58,23.6,19.15,30.39,nasa,0.49
2004-10-17,0.23,23.15,18.87,29.43,nasa,0.48
2004-10-18,0.07,22.86,17.06,30.6,nasa,0.48
2004-10-19,0.0,22.93,16.15,31.36,nasa,0.48
2004-10-20,0.01,23.4,16.6,31.62,nasa,0.48
2004-10-21,0.26,23.83,19.33,30.64,nasa,0.47
2004-10-22,0.03,23.85,19.11,30.69,nasa,0.47
2004-10-23,1.0,24.31,19.25,31.5,nasa,0.47
2004-10-24,0.76,23.79,19.8,30.37,nasa,0.47
2004-10-25,3.48,23.19,18.91,30.59,nasa,0.47
2004-10-26,0.0,22.62,17.74,29.87,nasa,0.47
2004-10-27,0.73,23.78,18.97,30.51,nasa,0.47
2004-10-28,0.06,24.57,20.25,31.05,nasa,0.47
2004-10-29,0.22,24.49,20.65,30.82,nasa,0.47
2004-10-30,3.74,23.73,20.15,30.51,nasa,0.47
2004-10-31,4.27,23.83,19.9,30.85,nasa,0.47
2004-11-01,1.45,23.53,19.53,29.99,nasa,0.48
2004-11-02,0.16,23.6,19.71,30.21,nasa,0.48
2004-11-03,1.05,23.36,18.4,30.46,nasa,0.47
2004-11-04,0.55,24.28,19.18,31.48,nasa,0.47
2004-11-05,0.89,24.68,20.4,31.15,nasa,0.47
2004-11-06,0.23,24.87,20.71,31.48,nasa,0.47
2004-11-07,2.31,23.75,20.05,30.29,nasa,0.47
2004-11-08,0.87,24.31,19.66,31.48,nasa,0.47
2004-11-09,3.41,24.23,19.77,30.87,nasa,0.47
2004-11-10,0.0,25.2,19.25,32.7,nasa,0.47
2004-11-11,0.0,25.14,19.67,32.61,nasa,0.47
2004-11-12,0.0,24.67,20.07,31.49,nasa,0.47
2004-11-13,0.57,24.92,20.16,31.85,nasa,0.47
2004-11-14,0.54,24.97,20.92,31.67,nasa,0.47
2004-11-15,0.03,25.37,21.0,32.85,nasa,0.47
2004-11-16,0.13,24.12,20.43,30.17,nasa,0.47
2004-11-17,0.72,23.56,20.22,29.1,nasa,0.46
2004-11-18,0.28,23.06,19.34,29.14,nasa,0.46
2004-11-19,0.06,21.88,17.51,28.23,nasa,0.46
2004-11-20,0.01,21.07,16.03,28.23,nasa,0.46
2004-11-21,0.23,21.61,16.79,28.43,nasa,0.46
2004-11-22,0.21,22.31,18.32,28.63,nasa,0.46
2004-11-23,2.4,22.92,19.85,28.29,nasa,0.46
2004-11-24,6.32,22.98,19.64,28.72,nasa,0.47
2004-11-25,0.9,23.25,20.21,27.63,nasa,0.47
2004-11-26,0.1,24.32,20.69,30.23,nasa,0.47
2004-11-27,0.24,24.18,20.64,30.01,nasa,0.47
2004-11-28,1.08,23.49,20.14,29.69,nasa,0.47
2004-11-29,0.3,22.65,18.48,28.68,nasa,0.47
2004-11-30,0.03,22.47,18.02,29.25,nasa,0.47
2004-12-01,0.56,23.55,18.59,30.57,nasa,0.47
2004-12-02,3.93,23.11,20.15,28.4,nasa,0.47
2004-12-03,0.67,23.54,19.23,30.12,nasa,0.47
2004-12-04,0.0,22.44,18.56,28.52,nasa,0.47
2004-12-05,0.01,21.1,17.1,27.38,nasa,0.47
2004-12-06,0.09,21.71,17.7,27.83,nasa,0.47
2004-12-07,0.16,22.51,18.99,28.6,nasa,0.47
2004-12-08,0.38,21.13,17.41,26.36,nasa,0.46
2004-12-09,0.06,21.36,17.25,27.55,nasa,0.46
2004-12-10,0.31,21.14,18.21,26.54,nasa,0.46
2004-12-11,0.52,22.06,18.1,28.57,nasa,0.46
2004-12-12,0.07,21.97,18.39,27.67,nasa,0.46
2004-12-13,0.0,21.24,17.07,27.8,nasa,0.46
2004-12-14,0.0,21.77,15.46,29.93,nasa,0.46
2004-12-15,0.02,22.56,16.83,30.22,nasa,0.46
2004-12-16,0.05,22.32,17.47,29.65,nasa,0.46
2004-12-17,0.04,21.99,17.47,28.31,nasa,0.46
2004-12-18,0.0,22.62,17.63,29.52,nasa,0.46
2004-12-19,0.0,22.44,17.13,29.92,nasa,0.46
2004-12-20,0.0,21.16,15.89,28.99,nasa,0.46
2004-12-21,0.0,20.9,13.91,29.75,nasa,0.46
2004-12-22,0.0,21.21,14.27,30.64,nasa,0.46
2004-12-23,0.0,21.28,14.29,30.23,nasa,0.46
2004-12-24,0.0,21.88,15.79,30.4,nasa,0.45
2004-12-25,0.0,20.79,15.05,29.04,nasa,0.45
2004-12-26,0.0,21.22,15.97,29.45,nasa,0.45
2004-12-27,0.0,20.81,16.08,28.52,nasa,0.45
2004-12-28,0.0,20.21,16.56,26.92,nasa,0.45
2004-12-29,0.01,21.14,16.88,28.0,nasa,0.45
2004-12-30,0.04,21.59,16.74,28.93,nasa,0.45
2004-12-31,0.19,20.26,15.12,27.47,nasa,0.45
2005-01-01,0.0,17.5,13.96,23.05,nasa,0.45
2005-01-02,0.0,19.09,13.92,26.54,nasa,0.45
2005-01-03,0.0,20.89,14.27,30.28,nasa,0.45
2005-01-04,0.0,20.09,13.95,28.44,nasa,0.45
2005-01-05,0.0,20.62,15.49,28.36,nasa,0.45
2005-01-06,0.0,20.96,15.78,28.42,nasa,0.45
2005-01-07,0.0,21.58,17.28,28.47,nasa,0.45
2005-01-08,0.01,21.31,16.67,28.82,nasa,0.45
2005-01-09,0.27,20.96,16.19,28.33,nasa,0.45
2005-01-10,0.11,21.12,16.19,28.22,nasa,0.45
2005-01-11,0.29,22.28,17.54,29.58,nasa,0.45
2005-01-12,0.01,21.69,17.68,27.99,nasa,0.45
2005-01-13,0.0,21.78,15.7,30.1,nasa,0.45
2005-01-14,0.0,20.48,15.86,27.56,nasa,0.45
2005-01-15,0.0,20.11,16.0,27.2,nasa,0.45
2005-01-16,0.01,19.32,14.98,25.95,nasa,0.45
2005-01-17,0.01,19.89,15.19,27.09,nasa,0.45
2005-01-18,0.0,20.77,14.39,29.43,nasa,0.45
2005-01-19,0.0,21.13,14.13,30.46,nasa,0.45
2005-01-20,0.0,21.22,15.31,29.73,nasa,0.45
2005-01-21,0.0,21.85,16.76,29.45,nasa,0.45
2005-01-22,0.0,22.45,16.74,30.69,nasa,0.45
2005-01-23,0.0,22.42,17.03,30.7,nasa,0.45
2005-01-24,0.0,22.53,15.74,31.78,nasa,0.45
2005-01-25,0.0,23.21,13.86,32.81,nasa,0.45
2005-01-26,0.0,24.19,16.44,32.85,nasa,0.45
2005-01-27,0.0,25.21,19.41,32.65,nasa,0.45
2005-01-28,0.0,25.96,19.69,33.61,nasa,0.45
2005-01-29,0.0,26.37,19.76,34.65,nasa,0.45
2005-01-30,0.0,25.68,18.61,34.71,nasa,0.45
2005-01-31,0.0,23.22,16.1,32.74,nasa,0.45
2005-02-01,0.0,23.61,16.92,32.87,nasa,0.45
2005-02-02,0.0,23.66,16.29,32.84,nasa,0.45
2005-02-03,0.0,23.89,16.13,33.27,nasa,0.45
2005-02-04,0.0,24.32,17.31,33.73,nasa,0.45
2005-02-05,0.0,24.25,15.78,34.37,nasa,0.45
2005-02-06,0.0,24.69,17.27,34.3,nasa,0.45
2005-02-07,0.0,23.85,16.77,33.1,nasa,0.45
2005-02-08,0.0,23.79,17.59,32.1,nasa,0.45
2005-02-09,0.01,24.77,19.17,33.51,nasa,0.45
2005-02-10,0.0,24.04,17.95,32.81,nasa,0.45
2005-02-11,0.01,23.17,18.78,29.89,nasa,0.45
2005-02-12,0.06,24.13,19.53,31.28,nasa,0.45
2005-02-13,0.0,24.77,19.65,32.39,nasa,0.45
2005-02-14,0.0,25.5,18.93,32.74,nasa,0.45
2005-02-15,0.0,26.67,20.26,34.02,nasa,0.45
2005-02-16,0.0,27.97,21.76,35.59,nasa,0.45
2005-02-17,0.0,27.88,22.15,35.47,nasa,0.45
2005-02-18,0.0,28.24,21.53,36.72,nasa,0.45
2005-02-19,0.2,25.41,20.47,33.2,nasa,0.45
2005-02-20,0.05,22.91,17.48,30.28,nasa,0.45
2005-02-21,0.0,22.29,16.25,31.02,nasa,0.45
2005-02-22,0.0,23.25,16.33,32.43,nasa,0.45
2005-02-23,0.0,24.96,15.32,35.19,nasa,0.45
2005-02-24,0.0,26.89,19.68,35.92,nasa,0.45
2005-02-25,0.0,27.62,19.48,37.02,nasa,0.45
2005-02-26,0.0,28.57,20.78,37.43,nasa,0.44
2005-02-27,0.0,27.94,20.83,36.43,nasa,0.44
2005-02-28,0.0,26.66,20.7,34.77,nasa,0.44
2005-03-01,0.0,25.0,19.59,32.54,nasa,0.44
2005-03-02,0.01,25.45,18.63,34.34,nasa,0.44
2005-03-03,1.36,23.32,17.65,30.94,nasa,0.44
2005-03-04,0.0,20.95,15.87,29.53,nasa,0.45
2005-03-05,0.01,17.98,13.63,24.76,nasa,0.45
2005-03-06,0.0,17.85,13.65,24.92,nasa,0.45
2005-03-07,0.0,20.67,13.7,30.15,nasa,0.45
2005-03-08,0.0,22.98,15.36,32.72,nasa,0.45
2005-03-09,0.0,24.31,15.11,34.12,nasa,0.45
2005-03-10,0.0,26.35,18.03,35.3,nasa,0.45
2005-03-11,0.0,27.67,19.89,36.34,nasa,0.44
2005-03-12,0.01,28.45,21.06,36.35,nasa,0.44
2005-03-13,0.08,26.29,21.1,33.07,nasa,0.44
2005-03-14,0.15,24.42,19.76,31.96,nasa,0.44
2005-03-15,0.0,24.92,18.78,33.57,nasa,0.44
2005-03-16,0.0,25.33,18.88,33.97,nasa,0.44
2005-03-17,0.0,24.74,18.2,33.54,nasa,0.44
2005-03-18,0.18,23.93,17.8,32.96,nasa,0.44
2005-03-19,4.89,24.0,19.24,31.16,nasa,0.45
2005-03-20,4.14,24.89,20.37,31.56,nasa,0.46
2005-03-21,0.0,26.23,20.39,34.5,nasa,0.46
2005-03-22,0.0,27.05,19.32,35.88,nasa,0.46
2005-03-23,0.0,27.71,21.43,36.13,nasa,0.45
2005-03-24,0.04,25.1,20.51,31.99,nasa,0.45
2005-03-25,0.1,24.81,20.35,31.7,nasa,0.45
2005-03-26,0.0,25.98,20.16,34.08,nasa,0.45
2005-03-27,0.0,27.42,19.81,36.15,nasa,0.45
2005-03-28,0.0,28.46,21.34,37.11,nasa,0.45
2005-03-29,0.0,28.42,19.81,37.48,nasa,0.45
2005-03-30,0.0,28.62,22.02,35.54,nasa,0.45
2005-03-31,0.0,28.44,22.83,34.88,nasa,0.45
2005-04-01,0.0,28.45,20.41,37.12,nasa,0.45
2005-04-02,0.0,27.84,20.59,36.68,nasa,0.45
2005-04-03,0.03,26.33,21.18,34.0,nasa,0.44
2005-04-04,0.61,25.61,20.57,33.12,nasa,0.45
2005-04-05,0.09,26.05,20.17,33.94,nasa,0.45
2005-04-06,0.0,27.4,20.77,35.13,nasa,0.45
2005-04-07,0.0,28.05,21.97,34.59,nasa,0.44
2005-04-08,0.01,28.27,22.64,34.84,nasa,0.44
2005-04-09,0.0,28.75,23.18,36.98,nasa,0.44
2005-04-10,0.0,28.63,23.36,35.34,nasa,0.44
2005-04-11,0.0,29.2,21.47,38.12,nasa,0.44
2005-04-12,0.0,29.09,21.55,37.86,nasa,0.44
2005-04-13,0.0,27.01,21.05,35.25,nasa,0.44
2005-04-14,0.0,26.5,19.91,35.16,nasa,0.44
2005-04-15,0.0,27.03,21.27,34.81,nasa,0.44
2005-04-16,0.0,26.65,18.67,35.66,nasa,0.44
2005-04-17,0.0,27.49,18.51,36.66,nasa,0.44
2005-04-18,0.0,27.29,19.91,36.06,nasa,0.44
2005-04-19,0.0,26.92,20.03,35.4,nasa,0.44
2005-04-20,0.0,26.52,19.57,35.1,nasa,0.44
2005-04-21,0.0,27.41,19.5,36.71,nasa,0.44
2005-04-22,0.0,28.04,19.47,36.95,nasa,0.44
2005-04-23,0.0,28.79,21.48,35.87,nasa,0.44
2005-04-24,0.0,27.47,23.59,31.97,nasa,0.44
2005-04-25,0.0,28.36,21.57,35.68,nasa,0.44
2005-04-26,0.02,28.74,23.97,33.87,nasa,0.44
2005-04-27,0.01,26.06,23.44,29.71,nasa,0.44
2005-04-28,0.12,27.51,22.23,33.14,nasa,0.44
2005-04-29,0.06,30.04,23.27,37.63,nasa,0.44
2005-04-30,0.0,30.83,25.0,38.21,nasa,0.44
2005-05-01,0.0,31.24,24.68,38.99,nasa,0.44
2005-05-02,0.0,30.51,25.16,37.2,nasa,0.44
2005-05-03,0.0,30.93,23.73,39.34,nasa,0.44
2005-05-04,0.0,30.67,22.76,38.57,nasa,0.44
2005-05-05,0.0,30.5,24.65,37.43,nasa,0.44
2005-05-06,0.0,28.3,24.38,32.09,nasa,0.44
2005-05-07,0.0,29.75,25.04,36.72,nasa,0.44
2005-05-08,0.21,28.98,23.41,37.44,nasa,0.44
2005-05-09,0.99,28.03,23.78,33.92,nasa,0.44
2005-05-10,2.31,27.05,23.04,33.58,nasa,0.44
2005-05-11,1.34,26.55,23.62,32.14,nasa,0.45
2005-05-12,0.0,28.03,22.38,36.15,nasa,0.45
2005-05-13,0.06,28.41,23.87,34.65,nasa,0.45
2005-05-14,0.84,27.97,24.02,32.84,nasa,0.45
2005-05-15,4.49,26.75,23.35,31.35,nasa,0.45
2005-05-16,0.06,27.4,23.33,32.46,nasa,0.45
2005-05-17,0.3,26.81,23.32,32.52,nasa,0.45
2005-05-18,0.12,27.56,22.89,33.25,nasa,0.45
2005-05-19,2.64,28.36,21.72,35.85,nasa,0.45
2005-05-20,7.87,27.37,22.39,34.7,nasa,0.46
2005-05-21,0.57,27.45,23.35,33.02,nasa,0.47
2005-05-22,0.38,26.93,22.77,32.63,nasa,0.46
2005-05-23,0.0,28.25,23.05,34.23,nasa,0.46
2005-05-24,0.09,28.16,23.44,33.44,nasa,0.46
2005-05-25,0.94,27.78,23.65,33.61,nasa,0.46
2005-05-26,1.75,27.05,22.96,32.98,nasa,0.46
2005-05-27,0.48,27.41,23.35,33.66,nasa,0.46
2005-05-28,2.51,25.41,22.55,29.1,nasa,0.46
2005-05-29,1.54,27.01,22.31,32.76,nasa,0.46
2005-05-30,0.08,26.36,23.12,30.65,nasa,0.46
2005-05-31,0.44,26.37,22.97,30.96,nasa,0.46
2005-06-01,0.36,27.55,22.67,33.45,nasa,0.46
2005-06-02,2.65,27.5,23.33,33.16,nasa,0.46
2005-06-03,2.09,26.9,22.91,32.27,nasa,0.46
2005-06-04,0.11,27.75,22.82,33.81,nasa,0.46
2005-06-05,0.49,26.78,23.8,30.9,nasa,0.46
2005-06-06,0.14,27.29,22.98,32.45,nasa,0.46
2005-06-07,1.21,26.6,23.82,31.19,nasa,0.46
2005-06-08,3.79,25.62,23.22,29.67,nasa,0.46
2005-06-09,2.3,25.6,22.6,30.14,nasa,0.46
2005-06-10,1.69,25.53,21.74,30.21,nasa,0.46
2005-06-11,0.0,27.54,22.6,33.49,nasa,0.46
2005-06-12,0.0,28.32,23.36,34.24,nasa,0.46
2005-06-13,0.0,27.92,23.72,33.36,nasa,0.46
2005-06-14,0.01,26.46,24.25,29.64,nasa,0.45
2005-06-15,0.1,27.63,22.33,34.27,nasa,0.45
2005-06-16,0.1,26.61,23.81,30.87,nasa,0.45
2005-06-17,1.12,26.53,23.01,31.53,nasa,0.45
2005-06-18,1.38,25.59,22.37,30.19,nasa,0.45
2005-06-19,0.35,27.13,22.1,32.56,nasa,0.45
2005-06-20,3.01,26.67,22.49,31.74,nasa,0.46
2005-06-21,0.01,27.68,22.91,34.29,nasa,0.46
2005-06-22,0.01,27.18,23.79,32.02,nasa,0.45
2005-06-23,0.08,26.01,22.84,30.43,nasa,0.45
2005-06-24,0.45,26.06,22.83,30.6,nasa,0.45
2005-06-25,0.77,26.47,22.0,32.0,nasa,0.45
2005-06-26,0.28,26.66,22.31,32.03,nasa,0.45
2005-06-27,2.8,26.04,22.69,30.95,nasa,0.45
2005-06-28,1.19,24.0,22.4,26.5,nasa,0.46
2005-06-29,1.15,24.7,21.36,29.73,nasa,0.46
2005-06-30,1.73,25.0,21.57,29.96,nasa,0.46
2005-07-01,4.96,24.82,21.61,29.95,nasa,0.46
2005-07-02,0.63,24.94,21.62,29.43,nasa,0.46
2005-07-03,1.17,25.28,22.1,30.15,nasa,0.46
2005-07-04,0.55,24.73,20.54,30.31,nasa,0.46
2005-07-05,0.18,26.25,22.0,31.93,nasa,0.46
2005-07-06,0.82,25.88,21.82,30.92,nasa,0.46
2005-07-07,1.89,25.01,21.99,29.23,nasa,0.46
2005-07-08,0.13,26.07,21.82,31.96,nasa,0.46
2005-07-09,0.0,26.21,22.17,30.86,nasa,0.46
2005-07-10,0.05,27.52,21.69,33.83,nasa,0.46
2005-07-11,1.01,25.62,23.11,28.75,nasa,0.46
2005-07-12,0.71,25.95,22.25,30.25,nasa,0.46
2005-07-13,0.53,26.81,22.35,31.65,nasa,0.46
2005-07-14,0.15,27.55,21.77,34.11,nasa,0.45
2005-07-15,1.52,27.42,20.57,35.57,nasa,0.45
2005-07-16,0.34,26.97,21.03,34.12,nasa,0.45
2005-07-17,2.13,27.34,22.14,34.34,nasa,0.45
2005-07-18,3.89,25.93,22.49,30.98,nasa,0.46
2005-07-19,0.42,27.15,22.05,33.58,nasa,0.46
2005-07-20,2.69,25.96,21.6,31.72,nasa,0.46
2005-07-21,0.1,26.18,22.57,31.37,nasa,0.46
2005-07-22,0.35,25.19,22.43,30.48,nasa,0.46
2005-07-23,0.29,25.43,22.19,30.42,nasa,0.46
2005-07-24,3.87,24.39,21.15,28.94,nasa,0.46
2005-07-25,1.4,25.35,21.0,31.04,nasa,0.46
2005-07-26,3.3,24.63,21.49,29.24,nasa,0.46
2005-07-27,0.53,24.99,21.65,29.7,nasa,0.46
2005-07-28,0.47,24.99,22.67,28.43,nasa,0.46
2005-07-29,1.63,24.7,21.58,29.01,nasa,0.46
2005-07-30,3.45,24.04,21.42,28.14,nasa,0.46
2005-07-31,1.12,25.44,22.17,31.42,nasa,0.46
2005-08-01,0.56,25.64,21.58,32.09,nasa,0.46
2005-08-02,0.61,25.98,22.02,31.66,nasa,0.46
2005-08-03,2.34,24.87,21.95,29.65,nasa,0.46
2005-08-04,1.21,25.54,22.06,31.25,nasa,0.46
2005-08-05,0.48,25.77,22.73,30.56,nasa,0.46
2005-08-06,1.72,25.62,22.82,30.33,nasa,0.46
2005-08-07,3.23,24.57,22.12,29.04,nasa,0.46
2005-08-08,1.33,24.78,21.07,30.0,nasa,0.46
2005-08-09,0.57,24.56,22.36,28.5,nasa,0.46
2005-08-10,0.29,25.39,21.76,30.78,nasa,0.46
2005-08-11,1.61,24.97,22.28,29.48,nasa,0.46
2005-08-12,1.25,24.79,21.71,29.81,nasa,0.46
2005-08-13,5.83,24.18,20.79,28.92,nasa,0.46
2005-08-14,1.25,25.15,20.31,31.44,nasa,0.46
2005-08-15,0.0,26.08,21.6,31.74,nasa,0.46
2005-08-16,0.44,26.04,21.88,30.96,nasa,0.46
2005-08-17,1.87,25.33,22.05,30.46,nasa,0.46
2005-08-18,1.66,25.75,21.54,30.64,nasa,0.46
2005-08-19,0.0,26.05,22.22,30.86,nasa,0.46
2005-08-20,0.0,26.73,21.78,32.91,nasa,0.46
2005-08-21,0.01,26.63,22.55,31.4,nasa,0.46
2005-08-22,0.14,26.92,22.26,31.91,nasa,0.46
2005-08-23,0.25,27.43,22.64,33.07,nasa,0.46
2005-08-24,0.06,28.21,23.48,35.38,nasa,0.45
2005-08-25,0.24,28.08,23.46,34.04,nasa,0.45
2005-08-26,0.13,25.64,22.87,28.5,nasa,0.45
2005-08-27,0.54,26.47,21.56,32.92,nasa,0.45
2005-08-28,1.01,24.39,20.99,27.36,nasa,0.45
2005-08-29,1.13,25.33,21.14,31.27,nasa,0.45
2005-08-30,0.83,26.49,21.46,33.15,nasa,0.45
2005-08-31,1.11,26.56,22.15,32.63,nasa,0.45
2005-09-01,0.65,27.12,21.65,33.72,nasa,0.45
2005-09-02,2.61,26.11,22.49,31.07,nasa,0.45
2005-09-03,3.15,25.44,22.33,30.0,nasa,0.46
2005-09-04,1.98,26.1,21.77,32.35,nasa,0.46
2005-09-05,0.96,25.77,21.9,31.58,nasa,0.46
2005-09-06,2.32,25.26,21.97,30.67,nasa,0.46
2005-09-07,4.19,23.79,22.39,26.27,nasa,0.46
2005-09-08,4.46,24.26,21.57,29.04,nasa,0.47
2005-09-09,6.0,24.4,20.63,30.31,nasa,0.47
2005-09-10,4.83,23.16,20.29,27.53,nasa,0.48
2005-09-11,1.92,23.66,21.35,27.55,nasa,0.48
2005-09-12,8.95,23.94,20.09,29.16,nasa,0.48
2005-09-13,8.36,24.23,20.92,29.09,nasa,0.51
2005-09-14,0.11,25.5,21.07,31.21,nasa,0.5
2005-09-15,0.66,24.5,21.64,28.4,nasa,0.49
2005-09-16,2.39,24.17,22.07,27.56,nasa,0.49
2005-09-17,1.27,24.99,20.86,29.72,nasa,0.49
2005-09-18,0.82,25.99,22.48,31.09,nasa,0.48
2005-09-19,0.19,25.25,21.84,30.61,nasa,0.48
2005-09-20,1.68,24.94,21.81,30.05,nasa,0.48
2005-09-21,8.54,22.93,21.11,25.64,nasa,0.48
2005-09-22,0.18,24.29,20.76,29.21,nasa,0.49
2005-09-23,0.47,24.8,22.33,28.87,nasa,0.49
2005-09-24,0.29,24.95,21.84,29.79,nasa,0.48
2005-09-25,0.51,25.49,21.7,30.82,nasa,0.48
2005-09-26,1.57,25.33,21.51,30.85,nasa,0.48
2005-09-27,4.03,24.67,20.74,30.25,nasa,0.48
2005-09-28,0.51,26.42,21.18,33.88,nasa,0.48
2005-09-29,3.55,25.61,21.72,31.53,nasa,0.48
2005-09-30,0.76,25.98,20.71,33.21,nasa,0.48
2005-10-01,0.41,26.1,19.91,33.87,nasa,0.47
2005-10-02,0.72,25.48,21.5,30.14,nasa,0.47
2005-10-03,3.97,24.37,21.37,29.84,nasa,0.47
2005-10-04,1.64,25.07,20.68,31.52,nasa,0.47
2005-10-05,5.65,24.98,18.52,33.67,nasa,0.48
2005-10-06,0.32,26.07,20.29,33.99,nasa,0.48
2005-10-07,4.49,24.44,21.36,29.04,nasa,0.48
2005-10-08,3.99,24.62,21.65,29.53,nasa,0.48
2005-10-09,3.09,23.59,20.84,27.59,nasa,0.48
2005-10-10,7.48,24.44,21.21,29.7,nasa,0.49
2005-10-11,15.34,25.04,21.4,31.91,nasa,0.51
2005-10-12,0.32,25.16,20.93,30.42,nasa,0.52
2005-10-13,2.0,24.91,21.76,29.3,nasa,0.51
2005-10-14,3.81,24.76,20.7,31.24,nasa,0.5
2005-10-15,4.16,24.2,20.76,29.78,nasa,0.5
2005-10-16,2.99,23.93,20.5,29.8,nasa,0.5
2005-10-17,1.87,23.94,20.25,29.04,nasa,0.5
2005-10-18,3.33,24.39,21.25,29.49,nasa,0.5
2005-10-19,5.29,23.7,21.22,28.57,nasa,0.5
2005-10-20,14.68,23.21,20.81,28.8,nasa,0.51
2005-10-21,6.57,23.76,20.81,28.67,nasa,0.52
2005-10-22,25.96,23.01,21.07,26.37,nasa,0.54
2005-10-23,10.84,22.69,21.16,25.26,nasa,0.57
2005-10-24,1.09,23.98,20.47,28.85,nasa,0.57
2005-10-25,5.24,23.15,20.58,27.32,nasa,0.56
2005-10-26,1.48,24.36,21.22,29.06,nasa,0.55
2005-10-27,0.56,24.78,21.56,29.7,nasa,0.54
2005-10-28,0.48,24.67,20.49,30.74,nasa,0.53
2005-10-29,1.5,23.86,20.48,29.1,nasa,0.52
2005-10-30,7.08,24.17,20.31,30.38,nasa,0.52
2005-10-31,0.44,24.41,20.35,30.29,nasa,0.52
2005-11-01,0.48,25.31,20.83,31.36,nasa,0.51
2005-11-02,0.0,25.97,21.37,31.45,nasa,0.51
2005-11-03,0.16,25.12,22.1,29.23,nasa,0.5
2005-11-04,1.3,24.0,21.6,27.48,nasa,0.5
2005-11-05,0.86,24.67,21.76,29.06,nasa,0.5
2005-11-06,1.89,23.96,21.17,27.98,nasa,0.5
2005-11-07,4.08,24.1,20.55,29.26,nasa,0.5
2005-11-08,0.62,24.36,20.3,29.8,nasa,0.5
2005-11-09,0.11,24.95,19.61,31.83,nasa,0.5
2005-11-10,0.0,25.25,19.17,32.42,nasa,0.49
2005-11-11,0.98,25.74,20.15,32.53,nasa,0.49
2005-11-12,1.84,25.29,20.07,32.06,nasa,0.49
2005-11-13,1.11,25.72,20.17,33.22,nasa,0.49
2005-11-14,0.24,24.14,18.46,32.47,nasa,0.48
2005-11-15,0.05,23.99,17.29,31.96,nasa,0.48
2005-11-16,0.33,24.77,20.51,31.09,nasa,0.48
2005-11-17,6.24,24.28,20.96,29.83,nasa,0.48
2005-11-18,3.94,23.97,20.77,28.63,nasa,0.49
2005-11-19,1.26,22.58,18.74,27.91,nasa,0.49
2005-11-20,0.48,21.05,17.85,26.54,nasa,0.49
2005-11-21,0.23,20.85,17.42,26.81,nasa,0.49
2005-11-22,0.49,21.79,17.52,28.14,nasa,0.48
2005-11-23,2.02,22.66,19.18,28.52,nasa,0.48
2005-11-24,2.87,22.57,19.54,27.63,nasa,0.48
2005-11-25,7.59,22.49,19.21,27.76,nasa,0.49
2005-11-26,2.14,22.95,20.05,27.44,nasa,0.5
2005-11-27,3.26,23.48,20.29,28.69,nasa,0.5
2005-11-28,4.57,22.51,20.08,26.41,nasa,0.5
2005-11-29,12.81,22.45,19.95,27.26,nasa,0.51
2005-11-30,6.54,21.97,19.91,26.0,nasa,0.52
2005-12-01,6.93,22.5,19.87,27.08,nasa,0.53
2005-12-02,0.87,23.22,21.03,26.8,nasa,0.53
2005-12-03,0.88,23.28,20.83,27.89,nasa,0.52
2005-12-04,2.03,23.0,20.84,26.71,nasa,0.52
2005-12-05,5.45,22.97,20.36,26.9,nasa,0.52
2005-12-06,5.2,22.54,20.38,26.36,nasa,0.52
2005-12-07,2.84,22.19,19.96,26.47,nasa,0.52
2005-12-08,2.13,22.05,19.74,26.76,nasa,0.52
2005-12-09,0.28,22.82,19.5,28.27,nasa,0.51
2005-12-10,1.21,22.05,19.85,26.11,nasa,0.51
2005-12-11,4.96,22.65,21.05,25.32,nasa,0.51
2005-12-12,3.98,22.71,20.13,27.3,nasa,0.51
2005-12-13,11.42,21.48,19.9,24.23,nasa,0.52
2005-12-14,20.14,20.95,19.8,23.54,nasa,0.55
2005-12-15,10.44,20.57,18.55,23.92,nasa,0.57
2005-12-16,0.48,20.79,18.26,25.41,nasa,0.56
2005-12-17,1.06,20.55,17.88,24.74,nasa,0.55
2005-12-18,0.72,18.6,15.81,23.28,nasa,0.54
2005-12-19,3.41,18.09,15.81,20.56,nasa,0.54
2005-12-20,5.64,20.02,18.3,22.88,nasa,0.54
2005-12-21,11.1,18.94,16.12,22.12,nasa,0.55
2005-12-22,0.03,15.87,14.27,18.32,nasa,0.55
2005-12-23,0.04,18.17,14.86,23.0,nasa,0.54
2005-12-24,0.36,20.22,15.85,25.26,nasa,0.54
2005-12-25,1.41,21.27,18.0,26.76,nasa,0.53
2005-12-26,0.32,21.75,17.97,27.86,nasa,0.53
2005-12-27,0.08,21.74,18.35,27.31,nasa,0.52
2005-12-28,0.01,22.17,18.5,28.16,nasa,0.52
2005-12-29,0.13,22.33,19.21,27.14,nasa,0.52
2005-12-30,0.07,22.21,18.02,27.86,nasa,0.52
2005-12-31,0.17,22.89,19.09,28.1,nasa,0.51
2006-01-01,0.02,22.94,19.83,28.4,nasa,0.51
2006-01-02,0.16,22.6,19.15,28.25,nasa,0.51
2006-01-03,0.18,22.77,19.45,27.92,nasa,0.51
2006-01-04,0.07,23.66,19.06,30.63,nasa,0.5
2006-01-05,0.01,23.12,17.77,30.06,nasa,0.5
2006-01-06,0.06,22.01,18.85,27.15,nasa,0.5
2006-01-07,0.47,20.49,17.56,25.91,nasa,0.5
2006-01-08,0.25,20.03,16.93,25.6,nasa,0.5
2006-01-09,0.11,19.56,16.23,25.39,nasa,0.5
2006-01-10,0.08,20.05,16.17,26.49,nasa,0.49
2006-01-11,0.0,20.92,16.54,27.98,nasa,0.49
2006-01-12,0.0,21.86,15.27,30.62,nasa,0.49
2006-01-13,0.0,21.95,14.55,30.89,nasa,0.49
2006-01-14,0.0,22.49,15.74,31.27,nasa,0.49
2006-01-15,0.0,23.1,16.53,30.94,nasa,0.49
2006-01-16,0.0,24.12,18.81,31.45,nasa,0.48
2006-01-17,0.0,24.37,18.18,32.13,nasa,0.48
2006-01-18,0.0,24.78,18.89,31.6,nasa,0.48
2006-01-19,0.0,25.37,21.06,31.42,nasa,0.48
2006-01-20,0.0,25.85,20.79,32.26,nasa,0.48
2006-01-21,0.0,24.68,20.25,30.83,nasa,0.48
2006-01-22,0.02,22.26,17.79,28.82,nasa,0.48
2006-01-23,0.26,20.05,16.39,25.04,nasa,0.48
2006-01-24,0.14,18.99,15.67,24.63,nasa,0.48
2006-01-25,0.13,19.69,15.73,26.32,nasa,0.48
2006-01-26,0.13,18.66,14.96,24.38,nasa,0.48
2006-01-27,0.34,18.95,14.29,25.49,nasa,0.48
2006-01-28,0.05,21.46,15.16,29.1,nasa,0.48
2006-01-29,0.08,23.34,17.49,30.93,nasa,0.48
2006-01-30,0.38,24.14,19.46,31.06,nasa,0.48
2006-01-31,0.29,23.63,19.36,30.33,nasa,0.48
2006-02-01,0.25,22.16,17.58,28.48,nasa,0.48
2006-02-02,0.0,22.06,16.83,30.05,nasa,0.47
2006-02-03,0.1,21.85,16.47,29.53,nasa,0.47
2006-02-04,1.33,21.17,17.81,26.88,nasa,0.47
2006-02-05,0.16,21.27,17.23,28.08,nasa,0.47
2006-02-06,0.0,22.25,17.26,29.61,nasa,0.47
2006-02-07,0.0,21.41,17.27,27.56,nasa,0.47
2006-02-08,0.1,21.74,17.94,28.33,nasa,0.47
2006-02-09,2.19,22.05,18.32,27.42,nasa,0.47
2006-02-10,3.44,21.84,18.64,27.55,nasa,0.47
2006-02-11,0.0,22.49,18.48,28.86,nasa,0.48
2006-02-12,0.0,22.05,18.94,27.68,nasa,0.48
2006-02-13,0.0,23.08,18.49,30.08,nasa,0.47
2006-02-14,0.0,24.29,17.76,32.41,nasa,0.47
2006-02-15,0.0,25.07,18.65,32.7,nasa,0.47
2006-02-16,0.0,25.82,19.69,33.83,nasa,0.47
2006-02-17,0.0,24.88,20.46,31.61,nasa,0.47
2006-02-18,0.0,24.4,20.33,30.54,nasa,0.47
2006-02-19,0.0,23.68,18.98,30.9,nasa,0.47
2006-02-20,0.02,23.36,18.9,30.45,nasa,0.47
2006-02-21,0.06,23.47,18.63,30.84,nasa,0.47
2006-02-22,0.0,23.82,19.5,30.57,nasa,0.47
2006-02-23,0.14,23.54,19.44,29.89,nasa,0.46
2006-02-24,0.57,23.66,19.74,30.15,nasa,0.46
2006-02-25,0.0,24.6,19.5,31.93,nasa,0.46
2006-02-26,0.0,24.65,19.22,31.97,nasa,0.46
2006-02-27,0.0,24.62,18.41,32.64,nasa,0.46
2006-02-28,0.0,24.23,18.67,30.57,nasa,0.46
2006-03-01,0.0,22.48,16.98,28.5,nasa,0.46
2006-03-02,0.0,20.13,14.85,27.88,nasa,0.46
2006-03-03,0.0,21.05,15.26,29.43,nasa,0.46
2006-03-04,0.0,23.07,15.8,31.74,nasa,0.46
2006-03-05,0.0,25.01,17.66,33.65,nasa,0.46
2006-03-06,0.0,26.17,18.69,34.61,nasa,0.46
2006-03-07,0.0,26.23,20.03,34.12,nasa,0.46
2006-03-08,0.0,25.57,18.42,34.77,nasa,0.46
2006-03-09,0.0,25.02,17.99,33.8,nasa,0.46
2006-03-10,0.0,24.86,18.38,33.58,nasa,0.46
2006-03-11,0.0,25.75,18.46,34.45,nasa,0.46
2006-03-12,0.02,26.93,20.43,35.26,nasa,0.46
2006-03-13,1.35,25.32,20.15,32.03,nasa,0.46
2006-03-14,22.7,22.57,20.19,25.81,nasa,0.48
2006-03-15,1.54,24.03,19.57,30.51,nasa,0.5
2006-03-16,0.0,24.78,18.7,32.22,nasa,0.5
2006-03-17,0.02,25.68,19.82,32.98,nasa,0.49
2006-03-18,0.0,25.1,17.79,34.0,nasa,0.49
2006-03-19,0.0,25.13,18.81,33.08,nasa,0.48
2006-03-20,0.0,25.4,20.25,32.76,nasa,0.48
2006-03-21,0.0,25.33,19.46,33.69,nasa,0.47
2006-03-22,0.0,26.35,17.07,35.7,nasa,0.47
2006-03-23,0.0,27.09,20.12,34.46,nasa,0.47
2006-03-24,0.0,27.71,21.77,34.96,nasa,0.47
2006-03-25,0.0,27.32,21.28,35.15,nasa,0.46
2006-03-26,0.0,27.88,21.5,36.65,nasa,0.46
2006-03-27,0.0,28.33,21.84,36.07,nasa,0.46
2006-03-28,0.0,27.8,22.43,35.78,nasa,0.46
2006-03-29,0.0,26.58,20.46,34.47,nasa,0.46
2006-03-30,0.0,26.48,19.86,34.3,nasa,0.46
2006-03-31,0.29,26.54,20.98,33.5,nasa,0.46
2006-04-01,3.26,26.31,21.44,33.46,nasa,0.46
2006-04-02,4.19,25.04,21.71,30.17,nasa,0.47
2006-04-03,0.04,25.33,20.54,31.22,nasa,0.47
2006-04-04,0.0,26.9,19.68,35.34,nasa,0.47
2006-04-05,0.01,27.75,21.38,35.74,nasa,0.46
2006-04-06,0.01,27.83,20.39,36.48,nasa,0.46
2006-04-07,0.66,25.32,21.91,29.91,nasa,0.46
2006-04-08,0.94,25.28,21.83,30.55,nasa,0.46
2006-04-09,0.89,26.41,20.61,33.98,nasa,0.46
2006-04-10,2.07,27.27,20.91,35.64,nasa,0.46
2006-04-11,0.0,28.67,22.35,35.84,nasa,0.46
2006-04-12,0.0,28.38,23.15,35.37,nasa,0.46
2006-04-13,0.0,28.75,22.34,36.47,nasa,0.46
2006-04-14,0.01,27.82,21.22,35.7,nasa,0.46
2006-04-15,0.16,26.76,22.01,34.05,nasa,0.46
2006-04-16,0.0,26.13,21.54,33.22,nasa,0.46
2006-04-17,0.0,26.05,20.97,33.18,nasa,0.46
2006-04-18,0.0,26.45,21.04,33.72,nasa,0.46
2006-04-19,0.0,26.5,20.74,34.09,nasa,0.45
2006-04-20,0.0,25.75,18.33,34.62,nasa,0.45
2006-04-21,0.0,27.16,19.32,35.82,nasa,0.45
2006-04-22,0.04,27.99,21.92,35.26,nasa,0.45
2006-04-23,0.0,28.11,21.29,37.06,nasa,0.45
2006-04-24,0.0,28.01,20.11,36.59,nasa,0.45
2006-04-25,0.12,28.53,21.2,36.57,nasa,0.45
2006-04-26,0.58,29.03,22.78,36.91,nasa,0.45
2006-04-27,0.86,28.85,23.36,36.77,nasa,0.45
2006-04-28,4.19,27.21,22.22,34.08,nasa,0.45
2006-04-29,0.13,27.13,22.92,32.69,nasa,0.46
2006-04-30,2.12,26.51,22.54,32.51,nasa,0.46
2006-05-01,0.27,27.96,22.01,36.09,nasa,0.46
2006-05-02,0.0,27.79,22.85,33.47,nasa,0.46
2006-05-03,0.0,28.39,22.87,35.93,nasa,0.46
2006-05-04,0.0,28.19,22.15,35.06,nasa,0.45
2006-05-05,0.06,29.07,22.42,36.85,nasa,0.45
2006-05-06,0.77,27.89,22.29,35.87,nasa,0.45
2006-05-07,1.02,28.45,22.14,37.49,nasa,0.45
2006-05-08,0.01,28.41,22.53,36.01,nasa,0.45
2006-05-09,0.06,28.57,22.16,35.72,nasa,0.45
2006-05-10,0.42,28.85,23.06,36.66,nasa,0.45
2006-05-11,0.86,28.61,21.87,36.74,nasa,0.45
2006-05-12,1.09,28.47,21.14,37.13,nasa,0.45
2006-05-13,9.12,26.37,19.86,34.94,nasa,0.46
2006-05-14,3.05,25.67,21.0,32.81,nasa,0.47
2006-05-15,0.02,26.64,21.09,33.59,nasa,0.47
2006-05-16,0.0,27.55,22.01,34.35,nasa,0.46
2006-05-17,0.21,27.15,22.25,32.99,nasa,0.46
2006-05-18,3.65,27.14,22.25,34.7,nasa,0.46
2006-05-19,3.48,25.67,21.67,31.46,nasa,0.47
2006-05-20,0.56,25.79,22.59,31.36,nasa,0.47
2006-05-21,0.59,26.12,22.2,31.34,nasa,0.47
2006-05-22,0.51,24.99,21.96,29.31,nasa,0.47
2006-05-23,0.05,25.82,21.54,31.99,nasa,0.46
2006-05-24,0.37,25.33,22.54,30.1,nasa,0.46
2006-05-25,0.9,26.13,21.24,32.29,nasa,0.46
2006-05-26,0.41,27.28,21.32,33.52,nasa,0.46
2006-05-27,0.01,26.84,22.64,32.56,nasa,0.46
2006-05-28,0.06,26.84,22.06,32.2,nasa,0.46
2006-05-29,0.52,26.91,22.87,32.57,nasa,0.46
2006-05-30,10.56,24.8,22.42,28.65,nasa,0.47
2006-05-31,0.53,25.65,21.72,30.91,nasa,0.48
2006-06-01,1.57,25.25,22.3,29.49,nasa,0.48
2006-06-02,0.01,26.14,21.76,31.08,nasa,0.47
2006-06-03,0.51,26.22,22.16,31.2,nasa,0.47
2006-06-04,3.97,26.14,21.81,32.15,nasa,0.47
2006-06-05,0.93,26.17,21.98,31.44,nasa,0.47
2006-06-06,0.14,25.92,22.82,30.21,nasa,0.47
2006-06-07,0.0,26.55,22.7,31.23,nasa,0.47
2006-06-08,0.0,26.63,22.87,31.29,nasa,0.47
2006-06-09,0.0,27.48,22.93,33.2,nasa,0.47
2006-06-10,0.0,26.52,23.3,30.91,nasa,0.46
2006-06-11,0.69,26.34,22.21,31.77,nasa,0.46
2006-06-12,3.96,24.27,22.22,27.16,nasa,0.47
2006-06-13,4.22,24.96,21.66,29.66,nasa,0.47
2006-06-14,0.69,25.76,22.24,30.26,nasa,0.47
2006-06-15,0.99,26.75,21.86,32.71,nasa,0.47
2006-06-16,2.09,25.71,22.17,30.99,nasa,0.47
2006-06-17,2.68,25.57,22.57,31.38,nasa,0.47
2006-06-18,1.33,25.45,22.08,29.65,nasa,0.47
2006-06-19,0.61,26.04,21.49,31.84,nasa,0.47
2006-06-20,0.03,25.8,21.97,30.82,nasa,0.47
2006-06-21,0.36,25.47,21.65,31.52,nasa,0.47
2006-06-22,0.53,25.9,21.3,31.97,nasa,0.47
2006-06-23,2.27,25.61,21.2,31.8,nasa,0.47
2006-06-24,0.26,26.64,21.23,33.24,nasa,0.47
2006-06-25,0.13,26.7,21.05,32.9,nasa,0.46
2006-06-26,0.91,26.54,22.12,32.67,nasa,0.46
2006-06-27,1.82,25.73,21.5,30.84,nasa,0.46
2006-06-28,2.76,24.37,20.88,29.41,nasa,0.47
2006-06-29,0.92,24.66,21.91,28.45,nasa,0.47
2006-06-30,2.31,23.28,21.13,26.51,nasa,0.47
2006-07-01,5.41,23.07,20.13,27.61,nasa,0.47
2006-07-02,7.76,23.22,21.69,25.85,nasa,0.48
2006-07-03,6.55,23.3,21.6,26.98,nasa,0.49
2006-07-04,1.83,24.8,21.19,30.19,nasa,0.49
2006-07-05,1.35,25.29,21.78,29.51,nasa,0.49
2006-07-06,0.29,26.58,21.88,32.55,nasa,0.48
2006-07-07,0.98,25.95,22.33,30.97,nasa,0.48
2006-07-08,1.33,26.33,22.06,31.96,nasa,0.48
2006-07-09,0.57,27.03,22.31,33.21,nasa,0.47
2006-07-10,0.48,27.29,22.6,33.35,nasa,0.47
2006-07-11,0.41,26.64,22.98,31.87,nasa,0.47
2006-07-12,1.19,26.44,22.75,32.12,nasa,0.47
2006-07-13,0.62,25.79,22.39,30.24,nasa,0.47
2006-07-14,0.47,25.77,22.74,30.28,nasa,0.46
2006-07-15,1.42,25.76,22.31,30.86,nasa,0.46
2006-07-16,2.42,25.1,22.23,29.91,nasa,0.46
2006-07-17,0.17,25.16,21.7,30.78,nasa,0.47
2006-07-18,0.05,25.59,21.04,31.44,nasa,0.46
2006-07-19,0.27,26.54,20.9,33.1,nasa,0.46
2006-07-20,0.53,24.84,22.41,28.09,nasa,0.46
2006-07-21,1.64,24.04,21.86,27.12,nasa,0.46
2006-07-22,0.31,24.06,21.59,27.21,nasa,0.46
2006-07-23,2.09,24.18,21.29,28.63,nasa,0.46
2006-07-24,2.81,24.49,21.63,27.94,nasa,0.47
2006-07-25,0.5,24.54,22.46,28.45,nasa,0.47
2006-07-26,0.69,25.18,21.82,30.77,nasa,0.47
2006-07-27,0.62,25.57,21.74,31.58,nasa,0.46
2006-07-28,1.93,25.17,21.4,30.62,nasa,0.46
2006-07-29,1.24,25.4,21.19,30.65,nasa,0.46
2006-07-30,0.95,24.7,22.09,29.01,nasa,0.46
2006-07-31,0.81,24.24,21.39,28.61,nasa,0.46
2006-08-01,0.56,24.93,21.36,30.44,nasa,0.46
2006-08-02,0.93,24.09,21.18,28.4,nasa,0.46
2006-08-03,1.02,24.36,20.98,28.35,nasa,0.46
2006-08-04,4.93,24.47,21.22,29.31,nasa,0.46
2006-08-05,1.35,25.01,21.42,30.12,nasa,0.47
2006-08-06,0.67,24.87,21.37,28.72,nasa,0.47
2006-08-07,1.61,25.35,21.95,30.34,nasa,0.47
2006-08-08,2.62,25.31,21.76,30.08,nasa,0.47
2006-08-09,6.4,23.94,21.63,27.98,nasa,0.47
2006-08-10,2.91,24.84,21.2,30.28,nasa,0.48
2006-08-11,0.88,24.85,22.59,28.33,nasa,0.48
2006-08-12,2.81,24.18,21.36,28.43,nasa,0.48
2006-08-13,10.33,23.39,21.07,27.43,nasa,0.48
2006-08-14,4.73,24.08,21.15,28.41,nasa,0.49
2006-08-15,2.92,24.03,21.05,28.83,nasa,0.49
2006-08-16,1.98,25.0,21.35,30.25,nasa,0.49
2006-08-17,0.02,25.87,21.58,30.98,nasa,0.48
2006-08-18,0.03,26.09,22.14,30.93,nasa,0.48
2006-08-19,0.22,26.09,22.36,31.35,nasa,0.48
2006-08-20,0.0,25.79,22.03,30.55,nasa,0.47
2006-08-21,0.0,26.84,21.43,33.24,nasa,0.47
2006-08-22,0.12,25.95,22.34,30.91,nasa,0.47
2006-08-23,1.72,24.93,20.62,29.84,nasa,0.47
2006-08-24,0.45,25.43,22.27,29.46,nasa,0.47
2006-08-25,0.77,26.17,22.19,31.63,nasa,0.47
2006-08-26,0.55,26.69,22.57,32.14,nasa,0.47
2006-08-27,0.56,26.27,22.02,32.43,nasa,0.46
2006-08-28,5.34,24.53,22.26,28.27,nasa,0.47
2006-08-29,0.87,25.24,21.23,31.78,nasa,0.47
2006-08-30,0.95,25.32,21.04,31.68,nasa,0.47
2006-08-31,0.86,26.12,21.18,32.62,nasa,0.47
2006-09-01,0.46,26.73,22.06,33.43,nasa,0.47
2006-09-02,0.12,26.62,21.69,32.29,nasa,0.47
2006-09-03,0.67,26.33,22.02,31.47,nasa,0.46
2006-09-04,2.71,27.14,21.5,33.89,nasa,0.47
2006-09-05,0.26,26.73,22.31,33.13,nasa,0.47
2006-09-06,0.0,27.63,22.15,34.6,nasa,0.46
2006-09-07,0.04,27.95,21.82,34.79,nasa,0.46
2006-09-08,0.96,26.34,23.24,30.47,nasa,0.46
2006-09-09,0.2,26.5,21.8,32.53,nasa,0.46
2006-09-10,0.47,26.28,22.66,31.07,nasa,0.46
2006-09-11,3.49,23.19,21.35,25.37,nasa,0.46
2006-09-12,6.57,23.28,20.66,27.56,nasa,0.47
2006-09-13,3.37,23.62,21.44,27.18,nasa,0.48
2006-09-14,0.51,25.08,20.88,30.59,nasa,0.48
2006-09-15,1.82,24.72,21.17,29.32,nasa,0.48
2006-09-16,0.45,25.13,21.24,29.93,nasa,0.48
2006-09-17,1.55,25.69,21.24,32.24,nasa,0.47
2006-09-18,1.28,24.5,21.76,28.4,nasa,0.47
2006-09-19,3.03,24.47,21.43,29.22,nasa,0.47
2006-09-20,3.35,23.89,21.05,28.08,nasa,0.48
2006-09-21,9.58,23.88,20.63,29.49,nasa,0.49
2006-09-22,1.6,23.97,20.94,28.31,nasa,0.49
2006-09-23,1.94,23.77,21.3,27.53,nasa,0.49
2006-09-24,0.79,24.79,21.23,29.89,nasa,0.49
2006-09-25,1.67,24.77,20.76,30.64,nasa,0.49
2006-09-26,0.66,24.53,20.69,30.41,nasa,0.48
2006-09-27,2.76,24.17,21.54,28.83,nasa,0.48
2006-09-28,3.31,23.46,21.33,27.0,nasa,0.48
2006-09-29,1.04,23.97,21.01,28.83,nasa,0.48
2006-09-30,1.63,25.69,20.33,32.27,nasa,0.48
2006-10-01,0.81,24.53,22.15,28.27,nasa,0.48
2006-10-02,1.95,24.98,22.05,31.2,nasa,0.48
2006-10-03,3.03,24.43,21.12,29.63,nasa,0.48
2006-10-04,2.94,24.41,21.03,29.0,nasa,0.48
2006-10-05,3.83,23.91,21.89,27.13,nasa,0.48
2006-10-06,1.81,24.41,20.74,30.19,nasa,0.49
2006-10-07,1.83,23.47,19.97,29.56,nasa,0.48
2006-10-08,1.5,24.7,19.93,30.45,nasa,0.48
2006-10-09,5.41,24.46,19.83,30.23,nasa,0.49
2006-10-10,3.97,23.73,18.66,31.23,nasa,0.49
2006-10-11,0.71,24.42,19.24,31.58,nasa,0.49
2006-10-12,0.37,24.68,19.66,31.21,nasa,0.48
2006-10-13,4.57,24.74,20.0,32.05,nasa,0.48
2006-10-14,1.58,24.74,18.87,32.8,nasa,0.48
2006-10-15,2.19,24.6,19.36,31.8,nasa,0.48
2006-10-16,0.03,25.22,20.16,31.47,nasa,0.48
2006-10-17,0.06,25.89,20.88,32.79,nasa,0.48
2006-10-18,0.43,25.6,20.25,32.85,nasa,0.47
2006-10-19,0.2,25.0,19.85,32.36,nasa,0.47
2006-10-20,0.36,24.71,20.18,31.54,nasa,0.47
2006-10-21,0.63,24.53,19.6,31.95,nasa,0.47
2006-10-22,2.35,24.26,18.62,31.93,nasa,0.47
2006-10-23,1.86,24.76,18.46,33.11,nasa,0.47
2006-10-24,0.11,24.68,19.93,31.72,nasa,0.47
2006-10-25,1.47,24.46,20.21,30.94,nasa,0.47
2006-10-26,5.66,24.87,20.65,30.87,nasa,0.47
2006-10-27,4.7,24.74,21.9,29.81,nasa,0.48
2006-10-28,1.16,24.69,21.1,30.81,nasa,0.48
2006-10-29,0.17,24.69,21.23,30.18,nasa,0.48
2006-10-30,0.03,24.45,20.02,31.09,nasa,0.47
2006-10-31,1.54,23.12,19.79,27.87,nasa,0.47
2006-11-01,0.66,22.65,19.22,28.41,nasa,0.47
2006-11-02,1.39,23.09,17.75,31.19,nasa,0.47
2006-11-03,0.01,23.3,16.9,31.54,nasa,0.47
2006-11-04,0.0,24.31,17.76,32.17,nasa,0.47
2006-11-05,0.0,25.42,19.48,32.99,nasa,0.47
2006-11-06,0.2,25.43,19.59,33.18,nasa,0.46
2006-11-07,10.47,23.43,19.43,30.19,nasa,0.47
2006-11-08,4.38,22.83,20.3,26.81,nasa,0.48
2006-11-09,0.82,23.62,19.75,29.25,nasa,0.48
2006-11-10,0.49,24.51,20.24,30.69,nasa,0.48
2006-11-11,0.01,23.75,19.76,29.73,nasa,0.48
2006-11-12,0.0,23.59,19.65,29.72,nasa,0.47
2006-11-13,0.0,24.91,19.44,32.5,nasa,0.47
2006-11-14,0.02,25.42,18.65,33.53,nasa,0.47
2006-11-15,2.41,25.12,20.21,31.93,nasa,0.47
2006-11-16,0.04,25.01,20.61,31.68,nasa,0.47
2006-11-17,0.36,24.51,20.75,30.06,nasa,0.47
2006-11-18,0.47,24.68,20.21,31.13,nasa,0.47
2006-11-19,1.94,25.15,20.75,31.64,nasa,0.47
2006-11-20,0.0,25.7,20.53,32.42,nasa,0.47
2006-11-21,0.02,25.34,20.38,31.11,nasa,0.46
2006-11-22,0.24,26.26,21.38,32.82,nasa,0.46
2006-11-23,0.0,26.82,20.97,34.7,nasa,0.46
2006-11-24,0.0,25.74,20.25,33.03,nasa,0.46
2006-11-25,0.0,25.5,19.65,33.06,nasa,0.46
2006-11-26,0.0,25.92,19.19,34.04,nasa,0.46
2006-11-27,0.0,26.1,19.25,34.65,nasa,0.46
2006-11-28,0.0,25.31,17.93,33.48,nasa,0.45
2006-11-29,0.02,24.99,19.76,32.78,nasa,0.45
2006-11-30,0.0,24.58,18.94,32.74,nasa,0.45
2006-12-01,0.22,24.59,19.0,32.02,nasa,0.45
2006-12-02,0.77,23.8,19.97,29.71,nasa,0.45
2006-12-03,0.09,23.81,19.61,30.18,nasa,0.45
2006-12-04,5.81,22.38,19.37,27.89,nasa,0.46
2006-12-05,22.8,23.0,20.68,27.81,nasa,0.48
2006-12-06,0.4,24.02,20.38,29.57,nasa,0.5
2006-12-07,0.11,24.19,19.8,30.42,nasa,0.49
2006-12-08,0.1,24.01,20.06,30.16,nasa,0.49
2006-12-09,1.42,24.03,20.03,30.01,nasa,0.48
2006-12-10,2.06,23.77,20.72,29.12,nasa,0.48
2006-12-11,0.13,23.84,20.54,29.86,nasa,0.48
2006-12-12,0.12,23.7,19.31,30.61,nasa,0.48
2006-12-13,0.0,24.28,17.21,32.32,nasa,0.47
2006-12-14,0.0,24.8,18.37,32.72,nasa,0.47
2006-12-15,0.0,23.09,18.12,30.3,nasa,0.47
2006-12-16,0.0,22.34,18.11,29.23,nasa,0.47
2006-12-17,0.0,21.11,17.09,26.88,nasa,0.47
2006-12-18,0.04,20.49,16.42,26.56,nasa,0.46
2006-12-19,0.39,21.53,18.46,27.31,nasa,0.46
2006-12-20,0.06,20.94,17.13,26.51,nasa,0.46
2006-12-21,0.0,19.34,15.2,24.98,nasa,0.46
2006-12-22,0.0,18.42,14.52,25.18,nasa,0.46
2006-12-23,0.0,19.95,13.99,27.63,nasa,0.46
2006-12-24,0.0,21.73,17.07,29.25,nasa,0.46
2006-12-25,0.0,22.11,16.86,29.7,nasa,0.46
2006-12-26,0.0,22.68,17.44,30.47,nasa,0.46
2006-12-27,0.0,21.94,17.09,29.32,nasa,0.46
2006-12-28,0.0,20.61,16.48,27.45,nasa,0.46
2006-12-29,0.03,21.6,17.01,28.24,nasa,0.46
2006-12-30,0.19,22.37,18.8,28.43,nasa,0.46
2006-12-31,1.38,22.82,19.25,29.3,nasa,0.46
2007-01-01,1.63,22.75,19.2,29.02,nasa,0.46
2007-01-02,0.0,23.95,18.92,30.98,nasa,0.46
2007-01-03,0.0,24.19,18.94,31.11,nasa,0.46
2007-01-04,0.03,23.99,19.6,30.95,nasa,0.46
2007-01-05,0.47,23.51,20.41,29.2,nasa,0.46
2007-01-06,0.54,21.93,19.06,25.99,nasa,0.46
2007-01-07,0.06,20.84,17.99,25.57,nasa,0.46
2007-01-08,0.28,20.82,18.32,25.24,nasa,0.46
2007-01-09,0.42,20.3,17.59,24.77,nasa,0.46
2007-01-10,0.0,21.34,17.54,27.66,nasa,0.46
2007-01-11,0.0,22.19,16.83,30.06,nasa,0.45
2007-01-12,0.0,22.54,18.06,29.56,nasa,0.45
2007-01-13,0.0,22.49,18.48,28.98,nasa,0.45
2007-01-14,0.0,22.47,18.51,28.7,nasa,0.45
2007-01-15,0.02,23.1,18.96,29.85,nasa,0.45
2007-01-16,0.23,24.16,19.73,30.84,nasa,0.45
2007-01-17,0.3,24.01,20.07,30.07,nasa,0.45
2007-01-18,0.67,23.39,20.14,28.45,nasa,0.45
2007-01-19,0.36,24.39,20.33,31.46,nasa,0.45
2007-01-20,0.0,24.37,19.59,31.68,nasa,0.45
2007-01-21,0.0,23.48,17.8,31.52,nasa,0.45
2007-01-22,0.0,23.32,17.8,31.07,nasa,0.45
2007-01-23,0.0,22.98,18.92,30.01,nasa,0.45
2007-01-24,0.0,22.3,17.96,28.89,nasa,0.45
2007-01-25,0.0,21.57,17.26,28.48,nasa,0.45
2007-01-26,0.0,20.87,16.43,28.6,nasa,0.45
2007-01-27,0.0,19.7,15.48,26.89,nasa,0.45
2007-01-28,0.0,18.06,14.77,24.32,nasa,0.45
2007-01-29,0.0,17.67,14.12,23.54,nasa,0.45
2007-01-30,0.0,18.07,13.61,24.5,nasa,0.45
2007-01-31,0.0,18.24,13.92,25.02,nasa,0.45
2007-02-01,0.01,18.15,13.42,25.04,nasa,0.45
2007-02-02,0.01,18.43,14.12,24.49,nasa,0.45
2007-02-03,0.0,18.8,13.39,25.65,nasa,0.45
2007-02-04,0.04,21.39,16.13,29.39,nasa,0.45
2007-02-05,0.0,21.46,16.96,28.35,nasa,0.45
2007-02-06,0.0,21.69,15.8,29.63,nasa,0.45
2007-02-07,0.0,22.46,15.98,31.08,nasa,0.45
2007-02-08,0.0,22.71,16.7,31.1,nasa,0.45
2007-02-09,0.0,23.05,16.39,31.8,nasa,0.45
2007-02-10,0.0,23.91,16.83,32.82,nasa,0.45
2007-02-11,0.0,24.32,19.11,32.24,nasa,0.45
2007-02-12,0.0,24.44,18.09,33.12,nasa,0.45
2007-02-13,0.0,24.87,16.58,34.75,nasa,0.45
2007-02-14,0.0,24.49,15.67,35.08,nasa,0.45
2007-02-15,0.0,23.98,16.32,33.86,nasa,0.45
2007-02-16,0.0,25.47,16.33,36.29,nasa,0.45
2007-02-17,0.0,26.33,17.88,35.68,nasa,0.45
2007-02-18,0.0,26.9,19.62,35.9,nasa,0.44
2007-02-19,0.0,26.96,20.66,35.22,nasa,0.44
2007-02-20,0.0,27.02,19.45,35.85,nasa,0.44
2007-02-21,0.03,26.44,20.99,33.83,nasa,0.44
2007-02-22,0.08,26.87,20.5,34.95,nasa,0.44
2007-02-23,0.0,26.35,18.73,35.32,nasa,0.44
2007-02-24,0.0,25.92,18.5,35.36,nasa,0.44
2007-02-25,0.0,25.99,17.24,35.87,nasa,0.44
2007-02-26,0.09,24.74,18.85,31.72,nasa,0.44
2007-02-27,0.09,24.69,19.37,32.35,nasa,0.44
2007-02-28,0.0,24.97,18.72,33.14,nasa,0.44
2007-03-01,0.0,25.61,17.7,34.74,nasa,0.44
2007-03-02,0.0,25.91,17.95,34.56,nasa,0.44
2007-03-03,0.0,26.58,18.24,35.3,nasa,0.44
2007-03-04,0.0,27.46,19.92,36.1,nasa,0.44
2007-03-05,0.0,27.67,21.26,36.27,nasa,0.44
2007-03-06,0.01,24.79,19.17,31.32,nasa,0.44
2007-03-07,0.35,26.0,19.51,33.92,nasa,0.44
2007-03-08,0.13,25.43,20.69,31.44,nasa,0.44
2007-03-09,0.0,25.19,19.32,32.78,nasa,0.44
2007-03-10,0.0,25.1,18.94,33.05,nasa,0.44
2007-03-11,0.0,25.46,19.3,33.59,nasa,0.44
2007-03-12,0.0,26.0,19.56,34.36,nasa,0.44
2007-03-13,0.0,26.08,19.44,34.32,nasa,0.44
2007-03-14,0.0,26.38,17.97,34.95,nasa,0.44
2007-03-15,0.0,27.74,20.57,35.47,nasa,0.44
2007-03-16,0.0,28.3,22.23,35.41,nasa,0.44
2007-03-17,0.0,27.73,22.84,34.95,nasa,0.44
2007-03-18,0.05,26.76,20.39,34.53,nasa,0.44
2007-03-19,1.38,26.0,20.6,33.06,nasa,0.44
2007-03-20,4.1,22.63,20.14,27.31,nasa,0.45
2007-03-21,4.83,23.32,19.89,29.41,nasa,0.45
2007-03-22,1.38,24.94,20.84,31.43,nasa,0.46
2007-03-23,0.28,25.46,21.34,31.57,nasa,0.46
2007-03-24,0.0,24.78,20.95,30.26,nasa,0.46
2007-03-25,0.0,25.02,21.61,29.82,nasa,0.46
2007-03-26,0.01,26.97,21.56,34.15,nasa,0.45
2007-03-27,0.0,28.27,22.38,35.64,nasa,0.45
2007-03-28,0.0,28.72,22.08,37.25,nasa,0.45
2007-03-29,0.0,27.26,19.14,37.08,nasa,0.45
2007-03-30,0.0,27.07,16.61,38.01,nasa,0.45
2007-03-31,0.0,28.79,18.58,39.04,nasa,0.45
2007-04-01,0.0,29.69,23.47,36.9,nasa,0.45
2007-04-02,0.0,29.98,22.87,37.66,nasa,0.45
2007-04-03,0.0,29.09,22.23,37.43,nasa,0.44
2007-04-04,0.0,25.62,19.7,32.67,nasa,0.44
2007-04-05,0.0,25.52,20.32,32.62,nasa,0.44
2007-04-06,0.0,25.65,20.55,33.01,nasa,0.44
2007-04-07,0.0,25.47,20.35,32.61,nasa,0.44
2007-04-08,0.0,26.14,20.56,34.07,nasa,0.44
2007-04-09,0.0,25.97,20.6,33.41,nasa,0.44
2007-04-10,0.0,26.45,20.63,34.11,nasa,0.44
2007-04-11,0.0,25.97,20.59,33.71,nasa,0.44
2007-04-12,0.0,26.42,20.8,34.19,nasa,0.44
2007-04-13,0.0,27.2,21.24,34.65,nasa,0.44
2007-04-14,0.0,27.56,21.54,35.0,nasa,0.44
2007-04-15,0.0,29.29,21.95,36.88,nasa,0.44
2007-04-16,0.0,27.38,24.3,31.89,nasa,0.44
2007-04-17,0.0,28.46,22.94,34.44,nasa,0.44
2007-04-18,0.05,29.09,22.94,36.9,nasa,0.44
2007-04-19,0.2,27.85,22.35,34.34,nasa,0.44
2007-04-20,0.0,28.95,21.28,37.68,nasa,0.44
2007-04-21,0.0,29.61,21.71,37.23,nasa,0.44
2007-04-22,0.0,30.59,22.43,39.27,nasa,0.44
2007-04-23,0.0,30.87,23.59,38.24,nasa,0.44
2007-04-24,0.0,30.83,24.02,39.22,nasa,0.44
2007-04-25,0.0,28.76,23.73,35.04,nasa,0.44
2007-04-26,0.15,26.93,22.01,33.84,nasa,0.44
2007-04-27,1.89,25.75,22.31,30.9,nasa,0.44
2007-04-28,0.85,25.38,22.17,30.72,nasa,0.45
2007-04-29,2.07,25.51,21.57,31.3,nasa,0.45
2007-04-30,0.06,25.52,21.3,31.41,nasa,0.45
2007-05-01,0.14,26.18,22.21,31.17,nasa,0.45
2007-05-02,0.0,27.66,20.97,36.11,nasa,0.45
2007-05-03,0.0,27.46,22.13,33.78,nasa,0.45
2007-05-04,0.07,27.41,22.09,35.63,nasa,0.45
2007-05-05,0.96,26.71,22.45,32.16,nasa,0.45
2007-05-06,0.38,28.7,23.11,35.78,nasa,0.45
2007-05-07,2.45,26.5,22.43,32.65,nasa,0.45
2007-05-08,1.54,25.88,21.52,32.72,nasa,0.45
2007-05-09,5.67,24.33,22.05,28.19,nasa,0.45
2007-05-10,10.24,24.18,21.82,28.18,nasa,0.47
2007-05-11,10.95,24.61,21.28,29.84,nasa,0.48
2007-05-12,3.5,24.52,22.02,28.61,nasa,0.49
2007-05-13,12.13,24.75,21.5,30.46,nasa,0.5
2007-05-14,10.01,24.3,20.2,30.33,nasa,0.52
2007-05-15,2.37,25.15,20.33,31.2,nasa,0.51
2007-05-16,0.0,25.81,19.89,32.24,nasa,0.51
2007-05-17,0.0,26.34,21.1,32.93,nasa,0.5
2007-05-18,0.03,26.33,21.41,33.43,nasa,0.49
2007-05-19,0.22,26.67,21.49,32.85,nasa,0.48
2007-05-20,0.25,27.97,21.34,34.86,nasa,0.48
2007-05-21,0.09,27.23,22.82,32.62,nasa,0.47
2007-05-22,0.26,27.56,22.98,33.21,nasa,0.47
2007-05-23,0.0,27.65,23.14,32.77,nasa,0.47
2007-05-24,0.08,28.19,22.89,34.53,nasa,0.46
2007-05-25,0.38,27.47,23.46,32.13,nasa,0.46
2007-05-26,0.69,26.45,23.42,30.08,nasa,0.46
2007-05-27,3.17,26.15,22.43,31.5,nasa,0.46
2007-05-28,1.1,25.72,22.32,30.53,nasa,0.47
2007-05-29,0.25,26.95,22.2,32.62,nasa,0.46
2007-05-30,0.31,27.0,22.83,32.28,nasa,0.46
2007-05-31,1.59,26.84,22.13,32.77,nasa,0.46
2007-06-01,0.09,26.9,23.34,31.9,nasa,0.46
2007-06-02,0.36,27.0,22.89,31.84,nasa,0.46
2007-06-03,0.47,27.12,22.52,32.52,nasa,0.46
2007-06-04,0.0,27.8,22.03,34.08,nasa,0.46
2007-06-05,0.0,27.9,23.87,33.62,nasa,0.46
2007-06-06,0.13,28.57,23.52,34.8,nasa,0.46
2007-06-07,1.41,27.7,23.46,32.7,nasa,0.46
2007-06-08,0.0,28.31,23.44,34.42,nasa,0.46
2007-06-09,0.03,27.12,24.35,30.84,nasa,0.45
2007-06-10,0.27,28.46,22.98,34.5,nasa,0.45
2007-06-11,0.37,28.35,23.77,33.98,nasa,0.45
2007-06-12,3.13,26.58,23.35,30.69,nasa,0.46
2007-06-13,0.0,27.33,23.07,32.5,nasa,0.46
2007-06-14,0.0,27.07,24.04,31.61,nasa,0.46
2007-06-15,0.08,26.68,23.82,31.39,nasa,0.46
2007-06-16,0.57,26.08,22.52,31.71,nasa,0.46
2007-06-17,0.06,27.45,21.65,34.63,nasa,0.45
2007-06-18,0.4,27.9,22.13,34.81,nasa,0.45
2007-06-19,1.67,26.86,22.55,33.15,nasa,0.45
2007-06-20,1.14,26.29,21.79,32.44,nasa,0.45
2007-06-21,1.08,26.07,21.23,31.28,nasa,0.45
2007-06-22,2.04,25.66,21.95,30.67,nasa,0.46
2007-06-23,1.53,25.83,21.83,31.22,nasa,0.46
2007-06-24,1.94,25.48,22.45,29.44,nasa,0.46
2007-06-25,5.02,25.07,22.01,29.11,nasa,0.46
2007-06-26,4.39,25.4,21.72,30.48,nasa,0.47
2007-06-27,2.64,25.83,22.0,31.28,nasa,0.47
2007-06-28,1.76,24.38,21.62,27.96,nasa,0.47
2007-06-29,0.71,25.3,21.91,30.28,nasa,0.47
2007-06-30,6.12,24.54,21.17,29.69,nasa,0.47
2007-07-01,2.35,23.45,21.58,25.77,nasa,0.48
2007-07-02,1.16,24.31,21.54,28.05,nasa,0.48
2007-07-03,1.41,24.27,21.25,28.05,nasa,0.47
2007-07-04,4.84,23.94,21.67,27.56,nasa,0.47
2007-07-05,2.33,24.39,21.32,28.54,nasa,0.48
2007-07-06,1.36,25.57,21.83,31.24,nasa,0.48
2007-07-07,0.28,24.9,22.28,28.36,nasa,0.47
2007-07-08,0.55,24.24,22.1,27.07,nasa,0.47
2007-07-09,0.41,26.52,21.66,33.11,nasa,0.47
2007-07-10,0.78,25.53,22.71,29.51,nasa,0.47
2007-07-11,1.47,25.2,21.81,29.53,nasa,0.47
2007-07-12,0.65,25.83,22.82,30.17,nasa,0.47
2007-07-13,0.66,26.03,22.78,30.84,nasa,0.47
2007-07-14,0.68,25.82,22.6,29.85,nasa,0.46
2007-07-15,2.74,25.07,22.15,29.5,nasa,0.47
2007-07-16,0.54,25.94,21.97,31.27,nasa,0.47
2007-07-17,0.01,27.18,22.51,33.7,nasa,0.47
2007-07-18,0.14,27.38,21.92,33.73,nasa,0.46
2007-07-19,1.53,27.32,21.63,34.62,nasa,0.46
2007-07-20,0.82,27.32,22.19,33.11,nasa,0.46
2007-07-21,0.0,27.19,23.32,32.01,nasa,0.46
2007-07-22,0.0,28.28,21.95,35.58,nasa,0.46
2007-07-23,0.0,28.21,22.09,35.69,nasa,0.46
2007-07-24,0.0,27.71,23.17,34.71,nasa,0.46
2007-07-25,0.25,26.65,21.24,33.77,nasa,0.45
2007-07-26,1.44,27.03,20.43,34.34,nasa,0.45
2007-07-27,2.17,26.83,21.5,33.28,nasa,0.45
2007-07-28,5.49,25.81,21.76,32.51,nasa,0.46
2007-07-29,1.12,25.85,21.24,32.05,nasa,0.46
2007-07-30,0.68,25.76,21.32,31.83,nasa,0.46
2007-07-31,0.77,24.52,21.86,28.67,nasa,0.46
2007-08-01,1.41,23.99,21.53,27.89,nasa,0.46
2007-08-02,7.44,22.49,20.47,25.91,nasa,0.47
2007-08-03,30.36,21.54,19.36,25.21,nasa,0.5
2007-08-04,38.92,21.7,19.5,23.76,nasa,0.57
2007-08-05,30.05,21.64,20.58,23.1,nasa,0.62
2007-08-06,1.01,23.89,20.54,28.42,nasa,0.63
2007-08-07,0.05,23.91,21.31,27.07,nasa,0.6
2007-08-08,0.61,24.65,21.53,29.3,nasa,0.58
2007-08-09,2.86,24.02,20.99,28.04,nasa,0.56
2007-08-10,1.34,23.74,22.01,26.56,nasa,0.55
2007-08-11,0.57,24.98,21.24,29.82,nasa,0.54
2007-08-12,0.01,25.44,22.55,29.39,nasa,0.53
2007-08-13,0.03,25.55,22.58,29.59,nasa,0.52
2007-08-14,0.08,25.98,22.55,30.65,nasa,0.51
2007-08-15,0.38,25.19,23.03,28.39,nasa,0.5
2007-08-16,0.8,25.01,21.61,29.74,nasa,0.5
2007-08-17,0.35,24.55,21.23,29.04,nasa,0.5
2007-08-18,2.28,25.03,22.08,30.21,nasa,0.49
2007-08-19,2.69,24.62,22.07,29.12,nasa,0.49
2007-08-20,1.69,25.32,21.62,30.81,nasa,0.49
2007-08-21,0.02,25.47,21.93,30.15,nasa,0.49
2007-08-22,0.03,25.21,22.51,30.19,nasa,0.49
2007-08-23,0.0,26.12,21.54,31.95,nasa,0.49
2007-08-24,0.12,25.97,21.45,31.37,nasa,0.48
2007-08-25,0.71,25.73,21.99,30.73,nasa,0.48
2007-08-26,0.09,25.48,20.82,31.5,nasa,0.48
2007-08-27,2.07,25.44,21.3,31.66,nasa,0.48
2007-08-28,8.8,24.17,20.57,29.3,nasa,0.49
2007-08-29,2.1,24.99,20.78,30.34,nasa,0.49
2007-08-30,2.53,24.48,21.41,30.03,nasa,0.49
2007-08-31,1.7,25.13,21.38,30.83,nasa,0.49
2007-09-01,0.63,26.31,21.77,32.2,nasa,0.49
2007-09-02,3.82,24.33,22.25,28.04,nasa,0.49
2007-09-03,0.02,24.69,21.09,29.23,nasa,0.49
2007-09-04,0.17,26.27,21.04,33.0,nasa,0.49
2007-09-05,0.02,26.57,21.18,32.66,nasa,0.48
2007-09-06,0.2,26.48,22.39,31.32,nasa,0.48
2007-09-07,2.42,25.97,22.45,30.99,nasa,0.48
2007-09-08,0.16,25.73,23.04,29.5,nasa,0.48
2007-09-09,0.06,26.05,22.32,31.33,nasa,0.48
2007-09-10,0.0,26.56,22.09,32.2,nasa,0.48
2007-09-11,0.89,26.48,22.23,32.59,nasa,0.48
2007-09-12,4.7,24.79,22.63,28.8,nasa,0.48
2007-09-13,0.86,24.83,21.36,29.5,nasa,0.48
2007-09-14,5.07,24.92,21.51,30.4,nasa,0.49
2007-09-15,0.17,25.68,21.65,32.05,nasa,0.49
2007-09-16,0.59,26.91,22.28,33.64,nasa,0.49
2007-09-17,0.71,24.81,22.4,27.6,nasa,0.48
2007-09-18,1.51,24.73,21.49,30.0,nasa,0.48
2007-09-19,8.05,23.6,20.9,27.36,nasa,0.48
2007-09-20,22.63,22.73,21.44,25.09,nasa,0.52
2007-09-21,2.43,23.96,19.46,30.05,nasa,0.54
2007-09-22,0.06,25.06,20.29,31.22,nasa,0.53
2007-09-23,0.16,23.48,21.65,26.04,nasa,0.52
2007-09-24,0.21,24.18,21.87,28.34,nasa,0.51
2007-09-25,0.28,25.58,20.88,31.6,nasa,0.51
2007-09-26,3.25,25.41,21.9,30.53,nasa,0.5
2007-09-27,14.15,23.93,21.17,28.84,nasa,0.52
2007-09-28,4.46,23.37,21.21,26.99,nasa,0.53
2007-09-29,2.94,23.07,20.72,27.15,nasa,0.53
2007-09-30,3.17,23.05,20.09,27.4,nasa,0.52
2007-10-01,0.92,23.37,20.43,27.33,nasa,0.52
2007-10-02,4.07,23.71,21.23,27.78,nasa,0.52
2007-10-03,6.33,23.87,21.18,28.51,nasa,0.52
2007-10-04,3.33,24.54,21.9,29.29,nasa,0.52
2007-10-05,0.27,24.58,21.38,29.07,nasa,0.51
2007-10-06,0.01,24.4,21.06,28.69,nasa,0.51
2007-10-07,0.01,24.67,21.04,29.14,nasa,0.5
2007-10-08,0.37,24.18,21.09,28.24,nasa,0.5
2007-10-09,2.25,24.57,20.52,28.95,nasa,0.5
2007-10-10,1.66,23.9,21.5,28.01,nasa,0.5
2007-10-11,6.54,22.74,19.83,27.32,nasa,0.5
2007-10-12,1.25,23.33,19.71,28.91,nasa,0.51
2007-10-13,0.81,24.16,20.44,29.61,nasa,0.5
2007-10-14,0.51,24.29,20.71,29.28,nasa,0.5
2007-10-15,3.46,23.59,20.3,29.04,nasa,0.5
2007-10-16,1.99,23.62,19.54,29.04,nasa,0.5
2007-10-17,4.53,23.83,22.23,27.06,nasa,0.5
2007-10-18,1.81,24.74,21.47,29.89,nasa,0.5
2007-10-19,1.99,23.74,20.11,29.02,nasa,0.5
2007-10-20,0.9,23.57,19.64,29.61,nasa,0.5
2007-10-21,3.8,23.65,20.4,28.77,nasa,0.5
2007-10-22,5.34,24.07,21.57,27.9,nasa,0.5
2007-10-23,32.48,22.5,20.41,25.49,nasa,0.54
2007-10-24,2.68,23.71,20.0,29.63,nasa,0.55
2007-10-25,24.99,22.48,20.82,25.52,nasa,0.57
2007-10-26,21.13,22.78,20.82,26.08,nasa,0.61
2007-10-27,1.78,23.75,20.91,28.93,nasa,0.6
2007-10-28,0.0,23.8,20.22,29.89,nasa,0.59
2007-10-29,0.16,22.35,19.14,27.11,nasa,0.57
2007-10-30,1.97,22.13,19.02,25.85,nasa,0.56
2007-10-31,0.05,23.99,20.17,29.46,nasa,0.55
2007-11-01,3.54,22.72,19.79,27.02,nasa,0.54
2007-11-02,4.88,22.84,20.68,26.5,nasa,0.54
2007-11-03,28.95,22.06,20.56,24.29,nasa,0.57
2007-11-04,17.96,21.53,19.31,24.21,nasa,0.6
2007-11-05,4.16,21.92,18.44,26.43,nasa,0.61
2007-11-06,1.38,21.22,17.34,27.11,nasa,0.59
2007-11-07,0.7,20.77,15.89,27.16,nasa,0.58
2007-11-08,0.06,21.14,15.1,28.2,nasa,0.56
2007-11-09,5.53,21.58,17.23,26.66,nasa,0.55
2007-11-10,5.35,21.95,20.02,24.75,nasa,0.56
2007-11-11,1.11,23.46,20.05,28.96,nasa,0.56
2007-11-12,0.4,22.55,19.43,26.98,nasa,0.55
2007-11-13,0.62,23.23,19.47,28.0,nasa,0.54
2007-11-14,6.9,22.74,20.06,26.33,nasa,0.54
2007-11-15,5.32,21.79,19.1,27.15,nasa,0.55
2007-11-16,0.17,22.61,18.66,28.11,nasa,0.55
2007-11-17,0.88,22.55,19.55,26.85,nasa,0.54
2007-11-18,11.17,22.36,20.51,26.4,nasa,0.55
2007-11-19,1.83,21.97,20.16,24.95,nasa,0.55
2007-11-20,0.28,22.64,19.68,27.47,nasa,0.55
2007-11-21,0.18,22.42,19.21,27.47,nasa,0.54
2007-11-22,5.57,20.86,19.05,23.38,nasa,0.54
2007-11-23,30.59,19.91,18.43,22.58,nasa,0.58
2007-11-24,3.92,19.62,18.08,21.53,nasa,0.6
2007-11-25,0.5,20.82,17.72,25.55,nasa,0.59
2007-11-26,1.65,21.54,17.54,27.28,nasa,0.58
2007-11-27,0.67,19.84,15.52,26.09,nasa,0.57
2007-11-28,0.0,18.33,13.66,24.93,nasa,0.56
2007-11-29,0.0,17.27,12.95,23.79,nasa,0.55
2007-11-30,0.0,17.65,13.98,22.97,nasa,0.55
2007-12-01,0.01,19.41,14.85,25.82,nasa,0.54
2007-12-02,0.0,19.52,14.81,25.99,nasa,0.54
2007-12-03,0.0,20.06,15.7,26.05,nasa,0.53
2007-12-04,0.01,20.76,16.75,26.3,nasa,0.53
2007-12-05,0.08,22.65,19.06,28.01,nasa,0.53
2007-12-06,0.04,23.07,20.02,28.57,nasa,0.53
2007-12-07,0.22,22.52,19.38,27.9,nasa,0.52
2007-12-08,0.02,21.79,18.71,27.32,nasa,0.52
2007-12-09,0.0,22.0,18.38,27.81,nasa,0.52
2007-12-10,0.0,22.23,18.18,28.61,nasa,0.52
2007-12-11,0.0,22.14,18.57,28.11,nasa,0.52
2007-12-12,0.0,23.39,18.96,30.05,nasa,0.51
2007-12-13,0.0,23.42,19.05,29.57,nasa,0.51
2007-12-14,0.0,23.46,20.11,28.96,nasa,0.51
2007-12-15,0.0,23.2,19.34,28.92,nasa,0.51
2007-12-16,0.01,23.72,20.08,29.6,nasa,0.51
2007-12-17,0.0,24.15,20.28,29.93,nasa,0.51
2007-12-18,0.01,23.77,20.56,29.43,nasa,0.51
2007-12-19,0.0,22.9,19.75,28.66,nasa,0.51
2007-12-20,0.03,22.49,18.58,28.45,nasa,0.5
2007-12-21,0.16,22.89,16.37,30.72,nasa,0.5
2007-12-22,0.0,23.44,17.9,30.54,nasa,0.5
2007-12-23,0.0,23.14,16.69,30.92,nasa,0.5
2007-12-24,0.0,22.06,17.27,29.08,nasa,0.5
2007-12-25,0.0,21.59,17.12,28.13,nasa,0.5
2007-12-26,0.0,21.15,17.26,26.96,nasa,0.5
2007-12-27,0.0,21.46,16.67,28.12,nasa,0.5
2007-12-28,0.04,20.97,16.82,25.85,nasa,0.5
2007-12-29,0.43,20.48,18.24,24.68,nasa,0.5
2007-12-30,0.0,20.2,17.91,24.8,nasa,0.5
2007-12-31,0.01,20.14,17.12,25.06,nasa,0.5
2008-01-01,0.06,18.71,15.64,23.21,nasa,0.5
2008-01-02,0.0,18.89,15.47,24.72,nasa,0.5
2008-01-03,0.0,20.14,16.18,26.18,nasa,0.5
2008-01-04,0.0,20.99,17.43,26.73,nasa,0.5
2008-01-05,0.01,19.74,16.35,25.94,nasa,0.5
2008-01-06,0.0,19.91,15.1,26.77,nasa,0.5
2008-01-07,0.0,21.32,15.92,28.95,nasa,0.49
2008-01-08,0.0,21.96,15.71,29.97,nasa,0.49
2008-01-09,0.0,22.68,15.88,30.98,nasa,0.49
2008-01-10,0.0,23.72,17.74,31.02,nasa,0.49
2008-01-11,0.0,24.84,20.26,31.69,nasa,0.49
2008-01-12,0.0,24.51,19.03,31.46,nasa,0.49
2008-01-13,0.0,23.4,17.28,30.28,nasa,0.49
2008-01-14,0.1,21.13,15.71,28.25,nasa,0.48
2008-01-15,1.92,21.07,17.26,27.12,nasa,0.48
2008-01-16,6.05,20.58,17.82,24.52,nasa,0.49
2008-01-17,3.09,20.48,17.24,26.01,nasa,0.5
2008-01-18,0.21,21.3,18.0,27.3,nasa,0.5
2008-01-19,0.23,21.81,17.51,28.64,nasa,0.5
2008-01-20,0.14,21.75,16.24,29.66,nasa,0.49
2008-01-21,0.0,21.22,15.41,29.53,nasa,0.49
2008-01-22,0.03,20.6,15.19,28.44,nasa,0.49
2008-01-23,1.8,21.68,17.79,28.14,nasa,0.49
2008-01-24,9.35,21.82,18.06,26.86,nasa,0.5
2008-01-25,0.65,23.25,19.63,28.84,nasa,0.5
2008-01-26,0.0,23.77,20.09,30.15,nasa,0.5
2008-01-27,0.0,23.12,19.22,29.5,nasa,0.5
2008-01-28,0.0,23.13,17.28,30.5,nasa,0.5
2008-01-29,0.01,23.8,17.57,31.2,nasa,0.49
2008-01-30,0.0,23.58,18.94,30.19,nasa,0.49
2008-01-31,0.05,23.33,18.99,30.14,nasa,0.49
2008-02-01,0.0,23.69,19.47,30.52,nasa,0.49
2008-02-02,0.0,23.4,18.36,30.84,nasa,0.48
2008-02-03,0.0,21.34,16.72,28.26,nasa,0.48
2008-02-04,0.05,21.33,16.46,28.75,nasa,0.48
2008-02-05,0.0,22.12,16.03,30.33,nasa,0.48
2008-02-06,0.0,21.81,16.48,29.48,nasa,0.48
2008-02-07,0.0,21.12,15.99,28.77,nasa,0.48
2008-02-08,0.0,20.36,15.7,27.58,nasa,0.48
2008-02-09,0.0,19.71,15.36,26.57,nasa,0.48
2008-02-10,0.0,19.0,14.38,26.24,nasa,0.48
2008-02-11,0.0,20.22,14.35,28.16,nasa,0.48
2008-02-12,0.0,19.51,15.21,25.13,nasa,0.48
2008-02-13,0.0,19.0,14.7,26.11,nasa,0.48
2008-02-14,0.0,19.22,14.73,26.18,nasa,0.48
2008-02-15,0.0,19.42,14.76,26.39,nasa,0.48
2008-02-16,0.0,20.3,15.16,27.57,nasa,0.47
2008-02-17,0.0,20.75,16.16,28.02,nasa,0.47
2008-02-18,0.0,20.39,16.92,26.55,nasa,0.47
2008-02-19,0.0,20.43,16.78,26.88,nasa,0.47
2008-02-20,0.0,19.74,16.27,25.87,nasa,0.47
2008-02-21,0.25,19.38,16.18,24.05,nasa,0.47
2008-02-22,1.92,19.47,16.35,23.16,nasa,0.47
2008-02-23,3.06,21.94,17.07,28.77,nasa,0.48
2008-02-24,0.23,23.76,18.74,31.03,nasa,0.48
2008-02-25,0.0,24.39,19.72,31.37,nasa,0.48
2008-02-26,0.0,23.8,18.82,30.84,nasa,0.48
2008-02-27,0.08,22.06,18.08,27.58,nasa,0.47
2008-02-28,0.03,21.07,17.1,27.23,nasa,0.47
2008-02-29,0.0,21.5,16.59,29.32,nasa,0.47
2008-03-01,0.0,20.44,15.05,28.29,nasa,0.47
2008-03-02,0.0,20.27,15.32,28.12,nasa,0.47
2008-03-03,0.0,20.46,15.26,27.98,nasa,0.47
2008-03-04,0.0,20.82,17.23,27.43,nasa,0.47
2008-03-05,0.05,22.29,17.35,29.69,nasa,0.47
2008-03-06,0.62,23.2,18.37,30.4,nasa,0.47
2008-03-07,3.08,22.85,19.29,28.92,nasa,0.47
2008-03-08,3.18,21.6,18.13,27.41,nasa,0.47
2008-03-09,0.38,22.83,18.08,29.81,nasa,0.48
2008-03-10,0.0,23.4,18.79,30.64,nasa,0.47
2008-03-11,0.0,23.11,18.71,30.12,nasa,0.47
2008-03-12,0.0,23.68,18.28,31.27,nasa,0.47
2008-03-13,0.0,24.51,17.49,33.31,nasa,0.47
2008-03-14,0.0,24.12,18.04,32.35,nasa,0.47
2008-03-15,0.0,23.81,17.62,32.4,nasa,0.47
2008-03-16,0.0,23.87,16.37,33.06,nasa,0.46
2008-03-17,0.0,24.85,15.8,35.27,nasa,0.46
2008-03-18,0.05,26.19,17.47,35.11,nasa,0.46
2008-03-19,0.86,26.3,20.55,33.58,nasa,0.46
2008-03-20,0.88,25.13,21.42,30.92,nasa,0.46
2008-03-21,0.02,26.01,20.31,33.47,nasa,0.46
2008-03-22,0.0,26.82,19.43,35.27,nasa,0.46
2008-03-23,0.0,26.4,21.3,33.3,nasa,0.46
2008-03-24,0.0,24.95,20.21,31.64,nasa,0.46
2008-03-25,0.02,25.94,20.13,33.58,nasa,0.46
2008-03-26,0.09,26.12,19.97,33.68,nasa,0.46
2008-03-27,0.51,24.18,20.44,28.86,nasa,0.46
2008-03-28,0.0,27.45,19.43,36.37,nasa,0.46
2008-03-29,0.0,27.1,23.05,33.01,nasa,0.46
2008-03-30,0.0,27.77,21.48,35.73,nasa,0.46
2008-03-31,0.06,27.66,21.84,34.8,nasa,0.46
2008-04-01,0.0,27.32,23.02,33.28,nasa,0.46
2008-04-02,0.01,26.38,20.45,33.36,nasa,0.46
2008-04-03,0.01,26.31,20.36,33.85,nasa,0.46
2008-04-04,0.07,26.12,19.93,34.06,nasa,0.46
2008-04-05,2.97,23.61,21.13,27.58,nasa,0.46
2008-04-06,1.76,24.88,21.28,29.59,nasa,0.46
2008-04-07,0.0,27.44,20.27,35.79,nasa,0.46
2008-04-08,0.0,28.63,21.86,36.67,nasa,0.46
2008-04-09,0.0,28.23,22.74,34.52,nasa,0.46
2008-04-10,0.0,29.0,22.34,36.33,nasa,0.46
2008-04-11,0.0,28.44,22.53,35.59,nasa,0.46
2008-04-12,0.0,28.01,22.5,35.36,nasa,0.46
2008-04-13,0.0,27.55,20.03,36.03,nasa,0.45
2008-04-14,0.02,26.92,20.27,34.93,nasa,0.45
2008-04-15,0.02,27.02,20.55,35.23,nasa,0.45
2008-04-16,0.27,27.16,20.74,34.72,nasa,0.45
2008-04-17,0.35,28.23,21.46,35.55,nasa,0.45
2008-04-18,1.58,24.68,22.35,27.17,nasa,0.45
2008-04-19,0.0,26.9,20.52,35.13,nasa,0.46
2008-04-20,0.0,28.7,21.53,37.15,nasa,0.45
2008-04-21,0.03,28.39,21.25,37.02,nasa,0.45
2008-04-22,1.33,27.04,19.32,36.21,nasa,0.45
2008-04-23,2.21,26.39,21.57,33.39,nasa,0.45
2008-04-24,0.18,25.69,21.8,32.03,nasa,0.46
2008-04-25,0.13,25.92,20.98,33.43,nasa,0.46
2008-04-26,1.0,25.95,21.42,32.72,nasa,0.46
2008-04-27,0.79,26.67,20.72,34.04,nasa,0.46
2008-04-28,9.99,25.47,21.57,32.67,nasa,0.46
2008-04-29,1.02,26.05,21.27,32.65,nasa,0.47
2008-04-30,0.94,26.44,21.74,33.42,nasa,0.47
2008-05-01,0.21,27.0,21.94,34.16,nasa,0.47
2008-05-02,0.7,25.73,22.57,29.88,nasa,0.47
2008-05-03,0.43,25.99,21.96,31.54,nasa,0.47
2008-05-04,1.71,26.41,22.27,32.95,nasa,0.47
2008-05-05,5.31,25.95,21.87,32.14,nasa,0.47
2008-05-06,1.28,26.27,22.38,32.32,nasa,0.47
2008-05-07,4.36,23.82,21.91,26.65,nasa,0.48
2008-05-08,0.0,25.28,21.22,30.13,nasa,0.48
2008-05-09,0.0,26.38,22.14,31.62,nasa,0.48
2008-05-10,1.08,25.68,22.66,30.45,nasa,0.47
2008-05-11,6.52,23.84,21.72,27.42,nasa,0.48
2008-05-12,21.5,23.78,21.03,28.94,nasa,0.5
2008-05-13,9.5,22.08,20.56,24.52,nasa,0.53
2008-05-14,2.78,22.41,20.3,25.84,nasa,0.53
2008-05-15,0.67,23.48,19.85,27.97,nasa,0.53
2008-05-16,2.86,23.51,20.31,28.76,nasa,0.52
2008-05-17,3.5,24.93,21.03,30.9,nasa,0.52
2008-05-18,8.52,24.46,21.3,29.28,nasa,0.52
2008-05-19,1.66,24.61,22.14,28.41,nasa,0.52
2008-05-20,0.54,24.75,21.4,28.61,nasa,0.51
2008-05-21,0.23,25.23,21.79,29.88,nasa,0.51
2008-05-22,0.12,25.93,21.33,31.7,nasa,0.5
2008-05-23,1.04,25.42,21.54,30.87,nasa,0.5
2008-05-24,1.62,25.32,21.04,30.84,nasa,0.49
2008-05-25,0.72,26.37,21.67,32.57,nasa,0.49
2008-05-26,0.0,26.85,21.7,32.86,nasa,0.49
2008-05-27,0.0,27.33,22.69,33.37,nasa,0.48
2008-05-28,0.0,26.85,22.71,32.34,nasa,0.48
2008-05-29,0.0,26.67,22.87,31.94,nasa,0.48
2008-05-30,0.01,26.52,22.24,31.86,nasa,0.47
2008-05-31,0.04,26.27,22.62,30.71,nasa,0.47
2008-06-01,0.25,26.3,22.58,30.71,nasa,0.47
2008-06-02,1.97,25.72,22.06,30.99,nasa,0.47
2008-06-03,0.03,27.04,21.52,34.17,nasa,0.47
2008-06-04,0.0,27.99,21.55,35.6,nasa,0.47
2008-06-05,0.0,27.0,22.72,33.53,nasa,0.47
2008-06-06,0.0,27.67,22.5,35.24,nasa,0.47
2008-06-07,0.0,27.61,22.06,34.65,nasa,0.46
2008-06-08,2.34,27.35,21.41,35.31,nasa,0.46
2008-06-09,6.1,26.01,21.31,33.02,nasa,0.47
2008-06-10,4.72,25.66,20.87,31.65,nasa,0.47
2008-06-11,4.71,25.76,21.52,31.89,nasa,0.48
2008-06-12,1.6,23.74,21.28,26.53,nasa,0.48
2008-06-13,0.2,24.61,21.5,28.47,nasa,0.48
2008-06-14,0.01,25.25,21.7,29.88,nasa,0.48
2008-06-15,0.0,25.69,21.57,30.81,nasa,0.48
2008-06-16,0.05,26.3,21.56,31.89,nasa,0.47
2008-06-17,0.26,25.26,22.52,28.98,nasa,0.47
2008-06-18,0.39,24.61,22.02,27.89,nasa,0.47
2008-06-19,0.0,24.5,21.91,28.2,nasa,0.47
2008-06-20,0.0,26.91,21.03,32.93,nasa,0.47
2008-06-21,0.01,26.79,22.59,31.7,nasa,0.47
2008-06-22,0.0,27.08,22.68,32.15,nasa,0.47
2008-06-23,0.06,26.43,22.96,30.8,nasa,0.47
2008-06-24,1.43,26.12,22.57,31.22,nasa,0.47
2008-06-25,3.67,25.09,21.63,29.6,nasa,0.47
2008-06-26,1.22,25.52,22.24,30.02,nasa,0.47
2008-06-27,1.25,25.66,22.44,30.19,nasa,0.47
2008-06-28,0.65,25.7,22.41,30.04,nasa,0.47
2008-06-29,2.54,25.47,22.23,29.46,nasa,0.47
2008-06-30,0.1,26.18,22.08,31.68,nasa,0.47
2008-07-01,5.2,23.33,21.21,25.88,nasa,0.47
2008-07-02,1.35,24.81,20.58,30.43,nasa,0.48
2008-07-03,0.02,26.47,21.09,32.66,nasa,0.48
2008-07-04,0.21,25.35,22.25,29.62,nasa,0.47
2008-07-05,0.86,25.32,21.97,30.45,nasa,0.47
2008-07-06,7.45,23.24,21.71,26.19,nasa,0.48
2008-07-07,0.35,25.22,21.08,30.28,nasa,0.48
2008-07-08,0.51,25.05,22.39,28.66,nasa,0.48
2008-07-09,0.0,25.88,21.82,30.99,nasa,0.48
2008-07-10,0.0,25.88,22.33,30.62,nasa,0.48
2008-07-11,0.0,25.92,21.96,30.53,nasa,0.47
2008-07-12,0.02,27.0,21.99,32.86,nasa,0.47
2008-07-13,0.3,26.4,22.95,30.81,nasa,0.47
2008-07-14,0.3,26.76,22.56,31.82,nasa,0.47
2008-07-15,0.0,27.49,22.27,33.67,nasa,0.47
2008-07-16,0.04,27.24,23.28,32.27,nasa,0.47
2008-07-17,0.26,27.37,23.17,32.8,nasa,0.46
2008-07-18,0.07,26.73,22.76,31.5,nasa,0.46
2008-07-19,0.06,26.1,22.6,31.51,nasa,0.46
2008-07-20,0.54,26.15,22.17,32.3,nasa,0.46
2008-07-21,0.48,27.58,22.02,34.83,nasa,0.46
2008-07-22,4.39,25.96,22.41,31.61,nasa,0.46
2008-07-23,1.24,25.69,21.41,30.43,nasa,0.47
2008-07-24,3.28,23.79,21.95,25.84,nasa,0.47
2008-07-25,3.78,23.48,20.68,27.79,nasa,0.48
2008-07-26,0.82,25.02,21.31,29.91,nasa,0.48
2008-07-27,1.23,24.42,21.73,28.52,nasa,0.48
2008-07-28,0.19,24.75,21.49,29.04,nasa,0.47
2008-07-29,0.97,25.06,21.94,29.91,nasa,0.47
2008-07-30,4.3,24.57,21.44,29.34,nasa,0.47
2008-07-31,1.11,24.71,21.0,30.26,nasa,0.48
2008-08-01,2.64,23.37,20.68,26.52,nasa,0.48
2008-08-02,4.15,23.4,20.65,28.12,nasa,0.48
2008-08-03,6.49,23.65,20.88,28.57,nasa,0.48
2008-08-04,2.28,24.01,20.7,29.33,nasa,0.49
2008-08-05,5.23,24.01,20.83,29.06,nasa,0.49
2008-08-06,1.18,24.41,21.84,28.74,nasa,0.49
2008-08-07,0.14,24.29,21.6,28.06,nasa,0.49
2008-08-08,0.29,25.21,21.5,30.66,nasa,0.48
2008-08-09,0.08,25.83,21.38,31.35,nasa,0.48
2008-08-10,0.12,26.36,21.73,32.42,nasa,0.48
2008-08-11,2.97,25.34,21.92,30.55,nasa,0.47
2008-08-12,9.94,24.07,21.22,28.3,nasa,0.48
2008-08-13,3.02,24.6,21.26,29.41,nasa,0.49
2008-08-14,1.27,24.35,21.26,28.58,nasa,0.49
2008-08-15,1.34,24.57,21.0,29.15,nasa,0.49
2008-08-16,0.03,24.45,21.78,28.41,nasa,0.49
2008-08-17,0.73,25.19,21.4,30.1,nasa,0.49
2008-08-18,0.76,24.7,21.67,28.61,nasa,0.48
2008-08-19,0.41,25.39,20.24,31.37,nasa,0.48
2008-08-20,1.34,25.21,21.86,29.83,nasa,0.48
2008-08-21,0.6,26.27,21.59,32.44,nasa,0.48
2008-08-22,3.73,25.5,21.68,31.15,nasa,0.48
2008-08-23,0.41,26.93,21.8,33.63,nasa,0.48
2008-08-24,1.73,26.71,21.38,33.01,nasa,0.48
2008-08-25,0.53,27.52,22.56,34.38,nasa,0.48
2008-08-26,0.44,27.03,20.54,34.64,nasa,0.47
2008-08-27,0.0,26.77,21.91,33.41,nasa,0.47
2008-08-28,0.0,27.11,21.93,33.96,nasa,0.47
2008-08-29,0.0,26.77,22.41,32.88,nasa,0.47
2008-08-30,0.12,27.16,21.88,34.24,nasa,0.46
2008-08-31,0.58,26.79,22.67,32.87,nasa,0.46
2008-09-01,0.04,26.79,20.04,34.71,nasa,0.46
2008-09-02,0.07,27.07,22.2,32.87,nasa,0.46
2008-09-03,0.81,27.29,21.99,33.58,nasa,0.46
2008-09-04,0.05,26.75,21.46,33.58,nasa,0.46
2008-09-05,0.89,26.36,21.18,34.0,nasa,0.46
2008-09-06,3.31,26.1,21.29,33.05,nasa,0.46
2008-09-07,5.96,24.33,20.66,29.35,nasa,0.46
2008-09-08,27.61,22.77,20.11,27.27,nasa,0.5
2008-09-09,60.89,22.42,20.8,25.98,nasa,0.57
2008-09-10,3.16,23.6,21.16,27.53,nasa,0.61
2008-09-11,2.58,23.96,20.69,28.73,nasa,0.6
2008-09-12,0.86,24.3,20.84,29.07,nasa,0.58
2008-09-13,2.92,23.71,20.81,28.1,nasa,0.57
2008-09-14,1.45,23.88,20.7,27.82,nasa,0.56
2008-09-15,1.97,23.66,21.33,27.06,nasa,0.55
2008-09-16,1.75,23.07,20.75,26.65,nasa,0.54
2008-09-17,1.12,23.19,20.38,26.98,nasa,0.54
2008-09-18,0.47,24.0,20.7,28.0,nasa,0.53
2008-09-19,2.77,23.57,20.99,27.7,nasa,0.52
2008-09-20,1.07,23.88,20.86,28.24,nasa,0.52
2008-09-21,0.06,22.46,20.32,24.59,nasa,0.52
2008-09-22,0.92,24.41,19.97,30.06,nasa,0.51
2008-09-23,0.0,24.78,21.31,29.4,nasa,0.51
2008-09-24,0.03,25.49,22.57,29.64,nasa,0.5
2008-09-25,0.11,25.65,22.26,30.29,nasa,0.5
2008-09-26,1.33,24.82,22.17,28.71,nasa,0.5
2008-09-27,1.6,23.63,21.82,26.52,nasa,0.5
2008-09-28,3.85,23.23,21.01,26.87,nasa,0.5
2008-09-29,0.23,24.32,20.76,29.14,nasa,0.5
2008-09-30,0.76,24.87,21.65,29.54,nasa,0.5
2008-10-01,0.08,24.59,21.08,29.09,nasa,0.5
2008-10-02,0.72,24.29,21.0,29.21,nasa,0.49
2008-10-03,0.0,25.45,19.12,32.21,nasa,0.49
2008-10-04,0.05,24.12,22.4,27.13,nasa,0.49
2008-10-05,0.43,25.64,21.23,30.69,nasa,0.49
2008-10-06,4.28,25.98,22.24,32.18,nasa,0.49
2008-10-07,4.32,24.68,21.15,29.63,nasa,0.49
2008-10-08,0.42,25.48,21.09,31.62,nasa,0.5
2008-10-09,0.62,25.26,20.3,31.87,nasa,0.49
2008-10-10,3.32,25.08,20.59,31.16,nasa,0.49
2008-10-11,3.12,24.09,21.16,27.84,nasa,0.49
2008-10-12,1.24,25.19,20.42,30.89,nasa,0.49
2008-10-13,0.62,24.18,22.07,27.05,nasa,0.49
2008-10-14,0.01,25.71,21.49,31.08,nasa,0.49
2008-10-15,0.2,25.71,21.24,31.51,nasa,0.49
2008-10-16,2.84,24.01,20.97,27.8,nasa,0.49
2008-10-17,4.5,23.38,20.74,26.46,nasa,0.5
2008-10-18,2.22,25.42,21.23,32.02,nasa,0.5
2008-10-19,0.01,25.42,20.75,31.6,nasa,0.5
2008-10-20,0.02,25.74,21.24,32.24,nasa,0.49
2008-10-21,0.36,25.33,20.21,31.58,nasa,0.49
2008-10-22,1.38,25.16,21.16,30.43,nasa,0.49
2008-10-23,1.88,24.85,21.93,29.11,nasa,0.49
2008-10-24,9.16,22.9,20.88,26.1,nasa,0.49
2008-10-25,7.75,22.99,20.71,26.94,nasa,0.51
2008-10-26,0.74,23.57,19.84,28.79,nasa,0.51
2008-10-27,2.96,22.6,20.09,26.37,nasa,0.51
2008-10-28,4.47,23.17,20.99,26.83,nasa,0.51
2008-10-29,8.31,22.46,20.37,25.26,nasa,0.52
2008-10-30,0.25,23.56,21.08,26.71,nasa,0.52
2008-10-31,3.14,23.81,20.03,28.72,nasa,0.52
2008-11-01,2.15,24.1,20.29,29.95,nasa,0.52
2008-11-02,4.16,22.6,19.64,27.51,nasa,0.52
2008-11-03,1.37,23.28,19.93,27.88,nasa,0.52
2008-11-04,1.94,23.75,20.43,28.45,nasa,0.52
2008-11-05,3.35,23.07,20.01,27.41,nasa,0.51
2008-11-06,4.02,23.95,19.99,29.59,nasa,0.51
2008-11-07,2.52,24.06,20.55,29.08,nasa,0.52
2008-11-08,0.72,24.79,21.25,30.49,nasa,0.51
2008-11-09,0.83,23.71,20.59,28.26,nasa,0.51
2008-11-10,0.01,23.09,19.26,29.38,nasa,0.51
2008-11-11,0.0,21.55,18.09,27.13,nasa,0.5
2008-11-12,0.01,20.71,17.07,26.54,nasa,0.5
2008-11-13,1.76,21.46,16.29,27.78,nasa,0.5
2008-11-14,17.97,21.34,18.47,24.62,nasa,0.52
2008-11-15,3.63,23.77,20.83,28.89,nasa,0.53
2008-11-16,0.83,23.8,19.88,29.73,nasa,0.53
2008-11-17,28.35,22.83,21.36,25.53,nasa,0.54
2008-11-18,2.97,23.05,21.17,26.37,nasa,0.56
2008-11-19,6.29,23.11,20.78,27.38,nasa,0.56
2008-11-20,5.65,22.77,20.4,27.49,nasa,0.56
2008-11-21,4.69,23.22,20.8,28.44,nasa,0.55
2008-11-22,4.54,22.72,20.66,26.63,nasa,0.55
2008-11-23,2.77,23.17,20.77,27.23,nasa,0.54
2008-11-24,8.35,23.53,20.91,28.38,nasa,0.54
2008-11-25,33.53,22.96,20.88,27.0,nasa,0.58
2008-11-26,2.49,22.95,21.22,26.2,nasa,0.59
2008-11-27,6.21,21.45,17.95,24.58,nasa,0.58
2008-11-28,1.89,19.4,17.6,22.16,nasa,0.58
2008-11-29,0.87,20.64,18.22,24.63,nasa,0.57
2008-11-30,0.51,19.68,17.4,23.92,nasa,0.56
2008-12-01,0.0,19.8,16.95,24.34,nasa,0.55
2008-12-02,0.0,20.42,16.68,26.53,nasa,0.54
2008-12-03,0.0,21.52,16.17,28.19,nasa,0.54
2008-12-04,0.15,22.65,18.52,28.64,nasa,0.53
2008-12-05,3.95,22.44,19.89,27.02,nasa,0.53
2008-12-06,2.88,21.63,18.88,26.73,nasa,0.53
2008-12-07,0.26,20.99,17.83,26.34,nasa,0.53
2008-12-08,0.0,20.64,17.08,26.21,nasa,0.53
2008-12-09,0.0,19.83,15.78,25.97,nasa,0.52
2008-12-10,0.0,20.57,14.87,27.96,nasa,0.52
2008-12-11,0.0,21.12,17.41,26.84,nasa,0.52
2008-12-12,0.0,22.72,17.08,29.87,nasa,0.52
2008-12-13,0.09,23.2,18.9,29.92,nasa,0.51
2008-12-14,1.1,21.66,18.32,27.26,nasa,0.51
2008-12-15,0.32,21.08,17.4,26.63,nasa,0.51
2008-12-16,0.07,19.87,16.42,25.53,nasa,0.51
2008-12-17,0.05,20.32,16.31,26.59,nasa,0.51
2008-12-18,0.3,20.15,16.53,25.89,nasa,0.51
2008-12-19,0.0,20.35,15.72,26.49,nasa,0.5
2008-12-20,0.0,21.44,16.43,27.95,nasa,0.5
2008-12-21,0.0,21.88,16.9,28.67,nasa,0.5
2008-12-22,0.0,21.33,17.8,26.98,nasa,0.5
2008-12-23,0.11,21.4,18.31,26.5,nasa,0.5
2008-12-24,2.4,22.28,19.09,27.81,nasa,0.5
2008-12-25,5.42,22.17,19.8,26.85,nasa,0.5
2008-12-26,10.57,22.66,19.84,27.7,nasa,0.51
2008-12-27,11.34,20.83,18.43,24.92,nasa,0.54
2008-12-28,6.17,21.44,19.2,25.67,nasa,0.54
2008-12-29,6.8,21.36,18.81,26.39,nasa,0.55
2008-12-30,26.74,20.51,18.45,24.45,nasa,0.57
2008-12-31,2.4,21.34,18.12,25.38,nasa,0.59
2009-01-01,4.63,20.64,19.04,24.23,nasa,0.58
2009-01-02,0.71,20.64,18.46,24.42,nasa,0.57
2009-01-03,2.38,19.48,17.6,23.5,nasa,0.56
2009-01-04,0.14,20.8,17.84,26.08,nasa,0.55
2009-01-05,0.18,21.27,17.52,27.09,nasa,0.55
2009-01-06,0.63,21.72,18.16,27.83,nasa,0.54
2009-01-07,0.1,20.89,17.09,26.54,nasa,0.54
2009-01-08,0.01,19.1,16.03,24.36,nasa,0.53
2009-01-09,0.0,17.44,14.41,22.0,nasa,0.53
2009-01-10,0.0,16.27,12.85,20.69,nasa,0.53
2009-01-11,0.0,16.85,12.83,23.32,nasa,0.53
2009-01-12,0.0,17.57,13.91,23.35,nasa,0.52
2009-01-13,0.0,16.93,14.01,21.15,nasa,0.52
2009-01-14,0.03,16.83,13.95,21.5,nasa,0.52
2009-01-15,0.23,16.84,13.42,21.76,nasa,0.52
2009-01-16,0.21,18.26,14.78,24.04,nasa,0.52
2009-01-17,0.02,19.26,14.33,26.17,nasa,0.52
2009-01-18,0.06,19.51,14.89,26.38,nasa,0.52
2009-01-19,0.0,19.6,13.86,27.4,nasa,0.51
2009-01-20,0.0,20.91,13.77,29.37,nasa,0.51
2009-01-21,0.0,20.95,14.82,28.82,nasa,0.51
2009-01-22,0.0,21.48,15.77,28.78,nasa,0.51
2009-01-23,0.01,22.06,16.75,29.1,nasa,0.5
2009-01-24,0.24,21.04,17.62,26.48,nasa,0.5
2009-01-25,0.11,20.27,17.03,25.86,nasa,0.5
2009-01-26,0.0,20.98,15.8,28.67,nasa,0.5
2009-01-27,0.0,20.28,15.77,27.32,nasa,0.5
2009-01-28,0.0,20.0,14.28,27.76,nasa,0.5
2009-01-29,0.0,20.94,14.69,29.06,nasa,0.5
2009-01-30,0.0,20.95,16.26,28.05,nasa,0.5
2009-01-31,0.0,20.86,15.9,28.13,nasa,0.5
2009-02-01,0.0,20.24,15.5,27.88,nasa,0.49
2009-02-02,0.0,20.11,14.37,27.79,nasa,0.49
2009-02-03,0.0,21.79,16.24,29.55,nasa,0.49
2009-02-04,0.0,21.24,15.93,28.47,nasa,0.49
2009-02-05,0.0,20.45,15.62,27.36,nasa,0.49
2009-02-06,0.0,20.47,16.12,27.21,nasa,0.49
2009-02-07,0.0,20.33,15.58,27.66,nasa,0.49
2009-02-08,0.0,21.46,15.13,29.4,nasa,0.49
2009-02-09,0.01,22.34,16.99,29.51,nasa,0.49
2009-02-10,0.18,22.67,19.1,28.05,nasa,0.49
2009-02-11,0.26,23.33,19.55,29.54,nasa,0.49
2009-02-12,0.06,23.34,19.31,27.89,nasa,0.49
2009-02-13,0.09,25.04,19.78,30.94,nasa,0.49
2009-02-14,0.0,24.54,21.72,28.48,nasa,0.49
2009-02-15,0.0,25.39,20.86,31.15,nasa,0.48
2009-02-16,0.0,25.58,20.18,32.34,nasa,0.48
2009-02-17,0.01,24.23,19.27,31.31,nasa,0.48
2009-02-18,0.4,24.75,19.28,31.99,nasa,0.48
2009-02-19,0.2,25.66,19.66,33.52,nasa,0.48
2009-02-20,0.04,25.1,19.93,32.21,nasa,0.48
2009-02-21,0.02,25.24,20.62,32.54,nasa,0.48
2009-02-22,0.0,25.81,18.62,34.61,nasa,0.48
2009-02-23,0.0,25.21,19.52,32.22,nasa,0.47
2009-02-24,0.0,24.39,18.83,31.04,nasa,0.47
2009-02-25,0.0,25.28,18.46,33.74,nasa,0.47
2009-02-26,0.0,24.98,17.84,33.49,nasa,0.47
2009-02-27,0.32,25.42,21.26,32.01,nasa,0.47
2009-02-28,2.17,23.89,20.59,28.51,nasa,0.47
2009-03-01,0.41,24.42,20.23,31.37,nasa,0.47
2009-03-02,1.91,24.03,19.98,30.27,nasa,0.48
2009-03-03,0.24,24.84,20.11,31.24,nasa,0.48
2009-03-04,0.12,25.6,20.43,32.18,nasa,0.47
2009-03-05,0.0,25.75,21.63,30.73,nasa,0.47
2009-03-06,0.0,26.59,22.11,32.66,nasa,0.47
2009-03-07,0.11,25.93,21.36,31.84,nasa,0.47
2009-03-08,0.0,26.15,20.38,33.46,nasa,0.47
2009-03-09,0.0,25.31,19.86,32.66,nasa,0.47
2009-03-10,0.0,25.09,19.75,32.74,nasa,0.47
2009-03-11,0.0,25.68,18.85,34.24,nasa,0.47
2009-03-12,0.0,24.74,18.5,32.5,nasa,0.47
2009-03-13,0.04,25.52,18.84,33.34,nasa,0.47
2009-03-14,0.99,22.84,17.58,28.62,nasa,0.47
2009-03-15,0.0,22.29,16.69,29.7,nasa,0.47
2009-03-16,0.01,23.93,18.39,30.48,nasa,0.47
2009-03-17,0.53,24.62,20.33,29.51,nasa,0.47
2009-03-18,0.0,26.39,19.46,34.32,nasa,0.47
2009-03-19,0.0,25.98,20.0,32.75,nasa,0.47
2009-03-20,0.0,26.81,20.37,34.82,nasa,0.46
2009-03-21,0.0,26.45,19.91,34.03,nasa,0.46
2009-03-22,0.0,27.26,21.44,34.58,nasa,0.46
2009-03-23,0.0,26.89,22.65,32.95,nasa,0.46
2009-03-24,0.0,27.65,22.4,34.56,nasa,0.46
2009-03-25,0.02,27.58,22.36,34.36,nasa,0.46
2009-03-26,0.0,27.92,21.13,36.11,nasa,0.46
2009-03-27,0.03,27.9,20.68,36.41,nasa,0.46
2009-03-28,0.12,27.95,21.28,36.06,nasa,0.46
2009-03-29,0.0,27.9,21.52,36.62,nasa,0.46
2009-03-30,0.36,25.31,19.38,32.75,nasa,0.46
2009-03-31,3.79,24.68,21.38,30.01,nasa,0.46
2009-04-01,4.96,23.7,21.27,27.81,nasa,0.47
2009-04-02,4.43,24.18,20.23,30.68,nasa,0.47
2009-04-03,0.48,25.01,20.65,31.17,nasa,0.48
2009-04-04,0.3,26.03,21.44,32.61,nasa,0.48
2009-04-05,3.38,25.07,21.57,30.1,nasa,0.47
2009-04-06,6.64,22.87,19.67,27.0,nasa,0.48
2009-04-07,1.14,23.26,18.6,29.65,nasa,0.49
2009-04-08,0.0,24.64,19.32,31.1,nasa,0.49
2009-04-09,0.01,26.0,22.08,32.27,nasa,0.48
2009-04-10,0.0,26.41,21.44,32.92,nasa,0.48
2009-04-11,0.0,26.86,21.82,33.59,nasa,0.48
2009-04-12,0.31,26.65,20.81,33.17,nasa,0.47
2009-04-13,1.46,26.4,21.68,33.39,nasa,0.47
2009-04-14,0.06,26.23,22.63,32.22,nasa,0.47
2009-04-15,0.48,25.7,22.31,29.48,nasa,0.47
2009-04-16,1.4,27.77,21.51,34.81,nasa,0.47
2009-04-17,0.0,28.47,23.37,35.61,nasa,0.47
2009-04-18,0.01,28.41,22.92,34.26,nasa,0.47
2009-04-19,0.07,27.25,23.88,30.88,nasa,0.47
2009-04-20,0.77,27.57,23.43,32.39,nasa,0.47
2009-04-21,5.02,26.75,22.5,32.92,nasa,0.47
2009-04-22,0.83,26.31,23.3,30.83,nasa,0.47
2009-04-23,0.06,26.54,22.94,31.91,nasa,0.47
2009-04-24,0.15,27.47,22.2,35.23,nasa,0.47
2009-04-25,0.59,27.52,23.0,34.03,nasa,0.47
2009-04-26,1.57,26.44,22.82,32.15,nasa,0.47
2009-04-27,3.13,25.49,21.58,30.96,nasa,0.47
2009-04-28,3.88,25.54,22.2,31.7,nasa,0.48
2009-04-29,3.72,23.78,20.91,29.1,nasa,0.48
2009-04-30,4.1,24.49,20.37,30.82,nasa,0.48
2009-05-01,3.7,23.84,21.16,28.37,nasa,0.49
2009-05-02,7.84,24.19,20.51,30.83,nasa,0.49
2009-05-03,1.4,24.3,19.96,31.19,nasa,0.5
2009-05-04,3.77,24.3,19.66,31.43,nasa,0.5
2009-05-05,2.47,24.02,19.92,29.4,nasa,0.5
2009-05-06,0.3,25.06,20.47,31.21,nasa,0.49
2009-05-07,1.93,23.92,21.95,27.71,nasa,0.49
2009-05-08,0.51,25.48,21.47,30.74,nasa,0.49
2009-05-09,1.59,25.59,21.34,31.39,nasa,0.49
2009-05-10,0.03,26.42,21.58,32.91,nasa,0.49
2009-05-11,0.71,26.9,20.98,34.02,nasa,0.48
2009-05-12,2.84,26.68,21.11,33.39,nasa,0.48
2009-05-13,0.08,26.82,21.81,33.33,nasa,0.48
2009-05-14,0.88,26.52,20.89,34.36,nasa,0.48
2009-05-15,2.07,25.91,21.62,31.18,nasa,0.48
2009-05-16,0.64,26.66,20.97,32.73,nasa,0.48
2009-05-17,1.84,26.52,21.95,32.73,nasa,0.48
2009-05-18,0.39,26.78,21.0,33.49,nasa,0.47
2009-05-19,1.93,26.55,20.99,32.88,nasa,0.47
2009-05-20,1.65,25.94,21.85,32.21,nasa,0.47
2009-05-21,3.7,25.65,22.68,30.4,nasa,0.47
2009-05-22,8.48,25.05,21.72,30.1,nasa,0.48
2009-05-23,5.83,24.53,21.81,28.16,nasa,0.5
2009-05-24,3.2,24.74,22.05,28.89,nasa,0.5
2009-05-25,4.58,24.96,20.77,30.54,nasa,0.5
2009-05-26,0.59,25.1,22.32,28.92,nasa,0.5
2009-05-27,3.12,25.02,21.99,29.87,nasa,0.5
2009-05-28,1.74,25.45,22.07,30.41,nasa,0.5
2009-05-29,1.57,25.63,21.81,30.66,nasa,0.5
2009-05-30,2.97,25.0,22.35,29.09,nasa,0.5
2009-05-31,0.66,23.57,21.31,26.63,nasa,0.5
2009-06-01,0.48,25.33,21.04,30.3,nasa,0.49
2009-06-02,4.04,24.83,22.26,28.97,nasa,0.49
2009-06-03,5.2,24.39,21.12,29.26,nasa,0.5
2009-06-04,1.63,24.54,21.11,29.32,nasa,0.5
2009-06-05,0.13,25.55,21.8,30.76,nasa,0.49
2009-06-06,0.0,26.76,22.22,32.51,nasa,0.49
2009-06-07,0.0,26.88,21.88,32.64,nasa,0.48
2009-06-08,0.01,26.81,23.01,31.61,nasa,0.48
2009-06-09,1.09,25.9,23.23,29.35,nasa,0.48
2009-06-10,8.27,25.22,22.47,29.9,nasa,0.48
2009-06-11,0.69,25.24,21.93,29.54,nasa,0.49
2009-06-12,0.0,26.89,22.28,32.73,nasa,0.49
2009-06-13,0.01,28.12,22.27,34.85,nasa,0.48
2009-06-14,0.69,27.51,23.5,32.91,nasa,0.48
2009-06-15,2.43,26.27,22.98,31.23,nasa,0.48
2009-06-16,1.01,25.31,22.33,29.56,nasa,0.48
2009-06-17,1.24,25.23,21.22,30.86,nasa,0.48
2009-06-18,0.01,25.86,22.12,30.7,nasa,0.48
2009-06-19,0.02,26.54,22.3,31.86,nasa,0.47
2009-06-20,0.0,26.83,22.91,31.9,nasa,0.47
2009-06-21,0.04,26.57,22.77,31.62,nasa,0.47
2009-06-22,0.13,25.45,23.22,29.09,nasa,0.47
2009-06-23,0.0,27.06,21.93,33.25,nasa,0.47
2009-06-24,0.01,26.82,23.14,30.99,nasa,0.47
2009-06-25,0.0,25.84,22.94,31.0,nasa,0.47
2009-06-26,0.06,25.88,22.51,30.7,nasa,0.47
2009-06-27,0.3,26.68,21.98,32.4,nasa,0.46
2009-06-28,0.03,26.29,22.99,30.65,nasa,0.46
2009-06-29,0.0,26.03,22.67,30.72,nasa,0.46
2009-06-30,0.15,25.88,22.61,30.36,nasa,0.46
2009-07-01,1.14,25.64,21.98,30.61,nasa,0.46
2009-07-02,0.09,26.87,21.86,33.69,nasa,0.46
2009-07-03,0.29,26.1,21.67,31.88,nasa,0.46
2009-07-04,0.1,25.24,22.38,29.36,nasa,0.46
2009-07-05,1.04,25.5,21.77,30.68,nasa,0.46
2009-07-06,1.39,25.94,21.29,32.55,nasa,0.46
2009-07-07,1.19,23.72,21.71,26.45,nasa,0.47
2009-07-08,0.32,26.83,21.93,32.51,nasa,0.47
2009-07-09,0.72,27.41,22.71,33.05,nasa,0.47
2009-07-10,0.01,26.94,22.83,32.23,nasa,0.46
2009-07-11,0.0,26.54,23.17,30.82,nasa,0.46
2009-07-12,0.69,26.17,22.17,31.09,nasa,0.46
2009-07-13,4.61,24.43,21.45,28.94,nasa,0.47
2009-07-14,5.09,24.47,21.89,29.28,nasa,0.47
2009-07-15,8.16,22.85,20.69,25.89,nasa,0.48
2009-07-16,5.72,23.44,20.75,27.54,nasa,0.49
2009-07-17,2.7,24.52,21.57,28.88,nasa,0.49
2009-07-18,2.91,24.37,21.07,28.63,nasa,0.49
2009-07-19,0.13,25.83,21.8,31.17,nasa,0.49
2009-07-20,2.49,24.45,22.42,27.82,nasa,0.49
2009-07-21,1.65,24.78,21.72,29.36,nasa,0.49
2009-07-22,4.54,23.69,21.92,26.86,nasa,0.49
2009-07-23,1.24,24.8,21.18,29.43,nasa,0.49
2009-07-24,0.03,25.84,21.38,31.48,nasa,0.49
2009-07-25,0.0,26.22,22.09,31.36,nasa,0.48
2009-07-26,0.4,26.58,22.32,31.65,nasa,0.48
2009-07-27,1.13,25.96,22.54,30.78,nasa,0.48
2009-07-28,0.53,24.57,22.88,26.77,nasa,0.48
2009-07-29,0.3,25.56,21.3,30.94,nasa,0.47
2009-07-30,0.47,25.57,22.33,30.49,nasa,0.47
2009-07-31,4.3,24.45,21.38,28.63,nasa,0.47
2009-08-01,19.11,23.33,20.69,27.31,nasa,0.49
2009-08-02,2.61,23.34,20.87,26.28,nasa,0.51
2009-08-03,0.64,24.47,21.33,28.5,nasa,0.51
2009-08-04,0.73,25.84,22.1,30.7,nasa,0.5
2009-08-05,0.01,26.48,23.01,30.69,nasa,0.49
2009-08-06,0.0,26.58,23.49,31.03,nasa,0.49
2009-08-07,0.0,25.65,23.47,28.73,nasa,0.49
2009-08-08,0.0,25.71,22.72,30.55,nasa,0.48
2009-08-09,0.22,25.39,21.83,29.69,nasa,0.48
2009-08-10,0.82,26.05,22.46,31.21,nasa,0.48
2009-08-11,0.06,26.56,23.15,31.3,nasa,0.48
2009-08-12,0.01,26.3,23.47,30.39,nasa,0.47
2009-08-13,0.02,27.28,21.99,33.75,nasa,0.47
2009-08-14,0.05,27.18,22.3,33.23,nasa,0.47
2009-08-15,0.0,27.49,23.56,33.13,nasa,0.47
2009-08-16,0.03,26.83,22.77,32.43,nasa,0.47
2009-08-17,0.18,26.9,20.9,34.6,nasa,0.46
2009-08-18,0.02,27.49,21.76,34.38,nasa,0.46
2009-08-19,0.29,26.12,22.91,30.07,nasa,0.46
2009-08-20,0.58,24.82,22.03,27.63,nasa,0.46
2009-08-21,0.0,26.14,22.25,31.49,nasa,0.46
2009-08-22,0.0,27.7,22.75,33.41,nasa,0.46
2009-08-23,0.08,27.5,23.32,32.71,nasa,0.46
2009-08-24,2.8,26.61,23.0,31.23,nasa,0.46
2009-08-25,7.78,25.61,22.45,30.59,nasa,0.47
2009-08-26,2.81,26.37,21.41,33.49,nasa,0.48
2009-08-27,2.42,25.75,21.45,31.44,nasa,0.48
2009-08-28,1.35,25.87,22.24,31.34,nasa,0.48
2009-08-29,1.35,26.03,21.27,32.03,nasa,0.48
2009-08-30,2.32,25.16,22.37,29.76,nasa,0.48
2009-08-31,3.81,25.04,20.99,30.14,nasa,0.48
2009-09-01,2.36,26.22,21.02,33.32,nasa,0.48
2009-09-02,4.6,24.0,22.11,27.53,nasa,0.48
2009-09-03,0.53,24.26,21.7,27.64,nasa,0.49
2009-09-04,1.84,24.5,22.38,27.82,nasa,0.48
2009-09-05,15.09,22.77,21.22,25.47,nasa,0.5
2009-09-06,14.2,23.54,21.24,28.06,nasa,0.52
2009-09-07,17.07,23.46,21.32,27.68,nasa,0.54
2009-09-08,13.41,22.9,20.99,26.38,nasa,0.56
2009-09-09,16.74,22.4,20.84,24.86,nasa,0.58
2009-09-10,3.74,23.19,20.94,26.06,nasa,0.58
2009-09-11,0.91,23.59,21.15,26.96,nasa,0.57
2009-09-12,0.65,24.75,21.37,29.39,nasa,0.56
2009-09-13,2.45,24.22,21.45,28.07,nasa,0.55
2009-09-14,1.87,24.15,21.58,27.76,nasa,0.54
2009-09-15,1.11,24.62,22.0,28.53,nasa,0.54
2009-09-16,0.48,24.32,21.5,28.04,nasa,0.53
2009-09-17,0.0,25.92,21.54,30.65,nasa,0.52
2009-09-18,0.0,26.5,22.42,31.94,nasa,0.52
2009-09-19,0.74,25.99,22.51,30.49,nasa,0.51
2009-09-20,3.48,25.52,21.82,30.45,nasa,0.51
2009-09-21,0.08,24.79,22.24,28.65,nasa,0.51
2009-09-22,1.69,24.46,20.78,29.85,nasa,0.5
2009-09-23,0.36,22.71,20.78,25.38,nasa,0.5
2009-09-24,1.92,24.11,20.59,29.23,nasa,0.5
2009-09-25,5.09,24.02,21.11,28.37,nasa,0.5
2009-09-26,5.47,24.07,20.82,28.89,nasa,0.51
2009-09-27,2.76,23.44,21.46,27.75,nasa,0.51
2009-09-28,4.74,23.37,21.38,26.8,nasa,0.51
2009-09-29,6.27,23.59,21.99,27.45,nasa,0.52
2009-09-30,1.92,24.65,21.76,29.0,nasa,0.51
2009-10-01,0.24,25.89,20.58,32.6,nasa,0.51
2009-10-02,2.3,24.63,21.8,28.51,nasa,0.51
2009-10-03,3.39,25.55,20.32,32.73,nasa,0.51
2009-10-04,0.67,26.13,21.53,32.52,nasa,0.5
2009-10-05,0.34,25.81,21.98,31.89,nasa,0.5
2009-10-06,2.48,23.88,21.63,27.41,nasa,0.5
2009-10-07,2.35,24.79,20.79,31.07,nasa,0.5
2009-10-08,3.87,23.4,21.13,27.17,nasa,0.5
2009-10-09,1.11,24.19,20.79,28.99,nasa,0.5
2009-10-10,3.96,24.16,21.44,29.21,nasa,0.5
2009-10-11,1.35,24.85,20.37,30.75,nasa,0.5
2009-10-12,0.0,25.95,20.77,32.46,nasa,0.5
2009-10-13,0.53,25.85,21.09,31.58,nasa,0.49
2009-10-14,6.05,24.15,20.98,28.53,nasa,0.5
2009-10-15,2.62,24.2,20.19,30.13,nasa,0.5
2009-10-16,9.45,23.56,20.63,27.99,nasa,0.5
2009-10-17,12.87,22.47,20.39,25.48,nasa,0.53
2009-10-18,5.77,22.77,20.8,26.76,nasa,0.54
2009-10-19,0.96,22.72,20.09,27.09,nasa,0.54
2009-10-20,0.02,24.62,20.44,29.64,nasa,0.53
2009-10-21,0.55,24.82,21.72,29.09,nasa,0.52
2009-10-22,2.71,24.11,21.21,27.93,nasa,0.52
2009-10-23,6.38,23.83,20.98,28.14,nasa,0.52
2009-10-24,7.21,23.7,20.06,29.03,nasa,0.53
2009-10-25,5.35,23.55,20.0,29.59,nasa,0.53
2009-10-26,0.0,23.52,18.83,30.08,nasa,0.53
2009-10-27,0.0,22.88,18.43,29.22,nasa,0.52
2009-10-28,0.01,22.16,16.75,29.29,nasa,0.51
2009-10-29,0.49,23.02,17.92,30.04,nasa,0.51
2009-10-30,1.13,22.72,18.29,29.27,nasa,0.5
2009-10-31,0.28,23.75,18.55,31.13,nasa,0.5
2009-11-01,0.17,23.11,18.92,29.41,nasa,0.5
2009-11-02,32.64,22.49,19.66,27.48,nasa,0.5
2009-11-03,61.8,22.04,20.16,25.07,nasa,0.61
2009-11-04,0.05,22.5,19.81,27.11,nasa,0.62
2009-11-05,0.25,23.59,20.52,28.45,nasa,0.6
2009-11-06,1.62,22.9,20.82,26.35,nasa,0.58
2009-11-07,0.53,23.69,20.53,28.81,nasa,0.57
2009-11-08,0.0,23.99,20.02,30.08,nasa,0.56
2009-11-09,0.0,24.1,18.78,31.04,nasa,0.54
2009-11-10,0.25,25.28,19.29,31.8,nasa,0.53
2009-11-11,1.8,25.46,21.06,31.83,nasa,0.53
2009-11-12,0.0,24.95,19.73,32.11,nasa,0.52
2009-11-13,0.0,24.24,18.96,31.18,nasa,0.52
2009-11-14,0.05,24.07,19.36,30.32,nasa,0.51
2009-11-15,0.13,24.16,19.74,30.02,nasa,0.51
2009-11-16,0.0,24.03,18.8,31.34,nasa,0.5
2009-11-17,2.41,22.33,17.15,29.1,nasa,0.5
2009-11-18,0.67,20.38,17.01,26.28,nasa,0.5
2009-11-19,0.25,22.01,17.66,28.48,nasa,0.5
2009-11-20,0.7,22.06,19.31,27.47,nasa,0.5
2009-11-21,0.03,20.58,16.65,25.65,nasa,0.5
2009-11-22,0.01,20.07,16.57,25.71,nasa,0.5
2009-11-23,0.0,20.99,16.64,27.3,nasa,0.5
2009-11-24,0.08,22.48,17.73,29.17,nasa,0.49
2009-11-25,3.09,23.05,19.62,29.24,nasa,0.49
2009-11-26,0.61,23.47,19.87,29.39,nasa,0.5
2009-11-27,5.83,22.92,19.4,29.5,nasa,0.5
2009-11-28,0.01,23.1,19.3,29.43,nasa,0.5
2009-11-29,0.54,21.81,17.93,28.22,nasa,0.5
2009-11-30,2.74,20.49,17.31,26.48,nasa,0.5
2009-12-01,0.26,21.59,17.15,27.77,nasa,0.5
2009-12-02,0.62,22.23,18.58,28.24,nasa,0.5
2009-12-03,0.58,20.94,16.77,27.03,nasa,0.49
2009-12-04,0.01,20.39,15.89,26.85,nasa,0.49
2009-12-05,0.17,21.24,16.28,28.22,nasa,0.49
2009-12-06,0.63,22.05,17.37,28.74,nasa,0.49
2009-12-07,0.0,22.22,16.86,29.26,nasa,0.49
2009-12-08,0.0,22.11,16.24,29.58,nasa,0.48
2009-12-09,0.0,21.21,15.77,28.69,nasa,0.48
2009-12-10,0.0,21.14,14.95,29.49,nasa,0.48
2009-12-11,0.0,22.12,15.1,30.42,nasa,0.48
2009-12-12,0.0,22.95,17.99,29.86,nasa,0.48
2009-12-13,0.0,23.41,19.08,30.06,nasa,0.48
2009-12-14,0.03,23.71,19.42,30.09,nasa,0.48
2009-12-15,0.72,24.04,19.28,30.85,nasa,0.48
2009-12-16,0.87,23.38,19.71,29.23,nasa,0.48
2009-12-17,0.11,23.14,19.81,29.05,nasa,0.48
2009-12-18,0.84,22.66,19.1,28.88,nasa,0.48
2009-12-19,0.86,21.25,18.53,26.02,nasa,0.48
2009-12-20,0.75,21.13,17.9,26.91,nasa,0.48
2009-12-21,0.1,20.82,17.48,26.81,nasa,0.48
2009-12-22,0.02,20.73,15.81,27.44,nasa,0.48
2009-12-23,0.0,22.47,17.17,29.51,nasa,0.48
2009-12-24,0.0,24.01,18.14,31.59,nasa,0.47
2009-12-25,0.0,24.33,19.15,31.59,nasa,0.47
2009-12-26,0.0,24.0,19.13,30.75,nasa,0.47
2009-12-27,0.0,23.72,17.78,31.51,nasa,0.47
2009-12-28,0.0,22.22,17.21,29.34,nasa,0.47
2009-12-29,0.0,23.0,17.44,30.78,nasa,0.47
2009-12-30,0.0,23.57,17.52,32.2,nasa,0.47
2009-12-31,0.0,22.86,16.91,30.84,nasa,0.47
2010-01-01,0.0,22.71,18.28,29.85,nasa,0.47
2010-01-02,0.0,23.61,18.11,31.17,nasa,0.47
2010-01-03,0.0,23.93,19.43,31.04,nasa,0.47
2010-01-04,0.0,23.81,17.85,31.94,nasa,0.47
2010-01-05,0.0,24.04,18.17,31.95,nasa,0.47
2010-01-06,0.0,23.81,17.55,32.22,nasa,0.46
2010-01-07,0.0,22.87,18.23,29.79,nasa,0.46
2010-01-08,0.12,22.54,17.87,29.57,nasa,0.46
2010-01-09,0.35,22.97,18.38,29.36,nasa,0.46
2010-01-10,0.0,23.56,18.11,30.64,nasa,0.46
2010-01-11,0.0,23.33,17.2,30.76,nasa,0.46
2010-01-12,0.18,21.95,17.38,28.64,nasa,0.46
2010-01-13,0.46,20.75,16.84,26.87,nasa,0.46
2010-01-14,0.35,20.3,16.53,26.27,nasa,0.46
2010-01-15,0.19,19.98,16.25,25.9,nasa,0.46
2010-01-16,0.21,20.5,16.54,26.88,nasa,0.46
2010-01-17,0.6,20.4,16.68,26.44,nasa,0.46
2010-01-18,1.59,21.09,16.61,27.65,nasa,0.46
2010-01-19,29.14,20.99,18.26,24.96,nasa,0.49
2010-01-20,10.32,22.78,19.33,27.52,nasa,0.53
2010-01-21,0.26,23.15,17.79,29.79,nasa,0.53
2010-01-22,0.03,23.29,18.95,29.56,nasa,0.52
2010-01-23,0.13,22.41,18.18,28.7,nasa,0.51
2010-01-24,0.13,22.28,17.16,29.18,nasa,0.51
2010-01-25,0.01,22.25,17.72,29.48,nasa,0.5
2010-01-26,0.12,21.7,17.4,28.32,nasa,0.5
2010-01-27,0.0,21.91,16.75,28.96,nasa,0.49
2010-01-28,0.0,23.05,16.84,30.85,nasa,0.49
2010-01-29,0.01,23.03,17.42,30.22,nasa,0.48
2010-01-30,0.0,23.04,17.89,30.8,nasa,0.48
2010-01-31,0.0,23.33,16.07,32.28,nasa,0.48
2010-02-01,0.0,23.9,16.56,32.63,nasa,0.48
2010-02-02,0.0,25.0,18.35,33.18,nasa,0.47
2010-02-03,0.0,25.08,18.77,33.16,nasa,0.47
2010-02-04,0.0,23.98,16.73,32.96,nasa,0.47
2010-02-05,0.0,24.42,17.21,32.95,nasa,0.47
2010-02-06,0.0,24.77,18.64,33.36,nasa,0.47
2010-02-07,0.0,24.86,16.77,34.05,nasa,0.46
2010-02-08,0.0,25.55,19.31,33.94,nasa,0.46
2010-02-09,0.0,25.51,18.31,34.79,nasa,0.46
2010-02-10,0.0,25.32,17.64,35.07,nasa,0.46
2010-02-11,0.0,25.08,16.4,35.11,nasa,0.46
2010-02-12,0.0,24.75,16.45,34.7,nasa,0.46
2010-02-13,0.01,24.16,18.28,32.18,nasa,0.46
2010-02-14,0.0,24.61,17.83,33.61,nasa,0.46
2010-02-15,0.0,24.07,16.63,33.81,nasa,0.46
2010-02-16,0.0,23.32,16.65,32.1,nasa,0.46
2010-02-17,0.0,23.88,18.29,31.81,nasa,0.46
2010-02-18,0.0,23.15,18.05,30.69,nasa,0.46
2010-02-19,0.02,23.22,18.38,30.54,nasa,0.46
2010-02-20,0.0,23.31,16.3,31.8,nasa,0.46
2010-02-21,0.02,25.19,18.68,32.56,nasa,0.46
2010-02-22,0.35,26.1,20.9,33.22,nasa,0.46
2010-02-23,0.0,23.91,20.4,28.8,nasa,0.46
2010-02-24,0.0,26.75,19.23,35.24,nasa,0.46
2010-02-25,0.0,27.5,20.37,36.18,nasa,0.46
2010-02-26,0.0,28.2,20.94,36.75,nasa,0.45
2010-02-27,0.0,28.19,23.1,35.17,nasa,0.45
2010-02-28,0.0,28.23,23.11,35.62,nasa,0.45
2010-03-01,0.0,28.1,22.39,35.66,nasa,0.45
2010-03-02,0.0,28.38,22.37,35.4,nasa,0.45
2010-03-03,0.0,29.07,23.62,36.54,nasa,0.45
2010-03-04,0.0,28.57,21.89,36.33,nasa,0.45
2010-03-05,0.0,28.33,23.44,34.29,nasa,0.45
2010-03-06,0.0,28.9,21.78,36.86,nasa,0.45
2010-03-07,0.0,29.05,23.27,36.26,nasa,0.45
2010-03-08,0.0,28.12,22.55,35.68,nasa,0.45
2010-03-09,0.0,25.39,19.05,33.14,nasa,0.45
2010-03-10,0.0,21.39,17.32,28.14,nasa,0.45
2010-03-11,0.0,22.44,16.78,30.44,nasa,0.45
2010-03-12,0.0,25.15,17.06,34.71,nasa,0.45
2010-03-13,0.0,26.74,19.11,35.08,nasa,0.45
2010-03-14,0.0,27.4,20.11,36.25,nasa,0.45
2010-03-15,0.0,26.92,18.98,36.48,nasa,0.45
2010-03-16,0.05,24.86,17.41,34.32,nasa,0.45
2010-03-17,0.37,24.67,20.56,31.31,nasa,0.45
2010-03-18,0.0,24.06,19.18,31.37,nasa,0.45
2010-03-19,0.0,24.8,18.12,33.14,nasa,0.45
2010-03-20,0.0,26.17,20.16,33.97,nasa,0.45
2010-03-21,0.0,26.52,19.42,34.9,nasa,0.45
2010-03-22,0.0,26.99,19.26,35.96,nasa,0.45
2010-03-23,0.0,27.94,20.07,36.65,nasa,0.45
2010-03-24,0.0,28.75,22.8,35.47,nasa,0.45
2010-03-25,0.59,28.04,22.05,35.87,nasa,0.45
2010-03-26,1.19,23.33,18.94,29.25,nasa,0.45
2010-03-27,0.64,24.88,19.86,32.52,nasa,0.45
2010-03-28,0.54,24.6,20.14,31.31,nasa,0.45
2010-03-29,1.01,24.9,20.19,31.99,nasa,0.45
2010-03-30,0.0,26.05,19.73,33.89,nasa,0.45
2010-03-31,0.0,26.78,19.82,34.48,nasa,0.45
2010-04-01,0.0,27.99,21.17,35.35,nasa,0.45
2010-04-02,0.0,28.53,22.6,36.16,nasa,0.45
2010-04-03,0.0,27.64,21.09,36.26,nasa,0.45
2010-04-04,0.0,27.79,20.24,36.67,nasa,0.45
2010-04-05,0.0,29.31,22.0,37.42,nasa,0.45
2010-04-06,0.0,29.9,23.26,37.84,nasa,0.45
2010-04-07,0.0,29.3,22.6,38.11,nasa,0.45
2010-04-08,0.0,28.28,19.52,37.64,nasa,0.45
2010-04-09,0.0,29.0,21.96,36.94,nasa,0.45
2010-04-10,0.0,30.02,23.99,37.91,nasa,0.45
2010-04-11,0.0,30.04,23.69,37.54,nasa,0.45
2010-04-12,0.0,30.02,24.88,36.9,nasa,0.45
2010-04-13,0.0,30.32,24.41,37.24,nasa,0.45
2010-04-14,0.04,29.04,22.0,37.22,nasa,0.45
2010-04-15,1.65,28.23,20.53,37.32,nasa,0.45
2010-04-16,9.98,26.47,21.96,33.17,nasa,0.46
2010-04-17,2.25,25.64,21.57,31.52,nasa,0.47
2010-04-18,0.0,27.18,20.5,35.15,nasa,0.47
2010-04-19,0.0,27.54,22.14,34.72,nasa,0.46
2010-04-20,0.0,26.82,22.79,32.63,nasa,0.46
2010-04-21,0.0,27.84,22.63,34.41,nasa,0.46
2010-04-22,0.0,29.24,22.61,36.52,nasa,0.46
2010-04-23,0.0,28.42,23.45,35.57,nasa,0.46
2010-04-24,0.0,27.32,21.61,34.93,nasa,0.45
2010-04-25,0.0,28.07,20.97,36.56,nasa,0.45
2010-04-26,0.0,28.95,21.84,37.74,nasa,0.45
2010-04-27,0.01,28.79,22.0,36.56,nasa,0.45
2010-04-28,0.0,28.32,23.13,35.31,nasa,0.45
2010-04-29,0.21,26.94,23.45,32.16,nasa,0.45
2010-04-30,0.5,28.3,21.57,36.73,nasa,0.45
2010-05-01,0.09,27.99,22.1,35.17,nasa,0.45
2010-05-02,0.42,28.4,22.54,36.29,nasa,0.45
2010-05-03,0.38,28.09,23.44,35.82,nasa,0.45
2010-05-04,1.55,28.67,21.83,36.86,nasa,0.45
2010-05-05,0.0,28.54,24.02,33.58,nasa,0.45
2010-05-06,0.0,29.98,24.6,36.38,nasa,0.45
2010-05-07,0.04,31.23,26.43,38.19,nasa,0.45
2010-05-08,0.5,30.18,23.96,37.77,nasa,0.45
2010-05-09,0.0,31.34,24.34,39.13,nasa,0.45
2010-05-10,0.0,30.65,25.08,37.62,nasa,0.45
2010-05-11,0.01,30.32,23.86,38.74,nasa,0.45
2010-05-12,0.1,29.48,23.4,37.24,nasa,0.45
2010-05-13,0.0,29.93,23.5,37.86,nasa,0.45
2010-05-14,0.04,30.54,24.01,38.02,nasa,0.45
2010-05-15,0.0,30.77,24.79,38.01,nasa,0.45
2010-05-16,0.01,30.41,24.73,37.29,nasa,0.45
2010-05-17,0.0,30.79,23.02,39.37,nasa,0.44
2010-05-18,0.0,30.33,24.17,37.53,nasa,0.44
2010-05-19,0.0,30.3,24.86,36.93,nasa,0.44
2010-05-20,0.01,28.24,24.7,34.28,nasa,0.44
2010-05-21,0.77,29.43,23.91,37.58,nasa,0.44
2010-05-22,7.24,26.75,23.7,32.09,nasa,0.45
2010-05-23,0.03,29.08,23.06,35.88,nasa,0.46
2010-05-24,0.52,29.54,24.83,36.0,nasa,0.46
2010-05-25,3.48,26.7,24.26,30.15,nasa,0.46
2010-05-26,0.68,26.64,23.56,30.73,nasa,0.46
2010-05-27,0.69,27.89,23.04,35.16,nasa,0.46
2010-05-28,0.0,26.7,23.68,30.78,nasa,0.46
2010-05-29,0.0,28.76,23.43,35.37,nasa,0.46
2010-05-30,0.05,28.85,23.96,34.92,nasa,0.45
2010-05-31,0.04,29.15,23.29,36.14,nasa,0.45
2010-06-01,0.01,28.85,24.37,33.83,nasa,0.45
2010-06-02,0.2,28.3,24.77,32.64,nasa,0.45
2010-06-03,1.12,27.86,24.04,32.87,nasa,0.45
2010-06-04,0.2,28.52,24.08,34.28,nasa,0.45
2010-06-05,2.32,27.65,23.72,33.68,nasa,0.45
2010-06-06,1.01,26.63,22.77,31.34,nasa,0.45
2010-06-07,0.27,26.11,22.92,31.2,nasa,0.45
2010-06-08,0.25,25.49,23.33,28.33,nasa,0.45
2010-06-09,0.6,26.26,22.5,32.26,nasa,0.45
2010-06-10,0.37,26.57,22.46,31.81,nasa,0.45
2010-06-11,0.0,28.54,22.82,35.68,nasa,0.45
2010-06-12,0.04,29.01,23.66,35.56,nasa,0.45
2010-06-13,0.44,27.03,24.26,31.03,nasa,0.45
2010-06-14,0.26,27.0,23.58,32.7,nasa,0.45
2010-06-15,1.62,27.22,22.59,33.04,nasa,0.45
2010-06-16,0.04,28.46,23.86,34.93,nasa,0.45
2010-06-17,0.47,27.95,22.78,34.17,nasa,0.45
2010-06-18,0.33,27.43,23.13,32.65,nasa,0.45
2010-06-19,0.11,27.05,22.9,32.43,nasa,0.45
2010-06-20,0.43,26.01,23.37,30.08,nasa,0.45
2010-06-21,5.47,25.49,22.19,30.36,nasa,0.46
2010-06-22,0.74,26.51,22.04,32.27,nasa,0.46
2010-06-23,0.57,26.21,22.08,31.17,nasa,0.46
2010-06-24,0.21,27.9,22.84,34.17,nasa,0.46
2010-06-25,2.36,26.98,23.25,32.21,nasa,0.46
2010-06-26,0.47,25.62,23.44,28.74,nasa,0.46
2010-06-27,0.02,25.9,23.46,28.93,nasa,0.46
2010-06-28,0.26,26.84,22.23,33.11,nasa,0.46
2010-06-29,0.0,27.69,22.72,33.45,nasa,0.45
2010-06-30,0.32,27.07,23.22,32.02,nasa,0.45
2010-07-01,3.64,25.48,22.16,31.16,nasa,0.46
2010-07-02,0.0,27.1,21.71,33.41,nasa,0.46
2010-07-03,0.07,27.49,22.91,32.87,nasa,0.46
2010-07-04,0.56,27.19,22.15,32.7,nasa,0.45
2010-07-05,2.89,27.16,21.48,33.84,nasa,0.46
2010-07-06,0.06,28.16,22.46,35.14,nasa,0.46
2010-07-07,0.76,27.26,23.1,32.19,nasa,0.46
2010-07-08,0.04,27.86,22.53,34.99,nasa,0.45
2010-07-09,0.38,27.46,23.17,34.0,nasa,0.45
2010-07-10,0.0,27.76,23.09,33.84,nasa,0.45
2010-07-11,0.18,27.86,22.96,32.91,nasa,0.45
2010-07-12,2.42,25.32,22.75,28.83,nasa,0.45
2010-07-13,0.89,25.84,21.96,31.23,nasa,0.45
2010-07-14,0.43,26.7,22.12,33.28,nasa,0.45
2010-07-15,0.08,26.07,22.85,30.35,nasa,0.45
2010-07-16,0.18,26.43,22.62,31.6,nasa,0.45
2010-07-17,0.21,27.26,22.78,33.85,nasa,0.45
2010-07-18,0.8,26.33,22.17,31.7,nasa,0.45
2010-07-19,0.11,27.58,22.53,34.89,nasa,0.45
2010-07-20,0.95,25.01,22.66,28.23,nasa,0.45
2010-07-21,0.95,26.76,21.57,33.93,nasa,0.45
2010-07-22,0.0,27.01,23.33,32.77,nasa,0.45
2010-07-23,0.04,25.86,23.05,29.86,nasa,0.45
2010-07-24,1.14,25.69,22.47,30.54,nasa,0.45
2010-07-25,6.35,23.06,21.88,25.24,nasa,0.46
2010-07-26,4.72,24.54,21.33,29.61,nasa,0.46
2010-07-27,0.06,26.47,22.03,31.65,nasa,0.47
2010-07-28,1.17,25.29,22.38,29.5,nasa,0.47
2010-07-29,0.88,27.05,21.22,34.42,nasa,0.46
2010-07-30,0.02,25.91,22.92,30.12,nasa,0.46
2010-07-31,1.0,25.44,22.47,29.79,nasa,0.46
2010-08-01,1.94,24.51,21.51,28.85,nasa,0.46
2010-08-02,0.02,25.46,21.5,30.0,nasa,0.46
2010-08-03,0.0,26.1,20.83,31.76,nasa,0.46
2010-08-04,0.0,26.19,21.83,31.13,nasa,0.46
2010-08-05,0.04,26.72,22.17,31.74,nasa,0.46
2010-08-06,0.32,25.27,22.69,28.46,nasa,0.46
2010-08-07,1.43,24.54,21.48,28.99,nasa,0.46
2010-08-08,2.22,24.74,21.83,29.86,nasa,0.46
2010-08-09,1.46,24.77,21.45,29.7,nasa,0.46
2010-08-10,3.95,24.74,21.11,30.28,nasa,0.46
2010-08-11,0.94,25.61,21.15,31.42,nasa,0.46
2010-08-12,0.01,26.52,22.54,31.46,nasa,0.46
2010-08-13,0.13,26.42,22.48,31.27,nasa,0.46
2010-08-14,1.65,26.13,22.65,31.06,nasa,0.46
2010-08-15,0.16,24.95,22.34,28.99,nasa,0.46
2010-08-16,1.0,26.86,21.71,34.05,nasa,0.46
2010-08-17,1.01,27.44,22.37,34.1,nasa,0.46
2010-08-18,0.32,27.57,22.28,34.97,nasa,0.46
2010-08-19,5.5,24.74,20.48,30.54,nasa,0.46
2010-08-20,3.76,24.24,19.99,30.95,nasa,0.46
2010-08-21,0.85,25.14,20.92,29.79,nasa,0.47
2010-08-22,0.62,25.21,21.83,30.16,nasa,0.47
2010-08-23,1.54,24.03,20.92,28.33,nasa,0.46
2010-08-24,2.08,24.78,20.9,29.99,nasa,0.46
2010-08-25,0.02,26.32,20.89,33.15,nasa,0.46
2010-08-26,0.78,25.64,21.62,30.66,nasa,0.46
2010-08-27,4.43,25.14,21.72,30.34,nasa,0.46
2010-08-28,4.93,23.9,21.76,28.31,nasa,0.47
2010-08-29,1.05,23.91,20.81,28.32,nasa,0.47
2010-08-30,0.22,25.71,21.13,31.62,nasa,0.47
2010-08-31,0.0,26.72,21.92,32.52,nasa,0.47
2010-09-01,0.35,26.47,22.87,31.05,nasa,0.46
2010-09-02,3.67,24.94,22.34,28.85,nasa,0.47
2010-09-03,9.2,24.63,21.66,29.67,nasa,0.47
2010-09-04,13.78,24.29,21.14,29.8,nasa,0.49
2010-09-05,0.05,25.85,20.96,31.41,nasa,0.5
2010-09-06,0.15,26.45,21.71,32.23,nasa,0.49
2010-09-07,0.05,26.97,21.95,32.8,nasa,0.48
2010-09-08,0.12,27.62,21.62,35.69,nasa,0.48
2010-09-09,2.1,25.89,21.81,31.27,nasa,0.48
2010-09-10,0.0,26.51,22.05,32.63,nasa,0.47
2010-09-11,0.4,25.46,21.55,31.21,nasa,0.47
2010-09-12,3.52,25.16,20.83,32.03,nasa,0.47
2010-09-13,0.3,25.56,20.76,32.52,nasa,0.47
2010-09-14,1.23,24.55,21.26,29.61,nasa,0.47
2010-09-15,0.45,26.25,21.2,33.45,nasa,0.47
2010-09-16,3.22,23.86,21.46,28.16,nasa,0.47
2010-09-17,7.58,24.51,20.83,30.42,nasa,0.48
2010-09-18,1.13,25.19,19.55,31.93,nasa,0.48
2010-09-19,0.22,27.0,21.11,34.01,nasa,0.48
2010-09-20,3.24,24.31,22.33,27.0,nasa,0.48
2010-09-21,0.37,26.51,21.17,33.27,nasa,0.48
2010-09-22,0.0,27.37,22.39,34.64,nasa,0.47
2010-09-23,0.0,26.97,22.05,32.63,nasa,0.47
2010-09-24,0.16,27.25,22.49,34.45,nasa,0.47
2010-09-25,0.66,26.99,21.03,34.33,nasa,0.47
2010-09-26,0.0,26.6,21.42,32.78,nasa,0.46
2010-09-27,0.35,26.97,21.2,34.03,nasa,0.46
2010-09-28,1.79,25.5,22.04,30.44,nasa,0.46
2010-09-29,1.38,24.82,21.6,29.85,nasa,0.46
2010-09-30,4.52,23.15,19.87,27.73,nasa,0.46
2010-10-01,18.5,22.62,20.22,26.58,nasa,0.49
2010-10-02,1.23,24.08,21.29,28.22,nasa,0.5
2010-10-03,8.94,24.71,20.2,30.78,nasa,0.5
2010-10-04,11.6,23.34,20.57,27.54,nasa,0.51
2010-10-05,7.13,23.72,20.25,28.4,nasa,0.52
2010-10-06,1.0,25.03,21.43,30.6,nasa,0.52
2010-10-07,1.45,25.2,21.42,30.56,nasa,0.51
2010-10-08,1.37,25.21,22.27,30.13,nasa,0.51
2010-10-09,11.12,23.46,21.36,27.12,nasa,0.51
2010-10-10,8.7,23.32,21.13,26.61,nasa,0.52
2010-10-11,10.76,22.67,20.23,25.49,nasa,0.54
2010-10-12,7.07,23.2,20.77,26.98,nasa,0.54
2010-10-13,11.06,22.84,19.72,27.71,nasa,0.55
2010-10-14,32.35,22.49,19.84,26.51,nasa,0.58
2010-10-15,5.31,22.3,20.67,25.3,nasa,0.6
2010-10-16,0.08,23.4,20.59,27.85,nasa,0.59
2010-10-17,0.43,23.48,19.92,27.99,nasa,0.57
2010-10-18,0.09,23.41,20.64,27.42,nasa,0.56
2010-10-19,0.96,23.24,20.8,27.57,nasa,0.55
2010-10-20,3.73,23.03,20.64,26.81,nasa,0.54
2010-10-21,13.91,23.95,19.95,29.62,nasa,0.55
2010-10-22,1.63,23.72,21.2,28.22,nasa,0.56
2010-10-23,0.03,24.84,21.06,30.26,nasa,0.54
2010-10-24,0.16,24.51,21.19,29.06,nasa,0.53
2010-10-25,0.11,25.1,21.06,31.33,nasa,0.53
2010-10-26,0.29,24.11,19.79,30.48,nasa,0.52
2010-10-27,5.62,24.08,19.86,30.1,nasa,0.51
2010-10-28,26.02,22.78,20.19,27.7,nasa,0.54
2010-10-29,0.73,22.19,19.22,27.47,nasa,0.55
2010-10-30,46.47,20.37,18.27,23.25,nasa,0.57
2010-10-31,15.88,21.41,19.21,25.23,nasa,0.61
2010-11-01,37.27,22.69,19.61,26.47,nasa,0.64
2010-11-02,33.51,22.09,20.47,24.48,nasa,0.68
2010-11-03,7.25,21.69,19.18,24.83,nasa,0.68
2010-11-04,4.34,20.53,17.75,23.71,nasa,0.66
2010-11-05,0.33,21.63,18.36,25.73,nasa,0.64
2010-11-06,1.54,22.18,19.22,26.64,nasa,0.62
2010-11-07,7.74,22.41,20.2,25.11,nasa,0.61
2010-11-08,12.07,22.59,20.93,25.35,nasa,0.62
2010-11-09,6.54,22.02,20.64,25.05,nasa,0.62
2010-11-10,4.78,22.61,20.24,26.95,nasa,0.61
2010-11-11,14.91,22.4,20.58,26.05,nasa,0.61
2010-11-12,2.6,22.7,20.23,27.34,nasa,0.62
2010-11-13,0.67,23.36,20.07,28.47,nasa,0.6
2010-11-14,0.24,22.33,20.73,24.52,nasa,0.6
2010-11-15,1.44,22.24,19.34,26.2,nasa,0.59
2010-11-16,1.66,21.97,18.31,26.88,nasa,0.58
2010-11-17,4.43,22.85,19.99,27.19,nasa,0.58
2010-11-18,10.66,22.66,20.77,25.96,nasa,0.58
2010-11-19,51.65,21.85,19.51,25.54,nasa,0.63
2010-11-20,5.47,21.47,19.24,24.71,nasa,0.66
2010-11-21,0.89,22.06,19.19,26.27,nasa,0.64
2010-11-22,4.11,22.28,20.07,25.79,nasa,0.63
2010-11-23,0.65,22.14,19.47,26.69,nasa,0.62
2010-11-24,0.19,22.13,18.97,27.39,nasa,0.61
2010-11-25,0.63,21.18,18.27,26.12,nasa,0.6
2010-11-26,0.21,21.24,18.5,25.88,nasa,0.59
2010-11-27,0.7,22.42,18.89,27.26,nasa,0.59
2010-11-28,4.92,23.16,20.55,27.79,nasa,0.58
2010-11-29,15.03,22.57,21.08,24.74,nasa,0.6
2010-11-30,4.82,22.37,20.64,25.63,nasa,0.61
2010-12-01,4.07,22.46,19.94,27.12,nasa,0.6
2010-12-02,0.06,22.66,19.79,27.59,nasa,0.6
2010-12-03,0.37,22.52,19.81,27.64,nasa,0.59
2010-12-04,1.83,22.78,19.64,26.94,nasa,0.58
2010-12-05,15.99,22.17,20.32,25.6,nasa,0.6
2010-12-06,0.81,22.92,20.36,27.39,nasa,0.6
2010-12-07,0.4,22.12,19.4,26.62,nasa,0.59
2010-12-08,0.0,20.74,17.16,25.64,nasa,0.58
2010-12-09,0.0,19.86,16.34,25.79,nasa,0.58
2010-12-10,0.0,21.38,15.13,28.34,nasa,0.57
2010-12-11,0.0,23.09,17.82,29.43,nasa,0.57
2010-12-12,0.15,23.34,18.51,29.42,nasa,0.57
2010-12-13,0.55,22.98,19.58,28.08,nasa,0.56
2010-12-14,5.55,21.92,19.13,26.02,nasa,0.57
2010-12-15,0.0,23.47,17.73,30.74,nasa,0.57
2010-12-16,0.03,21.65,15.14,29.14,nasa,0.56
2010-12-17,0.01,17.87,14.69,23.43,nasa,0.56
2010-12-18,0.0,19.08,14.23,25.86,nasa,0.56
2010-12-19,0.0,20.87,15.43,27.61,nasa,0.56
2010-12-20,0.05,21.57,19.13,25.81,nasa,0.56
2010-12-21,1.01,21.86,17.6,28.42,nasa,0.56
2010-12-22,0.04,22.06,18.48,27.75,nasa,0.55
2010-12-23,0.53,21.21,17.75,27.3,nasa,0.55
2010-12-24,0.0,21.39,16.18,27.98,nasa,0.55
2010-12-25,0.0,21.27,17.26,27.45,nasa,0.55
2010-12-26,0.1,20.36,16.9,25.83,nasa,0.55
2010-12-27,0.07,20.13,17.13,25.21,nasa,0.55
2010-12-28,0.05,19.74,16.44,25.56,nasa,0.54
2010-12-29,0.43,20.69,16.07,27.36,nasa,0.54
2010-12-30,0.0,20.88,17.15,26.91,nasa,0.54
2010-12-31,0.0,19.47,16.56,24.48,nasa,0.54
2011-01-01,0.0,19.81,16.36,26.06,nasa,0.55
2011-01-02,0.0,20.96,15.79,27.77,nasa,0.55
2011-01-03,0.08,22.14,17.13,28.76,nasa,0.54
2011-01-04,0.78,21.97,19.25,27.27,nasa,0.54
2011-01-05,0.25,21.35,18.62,25.6,nasa,0.54
2011-01-06,0.12,21.49,18.35,26.8,nasa,0.54
2011-01-07,0.09,20.84,17.54,26.18,nasa,0.54
2011-01-08,0.01,19.51,16.5,24.55,nasa,0.54
2011-01-09,0.0,19.6,16.2,25.46,nasa,0.54
2011-01-10,0.02,20.08,16.77,25.79,nasa,0.54
2011-01-11,0.0,20.33,15.9,26.88,nasa,0.54
2011-01-12,0.0,18.77,15.72,23.82,nasa,0.54
2011-01-13,0.0,19.76,14.5,26.73,nasa,0.54
2011-01-14,0.0,20.88,16.38,26.83,nasa,0.54
2011-01-15,0.03,19.94,16.76,24.84,nasa,0.54
2011-01-16,0.0,17.67,14.53,22.19,nasa,0.54
2011-01-17,0.0,18.04,14.11,23.52,nasa,0.54
2011-01-18,0.0,20.21,14.66,27.1,nasa,0.54
2011-01-19,0.0,21.11,17.23,26.7,nasa,0.53
2011-01-20,0.04,22.03,18.39,27.35,nasa,0.53
2011-01-21,0.32,21.56,17.46,27.13,nasa,0.53
2011-01-22,1.3,20.81,17.17,26.79,nasa,0.53
2011-01-23,1.21,21.07,18.11,26.52,nasa,0.53
2011-01-24,0.02,20.95,18.3,25.99,nasa,0.53
2011-01-25,0.07,20.33,17.21,25.58,nasa,0.53
2011-01-26,0.59,21.31,17.27,26.28,nasa,0.53
2011-01-27,0.34,21.92,18.96,27.29,nasa,0.53
2011-01-28,0.01,21.57,18.41,27.14,nasa,0.53
2011-01-29,0.01,20.6,16.87,26.09,nasa,0.53
2011-01-30,0.07,20.35,16.63,26.26,nasa,0.53
2011-01-31,0.09,20.22,17.07,25.76,nasa,0.52
2011-02-01,0.0,20.93,16.95,27.54,nasa,0.52
2011-02-02,0.0,20.66,17.13,27.18,nasa,0.52
2011-02-03,0.01,20.95,16.34,27.69,nasa,0.52
2011-02-04,0.02,20.59,16.66,26.97,nasa,0.52
2011-02-05,0.0,19.92,15.26,27.14,nasa,0.52
2011-02-06,0.0,19.91,14.23,27.61,nasa,0.52
2011-02-07,0.0,20.65,13.28,28.61,nasa,0.51
2011-02-08,0.0,22.51,15.96,29.69,nasa,0.51
2011-02-09,0.0,23.82,18.91,30.84,nasa,0.51
2011-02-10,0.0,24.01,18.47,31.27,nasa,0.51
2011-02-11,0.02,23.45,18.16,30.16,nasa,0.51
2011-02-12,0.14,22.01,18.09,28.37,nasa,0.51
2011-02-13,0.0,23.13,17.42,30.44,nasa,0.51
2011-02-14,0.0,22.21,18.1,29.11,nasa,0.51
2011-02-15,0.0,22.62,17.34,29.68,nasa,0.5
2011-02-16,0.0,23.53,18.41,30.8,nasa,0.5
2011-02-17,0.0,23.69,16.96,31.8,nasa,0.5
2011-02-18,0.01,23.84,18.5,31.12,nasa,0.5
2011-02-19,0.0,23.54,17.3,30.71,nasa,0.5
2011-02-20,0.0,22.82,18.18,29.17,nasa,0.5
2011-02-21,0.0,21.75,17.42,27.84,nasa,0.5
2011-02-22,0.0,22.98,18.29,30.07,nasa,0.5
2011-02-23,0.0,22.46,18.11,29.45,nasa,0.5
2011-02-24,0.0,22.37,16.65,30.34,nasa,0.5
2011-02-25,0.0,22.37,16.69,30.45,nasa,0.49
2011-02-26,0.0,22.68,17.72,30.3,nasa,0.49
2011-02-27,0.0,22.75,17.77,29.91,nasa,0.49
2011-02-28,0.0,22.56,16.56,30.55,nasa,0.49
2011-03-01,0.0,21.17,16.24,28.59,nasa,0.49
2011-03-02,0.0,20.4,16.42,25.94,nasa,0.49
2011-03-03,0.01,22.26,18.04,29.03,nasa,0.49
2011-03-04,0.3,22.83,18.79,28.78,nasa,0.49
2011-03-05,2.06,23.42,18.95,29.82,nasa,0.49
2011-03-06,0.08,24.95,20.05,31.39,nasa,0.49
2011-03-07,0.02,25.07,18.99,32.24,nasa,0.49
2011-03-08,0.52,24.08,19.64,30.7,nasa,0.49
2011-03-09,0.0,23.19,19.18,29.56,nasa,0.49
2011-03-10,0.0,22.92,18.96,29.62,nasa,0.49
2011-03-11,0.0,22.85,18.89,29.1,nasa,0.49
2011-03-12,0.0,22.84,18.42,29.83,nasa,0.48
2011-03-13,0.0,23.11,17.63,31.19,nasa,0.48
2011-03-14,0.0,23.81,16.86,32.83,nasa,0.48
2011-03-15,0.1,22.97,17.87,31.57,nasa,0.48
2011-03-16,2.75,22.2,18.52,27.46,nasa,0.48
2011-03-17,1.08,23.37,20.1,28.87,nasa,0.48
2011-03-18,0.22,23.07,19.41,28.16,nasa,0.49
2011-03-19,0.09,24.63,19.39,31.6,nasa,0.48
2011-03-20,0.01,25.42,19.29,32.72,nasa,0.48
2011-03-21,0.07,25.96,19.48,33.46,nasa,0.48
2011-03-22,0.08,25.22,19.87,31.27,nasa,0.48
2011-03-23,1.55,23.71,21.11,28.08,nasa,0.48
2011-03-24,2.94,22.63,19.76,27.72,nasa,0.48
2011-03-25,1.18,21.76,19.16,25.87,nasa,0.49
2011-03-26,0.09,22.01,18.84,27.47,nasa,0.49
2011-03-27,0.5,21.71,17.92,28.03,nasa,0.48
2011-03-28,0.02,20.91,17.47,27.13,nasa,0.48
2011-03-29,0.08,20.85,17.1,26.76,nasa,0.48
2011-03-30,0.18,20.75,16.93,26.34,nasa,0.48
2011-03-31,0.01,22.2,16.43,29.65,nasa,0.48
2011-04-01,0.1,23.23,18.53,29.47,nasa,0.48
2011-04-02,0.13,23.13,19.21,28.36,nasa,0.48
2011-04-03,0.0,24.28,18.57,31.97,nasa,0.48
2011-04-04,0.0,23.68,17.38,32.02,nasa,0.48
2011-04-05,0.09,23.09,17.39,30.49,nasa,0.48
2011-04-06,0.0,24.08,18.04,32.35,nasa,0.47
2011-04-07,0.0,23.96,17.76,32.08,nasa,0.47
2011-04-08,0.0,24.11,18.18,32.1,nasa,0.47
2011-04-09,0.0,23.55,19.04,30.7,nasa,0.47
2011-04-10,0.0,23.51,17.55,30.93,nasa,0.47
2011-04-11,0.0,23.68,17.52,31.4,nasa,0.47
2011-04-12,0.0,24.31,19.08,31.71,nasa,0.47
2011-04-13,0.0,24.57,17.77,33.04,nasa,0.47
2011-04-14,0.0,26.08,18.4,34.95,nasa,0.47
2011-04-15,0.0,27.03,20.02,35.0,nasa,0.47
2011-04-16,0.0,27.56,21.82,34.47,nasa,0.46
2011-04-17,0.02,27.1,22.11,34.32,nasa,0.46
2011-04-18,0.71,25.9,22.56,31.56,nasa,0.46
2011-04-19,3.4,24.58,21.54,29.29,nasa,0.47
2011-04-20,0.39,25.41,20.33,32.06,nasa,0.47
2011-04-21,0.01,26.24,20.31,33.42,nasa,0.47
2011-04-22,0.08,25.6,20.82,30.99,nasa,0.47
2011-04-23,0.11,26.35,19.74,34.6,nasa,0.47
2011-04-24,0.04,25.56,20.21,33.35,nasa,0.47
2011-04-25,0.12,26.22,20.44,33.76,nasa,0.47
2011-04-26,0.0,27.64,20.44,35.79,nasa,0.46
2011-04-27,0.0,27.63,22.66,33.63,nasa,0.46
2011-04-28,0.08,27.23,22.76,32.22,nasa,0.46
2011-04-29,0.53,26.84,21.89,32.88,nasa,0.46
2011-04-30,0.0,27.87,20.81,36.35,nasa,0.46
2011-05-01,0.0,28.23,20.28,36.69,nasa,0.46
2011-05-02,0.0,28.74,22.87,35.81,nasa,0.46
2011-05-03,0.0,28.57,22.4,35.66,nasa,0.46
2011-05-04,0.08,28.43,22.6,35.78,nasa,0.46
2011-05-05,0.62,27.69,21.5,35.64,nasa,0.46
2011-05-06,0.0,27.61,22.26,34.48,nasa,0.46
2011-05-07,0.0,26.32,23.13,31.12,nasa,0.46
2011-05-08,0.01,26.98,22.88,31.58,nasa,0.46
2011-05-09,0.04,27.99,23.69,33.24,nasa,0.46
2011-05-10,0.52,27.86,23.28,33.46,nasa,0.46
2011-05-11,0.04,28.54,22.24,35.6,nasa,0.46
2011-05-12,0.39,28.04,23.52,34.44,nasa,0.46
2011-05-13,0.27,27.91,23.33,34.59,nasa,0.46
2011-05-14,0.34,26.7,22.85,32.53,nasa,0.46
2011-05-15,1.31,25.33,22.47,30.37,nasa,0.46
2011-05-16,0.25,26.56,21.47,33.34,nasa,0.46
2011-05-17,0.44,27.64,22.04,34.82,nasa,0.46
2011-05-18,4.15,25.29,22.56,29.41,nasa,0.46
2011-05-19,0.0,26.45,21.18,33.73,nasa,0.47
2011-05-20,0.16,25.63,22.34,30.18,nasa,0.46
2011-05-21,1.37,26.05,22.18,30.56,nasa,0.47
2011-05-22,0.0,27.33,22.11,33.82,nasa,0.47
2011-05-23,0.05,28.05,22.96,34.41,nasa,0.46
2011-05-24,2.04,26.21,23.31,30.97,nasa,0.46
2011-05-25,6.7,24.31,22.28,27.94,nasa,0.47
2011-05-26,8.77,25.18,21.75,30.49,nasa,0.48
2011-05-27,8.15,23.97,22.13,28.0,nasa,0.49
2011-05-28,11.81,24.0,21.74,28.1,nasa,0.51
2011-05-29,6.49,23.51,21.47,27.17,nasa,0.52
2011-05-30,12.73,23.74,20.55,28.0,nasa,0.53
2011-05-31,2.83,24.59,21.9,28.98,nasa,0.54
2011-06-01,0.78,25.29,21.4,30.64,nasa,0.53
2011-06-02,0.06,26.49,21.91,32.04,nasa,0.52
2011-06-03,0.56,26.53,22.56,32.03,nasa,0.51
2011-06-04,0.27,26.37,22.38,31.28,nasa,0.51
2011-06-05,0.03,27.06,23.15,33.04,nasa,0.5
2011-06-06,0.59,25.91,22.39,31.85,nasa,0.5
2011-06-07,0.28,26.13,21.46,31.73,nasa,0.49
2011-06-08,0.53,25.75,22.96,29.53,nasa,0.49
2011-06-09,2.88,26.21,22.18,32.21,nasa,0.49
2011-06-10,0.12,26.16,22.48,31.64,nasa,0.49
2011-06-11,0.46,24.99,22.17,29.41,nasa,0.49
2011-06-12,0.19,25.81,21.56,31.93,nasa,0.48
2011-06-13,0.14,25.88,22.02,30.76,nasa,0.48
2011-06-14,0.05,24.65,21.8,28.65,nasa,0.48
2011-06-15,1.51,25.39,21.4,30.28,nasa,0.48
2011-06-16,1.06,26.21,21.71,31.69,nasa,0.48
2011-06-17,3.29,24.68,21.88,28.47,nasa,0.48
2011-06-18,5.12,24.2,21.02,29.29,nasa,0.48
2011-06-19,3.12,23.89,20.53,28.26,nasa,0.49
2011-06-20,0.29,24.91,20.94,29.79,nasa,0.49
2011-06-21,1.2,24.72,20.83,29.53,nasa,0.48
2011-06-22,1.54,25.42,21.85,30.93,nasa,0.48
2011-06-23,0.49,25.38,21.96,30.02,nasa,0.48
2011-06-24,0.36,26.51,22.8,31.79,nasa,0.48
2011-06-25,0.09,26.58,22.54,31.97,nasa,0.47
2011-06-26,0.48,26.81,22.0,32.87,nasa,0.47
2011-06-27,0.72,26.81,21.84,32.72,nasa,0.47
2011-06-28,0.55,27.22,22.77,32.98,nasa,0.47
2011-06-29,4.89,24.58,22.45,27.51,nasa,0.47
2011-06-30,0.99,24.15,21.75,28.0,nasa,0.48
2011-07-01,0.02,25.72,21.14,31.28,nasa,0.47
2011-07-02,0.21,26.3,21.41,32.28,nasa,0.47
2011-07-03,0.15,26.76,21.58,32.9,nasa,0.47
2011-07-04,2.26,24.53,22.01,27.89,nasa,0.47
2011-07-05,0.22,25.29,21.5,30.11,nasa,0.47
2011-07-06,1.17,25.64,21.76,30.08,nasa,0.47
2011-07-07,1.61,26.61,21.76,33.02,nasa,0.47
2011-07-08,0.22,26.14,22.8,30.32,nasa,0.47
2011-07-09,3.26,26.08,21.76,32.48,nasa,0.47
2011-07-10,0.56,25.66,22.19,30.46,nasa,0.47
2011-07-11,1.0,25.96,21.14,32.26,nasa,0.47
2011-07-12,1.6,24.47,22.21,27.74,nasa,0.47
2011-07-13,3.58,24.21,21.8,27.79,nasa,0.47
2011-07-14,16.22,24.03,20.58,28.8,nasa,0.49
2011-07-15,0.01,24.43,21.25,28.49,nasa,0.5
2011-07-16,0.1,25.16,20.75,30.31,nasa,0.5
2011-07-17,1.02,25.19,21.62,29.72,nasa,0.49
2011-07-18,0.07,26.32,22.03,31.83,nasa,0.49
2011-07-19,0.23,25.69,22.26,29.94,nasa,0.48
2011-07-20,0.27,26.74,21.92,32.55,nasa,0.48
2011-07-21,0.07,26.46,22.8,31.72,nasa,0.48
2011-07-22,0.13,26.26,21.68,32.34,nasa,0.48
2011-07-23,1.51,25.38,21.36,30.59,nasa,0.47
2011-07-24,1.48,24.72,21.8,29.13,nasa,0.47
2011-07-25,6.69,23.69,20.85,28.16,nasa,0.48
2011-07-26,6.13,24.01,21.21,28.38,nasa,0.49
2011-07-27,0.73,25.03,21.39,30.73,nasa,0.49
2011-07-28,1.44,24.92,21.63,29.85,nasa,0.49
2011-07-29,6.16,23.34,21.35,26.13,nasa,0.49
2011-07-30,2.63,23.49,20.15,27.49,nasa,0.5
2011-07-31,2.4,24.3,20.82,29.07,nasa,0.49
2011-08-01,0.32,25.02,20.35,30.87,nasa,0.49
2011-08-02,0.12,25.2,21.29,30.58,nasa,0.49
2011-08-03,0.52,25.96,21.05,32.15,nasa,0.48
2011-08-04,0.01,26.67,21.72,32.23,nasa,0.48
2011-08-05,0.32,27.18,22.34,33.11,nasa,0.48
2011-08-06,1.98,25.27,22.8,28.6,nasa,0.48
2011-08-07,11.42,23.46,20.79,27.7,nasa,0.49
2011-08-08,5.31,24.56,20.06,30.45,nasa,0.5
2011-08-09,2.17,24.53,21.1,29.54,nasa,0.5
2011-08-10,1.32,24.57,21.41,28.92,nasa,0.49
2011-08-11,0.04,25.36,21.03,31.08,nasa,0.49
2011-08-12,0.08,25.82,21.01,31.68,nasa,0.49
2011-08-13,1.13,26.41,21.9,32.17,nasa,0.48
2011-08-14,2.29,25.68,21.81,31.15,nasa,0.48
2011-08-15,7.73,23.75,21.05,28.41,nasa,0.49
2011-08-16,1.47,24.94,20.21,30.81,nasa,0.49
2011-08-17,0.89,25.46,21.2,31.04,nasa,0.49
2011-08-18,0.3,25.52,21.2,30.98,nasa,0.49
2011-08-19,2.47,24.48,21.49,29.03,nasa,0.49
2011-08-20,4.43,25.42,21.25,31.27,nasa,0.49
2011-08-21,1.46,24.81,22.08,29.4,nasa,0.49
2011-08-22,0.96,26.02,21.45,32.7,nasa,0.49
2011-08-23,1.15,25.87,22.33,30.93,nasa,0.49
2011-08-24,0.28,26.68,22.0,33.02,nasa,0.48
2011-08-25,0.4,27.57,22.43,34.77,nasa,0.48
2011-08-26,0.76,25.6,22.74,30.47,nasa,0.48
2011-08-27,1.62,25.85,21.43,32.89,nasa,0.48
2011-08-28,1.22,24.77,21.22,30.2,nasa,0.48
2011-08-29,0.57,25.94,20.92,32.68,nasa,0.48
2011-08-30,0.35,26.16,22.15,31.41,nasa,0.48
2011-08-31,0.3,25.51,22.58,29.85,nasa,0.47
2011-09-01,0.44,25.89,21.98,31.27,nasa,0.47
2011-09-02,2.79,25.56,21.73,31.3,nasa,0.47
2011-09-03,0.76,26.0,21.46,31.81,nasa,0.47
2011-09-04,0.67,26.07,22.33,30.9,nasa,0.47
2011-09-05,4.24,24.74,22.19,29.4,nasa,0.47
2011-09-06,2.32,25.13,20.73,31.05,nasa,0.48
2011-09-07,2.8,25.18,21.8,30.47,nasa,0.48
2011-09-08,1.78,24.58,21.7,29.63,nasa,0.48
2011-09-09,3.66,23.66,20.85,28.35,nasa,0.48
2011-09-10,3.24,22.96,20.79,26.25,nasa,0.48
2011-09-11,7.46,23.25,20.48,27.68,nasa,0.49
2011-09-12,0.99,24.44,20.55,29.71,nasa,0.5
2011-09-13,0.05,25.38,20.01,31.4,nasa,0.49
2011-09-14,0.23,25.65,21.83,30.72,nasa,0.49
2011-09-15,0.67,25.16,21.81,29.91,nasa,0.49
2011-09-16,0.23,25.99,21.55,31.44,nasa,0.48
2011-09-17,0.91,25.81,22.07,30.85,nasa,0.48
2011-09-18,0.21,26.66,21.92,32.21,nasa,0.48
2011-09-19,0.54,25.77,22.8,29.85,nasa,0.48
2011-09-20,2.9,24.78,21.62,28.97,nasa,0.48
2011-09-21,12.43,23.47,21.54,26.83,nasa,0.49
2011-09-22,2.66,23.19,20.77,27.93,nasa,0.5
2011-09-23,22.51,22.65,20.88,25.69,nasa,0.52
2011-09-24,3.42,22.6,20.86,25.68,nasa,0.54
2011-09-25,0.0,23.34,21.07,27.01,nasa,0.53
2011-09-26,0.32,23.81,19.4,29.1,nasa,0.52
2011-09-27,2.59,23.94,20.62,28.6,nasa,0.52
2011-09-28,4.07,22.72,20.45,26.01,nasa,0.52
2011-09-29,0.38,24.35,20.91,29.6,nasa,0.52
2011-09-30,0.06,25.11,22.21,29.88,nasa,0.51
2011-10-01,0.12,25.28,21.3,30.48,nasa,0.5
2011-10-02,3.15,23.96,21.4,27.31,nasa,0.5
2011-10-03,12.82,22.68,20.51,25.8,nasa,0.52
2011-10-04,29.82,23.29,20.24,28.32,nasa,0.55
2011-10-05,6.95,23.0,20.18,27.41,nasa,0.57
2011-10-06,0.79,22.5,19.93,25.38,nasa,0.57
2011-10-07,3.15,23.67,20.42,28.69,nasa,0.55
2011-10-08,2.1,23.16,20.68,26.66,nasa,0.55
2011-10-09,9.43,22.76,20.91,25.55,nasa,0.55
2011-10-10,6.65,23.14,20.42,27.03,nasa,0.56
2011-10-11,2.67,23.45,21.2,27.04,nasa,0.56
2011-10-12,3.17,23.64,20.8,27.62,nasa,0.55
2011-10-13,5.73,22.61,20.84,25.55,nasa,0.55
2011-10-14,3.67,23.27,19.71,28.47,nasa,0.55
2011-10-15,0.22,24.07,21.12,28.33,nasa,0.54
2011-10-16,1.07,23.2,21.36,25.82,nasa,0.54
2011-10-17,1.64,23.33,20.88,27.53,nasa,0.53
2011-10-18,0.2,24.21,21.23,28.74,nasa,0.53
2011-10-19,1.85,23.77,21.62,27.15,nasa,0.52
2011-10-20,15.87,23.5,20.75,28.68,nasa,0.54
2011-10-21,2.14,23.67,20.26,29.13,nasa,0.54
2011-10-22,0.55,23.78,19.81,29.8,nasa,0.53
2011-10-23,1.21,24.24,19.2,31.08,nasa,0.53
2011-10-24,0.0,24.48,19.95,30.5,nasa,0.52
2011-10-25,0.01,24.52,20.82,30.14,nasa,0.52
2011-10-26,0.08,24.22,20.78,29.47,nasa,0.51
2011-10-27,0.75,24.58,20.82,30.12,nasa,0.51
2011-10-28,0.4,24.64,21.11,30.44,nasa,0.5
2011-10-29,1.15,24.11,20.9,29.49,nasa,0.5
2011-10-30,0.01,24.19,20.18,30.25,nasa,0.5
2011-10-31,0.09,24.25,20.42,30.37,nasa,0.49
2011-11-01,2.05,24.25,20.25,30.37,nasa,0.49
2011-11-02,2.56,23.9,20.3,29.99,nasa,0.49
2011-11-03,1.7,24.31,20.16,30.81,nasa,0.49
2011-11-04,3.34,24.55,19.98,31.0,nasa,0.49
2011-11-05,10.19,22.59,20.19,27.29,nasa,0.5
2011-11-06,11.32,22.41,19.7,26.61,nasa,0.52
2011-11-07,19.07,21.72,19.88,24.9,nasa,0.56
2011-11-08,3.5,23.02,20.28,27.72,nasa,0.56
2011-11-09,8.93,22.9,20.62,26.94,nasa,0.56
2011-11-10,0.72,21.89,19.39,26.09,nasa,0.56
2011-11-11,2.87,21.95,18.34,27.91,nasa,0.55
2011-11-12,0.56,21.89,17.83,28.33,nasa,0.54
2011-11-13,0.88,22.2,17.34,28.74,nasa,0.53
2011-11-14,0.07,23.0,18.72,29.11,nasa,0.53
2011-11-15,0.19,23.55,19.86,28.48,nasa,0.52
2011-11-16,1.77,23.35,19.98,28.58,nasa,0.52
2011-11-17,0.47,23.77,19.44,29.48,nasa,0.52
2011-11-18,0.45,25.16,20.88,30.58,nasa,0.51
2011-11-19,0.0,24.43,20.27,30.86,nasa,0.51
2011-11-20,0.08,23.23,18.88,28.22,nasa,0.5
2011-11-21,1.79,23.79,20.8,28.47,nasa,0.5
2011-11-22,0.82,24.01,21.17,28.61,nasa,0.5
2011-11-23,0.51,24.09,20.55,28.76,nasa,0.5
2011-11-24,0.73,23.2,20.28,28.41,nasa,0.5
2011-11-25,0.45,22.6,19.32,26.89,nasa,0.5
2011-11-26,2.81,22.31,18.77,27.46,nasa,0.5
2011-11-27,6.41,23.05,19.47,29.28,nasa,0.5
2011-11-28,0.01,23.2,18.99,29.57,nasa,0.51
2011-11-29,0.0,23.48,18.33,30.41,nasa,0.5
2011-11-30,0.03,23.62,18.91,29.94,nasa,0.5
2011-12-01,0.44,23.01,19.34,28.84,nasa,0.5
2011-12-02,0.16,21.89,17.04,27.68,nasa,0.49
2011-12-03,0.0,20.38,15.97,27.1,nasa,0.49
2011-12-04,0.0,18.99,15.96,23.46,nasa,0.49
2011-12-05,0.02,21.15,16.68,26.58,nasa,0.49
2011-12-06,0.37,22.2,19.58,26.12,nasa,0.49
2011-12-07,1.24,23.1,19.91,28.18,nasa,0.49
2011-12-08,3.91,21.91,19.85,25.51,nasa,0.49
2011-12-09,8.2,21.07,18.76,25.7,nasa,0.5
2011-12-10,0.3,20.41,16.46,25.68,nasa,0.51
2011-12-11,0.0,18.0,14.1,23.34,nasa,0.51
2011-12-12,0.05,17.0,13.72,21.07,nasa,0.5
2011-12-13,0.98,18.65,14.76,24.16,nasa,0.5
2011-12-14,2.49,20.42,16.38,25.36,nasa,0.5
2011-12-15,0.15,22.77,19.64,28.27,nasa,0.5
2011-12-16,0.8,22.51,20.01,27.14,nasa,0.5
2011-12-17,0.1,21.71,18.63,26.63,nasa,0.5
2011-12-18,0.09,21.44,18.52,26.75,nasa,0.5
2011-12-19,0.37,20.25,17.57,24.7,nasa,0.5
2011-12-20,1.97,21.74,17.56,27.46,nasa,0.5
2011-12-21,0.76,23.12,20.23,28.13,nasa,0.5
2011-12-22,0.64,22.75,19.58,28.23,nasa,0.49
2011-12-23,0.1,21.4,18.19,26.44,nasa,0.49
2011-12-24,0.01,19.06,15.55,23.54,nasa,0.49
2011-12-25,0.0,17.89,15.11,23.0,nasa,0.49
2011-12-26,0.01,19.72,15.36,25.7,nasa,0.49
2011-12-27,0.04,21.75,18.37,27.28,nasa,0.49
2011-12-28,0.05,21.56,17.74,27.27,nasa,0.49
2011-12-29,0.0,21.89,17.62,28.59,nasa,0.49
2011-12-30,0.02,22.32,18.28,28.69,nasa,0.48
2011-12-31,0.91,22.73,19.46,28.14,nasa,0.48
2012-01-01,0.84,22.84,19.46,28.58,nasa,0.48
2012-01-02,0.41,22.24,18.35,28.8,nasa,0.48
2012-01-03,0.0,21.68,16.38,29.34,nasa,0.48
2012-01-04,0.03,21.73,16.8,28.6,nasa,0.48
2012-01-05,0.27,22.2,18.32,28.29,nasa,0.48
2012-01-06,0.0,21.8,17.55,28.48,nasa,0.48
2012-01-07,0.0,21.05,18.12,26.18,nasa,0.48
2012-01-08,0.0,20.28,17.13,25.39,nasa,0.48
2012-01-09,0.01,19.91,17.05,24.73,nasa,0.48
2012-01-10,0.32,20.84,17.58,26.28,nasa,0.48
2012-01-11,2.12,20.89,18.05,25.43,nasa,0.48
2012-01-12,0.64,22.35,19.74,27.45,nasa,0.48
2012-01-13,0.04,22.78,19.02,28.02,nasa,0.48
2012-01-14,0.19,23.37,19.52,29.25,nasa,0.48
2012-01-15,0.15,24.41,19.45,31.45,nasa,0.48
2012-01-16,0.84,24.42,20.52,30.4,nasa,0.48
2012-01-17,2.77,22.31,19.99,26.47,nasa,0.48
2012-01-18,0.45,24.39,18.96,31.61,nasa,0.48
2012-01-19,0.0,24.42,20.42,30.62,nasa,0.48
2012-01-20,0.0,24.23,19.48,31.55,nasa,0.48
2012-01-21,0.0,23.51,16.77,32.18,nasa,0.47
2012-01-22,0.01,24.08,16.49,33.0,nasa,0.47
2012-01-23,0.12,23.27,19.45,29.44,nasa,0.47
2012-01-24,0.03,22.73,18.63,29.31,nasa,0.47
2012-01-25,0.18,22.16,17.8,28.67,nasa,0.47
2012-01-26,0.02,21.49,16.8,28.55,nasa,0.47
2012-01-27,0.0,22.18,17.2,29.84,nasa,0.47
2012-01-28,0.3,22.41,17.39,29.32,nasa,0.47
2012-01-29,5.63,22.02,18.97,27.18,nasa,0.47
2012-01-30,0.39,23.24,19.48,29.8,nasa,0.48
2012-01-31,0.11,22.66,18.97,29.0,nasa,0.47
2012-02-01,0.0,22.9,18.53,29.61,nasa,0.47
2012-02-02,0.01,23.18,18.86,30.27,nasa,0.47
2012-02-03,0.09,22.86,18.48,30.02,nasa,0.47
2012-02-04,0.18,23.52,18.45,31.07,nasa,0.47
2012-02-05,0.0,24.38,19.29,31.61,nasa,0.47
2012-02-06,0.0,25.41,17.7,33.73,nasa,0.47
2012-02-07,0.0,26.35,20.67,33.87,nasa,0.47
2012-02-08,0.0,24.27,19.56,30.89,nasa,0.46
2012-02-09,0.0,23.56,18.79,30.7,nasa,0.46
2012-02-10,0.0,23.39,17.89,31.28,nasa,0.46
2012-02-11,0.0,22.58,17.9,30.5,nasa,0.46
2012-02-12,0.0,22.46,17.71,30.19,nasa,0.46
2012-02-13,0.0,22.85,16.04,32.08,nasa,0.46
2012-02-14,0.0,23.67,17.2,31.0,nasa,0.46
2012-02-15,0.0,25.28,18.01,33.68,nasa,0.46
2012-02-16,0.93,23.89,19.59,29.49,nasa,0.46
2012-02-17,2.97,23.22,20.19,28.68,nasa,0.46
2012-02-18,0.25,21.59,17.82,27.53,nasa,0.46
2012-02-19,0.16,20.48,17.42,25.57,nasa,0.46
2012-02-20,0.09,20.54,17.01,25.19,nasa,0.46
2012-02-21,0.8,23.24,17.74,30.07,nasa,0.46
2012-02-22,11.14,24.12,19.66,31.49,nasa,0.48
2012-02-23,0.0,27.05,19.92,35.8,nasa,0.48
2012-02-24,0.0,27.68,22.16,34.77,nasa,0.48
2012-02-25,0.01,27.49,22.27,34.62,nasa,0.47
2012-02-26,0.06,26.08,20.38,33.14,nasa,0.47
2012-02-27,0.0,25.01,19.38,32.55,nasa,0.47
2012-02-28,0.0,25.87,18.91,34.77,nasa,0.47
2012-02-29,0.0,25.8,18.87,34.58,nasa,0.46
2012-03-01,0.0,25.11,20.04,31.97,nasa,0.46
2012-03-02,0.0,25.82,20.45,33.63,nasa,0.46
2012-03-03,0.0,26.35,20.18,34.63,nasa,0.46
2012-03-04,0.02,26.63,19.42,35.15,nasa,0.46
2012-03-05,0.0,27.09,20.66,34.97,nasa,0.46
2012-03-06,0.02,26.72,22.05,32.87,nasa,0.46
2012-03-07,0.56,26.35,21.9,32.51,nasa,0.46
2012-03-08,0.19,26.56,21.88,31.75,nasa,0.46
2012-03-09,0.47,26.95,20.87,34.76,nasa,0.46
2012-03-10,0.6,25.56,20.62,32.44,nasa,0.46
2012-03-11,0.46,24.56,20.14,31.15,nasa,0.46
2012-03-12,0.0,25.02,20.29,32.19,nasa,0.46
2012-03-13,0.0,25.2,19.83,33.25,nasa,0.46
2012-03-14,0.01,25.31,19.19,33.24,nasa,0.45
2012-03-15,0.81,25.92,20.49,33.56,nasa,0.45
2012-03-16,0.53,26.03,18.67,34.56,nasa,0.45
2012-03-17,0.0,26.98,19.55,35.98,nasa,0.45
2012-03-18,0.0,27.11,19.84,35.08,nasa,0.45
2012-03-19,0.0,26.11,21.3,32.16,nasa,0.45
2012-03-20,0.16,26.63,20.03,33.54,nasa,0.45
2012-03-21,1.11,23.79,20.51,27.18,nasa,0.45
2012-03-22,0.0,26.21,18.51,35.18,nasa,0.45
2012-03-23,0.05,26.84,20.82,33.24,nasa,0.45
2012-03-24,0.17,23.86,19.02,30.39,nasa,0.45
2012-03-25,0.0,23.15,17.57,30.26,nasa,0.45
2012-03-26,0.0,23.83,19.18,31.02,nasa,0.45
2012-03-27,0.0,23.66,19.4,30.33,nasa,0.45
2012-03-28,1.22,23.66,19.17,30.62,nasa,0.45
2012-03-29,4.04,23.51,18.12,31.55,nasa,0.46
2012-03-30,2.43,23.3,18.74,29.3,nasa,0.46
2012-03-31,24.48,22.2,19.46,25.61,nasa,0.48
2012-04-01,68.59,20.88,18.65,24.09,nasa,0.56
2012-04-02,6.83,22.64,19.2,28.34,nasa,0.61
2012-04-03,0.0,24.52,19.05,31.25,nasa,0.59
2012-04-04,0.0,25.23,18.81,32.31,nasa,0.57
2012-04-05,0.0,25.91,19.93,32.38,nasa,0.55
2012-04-06,0.0,26.08,21.46,32.75,nasa,0.54
2012-04-07,0.08,25.24,19.26,32.44,nasa,0.52
2012-04-08,0.55,24.76,19.7,31.25,nasa,0.51
2012-04-09,0.3,24.67,19.78,31.11,nasa,0.51
2012-04-10,1.12,25.45,20.18,32.4,nasa,0.5
2012-04-11,0.0,25.71,19.6,33.41,nasa,0.5
2012-04-12,0.0,26.43,20.28,34.26,nasa,0.49
2012-04-13,0.06,27.06,21.43,34.84,nasa,0.49
2012-04-14,0.08,26.59,20.47,34.12,nasa,0.48
2012-04-15,0.0,27.83,21.9,35.48,nasa,0.48
2012-04-16,0.0,27.8,22.47,35.09,nasa,0.48
2012-04-17,0.0,28.21,22.03,36.02,nasa,0.47
2012-04-18,0.0,27.41,23.3,33.27,nasa,0.47
2012-04-19,0.0,28.34,23.28,35.07,nasa,0.47
2012-04-20,0.01,28.3,22.62,34.92,nasa,0.47
2012-04-21,1.88,25.94,22.98,30.05,nasa,0.47
2012-04-22,0.0,27.02,22.05,34.06,nasa,0.47
2012-04-23,0.01,28.06,22.57,35.41,nasa,0.47
2012-04-24,0.12,28.15,22.06,35.32,nasa,0.46
2012-04-25,0.29,28.26,23.28,34.75,nasa,0.46
2012-04-26,1.22,27.51,23.9,32.82,nasa,0.46
2012-04-27,0.18,25.9,23.08,31.23,nasa,0.46
2012-04-28,0.56,26.7,21.68,33.13,nasa,0.46
2012-04-29,0.83,26.18,22.21,31.63,nasa,0.46
2012-04-30,0.25,26.71,22.29,31.94,nasa,0.46
2012-05-01,0.58,27.04,22.67,32.28,nasa,0.46
2012-05-02,0.01,28.56,22.77,36.16,nasa,0.46
2012-05-03,0.07,27.93,23.18,35.17,nasa,0.46
2012-05-04,0.0,27.5,23.21,34.23,nasa,0.46
2012-05-05,0.2,26.82,22.93,34.28,nasa,0.46
2012-05-06,2.07,25.4,22.08,30.71,nasa,0.46
2012-05-07,0.22,27.06,21.15,34.94,nasa,0.46
2012-05-08,0.01,26.46,21.99,32.72,nasa,0.46
2012-05-09,0.01,27.11,22.28,32.99,nasa,0.46
2012-05-10,0.02,28.05,22.38,34.26,nasa,0.46
2012-05-11,0.18,28.06,23.39,33.32,nasa,0.46
2012-05-12,0.12,28.19,22.6,35.68,nasa,0.46
2012-05-13,0.81,28.11,23.07,34.71,nasa,0.46
2012-05-14,0.51,27.16,22.97,32.92,nasa,0.46
2012-05-15,0.33,26.58,22.65,32.64,nasa,0.46
2012-05-16,0.04,26.78,22.66,32.74,nasa,0.46
2012-05-17,0.22,27.34,22.5,33.95,nasa,0.46
2012-05-18,0.17,28.36,22.42,35.36,nasa,0.46
2012-05-19,0.0,28.61,23.34,35.27,nasa,0.46
2012-05-20,0.0,28.38,23.5,34.28,nasa,0.45
2012-05-21,0.0,28.32,23.22,34.2,nasa,0.45
2012-05-22,0.12,26.77,23.94,30.67,nasa,0.45
2012-05-23,1.31,26.03,22.9,29.88,nasa,0.45
2012-05-24,2.57,25.22,22.0,29.57,nasa,0.46
2012-05-25,7.03,24.83,21.3,30.02,nasa,0.46
2012-05-26,6.16,24.88,20.76,30.44,nasa,0.47
2012-05-27,5.72,24.82,21.57,29.89,nasa,0.48
2012-05-28,0.0,26.34,21.97,31.74,nasa,0.48
2012-05-29,0.35,25.72,22.41,30.38,nasa,0.48
2012-05-30,1.74,26.05,22.83,30.9,nasa,0.48
2012-05-31,1.17,26.03,23.16,30.27,nasa,0.48
2012-06-01,2.68,25.91,22.88,30.7,nasa,0.48
2012-06-02,0.97,24.92,22.85,27.48,nasa,0.48
2012-06-03,1.21,26.5,21.88,31.95,nasa,0.48
2012-06-04,2.81,25.84,23.07,29.71,nasa,0.48
2012-06-05,0.49,26.74,22.45,32.5,nasa,0.48
2012-06-06,1.38,25.48,23.06,29.01,nasa,0.48
2012-06-07,0.71,26.41,22.13,31.61,nasa,0.48
2012-06-08,1.9,25.41,22.79,29.14,nasa,0.48
2012-06-09,0.78,26.41,22.25,31.91,nasa,0.48
2012-06-10,0.03,26.41,22.12,31.66,nasa,0.47
2012-06-11,0.56,26.47,22.18,31.74,nasa,0.47
2012-06-12,1.9,25.19,22.57,29.01,nasa,0.47
2012-06-13,0.0,26.46,22.32,31.88,nasa,0.47
2012-06-14,0.0,27.46,22.1,33.83,nasa,0.47
2012-06-15,0.05,25.97,22.9,30.51,nasa,0.47
2012-06-16,1.35,25.41,22.48,29.84,nasa,0.47
2012-06-17,5.49,23.48,21.46,26.23,nasa,0.47
2012-06-18,1.24,24.4,21.0,28.97,nasa,0.47
2012-06-19,0.08,25.33,22.42,29.24,nasa,0.47
2012-06-20,0.52,26.43,22.3,31.51,nasa,0.47
2012-06-21,0.41,25.23,22.29,29.17,nasa,0.47
2012-06-22,0.9,25.37,21.27,30.58,nasa,0.47
2012-06-23,0.01,26.85,21.46,33.21,nasa,0.47
2012-06-24,0.06,26.56,22.85,31.9,nasa,0.46
2012-06-25,0.43,26.75,22.71,31.85,nasa,0.46
2012-06-26,0.1,26.81,22.54,31.71,nasa,0.46
2012-06-27,0.61,25.86,22.67,30.25,nasa,0.46
2012-06-28,0.4,25.35,22.07,29.43,nasa,0.46
2012-06-29,0.61,23.96,21.88,26.64,nasa,0.46
2012-06-30,4.71,23.62,21.13,26.78,nasa,0.46
2012-07-01,7.87,22.59,20.28,25.77,nasa,0.47
2012-07-02,0.3,23.51,21.33,27.05,nasa,0.48
2012-07-03,3.99,24.87,20.99,31.1,nasa,0.48
2012-07-04,9.72,23.99,21.06,28.3,nasa,0.49
2012-07-05,0.87,24.59,22.01,28.79,nasa,0.5
2012-07-06,5.32,24.41,20.81,29.02,nasa,0.5
2012-07-07,1.54,24.48,21.79,28.63,nasa,0.5
2012-07-08,2.38,25.0,21.13,30.37,nasa,0.5
2012-07-09,5.21,24.69,21.59,29.55,nasa,0.49
2012-07-10,27.7,24.12,21.29,28.4,nasa,0.52
2012-07-11,4.92,23.39,21.45,25.93,nasa,0.55
2012-07-12,4.26,24.11,20.92,29.34,nasa,0.54
2012-07-13,0.39,24.58,20.76,29.36,nasa,0.53
2012-07-14,0.03,25.66,21.16,31.1,nasa,0.52
2012-07-15,0.48,25.53,22.06,29.74,nasa,0.51
2012-07-16,0.14,26.32,21.98,31.5,nasa,0.51
2012-07-17,0.44,25.88,22.51,30.44,nasa,0.5
2012-07-18,0.4,25.6,22.22,30.45,nasa,0.5
2012-07-19,0.46,24.77,22.39,28.97,nasa,0.49
2012-07-20,0.0,25.71,21.12,31.21,nasa,0.49
2012-07-21,0.34,25.6,22.47,30.12,nasa,0.49
2012-07-22,2.81,25.31,21.52,30.76,nasa,0.48
2012-07-23,0.13,25.97,22.72,30.64,nasa,0.48
2012-07-24,0.69,25.53,22.05,31.01,nasa,0.48
2012-07-25,1.81,24.74,21.13,29.66,nasa,0.48
2012-07-26,1.36,25.56,20.67,31.4,nasa,0.48
2012-07-27,0.28,25.61,22.56,29.98,nasa,0.47
2012-07-28,0.22,24.65,22.39,28.36,nasa,0.47
2012-07-29,0.51,24.21,21.64,28.13,nasa,0.47
2012-07-30,1.96,24.37,20.59,29.36,nasa,0.47
2012-07-31,1.04,24.0,20.44,28.93,nasa,0.47
2012-08-01,3.47,24.41,21.1,29.0,nasa,0.47
2012-08-02,0.07,23.96,21.03,28.2,nasa,0.47
2012-08-03,0.15,24.89,20.45,30.23,nasa,0.47
2012-08-04,0.87,25.03,20.4,30.13,nasa,0.47
2012-08-05,0.03,25.67,21.6,30.23,nasa,0.47
2012-08-06,0.2,26.01,22.14,30.05,nasa,0.47
2012-08-07,0.99,25.47,22.42,29.61,nasa,0.47
2012-08-08,0.26,26.67,22.06,32.45,nasa,0.47
2012-08-09,1.53,26.07,21.72,31.83,nasa,0.47
2012-08-10,0.09,26.35,21.87,31.87,nasa,0.47
2012-08-11,0.13,26.22,21.96,31.4,nasa,0.46
2012-08-12,0.0,26.59,21.85,31.62,nasa,0.46
2012-08-13,0.04,26.73,22.74,31.58,nasa,0.46
2012-08-14,0.26,27.1,22.56,33.3,nasa,0.46
2012-08-15,0.12,26.3,22.56,31.48,nasa,0.46
2012-08-16,1.64,24.58,22.69,27.67,nasa,0.46
2012-08-17,1.68,25.01,21.6,29.64,nasa,0.46
2012-08-18,0.05,25.95,21.9,31.04,nasa,0.46
2012-08-19,0.54,26.66,21.89,32.04,nasa,0.46
2012-08-20,0.1,26.3,22.86,30.79,nasa,0.46
2012-08-21,1.23,26.32,22.3,31.35,nasa,0.46
2012-08-22,1.0,25.38,22.99,28.77,nasa,0.46
2012-08-23,0.87,26.2,21.9,33.2,nasa,0.46
2012-08-24,3.02,24.89,21.7,29.95,nasa,0.47
2012-08-25,2.64,25.12,21.19,30.67,nasa,0.47
2012-08-26,2.73,25.53,21.13,31.26,nasa,0.47
2012-08-27,4.34,25.26,20.5,31.08,nasa,0.47
2012-08-28,0.49,26.14,21.86,31.92,nasa,0.48
2012-08-29,0.03,26.53,22.23,32.53,nasa,0.47
2012-08-30,0.32,26.57,22.43,31.53,nasa,0.47
2012-08-31,2.82,24.72,22.04,28.49,nasa,0.47
2012-09-01,13.69,23.14,21.28,25.84,nasa,0.49
2012-09-02,2.08,23.54,20.42,27.83,nasa,0.5
2012-09-03,1.19,24.67,20.68,29.66,nasa,0.49
2012-09-04,1.77,25.49,21.05,31.85,nasa,0.49
2012-09-05,3.94,24.38,21.75,28.85,nasa,0.49
2012-09-06,3.03,24.05,21.24,28.35,nasa,0.49
2012-09-07,1.81,23.61,19.9,27.96,nasa,0.49
2012-09-08,0.61,25.92,20.5,31.29,nasa,0.49
2012-09-09,0.59,27.03,21.84,34.38,nasa,0.49
2012-09-10,1.84,25.62,20.64,31.52,nasa,0.48
2012-09-11,5.71,24.89,21.55,30.22,nasa,0.48
2012-09-12,13.4,23.41,21.21,27.4,nasa,0.5
2012-09-13,1.64,23.94,20.68,28.14,nasa,0.51
2012-09-14,3.77,24.83,20.31,31.44,nasa,0.51
2012-09-15,9.18,23.06,20.9,27.28,nasa,0.51
2012-09-16,8.66,23.64,20.76,28.64,nasa,0.52
2012-09-17,3.94,24.82,20.97,30.57,nasa,0.53
2012-09-18,0.08,25.6,20.57,31.97,nasa,0.52
2012-09-19,0.96,23.75,21.58,26.46,nasa,0.51
2012-09-20,4.2,24.75,20.33,31.38,nasa,0.51
2012-09-21,2.69,25.23,20.2,31.5,nasa,0.51
2012-09-22,2.8,24.86,21.23,29.54,nasa,0.51
2012-09-23,0.16,24.71,21.89,29.31,nasa,0.51
2012-09-24,1.1,25.18,21.03,31.34,nasa,0.5
2012-09-25,2.43,25.69,21.21,32.14,nasa,0.5
2012-09-26,6.45,24.55,21.56,29.06,nasa,0.5
2012-09-27,7.34,23.54,20.94,28.28,nasa,0.51
2012-09-28,17.65,23.28,19.76,29.17,nasa,0.53
2012-09-29,1.53,23.63,20.08,28.89,nasa,0.54
2012-09-30,2.83,24.26,20.5,29.81,nasa,0.53
2012-10-01,8.29,22.17,20.54,24.5,nasa,0.53
2012-10-02,3.39,23.62,20.6,28.12,nasa,0.54
2012-10-03,9.15,23.08,21.18,25.8,nasa,0.54
2012-10-04,2.94,23.75,21.03,27.66,nasa,0.54
2012-10-05,7.57,24.08,20.52,29.95,nasa,0.54
2012-10-06,4.69,22.92,19.76,26.92,nasa,0.54
2012-10-07,2.36,23.04,20.78,27.37,nasa,0.54
2012-10-08,3.12,23.69,19.58,29.0,nasa,0.54
2012-10-09,1.96,23.91,19.5,30.17,nasa,0.53
2012-10-10,0.36,24.13,19.81,30.56,nasa,0.52
2012-10-11,0.35,23.91,18.33,30.91,nasa,0.52
2012-10-12,0.37,24.19,19.69,31.12,nasa,0.51
2012-10-13,3.19,23.67,18.28,30.74,nasa,0.51
2012-10-14,0.64,23.45,16.8,31.44,nasa,0.5
2012-10-15,0.19,24.88,18.79,32.23,nasa,0.5
2012-10-16,0.47,25.48,20.69,32.3,nasa,0.5
2012-10-17,0.01,23.75,18.06,30.85,nasa,0.49
2012-10-18,0.0,24.28,19.99,30.52,nasa,0.49
2012-10-19,0.0,24.5,19.64,31.25,nasa,0.48
2012-10-20,0.02,24.58,18.97,31.5,nasa,0.48
2012-10-21,0.33,24.74,20.73,31.1,nasa,0.48
2012-10-22,1.66,24.9,21.08,30.49,nasa,0.48
2012-10-23,6.21,24.49,20.65,30.69,nasa,0.48
2012-10-24,0.96,24.61,20.29,31.26,nasa,0.49
2012-10-25,1.08,24.12,19.79,30.72,nasa,0.49
2012-10-26,0.02,24.58,18.16,32.33,nasa,0.48
2012-10-27,0.21,26.01,20.57,32.88,nasa,0.48
2012-10-28,0.0,26.99,21.77,33.6,nasa,0.48
2012-10-29,0.08,24.95,21.63,28.96,nasa,0.48
2012-10-30,0.17,25.8,20.08,32.86,nasa,0.48
2012-10-31,0.4,25.36,20.89,31.28,nasa,0.48
2012-11-01,1.18,24.52,20.76,30.2,nasa,0.48
2012-11-02,1.45,24.74,20.27,30.74,nasa,0.48
2012-11-03,0.69,25.75,21.01,32.98,nasa,0.48
2012-11-04,2.29,24.58,20.99,30.31,nasa,0.48
2012-11-05,0.0,25.66,20.0,33.4,nasa,0.48
2012-11-06,0.02,25.38,19.86,32.68,nasa,0.47
2012-11-07,0.27,24.92,20.47,31.28,nasa,0.47
2012-11-08,0.13,25.82,19.74,33.4,nasa,0.47
2012-11-09,0.0,26.16,19.58,34.46,nasa,0.47
2012-11-10,0.11,25.67,19.47,33.05,nasa,0.47
2012-11-11,1.59,25.3,21.5,31.1,nasa,0.47
2012-11-12,0.06,25.39,22.1,30.91,nasa,0.47
2012-11-13,0.68,24.6,21.65,29.34,nasa,0.47
2012-11-14,8.19,22.73,20.77,26.87,nasa,0.48
2012-11-15,20.3,22.75,20.7,25.91,nasa,0.5
2012-11-16,1.75,24.04,21.19,28.35,nasa,0.52
2012-11-17,1.43,24.09,20.52,28.71,nasa,0.52
2012-11-18,3.18,24.25,20.52,30.01,nasa,0.51
2012-11-19,0.05,25.16,21.03,31.24,nasa,0.51
2012-11-20,0.0,25.05,20.53,31.62,nasa,0.51
2012-11-21,0.0,24.49,21.51,29.06,nasa,0.5
2012-11-22,0.05,25.42,20.09,32.31,nasa,0.5
2012-11-23,1.49,25.27,20.7,32.27,nasa,0.49
2012-11-24,3.39,23.78,20.3,28.78,nasa,0.49
2012-11-25,4.1,24.3,19.99,31.0,nasa,0.5
2012-11-26,0.04,25.3,20.03,32.34,nasa,0.5
2012-11-27,0.25,24.91,20.56,30.78,nasa,0.49
2012-11-28,0.55,23.62,20.09,28.59,nasa,0.49
2012-11-29,0.01,24.4,19.32,31.33,nasa,0.49
2012-11-30,0.0,24.17,18.73,31.55,nasa,0.49
2012-12-01,0.0,23.77,18.5,31.53,nasa,0.48
2012-12-02,0.0,23.41,17.82,31.1,nasa,0.48
2012-12-03,0.0,22.94,18.33,30.31,nasa,0.48
2012-12-04,0.0,23.37,17.94,30.96,nasa,0.48
2012-12-05,0.05,24.14,17.16,32.18,nasa,0.47
2012-12-06,0.81,23.38,20.43,28.03,nasa,0.47
2012-12-07,0.0,24.26,20.03,30.66,nasa,0.47
2012-12-08,0.0,23.63,18.22,30.43,nasa,0.47
2012-12-09,0.0,22.81,19.06,28.69,nasa,0.47
2012-12-10,0.0,23.34,18.28,30.29,nasa,0.47
2012-12-11,0.01,23.15,18.42,29.81,nasa,0.47
2012-12-12,0.11,22.84,18.54,29.14,nasa,0.47
2012-12-13,1.03,23.5,19.31,29.52,nasa,0.47
2012-12-14,0.96,24.37,20.37,30.4,nasa,0.47
2012-12-15,0.07,25.19,21.21,31.59,nasa,0.47
2012-12-16,0.0,24.75,18.89,32.75,nasa,0.47
2012-12-17,0.0,24.55,18.42,32.95,nasa,0.47
2012-12-18,0.0,24.5,19.28,31.67,nasa,0.47
2012-12-19,0.01,23.74,20.28,29.15,nasa,0.46
2012-12-20,0.08,24.14,19.64,30.71,nasa,0.46
2012-12-21,0.03,24.71,20.37,31.5,nasa,0.46
2012-12-22,0.07,24.0,20.42,29.94,nasa,0.46
2012-12-23,0.71,22.52,19.45,27.5,nasa,0.46
2012-12-24,0.02,21.37,18.25,26.59,nasa,0.46
2012-12-25,0.12,22.73,18.29,29.08,nasa,0.46
2012-12-26,0.97,23.34,19.56,29.76,nasa,0.46
2012-12-27,0.68,23.52,18.78,30.63,nasa,0.46
2012-12-28,0.14,24.42,19.91,31.07,nasa,0.46
2012-12-29,1.41,24.7,21.12,30.89,nasa,0.46
2012-12-30,0.0,22.75,15.79,30.16,nasa,0.46
2012-12-31,0.0,18.76,15.44,24.26,nasa,0.46
2013-01-01,0.0,21.02,16.16,27.81,nasa,0.46
2013-01-02,0.0,22.67,17.01,30.69,nasa,0.46
2013-01-03,0.19,22.81,18.27,29.93,nasa,0.46
2013-01-04,0.05,21.86,17.79,27.8,nasa,0.46
2013-01-05,2.34,20.78,17.21,26.32,nasa,0.46
2013-01-06,8.85,20.68,18.62,24.53,nasa,0.47
2013-01-07,8.37,20.49,19.07,23.46,nasa,0.49
2013-01-08,2.13,22.33,19.05,27.25,nasa,0.49
2013-01-09,0.21,22.99,19.5,28.83,nasa,0.49
2013-01-10,0.17,22.14,18.4,28.24,nasa,0.49
2013-01-11,0.04,20.86,16.96,26.57,nasa,0.49
2013-01-12,0.0,21.2,16.49,28.23,nasa,0.48
2013-01-13,0.0,21.38,16.79,28.28,nasa,0.48
2013-01-14,0.0,21.27,16.05,28.3,nasa,0.48
2013-01-15,0.0,20.5,16.01,27.41,nasa,0.48
2013-01-16,0.0,19.21,15.23,25.3,nasa,0.47
2013-01-17,0.0,19.68,15.23,26.85,nasa,0.47
2013-01-18,0.06,19.25,15.78,25.22,nasa,0.47
2013-01-19,0.02,20.73,15.43,28.24,nasa,0.47
2013-01-20,0.0,22.8,16.53,30.85,nasa,0.47
2013-01-21,0.0,23.89,18.18,31.77,nasa,0.47
2013-01-22,0.0,23.43,18.42,31.02,nasa,0.47
2013-01-23,0.0,22.37,17.26,30.14,nasa,0.46
2013-01-24,0.0,22.68,16.63,31.08,nasa,0.46
2013-01-25,0.0,22.1,17.89,29.07,nasa,0.46
2013-01-26,0.0,22.16,15.78,30.45,nasa,0.46
2013-01-27,0.01,22.07,17.25,29.33,nasa,0.46
2013-01-28,0.04,22.17,17.67,29.31,nasa,0.46
2013-01-29,0.01,21.91,16.9,29.25,nasa,0.46
2013-01-30,0.04,22.8,17.22,30.67,nasa,0.46
2013-01-31,0.11,23.31,18.0,31.43,nasa,0.46
2013-02-01,0.0,23.09,16.68,32.2,nasa,0.46
2013-02-02,0.0,22.82,18.07,30.54,nasa,0.46
2013-02-03,0.0,23.59,18.76,30.45,nasa,0.46
2013-02-04,0.0,24.38,20.58,31.01,nasa,0.46
2013-02-05,0.0,24.29,19.63,31.69,nasa,0.46
2013-02-06,0.0,24.93,17.67,33.93,nasa,0.46
2013-02-07,0.0,26.31,18.49,34.81,nasa,0.46
2013-02-08,0.0,26.34,20.48,33.94,nasa,0.45
2013-02-09,0.01,23.5,18.92,30.89,nasa,0.45
2013-02-10,0.1,22.41,18.33,29.37,nasa,0.45
2013-02-11,0.0,23.15,17.09,31.64,nasa,0.45
2013-02-12,0.0,22.66,17.56,31.16,nasa,0.45
2013-02-13,0.05,23.37,18.11,30.89,nasa,0.45
2013-02-14,0.11,24.57,19.75,32.06,nasa,0.45
2013-02-15,0.0,24.53,19.46,32.52,nasa,0.45
2013-02-16,0.03,23.8,19.17,30.93,nasa,0.45
2013-02-17,0.0,24.3,18.63,32.74,nasa,0.45
2013-02-18,0.0,24.48,17.67,33.84,nasa,0.45
2013-02-19,0.0,23.97,16.05,33.66,nasa,0.45
2013-02-20,0.01,22.78,18.06,31.24,nasa,0.45
2013-02-21,0.19,22.12,18.4,27.1,nasa,0.45
2013-02-22,1.77,21.31,19.18,26.51,nasa,0.45
2013-02-23,1.42,21.79,18.93,26.21,nasa,0.45
2013-02-24,2.57,23.74,19.8,29.88,nasa,0.46
2013-02-25,1.76,24.18,19.54,31.24,nasa,0.46
2013-02-26,0.03,24.96,19.86,32.61,nasa,0.46
2013-02-27,0.0,25.89,19.91,34.13,nasa,0.46
2013-02-28,0.0,26.46,19.23,35.41,nasa,0.46
2013-03-01,0.0,27.33,19.33,36.39,nasa,0.45
2013-03-02,0.0,26.7,19.7,35.69,nasa,0.45
2013-03-03,0.16,24.51,20.0,31.6,nasa,0.45
2013-03-04,0.67,23.26,18.86,29.78,nasa,0.45
2013-03-05,0.03,22.53,17.89,29.88,nasa,0.45
2013-03-06,0.0,23.0,17.36,31.31,nasa,0.45
2013-03-07,0.0,23.29,18.16,31.46,nasa,0.45
2013-03-08,0.0,23.29,17.04,32.14,nasa,0.45
2013-03-09,0.0,24.41,16.45,33.26,nasa,0.45
2013-03-10,0.0,26.17,19.51,34.19,nasa,0.45
2013-03-11,0.0,26.49,20.12,34.83,nasa,0.45
2013-03-12,0.0,26.43,17.62,36.12,nasa,0.45
2013-03-13,0.0,27.0,20.01,34.73,nasa,0.45
2013-03-14,0.1,26.82,20.54,35.0,nasa,0.45
2013-03-15,1.05,25.13,20.66,31.56,nasa,0.45
2013-03-16,0.0,26.01,19.72,34.56,nasa,0.45
2013-03-17,0.0,27.49,19.14,36.2,nasa,0.45
2013-03-18,0.0,28.28,22.18,35.51,nasa,0.45
2013-03-19,0.0,27.82,22.22,35.74,nasa,0.45
2013-03-20,0.0,27.73,22.7,34.92,nasa,0.45
2013-03-21,0.0,27.99,22.23,35.42,nasa,0.45
2013-03-22,0.0,28.2,21.28,37.17,nasa,0.45
2013-03-23,0.24,27.59,19.72,37.03,nasa,0.45
2013-03-24,0.0,28.57,20.55,36.7,nasa,0.45
2013-03-25,0.0,28.72,23.72,35.23,nasa,0.45
2013-03-26,0.0,28.62,23.21,36.04,nasa,0.45
2013-03-27,0.0,28.53,23.7,35.22,nasa,0.45
2013-03-28,0.0,28.72,22.64,36.49,nasa,0.45
2013-03-29,0.05,28.71,23.6,35.39,nasa,0.45
2013-03-30,0.32,29.06,21.46,37.69,nasa,0.45
2013-03-31,0.0,29.14,22.67,37.06,nasa,0.45
2013-04-01,0.0,28.61,22.04,36.04,nasa,0.45
2013-04-02,0.01,28.93,23.61,36.3,nasa,0.45
2013-04-03,0.0,29.66,21.59,38.57,nasa,0.45
2013-04-04,0.02,29.55,23.85,36.3,nasa,0.45
2013-04-05,0.41,30.11,24.03,36.77,nasa,0.45
2013-04-06,0.0,30.25,24.68,36.74,nasa,0.45
2013-04-07,0.14,25.22,22.79,28.95,nasa,0.45
2013-04-08,0.03,25.75,22.2,30.88,nasa,0.45
2013-04-09,0.0,27.55,22.28,34.5,nasa,0.45
2013-04-10,0.11,26.56,22.57,32.08,nasa,0.45
2013-04-11,1.3,24.94,21.18,30.94,nasa,0.45
2013-04-12,0.36,25.23,19.95,31.77,nasa,0.45
2013-04-13,0.09,26.54,22.33,33.04,nasa,0.45
2013-04-14,0.0,26.86,20.43,34.79,nasa,0.45
2013-04-15,0.0,27.32,20.51,34.66,nasa,0.45
2013-04-16,0.04,28.41,22.56,36.25,nasa,0.45
2013-04-17,0.03,27.45,23.74,31.83,nasa,0.45
2013-04-18,0.0,28.86,22.28,36.42,nasa,0.45
2013-04-19,0.08,29.33,23.59,36.62,nasa,0.45
2013-04-20,0.21,29.09,23.73,36.17,nasa,0.45
2013-04-21,0.91,27.52,23.47,32.39,nasa,0.45
2013-04-22,0.51,27.53,22.56,34.01,nasa,0.45
2013-04-23,3.68,26.43,21.86,32.26,nasa,0.45
2013-04-24,0.0,27.51,21.23,34.89,nasa,0.45
2013-04-25,0.0,28.89,21.88,36.83,nasa,0.45
2013-04-26,0.25,26.95,23.16,30.95,nasa,0.45
2013-04-27,0.53,27.17,22.76,32.69,nasa,0.45
2013-04-28,0.11,26.63,23.07,32.42,nasa,0.45
2013-04-29,0.39,27.82,22.04,35.01,nasa,0.45
2013-04-30,0.06,28.78,23.24,36.61,nasa,0.45
2013-05-01,1.37,27.5,23.53,33.36,nasa,0.45
2013-05-02,0.25,27.61,22.85,33.71,nasa,0.45
2013-05-03,0.09,27.33,23.83,32.43,nasa,0.45
2013-05-04,0.03,27.23,22.88,33.9,nasa,0.45
2013-05-05,0.27,27.67,21.96,34.89,nasa,0.45
2013-05-06,0.0,27.64,22.5,34.16,nasa,0.45
2013-05-07,0.0,28.52,22.32,36.82,nasa,0.45
2013-05-08,0.06,28.83,22.65,37.3,nasa,0.45
2013-05-09,0.19,29.17,23.07,36.4,nasa,0.45
2013-05-10,1.47,27.96,23.75,34.22,nasa,0.45
2013-05-11,5.06,27.0,22.8,33.74,nasa,0.45
2013-05-12,4.34,27.38,22.09,34.4,nasa,0.46
2013-05-13,0.2,27.42,22.81,32.93,nasa,0.46
2013-05-14,0.13,28.82,22.91,35.21,nasa,0.46
2013-05-15,1.38,27.77,23.96,31.95,nasa,0.46
2013-05-16,0.03,26.99,24.27,30.47,nasa,0.46
2013-05-17,0.24,26.95,23.16,31.87,nasa,0.46
2013-05-18,0.33,27.75,23.22,33.31,nasa,0.46
2013-05-19,4.77,26.86,22.08,32.99,nasa,0.46
2013-05-20,0.0,28.08,23.09,34.25,nasa,0.46
2013-05-21,0.0,28.65,23.3,34.94,nasa,0.46
2013-05-22,0.0,28.52,23.58,34.35,nasa,0.46
2013-05-23,0.08,28.12,23.75,33.23,nasa,0.45
2013-05-24,0.19,26.32,23.43,30.34,nasa,0.45
2013-05-25,0.0,25.94,22.82,30.77,nasa,0.45
2013-05-26,0.0,27.17,22.85,32.98,nasa,0.45
2013-05-27,0.0,27.9,23.05,33.16,nasa,0.45
2013-05-28,0.0,28.74,23.48,34.48,nasa,0.45
2013-05-29,0.06,28.74,23.8,36.46,nasa,0.45
2013-05-30,0.49,27.03,23.16,31.98,nasa,0.45
2013-05-31,0.22,27.76,22.24,34.65,nasa,0.45
2013-06-01,0.75,26.79,22.4,32.66,nasa,0.45
2013-06-02,0.62,26.45,21.75,33.07,nasa,0.45
2013-06-03,0.83,27.42,21.88,34.93,nasa,0.45
2013-06-04,3.85,26.37,21.88,32.65,nasa,0.45
2013-06-05,0.0,26.34,21.96,32.55,nasa,0.45
2013-06-06,0.0,27.62,22.25,33.91,nasa,0.45
2013-06-07,0.02,27.73,23.11,33.95,nasa,0.45
2013-06-08,0.13,27.77,23.37,33.58,nasa,0.45
2013-06-09,1.02,27.41,23.68,32.15,nasa,0.45
2013-06-10,0.12,27.21,24.19,31.37,nasa,0.45
2013-06-11,5.87,25.53,23.11,29.08,nasa,0.45
2013-06-12,5.39,24.98,22.2,29.2,nasa,0.46
2013-06-13,5.6,24.72,21.64,29.33,nasa,0.47
2013-06-14,14.23,23.81,21.13,27.88,nasa,0.49
2013-06-15,3.67,24.26,21.04,29.34,nasa,0.5
2013-06-16,2.13,23.82,21.52,27.88,nasa,0.5
2013-06-17,2.65,24.33,20.53,29.09,nasa,0.49
2013-06-18,9.03,24.5,20.46,28.76,nasa,0.49
2013-06-19,1.04,25.15,21.83,29.97,nasa,0.5
2013-06-20,1.01,25.9,22.64,30.01,nasa,0.49
2013-06-21,0.96,24.41,21.68,27.46,nasa,0.49
2013-06-22,3.99,22.91,20.35,26.17,nasa,0.49
2013-06-23,0.7,25.07,21.65,30.29,nasa,0.49
2013-06-24,0.47,26.3,20.83,32.48,nasa,0.48
2013-06-25,0.0,26.69,21.69,32.28,nasa,0.48
2013-06-26,0.0,27.42,22.34,33.16,nasa,0.47
2013-06-27,0.0,27.17,22.44,32.81,nasa,0.47
2013-06-28,0.01,27.95,22.58,34.75,nasa,0.47
2013-06-29,0.01,27.97,22.83,34.19,nasa,0.46
2013-06-30,0.25,27.06,23.33,31.71,nasa,0.46
2013-07-01,1.65,26.79,22.61,32.73,nasa,0.46
2013-07-02,0.12,26.16,23.58,29.78,nasa,0.46
2013-07-03,0.84,26.35,22.1,31.79,nasa,0.46
2013-07-04,0.01,25.89,22.68,30.46,nasa,0.46
2013-07-05,0.06,27.09,21.48,33.67,nasa,0.46
2013-07-06,0.4,25.61,22.32,29.67,nasa,0.46
2013-07-07,0.27,24.66,21.72,28.38,nasa,0.46
2013-07-08,0.36,24.65,21.88,28.96,nasa,0.46
2013-07-09,0.55,24.57,21.5,28.92,nasa,0.46
2013-07-10,0.08,27.09,21.76,33.71,nasa,0.46
2013-07-11,0.01,27.34,22.6,33.62,nasa,0.46
2013-07-12,0.02,27.41,23.17,32.8,nasa,0.46
2013-07-13,0.06,28.0,22.88,33.96,nasa,0.45
2013-07-14,0.0,28.35,23.47,34.89,nasa,0.45
2013-07-15,4.42,26.85,22.92,32.98,nasa,0.45
2013-07-16,11.77,23.93,21.45,28.14,nasa,0.47
2013-07-17,2.86,23.72,21.24,27.51,nasa,0.48
2013-07-18,0.79,25.16,21.17,30.18,nasa,0.48
2013-07-19,0.05,25.04,22.52,28.62,nasa,0.48
2013-07-20,0.13,24.75,21.43,29.1,nasa,0.48
2013-07-21,0.21,23.89,21.6,27.19,nasa,0.47
2013-07-22,1.52,23.92,21.45,27.77,nasa,0.47
2013-07-23,4.14,23.8,20.51,29.08,nasa,0.48
2013-07-24,1.17,24.74,20.41,29.95,nasa,0.48
2013-07-25,0.16,26.11,20.94,32.37,nasa,0.47
2013-07-26,0.0,26.65,22.0,31.99,nasa,0.47
2013-07-27,0.0,26.17,22.93,30.39,nasa,0.47
2013-07-28,0.02,25.92,22.38,30.63,nasa,0.47
2013-07-29,0.43,25.24,21.88,29.63,nasa,0.46
2013-07-30,1.95,25.06,21.42,30.64,nasa,0.46
2013-07-31,11.26,23.08,21.36,26.24,nasa,0.47
2013-08-01,1.89,23.18,20.44,27.09,nasa,0.48
2013-08-02,1.38,23.7,21.39,27.14,nasa,0.48
2013-08-03,2.14,23.99,20.62,28.46,nasa,0.48
2013-08-04,0.21,25.88,20.38,32.3,nasa,0.48
2013-08-05,1.61,24.61,21.25,29.48,nasa,0.48
2013-08-06,1.45,25.02,21.3,29.9,nasa,0.48
2013-08-07,0.86,25.15,21.18,30.86,nasa,0.48
2013-08-08,0.73,25.95,21.56,31.77,nasa,0.47
2013-08-09,2.44,24.9,21.36,29.13,nasa,0.47
2013-08-10,10.29,23.66,20.66,27.81,nasa,0.48
2013-08-11,3.95,23.93,21.13,27.86,nasa,0.49
2013-08-12,6.8,23.69,20.43,28.85,nasa,0.5
2013-08-13,4.39,22.67,20.57,25.79,nasa,0.5
2013-08-14,0.08,24.46,20.54,29.81,nasa,0.5
2013-08-15,0.0,25.94,21.17,31.65,nasa,0.49
2013-08-16,0.0,26.01,21.92,31.13,nasa,0.49
2013-08-17,0.0,26.59,22.31,31.71,nasa,0.48
2013-08-18,0.0,26.8,22.6,32.07,nasa,0.48
2013-08-19,0.01,27.07,22.29,32.63,nasa,0.47
2013-08-20,0.06,26.74,22.5,31.85,nasa,0.47
2013-08-21,0.05,25.9,21.79,31.3,nasa,0.47
2013-08-22,1.2,26.02,22.55,31.41,nasa,0.47
2013-08-23,3.19,24.93,20.94,29.92,nasa,0.47
2013-08-24,0.61,25.74,22.08,31.28,nasa,0.47
2013-08-25,1.62,25.35,21.53,31.06,nasa,0.47
2013-08-26,1.51,24.15,21.39,28.58,nasa,0.47
2013-08-27,3.08,24.52,20.76,30.04,nasa,0.47
2013-08-28,0.08,25.4,20.69,30.87,nasa,0.47
2013-08-29,0.48,25.71,21.81,31.31,nasa,0.47
2013-08-30,0.0,27.08,21.68,33.54,nasa,0.47
2013-08-31,0.0,27.88,22.2,35.28,nasa,0.46
2013-09-01,0.0,26.9,22.8,32.18,nasa,0.46
2013-09-02,0.0,27.99,22.55,35.02,nasa,0.46
2013-09-03,0.0,27.27,22.47,33.38,nasa,0.46
2013-09-04,0.01,26.32,22.68,31.75,nasa,0.46
2013-09-05,0.03,27.38,22.47,34.35,nasa,0.46
2013-09-06,0.01,26.32,21.76,32.99,nasa,0.46
2013-09-07,0.77,25.94,20.6,33.23,nasa,0.46
2013-09-08,4.39,25.5,20.59,33.21,nasa,0.46
2013-09-09,0.41,25.29,20.83,31.11,nasa,0.46
2013-09-10,3.31,25.31,20.94,32.3,nasa,0.46
2013-09-11,1.51,25.61,21.72,31.49,nasa,0.46
2013-09-12,3.88,25.12,21.28,30.8,nasa,0.46
2013-09-13,2.88,25.6,21.28,31.68,nasa,0.47
2013-09-14,5.16,24.14,21.85,28.31,nasa,0.48
2013-09-15,2.07,24.28,21.4,29.05,nasa,0.48
2013-09-16,0.94,23.88,21.44,27.5,nasa,0.48
2013-09-17,2.11,24.07,21.49,27.91,nasa,0.48
2013-09-18,4.33,22.73,20.95,26.0,nasa,0.48
2013-09-19,4.84,24.4,20.84,30.21,nasa,0.48
2013-09-20,1.58,24.93,20.99,30.32,nasa,0.48
2013-09-21,1.43,23.82,21.27,27.68,nasa,0.48
2013-09-22,3.27,23.44,20.56,27.83,nasa,0.48
2013-09-23,1.57,24.51,20.95,29.89,nasa,0.48
2013-09-24,0.27,25.95,21.77,31.32,nasa,0.48
2013-09-25,8.95,25.08,21.82,30.15,nasa,0.48
2013-09-26,44.85,23.33,21.2,26.81,nasa,0.53
2013-09-27,7.78,22.98,20.65,26.27,nasa,0.57
2013-09-28,4.02,22.15,20.4,25.17,nasa,0.57
2013-09-29,1.36,24.51,20.35,30.6,nasa,0.56
2013-09-30,0.09,24.49,20.95,29.7,nasa,0.55
2013-10-01,1.91,23.74,20.23,28.66,nasa,0.53
2013-10-02,9.61,22.5,19.91,26.28,nasa,0.53
2013-10-03,36.9,22.78,20.82,25.54,nasa,0.57
2013-10-04,3.64,22.52,20.8,25.18,nasa,0.6
2013-10-05,7.91,22.44,20.95,24.27,nasa,0.59
2013-10-06,4.89,23.53,20.64,28.77,nasa,0.59
2013-10-07,0.12,23.94,19.41,29.44,nasa,0.58
2013-10-08,1.34,23.82,20.94,28.76,nasa,0.56
2013-10-09,3.21,23.77,20.25,29.19,nasa,0.55
2013-10-10,3.83,23.96,20.3,29.31,nasa,0.55
2013-10-11,2.11,23.95,19.36,30.54,nasa,0.54
2013-10-12,1.19,24.24,19.39,30.02,nasa,0.53
2013-10-13,0.02,22.92,20.79,26.09,nasa,0.53
2013-10-14,1.58,23.98,19.93,29.44,nasa,0.52
2013-10-15,3.46,23.23,20.48,27.17,nasa,0.52
2013-10-16,6.32,24.21,20.45,29.92,nasa,0.52
2013-10-17,1.05,24.1,20.27,29.6,nasa,0.52
2013-10-18,2.49,23.55,20.24,29.1,nasa,0.52
2013-10-19,0.13,24.0,20.35,29.85,nasa,0.52
2013-10-20,0.5,24.16,20.07,30.34,nasa,0.51
2013-10-21,0.59,23.97,20.14,29.67,nasa,0.5
2013-10-22,2.17,23.72,20.47,29.17,nasa,0.5
2013-10-23,0.0,24.1,19.67,30.5,nasa,0.5
2013-10-24,0.0,24.02,18.45,30.8,nasa,0.5
2013-10-25,0.0,23.96,19.31,30.41,nasa,0.49
2013-10-26,0.0,22.93,18.91,29.28,nasa,0.49
2013-10-27,0.0,22.66,18.11,30.05,nasa,0.49
2013-10-28,0.0,23.48,17.04,31.22,nasa,0.48
2013-10-29,0.0,24.52,18.48,31.93,nasa,0.48
2013-10-30,0.0,24.62,19.2,32.25,nasa,0.48
2013-10-31,0.01,23.92,18.27,31.27,nasa,0.48
2013-11-01,0.0,24.1,19.36,31.8,nasa,0.48
2013-11-02,0.0,23.44,17.96,31.16,nasa,0.47
2013-11-03,0.0,23.49,17.05,31.24,nasa,0.47
2013-11-04,0.0,24.44,19.43,31.6,nasa,0.47
2013-11-05,0.35,24.12,17.8,31.72,nasa,0.47
2013-11-06,15.42,23.22,20.35,27.8,nasa,0.48
2013-11-07,28.7,22.92,20.61,25.52,nasa,0.53
2013-11-08,3.92,23.07,20.21,27.79,nasa,0.55
2013-11-09,0.62,23.97,20.29,29.7,nasa,0.54
2013-11-10,2.9,24.54,20.71,30.07,nasa,0.53
2013-11-11,0.0,24.81,19.97,31.05,nasa,0.53
2013-11-12,0.0,25.01,20.41,32.06,nasa,0.52
2013-11-13,0.0,24.14,20.04,30.21,nasa,0.51
2013-11-14,2.82,23.6,19.63,29.92,nasa,0.51
2013-11-15,18.4,22.79,20.71,25.31,nasa,0.53
2013-11-16,1.88,22.92,20.58,26.49,nasa,0.54
2013-11-17,2.88,23.55,20.93,27.73,nasa,0.54
2013-11-18,0.11,22.84,19.77,28.2,nasa,0.53
2013-11-19,0.98,22.48,19.78,27.6,nasa,0.52
2013-11-20,2.26,22.97,19.52,28.84,nasa,0.52
2013-11-21,5.43,22.65,19.47,27.95,nasa,0.52
2013-11-22,5.31,22.64,20.32,26.98,nasa,0.52
2013-11-23,5.61,22.41,19.8,26.6,nasa,0.53
2013-11-24,0.0,23.88,20.07,29.71,nasa,0.53
2013-11-25,0.02,22.93,18.54,28.51,nasa,0.52
2013-11-26,1.17,23.3,19.33,28.7,nasa,0.52
2013-11-27,5.74,22.98,20.93,26.79,nasa,0.52
2013-11-28,1.0,23.18,20.35,28.04,nasa,0.52
2013-11-29,0.58,22.63,19.44,27.63,nasa,0.52
2013-11-30,0.02,21.53,17.86,27.03,nasa,0.51
2013-12-01,0.0,20.92,17.38,26.85,nasa,0.51
2013-12-02,0.0,20.44,17.18,26.08,nasa,0.51
2013-12-03,0.01,21.38,17.18,27.38,nasa,0.5
2013-12-04,0.04,21.82,18.0,27.88,nasa,0.5
2013-12-05,0.0,20.5,16.53,27.0,nasa,0.5
2013-12-06,0.0,20.06,16.02,26.66,nasa,0.5
2013-12-07,0.0,20.32,15.67,27.45,nasa,0.49
2013-12-08,0.0,21.99,16.55,29.65,nasa,0.49
2013-12-09,0.0,22.53,16.33,30.2,nasa,0.49
2013-12-10,0.0,22.28,17.11,29.7,nasa,0.49
2013-12-11,0.0,21.85,16.63,29.55,nasa,0.49
2013-12-12,0.0,23.13,18.04,30.34,nasa,0.48
2013-12-13,0.13,23.52,18.5,30.17,nasa,0.48
2013-12-14,0.98,23.78,20.14,29.9,nasa,0.48
2013-12-15,0.06,23.72,19.86,29.75,nasa,0.48
2013-12-16,0.41,24.32,20.33,31.35,nasa,0.48
2013-12-17,1.08,20.61,16.71,25.73,nasa,0.48
2013-12-18,0.22,18.84,15.13,24.39,nasa,0.48
2013-12-19,0.0,18.23,15.08,23.74,nasa,0.48
2013-12-20,0.0,18.21,13.87,24.8,nasa,0.48
2013-12-21,0.0,17.56,13.75,22.04,nasa,0.48
2013-12-22,0.0,19.6,15.83,25.42,nasa,0.48
2013-12-23,0.0,20.63,16.48,27.13,nasa,0.48
2013-12-24,0.0,20.27,17.12,25.36,nasa,0.48
2013-12-25,0.0,19.72,16.24,25.83,nasa,0.48
2013-12-26,0.0,19.47,15.09,26.12,nasa,0.48
2013-12-27,0.0,18.16,14.75,23.95,nasa,0.48
2013-12-28,0.0,17.89,13.99,24.25,nasa,0.48
2013-12-29,0.0,17.81,14.03,24.08,nasa,0.48
2013-12-30,0.0,18.28,14.75,24.17,nasa,0.48
2013-12-31,0.0,19.17,15.42,25.76,nasa,0.48
2014-01-01,0.0,19.99,14.89,28.17,nasa,0.48
2014-01-02,0.0,22.02,14.39,31.91,nasa,0.47
2014-01-03,0.0,23.84,16.24,33.19,nasa,0.47
2014-01-04,0.0,21.97,16.82,29.86,nasa,0.47
2014-01-05,0.0,20.92,16.15,28.59,nasa,0.47
2014-01-06,0.0,21.06,14.51,29.85,nasa,0.47
2014-01-07,0.0,21.89,15.15,30.57,nasa,0.47
2014-01-08,0.01,22.48,15.77,31.24,nasa,0.47
2014-01-09,0.07,21.19,17.54,27.35,nasa,0.47
2014-01-10,0.0,21.38,18.17,27.42,nasa,0.47
2014-01-11,0.04,22.17,17.94,29.2,nasa,0.47
2014-01-12,0.35,21.32,17.68,27.29,nasa,0.47
2014-01-13,0.11,20.6,16.93,27.5,nasa,0.47
2014-01-14,0.14,19.08,14.31,25.46,nasa,0.47
2014-01-15,0.0,17.67,13.53,24.58,nasa,0.47
2014-01-16,0.01,18.91,13.69,26.42,nasa,0.47
2014-01-17,0.04,18.78,14.91,24.74,nasa,0.47
2014-01-18,0.02,18.17,14.73,23.21,nasa,0.47
2014-01-19,0.01,18.35,14.78,24.03,nasa,0.47
2014-01-20,0.0,18.52,14.12,25.2,nasa,0.47
2014-01-21,0.02,18.02,13.02,23.72,nasa,0.47
2014-01-22,0.0,16.19,12.65,22.15,nasa,0.47
2014-01-23,0.0,17.7,12.29,25.43,nasa,0.47
2014-01-24,0.0,19.67,12.34,29.06,nasa,0.47
2014-01-25,0.0,20.41,13.01,29.32,nasa,0.46
2014-01-26,0.0,19.88,14.02,28.31,nasa,0.46
2014-01-27,0.0,20.0,14.37,27.68,nasa,0.46
2014-01-28,0.0,20.81,15.5,28.87,nasa,0.46
2014-01-29,0.0,20.19,15.28,27.96,nasa,0.46
2014-01-30,0.0,19.72,14.11,27.67,nasa,0.46
2014-01-31,0.0,20.61,14.99,28.71,nasa,0.46
2014-02-01,0.0,21.04,14.46,29.56,nasa,0.46
2014-02-02,0.0,22.61,14.34,31.86,nasa,0.46
2014-02-03,0.0,23.07,16.03,31.8,nasa,0.46
2014-02-04,0.0,23.06,15.89,31.41,nasa,0.46
2014-02-05,0.0,23.72,17.07,31.56,nasa,0.46
2014-02-06,0.0,24.2,16.65,33.92,nasa,0.46
2014-02-07,0.0,25.27,16.6,35.22,nasa,0.46
2014-02-08,0.0,25.9,18.59,34.35,nasa,0.46
2014-02-09,0.0,26.1,19.44,34.74,nasa,0.46
2014-02-10,0.01,25.25,20.36,32.6,nasa,0.45
2014-02-11,0.04,22.89,18.37,30.46,nasa,0.46
2014-02-12,0.0,23.28,17.23,31.52,nasa,0.46
2014-02-13,0.0,23.22,17.89,30.68,nasa,0.46
2014-02-14,0.0,21.83,17.14,29.5,nasa,0.46
2014-02-15,0.0,21.63,15.96,29.67,nasa,0.46
2014-02-16,0.0,22.98,16.52,31.51,nasa,0.46
2014-02-17,0.0,23.57,16.7,32.49,nasa,0.46
2014-02-18,0.0,24.16,15.0,33.81,nasa,0.45
2014-02-19,0.0,23.53,17.31,31.26,nasa,0.45
2014-02-20,0.0,19.98,14.51,27.92,nasa,0.45
2014-02-21,0.0,21.77,15.07,30.3,nasa,0.45
2014-02-22,0.0,22.42,17.11,30.09,nasa,0.45
2014-02-23,0.0,21.61,16.71,29.12,nasa,0.45
2014-02-24,0.0,21.96,15.6,30.69,nasa,0.45
2014-02-25,0.0,23.04,14.46,32.87,nasa,0.45
2014-02-26,0.0,22.96,15.18,32.22,nasa,0.45
2014-02-27,0.0,22.96,17.4,31.34,nasa,0.45
2014-02-28,0.0,22.98,15.16,32.43,nasa,0.45
2014-03-01,0.0,24.06,14.97,34.01,nasa,0.45
2014-03-02,0.0,25.03,17.16,34.68,nasa,0.45
2014-03-03,0.0,25.4,17.06,35.53,nasa,0.45
2014-03-04,0.0,24.75,16.21,34.65,nasa,0.45
2014-03-05,0.0,24.63,17.47,33.54,nasa,0.45
2014-03-06,0.0,25.75,18.73,34.35,nasa,0.45
2014-03-07,0.0,25.39,18.36,33.93,nasa,0.45
2014-03-08,0.0,25.61,17.98,34.58,nasa,0.45
2014-03-09,0.0,25.34,17.26,34.71,nasa,0.45
2014-03-10,0.09,24.14,18.94,31.55,nasa,0.45
2014-03-11,0.0,24.91,19.02,33.15,nasa,0.45
2014-03-12,0.0,25.88,17.67,35.49,nasa,0.45
2014-03-13,0.0,26.77,17.17,36.85,nasa,0.45
2014-03-14,0.0,25.66,19.66,34.25,nasa,0.45
2014-03-15,0.0,24.14,19.62,31.73,nasa,0.45
2014-03-16,0.0,24.97,19.69,32.74,nasa,0.45
2014-03-17,0.0,25.66,20.06,33.29,nasa,0.45
2014-03-18,0.0,26.19,19.02,35.89,nasa,0.45
2014-03-19,0.0,25.99,16.52,36.11,nasa,0.45
2014-03-20,0.0,27.5,19.88,36.23,nasa,0.45
2014-03-21,0.01,24.64,19.19,32.01,nasa,0.45
2014-03-22,0.06,24.11,19.05,31.16,nasa,0.45
2014-03-23,0.74,24.21,19.28,32.14,nasa,0.45
2014-03-24,0.39,24.92,19.51,32.44,nasa,0.45
2014-03-25,0.0,25.62,19.08,34.52,nasa,0.45
2014-03-26,0.0,26.21,18.58,35.46,nasa,0.45
2014-03-27,0.0,27.61,19.86,36.34,nasa,0.45
2014-03-28,0.0,27.16,21.11,33.88,nasa,0.45
2014-03-29,0.0,27.3,22.64,35.08,nasa,0.45
2014-03-30,0.0,29.23,21.18,37.87,nasa,0.45
2014-03-31,0.0,27.35,23.65,32.43,nasa,0.45
2014-04-01,0.0,28.43,23.11,35.3,nasa,0.45
2014-04-02,0.0,27.27,22.98,31.77,nasa,0.45
2014-04-03,0.0,28.19,22.57,35.39,nasa,0.45
2014-04-04,0.01,26.91,22.67,32.05,nasa,0.45
2014-04-05,0.0,26.75,20.48,34.6,nasa,0.45
2014-04-06,0.0,27.35,21.63,34.58,nasa,0.45
2014-04-07,0.1,26.53,22.2,33.07,nasa,0.45
2014-04-08,0.66,25.83,21.53,31.65,nasa,0.45
2014-04-09,0.0,27.26,21.55,34.07,nasa,0.45
2014-04-10,0.0,27.88,22.02,35.09,nasa,0.45
2014-04-11,0.0,27.97,20.79,36.35,nasa,0.45
2014-04-12,0.0,28.17,22.19,35.36,nasa,0.45
2014-04-13,0.0,28.46,22.25,36.04,nasa,0.45
2014-04-14,0.0,28.02,20.8,36.53,nasa,0.45
2014-04-15,0.0,27.46,20.73,35.42,nasa,0.45
2014-04-16,0.01,27.9,20.48,35.6,nasa,0.45
2014-04-17,0.1,28.93,22.46,36.82,nasa,0.45
2014-04-18,0.0,29.22,21.83,37.18,nasa,0.45
2014-04-19,0.0,29.58,23.15,36.72,nasa,0.45
2014-04-20,0.0,29.02,24.15,34.95,nasa,0.45
2014-04-21,0.01,29.11,23.37,36.17,nasa,0.45
2014-04-22,0.09,30.04,23.02,37.58,nasa,0.45
2014-04-23,0.0,29.26,24.05,35.76,nasa,0.45
2014-04-24,0.0,30.59,23.57,38.61,nasa,0.45
2014-04-25,0.0,30.17,24.56,36.93,nasa,0.44
2014-04-26,0.0,29.4,22.7,37.81,nasa,0.44
2014-04-27,0.04,29.76,22.8,37.86,nasa,0.44
2014-04-28,1.39,28.67,23.2,36.23,nasa,0.44
2014-04-29,3.2,25.95,22.07,31.8,nasa,0.45
2014-04-30,0.55,25.91,22.56,30.6,nasa,0.45
2014-05-01,0.35,24.78,22.62,28.04,nasa,0.45
2014-05-02,0.77,26.14,21.94,32.6,nasa,0.45
2014-05-03,2.8,26.37,21.46,33.78,nasa,0.45
2014-05-04,0.01,28.04,21.91,36.31,nasa,0.45
2014-05-05,0.13,28.88,23.15,36.78,nasa,0.45
2014-05-06,3.18,27.06,22.46,32.94,nasa,0.45
2014-05-07,0.01,26.12,22.79,31.54,nasa,0.46
2014-05-08,0.05,27.28,22.21,33.38,nasa,0.46
2014-05-09,0.03,27.98,22.72,34.45,nasa,0.45
2014-05-10,0.06,29.91,24.37,35.98,nasa,0.45
2014-05-11,0.5,29.12,23.94,34.66,nasa,0.45
2014-05-12,6.31,28.05,23.4,34.11,nasa,0.45
2014-05-13,0.66,28.29,23.16,35.5,nasa,0.46
2014-05-14,0.82,28.42,23.35,34.4,nasa,0.46
2014-05-15,0.0,28.65,23.96,34.02,nasa,0.46
2014-05-16,0.0,28.62,23.79,33.49,nasa,0.46
2014-05-17,0.01,28.23,24.75,33.28,nasa,0.46
2014-05-18,0.0,29.01,23.57,35.72,nasa,0.45
2014-05-19,0.0,28.34,23.83,34.58,nasa,0.45
2014-05-20,0.0,28.83,23.24,35.8,nasa,0.45
2014-05-21,0.0,28.45,23.59,33.94,nasa,0.45
2014-05-22,0.0,29.19,24.11,35.68,nasa,0.45
2014-05-23,0.06,28.06,24.26,32.9,nasa,0.45
2014-05-24,0.52,27.92,23.82,32.68,nasa,0.45
2014-05-25,0.0,29.14,22.53,36.23,nasa,0.45
2014-05-26,0.0,29.13,24.1,34.49,nasa,0.45
2014-05-27,0.13,29.29,23.92,35.63,nasa,0.45
2014-05-28,0.86,28.42,23.24,34.54,nasa,0.45
2014-05-29,0.0,28.84,24.16,34.32,nasa,0.45
2014-05-30,0.0,28.46,24.62,33.88,nasa,0.45
2014-05-31,0.0,30.0,23.49,37.79,nasa,0.45
2014-06-01,0.58,28.68,24.2,34.01,nasa,0.45
2014-06-02,2.83,26.82,23.01,32.15,nasa,0.45
2014-06-03,0.0,28.55,23.08,34.64,nasa,0.45
2014-06-04,0.0,28.89,23.07,35.88,nasa,0.45
2014-06-05,0.01,28.61,24.28,33.98,nasa,0.45
2014-06-06,0.0,28.75,23.72,34.78,nasa,0.45
2014-06-07,0.0,29.0,23.45,35.37,nasa,0.45
2014-06-08,0.0,29.55,24.62,34.71,nasa,0.45
2014-06-09,0.0,28.19,25.01,31.8,nasa,0.45
2014-06-10,0.1,28.03,24.41,33.91,nasa,0.45
2014-06-11,1.36,26.28,22.45,31.61,nasa,0.45
2014-06-12,2.79,25.66,22.31,31.06,nasa,0.45
2014-06-13,2.7,24.8,21.45,29.04,nasa,0.45
2014-06-14,0.19,26.54,22.37,31.67,nasa,0.45
2014-06-15,0.43,26.73,22.96,32.33,nasa,0.45
2014-06-16,0.03,26.15,22.52,30.31,nasa,0.45
2014-06-17,0.24,25.92,22.35,29.8,nasa,0.45
2014-06-18,3.85,26.18,21.7,33.08,nasa,0.45
2014-06-19,0.69,26.08,21.95,31.43,nasa,0.45
2014-06-20,1.5,26.63,20.43,33.69,nasa,0.45
2014-06-21,1.07,26.75,22.82,32.16,nasa,0.45
2014-06-22,2.43,25.44,22.57,29.97,nasa,0.45
2014-06-23,1.22,23.79,20.7,27.54,nasa,0.46
2014-06-24,5.75,25.36,19.94,32.28,nasa,0.46
2014-06-25,0.83,25.22,21.81,30.29,nasa,0.46
2014-06-26,0.24,25.16,21.83,29.48,nasa,0.46
2014-06-27,0.36,26.37,20.78,32.24,nasa,0.46
2014-06-28,0.59,25.38,21.87,29.53,nasa,0.46
2014-06-29,4.37,23.43,20.77,27.31,nasa,0.46
2014-06-30,1.46,26.14,21.39,32.03,nasa,0.46
2014-07-01,1.36,26.74,22.31,32.08,nasa,0.46
2014-07-02,0.01,27.23,22.15,33.22,nasa,0.46
2014-07-03,0.39,27.22,21.75,34.18,nasa,0.46
2014-07-04,0.31,27.75,23.26,33.57,nasa,0.46
2014-07-05,0.43,27.57,23.37,33.29,nasa,0.46
2014-07-06,0.89,27.49,22.95,33.51,nasa,0.46
2014-07-07,1.0,26.28,23.04,30.84,nasa,0.46
2014-07-08,3.55,25.68,22.4,30.79,nasa,0.46
2014-07-09,0.77,25.73,22.85,30.73,nasa,0.46
2014-07-10,0.02,25.34,22.44,29.74,nasa,0.46
2014-07-11,0.3,26.69,22.21,32.04,nasa,0.46
2014-07-12,0.24,26.73,23.27,31.85,nasa,0.46
2014-07-13,2.9,25.73,22.88,30.42,nasa,0.46
2014-07-14,4.99,24.38,22.29,27.89,nasa,0.46
2014-07-15,0.0,25.96,21.73,31.16,nasa,0.46
2014-07-16,0.0,25.48,22.5,29.09,nasa,0.46
2014-07-17,0.08,26.19,22.52,31.01,nasa,0.46
2014-07-18,1.53,25.8,22.68,31.01,nasa,0.46
2014-07-19,1.78,25.19,22.27,29.75,nasa,0.46
2014-07-20,0.17,26.77,20.93,32.8,nasa,0.46
2014-07-21,1.48,25.05,21.65,29.45,nasa,0.46
2014-07-22,2.61,23.82,20.41,27.49,nasa,0.46
2014-07-23,0.75,24.2,21.13,28.9,nasa,0.46
2014-07-24,0.14,26.25,21.28,32.45,nasa,0.46
2014-07-25,0.63,26.32,21.47,32.54,nasa,0.46
2014-07-26,3.49,25.02,21.99,29.16,nasa,0.46
2014-07-27,5.71,24.76,21.33,30.18,nasa,0.46
2014-07-28,0.48,24.24,21.7,27.78,nasa,0.47
2014-07-29,1.73,25.08,21.47,30.42,nasa,0.47
2014-07-30,3.45,23.57,21.12,26.84,nasa,0.47
2014-07-31,5.41,23.39,20.6,28.5,nasa,0.47
2014-08-01,3.93,24.11,21.0,29.09,nasa,0.48
2014-08-02,1.07,24.79,20.88,29.81,nasa,0.47
2014-08-03,5.55,23.78,21.07,27.6,nasa,0.47
2014-08-04,4.86,23.94,21.33,28.7,nasa,0.48
2014-08-05,11.31,23.64,20.8,28.67,nasa,0.49
2014-08-06,0.2,24.76,20.97,29.95,nasa,0.5
2014-08-07,3.57,25.09,21.12,30.24,nasa,0.49
2014-08-08,0.0,25.65,21.59,31.12,nasa,0.49
2014-08-09,0.0,26.02,21.69,31.59,nasa,0.48
2014-08-10,0.0,26.37,21.82,32.14,nasa,0.48
2014-08-11,0.0,27.07,21.21,33.59,nasa,0.47
2014-08-12,0.0,27.68,22.06,34.67,nasa,0.47
2014-08-13,0.0,27.05,22.69,32.6,nasa,0.47
2014-08-14,0.02,27.42,22.6,33.33,nasa,0.46
2014-08-15,0.0,26.94,22.75,32.31,nasa,0.46
2014-08-16,0.0,28.11,21.49,36.26,nasa,0.46
2014-08-17,0.0,27.9,21.6,35.54,nasa,0.46
2014-08-18,0.0,28.1,22.79,34.6,nasa,0.46
2014-08-19,0.01,27.92,23.2,33.76,nasa,0.46
2014-08-20,0.04,26.29,23.14,30.47,nasa,0.45
2014-08-21,0.41,26.69,22.43,32.65,nasa,0.45
2014-08-22,1.59,26.65,22.06,31.75,nasa,0.46
2014-08-23,0.0,27.87,22.91,33.57,nasa,0.46
2014-08-24,0.08,27.77,22.66,33.89,nasa,0.45
2014-08-25,0.52,26.79,22.53,32.1,nasa,0.45
2014-08-26,0.62,25.27,22.23,29.63,nasa,0.45
2014-08-27,1.04,25.63,21.78,31.61,nasa,0.45
2014-08-28,2.2,25.46,21.08,31.49,nasa,0.46
2014-08-29,1.77,24.77,21.64,30.11,nasa,0.46
2014-08-30,8.26,24.68,20.84,30.63,nasa,0.46
2014-08-31,0.78,23.98,21.64,26.7,nasa,0.47
2014-09-01,0.88,23.3,20.92,26.64,nasa,0.47
2014-09-02,0.09,26.52,20.61,33.8,nasa,0.47
2014-09-03,0.05,27.09,21.84,33.14,nasa,0.47
2014-09-04,1.27,26.22,22.58,31.59,nasa,0.47
2014-09-05,0.01,26.17,22.44,31.83,nasa,0.46
2014-09-06,0.83,24.84,22.23,29.0,nasa,0.46
2014-09-07,4.79,25.17,21.23,31.62,nasa,0.47
2014-09-08,0.92,26.06,21.87,31.77,nasa,0.47
2014-09-09,0.36,26.26,21.86,31.91,nasa,0.47
2014-09-10,0.7,25.17,21.89,30.61,nasa,0.47
2014-09-11,0.12,25.21,21.52,29.67,nasa,0.47
2014-09-12,3.75,25.07,21.6,30.47,nasa,0.46
2014-09-13,2.8,24.63,21.74,29.49,nasa,0.47
2014-09-14,1.16,25.59,22.15,30.58,nasa,0.47
2014-09-15,6.41,24.32,20.87,29.61,nasa,0.47
2014-09-16,0.64,24.74,21.73,28.98,nasa,0.48
2014-09-17,4.37,24.43,20.88,29.36,nasa,0.48
2014-09-18,0.0,27.11,20.21,34.73,nasa,0.48
2014-09-19,0.0,26.35,22.59,30.75,nasa,0.47
2014-09-20,0.0,27.45,23.41,33.94,nasa,0.47
2014-09-21,0.01,26.58,22.38,32.23,nasa,0.47
2014-09-22,0.0,26.84,21.49,33.57,nasa,0.47
2014-09-23,0.05,27.77,21.92,34.76,nasa,0.46
2014-09-24,0.58,25.07,23.17,28.24,nasa,0.46
2014-09-25,0.78,26.65,22.05,32.97,nasa,0.46
2014-09-26,0.79,26.61,21.67,34.21,nasa,0.46
2014-09-27,0.39,26.58,22.01,32.8,nasa,0.46
2014-09-28,1.55,27.37,20.89,35.11,nasa,0.46
2014-09-29,0.05,27.63,21.44,35.38,nasa,0.46
2014-09-30,0.65,27.05,20.54,34.8,nasa,0.46
2014-10-01,1.86,26.81,21.25,34.34,nasa,0.46
2014-10-02,0.0,27.22,20.75,34.8,nasa,0.46
2014-10-03,0.03,27.05,21.48,33.75,nasa,0.46
2014-10-04,2.5,27.08,21.56,33.98,nasa,0.45
2014-10-05,9.43,25.15,20.86,31.96,nasa,0.46
2014-10-06,14.6,23.22,20.04,28.38,nasa,0.49
2014-10-07,4.68,23.9,18.42,31.72,nasa,0.5
2014-10-08,11.6,23.17,20.85,26.96,nasa,0.51
2014-10-09,2.35,24.32,19.47,31.07,nasa,0.51
2014-10-10,0.01,24.37,19.49,30.33,nasa,0.51
2014-10-11,0.0,25.2,19.88,32.04,nasa,0.5
2014-10-12,0.18,24.84,18.79,31.91,nasa,0.49
2014-10-13,1.05,24.44,19.92,30.78,nasa,0.48
2014-10-14,1.38,24.2,20.55,30.37,nasa,0.48
2014-10-15,0.13,23.66,19.63,28.13,nasa,0.48
2014-10-16,0.93,23.8,21.0,28.6,nasa,0.48
2014-10-17,1.24,23.7,20.65,28.17,nasa,0.48
2014-10-18,1.36,24.44,21.81,28.3,nasa,0.48
2014-10-19,1.9,24.28,21.41,28.89,nasa,0.48
2014-10-20,0.07,25.62,20.61,32.16,nasa,0.48
2014-10-21,0.36,25.34,21.37,30.57,nasa,0.47
2014-10-22,0.57,24.78,21.52,29.98,nasa,0.47
2014-10-23,0.27,24.38,20.79,29.08,nasa,0.47
2014-10-24,0.12,24.73,20.77,30.81,nasa,0.47
2014-10-25,0.0,25.66,21.26,32.24,nasa,0.47
2014-10-26,0.08,26.25,20.85,33.55,nasa,0.47
2014-10-27,0.18,25.8,21.09,32.13,nasa,0.46
2014-10-28,0.01,26.42,20.98,34.06,nasa,0.46
2014-10-29,0.24,25.46,20.21,32.59,nasa,0.46
2014-10-30,1.86,24.66,20.9,30.59,nasa,0.46
2014-10-31,0.69,25.2,20.89,31.71,nasa,0.46
2014-11-01,0.01,25.92,20.58,33.29,nasa,0.46
2014-11-02,0.28,25.72,21.11,32.86,nasa,0.46
2014-11-03,2.93,24.43,20.6,31.36,nasa,0.46
2014-11-04,0.89,25.11,20.05,32.47,nasa,0.46
2014-11-05,2.53,24.72,20.28,31.65,nasa,0.46
2014-11-06,5.31,24.84,20.46,31.89,nasa,0.46
2014-11-07,2.6,24.13,19.25,31.08,nasa,0.47
2014-11-08,0.05,24.92,19.42,32.47,nasa,0.47
2014-11-09,0.14,24.91,19.58,32.11,nasa,0.47
2014-11-10,0.07,24.3,19.13,31.63,nasa,0.47
2014-11-11,0.02,24.36,18.48,32.04,nasa,0.46
2014-11-12,0.19,24.63,20.09,31.08,nasa,0.46
2014-11-13,0.37,23.91,20.27,29.87,nasa,0.46
2014-11-14,0.19,24.04,19.68,30.31,nasa,0.46
2014-11-15,2.09,23.86,19.11,30.04,nasa,0.46
2014-11-16,0.66,24.34,20.66,30.33,nasa,0.46
2014-11-17,1.0,23.54,19.94,29.74,nasa,0.46
2014-11-18,0.06,22.72,19.04,28.76,nasa,0.46
2014-11-19,0.9,22.83,19.24,28.69,nasa,0.46
2014-11-20,2.94,23.77,20.31,29.62,nasa,0.46
2014-11-21,2.95,24.33,20.67,30.67,nasa,0.46
2014-11-22,0.04,24.76,20.78,30.98,nasa,0.46
2014-11-23,0.0,25.13,20.02,31.91,nasa,0.46
2014-11-24,0.01,25.76,20.45,32.81,nasa,0.46
2014-11-25,0.0,26.14,20.68,33.62,nasa,0.46
2014-11-26,0.01,24.46,21.3,29.5,nasa,0.46
2014-11-27,0.02,25.7,20.59,32.49,nasa,0.46
2014-11-28,0.11,25.47,20.26,32.51,nasa,0.46
2014-11-29,0.59,25.15,20.59,31.76,nasa,0.46
2014-11-30,3.05,24.75,20.31,30.21,nasa,0.46
2014-12-01,0.38,24.83,21.15,30.4,nasa,0.46
2014-12-02,0.67,23.95,20.52,27.99,nasa,0.46
2014-12-03,0.03,25.16,20.41,31.61,nasa,0.46
2014-12-04,0.07,25.51,20.72,32.88,nasa,0.46
2014-12-05,0.23,24.49,20.0,30.57,nasa,0.46
2014-12-06,0.95,24.56,21.1,30.81,nasa,0.46
2014-12-07,0.86,23.49,20.19,29.78,nasa,0.46
2014-12-08,0.64,22.95,19.18,29.65,nasa,0.46
2014-12-09,0.5,22.4,18.76,28.56,nasa,0.46
2014-12-10,0.23,22.43,17.08,29.34,nasa,0.46
2014-12-11,1.92,23.03,19.25,29.74,nasa,0.46
2014-12-12,8.27,21.75,19.07,25.88,nasa,0.46
2014-12-13,14.4,21.03,18.74,25.82,nasa,0.49
2014-12-14,0.64,21.87,18.75,27.66,nasa,0.49
2014-12-15,0.25,22.87,18.52,29.45,nasa,0.49
2014-12-16,7.3,21.34,18.58,25.48,nasa,0.49
2014-12-17,4.72,19.15,16.81,23.06,nasa,0.5
2014-12-18,0.09,19.37,16.63,22.91,nasa,0.49
2014-12-19,0.27,21.94,18.54,27.6,nasa,0.49
2014-12-20,0.05,21.32,17.9,26.87,nasa,0.49
2014-12-21,0.59,22.32,18.88,28.42,nasa,0.48
2014-12-22,1.16,21.08,17.73,25.87,nasa,0.48
2014-12-23,0.04,20.93,17.46,25.59,nasa,0.48
2014-12-24,0.4,22.59,18.35,28.89,nasa,0.48
2014-12-25,0.56,23.81,20.5,29.37,nasa,0.47
2014-12-26,0.93,23.73,20.46,29.61,nasa,0.47
2014-12-27,0.03,23.59,20.07,29.19,nasa,0.47
2014-12-28,0.24,22.74,19.01,28.57,nasa,0.47
2014-12-29,0.13,20.48,15.71,26.34,nasa,0.47
2014-12-30,0.0,18.24,14.09,24.72,nasa,0.47
2014-12-31,0.0,18.88,13.44,26.21,nasa,0.47
2015-01-01,0.01,18.78,15.2,24.03,nasa,0.46
2015-01-02,0.47,19.52,15.12,25.24,nasa,0.46
2015-01-03,1.15,21.31,17.21,27.98,nasa,0.46
2015-01-04,0.0,23.14,17.83,30.25,nasa,0.46
2015-01-05,0.0,23.81,18.73,29.61,nasa,0.46
2015-01-06,0.02,24.21,19.39,30.49,nasa,0.46
2015-01-07,0.12,23.48,19.65,29.83,nasa,0.46
2015-01-08,0.28,22.64,19.23,28.8,nasa,0.46
2015-01-09,0.63,22.2,18.16,28.62,nasa,0.46
2015-01-10,2.16,21.74,17.69,28.69,nasa,0.46
2015-01-11,1.31,21.24,17.59,27.72,nasa,0.46
2015-01-12,0.0,21.69,17.62,28.24,nasa,0.46
2015-01-13,0.0,20.16,15.13,28.02,nasa,0.46
2015-01-14,0.0,18.58,13.05,26.59,nasa,0.46
2015-01-15,0.0,18.0,11.9,27.38,nasa,0.46
2015-01-16,0.04,17.73,11.46,26.54,nasa,0.46
2015-01-17,0.44,19.58,14.96,26.72,nasa,0.46
2015-01-18,0.01,19.59,14.57,26.59,nasa,0.46
2015-01-19,0.03,19.07,14.48,24.89,nasa,0.46
2015-01-20,0.0,19.91,13.46,28.89,nasa,0.46
2015-01-21,0.0,20.65,14.26,29.4,nasa,0.46
2015-01-22,0.0,21.05,15.9,29.15,nasa,0.45
2015-01-23,0.0,20.45,14.35,29.27,nasa,0.45
2015-01-24,0.0,21.16,12.72,31.05,nasa,0.45
2015-01-25,0.0,22.21,13.53,32.15,nasa,0.45
2015-01-26,0.0,22.43,16.09,31.38,nasa,0.45
2015-01-27,0.0,22.01,13.77,31.77,nasa,0.45
2015-01-28,0.0,21.67,14.7,31.12,nasa,0.45
2015-01-29,0.0,21.65,14.37,31.48,nasa,0.45
2015-01-30,0.0,20.68,15.06,29.48,nasa,0.45
2015-01-31,0.06,20.38,15.8,27.96,nasa,0.45
2015-02-01,0.3,20.46,16.0,27.41,nasa,0.45
2015-02-02,0.02,21.48,16.38,28.57,nasa,0.45
2015-02-03,0.1,21.74,17.01,29.53,nasa,0.45
2015-02-04,0.0,20.32,15.78,27.55,nasa,0.45
2015-02-05,0.0,19.38,14.81,26.49,nasa,0.45
2015-02-06,0.0,19.56,15.04,26.68,nasa,0.45
2015-02-07,0.01,20.07,14.35,28.45,nasa,0.45
2015-02-08,0.19,19.57,14.89,26.88,nasa,0.45
2015-02-09,0.13,19.38,14.67,26.64,nasa,0.45
2015-02-10,0.07,19.36,14.2,27.34,nasa,0.45
2015-02-11,0.0,20.16,13.29,29.2,nasa,0.45
2015-02-12,0.0,20.08,14.26,28.42,nasa,0.45
2015-02-13,0.0,21.08,14.81,29.88,nasa,0.45
2015-02-14,0.0,22.71,14.85,32.02,nasa,0.45
2015-02-15,0.0,24.34,16.25,33.54,nasa,0.45
2015-02-16,0.0,24.07,16.99,33.44,nasa,0.45
2015-02-17,0.0,23.77,15.23,33.93,nasa,0.45
2015-02-18,0.0,25.01,19.1,33.83,nasa,0.45
2015-02-19,0.0,24.77,19.67,32.47,nasa,0.45
2015-02-20,0.0,24.98,17.56,33.83,nasa,0.45
2015-02-21,0.0,25.92,19.37,33.78,nasa,0.45
2015-02-22,0.0,26.6,20.66,34.01,nasa,0.45
2015-02-23,0.0,26.97,20.29,34.53,nasa,0.45
2015-02-24,0.0,27.32,21.84,34.34,nasa,0.45
2015-02-25,0.0,27.34,20.28,35.89,nasa,0.45
2015-02-26,0.0,27.0,19.6,36.13,nasa,0.45
2015-02-27,0.01,26.91,18.67,36.06,nasa,0.45
2015-02-28,0.03,26.78,21.03,35.09,nasa,0.44
2015-03-01,0.0,25.05,18.78,34.04,nasa,0.44
2015-03-02,0.0,25.45,18.95,34.38,nasa,0.44
2015-03-03,0.0,25.86,18.25,33.73,nasa,0.44
2015-03-04,0.0,26.59,20.25,34.47,nasa,0.44
2015-03-05,0.0,26.5,19.58,35.23,nasa,0.44
2015-03-06,0.0,26.19,17.71,35.18,nasa,0.44
2015-03-07,0.0,25.98,18.18,35.18,nasa,0.44
2015-03-08,0.0,25.75,18.17,35.02,nasa,0.44
2015-03-09,0.0,25.79,18.31,35.49,nasa,0.44
2015-03-10,0.0,24.09,16.84,33.9,nasa,0.44
2015-03-11,0.0,23.89,16.85,33.03,nasa,0.44
2015-03-12,0.0,24.73,18.19,33.48,nasa,0.44
2015-03-13,0.0,25.63,18.23,34.29,nasa,0.44
2015-03-14,0.0,26.73,18.1,35.86,nasa,0.44
2015-03-15,0.0,27.29,19.88,35.49,nasa,0.44
2015-03-16,0.0,26.94,20.44,34.6,nasa,0.44
2015-03-17,0.0,27.67,19.79,36.25,nasa,0.44
2015-03-18,0.0,27.81,21.84,34.59,nasa,0.44
2015-03-19,0.0,27.7,21.4,35.87,nasa,0.44
2015-03-20,0.0,26.47,19.91,35.52,nasa,0.44
2015-03-21,0.0,24.52,15.44,34.15,nasa,0.44
2015-03-22,0.0,24.84,18.22,33.31,nasa,0.44
2015-03-23,0.09,24.69,18.58,32.83,nasa,0.44
2015-03-24,0.95,24.65,19.41,32.31,nasa,0.44
2015-03-25,2.51,24.6,19.42,32.05,nasa,0.45
2015-03-26,0.69,24.91,19.85,32.13,nasa,0.45
2015-03-27,0.06,25.48,21.17,32.48,nasa,0.45
2015-03-28,0.6,25.39,20.11,32.82,nasa,0.45
2015-03-29,0.11,26.3,20.24,34.36,nasa,0.45
2015-03-30,0.0,27.24,20.45,35.75,nasa,0.45
2015-03-31,0.0,28.05,20.1,36.99,nasa,0.45
2015-04-01,0.0,28.81,21.23,36.98,nasa,0.44
2015-04-02,0.0,29.28,23.66,35.94,nasa,0.44
2015-04-03,0.0,28.8,23.75,35.96,nasa,0.44
2015-04-04,0.0,27.8,23.6,33.9,nasa,0.44
2015-04-05,0.0,27.88,20.87,35.34,nasa,0.44
2015-04-06,0.0,27.63,22.95,35.06,nasa,0.44
2015-04-07,0.0,27.9,20.28,37.32,nasa,0.44
2015-04-08,0.0,25.78,18.18,35.4,nasa,0.44
2015-04-09,0.0,26.52,19.59,35.48,nasa,0.44
2015-04-10,0.0,26.84,20.67,34.91,nasa,0.44
2015-04-11,0.0,26.5,20.6,34.22,nasa,0.44
2015-04-12,0.2,25.94,20.56,33.81,nasa,0.44
2015-04-13,2.39,24.49,19.23,31.58,nasa,0.45
2015-04-14,0.0,22.97,18.37,30.58,nasa,0.45
2015-04-15,0.0,25.36,16.87,35.2,nasa,0.45
2015-04-16,0.0,27.46,18.81,36.45,nasa,0.44
2015-04-17,0.0,28.86,21.21,36.96,nasa,0.44
2015-04-18,0.0,29.15,22.64,36.39,nasa,0.44
2015-04-19,0.0,30.0,23.03,37.69,nasa,0.44
2015-04-20,0.0,30.16,23.62,36.77,nasa,0.44
2015-04-21,0.0,29.92,23.86,36.51,nasa,0.44
2015-04-22,0.0,29.09,22.49,37.82,nasa,0.44
2015-04-23,0.03,26.94,21.87,33.91,nasa,0.44
2015-04-24,0.01,26.89,22.15,33.75,nasa,0.44
2015-04-25,0.63,26.8,21.3,34.47,nasa,0.44
2015-04-26,3.75,25.8,20.56,33.02,nasa,0.45
2015-04-27,0.0,27.02,20.98,34.2,nasa,0.45
2015-04-28,0.0,28.58,22.21,35.8,nasa,0.45
2015-04-29,0.0,29.04,22.62,36.7,nasa,0.45
2015-04-30,0.0,28.93,22.39,37.1,nasa,0.45
2015-05-01,0.0,29.42,22.27,37.28,nasa,0.45
2015-05-02,0.0,26.94,23.84,32.0,nasa,0.44
2015-05-03,0.0,28.88,22.36,36.94,nasa,0.44
2015-05-04,0.0,29.76,23.36,36.96,nasa,0.44
2015-05-05,0.0,30.39,23.72,37.69,nasa,0.44
2015-05-06,0.08,28.48,24.6,32.56,nasa,0.44
2015-05-07,0.22,28.45,23.99,33.56,nasa,0.44
2015-05-08,0.0,29.3,23.61,36.8,nasa,0.44
2015-05-09,0.0,28.37,23.26,35.88,nasa,0.44
2015-05-10,0.0,29.34,22.93,37.0,nasa,0.44
2015-05-11,0.0,27.88,25.02,31.58,nasa,0.44
2015-05-12,0.01,27.7,23.55,32.99,nasa,0.44
2015-05-13,0.0,29.43,22.43,37.43,nasa,0.44
2015-05-14,0.0,29.97,23.88,37.83,nasa,0.44
2015-05-15,0.0,29.57,23.6,36.33,nasa,0.44
2015-05-16,0.04,29.33,24.6,35.09,nasa,0.44
2015-05-17,0.49,26.88,24.22,30.15,nasa,0.44
2015-05-18,1.33,28.46,22.86,34.94,nasa,0.44
2015-05-19,1.75,28.61,23.41,34.4,nasa,0.44
2015-05-20,11.34,26.11,22.77,30.47,nasa,0.46
2015-05-21,0.0,27.21,23.34,31.84,nasa,0.47
2015-05-22,0.0,26.81,23.88,30.56,nasa,0.46
2015-05-23,0.0,26.5,23.27,30.74,nasa,0.46
2015-05-24,0.0,28.49,23.33,34.19,nasa,0.46
2015-05-25,0.03,28.07,23.26,33.4,nasa,0.46
2015-05-26,0.11,27.86,23.62,33.06,nasa,0.46
2015-05-27,0.0,28.1,23.52,34.08,nasa,0.45
2015-05-28,0.0,29.42,22.17,37.22,nasa,0.45
2015-05-29,0.0,29.05,23.95,34.72,nasa,0.45
2015-05-30,0.03,28.32,24.01,33.19,nasa,0.45
2015-05-31,0.0,28.48,22.99,33.95,nasa,0.45
2015-06-01,0.01,28.96,23.2,35.49,nasa,0.45
2015-06-02,0.08,28.21,24.04,33.27,nasa,0.45
2015-06-03,0.0,28.49,23.14,34.16,nasa,0.45
2015-06-04,0.0,29.62,23.74,36.22,nasa,0.45
2015-06-05,0.0,29.01,24.62,34.2,nasa,0.45
2015-06-06,0.0,27.99,24.17,34.12,nasa,0.45
2015-06-07,0.0,27.99,22.53,35.12,nasa,0.45
2015-06-08,0.0,29.18,22.88,36.88,nasa,0.44
2015-06-09,0.33,29.3,24.1,37.14,nasa,0.44
2015-06-10,2.26,28.73,23.05,35.65,nasa,0.45
2015-06-11,0.0,29.23,23.65,35.07,nasa,0.45
2015-06-12,0.0,29.62,23.84,36.46,nasa,0.45
2015-06-13,0.19,27.49,23.98,31.9,nasa,0.45
2015-06-14,0.21,27.23,22.44,33.3,nasa,0.45
2015-06-15,0.74,28.23,21.06,36.43,nasa,0.45
2015-06-16,1.05,26.7,22.25,33.27,nasa,0.45
2015-06-17,4.61,26.34,21.23,34.04,nasa,0.45
2015-06-18,0.18,26.82,22.2,32.48,nasa,0.45
2015-06-19,2.66,24.97,22.11,29.09,nasa,0.45
2015-06-20,2.02,25.49,22.52,29.92,nasa,0.45
2015-06-21,3.19,23.79,21.64,27.06,nasa,0.46
2015-06-22,0.55,25.63,21.97,30.55,nasa,0.46
2015-06-23,1.81,24.52,21.89,28.41,nasa,0.46
2015-06-24,2.93,25.22,21.6,30.65,nasa,0.46
2015-06-25,0.25,25.95,21.53,31.8,nasa,0.46
2015-06-26,0.01,26.19,21.97,31.88,nasa,0.46
2015-06-27,0.0,27.39,21.59,34.4,nasa,0.46
2015-06-28,0.0,27.97,22.11,34.49,nasa,0.45
2015-06-29,0.0,28.32,23.23,34.4,nasa,0.45
2015-06-30,0.0,27.39,23.35,31.59,nasa,0.45
2015-07-01,0.0,28.28,23.07,33.86,nasa,0.45
2015-07-02,0.0,28.02,23.65,33.71,nasa,0.45
2015-07-03,0.0,28.59,23.39,33.92,nasa,0.45
2015-07-04,0.0,27.76,23.79,31.86,nasa,0.45
2015-07-05,0.0,26.21,23.93,29.43,nasa,0.45
2015-07-06,0.18,26.21,22.87,31.0,nasa,0.45
2015-07-07,1.87,25.6,21.71,30.01,nasa,0.45
2015-07-08,3.05,24.52,21.45,28.33,nasa,0.45
2015-07-09,6.48,22.99,21.32,25.76,nasa,0.46
2015-07-10,1.89,25.08,20.58,30.29,nasa,0.46
2015-07-11,1.73,26.39,21.56,32.43,nasa,0.46
2015-07-12,0.92,26.52,22.91,31.72,nasa,0.46
2015-07-13,1.81,26.86,22.88,32.32,nasa,0.46
2015-07-14,0.56,25.95,22.47,30.85,nasa,0.46
2015-07-15,2.4,25.9,22.81,30.73,nasa,0.46
2015-07-16,0.76,26.45,22.58,31.83,nasa,0.46
2015-07-17,0.09,25.93,22.61,30.53,nasa,0.46
2015-07-18,2.73,25.34,21.95,30.38,nasa,0.46
2015-07-19,1.79,24.41,21.1,29.59,nasa,0.46
2015-07-20,0.13,25.45,20.76,31.91,nasa,0.46
2015-07-21,0.12,27.03,21.09,34.08,nasa,0.46
2015-07-22,0.0,28.41,21.93,35.57,nasa,0.45
2015-07-23,0.0,26.75,23.11,30.85,nasa,0.45
2015-07-24,0.0,28.37,22.54,35.02,nasa,0.45
2015-07-25,0.18,28.28,23.2,34.73,nasa,0.45
2015-07-26,0.41,27.15,23.06,32.4,nasa,0.45
2015-07-27,0.0,25.91,22.17,31.68,nasa,0.45
2015-07-28,0.04,26.15,21.57,31.32,nasa,0.45
2015-07-29,0.14,25.03,21.82,29.93,nasa,0.45
2015-07-30,0.02,25.48,21.54,30.36,nasa,0.45
2015-07-31,0.0,25.51,21.6,30.32,nasa,0.45
2015-08-01,0.01,26.55,21.38,32.97,nasa,0.45
2015-08-02,0.02,26.32,22.09,32.69,nasa,0.45
2015-08-03,0.45,26.69,22.02,33.32,nasa,0.45
2015-08-04,2.04,25.49,21.86,30.89,nasa,0.45
2015-08-05,0.84,26.28,21.47,32.9,nasa,0.45
2015-08-06,1.7,25.71,21.7,31.63,nasa,0.45
2015-08-07,0.11,26.87,22.35,33.14,nasa,0.45
2015-08-08,0.03,27.22,23.11,33.5,nasa,0.45
2015-08-09,0.08,26.24,22.88,32.48,nasa,0.45
2015-08-10,1.1,26.83,22.03,33.85,nasa,0.45
2015-08-11,1.1,26.59,22.66,32.99,nasa,0.45
2015-08-12,0.0,27.05,23.03,31.78,nasa,0.45
2015-08-13,0.0,28.79,22.52,36.0,nasa,0.45
2015-08-14,0.01,29.36,23.45,37.06,nasa,0.45
2015-08-15,0.02,27.72,23.69,33.73,nasa,0.45
2015-08-16,0.02,28.36,22.85,35.3,nasa,0.45
2015-08-17,0.04,26.74,23.81,30.65,nasa,0.45
2015-08-18,0.0,28.54,22.28,35.63,nasa,0.45
2015-08-19,0.01,28.76,24.12,34.87,nasa,0.45
2015-08-20,0.17,27.89,24.14,32.87,nasa,0.45
2015-08-21,0.67,27.7,22.34,34.5,nasa,0.45
2015-08-22,0.0,27.13,23.03,32.09,nasa,0.45
2015-08-23,0.13,27.15,22.83,32.17,nasa,0.45
2015-08-24,0.44,26.59,22.74,31.64,nasa,0.45
2015-08-25,0.73,25.55,22.55,30.24,nasa,0.45
2015-08-26,0.23,25.07,21.91,29.5,nasa,0.45
2015-08-27,0.0,26.13,21.86,32.52,nasa,0.45
2015-08-28,0.0,26.67,21.74,32.51,nasa,0.45
2015-08-29,0.0,26.99,22.63,31.71,nasa,0.45
2015-08-30,0.06,27.32,22.95,32.96,nasa,0.45
2015-08-31,0.14,26.37,22.85,31.12,nasa,0.45
2015-09-01,0.49,26.96,22.55,32.67,nasa,0.45
2015-09-02,0.01,27.49,22.15,33.76,nasa,0.45
2015-09-03,0.03,27.41,22.85,33.16,nasa,0.45
2015-09-04,0.0,27.11,23.13,32.65,nasa,0.45
2015-09-05,0.16,28.05,23.08,33.86,nasa,0.44
2015-09-06,0.97,27.18,23.43,31.47,nasa,0.45
2015-09-07,1.17,28.45,22.69,35.4,nasa,0.45
2015-09-08,1.76,26.61,23.46,31.25,nasa,0.45
2015-09-09,2.02,25.31,22.38,29.54,nasa,0.45
2015-09-10,4.68,25.45,21.54,32.6,nasa,0.45
2015-09-11,2.75,24.37,21.6,28.78,nasa,0.46
2015-09-12,0.17,25.91,21.81,31.5,nasa,0.46
2015-09-13,1.26,24.94,21.51,29.38,nasa,0.46
2015-09-14,1.73,24.52,22.2,28.39,nasa,0.46
2015-09-15,5.33,24.79,21.58,30.62,nasa,0.46
2015-09-16,0.95,24.43,21.03,30.42,nasa,0.46
2015-09-17,0.23,24.99,22.09,29.06,nasa,0.46
2015-09-18,1.3,26.12,20.81,33.3,nasa,0.46
2015-09-19,0.01,27.6,22.15,34.8,nasa,0.46
2015-09-20,0.0,28.16,20.69,35.96,nasa,0.46
2015-09-21,0.23,28.88,23.25,36.85,nasa,0.46
2015-09-22,1.04,26.09,22.97,31.21,nasa,0.45
2015-09-23,0.03,27.14,22.96,32.25,nasa,0.45
2015-09-24,0.03,27.15,23.2,32.73,nasa,0.45
2015-09-25,0.0,27.42,22.87,33.51,nasa,0.45
2015-09-26,0.0,27.15,23.12,32.85,nasa,0.45
2015-09-27,0.0,28.05,22.94,34.09,nasa,0.45
2015-09-28,0.0,27.07,23.49,32.74,nasa,0.45
2015-09-29,0.0,26.7,22.43,31.31,nasa,0.45
2015-09-30,0.0,27.62,22.32,34.49,nasa,0.45
2015-10-01,1.68,27.01,22.76,32.8,nasa,0.45
2015-10-02,4.42,24.3,21.89,27.64,nasa,0.45
2015-10-03,5.67,24.34,21.26,29.91,nasa,0.46
2015-10-04,2.93,23.72,20.45,28.75,nasa,0.47
2015-10-05,0.0,25.23,20.75,31.29,nasa,0.46
2015-10-06,0.0,26.36,21.42,33.08,nasa,0.46
2015-10-07,0.01,27.51,21.27,35.44,nasa,0.46
2015-10-08,0.02,27.11,20.92,33.67,nasa,0.46
2015-10-09,0.04,27.02,22.39,33.33,nasa,0.46
2015-10-10,0.55,26.32,22.49,31.42,nasa,0.45
2015-10-11,4.11,25.61,21.71,32.05,nasa,0.46
2015-10-12,0.38,25.15,22.57,28.99,nasa,0.46
2015-10-13,0.71,26.33,21.82,32.57,nasa,0.46
2015-10-14,1.33,25.73,20.42,32.87,nasa,0.46
2015-10-15,2.4,23.82,21.65,27.18,nasa,0.46
2015-10-16,0.09,25.82,19.95,33.81,nasa,0.46
2015-10-17,2.84,25.84,20.25,33.16,nasa,0.46
2015-10-18,8.8,24.66,19.84,32.45,nasa,0.47
2015-10-19,0.85,24.5,19.03,30.62,nasa,0.47
2015-10-20,1.2,25.86,21.59,32.7,nasa,0.47
2015-10-21,9.16,25.79,21.25,32.74,nasa,0.47
2015-10-22,2.28,25.64,20.1,33.12,nasa,0.48
2015-10-23,0.01,24.46,20.97,29.22,nasa,0.48
2015-10-24,0.0,25.14,19.69,32.56,nasa,0.47
2015-10-25,0.25,25.62,20.07,32.83,nasa,0.47
2015-10-26,2.66,24.17,21.11,28.68,nasa,0.47
2015-10-27,0.05,25.66,20.52,32.66,nasa,0.47
2015-10-28,0.01,25.89,20.72,33.46,nasa,0.46
2015-10-29,0.01,25.79,19.75,33.81,nasa,0.46
2015-10-30,2.62,25.3,20.91,31.97,nasa,0.46
2015-10-31,11.85,23.9,20.25,30.44,nasa,0.47
2015-11-01,15.99,24.11,20.1,30.66,nasa,0.49
2015-11-02,34.87,23.62,21.08,27.65,nasa,0.54
2015-11-03,24.64,23.02,21.42,26.22,nasa,0.59
2015-11-04,13.35,23.23,20.97,27.19,nasa,0.6
2015-11-05,4.72,22.78,20.86,25.87,nasa,0.6
2015-11-06,0.21,23.5,19.77,28.27,nasa,0.58
2015-11-07,0.56,24.33,20.2,29.85,nasa,0.57
2015-11-08,5.57,23.49,21.32,27.4,nasa,0.56
2015-11-09,0.0,24.52,20.23,30.3,nasa,0.55
2015-11-10,0.81,24.45,19.84,30.46,nasa,0.53
2015-11-11,11.83,23.96,20.48,29.67,nasa,0.53
2015-11-12,2.99,24.35,20.95,30.27,nasa,0.54
2015-11-13,0.04,25.03,19.63,31.48,nasa,0.53
2015-11-14,0.0,25.16,20.34,31.44,nasa,0.52
2015-11-15,0.01,24.6,19.61,31.25,nasa,0.51
2015-11-16,0.01,24.85,19.27,32.04,nasa,0.5
2015-11-17,0.06,25.1,19.61,32.47,nasa,0.5
2015-11-18,0.96,24.9,19.68,31.66,nasa,0.49
2015-11-19,1.37,24.31,20.46,29.85,nasa,0.49
2015-11-20,0.67,24.13,20.42,29.98,nasa,0.49
2015-11-21,4.19,23.68,19.68,29.74,nasa,0.49
2015-11-22,2.59,23.81,20.45,29.67,nasa,0.49
2015-11-23,1.62,23.82,20.0,29.69,nasa,0.49
2015-11-24,2.81,24.18,20.58,30.04,nasa,0.49
2015-11-25,2.87,23.9,20.08,30.08,nasa,0.49
2015-11-26,0.41,23.28,20.11,28.39,nasa,0.49
2015-11-27,1.63,23.18,19.66,28.67,nasa,0.49
2015-11-28,9.75,23.68,19.89,29.52,nasa,0.49
2015-11-29,19.86,23.39,20.73,28.95,nasa,0.52
2015-11-30,2.1,24.33,20.88,30.05,nasa,0.53
2015-12-01,1.02,24.0,20.44,29.87,nasa,0.53
2015-12-02,0.0,23.7,18.85,30.2,nasa,0.52
2015-12-03,0.0,23.74,19.37,29.71,nasa,0.51
2015-12-04,0.1,23.48,19.78,29.21,nasa,0.51
2015-12-05,0.89,24.38,19.35,31.29,nasa,0.5
2015-12-06,1.44,23.96,20.48,29.53,nasa,0.5
2015-12-07,6.73,22.57,19.57,28.2,nasa,0.5
2015-12-08,7.19,23.68,19.99,29.76,nasa,0.51
2015-12-09,0.14,24.64,20.55,29.8,nasa,0.51
2015-12-10,0.0,25.07,20.92,30.89,nasa,0.51
2015-12-11,0.0,24.92,19.97,31.64,nasa,0.5
2015-12-12,0.0,24.51,19.65,31.25,nasa,0.5
2015-12-13,0.0,23.69,18.04,31.12,nasa,0.49
2015-12-14,0.0,23.17,18.24,30.51,nasa,0.49
2015-12-15,0.03,22.99,18.25,29.75,nasa,0.49
2015-12-16,0.29,22.46,18.87,28.43,nasa,0.48
2015-12-17,0.31,19.84,16.69,24.91,nasa,0.48
2015-12-18,0.14,20.37,16.33,26.49,nasa,0.48
2015-12-19,4.77,21.01,17.7,27.07,nasa,0.48
2015-12-20,27.74,20.32,18.4,23.39,nasa,0.51
2015-12-21,6.47,21.91,19.27,26.77,nasa,0.54
2015-12-22,9.82,22.32,19.62,27.27,nasa,0.55
2015-12-23,0.0,23.5,18.53,29.87,nasa,0.54
2015-12-24,0.0,23.42,18.43,30.04,nasa,0.53
2015-12-25,0.0,22.33,15.9,29.47,nasa,0.53
2015-12-26,0.01,22.82,19.49,28.26,nasa,0.52
2015-12-27,0.0,22.65,19.05,28.45,nasa,0.51
2015-12-28,0.03,21.93,17.99,28.11,nasa,0.51
2015-12-29,0.16,21.47,17.69,27.31,nasa,0.5
2015-12-30,0.1,21.55,17.18,27.31,nasa,0.5
2015-12-31,0.38,21.58,17.77,27.3,nasa,0.5
2016-01-01,0.33,21.55,17.63,27.54,nasa,0.5
2016-01-02,0.24,23.13,18.31,29.93,nasa,0.49
2016-01-03,0.0,24.27,19.18,31.02,nasa,0.49
2016-01-04,0.0,24.61,20.48,31.04,nasa,0.49
2016-01-05,0.0,24.38,19.53,30.57,nasa,0.49
2016-01-06,0.0,23.87,18.88,30.42,nasa,0.48
2016-01-07,0.05,23.76,19.26,30.24,nasa,0.48
2016-01-08,0.43,23.46,18.88,30.23,nasa,0.48
2016-01-09,0.88,23.06,18.86,29.65,nasa,0.48
2016-01-10,0.13,24.47,18.6,32.13,nasa,0.48
2016-01-11,0.0,25.36,20.13,32.11,nasa,0.48
2016-01-12,0.0,24.69,20.33,31.27,nasa,0.47
2016-01-13,0.0,24.07,19.8,31.11,nasa,0.47
2016-01-14,0.0,24.74,19.9,31.62,nasa,0.47
2016-01-15,0.0,25.22,19.74,32.13,nasa,0.47
2016-01-16,3.17,25.67,20.42,32.53,nasa,0.47
2016-01-17,8.49,25.91,21.55,32.88,nasa,0.48
2016-01-18,0.64,25.58,21.08,32.32,nasa,0.49
2016-01-19,0.0,25.58,21.75,31.95,nasa,0.49
2016-01-20,0.0,25.09,19.89,32.2,nasa,0.48
2016-01-21,0.0,24.64,18.55,32.68,nasa,0.48
2016-01-22,0.0,24.59,18.03,32.73,nasa,0.48
2016-01-23,0.2,23.78,17.67,31.45,nasa,0.47
2016-01-24,0.54,18.81,13.7,25.03,nasa,0.47
2016-01-25,0.29,16.85,13.44,21.89,nasa,0.47
2016-01-26,0.0,20.34,15.09,27.25,nasa,0.47
2016-01-27,0.02,22.43,16.79,29.94,nasa,0.47
2016-01-28,0.11,24.49,17.57,32.71,nasa,0.47
2016-01-29,0.0,25.63,20.81,32.46,nasa,0.47
2016-01-30,0.0,24.73,19.49,31.63,nasa,0.47
2016-01-31,0.0,24.31,19.07,31.34,nasa,0.47
2016-02-01,0.0,24.03,18.62,31.57,nasa,0.47
2016-02-02,0.0,22.66,17.58,29.41,nasa,0.47
2016-02-03,0.03,21.66,16.87,28.4,nasa,0.47
2016-02-04,0.02,22.76,18.56,29.76,nasa,0.47
2016-02-05,0.1,22.02,17.92,28.51,nasa,0.46
2016-02-06,0.0,20.18,14.83,26.65,nasa,0.46
2016-02-07,0.0,16.77,13.14,22.91,nasa,0.46
2016-02-08,0.0,18.14,12.41,25.44,nasa,0.46
2016-02-09,0.0,21.28,14.31,30.16,nasa,0.46
2016-02-10,0.0,23.59,15.84,32.99,nasa,0.46
2016-02-11,0.0,24.79,17.43,32.96,nasa,0.46
2016-02-12,0.0,26.01,18.56,34.49,nasa,0.46
2016-02-13,0.0,26.04,20.55,33.54,nasa,0.46
2016-02-14,0.0,26.26,19.74,33.94,nasa,0.46
2016-02-15,0.05,25.04,18.82,33.4,nasa,0.46
2016-02-16,0.61,22.97,18.51,30.24,nasa,0.46
2016-02-17,0.03,22.12,17.85,29.08,nasa,0.46
2016-02-18,0.0,22.29,17.07,30.12,nasa,0.46
2016-02-19,0.0,22.6,16.41,31.58,nasa,0.46
2016-02-20,0.0,21.8,15.66,29.8,nasa,0.46
2016-02-21,0.02,23.03,17.62,30.93,nasa,0.46
2016-02-22,0.0,24.19,17.31,32.87,nasa,0.46
2016-02-23,0.01,23.71,17.24,32.74,nasa,0.46
2016-02-24,0.66,23.09,19.22,29.42,nasa,0.46
2016-02-25,2.48,22.11,18.38,28.74,nasa,0.46
2016-02-26,0.53,22.53,18.38,28.77,nasa,0.46
2016-02-27,0.0,21.43,17.04,28.71,nasa,0.46
2016-02-28,0.0,22.18,16.98,30.18,nasa,0.46
2016-02-29,0.0,20.99,14.86,28.88,nasa,0.46
2016-03-01,0.01,21.08,14.29,29.9,nasa,0.46
2016-03-02,0.11,22.61,16.65,30.8,nasa,0.46
2016-03-03,0.0,23.15,17.3,31.16,nasa,0.46
2016-03-04,0.0,24.28,17.01,33.06,nasa,0.46
2016-03-05,0.0,25.41,18.07,34.66,nasa,0.46
2016-03-06,0.0,25.3,17.56,34.86,nasa,0.46
2016-03-07,0.0,25.74,17.24,35.29,nasa,0.45
2016-03-08,0.0,27.36,19.98,36.45,nasa,0.45
2016-03-09,0.04,28.27,21.18,36.8,nasa,0.45
2016-03-10,0.42,28.56,22.3,36.37,nasa,0.45
2016-03-11,0.04,25.73,20.4,33.4,nasa,0.45
2016-03-12,0.0,26.31,19.64,34.96,nasa,0.45
2016-03-13,0.0,27.53,20.27,35.61,nasa,0.45
2016-03-14,0.0,27.71,21.17,36.02,nasa,0.45
2016-03-15,0.0,26.95,20.06,34.89,nasa,0.45
2016-03-16,0.0,28.31,21.64,36.12,nasa,0.45
2016-03-17,0.0,28.67,22.46,36.79,nasa,0.45
2016-03-18,0.0,28.7,21.23,38.0,nasa,0.45
2016-03-19,0.0,28.7,20.36,37.89,nasa,0.45
2016-03-20,0.0,29.35,21.92,38.65,nasa,0.45
2016-03-21,0.0,29.01,21.51,37.39,nasa,0.45
2016-03-22,0.0,29.26,21.8,37.8,nasa,0.45
2016-03-23,0.0,29.26,22.21,37.46,nasa,0.45
2016-03-24,0.01,29.19,23.11,36.23,nasa,0.45
2016-03-25,0.05,25.94,19.5,33.2,nasa,0.45
2016-03-26,0.0,23.82,17.86,32.14,nasa,0.45
2016-03-27,0.0,22.95,18.08,30.78,nasa,0.45
2016-03-28,0.0,22.89,17.08,31.35,nasa,0.45
2016-03-29,0.0,24.22,17.54,33.42,nasa,0.45
2016-03-30,0.0,25.35,16.95,35.38,nasa,0.45
2016-03-31,0.0,26.18,17.99,35.56,nasa,0.45
2016-04-01,0.0,27.37,18.95,36.61,nasa,0.45
2016-04-02,0.0,27.53,19.55,36.18,nasa,0.45
2016-04-03,0.0,28.09,19.63,37.09,nasa,0.45
2016-04-04,0.0,27.72,21.44,34.91,nasa,0.45
2016-04-05,0.0,28.08,23.57,33.9,nasa,0.45
2016-04-06,0.0,28.88,23.29,35.84,nasa,0.45
2016-04-07,0.0,29.06,22.33,36.46,nasa,0.45
2016-04-08,0.0,29.02,21.95,38.02,nasa,0.45
2016-04-09,0.0,28.97,20.85,37.46,nasa,0.45
2016-04-10,0.0,30.11,23.04,37.72,nasa,0.45
2016-04-11,0.0,30.97,23.88,38.32,nasa,0.45
2016-04-12,0.0,29.85,25.18,36.79,nasa,0.45
2016-04-13,0.0,30.75,23.98,38.49,nasa,0.45
2016-04-14,0.0,31.27,23.1,39.95,nasa,0.45
2016-04-15,0.0,31.26,23.44,39.62,nasa,0.45
2016-04-16,0.0,30.75,24.92,38.41,nasa,0.45
2016-04-17,0.81,31.3,22.38,40.43,nasa,0.45
2016-04-18,5.0,28.7,23.99,36.72,nasa,0.45
2016-04-19,0.0,27.53,21.36,35.62,nasa,0.45
2016-04-20,0.0,27.69,20.51,35.75,nasa,0.45
2016-04-21,0.0,29.34,22.64,37.72,nasa,0.45
2016-04-22,0.0,28.9,22.05,36.37,nasa,0.45
2016-04-23,0.0,29.31,24.15,35.44,nasa,0.45
2016-04-24,0.0,30.15,22.84,37.7,nasa,0.45
2016-04-25,0.0,30.34,24.11,37.24,nasa,0.45
2016-04-26,0.0,30.56,24.25,37.47,nasa,0.45
2016-04-27,0.2,30.61,24.3,37.71,nasa,0.45
2016-04-28,2.42,28.21,24.26,33.7,nasa,0.45
2016-04-29,2.75,27.59,23.87,33.4,nasa,0.45
2016-04-30,1.63,27.9,21.51,36.58,nasa,0.45
2016-05-01,0.0,27.97,23.13,34.85,nasa,0.45
2016-05-02,0.87,27.35,23.45,32.18,nasa,0.45
2016-05-03,31.78,27.81,22.55,35.6,nasa,0.47
2016-05-04,0.03,27.91,21.78,34.62,nasa,0.51
2016-05-05,0.14,28.62,23.2,35.68,nasa,0.5
2016-05-06,0.42,29.07,21.88,37.03,nasa,0.49
2016-05-07,0.01,29.86,23.37,38.02,nasa,0.48
2016-05-08,0.24,29.31,23.02,36.92,nasa,0.48
2016-05-09,0.02,29.14,22.52,36.42,nasa,0.47
2016-05-10,0.05,29.49,24.08,35.91,nasa,0.47
2016-05-11,0.66,29.83,24.94,36.58,nasa,0.47
2016-05-12,2.26,28.37,24.16,35.01,nasa,0.46
2016-05-13,1.1,29.63,23.59,37.77,nasa,0.46
2016-05-14,0.0,29.09,21.0,37.77,nasa,0.46
2016-05-15,0.0,29.83,22.78,38.36,nasa,0.46
2016-05-16,0.94,28.44,22.16,36.2,nasa,0.46
2016-05-17,5.3,27.86,22.2,36.18,nasa,0.46
2016-05-18,23.57,26.68,23.08,32.85,nasa,0.49
2016-05-19,3.93,26.04,22.75,31.39,nasa,0.51
2016-05-20,2.02,26.28,22.15,31.83,nasa,0.51
2016-05-21,5.3,26.03,22.76,30.57,nasa,0.5
2016-05-22,8.73,25.32,22.92,28.69,nasa,0.51
2016-05-23,13.18,25.03,22.49,29.42,nasa,0.51
2016-05-24,15.76,25.14,22.48,29.13,nasa,0.55
2016-05-25,27.0,24.53,22.25,28.15,nasa,0.56
2016-05-26,23.11,24.75,22.65,28.04,nasa,0.61
2016-05-27,21.12,24.36,22.33,27.73,nasa,0.63
2016-05-28,6.08,24.57,21.24,28.94,nasa,0.64
2016-05-29,1.66,24.93,22.06,28.74,nasa,0.62
2016-05-30,17.74,24.94,21.79,29.27,nasa,0.62
2016-05-31,1.57,25.21,21.52,29.53,nasa,0.62
2016-06-01,0.37,25.45,22.42,30.13,nasa,0.6
2016-06-02,4.87,25.05,21.59,29.78,nasa,0.58
2016-06-03,6.59,25.13,21.91,30.07,nasa,0.57
2016-06-04,11.38,25.46,21.79,31.01,nasa,0.58
2016-06-05,0.03,25.57,22.44,29.9,nasa,0.57
2016-06-06,0.26,25.04,22.7,28.61,nasa,0.56
2016-06-07,1.18,24.52,21.63,28.02,nasa,0.55
2016-06-08,3.23,25.26,22.03,30.13,nasa,0.54
2016-06-09,0.23,25.42,22.56,30.4,nasa,0.54
2016-06-10,0.85,26.3,22.38,31.1,nasa,0.53
2016-06-11,7.09,25.55,22.69,30.01,nasa,0.52
2016-06-12,2.15,25.79,22.3,30.91,nasa,0.53
2016-06-13,11.77,24.96,21.93,29.59,nasa,0.53
2016-06-14,1.07,24.74,22.17,28.52,nasa,0.54
2016-06-15,6.31,24.66,21.63,29.17,nasa,0.54
2016-06-16,4.47,24.94,21.54,30.34,nasa,0.54
2016-06-17,10.44,25.09,21.6,29.33,nasa,0.55
2016-06-18,3.34,25.56,22.35,30.35,nasa,0.55
2016-06-19,0.6,24.58,21.28,29.02,nasa,0.54
2016-06-20,24.5,24.14,20.66,30.21,nasa,0.54
2016-06-21,66.32,24.6,20.68,29.73,nasa,0.61
2016-06-22,12.97,23.76,21.79,26.85,nasa,0.66
2016-06-23,33.77,23.38,21.04,26.36,nasa,0.69
2016-06-24,8.75,23.43,21.14,27.15,nasa,0.71
2016-06-25,11.25,23.16,20.9,25.74,nasa,0.69
2016-06-26,56.8,23.08,21.42,25.65,nasa,0.73
2016-06-27,34.47,22.45,20.7,25.62,nasa,0.79
2016-06-28,3.88,22.82,20.52,26.07,nasa,0.79
2016-06-29,0.73,24.1,20.39,28.79,nasa,0.75
2016-06-30,0.4,23.66,20.76,27.51,nasa,0.71
2016-07-01,0.96,24.54,20.89,29.12,nasa,0.68
2016-07-02,0.05,23.98,21.72,26.99,nasa,0.66
2016-07-03,1.08,23.47,21.64,26.25,nasa,0.65
2016-07-04,9.58,24.12,21.1,27.8,nasa,0.64
2016-07-05,15.69,22.69,20.54,25.33,nasa,0.65
2016-07-06,5.46,22.82,19.97,26.35,nasa,0.65
2016-07-07,1.19,23.9,20.37,28.62,nasa,0.64
2016-07-08,3.53,23.61,21.04,27.08,nasa,0.63
2016-07-09,2.28,23.66,21.53,27.24,nasa,0.63
2016-07-10,1.96,23.6,21.48,26.76,nasa,0.62
2016-07-11,5.05,23.07,21.41,25.69,nasa,0.62
2016-07-12,7.6,23.83,21.18,27.56,nasa,0.62
2016-07-13,9.7,24.37,21.87,28.2,nasa,0.62
2016-07-14,16.15,24.42,21.55,28.39,nasa,0.64
2016-07-15,0.63,24.51,21.52,28.32,nasa,0.65
2016-07-16,0.13,24.86,22.0,28.67,nasa,0.63
2016-07-17,0.35,24.95,21.96,29.02,nasa,0.62
2016-07-18,3.27,24.32,22.04,27.36,nasa,0.62
2016-07-19,5.96,24.52,21.75,28.35,nasa,0.62
2016-07-20,4.81,24.97,21.1,30.04,nasa,0.62
2016-07-21,5.59,24.91,20.49,30.29,nasa,0.62
2016-07-22,4.32,24.16,21.33,27.64,nasa,0.62
2016-07-23,0.7,24.17,21.17,27.83,nasa,0.62
2016-07-24,3.31,25.04,21.13,29.86,nasa,0.61
2016-07-25,7.48,23.59,21.76,26.07,nasa,0.62
2016-07-26,2.18,22.95,20.62,26.21,nasa,0.62
2016-07-27,7.39,23.06,20.44,26.33,nasa,0.62
2016-07-28,4.01,23.05,20.6,25.72,nasa,0.63
2016-07-29,1.52,23.22,20.48,26.54,nasa,0.62
2016-07-30,2.02,24.32,20.47,29.43,nasa,0.62
2016-07-31,3.08,23.94,20.99,27.97,nasa,0.61
2016-08-01,6.22,24.16,21.24,28.91,nasa,0.61
2016-08-02,15.06,23.4,21.36,26.6,nasa,0.62
2016-08-03,8.61,23.49,21.05,27.17,nasa,0.64
2016-08-04,4.55,23.59,21.19,27.33,nasa,0.64
2016-08-05,2.37,23.69,21.12,27.58,nasa,0.64
2016-08-06,2.05,23.98,20.97,27.98,nasa,0.63
2016-08-07,6.67,23.69,20.81,27.59,nasa,0.63
2016-08-08,2.96,24.17,21.07,28.24,nasa,0.63
2016-08-09,2.19,24.34,21.19,28.25,nasa,0.62
2016-08-10,9.75,23.92,21.94,27.0,nasa,0.62
2016-08-11,17.26,23.5,21.16,26.38,nasa,0.64
2016-08-12,5.71,23.71,20.75,27.71,nasa,0.65
2016-08-13,1.97,24.11,21.35,28.49,nasa,0.64
2016-08-14,2.94,24.56,21.66,28.74,nasa,0.63
2016-08-15,3.14,24.34,21.73,28.56,nasa,0.63
2016-08-16,1.9,24.3,21.43,28.08,nasa,0.62
2016-08-17,4.54,24.28,21.51,28.05,nasa,0.62
2016-08-18,10.2,24.43,21.87,28.3,nasa,0.62
2016-08-19,2.49,24.52,22.25,27.96,nasa,0.62
2016-08-20,0.97,25.13,21.58,29.77,nasa,0.61
2016-08-21,1.44,24.95,21.83,28.66,nasa,0.61
2016-08-22,9.99,23.76,21.89,26.03,nasa,0.62
2016-08-23,6.31,23.92,21.29,27.73,nasa,0.62
2016-08-24,24.93,23.39,21.35,25.87,nasa,0.65
2016-08-25,3.16,24.54,21.24,29.28,nasa,0.66
2016-08-26,9.85,24.14,21.7,27.87,nasa,0.66
2016-08-27,18.86,24.42,21.66,28.16,nasa,0.67
2016-08-28,19.32,23.83,21.47,26.78,nasa,0.7
2016-08-29,2.88,24.46,21.56,28.33,nasa,0.7
2016-08-30,25.42,24.63,21.33,29.63,nasa,0.7
2016-08-31,8.45,23.96,21.81,27.35,nasa,0.72
2016-09-01,2.07,23.97,21.67,27.28,nasa,0.71
2016-09-02,0.13,24.5,21.6,28.48,nasa,0.69
2016-09-03,0.47,24.05,21.69,27.48,nasa,0.67
2016-09-04,3.03,24.32,21.45,28.2,nasa,0.66
2016-09-05,7.45,23.49,22.0,25.66,nasa,0.67
2016-09-06,1.1,24.18,21.57,27.81,nasa,0.67
2016-09-07,11.97,24.28,21.61,27.91,nasa,0.67
2016-09-08,4.88,23.93,20.42,28.76,nasa,0.68
2016-09-09,1.95,23.81,21.49,27.41,nasa,0.67
2016-09-10,8.19,23.45,21.46,26.88,nasa,0.67
2016-09-11,25.35,22.92,21.27,25.11,nasa,0.69
2016-09-12,56.56,22.32,20.26,24.89,nasa,0.76
2016-09-13,5.17,22.56,19.84,26.9,nasa,0.78
2016-09-14,3.98,23.61,19.96,28.26,nasa,0.75
2016-09-15,6.32,23.0,20.77,25.89,nasa,0.73
2016-09-16,2.75,23.03,21.0,25.81,nasa,0.72
2016-09-17,26.12,24.55,21.27,29.36,nasa,0.72
2016-09-18,33.16,24.61,22.02,28.56,nasa,0.77
2016-09-19,6.17,23.79,21.61,26.85,nasa,0.77
2016-09-20,10.47,22.63,20.99,24.95,nasa,0.76
2016-09-21,6.03,23.48,20.35,28.58,nasa,0.75
2016-09-22,19.49,23.08,20.66,26.4,nasa,0.74
2016-09-23,16.33,23.34,21.29,26.8,nasa,0.76
2016-09-24,15.45,24.13,20.58,28.89,nasa,0.77
2016-09-25,16.41,23.7,21.61,26.62,nasa,0.78
2016-09-26,1.7,24.19,21.13,28.05,nasa,0.77
2016-09-27,3.86,24.01,21.27,27.84,nasa,0.75
2016-09-28,5.49,24.66,20.78,29.78,nasa,0.74
2016-09-29,1.43,24.14,21.14,28.5,nasa,0.74
2016-09-30,10.83,23.49,21.47,26.35,nasa,0.74
2016-10-01,9.62,22.68,20.93,25.62,nasa,0.75
2016-10-02,0.76,22.45,20.07,25.5,nasa,0.75
2016-10-03,18.64,23.47,20.32,27.27,nasa,0.75
2016-10-04,0.85,24.1,20.23,28.16,nasa,0.76
2016-10-05,3.39,23.4,22.22,25.55,nasa,0.75
2016-10-06,8.2,23.57,22.01,25.72,nasa,0.75
2016-10-07,5.21,23.42,20.55,27.02,nasa,0.75
2016-10-08,6.13,22.5,21.13,24.14,nasa,0.76
2016-10-09,7.4,23.02,21.24,26.12,nasa,0.76
2016-10-10,2.64,23.18,20.28,27.06,nasa,0.76
2016-10-11,1.76,23.58,20.13,28.17,nasa,0.75
2016-10-12,4.44,23.53,21.16,26.93,nasa,0.75
2016-10-13,1.92,24.17,21.09,28.74,nasa,0.74
2016-10-14,16.33,24.08,21.31,27.93,nasa,0.76
2016-10-15,14.88,24.08,21.94,27.53,nasa,0.76
2016-10-16,6.58,23.51,21.18,28.02,nasa,0.78
2016-10-17,2.13,23.91,20.71,28.35,nasa,0.77
2016-10-18,4.84,23.46,21.05,27.59,nasa,0.76
2016-10-19,1.03,23.06,21.18,26.35,nasa,0.76
2016-10-20,1.24,23.65,20.64,27.44,nasa,0.75
2016-10-21,1.79,23.5,21.6,26.99,nasa,0.75
2016-10-22,13.94,23.74,20.75,27.84,nasa,0.75
2016-10-23,5.75,23.58,20.86,27.94,nasa,0.76
2016-10-24,1.32,22.99,19.32,27.73,nasa,0.76
2016-10-25,10.17,22.83,19.81,27.38,nasa,0.75
2016-10-26,2.98,23.06,20.39,27.56,nasa,0.76
2016-10-27,1.63,23.36,20.31,27.95,nasa,0.75
2016-10-28,3.61,22.39,20.23,25.21,nasa,0.75
2016-10-29,3.93,22.15,19.3,26.63,nasa,0.75
2016-10-30,12.06,22.04,19.73,26.11,nasa,0.76
2016-10-31,1.33,22.76,19.16,28.12,nasa,0.76
2016-11-01,6.16,22.31,19.72,25.1,nasa,0.75
2016-11-02,40.0,23.15,21.86,25.46,nasa,0.78
2016-11-03,53.83,22.59,21.41,24.54,nasa,0.84
2016-11-04,17.58,22.47,20.82,25.67,nasa,0.84
2016-11-05,20.2,22.65,20.48,26.47,nasa,0.84
2016-11-06,4.76,23.45,20.75,27.02,nasa,0.83
2016-11-07,0.02,24.42,20.42,29.13,nasa,0.81
2016-11-08,0.18,23.57,20.93,27.29,nasa,0.8
2016-11-09,0.54,22.94,19.7,27.45,nasa,0.79
2016-11-10,0.23,21.74,18.27,26.62,nasa,0.78
2016-11-11,0.65,22.52,19.3,27.48,nasa,0.78
2016-11-12,2.64,22.89,19.28,27.96,nasa,0.78
2016-11-13,0.14,22.81,19.79,27.44,nasa,0.77
2016-11-14,0.0,23.09,19.33,28.06,nasa,0.77
2016-11-15,0.01,22.51,19.43,27.33,nasa,0.76
2016-11-16,1.57,22.5,19.1,27.3,nasa,0.76
2016-11-17,4.09,22.51,20.17,25.73,nasa,0.76
2016-11-18,0.69,23.51,20.41,28.28,nasa,0.76
2016-11-19,2.44,22.79,20.01,26.95,nasa,0.76
2016-11-20,5.56,23.02,20.22,27.43,nasa,0.76
2016-11-21,1.06,23.37,20.07,27.59,nasa,0.76
2016-11-22,2.66,23.52,20.92,27.48,nasa,0.76
2016-11-23,0.52,23.6,20.57,28.19,nasa,0.76
2016-11-24,0.01,22.35,18.9,26.75,nasa,0.75
2016-11-25,0.0,22.5,18.58,27.01,nasa,0.75
2016-11-26,0.0,22.05,17.22,27.61,nasa,0.74
2016-11-27,0.0,21.67,18.01,26.58,nasa,0.74
2016-11-28,0.36,21.5,17.67,26.47,nasa,0.74
2016-11-29,4.32,22.6,19.78,27.33,nasa,0.74
2016-11-30,10.12,23.12,20.79,26.99,nasa,0.74
2016-12-01,23.18,22.56,20.67,25.66,nasa,0.77
2016-12-02,5.25,22.56,20.36,26.24,nasa,0.77
2016-12-03,1.66,23.21,20.72,26.96,nasa,0.76
2016-12-04,11.24,21.75,20.02,25.16,nasa,0.77
2016-12-05,4.33,22.05,19.86,26.15,nasa,0.77
2016-12-06,16.5,21.36,19.38,24.52,nasa,0.78
2016-12-07,19.81,21.82,19.09,26.08,nasa,0.79
2016-12-08,1.28,21.84,19.61,25.1,nasa,0.79
2016-12-09,0.0,21.42,18.39,26.16,nasa,0.78
2016-12-10,0.0,21.09,17.47,25.72,nasa,0.77
2016-12-11,5.72,21.9,18.69,25.95,nasa,0.77
2016-12-12,32.76,22.1,20.72,24.07,nasa,0.79
2016-12-13,60.4,22.29,20.71,24.34,nasa,0.84
2016-12-14,2.94,22.79,21.1,25.34,nasa,0.85
2016-12-15,17.6,21.99,20.25,24.84,nasa,0.83
2016-12-16,29.33,21.47,19.72,23.96,nasa,0.85
2016-12-17,2.18,21.02,19.12,24.92,nasa,0.84
2016-12-18,13.47,21.11,19.19,24.05,nasa,0.84
2016-12-19,12.77,21.87,20.03,25.13,nasa,0.84
2016-12-20,2.4,22.19,19.98,26.06,nasa,0.83
2016-12-21,0.11,22.31,19.4,26.87,nasa,0.83
2016-12-22,0.03,21.98,19.24,26.37,nasa,0.82
2016-12-23,0.58,22.05,19.29,26.65,nasa,0.81
2016-12-24,0.71,21.95,19.19,26.41,nasa,0.81
2016-12-25,0.75,21.49,18.59,26.4,nasa,0.8
2016-12-26,0.0,21.07,18.03,25.81,nasa,0.8
2016-12-27,0.01,19.97,17.55,24.09,nasa,0.8
2016-12-28,0.03,18.95,16.29,23.25,nasa,0.79
2016-12-29,0.43,19.13,15.92,23.47,nasa,0.79
2016-12-30,4.86,19.56,16.96,22.4,nasa,0.79
2016-12-31,14.11,21.05,18.55,24.94,nasa,0.8
2017-01-01,2.3,21.79,19.31,26.05,nasa,0.8
2017-01-02,0.96,21.96,19.54,26.29,nasa,0.8
2017-01-03,0.0,21.02,18.5,24.74,nasa,0.79
2017-01-04,0.02,21.83,18.46,26.95,nasa,0.79
2017-01-05,0.04,21.58,18.61,26.18,nasa,0.78
2017-01-06,0.29,21.69,18.24,26.78,nasa,0.78
2017-01-07,0.27,21.76,19.26,25.86,nasa,0.78
2017-01-08,0.66,21.86,18.91,26.69,nasa,0.77
2017-01-09,0.0,21.43,18.17,26.21,nasa,0.77
2017-01-10,0.01,21.22,17.6,26.34,nasa,0.76
2017-01-11,0.03,21.32,17.88,25.76,nasa,0.76
2017-01-12,0.01,21.62,18.69,25.3,nasa,0.76
2017-01-13,2.22,21.67,18.11,25.99,nasa,0.76
2017-01-14,9.25,20.46,18.73,23.6,nasa,0.77
2017-01-15,27.48,20.87,18.85,24.48,nasa,0.79
2017-01-16,8.59,22.1,19.76,26.58,nasa,0.8
2017-01-17,0.32,21.45,19.27,25.27,nasa,0.79
2017-01-18,0.0,20.67,17.96,24.85,nasa,0.78
2017-01-19,0.09,21.17,17.59,26.44,nasa,0.78
2017-01-20,0.48,20.36,17.83,24.39,nasa,0.77
2017-01-21,2.07,20.71,17.74,25.61,nasa,0.77
2017-01-22,0.44,20.3,18.11,24.08,nasa,0.76
2017-01-23,0.1,20.35,17.72,25.05,nasa,0.76
2017-01-24,1.96,21.11,17.68,25.8,nasa,0.76
2017-01-25,3.02,21.78,18.86,26.44,nasa,0.76
2017-01-26,0.34,20.29,16.62,24.23,nasa,0.75
2017-01-27,0.02,18.13,15.3,22.73,nasa,0.75
2017-01-28,0.07,19.12,14.34,24.98,nasa,0.74
2017-01-29,0.0,20.81,15.54,26.82,nasa,0.74
2017-01-30,0.0,20.31,17.02,25.29,nasa,0.74
2017-01-31,0.05,19.76,16.03,25.22,nasa,0.74
2017-02-01,2.17,21.0,17.01,26.38,nasa,0.73
2017-02-02,3.72,21.04,19.3,23.47,nasa,0.74
2017-02-03,3.24,20.79,18.95,24.26,nasa,0.74
2017-02-04,0.64,22.29,18.3,27.59,nasa,0.74
2017-02-05,0.01,21.49,17.93,26.39,nasa,0.73
2017-02-06,0.0,19.36,14.27,24.93,nasa,0.73
2017-02-07,0.0,18.59,13.15,25.01,nasa,0.72
2017-02-08,0.0,19.53,14.27,26.31,nasa,0.72
2017-02-09,0.1,19.52,15.26,25.04,nasa,0.71
2017-02-10,1.77,19.79,16.63,25.14,nasa,0.71
2017-02-11,0.24,19.02,16.12,24.14,nasa,0.71
2017-02-12,0.0,18.33,15.6,23.22,nasa,0.7
2017-02-13,0.0,18.47,15.23,23.81,nasa,0.7
2017-02-14,0.01,19.29,15.9,24.73,nasa,0.7
2017-02-15,0.07,18.79,15.28,24.68,nasa,0.69
2017-02-16,0.0,18.52,13.84,24.29,nasa,0.69
2017-02-17,0.0,19.93,15.18,26.26,nasa,0.69
2017-02-18,0.0,20.41,16.04,26.64,nasa,0.68
2017-02-19,0.02,20.93,16.52,26.89,nasa,0.68
2017-02-20,0.41,21.97,17.21,27.32,nasa,0.68
2017-02-21,0.0,23.11,19.02,29.2,nasa,0.67
2017-02-22,0.0,23.75,19.54,29.62,nasa,0.67
2017-02-23,0.01,23.15,18.23,29.5,nasa,0.67
2017-02-24,0.02,22.41,17.18,28.74,nasa,0.66
2017-02-25,0.0,22.25,18.88,27.37,nasa,0.66
2017-02-26,0.02,21.85,18.38,27.34,nasa,0.66
2017-02-27,0.1,21.27,18.1,26.76,nasa,0.65
2017-02-28,0.01,21.32,17.63,27.17,nasa,0.65
2017-03-01,0.0,21.12,17.52,26.79,nasa,0.65
2017-03-02,0.0,19.96,16.63,25.26,nasa,0.65
2017-03-03,0.0,20.2,15.59,26.72,nasa,0.64
2017-03-04,0.0,20.33,14.73,27.65,nasa,0.64
2017-03-05,0.0,21.28,14.19,28.75,nasa,0.64
2017-03-06,0.0,22.36,16.89,29.14,nasa,0.63
2017-03-07,0.0,20.56,14.58,27.73,nasa,0.63
2017-03-08,0.0,21.57,16.07,28.61,nasa,0.63
2017-03-09,0.0,21.49,15.76,28.8,nasa,0.62
2017-03-10,0.0,22.35,15.86,29.91,nasa,0.62
2017-03-11,0.0,22.71,16.93,30.6,nasa,0.61
2017-03-12,0.02,22.27,16.17,30.08,nasa,0.61
2017-03-13,1.89,22.81,17.33,29.87,nasa,0.61
2017-03-14,0.33,24.13,18.49,31.0,nasa,0.61
2017-03-15,0.04,24.35,18.79,30.89,nasa,0.61
2017-03-16,0.84,24.22,19.8,30.2,nasa,0.6
2017-03-17,0.13,24.11,20.08,30.25,nasa,0.6
2017-03-18,0.3,24.96,20.29,31.38,nasa,0.6
2017-03-19,3.22,23.85,20.25,29.44,nasa,0.6
2017-03-20,0.04,24.14,18.39,31.0,nasa,0.6
2017-03-21,0.0,23.96,18.86,30.71,nasa,0.6
2017-03-22,0.0,23.97,17.42,31.56,nasa,0.59
2017-03-23,0.0,24.76,18.53,32.32,nasa,0.59
2017-03-24,0.0,24.08,19.55,29.39,nasa,0.59
2017-03-25,0.0,24.84,20.35,31.53,nasa,0.59
2017-03-26,0.03,23.2,17.9,29.98,nasa,0.58
2017-03-27,0.27,22.68,19.04,27.93,nasa,0.58
2017-03-28,0.28,23.98,19.7,30.15,nasa,0.58
2017-03-29,0.0,23.8,20.46,29.05,nasa,0.58
2017-03-30,0.08,23.78,18.81,30.43,nasa,0.58
2017-03-31,3.56,24.23,19.66,30.4,nasa,0.57
2017-04-01,2.22,21.95,19.93,24.04,nasa,0.58
2017-04-02,6.62,22.83,18.87,29.35,nasa,0.58
2017-04-03,8.5,22.84,19.86,27.92,nasa,0.6
2017-04-04,0.13,23.34,19.11,29.35,nasa,0.6
2017-04-05,1.0,23.51,19.64,28.84,nasa,0.59
2017-04-06,1.82,23.83,19.08,29.91,nasa,0.59
2017-04-07,0.0,24.75,19.55,31.04,nasa,0.59
2017-04-08,0.0,25.28,19.57,32.51,nasa,0.58
2017-04-09,0.0,26.44,19.42,33.93,nasa,0.58
2017-04-10,0.0,27.55,21.72,33.93,nasa,0.57
2017-04-11,0.0,28.22,21.8,35.32,nasa,0.57
2017-04-12,0.01,28.24,23.27,34.99,nasa,0.56
2017-04-13,0.01,25.58,20.51,32.3,nasa,0.56
2017-04-14,0.02,24.37,18.72,31.9,nasa,0.55
2017-04-15,0.0,24.72,18.16,32.82,nasa,0.55
2017-04-16,0.0,25.51,19.31,33.4,nasa,0.55
2017-04-17,0.0,25.99,19.01,33.9,nasa,0.54
2017-04-18,0.01,26.94,20.65,33.63,nasa,0.54
2017-04-19,0.17,27.29,22.69,32.75,nasa,0.54
2017-04-20,0.32,27.89,21.99,34.23,nasa,0.54
2017-04-21,5.6,28.07,22.2,34.67,nasa,0.54
2017-04-22,21.65,25.98,21.4,30.86,nasa,0.57
2017-04-23,4.18,24.33,21.74,28.73,nasa,0.59
2017-04-24,0.44,24.73,19.8,30.74,nasa,0.59
2017-04-25,0.09,25.8,20.38,31.9,nasa,0.58
2017-04-26,0.93,25.73,22.53,31.6,nasa,0.57
2017-04-27,8.89,25.66,21.34,31.01,nasa,0.58
2017-04-28,1.66,25.89,21.64,32.04,nasa,0.58
2017-04-29,15.12,24.94,20.38,31.07,nasa,0.58
2017-04-30,9.11,25.25,21.13,31.08,nasa,0.6
2017-05-01,19.98,25.08,22.44,29.14,nasa,0.63
2017-05-02,4.84,25.37,21.93,29.2,nasa,0.63
2017-05-03,0.43,24.57,21.98,27.74,nasa,0.63
2017-05-04,2.02,25.43,21.36,29.8,nasa,0.62
2017-05-05,0.76,25.24,21.41,30.34,nasa,0.61
2017-05-06,1.32,24.39,21.02,29.52,nasa,0.6
2017-05-07,1.1,24.52,18.88,31.35,nasa,0.59
2017-05-08,1.21,24.92,19.65,30.92,nasa,0.59
2017-05-09,0.94,25.36,20.76,31.39,nasa,0.58
2017-05-10,1.81,23.86,20.52,28.73,nasa,0.57
2017-05-11,1.17,24.06,19.74,29.88,nasa,0.57
2017-05-12,0.44,25.49,20.2,31.77,nasa,0.56
2017-05-13,6.66,25.66,21.29,31.93,nasa,0.56
2017-05-14,24.92,24.75,21.28,29.71,nasa,0.59
2017-05-15,14.08,25.07,20.61,30.96,nasa,0.62
2017-05-16,11.2,24.62,22.22,27.94,nasa,0.63
2017-05-17,8.97,24.68,22.32,27.88,nasa,0.64
2017-05-18,18.2,25.68,22.5,29.47,nasa,0.65
2017-05-19,39.27,25.0,22.63,28.24,nasa,0.7
2017-05-20,17.32,24.55,22.37,27.92,nasa,0.73
2017-05-21,4.78,25.18,22.47,28.97,nasa,0.72
2017-05-22,3.7,24.65,22.27,27.55,nasa,0.7
2017-05-23,0.4,25.39,22.4,29.71,nasa,0.69
2017-05-24,2.02,24.75,22.33,27.88,nasa,0.67
2017-05-25,1.56,25.44,22.01,29.49,nasa,0.66
2017-05-26,8.7,24.81,21.92,28.12,nasa,0.65
2017-05-27,23.04,24.34,22.03,27.3,nasa,0.68
2017-05-28,26.1,24.48,21.99,28.57,nasa,0.7
2017-05-29,18.29,24.32,21.91,27.24,nasa,0.73
2017-05-30,9.12,25.06,22.28,28.54,nasa,0.73
2017-05-31,0.39,25.6,21.88,30.39,nasa,0.71
2017-06-01,0.35,25.35,22.18,29.33,nasa,0.69
2017-06-02,0.31,25.4,22.63,29.16,nasa,0.68
2017-06-03,0.29,24.56,21.96,27.57,nasa,0.67
2017-06-04,1.83,24.54,22.51,27.68,nasa,0.66
2017-06-05,0.39,24.63,21.71,28.72,nasa,0.65
2017-06-06,0.88,23.32,21.25,25.59,nasa,0.65
2017-06-07,4.31,23.26,20.62,26.73,nasa,0.65
2017-06-08,7.57,24.18,20.84,28.78,nasa,0.65
2017-06-09,3.66,24.82,21.27,29.39,nasa,0.65
2017-06-10,11.52,23.71,21.61,26.14,nasa,0.66
2017-06-11,27.35,23.82,21.36,27.28,nasa,0.69
2017-06-12,7.58,23.2,21.24,25.89,nasa,0.71
2017-06-13,0.04,24.26,20.98,28.69,nasa,0.69
2017-06-14,1.11,23.97,21.16,27.46,nasa,0.68
2017-06-15,0.87,24.55,20.93,28.66,nasa,0.67
2017-06-16,0.14,25.24,21.28,29.42,nasa,0.66
2017-06-17,2.17,24.95,21.95,28.64,nasa,0.65
2017-06-18,3.64,24.77,22.0,28.64,nasa,0.65
2017-06-19,1.49,24.83,21.63,28.83,nasa,0.65
2017-06-20,0.5,23.63,21.55,26.26,nasa,0.65
2017-06-21,8.8,23.97,21.06,27.79,nasa,0.65
2017-06-22,22.84,23.56,21.56,26.07,nasa,0.69
2017-06-23,2.52,23.15,21.56,25.05,nasa,0.69
2017-06-24,14.7,23.68,21.06,27.18,nasa,0.7
2017-06-25,5.66,24.19,21.33,28.31,nasa,0.7
2017-06-26,7.45,24.64,21.02,28.66,nasa,0.7
2017-06-27,14.28,24.49,21.99,27.41,nasa,0.7
2017-06-28,47.59,23.85,21.04,27.5,nasa,0.75
2017-06-29,7.04,24.35,19.92,29.6,nasa,0.76
2017-06-30,25.58,24.11,21.15,27.85,nasa,0.77
2017-07-01,3.25,23.9,21.09,27.79,nasa,0.77
2017-07-02,2.82,23.41,21.6,25.87,nasa,0.75
2017-07-03,0.22,23.91,21.72,27.0,nasa,0.73
2017-07-04,6.35,23.19,21.37,25.83,nasa,0.72
2017-07-05,10.64,22.69,20.89,24.66,nasa,0.73
2017-07-06,38.85,22.9,21.04,25.3,nasa,0.76
2017-07-07,20.06,23.26,20.85,26.64,nasa,0.79
2017-07-08,1.47,23.16,20.66,25.86,nasa,0.79
2017-07-09,3.68,24.11,20.66,28.09,nasa,0.76
2017-07-10,14.86,23.78,20.98,26.89,nasa,0.76
2017-07-11,6.54,23.48,21.57,26.33,nasa,0.77
2017-07-12,13.39,22.78,21.2,25.21,nasa,0.76
2017-07-13,35.91,22.92,21.08,25.63,nasa,0.79
2017-07-14,11.05,22.74,20.77,25.88,nasa,0.8
2017-07-15,14.31,22.46,20.65,25.18,nasa,0.79
2017-07-16,13.82,21.98,20.95,24.27,nasa,0.79
2017-07-17,13.42,22.26,19.88,24.53,nasa,0.79
2017-07-18,1.35,23.49,20.45,27.6,nasa,0.78
2017-07-19,10.32,22.81,20.55,25.86,nasa,0.77
2017-07-20,44.69,22.46,20.23,25.1,nasa,0.82
2017-07-21,16.48,22.65,21.07,25.05,nasa,0.83
2017-07-22,13.25,23.21,20.18,27.19,nasa,0.81
2017-07-23,1.19,23.09,20.65,25.88,nasa,0.8
2017-07-24,11.0,23.15,21.9,24.92,nasa,0.8
2017-07-25,21.4,22.69,21.38,24.47,nasa,0.81
2017-07-26,17.6,23.49,20.75,26.78,nasa,0.82
2017-07-27,5.2,23.42,21.09,26.91,nasa,0.81
2017-07-28,1.06,23.75,21.24,27.19,nasa,0.8
2017-07-29,2.0,23.76,21.64,26.72,nasa,0.79
2017-07-30,3.02,24.24,21.61,27.58,nasa,0.79
2017-07-31,4.27,24.4,21.83,28.13,nasa,0.79
2017-08-01,0.81,24.85,22.08,28.56,nasa,0.78
2017-08-02,1.83,24.42,21.53,28.35,nasa,0.78
2017-08-03,5.06,24.44,21.96,28.14,nasa,0.78
2017-08-04,24.5,23.31,21.95,25.52,nasa,0.79
2017-08-05,16.76,23.12,21.13,26.29,nasa,0.82
2017-08-06,6.64,23.69,20.38,27.79,nasa,0.81
2017-08-07,2.02,24.27,21.5,28.13,nasa,0.8
2017-08-08,0.1,24.7,21.35,28.79,nasa,0.8
2017-08-09,0.06,24.51,22.17,27.56,nasa,0.79
2017-08-10,0.1,24.44,21.49,28.07,nasa,0.79
2017-08-11,0.1,24.82,21.71,28.29,nasa,0.78
2017-08-12,2.23,25.41,22.12,29.09,nasa,0.78
2017-08-13,9.07,25.61,21.96,30.36,nasa,0.79
2017-08-14,4.46,24.45,22.02,27.4,nasa,0.79
2017-08-15,3.6,24.36,21.7,28.52,nasa,0.79
2017-08-16,3.05,23.68,20.96,27.71,nasa,0.79
2017-08-17,16.55,23.54,21.41,27.25,nasa,0.78
2017-08-18,46.14,22.58,20.73,25.18,nasa,0.83
2017-08-19,3.76,23.37,20.09,27.41,nasa,0.84
2017-08-20,2.82,23.69,21.57,26.72,nasa,0.83
2017-08-21,1.18,24.09,20.85,28.27,nasa,0.82
2017-08-22,1.16,24.36,21.45,28.32,nasa,0.81
2017-08-23,4.26,23.24,21.6,26.02,nasa,0.81
2017-08-24,6.61,24.17,20.66,28.63,nasa,0.8
2017-08-25,21.45,23.63,21.11,26.99,nasa,0.82
2017-08-26,13.58,23.0,21.47,25.02,nasa,0.83
2017-08-27,4.23,22.84,20.01,26.19,nasa,0.83
2017-08-28,0.88,23.9,19.92,28.46,nasa,0.82
2017-08-29,0.37,23.91,21.37,27.02,nasa,0.82
2017-08-30,0.47,24.07,20.52,27.95,nasa,0.81
2017-08-31,2.3,23.98,20.55,27.92,nasa,0.81
2017-09-01,8.01,24.4,21.2,28.87,nasa,0.81
2017-09-02,0.14,24.3,21.22,28.39,nasa,0.81
2017-09-03,1.97,24.55,21.42,28.02,nasa,0.8
2017-09-04,16.73,24.09,22.12,27.03,nasa,0.81
2017-09-05,12.14,24.72,21.42,29.06,nasa,0.83
2017-09-06,4.19,24.45,21.56,27.87,nasa,0.82
2017-09-07,15.71,24.33,22.17,26.95,nasa,0.83
2017-09-08,1.6,25.13,22.25,29.32,nasa,0.83
2017-09-09,0.38,25.41,21.14,30.81,nasa,0.82
2017-09-10,1.15,25.11,21.88,29.33,nasa,0.81
2017-09-11,1.16,25.68,21.65,30.82,nasa,0.81
2017-09-12,1.22,24.26,20.85,28.51,nasa,0.8
2017-09-13,2.41,24.33,21.55,27.57,nasa,0.8
2017-09-14,4.42,23.29,21.97,24.88,nasa,0.8
2017-09-15,5.52,23.77,21.24,27.91,nasa,0.81
2017-09-16,1.42,24.23,20.8,29.02,nasa,0.8
2017-09-17,0.29,23.93,21.26,28.18,nasa,0.8
2017-09-18,4.12,24.68,21.16,28.51,nasa,0.79
2017-09-19,5.74,24.76,22.07,28.08,nasa,0.8
2017-09-20,0.93,24.77,21.45,29.08,nasa,0.8
2017-09-21,14.18,24.08,21.73,27.52,nasa,0.8
2017-09-22,13.59,24.02,20.57,29.07,nasa,0.82
2017-09-23,2.15,23.46,21.52,26.33,nasa,0.82
2017-09-24,6.44,23.43,20.59,27.22,nasa,0.81
2017-09-25,3.03,23.44,20.61,26.66,nasa,0.81
2017-09-26,0.04,24.22,21.03,27.77,nasa,0.8
2017-09-27,1.93,24.65,21.86,28.02,nasa,0.8
2017-09-28,4.37,24.32,21.95,28.09,nasa,0.8
2017-09-29,3.09,24.34,21.8,28.37,nasa,0.8
2017-09-30,44.48,24.23,21.5,27.88,nasa,0.81
2017-10-01,9.24,23.87,21.38,27.65,nasa,0.85
2017-10-02,34.97,23.49,20.89,27.36,nasa,0.85
2017-10-03,25.94,22.57,20.69,25.52,nasa,0.88
2017-10-04,12.67,24.46,20.65,29.32,nasa,0.87
2017-10-05,6.43,24.29,21.52,28.8,nasa,0.87
2017-10-06,2.45,23.49,20.35,27.78,nasa,0.86
2017-10-07,2.33,23.86,20.53,28.36,nasa,0.85
2017-10-08,3.33,24.03,20.39,28.8,nasa,0.85
2017-10-09,2.76,24.01,21.13,28.14,nasa,0.85
2017-10-10,2.32,24.5,20.82,28.86,nasa,0.84
2017-10-11,8.09,24.18,21.54,27.86,nasa,0.85
2017-10-12,7.74,24.19,21.51,28.05,nasa,0.85
2017-10-13,10.7,23.52,21.56,26.41,nasa,0.85
2017-10-14,4.88,22.91,21.07,25.39,nasa,0.86
2017-10-15,3.72,23.39,20.98,26.85,nasa,0.86
2017-10-16,2.85,23.25,21.16,26.04,nasa,0.85
2017-10-17,9.16,22.04,20.44,24.62,nasa,0.86
2017-10-18,7.47,22.84,20.16,26.4,nasa,0.86
2017-10-19,9.98,22.9,20.59,25.79,nasa,0.86
2017-10-20,4.21,23.66,21.09,27.49,nasa,0.87
2017-10-21,0.97,23.82,19.56,28.89,nasa,0.86
2017-10-22,3.28,23.61,20.16,28.65,nasa,0.85
2017-10-23,8.56,23.14,20.14,28.1,nasa,0.85
2017-10-24,0.15,22.78,19.09,27.79,nasa,0.85
2017-10-25,2.37,22.46,19.07,26.94,nasa,0.84
2017-10-26,8.94,22.14,19.63,25.52,nasa,0.84
2017-10-27,0.66,22.05,19.09,26.47,nasa,0.84
2017-10-28,0.13,21.86,18.15,26.88,nasa,0.83
2017-10-29,0.01,21.66,18.9,26.0,nasa,0.83
2017-10-30,1.43,21.67,18.97,25.86,nasa,0.82
2017-10-31,15.92,22.43,19.58,26.09,nasa,0.82
2017-11-01,15.82,22.83,21.25,24.9,nasa,0.84
2017-11-02,5.39,22.08,18.3,26.64,nasa,0.85
2017-11-03,4.23,21.04,17.2,25.74,nasa,0.84
2017-11-04,61.4,20.97,18.92,22.86,nasa,0.87
2017-11-05,3.88,22.28,20.47,24.63,nasa,0.88
2017-11-06,3.25,23.33,20.46,27.39,nasa,0.87
2017-11-07,1.01,23.11,20.63,26.44,nasa,0.86
2017-11-08,1.37,22.68,20.23,26.39,nasa,0.86
2017-11-09,0.69,22.45,19.42,26.78,nasa,0.85
2017-11-10,1.04,22.74,19.7,27.07,nasa,0.85
2017-11-11,0.27,23.53,20.3,27.94,nasa,0.84
2017-11-12,0.0,23.32,20.52,27.47,nasa,0.84
2017-11-13,2.17,23.52,19.78,28.03,nasa,0.83
2017-11-14,3.08,22.98,20.55,27.23,nasa,0.83
2017-11-15,1.27,22.87,20.28,26.46,nasa,0.83
2017-11-16,0.01,23.76,20.93,27.88,nasa,0.83
2017-11-17,0.16,23.39,20.67,27.62,nasa,0.82
2017-11-18,0.99,22.67,19.28,26.83,nasa,0.82
2017-11-19,21.23,22.43,20.01,25.19,nasa,0.83
2017-11-20,1.62,23.2,20.05,28.05,nasa,0.83
2017-11-21,0.45,22.89,20.27,26.82,nasa,0.82
2017-11-22,0.3,23.2,20.0,27.1,nasa,0.82
2017-11-23,8.22,22.85,21.15,25.5,nasa,0.82
2017-11-24,4.53,22.74,20.44,26.71,nasa,0.82
2017-11-25,7.77,22.27,20.11,25.92,nasa,0.82
2017-11-26,0.62,22.89,20.68,26.47,nasa,0.82
2017-11-27,1.07,22.88,20.77,26.73,nasa,0.81
2017-11-28,2.54,22.0,20.32,24.77,nasa,0.81
2017-11-29,3.87,21.88,20.34,24.69,nasa,0.81
2017-11-30,0.13,22.16,19.93,25.85,nasa,0.81
2017-12-01,11.39,22.41,19.74,26.39,nasa,0.81
2017-12-02,13.54,22.18,20.29,25.01,nasa,0.82
2017-12-03,10.45,22.31,19.76,25.76,nasa,0.83
2017-12-04,4.6,22.88,20.93,26.47,nasa,0.83
2017-12-05,0.36,21.87,19.33,25.94,nasa,0.82
2017-12-06,0.04,21.63,18.91,26.28,nasa,0.81
2017-12-07,0.01,21.6,18.52,26.3,nasa,0.81
2017-12-08,0.01,20.09,17.07,24.52,nasa,0.8
2017-12-09,0.03,18.64,15.11,23.26,nasa,0.8
2017-12-10,0.0,18.96,14.64,24.86,nasa,0.79
2017-12-11,0.0,20.25,16.03,25.7,nasa,0.79
2017-12-12,0.0,21.03,17.07,26.25,nasa,0.78
2017-12-13,0.0,21.28,17.45,26.62,nasa,0.78
2017-12-14,0.02,21.17,17.18,26.18,nasa,0.78
2017-12-15,0.14,21.42,18.11,26.15,nasa,0.77
2017-12-16,0.27,20.66,18.67,24.57,nasa,0.77
2017-12-17,0.04,18.79,15.14,22.72,nasa,0.77
2017-12-18,0.0,16.2,13.32,20.46,nasa,0.76
2017-12-19,0.0,14.56,11.24,18.43,nasa,0.76
2017-12-20,0.01,14.95,11.16,19.31,nasa,0.76
2017-12-21,0.04,18.27,14.8,22.21,nasa,0.76
2017-12-22,0.05,20.8,18.24,24.93,nasa,0.76
2017-12-23,0.03,21.4,18.41,26.26,nasa,0.75
2017-12-24,0.09,20.27,17.53,24.44,nasa,0.75
2017-12-25,4.85,19.0,17.47,21.94,nasa,0.75
2017-12-26,10.1,20.4,17.51,24.87,nasa,0.76
2017-12-27,2.1,21.75,18.93,26.23,nasa,0.76
2017-12-28,1.37,22.42,19.51,26.96,nasa,0.76
2017-12-29,1.19,22.09,19.62,26.17,nasa,0.76
2017-12-30,0.16,21.25,18.34,25.6,nasa,0.75
2017-12-31,0.31,19.81,17.98,23.48,nasa,0.75
2018-01-01,0.1,19.59,17.06,23.73,nasa,0.74
2018-01-02,0.01,20.27,17.49,24.77,nasa,0.74
2018-01-03,0.28,21.11,17.6,26.28,nasa,0.74
2018-01-04,2.38,22.2,18.32,27.12,nasa,0.74
2018-01-05,0.96,23.18,19.69,27.99,nasa,0.73
2018-01-06,0.03,23.47,20.16,28.66,nasa,0.73
2018-01-07,0.0,23.34,18.86,28.29,nasa,0.73
2018-01-08,0.0,23.5,19.3,28.5,nasa,0.72
2018-01-09,0.04,21.73,16.95,26.97,nasa,0.72
2018-01-10,0.0,18.81,15.45,24.03,nasa,0.72
2018-01-11,0.0,17.85,15.12,22.34,nasa,0.72
2018-01-12,0.01,17.66,15.31,22.25,nasa,0.72
2018-01-13,0.14,18.22,15.44,22.72,nasa,0.71
2018-01-14,0.85,19.51,16.75,23.96,nasa,0.71
2018-01-15,0.11,20.13,17.48,24.29,nasa,0.71
2018-01-16,0.0,19.61,17.13,23.31,nasa,0.71
2018-01-17,0.0,19.34,15.77,24.76,nasa,0.71
2018-01-18,0.03,19.46,15.53,25.39,nasa,0.71
2018-01-19,0.32,20.46,16.04,26.02,nasa,0.7
2018-01-20,0.55,21.67,18.78,25.94,nasa,0.7
2018-01-21,0.0,22.12,18.87,27.06,nasa,0.7
2018-01-22,0.1,22.19,18.77,27.03,nasa,0.7
2018-01-23,0.32,22.3,19.34,27.36,nasa,0.69
2018-01-24,0.4,21.87,18.46,27.04,nasa,0.69
2018-01-25,0.02,21.27,18.02,25.69,nasa,0.69
2018-01-26,0.11,21.73,18.44,26.78,nasa,0.69
2018-01-27,1.8,21.87,18.26,26.67,nasa,0.68
2018-01-28,0.07,22.67,18.71,28.1,nasa,0.68
2018-01-29,0.0,21.98,18.03,27.24,nasa,0.68
2018-01-30,0.0,20.78,16.92,26.35,nasa,0.67
2018-01-31,0.0,20.86,17.19,26.34,nasa,0.67
2018-02-01,0.0,18.74,15.15,24.48,nasa,0.67
2018-02-02,0.0,18.68,14.46,24.72,nasa,0.67
2018-02-03,0.0,17.71,13.74,23.09,nasa,0.66
2018-02-04,0.0,16.74,12.76,22.87,nasa,0.66
2018-02-05,0.0,16.75,13.18,22.45,nasa,0.66
2018-02-06,0.0,15.26,11.55,20.85,nasa,0.66
2018-02-07,0.0,15.98,10.97,23.05,nasa,0.66
2018-02-08,0.0,16.9,11.68,23.52,nasa,0.65
2018-02-09,0.0,19.26,13.14,26.0,nasa,0.65
2018-02-10,0.0,20.56,15.95,26.85,nasa,0.65
2018-02-11,0.0,19.56,14.92,25.36,nasa,0.65
2018-02-12,0.0,19.53,16.14,24.7,nasa,0.64
2018-02-13,0.0,18.51,14.45,24.11,nasa,0.64
2018-02-14,0.0,19.43,12.87,27.47,nasa,0.64
2018-02-15,0.0,22.0,15.68,28.34,nasa,0.63
2018-02-16,0.0,22.18,16.65,28.8,nasa,0.63
2018-02-17,0.04,21.96,16.05,28.59,nasa,0.63
2018-02-18,1.03,22.64,18.72,28.39,nasa,0.62
2018-02-19,0.1,22.09,18.49,26.88,nasa,0.62
2018-02-20,0.2,21.4,16.89,27.89,nasa,0.62
2018-02-21,0.27,22.29,15.61,29.79,nasa,0.62
2018-02-22,0.11,22.83,18.2,29.04,nasa,0.61
2018-02-23,0.01,22.15,18.21,27.84,nasa,0.61
2018-02-24,0.0,22.2,18.22,28.41,nasa,0.61
2018-02-25,0.0,21.71,16.91,28.61,nasa,0.61
2018-02-26,0.0,21.3,17.07,27.33,nasa,0.6
2018-02-27,0.0,22.03,17.47,28.33,nasa,0.6
2018-02-28,0.01,23.04,17.52,29.62,nasa,0.6
2018-03-01,0.09,23.71,18.74,29.87,nasa,0.6
2018-03-02,0.0,23.76,20.48,28.55,nasa,0.6
2018-03-03,0.0,24.25,19.84,29.82,nasa,0.6
2018-03-04,0.0,24.9,19.33,31.44,nasa,0.59
2018-03-05,0.0,24.54,19.12,31.59,nasa,0.59
2018-03-06,0.08,23.74,17.65,31.11,nasa,0.58
2018-03-07,0.0,22.93,18.54,29.49,nasa,0.58
2018-03-08,0.0,22.78,17.36,30.1,nasa,0.58
2018-03-09,0.02,21.83,17.89,27.36,nasa,0.57
2018-03-10,0.01,21.13,17.13,27.37,nasa,0.57
2018-03-11,0.0,21.04,16.55,27.54,nasa,0.57
2018-03-12,0.0,21.75,16.63,28.97,nasa,0.57
2018-03-13,0.0,22.57,17.15,29.54,nasa,0.57
2018-03-14,0.06,23.58,18.17,29.75,nasa,0.56
2018-03-15,8.05,23.94,19.82,30.4,nasa,0.56
2018-03-16,12.66,23.32,20.41,27.94,nasa,0.59
2018-03-17,0.0,23.91,20.01,30.21,nasa,0.6
2018-03-18,0.0,23.73,18.57,30.85,nasa,0.59
2018-03-19,0.0,24.69,17.73,31.88,nasa,0.58
2018-03-20,0.02,25.53,20.64,31.72,nasa,0.57
2018-03-21,0.28,23.07,19.45,26.99,nasa,0.57
2018-03-22,0.03,21.63,17.04,27.95,nasa,0.57
2018-03-23,0.0,21.0,16.27,27.72,nasa,0.56
2018-03-24,0.0,22.22,17.57,29.4,nasa,0.56
2018-03-25,0.0,22.28,16.38,30.03,nasa,0.56
2018-03-26,0.0,21.62,15.72,29.03,nasa,0.55
2018-03-27,0.0,22.0,16.75,29.03,nasa,0.55
2018-03-28,0.0,22.63,16.92,29.79,nasa,0.55
2018-03-29,0.29,23.74,17.55,30.65,nasa,0.54
2018-03-30,1.14,23.42,19.24,30.2,nasa,0.54
2018-03-31,0.26,21.72,17.67,27.23,nasa,0.54
2018-04-01,0.0,22.0,17.12,29.0,nasa,0.54
2018-04-02,0.0,22.25,16.34,29.7,nasa,0.54
2018-04-03,0.0,22.83,16.12,30.83,nasa,0.54
2018-04-04,0.0,23.52,16.65,31.35,nasa,0.53
2018-04-05,0.05,24.47,18.56,31.46,nasa,0.53
2018-04-06,0.97,24.52,19.64,30.88,nasa,0.53
2018-04-07,1.53,22.96,19.04,28.95,nasa,0.53
2018-04-08,1.8,21.99,18.4,27.74,nasa,0.53
2018-04-09,0.02,23.36,17.72,30.48,nasa,0.53
2018-04-10,0.27,25.25,19.17,32.32,nasa,0.53
2018-04-11,0.0,26.54,20.28,34.16,nasa,0.53
2018-04-12,0.0,27.07,19.78,35.53,nasa,0.52
2018-04-13,0.0,27.22,20.23,35.63,nasa,0.52
2018-04-14,0.0,26.64,19.06,35.49,nasa,0.52
2018-04-15,0.0,26.25,19.13,34.62,nasa,0.51
2018-04-16,0.03,25.86,21.0,32.53,nasa,0.51
2018-04-17,0.0,25.85,20.42,32.68,nasa,0.51
2018-04-18,0.82,25.85,20.37,33.14,nasa,0.51
2018-04-19,0.98,25.59,19.71,33.03,nasa,0.51
2018-04-20,0.09,25.82,19.73,33.71,nasa,0.51
2018-04-21,0.0,25.94,18.54,34.36,nasa,0.51
2018-04-22,0.0,26.89,19.55,34.68,nasa,0.5
2018-04-23,0.88,27.4,22.27,33.89,nasa,0.5
2018-04-24,16.4,25.79,22.11,31.61,nasa,0.52
2018-04-25,0.33,26.72,21.81,32.97,nasa,0.53
2018-04-26,1.49,24.84,21.4,28.88,nasa,0.53
2018-04-27,0.14,25.82,21.24,32.29,nasa,0.53
2018-04-28,0.12,25.87,20.83,32.42,nasa,0.52
2018-04-29,12.09,25.03,21.2,29.84,nasa,0.52
2018-04-30,40.28,25.08,21.77,30.09,nasa,0.58
2018-05-01,0.14,25.31,21.13,30.7,nasa,0.61
2018-05-02,0.06,25.42,20.82,30.84,nasa,0.59
2018-05-03,3.28,25.15,21.27,30.78,nasa,0.58
2018-05-04,8.0,23.74,20.43,28.49,nasa,0.58
2018-05-05,2.85,24.83,20.84,29.96,nasa,0.58
2018-05-06,4.67,25.0,21.57,29.53,nasa,0.58
2018-05-07,0.45,25.55,21.31,31.16,nasa,0.57
2018-05-08,9.3,25.62,21.53,31.54,nasa,0.57
2018-05-09,13.28,25.04,21.53,28.96,nasa,0.59
2018-05-10,3.75,25.06,22.07,28.97,nasa,0.6
2018-05-11,0.0,24.6,20.92,29.87,nasa,0.59
2018-05-12,0.15,24.75,20.21,30.77,nasa,0.58
2018-05-13,1.11,24.72,20.87,30.18,nasa,0.57
2018-05-14,1.5,25.85,20.6,32.75,nasa,0.56
2018-05-15,27.75,25.83,20.27,32.37,nasa,0.57
2018-05-16,22.07,25.55,21.69,30.5,nasa,0.62
2018-05-17,4.72,25.01,21.52,29.95,nasa,0.63
2018-05-18,3.93,25.5,21.63,29.85,nasa,0.62
2018-05-19,5.83,25.49,21.95,30.0,nasa,0.61
2018-05-20,3.0,25.32,21.33,30.42,nasa,0.61
2018-05-21,1.42,25.79,21.68,30.93,nasa,0.6
2018-05-22,13.31,24.63,22.22,28.27,nasa,0.6
2018-05-23,5.14,24.59,20.82,30.15,nasa,0.6
2018-05-24,8.13,24.28,20.09,29.15,nasa,0.6
2018-05-25,5.13,25.38,21.21,30.43,nasa,0.61
2018-05-26,10.54,25.63,21.58,30.22,nasa,0.61
2018-05-27,5.59,25.67,21.41,30.77,nasa,0.61
2018-05-28,2.88,25.82,21.54,31.27,nasa,0.6
2018-05-29,1.34,25.61,20.94,31.25,nasa,0.59
2018-05-30,0.03,25.85,21.34,30.95,nasa,0.58
2018-05-31,1.86,25.79,22.15,30.27,nasa,0.57
2018-06-01,7.52,24.88,21.42,29.46,nasa,0.58
2018-06-02,31.81,24.01,20.54,28.28,nasa,0.6
2018-06-03,27.9,22.49,21.09,24.68,nasa,0.66
2018-06-04,11.4,22.98,20.25,27.05,nasa,0.67
2018-06-05,4.16,23.46,21.0,27.16,nasa,0.67
2018-06-06,2.23,24.67,21.21,29.42,nasa,0.65
2018-06-07,14.62,23.62,21.79,26.71,nasa,0.64
2018-06-08,13.33,23.03,20.48,26.89,nasa,0.65
2018-06-09,15.45,23.0,20.31,26.84,nasa,0.67
2018-06-10,8.03,23.69,21.65,26.81,nasa,0.66
2018-06-11,12.25,22.97,20.34,26.19,nasa,0.66
2018-06-12,1.61,22.49,19.56,26.6,nasa,0.66
2018-06-13,0.42,23.18,20.06,27.19,nasa,0.64
2018-06-14,0.17,22.89,21.21,25.75,nasa,0.63
2018-06-15,4.64,23.02,20.71,26.45,nasa,0.62
2018-06-16,5.5,23.17,20.28,26.85,nasa,0.62
2018-06-17,9.65,23.29,21.48,25.71,nasa,0.62
2018-06-18,9.5,23.77,21.19,27.37,nasa,0.64
2018-06-19,2.9,24.07,21.33,28.66,nasa,0.63
2018-06-20,2.89,24.46,21.09,29.39,nasa,0.63
2018-06-21,1.42,24.16,21.16,28.11,nasa,0.62
2018-06-22,5.56,24.35,21.28,27.76,nasa,0.62
2018-06-23,29.54,23.65,21.71,26.3,nasa,0.65
2018-06-24,14.37,23.49,20.38,27.24,nasa,0.68
2018-06-25,4.99,23.38,20.75,26.91,nasa,0.68
2018-06-26,12.03,23.9,20.06,28.17,nasa,0.68
2018-06-27,2.04,23.53,20.91,27.21,nasa,0.68
2018-06-28,0.32,24.3,20.19,29.15,nasa,0.66
2018-06-29,6.99,24.23,21.7,28.25,nasa,0.65
2018-06-30,44.95,24.13,21.25,27.86,nasa,0.7
2018-07-01,39.05,23.56,21.53,26.54,nasa,0.74
2018-07-02,4.77,23.34,21.51,26.1,nasa,0.76
2018-07-03,0.62,24.3,21.16,28.71,nasa,0.73
2018-07-04,3.06,23.81,21.55,26.64,nasa,0.71
2018-07-05,1.6,23.67,20.97,27.49,nasa,0.69
2018-07-06,3.95,23.7,20.71,27.14,nasa,0.68
2018-07-07,18.6,23.57,21.08,27.16,nasa,0.68
2018-07-08,8.61,22.67,20.32,25.71,nasa,0.7
2018-07-09,28.33,23.23,19.5,27.33,nasa,0.72
2018-07-10,13.44,23.04,20.59,27.2,nasa,0.74
2018-07-11,15.09,22.46,20.63,25.59,nasa,0.74
2018-07-12,4.92,23.28,20.47,26.57,nasa,0.73
2018-07-13,13.43,23.32,20.52,26.95,nasa,0.72
2018-07-14,30.4,23.07,20.26,26.72,nasa,0.74
2018-07-15,24.46,21.62,19.88,24.09,nasa,0.77
2018-07-16,24.66,22.51,19.89,25.86,nasa,0.78
2018-07-17,15.03,22.54,20.35,25.51,nasa,0.78
2018-07-18,6.15,23.63,21.23,26.73,nasa,0.77
2018-07-19,6.9,23.86,21.71,27.16,nasa,0.75
2018-07-20,5.8,23.69,21.19,26.83,nasa,0.74
2018-07-21,4.17,23.7,21.95,26.19,nasa,0.73
2018-07-22,7.43,23.61,21.81,26.31,nasa,0.73
2018-07-23,8.44,23.42,21.58,26.21,nasa,0.73
2018-07-24,7.36,23.23,21.36,26.46,nasa,0.73
2018-07-25,6.45,23.64,21.52,27.27,nasa,0.73
2018-07-26,5.27,24.14,21.49,28.04,nasa,0.73
2018-07-27,8.44,23.67,21.49,26.92,nasa,0.73
2018-07-28,4.74,23.2,20.72,26.64,nasa,0.73
2018-07-29,1.07,23.68,20.36,27.32,nasa,0.72
2018-07-30,1.1,24.03,21.18,27.74,nasa,0.72
2018-07-31,0.83,23.98,21.27,27.96,nasa,0.71
2018-08-01,0.12,24.28,21.07,28.4,nasa,0.71
2018-08-02,2.11,23.74,21.17,27.37,nasa,0.7
2018-08-03,14.24,22.73,20.95,24.95,nasa,0.7
2018-08-04,17.27,23.02,20.52,26.95,nasa,0.74
2018-08-05,26.22,22.53,20.28,25.36,nasa,0.75
2018-08-06,26.1,22.24,20.78,24.21,nasa,0.78
2018-08-07,19.04,22.69,21.06,26.04,nasa,0.8
2018-08-08,9.88,23.05,20.7,26.48,nasa,0.79
2018-08-09,29.56,22.2,20.29,24.69,nasa,0.8
2018-08-10,16.16,22.93,19.73,26.66,nasa,0.81
2018-08-11,6.63,22.6,20.62,25.66,nasa,0.79
2018-08-12,4.03,23.58,20.75,27.42,nasa,0.78
2018-08-13,6.68,22.77,20.28,26.21,nasa,0.77
2018-08-14,17.86,22.14,20.7,24.94,nasa,0.78
2018-08-15,9.12,22.74,20.18,25.98,nasa,0.78
2018-08-16,9.19,22.85,20.35,26.24,nasa,0.78
2018-08-17,15.11,23.64,20.77,27.6,nasa,0.78
2018-08-18,7.11,23.53,21.18,27.12,nasa,0.79
2018-08-19,6.23,23.19,21.14,27.12,nasa,0.78
2018-08-20,7.79,23.32,20.37,27.53,nasa,0.78
2018-08-21,6.21,23.79,21.19,27.58,nasa,0.78
2018-08-22,12.33,23.9,21.17,27.89,nasa,0.78
2018-08-23,11.94,23.77,21.26,27.4,nasa,0.79
2018-08-24,3.34,22.91,20.45,26.04,nasa,0.79
2018-08-25,1.43,23.39,20.91,26.72,nasa,0.78
2018-08-26,12.53,22.38,20.61,24.51,nasa,0.78
2018-08-27,15.36,22.63,20.9,25.83,nasa,0.8
2018-08-28,3.32,23.09,20.17,26.91,nasa,0.79
2018-08-29,3.36,23.41,20.79,27.26,nasa,0.79
2018-08-30,1.21,23.74,20.72,27.72,nasa,0.78
2018-08-31,0.32,24.28,20.63,28.57,nasa,0.77
2018-09-01,1.92,23.53,21.34,27.02,nasa,0.77
2018-09-02,2.47,24.08,20.57,28.07,nasa,0.77
2018-09-03,8.91,23.26,20.99,26.31,nasa,0.77
2018-09-04,16.48,22.71,20.02,26.48,nasa,0.78
2018-09-05,0.35,23.36,19.97,27.73,nasa,0.79
2018-09-06,4.68,23.99,20.56,28.22,nasa,0.78
2018-09-07,4.5,24.26,21.6,27.76,nasa,0.78
2018-09-08,15.47,23.28,20.59,26.93,nasa,0.78
2018-09-09,20.98,24.11,19.4,29.66,nasa,0.81
2018-09-10,6.42,23.61,21.26,27.45,nasa,0.8
2018-09-11,12.43,23.7,21.08,27.18,nasa,0.81
2018-09-12,13.94,22.94,21.11,25.76,nasa,0.81
2018-09-13,10.9,23.05,19.87,26.76,nasa,0.82
2018-09-14,20.23,23.33,21.1,26.46,nasa,0.83
2018-09-15,7.73,23.12,20.69,26.56,nasa,0.83
2018-09-16,18.34,23.66,20.87,27.63,nasa,0.83
2018-09-17,12.07,23.26,20.84,26.96,nasa,0.84
2018-09-18,11.45,22.63,20.53,25.5,nasa,0.84
2018-09-19,13.12,23.76,20.05,28.75,nasa,0.85
2018-09-20,1.64,23.52,20.26,28.03,nasa,0.84
2018-09-21,10.29,23.43,20.06,27.56,nasa,0.84
2018-09-22,34.46,23.35,20.98,26.72,nasa,0.85
2018-09-23,33.61,23.21,19.92,27.31,nasa,0.89
2018-09-24,16.73,23.16,21.19,26.14,nasa,0.9
2018-09-25,3.35,23.86,20.87,28.33,nasa,0.89
2018-09-26,3.15,24.8,20.01,30.0,nasa,0.88
2018-09-27,18.31,25.09,21.43,29.83,nasa,0.88
2018-09-28,2.7,24.49,20.99,29.63,nasa,0.88
2018-09-29,0.87,24.49,20.16,29.82,nasa,0.87
2018-09-30,1.25,24.65,20.51,29.77,nasa,0.86
2018-10-01,6.92,23.37,21.28,26.09,nasa,0.86
2018-10-02,5.96,23.22,20.6,27.37,nasa,0.86
2018-10-03,4.16,22.56,19.65,26.32,nasa,0.86
2018-10-04,11.06,22.63,19.45,25.81,nasa,0.86
2018-10-05,28.16,22.81,20.29,27.38,nasa,0.89
2018-10-06,0.0,22.9,18.98,28.43,nasa,0.88
2018-10-07,0.0,22.11,18.26,27.83,nasa,0.86
2018-10-08,0.0,21.59,17.3,27.61,nasa,0.85
2018-10-09,0.07,22.38,16.92,28.47,nasa,0.84
2018-10-10,0.49,22.97,19.02,28.45,nasa,0.84
2018-10-11,0.98,22.82,19.44,27.8,nasa,0.83
2018-10-12,0.02,23.1,19.78,28.09,nasa,0.82
2018-10-13,0.0,23.36,19.11,28.84,nasa,0.81
2018-10-14,0.0,23.59,19.71,28.89,nasa,0.81
2018-10-15,0.01,23.02,19.22,27.94,nasa,0.8
2018-10-16,0.15,23.53,19.46,28.88,nasa,0.8
2018-10-17,3.37,23.89,19.76,28.8,nasa,0.8
2018-10-18,8.68,22.95,20.57,27.61,nasa,0.8
2018-10-19,16.05,22.23,18.88,26.14,nasa,0.82
2018-10-20,5.28,22.92,20.83,25.89,nasa,0.82
2018-10-21,0.97,23.49,19.86,28.82,nasa,0.81
2018-10-22,3.1,22.29,19.04,26.16,nasa,0.81
2018-10-23,5.23,22.46,19.43,26.9,nasa,0.81
2018-10-24,8.35,23.1,20.35,27.78,nasa,0.81
2018-10-25,0.02,23.25,19.8,28.45,nasa,0.81
2018-10-26,0.13,22.48,18.95,27.35,nasa,0.8
2018-10-27,1.04,23.2,19.73,28.37,nasa,0.79
2018-10-28,0.33,23.3,20.38,27.91,nasa,0.79
2018-10-29,0.0,22.46,18.46,27.16,nasa,0.78
2018-10-30,0.0,20.33,16.27,25.42,nasa,0.77
2018-10-31,0.0,19.97,15.78,25.57,nasa,0.77
2018-11-01,0.0,20.42,15.62,26.62,nasa,0.77
2018-11-02,0.01,20.75,15.97,26.44,nasa,0.76
2018-11-03,0.49,22.58,18.4,28.08,nasa,0.76
2018-11-04,0.25,23.13,19.72,28.06,nasa,0.76
2018-11-05,0.04,22.69,18.83,27.99,nasa,0.75
2018-11-06,1.39,22.89,19.81,27.67,nasa,0.75
2018-11-07,36.52,22.56,20.13,26.49,nasa,0.78
2018-11-08,8.63,22.38,20.44,26.23,nasa,0.79
2018-11-09,1.11,22.54,20.02,26.79,nasa,0.78
2018-11-10,0.14,22.5,19.19,27.21,nasa,0.77
2018-11-11,0.71,22.83,19.56,27.79,nasa,0.76
2018-11-12,0.0,22.81,19.37,27.83,nasa,0.76
2018-11-13,0.0,22.3,18.21,27.51,nasa,0.75
2018-11-14,0.0,22.54,18.71,27.8,nasa,0.75
2018-11-15,0.0,22.77,18.44,27.97,nasa,0.74
2018-11-16,0.09,23.5,20.36,28.56,nasa,0.74
2018-11-17,7.03,22.25,18.12,27.19,nasa,0.74
2018-11-18,70.28,20.8,18.81,23.6,nasa,0.79
2018-11-19,1.35,22.19,19.17,26.73,nasa,0.8
2018-11-20,0.01,21.87,18.15,27.25,nasa,0.78
2018-11-21,0.04,21.5,16.79,27.27,nasa,0.77
2018-11-22,1.36,22.06,18.02,26.92,nasa,0.76
2018-11-23,7.15,22.21,19.96,26.13,nasa,0.76
2018-11-24,13.69,21.76,20.67,23.9,nasa,0.77
2018-11-25,22.5,21.67,19.73,24.73,nasa,0.79
2018-11-26,12.2,21.65,19.63,25.32,nasa,0.8
2018-11-27,1.0,22.74,18.68,27.97,nasa,0.79
2018-11-28,0.0,22.98,19.55,27.84,nasa,0.78
2018-11-29,0.02,22.24,19.21,26.85,nasa,0.77
2018-11-30,0.17,22.28,19.33,26.89,nasa,0.77
2018-12-01,0.64,22.84,19.17,27.77,nasa,0.76
2018-12-02,0.36,22.66,19.82,27.28,nasa,0.76
2018-12-03,0.07,22.7,19.27,27.45,nasa,0.75
2018-12-04,0.22,22.59,19.82,26.56,nasa,0.75
2018-12-05,0.0,22.1,18.65,27.02,nasa,0.75
2018-12-06,0.25,22.79,18.82,27.86,nasa,0.74
2018-12-07,1.7,22.66,20.4,25.88,nasa,0.74
2018-12-08,0.6,22.69,19.89,26.92,nasa,0.74
2018-12-09,1.96,22.76,20.09,27.16,nasa,0.74
2018-12-10,0.29,22.68,19.6,27.07,nasa,0.74
2018-12-11,0.13,23.08,20.22,27.84,nasa,0.73
2018-12-12,1.33,22.53,19.83,27.1,nasa,0.73
2018-12-13,2.77,22.01,19.2,26.4,nasa,0.73
2018-12-14,5.24,22.14,19.43,26.11,nasa,0.73
2018-12-15,4.13,22.76,20.78,26.29,nasa,0.73
2018-12-16,7.47,22.21,20.29,25.99,nasa,0.74
2018-12-17,0.64,22.06,19.63,26.22,nasa,0.74
2018-12-18,0.03,21.51,18.94,25.8,nasa,0.73
2018-12-19,0.0,21.99,18.01,27.38,nasa,0.73
2018-12-20,0.0,22.21,18.06,27.55,nasa,0.72
2018-12-21,0.0,21.67,17.5,27.14,nasa,0.72
2018-12-22,0.01,20.97,16.78,26.03,nasa,0.71
2018-12-23,1.18,21.58,18.85,25.75,nasa,0.71
2018-12-24,1.68,21.95,19.74,25.78,nasa,0.71
2018-12-25,0.69,22.63,19.51,27.37,nasa,0.71
2018-12-26,1.72,22.73,19.43,27.46,nasa,0.71
2018-12-27,13.11,21.81,20.07,24.48,nasa,0.72
2018-12-28,10.66,21.12,19.85,23.82,nasa,0.74
2018-12-29,15.73,21.51,19.39,24.81,nasa,0.75
2018-12-30,1.21,21.18,19.12,24.63,nasa,0.75
2018-12-31,2.27,19.83,17.22,23.7,nasa,0.74
2019-01-01,8.4,19.36,17.45,22.12,nasa,0.74
2019-01-02,8.13,18.87,17.17,21.51,nasa,0.75
2019-01-03,1.14,21.45,17.62,25.81,nasa,0.75
2019-01-04,1.13,22.11,19.5,26.34,nasa,0.74
2019-01-05,0.18,22.44,20.05,26.78,nasa,0.73
2019-01-06,0.55,22.26,18.73,26.94,nasa,0.73
2019-01-07,0.07,21.19,18.25,25.82,nasa,0.72
2019-01-08,0.35,21.42,18.3,26.29,nasa,0.72
2019-01-09,0.74,21.51,18.02,26.53,nasa,0.72
2019-01-10,1.39,21.15,18.34,25.75,nasa,0.71
2019-01-11,4.33,21.16,18.17,25.85,nasa,0.71
2019-01-12,0.49,21.35,18.58,26.21,nasa,0.71
2019-01-13,0.0,20.57,16.93,25.8,nasa,0.71
2019-01-14,0.0,19.81,16.4,25.13,nasa,0.71
2019-01-15,0.33,20.77,16.45,26.41,nasa,0.7
2019-01-16,1.75,21.39,18.66,26.04,nasa,0.7
2019-01-17,4.58,21.01,18.68,25.44,nasa,0.7
2019-01-18,1.11,20.64,18.06,25.03,nasa,0.7
2019-01-19,0.01,21.02,17.66,26.0,nasa,0.7
2019-01-20,0.0,21.27,17.56,26.71,nasa,0.69
2019-01-21,0.35,20.76,17.35,25.6,nasa,0.69
2019-01-22,1.17,20.11,16.92,25.01,nasa,0.69
2019-01-23,0.0,18.48,14.44,23.64,nasa,0.68
2019-01-24,0.0,17.64,13.61,23.66,nasa,0.68
2019-01-25,0.01,17.8,12.96,24.23,nasa,0.68
2019-01-26,0.22,19.08,14.9,24.5,nasa,0.67
2019-01-27,0.06,18.68,14.83,23.25,nasa,0.67
2019-01-28,0.06,19.28,13.88,25.88,nasa,0.67
2019-01-29,0.25,20.38,16.09,26.52,nasa,0.67
2019-01-30,0.0,20.16,16.23,25.79,nasa,0.66
2019-01-31,0.0,19.6,14.57,26.07,nasa,0.66
2019-02-01,0.0,19.41,15.16,25.5,nasa,0.66
2019-02-02,0.0,20.56,15.43,27.09,nasa,0.65
2019-02-03,0.0,21.88,16.47,28.29,nasa,0.65
2019-02-04,0.0,21.9,17.49,27.85,nasa,0.65
2019-02-05,0.0,21.53,16.52,28.01,nasa,0.64
2019-02-06,0.0,22.06,16.83,28.77,nasa,0.64
2019-02-07,0.0,22.17,16.56,29.32,nasa,0.64
2019-02-08,0.0,22.55,17.58,29.89,nasa,0.63
2019-02-09,0.0,21.76,16.49,29.22,nasa,0.63
2019-02-10,0.0,20.53,15.17,27.78,nasa,0.62
2019-02-11,0.15,21.1,15.99,27.44,nasa,0.62
2019-02-12,0.54,21.5,17.76,26.96,nasa,0.62
2019-02-13,0.0,20.6,16.19,26.94,nasa,0.62
2019-02-14,0.02,20.51,16.29,26.89,nasa,0.62
2019-02-15,0.0,20.64,15.63,27.03,nasa,0.61
2019-02-16,0.0,21.88,16.53,28.52,nasa,0.61
2019-02-17,0.0,22.51,17.03,29.11,nasa,0.61
2019-02-18,0.0,23.26,18.07,29.47,nasa,0.61
2019-02-19,0.0,23.49,18.48,29.81,nasa,0.6
2019-02-20,0.0,23.07,18.1,29.61,nasa,0.6
2019-02-21,0.0,23.11,17.71,30.01,nasa,0.6
2019-02-22,0.0,22.55,17.28,29.58,nasa,0.6
2019-02-23,0.0,22.0,16.55,29.3,nasa,0.59
2019-02-24,0.0,22.24,16.28,29.76,nasa,0.59
2019-02-25,0.01,21.78,16.5,28.64,nasa,0.59
2019-02-26,0.01,21.52,17.14,27.64,nasa,0.58
2019-02-27,0.0,21.49,16.62,28.32,nasa,0.58
2019-02-28,0.0,21.48,15.26,29.09,nasa,0.58
2019-03-01,0.0,21.62,16.85,28.76,nasa,0.58
2019-03-02,0.0,21.33,15.0,29.39,nasa,0.57
2019-03-03,0.0,22.62,15.57,30.74,nasa,0.57
2019-03-04,0.0,23.39,17.99,30.61,nasa,0.57
2019-03-05,0.0,24.36,17.6,31.86,nasa,0.57
2019-03-06,0.0,25.21,19.99,32.16,nasa,0.56
2019-03-07,0.0,25.36,20.32,32.43,nasa,0.56
2019-03-08,0.0,25.05,20.68,31.35,nasa,0.56
2019-03-09,0.0,25.33,20.04,31.58,nasa,0.56
2019-03-10,0.11,25.28,21.5,31.21,nasa,0.56
2019-03-11,1.46,25.77,21.74,31.72,nasa,0.55
2019-03-12,0.02,25.46,20.56,31.56,nasa,0.55
2019-03-13,0.05,24.86,20.54,30.79,nasa,0.55
2019-03-14,0.01,23.96,18.47,31.03,nasa,0.55
2019-03-15,0.0,23.46,18.64,29.9,nasa,0.55
2019-03-16,0.0,23.5,18.51,29.71,nasa,0.55
2019-03-17,0.0,23.91,19.57,30.21,nasa,0.54
2019-03-18,0.0,23.53,17.97,30.8,nasa,0.54
2019-03-19,0.0,24.08,17.74,31.81,nasa,0.54
2019-03-20,0.0,24.83,18.39,32.24,nasa,0.54
2019-03-21,0.03,25.92,19.82,33.27,nasa,0.54
2019-03-22,0.96,25.63,20.84,31.71,nasa,0.53
2019-03-23,0.46,25.72,20.6,32.71,nasa,0.53
2019-03-24,2.09,24.82,21.04,31.13,nasa,0.53
2019-03-25,0.05,24.03,20.24,29.49,nasa,0.53
2019-03-26,0.29,23.69,19.01,29.97,nasa,0.53
2019-03-27,0.0,24.32,18.39,31.71,nasa,0.53
2019-03-28,0.01,25.46,18.4,32.78,nasa,0.53
2019-03-29,1.2,26.49,21.09,33.04,nasa,0.53
2019-03-30,9.07,26.16,21.93,32.46,nasa,0.53
2019-03-31,0.77,24.87,20.35,31.19,nasa,0.54
2019-04-01,0.01,25.01,20.55,31.5,nasa,0.54
2019-04-02,0.03,24.76,18.55,31.9,nasa,0.53
2019-04-03,0.44,25.15,19.64,31.79,nasa,0.53
2019-04-04,0.94,25.04,20.33,31.37,nasa,0.53
2019-04-05,0.0,25.64,20.64,32.63,nasa,0.52
2019-04-06,0.0,25.2,18.68,33.52,nasa,0.52
2019-04-07,0.0,26.29,18.6,34.68,nasa,0.52
2019-04-08,0.1,27.1,20.92,34.48,nasa,0.51
2019-04-09,0.16,26.98,21.08,34.97,nasa,0.51
2019-04-10,0.0,26.39,19.1,34.89,nasa,0.51
2019-04-11,0.34,27.35,20.12,35.34,nasa,0.51
2019-04-12,18.67,27.01,22.1,34.04,nasa,0.52
2019-04-13,16.3,25.26,21.9,30.38,nasa,0.56
2019-04-14,9.17,25.68,21.71,31.04,nasa,0.57
2019-04-15,0.46,25.84,22.84,30.52,nasa,0.58
2019-04-16,2.06,26.8,22.91,32.09,nasa,0.57
2019-04-17,1.04,26.49,22.37,32.03,nasa,0.56
2019-04-18,0.04,26.23,22.96,30.67,nasa,0.56
2019-04-19,0.0,26.12,23.11,30.36,nasa,0.55
2019-04-20,0.68,27.32,21.72,33.54,nasa,0.55
2019-04-21,1.23,27.7,21.92,34.49,nasa,0.54
2019-04-22,0.0,27.85,22.7,34.9,nasa,0.54
2019-04-23,0.0,26.77,20.33,34.42,nasa,0.53
2019-04-24,0.0,27.05,20.43,35.29,nasa,0.52
2019-04-25,0.0,26.93,20.0,35.01,nasa,0.52
2019-04-26,0.0,27.57,21.24,35.12,nasa,0.51
2019-04-27,0.21,26.84,21.22,33.1,nasa,0.51
2019-04-28,1.55,25.65,22.42,30.32,nasa,0.51
2019-04-29,0.03,27.35,21.02,34.23,nasa,0.51
2019-04-30,0.07,28.11,22.31,34.77,nasa,0.5
2019-05-01,0.48,27.47,23.31,32.51,nasa,0.5
2019-05-02,5.66,26.37,23.3,30.3,nasa,0.5
2019-05-03,0.76,26.22,22.67,30.53,nasa,0.51
2019-05-04,6.23,27.05,22.91,33.42,nasa,0.52
2019-05-05,1.81,26.4,21.24,32.29,nasa,0.52
2019-05-06,0.29,26.5,23.92,31.33,nasa,0.52
2019-05-07,2.46,27.12,22.77,32.46,nasa,0.52
2019-05-08,10.2,25.36,23.11,29.13,nasa,0.53
2019-05-09,4.95,24.37,22.48,27.43,nasa,0.54
2019-05-10,5.99,24.61,21.4,29.57,nasa,0.55
2019-05-11,5.56,25.45,21.28,31.38,nasa,0.55
2019-05-12,9.18,25.09,21.57,29.73,nasa,0.55
2019-05-13,0.0,25.96,21.14,31.78,nasa,0.56
2019-05-14,0.44,26.32,21.32,32.68,nasa,0.55
2019-05-15,9.13,26.88,21.95,33.46,nasa,0.54
2019-05-16,20.4,26.12,22.16,31.41,nasa,0.57
2019-05-17,0.43,25.51,23.11,29.61,nasa,0.58
2019-05-18,0.0,26.36,23.18,31.68,nasa,0.57
2019-05-19,0.36,26.26,23.03,30.78,nasa,0.56
2019-05-20,2.92,25.86,22.2,30.84,nasa,0.55
2019-05-21,2.3,25.79,22.72,29.73,nasa,0.55
2019-05-22,8.07,23.91,22.25,26.39,nasa,0.56
2019-05-23,16.5,25.02,21.36,30.06,nasa,0.56
2019-05-24,13.35,24.87,22.02,29.17,nasa,0.6
2019-05-25,8.38,24.86,21.92,29.45,nasa,0.6
2019-05-26,15.78,24.3,22.12,27.59,nasa,0.61
2019-05-27,0.73,24.46,21.6,29.05,nasa,0.61
2019-05-28,0.3,25.32,21.73,30.06,nasa,0.6
2019-05-29,7.53,23.89,22.23,26.1,nasa,0.59
2019-05-30,73.93,24.85,21.05,29.59,nasa,0.64
2019-05-31,9.93,25.81,21.08,31.93,nasa,0.71
2019-06-01,3.75,24.88,21.86,30.24,nasa,0.68
2019-06-02,5.99,24.88,20.45,29.71,nasa,0.66
2019-06-03,1.24,25.24,22.17,29.16,nasa,0.65
2019-06-04,7.38,25.06,22.35,28.49,nasa,0.65
2019-06-05,0.22,25.27,22.38,29.28,nasa,0.63
2019-06-06,7.74,24.03,21.01,27.84,nasa,0.62
2019-06-07,40.52,25.11,20.18,30.94,nasa,0.65
2019-06-08,0.24,25.26,21.68,29.96,nasa,0.67
2019-06-09,0.39,24.92,21.8,29.01,nasa,0.65
2019-06-10,0.92,24.85,21.98,28.47,nasa,0.63
2019-06-11,2.38,25.22,22.48,29.28,nasa,0.62
2019-06-12,7.47,25.01,22.24,28.86,nasa,0.62
2019-06-13,0.2,24.21,22.16,27.42,nasa,0.61
2019-06-14,0.54,23.7,22.35,26.3,nasa,0.61
2019-06-15,4.47,24.99,22.12,29.41,nasa,0.6
2019-06-16,19.53,24.83,22.83,28.28,nasa,0.61
2019-06-17,53.25,24.11,21.42,27.31,nasa,0.67
2019-06-18,8.75,24.02,21.18,27.73,nasa,0.71
2019-06-19,3.25,24.82,21.78,28.33,nasa,0.7
2019-06-20,0.92,24.64,22.57,27.63,nasa,0.68
2019-06-21,17.27,25.15,21.61,28.61,nasa,0.68
2019-06-22,4.21,25.77,22.91,29.57,nasa,0.68
2019-06-23,4.51,25.36,21.63,30.08,nasa,0.67
2019-06-24,1.0,24.73,21.56,28.66,nasa,0.66
2019-06-25,4.17,24.01,22.15,26.49,nasa,0.65
2019-06-26,1.96,24.87,22.18,29.06,nasa,0.64
2019-06-27,3.16,23.98,21.46,27.49,nasa,0.64
2019-06-28,14.0,23.86,21.22,27.32,nasa,0.64
2019-06-29,4.28,23.42,20.86,26.84,nasa,0.65
2019-06-30,13.77,23.84,21.28,27.53,nasa,0.65
2019-07-01,16.9,23.14,20.53,26.78,nasa,0.66
2019-07-02,30.89,21.06,18.81,23.65,nasa,0.7
2019-07-03,6.15,21.44,19.64,24.54,nasa,0.71
2019-07-04,3.97,22.75,19.59,26.88,nasa,0.69
2019-07-05,10.89,23.13,18.92,27.48,nasa,0.68
2019-07-06,1.42,24.25,21.66,28.11,nasa,0.68
2019-07-07,1.06,24.23,21.3,27.97,nasa,0.67
2019-07-08,0.52,22.99,20.99,25.45,nasa,0.66
2019-07-09,3.04,23.25,21.08,26.16,nasa,0.65
2019-07-10,0.12,24.13,21.56,28.04,nasa,0.65
2019-07-11,0.01,23.31,21.14,26.0,nasa,0.64
2019-07-12,1.01,24.04,20.11,28.44,nasa,0.64
2019-07-13,0.46,23.97,21.47,28.25,nasa,0.63
2019-07-14,1.9,23.97,21.55,27.47,nasa,0.63
2019-07-15,1.22,24.03,20.91,27.97,nasa,0.62
2019-07-16,18.91,23.6,21.3,27.41,nasa,0.63
2019-07-17,4.59,23.44,21.13,26.63,nasa,0.65
2019-07-18,0.14,23.66,20.7,26.95,nasa,0.65
2019-07-19,4.19,24.45,21.44,28.64,nasa,0.64
2019-07-20,5.58,24.47,21.78,27.99,nasa,0.65
2019-07-21,1.04,24.83,22.14,28.68,nasa,0.64
2019-07-22,4.7,23.96,22.03,27.25,nasa,0.64
2019-07-23,4.5,23.9,21.39,28.02,nasa,0.65
2019-07-24,9.98,23.69,21.02,27.75,nasa,0.65
2019-07-25,7.0,22.78,21.01,25.5,nasa,0.66
2019-07-26,11.96,23.0,20.39,26.3,nasa,0.67
2019-07-27,12.78,23.45,20.64,27.1,nasa,0.68
2019-07-28,4.45,22.36,19.85,25.75,nasa,0.68
2019-07-29,3.89,22.08,19.84,24.92,nasa,0.68
2019-07-30,8.68,22.96,19.99,26.38,nasa,0.67
2019-07-31,28.07,22.68,21.37,24.95,nasa,0.7
2019-08-01,7.27,23.17,20.53,26.79,nasa,0.71
2019-08-02,18.18,23.1,20.85,26.58,nasa,0.7
2019-08-03,8.25,23.24,19.59,26.86,nasa,0.71
2019-08-04,9.33,23.35,21.64,26.25,nasa,0.7
2019-08-05,5.41,22.69,20.83,25.66,nasa,0.7
2019-08-06,15.6,22.76,20.19,25.32,nasa,0.7
2019-08-07,199.87,22.83,21.37,24.8,nasa,0.81
2019-08-08,74.86,22.89,21.56,24.5,nasa,0.91
2019-08-09,38.0,23.36,21.39,25.94,nasa,0.9
2019-08-10,1.44,23.71,21.59,27.14,nasa,0.86
2019-08-11,2.24,24.15,21.25,28.21,nasa,0.81
2019-08-12,1.95,24.18,20.59,28.5,nasa,0.78
2019-08-13,0.19,24.22,21.87,27.25,nasa,0.76
2019-08-14,1.39,24.46,22.59,27.67,nasa,0.75
2019-08-15,5.99,24.51,22.36,28.09,nasa,0.74
2019-08-16,1.55,24.37,21.91,27.75,nasa,0.74
2019-08-17,2.0,23.63,21.57,27.0,nasa,0.74
2019-08-18,0.07,24.16,20.65,28.26,nasa,0.73
2019-08-19,1.5,24.41,21.91,27.96,nasa,0.72
2019-08-20,14.21,23.74,21.75,26.67,nasa,0.73
2019-08-21,6.56,23.7,21.15,27.23,nasa,0.74
2019-08-22,3.98,23.38,21.65,26.23,nasa,0.74
2019-08-23,2.44,23.61,21.25,26.72,nasa,0.74
2019-08-24,1.55,24.1,21.55,27.74,nasa,0.73
2019-08-25,0.97,23.65,21.55,26.54,nasa,0.73
2019-08-26,1.65,23.37,21.19,26.38,nasa,0.73
2019-08-27,0.47,24.51,20.97,29.06,nasa,0.72
2019-08-28,34.07,23.71,21.85,25.71,nasa,0.73
2019-08-29,40.95,23.03,21.39,25.31,nasa,0.8
2019-08-30,6.14,23.49,20.64,27.36,nasa,0.8
2019-08-31,6.01,23.68,20.67,27.64,nasa,0.78
2019-09-01,8.55,23.07,21.05,25.81,nasa,0.78
2019-09-02,33.23,22.96,21.12,25.76,nasa,0.8
2019-09-03,10.75,22.27,20.73,24.86,nasa,0.81
2019-09-04,11.48,22.81,20.28,26.1,nasa,0.8
2019-09-05,5.35,23.89,21.13,27.86,nasa,0.79
2019-09-06,6.44,23.42,21.03,26.56,nasa,0.79
2019-09-07,6.06,24.17,21.11,28.1,nasa,0.79
2019-09-08,12.17,23.71,22.07,26.17,nasa,0.79
2019-09-09,12.42,23.51,21.38,26.83,nasa,0.8
2019-09-10,2.67,23.6,20.75,27.54,nasa,0.8
2019-09-11,1.1,23.76,21.31,28.12,nasa,0.79
2019-09-12,13.21,23.37,20.6,26.65,nasa,0.79
2019-09-13,47.31,22.7,20.92,24.97,nasa,0.83
2019-09-14,1.53,23.0,20.05,27.29,nasa,0.84
2019-09-15,42.54,23.12,20.27,26.61,nasa,0.85
2019-09-16,41.74,24.1,20.83,29.05,nasa,0.89
2019-09-17,39.36,24.08,20.72,27.87,nasa,0.91
2019-09-18,17.24,23.51,20.89,27.29,nasa,0.91
2019-09-19,11.59,22.9,20.1,27.03,nasa,0.9
2019-09-20,16.32,23.07,20.09,26.64,nasa,0.91
2019-09-21,22.55,22.67,20.38,25.77,nasa,0.91
2019-09-22,34.15,23.16,20.41,27.26,nasa,0.93
2019-09-23,0.0,22.97,20.07,27.24,nasa,0.92
2019-09-24,0.16,23.12,19.1,28.23,nasa,0.91
2019-09-25,2.16,23.61,19.06,29.07,nasa,0.9
2019-09-26,2.1,23.21,20.61,26.46,nasa,0.89
2019-09-27,1.57,23.09,19.15,28.25,nasa,0.89
2019-09-28,1.34,23.24,20.6,27.29,nasa,0.88
2019-09-29,0.0,23.13,19.46,28.39,nasa,0.87
2019-09-30,0.21,24.07,18.48,29.79,nasa,0.86
2019-10-01,2.97,24.0,21.56,27.66,nasa,0.86
2019-10-02,0.84,23.43,21.61,26.18,nasa,0.86
2019-10-03,0.27,24.5,20.04,29.89,nasa,0.85
2019-10-04,6.09,23.55,20.65,26.82,nasa,0.85
2019-10-05,22.08,23.35,20.63,27.52,nasa,0.87
2019-10-06,0.02,22.21,20.23,25.55,nasa,0.87
2019-10-07,0.01,23.29,19.34,28.6,nasa,0.86
2019-10-08,0.33,23.26,18.67,28.81,nasa,0.85
2019-10-09,0.48,23.33,19.44,28.3,nasa,0.84
2019-10-10,1.51,23.46,18.35,29.08,nasa,0.84
2019-10-11,1.93,23.68,19.97,29.37,nasa,0.83
2019-10-12,6.71,23.22,19.56,28.3,nasa,0.83
2019-10-13,0.59,23.09,19.63,28.18,nasa,0.83
2019-10-14,0.76,23.28,19.8,28.43,nasa,0.82
2019-10-15,1.46,23.24,19.72,27.86,nasa,0.82
2019-10-16,10.91,23.32,20.76,26.85,nasa,0.82
2019-10-17,5.59,23.69,21.14,28.19,nasa,0.82
2019-10-18,13.78,23.44,20.76,27.39,nasa,0.83
2019-10-19,8.02,23.07,20.87,26.9,nasa,0.83
2019-10-20,5.76,22.85,20.39,27.32,nasa,0.83
2019-10-21,0.05,22.98,19.85,27.98,nasa,0.82
2019-10-22,0.18,23.32,18.93,29.15,nasa,0.81
2019-10-23,0.47,23.38,18.84,29.34,nasa,0.8
2019-10-24,0.0,23.03,18.74,28.59,nasa,0.79
2019-10-25,0.13,23.21,19.42,28.48,nasa,0.79
2019-10-26,2.44,23.0,19.74,27.5,nasa,0.78
2019-10-27,7.11,23.26,20.34,27.86,nasa,0.79
2019-10-28,0.26,23.06,19.9,27.99,nasa,0.79
2019-10-29,0.79,22.67,19.88,27.2,nasa,0.78
2019-10-30,18.87,22.62,19.81,26.01,nasa,0.78
2019-10-31,28.38,23.25,20.61,27.25,nasa,0.82
2019-11-01,1.38,23.01,20.2,26.56,nasa,0.82
2019-11-02,4.5,22.36,20.07,25.55,nasa,0.81
2019-11-03,15.53,21.82,19.51,24.74,nasa,0.82
2019-11-04,1.2,21.6,19.78,24.52,nasa,0.82
2019-11-05,4.7,21.96,18.57,27.28,nasa,0.81
2019-11-06,10.71,21.92,17.57,27.14,nasa,0.81
2019-11-07,0.62,21.75,18.82,26.55,nasa,0.81
2019-11-08,0.0,20.08,17.62,23.38,nasa,0.8
2019-11-09,1.09,19.58,17.06,23.06,nasa,0.8
2019-11-10,57.71,19.3,17.37,22.18,nasa,0.83
2019-11-11,72.37,20.69,18.66,23.6,nasa,0.9
2019-11-12,0.3,22.38,18.14,27.65,nasa,0.89
2019-11-13,3.93,22.5,18.52,27.64,nasa,0.87
2019-11-14,2.32,20.76,17.79,25.04,nasa,0.86
2019-11-15,4.63,20.37,17.35,25.2,nasa,0.86
2019-11-16,0.08,21.97,17.25,27.64,nasa,0.85
2019-11-17,0.0,22.88,18.75,28.0,nasa,0.85
2019-11-18,0.2,21.94,18.57,26.77,nasa,0.84
2019-11-19,0.95,20.21,17.24,24.78,nasa,0.83
2019-11-20,0.19,20.15,16.74,24.92,nasa,0.83
2019-11-21,0.17,21.15,18.01,25.78,nasa,0.82
2019-11-22,0.31,20.89,17.21,25.72,nasa,0.82
2019-11-23,0.73,20.91,16.4,26.59,nasa,0.81
2019-11-24,0.98,22.1,18.53,27.48,nasa,0.81
2019-11-25,0.21,22.2,18.81,26.9,nasa,0.8
2019-11-26,0.72,22.57,19.7,27.12,nasa,0.8
2019-11-27,1.69,22.68,20.4,26.88,nasa,0.79
2019-11-28,2.5,22.73,20.43,26.43,nasa,0.79
2019-11-29,1.8,22.73,20.56,26.81,nasa,0.79
2019-11-30,0.87,21.97,19.12,26.32,nasa,0.78
2019-12-01,0.04,20.87,18.31,25.41,nasa,0.78
2019-12-02,0.64,20.66,17.72,25.17,nasa,0.78
2019-12-03,0.01,18.73,16.03,22.74,nasa,0.77
2019-12-04,0.0,18.2,15.31,22.73,nasa,0.77
2019-12-05,0.0,17.44,14.3,22.52,nasa,0.77
2019-12-06,0.0,16.11,12.83,21.11,nasa,0.76
2019-12-07,0.0,16.21,12.69,21.54,nasa,0.76
2019-12-08,0.0,17.19,14.06,22.11,nasa,0.76
2019-12-09,0.0,18.51,14.8,24.06,nasa,0.76
2019-12-10,0.0,18.59,14.68,24.12,nasa,0.75
2019-12-11,0.09,18.7,14.36,24.34,nasa,0.75
2019-12-12,0.45,19.61,16.31,24.73,nasa,0.75
2019-12-13,0.0,19.92,16.15,24.99,nasa,0.74
2019-12-14,0.0,21.24,18.32,25.7,nasa,0.74
2019-12-15,0.0,21.59,18.8,26.14,nasa,0.74
2019-12-16,0.0,21.78,18.77,26.51,nasa,0.74
2019-12-17,0.0,21.37,19.09,25.69,nasa,0.73
2019-12-18,0.01,21.58,18.43,26.63,nasa,0.73
2019-12-19,0.0,21.14,17.69,26.43,nasa,0.73
2019-12-20,0.08,20.47,17.66,25.07,nasa,0.73
2019-12-21,0.39,20.58,17.29,25.85,nasa,0.72
2019-12-22,0.0,20.68,16.18,26.59,nasa,0.72
2019-12-23,0.0,20.99,16.29,26.97,nasa,0.72
2019-12-24,0.0,19.9,15.99,25.5,nasa,0.71
2019-12-25,0.0,19.29,14.47,25.9,nasa,0.71
2019-12-26,0.0,19.63,13.94,26.13,nasa,0.71
2019-12-27,0.0,18.89,15.51,24.1,nasa,0.71
2019-12-28,0.0,19.62,14.75,25.58,nasa,0.71
2019-12-29,0.0,21.0,16.37,26.74,nasa,0.71
2019-12-30,0.0,21.91,17.75,27.68,nasa,0.7
2019-12-31,0.02,20.71,18.45,24.82,nasa,0.7
2020-01-01,0.19,21.07,18.34,25.41,nasa,0.7
2020-01-02,0.26,21.81,19.35,26.42,nasa,0.7
2020-01-03,0.09,20.62,17.4,24.23,nasa,0.7
2020-01-04,0.04,19.62,17.4,23.6,nasa,0.7
2020-01-05,0.05,19.18,16.63,23.81,nasa,0.69
2020-01-06,0.27,20.82,16.03,26.77,nasa,0.69
2020-01-07,0.01,21.82,18.04,26.99,nasa,0.69
2020-01-08,0.03,21.65,18.6,26.52,nasa,0.69
2020-01-09,0.0,20.97,17.62,26.27,nasa,0.68
2020-01-10,0.0,20.69,16.41,26.47,nasa,0.68
2020-01-11,0.0,20.71,16.15,26.42,nasa,0.68
2020-01-12,0.0,20.29,16.79,25.33,nasa,0.68
2020-01-13,0.0,19.57,15.72,24.95,nasa,0.67
2020-01-14,0.0,18.73,14.66,24.61,nasa,0.67
2020-01-15,0.0,19.48,14.22,25.72,nasa,0.67
2020-01-16,0.0,21.06,16.03,27.22,nasa,0.67
2020-01-17,0.0,20.7,16.81,26.05,nasa,0.66
2020-01-18,0.0,19.8,15.96,25.47,nasa,0.66
2020-01-19,0.0,19.22,15.3,25.33,nasa,0.66
2020-01-20,0.0,19.57,14.95,26.07,nasa,0.66
2020-01-21,0.0,20.39,15.98,27.04,nasa,0.65
2020-01-22,0.0,20.6,15.32,27.65,nasa,0.65
2020-01-23,0.0,20.41,15.62,27.08,nasa,0.65
2020-01-24,0.0,19.94,15.02,26.57,nasa,0.64
2020-01-25,0.0,21.51,15.81,28.11,nasa,0.64
2020-01-26,0.0,22.18,16.93,28.06,nasa,0.64
2020-01-27,0.0,22.1,17.53,28.28,nasa,0.63
2020-01-28,0.01,22.01,17.25,28.05,nasa,0.63
2020-01-29,0.09,21.22,17.4,26.89,nasa,0.63
2020-01-30,0.23,19.36,15.64,24.77,nasa,0.63
2020-01-31,0.07,18.53,14.94,24.42,nasa,0.62
2020-02-01,0.0,18.67,14.76,24.88,nasa,0.62
2020-02-02,0.0,18.74,14.12,25.35,nasa,0.62
2020-02-03,0.0,19.09,13.91,25.64,nasa,0.62
2020-02-04,0.0,19.94,15.51,26.38,nasa,0.61
2020-02-05,0.0,18.68,14.18,25.18,nasa,0.61
2020-02-06,0.0,18.82,14.06,25.92,nasa,0.61
2020-02-07,0.0,18.42,11.3,26.48,nasa,0.6
2020-02-08,0.0,20.14,15.98,25.82,nasa,0.6
2020-02-09,0.03,20.44,17.58,25.47,nasa,0.6
2020-02-10,0.22,20.79,17.86,25.55,nasa,0.6
2020-02-11,0.0,22.1,17.53,28.51,nasa,0.6
2020-02-12,0.03,23.14,17.8,29.74,nasa,0.6
2020-02-13,0.0,23.98,18.78,30.64,nasa,0.59
2020-02-14,0.0,24.29,19.35,30.58,nasa,0.59
2020-02-15,0.0,24.59,19.06,30.79,nasa,0.59
2020-02-16,0.22,24.66,20.48,30.72,nasa,0.58
2020-02-17,1.03,20.77,17.09,26.2,nasa,0.58
2020-02-18,0.66,20.19,16.79,26.1,nasa,0.58
2020-02-19,0.14,20.31,16.21,26.38,nasa,0.58
2020-02-20,0.01,20.71,15.99,27.12,nasa,0.58
2020-02-21,0.06,20.78,17.62,26.23,nasa,0.57
2020-02-22,0.06,20.36,17.36,25.51,nasa,0.57
2020-02-23,0.03,19.82,15.87,25.51,nasa,0.57
2020-02-24,0.0,20.11,15.29,26.92,nasa,0.57
2020-02-25,0.0,21.86,16.43,28.9,nasa,0.56
2020-02-26,0.02,22.13,18.06,28.36,nasa,0.56
2020-02-27,0.07,21.4,16.79,27.91,nasa,0.56
2020-02-28,0.0,21.7,16.38,28.46,nasa,0.56
2020-02-29,0.02,23.16,17.79,30.14,nasa,0.55
2020-03-01,0.0,23.61,18.36,30.08,nasa,0.55
2020-03-02,0.0,23.37,18.15,30.12,nasa,0.55
2020-03-03,0.0,23.43,18.23,30.37,nasa,0.55
2020-03-04,0.0,23.82,18.11,30.96,nasa,0.54
2020-03-05,0.0,23.6,18.89,30.08,nasa,0.54
2020-03-06,0.0,23.88,17.89,31.13,nasa,0.54
2020-03-07,0.0,24.89,19.75,30.67,nasa,0.54
2020-03-08,0.0,26.91,20.99,33.1,nasa,0.54
2020-03-09,0.0,27.11,21.19,33.47,nasa,0.53
2020-03-10,0.0,26.76,21.19,33.62,nasa,0.53
2020-03-11,0.0,25.32,20.53,31.96,nasa,0.53
2020-03-12,0.0,24.99,18.63,33.09,nasa,0.53
2020-03-13,0.0,25.39,17.9,34.2,nasa,0.52
2020-03-14,0.0,24.63,18.01,33.05,nasa,0.52
2020-03-15,0.0,23.96,18.59,30.96,nasa,0.52
2020-03-16,0.01,24.14,19.37,30.87,nasa,0.51
2020-03-17,0.14,24.29,19.07,31.77,nasa,0.51
2020-03-18,0.01,24.02,17.39,32.57,nasa,0.51
2020-03-19,0.0,24.31,18.62,32.36,nasa,0.51
2020-03-20,0.0,23.77,16.01,32.34,nasa,0.51
2020-03-21,0.0,24.73,17.39,33.13,nasa,0.51
2020-03-22,0.0,25.38,19.26,33.04,nasa,0.51
2020-03-23,0.0,24.67,17.95,33.01,nasa,0.5
2020-03-24,0.0,24.66,17.66,32.73,nasa,0.5
2020-03-25,0.01,25.17,19.2,32.78,nasa,0.5
2020-03-26,0.0,25.85,19.28,33.71,nasa,0.5
2020-03-27,0.03,26.17,20.45,33.25,nasa,0.5
2020-03-28,0.43,25.75,19.92,32.27,nasa,0.5
2020-03-29,0.0,26.12,19.2,34.48,nasa,0.5
2020-03-30,0.02,26.2,18.24,34.38,nasa,0.49
2020-03-31,1.48,26.45,20.8,33.37,nasa,0.49
2020-04-01,0.0,26.36,20.14,34.57,nasa,0.49
2020-04-02,0.01,25.78,19.04,34.19,nasa,0.49
2020-04-03,0.0,25.96,18.79,34.58,nasa,0.49
2020-04-04,0.0,25.86,20.06,33.52,nasa,0.49
2020-04-05,0.01,25.58,18.88,33.84,nasa,0.49
2020-04-06,0.02,25.81,18.86,34.36,nasa,0.49
2020-04-07,1.24,25.44,19.53,31.79,nasa,0.49
2020-04-08,4.8,25.26,20.7,32.11,nasa,0.49
2020-04-09,0.0,25.45,20.78,31.41,nasa,0.5
2020-04-10,0.71,25.36,20.99,31.72,nasa,0.5
2020-04-11,1.19,25.58,20.42,32.55,nasa,0.5
2020-04-12,0.58,24.47,21.32,28.47,nasa,0.5
2020-04-13,5.9,23.6,20.16,29.77,nasa,0.5
2020-04-14,1.15,24.2,19.58,30.87,nasa,0.51
2020-04-15,0.0,25.17,19.98,31.98,nasa,0.5
2020-04-16,0.0,25.91,20.06,33.03,nasa,0.5
2020-04-17,0.0,25.7,20.33,32.33,nasa,0.5
2020-04-18,0.29,26.77,20.42,34.21,nasa,0.5
2020-04-19,0.04,28.11,21.93,36.19,nasa,0.49
2020-04-20,0.0,27.9,21.42,36.25,nasa,0.49
2020-04-21,0.0,27.82,22.04,36.91,nasa,0.49
2020-04-22,0.0,27.39,20.43,35.7,nasa,0.49
2020-04-23,0.0,27.01,21.15,33.78,nasa,0.48
2020-04-24,0.18,25.72,22.21,31.32,nasa,0.48
2020-04-25,1.72,25.47,21.21,31.7,nasa,0.48
2020-04-26,0.38,25.65,21.62,32.03,nasa,0.48
2020-04-27,0.01,24.9,21.45,30.6,nasa,0.48
2020-04-28,0.02,25.17,21.13,31.02,nasa,0.48
2020-04-29,0.0,25.85,20.23,33.26,nasa,0.48
2020-04-30,0.0,26.7,21.21,34.2,nasa,0.48
2020-05-01,0.0,27.31,20.27,35.85,nasa,0.48
2020-05-02,0.0,27.66,18.99,36.47,nasa,0.48
2020-05-03,0.0,28.89,22.04,36.56,nasa,0.48
2020-05-04,0.0,29.2,23.77,36.03,nasa,0.48
2020-05-05,0.0,29.65,23.67,37.09,nasa,0.47
2020-05-06,0.0,28.98,23.37,35.38,nasa,0.47
2020-05-07,0.01,29.88,23.63,37.26,nasa,0.47
2020-05-08,0.29,29.59,23.65,36.11,nasa,0.47
2020-05-09,0.9,28.95,23.16,35.24,nasa,0.47
2020-05-10,0.0,29.95,24.22,37.39,nasa,0.47
2020-05-11,0.0,29.78,21.94,38.67,nasa,0.47
2020-05-12,0.02,28.46,23.97,34.61,nasa,0.47
2020-05-13,1.2,28.84,23.51,36.62,nasa,0.47
2020-05-14,2.38,27.89,21.65,35.9,nasa,0.47
2020-05-15,0.02,28.66,22.19,35.82,nasa,0.47
2020-05-16,6.77,27.85,23.3,34.08,nasa,0.48
2020-05-17,0.27,26.72,23.84,31.36,nasa,0.48
2020-05-18,2.7,27.01,22.71,33.14,nasa,0.48
2020-05-19,3.58,25.37,23.24,29.14,nasa,0.49
2020-05-20,1.81,26.57,22.41,32.19,nasa,0.49
2020-05-21,0.69,26.28,23.16,30.13,nasa,0.49
2020-05-22,1.18,26.92,23.78,31.09,nasa,0.49
2020-05-23,2.19,26.07,23.12,30.21,nasa,0.49
2020-05-24,7.17,26.68,22.53,33.0,nasa,0.49
2020-05-25,18.11,25.4,22.33,30.41,nasa,0.52
2020-05-26,13.85,24.93,21.91,29.4,nasa,0.55
2020-05-27,15.28,24.8,22.23,28.07,nasa,0.56
2020-05-28,25.37,24.75,21.88,28.3,nasa,0.58
2020-05-29,16.84,24.95,22.38,28.54,nasa,0.63
2020-05-30,12.88,24.46,21.54,27.27,nasa,0.63
2020-05-31,6.06,25.62,21.87,30.68,nasa,0.63
2020-06-01,12.88,25.59,22.36,29.62,nasa,0.63
2020-06-02,18.82,24.04,21.84,26.82,nasa,0.65
2020-06-03,6.17,24.78,21.14,29.23,nasa,0.64
2020-06-04,9.53,24.6,21.52,28.75,nasa,0.64
2020-06-05,0.0,25.34,21.92,29.96,nasa,0.63
2020-06-06,0.02,24.98,22.2,28.89,nasa,0.61
2020-06-07,0.08,24.92,21.7,29.45,nasa,0.59
2020-06-08,0.02,25.72,20.9,31.23,nasa,0.58
2020-06-09,3.64,26.01,21.74,31.14,nasa,0.57
2020-06-10,6.73,24.97,21.87,29.34,nasa,0.57
2020-06-11,0.0,24.58,22.11,28.28,nasa,0.57
2020-06-12,0.7,25.88,21.7,31.13,nasa,0.56
2020-06-13,2.13,25.51,21.38,30.95,nasa,0.55
2020-06-14,12.96,24.11,22.6,26.63,nasa,0.56
2020-06-15,30.44,24.15,21.29,28.07,nasa,0.59
2020-06-16,5.8,24.46,21.4,28.69,nasa,0.62
2020-06-17,8.77,24.37,21.83,28.28,nasa,0.62
2020-06-18,0.18,24.28,21.54,27.61,nasa,0.61
2020-06-19,1.13,24.69,22.01,28.5,nasa,0.6
2020-06-20,10.24,24.68,22.08,27.84,nasa,0.6
2020-06-21,2.93,24.51,22.11,27.68,nasa,0.61
2020-06-22,0.81,26.02,21.31,31.45,nasa,0.59
2020-06-23,0.43,26.29,22.18,31.82,nasa,0.58
2020-06-24,33.1,25.19,22.54,28.71,nasa,0.58
2020-06-25,41.14,24.79,22.07,28.23,nasa,0.65
2020-06-26,1.14,24.59,21.5,28.83,nasa,0.64
2020-06-27,2.94,24.81,20.82,29.95,nasa,0.62
2020-06-28,4.84,23.78,21.65,26.94,nasa,0.61
2020-06-29,27.69,23.13,20.65,27.54,nasa,0.63
2020-06-30,27.95,22.3,19.86,25.73,nasa,0.67
2020-07-01,6.87,21.16,18.78,24.44,nasa,0.68
2020-07-02,6.01,22.19,19.08,26.46,nasa,0.67
2020-07-03,42.26,23.1,21.12,25.83,nasa,0.7
2020-07-04,5.29,23.45,19.73,27.53,nasa,0.71
2020-07-05,26.5,23.72,21.22,27.27,nasa,0.71
2020-07-06,5.53,24.54,20.9,29.18,nasa,0.72
2020-07-07,6.14,24.3,20.3,29.31,nasa,0.7
2020-07-08,4.26,23.62,19.88,27.35,nasa,0.69
2020-07-09,4.59,24.58,20.35,28.93,nasa,0.67
2020-07-10,4.2,24.45,21.89,27.95,nasa,0.66
2020-07-11,9.13,24.99,21.48,29.11,nasa,0.66
2020-07-12,10.09,25.2,21.87,30.06,nasa,0.67
2020-07-13,24.08,24.05,21.94,27.76,nasa,0.68
2020-07-14,2.02,24.69,21.39,28.77,nasa,0.69
2020-07-15,1.78,24.84,21.98,28.71,nasa,0.67
2020-07-16,7.05,25.04,21.64,29.08,nasa,0.67
2020-07-17,7.22,24.65,20.75,29.01,nasa,0.66
2020-07-18,7.17,25.06,20.62,30.26,nasa,0.67
2020-07-19,0.49,24.91,21.29,29.05,nasa,0.66
2020-07-20,2.24,25.08,21.5,29.73,nasa,0.65
2020-07-21,1.43,24.61,20.25,29.79,nasa,0.64
2020-07-22,1.02,24.65,21.55,28.53,nasa,0.64
2020-07-23,9.2,23.75,21.86,26.83,nasa,0.64
2020-07-24,8.28,24.69,21.74,29.01,nasa,0.65
2020-07-25,9.92,24.97,20.84,30.21,nasa,0.66
2020-07-26,9.73,23.78,21.92,26.71,nasa,0.67
2020-07-27,6.54,24.41,21.16,28.52,nasa,0.67
2020-07-28,0.33,25.52,21.48,30.72,nasa,0.66
2020-07-29,1.13,25.06,21.93,29.42,nasa,0.65
2020-07-30,27.7,23.85,21.66,26.63,nasa,0.66
2020-07-31,48.74,23.43,22.11,25.22,nasa,0.73
2020-08-01,28.88,23.15,20.96,25.81,nasa,0.78
2020-08-02,12.8,23.37,21.58,26.4,nasa,0.77
2020-08-03,2.9,23.48,21.51,27.08,nasa,0.75
2020-08-04,1.25,23.43,20.88,26.91,nasa,0.72
2020-08-05,7.95,23.24,21.9,25.2,nasa,0.71
2020-08-06,39.56,23.58,21.75,26.56,nasa,0.76
2020-08-07,31.46,23.98,20.56,28.07,nasa,0.75
2020-08-08,50.23,23.76,21.69,27.12,nasa,0.81
2020-08-09,35.0,23.39,21.13,26.24,nasa,0.82
2020-08-10,8.81,23.71,20.67,27.68,nasa,0.81
2020-08-11,17.96,23.69,20.62,27.45,nasa,0.8
2020-08-12,12.7,23.78,22.18,26.42,nasa,0.79
2020-08-13,1.15,23.39,21.63,26.5,nasa,0.78
2020-08-14,7.71,23.31,20.47,26.93,nasa,0.76
2020-08-15,9.47,23.71,20.78,27.88,nasa,0.77
2020-08-16,6.42,23.9,20.58,27.98,nasa,0.76
2020-08-17,10.61,24.09,21.29,28.0,nasa,0.77
2020-08-18,35.69,23.96,21.23,27.42,nasa,0.77
2020-08-19,20.81,22.51,20.45,25.38,nasa,0.81
2020-08-20,3.8,22.58,20.37,25.78,nasa,0.8
2020-08-21,1.2,23.28,20.13,27.29,nasa,0.79
2020-08-22,20.53,24.28,20.5,28.88,nasa,0.78
2020-08-23,17.28,23.99,21.2,27.97,nasa,0.81
2020-08-24,0.08,23.94,21.32,27.99,nasa,0.8
2020-08-25,0.23,24.06,19.82,28.88,nasa,0.79
2020-08-26,1.5,24.69,21.1,29.36,nasa,0.78
2020-08-27,3.9,24.37,22.18,27.58,nasa,0.78
2020-08-28,4.74,24.01,21.38,28.2,nasa,0.78
2020-08-29,7.92,23.85,20.71,27.84,nasa,0.78
2020-08-30,10.26,24.39,21.17,29.12,nasa,0.78
2020-08-31,5.06,24.56,21.55,28.57,nasa,0.78
2020-09-01,19.49,23.85,21.44,27.04,nasa,0.8
2020-09-02,8.98,23.93,21.64,27.22,nasa,0.8
2020-09-03,9.56,24.88,21.34,28.87,nasa,0.81
2020-09-04,5.7,24.58,21.75,27.86,nasa,0.81
2020-09-05,1.29,25.31,21.49,29.95,nasa,0.8
2020-09-06,6.31,23.91,22.12,26.66,nasa,0.8
2020-09-07,4.07,24.21,22.27,27.15,nasa,0.8
2020-09-08,15.4,24.73,22.44,28.43,nasa,0.81
2020-09-09,15.1,24.7,21.22,29.25,nasa,0.82
2020-09-10,5.18,24.81,20.62,30.04,nasa,0.81
2020-09-11,18.31,24.0,21.13,27.49,nasa,0.83
2020-09-12,2.18,24.4,21.49,28.43,nasa,0.82
2020-09-13,7.38,24.58,21.06,29.64,nasa,0.82
2020-09-14,17.42,24.5,20.48,29.43,nasa,0.82
2020-09-15,0.43,24.48,21.16,28.77,nasa,0.83
2020-09-16,1.07,23.89,22.16,26.79,nasa,0.82
2020-09-17,9.57,22.8,21.39,24.89,nasa,0.82
2020-09-18,14.89,23.13,21.14,26.83,nasa,0.83
2020-09-19,4.12,22.99,20.46,26.0,nasa,0.83
2020-09-20,0.77,23.22,19.95,26.93,nasa,0.83
2020-09-21,9.27,25.06,21.29,29.98,nasa,0.82
2020-09-22,29.24,25.37,21.86,31.15,nasa,0.84
2020-09-23,9.26,25.18,21.55,29.67,nasa,0.85
2020-09-24,1.06,23.89,21.94,26.9,nasa,0.84
2020-09-25,5.81,23.45,21.39,26.71,nasa,0.84
2020-09-26,90.55,23.18,20.72,26.15,nasa,0.88
2020-09-27,2.57,23.71,21.07,27.98,nasa,0.9
2020-09-28,12.02,23.79,20.8,27.38,nasa,0.88
2020-09-29,13.5,22.98,21.21,25.73,nasa,0.89
2020-09-30,3.16,23.28,20.97,26.56,nasa,0.89
2020-10-01,7.59,23.99,21.05,27.97,nasa,0.89
2020-10-02,22.29,23.98,21.77,26.86,nasa,0.88
2020-10-03,18.31,24.31,20.72,29.0,nasa,0.91
2020-10-04,14.43,23.56,21.43,26.38,nasa,0.91
2020-10-05,7.53,23.42,21.4,26.52,nasa,0.91
2020-10-06,24.26,22.68,20.8,24.49,nasa,0.91
2020-10-07,21.41,23.28,20.74,26.78,nasa,0.93
2020-10-08,23.23,23.57,21.62,26.32,nasa,0.93
2020-10-09,30.05,22.87,21.51,24.96,nasa,0.94
2020-10-10,23.23,22.32,19.96,24.51,nasa,0.95
2020-10-11,8.89,22.8,19.58,27.16,nasa,0.94
2020-10-12,76.99,23.39,20.21,27.3,nasa,0.94
2020-10-13,64.71,22.59,20.28,25.47,nasa,0.96
2020-10-14,13.61,23.23,20.65,26.06,nasa,0.96
2020-10-15,26.15,23.6,21.04,27.86,nasa,0.96
2020-10-16,33.89,22.61,21.14,24.52,nasa,0.97
2020-10-17,11.13,22.42,20.26,25.53,nasa,0.97
2020-10-18,3.6,22.7,19.96,25.96,nasa,0.96
2020-10-19,2.53,22.58,19.52,26.08,nasa,0.96
2020-10-20,3.91,23.51,20.7,27.16,nasa,0.96
2020-10-21,14.5,22.43,19.73,25.37,nasa,0.96
2020-10-22,0.02,22.77,18.41,28.65,nasa,0.96
2020-10-23,0.0,22.74,19.4,27.24,nasa,0.95
2020-10-24,0.3,22.77,20.21,26.1,nasa,0.94
2020-10-25,2.24,22.71,20.85,24.96,nasa,0.94
2020-10-26,3.28,23.27,19.97,27.42,nasa,0.94
2020-10-27,11.72,22.16,20.2,24.55,nasa,0.94
2020-10-28,25.56,21.21,19.71,22.27,nasa,0.96
2020-10-29,11.91,22.63,19.04,27.27,nasa,0.95
2020-10-30,18.21,23.33,20.68,27.33,nasa,0.96
2020-10-31,8.39,22.92,19.45,27.52,nasa,0.96
2020-11-01,0.08,22.75,19.65,27.14,nasa,0.95
2020-11-02,0.05,21.44,18.12,25.62,nasa,0.94
2020-11-03,0.11,21.34,17.54,25.63,nasa,0.93
2020-11-04,0.0,22.44,19.18,27.47,nasa,0.92
2020-11-05,2.98,21.67,18.65,25.12,nasa,0.92
2020-11-06,5.81,22.24,19.87,25.27,nasa,0.92
2020-11-07,7.48,22.68,19.24,27.32,nasa,0.92
2020-11-08,0.14,21.54,18.71,25.68,nasa,0.92
2020-11-09,18.25,21.92,19.2,26.6,nasa,0.91
2020-11-10,70.55,20.71,18.87,22.6,nasa,0.95
2020-11-11,11.75,22.86,20.38,27.66,nasa,0.96
2020-11-12,4.44,22.29,19.66,26.47,nasa,0.96
2020-11-13,0.0,21.41,18.06,26.13,nasa,0.95
2020-11-14,0.04,21.97,17.05,26.79,nasa,0.94
2020-11-15,0.06,23.77,20.61,29.08,nasa,0.93
2020-11-16,0.05,22.57,20.01,26.61,nasa,0.92
2020-11-17,0.02,23.17,19.95,27.97,nasa,0.92
2020-11-18,0.0,23.29,19.38,28.41,nasa,0.91
2020-11-19,0.0,22.84,19.68,27.31,nasa,0.9
2020-11-20,0.0,22.98,18.94,28.12,nasa,0.89
2020-11-21,0.0,22.89,18.94,28.2,nasa,0.89
2020-11-22,0.0,22.45,18.87,27.48,nasa,0.88
2020-11-23,0.03,22.12,19.16,26.77,nasa,0.87
2020-11-24,0.1,21.99,18.73,26.76,nasa,0.86
2020-11-25,0.0,21.97,19.11,26.96,nasa,0.85
2020-11-26,0.16,21.62,18.73,25.74,nasa,0.85
2020-11-27,1.55,21.85,19.59,25.74,nasa,0.84
2020-11-28,19.06,21.73,19.41,25.8,nasa,0.84
2020-11-29,45.49,21.6,20.31,23.82,nasa,0.89
2020-11-30,33.88,21.79,20.32,24.0,nasa,0.91
2020-12-01,11.97,21.57,19.3,24.64,nasa,0.92
2020-12-02,2.01,20.76,17.82,24.89,nasa,0.91
2020-12-03,0.02,19.14,16.61,23.18,nasa,0.9
2020-12-04,0.09,18.81,15.26,23.9,nasa,0.89
2020-12-05,0.17,19.36,16.5,24.02,nasa,0.88
2020-12-06,0.23,20.04,16.81,24.9,nasa,0.88
2020-12-07,2.11,20.57,17.51,24.43,nasa,0.87
2020-12-08,0.1,20.85,17.6,24.88,nasa,0.87
2020-12-09,0.09,19.84,16.65,23.67,nasa,0.86
2020-12-10,0.01,20.55,17.18,24.1,nasa,0.86
2020-12-11,0.03,22.25,18.51,26.95,nasa,0.86
2020-12-12,0.05,22.33,19.83,25.95,nasa,0.85
2020-12-13,0.13,23.13,18.97,28.14,nasa,0.85
2020-12-14,0.29,22.98,19.77,27.59,nasa,0.84
2020-12-15,1.83,22.32,19.95,26.61,nasa,0.84
2020-12-16,5.1,21.67,19.65,25.73,nasa,0.83
2020-12-17,1.62,21.34,19.3,25.1,nasa,0.83
2020-12-18,0.85,21.18,19.03,24.9,nasa,0.83
2020-12-19,0.41,20.27,16.95,24.61,nasa,0.82
2020-12-20,0.27,17.29,15.34,20.42,nasa,0.82
2020-12-21,0.68,17.2,14.98,20.81,nasa,0.82
2020-12-22,3.52,17.85,14.59,21.87,nasa,0.82
2020-12-23,7.28,20.36,16.91,24.51,nasa,0.82
2020-12-24,3.31,22.08,19.26,26.74,nasa,0.82
2020-12-25,7.65,21.47,19.29,25.48,nasa,0.82
2020-12-26,0.2,21.75,18.63,26.74,nasa,0.82
2020-12-27,0.05,21.36,17.96,26.42,nasa,0.81
2020-12-28,0.0,20.22,16.69,25.75,nasa,0.81
2020-12-29,0.0,20.59,16.31,26.28,nasa,0.8
2020-12-30,1.09,19.98,17.3,24.55,nasa,0.8
2020-12-31,3.15,17.69,15.99,20.43,nasa,0.8
2021-01-01,0.32,17.73,15.63,21.21,nasa,0.79
2021-01-02,0.04,18.67,15.76,23.14,nasa,0.79
2021-01-03,0.02,20.09,16.7,25.21,nasa,0.79
2021-01-04,0.19,21.24,17.95,25.85,nasa,0.78
2021-01-05,0.41,21.5,19.31,25.81,nasa,0.78
2021-01-06,0.76,21.29,18.99,25.68,nasa,0.78
2021-01-07,0.02,20.86,18.28,25.65,nasa,0.77
2021-01-08,0.09,20.23,17.24,25.1,nasa,0.77
2021-01-09,0.3,18.33,15.93,22.48,nasa,0.77
2021-01-10,0.12,18.82,16.22,23.27,nasa,0.76
2021-01-11,0.0,18.4,14.08,23.74,nasa,0.76
2021-01-12,0.0,14.89,11.28,18.98,nasa,0.76
2021-01-13,0.0,15.5,10.96,21.78,nasa,0.76
2021-01-14,0.0,17.37,12.45,23.86,nasa,0.75
2021-01-15,0.0,17.67,13.07,23.44,nasa,0.75
2021-01-16,0.02,18.41,13.94,24.19,nasa,0.75
2021-01-17,0.2,18.16,15.24,22.72,nasa,0.74
2021-01-18,0.02,17.1,14.55,21.02,nasa,0.74
2021-01-19,0.0,17.59,13.69,22.92,nasa,0.74
2021-01-20,0.0,19.48,14.26,25.75,nasa,0.74
2021-01-21,0.0,20.53,16.14,25.53,nasa,0.73
2021-01-22,0.0,21.06,16.78,26.35,nasa,0.73
2021-01-23,0.0,20.87,17.72,25.86,nasa,0.73
2021-01-24,0.0,20.84,16.64,26.44,nasa,0.73
2021-01-25,0.0,20.11,15.38,25.95,nasa,0.72
2021-01-26,0.02,19.53,16.23,24.57,nasa,0.72
2021-01-27,0.14,21.02,16.66,26.98,nasa,0.72
2021-01-28,0.01,19.71,16.42,24.96,nasa,0.71
2021-01-29,0.03,18.81,15.81,23.43,nasa,0.71
2021-01-30,0.04,18.95,14.53,24.6,nasa,0.71
2021-01-31,0.08,20.66,17.01,26.32,nasa,0.71
2021-02-01,0.0,19.57,15.7,24.78,nasa,0.71
2021-02-02,0.01,19.23,15.51,24.8,nasa,0.7
2021-02-03,0.04,19.96,16.47,25.31,nasa,0.7
2021-02-04,0.0,19.91,16.32,25.48,nasa,0.7
2021-02-05,0.0,20.12,16.15,25.98,nasa,0.7
2021-02-06,0.0,20.06,15.48,26.06,nasa,0.69
2021-02-07,0.0,21.51,16.86,27.72,nasa,0.69
2021-02-08,0.0,21.41,17.92,26.7,nasa,0.69
2021-02-09,0.38,22.31,18.66,28.04,nasa,0.69
2021-02-10,2.98,21.98,18.14,27.89,nasa,0.69
2021-02-11,0.01,20.53,16.33,26.27,nasa,0.69
2021-02-12,0.0,19.9,15.11,26.22,nasa,0.68
2021-02-13,0.0,18.95,14.14,25.7,nasa,0.68
2021-02-14,0.0,18.54,13.66,25.08,nasa,0.68
2021-02-15,0.0,18.94,13.6,25.87,nasa,0.67
2021-02-16,0.0,19.24,14.01,26.28,nasa,0.67
2021-02-17,0.0,18.62,14.05,24.74,nasa,0.67
2021-02-18,0.02,18.9,14.82,24.79,nasa,0.67
2021-02-19,0.06,19.42,15.94,24.78,nasa,0.66
2021-02-20,0.0,18.73,14.82,24.53,nasa,0.66
2021-02-21,0.0,18.67,13.7,25.65,nasa,0.66
2021-02-22,0.0,18.39,12.34,26.29,nasa,0.65
2021-02-23,0.0,18.89,12.52,26.64,nasa,0.65
2021-02-24,0.0,19.76,13.46,27.31,nasa,0.65
2021-02-25,0.0,22.54,16.45,28.95,nasa,0.64
2021-02-26,0.0,23.75,17.4,29.78,nasa,0.64
2021-02-27,0.0,23.26,19.05,29.38,nasa,0.64
2021-02-28,0.01,22.8,17.66,29.16,nasa,0.63
2021-03-01,0.07,23.68,18.73,30.03,nasa,0.63
2021-03-02,0.0,23.11,18.23,29.54,nasa,0.63
2021-03-03,0.02,22.48,19.08,27.42,nasa,0.62
2021-03-04,0.0,22.73,18.24,29.21,nasa,0.62
2021-03-05,0.0,22.22,16.44,29.66,nasa,0.62
2021-03-06,0.0,21.93,15.12,30.17,nasa,0.61
2021-03-07,0.0,21.84,15.78,29.05,nasa,0.61
2021-03-08,0.01,21.95,17.55,28.16,nasa,0.6
2021-03-09,0.0,21.83,17.55,27.94,nasa,0.6
2021-03-10,0.0,22.33,17.79,28.64,nasa,0.6
2021-03-11,0.0,22.52,18.06,28.92,nasa,0.6
2021-03-12,0.0,21.99,17.82,28.41,nasa,0.6
2021-03-13,0.0,21.81,17.39,28.52,nasa,0.59
2021-03-14,0.0,21.65,17.17,28.25,nasa,0.59
2021-03-15,0.0,22.0,16.09,29.5,nasa,0.59
2021-03-16,0.0,21.28,17.43,27.1,nasa,0.59
2021-03-17,0.0,22.16,15.87,30.25,nasa,0.58
2021-03-18,0.0,23.09,15.29,31.3,nasa,0.58
2021-03-19,0.0,24.55,18.02,32.37,nasa,0.58
2021-03-20,0.0,24.9,18.94,31.87,nasa,0.57
2021-03-21,0.19,24.42,19.52,31.14,nasa,0.57
2021-03-22,1.66,23.15,19.61,28.76,nasa,0.57
2021-03-23,0.39,23.04,19.56,28.78,nasa,0.57
2021-03-24,1.24,23.5,18.85,30.03,nasa,0.57
2021-03-25,1.07,23.88,19.41,30.24,nasa,0.57
2021-03-26,0.39,24.22,19.24,30.99,nasa,0.56
2021-03-27,0.0,24.93,18.98,32.44,nasa,0.56
2021-03-28,0.0,24.68,18.52,32.81,nasa,0.56
2021-03-29,0.0,24.83,18.0,33.18,nasa,0.55
2021-03-30,0.0,25.8,18.66,33.11,nasa,0.55
2021-03-31,0.0,26.91,21.02,33.48,nasa,0.55
2021-04-01,0.0,26.92,21.17,33.07,nasa,0.54
2021-04-02,0.08,26.09,21.32,32.07,nasa,0.54
2021-04-03,0.36,26.41,20.97,33.86,nasa,0.54
2021-04-04,0.0,25.17,20.24,32.05,nasa,0.54
2021-04-05,0.07,24.0,18.86,30.61,nasa,0.53
2021-04-06,0.7,24.34,19.53,30.62,nasa,0.53
2021-04-07,0.0,24.77,19.38,31.77,nasa,0.53
2021-04-08,0.06,24.8,18.57,32.14,nasa,0.53
2021-04-09,0.77,24.71,20.03,31.9,nasa,0.53
2021-04-10,9.79,23.86,19.62,30.32,nasa,0.53
2021-04-11,5.57,24.21,20.1,30.43,nasa,0.55
2021-04-12,0.25,25.23,20.22,31.59,nasa,0.55
2021-04-13,0.0,25.65,19.94,32.85,nasa,0.54
2021-04-14,0.44,25.78,19.49,32.94,nasa,0.54
2021-04-15,0.7,26.14,20.93,32.98,nasa,0.54
2021-04-16,0.12,26.49,21.03,33.3,nasa,0.53
2021-04-17,0.17,25.8,19.73,33.32,nasa,0.53
2021-04-18,0.04,24.8,19.59,30.64,nasa,0.52
2021-04-19,2.31,25.37,20.83,31.6,nasa,0.52
2021-04-20,8.79,22.73,20.98,25.4,nasa,0.53
2021-04-21,15.0,23.99,20.5,28.26,nasa,0.55
2021-04-22,10.3,23.74,21.29,26.77,nasa,0.59
2021-04-23,2.1,24.01,20.39,28.78,nasa,0.59
2021-04-24,1.7,25.51,20.87,31.79,nasa,0.58
2021-04-25,6.28,24.89,20.72,30.08,nasa,0.58
2021-04-26,3.53,25.72,22.0,31.08,nasa,0.58
2021-04-27,4.89,24.64,21.04,29.98,nasa,0.58
2021-04-28,0.49,23.5,18.86,29.42,nasa,0.58
2021-04-29,0.0,24.37,19.44,30.78,nasa,0.57
2021-04-30,10.96,24.94,19.62,31.38,nasa,0.56
2021-05-01,34.38,24.77,20.84,30.09,nasa,0.62
2021-05-02,0.0,25.2,20.35,31.56,nasa,0.62
2021-05-03,0.0,24.88,19.07,31.62,nasa,0.6
2021-05-04,0.0,25.19,19.92,32.11,nasa,0.59
2021-05-05,10.28,24.28,19.52,29.62,nasa,0.58
2021-05-06,14.41,24.08,21.3,27.89,nasa,0.6
2021-05-07,0.01,24.78,19.69,31.24,nasa,0.6
2021-05-08,0.0,24.99,20.86,30.24,nasa,0.59
2021-05-09,0.0,25.74,19.76,32.37,nasa,0.58
2021-05-10,0.0,26.61,21.06,32.93,nasa,0.57
2021-05-11,0.03,27.08,22.49,32.67,nasa,0.56
2021-05-12,0.02,26.44,22.38,31.77,nasa,0.55
2021-05-13,0.3,27.33,22.32,33.8,nasa,0.55
2021-05-14,3.34,26.2,22.61,31.39,nasa,0.55
2021-05-15,1.76,26.16,21.52,32.77,nasa,0.55
2021-05-16,2.79,25.62,21.11,31.47,nasa,0.54
2021-05-17,14.56,25.67,23.27,29.6,nasa,0.55
2021-05-18,9.48,25.5,22.56,29.5,nasa,0.58
2021-05-19,3.11,25.6,22.58,30.83,nasa,0.58
2021-05-20,8.69,25.3,21.45,30.48,nasa,0.58
2021-05-21,3.92,25.12,21.73,29.15,nasa,0.59
2021-05-22,5.3,24.43,21.72,28.08,nasa,0.59
2021-05-23,9.31,24.73,21.56,28.88,nasa,0.59
2021-05-24,7.98,23.89,22.24,26.14,nasa,0.6
2021-05-25,9.33,23.0,21.07,24.96,nasa,0.62
2021-05-26,9.63,23.54,20.67,27.12,nasa,0.62
2021-05-27,7.66,24.89,21.2,29.64,nasa,0.63
2021-05-28,0.06,25.44,20.88,30.27,nasa,0.62
2021-05-29,0.16,26.15,21.8,31.4,nasa,0.6
2021-05-30,0.0,25.9,22.23,30.71,nasa,0.59
2021-05-31,0.0,25.97,22.32,30.61,nasa,0.58
2021-06-01,0.06,26.31,22.53,30.84,nasa,0.57
2021-06-02,0.48,25.91,23.0,29.72,nasa,0.57
2021-06-03,0.38,25.83,22.08,30.53,nasa,0.56
2021-06-04,0.17,26.04,22.11,30.76,nasa,0.56
2021-06-05,1.39,24.89,22.63,27.82,nasa,0.56
2021-06-06,4.33,24.77,21.78,28.71,nasa,0.56
2021-06-07,33.12,23.08,20.41,26.9,nasa,0.59
2021-06-08,11.96,22.35,19.45,26.48,nasa,0.63
2021-06-09,6.23,23.08,20.03,27.23,nasa,0.63
2021-06-10,18.72,23.06,20.4,26.84,nasa,0.63
2021-06-11,11.9,22.66,20.6,25.57,nasa,0.66
2021-06-12,11.89,21.93,19.89,24.51,nasa,0.66
2021-06-13,5.74,22.92,19.72,26.72,nasa,0.65
2021-06-14,1.79,23.63,20.31,28.22,nasa,0.64
2021-06-15,32.41,23.81,21.24,27.66,nasa,0.66
2021-06-16,0.8,23.09,21.11,25.73,nasa,0.67
2021-06-17,0.09,23.86,19.62,28.58,nasa,0.66
2021-06-18,0.01,24.5,21.55,28.11,nasa,0.64
2021-06-19,0.16,24.18,22.29,26.89,nasa,0.63
2021-06-20,2.38,24.49,21.58,28.62,nasa,0.62
2021-06-21,25.17,24.39,21.84,28.29,nasa,0.63
2021-06-22,23.56,24.0,20.97,28.43,nasa,0.67
2021-06-23,2.65,24.22,21.01,28.05,nasa,0.68
2021-06-24,4.26,23.66,21.62,26.47,nasa,0.67
2021-06-25,2.37,23.85,21.72,27.02,nasa,0.66
2021-06-26,0.0,24.17,21.63,27.96,nasa,0.65
2021-06-27,0.0,24.7,20.83,29.69,nasa,0.64
2021-06-28,0.01,24.99,21.33,29.6,nasa,0.62
2021-06-29,0.25,24.35,21.69,28.31,nasa,0.62
2021-06-30,0.77,24.13,21.52,28.27,nasa,0.61
2021-07-01,0.11,24.31,20.29,29.54,nasa,0.6
2021-07-02,0.13,25.09,21.28,30.1,nasa,0.59
2021-07-03,0.25,25.59,21.41,30.26,nasa,0.59
2021-07-04,0.45,25.03,22.09,28.6,nasa,0.58
2021-07-05,10.87,24.35,21.59,28.5,nasa,0.58
2021-07-06,6.88,23.82,20.71,27.87,nasa,0.61
2021-07-07,4.61,23.19,20.13,26.72,nasa,0.61
2021-07-08,36.59,23.22,20.38,26.59,nasa,0.62
2021-07-09,68.92,23.29,20.38,26.96,nasa,0.72
2021-07-10,0.3,24.23,20.76,28.77,nasa,0.71
2021-07-11,0.16,23.83,20.33,28.13,nasa,0.69
2021-07-12,2.31,24.11,19.72,29.3,nasa,0.67
2021-07-13,16.64,23.93,20.35,28.12,nasa,0.67
2021-07-14,8.12,24.81,20.97,30.2,nasa,0.68
2021-07-15,11.97,23.85,21.34,27.01,nasa,0.68
2021-07-16,1.67,23.76,21.09,27.45,nasa,0.68
2021-07-17,1.15,24.43,21.36,28.49,nasa,0.66
2021-07-18,20.72,23.6,21.36,26.77,nasa,0.67
2021-07-19,11.66,22.62,20.24,25.26,nasa,0.69
2021-07-20,5.2,23.22,20.48,26.76,nasa,0.68
2021-07-21,6.95,23.59,20.82,27.18,nasa,0.68
2021-07-22,5.38,23.22,20.93,26.4,nasa,0.67
2021-07-23,18.38,23.01,21.51,25.76,nasa,0.68
2021-07-24,11.98,23.45,21.14,26.77,nasa,0.69
2021-07-25,5.63,23.65,20.68,27.34,nasa,0.68
2021-07-26,3.95,24.06,21.52,27.78,nasa,0.67
2021-07-27,7.72,24.06,21.36,27.91,nasa,0.67
2021-07-28,7.09,23.62,21.59,27.22,nasa,0.67
2021-07-29,3.7,24.4,22.04,27.98,nasa,0.67
2021-07-30,6.19,24.45,21.79,27.85,nasa,0.66
2021-07-31,3.17,23.77,21.05,27.88,nasa,0.66
2021-08-01,1.85,23.93,21.24,27.7,nasa,0.66
2021-08-02,3.53,24.25,21.67,27.88,nasa,0.65
2021-08-03,2.82,24.3,21.9,27.83,nasa,0.65
2021-08-04,2.88,24.05,21.4,27.71,nasa,0.65
2021-08-05,3.37,24.01,21.91,27.23,nasa,0.64
2021-08-06,3.65,23.78,20.6,27.58,nasa,0.64
2021-08-07,0.3,24.53,20.7,29.06,nasa,0.64
2021-08-08,1.66,25.06,22.35,29.14,nasa,0.63
2021-08-09,30.68,25.25,22.6,28.48,nasa,0.66
2021-08-10,20.65,24.75,22.59,27.96,nasa,0.7
2021-08-11,2.31,24.43,21.43,28.6,nasa,0.7
2021-08-12,5.44,24.03,21.17,27.84,nasa,0.69
2021-08-13,11.35,23.81,21.11,27.46,nasa,0.69
2021-08-14,45.35,23.53,21.2,27.18,nasa,0.72
2021-08-15,5.01,23.66,20.71,27.58,nasa,0.76
2021-08-16,2.47,24.64,20.66,29.53,nasa,0.73
2021-08-17,1.8,24.39,19.9,29.68,nasa,0.71
2021-08-18,3.16,25.12,19.83,30.35,nasa,0.7
2021-08-19,13.88,24.68,21.11,29.26,nasa,0.71
2021-08-20,6.81,24.47,20.42,29.17,nasa,0.7
2021-08-21,2.23,24.56,20.18,29.64,nasa,0.7
2021-08-22,8.76,23.18,21.26,25.48,nasa,0.69
2021-08-23,6.42,23.58,21.22,27.33,nasa,0.7
2021-08-24,15.44,23.71,20.8,27.28,nasa,0.71
2021-08-25,5.24,22.7,20.97,24.84,nasa,0.72
2021-08-26,16.7,23.56,20.5,27.51,nasa,0.72
2021-08-27,10.04,22.5,20.66,25.2,nasa,0.74
2021-08-28,11.06,23.08,19.66,27.4,nasa,0.73
2021-08-29,19.46,23.66,20.25,28.03,nasa,0.74
2021-08-30,37.33,23.95,20.86,27.95,nasa,0.76
2021-08-31,5.47,23.85,20.86,27.85,nasa,0.78
2021-09-01,0.81,25.13,20.56,30.66,nasa,0.76
2021-09-02,2.8,24.44,21.68,28.58,nasa,0.74
2021-09-03,8.33,24.12,20.98,28.57,nasa,0.73
2021-09-04,9.16,23.34,21.07,26.66,nasa,0.74
2021-09-05,11.7,22.77,20.84,25.23,nasa,0.74
2021-09-06,11.19,22.37,20.23,24.87,nasa,0.75
2021-09-07,27.49,23.15,21.45,25.69,nasa,0.78
2021-09-08,32.85,23.21,20.9,26.38,nasa,0.8
2021-09-09,33.07,23.14,21.03,26.37,nasa,0.81
2021-09-10,14.01,22.86,19.99,27.11,nasa,0.82
2021-09-11,14.81,22.6,20.95,25.42,nasa,0.81
2021-09-12,20.23,22.95,20.99,25.78,nasa,0.82
2021-09-13,8.33,23.67,20.85,28.0,nasa,0.81
2021-09-14,9.21,23.22,20.3,26.25,nasa,0.8
2021-09-15,12.46,23.82,20.27,28.57,nasa,0.8
2021-09-16,4.82,24.13,19.87,29.19,nasa,0.8
2021-09-17,4.32,24.7,20.75,29.5,nasa,0.79
2021-09-18,2.21,23.85,20.79,28.34,nasa,0.79
2021-09-19,15.56,23.27,19.9,28.0,nasa,0.79
2021-09-20,10.55,23.44,20.54,27.56,nasa,0.79
2021-09-21,14.7,23.75,20.26,28.39,nasa,0.8
2021-09-22,10.82,23.7,20.63,28.2,nasa,0.81
2021-09-23,18.32,22.37,21.17,24.06,nasa,0.82
2021-09-24,28.02,23.58,20.61,27.79,nasa,0.83
2021-09-25,9.04,23.43,21.12,27.88,nasa,0.84
2021-09-26,0.4,23.66,20.58,28.38,nasa,0.83
2021-09-27,0.26,24.07,20.02,29.4,nasa,0.81
2021-09-28,0.45,24.14,19.08,29.52,nasa,0.8
2021-09-29,2.78,24.38,21.21,28.95,nasa,0.8
2021-09-30,27.42,24.53,20.53,29.37,nasa,0.81
2021-10-01,3.21,24.55,20.82,29.39,nasa,0.82
2021-10-02,5.58,24.07,21.75,27.48,nasa,0.82
2021-10-03,2.92,23.24,21.22,26.27,nasa,0.82
2021-10-04,5.43,23.38,20.4,27.76,nasa,0.81
2021-10-05,27.51,22.85,20.64,26.41,nasa,0.82
2021-10-06,34.1,21.85,19.91,24.38,nasa,0.86
2021-10-07,4.31,22.54,20.16,25.76,nasa,0.86
2021-10-08,3.7,23.6,21.21,27.01,nasa,0.85
2021-10-09,3.92,23.58,21.48,27.31,nasa,0.84
2021-10-10,10.44,23.56,21.38,27.08,nasa,0.84
2021-10-11,7.57,23.63,21.54,26.88,nasa,0.85
2021-10-12,6.55,23.39,21.7,26.51,nasa,0.85
2021-10-13,22.38,22.91,20.64,26.66,nasa,0.85
2021-10-14,10.75,23.01,20.09,26.84,nasa,0.87
2021-10-15,17.14,23.42,20.72,27.01,nasa,0.87
2021-10-16,53.52,22.47,21.23,24.49,nasa,0.9
2021-10-17,37.6,22.88,20.29,26.5,nasa,0.93
2021-10-18,1.24,23.18,20.58,26.98,nasa,0.92
2021-10-19,0.9,23.41,20.38,27.33,nasa,0.91
2021-10-20,2.93,23.35,20.71,27.37,nasa,0.9
2021-10-21,10.14,23.14,20.51,26.88,nasa,0.91
2021-10-22,5.1,23.2,20.04,27.54,nasa,0.91
2021-10-23,8.41,21.87,18.86,24.28,nasa,0.91
2021-10-24,10.9,21.75,18.09,26.95,nasa,0.91
2021-10-25,11.45,22.77,20.27,26.04,nasa,0.91
2021-10-26,8.1,22.35,19.5,25.99,nasa,0.91
2021-10-27,59.09,22.68,20.99,25.23,nasa,0.94
2021-10-28,0.42,23.44,20.42,27.6,nasa,0.94
2021-10-29,0.51,23.18,20.19,26.96,nasa,0.93
2021-10-30,2.0,22.83,20.48,26.37,nasa,0.92
2021-10-31,4.59,22.74,20.75,25.59,nasa,0.92
2021-11-01,0.28,23.08,19.85,27.62,nasa,0.92
2021-11-02,0.28,22.95,19.8,27.36,nasa,0.91
2021-11-03,1.47,23.16,20.11,27.63,nasa,0.9
2021-11-04,0.93,23.14,20.33,27.42,nasa,0.9
2021-11-05,0.0,23.26,21.08,26.8,nasa,0.89
2021-11-06,0.11,24.07,19.92,29.12,nasa,0.89
2021-11-07,1.34,23.34,20.25,27.83,nasa,0.88
2021-11-08,4.91,23.45,21.14,27.18,nasa,0.87
2021-11-09,8.09,22.6,20.65,25.09,nasa,0.88
2021-11-10,9.67,22.08,20.34,24.73,nasa,0.88
2021-11-11,33.26,22.18,21.02,24.59,nasa,0.9
2021-11-12,14.38,22.41,20.67,25.7,nasa,0.91
2021-11-13,7.25,22.73,20.16,26.63,nasa,0.91
2021-11-14,16.33,22.77,20.67,26.05,nasa,0.91
2021-11-15,6.42,22.85,20.39,26.65,nasa,0.91
2021-11-16,9.61,22.35,20.35,24.79,nasa,0.91
2021-11-17,6.02,22.77,20.04,26.45,nasa,0.91
2021-11-18,10.05,22.52,20.75,25.44,nasa,0.91
2021-11-19,0.85,22.94,20.2,27.22,nasa,0.91
2021-11-20,0.23,22.7,18.98,27.42,nasa,0.9
2021-11-21,1.55,23.23,19.77,27.91,nasa,0.89
2021-11-22,6.57,22.47,20.47,25.84,nasa,0.89
2021-11-23,1.83,22.32,20.38,26.05,nasa,0.89
2021-11-24,3.63,22.42,20.76,25.64,nasa,0.88
2021-11-25,0.28,21.77,19.67,25.35,nasa,0.88
2021-11-26,1.07,21.55,19.13,25.29,nasa,0.87
2021-11-27,17.05,20.97,18.67,23.73,nasa,0.88
2021-11-28,10.44,21.82,20.33,24.75,nasa,0.89
2021-11-29,21.42,22.34,20.56,24.63,nasa,0.9
2021-11-30,52.03,21.62,19.25,23.44,nasa,0.92
2021-12-01,1.77,19.46,17.9,21.74,nasa,0.93
2021-12-02,0.3,19.86,16.74,24.47,nasa,0.91
2021-12-03,0.52,18.15,14.88,22.64,nasa,0.91
2021-12-04,0.0,17.0,13.57,21.47,nasa,0.9
2021-12-05,0.02,19.69,15.3,25.03,nasa,0.89
2021-12-06,0.08,20.07,17.45,24.6,nasa,0.89
2021-12-07,0.01,18.94,15.86,23.48,nasa,0.88
2021-12-08,0.65,20.14,15.37,25.78,nasa,0.88
2021-12-09,1.19,20.76,18.02,24.44,nasa,0.87
2021-12-10,0.0,19.52,17.06,23.84,nasa,0.86
2021-12-11,0.01,20.14,16.84,25.01,nasa,0.86
2021-12-12,0.21,21.15,17.97,25.79,nasa,0.85
2021-12-13,0.85,20.72,18.25,24.67,nasa,0.85
2021-12-14,1.02,21.24,19.01,25.53,nasa,0.84
2021-12-15,0.09,21.99,18.91,26.75,nasa,0.84
2021-12-16,0.01,22.28,18.73,27.37,nasa,0.83
2021-12-17,0.14,21.61,18.33,26.27,nasa,0.83
2021-12-18,1.85,20.27,17.76,24.06,nasa,0.82
2021-12-19,3.97,18.73,17.65,20.59,nasa,0.82
2021-12-20,0.01,21.95,16.82,27.62,nasa,0.82
2021-12-21,0.46,22.6,19.17,27.68,nasa,0.82
2021-12-22,0.59,21.24,19.18,25.25,nasa,0.81
2021-12-23,0.56,21.4,18.12,26.11,nasa,0.81
2021-12-24,0.0,21.17,18.43,25.63,nasa,0.8
2021-12-25,0.08,21.2,17.85,25.78,nasa,0.8
2021-12-26,1.27,21.5,18.69,26.03,nasa,0.8
2021-12-27,10.64,20.54,17.47,25.25,nasa,0.8
2021-12-28,4.45,21.22,19.1,25.01,nasa,0.8
2021-12-29,0.34,21.57,19.24,25.56,nasa,0.8
2021-12-30,0.12,20.9,18.7,24.99,nasa,0.79
2021-12-31,0.08,19.96,18.09,23.73,nasa,0.79
2022-01-01,0.49,20.61,18.05,25.39,nasa,0.78
2022-01-02,0.55,20.83,18.6,25.02,nasa,0.78
2022-01-03,1.47,20.37,18.44,24.15,nasa,0.78
2022-01-04,0.08,21.14,18.18,25.72,nasa,0.78
2022-01-05,0.26,21.63,18.74,26.18,nasa,0.77
2022-01-06,0.0,21.13,18.29,25.87,nasa,0.77
2022-01-07,0.0,20.88,17.59,25.8,nasa,0.77
2022-01-08,0.23,20.74,16.95,25.98,nasa,0.76
2022-01-09,2.72,20.82,17.03,26.03,nasa,0.76
2022-01-10,0.23,21.08,17.57,26.37,nasa,0.76
2022-01-11,0.01,19.45,16.18,24.36,nasa,0.75
2022-01-12,0.09,19.76,16.38,25.09,nasa,0.75
2022-01-13,0.06,18.91,16.07,23.77,nasa,0.75
2022-01-14,0.0,18.99,15.45,24.17,nasa,0.74
2022-01-15,0.0,18.72,14.68,24.65,nasa,0.74
2022-01-16,0.0,19.56,14.42,25.61,nasa,0.74
2022-01-17,0.16,20.56,16.57,25.92,nasa,0.73
2022-01-18,0.48,19.94,16.58,24.95,nasa,0.73
2022-01-19,0.04,19.59,16.42,24.72,nasa,0.73
2022-01-20,0.0,19.67,16.15,24.97,nasa,0.73
2022-01-21,0.0,20.01,15.7,25.82,nasa,0.72
2022-01-22,0.0,20.61,15.28,26.9,nasa,0.72
2022-01-23,0.0,21.71,15.95,27.42,nasa,0.72
2022-01-24,0.0,22.28,17.32,27.86,nasa,0.71
2022-01-25,0.0,21.75,18.02,27.18,nasa,0.71
2022-01-26,0.0,21.21,17.03,26.86,nasa,0.71
2022-01-27,0.0,20.43,17.0,25.76,nasa,0.71
2022-01-28,0.0,21.45,16.62,27.44,nasa,0.71
2022-01-29,0.0,22.34,17.62,27.77,nasa,0.7
2022-01-30,0.09,22.63,17.52,28.62,nasa,0.7
2022-01-31,0.05,22.35,18.84,27.49,nasa,0.7
2022-02-01,0.08,21.45,17.57,27.12,nasa,0.7
2022-02-02,0.0,21.93,17.36,27.92,nasa,0.69
2022-02-03,0.0,22.31,18.7,27.67,nasa,0.69
2022-02-04,0.26,21.62,18.65,26.86,nasa,0.69
2022-02-05,1.29,20.96,18.49,25.61,nasa,0.69
2022-02-06,1.82,21.14,17.77,26.47,nasa,0.69
2022-02-07,0.02,22.52,18.59,28.36,nasa,0.68
2022-02-08,0.0,22.69,18.84,28.23,nasa,0.68
2022-02-09,0.01,22.56,18.97,28.1,nasa,0.68
2022-02-10,0.06,22.16,19.24,27.21,nasa,0.68
2022-02-11,0.09,22.4,19.04,27.62,nasa,0.67
2022-02-12,0.28,22.57,19.01,28.08,nasa,0.67
2022-02-13,0.24,22.93,19.36,28.32,nasa,0.67
2022-02-14,0.39,23.11,19.77,28.47,nasa,0.66
2022-02-15,0.33,22.93,19.61,28.42,nasa,0.66
2022-02-16,2.33,23.12,19.04,28.8,nasa,0.66
2022-02-17,8.04,22.63,19.88,26.88,nasa,0.67
2022-02-18,0.18,23.28,19.36,28.86,nasa,0.67
2022-02-19,0.0,23.76,18.07,29.96,nasa,0.66
2022-02-20,0.07,23.47,19.02,29.68,nasa,0.66
2022-02-21,0.06,20.82,16.32,26.76,nasa,0.65
2022-02-22,0.0,19.99,15.2,26.38,nasa,0.65
2022-02-23,0.0,19.15,15.22,25.08,nasa,0.65
2022-02-24,0.0,19.27,15.42,24.64,nasa,0.65
2022-02-25,0.03,21.05,17.43,26.51,nasa,0.64
2022-02-26,0.08,21.52,18.58,25.88,nasa,0.64
2022-02-27,0.09,21.9,18.18,27.71,nasa,0.64
2022-02-28,0.0,22.13,17.2,28.61,nasa,0.64
2022-03-01,0.0,22.65,17.65,29.07,nasa,0.63
2022-03-02,0.0,22.45,18.78,27.76,nasa,0.63
2022-03-03,0.0,22.92,18.73,28.9,nasa,0.62
2022-03-04,0.01,23.14,17.83,30.39,nasa,0.62
2022-03-05,0.0,23.41,17.93,29.99,nasa,0.61
2022-03-06,0.0,23.71,19.85,29.55,nasa,0.61
2022-03-07,0.01,23.04,18.75,29.6,nasa,0.61
2022-03-08,0.05,22.19,17.51,28.93,nasa,0.6
2022-03-09,0.0,20.89,15.49,28.4,nasa,0.6
2022-03-10,0.0,20.49,14.52,27.63,nasa,0.6
2022-03-11,0.0,21.37,15.93,28.69,nasa,0.6
2022-03-12,0.0,22.02,16.88,28.52,nasa,0.59
2022-03-13,0.0,23.82,18.23,30.68,nasa,0.59
2022-03-14,0.0,25.13,19.85,31.83,nasa,0.59
2022-03-15,0.0,24.2,18.5,30.52,nasa,0.59
2022-03-16,0.07,24.33,18.57,31.53,nasa,0.58
2022-03-17,0.24,24.4,18.65,32.01,nasa,0.58
2022-03-18,1.98,24.9,19.54,31.95,nasa,0.58
2022-03-19,0.84,24.61,20.02,32.09,nasa,0.58
2022-03-20,6.77,24.21,19.01,30.98,nasa,0.58
2022-03-21,6.33,23.71,19.61,29.88,nasa,0.59
2022-03-22,0.43,24.54,19.86,31.02,nasa,0.59
2022-03-23,1.58,24.84,19.76,30.93,nasa,0.59
2022-03-24,3.81,24.95,20.37,30.62,nasa,0.59
2022-03-25,4.81,25.48,21.3,30.88,nasa,0.59
2022-03-26,0.0,25.44,21.22,30.48,nasa,0.59
2022-03-27,0.01,26.2,21.67,31.44,nasa,0.59
2022-03-28,0.0,25.05,20.99,30.95,nasa,0.58
2022-03-29,0.07,24.0,19.95,30.07,nasa,0.58
2022-03-30,29.13,22.57,19.47,27.79,nasa,0.58
2022-03-31,17.98,21.87,19.72,24.12,nasa,0.63
2022-04-01,8.6,23.78,21.06,28.38,nasa,0.65
2022-04-02,2.27,22.93,19.8,27.62,nasa,0.64
2022-04-03,0.14,21.41,18.3,26.4,nasa,0.63
2022-04-04,2.69,22.05,18.55,27.11,nasa,0.62
2022-04-05,6.24,22.76,19.49,28.47,nasa,0.62
2022-04-06,1.53,23.27,19.58,29.05,nasa,0.62
2022-04-07,0.0,21.89,17.22,27.29,nasa,0.61
2022-04-08,0.0,21.72,16.37,28.87,nasa,0.6
2022-04-09,0.0,22.38,17.09,29.21,nasa,0.6
2022-04-10,0.0,23.34,16.46,30.54,nasa,0.59
2022-04-11,0.02,24.51,18.24,31.35,nasa,0.58
2022-04-12,0.07,25.62,19.81,31.87,nasa,0.58
2022-04-13,0.04,26.29,21.08,31.91,nasa,0.57
2022-04-14,0.27,26.38,21.31,32.17,nasa,0.57
2022-04-15,1.01,24.93,22.1,28.87,nasa,0.57
2022-04-16,1.72,24.89,20.54,30.77,nasa,0.57
2022-04-17,0.0,24.89,19.52,31.49,nasa,0.56
2022-04-18,0.0,23.84,19.3,30.23,nasa,0.56
2022-04-19,0.0,23.72,18.67,30.25,nasa,0.55
2022-04-20,0.03,24.61,19.29,31.39,nasa,0.55
2022-04-21,0.0,25.41,20.34,32.01,nasa,0.55
2022-04-22,0.0,26.21,19.87,33.26,nasa,0.54
2022-04-23,0.62,26.84,21.52,33.86,nasa,0.54
2022-04-24,3.87,25.81,21.0,31.97,nasa,0.54
2022-04-25,0.0,26.83,21.51,33.45,nasa,0.54
2022-04-26,0.0,27.25,22.53,32.98,nasa,0.54
2022-04-27,0.0,27.78,22.67,34.55,nasa,0.54
2022-04-28,0.99,26.28,21.61,31.59,nasa,0.53
2022-04-29,26.81,23.78,21.22,28.05,nasa,0.56
2022-04-30,17.51,24.0,21.56,27.7,nasa,0.6
2022-05-01,9.97,24.64,20.74,29.89,nasa,0.62
2022-05-02,7.54,24.75,21.69,29.78,nasa,0.63
2022-05-03,1.5,22.46,20.38,24.75,nasa,0.62
2022-05-04,0.05,23.49,21.44,26.21,nasa,0.62
2022-05-05,0.08,25.11,21.31,30.61,nasa,0.61
2022-05-06,0.12,24.67,20.75,30.16,nasa,0.6
2022-05-07,0.68,24.68,20.46,30.7,nasa,0.59
2022-05-08,1.87,24.82,21.06,30.34,nasa,0.58
2022-05-09,0.2,25.71,21.11,32.1,nasa,0.57
2022-05-10,0.15,26.54,20.66,33.69,nasa,0.57
2022-05-11,3.35,25.89,22.16,30.91,nasa,0.56
2022-05-12,1.2,25.24,22.75,29.34,nasa,0.56
2022-05-13,0.35,26.13,21.98,31.2,nasa,0.56
2022-05-14,1.16,26.21,22.65,30.97,nasa,0.56
2022-05-15,1.84,26.29,22.42,31.63,nasa,0.56
2022-05-16,14.23,25.29,22.85,29.78,nasa,0.56
2022-05-17,12.69,25.22,22.1,30.5,nasa,0.6
2022-05-18,9.81,24.1,21.45,27.83,nasa,0.6
2022-05-19,17.83,23.99,21.61,27.24,nasa,0.61
2022-05-20,15.64,24.19,21.01,28.73,nasa,0.65
2022-05-21,17.04,24.45,21.57,28.85,nasa,0.65
2022-05-22,21.16,23.05,20.49,26.48,nasa,0.68
2022-05-23,4.79,22.92,20.04,27.68,nasa,0.68
2022-05-24,1.93,23.73,19.98,28.85,nasa,0.66
2022-05-25,1.34,24.3,20.54,29.53,nasa,0.65
2022-05-26,9.3,23.02,21.09,25.91,nasa,0.65
2022-05-27,12.19,22.94,20.63,25.84,nasa,0.65
2022-05-28,5.93,22.28,20.36,25.22,nasa,0.66
2022-05-29,9.11,23.85,20.41,28.53,nasa,0.66
2022-05-30,0.5,24.34,21.38,28.44,nasa,0.65
2022-05-31,1.78,25.19,21.3,29.9,nasa,0.64
2022-06-01,10.88,24.87,22.39,28.43,nasa,0.64
2022-06-02,18.14,23.9,21.82,26.24,nasa,0.66
2022-06-03,5.97,23.69,21.15,26.76,nasa,0.67
2022-06-04,9.49,23.97,20.67,28.67,nasa,0.66
2022-06-05,26.73,23.76,20.08,28.45,nasa,0.69
2022-06-06,0.0,24.98,21.21,29.6,nasa,0.69
2022-06-07,0.37,24.09,21.74,27.23,nasa,0.67
2022-06-08,2.06,23.79,21.08,27.05,nasa,0.66
2022-06-09,0.08,25.0,21.52,29.63,nasa,0.65
2022-06-10,1.96,24.36,22.14,27.44,nasa,0.64
2022-06-11,3.3,24.45,22.04,27.52,nasa,0.64
2022-06-12,15.99,24.59,21.69,28.51,nasa,0.66
2022-06-13,0.0,24.78,21.14,29.01,nasa,0.66
2022-06-14,4.66,25.17,21.59,29.23,nasa,0.65
2022-06-15,7.41,24.76,22.43,27.98,nasa,0.66
2022-06-16,0.24,24.15,21.73,27.33,nasa,0.65
2022-06-17,0.01,24.74,22.42,28.06,nasa,0.65
2022-06-18,0.03,24.56,21.96,28.18,nasa,0.64
2022-06-19,0.02,24.59,21.54,28.56,nasa,0.63
2022-06-20,0.02,24.86,21.11,29.58,nasa,0.63
2022-06-21,5.61,24.12,21.92,27.06,nasa,0.62
2022-06-22,15.21,24.04,20.69,28.43,nasa,0.65
2022-06-23,3.13,24.28,21.54,28.11,nasa,0.65
2022-06-24,34.71,23.74,21.41,26.97,nasa,0.67
2022-06-25,17.67,24.34,21.57,28.64,nasa,0.71
2022-06-26,1.79,25.3,21.02,30.0,nasa,0.71
2022-06-27,0.05,25.25,22.04,29.24,nasa,0.69
2022-06-28,1.95,24.57,22.12,27.54,nasa,0.67
2022-06-29,7.88,23.98,21.86,26.65,nasa,0.68
2022-06-30,8.6,23.44,22.06,25.64,nasa,0.68
2022-07-01,2.68,23.05,20.45,26.3,nasa,0.68
2022-07-02,6.25,23.28,20.78,26.83,nasa,0.67
2022-07-03,1.44,24.11,21.32,28.36,nasa,0.67
2022-07-04,3.41,24.29,21.84,27.6,nasa,0.66
2022-07-05,12.98,23.55,21.28,26.32,nasa,0.67
2022-07-06,4.33,23.9,22.09,26.69,nasa,0.68
2022-07-07,5.48,24.26,22.05,27.64,nasa,0.68
2022-07-08,18.49,23.85,21.66,26.96,nasa,0.7
2022-07-09,16.13,22.34,20.78,24.32,nasa,0.72
2022-07-10,6.49,23.16,20.9,26.82,nasa,0.71
2022-07-11,27.5,22.99,21.34,25.65,nasa,0.73
2022-07-12,38.2,23.25,20.56,26.38,nasa,0.75
2022-07-13,15.06,22.82,20.98,25.49,nasa,0.79
2022-07-14,8.64,23.6,21.11,27.14,nasa,0.77
2022-07-15,3.26,24.66,21.15,28.77,nasa,0.75
2022-07-16,8.39,24.32,22.12,27.66,nasa,0.74
2022-07-17,2.83,24.05,22.05,27.59,nasa,0.73
2022-07-18,1.28,24.17,21.51,27.68,nasa,0.72
2022-07-19,3.3,23.76,21.87,26.67,nasa,0.71
2022-07-20,18.02,22.78,20.94,24.81,nasa,0.73
2022-07-21,31.44,22.65,20.27,26.16,nasa,0.75
2022-07-22,0.49,23.8,19.76,28.52,nasa,0.76
2022-07-23,0.01,24.46,20.72,29.35,nasa,0.74
2022-07-24,0.0,24.91,19.62,30.52,nasa,0.72
2022-07-25,1.97,24.89,21.2,29.4,nasa,0.71
2022-07-26,23.42,23.87,21.09,27.75,nasa,0.72
2022-07-27,8.95,24.55,20.49,30.23,nasa,0.74
2022-07-28,0.55,24.58,20.75,29.14,nasa,0.73
2022-07-29,4.14,24.76,21.87,28.65,nasa,0.72
2022-07-30,9.6,23.89,21.97,26.59,nasa,0.72
2022-07-31,25.69,24.05,21.63,27.45,nasa,0.74
2022-08-01,45.09,23.44,20.67,27.74,nasa,0.79
2022-08-02,2.28,23.76,20.1,28.02,nasa,0.79
2022-08-03,8.18,23.51,21.33,26.74,nasa,0.77
2022-08-04,4.84,23.79,21.43,26.94,nasa,0.77
2022-08-05,12.02,22.84,21.27,25.35,nasa,0.76
2022-08-06,29.1,22.84,20.73,25.71,nasa,0.78
2022-08-07,29.31,22.87,20.82,25.92,nasa,0.79
2022-08-08,54.43,22.63,21.07,24.82,nasa,0.86
2022-08-09,20.57,21.89,19.44,25.15,nasa,0.86
2022-08-10,19.51,23.39,20.2,27.44,nasa,0.84
2022-08-11,14.49,22.97,20.2,26.66,nasa,0.84
2022-08-12,0.21,23.68,19.96,28.6,nasa,0.82
2022-08-13,3.13,23.66,20.79,27.27,nasa,0.81
2022-08-14,18.37,23.65,20.86,26.96,nasa,0.82
2022-08-15,6.24,23.58,21.17,26.93,nasa,0.82
2022-08-16,5.1,23.57,20.77,27.79,nasa,0.83
2022-08-17,2.03,23.62,20.86,27.19,nasa,0.82
2022-08-18,2.84,23.61,20.62,27.45,nasa,0.81
2022-08-19,24.71,23.09,21.26,25.79,nasa,0.83
2022-08-20,36.58,23.11,20.57,26.02,nasa,0.86
2022-08-21,7.09,23.96,20.75,28.26,nasa,0.86
2022-08-22,2.58,23.95,20.93,27.85,nasa,0.85
2022-08-23,5.26,23.68,21.88,26.56,nasa,0.85
2022-08-24,6.6,24.35,21.33,28.73,nasa,0.85
2022-08-25,1.0,23.5,20.95,27.92,nasa,0.84
2022-08-26,2.79,23.55,20.54,27.66,nasa,0.84
2022-08-27,6.95,24.34,20.98,29.48,nasa,0.84
2022-08-28,1.28,24.06,20.88,28.78,nasa,0.83
2022-08-29,7.59,23.4,20.37,27.1,nasa,0.83
2022-08-30,2.22,24.84,20.42,29.95,nasa,0.84
2022-08-31,1.79,25.05,21.19,29.6,nasa,0.83
2022-09-01,0.84,25.42,22.19,29.58,nasa,0.82
2022-09-02,22.97,24.91,22.63,28.2,nasa,0.82
2022-09-03,22.7,24.23,22.2,27.37,nasa,0.85
2022-09-04,1.92,24.13,21.94,27.88,nasa,0.85
2022-09-05,14.57,23.3,21.4,26.54,nasa,0.85
2022-09-06,11.93,22.42,20.8,25.44,nasa,0.86
2022-09-07,41.01,22.88,20.52,25.76,nasa,0.89
2022-09-08,12.5,23.26,19.8,27.35,nasa,0.9
2022-09-09,1.73,24.25,20.55,28.98,nasa,0.89
2022-09-10,2.03,24.24,20.62,29.64,nasa,0.88
2022-09-11,4.81,23.79,19.49,29.04,nasa,0.87
2022-09-12,4.55,24.73,20.37,29.49,nasa,0.87
2022-09-13,2.85,24.77,21.81,28.56,nasa,0.87
2022-09-14,24.91,23.78,21.37,27.3,nasa,0.88
2022-09-15,46.88,22.99,20.31,26.74,nasa,0.91
2022-09-16,8.69,23.49,20.29,27.71,nasa,0.92
2022-09-17,11.0,23.35,21.5,26.79,nasa,0.92
2022-09-18,5.47,23.23,20.44,27.2,nasa,0.91
2022-09-19,1.86,23.58,20.94,27.55,nasa,0.91
2022-09-20,6.89,22.56,20.52,24.83,nasa,0.9
2022-09-21,11.93,23.61,21.01,27.07,nasa,0.91
2022-09-22,10.81,23.3,20.99,26.2,nasa,0.92
2022-09-23,1.88,23.67,20.49,28.0,nasa,0.91
2022-09-24,7.89,23.58,20.79,26.74,nasa,0.91
2022-09-25,56.86,23.03,21.4,25.46,nasa,0.94
2022-09-26,2.25,22.77,20.29,26.16,nasa,0.94
2022-09-27,11.61,21.88,19.44,24.66,nasa,0.94
2022-09-28,25.24,22.51,20.75,25.48,nasa,0.95
2022-09-29,0.98,23.42,20.12,27.44,nasa,0.95
2022-09-30,2.26,23.36,20.38,27.39,nasa,0.94
2022-10-01,0.99,23.59,20.84,26.9,nasa,0.93
2022-10-02,6.22,23.77,21.03,27.93,nasa,0.93
2022-10-03,3.87,23.13,20.43,26.93,nasa,0.93
2022-10-04,11.48,22.5,20.19,26.09,nasa,0.93
2022-10-05,1.18,22.9,19.7,27.51,nasa,0.93
2022-10-06,2.5,22.43,19.41,26.69,nasa,0.92
2022-10-07,1.96,22.77,18.49,27.66,nasa,0.92
2022-10-08,15.55,22.77,19.98,26.74,nasa,0.92
2022-10-09,3.89,22.35,18.9,26.25,nasa,0.92
2022-10-10,22.24,21.84,18.8,25.21,nasa,0.93
2022-10-11,12.13,22.48,20.93,24.74,nasa,0.94
2022-10-12,5.74,23.11,20.24,27.7,nasa,0.93
2022-10-13,4.89,21.81,18.82,25.57,nasa,0.93
2022-10-14,24.62,20.19,19.14,22.14,nasa,0.94
2022-10-15,0.82,23.12,18.2,29.24,nasa,0.94
2022-10-16,4.09,23.78,19.9,29.09,nasa,0.93
2022-10-17,2.13,22.38,19.31,26.43,nasa,0.93
2022-10-18,0.77,22.38,17.79,27.78,nasa,0.92
2022-10-19,2.37,23.31,19.43,28.31,nasa,0.91
2022-10-20,0.12,23.57,20.28,28.54,nasa,0.9
2022-10-21,0.0,23.14,19.92,27.82,nasa,0.9
2022-10-22,0.29,22.83,19.73,27.24,nasa,0.89
2022-10-23,3.18,22.85,20.36,26.17,nasa,0.89
2022-10-24,1.24,23.26,19.03,28.09,nasa,0.88
2022-10-25,2.2,22.34,20.5,24.99,nasa,0.88
2022-10-26,4.29,22.49,19.56,25.89,nasa,0.88
2022-10-27,43.49,22.19,20.48,24.51,nasa,0.9
2022-10-28,0.54,22.32,19.63,26.85,nasa,0.9
2022-10-29,0.66,22.21,19.31,26.86,nasa,0.89
2022-10-30,0.0,21.93,19.23,25.68,nasa,0.89
2022-10-31,0.0,21.66,17.54,27.23,nasa,0.88
2022-11-01,0.0,21.83,17.01,27.14,nasa,0.87
2022-11-02,0.02,21.85,17.43,26.7,nasa,0.86
2022-11-03,1.29,22.18,18.54,26.87,nasa,0.86
2022-11-04,2.14,21.94,18.88,27.31,nasa,0.86
2022-11-05,0.01,20.78,18.78,23.92,nasa,0.85
2022-11-06,0.02,21.37,17.86,26.6,nasa,0.85
2022-11-07,0.0,21.89,18.06,27.37,nasa,0.84
2022-11-08,0.0,22.13,17.74,27.31,nasa,0.83
2022-11-09,0.06,22.64,19.83,26.39,nasa,0.83
2022-11-10,0.2,22.75,19.84,27.33,nasa,0.82
2022-11-11,0.57,22.17,20.0,25.71,nasa,0.82
2022-11-12,9.92,22.61,20.38,26.39,nasa,0.82
2022-11-13,9.89,22.49,20.91,24.98,nasa,0.83
2022-11-14,1.17,22.4,20.45,26.21,nasa,0.83
2022-11-15,0.35,23.01,20.42,27.25,nasa,0.83
2022-11-16,0.27,23.01,18.95,28.16,nasa,0.82
2022-11-17,0.91,23.05,20.2,27.66,nasa,0.81
2022-11-18,0.67,22.77,20.35,26.42,nasa,0.81
2022-11-19,17.19,21.65,20.36,24.55,nasa,0.82
2022-11-20,24.67,22.02,20.0,24.12,nasa,0.84
2022-11-21,3.42,22.88,21.2,25.6,nasa,0.85
2022-11-22,19.42,22.5,20.3,25.49,nasa,0.85
2022-11-23,3.63,23.51,19.94,28.48,nasa,0.85
2022-11-24,1.41,23.0,19.91,27.16,nasa,0.85
2022-11-25,1.26,22.44,18.83,27.33,nasa,0.84
2022-11-26,6.69,22.22,19.27,26.09,nasa,0.84
2022-11-27,1.26,22.95,19.54,27.62,nasa,0.84
2022-11-28,0.01,22.81,19.12,27.65,nasa,0.83
2022-11-29,0.01,22.72,18.72,28.16,nasa,0.83
2022-11-30,0.04,22.58,19.04,26.87,nasa,0.82
2022-12-01,0.39,22.8,20.67,26.64,nasa,0.82
2022-12-02,13.4,21.58,19.93,23.99,nasa,0.83
2022-12-03,12.4,20.96,19.02,24.59,nasa,0.83
2022-12-04,23.63,20.59,18.47,23.84,nasa,0.85
2022-12-05,5.2,21.3,19.08,24.73,nasa,0.85
2022-12-06,8.89,22.01,19.63,25.77,nasa,0.85
2022-12-07,18.3,21.76,19.97,24.42,nasa,0.86
2022-12-08,6.1,22.76,20.12,27.01,nasa,0.86
2022-12-09,3.21,21.51,18.77,25.78,nasa,0.85
2022-12-10,0.95,20.46,18.28,23.63,nasa,0.85
2022-12-11,7.56,20.29,17.36,25.0,nasa,0.84
2022-12-12,58.67,19.03,15.48,23.84,nasa,0.88
2022-12-13,0.01,17.83,14.94,22.52,nasa,0.89
2022-12-14,0.0,17.92,13.73,23.4,nasa,0.87
2022-12-15,0.01,19.31,15.21,24.35,nasa,0.86
2022-12-16,0.19,21.12,16.53,26.51,nasa,0.86
2022-12-17,0.75,21.4,17.82,25.53,nasa,0.85
2022-12-18,1.17,17.76,15.7,20.58,nasa,0.85
2022-12-19,0.09,18.36,15.56,22.78,nasa,0.84
2022-12-20,0.02,20.42,16.32,25.76,nasa,0.84
2022-12-21,0.16,21.08,18.3,25.65,nasa,0.83
2022-12-22,0.04,19.55,15.68,23.92,nasa,0.83
2022-12-23,0.01,17.34,13.86,22.47,nasa,0.83
2022-12-24,0.1,17.09,13.97,21.61,nasa,0.82
2022-12-25,0.0,16.89,14.13,21.48,nasa,0.82
2022-12-26,0.03,17.76,14.34,22.94,nasa,0.81
2022-12-27,0.13,18.08,14.62,22.96,nasa,0.81
2022-12-28,0.25,18.88,14.47,24.53,nasa,0.81
2022-12-29,0.83,19.58,15.99,24.5,nasa,0.8
2022-12-30,0.05,19.47,16.99,23.92,nasa,0.8
2022-12-31,0.04,18.22,16.31,21.77,nasa,0.8
2023-01-01,0.13,19.02,16.21,23.21,nasa,0.79
2023-01-02,0.32,19.96,16.76,24.66,nasa,0.79
2023-01-03,0.7,19.69,17.42,23.17,nasa,0.79
2023-01-04,1.36,19.94,17.87,23.57,nasa,0.79
2023-01-05,3.86,19.79,18.52,22.49,nasa,0.79
2023-01-06,6.9,18.73,17.13,20.95,nasa,0.79
2023-01-07,5.8,18.44,16.86,21.09,nasa,0.8
2023-01-08,4.0,19.7,16.7,23.11,nasa,0.8
2023-01-09,9.96,21.24,18.45,25.7,nasa,0.81
2023-01-10,4.97,21.19,18.74,25.3,nasa,0.8
2023-01-11,4.86,21.65,17.92,26.72,nasa,0.8
2023-01-12,2.12,22.44,18.96,27.45,nasa,0.8
2023-01-13,0.5,23.28,20.12,27.78,nasa,0.8
2023-01-14,0.51,23.27,19.84,28.44,nasa,0.79
2023-01-15,0.0,22.16,18.35,27.42,nasa,0.79
2023-01-16,0.06,19.99,16.03,25.4,nasa,0.78
2023-01-17,0.25,19.95,16.97,24.79,nasa,0.78
2023-01-18,0.06,19.15,16.25,24.01,nasa,0.77
2023-01-19,0.22,18.36,15.76,22.63,nasa,0.77
2023-01-20,0.0,19.61,16.06,25.11,nasa,0.77
2023-01-21,0.0,20.38,16.29,25.57,nasa,0.76
2023-01-22,0.0,21.79,18.16,27.04,nasa,0.76
2023-01-23,0.06,22.13,18.5,27.1,nasa,0.76
2023-01-24,1.29,21.15,16.98,26.04,nasa,0.75
2023-01-25,0.5,18.28,15.65,22.14,nasa,0.75
2023-01-26,0.0,19.53,14.99,25.45,nasa,0.75
2023-01-27,0.26,20.38,16.93,25.46,nasa,0.74
2023-01-28,0.5,18.44,15.36,22.28,nasa,0.74
2023-01-29,0.1,17.01,14.38,20.71,nasa,0.74
2023-01-30,0.0,17.08,13.26,22.56,nasa,0.74
2023-01-31,0.0,19.41,13.64,26.23,nasa,0.74
2023-02-01,0.06,21.56,17.1,27.57,nasa,0.73
2023-02-02,0.31,22.69,18.62,28.16,nasa,0.73
2023-02-03,0.04,22.5,19.33,27.34,nasa,0.73
2023-02-04,0.13,22.03,18.45,27.42,nasa,0.72
2023-02-05,0.0,21.69,17.63,27.51,nasa,0.72
2023-02-06,0.0,22.04,16.9,28.43,nasa,0.72
2023-02-07,0.0,22.5,17.44,28.8,nasa,0.71
2023-02-08,0.0,22.55,18.61,27.74,nasa,0.71
2023-02-09,0.0,22.61,18.53,28.37,nasa,0.71
2023-02-10,0.0,21.67,17.1,27.58,nasa,0.7
2023-02-11,0.0,20.83,15.44,27.44,nasa,0.7
2023-02-12,0.0,22.32,15.9,29.42,nasa,0.7
2023-02-13,0.0,22.8,17.0,29.42,nasa,0.69
2023-02-14,0.14,22.73,18.82,28.54,nasa,0.69
2023-02-15,0.8,21.1,18.37,25.64,nasa,0.69
2023-02-16,0.85,20.25,17.83,24.81,nasa,0.69
2023-02-17,0.64,21.23,18.14,26.56,nasa,0.68
2023-02-18,0.08,21.57,17.74,27.08,nasa,0.68
2023-02-19,0.06,21.26,17.55,26.81,nasa,0.68
2023-02-20,0.17,20.41,16.68,25.95,nasa,0.68
2023-02-21,0.16,20.15,16.08,26.24,nasa,0.67
2023-02-22,0.32,20.52,16.4,26.5,nasa,0.67
2023-02-23,0.19,20.41,16.54,26.13,nasa,0.67
2023-02-24,0.0,19.2,15.19,25.18,nasa,0.66
2023-02-25,0.23,19.03,15.19,24.39,nasa,0.66
2023-02-26,0.74,18.95,16.68,23.28,nasa,0.66
2023-02-27,0.85,20.33,16.74,25.54,nasa,0.66
2023-02-28,0.94,21.07,18.28,26.24,nasa,0.66
2023-03-01,0.23,20.73,17.6,26.43,nasa,0.65
2023-03-02,0.15,19.47,16.0,24.95,nasa,0.65
2023-03-03,0.02,19.9,16.03,25.78,nasa,0.65
2023-03-04,0.09,19.36,15.82,24.66,nasa,0.65
2023-03-05,0.13,19.15,15.26,24.97,nasa,0.64
2023-03-06,0.03,19.36,15.11,25.38,nasa,0.64
2023-03-07,0.02,19.39,14.64,26.16,nasa,0.64
2023-03-08,0.0,19.12,12.98,26.97,nasa,0.63
2023-03-09,0.04,19.21,13.68,26.12,nasa,0.63
2023-03-10,0.02,19.85,15.05,26.94,nasa,0.63
2023-03-11,0.0,19.91,14.4,27.24,nasa,0.62
2023-03-12,0.08,19.81,14.38,26.64,nasa,0.62
2023-03-13,0.38,20.28,16.92,25.81,nasa,0.62
2023-03-14,0.15,20.49,16.32,27.04,nasa,0.62
2023-03-15,0.04,21.15,15.32,28.31,nasa,0.62
2023-03-16,0.15,21.68,16.33,28.66,nasa,0.61
2023-03-17,0.0,22.19,16.85,29.64,nasa,0.61
2023-03-18,0.0,22.25,16.21,29.74,nasa,0.6
2023-03-19,0.0,23.29,16.91,30.94,nasa,0.6
2023-03-20,0.0,23.8,17.61,31.48,nasa,0.6
2023-03-21,0.0,24.91,18.98,31.48,nasa,0.59
2023-03-22,0.0,25.96,19.15,32.97,nasa,0.59
2023-03-23,0.0,26.36,20.57,32.68,nasa,0.59
2023-03-24,0.0,25.78,20.62,31.77,nasa,0.59
2023-03-25,0.01,26.2,21.07,33.16,nasa,0.58
2023-03-26,0.03,26.07,21.74,32.54,nasa,0.58
2023-03-27,0.0,25.64,20.76,32.1,nasa,0.58
2023-03-28,0.07,24.41,19.58,30.97,nasa,0.57
2023-03-29,0.31,23.91,18.13,31.08,nasa,0.57
2023-03-30,0.12,24.18,18.38,30.92,nasa,0.57
2023-03-31,0.04,24.68,18.89,31.48,nasa,0.57
2023-04-01,0.0,25.26,19.7,32.27,nasa,0.57
2023-04-02,0.0,25.47,19.27,32.61,nasa,0.56
2023-04-03,0.0,25.82,20.71,31.96,nasa,0.56
2023-04-04,0.0,26.51,20.65,33.27,nasa,0.56
2023-04-05,0.01,25.82,22.48,30.0,nasa,0.56
2023-04-06,0.05,26.21,21.44,32.47,nasa,0.56
2023-04-07,0.05,25.33,19.94,32.76,nasa,0.55
2023-04-08,0.05,24.13,18.19,31.16,nasa,0.55
2023-04-09,0.0,24.79,19.94,31.16,nasa,0.55
2023-04-10,0.03,25.52,20.41,31.98,nasa,0.55
2023-04-11,0.1,26.45,20.15,33.42,nasa,0.54
2023-04-12,0.3,26.76,22.28,32.85,nasa,0.54
2023-04-13,0.23,26.95,21.64,33.26,nasa,0.54
2023-04-14,0.37,27.4,22.06,33.57,nasa,0.54
2023-04-15,0.88,26.53,23.0,31.21,nasa,0.54
2023-04-16,0.42,26.17,22.05,31.66,nasa,0.54
2023-04-17,0.13,27.08,21.75,33.45,nasa,0.54
2023-04-18,0.0,27.2,22.28,32.7,nasa,0.54
2023-04-19,0.0,27.4,23.06,32.52,nasa,0.54
2023-04-20,0.0,27.38,22.12,33.3,nasa,0.53
2023-04-21,0.88,27.66,22.35,32.93,nasa,0.53
2023-04-22,2.46,27.57,23.27,32.69,nasa,0.54
2023-04-23,0.09,26.98,22.39,33.75,nasa,0.53
2023-04-24,0.93,26.32,20.14,34.01,nasa,0.53
2023-04-25,0.01,25.92,19.98,33.46,nasa,0.53
2023-04-26,0.14,25.87,20.45,32.69,nasa,0.52
2023-04-27,0.09,25.96,21.7,31.49,nasa,0.52
2023-04-28,0.05,26.37,20.96,33.44,nasa,0.52
2023-04-29,0.01,26.43,19.59,34.25,nasa,0.52
2023-04-30,0.04,26.39,20.96,32.88,nasa,0.52
2023-05-01,0.0,26.32,21.17,33.38,nasa,0.51
2023-05-02,0.02,26.44,20.62,33.7,nasa,0.51
2023-05-03,0.11,27.53,21.67,34.77,nasa,0.51
2023-05-04,0.03,27.63,21.37,34.18,nasa,0.51
2023-05-05,0.0,28.8,22.74,35.5,nasa,0.51
2023-05-06,0.0,29.27,23.55,35.3,nasa,0.51
2023-05-07,4.69,27.01,23.51,30.91,nasa,0.5
2023-05-08,12.59,27.1,22.23,33.48,nasa,0.52
2023-05-09,9.68,25.41,22.7,29.5,nasa,0.54
2023-05-10,5.08,25.19,22.82,29.04,nasa,0.55
2023-05-11,19.56,25.16,22.74,28.64,nasa,0.57
2023-05-12,7.34,25.13,22.92,29.27,nasa,0.59
2023-05-13,5.72,26.14,22.0,31.1,nasa,0.59
2023-05-14,16.25,25.15,23.17,27.97,nasa,0.6
2023-05-15,15.48,25.08,21.85,28.83,nasa,0.62
2023-05-16,16.93,24.12,22.6,26.31,nasa,0.65
2023-05-17,4.25,24.43,21.93,27.79,nasa,0.65
2023-05-18,3.23,24.71,21.62,28.41,nasa,0.64
2023-05-19,1.84,25.35,21.77,29.32,nasa,0.62
2023-05-20,27.63,25.23,22.61,29.01,nasa,0.64
2023-05-21,5.22,25.31,21.98,30.36,nasa,0.66
2023-05-22,0.36,25.19,21.68,29.76,nasa,0.64
2023-05-23,0.72,25.46,21.67,30.77,nasa,0.62
2023-05-24,2.86,25.43,21.49,30.39,nasa,0.61
2023-05-25,18.34,24.35,21.73,28.0,nasa,0.63
2023-05-26,6.88,24.56,21.43,29.11,nasa,0.63
2023-05-27,17.95,23.98,21.76,27.05,nasa,0.64
2023-05-28,25.25,24.46,21.29,29.07,nasa,0.66
2023-05-29,12.46,24.84,20.48,29.88,nasa,0.68
2023-05-30,7.84,24.13,21.22,27.68,nasa,0.67
2023-05-31,6.07,24.69,21.78,28.44,nasa,0.67
2023-06-01,5.51,24.45,21.96,28.37,nasa,0.66
2023-06-02,6.56,24.7,21.89,28.26,nasa,0.65
2023-06-03,9.42,24.99,22.21,28.49,nasa,0.65
2023-06-04,10.89,24.49,22.34,28.36,nasa,0.66
2023-06-05,17.24,24.34,21.68,28.02,nasa,0.67
2023-06-06,16.02,23.11,21.66,24.95,nasa,0.69
2023-06-07,4.38,23.44,21.28,25.97,nasa,0.69
2023-06-08,0.8,23.89,20.93,28.08,nasa,0.68
2023-06-09,6.43,23.79,21.85,27.13,nasa,0.66
2023-06-10,15.48,24.11,21.49,28.15,nasa,0.68
2023-06-11,6.28,23.72,20.98,27.12,nasa,0.68
2023-06-12,10.45,24.23,21.37,28.31,nasa,0.67
2023-06-13,6.69,23.69,20.92,27.06,nasa,0.68
2023-06-14,1.16,24.41,21.56,28.15,nasa,0.67
2023-06-15,1.28,24.64,22.0,28.27,nasa,0.66
2023-06-16,2.48,24.54,22.31,27.5,nasa,0.65
2023-06-17,1.2,24.44,22.04,27.69,nasa,0.65
2023-06-18,3.09,23.65,21.7,26.79,nasa,0.65
2023-06-19,0.64,24.84,21.46,28.97,nasa,0.64
2023-06-20,0.12,24.9,21.91,28.52,nasa,0.63
2023-06-21,1.22,24.58,21.92,27.83,nasa,0.63
2023-06-22,5.87,24.44,21.4,27.87,nasa,0.63
2023-06-23,0.67,25.3,21.62,29.07,nasa,0.63
2023-06-24,2.87,23.85,21.8,25.78,nasa,0.63
2023-06-25,6.05,24.68,20.94,28.94,nasa,0.64
2023-06-26,3.92,25.02,22.38,28.83,nasa,0.64
2023-06-27,9.28,24.37,21.57,27.94,nasa,0.65
2023-06-28,2.71,25.55,21.66,30.4,nasa,0.64
2023-06-29,22.68,24.16,22.66,26.85,nasa,0.67
2023-06-30,39.75,24.34,21.96,27.87,nasa,0.71
2023-07-01,7.8,24.34,21.53,28.17,nasa,0.73
2023-07-02,0.77,24.37,22.14,27.55,nasa,0.71
2023-07-03,0.01,24.46,21.11,28.32,nasa,0.69
2023-07-04,0.57,24.83,22.04,28.32,nasa,0.68
2023-07-05,2.48,24.58,21.58,28.67,nasa,0.67
2023-07-06,0.48,24.91,21.39,29.35,nasa,0.66
2023-07-07,5.66,25.21,21.91,29.43,nasa,0.66
2023-07-08,17.69,25.23,21.23,30.38,nasa,0.67
2023-07-09,13.45,25.02,20.66,29.77,nasa,0.69
2023-07-10,0.94,25.33,21.63,29.59,nasa,0.68
2023-07-11,6.17,24.81,21.92,28.43,nasa,0.68
2023-07-12,13.89,24.67,21.34,28.39,nasa,0.69
2023-07-13,1.03,24.9,22.08,28.36,nasa,0.69
2023-07-14,15.45,23.55,22.27,25.34,nasa,0.7
2023-07-15,28.76,23.58,21.99,26.13,nasa,0.72
2023-07-16,49.86,22.57,21.18,24.38,nasa,0.78
2023-07-17,27.73,23.67,21.71,26.3,nasa,0.81
2023-07-18,5.17,23.55,21.47,26.53,nasa,0.8
2023-07-19,1.37,23.94,21.13,27.8,nasa,0.77
2023-07-20,5.15,23.49,21.69,26.46,nasa,0.75
2023-07-21,17.67,24.74,20.92,29.38,nasa,0.75
2023-07-22,12.99,24.31,21.74,28.21,nasa,0.75
2023-07-23,28.19,24.23,21.76,27.44,nasa,0.76
2023-07-24,36.3,23.67,20.72,27.2,nasa,0.81
2023-07-25,23.05,23.94,21.24,27.68,nasa,0.8
2023-07-26,11.71,23.66,21.23,26.97,nasa,0.8
2023-07-27,40.33,23.45,21.92,25.48,nasa,0.8
2023-07-28,22.17,23.74,21.69,26.28,nasa,0.84
2023-07-29,15.22,23.79,21.91,25.98,nasa,0.83
2023-07-30,8.64,23.57,21.06,27.18,nasa,0.81
2023-07-31,89.27,23.36,21.34,25.78,nasa,0.84
2023-08-01,7.44,22.57,20.69,25.16,nasa,0.86
2023-08-02,11.14,23.06,20.7,26.41,nasa,0.84
2023-08-03,16.9,24.15,21.17,28.13,nasa,0.83
2023-08-04,11.21,23.29,20.22,27.16,nasa,0.84
2023-08-05,0.97,24.17,20.58,28.47,nasa,0.83
2023-08-06,1.75,24.32,21.49,27.78,nasa,0.81
2023-08-07,0.36,24.77,22.23,28.38,nasa,0.81
2023-08-08,0.42,24.52,22.09,28.5,nasa,0.8
2023-08-09,0.11,24.4,21.64,28.58,nasa,0.79
2023-08-10,0.01,25.11,21.53,29.74,nasa,0.79
2023-08-11,0.76,25.17,22.34,29.39,nasa,0.78
2023-08-12,4.39,24.38,22.03,27.29,nasa,0.78
2023-08-13,10.87,24.29,22.08,27.47,nasa,0.79
2023-08-14,6.78,24.62,21.61,28.59,nasa,0.79
2023-08-15,6.47,24.53,22.24,27.79,nasa,0.8
2023-08-16,0.73,25.04,21.85,29.38,nasa,0.79
2023-08-17,2.18,24.92,22.06,28.99,nasa,0.79
2023-08-18,1.06,24.75,21.86,28.38,nasa,0.78
2023-08-19,8.78,25.35,21.87,30.04,nasa,0.78
2023-08-20,33.89,24.75,21.9,28.98,nasa,0.82
2023-08-21,7.37,24.24,21.4,28.43,nasa,0.82
2023-08-22,3.0,24.36,21.04,29.01,nasa,0.81
2023-08-23,5.0,24.11,21.61,28.27,nasa,0.8
2023-08-24,5.39,24.1,21.44,28.25,nasa,0.8
2023-08-25,0.24,24.41,21.78,28.4,nasa,0.79
2023-08-26,16.46,24.1,21.54,27.26,nasa,0.8
2023-08-27,1.46,23.99,20.61,28.11,nasa,0.8
2023-08-28,6.94,23.94,21.8,26.15,nasa,0.8
2023-08-29,21.71,23.66,20.69,27.24,nasa,0.81
2023-08-30,17.86,24.06,21.77,27.79,nasa,0.83
2023-08-31,23.4,23.78,21.59,26.46,nasa,0.84
2023-09-01,32.36,23.68,22.4,26.15,nasa,0.86
2023-09-02,28.53,24.12,21.61,27.84,nasa,0.88
2023-09-03,11.16,24.46,21.23,28.61,nasa,0.88
2023-09-04,36.39,24.81,21.55,28.41,nasa,0.89
2023-09-05,35.21,24.33,22.17,26.46,nasa,0.91
2023-09-06,14.81,24.09,22.2,26.95,nasa,0.92
2023-09-07,2.49,24.47,21.68,27.67,nasa,0.91
2023-09-08,9.66,24.33,22.6,26.94,nasa,0.91
2023-09-09,2.48,24.93,21.29,29.88,nasa,0.91
2023-09-10,10.24,23.94,21.75,26.81,nasa,0.91
2023-09-11,2.15,24.13,21.63,27.45,nasa,0.9
2023-09-12,10.92,23.57,21.51,26.63,nasa,0.9
2023-09-13,10.32,23.25,21.19,26.61,nasa,0.91
2023-09-14,18.11,23.12,21.29,25.57,nasa,0.91
2023-09-15,25.25,23.22,21.23,25.83,nasa,0.93
2023-09-16,4.23,23.97,20.87,28.17,nasa,0.92
2023-09-17,3.86,24.0,21.53,27.41,nasa,0.92
2023-09-18,8.65,24.42,21.32,27.86,nasa,0.92
2023-09-19,4.04,24.66,21.65,28.95,nasa,0.92
2023-09-20,1.13,24.9,21.31,30.09,nasa,0.91
2023-09-21,5.35,24.61,20.73,29.63,nasa,0.91
2023-09-22,3.97,24.69,21.56,29.07,nasa,0.9
2023-09-23,5.3,24.47,21.8,27.68,nasa,0.9
2023-09-24,8.46,23.34,21.35,26.02,nasa,0.9
2023-09-25,11.55,23.56,21.11,27.41,nasa,0.9
2023-09-26,28.22,23.44,21.12,27.67,nasa,0.91
2023-09-27,40.83,24.04,20.91,28.16,nasa,0.94
2023-09-28,4.01,23.52,20.79,27.19,nasa,0.94
2023-09-29,14.81,23.75,21.76,26.61,nasa,0.94
2023-09-30,24.82,23.69,21.45,27.61,nasa,0.95
2023-10-01,13.97,23.52,20.72,26.62,nasa,0.96
2023-10-02,28.31,23.44,21.78,25.71,nasa,0.97
2023-10-03,0.89,23.8,21.57,26.41,nasa,0.96
2023-10-04,1.45,24.95,21.2,29.66,nasa,0.96
2023-10-05,5.31,24.71,21.78,28.81,nasa,0.95
2023-10-06,15.16,24.06,21.89,27.02,nasa,0.95
2023-10-07,7.93,24.64,21.68,28.29,nasa,0.96
2023-10-08,3.77,24.25,22.15,27.53,nasa,0.96
2023-10-09,10.88,23.94,21.37,27.38,nasa,0.96
2023-10-10,6.04,24.11,21.26,27.78,nasa,0.96
2023-10-11,1.32,24.5,22.11,28.19,nasa,0.95
2023-10-12,2.93,23.79,21.05,27.98,nasa,0.95
2023-10-13,3.38,22.81,19.54,26.53,nasa,0.94
2023-10-14,2.65,23.86,20.82,27.81,nasa,0.94
2023-10-15,11.29,23.85,21.71,26.47,nasa,0.94
2023-10-16,6.76,23.67,21.25,26.79,nasa,0.94
2023-10-17,2.99,23.76,21.18,27.19,nasa,0.94
2023-10-18,0.35,24.12,21.42,27.94,nasa,0.93
2023-10-19,13.7,24.1,21.28,27.58,nasa,0.93
2023-10-20,16.85,24.27,21.4,28.96,nasa,0.95
2023-10-21,5.59,23.3,20.75,27.19,nasa,0.94
2023-10-22,0.81,23.54,20.34,27.64,nasa,0.94
2023-10-23,9.66,23.52,20.62,27.35,nasa,0.94
2023-10-24,0.75,24.01,21.18,27.35,nasa,0.93
2023-10-25,3.33,23.3,21.76,25.33,nasa,0.93
2023-10-26,3.17,24.0,20.87,27.69,nasa,0.93
2023-10-27,0.2,23.85,21.53,27.51,nasa,0.93
2023-10-28,0.83,23.59,20.18,28.07,nasa,0.92
2023-10-29,0.39,23.86,20.54,27.92,nasa,0.91
2023-10-30,2.7,23.43,21.75,26.45,nasa,0.91
2023-10-31,10.25,23.03,21.92,25.42,nasa,0.91
2023-11-01,3.75,23.2,21.33,26.39,nasa,0.91
2023-11-02,0.79,23.72,20.74,28.1,nasa,0.91
2023-11-03,0.47,23.32,20.8,26.81,nasa,0.9
2023-11-04,0.15,23.63,21.11,27.22,nasa,0.9
2023-11-05,2.87,24.13,20.32,28.68,nasa,0.89
2023-11-06,1.95,23.78,21.16,27.95,nasa,0.89
2023-11-07,1.54,22.91,19.88,27.17,nasa,0.88
2023-11-08,0.36,23.14,20.69,26.94,nasa,0.88
2023-11-09,0.75,23.99,20.77,28.68,nasa,0.87
2023-11-10,1.47,23.6,21.04,27.51,nasa,0.87
2023-11-11,0.53,23.6,20.81,27.85,nasa,0.86
2023-11-12,1.96,23.53,20.42,27.8,nasa,0.86
2023-11-13,10.71,23.08,21.34,25.32,nasa,0.86
2023-11-14,17.76,23.25,21.57,25.53,nasa,0.88
2023-11-15,11.92,22.73,21.26,25.21,nasa,0.88
2023-11-16,22.57,22.74,21.54,24.94,nasa,0.89
2023-11-17,6.66,21.5,18.18,24.42,nasa,0.9
2023-11-18,0.0,20.56,17.75,25.37,nasa,0.89
2023-11-19,0.05,20.91,17.5,25.73,nasa,0.88
2023-11-20,0.21,21.7,17.84,27.07,nasa,0.87
2023-11-21,0.0,21.06,18.22,25.76,nasa,0.87
2023-11-22,0.05,21.71,17.63,26.93,nasa,0.86
2023-11-23,0.33,22.08,19.49,26.28,nasa,0.85
2023-11-24,0.46,21.28,19.74,24.1,nasa,0.85
2023-11-25,1.37,22.13,19.34,26.21,nasa,0.85
2023-11-26,0.67,22.01,19.8,24.91,nasa,0.84
2023-11-27,0.02,21.57,18.1,25.56,nasa,0.84
2023-11-28,0.14,21.48,17.61,26.62,nasa,0.83
2023-11-29,0.48,22.92,19.96,27.24,nasa,0.83
2023-11-30,3.66,22.53,20.63,25.26,nasa,0.83
2023-12-01,0.4,23.43,20.99,27.32,nasa,0.83
2023-12-02,6.5,22.69,20.98,25.88,nasa,0.82
2023-12-03,12.99,22.26,20.49,25.23,nasa,0.84
2023-12-04,1.37,22.54,19.42,26.65,nasa,0.83
2023-12-05,0.46,23.15,20.35,27.38,nasa,0.83
2023-12-06,0.69,23.04,20.4,27.26,nasa,0.82
2023-12-07,0.26,22.32,19.54,26.89,nasa,0.82
2023-12-08,0.04,22.08,19.09,26.93,nasa,0.81
2023-12-09,0.0,22.12,18.22,27.63,nasa,0.8
2023-12-10,0.07,22.47,18.51,27.78,nasa,0.8
2023-12-11,0.19,22.03,18.2,27.52,nasa,0.79
2023-12-12,0.27,21.94,17.74,27.23,nasa,0.79
2023-12-13,0.03,22.61,19.79,27.22,nasa,0.79
2023-12-14,0.0,23.11,19.5,27.99,nasa,0.78
2023-12-15,0.02,22.94,19.67,27.59,nasa,0.78
2023-12-16,0.87,22.43,18.64,27.39,nasa,0.77
2023-12-17,4.24,22.47,19.87,26.86,nasa,0.77
2023-12-18,2.6,22.71,20.42,26.99,nasa,0.77
2023-12-19,0.48,22.68,20.11,26.89,nasa,0.77
2023-12-20,5.27,21.87,19.08,25.88,nasa,0.77
2023-12-21,0.59,20.48,17.93,24.65,nasa,0.77
2023-12-22,1.16,19.61,17.22,23.34,nasa,0.76
2023-12-23,1.42,19.74,17.31,23.32,nasa,0.76
2023-12-24,2.35,20.13,18.07,23.47,nasa,0.76
2023-12-25,0.47,18.95,16.76,22.81,nasa,0.76
2023-12-26,0.13,20.44,17.34,25.35,nasa,0.76
2023-12-27,0.14,21.95,18.64,26.71,nasa,0.75
2023-12-28,0.32,22.7,19.92,27.4,nasa,0.75
2023-12-29,0.03,22.85,19.52,27.78,nasa,0.74
2023-12-30,0.07,22.52,19.54,27.3,nasa,0.74
2023-12-31,0.11,22.25,18.77,27.22,nasa,0.74
2024-01-01,0.29,22.15,19.16,26.99,nasa,0.74
2024-01-02,0.72,22.22,18.71,27.57,nasa,0.73
2024-01-03,0.07,21.19,17.86,25.97,nasa,0.73
2024-01-04,0.0,19.84,16.71,24.93,nasa,0.73
2024-01-05,0.0,20.31,15.96,25.99,nasa,0.72
2024-01-06,0.0,21.42,17.38,26.94,nasa,0.72
2024-01-07,0.0,21.58,18.65,26.5,nasa,0.72
2024-01-08,0.0,21.78,17.7,27.39,nasa,0.72
2024-01-09,0.0,22.0,17.97,27.7,nasa,0.71
2024-01-10,0.09,21.75,17.63,27.26,nasa,0.71
2024-01-11,0.21,21.03,17.42,26.33,nasa,0.71
2024-01-12,0.0,19.51,16.67,24.17,nasa,0.71
2024-01-13,0.0,19.66,16.14,25.27,nasa,0.71
2024-01-14,0.0,19.56,15.44,25.23,nasa,0.7
2024-01-15,0.0,20.07,16.83,25.31,nasa,0.7
2024-01-16,0.0,20.43,17.4,25.49,nasa,0.7
2024-01-17,0.01,21.73,17.64,27.41,nasa,0.7
2024-01-18,0.03,21.31,18.13,26.12,nasa,0.7
2024-01-19,0.0,20.54,16.92,26.24,nasa,0.69
2024-01-20,0.0,20.23,15.73,26.29,nasa,0.69
2024-01-21,0.0,20.12,15.89,25.8,nasa,0.69
2024-01-22,0.02,20.78,16.57,26.53,nasa,0.68
2024-01-23,1.49,20.46,17.33,25.73,nasa,0.68
2024-01-24,5.99,19.75,17.09,24.8,nasa,0.69
2024-01-25,0.06,20.03,17.72,24.53,nasa,0.69
2024-01-26,0.0,20.21,17.31,24.92,nasa,0.68
2024-01-27,0.0,19.99,16.92,25.23,nasa,0.68
2024-01-28,0.02,19.96,16.54,25.25,nasa,0.68
2024-01-29,0.07,20.47,17.08,25.81,nasa,0.67
2024-01-30,0.0,21.04,16.26,27.34,nasa,0.67
2024-01-31,0.0,21.54,16.86,27.46,nasa,0.67
2024-02-01,0.0,21.72,17.14,27.88,nasa,0.66
2024-02-02,0.0,21.72,16.84,27.68,nasa,0.66
2024-02-03,0.0,21.15,15.47,27.81,nasa,0.66
2024-02-04,0.0,22.67,16.9,28.9,nasa,0.65
2024-02-05,0.0,23.41,18.4,29.61,nasa,0.65
2024-02-06,0.0,22.98,18.46,29.07,nasa,0.65
2024-02-07,0.01,23.31,18.09,29.43,nasa,0.64
2024-02-08,0.11,23.32,18.93,29.41,nasa,0.64
2024-02-09,0.68,22.2,17.93,28.12,nasa,0.64
2024-02-10,0.17,21.35,17.85,26.78,nasa,0.64
2024-02-11,0.01,20.55,17.33,25.66,nasa,0.63
2024-02-12,0.02,20.1,16.5,25.69,nasa,0.63
2024-02-13,0.01,21.2,16.19,27.59,nasa,0.63
2024-02-14,0.03,22.43,18.25,28.5,nasa,0.62
2024-02-15,0.0,22.4,17.53,28.75,nasa,0.62
2024-02-16,0.0,21.66,17.9,27.47,nasa,0.62
2024-02-17,0.0,21.99,16.25,29.19,nasa,0.61
2024-02-18,0.0,23.07,16.63,30.31,nasa,0.61
2024-02-19,0.0,23.56,18.6,30.49,nasa,0.61
2024-02-20,0.0,23.62,17.62,30.69,nasa,0.6
2024-02-21,0.0,24.34,19.91,30.96,nasa,0.6
2024-02-22,0.0,23.91,19.26,30.88,nasa,0.6
2024-02-23,0.0,22.9,16.56,29.97,nasa,0.59
2024-02-24,0.0,22.86,18.43,29.4,nasa,0.59
2024-02-25,0.0,22.16,17.92,28.43,nasa,0.59
2024-02-26,0.41,22.83,17.49,29.63,nasa,0.59
2024-02-27,2.88,23.32,19.99,29.22,nasa,0.59
2024-02-28,0.0,22.98,19.19,28.96,nasa,0.59
2024-02-29,0.0,23.09,17.96,29.8,nasa,0.58
2024-03-01,0.07,22.82,18.42,29.15,nasa,0.58
2024-03-02,0.14,22.25,18.2,28.26,nasa,0.58
2024-03-03,0.02,22.82,18.5,29.24,nasa,0.57
2024-03-04,0.0,24.06,17.6,31.95,nasa,0.57
2024-03-05,0.0,26.06,18.85,32.52,nasa,0.57
2024-03-06,0.0,26.82,21.65,33.39,nasa,0.56
2024-03-07,0.0,25.56,20.83,32.07,nasa,0.56
2024-03-08,0.0,23.08,18.7,29.5,nasa,0.56
2024-03-09,0.0,23.23,18.9,29.66,nasa,0.56
2024-03-10,0.0,23.11,18.96,28.92,nasa,0.55
2024-03-11,0.04,23.74,18.86,30.62,nasa,0.55
2024-03-12,0.0,23.84,19.34,30.45,nasa,0.55
2024-03-13,0.0,24.07,18.44,31.06,nasa,0.55
2024-03-14,0.0,24.11,18.74,31.45,nasa,0.55
2024-03-15,0.0,22.65,16.44,31.13,nasa,0.54
2024-03-16,0.0,22.97,15.64,31.35,nasa,0.54
2024-03-17,0.0,24.05,17.44,31.89,nasa,0.54
2024-03-18,0.0,23.55,17.39,31.58,nasa,0.54
2024-03-19,0.11,23.29,17.77,30.45,nasa,0.53
2024-03-20,1.54,23.37,19.15,28.97,nasa,0.53
2024-03-21,0.73,23.83,19.89,30.08,nasa,0.53
2024-03-22,0.0,24.31,18.39,31.85,nasa,0.53
2024-03-23,0.0,24.74,17.81,32.13,nasa,0.53
2024-03-24,0.0,26.02,19.97,32.98,nasa,0.53
2024-03-25,0.0,26.15,20.49,33.45,nasa,0.53
2024-03-26,0.02,25.22,18.91,32.81,nasa,0.52
2024-03-27,0.05,26.11,20.78,33.4,nasa,0.52
2024-03-28,0.0,25.96,20.89,31.38,nasa,0.52
2024-03-29,0.0,26.12,22.2,31.25,nasa,0.52
2024-03-30,0.0,26.96,21.14,34.13,nasa,0.52
2024-03-31,0.0,26.81,22.4,31.22,nasa,0.52
2024-04-01,0.0,27.68,22.39,33.94,nasa,0.52
2024-04-02,0.0,28.07,22.68,34.69,nasa,0.52
2024-04-03,0.05,28.37,22.92,34.8,nasa,0.51
2024-04-04,0.0,28.49,23.14,35.24,nasa,0.51
2024-04-05,0.0,28.09,22.36,35.32,nasa,0.51
2024-04-06,0.0,26.68,18.73,35.63,nasa,0.51
2024-04-07,0.0,27.48,20.01,35.61,nasa,0.5
2024-04-08,0.0,28.19,21.5,36.46,nasa,0.5
2024-04-09,0.0,26.51,21.12,33.77,nasa,0.5
2024-04-10,0.0,25.86,20.36,33.53,nasa,0.5
2024-04-11,0.0,25.98,20.1,33.79,nasa,0.5
2024-04-12,0.0,26.73,20.74,34.0,nasa,0.5
2024-04-13,0.0,27.61,21.14,35.16,nasa,0.5
2024-04-14,0.0,27.87,21.67,35.99,nasa,0.49
2024-04-15,0.0,27.38,19.93,35.85,nasa,0.49
2024-04-16,0.0,27.45,20.0,35.96,nasa,0.49
2024-04-17,0.0,27.88,20.08,35.92,nasa,0.49
2024-04-18,0.0,28.15,22.61,34.71,nasa,0.49
2024-04-19,0.0,28.72,22.3,36.41,nasa,0.49
2024-04-20,0.0,29.1,22.51,36.17,nasa,0.49
2024-04-21,0.0,29.38,24.2,35.57,nasa,0.49
2024-04-22,0.0,29.01,23.77,35.17,nasa,0.48
2024-04-23,0.07,29.23,23.81,35.39,nasa,0.49
2024-04-24,0.1,29.89,24.04,37.12,nasa,0.48
2024-04-25,0.0,30.46,24.46,38.13,nasa,0.48
2024-04-26,0.0,30.35,25.4,36.75,nasa,0.48
2024-04-27,0.0,30.36,25.16,36.93,nasa,0.48
2024-04-28,0.0,30.24,25.15,36.1,nasa,0.48
2024-04-29,0.0,30.48,24.36,37.83,nasa,0.48
2024-04-30,0.0,30.87,24.35,37.91,nasa,0.48
2024-05-01,0.0,30.68,25.25,37.46,nasa,0.48
2024-05-02,0.08,28.95,24.9,34.8,nasa,0.48
2024-05-03,11.08,28.05,22.77,35.0,nasa,0.49
2024-05-04,1.16,28.27,22.45,35.47,nasa,0.49
2024-05-05,7.84,25.59,23.38,28.31,nasa,0.5
2024-05-06,0.03,27.82,22.12,35.66,nasa,0.51
2024-05-07,0.86,27.83,22.33,35.14,nasa,0.5
2024-05-08,2.69,26.52,21.68,33.32,nasa,0.5
2024-05-09,0.81,25.24,21.49,30.48,nasa,0.5
2024-05-10,0.02,27.9,21.57,35.66,nasa,0.5
2024-05-11,0.0,28.35,21.82,36.0,nasa,0.49
2024-05-12,0.04,29.12,22.55,36.95,nasa,0.49
2024-05-13,0.13,29.15,21.87,37.19,nasa,0.48
2024-05-14,0.72,28.39,22.84,35.45,nasa,0.48
2024-05-15,3.58,27.47,22.62,34.38,nasa,0.48
2024-05-16,3.32,27.7,22.7,34.3,nasa,0.49
2024-05-17,7.89,26.44,22.7,32.61,nasa,0.5
2024-05-18,10.88,26.45,23.63,30.93,nasa,0.5
2024-05-19,41.21,25.87,23.14,29.91,nasa,0.56
2024-05-20,15.21,26.49,23.12,31.03,nasa,0.62
2024-05-21,9.73,25.06,23.73,26.92,nasa,0.62
2024-05-22,0.71,26.9,22.65,32.22,nasa,0.61
2024-05-23,12.67,25.67,23.41,29.66,nasa,0.6
2024-05-24,14.18,26.3,22.05,31.55,nasa,0.62
2024-05-25,1.1,27.13,22.42,32.91,nasa,0.61
2024-05-26,0.13,26.97,22.44,32.37,nasa,0.59
2024-05-27,0.4,26.6,23.52,30.6,nasa,0.57
2024-05-28,5.18,26.53,23.2,30.99,nasa,0.56
2024-05-29,7.53,25.01,22.9,27.92,nasa,0.57
2024-05-30,10.35,24.52,22.26,27.99,nasa,0.58
2024-05-31,9.44,25.1,22.36,29.88,nasa,0.59
2024-06-01,11.16,25.49,22.02,30.3,nasa,0.59
2024-06-02,1.3,25.81,22.52,29.76,nasa,0.59
2024-06-03,7.29,24.93,22.42,28.21,nasa,0.59
2024-06-04,1.57,26.19,22.31,31.13,nasa,0.58
2024-06-05,0.74,25.75,23.28,29.09,nasa,0.57
2024-06-06,0.85,25.19,22.7,28.42,nasa,0.57
2024-06-07,1.69,25.69,22.87,29.71,nasa,0.57
2024-06-08,5.34,25.06,22.54,28.44,nasa,0.56
2024-06-09,15.33,24.11,22.01,26.54,nasa,0.58
2024-06-10,2.58,24.51,21.6,28.6,nasa,0.59
2024-06-11,0.01,25.21,21.48,30.07,nasa,0.58
2024-06-12,0.02,25.15,22.45,28.86,nasa,0.57
2024-06-13,1.38,26.0,22.01,30.9,nasa,0.56
2024-06-14,2.11,26.16,22.33,30.69,nasa,0.56
2024-06-15,4.72,27.0,22.3,33.0,nasa,0.55
2024-06-16,55.02,25.57,22.85,29.33,nasa,0.6
2024-06-17,0.82,25.45,22.3,29.75,nasa,0.63
2024-06-18,0.36,25.09,22.49,28.96,nasa,0.61
2024-06-19,2.68,24.58,22.66,27.64,nasa,0.6
2024-06-20,3.74,23.94,22.29,26.68,nasa,0.59
2024-06-21,12.22,23.94,21.92,26.88,nasa,0.59
2024-06-22,35.77,23.94,22.22,26.43,nasa,0.64
2024-06-23,15.46,23.43,21.7,26.1,nasa,0.68
2024-06-24,10.07,24.09,21.45,28.09,nasa,0.67
2024-06-25,13.69,23.46,21.11,27.5,nasa,0.67
2024-06-26,27.82,24.08,20.78,28.47,nasa,0.7
2024-06-27,4.79,24.39,21.53,28.4,nasa,0.69
2024-06-28,17.45,25.19,21.54,29.98,nasa,0.68
2024-06-29,0.82,25.22,21.56,30.17,nasa,0.68
2024-06-30,2.71,24.95,20.99,29.89,nasa,0.66
2024-07-01,4.34,24.69,21.99,28.69,nasa,0.65
2024-07-02,1.01,24.73,21.92,28.33,nasa,0.64
2024-07-03,45.87,23.74,21.1,26.93,nasa,0.66
2024-07-04,1.37,23.8,21.6,27.35,nasa,0.69
2024-07-05,5.37,24.39,21.13,28.5,nasa,0.67
2024-07-06,24.44,24.11,21.28,27.48,nasa,0.68
2024-07-07,12.39,25.37,22.18,30.22,nasa,0.7
2024-07-08,4.3,25.17,21.86,30.25,nasa,0.69
2024-07-09,43.02,23.76,22.21,25.77,nasa,0.72
2024-07-10,5.41,23.61,21.32,26.86,nasa,0.74
2024-07-11,21.02,23.95,21.62,27.88,nasa,0.73
2024-07-12,21.11,23.54,21.53,26.89,nasa,0.74
2024-07-13,67.04,22.83,21.33,24.92,nasa,0.81
2024-07-14,12.02,23.01,21.13,25.97,nasa,0.83
2024-07-15,19.96,23.44,21.66,26.49,nasa,0.81
2024-07-16,19.65,23.75,20.84,27.06,nasa,0.81
2024-07-17,18.15,23.76,20.87,27.88,nasa,0.8
2024-07-18,11.54,23.6,20.96,27.73,nasa,0.79
2024-07-19,9.58,23.79,21.28,27.02,nasa,0.77
2024-07-20,47.96,22.72,21.08,24.73,nasa,0.8
2024-07-21,19.9,22.71,20.71,25.33,nasa,0.82
2024-07-22,21.47,23.76,21.35,27.5,nasa,0.81
2024-07-23,15.93,24.12,21.6,27.78,nasa,0.8
2024-07-24,7.09,23.56,21.03,27.49,nasa,0.79
2024-07-25,23.67,23.95,21.41,27.34,nasa,0.79
2024-07-26,12.96,23.35,21.0,26.6,nasa,0.79
2024-07-27,31.81,23.59,20.43,27.47,nasa,0.8
2024-07-28,34.33,23.77,21.04,26.71,nasa,0.82
2024-07-29,9.64,23.65,21.0,26.96,nasa,0.83
2024-07-30,11.6,24.23,21.36,27.98,nasa,0.82
2024-07-31,10.94,23.85,21.8,27.15,nasa,0.82
2024-08-01,2.27,24.45,21.53,28.54,nasa,0.81
2024-08-02,1.11,24.0,21.62,26.85,nasa,0.8
2024-08-03,4.11,24.83,21.73,28.39,nasa,0.8
2024-08-04,6.49,24.49,22.16,28.17,nasa,0.8
2024-08-05,1.67,24.85,20.92,29.67,nasa,0.8
2024-08-06,3.47,24.98,21.47,29.04,nasa,0.79
2024-08-07,7.67,25.03,22.2,28.5,nasa,0.79
2024-08-08,14.5,24.53,22.55,27.65,nasa,0.81
2024-08-09,4.56,24.61,22.07,28.0,nasa,0.81
2024-08-10,0.73,24.92,22.24,28.26,nasa,0.8
2024-08-11,1.1,25.41,22.36,29.55,nasa,0.8
2024-08-12,5.68,24.47,22.47,27.39,nasa,0.79
2024-08-13,0.79,24.95,21.99,29.17,nasa,0.79
2024-08-14,0.26,24.93,22.32,28.75,nasa,0.79
2024-08-15,14.6,25.81,21.99,30.57,nasa,0.78
2024-08-16,51.62,25.19,22.72,28.9,nasa,0.84
2024-08-17,0.9,25.38,21.78,29.43,nasa,0.84
2024-08-18,2.15,26.01,22.08,30.58,nasa,0.83
2024-08-19,6.58,24.88,23.02,27.74,nasa,0.82
2024-08-20,4.16,25.19,22.27,28.63,nasa,0.82
2024-08-21,28.51,24.13,21.92,27.15,nasa,0.83
2024-08-22,8.61,24.76,20.97,29.97,nasa,0.85
2024-08-23,7.15,25.19,21.28,30.34,nasa,0.85
2024-08-24,9.43,24.89,21.7,28.52,nasa,0.85
2024-08-25,5.93,24.38,21.6,27.61,nasa,0.85
2024-08-26,13.65,22.91,20.73,26.07,nasa,0.85
2024-08-27,45.69,24.03,20.18,29.02,nasa,0.88
2024-08-28,8.9,23.94,21.06,27.79,nasa,0.89
2024-08-29,43.4,23.79,21.1,27.49,nasa,0.9
2024-08-30,38.93,23.73,21.69,27.11,nasa,0.93
2024-08-31,4.9,23.61,21.46,26.65,nasa,0.93
2024-09-01,8.12,23.9,21.05,27.69,nasa,0.92
2024-09-02,10.24,24.38,21.61,28.07,nasa,0.92
2024-09-03,10.51,23.77,20.86,27.27,nasa,0.92
2024-09-04,21.2,24.24,21.5,27.63,nasa,0.92
2024-09-05,19.33,24.23,21.71,27.5,nasa,0.93
2024-09-06,11.7,23.82,22.69,26.69,nasa,0.93
2024-09-07,9.58,24.62,22.3,28.54,nasa,0.92
2024-09-08,22.13,24.61,21.37,28.57,nasa,0.93
2024-09-09,3.86,24.72,22.37,27.7,nasa,0.93
2024-09-10,6.64,24.54,22.38,27.39,nasa,0.93
2024-09-11,6.25,24.19,22.34,26.78,nasa,0.93
2024-09-12,2.81,23.94,22.1,26.64,nasa,0.92
2024-09-13,1.83,24.09,21.73,27.04,nasa,0.92
2024-09-14,8.6,23.02,21.24,25.46,nasa,0.92
2024-09-15,8.73,23.24,21.06,27.05,nasa,0.92
2024-09-16,6.91,23.46,20.73,27.12,nasa,0.92
2024-09-17,18.69,23.82,20.61,27.89,nasa,0.92
2024-09-18,73.28,23.03,20.68,25.8,nasa,0.95
2024-09-19,6.69,23.64,21.1,27.61,nasa,0.95
2024-09-20,8.57,24.47,21.46,28.37,nasa,0.94
2024-09-21,22.94,23.96,21.26,27.44,nasa,0.94
2024-09-22,6.98,22.62,20.74,25.89,nasa,0.95
2024-09-23,1.51,23.85,20.73,27.93,nasa,0.94
2024-09-24,4.79,23.56,21.62,26.69,nasa,0.94
2024-09-25,3.93,24.66,21.09,29.67,nasa,0.93
2024-09-26,5.76,23.3,20.98,26.34,nasa,0.93
2024-09-27,0.91,24.01,20.33,28.69,nasa,0.93
2024-09-28,0.3,25.55,21.53,30.31,nasa,0.92
2024-09-29,2.08,25.12,22.08,28.88,nasa,0.91
2024-09-30,0.22,24.73,22.25,28.97,nasa,0.91
2024-10-01,1.93,25.4,21.37,30.5,nasa,0.9
2024-10-02,17.69,24.43,21.78,27.62,nasa,0.91
2024-10-03,2.93,23.14,20.92,26.25,nasa,0.91
2024-10-04,0.2,23.78,20.2,28.88,nasa,0.91
2024-10-05,0.92,22.3,19.53,25.66,nasa,0.9
2024-10-06,2.91,22.79,21.07,25.38,nasa,0.9
2024-10-07,3.4,23.27,20.79,26.96,nasa,0.89
2024-10-08,8.48,23.17,20.9,26.37,nasa,0.9
2024-10-09,1.76,23.0,19.92,27.26,nasa,0.9
2024-10-10,0.41,23.98,20.5,28.98,nasa,0.89
2024-10-11,1.15,24.25,19.93,29.47,nasa,0.88
2024-10-12,3.52,23.8,22.08,26.38,nasa,0.88
2024-10-13,1.75,23.91,21.46,28.28,nasa,0.87
2024-10-14,2.92,24.91,20.1,30.28,nasa,0.87
2024-10-15,8.81,23.65,21.67,25.88,nasa,0.87
2024-10-16,3.78,23.99,20.97,28.76,nasa,0.87
2024-10-17,12.87,23.11,21.03,26.22,nasa,0.87
2024-10-18,8.59,24.03,20.34,28.64,nasa,0.88
2024-10-19,0.72,23.36,21.01,26.79,nasa,0.88
2024-10-20,6.5,23.36,20.51,26.71,nasa,0.87
2024-10-21,3.75,23.28,20.49,26.68,nasa,0.87
2024-10-22,19.26,22.79,21.43,24.9,nasa,0.88
2024-10-23,7.88,22.4,20.21,25.01,nasa,0.89
2024-10-24,0.01,23.64,19.65,28.71,nasa,0.89
2024-10-25,0.23,23.68,20.06,28.33,nasa,0.88
2024-10-26,0.3,20.16,16.81,24.01,nasa,0.87
2024-10-27,13.85,20.35,17.48,24.8,nasa,0.88
2024-10-28,15.4,22.18,20.09,25.54,nasa,0.89
2024-10-29,1.88,23.14,19.92,27.33,nasa,0.88
2024-10-30,0.63,23.25,20.25,27.26,nasa,0.88
2024-10-31,8.95,23.63,20.53,27.58,nasa,0.87
2024-11-01,15.31,23.56,20.12,27.65,nasa,0.88
2024-11-02,6.27,22.1,18.84,25.88,nasa,0.89
2024-11-03,1.02,22.23,20.22,25.62,nasa,0.88
2024-11-04,2.29,23.04,19.19,27.88,nasa,0.88
2024-11-05,0.65,23.13,20.19,27.56,nasa,0.87
2024-11-06,3.99,22.98,20.94,26.68,nasa,0.86
2024-11-07,4.11,22.46,21.01,25.02,nasa,0.86
2024-11-08,1.07,22.81,19.82,27.06,nasa,0.86
2024-11-09,0.0,22.36,18.51,27.51,nasa,0.85
2024-11-10,0.0,23.02,19.25,28.22,nasa,0.85
2024-11-11,0.02,23.37,18.4,28.7,nasa,0.84
2024-11-12,10.89,24.07,20.27,28.42,nasa,0.83
2024-11-13,6.06,24.12,21.97,27.54,nasa,0.85
2024-11-14,0.22,24.17,20.62,28.89,nasa,0.84
2024-11-15,0.05,23.58,19.0,28.82,nasa,0.83
2024-11-16,3.3,23.07,18.67,28.73,nasa,0.83
2024-11-17,0.03,21.97,18.49,27.28,nasa,0.82
2024-11-18,0.67,22.23,18.17,27.59,nasa,0.82
2024-11-19,1.97,23.06,19.9,27.63,nasa,0.81
2024-11-20,1.48,22.55,20.4,26.23,nasa,0.81
2024-11-21,0.23,22.99,20.01,27.76,nasa,0.8
2024-11-22,2.39,22.89,20.1,27.25,nasa,0.8
2024-11-23,1.27,23.24,20.59,27.41,nasa,0.8
2024-11-24,0.61,23.48,21.11,27.68,nasa,0.79
2024-11-25,0.03,22.97,20.05,27.12,nasa,0.79
2024-11-26,0.02,23.32,20.44,27.63,nasa,0.78
2024-11-27,0.22,23.26,21.03,27.55,nasa,0.78
2024-11-28,0.13,21.92,18.6,25.74,nasa,0.78
2024-11-29,0.0,19.77,17.63,23.31,nasa,0.77
2024-11-30,0.0,20.38,17.25,25.58,nasa,0.77
2024-12-01,0.0,21.65,17.68,27.06,nasa,0.77
2024-12-02,0.03,21.97,18.98,26.3,nasa,0.76
2024-12-03,0.35,22.17,19.36,26.45,nasa,0.76
2024-12-04,0.56,21.79,19.68,25.08,nasa,0.76
2024-12-05,0.41,21.63,19.64,25.79,nasa,0.76
2024-12-06,3.35,22.58,20.02,26.63,nasa,0.75
2024-12-07,9.35,21.25,20.02,23.9,nasa,0.77
2024-12-08,0.18,22.12,19.37,26.24,nasa,0.76
2024-12-09,0.35,21.89,20.07,25.49,nasa,0.76
2024-12-10,4.74,21.82,20.29,24.93,nasa,0.76
2024-12-11,18.55,22.05,20.29,24.19,nasa,0.78
2024-12-12,5.03,22.82,21.32,25.27,nasa,0.78
2024-12-13,6.4,22.48,21.2,24.83,nasa,0.78
2024-12-14,8.71,22.02,20.26,24.25,nasa,0.78
2024-12-15,16.83,20.83,18.93,23.81,nasa,0.79
2024-12-16,0.98,20.34,18.35,24.17,nasa,0.79
2024-12-17,0.04,20.82,18.16,25.57,nasa,0.78
2024-12-18,0.28,21.03,18.04,26.01,nasa,0.77
2024-12-19,0.18,20.52,17.63,25.29,nasa,0.77
2024-12-20,0.22,19.42,16.71,23.9,nasa,0.76
2024-12-21,0.0,18.88,15.91,23.6,nasa,0.76
2024-12-22,0.0,18.07,14.96,22.15,nasa,0.76
2024-12-23,0.04,19.68,16.27,24.65,nasa,0.75
2024-12-24,0.38,19.63,17.42,23.92,nasa,0.75
2024-12-25,4.88,20.4,17.78,23.73,nasa,0.76
2024-12-26,2.83,22.62,19.68,27.18,nasa,0.76
2024-12-27,4.53,22.4,20.54,26.12,nasa,0.76
2024-12-28,3.41,21.37,18.61,25.54,nasa,0.76
2024-12-29,0.75,19.76,17.34,23.81,nasa,0.75
2024-12-30,0.13,20.15,16.86,25.14,nasa,0.75
2024-12-31,1.37,19.86,17.15,23.55,nasa,0.75
2025-01-01,0.75,18.7,16.53,22.25,nasa,0.75
2025-01-02,0.01,20.04,16.14,25.15,nasa,0.74
2025-01-03,0.07,19.88,17.23,24.16,nasa,0.74
2025-01-04,0.0,18.91,15.58,23.69,nasa,0.74
2025-01-05,0.0,18.61,14.96,24.46,nasa,0.73
2025-01-06,0.0,18.79,14.27,24.67,nasa,0.73
2025-01-07,0.0,20.02,15.92,25.91,nasa,0.73
2025-01-08,0.0,18.77,15.19,23.89,nasa,0.72
2025-01-09,0.0,20.3,16.54,25.51,nasa,0.72
2025-01-10,0.04,18.82,16.23,22.84,nasa,0.72
2025-01-11,0.27,18.43,15.51,23.12,nasa,0.72
2025-01-12,0.0,16.6,13.72,21.41,nasa,0.72
2025-01-13,0.17,17.2,13.11,23.03,nasa,0.71
2025-01-14,2.27,19.76,15.4,24.56,nasa,0.71
2025-01-15,1.77,21.5,18.15,26.44,nasa,0.71
2025-01-16,1.63,19.81,16.9,23.85,nasa,0.71
2025-01-17,0.05,18.51,15.48,23.22,nasa,0.71
2025-01-18,0.0,18.47,14.96,24.26,nasa,0.71
2025-01-19,0.0,18.77,14.64,25.25,nasa,0.71
2025-01-20,0.0,17.42,12.8,24.21,nasa,0.7
2025-01-21,0.0,16.89,12.06,23.72,nasa,0.7
2025-01-22,0.0,17.76,11.87,25.32,nasa,0.7
2025-01-23,0.0,19.98,13.89,27.42,nasa,0.69
2025-01-24,0.0,21.75,17.28,27.79,nasa,0.69
2025-01-25,0.0,22.17,18.07,28.42,nasa,0.69
2025-01-26,0.03,19.29,15.46,24.73,nasa,0.68
2025-01-27,0.28,18.41,15.25,23.13,nasa,0.68
2025-01-28,0.0,17.72,14.98,22.51,nasa,0.68
2025-01-29,0.0,17.7,14.42,22.64,nasa,0.68
2025-01-30,0.0,17.98,13.88,24.0,nasa,0.68
2025-01-31,0.0,19.61,13.1,26.87,nasa,0.68
2025-02-01,0.0,20.77,16.17,26.85,nasa,0.67
2025-02-02,0.0,21.92,18.1,27.55,nasa,0.67
2025-02-03,0.03,20.89,16.47,27.52,nasa,0.66
2025-02-04,0.56,19.32,15.94,24.5,nasa,0.66
2025-02-05,0.24,18.48,14.24,24.45,nasa,0.66
2025-02-06,0.0,18.29,13.04,25.28,nasa,0.66
2025-02-07,0.0,18.99,14.57,25.32,nasa,0.65
2025-02-08,0.0,19.67,16.87,24.87,nasa,0.65
2025-02-09,0.01,18.15,16.28,21.41,nasa,0.65
2025-02-10,0.05,19.6,16.31,24.79,nasa,0.65
2025-02-11,0.15,20.59,16.9,25.93,nasa,0.65
2025-02-12,0.0,21.99,17.8,27.54,nasa,0.65
2025-02-13,0.04,22.9,18.93,28.19,nasa,0.65
2025-02-14,0.17,22.54,18.14,28.28,nasa,0.64
2025-02-15,0.12,22.64,18.19,28.79,nasa,0.64
2025-02-16,0.0,22.13,17.98,27.95,nasa,0.64
2025-02-17,0.0,21.71,17.99,27.53,nasa,0.63
2025-02-18,0.21,21.88,17.09,28.24,nasa,0.63
2025-02-19,0.72,21.3,18.58,25.73,nasa,0.63
2025-02-20,0.02,22.0,18.01,27.44,nasa,0.63
2025-02-21,0.44,22.5,19.35,27.99,nasa,0.62
2025-02-22,6.05,21.4,18.99,25.51,nasa,0.63
2025-02-23,5.76,21.53,19.51,25.13,nasa,0.64
2025-02-24,3.48,21.76,19.19,26.59,nasa,0.64
2025-02-25,0.76,22.1,18.94,27.57,nasa,0.64
2025-02-26,0.3,22.11,18.57,27.56,nasa,0.63
2025-02-27,0.0,22.62,18.23,29.1,nasa,0.62
2025-02-28,0.0,22.76,17.53,29.77,nasa,0.62
2025-03-01,0.0,22.67,17.01,30.15,nasa,0.61
2025-03-02,0.0,22.78,15.89,30.52,nasa,0.61
2025-03-03,0.0,24.45,18.17,31.33,nasa,0.6
2025-03-04,0.0,25.91,21.69,31.86,nasa,0.6
2025-03-05,0.02,25.74,21.17,31.59,nasa,0.59
2025-03-06,0.04,24.9,20.92,31.22,nasa,0.59
2025-03-07,0.06,24.02,20.17,30.18,nasa,0.59
2025-03-08,0.11,23.12,19.77,28.83,nasa,0.58
2025-03-09,2.52,22.35,19.4,27.39,nasa,0.58
2025-03-10,1.27,23.21,19.76,28.23,nasa,0.59
2025-03-11,0.09,23.56,19.84,28.53,nasa,0.59
2025-03-12,0.38,24.31,19.64,30.87,nasa,0.58
2025-03-13,0.0,24.69,19.31,31.45,nasa,0.58
2025-03-14,0.0,24.86,19.62,32.02,nasa,0.58
2025-03-15,0.0,25.13,18.23,33.2,nasa,0.57
2025-03-16,0.19,24.23,18.94,30.94,nasa,0.57
2025-03-17,2.74,22.33,18.23,28.52,nasa,0.57
2025-03-18,0.25,22.23,18.35,28.07,nasa,0.57
2025-03-19,0.24,20.29,16.04,25.99,nasa,0.57
2025-03-20,0.15,19.53,15.42,25.57,nasa,0.57
2025-03-21,0.0,20.9,16.45,27.97,nasa,0.56
2025-03-22,0.0,20.85,15.75,27.68,nasa,0.56
2025-03-23,0.09,21.6,16.26,29.1,nasa,0.56
2025-03-24,0.1,21.56,16.04,29.57,nasa,0.56
2025-03-25,0.0,22.11,14.59,31.16,nasa,0.55
2025-03-26,0.0,24.83,17.77,33.03,nasa,0.55
2025-03-27,0.0,25.91,19.68,32.42,nasa,0.54
2025-03-28,0.29,26.0,21.81,31.82,nasa,0.54
2025-03-29,0.29,25.66,20.21,32.7,nasa,0.54
2025-03-30,1.89,24.82,20.52,31.0,nasa,0.54
2025-03-31,2.55,21.84,19.86,25.46,nasa,0.54
2025-04-01,0.59,22.68,18.62,29.09,nasa,0.54
2025-04-02,1.87,19.7,17.46,22.99,nasa,0.55
2025-04-03,0.02,22.49,17.56,29.42,nasa,0.55
2025-04-04,0.0,23.87,16.88,32.01,nasa,0.54
2025-04-05,0.0,25.54,18.0,33.96,nasa,0.54
2025-04-06,0.0,24.97,19.03,32.29,nasa,0.53
2025-04-07,0.0,24.96,19.17,32.14,nasa,0.53
2025-04-08,0.0,25.08,20.18,31.92,nasa,0.53
2025-04-09,0.0,26.49,19.46,34.16,nasa,0.53
2025-04-10,0.01,25.54,22.53,29.2,nasa,0.53
2025-04-11,0.01,27.17,21.26,33.51,nasa,0.53
2025-04-12,0.06,26.76,22.61,32.08,nasa,0.52
2025-04-13,0.0,27.17,22.25,33.52,nasa,0.52
2025-04-14,0.0,25.09,19.84,31.96,nasa,0.52
2025-04-15,0.0,25.32,19.74,32.44,nasa,0.52
2025-04-16,2.18,24.38,21.07,28.79,nasa,0.52
2025-04-17,3.14,25.42,21.71,30.01,nasa,0.53
2025-04-18,0.0,27.8,22.54,34.35,nasa,0.53
2025-04-19,0.0,27.82,22.79,34.47,nasa,0.52
2025-04-20,0.0,27.27,21.26,34.87,nasa,0.52
2025-04-21,0.0,27.37,21.13,34.86,nasa,0.51
2025-04-22,2.19,27.84,22.26,35.01,nasa,0.51
2025-04-23,16.37,25.92,22.19,31.08,nasa,0.53
2025-04-24,0.17,26.63,21.73,32.85,nasa,0.54
2025-04-25,1.84,26.58,21.82,31.95,nasa,0.54
2025-04-26,2.14,26.27,21.92,32.23,nasa,0.54
2025-04-27,0.0,26.03,19.44,33.76,nasa,0.53
2025-04-28,0.0,26.1,19.51,33.95,nasa,0.52
2025-04-29,0.0,25.72,19.3,33.29,nasa,0.52
2025-04-30,0.01,25.75,19.98,33.11,nasa,0.51
2025-05-01,1.49,24.26,21.68,27.19,nasa,0.51
2025-05-02,2.56,25.0,20.62,30.91,nasa,0.51
2025-05-03,4.27,24.49,20.93,29.56,nasa,0.52
2025-05-04,14.16,25.9,20.36,33.94,nasa,0.53
2025-05-05,0.09,27.02,20.58,33.92,nasa,0.54
2025-05-06,0.05,27.56,22.11,33.68,nasa,0.53
2025-05-07,0.33,27.78,22.9,33.32,nasa,0.53
2025-05-08,0.22,28.29,22.79,34.56,nasa,0.52
2025-05-09,4.33,27.33,23.21,32.94,nasa,0.52
2025-05-10,16.59,25.44,23.32,28.46,nasa,0.52
2025-05-11,5.42,25.75,22.29,30.67,nasa,0.56
2025-05-12,55.27,24.22,22.41,27.16,nasa,0.62
2025-05-13,21.22,25.16,21.46,30.28,nasa,0.67
2025-05-14,6.09,25.71,21.32,31.31,nasa,0.67
2025-05-15,1.83,25.72,21.57,31.03,nasa,0.65
2025-05-16,0.16,25.01,20.99,30.06,nasa,0.63
2025-05-17,0.55,24.6,21.22,28.78,nasa,0.61
2025-05-18,0.94,25.62,20.87,31.68,nasa,0.6
2025-05-19,28.05,25.1,20.96,29.77,nasa,0.61
2025-05-20,2.4,25.89,22.34,30.94,nasa,0.63
2025-05-21,19.67,25.41,22.27,30.12,nasa,0.62
2025-05-22,36.26,25.81,22.15,30.63,nasa,0.67
2025-05-23,18.05,25.13,21.49,30.01,nasa,0.7
2025-05-24,3.86,24.58,21.09,28.74,nasa,0.69
2025-05-25,2.85,24.42,20.88,29.7,nasa,0.67
2025-05-26,2.4,24.45,20.45,29.88,nasa,0.65
2025-05-27,3.92,25.1,21.43,29.82,nasa,0.64
2025-05-28,9.38,25.26,22.42,29.3,nasa,0.64
2025-05-29,68.33,23.73,21.75,26.14,nasa,0.7
2025-05-30,4.82,24.02,21.16,28.05,nasa,0.73
2025-05-31,8.45,23.58,21.41,26.93,nasa,0.72
2025-06-01,9.07,24.06,20.29,28.78,nasa,0.7
2025-06-02,12.68,24.28,21.51,28.45,nasa,0.7
2025-06-03,7.44,24.08,21.4,27.75,nasa,0.7
2025-06-04,13.29,24.34,21.73,28.12,nasa,0.69
2025-06-05,14.49,24.68,21.64,28.03,nasa,0.7
2025-06-06,21.45,24.28,22.15,27.06,nasa,0.72
2025-06-07,7.89,24.33,21.83,27.88,nasa,0.72
2025-06-08,7.83,23.9,21.44,27.18,nasa,0.71
2025-06-09,15.77,24.69,21.4,28.66,nasa,0.71
2025-06-10,13.77,24.06,22.17,27.04,nasa,0.72
2025-06-11,17.28,22.76,21.41,24.85,nasa,0.74
2025-06-12,5.54,22.78,21.18,25.26,nasa,0.73
2025-06-13,3.64,23.85,20.65,28.03,nasa,0.72
2025-06-14,1.56,24.47,21.68,28.23,nasa,0.7
2025-06-15,0.03,25.12,22.0,29.46,nasa,0.69
2025-06-16,0.12,25.04,22.11,28.12,nasa,0.68
2025-06-17,2.19,25.53,22.85,28.71,nasa,0.67
2025-06-18,1.23,24.25,22.04,27.28,nasa,0.67
2025-06-19,1.04,24.79,21.01,29.31,nasa,0.66
2025-06-20,7.24,23.61,21.92,25.51,nasa,0.67
2025-06-21,14.91,24.57,21.43,28.82,nasa,0.68
2025-06-22,18.11,24.04,20.97,28.34,nasa,0.71
2025-06-23,1.95,24.08,19.91,29.02,nasa,0.71
2025-06-24,1.03,24.36,21.29,28.47,nasa,0.69
2025-06-25,6.85,23.99,21.11,27.62,nasa,0.69
2025-06-26,33.05,23.7,21.46,26.75,nasa,0.69
2025-06-27,29.93,23.88,21.13,27.93,nasa,0.76
2025-06-28,1.42,24.03,21.29,27.89,nasa,0.75
2025-06-29,2.43,23.79,21.06,27.61,nasa,0.73
2025-06-30,2.74,23.45,20.88,27.38,nasa,0.71
2025-07-01,6.6,24.06,21.36,27.56,nasa,0.71
2025-07-02,3.77,23.61,21.68,26.48,nasa,0.71
2025-07-03,5.69,23.08,21.22,25.97,nasa,0.71
2025-07-04,3.95,23.81,20.33,28.27,nasa,0.71
2025-07-05,12.06,24.08,20.98,27.99,nasa,0.71
2025-07-06,4.04,24.19,21.71,27.69,nasa,0.71
2025-07-07,3.26,24.46,21.76,28.07,nasa,0.71
2025-07-08,10.16,23.84,21.76,26.71,nasa,0.71
2025-07-09,16.12,23.72,21.86,26.74,nasa,0.73
2025-07-10,3.76,24.31,20.82,28.61,nasa,0.72
2025-07-11,2.75,24.13,21.86,26.98,nasa,0.71
2025-07-12,1.28,24.32,22.05,27.66,nasa,0.71
2025-07-13,0.64,25.26,21.84,29.58,nasa,0.7
2025-07-14,3.77,24.52,21.84,27.84,nasa,0.69
2025-07-15,8.23,23.74,21.78,27.17,nasa,0.7
2025-07-16,1.23,23.87,21.44,26.62,nasa,0.7
2025-07-17,5.4,23.49,21.77,25.54,nasa,0.7
2025-07-18,7.66,23.05,21.34,25.43,nasa,0.71
2025-07-19,17.4,23.48,20.78,27.36,nasa,0.72
2025-07-20,7.24,23.84,21.11,27.85,nasa,0.72
2025-07-21,3.28,23.56,21.57,26.76,nasa,0.71
2025-07-22,5.71,23.98,21.23,27.75,nasa,0.71
2025-07-23,14.72,24.34,21.73,28.34,nasa,0.71
2025-07-24,26.48,23.61,21.86,26.19,nasa,0.73
2025-07-25,4.6,23.61,21.11,26.74,nasa,0.74
2025-07-26,3.91,23.44,21.28,26.84,nasa,0.73
2025-07-27,4.41,23.63,21.08,27.06,nasa,0.72
2025-07-28,5.23,24.35,21.58,28.35,nasa,0.72
2025-07-29,4.27,24.9,22.25,28.65,nasa,0.71
2025-07-30,4.39,24.07,21.88,27.36,nasa,0.71
2025-07-31,2.28,24.82,21.84,28.82,nasa,0.71
2025-08-01,2.28,24.62,22.16,28.43,nasa,0.7
2025-08-02,4.96,24.82,22.12,28.71,nasa,0.7
2025-08-03,0.21,25.12,21.76,29.36,nasa,0.7
2025-08-04,0.01,24.85,21.8,28.61,nasa,0.69
2025-08-05,0.12,24.56,22.19,28.04,nasa,0.69
2025-08-06,4.17,23.95,21.83,26.95,nasa,0.69
2025-08-07,5.93,24.32,21.18,28.05,nasa,0.7
2025-08-08,1.54,24.94,21.87,29.1,nasa,0.69
2025-08-09,7.3,24.41,21.18,28.75,nasa,0.7
2025-08-10,9.47,23.92,21.3,26.97,nasa,0.7
2025-08-11,9.89,24.05,21.54,27.9,nasa,0.72
2025-08-12,2.81,24.19,20.72,28.12,nasa,0.71
2025-08-13,7.25,23.36,21.55,25.91,nasa,0.71
2025-08-14,7.03,23.93,20.97,27.77,nasa,0.72
2025-08-15,7.05,24.16,21.06,28.46,nasa,0.72
2025-08-16,11.44,23.33,21.52,26.52,nasa,0.72
2025-08-17,27.35,22.49,20.45,26.23,nasa,0.76
2025-08-18,1.14,23.75,20.0,28.41,nasa,0.75
2025-08-19,0.33,24.58,21.01,28.99,nasa,0.73
2025-08-20,9.21,24.71,21.47,29.13,nasa,0.72
2025-08-21,22.4,23.26,20.76,27.0,nasa,0.74
2025-08-22,1.58,23.34,19.62,27.76,nasa,0.75
2025-08-23,1.58,23.75,20.72,27.71,nasa,0.73
2025-08-24,13.7,23.07,21.29,25.93,nasa,0.74
2025-08-25,4.64,23.37,21.43,26.28,nasa,0.74
2025-08-26,4.56,23.37,20.22,27.01,nasa,0.73
2025-08-27,3.8,23.02,20.28,27.29,nasa,0.73
2025-08-28,4.31,23.16,20.57,27.25,nasa,0.73
2025-08-29,7.06,22.83,20.86,25.95,nasa,0.73
2025-08-30,6.0,23.24,21.28,26.61,nasa,0.73
2025-08-31,1.53,24.28,20.83,29.25,nasa,0.73
2025-09-01,8.64,24.36,21.51,28.33,nasa,0.73
2025-09-02,38.14,23.84,21.65,26.92,nasa,0.77
2025-09-03,12.99,22.32,20.7,24.44,nasa,0.78
2025-09-04,11.68,24.73,20.49,29.59,nasa,0.79
2025-09-05,23.1,24.32,21.94,27.44,nasa,0.77
2025-09-06,24.69,23.2,21.83,25.26,nasa,0.8
2025-09-07,51.77,23.25,21.65,26.35,nasa,0.83
2025-09-08,5.89,23.55,21.43,26.46,nasa,0.84
2025-09-09,1.74,23.85,21.04,27.87,nasa,0.81
2025-09-10,0.48,24.37,21.18,28.24,nasa,0.79
2025-09-11,2.07,24.74,20.88,30.14,nasa,0.78
2025-09-12,1.31,24.4,19.41,30.18,nasa,0.78
2025-09-13,13.2,24.59,20.91,29.82,nasa,0.77
2025-09-14,5.34,24.44,21.49,29.07,nasa,0.79
2025-09-15,11.06,24.51,20.69,29.53,nasa,0.79
2025-09-16,2.58,24.39,20.96,28.88,nasa,0.79
2025-09-17,12.39,23.53,21.79,26.59,nasa,0.79
2025-09-18,13.1,24.04,21.67,27.76,nasa,0.8
2025-09-19,9.05,23.24,21.54,25.99,nasa,0.8
2025-09-20,3.46,23.57,20.84,27.44,nasa,0.8
2025-09-21,16.34,23.71,21.2,26.94,nasa,0.8
2025-09-22,44.98,22.99,21.61,25.14,nasa,0.85
2025-09-23,26.75,22.87,21.32,25.95,nasa,0.86
2025-09-24,2.06,23.53,21.14,27.4,nasa,0.86
2025-09-25,5.36,22.93,20.98,26.29,nasa,0.84
2025-09-26,13.02,23.15,20.67,26.67,nasa,0.84
2025-09-27,17.25,22.69,21.38,24.79,nasa,0.86
2025-09-28,3.81,23.17,21.42,26.13,nasa,0.85
2025-09-29,2.95,24.08,21.02,28.34,nasa,0.85
2025-09-30,0.64,23.61,20.65,27.33,nasa,0.84
2025-10-01,0.9,23.71,20.34,28.56,nasa,0.83
2025-10-02,2.37,23.37,19.17,29.09,nasa,0.83
2025-10-03,4.75,23.96,19.44,28.89,nasa,0.82
2025-10-04,9.7,23.22,21.08,25.89,nasa,0.83
2025-10-05,1.91,22.83,20.74,26.53,nasa,0.83
2025-10-06,0.39,23.66,20.62,28.14,nasa,0.82
2025-10-07,10.17,23.6,20.22,27.3,nasa,0.82
2025-10-08,5.48,23.17,20.39,27.22,nasa,0.83
2025-10-09,4.39,22.66,20.23,26.33,nasa,0.83
2025-10-10,3.78,22.27,19.5,26.09,nasa,0.83
2025-10-11,2.51,23.56,19.61,28.39,nasa,0.82
2025-10-12,11.56,23.71,20.99,27.05,nasa,0.82
2025-10-13,15.92,24.17,21.23,28.19,nasa,0.84
2025-10-14,4.9,24.14,21.23,28.61,nasa,0.84
2025-10-15,2.26,23.46,20.92,27.18,nasa,0.83
2025-10-16,18.63,23.02,21.58,25.49,nasa,0.84
2025-10-17,3.35,23.53,21.44,27.35,nasa,0.85
2025-10-18,1.62,23.62,20.67,28.5,nasa,0.84
2025-10-19,1.37,23.41,20.22,27.9,nasa,0.83
2025-10-20,6.05,23.78,21.1,27.97,nasa,0.83
2025-10-21,2.59,23.64,20.83,26.99,nasa,0.83
2025-10-22,0.71,23.93,20.56,28.71,nasa,0.82
2025-10-23,0.67,23.22,19.22,28.57,nasa,0.82
2025-10-24,6.18,22.72,20.43,26.07,nasa,0.81
2025-10-25,11.51,22.23,20.78,24.78,nasa,0.83
2025-10-26,20.77,22.99,20.36,26.22,nasa,0.83
2025-10-27,38.88,23.09,20.93,26.11,nasa,0.87
2025-10-28,15.97,22.95,21.58,25.47,nasa,0.89
2025-10-29,31.08,23.39,21.41,26.31,nasa,0.89
2025-10-30,4.55,23.81,21.01,27.28,nasa,0.9
2025-10-31,9.96,23.05,21.53,25.09,nasa,0.9
2025-11-01,8.49,22.06,20.23,25.01,nasa,0.9
2025-11-02,7.96,22.34,20.18,24.4,nasa,0.9
2025-11-03,3.46,23.12,21.09,26.61,nasa,0.91
2025-11-04,1.97,23.01,20.99,26.05,nasa,0.9
2025-11-05,3.91,23.21,21.07,26.75,nasa,0.9
2025-11-06,71.24,21.18,20.04,22.55,nasa,0.92
2025-11-07,6.7,23.15,20.38,26.84,nasa,0.95
2025-11-08,1.56,23.6,20.71,27.73,nasa,0.94
2025-11-09,4.5,23.76,20.41,28.25,nasa,0.93
2025-11-10,10.99,23.86,19.84,28.28,nasa,0.93
2025-11-11,8.99,23.74,20.66,26.89,nasa,0.93
2025-11-12,1.6,23.67,21.05,27.9,nasa,0.93
2025-11-13,0.04,22.45,19.34,26.83,nasa,0.92
2025-11-14,0.03,19.88,16.42,24.89,nasa,0.91
2025-11-15,1.21,20.81,16.26,26.44,nasa,0.91
2025-11-16,46.74,22.33,20.05,25.17,nasa,0.92
2025-11-17,35.52,21.92,20.05,24.6,nasa,0.96
2025-11-18,23.73,22.63,20.72,25.72,nasa,0.96
2025-11-19,65.68,21.7,19.68,23.73,nasa,0.98
2025-11-20,33.18,20.31,18.72,23.17,nasa,0.99
2025-11-21,10.12,20.99,18.74,25.0,nasa,0.98
2025-11-22,2.05,21.06,19.21,23.65,nasa,0.98
2025-11-23,2.31,22.46,20.0,26.4,nasa,0.97
2025-11-24,2.22,22.71,20.42,26.87,nasa,0.97
2025-11-25,0.04,21.0,18.09,24.77,nasa,0.96
2025-11-26,0.0,20.14,17.39,24.56,nasa,0.95
2025-11-27,0.01,18.19,14.26,21.85,nasa,0.94
2025-11-28,0.57,17.26,13.69,21.17,nasa,0.94
2025-11-29,0.3,20.53,15.56,26.11,nasa,0.93
2025-11-30,0.4,23.22,19.64,27.94,nasa,0.92
2025-12-01,2.05,23.65,20.81,27.71,nasa,0.92
2025-12-02,5.3,24.05,20.48,28.94,nasa,0.92
2025-12-03,28.07,22.09,20.47,25.13,nasa,0.92
2025-12-04,16.23,21.68,19.35,25.95,nasa,0.94
2025-12-05,0.23,21.22,18.47,25.69,nasa,0.94
2025-12-06,0.15,19.96,16.76,24.11,nasa,0.93
2025-12-07,0.04,18.81,15.43,23.74,nasa,0.92
2025-12-08,0.53,19.26,15.25,24.17,nasa,0.91
2025-12-09,2.53,20.27,17.77,24.31,nasa,0.9
2025-12-10,8.72,21.66,18.52,25.82,nasa,0.91
2025-12-11,0.83,22.5,19.86,26.8,nasa,0.9
2025-12-12,0.39,22.21,19.25,26.81,nasa,0.9
2025-12-13,0.02,21.29,18.73,25.01,nasa,0.89
2025-12-14,0.18,21.51,19.34,25.7,nasa,0.88
2025-12-15,0.29,21.5,18.86,26.08,nasa,0.87
2025-12-16,0.3,21.36,18.6,25.8,nasa,0.87
2025-12-17,1.12,21.54,18.63,26.19,nasa,0.86
2025-12-18,0.0,21.53,18.58,25.84,nasa,0.86
2025-12-19,0.0,21.7,18.71,26.2,nasa,0.85
2025-12-20,0.09,21.55,18.17,26.35,nasa,0.85
2025-12-21,1.05,21.67,18.58,26.38,nasa,0.84
2025-12-22,1.32,21.89,19.71,26.27,nasa,0.84
2025-12-23,0.08,22.09,19.37,26.44,nasa,0.83
2025-12-24,0.47,22.42,19.41,27.05,nasa,0.83
2025-12-25,2.22,21.84,19.4,26.37,nasa,0.82
2025-12-26,0.95,19.68,17.42,22.69,nasa,0.82
2025-12-27,0.09,19.65,17.37,23.56,nasa,0.82
2025-12-28,0.0,19.71,16.61,24.71,nasa,0.81
2025-12-29,0.0,18.74,15.06,24.28,nasa,0.8
2025-12-30,0.0,18.53,14.62,24.29,nasa,0.8
2025-12-31,0.0,17.92,13.35,24.29,nasa,0.8
2026-01-01,0.01,17.41,13.0,23.43,nasa,0.79
2026-01-02,0.05,18.29,15.26,22.62,nasa,0.79
2026-01-03,0.04,17.65,14.93,22.21,nasa,0.79
2026-01-04,0.52,19.29,14.67,25.15,nasa,0.78
2026-01-05,0.39,20.32,17.49,24.99,nasa,0.78
2026-01-06,0.04,18.51,16.37,21.6,nasa,0.78
2026-01-07,0.0,17.7,15.39,21.89,nasa,0.77
2026-01-08,0.0,16.28,13.06,20.39,nasa,0.77
2026-01-09,0.0,15.7,12.44,20.94,nasa,0.77
2026-01-10,0.0,16.91,11.9,23.32,nasa,0.77
2026-01-11,0.13,17.08,13.31,22.61,nasa,0.76
2026-01-12,0.17,18.72,13.72,25.35,nasa,0.76
2026-01-13,0.0,18.48,14.43,24.18,nasa,0.76
2026-01-14,0.0,19.32,14.87,25.42,nasa,0.75
2026-01-15,0.0,19.25,14.67,25.35,nasa,0.75
2026-01-16,0.0,19.01,13.38,25.54,nasa,0.74
2026-01-17,0.0,19.72,14.49,25.83,nasa,0.74
2026-01-18,0.0,19.37,15.22,25.04,nasa,0.74
2026-01-19,0.0,18.58,14.67,24.66,nasa,0.74
2026-01-20,0.0,18.04,13.03,24.41,nasa,0.73
2026-01-21,0.07,17.48,13.31,23.34,nasa,0.73
2026-01-22,0.29,18.09,14.58,23.52,nasa,0.73
2026-01-23,0.91,18.53,15.14,24.06,nasa,0.73
2026-01-24,0.25,18.17,14.78,23.61,nasa,0.72
2026-01-25,0.0,18.4,13.7,24.63,nasa,0.72
2026-01-26,0.0,18.38,13.51,24.54,nasa,0.72
2026-01-27,0.01,18.69,13.91,25.01,nasa,0.72
2026-01-28,0.1,18.75,14.7,24.61,nasa,0.71
2026-01-29,0.06,18.81,14.13,25.02,nasa,0.71
2026-01-30,0.0,19.14,15.29,24.44,nasa,0.71
2026-01-31,0.0,17.96,14.61,22.84,nasa,0.71
2026-02-01,0.02,19.06,14.57,25.33,nasa,0.71
2026-02-02,1.19,19.49,15.14,25.24,nasa,0.71
2026-02-03,2.96,20.19,17.53,24.82,nasa,0.71
2026-02-04,0.0,20.41,17.05,25.33,nasa,0.71
2026-02-05,0.0,20.88,16.81,26.29,nasa,0.7
2026-02-06,0.0,21.17,16.01,26.8,nasa,0.7
2026-02-07,0.01,20.81,16.62,26.72,nasa,0.7
2026-02-08,0.11,19.75,16.21,25.44,nasa,0.69
2026-02-09,0.13,20.28,17.2,25.31,nasa,0.69
2026-02-10,0.19,21.33,17.35,27.37,nasa,0.69
2026-02-11,1.15,21.62,18.05,27.36,nasa,0.69
2026-02-12,0.17,20.99,17.34,26.5,nasa,0.68
2026-02-13,0.0,20.35,16.32,26.06,nasa,0.68
2026-02-14,0.0,20.67,16.69,26.61,nasa,0.68
2026-02-15,0.0,21.57,16.88,27.57,nasa,0.68
2026-02-16,0.0,22.17,17.21,28.27,nasa,0.67
2026-02-17,0.0,22.49,18.81,28.28,nasa,0.67
2026-02-18,0.0,21.84,18.15,27.56,nasa,0.67
2026-02-19,0.01,21.73,18.26,27.09,nasa,0.67
2026-02-20,0.0,21.14,17.61,26.73,nasa,0.66
2026-02-21,0.0,21.65,16.62,28.51,nasa,0.66
2026-02-22,0.0,22.56,17.43,29.0,nasa,0.65
2026-02-23,0.0,22.01,16.72,28.79,nasa,0.65
2026-02-24,0.0,21.54,16.21,28.65,nasa,0.65
2026-02-25,0.01,21.9,16.06,28.65,nasa,0.65
2026-02-26,25.49,22.64,19.73,25.86,nasa,0.65
2026-02-27,23.61,22.72,19.25,27.08,nasa,0.71
2026-02-28,0.0,23.7,20.14,28.31,nasa,0.72
2026-03-01,0.0,24.43,20.81,29.19,nasa,0.71
2026-03-02,0.0,25.32,20.1,31.18,nasa,0.69
2026-03-03,0.08,25.15,20.71,30.23,nasa,0.68
2026-03-04,0.61,24.14,20.43,29.66,nasa,0.67
2026-03-05,0.28,22.66,18.86,28.06,nasa,0.67
2026-03-06,3.53,21.8,18.3,27.2,nasa,0.66
2026-03-07,0.4,21.15,17.22,26.43,nasa,0.66
2026-03-08,0.32,20.94,16.77,26.75,nasa,0.65
2026-03-09,0.53,21.82,17.99,27.61,nasa,0.65
2026-03-10,2.29,21.57,18.54,26.48,nasa,0.65
2026-03-11,0.26,21.44,17.81,27.13,nasa,0.64
2026-03-12,0.09,21.14,17.54,26.8,nasa,0.64
2026-03-13,1.06,20.91,17.33,26.49,nasa,0.63
2026-03-14,11.42,20.72,17.97,25.94,nasa,0.64
2026-03-15,0.83,21.24,17.57,27.3,nasa,0.65
2026-03-16,0.33,20.92,16.98,27.18,nasa,0.64
2026-03-17,0.0,21.02,15.67,28.16,nasa,0.64
2026-03-18,0.0,21.72,15.77,29.14,nasa,0.63
2026-03-19,0.0,21.8,16.14,29.1,nasa,0.62
2026-03-20,0.0,22.1,15.72,29.55,nasa,0.62
2026-03-21,0.0,22.32,16.39,29.42,nasa,0.61
2026-03-22,0.0,22.2,16.92,29.32,nasa,0.61
2026-03-23,0.0,22.2,16.23,30.02,nasa,0.6
2026-03-24,0.0,23.0,15.43,31.17,nasa,0.6
2026-03-25,0.0,23.28,17.92,30.7,nasa,0.59
2026-03-26,0.0,22.42,15.73,30.83,nasa,0.59
2026-03-27,0.0,23.09,15.59,31.73,nasa,0.59
2026-03-28,0.0,23.66,16.93,31.85,nasa,0.58
2026-03-29,0.0,23.81,17.11,31.89,nasa,0.58
2026-03-30,0.0,24.21,18.02,32.06,nasa,0.58
2026-03-31,0.0,24.41,18.11,32.23,nasa,0.57
2026-04-01,0.0,24.73,18.99,32.75,nasa,0.57
2026-04-02,0.0,23.44,17.47,31.16,nasa,0.56
2026-04-03,0.0,23.2,15.42,31.59,nasa,0.56
2026-04-04,0.0,25.47,18.27,32.8,nasa,0.56
2026-04-05,0.0,26.41,19.73,33.74,nasa,0.55
2026-04-06,0.0,26.7,19.93,34.02,nasa,0.55
2026-04-07,0.01,26.41,18.98,33.79,nasa,0.55
2026-04-08,0.0,26.62,20.35,34.44,nasa,0.55
2026-04-09,0.0,26.3,19.34,34.16,nasa,0.54
2026-04-10,0.0,26.47,20.21,34.04,nasa,0.54
2026-04-11,0.0,27.06,20.45,33.98,nasa,0.54
2026-04-12,0.0,27.72,21.42,34.54,nasa,0.54
2026-04-13,0.0,27.76,22.13,34.3,nasa,0.54
2026-04-14,0.0,27.45,23.02,33.32,nasa,0.53
2026-04-15,0.26,27.0,21.68,33.21,nasa,0.53
2026-04-16,2.0,25.58,21.23,31.01,nasa,0.53
2026-04-17,1.87,25.76,21.91,31.94,nasa,0.54
2026-04-18,1.04,25.07,20.25,31.52,nasa,0.54
2026-04-19,0.05,24.86,19.46,32.04,nasa,0.53
2026-04-20,0.0,24.79,18.23,32.68,nasa,0.53
2026-04-21,0.0,25.95,20.15,33.56,nasa,0.53
2026-04-22,0.0,25.87,19.91,32.69,nasa,0.53
2026-04-23,0.0,27.18,20.19,34.19,nasa,0.52
2026-04-24,0.0,27.0,22.43,32.79,nasa,0.52
2026-04-25,0.0,26.39,21.79,33.13,nasa,0.52
2026-04-26,0.0,25.02,19.36,32.19,nasa,0.52
2026-04-27,0.01,26.5,20.09,33.96,nasa,0.52
2026-04-28,0.06,26.96,22.08,31.98,nasa,0.51
2026-04-29,0.34,26.7,23.0,31.93,nasa,0.51
2026-04-30,0.07,26.59,21.72,32.95,nasa,0.51
2026-05-01,0.0,25.97,20.1,33.35,nasa,0.51
2026-05-02,0.0,26.77,20.26,34.14,nasa,0.51
2026-05-03,0.0,27.79,21.33,35.29,nasa,0.51
2026-05-04,0.17,26.77,21.34,33.84,nasa,0.51
2026-05-05,4.09,25.56,20.66,32.15,nasa,0.51
2026-05-06,2.67,26.01,20.94,32.69,nasa,0.51
2026-05-07,0.0,27.01,20.19,34.69,nasa,0.51
2026-05-08,0.12,27.09,20.77,34.66,nasa,0.51
2026-05-09,1.09,26.08,21.1,32.56,nasa,0.51
2026-05-10,0.0,27.0,22.92,33.19,nasa,0.51
2026-05-11,0.0,27.05,21.52,33.78,nasa,0.5
2026-05-12,0.0,28.07,21.04,35.72,nasa,0.5
2026-05-13,4.32,28.22,23.88,34.52,nasa,0.5
2026-05-14,8.08,26.42,23.01,31.58,nasa,0.52
2026-05-15,11.07,28.24,23.55,34.89,nasa,0.52
2026-05-16,41.24,25.51,22.94,28.84,nasa,0.6
2026-05-17,3.27,25.02,22.23,28.7,nasa,0.61
2026-05-18,2.78,25.09,21.92,29.37,nasa,0.6
2026-05-19,4.57,25.53,22.1,30.07,nasa,0.59
2026-05-20,8.75,25.22,22.36,28.53,nasa,0.6
2026-05-21,1.03,25.6,22.14,30.06,nasa,0.6
2026-05-22,7.11,26.6,21.41,32.74,nasa,0.59
2026-05-23,27.52,25.39,22.62,29.01,nasa,0.61
2026-05-24,0.35,25.57,23.25,28.71,nasa,0.63
2026-05-25,0.07,25.45,22.63,29.01,nasa,0.61
2026-05-26,0.74,26.2,21.96,31.21,nasa,0.6
2026-05-27,0.88,26.17,22.98,30.15,nasa,0.59
2026-05-28,3.39,25.94,22.6,29.93,nasa,0.58
2026-05-29,20.33,25.59,22.94,29.23,nasa,0.6
2026-05-30,21.51,24.22,21.53,28.47,nasa,0.64
2026-05-31,19.59,23.64,20.75,27.98,nasa,0.64
2026-06-01,15.57,24.14,20.37,27.95,nasa,0.67
2026-06-02,5.6,24.96,21.46,29.52,nasa,0.66
2026-06-03,6.75,24.47,21.87,28.37,nasa,0.66
2026-06-04,1.72,24.16,21.58,27.92,nasa,0.64
2026-06-05,0.1,25.1,21.57,29.65,nasa,0.63
2026-06-06,0.17,25.51,22.24,29.82,nasa,0.61
2026-06-07,0.82,24.83,22.83,27.6,nasa,0.6
2026-06-08,0.72,25.12,22.67,28.75,nasa,0.6
2026-06-09,1.04,24.91,22.9,28.11,nasa,0.59
2026-06-10,8.11,24.45,21.88,27.65,nasa,0.6
2026-06-11,8.1,24.0,22.22,26.53,nasa,0.61
2026-06-12,15.19,24.51,21.53,28.09,nasa,0.62
2026-06-13,0.06,25.51,21.24,30.38,nasa,0.63
2026-06-14,0.39,25.1,22.08,28.63,nasa,0.61
2026-06-15,1.47,24.89,22.08,28.69,nasa,0.61
2026-06-16,7.11,24.86,22.12,28.49,nasa,0.6
2026-06-17,32.33,24.37,22.18,27.21,nasa,0.65
2026-06-18,8.61,24.62,21.87,28.6,nasa,0.66
2026-06-19,49.95,25.27,21.5,30.96,nasa,0.7
2026-06-20,18.62,25.59,21.95,29.82,nasa,0.75
2026-06-21,1.21,25.18,22.51,28.88,nasa,0.73
2026-06-22,4.56,25.16,22.22,28.75,nasa,0.71
2026-06-23,1.06,24.92,22.16,28.64,nasa,0.69
2026-06-24,0.07,25.44,21.98,29.58,nasa,0.67
2026-06-25,0.34,25.3,22.53,29.25,nasa,0.65
2026-06-26,0.26,25.16,22.61,29.08,nasa,0.64
2026-06-27,3.01,24.27,21.54,27.64,nasa,0.63
2026-06-28,2.78,24.64,21.77,28.46,nasa,0.63
2026-06-29,7.38,24.05,22.41,26.38,nasa,0.63
2026-06-30,3.25,23.97,21.62,27.12,nasa,0.64
2026-07-01,2.37,24.37,21.78,27.78,nasa,0.64
2026-07-02,9.04,24.23,21.92,27.53,nasa,0.64
2026-07-03,6.66,23.16,20.55,25.91,nasa,0.65
2026-07-04,5.99,23.58,20.71,27.32,nasa,0.65
2026-07-05,1.46,24.08,20.94,28.01,nasa,0.65
2026-07-06,7.85,24.25,21.69,27.89,nasa,0.64
2026-07-07,19.17,23.34,21.51,26.3,nasa,0.67
2026-07-08,7.48,23.6,21.31,27.49,nasa,0.68
2026-07-09,14.53,23.74,21.13,27.52,nasa,0.68
2026-07-10,4.57,24.03,21.65,27.48,nasa,0.67
2026-07-11,11.89,24.06,21.69,27.33,nasa,0.68
2026-07-12,21.84,23.87,21.81,27.23,nasa,0.69
2026-07-13,11.06,23.44,21.21,26.75,nasa,0.7
2026-07-14,5.76,23.49,21.22,26.9,nasa,0.69
2026-07-15,2.18,23.84,20.99,28.02,nasa,0.68
2026-07-16,5.13,24.1,21.26,27.95,nasa,0.67
2026-07-17,1.82,24.05,21.67,28.05,nasa,0.67
2026-07-18,0.51,24.54,21.22,28.83,nasa,0.66
2026-07-19,0.75,24.53,21.53,28.79,nasa,0.65
2026-07-20,0.0,24.78,21.2,29.42,nasa,0.64
2026-07-21,0.3,24.94,20.64,30.26,nasa,0.63
2026-07-22,5.08,24.3,21.08,27.32,nasa,0.63
2026-07-23,0.46,24.41,22.15,27.74,nasa,0.63
2026-07-24,1.22,24.77,21.28,29.23,nasa,0.63
2026-07-25,2.71,24.24,21.62,27.76,nasa,0.62
2026-07-26,13.34,24.23,21.29,28.56,nasa,0.63
2026-07-27,24.51,24.16,21.18,28.15,nasa,0.66
2026-07-28,17.81,23.85,21.24,27.31,nasa,0.7
2026-07-29,7.76,23.67,22.01,26.16,nasa,0.7
2026-07-30,2.78,24.33,21.39,28.22,nasa,0.69
2026-07-31,3.06,24.24,21.64,27.92,nasa,0.68
2026-08-01,1.57,24.17,21.91,27.16,nasa,0.67
2026-08-02,3.01,24.24,22.06,27.44,nasa,0.67
2026-08-03,0.47,24.17,21.92,26.81,nasa,0.67
2026-08-04,7.36,23.82,21.82,26.89,nasa,0.67
2026-08-05,6.36,23.79,21.62,27.41,nasa,0.67
2026-08-06,11.4,23.72,21.72,26.87,nasa,0.67
2026-08-07,3.79,23.76,21.55,27.0,nasa,0.68
2026-08-08,19.47,23.81,21.36,27.13,nasa,0.69
2026-08-09,16.06,23.47,21.76,26.04,nasa,0.71
2026-08-10,24.61,23.93,21.67,27.37,nasa,0.72
2026-08-11,28.38,23.72,21.21,26.99,nasa,0.76
2026-08-12,4.03,24.16,21.71,27.7,nasa,0.75
2026-08-13,1.27,24.66,21.92,28.7,nasa,0.73
2026-08-14,5.84,24.36,22.5,27.61,nasa,0.71
2026-08-15,3.84,24.07,21.82,27.35,nasa,0.71
2026-08-16,3.64,24.28,21.48,28.0,nasa,0.7
2026-08-17,3.82,24.16,22.19,26.89,nasa,0.7
2026-08-18,14.36,24.16,22.42,27.1,nasa,0.69
2026-08-19,20.83,22.88,21.13,25.05,nasa,0.72
2026-08-20,7.9,23.85,21.39,27.36,nasa,0.73
2026-08-21,2.13,24.06,21.64,27.68,nasa,0.71
2026-08-22,5.84,24.46,21.36,28.56,nasa,0.7
2026-08-23,17.89,24.25,21.55,28.11,nasa,0.71
2026-08-24,1.75,24.51,21.56,28.12,nasa,0.71
2026-08-25,1.72,24.56,21.98,28.44,nasa,0.7
2026-08-26,2.35,24.45,21.53,28.26,nasa,0.69
2026-08-27,0.42,24.83,22.09,28.38,nasa,0.69
2026-08-28,1.61,24.31,21.76,27.44,nasa,0.68
2026-08-29,8.39,24.09,21.16,27.82,nasa,0.68
2026-08-30,5.72,23.79,21.66,27.15,nasa,0.69
2026-08-31,13.3,23.68,21.6,26.94,nasa,0.7
2026-09-01,3.68,22.48,20.89,24.93,nasa,0.84
2026-09-02,4.62,23.09,21.34,26.15,nasa,0.84
2026-09-03,12.72,23.53,20.97,27.83,nasa,0.83
2026-09-04,29.33,23.78,21.37,26.96,nasa,0.84
2026-09-05,72.5,23.29,21.9,26.55,nasa,0.9
2026-09-06,18.87,23.73,21.55,27.34,nasa,0.91
2026-09-07,15.14,24.08,21.65,27.84,nasa,0.9
2026-09-08,13.6,24.77,22.07,28.86,nasa,0.9
2026-09-09,12.77,23.7,21.86,26.72,nasa,0.9
2026-09-10,54.73,22.84,21.71,25.3,nasa,0.92
2026-09-11,11.07,23.79,21.24,28.08,nasa,0.92
2026-09-12,12.15,22.54,21.25,24.83,nasa,0.92
2026-09-13,5.71,23.75,21.04,28.43,nasa,0.92
2026-09-14,12.02,24.33,20.57,29.72,nasa,0.91
2026-09-15,12.66,24.54,21.81,29.1,nasa,0.91
2026-09-16,6.91,25.05,21.71,29.18,nasa,0.9
2026-09-17,11.37,24.55,22.35,27.5,nasa,0.9
2026-09-18,7.35,25.07,21.74,29.67,nasa,0.9
2026-09-19,13.95,24.76,22.28,29.81,nasa,0.9
2026-09-20,20.08,24.24,22.23,28.24,nasa,0.9
2026-09-21,54.42,24.59,21.93,28.41,nasa,0.91
2026-09-22,41.78,23.91,22.02,27.41,nasa,0.95
2026-09-23,,,,,missing,
2026-09-24,,,,,missing,
