date,rain_mm,tmean_c,tmin_c,tmax_c,status,gwetroot_fraction
1981-01-01,10.11,19.5,14.74,25.79,nasa,0.89
1981-01-02,11.03,20.24,16.11,25.44,nasa,0.89
1981-01-03,3.69,20.03,15.98,25.09,nasa,0.89
1981-01-04,2.13,20.9,16.1,26.42,nasa,0.88
1981-01-05,3.59,20.35,16.93,24.78,nasa,0.88
1981-01-06,9.14,21.25,17.34,25.88,nasa,0.88
1981-01-07,3.65,21.32,17.92,26.18,nasa,0.88
1981-01-08,24.86,21.1,16.84,26.62,nasa,0.89
1981-01-09,7.48,20.54,17.73,24.0,nasa,0.9
1981-01-10,20.76,19.56,17.25,22.26,nasa,0.91
1981-01-11,25.53,19.71,16.59,23.96,nasa,0.92
1981-01-12,30.98,20.39,17.89,23.92,nasa,0.95
1981-01-13,16.41,20.2,17.46,24.34,nasa,0.95
1981-01-14,25.35,20.18,17.39,23.35,nasa,0.96
1981-01-15,40.81,20.08,17.61,23.37,nasa,0.97
1981-01-16,13.85,21.38,18.09,26.25,nasa,0.98
1981-01-17,3.96,21.81,17.96,26.14,nasa,0.97
1981-01-18,2.93,21.45,17.14,27.15,nasa,0.97
1981-01-19,0.97,21.19,17.53,24.69,nasa,0.96
1981-01-20,9.17,20.36,17.03,23.76,nasa,0.96
1981-01-21,6.89,21.37,17.13,26.94,nasa,0.96
1981-01-22,18.79,19.23,16.4,23.12,nasa,0.97
1981-01-23,2.51,19.84,14.49,25.88,nasa,0.97
1981-01-24,17.07,20.64,15.26,26.62,nasa,0.96
1981-01-25,12.67,20.96,16.46,26.61,nasa,0.97
1981-01-26,3.15,20.51,16.4,26.76,nasa,0.97
1981-01-27,3.33,19.9,15.61,24.93,nasa,0.96
1981-01-28,1.11,20.05,15.42,25.9,nasa,0.96
1981-01-29,1.15,20.12,15.03,25.8,nasa,0.95
1981-01-30,0.51,21.15,15.52,27.7,nasa,0.95
1981-01-31,2.93,20.97,15.83,26.61,nasa,0.94
1981-02-01,0.93,20.97,16.54,26.1,nasa,0.94
1981-02-02,0.19,21.74,14.7,27.84,nasa,0.93
1981-02-03,1.7,22.44,15.54,28.87,nasa,0.92
1981-02-04,2.7,21.88,19.16,25.03,nasa,0.92
1981-02-05,5.0,22.76,17.8,28.64,nasa,0.92
1981-02-06,16.9,21.46,18.08,25.47,nasa,0.92
1981-02-07,13.86,20.3,16.67,24.63,nasa,0.94
1981-02-08,9.64,19.77,16.56,24.83,nasa,0.94
1981-02-09,11.23,20.1,16.23,24.82,nasa,0.94
1981-02-10,15.16,19.92,15.13,25.42,nasa,0.95
1981-02-11,8.33,20.72,15.91,26.44,nasa,0.95
1981-02-12,1.51,20.32,14.79,25.77,nasa,0.95
1981-02-13,0.48,21.21,15.52,26.91,nasa,0.94
1981-02-14,0.05,21.38,15.61,28.46,nasa,0.93
1981-02-15,0.01,20.4,14.27,26.82,nasa,0.92
1981-02-16,0.11,20.93,15.55,27.44,nasa,0.91
1981-02-17,0.15,19.99,14.97,26.09,nasa,0.9
1981-02-18,0.17,20.23,14.65,27.09,nasa,0.9
1981-02-19,1.23,19.84,13.16,27.15,nasa,0.89
1981-02-20,1.59,19.82,14.85,25.99,nasa,0.89
1981-02-21,3.0,19.79,14.4,26.19,nasa,0.88
1981-02-22,1.86,19.93,15.17,26.13,nasa,0.88
1981-02-23,2.42,19.85,14.5,26.15,nasa,0.87
1981-02-24,1.81,19.65,14.67,26.15,nasa,0.87
1981-02-25,3.64,20.2,14.86,26.95,nasa,0.86
1981-02-26,3.9,20.27,15.41,26.06,nasa,0.86
1981-02-27,4.06,20.35,14.62,26.05,nasa,0.86
1981-02-28,1.46,20.3,14.8,26.49,nasa,0.86
1981-03-01,0.08,20.44,15.44,27.4,nasa,0.85
1981-03-02,0.4,20.17,13.14,27.37,nasa,0.84
1981-03-03,1.72,21.38,14.32,27.95,nasa,0.84
1981-03-04,20.36,20.97,18.01,25.64,nasa,0.85
1981-03-05,21.08,19.89,16.87,24.9,nasa,0.87
1981-03-06,6.54,20.79,17.22,25.83,nasa,0.88
1981-03-07,14.29,21.29,17.69,27.24,nasa,0.89
1981-03-08,8.45,21.48,17.25,26.99,nasa,0.89
1981-03-09,5.33,20.8,15.52,26.44,nasa,0.88
1981-03-10,5.21,21.29,16.72,26.41,nasa,0.88
1981-03-11,4.93,21.05,15.7,26.67,nasa,0.88
1981-03-12,1.06,20.82,16.36,26.52,nasa,0.88
1981-03-13,0.52,20.82,14.57,28.31,nasa,0.87
1981-03-14,0.34,20.84,15.23,27.69,nasa,0.86
1981-03-15,4.05,21.59,16.4,27.93,nasa,0.86
1981-03-16,14.13,22.59,17.2,29.81,nasa,0.86
1981-03-17,19.14,21.48,17.83,25.53,nasa,0.87
1981-03-18,20.45,19.73,16.48,22.43,nasa,0.9
1981-03-19,4.33,19.13,15.59,24.3,nasa,0.9
1981-03-20,4.46,19.93,14.5,26.63,nasa,0.89
1981-03-21,8.53,19.56,14.67,26.07,nasa,0.9
1981-03-22,0.79,19.28,15.07,25.73,nasa,0.89
1981-03-23,0.15,17.66,12.72,24.79,nasa,0.88
1981-03-24,0.07,18.08,11.14,25.74,nasa,0.88
1981-03-25,1.77,18.96,14.35,24.55,nasa,0.87
1981-03-26,5.1,18.7,15.56,23.29,nasa,0.87
1981-03-27,4.03,18.16,15.45,21.91,nasa,0.87
1981-03-28,16.06,17.69,14.05,23.14,nasa,0.88
1981-03-29,40.11,17.25,13.61,21.61,nasa,0.91
1981-03-30,3.97,19.65,16.56,25.01,nasa,0.92
1981-03-31,0.45,19.5,14.95,25.56,nasa,0.91
1981-04-01,0.83,18.53,14.12,24.71,nasa,0.9
1981-04-02,0.54,18.6,13.73,24.6,nasa,0.89
1981-04-03,0.29,18.48,14.63,23.93,nasa,0.89
1981-04-04,0.09,19.17,13.81,24.63,nasa,0.88
1981-04-05,3.85,19.44,14.14,25.95,nasa,0.88
1981-04-06,1.26,18.15,13.08,25.37,nasa,0.88
1981-04-07,0.13,17.7,12.41,24.58,nasa,0.87
1981-04-08,0.96,18.28,13.12,24.58,nasa,0.87
1981-04-09,0.7,17.69,13.9,23.84,nasa,0.86
1981-04-10,0.14,17.07,12.5,23.35,nasa,0.86
1981-04-11,0.0,17.03,11.75,23.85,nasa,0.85
1981-04-12,0.07,17.74,12.83,24.07,nasa,0.85
1981-04-13,0.21,17.84,13.18,24.18,nasa,0.85
1981-04-14,0.04,18.11,12.71,24.05,nasa,0.84
1981-04-15,10.57,17.71,12.64,23.22,nasa,0.84
1981-04-16,4.06,17.99,14.05,23.67,nasa,0.85
1981-04-17,10.13,15.88,11.92,21.38,nasa,0.86
1981-04-18,2.27,14.11,10.43,19.33,nasa,0.86
1981-04-19,0.24,13.31,8.37,19.69,nasa,0.85
1981-04-20,0.19,14.29,8.22,20.89,nasa,0.85
1981-04-21,0.05,14.95,8.45,22.16,nasa,0.84
1981-04-22,0.05,15.75,10.38,21.54,nasa,0.84
1981-04-23,0.34,16.59,9.48,22.84,nasa,0.83
1981-04-24,7.97,18.83,14.22,25.62,nasa,0.83
1981-04-25,0.86,17.91,13.97,24.03,nasa,0.84
1981-04-26,0.2,18.07,14.14,23.69,nasa,0.83
1981-04-27,2.86,17.88,11.81,23.92,nasa,0.83
1981-04-28,4.58,18.78,13.52,24.65,nasa,0.83
1981-04-29,4.79,17.95,13.94,23.17,nasa,0.83
1981-04-30,1.09,16.87,13.16,22.23,nasa,0.83
1981-05-01,0.56,15.32,11.78,20.05,nasa,0.83
1981-05-02,3.32,16.27,12.76,21.32,nasa,0.83
1981-05-03,0.99,17.86,12.8,23.18,nasa,0.83
1981-05-04,0.43,18.09,13.32,24.37,nasa,0.82
1981-05-05,0.25,17.49,12.28,24.32,nasa,0.82
1981-05-06,0.01,16.5,11.54,23.74,nasa,0.81
1981-05-07,0.03,15.46,11.46,22.28,nasa,0.81
1981-05-08,0.01,16.12,11.27,22.57,nasa,0.8
1981-05-09,0.08,16.5,11.63,22.77,nasa,0.8
1981-05-10,0.02,16.82,11.46,22.64,nasa,0.8
1981-05-11,0.05,17.46,13.93,22.39,nasa,0.79
1981-05-12,0.07,16.95,11.88,23.89,nasa,0.79
1981-05-13,0.0,16.63,10.94,23.48,nasa,0.79
1981-05-14,0.0,16.03,10.25,23.12,nasa,0.78
1981-05-15,0.03,15.65,9.78,22.68,nasa,0.78
1981-05-16,0.18,15.44,11.57,21.84,nasa,0.78
1981-05-17,0.62,16.14,12.1,22.21,nasa,0.78
1981-05-18,0.31,16.89,12.82,22.53,nasa,0.77
1981-05-19,6.0,16.92,12.26,22.52,nasa,0.78
1981-05-20,1.44,16.06,10.96,23.3,nasa,0.78
1981-05-21,0.2,15.58,11.49,22.21,nasa,0.78
1981-05-22,0.03,15.31,11.38,21.72,nasa,0.77
1981-05-23,0.18,14.67,10.33,21.18,nasa,0.77
1981-05-24,0.18,14.76,9.91,21.44,nasa,0.77
1981-05-25,0.02,14.97,9.74,21.17,nasa,0.76
1981-05-26,0.18,15.49,9.9,21.92,nasa,0.76
1981-05-27,2.33,15.94,12.41,21.03,nasa,0.76
1981-05-28,7.26,15.14,11.36,20.62,nasa,0.76
1981-05-29,2.53,14.21,10.14,20.34,nasa,0.77
1981-05-30,0.44,14.24,9.85,20.64,nasa,0.77
1981-05-31,0.04,14.36,9.55,21.12,nasa,0.77
1981-06-01,0.21,14.85,8.72,21.52,nasa,0.76
1981-06-02,0.07,15.11,11.32,20.4,nasa,0.76
1981-06-03,0.22,15.14,10.68,19.48,nasa,0.76
1981-06-04,1.6,15.51,10.63,21.18,nasa,0.75
1981-06-05,0.41,15.29,10.32,21.09,nasa,0.75
1981-06-06,7.38,15.37,12.68,19.76,nasa,0.75
1981-06-07,18.8,15.45,11.78,20.02,nasa,0.77
1981-06-08,0.36,11.57,7.21,17.74,nasa,0.77
1981-06-09,0.04,11.67,6.76,19.43,nasa,0.77
1981-06-10,0.02,12.32,6.3,19.56,nasa,0.76
1981-06-11,0.0,13.83,6.78,20.39,nasa,0.76
1981-06-12,0.01,14.76,9.2,20.87,nasa,0.76
1981-06-13,0.01,14.05,8.9,19.15,nasa,0.75
1981-06-14,1.26,16.01,11.59,21.34,nasa,0.75
1981-06-15,4.63,15.75,10.53,21.4,nasa,0.75
1981-06-16,7.7,14.86,10.24,20.78,nasa,0.76
1981-06-17,2.54,15.08,10.49,20.63,nasa,0.77
1981-06-18,1.84,11.99,8.04,18.63,nasa,0.77
1981-06-19,0.17,11.53,6.67,18.28,nasa,0.76
1981-06-20,0.08,13.6,6.87,21.23,nasa,0.76
1981-06-21,0.36,13.7,8.55,20.73,nasa,0.75
1981-06-22,0.18,13.42,9.22,20.34,nasa,0.75
1981-06-23,0.01,12.92,8.17,19.52,nasa,0.75
1981-06-24,0.04,11.88,6.58,18.05,nasa,0.75
1981-06-25,0.0,12.73,8.27,18.0,nasa,0.75
1981-06-26,0.08,13.88,9.25,20.05,nasa,0.74
1981-06-27,0.03,13.98,7.64,20.66,nasa,0.74
1981-06-28,0.01,13.54,7.85,20.54,nasa,0.74
1981-06-29,0.01,14.2,8.43,21.62,nasa,0.74
1981-06-30,0.0,13.77,7.88,21.73,nasa,0.73
1981-07-01,0.0,15.48,8.62,22.77,nasa,0.73
1981-07-02,1.38,15.29,9.96,22.06,nasa,0.73
1981-07-03,1.37,10.62,7.43,16.17,nasa,0.73
1981-07-04,0.56,10.31,6.72,15.76,nasa,0.73
1981-07-05,0.51,9.27,4.53,14.96,nasa,0.73
1981-07-06,0.31,8.73,4.4,15.19,nasa,0.73
1981-07-07,0.1,9.08,5.06,15.63,nasa,0.72
1981-07-08,0.01,10.24,5.92,17.18,nasa,0.72
1981-07-09,0.0,11.13,6.65,18.28,nasa,0.72
1981-07-10,0.0,12.44,7.51,19.19,nasa,0.72
1981-07-11,0.0,13.11,7.64,19.55,nasa,0.72
1981-07-12,0.0,14.7,9.82,20.81,nasa,0.71
1981-07-13,0.0,14.96,9.43,22.23,nasa,0.71
1981-07-14,0.0,15.11,7.47,22.52,nasa,0.71
1981-07-15,0.0,14.85,7.25,22.38,nasa,0.71
1981-07-16,0.01,14.74,8.13,21.69,nasa,0.71
1981-07-17,0.15,14.26,7.53,22.18,nasa,0.7
1981-07-18,0.33,14.41,7.49,22.38,nasa,0.7
1981-07-19,0.34,13.6,9.69,19.49,nasa,0.7
1981-07-20,0.22,13.69,7.57,19.98,nasa,0.7
1981-07-21,0.0,8.17,0.08,16.32,nasa,0.7
1981-07-22,0.01,10.96,3.35,21.36,nasa,0.7
1981-07-23,0.05,13.4,7.68,22.13,nasa,0.69
1981-07-24,1.16,13.46,9.22,18.56,nasa,0.69
1981-07-25,1.26,14.42,11.61,18.91,nasa,0.69
1981-07-26,0.0,14.75,9.12,21.8,nasa,0.69
1981-07-27,0.0,13.86,7.82,22.28,nasa,0.69
1981-07-28,0.0,14.27,7.68,22.59,nasa,0.69
1981-07-29,0.01,13.94,6.88,23.01,nasa,0.68
1981-07-30,0.02,14.04,6.41,23.02,nasa,0.68
1981-07-31,0.01,13.79,6.52,22.43,nasa,0.68
1981-08-01,0.0,15.74,10.28,23.8,nasa,0.68
1981-08-02,0.0,15.15,8.73,24.07,nasa,0.68
1981-08-03,0.0,15.76,7.76,23.81,nasa,0.67
1981-08-04,0.0,15.67,7.52,24.77,nasa,0.67
1981-08-05,0.0,15.7,7.38,24.51,nasa,0.67
1981-08-06,0.0,15.54,6.67,24.74,nasa,0.67
1981-08-07,0.0,15.91,6.82,24.91,nasa,0.66
1981-08-08,0.0,15.76,7.58,25.07,nasa,0.66
1981-08-09,0.12,15.6,7.9,24.54,nasa,0.66
1981-08-10,0.37,15.2,11.6,21.39,nasa,0.66
1981-08-11,0.44,16.28,10.74,23.67,nasa,0.66
1981-08-12,0.42,17.9,11.96,25.09,nasa,0.66
1981-08-13,1.0,17.5,11.59,25.71,nasa,0.66
1981-08-14,2.37,16.42,10.26,25.0,nasa,0.66
1981-08-15,0.52,15.07,9.35,24.11,nasa,0.66
1981-08-16,0.11,16.56,9.15,25.63,nasa,0.66
1981-08-17,8.79,17.46,13.13,23.33,nasa,0.66
1981-08-18,6.83,16.75,11.54,23.09,nasa,0.67
1981-08-19,0.2,13.61,8.68,21.74,nasa,0.68
1981-08-20,0.03,12.23,6.37,21.46,nasa,0.67
1981-08-21,0.07,12.4,6.78,21.28,nasa,0.67
1981-08-22,0.01,13.03,7.61,21.8,nasa,0.66
1981-08-23,0.01,14.24,7.47,21.79,nasa,0.66
1981-08-24,0.0,15.15,8.29,23.16,nasa,0.66
1981-08-25,0.0,16.81,11.05,25.87,nasa,0.66
1981-08-26,0.01,18.65,10.69,27.03,nasa,0.65
1981-08-27,0.01,20.15,12.23,28.19,nasa,0.65
1981-08-28,0.32,20.25,13.72,28.75,nasa,0.65
1981-08-29,0.04,19.0,11.17,29.31,nasa,0.64
1981-08-30,0.13,19.17,12.36,28.12,nasa,0.64
1981-08-31,0.89,16.78,11.56,24.98,nasa,0.64
1981-09-01,0.22,16.75,10.14,25.36,nasa,0.64
1981-09-02,0.05,18.39,11.03,27.0,nasa,0.64
1981-09-03,0.36,20.41,12.43,28.59,nasa,0.64
1981-09-04,0.0,20.99,14.33,29.11,nasa,0.64
1981-09-05,0.02,15.63,8.72,25.29,nasa,0.63
1981-09-06,0.0,15.79,10.31,23.95,nasa,0.63
1981-09-07,0.0,16.89,8.95,27.92,nasa,0.63
1981-09-08,0.0,16.28,7.16,27.9,nasa,0.63
1981-09-09,0.0,17.85,7.45,29.11,nasa,0.63
1981-09-10,0.0,19.06,8.33,31.06,nasa,0.62
1981-09-11,0.0,20.24,12.29,31.85,nasa,0.62
1981-09-12,0.0,19.7,9.37,30.61,nasa,0.62
1981-09-13,0.0,21.55,13.61,32.22,nasa,0.62
1981-09-14,0.0,21.2,11.28,31.64,nasa,0.62
1981-09-15,0.06,20.61,10.75,30.96,nasa,0.61
1981-09-16,0.13,16.37,11.72,23.15,nasa,0.61
1981-09-17,0.1,18.66,10.24,28.9,nasa,0.61
1981-09-18,0.13,20.86,10.78,30.6,nasa,0.61
1981-09-19,0.03,22.19,12.07,32.02,nasa,0.61
1981-09-20,0.03,22.04,12.0,32.75,nasa,0.61
1981-09-21,0.0,23.56,16.14,33.97,nasa,0.61
1981-09-22,0.31,21.34,13.92,31.61,nasa,0.61
1981-09-23,0.07,21.13,13.9,30.39,nasa,0.61
1981-09-24,1.23,21.99,16.1,30.08,nasa,0.61
1981-09-25,14.72,20.67,15.6,28.81,nasa,0.62
1981-09-26,8.28,18.78,14.88,24.06,nasa,0.64
1981-09-27,6.6,19.36,14.08,26.46,nasa,0.65
1981-09-28,0.84,22.05,12.53,30.87,nasa,0.65
1981-09-29,1.5,23.9,17.64,31.8,nasa,0.64
1981-09-30,5.22,17.95,11.74,24.78,nasa,0.64
1981-10-01,0.4,14.07,9.66,20.23,nasa,0.65
1981-10-02,1.35,17.03,10.02,25.16,nasa,0.64
1981-10-03,0.95,18.44,13.17,24.56,nasa,0.64
1981-10-04,5.12,20.37,13.54,27.72,nasa,0.64
1981-10-05,2.73,20.52,12.95,28.23,nasa,0.65
1981-10-06,3.21,21.57,13.2,29.42,nasa,0.65
1981-10-07,11.4,21.96,17.08,28.32,nasa,0.65
1981-10-08,2.8,20.57,15.41,27.93,nasa,0.66
1981-10-09,1.62,17.68,12.66,25.87,nasa,0.66
1981-10-10,3.98,16.16,11.56,21.68,nasa,0.66
1981-10-11,4.84,18.3,11.98,26.24,nasa,0.66
1981-10-12,5.37,19.06,13.25,26.59,nasa,0.66
1981-10-13,8.29,19.87,13.79,27.62,nasa,0.67
1981-10-14,0.94,17.23,11.69,24.18,nasa,0.67
1981-10-15,39.43,17.36,11.62,24.17,nasa,0.69
1981-10-16,2.2,19.29,16.16,23.85,nasa,0.72
1981-10-17,0.45,17.28,12.58,24.26,nasa,0.7
1981-10-18,1.63,16.21,10.97,25.04,nasa,0.7
1981-10-19,46.39,13.59,10.73,17.29,nasa,0.71
1981-10-20,9.27,17.49,11.71,23.76,nasa,0.75
1981-10-21,0.2,16.63,9.05,25.12,nasa,0.74
1981-10-22,0.2,17.77,11.62,26.03,nasa,0.72
1981-10-23,0.18,17.75,11.37,24.76,nasa,0.71
1981-10-24,1.43,19.14,13.34,25.71,nasa,0.71
1981-10-25,3.1,20.31,13.84,27.0,nasa,0.7
1981-10-26,9.46,21.6,14.47,28.36,nasa,0.7
1981-10-27,6.8,18.71,14.79,23.87,nasa,0.71
1981-10-28,3.91,17.73,13.93,22.25,nasa,0.72
1981-10-29,4.86,19.62,15.54,25.94,nasa,0.72
1981-10-30,9.06,18.12,14.7,23.72,nasa,0.72
1981-10-31,1.72,18.02,13.33,24.93,nasa,0.72
1981-11-01,6.5,18.4,12.61,25.46,nasa,0.72
1981-11-02,7.52,19.42,14.27,25.43,nasa,0.72
1981-11-03,15.43,19.63,15.96,24.54,nasa,0.73
1981-11-04,13.77,20.16,16.58,24.76,nasa,0.75
1981-11-05,0.37,21.19,15.51,28.52,nasa,0.75
1981-11-06,0.9,20.7,14.71,26.1,nasa,0.74
1981-11-07,16.12,22.22,16.24,29.76,nasa,0.73
1981-11-08,6.22,20.46,17.35,24.81,nasa,0.75
1981-11-09,26.53,20.84,17.8,24.88,nasa,0.77
1981-11-10,16.99,19.7,16.97,23.17,nasa,0.79
1981-11-11,13.61,18.96,15.63,24.69,nasa,0.8
1981-11-12,8.86,18.59,14.53,23.97,nasa,0.8
1981-11-13,6.98,18.08,13.86,23.03,nasa,0.8
1981-11-14,19.53,18.24,14.53,23.34,nasa,0.81
1981-11-15,1.09,20.43,14.7,26.72,nasa,0.81
1981-11-16,1.98,20.51,14.61,26.64,nasa,0.8
1981-11-17,4.19,21.34,16.08,27.44,nasa,0.79
1981-11-18,3.86,21.94,16.26,28.13,nasa,0.79
1981-11-19,12.08,21.37,16.85,26.39,nasa,0.79
1981-11-20,23.76,19.18,17.09,21.7,nasa,0.81
1981-11-21,8.14,19.64,15.98,25.11,nasa,0.83
1981-11-22,0.5,19.98,15.06,26.48,nasa,0.82
1981-11-23,0.06,20.09,12.87,28.41,nasa,0.81
1981-11-24,0.78,20.23,13.0,27.84,nasa,0.8
1981-11-25,6.33,20.37,14.81,26.4,nasa,0.79
1981-11-26,6.56,19.72,16.27,25.18,nasa,0.8
1981-11-27,3.3,20.28,14.81,26.96,nasa,0.8
1981-11-28,6.81,20.44,15.55,26.51,nasa,0.8
1981-11-29,9.73,21.55,15.17,27.01,nasa,0.8
1981-11-30,6.95,22.37,17.6,28.47,nasa,0.8
1981-12-01,8.45,21.97,18.57,26.86,nasa,0.81
1981-12-02,16.15,21.09,16.83,25.77,nasa,0.82
1981-12-03,3.58,17.84,13.58,24.29,nasa,0.82
1981-12-04,3.17,18.9,13.01,25.26,nasa,0.81
1981-12-05,3.68,20.46,16.55,26.05,nasa,0.81
1981-12-06,7.12,20.47,17.23,24.81,nasa,0.81
1981-12-07,25.21,21.89,17.79,27.33,nasa,0.82
1981-12-08,33.71,18.91,15.87,23.58,nasa,0.87
1981-12-09,26.94,17.86,15.24,21.1,nasa,0.88
1981-12-10,26.11,19.43,16.09,23.76,nasa,0.89
1981-12-11,13.97,20.7,16.89,26.27,nasa,0.89
1981-12-12,15.66,20.07,16.95,24.89,nasa,0.89
1981-12-13,9.07,20.65,16.72,25.97,nasa,0.89
1981-12-14,2.78,21.28,14.98,28.09,nasa,0.88
1981-12-15,4.33,20.49,15.85,25.24,nasa,0.88
1981-12-16,17.9,20.49,17.5,25.01,nasa,0.88
1981-12-17,40.1,19.03,16.63,21.25,nasa,0.92
1981-12-18,11.09,19.36,16.09,24.11,nasa,0.93
1981-12-19,4.07,20.46,15.08,26.63,nasa,0.92
1981-12-20,1.5,20.97,15.13,27.39,nasa,0.9
1981-12-21,0.9,20.66,14.26,26.9,nasa,0.9
1981-12-22,1.63,20.83,14.87,26.46,nasa,0.89
1981-12-23,2.67,21.76,17.22,27.01,nasa,0.89
1981-12-24,12.36,21.9,17.12,27.56,nasa,0.89
1981-12-25,4.26,20.28,15.53,27.41,nasa,0.89
1981-12-26,5.4,18.82,14.14,25.24,nasa,0.89
1981-12-27,8.58,18.09,14.77,23.02,nasa,0.89
1981-12-28,3.91,18.22,14.16,24.41,nasa,0.89
1981-12-29,0.69,17.55,12.7,24.91,nasa,0.89
1981-12-30,0.17,18.06,11.53,25.66,nasa,0.88
1981-12-31,3.39,19.34,13.46,25.46,nasa,0.87
1982-01-01,19.84,20.44,14.71,26.48,nasa,0.88
1982-01-02,39.93,19.83,17.57,23.56,nasa,0.9
1982-01-03,14.36,18.58,15.25,22.22,nasa,0.92
1982-01-04,6.53,16.19,13.78,18.55,nasa,0.92
1982-01-05,2.61,18.55,12.41,24.81,nasa,0.91
1982-01-06,5.22,19.61,15.33,24.4,nasa,0.91
1982-01-07,3.23,20.52,16.38,25.88,nasa,0.91
1982-01-08,5.23,19.61,16.0,24.55,nasa,0.91
1982-01-09,12.49,19.47,16.5,23.9,nasa,0.91
1982-01-10,15.66,20.38,16.63,25.31,nasa,0.92
1982-01-11,42.09,20.6,17.15,25.34,nasa,0.94
1982-01-12,8.19,20.44,16.31,25.42,nasa,0.95
1982-01-13,0.97,20.09,14.78,27.06,nasa,0.94
1982-01-14,0.53,20.32,14.43,26.69,nasa,0.93
1982-01-15,0.37,20.52,15.29,27.87,nasa,0.92
1982-01-16,0.52,19.81,14.35,27.25,nasa,0.91
1982-01-17,0.32,20.01,14.11,27.78,nasa,0.91
1982-01-18,1.01,20.32,14.78,26.99,nasa,0.9
1982-01-19,1.12,19.74,15.78,25.1,nasa,0.89
1982-01-20,7.26,18.34,14.08,22.9,nasa,0.89
1982-01-21,9.35,16.43,13.21,20.54,nasa,0.9
1982-01-22,21.28,18.54,14.02,22.8,nasa,0.91
1982-01-23,23.85,18.47,16.87,20.55,nasa,0.93
1982-01-24,22.02,17.79,15.26,21.13,nasa,0.95
1982-01-25,9.97,17.68,15.06,21.0,nasa,0.95
1982-01-26,10.9,17.26,14.81,20.97,nasa,0.95
1982-01-27,6.95,18.25,14.42,23.51,nasa,0.95
1982-01-28,9.89,18.38,14.11,22.94,nasa,0.95
1982-01-29,2.34,16.94,14.89,19.72,nasa,0.95
1982-01-30,1.19,18.79,14.47,24.42,nasa,0.95
1982-01-31,3.94,18.55,13.81,24.01,nasa,0.94
1982-02-01,3.4,19.01,14.48,24.1,nasa,0.94
1982-02-02,7.2,19.24,15.26,24.41,nasa,0.94
1982-02-03,1.01,18.7,14.22,24.02,nasa,0.94
1982-02-04,13.89,19.28,13.21,25.31,nasa,0.93
1982-02-05,24.94,19.37,15.98,23.67,nasa,0.95
1982-02-06,13.52,18.86,16.6,21.8,nasa,0.96
1982-02-07,8.34,20.36,15.9,26.15,nasa,0.96
1982-02-08,3.57,19.38,16.81,23.36,nasa,0.96
1982-02-09,0.27,19.83,14.6,26.3,nasa,0.95
1982-02-10,0.01,19.35,13.68,26.36,nasa,0.95
1982-02-11,0.0,20.53,14.28,27.85,nasa,0.94
1982-02-12,0.0,20.33,13.83,28.55,nasa,0.93
1982-02-13,0.01,19.43,13.62,26.15,nasa,0.92
1982-02-14,0.01,20.88,14.63,26.89,nasa,0.92
1982-02-15,0.19,21.46,16.12,27.48,nasa,0.91
1982-02-16,2.09,21.54,17.43,26.35,nasa,0.91
1982-02-17,0.5,20.34,17.4,24.35,nasa,0.9
1982-02-18,0.69,19.79,15.81,25.87,nasa,0.9
1982-02-19,0.67,19.82,15.54,25.99,nasa,0.89
1982-02-20,1.56,19.98,14.86,25.24,nasa,0.89
1982-02-21,1.87,20.78,14.43,26.94,nasa,0.88
1982-02-22,4.53,20.76,15.47,26.33,nasa,0.88
1982-02-23,8.66,20.13,17.32,23.8,nasa,0.88
1982-02-24,12.62,20.44,17.06,24.96,nasa,0.89
1982-02-25,13.01,21.31,17.49,27.73,nasa,0.9
1982-02-26,10.93,19.91,16.51,25.04,nasa,0.91
1982-02-27,22.69,20.17,17.63,23.39,nasa,0.93
1982-02-28,13.33,20.51,16.19,25.37,nasa,0.93
1982-03-01,18.05,19.82,16.93,23.91,nasa,0.94
1982-03-02,6.08,19.92,16.64,24.16,nasa,0.94
1982-03-03,3.53,18.75,14.81,25.02,nasa,0.94
1982-03-04,1.87,17.45,13.55,23.72,nasa,0.93
1982-03-05,0.67,17.29,11.59,24.05,nasa,0.93
1982-03-06,4.98,17.29,14.42,20.4,nasa,0.93
1982-03-07,10.48,19.24,14.86,24.66,nasa,0.93
1982-03-08,19.94,19.04,16.64,22.42,nasa,0.94
1982-03-09,40.49,19.08,16.82,22.09,nasa,0.97
1982-03-10,33.16,18.81,16.0,22.7,nasa,0.98
1982-03-11,24.14,21.37,17.05,26.21,nasa,0.99
1982-03-12,23.36,19.41,17.04,23.43,nasa,0.99
1982-03-13,7.89,18.89,15.98,22.39,nasa,0.99
1982-03-14,7.69,18.03,16.69,20.14,nasa,0.99
1982-03-15,4.24,19.63,16.14,24.06,nasa,0.99
1982-03-16,7.56,19.99,17.27,23.56,nasa,0.99
1982-03-17,5.81,21.42,16.39,27.05,nasa,0.99
1982-03-18,3.57,21.05,15.64,27.77,nasa,0.98
1982-03-19,3.23,21.25,16.49,27.29,nasa,0.98
1982-03-20,2.33,18.79,16.49,21.46,nasa,0.98
1982-03-21,2.47,19.0,14.51,25.43,nasa,0.98
1982-03-22,16.66,17.97,14.98,22.51,nasa,0.98
1982-03-23,5.61,17.46,14.82,20.31,nasa,0.99
1982-03-24,4.26,19.19,14.24,24.79,nasa,0.98
1982-03-25,5.74,20.29,16.46,24.8,nasa,0.98
1982-03-26,6.43,19.67,15.88,24.66,nasa,0.98
1982-03-27,9.07,19.91,14.88,25.08,nasa,0.98
1982-03-28,13.08,19.62,14.95,24.6,nasa,0.98
1982-03-29,15.18,20.38,17.2,24.45,nasa,0.99
1982-03-30,12.85,20.07,17.29,24.65,nasa,0.99
1982-03-31,8.36,20.09,17.22,24.37,nasa,0.99
1982-04-01,5.2,19.53,15.29,24.85,nasa,0.99
1982-04-02,1.08,19.16,16.02,24.03,nasa,0.98
1982-04-03,2.37,19.87,14.99,24.83,nasa,0.98
1982-04-04,0.74,19.69,15.64,25.2,nasa,0.97
1982-04-05,0.75,17.56,13.54,23.47,nasa,0.97
1982-04-06,1.28,16.73,12.04,23.0,nasa,0.97
1982-04-07,2.12,16.25,11.12,22.26,nasa,0.96
1982-04-08,0.35,16.86,11.52,23.8,nasa,0.96
1982-04-09,0.15,16.54,11.58,22.29,nasa,0.95
1982-04-10,0.16,16.8,12.79,22.5,nasa,0.95
1982-04-11,0.28,17.17,12.42,22.78,nasa,0.95
1982-04-12,1.94,17.98,14.12,22.64,nasa,0.94
1982-04-13,3.12,17.35,14.61,21.31,nasa,0.94
1982-04-14,5.29,17.3,14.67,21.35,nasa,0.94
1982-04-15,14.96,18.43,15.6,22.58,nasa,0.96
1982-04-16,1.65,16.87,14.36,20.7,nasa,0.96
1982-04-17,0.49,15.42,13.52,18.36,nasa,0.95
1982-04-18,0.43,16.45,12.52,22.66,nasa,0.95
1982-04-19,0.41,15.54,11.63,21.77,nasa,0.94
1982-04-20,0.06,15.37,10.94,22.26,nasa,0.94
1982-04-21,0.01,15.72,10.61,22.58,nasa,0.93
1982-04-22,0.04,16.76,10.82,23.09,nasa,0.93
1982-04-23,0.09,16.99,13.08,22.77,nasa,0.92
1982-04-24,0.17,15.84,10.61,22.5,nasa,0.92
1982-04-25,0.15,15.92,11.21,22.71,nasa,0.92
1982-04-26,0.35,15.51,11.73,21.68,nasa,0.91
1982-04-27,0.37,14.56,10.57,20.86,nasa,0.91
1982-04-28,1.34,14.25,10.0,20.27,nasa,0.9
1982-04-29,0.76,13.56,10.22,19.08,nasa,0.9
1982-04-30,0.29,13.41,8.88,18.92,nasa,0.9
1982-05-01,0.93,14.73,10.18,19.93,nasa,0.9
1982-05-02,0.04,15.6,10.71,21.35,nasa,0.89
1982-05-03,0.99,14.9,10.54,21.21,nasa,0.89
1982-05-04,1.37,12.87,9.53,17.37,nasa,0.89
1982-05-05,0.3,11.73,7.89,17.89,nasa,0.88
1982-05-06,0.0,12.08,7.08,18.45,nasa,0.88
1982-05-07,0.01,13.18,8.1,19.67,nasa,0.88
1982-05-08,0.11,14.4,9.92,20.37,nasa,0.87
1982-05-09,0.01,15.1,10.91,20.72,nasa,0.87
1982-05-10,0.0,15.56,9.76,21.11,nasa,0.86
1982-05-11,0.0,16.67,11.07,22.47,nasa,0.86
1982-05-12,0.03,16.23,11.28,22.4,nasa,0.86
1982-05-13,0.01,16.87,12.57,22.32,nasa,0.85
1982-05-14,0.0,16.75,10.99,22.51,nasa,0.85
1982-05-15,0.0,16.97,12.02,22.8,nasa,0.85
1982-05-16,0.01,16.83,13.98,21.22,nasa,0.85
1982-05-17,0.18,17.17,12.79,22.7,nasa,0.85
1982-05-18,0.06,17.36,13.61,22.96,nasa,0.84
1982-05-19,3.43,17.08,14.93,20.59,nasa,0.84
1982-05-20,0.3,16.85,11.59,22.34,nasa,0.84
1982-05-21,0.03,14.52,10.12,20.39,nasa,0.84
1982-05-22,0.17,14.24,8.02,21.44,nasa,0.83
1982-05-23,0.48,14.97,10.87,21.1,nasa,0.83
1982-05-24,1.39,14.73,11.2,19.23,nasa,0.83
1982-05-25,20.66,15.91,13.9,18.41,nasa,0.84
1982-05-26,1.99,14.45,12.14,18.0,nasa,0.86
1982-05-27,0.27,15.1,10.5,22.04,nasa,0.85
1982-05-28,0.09,14.05,10.04,19.87,nasa,0.84
1982-05-29,0.09,13.73,9.92,19.38,nasa,0.84
1982-05-30,0.14,13.69,9.91,18.64,nasa,0.84
1982-05-31,3.11,15.16,11.35,20.28,nasa,0.84
1982-06-01,0.28,14.81,10.65,21.36,nasa,0.84
1982-06-02,0.07,13.93,9.91,20.17,nasa,0.83
1982-06-03,0.17,14.31,9.06,20.45,nasa,0.83
1982-06-04,0.25,14.34,9.78,20.29,nasa,0.83
1982-06-05,2.12,15.26,12.2,19.96,nasa,0.83
1982-06-06,0.09,15.05,11.41,19.54,nasa,0.83
1982-06-07,0.35,15.94,11.84,21.06,nasa,0.82
1982-06-08,0.06,15.35,10.17,21.51,nasa,0.82
1982-06-09,0.12,16.33,10.46,22.7,nasa,0.82
1982-06-10,0.01,16.19,11.07,23.05,nasa,0.82
1982-06-11,0.19,16.45,12.65,22.12,nasa,0.81
1982-06-12,1.96,16.57,14.2,20.0,nasa,0.81
1982-06-13,0.11,16.93,13.3,22.11,nasa,0.81
1982-06-14,0.1,16.96,13.71,21.5,nasa,0.81
1982-06-15,0.5,16.59,12.0,22.94,nasa,0.81
1982-06-16,10.48,15.48,12.84,19.39,nasa,0.81
1982-06-17,1.85,15.18,11.9,20.44,nasa,0.82
1982-06-18,0.28,15.86,12.27,21.21,nasa,0.82
1982-06-19,0.0,15.62,11.1,21.87,nasa,0.81
1982-06-20,0.27,15.37,12.81,20.4,nasa,0.81
1982-06-21,0.19,16.34,12.18,22.0,nasa,0.81
1982-06-22,7.56,16.03,13.27,19.82,nasa,0.81
1982-06-23,2.62,16.22,14.14,19.25,nasa,0.82
1982-06-24,6.63,16.87,14.92,20.77,nasa,0.82
1982-06-25,3.84,17.57,15.18,22.23,nasa,0.82
1982-06-26,8.08,17.51,14.62,22.28,nasa,0.82
1982-06-27,0.29,17.73,15.16,22.35,nasa,0.83
1982-06-28,0.21,16.82,15.05,19.89,nasa,0.83
1982-06-29,0.23,16.04,13.88,19.64,nasa,0.82
1982-06-30,1.84,17.0,14.06,22.27,nasa,0.82
1982-07-01,0.27,17.76,14.01,23.06,nasa,0.82
1982-07-02,0.11,15.43,12.19,20.75,nasa,0.82
1982-07-03,0.02,15.38,11.11,21.58,nasa,0.81
1982-07-04,0.04,15.62,11.19,21.33,nasa,0.81
1982-07-05,0.01,16.57,10.27,22.63,nasa,0.81
1982-07-06,0.0,16.18,12.61,21.79,nasa,0.8
1982-07-07,0.0,15.59,10.22,21.65,nasa,0.8
1982-07-08,0.0,16.69,11.58,22.68,nasa,0.8
1982-07-09,0.0,15.93,11.73,21.68,nasa,0.79
1982-07-10,0.04,15.36,9.96,21.62,nasa,0.79
1982-07-11,0.02,16.29,10.98,22.04,nasa,0.79
1982-07-12,0.61,16.01,10.21,22.71,nasa,0.79
1982-07-13,1.57,16.34,12.01,21.96,nasa,0.79
1982-07-14,1.98,14.56,9.67,20.78,nasa,0.79
1982-07-15,0.16,13.92,8.88,20.85,nasa,0.79
1982-07-16,0.05,14.6,10.77,19.56,nasa,0.78
1982-07-17,0.54,15.25,12.59,19.63,nasa,0.78
1982-07-18,4.28,15.95,11.53,21.6,nasa,0.78
1982-07-19,3.82,15.44,12.12,19.69,nasa,0.79
1982-07-20,0.3,15.1,10.43,21.95,nasa,0.79
1982-07-21,0.03,15.37,10.45,22.99,nasa,0.79
1982-07-22,0.02,14.78,9.4,22.04,nasa,0.78
1982-07-23,0.05,14.67,8.22,22.37,nasa,0.78
1982-07-24,0.0,15.04,8.23,22.58,nasa,0.77
1982-07-25,0.0,14.11,7.74,22.39,nasa,0.77
1982-07-26,0.18,13.77,7.71,21.56,nasa,0.77
1982-07-27,0.03,14.16,7.56,22.0,nasa,0.77
1982-07-28,0.47,13.96,8.04,21.2,nasa,0.76
1982-07-29,3.65,14.44,7.87,22.21,nasa,0.76
1982-07-30,8.75,11.63,8.36,15.15,nasa,0.78
1982-07-31,0.49,12.78,6.99,20.52,nasa,0.78
1982-08-01,0.09,14.18,7.71,20.94,nasa,0.77
1982-08-02,0.27,17.42,12.48,24.22,nasa,0.77
1982-08-03,0.74,16.4,12.69,22.54,nasa,0.76
1982-08-04,0.73,14.53,10.68,19.96,nasa,0.76
1982-08-05,0.4,15.22,11.02,20.99,nasa,0.76
1982-08-06,0.07,16.72,12.17,22.79,nasa,0.76
1982-08-07,0.0,17.56,11.81,24.72,nasa,0.76
1982-08-08,0.0,17.28,10.79,24.6,nasa,0.75
1982-08-09,0.01,17.72,10.72,24.83,nasa,0.75
1982-08-10,4.72,17.33,12.18,23.89,nasa,0.75
1982-08-11,10.78,14.69,12.05,18.56,nasa,0.76
1982-08-12,2.29,14.55,11.05,20.79,nasa,0.77
1982-08-13,0.28,15.03,10.92,21.35,nasa,0.76
1982-08-14,0.1,16.68,12.22,22.88,nasa,0.76
1982-08-15,0.17,17.23,12.63,23.51,nasa,0.75
1982-08-16,0.31,17.3,10.27,24.45,nasa,0.75
1982-08-17,0.47,17.29,11.74,23.87,nasa,0.75
1982-08-18,2.91,16.51,12.22,22.57,nasa,0.75
1982-08-19,0.7,15.41,11.31,21.3,nasa,0.75
1982-08-20,0.25,15.45,9.01,23.9,nasa,0.74
1982-08-21,0.15,16.3,10.64,23.47,nasa,0.74
1982-08-22,0.06,18.03,12.29,25.89,nasa,0.74
1982-08-23,2.67,18.59,12.71,25.64,nasa,0.74
1982-08-24,3.29,18.16,13.78,23.91,nasa,0.74
1982-08-25,0.3,19.06,13.08,26.59,nasa,0.74
1982-08-26,0.24,17.91,13.37,22.83,nasa,0.73
1982-08-27,1.62,19.56,13.89,26.59,nasa,0.73
1982-08-28,0.67,19.66,12.91,27.08,nasa,0.73
1982-08-29,6.41,19.46,12.64,26.81,nasa,0.73
1982-08-30,1.42,17.79,13.31,22.95,nasa,0.73
1982-08-31,0.49,19.47,13.97,26.28,nasa,0.73
1982-09-01,0.79,18.48,14.2,24.54,nasa,0.73
1982-09-02,0.28,18.25,13.48,25.06,nasa,0.73
1982-09-03,0.07,18.54,14.06,25.52,nasa,0.72
1982-09-04,0.07,18.27,12.82,26.6,nasa,0.72
1982-09-05,0.06,18.33,11.01,26.78,nasa,0.71
1982-09-06,2.07,16.18,11.41,22.07,nasa,0.71
1982-09-07,0.83,13.61,7.33,21.44,nasa,0.71
1982-09-08,0.06,13.01,5.58,23.47,nasa,0.71
1982-09-09,0.02,13.93,7.12,24.27,nasa,0.7
1982-09-10,0.0,15.36,7.7,25.61,nasa,0.7
1982-09-11,0.0,16.87,9.37,26.4,nasa,0.7
1982-09-12,0.04,18.15,9.44,27.39,nasa,0.69
1982-09-13,0.04,19.17,10.02,27.54,nasa,0.69
1982-09-14,0.4,19.91,14.69,28.04,nasa,0.69
1982-09-15,0.04,19.17,12.79,27.63,nasa,0.68
1982-09-16,0.12,17.96,12.32,26.55,nasa,0.68
1982-09-17,0.1,18.22,10.31,26.22,nasa,0.68
1982-09-18,0.14,19.76,11.62,28.14,nasa,0.68
1982-09-19,0.68,19.08,12.34,26.51,nasa,0.67
1982-09-20,0.34,15.16,9.74,23.67,nasa,0.67
1982-09-21,0.43,15.46,9.72,25.03,nasa,0.67
1982-09-22,1.38,14.42,10.98,18.89,nasa,0.67
1982-09-23,0.61,16.41,11.45,24.22,nasa,0.67
1982-09-24,0.41,16.99,11.19,25.93,nasa,0.67
1982-09-25,0.09,17.69,9.14,27.25,nasa,0.67
1982-09-26,0.31,19.26,10.0,27.95,nasa,0.66
1982-09-27,16.02,19.98,14.36,25.94,nasa,0.67
1982-09-28,0.17,18.99,12.1,26.37,nasa,0.69
1982-09-29,0.5,15.19,9.92,23.52,nasa,0.68
1982-09-30,0.3,14.73,9.55,22.27,nasa,0.68
1982-10-01,0.99,16.71,10.38,24.52,nasa,0.67
1982-10-02,6.54,17.66,11.4,25.42,nasa,0.67
1982-10-03,5.08,18.56,15.47,23.46,nasa,0.69
1982-10-04,0.31,20.17,13.8,27.42,nasa,0.68
1982-10-05,0.41,20.83,14.78,27.97,nasa,0.68
1982-10-06,2.68,19.27,15.06,25.98,nasa,0.68
1982-10-07,3.95,18.07,14.29,22.36,nasa,0.68
1982-10-08,7.5,19.12,15.13,24.06,nasa,0.68
1982-10-09,11.62,18.49,15.34,23.68,nasa,0.7
1982-10-10,13.81,18.61,14.6,24.27,nasa,0.71
1982-10-11,9.92,19.57,15.37,25.28,nasa,0.73
1982-10-12,18.9,19.05,13.44,26.07,nasa,0.74
1982-10-13,13.81,18.7,10.86,23.61,nasa,0.75
1982-10-14,0.1,15.29,6.79,25.28,nasa,0.75
1982-10-15,0.12,16.67,9.23,26.21,nasa,0.74
1982-10-16,0.04,17.72,11.19,26.44,nasa,0.73
1982-10-17,0.03,18.37,10.89,26.98,nasa,0.72
1982-10-18,0.48,18.89,13.54,25.93,nasa,0.71
1982-10-19,0.46,18.32,11.24,26.25,nasa,0.71
1982-10-20,4.31,18.77,9.25,27.97,nasa,0.71
1982-10-21,3.7,19.97,14.61,26.68,nasa,0.71
1982-10-22,0.83,20.59,15.23,27.49,nasa,0.71
1982-10-23,4.0,21.65,15.34,28.82,nasa,0.7
1982-10-24,2.98,22.54,17.86,28.67,nasa,0.71
1982-10-25,2.27,23.42,17.8,31.06,nasa,0.7
1982-10-26,2.91,21.99,16.42,29.16,nasa,0.7
1982-10-27,16.41,20.66,16.76,25.99,nasa,0.71
1982-10-28,13.93,20.52,16.98,27.35,nasa,0.73
1982-10-29,16.82,21.45,16.8,26.85,nasa,0.75
1982-10-30,3.89,21.74,16.47,27.79,nasa,0.75
1982-10-31,1.63,19.67,14.33,27.12,nasa,0.74
1982-11-01,0.37,19.7,12.56,27.63,nasa,0.73
1982-11-02,0.15,21.02,15.21,27.7,nasa,0.72
1982-11-03,0.06,22.18,13.48,29.45,nasa,0.72
1982-11-04,0.08,23.33,16.18,30.94,nasa,0.71
1982-11-05,0.68,22.68,15.42,30.97,nasa,0.7
1982-11-06,1.74,21.4,14.05,29.8,nasa,0.7
1982-11-07,2.66,20.71,17.13,25.85,nasa,0.7
1982-11-08,4.63,22.32,16.69,29.7,nasa,0.7
1982-11-09,9.01,21.53,16.55,28.05,nasa,0.7
1982-11-10,9.07,20.97,17.46,25.89,nasa,0.71
1982-11-11,7.24,20.99,17.5,26.63,nasa,0.72
1982-11-12,1.1,20.52,16.63,25.51,nasa,0.72
1982-11-13,2.44,19.47,14.61,25.63,nasa,0.72
1982-11-14,27.74,17.84,14.17,22.64,nasa,0.73
1982-11-15,9.32,19.31,16.2,23.26,nasa,0.76
1982-11-16,6.92,20.46,15.5,26.46,nasa,0.76
1982-11-17,2.66,17.35,13.49,21.64,nasa,0.76
1982-11-18,1.41,19.91,12.45,28.09,nasa,0.75
1982-11-19,9.9,21.18,16.0,27.4,nasa,0.75
1982-11-20,5.72,21.39,18.27,24.96,nasa,0.75
1982-11-21,1.33,21.45,17.68,26.24,nasa,0.75
1982-11-22,6.42,21.58,17.45,26.57,nasa,0.75
1982-11-23,4.82,22.91,17.62,29.21,nasa,0.75
1982-11-24,4.48,22.52,18.26,27.98,nasa,0.75
1982-11-25,12.5,21.54,17.23,26.26,nasa,0.75
1982-11-26,8.05,22.08,17.41,26.97,nasa,0.76
1982-11-27,1.23,21.82,16.83,27.35,nasa,0.76
1982-11-28,12.59,21.6,17.25,25.89,nasa,0.76
1982-11-29,1.94,19.97,16.68,23.58,nasa,0.77
1982-11-30,18.81,19.5,15.84,25.0,nasa,0.78
1982-12-01,7.43,20.14,16.66,24.81,nasa,0.79
1982-12-02,21.08,19.29,16.58,23.0,nasa,0.8
1982-12-03,15.94,16.54,12.2,20.84,nasa,0.82
1982-12-04,2.2,15.04,10.94,20.77,nasa,0.82
1982-12-05,13.63,17.25,11.45,23.62,nasa,0.81
1982-12-06,18.43,19.9,16.63,24.58,nasa,0.82
1982-12-07,16.1,19.75,17.18,24.02,nasa,0.84
1982-12-08,8.25,18.49,14.31,23.48,nasa,0.85
1982-12-09,1.56,16.98,13.29,21.35,nasa,0.84
1982-12-10,2.78,17.99,13.36,23.42,nasa,0.83
1982-12-11,2.44,18.75,15.44,24.05,nasa,0.83
1982-12-12,5.96,18.95,15.16,25.18,nasa,0.83
1982-12-13,7.83,19.3,15.81,24.07,nasa,0.83
1982-12-14,10.76,18.34,16.23,21.34,nasa,0.84
1982-12-15,25.8,19.64,16.4,24.41,nasa,0.85
1982-12-16,12.4,19.37,16.91,23.88,nasa,0.87
1982-12-17,9.27,19.5,16.87,23.42,nasa,0.87
1982-12-18,7.56,20.39,17.13,24.87,nasa,0.87
1982-12-19,9.97,19.65,16.24,24.24,nasa,0.87
1982-12-20,16.84,19.25,16.79,23.73,nasa,0.88
1982-12-21,21.93,19.85,15.81,24.85,nasa,0.89
1982-12-22,17.65,20.07,16.6,23.93,nasa,0.91
1982-12-23,30.21,20.4,17.97,24.29,nasa,0.92
1982-12-24,7.85,19.13,17.23,21.13,nasa,0.92
1982-12-25,6.1,17.64,14.68,21.49,nasa,0.92
1982-12-26,8.53,18.83,14.26,24.48,nasa,0.92
1982-12-27,13.18,17.63,16.1,19.54,nasa,0.92
1982-12-28,10.19,18.74,15.57,22.94,nasa,0.93
1982-12-29,17.34,18.13,15.34,21.11,nasa,0.93
1982-12-30,33.67,18.39,16.48,20.76,nasa,0.96
1982-12-31,24.7,19.67,16.38,23.35,nasa,0.97
1983-01-01,14.17,20.84,16.56,25.75,nasa,0.97
1983-01-02,7.4,19.9,16.48,23.47,nasa,0.97
1983-01-03,7.9,21.24,16.71,27.56,nasa,0.97
1983-01-04,4.25,19.59,15.87,25.66,nasa,0.96
1983-01-05,15.44,18.27,14.98,21.99,nasa,0.96
1983-01-06,15.18,18.45,15.49,21.31,nasa,0.97
1983-01-07,6.79,19.87,17.97,22.25,nasa,0.98
1983-01-08,7.07,21.38,16.36,26.97,nasa,0.97
1983-01-09,6.94,22.21,17.87,26.99,nasa,0.97
1983-01-10,13.25,21.36,18.39,24.41,nasa,0.97
1983-01-11,31.21,20.5,18.49,23.04,nasa,0.98
1983-01-12,29.47,19.87,17.93,22.62,nasa,0.99
1983-01-13,15.59,19.67,17.47,23.38,nasa,1.0
1983-01-14,16.89,18.98,15.83,22.52,nasa,1.0
1983-01-15,10.52,17.82,15.04,21.53,nasa,1.0
1983-01-16,9.39,18.34,15.34,21.29,nasa,1.0
1983-01-17,16.9,19.44,16.77,22.68,nasa,0.99
1983-01-18,11.32,20.36,17.69,23.18,nasa,1.0
1983-01-19,35.43,20.86,18.07,25.35,nasa,1.0
1983-01-20,25.91,19.94,17.82,22.84,nasa,1.0
1983-01-21,3.99,20.41,17.22,25.49,nasa,1.0
1983-01-22,4.32,21.89,16.73,27.64,nasa,1.0
1983-01-23,12.71,20.6,15.78,25.96,nasa,0.99
1983-01-24,8.63,19.02,14.75,24.06,nasa,0.99
1983-01-25,9.69,17.51,14.32,21.19,nasa,0.99
1983-01-26,4.87,17.49,14.23,21.72,nasa,0.99
1983-01-27,10.47,18.11,15.57,20.77,nasa,0.99
1983-01-28,1.45,20.39,16.02,25.58,nasa,0.99
1983-01-29,0.64,20.85,16.53,26.02,nasa,0.98
1983-01-30,5.18,20.33,17.46,24.93,nasa,0.98
1983-01-31,23.98,19.54,17.36,22.77,nasa,0.99
1983-02-01,32.3,18.37,16.52,20.84,nasa,1.0
1983-02-02,23.51,18.59,17.02,21.14,nasa,1.0
1983-02-03,13.0,18.43,15.51,22.02,nasa,1.0
1983-02-04,6.09,19.82,15.76,25.03,nasa,1.0
1983-02-05,8.78,21.18,16.28,26.68,nasa,1.0
1983-02-06,7.98,20.38,17.33,24.89,nasa,1.0
1983-02-07,8.81,19.99,16.99,24.61,nasa,1.0
1983-02-08,19.41,18.92,16.96,21.43,nasa,1.0
1983-02-09,10.2,18.68,16.19,21.34,nasa,1.0
1983-02-10,8.91,19.19,17.72,21.31,nasa,1.0
1983-02-11,13.05,20.76,17.15,24.99,nasa,1.0
1983-02-12,10.54,21.61,17.99,26.04,nasa,1.0
1983-02-13,11.07,20.64,18.1,24.65,nasa,1.0
1983-02-14,11.95,20.56,17.47,24.76,nasa,1.0
1983-02-15,0.79,21.31,17.34,26.71,nasa,1.0
1983-02-16,0.1,22.17,16.4,28.35,nasa,0.99
1983-02-17,2.96,23.8,17.92,28.92,nasa,0.98
1983-02-18,0.9,22.14,17.01,27.42,nasa,0.98
1983-02-19,0.53,21.18,16.68,27.3,nasa,0.97
1983-02-20,0.34,19.52,15.74,24.66,nasa,0.97
1983-02-21,0.17,21.08,16.79,27.03,nasa,0.96
1983-02-22,1.71,21.4,17.88,26.48,nasa,0.96
1983-02-23,1.9,21.44,17.97,25.99,nasa,0.95
1983-02-24,4.24,21.04,17.93,24.69,nasa,0.95
1983-02-25,6.78,20.9,17.36,25.33,nasa,0.95
1983-02-26,7.63,21.37,17.63,25.68,nasa,0.96
1983-02-27,13.48,21.4,18.78,25.51,nasa,0.96
1983-02-28,4.46,21.84,18.62,26.61,nasa,0.96
1983-03-01,14.98,21.15,19.08,23.87,nasa,0.96
1983-03-02,14.31,20.63,18.06,24.94,nasa,0.97
1983-03-03,17.9,20.53,18.29,24.56,nasa,0.98
1983-03-04,10.48,20.66,17.1,24.9,nasa,0.98
1983-03-05,43.68,19.98,17.61,22.52,nasa,0.99
1983-03-06,22.31,19.74,16.56,24.31,nasa,1.0
1983-03-07,18.65,19.86,16.99,24.05,nasa,1.0
1983-03-08,0.43,20.24,16.4,26.4,nasa,0.99
1983-03-09,0.04,20.37,15.96,26.46,nasa,0.99
1983-03-10,0.17,20.93,13.82,27.34,nasa,0.98
1983-03-11,0.92,21.76,16.92,27.2,nasa,0.98
1983-03-12,7.19,21.97,17.33,26.92,nasa,0.97
1983-03-13,6.37,21.15,18.48,24.91,nasa,0.97
1983-03-14,3.53,18.67,14.92,23.36,nasa,0.97
1983-03-15,2.34,16.93,13.69,20.89,nasa,0.97
1983-03-16,1.06,17.01,13.05,21.69,nasa,0.97
1983-03-17,1.8,19.28,14.36,24.85,nasa,0.97
1983-03-18,4.94,20.83,18.19,25.3,nasa,0.97
1983-03-19,23.29,19.84,17.32,23.86,nasa,0.97
1983-03-20,55.81,17.43,14.86,20.03,nasa,1.0
1983-03-21,14.56,17.17,13.94,21.19,nasa,1.0
1983-03-22,10.54,16.91,14.2,21.07,nasa,1.0
1983-03-23,4.76,17.38,13.42,23.13,nasa,0.99
1983-03-24,1.13,16.35,12.78,21.97,nasa,0.99
1983-03-25,1.3,18.11,12.08,24.17,nasa,0.98
1983-03-26,3.49,18.32,13.65,23.15,nasa,0.98
1983-03-27,21.78,17.89,15.29,20.11,nasa,0.99
1983-03-28,9.82,18.48,15.33,22.79,nasa,1.0
1983-03-29,0.97,19.56,14.27,24.68,nasa,0.99
1983-03-30,0.92,19.53,16.04,25.19,nasa,0.98
1983-03-31,1.96,19.34,14.91,25.27,nasa,0.98
1983-04-01,1.15,18.87,15.01,24.25,nasa,0.98
1983-04-02,1.11,18.82,14.87,24.61,nasa,0.97
1983-04-03,0.14,17.78,12.85,24.74,nasa,0.97
1983-04-04,0.43,18.14,12.82,23.83,nasa,0.96
1983-04-05,11.88,19.55,15.38,25.09,nasa,0.96
1983-04-06,18.92,19.45,16.02,24.06,nasa,0.97
1983-04-07,35.47,18.84,14.79,22.95,nasa,0.99
1983-04-08,0.44,18.02,12.84,23.77,nasa,0.98
1983-04-09,0.75,18.29,13.15,24.66,nasa,0.98
1983-04-10,0.79,18.37,13.68,24.06,nasa,0.97
1983-04-11,5.59,16.7,15.13,19.23,nasa,0.97
1983-04-12,7.66,17.34,14.87,21.33,nasa,0.98
1983-04-13,2.02,17.88,14.11,22.9,nasa,0.97
1983-04-14,0.45,19.49,14.55,24.87,nasa,0.97
1983-04-15,0.87,19.48,14.75,24.72,nasa,0.96
1983-04-16,0.91,19.63,15.62,25.21,nasa,0.96
1983-04-17,0.38,19.28,14.46,25.15,nasa,0.95
1983-04-18,1.25,19.11,15.27,23.56,nasa,0.95
1983-04-19,0.88,19.94,16.36,24.99,nasa,0.95
1983-04-20,3.01,20.07,16.89,24.83,nasa,0.95
1983-04-21,11.21,19.59,16.86,24.31,nasa,0.95
1983-04-22,3.72,16.51,13.15,20.71,nasa,0.95
1983-04-23,1.97,16.51,12.31,22.17,nasa,0.95
1983-04-24,21.13,16.63,13.19,19.75,nasa,0.95
1983-04-25,3.3,18.13,15.58,22.09,nasa,0.96
1983-04-26,2.15,18.57,16.15,21.86,nasa,0.96
1983-04-27,0.69,18.82,15.57,23.74,nasa,0.96
1983-04-28,3.62,19.06,15.17,24.58,nasa,0.95
1983-04-29,0.17,17.44,13.38,22.85,nasa,0.95
1983-04-30,0.13,18.91,13.8,24.79,nasa,0.95
1983-05-01,0.0,18.87,13.33,24.55,nasa,0.94
1983-05-02,0.73,19.47,14.09,25.97,nasa,0.93
1983-05-03,2.53,18.03,14.53,23.52,nasa,0.93
1983-05-04,0.34,16.96,13.2,22.35,nasa,0.93
1983-05-05,0.37,17.82,13.18,23.14,nasa,0.93
1983-05-06,0.12,18.38,13.55,25.17,nasa,0.92
1983-05-07,0.31,18.06,13.48,23.45,nasa,0.92
1983-05-08,2.27,17.36,14.41,21.79,nasa,0.92
1983-05-09,2.02,18.7,14.55,24.28,nasa,0.91
1983-05-10,0.16,18.69,15.07,24.2,nasa,0.91
1983-05-11,0.11,18.58,15.0,23.52,nasa,0.91
1983-05-12,1.36,19.52,15.64,23.83,nasa,0.9
1983-05-13,2.18,18.34,16.6,20.87,nasa,0.9
1983-05-14,5.35,17.9,15.63,20.97,nasa,0.91
1983-05-15,0.26,17.67,15.31,21.5,nasa,0.91
1983-05-16,0.09,16.47,13.09,21.16,nasa,0.9
1983-05-17,0.68,17.58,13.44,22.75,nasa,0.9
1983-05-18,0.19,18.18,14.11,24.27,nasa,0.9
1983-05-19,2.78,17.29,14.22,22.58,nasa,0.89
1983-05-20,1.58,17.73,15.32,22.32,nasa,0.89
1983-05-21,0.16,17.26,13.4,22.96,nasa,0.89
1983-05-22,0.11,16.51,11.05,22.6,nasa,0.89
1983-05-23,4.31,16.84,13.67,21.46,nasa,0.89
1983-05-24,1.54,17.05,14.58,21.15,nasa,0.89
1983-05-25,0.8,14.84,12.32,17.91,nasa,0.89
1983-05-26,0.79,13.81,11.65,16.55,nasa,0.89
1983-05-27,1.4,15.6,11.74,19.98,nasa,0.89
1983-05-28,23.14,17.83,14.82,22.23,nasa,0.9
1983-05-29,18.36,17.74,15.48,21.12,nasa,0.92
1983-05-30,47.04,17.97,15.42,21.41,nasa,0.93
1983-05-31,19.78,17.9,16.19,20.08,nasa,0.94
1983-06-01,3.2,16.33,14.29,19.72,nasa,0.94
1983-06-02,13.55,16.55,12.37,21.31,nasa,0.94
1983-06-03,41.86,16.96,13.76,21.16,nasa,0.96
1983-06-04,19.94,17.72,14.93,21.05,nasa,0.97
1983-06-05,6.39,17.5,13.95,21.53,nasa,0.98
1983-06-06,20.68,16.85,13.96,20.79,nasa,0.98
1983-06-07,2.82,15.39,10.64,20.02,nasa,0.98
1983-06-08,1.92,14.04,9.35,19.84,nasa,0.98
1983-06-09,13.87,16.54,13.15,21.07,nasa,0.98
1983-06-10,1.89,17.99,14.99,23.24,nasa,0.98
1983-06-11,3.26,16.87,13.36,21.67,nasa,0.98
1983-06-12,1.05,16.94,14.2,21.41,nasa,0.98
1983-06-13,0.0,16.71,11.85,22.45,nasa,0.98
1983-06-14,0.29,15.09,10.84,20.5,nasa,0.97
1983-06-15,0.14,14.64,11.36,18.33,nasa,0.97
1983-06-16,0.17,14.8,10.5,19.99,nasa,0.97
1983-06-17,0.12,15.4,10.56,21.22,nasa,0.97
1983-06-18,0.11,14.83,10.72,21.14,nasa,0.96
1983-06-19,0.1,13.62,9.76,19.77,nasa,0.96
1983-06-20,0.09,13.33,8.74,19.83,nasa,0.96
1983-06-21,0.02,14.1,8.87,20.85,nasa,0.95
1983-06-22,0.17,15.29,9.28,21.91,nasa,0.95
1983-06-23,0.58,15.74,11.18,21.72,nasa,0.95
1983-06-24,0.72,15.01,11.61,20.13,nasa,0.95
1983-06-25,0.59,16.15,11.77,21.85,nasa,0.94
1983-06-26,0.44,16.31,13.26,21.38,nasa,0.94
1983-06-27,5.25,16.18,12.76,20.83,nasa,0.94
1983-06-28,13.33,16.1,12.42,21.08,nasa,0.95
1983-06-29,1.49,15.78,12.22,20.49,nasa,0.95
1983-06-30,0.2,15.01,11.11,20.77,nasa,0.95
1983-07-01,0.01,16.21,11.13,22.18,nasa,0.94
1983-07-02,0.0,16.74,12.76,22.26,nasa,0.94
1983-07-03,0.01,16.61,12.64,21.79,nasa,0.94
1983-07-04,0.0,13.91,9.21,20.51,nasa,0.93
1983-07-05,0.0,15.22,10.89,20.34,nasa,0.93
1983-07-06,0.0,16.84,13.4,22.1,nasa,0.93
1983-07-07,0.0,16.44,13.35,21.87,nasa,0.92
1983-07-08,0.0,16.65,13.12,22.63,nasa,0.92
1983-07-09,0.01,16.49,12.67,22.86,nasa,0.92
1983-07-10,0.01,15.94,10.64,23.37,nasa,0.91
1983-07-11,0.03,16.74,11.55,24.38,nasa,0.91
1983-07-12,0.01,18.02,13.01,24.48,nasa,0.9
1983-07-13,0.01,15.8,12.06,21.63,nasa,0.9
1983-07-14,0.0,15.76,11.61,21.51,nasa,0.9
1983-07-15,0.0,14.59,8.87,20.89,nasa,0.9
1983-07-16,0.17,14.6,9.91,20.83,nasa,0.89
1983-07-17,6.47,14.31,9.25,20.13,nasa,0.89
1983-07-18,9.76,15.29,11.21,20.38,nasa,0.9
1983-07-19,10.3,14.55,11.08,19.05,nasa,0.91
1983-07-20,22.87,11.62,7.62,14.5,nasa,0.92
1983-07-21,4.6,12.09,7.23,17.92,nasa,0.94
1983-07-22,0.09,12.67,7.98,18.56,nasa,0.93
1983-07-23,0.01,14.32,6.89,21.02,nasa,0.92
1983-07-24,0.01,15.65,8.04,22.05,nasa,0.92
1983-07-25,0.0,16.76,11.35,22.81,nasa,0.91
1983-07-26,0.03,15.81,10.95,22.58,nasa,0.91
1983-07-27,0.04,14.97,11.29,20.3,nasa,0.91
1983-07-28,0.01,14.95,11.33,20.24,nasa,0.9
1983-07-29,0.0,16.14,10.61,22.91,nasa,0.9
1983-07-30,0.0,16.03,11.78,22.1,nasa,0.9
1983-07-31,0.07,15.78,10.82,21.87,nasa,0.89
1983-08-01,2.44,16.09,11.08,22.31,nasa,0.89
1983-08-02,0.08,12.73,6.37,16.92,nasa,0.89
1983-08-03,0.06,8.88,5.79,14.73,nasa,0.89
1983-08-04,0.12,9.04,5.23,15.8,nasa,0.89
1983-08-05,0.04,8.97,3.74,17.45,nasa,0.88
1983-08-06,0.01,10.62,2.82,18.4,nasa,0.88
1983-08-07,0.0,12.47,3.97,20.74,nasa,0.88
1983-08-08,0.0,14.37,9.04,21.32,nasa,0.87
1983-08-09,0.0,14.39,8.39,21.69,nasa,0.87
1983-08-10,0.01,14.8,9.81,21.43,nasa,0.86
1983-08-11,0.0,15.61,10.44,21.33,nasa,0.86
1983-08-12,0.07,14.89,9.62,21.11,nasa,0.86
1983-08-13,0.01,14.68,9.39,21.67,nasa,0.86
1983-08-14,0.0,17.23,10.69,25.06,nasa,0.85
1983-08-15,0.0,18.24,12.38,24.75,nasa,0.85
1983-08-16,0.02,18.92,12.9,25.65,nasa,0.85
1983-08-17,0.04,17.58,13.06,23.67,nasa,0.84
1983-08-18,0.01,17.55,12.32,23.81,nasa,0.84
1983-08-19,0.1,17.51,11.8,23.32,nasa,0.84
1983-08-20,1.58,16.21,11.87,22.29,nasa,0.83
1983-08-21,1.03,12.43,8.5,17.16,nasa,0.83
1983-08-22,0.17,12.14,7.73,18.46,nasa,0.83
1983-08-23,0.01,14.82,9.58,21.57,nasa,0.83
1983-08-24,0.0,16.25,8.73,23.64,nasa,0.83
1983-08-25,0.0,17.49,9.46,25.14,nasa,0.82
1983-08-26,0.0,17.82,10.47,26.21,nasa,0.82
1983-08-27,0.0,17.89,10.22,25.3,nasa,0.81
1983-08-28,0.0,17.74,10.45,26.62,nasa,0.81
1983-08-29,0.01,17.95,10.71,25.28,nasa,0.8
1983-08-30,0.0,17.96,11.89,25.11,nasa,0.8
1983-08-31,0.0,18.53,12.37,25.44,nasa,0.8
1983-09-01,0.1,19.18,14.05,26.24,nasa,0.79
1983-09-02,0.9,17.04,11.72,23.68,nasa,0.79
1983-09-03,2.48,15.73,11.11,21.9,nasa,0.79
1983-09-04,4.96,17.92,12.46,25.02,nasa,0.79
1983-09-05,33.59,19.11,15.32,24.67,nasa,0.81
1983-09-06,24.14,17.65,15.05,21.43,nasa,0.85
1983-09-07,22.47,18.73,14.48,23.47,nasa,0.87
1983-09-08,10.74,16.04,9.88,21.67,nasa,0.87
1983-09-09,5.66,10.53,8.61,13.22,nasa,0.87
1983-09-10,1.03,13.33,9.01,18.53,nasa,0.86
1983-09-11,2.72,13.92,11.02,17.97,nasa,0.86
1983-09-12,14.21,15.35,10.72,21.46,nasa,0.86
1983-09-13,4.38,15.05,10.26,21.47,nasa,0.88
1983-09-14,2.07,16.39,10.65,23.71,nasa,0.87
1983-09-15,27.84,17.38,11.38,24.31,nasa,0.88
1983-09-16,9.89,18.93,14.26,24.52,nasa,0.89
1983-09-17,27.33,19.05,14.88,24.16,nasa,0.9
1983-09-18,39.48,18.27,13.38,22.15,nasa,0.93
1983-09-19,11.25,19.02,13.76,23.7,nasa,0.93
1983-09-20,4.37,14.29,9.79,20.45,nasa,0.93
1983-09-21,9.42,13.76,8.92,19.25,nasa,0.93
1983-09-22,16.01,16.09,11.08,21.46,nasa,0.93
1983-09-23,29.65,18.07,13.85,22.95,nasa,0.95
1983-09-24,12.16,19.19,15.43,24.39,nasa,0.96
1983-09-25,3.45,19.11,14.94,25.32,nasa,0.95
1983-09-26,1.57,17.34,13.5,23.2,nasa,0.95
1983-09-27,0.9,16.86,12.51,22.74,nasa,0.94
1983-09-28,2.67,17.55,13.27,23.35,nasa,0.94
1983-09-29,1.25,17.11,13.59,21.5,nasa,0.94
1983-09-30,0.84,18.71,13.58,25.15,nasa,0.93
1983-10-01,2.19,18.55,14.03,24.42,nasa,0.93
1983-10-02,2.29,18.39,13.51,25.2,nasa,0.92
1983-10-03,4.99,17.68,14.39,21.88,nasa,0.92
1983-10-04,1.89,18.09,14.48,23.92,nasa,0.92
1983-10-05,2.07,17.2,13.77,22.05,nasa,0.92
1983-10-06,0.42,17.47,14.42,22.03,nasa,0.92
1983-10-07,0.38,18.13,12.56,24.41,nasa,0.91
1983-10-08,0.46,19.18,13.15,25.65,nasa,0.91
1983-10-09,0.43,19.91,14.38,25.69,nasa,0.9
1983-10-10,2.95,20.81,15.51,27.81,nasa,0.9
1983-10-11,8.7,19.47,14.22,26.07,nasa,0.9
1983-10-12,10.53,17.04,14.28,21.57,nasa,0.91
1983-10-13,21.92,15.93,13.77,19.34,nasa,0.92
1983-10-14,29.35,15.16,13.59,16.52,nasa,0.95
1983-10-15,2.51,19.31,15.49,24.99,nasa,0.95
1983-10-16,0.18,20.37,15.12,26.67,nasa,0.94
1983-10-17,1.21,20.96,14.87,27.67,nasa,0.93
1983-10-18,13.48,20.23,16.78,24.51,nasa,0.93
1983-10-19,3.43,18.92,14.86,25.69,nasa,0.94
1983-10-20,1.4,19.32,13.23,26.07,nasa,0.93
1983-10-21,6.99,19.49,16.25,24.42,nasa,0.93
1983-10-22,24.6,19.7,16.43,23.34,nasa,0.95
1983-10-23,16.89,18.55,13.8,21.56,nasa,0.95
1983-10-24,12.52,11.4,8.63,14.02,nasa,0.97
1983-10-25,1.15,12.79,8.44,19.32,nasa,0.96
1983-10-26,0.41,14.24,10.03,21.35,nasa,0.96
1983-10-27,0.02,15.42,8.99,22.83,nasa,0.95
1983-10-28,0.65,17.47,11.8,24.37,nasa,0.94
1983-10-29,1.92,18.14,12.5,23.99,nasa,0.94
1983-10-30,3.67,17.83,14.23,23.02,nasa,0.94
1983-10-31,4.23,18.44,13.24,24.52,nasa,0.93
1983-11-01,12.33,17.4,13.87,21.88,nasa,0.94
1983-11-02,20.22,18.12,14.36,23.23,nasa,0.94
1983-11-03,18.2,17.92,15.65,21.32,nasa,0.97
1983-11-04,12.42,19.01,14.85,24.44,nasa,0.97
1983-11-05,0.89,18.11,13.76,22.42,nasa,0.96
1983-11-06,0.26,18.11,11.65,24.53,nasa,0.96
1983-11-07,0.11,19.87,13.8,26.09,nasa,0.95
1983-11-08,0.63,20.94,14.03,27.28,nasa,0.94
1983-11-09,4.82,21.4,16.38,26.62,nasa,0.94
1983-11-10,6.9,19.34,16.69,22.14,nasa,0.94
1983-11-11,26.38,18.87,15.54,23.6,nasa,0.95
1983-11-12,17.32,19.06,17.02,22.74,nasa,0.97
1983-11-13,2.46,20.97,16.91,26.44,nasa,0.97
1983-11-14,3.66,21.04,17.32,26.32,nasa,0.96
1983-11-15,16.1,20.5,16.32,25.42,nasa,0.97
1983-11-16,4.43,19.36,15.47,24.35,nasa,0.97
1983-11-17,0.1,20.59,14.65,27.56,nasa,0.96
1983-11-18,0.27,20.64,13.3,27.73,nasa,0.95
1983-11-19,8.97,20.31,15.32,26.38,nasa,0.95
1983-11-20,3.7,20.56,17.4,24.38,nasa,0.95
1983-11-21,12.46,20.36,15.67,25.63,nasa,0.95
1983-11-22,8.47,19.54,14.37,23.98,nasa,0.95
1983-11-23,0.56,16.64,12.02,23.16,nasa,0.95
1983-11-24,0.56,18.53,13.61,23.83,nasa,0.95
1983-11-25,0.16,20.73,16.36,27.26,nasa,0.94
1983-11-26,0.16,20.66,15.24,27.89,nasa,0.93
1983-11-27,0.95,19.26,13.17,27.14,nasa,0.92
1983-11-28,0.22,16.7,12.99,21.41,nasa,0.92
1983-11-29,2.17,17.43,12.97,22.7,nasa,0.92
1983-11-30,2.13,18.75,13.1,25.42,nasa,0.91
1983-12-01,11.36,19.69,14.07,25.84,nasa,0.91
1983-12-02,16.34,19.1,15.06,24.23,nasa,0.92
1983-12-03,3.74,16.33,12.67,21.3,nasa,0.93
1983-12-04,2.14,17.34,13.41,23.44,nasa,0.92
1983-12-05,6.53,19.07,13.17,25.53,nasa,0.92
1983-12-06,24.64,18.81,14.91,22.63,nasa,0.93
1983-12-07,8.03,18.49,15.65,22.1,nasa,0.95
1983-12-08,13.02,19.38,14.46,24.38,nasa,0.95
1983-12-09,6.98,20.06,16.94,24.63,nasa,0.95
1983-12-10,9.51,20.25,16.9,25.52,nasa,0.95
1983-12-11,31.8,18.79,15.34,22.05,nasa,0.96
1983-12-12,19.59,19.31,16.58,23.82,nasa,0.97
1983-12-13,29.61,19.86,17.05,24.2,nasa,0.98
1983-12-14,21.66,18.96,15.77,23.05,nasa,0.99
1983-12-15,6.13,18.96,16.75,21.83,nasa,0.99
1983-12-16,7.28,18.95,16.23,22.65,nasa,0.99
1983-12-17,15.84,19.57,15.67,24.01,nasa,0.99
1983-12-18,6.29,19.35,16.94,22.92,nasa,0.99
1983-12-19,6.92,20.05,16.33,24.02,nasa,0.99
1983-12-20,9.01,20.2,17.71,23.76,nasa,0.99
1983-12-21,8.06,20.65,16.84,25.36,nasa,0.99
1983-12-22,16.56,20.62,16.35,25.53,nasa,0.99
1983-12-23,29.69,20.56,16.48,24.75,nasa,0.99
1983-12-24,13.46,19.16,15.99,23.87,nasa,1.0
1983-12-25,30.26,16.95,14.84,19.81,nasa,1.0
1983-12-26,6.94,17.98,14.29,22.08,nasa,1.0
1983-12-27,18.82,18.38,15.59,21.61,nasa,1.0
1983-12-28,15.25,19.04,15.76,23.12,nasa,1.0
1983-12-29,2.3,20.19,15.9,25.58,nasa,1.0
1983-12-30,4.14,20.24,17.26,24.15,nasa,0.99
1983-12-31,3.81,19.6,15.28,24.14,nasa,0.99
1984-01-01,6.56,20.07,14.02,26.25,nasa,0.99
1984-01-02,11.01,20.02,16.41,24.92,nasa,0.99
1984-01-03,3.2,19.94,16.17,24.43,nasa,0.99
1984-01-04,0.98,20.6,14.78,26.54,nasa,0.98
1984-01-05,5.81,21.26,16.67,26.23,nasa,0.98
1984-01-06,2.8,22.06,16.12,28.01,nasa,0.97
1984-01-07,1.41,22.09,16.59,28.65,nasa,0.97
1984-01-08,1.05,20.52,14.43,26.89,nasa,0.96
1984-01-09,7.38,20.84,17.45,25.08,nasa,0.96
1984-01-10,1.2,21.4,16.36,27.11,nasa,0.96
1984-01-11,0.03,22.34,17.02,28.64,nasa,0.95
1984-01-12,0.13,21.66,14.39,29.14,nasa,0.94
1984-01-13,0.0,22.11,14.88,28.44,nasa,0.93
1984-01-14,0.0,23.32,15.75,30.44,nasa,0.92
1984-01-15,0.01,23.08,16.43,30.17,nasa,0.91
1984-01-16,1.2,22.99,14.85,29.99,nasa,0.9
1984-01-17,0.01,23.15,17.33,30.23,nasa,0.9
1984-01-18,2.13,21.89,15.44,28.79,nasa,0.89
1984-01-19,11.13,21.52,17.03,26.73,nasa,0.88
1984-01-20,11.18,21.29,17.32,25.83,nasa,0.9
1984-01-21,19.94,21.16,17.71,26.13,nasa,0.91
1984-01-22,18.63,19.78,17.11,22.99,nasa,0.92
1984-01-23,10.99,19.91,15.7,26.5,nasa,0.93
1984-01-24,9.41,19.85,16.01,25.26,nasa,0.93
1984-01-25,9.39,18.14,15.19,21.45,nasa,0.94
1984-01-26,10.64,19.2,16.0,23.87,nasa,0.94
1984-01-27,6.06,19.6,17.56,22.63,nasa,0.94
1984-01-28,5.9,20.5,17.61,24.17,nasa,0.94
1984-01-29,3.27,21.03,17.39,24.75,nasa,0.94
1984-01-30,0.9,22.3,17.0,27.31,nasa,0.93
1984-01-31,0.39,23.4,16.31,29.36,nasa,0.92
1984-02-01,0.56,22.89,16.95,29.47,nasa,0.92
1984-02-02,2.23,22.62,17.57,28.6,nasa,0.91
1984-02-03,0.54,22.66,16.37,29.46,nasa,0.9
1984-02-04,0.31,22.07,16.6,27.66,nasa,0.9
1984-02-05,0.85,22.53,17.39,28.18,nasa,0.89
1984-02-06,1.84,22.56,16.85,28.42,nasa,0.89
1984-02-07,3.14,21.02,17.5,26.17,nasa,0.88
1984-02-08,1.66,20.98,16.71,27.19,nasa,0.88
1984-02-09,0.79,21.36,16.48,27.88,nasa,0.87
1984-02-10,3.58,20.95,16.79,25.92,nasa,0.87
1984-02-11,1.19,20.6,16.82,25.21,nasa,0.87
1984-02-12,2.23,20.69,14.69,27.8,nasa,0.86
1984-02-13,0.87,21.28,15.7,27.39,nasa,0.86
1984-02-14,2.06,22.2,17.11,28.97,nasa,0.85
1984-02-15,1.54,21.73,16.7,28.31,nasa,0.85
1984-02-16,2.62,22.31,16.74,28.7,nasa,0.84
1984-02-17,3.65,21.0,17.64,25.77,nasa,0.84
1984-02-18,0.32,21.09,16.51,27.33,nasa,0.84
1984-02-19,0.08,21.25,15.89,27.71,nasa,0.84
1984-02-20,1.49,21.49,16.33,27.67,nasa,0.83
1984-02-21,1.84,22.63,16.36,29.63,nasa,0.82
1984-02-22,0.49,23.13,17.73,29.44,nasa,0.82
1984-02-23,1.01,23.05,17.82,30.16,nasa,0.81
1984-02-24,0.62,21.89,17.83,27.52,nasa,0.81
1984-02-25,3.49,21.85,16.74,27.5,nasa,0.8
1984-02-26,1.12,22.26,17.92,27.0,nasa,0.8
1984-02-27,1.92,21.48,17.73,25.95,nasa,0.8
1984-02-28,1.78,22.89,17.36,28.99,nasa,0.8
1984-02-29,0.59,22.91,17.15,29.12,nasa,0.8
1984-03-01,0.48,22.26,18.19,27.54,nasa,0.79
1984-03-02,7.37,22.11,17.52,27.58,nasa,0.79
1984-03-03,3.1,21.98,17.53,27.18,nasa,0.8
1984-03-04,8.89,22.06,16.55,28.52,nasa,0.8
1984-03-05,14.63,20.56,17.64,24.3,nasa,0.81
1984-03-06,8.04,21.42,18.35,25.87,nasa,0.82
1984-03-07,11.16,20.97,17.57,24.77,nasa,0.83
1984-03-08,3.81,20.82,17.19,24.8,nasa,0.83
1984-03-09,5.4,21.17,15.1,27.82,nasa,0.83
1984-03-10,1.93,22.22,16.95,28.59,nasa,0.82
1984-03-11,1.55,21.57,16.84,27.83,nasa,0.82
1984-03-12,0.23,20.25,16.01,26.67,nasa,0.81
1984-03-13,1.21,18.12,14.46,23.37,nasa,0.8
1984-03-14,1.17,17.93,14.26,22.33,nasa,0.8
1984-03-15,0.94,18.84,13.22,25.47,nasa,0.8
1984-03-16,0.26,19.35,15.33,24.91,nasa,0.79
1984-03-17,0.03,20.24,14.98,26.69,nasa,0.79
1984-03-18,0.37,20.79,14.47,26.72,nasa,0.78
1984-03-19,2.78,21.35,16.88,25.96,nasa,0.78
1984-03-20,6.66,21.07,15.78,26.94,nasa,0.78
1984-03-21,8.26,21.44,18.15,26.23,nasa,0.79
1984-03-22,4.36,20.1,16.09,26.19,nasa,0.79
1984-03-23,0.75,17.83,13.69,23.45,nasa,0.79
1984-03-24,0.21,18.03,11.5,25.63,nasa,0.78
1984-03-25,0.05,19.72,12.34,26.86,nasa,0.78
1984-03-26,0.25,21.13,15.04,27.94,nasa,0.77
1984-03-27,1.81,20.37,16.87,25.79,nasa,0.77
1984-03-28,0.49,20.73,15.81,27.77,nasa,0.77
1984-03-29,1.75,20.34,14.3,26.32,nasa,0.76
1984-03-30,12.88,20.53,15.9,25.87,nasa,0.77
1984-03-31,0.93,16.24,11.63,22.2,nasa,0.78
1984-04-01,0.02,16.29,10.25,24.28,nasa,0.77
1984-04-02,0.1,18.49,12.41,25.56,nasa,0.76
1984-04-03,14.43,19.4,16.51,23.69,nasa,0.77
1984-04-04,11.86,20.03,16.6,24.88,nasa,0.79
1984-04-05,0.8,19.23,14.65,24.88,nasa,0.79
1984-04-06,2.04,18.76,13.14,25.41,nasa,0.78
1984-04-07,2.37,18.24,14.15,24.62,nasa,0.78
1984-04-08,2.58,17.91,13.2,24.65,nasa,0.77
1984-04-09,0.84,17.63,13.6,24.42,nasa,0.77
1984-04-10,0.47,15.51,11.92,21.73,nasa,0.76
1984-04-11,0.55,15.57,11.41,22.22,nasa,0.76
1984-04-12,0.33,16.47,11.77,23.31,nasa,0.76
1984-04-13,0.08,17.31,13.47,23.81,nasa,0.75
1984-04-14,0.05,17.94,12.22,24.88,nasa,0.75
1984-04-15,1.87,16.93,13.77,20.91,nasa,0.75
1984-04-16,7.07,18.8,13.46,26.16,nasa,0.75
1984-04-17,1.3,19.54,12.83,26.39,nasa,0.76
1984-04-18,6.35,19.68,13.46,26.19,nasa,0.76
1984-04-19,7.87,19.86,16.43,25.21,nasa,0.76
1984-04-20,3.89,19.91,15.8,24.63,nasa,0.77
1984-04-21,1.1,19.62,16.01,24.95,nasa,0.76
1984-04-22,0.45,20.0,15.05,26.14,nasa,0.76
1984-04-23,0.54,19.71,13.3,25.87,nasa,0.75
1984-04-24,3.87,20.47,15.26,26.63,nasa,0.75
1984-04-25,3.82,16.49,13.29,19.95,nasa,0.76
1984-04-26,3.57,16.63,12.54,21.25,nasa,0.76
1984-04-27,14.29,17.22,14.68,20.9,nasa,0.77
1984-04-28,2.62,18.73,14.23,24.05,nasa,0.78
1984-04-29,4.67,18.05,15.89,21.44,nasa,0.77
1984-04-30,10.16,18.06,15.6,21.61,nasa,0.78
1984-05-01,18.34,17.75,15.01,21.15,nasa,0.8
1984-05-02,10.42,18.7,15.64,23.39,nasa,0.81
1984-05-03,2.08,17.95,13.98,23.48,nasa,0.81
1984-05-04,7.34,17.51,13.38,23.57,nasa,0.8
1984-05-05,4.41,18.03,12.83,23.74,nasa,0.81
1984-05-06,0.21,18.1,12.19,23.98,nasa,0.8
1984-05-07,0.29,18.99,13.24,24.32,nasa,0.79
1984-05-08,0.31,19.47,13.95,25.36,nasa,0.79
1984-05-09,0.07,19.4,13.46,25.5,nasa,0.78
1984-05-10,0.15,18.99,13.09,24.94,nasa,0.78
1984-05-11,0.33,19.65,15.32,25.13,nasa,0.78
1984-05-12,0.57,18.98,13.73,24.67,nasa,0.77
1984-05-13,5.05,19.11,14.33,24.55,nasa,0.77
1984-05-14,3.61,18.34,13.44,24.47,nasa,0.77
1984-05-15,1.64,17.99,14.22,22.01,nasa,0.77
1984-05-16,2.11,17.14,13.08,22.34,nasa,0.77
1984-05-17,13.24,17.34,14.5,20.89,nasa,0.78
1984-05-18,1.53,18.94,15.47,23.89,nasa,0.79
1984-05-19,0.09,19.3,13.97,25.7,nasa,0.79
1984-05-20,0.04,18.85,14.15,25.36,nasa,0.78
1984-05-21,0.01,18.05,13.15,24.67,nasa,0.77
1984-05-22,0.0,17.79,11.72,24.2,nasa,0.77
1984-05-23,0.0,17.53,11.84,24.34,nasa,0.76
1984-05-24,0.0,17.27,10.66,23.94,nasa,0.76
1984-05-25,0.0,18.23,14.27,25.0,nasa,0.76
1984-05-26,0.0,17.95,12.82,24.54,nasa,0.75
1984-05-27,0.0,18.18,12.86,25.26,nasa,0.75
1984-05-28,0.0,18.12,11.47,25.29,nasa,0.75
1984-05-29,0.0,17.04,11.48,24.08,nasa,0.74
1984-05-30,0.02,17.36,11.6,23.87,nasa,0.74
1984-05-31,0.36,17.74,12.98,24.36,nasa,0.74
1984-06-01,0.05,16.35,11.36,23.62,nasa,0.74
1984-06-02,0.01,17.15,11.94,23.86,nasa,0.73
1984-06-03,0.01,16.29,10.72,23.64,nasa,0.73
1984-06-04,0.01,16.96,10.31,23.65,nasa,0.73
1984-06-05,0.0,16.43,9.7,23.46,nasa,0.73
1984-06-06,0.0,17.06,10.75,23.91,nasa,0.72
1984-06-07,0.0,17.44,12.89,23.45,nasa,0.72
1984-06-08,0.02,16.45,10.33,23.86,nasa,0.72
1984-06-09,0.0,16.65,10.48,24.15,nasa,0.72
1984-06-10,0.0,16.51,11.91,22.96,nasa,0.72
1984-06-11,0.0,16.28,10.35,23.6,nasa,0.71
1984-06-12,0.05,17.18,11.32,24.27,nasa,0.71
1984-06-13,0.18,18.18,12.77,24.59,nasa,0.71
1984-06-14,0.09,18.36,13.59,24.41,nasa,0.71
1984-06-15,0.02,18.05,14.04,23.86,nasa,0.71
1984-06-16,0.0,18.94,14.91,25.29,nasa,0.7
1984-06-17,0.0,17.65,13.06,23.56,nasa,0.7
1984-06-18,0.02,16.82,10.99,24.2,nasa,0.7
1984-06-19,0.01,16.79,10.55,24.29,nasa,0.7
1984-06-20,0.0,17.68,12.9,23.93,nasa,0.7
1984-06-21,0.01,16.98,11.53,24.56,nasa,0.69
1984-06-22,0.0,16.4,9.88,23.63,nasa,0.69
1984-06-23,0.0,17.46,11.71,24.49,nasa,0.69
1984-06-24,0.0,16.28,10.11,23.95,nasa,0.69
1984-06-25,0.01,16.18,9.01,24.21,nasa,0.68
1984-06-26,0.01,15.59,8.86,24.19,nasa,0.68
1984-06-27,0.35,15.99,9.86,23.85,nasa,0.68
1984-06-28,0.66,14.54,10.93,20.91,nasa,0.68
1984-06-29,0.55,13.12,10.62,17.3,nasa,0.68
1984-06-30,0.29,13.92,8.86,20.97,nasa,0.68
1984-07-01,0.43,15.04,9.89,22.42,nasa,0.68
1984-07-02,0.61,15.87,11.4,23.01,nasa,0.68
1984-07-03,0.14,16.04,11.42,23.26,nasa,0.68
1984-07-04,0.0,17.21,10.29,25.1,nasa,0.67
1984-07-05,0.0,16.95,10.97,25.71,nasa,0.67
1984-07-06,0.0,16.38,9.05,25.66,nasa,0.67
1984-07-07,0.04,17.69,11.56,26.97,nasa,0.67
1984-07-08,0.08,17.29,12.57,25.32,nasa,0.66
1984-07-09,0.01,15.98,11.09,24.27,nasa,0.66
1984-07-10,0.0,15.71,8.36,23.9,nasa,0.66
1984-07-11,0.0,15.51,7.89,24.49,nasa,0.66
1984-07-12,0.0,17.74,12.1,24.94,nasa,0.66
1984-07-13,0.01,17.86,11.53,25.51,nasa,0.66
1984-07-14,0.07,17.03,11.75,24.32,nasa,0.65
1984-07-15,0.09,17.87,11.88,25.08,nasa,0.65
1984-07-16,0.54,18.35,12.12,26.47,nasa,0.65
1984-07-17,0.13,17.54,12.52,24.88,nasa,0.65
1984-07-18,0.0,17.11,10.39,25.35,nasa,0.65
1984-07-19,0.01,17.73,10.51,25.49,nasa,0.65
1984-07-20,0.0,18.54,12.66,24.83,nasa,0.65
1984-07-21,0.01,16.76,11.42,23.9,nasa,0.65
1984-07-22,0.14,12.59,6.81,20.1,nasa,0.64
1984-07-23,0.13,11.55,5.47,20.32,nasa,0.64
1984-07-24,0.02,14.07,8.88,21.26,nasa,0.64
1984-07-25,0.06,16.85,11.24,24.31,nasa,0.64
1984-07-26,0.14,16.24,11.17,23.58,nasa,0.64
1984-07-27,1.0,16.37,10.92,23.98,nasa,0.64
1984-07-28,0.43,16.91,12.45,23.77,nasa,0.64
1984-07-29,0.76,12.74,9.36,16.71,nasa,0.64
1984-07-30,0.97,11.32,6.95,18.65,nasa,0.64
1984-07-31,0.2,11.67,5.81,20.87,nasa,0.64
1984-08-01,0.0,13.66,5.41,23.09,nasa,0.64
1984-08-02,4.36,16.45,8.39,25.84,nasa,0.64
1984-08-03,5.73,16.39,11.55,22.97,nasa,0.65
1984-08-04,0.0,17.54,11.51,26.08,nasa,0.65
1984-08-05,0.13,18.81,10.4,27.91,nasa,0.65
1984-08-06,0.0,19.89,13.7,28.36,nasa,0.64
1984-08-07,0.03,20.87,15.8,28.49,nasa,0.64
1984-08-08,0.03,19.88,13.94,28.33,nasa,0.64
1984-08-09,0.01,19.32,11.9,29.55,nasa,0.64
1984-08-10,0.0,18.72,10.36,28.77,nasa,0.63
1984-08-11,0.01,19.4,11.11,29.11,nasa,0.63
1984-08-12,0.04,20.3,10.36,29.04,nasa,0.63
1984-08-13,0.17,21.35,15.23,29.64,nasa,0.63
1984-08-14,0.2,18.91,12.92,27.53,nasa,0.63
1984-08-15,1.01,16.31,12.06,23.41,nasa,0.63
1984-08-16,1.96,14.76,10.24,22.6,nasa,0.63
1984-08-17,1.27,13.46,9.65,20.68,nasa,0.63
1984-08-18,0.94,12.61,9.46,18.5,nasa,0.63
1984-08-19,0.52,12.72,8.6,18.31,nasa,0.63
1984-08-20,0.82,14.99,9.48,21.55,nasa,0.63
1984-08-21,0.88,16.98,9.33,25.35,nasa,0.63
1984-08-22,12.44,17.22,12.01,25.33,nasa,0.64
1984-08-23,4.17,16.08,12.93,20.91,nasa,0.65
1984-08-24,1.02,18.52,10.78,27.0,nasa,0.65
1984-08-25,7.74,17.76,12.88,22.95,nasa,0.65
1984-08-26,1.5,10.0,6.78,15.0,nasa,0.66
1984-08-27,0.73,11.47,5.09,19.58,nasa,0.66
1984-08-28,1.38,10.92,7.8,15.62,nasa,0.65
1984-08-29,1.05,12.15,8.27,17.72,nasa,0.65
1984-08-30,2.11,14.85,9.41,22.18,nasa,0.65
1984-08-31,5.07,14.72,10.76,21.15,nasa,0.65
1984-09-01,1.25,15.17,10.24,22.49,nasa,0.66
1984-09-02,0.29,15.83,10.07,23.98,nasa,0.65
1984-09-03,0.07,15.9,8.77,24.56,nasa,0.65
1984-09-04,0.0,17.23,9.97,24.94,nasa,0.65
1984-09-05,0.32,17.99,11.75,25.86,nasa,0.64
1984-09-06,6.31,18.59,11.86,25.62,nasa,0.65
1984-09-07,5.32,18.37,14.45,24.98,nasa,0.65
1984-09-08,9.21,15.56,13.61,18.12,nasa,0.66
1984-09-09,0.94,15.13,9.49,23.1,nasa,0.67
1984-09-10,0.26,12.25,5.59,20.57,nasa,0.66
1984-09-11,0.11,13.54,5.8,23.83,nasa,0.66
1984-09-12,0.0,16.14,6.68,25.97,nasa,0.65
1984-09-13,0.0,17.53,8.94,27.84,nasa,0.65
1984-09-14,0.0,19.42,11.13,28.95,nasa,0.65
1984-09-15,0.37,19.63,11.28,29.55,nasa,0.64
1984-09-16,1.53,19.76,14.66,28.03,nasa,0.64
1984-09-17,2.49,17.08,10.91,26.36,nasa,0.64
1984-09-18,0.31,16.27,11.27,23.0,nasa,0.64
1984-09-19,1.84,18.16,11.52,27.25,nasa,0.64
1984-09-20,6.07,19.36,14.6,25.25,nasa,0.64
1984-09-21,19.38,19.75,14.01,26.29,nasa,0.67
1984-09-22,0.25,17.98,10.91,27.57,nasa,0.67
1984-09-23,0.41,17.63,9.34,27.87,nasa,0.66
1984-09-24,0.67,19.28,10.97,28.81,nasa,0.66
1984-09-25,1.35,20.45,13.84,28.27,nasa,0.66
1984-09-26,17.02,19.94,15.37,26.45,nasa,0.67
1984-09-27,4.29,19.59,16.69,24.38,nasa,0.68
1984-09-28,0.13,16.22,9.07,22.01,nasa,0.68
1984-09-29,0.04,15.47,7.38,25.1,nasa,0.67
1984-09-30,0.0,16.27,8.65,25.97,nasa,0.67
1984-10-01,0.0,18.34,9.38,28.3,nasa,0.66
1984-10-02,0.14,20.36,12.14,29.42,nasa,0.66
1984-10-03,0.17,22.03,13.03,30.34,nasa,0.65
1984-10-04,0.0,23.21,14.76,31.45,nasa,0.65
1984-10-05,0.02,23.17,15.45,31.64,nasa,0.64
1984-10-06,0.96,23.07,15.01,32.07,nasa,0.64
1984-10-07,1.15,21.12,16.33,29.37,nasa,0.64
1984-10-08,0.57,21.27,14.85,29.55,nasa,0.64
1984-10-09,0.71,20.87,15.38,27.15,nasa,0.64
1984-10-10,3.33,22.09,15.88,30.85,nasa,0.64
1984-10-11,0.34,19.83,12.76,29.97,nasa,0.64
1984-10-12,0.13,19.27,10.64,30.74,nasa,0.63
1984-10-13,0.13,20.48,10.8,31.25,nasa,0.63
1984-10-14,0.57,21.98,12.39,32.56,nasa,0.63
1984-10-15,7.51,21.29,14.63,30.48,nasa,0.63
1984-10-16,0.95,20.06,14.62,27.72,nasa,0.64
1984-10-17,0.86,21.88,14.88,29.68,nasa,0.63
1984-10-18,15.99,21.56,16.48,28.5,nasa,0.64
1984-10-19,17.71,19.42,15.96,23.93,nasa,0.67
1984-10-20,3.92,19.47,14.32,27.08,nasa,0.69
1984-10-21,0.93,19.88,13.9,27.2,nasa,0.68
1984-10-22,0.14,21.44,14.67,28.62,nasa,0.67
1984-10-23,0.33,21.95,15.97,29.61,nasa,0.66
1984-10-24,4.9,19.35,15.96,24.99,nasa,0.66
1984-10-25,4.66,18.24,14.7,24.37,nasa,0.67
1984-10-26,0.15,19.41,12.78,28.4,nasa,0.67
1984-10-27,0.0,19.87,12.58,30.39,nasa,0.66
1984-10-28,0.0,20.21,10.52,30.89,nasa,0.65
1984-10-29,0.0,22.06,11.92,31.49,nasa,0.65
1984-10-30,0.02,23.91,15.58,32.26,nasa,0.64
1984-10-31,0.98,23.23,16.77,30.99,nasa,0.64
1984-11-01,0.33,21.56,14.91,30.38,nasa,0.64
1984-11-02,0.02,23.12,15.85,32.12,nasa,0.63
1984-11-03,0.05,23.92,15.43,32.63,nasa,0.63
1984-11-04,0.89,24.37,18.36,31.9,nasa,0.63
1984-11-05,6.19,21.76,16.77,29.92,nasa,0.63
1984-11-06,4.46,21.04,17.5,27.48,nasa,0.64
1984-11-07,1.27,21.39,16.33,28.81,nasa,0.64
1984-11-08,0.38,22.61,16.37,30.53,nasa,0.64
1984-11-09,1.63,24.16,16.72,32.74,nasa,0.64
1984-11-10,6.41,21.57,17.44,25.29,nasa,0.63
1984-11-11,20.27,19.83,15.3,25.53,nasa,0.66
1984-11-12,8.9,20.03,16.16,26.08,nasa,0.68
1984-11-13,5.65,19.96,15.67,25.66,nasa,0.69
1984-11-14,0.8,19.4,13.4,27.82,nasa,0.68
1984-11-15,0.31,19.27,12.84,27.64,nasa,0.67
1984-11-16,1.37,20.45,11.88,29.4,nasa,0.66
1984-11-17,4.74,21.65,15.17,29.57,nasa,0.66
1984-11-18,8.8,20.4,14.07,29.62,nasa,0.66
1984-11-19,7.75,19.34,14.06,26.89,nasa,0.67
1984-11-20,18.67,19.0,15.03,23.32,nasa,0.69
1984-11-21,9.99,19.6,14.38,25.62,nasa,0.71
1984-11-22,11.32,19.63,12.63,27.13,nasa,0.71
1984-11-23,20.81,19.83,17.03,23.86,nasa,0.73
1984-11-24,4.56,20.04,16.1,24.19,nasa,0.73
1984-11-25,15.16,20.05,16.98,25.0,nasa,0.73
1984-11-26,10.7,20.38,16.21,26.32,nasa,0.74
1984-11-27,4.66,18.2,15.14,21.46,nasa,0.75
1984-11-28,0.5,18.41,14.29,24.91,nasa,0.74
1984-11-29,1.05,18.87,12.95,25.42,nasa,0.73
1984-11-30,15.62,18.98,15.61,24.23,nasa,0.74
1984-12-01,17.27,20.16,14.65,26.28,nasa,0.75
1984-12-02,5.41,20.5,18.26,25.04,nasa,0.76
1984-12-03,4.94,20.04,16.93,25.45,nasa,0.76
1984-12-04,3.93,18.8,15.4,23.66,nasa,0.75
1984-12-05,3.18,20.29,14.72,27.07,nasa,0.75
1984-12-06,4.83,20.2,16.49,25.83,nasa,0.75
1984-12-07,14.87,19.3,17.21,22.17,nasa,0.75
1984-12-08,30.27,19.02,15.23,22.7,nasa,0.79
1984-12-09,2.83,18.68,13.85,23.3,nasa,0.8
1984-12-10,2.83,21.37,16.91,27.54,nasa,0.79
1984-12-11,5.84,21.68,16.07,28.0,nasa,0.78
1984-12-12,18.79,19.93,16.63,23.16,nasa,0.79
1984-12-13,7.76,21.01,15.03,27.22,nasa,0.8
1984-12-14,10.01,20.8,16.75,25.11,nasa,0.8
1984-12-15,9.66,19.12,15.37,24.93,nasa,0.81
1984-12-16,6.33,18.87,13.09,26.42,nasa,0.81
1984-12-17,10.75,19.85,15.81,24.59,nasa,0.81
1984-12-18,4.48,21.13,16.44,26.27,nasa,0.81
1984-12-19,0.2,18.65,14.32,25.45,nasa,0.8
1984-12-20,1.24,18.98,13.12,25.11,nasa,0.8
1984-12-21,1.74,21.35,16.54,27.79,nasa,0.79
1984-12-22,0.3,20.34,15.38,26.77,nasa,0.78
1984-12-23,0.55,19.56,13.89,26.57,nasa,0.77
1984-12-24,2.77,19.59,13.38,26.62,nasa,0.77
1984-12-25,16.83,20.74,16.43,26.03,nasa,0.78
1984-12-26,11.2,20.21,16.71,24.6,nasa,0.79
1984-12-27,10.01,19.51,15.83,24.32,nasa,0.8
1984-12-28,10.54,19.18,15.8,24.32,nasa,0.81
1984-12-29,11.13,19.27,16.15,23.85,nasa,0.81
1984-12-30,6.98,19.68,14.59,25.56,nasa,0.81
1984-12-31,3.88,19.49,16.08,22.78,nasa,0.81
1985-01-01,7.21,21.15,16.15,27.59,nasa,0.81
1985-01-02,3.9,19.78,14.76,26.97,nasa,0.81
1985-01-03,4.31,18.7,13.72,25.84,nasa,0.8
1985-01-04,2.48,19.05,13.94,25.89,nasa,0.8
1985-01-05,2.11,20.33,15.52,26.43,nasa,0.79
1985-01-06,11.78,20.31,17.34,25.26,nasa,0.79
1985-01-07,28.35,19.63,17.84,22.66,nasa,0.82
1985-01-08,32.63,19.21,17.21,22.11,nasa,0.85
1985-01-09,2.66,18.44,14.04,24.86,nasa,0.86
1985-01-10,0.16,18.46,11.95,26.78,nasa,0.84
1985-01-11,0.32,19.51,12.03,27.19,nasa,0.83
1985-01-12,0.89,20.4,14.08,26.79,nasa,0.82
1985-01-13,5.69,20.67,17.29,26.34,nasa,0.82
1985-01-14,3.92,19.59,16.83,24.03,nasa,0.82
1985-01-15,5.36,19.45,15.26,25.13,nasa,0.82
1985-01-16,24.39,19.54,15.36,24.71,nasa,0.83
1985-01-17,38.17,18.41,16.39,21.66,nasa,0.87
1985-01-18,24.98,19.7,15.36,25.02,nasa,0.89
1985-01-19,23.83,20.51,16.18,26.05,nasa,0.9
1985-01-20,17.95,19.83,17.42,22.74,nasa,0.91
1985-01-21,25.15,20.33,18.12,23.22,nasa,0.92
1985-01-22,24.36,20.62,17.73,24.64,nasa,0.93
1985-01-23,28.36,20.42,17.74,24.27,nasa,0.95
1985-01-24,35.78,20.18,17.14,24.12,nasa,0.96
1985-01-25,37.64,18.9,16.79,21.26,nasa,0.97
1985-01-26,6.23,19.07,16.27,22.64,nasa,0.97
1985-01-27,10.05,16.87,15.04,19.98,nasa,0.97
1985-01-28,15.05,18.07,15.03,22.76,nasa,0.97
1985-01-29,18.97,20.52,13.98,26.66,nasa,0.97
1985-01-30,32.14,20.58,17.84,23.98,nasa,0.98
1985-01-31,14.35,20.98,17.81,25.17,nasa,0.99
1985-02-01,8.85,20.97,18.03,24.59,nasa,0.99
1985-02-02,7.56,21.62,18.19,26.49,nasa,0.99
1985-02-03,5.72,20.44,16.36,24.59,nasa,0.99
1985-02-04,1.94,21.53,16.0,27.29,nasa,0.98
1985-02-05,5.77,22.19,16.56,28.45,nasa,0.98
1985-02-06,10.04,21.45,17.11,27.82,nasa,0.98
1985-02-07,3.79,20.6,14.09,28.25,nasa,0.97
1985-02-08,11.55,19.4,15.41,24.36,nasa,0.97
1985-02-09,8.64,20.62,17.16,24.23,nasa,0.98
1985-02-10,17.15,21.71,16.58,26.86,nasa,0.98
1985-02-11,8.28,20.35,17.26,23.82,nasa,0.98
1985-02-12,6.87,21.82,17.19,26.91,nasa,0.98
1985-02-13,5.5,21.32,18.46,25.61,nasa,0.98
1985-02-14,6.89,21.39,17.42,26.08,nasa,0.98
1985-02-15,4.76,20.68,17.42,24.23,nasa,0.98
1985-02-16,1.82,21.59,15.88,27.67,nasa,0.97
1985-02-17,1.2,21.75,18.21,26.49,nasa,0.97
1985-02-18,0.13,20.47,16.02,25.74,nasa,0.96
1985-02-19,0.12,20.12,16.02,25.56,nasa,0.96
1985-02-20,0.92,20.85,15.66,26.15,nasa,0.95
1985-02-21,6.71,20.69,18.46,24.12,nasa,0.95
1985-02-22,12.42,20.92,17.52,25.66,nasa,0.95
1985-02-23,9.62,18.46,16.4,21.01,nasa,0.96
1985-02-24,13.81,19.87,17.16,23.27,nasa,0.97
1985-02-25,16.52,21.02,17.85,25.36,nasa,0.97
1985-02-26,17.43,20.76,18.45,24.29,nasa,0.98
1985-02-27,12.8,20.28,16.44,24.5,nasa,0.98
1985-02-28,28.9,17.98,14.97,21.45,nasa,0.99
1985-03-01,9.2,19.09,16.39,23.89,nasa,0.99
1985-03-02,8.55,18.38,15.56,22.22,nasa,0.99
1985-03-03,11.05,19.68,14.55,25.46,nasa,0.99
1985-03-04,7.87,19.24,16.14,22.89,nasa,0.99
1985-03-05,10.41,19.1,15.8,23.3,nasa,0.99
1985-03-06,17.55,19.81,17.24,23.4,nasa,0.99
1985-03-07,4.34,20.37,15.63,26.28,nasa,0.99
1985-03-08,17.96,20.93,16.51,26.45,nasa,0.99
1985-03-09,3.7,20.81,14.94,26.77,nasa,0.99
1985-03-10,5.93,20.55,17.1,24.57,nasa,0.99
1985-03-11,7.12,20.9,17.69,24.09,nasa,0.99
1985-03-12,0.6,20.59,15.28,26.22,nasa,0.99
1985-03-13,3.93,19.64,14.9,25.07,nasa,0.98
1985-03-14,14.94,20.2,14.75,25.96,nasa,0.98
1985-03-15,11.79,20.13,16.57,24.93,nasa,0.99
1985-03-16,15.83,18.86,16.4,22.32,nasa,0.99
1985-03-17,27.62,19.65,17.21,22.85,nasa,0.99
1985-03-18,6.94,19.87,16.66,23.39,nasa,1.0
1985-03-19,2.11,19.89,15.98,25.79,nasa,0.99
1985-03-20,1.35,19.11,14.95,24.48,nasa,0.99
1985-03-21,5.65,20.28,17.37,24.96,nasa,0.99
1985-03-22,1.72,20.75,17.42,26.4,nasa,0.98
1985-03-23,0.82,21.3,15.74,27.25,nasa,0.98
1985-03-24,0.21,22.64,17.75,29.3,nasa,0.97
1985-03-25,3.31,22.13,16.62,28.86,nasa,0.97
1985-03-26,5.25,21.01,17.41,26.59,nasa,0.97
1985-03-27,3.01,21.42,16.86,26.54,nasa,0.97
1985-03-28,8.48,21.9,18.8,25.79,nasa,0.96
1985-03-29,6.27,21.27,18.36,25.42,nasa,0.97
1985-03-30,3.45,18.86,15.46,22.51,nasa,0.97
1985-03-31,4.13,19.92,15.84,25.98,nasa,0.97
1985-04-01,1.31,20.71,16.08,26.86,nasa,0.96
1985-04-02,0.12,20.99,16.47,26.23,nasa,0.96
1985-04-03,0.56,20.83,16.91,26.14,nasa,0.95
1985-04-04,5.73,19.61,15.13,24.82,nasa,0.95
1985-04-05,4.43,20.11,16.69,25.07,nasa,0.95
1985-04-06,1.47,19.46,15.64,24.62,nasa,0.95
1985-04-07,2.43,19.06,15.39,24.48,nasa,0.94
1985-04-08,13.78,20.14,14.75,26.33,nasa,0.94
1985-04-09,5.72,19.11,16.46,23.36,nasa,0.95
1985-04-10,1.93,19.31,16.5,24.17,nasa,0.95
1985-04-11,4.18,20.32,15.8,25.61,nasa,0.95
1985-04-12,2.01,19.47,16.63,23.3,nasa,0.95
1985-04-13,0.42,19.05,15.23,24.56,nasa,0.94
1985-04-14,0.04,18.58,14.67,24.78,nasa,0.94
1985-04-15,0.25,19.23,14.47,24.88,nasa,0.93
1985-04-16,6.72,19.89,16.84,24.17,nasa,0.93
1985-04-17,10.27,19.89,17.44,22.46,nasa,0.94
1985-04-18,4.7,20.15,17.04,24.3,nasa,0.94
1985-04-19,3.05,18.2,14.31,22.62,nasa,0.94
1985-04-20,0.42,16.55,12.78,22.77,nasa,0.94
1985-04-21,0.06,14.55,9.96,20.87,nasa,0.93
1985-04-22,0.0,14.75,10.05,21.18,nasa,0.92
1985-04-23,0.0,14.67,8.6,21.52,nasa,0.92
1985-04-24,0.01,15.57,9.7,22.1,nasa,0.91
1985-04-25,0.09,16.76,11.92,22.94,nasa,0.91
1985-04-26,0.16,16.22,12.59,20.39,nasa,0.91
1985-04-27,0.78,18.74,13.91,23.91,nasa,0.9
1985-04-28,0.59,19.56,15.03,24.79,nasa,0.9
1985-04-29,0.72,19.21,14.63,25.21,nasa,0.9
1985-04-30,3.2,19.62,15.19,25.12,nasa,0.89
1985-05-01,2.39,16.1,12.59,20.42,nasa,0.89
1985-05-02,1.67,16.06,11.89,21.12,nasa,0.89
1985-05-03,1.0,15.97,11.81,21.17,nasa,0.89
1985-05-04,0.41,16.37,12.98,21.35,nasa,0.89
1985-05-05,0.03,15.46,11.42,21.74,nasa,0.89
1985-05-06,0.0,13.36,8.9,20.11,nasa,0.88
1985-05-07,0.01,14.63,8.37,21.15,nasa,0.88
1985-05-08,0.01,18.48,13.45,24.5,nasa,0.87
1985-05-09,0.38,16.74,13.46,22.5,nasa,0.87
1985-05-10,1.29,16.98,12.83,22.91,nasa,0.87
1985-05-11,0.89,15.26,11.35,20.32,nasa,0.87
1985-05-12,0.45,15.94,11.78,21.77,nasa,0.86
1985-05-13,0.08,16.21,12.4,21.8,nasa,0.86
1985-05-14,0.0,16.45,11.89,22.09,nasa,0.86
1985-05-15,0.0,15.57,9.81,21.82,nasa,0.85
1985-05-16,0.01,15.82,8.77,22.75,nasa,0.85
1985-05-17,0.0,17.6,12.37,23.55,nasa,0.85
1985-05-18,0.26,16.98,11.48,23.66,nasa,0.84
1985-05-19,0.21,15.23,9.82,22.34,nasa,0.84
1985-05-20,1.65,15.77,9.41,22.34,nasa,0.84
1985-05-21,22.85,15.81,10.8,21.45,nasa,0.85
1985-05-22,1.1,17.7,14.34,23.39,nasa,0.86
1985-05-23,0.08,16.48,12.75,22.55,nasa,0.85
1985-05-24,0.01,14.85,11.88,20.3,nasa,0.85
1985-05-25,0.02,15.37,9.45,21.66,nasa,0.84
1985-05-26,0.0,16.22,11.35,21.65,nasa,0.84
1985-05-27,0.0,16.31,11.24,22.43,nasa,0.84
1985-05-28,0.01,16.38,9.91,22.82,nasa,0.83
1985-05-29,0.01,15.58,10.41,22.75,nasa,0.83
1985-05-30,0.06,14.56,9.03,21.43,nasa,0.83
1985-05-31,0.01,14.88,9.78,21.22,nasa,0.82
1985-06-01,0.0,15.76,11.38,22.15,nasa,0.82
1985-06-02,0.34,15.41,10.1,21.65,nasa,0.82
1985-06-03,7.13,15.64,12.26,20.22,nasa,0.82
1985-06-04,0.46,13.74,9.98,20.02,nasa,0.83
1985-06-05,0.03,12.35,7.4,18.46,nasa,0.82
1985-06-06,0.01,10.33,5.52,17.69,nasa,0.82
1985-06-07,0.0,8.87,3.29,16.59,nasa,0.81
1985-06-08,0.01,6.01,0.74,13.64,nasa,0.81
1985-06-09,0.61,5.95,-1.09,12.86,nasa,0.81
1985-06-10,0.12,8.09,5.04,14.05,nasa,0.81
1985-06-11,0.01,9.94,5.67,17.21,nasa,0.81
1985-06-12,0.0,10.01,4.97,17.66,nasa,0.8
1985-06-13,0.0,10.95,4.49,18.2,nasa,0.8
1985-06-14,0.01,12.29,4.17,19.53,nasa,0.8
1985-06-15,0.0,15.12,8.22,22.58,nasa,0.8
1985-06-16,0.0,13.79,7.19,21.24,nasa,0.79
1985-06-17,0.0,13.96,8.03,22.01,nasa,0.79
1985-06-18,0.09,14.02,9.16,21.44,nasa,0.79
1985-06-19,0.04,12.95,8.74,20.07,nasa,0.79
1985-06-20,0.0,12.7,7.19,19.64,nasa,0.78
1985-06-21,0.0,12.43,6.05,19.32,nasa,0.78
1985-06-22,0.0,14.79,9.32,21.2,nasa,0.78
1985-06-23,0.0,14.9,10.0,22.58,nasa,0.78
1985-06-24,0.0,14.29,8.72,22.28,nasa,0.77
1985-06-25,0.0,14.17,9.65,21.8,nasa,0.77
1985-06-26,0.01,13.95,8.72,21.19,nasa,0.77
1985-06-27,0.03,14.01,9.25,21.11,nasa,0.77
1985-06-28,0.0,13.94,8.92,21.15,nasa,0.76
1985-06-29,0.01,15.21,10.19,22.69,nasa,0.76
1985-06-30,0.01,13.88,7.71,22.26,nasa,0.76
1985-07-01,0.0,13.99,7.54,21.76,nasa,0.76
1985-07-02,0.0,14.54,8.41,21.7,nasa,0.75
1985-07-03,0.0,16.27,10.96,23.54,nasa,0.75
1985-07-04,0.0,15.9,10.53,23.41,nasa,0.75
1985-07-05,0.0,16.3,10.47,23.53,nasa,0.74
1985-07-06,0.17,14.9,9.85,21.22,nasa,0.74
1985-07-07,0.27,13.48,9.98,17.64,nasa,0.74
1985-07-08,0.0,13.66,7.55,20.51,nasa,0.74
1985-07-09,0.01,15.17,8.66,21.99,nasa,0.74
1985-07-10,0.02,15.32,10.0,22.49,nasa,0.74
1985-07-11,0.35,10.84,7.22,16.64,nasa,0.74
1985-07-12,0.17,9.87,5.51,17.29,nasa,0.73
1985-07-13,0.03,10.17,5.14,17.55,nasa,0.73
1985-07-14,0.02,11.31,6.36,18.57,nasa,0.73
1985-07-15,0.02,11.99,7.14,19.63,nasa,0.73
1985-07-16,0.05,12.1,7.88,19.31,nasa,0.73
1985-07-17,0.01,11.55,7.85,18.38,nasa,0.72
1985-07-18,0.06,11.79,6.89,19.68,nasa,0.72
1985-07-19,0.01,11.15,6.07,19.3,nasa,0.72
1985-07-20,0.0,11.47,5.75,19.66,nasa,0.72
1985-07-21,0.01,11.93,6.12,19.63,nasa,0.72
1985-07-22,0.04,12.48,7.1,20.09,nasa,0.71
1985-07-23,0.06,12.77,7.75,19.84,nasa,0.71
1985-07-24,0.05,11.44,7.46,18.6,nasa,0.71
1985-07-25,0.01,10.79,6.18,18.68,nasa,0.71
1985-07-26,0.0,10.54,5.6,19.34,nasa,0.71
1985-07-27,0.01,10.91,4.83,19.49,nasa,0.71
1985-07-28,0.01,12.8,5.05,21.39,nasa,0.7
1985-07-29,0.0,13.08,5.25,21.43,nasa,0.7
1985-07-30,0.0,14.01,6.03,22.78,nasa,0.7
1985-07-31,0.0,15.28,8.55,23.69,nasa,0.7
1985-08-01,0.0,15.61,9.74,24.29,nasa,0.69
1985-08-02,0.0,15.01,10.33,23.6,nasa,0.69
1985-08-03,0.0,14.85,9.1,23.07,nasa,0.69
1985-08-04,0.0,14.31,9.3,21.67,nasa,0.69
1985-08-05,0.0,14.76,7.17,23.63,nasa,0.69
1985-08-06,0.0,14.73,6.91,23.67,nasa,0.68
1985-08-07,0.0,15.01,7.16,23.53,nasa,0.68
1985-08-08,0.01,15.77,8.08,24.65,nasa,0.68
1985-08-09,0.0,16.52,9.54,25.36,nasa,0.68
1985-08-10,0.02,16.77,9.61,25.09,nasa,0.67
1985-08-11,0.42,17.31,11.07,25.14,nasa,0.67
1985-08-12,0.17,14.88,8.69,22.13,nasa,0.67
1985-08-13,0.05,13.58,5.97,22.78,nasa,0.67
1985-08-14,0.05,14.86,8.66,24.45,nasa,0.67
1985-08-15,0.0,15.28,9.35,24.82,nasa,0.67
1985-08-16,0.01,15.97,8.83,25.17,nasa,0.66
1985-08-17,0.0,15.67,6.98,24.56,nasa,0.66
1985-08-18,0.0,16.35,8.81,25.94,nasa,0.66
1985-08-19,0.08,16.89,8.72,25.75,nasa,0.66
1985-08-20,0.38,18.26,9.6,26.39,nasa,0.66
1985-08-21,1.66,19.58,13.43,26.46,nasa,0.65
1985-08-22,9.04,16.53,10.9,23.82,nasa,0.66
1985-08-23,0.57,11.79,5.94,19.52,nasa,0.67
1985-08-24,0.11,13.23,4.17,23.3,nasa,0.67
1985-08-25,0.02,17.04,7.78,26.3,nasa,0.66
1985-08-26,0.1,18.92,11.08,27.52,nasa,0.66
1985-08-27,0.46,21.18,13.79,29.88,nasa,0.66
1985-08-28,0.82,19.38,12.73,27.77,nasa,0.65
1985-08-29,0.27,15.57,11.47,22.52,nasa,0.65
1985-08-30,6.94,19.57,12.09,28.5,nasa,0.65
1985-08-31,9.66,21.51,14.82,28.94,nasa,0.67
1985-09-01,2.73,20.65,14.5,28.71,nasa,0.67
1985-09-02,3.33,13.9,9.93,19.69,nasa,0.67
1985-09-03,0.68,13.97,8.77,21.21,nasa,0.67
1985-09-04,4.66,16.91,10.29,24.6,nasa,0.67
1985-09-05,4.61,19.31,13.28,27.16,nasa,0.67
1985-09-06,10.07,15.97,11.75,21.49,nasa,0.68
1985-09-07,0.96,14.9,10.37,23.31,nasa,0.69
1985-09-08,0.21,14.95,9.26,23.28,nasa,0.68
1985-09-09,0.95,16.49,11.23,24.33,nasa,0.67
1985-09-10,0.21,16.57,10.75,25.03,nasa,0.67
1985-09-11,0.0,15.62,9.07,24.57,nasa,0.67
1985-09-12,0.0,16.31,7.9,25.52,nasa,0.66
1985-09-13,0.0,17.65,7.76,28.23,nasa,0.66
1985-09-14,0.0,19.17,11.44,29.21,nasa,0.65
1985-09-15,0.0,18.66,10.31,28.28,nasa,0.65
1985-09-16,0.0,20.3,12.08,29.03,nasa,0.65
1985-09-17,0.0,20.77,11.19,30.2,nasa,0.65
1985-09-18,0.11,20.37,12.98,30.0,nasa,0.64
1985-09-19,0.07,20.26,12.84,29.09,nasa,0.64
1985-09-20,2.71,22.32,14.95,30.52,nasa,0.64
1985-09-21,1.91,19.05,11.22,27.9,nasa,0.64
1985-09-22,0.1,17.38,9.29,28.67,nasa,0.64
1985-09-23,14.74,17.4,10.77,28.1,nasa,0.64
1985-09-24,9.44,18.12,13.95,24.82,nasa,0.68
1985-09-25,0.48,19.64,12.54,27.52,nasa,0.67
1985-09-26,0.48,19.66,12.5,28.29,nasa,0.67
1985-09-27,0.7,19.39,12.24,29.07,nasa,0.66
1985-09-28,6.56,18.86,12.15,27.06,nasa,0.66
1985-09-29,27.93,18.02,14.99,23.09,nasa,0.68
1985-09-30,2.69,17.93,13.75,23.85,nasa,0.71
1985-10-01,1.14,17.78,11.44,25.0,nasa,0.7
1985-10-02,11.53,18.26,12.57,25.43,nasa,0.7
1985-10-03,0.99,18.65,12.97,25.93,nasa,0.7
1985-10-04,0.07,18.74,12.27,26.63,nasa,0.69
1985-10-05,0.13,19.64,11.63,28.14,nasa,0.69
1985-10-06,0.38,19.64,14.33,25.33,nasa,0.68
1985-10-07,4.01,22.16,15.07,29.74,nasa,0.68
1985-10-08,0.46,18.76,9.1,26.39,nasa,0.68
1985-10-09,0.33,16.44,8.65,25.68,nasa,0.67
1985-10-10,1.17,19.11,11.81,26.74,nasa,0.67
1985-10-11,0.15,19.36,14.92,26.71,nasa,0.67
1985-10-12,0.08,19.59,12.46,29.01,nasa,0.67
1985-10-13,0.03,19.95,11.39,29.06,nasa,0.66
1985-10-14,0.0,21.03,12.76,30.8,nasa,0.66
1985-10-15,0.08,21.9,13.63,32.21,nasa,0.65
1985-10-16,0.14,22.3,14.11,32.31,nasa,0.65
1985-10-17,1.24,21.89,14.97,31.69,nasa,0.65
1985-10-18,0.89,20.88,13.03,30.87,nasa,0.65
1985-10-19,0.12,22.26,15.09,31.4,nasa,0.64
1985-10-20,0.11,21.32,13.87,29.45,nasa,0.64
1985-10-21,1.54,19.55,15.93,24.39,nasa,0.64
1985-10-22,0.25,20.44,13.4,30.2,nasa,0.64
1985-10-23,2.47,20.41,12.39,30.43,nasa,0.64
1985-10-24,12.96,19.54,14.12,25.63,nasa,0.65
1985-10-25,4.5,20.16,15.88,25.18,nasa,0.66
1985-10-26,4.24,20.8,16.75,25.91,nasa,0.66
1985-10-27,3.99,19.86,15.36,25.72,nasa,0.67
1985-10-28,14.08,20.27,15.65,26.25,nasa,0.68
1985-10-29,5.86,19.42,15.93,24.7,nasa,0.69
1985-10-30,10.94,19.06,15.29,24.61,nasa,0.69
1985-10-31,4.86,20.43,14.98,27.02,nasa,0.7
1985-11-01,12.58,21.07,15.63,27.49,nasa,0.7
1985-11-02,26.7,20.52,17.29,24.75,nasa,0.72
1985-11-03,33.89,20.77,16.43,26.99,nasa,0.76
1985-11-04,14.49,18.63,13.72,24.85,nasa,0.78
1985-11-05,2.23,17.41,12.16,25.09,nasa,0.77
1985-11-06,0.33,17.59,12.31,25.54,nasa,0.76
1985-11-07,0.02,17.91,11.13,26.75,nasa,0.74
1985-11-08,0.03,18.12,11.27,27.11,nasa,0.73
1985-11-09,0.0,17.1,10.84,25.58,nasa,0.72
1985-11-10,0.0,17.56,10.53,26.48,nasa,0.71
1985-11-11,0.09,20.43,12.92,29.1,nasa,0.71
1985-11-12,0.34,21.41,15.43,29.57,nasa,0.7
1985-11-13,0.0,20.49,13.98,29.7,nasa,0.69
1985-11-14,0.0,20.02,12.77,30.14,nasa,0.69
1985-11-15,0.0,21.14,11.81,32.38,nasa,0.68
1985-11-16,0.0,21.99,12.32,33.35,nasa,0.68
1985-11-17,0.03,22.23,12.28,33.43,nasa,0.67
1985-11-18,0.52,22.14,13.21,32.63,nasa,0.67
1985-11-19,1.93,21.54,13.98,31.14,nasa,0.66
1985-11-20,5.78,21.92,15.11,29.51,nasa,0.67
1985-11-21,25.72,19.47,16.79,24.29,nasa,0.69
1985-11-22,7.81,19.55,15.59,25.21,nasa,0.72
1985-11-23,5.38,20.75,16.03,26.35,nasa,0.72
1985-11-24,6.42,20.92,17.53,25.85,nasa,0.72
1985-11-25,20.44,20.03,16.93,23.83,nasa,0.74
1985-11-26,9.71,20.65,17.12,26.03,nasa,0.75
1985-11-27,15.52,20.35,16.24,27.36,nasa,0.75
1985-11-28,4.51,18.36,13.06,25.52,nasa,0.76
1985-11-29,6.55,17.99,11.98,25.17,nasa,0.75
1985-11-30,1.12,19.39,13.65,26.38,nasa,0.75
1985-12-01,0.23,19.75,13.32,27.84,nasa,0.73
1985-12-02,7.62,19.09,12.18,27.17,nasa,0.73
1985-12-03,31.68,18.47,13.75,24.92,nasa,0.74
1985-12-04,22.25,15.84,12.99,19.71,nasa,0.79
1985-12-05,11.15,16.58,11.45,23.41,nasa,0.8
1985-12-06,1.7,17.33,12.9,23.11,nasa,0.79
1985-12-07,0.06,19.02,11.83,27.21,nasa,0.78
1985-12-08,0.04,19.91,12.79,27.34,nasa,0.77
1985-12-09,0.01,20.8,14.31,28.74,nasa,0.76
1985-12-10,0.19,21.66,14.69,28.95,nasa,0.74
1985-12-11,1.64,21.83,14.7,29.79,nasa,0.74
1985-12-12,0.34,21.86,15.48,29.65,nasa,0.73
1985-12-13,2.24,21.78,16.25,28.94,nasa,0.73
1985-12-14,6.55,22.31,14.84,29.5,nasa,0.72
1985-12-15,4.65,22.52,16.88,28.7,nasa,0.73
1985-12-16,4.45,21.85,17.0,28.48,nasa,0.73
1985-12-17,0.95,20.48,13.67,29.33,nasa,0.72
1985-12-18,0.67,20.09,12.12,28.79,nasa,0.72
1985-12-19,1.03,20.47,14.17,27.67,nasa,0.71
1985-12-20,10.9,21.46,15.4,28.6,nasa,0.71
1985-12-21,11.44,20.63,17.6,24.97,nasa,0.73
1985-12-22,20.69,20.63,17.06,25.78,nasa,0.75
1985-12-23,31.26,21.49,16.23,27.94,nasa,0.78
1985-12-24,28.32,19.45,16.29,23.53,nasa,0.81
1985-12-25,43.44,18.86,16.41,22.11,nasa,0.85
1985-12-26,37.08,18.95,16.15,23.69,nasa,0.86
1985-12-27,15.15,19.66,17.4,22.85,nasa,0.88
1985-12-28,7.71,19.44,16.91,23.07,nasa,0.87
1985-12-29,12.62,19.07,15.4,23.88,nasa,0.86
1985-12-30,10.47,18.56,13.77,23.78,nasa,0.86
1985-12-31,6.72,20.77,15.27,26.4,nasa,0.86
1986-01-01,10.29,22.32,17.62,29.51,nasa,0.86
1986-01-02,5.7,21.38,16.5,28.37,nasa,0.86
1986-01-03,0.96,20.43,14.27,28.13,nasa,0.86
1986-01-04,5.43,20.58,13.74,27.39,nasa,0.85
1986-01-05,21.13,20.64,15.7,26.29,nasa,0.86
1986-01-06,3.1,18.44,14.35,24.08,nasa,0.86
1986-01-07,3.39,17.84,12.3,24.09,nasa,0.86
1986-01-08,18.35,18.38,16.12,20.45,nasa,0.87
1986-01-09,9.24,21.56,17.61,27.89,nasa,0.88
1986-01-10,7.34,21.46,16.67,27.65,nasa,0.87
1986-01-11,15.53,20.37,17.45,23.93,nasa,0.88
1986-01-12,8.83,20.48,18.04,23.87,nasa,0.89
1986-01-13,10.46,21.52,17.31,26.46,nasa,0.89
1986-01-14,13.98,21.05,17.74,25.76,nasa,0.89
1986-01-15,5.36,20.59,16.47,26.47,nasa,0.89
1986-01-16,5.19,20.26,15.55,26.23,nasa,0.89
1986-01-17,1.19,20.99,16.39,26.86,nasa,0.88
1986-01-18,0.31,21.93,17.28,27.78,nasa,0.87
1986-01-19,0.88,22.93,17.28,29.15,nasa,0.86
1986-01-20,13.57,21.87,18.03,26.19,nasa,0.87
1986-01-21,7.29,20.25,16.57,24.61,nasa,0.88
1986-01-22,17.52,21.2,17.2,25.85,nasa,0.88
1986-01-23,8.34,21.49,17.56,27.26,nasa,0.9
1986-01-24,10.73,21.3,14.91,27.5,nasa,0.89
1986-01-25,9.01,21.59,15.92,27.59,nasa,0.9
1986-01-26,10.9,21.05,17.09,25.58,nasa,0.9
1986-01-27,8.62,20.57,16.97,23.58,nasa,0.9
1986-01-28,4.42,20.34,16.5,25.17,nasa,0.9
1986-01-29,5.32,20.49,16.58,26.21,nasa,0.9
1986-01-30,1.14,20.14,15.21,26.73,nasa,0.9
1986-01-31,0.07,20.2,15.14,26.76,nasa,0.89
1986-02-01,0.99,20.75,14.45,27.15,nasa,0.88
1986-02-02,11.78,20.87,14.86,27.55,nasa,0.88
1986-02-03,7.59,19.71,17.4,23.49,nasa,0.89
1986-02-04,4.52,18.41,15.98,21.69,nasa,0.89
1986-02-05,5.36,17.6,15.23,21.38,nasa,0.89
1986-02-06,4.04,18.75,15.96,22.62,nasa,0.89
1986-02-07,7.5,19.85,16.35,24.92,nasa,0.89
1986-02-08,9.26,20.18,16.94,23.67,nasa,0.9
1986-02-09,11.61,21.86,17.32,26.17,nasa,0.9
1986-02-10,5.98,21.49,16.68,26.56,nasa,0.9
1986-02-11,5.1,21.6,18.08,26.88,nasa,0.9
1986-02-12,20.71,20.12,17.16,23.75,nasa,0.91
1986-02-13,15.86,19.87,15.9,25.32,nasa,0.93
1986-02-14,5.97,19.03,16.74,22.22,nasa,0.93
1986-02-15,11.02,18.89,16.23,22.94,nasa,0.93
1986-02-16,11.0,20.49,18.27,23.86,nasa,0.93
1986-02-17,19.31,20.28,16.86,25.03,nasa,0.94
1986-02-18,34.5,20.69,18.01,24.72,nasa,0.95
1986-02-19,21.09,20.8,16.95,25.41,nasa,0.97
1986-02-20,11.48,21.19,17.62,24.83,nasa,0.97
1986-02-21,6.89,20.71,17.64,24.2,nasa,0.97
1986-02-22,2.87,19.67,16.14,24.24,nasa,0.96
1986-02-23,1.99,20.27,16.13,25.33,nasa,0.96
1986-02-24,2.42,20.89,15.62,26.47,nasa,0.96
1986-02-25,6.18,21.34,15.7,26.37,nasa,0.95
1986-02-26,3.64,21.46,16.6,26.59,nasa,0.95
1986-02-27,12.98,20.83,17.16,25.55,nasa,0.95
1986-02-28,2.81,20.97,16.49,26.68,nasa,0.96
1986-03-01,11.56,20.93,15.85,26.09,nasa,0.95
1986-03-02,12.61,19.38,16.06,24.09,nasa,0.96
1986-03-03,7.88,19.81,15.99,24.31,nasa,0.96
1986-03-04,11.28,19.46,16.74,23.19,nasa,0.96
1986-03-05,6.12,19.58,16.66,23.78,nasa,0.97
1986-03-06,7.53,20.03,16.93,23.81,nasa,0.97
1986-03-07,24.08,19.82,17.62,22.29,nasa,0.97
1986-03-08,14.44,20.21,16.82,24.98,nasa,0.98
1986-03-09,12.47,20.22,17.0,24.27,nasa,0.99
1986-03-10,1.76,19.69,16.77,24.11,nasa,0.98
1986-03-11,1.0,20.37,15.79,25.49,nasa,0.98
1986-03-12,1.69,21.18,16.47,27.44,nasa,0.97
1986-03-13,0.37,21.21,16.32,27.45,nasa,0.97
1986-03-14,0.41,21.56,16.13,27.38,nasa,0.96
1986-03-15,6.63,20.59,18.06,24.3,nasa,0.96
1986-03-16,2.93,20.3,16.46,24.73,nasa,0.96
1986-03-17,6.78,22.26,17.99,27.49,nasa,0.96
1986-03-18,4.58,21.39,16.35,27.12,nasa,0.96
1986-03-19,12.19,21.42,16.86,26.56,nasa,0.96
1986-03-20,5.04,19.68,17.42,23.03,nasa,0.97
1986-03-21,0.44,20.03,15.86,25.54,nasa,0.96
1986-03-22,0.18,19.5,15.12,25.26,nasa,0.96
1986-03-23,8.24,19.6,15.74,24.21,nasa,0.95
1986-03-24,8.55,18.98,16.31,23.19,nasa,0.96
1986-03-25,17.5,19.45,15.93,23.75,nasa,0.96
1986-03-26,7.66,18.94,16.35,22.65,nasa,0.97
1986-03-27,3.08,18.97,16.03,22.71,nasa,0.97
1986-03-28,1.59,19.52,15.31,25.17,nasa,0.97
1986-03-29,3.39,19.85,15.86,25.37,nasa,0.96
1986-03-30,4.89,20.07,16.1,24.68,nasa,0.96
1986-03-31,0.54,21.2,16.71,26.54,nasa,0.96
1986-04-01,0.17,20.37,15.5,26.22,nasa,0.95
1986-04-02,0.03,21.13,17.5,25.58,nasa,0.95
1986-04-03,0.01,21.4,16.57,27.45,nasa,0.94
1986-04-04,0.02,20.75,15.96,26.82,nasa,0.94
1986-04-05,0.02,21.03,15.17,26.97,nasa,0.93
1986-04-06,1.71,21.62,16.06,28.39,nasa,0.92
1986-04-07,3.09,20.3,16.08,26.49,nasa,0.92
1986-04-08,3.2,19.77,15.01,25.95,nasa,0.92
1986-04-09,3.29,20.68,15.43,26.22,nasa,0.92
1986-04-10,4.38,20.64,16.55,25.44,nasa,0.91
1986-04-11,2.39,20.82,16.13,26.8,nasa,0.91
1986-04-12,0.48,20.49,15.52,26.37,nasa,0.91
1986-04-13,2.64,20.64,16.9,26.21,nasa,0.9
1986-04-14,5.03,21.01,15.98,27.04,nasa,0.9
1986-04-15,9.6,20.27,17.42,25.49,nasa,0.9
1986-04-16,3.38,16.07,12.64,20.49,nasa,0.91
1986-04-17,0.9,15.39,11.79,21.66,nasa,0.9
1986-04-18,0.21,15.15,10.92,21.87,nasa,0.9
1986-04-19,0.08,15.18,11.03,21.57,nasa,0.89
1986-04-20,0.05,16.84,11.75,23.24,nasa,0.89
1986-04-21,0.45,18.56,14.16,24.08,nasa,0.88
1986-04-22,1.04,19.48,15.01,25.15,nasa,0.88
1986-04-23,1.14,18.53,14.72,24.31,nasa,0.88
1986-04-24,0.53,17.89,12.87,24.09,nasa,0.87
1986-04-25,0.78,19.01,14.31,24.34,nasa,0.87
1986-04-26,6.79,18.7,15.12,23.82,nasa,0.87
1986-04-27,6.61,18.82,15.05,24.09,nasa,0.88
1986-04-28,1.34,16.3,11.86,22.21,nasa,0.88
1986-04-29,0.32,13.98,9.99,20.28,nasa,0.87
1986-04-30,0.02,13.38,7.89,20.41,nasa,0.87
1986-05-01,0.0,15.26,8.12,22.01,nasa,0.86
1986-05-02,0.01,16.35,9.91,22.81,nasa,0.86
1986-05-03,0.0,16.79,10.54,23.22,nasa,0.85
1986-05-04,0.0,16.13,10.61,22.91,nasa,0.85
1986-05-05,0.0,15.12,7.9,22.2,nasa,0.84
1986-05-06,0.02,17.73,12.57,23.71,nasa,0.84
1986-05-07,4.73,17.9,13.57,24.11,nasa,0.84
1986-05-08,20.69,17.41,14.95,21.89,nasa,0.85
1986-05-09,7.82,17.17,15.07,20.63,nasa,0.87
1986-05-10,1.17,18.36,14.71,23.27,nasa,0.87
1986-05-11,1.84,18.93,14.59,24.08,nasa,0.86
1986-05-12,13.82,18.39,15.16,22.85,nasa,0.87
1986-05-13,0.62,19.21,15.8,24.73,nasa,0.88
1986-05-14,1.1,18.13,14.46,23.87,nasa,0.87
1986-05-15,0.05,17.75,12.69,24.53,nasa,0.86
1986-05-16,0.5,18.57,14.3,24.34,nasa,0.86
1986-05-17,1.83,17.66,13.69,23.51,nasa,0.85
1986-05-18,20.78,17.93,14.35,23.25,nasa,0.86
1986-05-19,0.31,18.18,15.59,21.86,nasa,0.88
1986-05-20,1.47,18.33,14.42,23.67,nasa,0.87
1986-05-21,3.13,17.6,15.58,20.75,nasa,0.87
1986-05-22,0.51,17.62,13.84,23.24,nasa,0.87
1986-05-23,0.08,16.58,12.6,22.27,nasa,0.86
1986-05-24,0.01,17.0,12.59,22.54,nasa,0.86
1986-05-25,0.11,17.73,14.03,23.12,nasa,0.85
1986-05-26,0.09,17.39,13.78,21.75,nasa,0.85
1986-05-27,0.03,16.92,13.09,22.97,nasa,0.85
1986-05-28,0.04,16.52,11.45,22.81,nasa,0.85
1986-05-29,0.21,15.68,9.0,22.61,nasa,0.84
1986-05-30,0.77,16.09,10.22,22.14,nasa,0.84
1986-05-31,7.26,15.69,10.6,19.47,nasa,0.84
1986-06-01,0.28,12.46,9.0,18.84,nasa,0.85
1986-06-02,0.05,11.58,6.94,18.93,nasa,0.84
1986-06-03,0.02,11.87,8.32,18.92,nasa,0.84
1986-06-04,0.01,11.6,6.72,18.8,nasa,0.83
1986-06-05,0.0,11.69,6.88,18.69,nasa,0.83
1986-06-06,0.01,10.75,5.02,18.39,nasa,0.83
1986-06-07,0.01,12.51,8.05,20.01,nasa,0.83
1986-06-08,0.01,12.75,6.42,20.1,nasa,0.82
1986-06-09,0.34,13.46,7.57,20.29,nasa,0.82
1986-06-10,0.08,14.27,9.01,20.57,nasa,0.82
1986-06-11,0.72,15.68,10.33,21.24,nasa,0.82
1986-06-12,0.37,16.42,11.85,22.66,nasa,0.81
1986-06-13,0.2,15.14,10.32,21.14,nasa,0.81
1986-06-14,0.0,14.6,8.48,21.29,nasa,0.81
1986-06-15,0.0,15.44,10.98,21.59,nasa,0.81
1986-06-16,0.0,15.38,10.16,22.18,nasa,0.8
1986-06-17,0.01,15.13,10.3,21.9,nasa,0.8
1986-06-18,0.0,14.97,9.23,21.99,nasa,0.8
1986-06-19,0.03,15.02,9.99,21.85,nasa,0.8
1986-06-20,0.02,14.29,8.94,20.81,nasa,0.79
1986-06-21,0.02,13.29,8.38,20.22,nasa,0.79
1986-06-22,0.0,11.85,6.84,19.69,nasa,0.79
1986-06-23,0.01,13.51,8.05,20.62,nasa,0.78
1986-06-24,0.03,13.3,8.32,20.27,nasa,0.78
1986-06-25,0.09,13.19,5.99,20.43,nasa,0.78
1986-06-26,0.72,14.73,10.48,20.3,nasa,0.78
1986-06-27,0.11,14.17,9.73,19.82,nasa,0.78
1986-06-28,0.03,14.07,7.94,20.69,nasa,0.78
1986-06-29,0.01,14.84,9.31,21.67,nasa,0.77
1986-06-30,0.01,15.14,8.23,22.72,nasa,0.77
1986-07-01,0.24,16.72,11.37,22.71,nasa,0.77
1986-07-02,9.59,15.62,12.76,20.78,nasa,0.77
1986-07-03,4.21,14.78,11.92,20.12,nasa,0.78
1986-07-04,2.27,13.76,10.01,19.4,nasa,0.78
1986-07-05,1.71,14.31,8.43,21.17,nasa,0.78
1986-07-06,1.8,13.44,9.83,19.55,nasa,0.78
1986-07-07,3.18,11.26,8.45,15.47,nasa,0.78
1986-07-08,0.77,9.73,6.69,14.82,nasa,0.78
1986-07-09,0.17,10.13,6.51,16.27,nasa,0.78
1986-07-10,0.02,10.38,6.58,16.9,nasa,0.77
1986-07-11,0.0,10.96,6.46,18.0,nasa,0.77
1986-07-12,0.0,11.78,6.9,19.51,nasa,0.77
1986-07-13,0.01,11.81,5.02,20.14,nasa,0.77
1986-07-14,0.0,11.75,5.86,19.9,nasa,0.76
1986-07-15,0.0,13.32,5.52,20.87,nasa,0.76
1986-07-16,0.01,15.78,11.12,21.78,nasa,0.76
1986-07-17,0.0,15.17,9.89,22.3,nasa,0.75
1986-07-18,0.0,15.56,9.22,23.11,nasa,0.75
1986-07-19,0.1,16.15,10.32,23.78,nasa,0.75
1986-07-20,0.09,16.79,10.8,23.71,nasa,0.74
1986-07-21,1.8,17.14,11.82,23.13,nasa,0.74
1986-07-22,14.69,12.2,10.06,15.51,nasa,0.75
1986-07-23,11.47,11.59,9.49,14.6,nasa,0.78
1986-07-24,3.37,14.08,10.4,19.52,nasa,0.78
1986-07-25,0.09,14.4,8.91,21.7,nasa,0.78
1986-07-26,0.34,14.33,8.48,22.05,nasa,0.77
1986-07-27,0.03,14.49,9.23,21.54,nasa,0.77
1986-07-28,0.08,13.18,7.83,21.16,nasa,0.76
1986-07-29,0.04,13.59,8.39,21.2,nasa,0.76
1986-07-30,0.63,14.87,9.19,22.49,nasa,0.75
1986-07-31,5.97,15.6,10.47,21.78,nasa,0.75
1986-08-01,0.74,16.19,12.14,21.65,nasa,0.76
1986-08-02,0.0,16.21,10.12,23.0,nasa,0.76
1986-08-03,0.01,16.56,8.93,24.27,nasa,0.75
1986-08-04,0.01,17.73,11.74,25.36,nasa,0.75
1986-08-05,0.0,16.59,10.41,24.45,nasa,0.74
1986-08-06,0.0,15.8,8.55,24.39,nasa,0.74
1986-08-07,0.0,15.16,9.16,22.86,nasa,0.73
1986-08-08,0.0,14.96,8.72,22.88,nasa,0.73
1986-08-09,0.0,15.33,8.39,22.85,nasa,0.73
1986-08-10,0.0,14.5,7.77,22.65,nasa,0.73
1986-08-11,0.39,16.71,8.41,24.05,nasa,0.72
1986-08-12,9.17,17.85,13.1,24.45,nasa,0.72
1986-08-13,2.71,17.69,12.14,24.34,nasa,0.74
1986-08-14,8.74,17.82,11.04,24.77,nasa,0.74
1986-08-15,6.79,18.03,12.55,24.44,nasa,0.75
1986-08-16,6.96,16.88,12.65,22.16,nasa,0.75
1986-08-17,0.5,18.07,12.59,24.16,nasa,0.75
1986-08-18,0.19,17.99,13.98,23.92,nasa,0.74
1986-08-19,1.03,17.49,13.54,22.93,nasa,0.74
1986-08-20,6.41,17.48,13.81,23.53,nasa,0.74
1986-08-21,24.31,16.85,13.7,21.87,nasa,0.76
1986-08-22,6.17,17.38,12.96,23.53,nasa,0.78
1986-08-23,2.91,16.75,13.35,20.62,nasa,0.78
1986-08-24,1.59,18.92,14.42,24.93,nasa,0.77
1986-08-25,4.07,17.57,14.56,21.79,nasa,0.77
1986-08-26,0.51,17.51,14.72,21.25,nasa,0.77
1986-08-27,0.03,17.82,12.04,25.75,nasa,0.77
1986-08-28,0.01,15.32,10.05,23.75,nasa,0.76
1986-08-29,0.0,14.99,8.77,24.14,nasa,0.75
1986-08-30,0.02,14.05,8.2,22.33,nasa,0.75
1986-08-31,0.92,13.59,8.66,21.24,nasa,0.74
1986-09-01,0.13,11.39,6.78,18.81,nasa,0.74
1986-09-02,0.02,11.04,5.35,18.32,nasa,0.74
1986-09-03,0.0,12.4,7.33,19.86,nasa,0.74
1986-09-04,0.01,13.57,8.17,21.56,nasa,0.73
1986-09-05,0.01,15.91,9.74,22.62,nasa,0.73
1986-09-06,0.02,16.55,11.08,24.35,nasa,0.73
1986-09-07,0.04,16.08,10.93,23.49,nasa,0.72
1986-09-08,0.07,15.67,11.03,22.87,nasa,0.72
1986-09-09,0.04,14.64,9.79,22.1,nasa,0.72
1986-09-10,0.0,13.66,8.84,22.18,nasa,0.71
1986-09-11,0.0,14.18,8.41,23.41,nasa,0.71
1986-09-12,0.0,15.58,9.15,24.41,nasa,0.71
1986-09-13,0.01,17.11,9.12,24.89,nasa,0.7
1986-09-14,0.0,18.44,10.47,25.38,nasa,0.7
1986-09-15,0.06,19.72,11.54,27.69,nasa,0.7
1986-09-16,0.02,21.02,12.9,29.02,nasa,0.69
1986-09-17,0.0,21.93,14.14,29.59,nasa,0.69
1986-09-18,0.25,21.39,15.43,30.09,nasa,0.69
1986-09-19,1.19,19.37,13.14,27.9,nasa,0.68
1986-09-20,5.3,18.38,13.79,23.63,nasa,0.69
1986-09-21,1.97,18.62,13.88,25.73,nasa,0.69
1986-09-22,0.25,18.47,12.22,26.52,nasa,0.69
1986-09-23,0.03,19.96,13.31,27.52,nasa,0.69
1986-09-24,0.27,21.5,13.71,29.44,nasa,0.68
1986-09-25,1.03,21.82,16.91,28.55,nasa,0.68
1986-09-26,3.83,17.53,12.67,23.18,nasa,0.68
1986-09-27,2.31,14.46,9.16,21.9,nasa,0.68
1986-09-28,9.59,13.87,8.35,22.17,nasa,0.69
1986-09-29,3.04,13.84,9.85,19.01,nasa,0.7
1986-09-30,0.13,17.75,10.92,26.17,nasa,0.7
1986-10-01,0.0,18.09,11.21,26.98,nasa,0.69
1986-10-02,0.0,18.51,11.85,27.87,nasa,0.68
1986-10-03,0.0,18.75,11.02,28.87,nasa,0.68
1986-10-04,0.0,19.61,11.03,29.2,nasa,0.67
1986-10-05,0.04,20.49,12.25,30.32,nasa,0.67
1986-10-06,0.0,21.54,12.56,30.16,nasa,0.66
1986-10-07,0.01,23.34,14.23,31.76,nasa,0.66
1986-10-08,0.33,23.61,16.53,32.43,nasa,0.66
1986-10-09,0.58,22.99,15.64,31.87,nasa,0.65
1986-10-10,0.54,21.05,13.36,29.75,nasa,0.65
1986-10-11,2.62,20.7,14.09,28.46,nasa,0.65
1986-10-12,0.22,18.8,12.08,27.57,nasa,0.65
1986-10-13,0.34,17.65,12.74,25.51,nasa,0.65
1986-10-14,0.29,15.25,11.96,19.97,nasa,0.65
1986-10-15,0.29,18.46,12.04,26.61,nasa,0.65
1986-10-16,0.05,20.95,11.9,30.28,nasa,0.64
1986-10-17,0.07,22.86,14.72,31.85,nasa,0.64
1986-10-18,0.66,22.99,15.92,32.21,nasa,0.64
1986-10-19,2.53,17.65,12.57,25.0,nasa,0.64
1986-10-20,3.98,17.05,11.9,23.67,nasa,0.64
1986-10-21,8.23,19.07,12.79,27.95,nasa,0.65
1986-10-22,12.47,19.31,15.38,25.49,nasa,0.67
1986-10-23,0.57,17.91,10.79,25.41,nasa,0.67
1986-10-24,0.05,14.12,6.07,24.17,nasa,0.67
1986-10-25,0.25,14.43,6.31,25.3,nasa,0.66
1986-10-26,0.57,15.9,7.29,27.08,nasa,0.66
1986-10-27,2.86,16.71,8.49,27.16,nasa,0.65
1986-10-28,1.81,18.33,9.45,27.68,nasa,0.65
1986-10-29,0.08,21.04,12.39,29.19,nasa,0.65
1986-10-30,0.11,21.94,14.67,30.27,nasa,0.65
1986-10-31,1.64,23.06,14.79,32.53,nasa,0.64
1986-11-01,0.35,22.95,15.36,32.26,nasa,0.64
1986-11-02,1.18,23.16,14.0,32.55,nasa,0.64
1986-11-03,6.13,22.67,15.71,30.8,nasa,0.64
1986-11-04,6.74,23.06,15.42,31.48,nasa,0.65
1986-11-05,3.37,23.96,16.26,31.71,nasa,0.65
1986-11-06,1.98,23.89,17.26,31.45,nasa,0.65
1986-11-07,4.34,21.25,15.6,28.36,nasa,0.65
1986-11-08,2.12,20.78,13.89,29.36,nasa,0.65
1986-11-09,1.78,20.9,15.46,27.88,nasa,0.65
1986-11-10,4.16,19.0,16.2,22.52,nasa,0.65
1986-11-11,33.15,14.89,10.48,17.08,nasa,0.68
1986-11-12,8.42,11.96,9.21,16.74,nasa,0.71
1986-11-13,1.09,13.48,8.88,21.49,nasa,0.7
1986-11-14,0.37,14.72,7.67,23.63,nasa,0.69
1986-11-15,0.1,17.36,8.35,26.82,nasa,0.68
1986-11-16,0.43,18.97,12.84,26.21,nasa,0.67
1986-11-17,0.55,20.73,13.79,28.59,nasa,0.67
1986-11-18,0.71,20.86,15.26,27.55,nasa,0.67
1986-11-19,1.57,22.1,16.39,29.4,nasa,0.66
1986-11-20,0.43,22.99,16.98,31.45,nasa,0.66
1986-11-21,0.22,22.56,14.97,31.78,nasa,0.65
1986-11-22,0.71,23.44,15.2,31.95,nasa,0.65
1986-11-23,3.62,23.42,16.18,32.64,nasa,0.65
1986-11-24,5.09,21.55,17.26,27.53,nasa,0.65
1986-11-25,9.83,22.31,17.13,28.76,nasa,0.66
1986-11-26,7.76,23.08,17.45,29.96,nasa,0.67
1986-11-27,9.46,21.6,17.42,26.49,nasa,0.68
1986-11-28,12.14,21.33,18.02,26.51,nasa,0.69
1986-11-29,13.78,20.43,17.33,25.39,nasa,0.71
1986-11-30,18.02,20.07,16.32,25.21,nasa,0.72
1986-12-01,10.63,19.98,17.41,24.35,nasa,0.73
1986-12-02,6.52,20.3,17.66,24.13,nasa,0.74
1986-12-03,5.49,20.87,17.76,24.47,nasa,0.73
1986-12-04,7.72,22.47,17.66,28.4,nasa,0.74
1986-12-05,4.79,22.31,17.6,28.74,nasa,0.73
1986-12-06,10.84,21.81,17.94,27.75,nasa,0.73
1986-12-07,12.91,21.54,17.5,27.48,nasa,0.74
1986-12-08,19.01,20.5,17.38,24.74,nasa,0.76
1986-12-09,16.34,20.1,16.89,24.99,nasa,0.77
1986-12-10,4.31,20.44,15.05,25.47,nasa,0.78
1986-12-11,6.01,21.83,15.48,29.0,nasa,0.77
1986-12-12,5.82,20.95,16.42,26.3,nasa,0.76
1986-12-13,2.6,21.35,16.83,26.7,nasa,0.76
1986-12-14,12.53,20.44,17.83,23.7,nasa,0.77
1986-12-15,10.7,20.54,17.54,25.14,nasa,0.78
1986-12-16,18.47,19.6,16.57,23.04,nasa,0.79
1986-12-17,8.12,19.83,17.02,23.57,nasa,0.8
1986-12-18,2.56,21.53,16.58,26.37,nasa,0.79
1986-12-19,5.46,20.46,17.26,23.86,nasa,0.79
1986-12-20,10.74,18.6,16.48,21.42,nasa,0.79
1986-12-21,21.41,19.63,15.14,25.49,nasa,0.81
1986-12-22,43.04,18.94,15.58,23.81,nasa,0.83
1986-12-23,38.66,18.74,15.83,22.33,nasa,0.87
1986-12-24,26.67,17.91,15.84,20.66,nasa,0.89
1986-12-25,33.84,17.4,15.54,19.69,nasa,0.89
1986-12-26,61.63,18.06,15.94,22.41,nasa,0.92
1986-12-27,27.48,18.71,16.35,22.46,nasa,0.94
1986-12-28,17.14,19.43,15.92,24.32,nasa,0.94
1986-12-29,13.26,17.86,14.6,20.89,nasa,0.94
1986-12-30,7.15,16.81,13.63,19.74,nasa,0.94
1986-12-31,2.85,17.44,14.68,20.27,nasa,0.93
1987-01-01,2.98,19.72,13.61,25.72,nasa,0.93
1987-01-02,6.88,20.26,16.99,24.44,nasa,0.93
1987-01-03,12.09,20.27,16.76,25.64,nasa,0.93
1987-01-04,1.48,20.5,16.11,25.38,nasa,0.93
1987-01-05,3.29,20.79,14.98,27.33,nasa,0.92
1987-01-06,1.11,21.16,15.19,28.13,nasa,0.92
1987-01-07,0.42,21.57,16.05,28.1,nasa,0.91
1987-01-08,0.8,21.91,15.63,28.12,nasa,0.9
1987-01-09,5.86,23.38,17.65,29.7,nasa,0.9
1987-01-10,7.89,21.92,19.17,25.15,nasa,0.9
1987-01-11,8.45,20.99,18.95,23.56,nasa,0.91
1987-01-12,6.21,22.63,18.47,26.71,nasa,0.91
1987-01-13,4.64,24.06,18.95,28.72,nasa,0.91
1987-01-14,3.91,23.91,18.66,29.64,nasa,0.91
1987-01-15,8.08,22.7,19.05,26.53,nasa,0.91
1987-01-16,15.96,21.18,18.88,23.97,nasa,0.92
1987-01-17,16.3,21.63,18.14,25.65,nasa,0.93
1987-01-18,8.52,21.27,17.51,26.19,nasa,0.93
1987-01-19,10.59,19.88,15.47,26.41,nasa,0.93
1987-01-20,6.8,18.5,15.57,21.52,nasa,0.93
1987-01-21,10.45,19.76,16.79,24.18,nasa,0.93
1987-01-22,10.18,20.83,17.88,25.18,nasa,0.94
1987-01-23,18.57,19.66,17.25,22.25,nasa,0.94
1987-01-24,16.47,19.94,16.93,24.33,nasa,0.96
1987-01-25,10.08,20.45,17.93,24.91,nasa,0.96
1987-01-26,10.61,20.58,18.04,23.94,nasa,0.96
1987-01-27,30.02,19.59,16.81,22.45,nasa,0.97
1987-01-28,12.41,18.21,15.57,21.72,nasa,0.98
1987-01-29,16.99,18.72,15.8,22.53,nasa,0.99
1987-01-30,3.83,20.27,16.8,24.53,nasa,0.98
1987-01-31,1.26,20.97,16.86,26.54,nasa,0.98
1987-02-01,1.58,20.82,15.35,27.11,nasa,0.97
1987-02-02,5.42,21.47,16.8,26.11,nasa,0.97
1987-02-03,6.3,21.42,17.54,25.11,nasa,0.97
1987-02-04,5.77,20.78,17.55,24.25,nasa,0.97
1987-02-05,3.23,20.97,17.6,24.83,nasa,0.97
1987-02-06,4.05,21.91,17.42,26.72,nasa,0.97
1987-02-07,3.4,21.42,17.82,24.78,nasa,0.96
1987-02-08,8.42,21.5,17.18,25.12,nasa,0.97
1987-02-09,12.3,20.09,16.64,23.5,nasa,0.97
1987-02-10,9.31,16.43,13.34,19.78,nasa,0.98
1987-02-11,4.05,17.11,12.84,22.63,nasa,0.97
1987-02-12,6.35,17.87,12.68,23.89,nasa,0.97
1987-02-13,7.72,17.36,14.41,21.4,nasa,0.97
1987-02-14,22.65,18.54,14.8,24.06,nasa,0.97
1987-02-15,13.66,19.28,14.9,24.05,nasa,0.98
1987-02-16,12.15,18.4,15.72,21.59,nasa,0.99
1987-02-17,19.34,17.95,15.54,20.68,nasa,0.99
1987-02-18,4.73,19.23,16.21,24.05,nasa,0.99
1987-02-19,2.04,20.02,15.21,25.18,nasa,0.99
1987-02-20,0.17,20.31,15.93,26.06,nasa,0.98
1987-02-21,0.07,20.81,16.64,26.37,nasa,0.98
1987-02-22,0.52,20.88,16.77,26.75,nasa,0.97
1987-02-23,0.77,20.55,15.52,26.3,nasa,0.96
1987-02-24,0.84,20.61,16.16,26.78,nasa,0.96
1987-02-25,0.86,20.45,15.34,26.6,nasa,0.95
1987-02-26,0.85,20.29,15.58,26.59,nasa,0.95
1987-02-27,0.76,19.97,13.98,27.12,nasa,0.94
1987-02-28,0.98,20.45,14.35,27.83,nasa,0.93
1987-03-01,0.89,21.87,15.11,32.72,nasa,0.92
1987-03-02,0.66,21.24,15.43,28.13,nasa,0.92
1987-03-03,0.07,20.7,15.2,28.03,nasa,0.91
1987-03-04,0.48,20.96,15.03,27.19,nasa,0.9
1987-03-05,0.12,21.83,17.69,27.31,nasa,0.9
1987-03-06,0.51,22.19,16.08,28.65,nasa,0.89
1987-03-07,5.6,22.01,16.77,27.76,nasa,0.89
1987-03-08,26.75,19.74,17.57,22.93,nasa,0.9
1987-03-09,44.45,20.19,17.69,23.75,nasa,0.94
1987-03-10,15.61,19.93,17.32,22.56,nasa,0.96
1987-03-11,1.47,17.6,13.63,23.14,nasa,0.95
1987-03-12,1.7,16.45,13.42,19.84,nasa,0.94
1987-03-13,5.64,18.64,13.77,23.78,nasa,0.94
1987-03-14,2.31,19.32,15.28,24.83,nasa,0.94
1987-03-15,4.8,19.52,15.74,24.9,nasa,0.94
1987-03-16,2.41,19.01,15.67,24.26,nasa,0.93
1987-03-17,2.59,18.86,14.86,23.92,nasa,0.93
1987-03-18,3.8,18.79,15.33,24.21,nasa,0.93
1987-03-19,2.48,18.6,14.17,24.32,nasa,0.93
1987-03-20,6.78,19.05,14.14,24.62,nasa,0.92
1987-03-21,5.37,19.87,14.94,25.35,nasa,0.93
1987-03-22,1.3,21.13,17.2,26.43,nasa,0.92
1987-03-23,0.14,21.0,17.05,26.6,nasa,0.92
1987-03-24,0.02,19.87,15.59,25.89,nasa,0.91
1987-03-25,0.02,20.09,15.63,26.53,nasa,0.9
1987-03-26,0.0,21.18,14.9,27.89,nasa,0.9
1987-03-27,0.09,20.22,13.82,27.45,nasa,0.89
1987-03-28,0.11,19.13,14.66,25.53,nasa,0.89
1987-03-29,0.33,18.73,13.01,25.21,nasa,0.88
1987-03-30,0.3,19.88,14.83,25.63,nasa,0.88
1987-03-31,0.5,20.23,15.78,25.98,nasa,0.87
1987-04-01,0.48,20.46,16.36,26.12,nasa,0.87
1987-04-02,3.14,20.88,16.45,26.82,nasa,0.86
1987-04-03,21.87,19.05,15.65,23.49,nasa,0.88
1987-04-04,36.23,16.18,14.11,18.73,nasa,0.91
1987-04-05,45.36,15.9,14.04,18.5,nasa,0.95
1987-04-06,7.05,18.09,14.9,22.88,nasa,0.96
1987-04-07,4.2,19.24,15.81,24.21,nasa,0.94
1987-04-08,3.2,20.41,16.96,25.75,nasa,0.94
1987-04-09,3.1,20.61,16.17,26.19,nasa,0.93
1987-04-10,5.04,21.31,16.87,25.87,nasa,0.93
1987-04-11,1.19,20.66,16.78,25.28,nasa,0.93
1987-04-12,0.18,20.49,16.09,26.25,nasa,0.93
1987-04-13,3.88,21.3,15.81,26.67,nasa,0.92
1987-04-14,2.65,21.41,17.4,26.16,nasa,0.92
1987-04-15,0.31,20.12,15.83,26.09,nasa,0.91
1987-04-16,0.1,19.25,14.71,25.72,nasa,0.91
1987-04-17,0.2,19.08,13.53,25.3,nasa,0.9
1987-04-18,0.07,19.87,14.96,25.95,nasa,0.9
1987-04-19,0.27,19.92,15.01,25.74,nasa,0.89
1987-04-20,3.78,18.96,15.04,23.54,nasa,0.89
1987-04-21,12.47,19.03,16.35,23.11,nasa,0.9
1987-04-22,3.65,19.02,15.49,23.71,nasa,0.9
1987-04-23,2.76,19.36,15.74,24.57,nasa,0.9
1987-04-24,2.76,18.42,14.43,24.23,nasa,0.9
1987-04-25,0.52,16.07,11.84,22.99,nasa,0.9
1987-04-26,0.43,16.45,11.36,22.95,nasa,0.89
1987-04-27,1.7,17.23,13.17,23.07,nasa,0.89
1987-04-28,0.58,17.62,14.06,23.23,nasa,0.88
1987-04-29,0.13,16.63,14.24,20.07,nasa,0.88
1987-04-30,1.01,16.18,14.24,19.05,nasa,0.88
1987-05-01,2.1,17.12,11.9,22.62,nasa,0.88
1987-05-02,0.44,17.53,13.35,23.19,nasa,0.88
1987-05-03,0.5,18.49,14.41,24.06,nasa,0.87
1987-05-04,7.67,18.87,13.66,24.47,nasa,0.87
1987-05-05,8.4,19.35,16.09,23.85,nasa,0.88
1987-05-06,1.44,19.19,16.55,23.06,nasa,0.88
1987-05-07,1.49,20.01,16.29,24.44,nasa,0.88
1987-05-08,0.08,20.17,16.62,25.35,nasa,0.88
1987-05-09,7.67,17.69,11.67,22.77,nasa,0.88
1987-05-10,0.45,13.26,10.45,17.89,nasa,0.88
1987-05-11,0.29,14.65,10.42,19.8,nasa,0.87
1987-05-12,0.11,17.33,12.71,23.23,nasa,0.87
1987-05-13,0.08,18.18,12.83,24.5,nasa,0.86
1987-05-14,0.39,18.7,12.83,24.33,nasa,0.86
1987-05-15,5.58,19.0,15.74,23.85,nasa,0.86
1987-05-16,2.42,18.29,14.75,23.06,nasa,0.86
1987-05-17,6.61,15.22,12.96,19.57,nasa,0.86
1987-05-18,1.24,17.19,12.42,22.72,nasa,0.87
1987-05-19,7.45,17.48,13.42,22.44,nasa,0.87
1987-05-20,8.35,17.93,15.52,21.5,nasa,0.87
1987-05-21,7.65,18.52,15.41,22.71,nasa,0.88
1987-05-22,0.04,14.82,9.68,20.12,nasa,0.88
1987-05-23,1.75,14.79,9.15,21.54,nasa,0.87
1987-05-24,6.52,16.21,13.12,21.23,nasa,0.87
1987-05-25,2.29,11.8,7.51,15.85,nasa,0.88
1987-05-26,0.27,10.39,6.79,17.15,nasa,0.87
1987-05-27,0.67,12.32,7.14,18.95,nasa,0.87
1987-05-28,5.48,13.8,7.91,19.73,nasa,0.87
1987-05-29,1.34,14.59,9.99,20.43,nasa,0.87
1987-05-30,0.08,10.83,6.42,17.62,nasa,0.87
1987-05-31,0.09,11.59,5.58,18.63,nasa,0.86
1987-06-01,0.03,14.14,9.16,20.57,nasa,0.86
1987-06-02,0.21,13.87,7.76,20.76,nasa,0.86
1987-06-03,0.01,15.59,9.43,21.72,nasa,0.85
1987-06-04,0.01,15.46,11.8,20.07,nasa,0.85
1987-06-05,0.1,15.93,11.31,21.77,nasa,0.85
1987-06-06,6.71,15.9,11.64,21.98,nasa,0.85
1987-06-07,7.65,15.1,12.08,20.29,nasa,0.86
1987-06-08,1.9,14.78,11.01,20.03,nasa,0.86
1987-06-09,0.33,14.88,11.25,20.95,nasa,0.86
1987-06-10,0.08,15.16,10.53,21.17,nasa,0.85
1987-06-11,0.01,13.6,8.02,20.92,nasa,0.85
1987-06-12,0.28,15.2,9.02,22.03,nasa,0.85
1987-06-13,0.56,17.58,13.23,23.7,nasa,0.84
1987-06-14,3.26,18.35,14.3,23.52,nasa,0.84
1987-06-15,1.24,17.25,13.82,22.93,nasa,0.84
1987-06-16,8.03,13.98,9.02,18.1,nasa,0.85
1987-06-17,2.51,11.09,8.51,14.55,nasa,0.85
1987-06-18,0.36,13.38,8.98,19.34,nasa,0.85
1987-06-19,0.03,12.45,7.5,19.45,nasa,0.85
1987-06-20,0.01,12.24,5.78,20.32,nasa,0.84
1987-06-21,0.14,13.82,7.27,21.23,nasa,0.84
1987-06-22,3.91,15.35,11.88,19.88,nasa,0.84
1987-06-23,0.99,16.36,10.25,21.74,nasa,0.84
1987-06-24,2.55,9.8,7.5,12.94,nasa,0.84
1987-06-25,0.07,11.81,7.63,17.8,nasa,0.84
1987-06-26,0.03,12.45,8.31,19.59,nasa,0.84
1987-06-27,0.04,11.44,7.38,18.61,nasa,0.83
1987-06-28,0.08,11.18,7.79,17.4,nasa,0.83
1987-06-29,0.0,13.44,7.76,19.92,nasa,0.83
1987-06-30,0.01,14.17,9.19,20.31,nasa,0.83
1987-07-01,0.01,15.45,9.52,21.03,nasa,0.82
1987-07-02,0.0,15.5,8.88,21.81,nasa,0.82
1987-07-03,0.0,15.8,10.57,22.14,nasa,0.82
1987-07-04,0.0,16.14,9.3,22.17,nasa,0.81
1987-07-05,0.19,14.58,10.92,19.64,nasa,0.81
1987-07-06,0.14,14.14,9.69,20.7,nasa,0.81
1987-07-07,0.05,15.69,10.85,21.55,nasa,0.81
1987-07-08,0.42,16.53,10.01,22.66,nasa,0.8
1987-07-09,5.94,15.85,10.81,20.82,nasa,0.8
1987-07-10,0.14,15.53,10.08,21.67,nasa,0.81
1987-07-11,0.16,15.08,9.42,21.77,nasa,0.81
1987-07-12,0.02,17.03,10.64,23.41,nasa,0.8
1987-07-13,0.01,17.75,10.82,24.13,nasa,0.8
1987-07-14,0.0,17.98,13.1,24.2,nasa,0.79
1987-07-15,0.0,17.77,11.34,24.78,nasa,0.79
1987-07-16,0.0,17.36,10.6,24.98,nasa,0.79
1987-07-17,0.05,16.83,9.4,24.34,nasa,0.78
1987-07-18,0.01,17.16,10.41,24.15,nasa,0.78
1987-07-19,0.05,16.72,11.4,23.65,nasa,0.78
1987-07-20,0.04,16.51,11.1,23.08,nasa,0.78
1987-07-21,0.13,16.07,12.15,22.01,nasa,0.77
1987-07-22,0.31,14.14,10.61,19.82,nasa,0.77
1987-07-23,0.09,13.54,9.77,20.62,nasa,0.77
1987-07-24,0.03,14.27,7.88,21.92,nasa,0.77
1987-07-25,0.0,13.81,6.39,22.03,nasa,0.77
1987-07-26,0.02,13.93,6.65,21.69,nasa,0.76
1987-07-27,0.02,15.3,7.42,23.2,nasa,0.76
1987-07-28,0.18,15.93,8.28,23.08,nasa,0.76
1987-07-29,0.02,16.21,9.92,24.37,nasa,0.76
1987-07-30,0.28,14.58,9.29,22.76,nasa,0.75
1987-07-31,0.83,10.25,6.83,16.17,nasa,0.75
1987-08-01,0.15,10.46,6.03,17.81,nasa,0.75
1987-08-02,0.02,12.16,6.81,20.08,nasa,0.75
1987-08-03,0.03,12.81,5.78,21.25,nasa,0.74
1987-08-04,0.02,14.36,8.62,21.81,nasa,0.74
1987-08-05,0.4,15.91,8.78,23.92,nasa,0.74
1987-08-06,3.03,16.39,10.76,22.54,nasa,0.74
1987-08-07,0.0,12.75,4.03,19.07,nasa,0.74
1987-08-08,0.03,9.34,2.09,17.93,nasa,0.74
1987-08-09,0.02,10.8,3.99,20.08,nasa,0.73
1987-08-10,0.0,12.88,4.35,22.97,nasa,0.73
1987-08-11,0.01,15.42,5.64,25.13,nasa,0.73
1987-08-12,0.0,20.56,15.01,28.12,nasa,0.72
1987-08-13,0.0,19.35,11.87,28.19,nasa,0.72
1987-08-14,0.0,19.72,12.49,28.09,nasa,0.72
1987-08-15,0.0,19.37,11.85,27.37,nasa,0.71
1987-08-16,0.0,20.17,13.54,28.04,nasa,0.71
1987-08-17,0.51,18.88,12.25,26.91,nasa,0.71
1987-08-18,1.34,15.81,11.61,22.58,nasa,0.71
1987-08-19,2.89,15.57,11.21,21.14,nasa,0.71
1987-08-20,1.0,16.19,10.58,23.15,nasa,0.71
1987-08-21,0.08,12.39,7.43,20.49,nasa,0.71
1987-08-22,0.14,12.01,7.16,19.82,nasa,0.71
1987-08-23,0.09,12.79,8.17,20.87,nasa,0.7
1987-08-24,0.09,14.06,7.67,23.59,nasa,0.7
1987-08-25,0.0,15.81,7.93,24.66,nasa,0.7
1987-08-26,0.02,17.42,9.62,25.86,nasa,0.7
1987-08-27,0.02,18.96,13.19,26.85,nasa,0.69
1987-08-28,0.01,19.17,11.27,28.41,nasa,0.69
1987-08-29,0.0,20.58,12.77,28.83,nasa,0.69
1987-08-30,0.06,19.73,11.42,28.42,nasa,0.68
1987-08-31,1.0,17.41,11.77,26.68,nasa,0.68
1987-09-01,0.56,15.35,10.76,22.8,nasa,0.68
1987-09-02,0.15,17.82,10.96,26.71,nasa,0.68
1987-09-03,2.68,19.18,12.73,27.59,nasa,0.68
1987-09-04,1.48,14.79,11.05,19.81,nasa,0.68
1987-09-05,14.79,15.99,10.52,22.97,nasa,0.69
1987-09-06,4.68,17.27,12.59,24.59,nasa,0.71
1987-09-07,0.86,16.21,11.11,23.93,nasa,0.7
1987-09-08,1.37,15.16,11.29,20.78,nasa,0.7
1987-09-09,0.62,18.65,12.16,26.2,nasa,0.7
1987-09-10,0.28,20.34,12.76,28.69,nasa,0.69
1987-09-11,6.45,20.42,13.37,29.1,nasa,0.69
1987-09-12,2.16,15.74,12.23,21.54,nasa,0.7
1987-09-13,0.22,17.83,11.44,26.19,nasa,0.69
1987-09-14,0.07,20.67,13.4,29.26,nasa,0.69
1987-09-15,0.08,21.68,13.99,30.12,nasa,0.68
1987-09-16,2.02,21.79,14.69,31.05,nasa,0.68
1987-09-17,16.87,18.03,13.01,25.76,nasa,0.69
1987-09-18,15.75,19.21,13.77,25.12,nasa,0.72
1987-09-19,1.2,19.38,11.99,26.13,nasa,0.72
1987-09-20,1.72,14.71,9.8,21.86,nasa,0.71
1987-09-21,14.37,16.73,10.47,24.67,nasa,0.71
1987-09-22,6.1,17.78,14.03,22.89,nasa,0.73
1987-09-23,13.28,16.7,12.04,23.54,nasa,0.73
1987-09-24,7.24,12.98,10.58,16.03,nasa,0.75
1987-09-25,0.55,15.01,8.2,23.49,nasa,0.74
1987-09-26,0.79,17.3,10.2,24.96,nasa,0.73
1987-09-27,6.9,18.92,13.07,24.78,nasa,0.73
1987-09-28,0.89,19.01,12.1,25.77,nasa,0.73
1987-09-29,0.23,18.67,12.61,26.21,nasa,0.73
1987-09-30,0.5,20.42,13.47,28.15,nasa,0.72
1987-10-01,1.03,19.66,12.74,28.11,nasa,0.72
1987-10-02,2.41,16.89,10.83,23.63,nasa,0.72
1987-10-03,1.1,13.66,10.25,18.98,nasa,0.71
1987-10-04,0.96,15.43,10.02,22.06,nasa,0.71
1987-10-05,13.89,17.67,9.65,26.05,nasa,0.72
1987-10-06,8.43,16.05,12.64,20.47,nasa,0.74
1987-10-07,0.06,16.81,10.25,25.29,nasa,0.73
1987-10-08,0.0,18.19,9.82,27.57,nasa,0.73
1987-10-09,0.07,19.7,11.95,27.55,nasa,0.72
1987-10-10,0.0,20.76,13.69,29.4,nasa,0.71
1987-10-11,0.01,21.61,13.29,31.66,nasa,0.71
1987-10-12,0.05,22.52,13.8,31.8,nasa,0.7
1987-10-13,0.33,23.61,17.06,32.02,nasa,0.69
1987-10-14,0.21,20.37,16.02,27.37,nasa,0.69
1987-10-15,0.18,21.56,14.51,29.42,nasa,0.69
1987-10-16,0.24,23.61,15.54,31.54,nasa,0.68
1987-10-17,0.7,22.85,16.04,31.68,nasa,0.68
1987-10-18,0.78,23.2,15.21,32.46,nasa,0.68
1987-10-19,4.34,21.73,17.4,25.87,nasa,0.68
1987-10-20,2.64,18.31,14.47,24.05,nasa,0.68
1987-10-21,4.0,17.87,13.84,23.03,nasa,0.68
1987-10-22,8.83,20.99,16.56,27.36,nasa,0.69
1987-10-23,3.05,19.5,14.67,26.11,nasa,0.7
1987-10-24,8.91,18.6,15.33,22.89,nasa,0.7
1987-10-25,2.59,20.1,16.3,25.21,nasa,0.71
1987-10-26,0.71,21.38,16.17,27.18,nasa,0.71
1987-10-27,8.71,22.59,16.68,30.43,nasa,0.7
1987-10-28,12.05,21.72,16.77,27.34,nasa,0.71
1987-10-29,4.96,21.63,17.62,26.94,nasa,0.72
1987-10-30,7.3,19.98,14.81,26.94,nasa,0.72
1987-10-31,0.19,19.39,12.97,28.76,nasa,0.72
1987-11-01,0.01,18.08,9.24,27.78,nasa,0.71
1987-11-02,0.0,18.15,10.79,27.53,nasa,0.7
1987-11-03,0.01,19.43,11.05,29.14,nasa,0.7
1987-11-04,0.14,21.43,13.21,31.09,nasa,0.69
1987-11-05,0.15,23.1,15.17,31.41,nasa,0.68
1987-11-06,3.36,21.24,18.23,26.55,nasa,0.68
1987-11-07,0.59,22.89,18.36,29.9,nasa,0.68
1987-11-08,6.01,22.2,17.37,28.27,nasa,0.68
1987-11-09,3.83,22.0,16.12,29.29,nasa,0.69
1987-11-10,2.43,19.09,13.51,27.16,nasa,0.69
1987-11-11,1.13,19.11,14.07,26.22,nasa,0.68
1987-11-12,1.27,19.39,13.78,26.85,nasa,0.68
1987-11-13,2.29,20.54,15.05,28.05,nasa,0.68
1987-11-14,10.75,20.12,16.25,25.56,nasa,0.68
1987-11-15,26.0,19.23,17.52,22.5,nasa,0.71
1987-11-16,29.45,19.47,17.43,22.88,nasa,0.77
1987-11-17,0.43,21.56,15.08,28.64,nasa,0.76
1987-11-18,0.24,22.02,14.79,29.05,nasa,0.74
1987-11-19,0.84,22.15,15.81,30.08,nasa,0.73
1987-11-20,1.61,21.4,16.52,28.47,nasa,0.72
1987-11-21,14.31,18.95,16.53,22.25,nasa,0.72
1987-11-22,4.61,20.18,15.52,25.21,nasa,0.74
1987-11-23,0.91,19.08,14.0,26.77,nasa,0.73
1987-11-24,3.37,19.31,12.48,26.55,nasa,0.73
1987-11-25,7.28,20.2,16.59,25.4,nasa,0.73
1987-11-26,3.99,20.97,18.44,25.67,nasa,0.73
1987-11-27,3.83,21.84,16.43,28.49,nasa,0.73
1987-11-28,2.16,20.43,14.88,27.55,nasa,0.73
1987-11-29,5.22,20.77,15.51,27.46,nasa,0.72
1987-11-30,1.58,22.15,15.6,29.27,nasa,0.72
1987-12-01,3.22,22.44,16.52,28.68,nasa,0.72
1987-12-02,6.99,21.83,17.74,26.74,nasa,0.72
1987-12-03,9.72,20.37,16.29,24.79,nasa,0.73
1987-12-04,18.02,19.16,15.76,23.35,nasa,0.74
1987-12-05,36.85,19.62,17.76,22.08,nasa,0.78
1987-12-06,34.67,20.5,17.6,25.18,nasa,0.82
1987-12-07,7.12,21.5,16.06,27.02,nasa,0.83
1987-12-08,17.77,21.45,15.77,26.7,nasa,0.82
1987-12-09,14.18,23.16,18.27,28.11,nasa,0.83
1987-12-10,12.02,21.98,18.0,27.71,nasa,0.83
1987-12-11,15.03,20.77,16.12,26.14,nasa,0.83
1987-12-12,7.91,20.29,18.31,24.04,nasa,0.84
1987-12-13,16.83,19.13,15.06,23.1,nasa,0.84
1987-12-14,2.91,19.74,14.49,25.71,nasa,0.85
1987-12-15,1.11,20.13,17.13,25.28,nasa,0.84
1987-12-16,0.83,20.47,16.13,26.75,nasa,0.83
1987-12-17,5.39,19.68,15.19,24.19,nasa,0.82
1987-12-18,20.68,20.82,18.04,25.34,nasa,0.83
1987-12-19,13.21,20.67,16.4,27.17,nasa,0.85
1987-12-20,10.71,19.54,15.51,24.75,nasa,0.85
1987-12-21,8.96,20.6,15.47,26.79,nasa,0.86
1987-12-22,9.93,20.67,15.92,26.58,nasa,0.86
1987-12-23,0.61,19.23,13.57,26.36,nasa,0.85
1987-12-24,1.05,19.27,13.62,25.65,nasa,0.84
1987-12-25,2.02,18.47,13.71,23.62,nasa,0.83
1987-12-26,1.4,18.84,14.99,22.42,nasa,0.83
1987-12-27,3.18,21.42,17.35,26.66,nasa,0.83
1987-12-28,6.9,20.66,18.41,24.0,nasa,0.83
1987-12-29,5.1,21.34,17.27,26.94,nasa,0.84
1987-12-30,14.25,21.01,18.0,24.21,nasa,0.84
1987-12-31,28.43,21.53,19.22,24.77,nasa,0.86
1988-01-01,5.79,22.7,17.39,28.32,nasa,0.87
1988-01-02,4.55,20.63,14.96,26.42,nasa,0.86
1988-01-03,2.65,19.76,15.84,24.43,nasa,0.86
1988-01-04,8.7,21.6,17.14,27.58,nasa,0.86
1988-01-05,16.88,21.65,19.53,24.55,nasa,0.87
1988-01-06,12.72,21.48,18.27,26.31,nasa,0.88
1988-01-07,37.81,19.44,17.27,22.21,nasa,0.9
1988-01-08,15.31,18.85,16.53,22.39,nasa,0.91
1988-01-09,15.73,17.98,15.92,20.94,nasa,0.92
1988-01-10,18.02,18.43,16.67,20.53,nasa,0.93
1988-01-11,9.67,19.24,16.21,22.66,nasa,0.93
1988-01-12,5.64,19.44,15.76,24.57,nasa,0.93
1988-01-13,5.2,20.57,18.6,23.89,nasa,0.92
1988-01-14,1.04,21.73,17.28,27.23,nasa,0.92
1988-01-15,4.24,22.91,16.99,29.3,nasa,0.91
1988-01-16,5.69,23.32,17.75,29.39,nasa,0.91
1988-01-17,2.23,23.31,18.26,29.47,nasa,0.91
1988-01-18,1.48,23.09,17.33,29.63,nasa,0.9
1988-01-19,0.96,23.78,17.49,30.24,nasa,0.89
1988-01-20,1.51,23.83,18.6,29.94,nasa,0.89
1988-01-21,1.96,23.02,18.13,28.59,nasa,0.88
1988-01-22,4.08,23.29,17.6,29.06,nasa,0.88
1988-01-23,10.43,22.49,18.84,26.94,nasa,0.88
1988-01-24,6.46,21.93,18.29,25.64,nasa,0.89
1988-01-25,2.53,22.31,17.94,27.93,nasa,0.88
1988-01-26,1.24,22.2,17.09,28.21,nasa,0.88
1988-01-27,3.87,22.13,17.47,27.43,nasa,0.87
1988-01-28,7.56,21.96,18.63,25.88,nasa,0.87
1988-01-29,5.44,22.55,18.5,27.49,nasa,0.88
1988-01-30,7.3,23.34,19.65,27.92,nasa,0.88
1988-01-31,6.21,21.86,19.02,25.09,nasa,0.88
1988-02-01,19.0,20.65,17.29,24.94,nasa,0.89
1988-02-02,6.48,19.9,16.41,25.51,nasa,0.9
1988-02-03,4.75,21.38,17.57,27.21,nasa,0.89
1988-02-04,17.77,20.58,17.24,24.99,nasa,0.9
1988-02-05,20.32,19.83,16.14,24.54,nasa,0.92
1988-02-06,8.83,19.98,15.45,25.73,nasa,0.92
1988-02-07,19.39,19.77,16.61,23.65,nasa,0.92
1988-02-08,14.93,19.69,17.53,22.48,nasa,0.94
1988-02-09,7.32,21.1,17.62,25.23,nasa,0.94
1988-02-10,20.15,20.59,18.5,23.67,nasa,0.94
1988-02-11,18.42,20.58,16.85,24.97,nasa,0.96
1988-02-12,8.18,19.63,15.82,24.73,nasa,0.96
1988-02-13,3.46,19.78,14.75,25.54,nasa,0.95
1988-02-14,19.63,20.2,15.58,24.92,nasa,0.95
1988-02-15,3.49,20.18,17.85,24.0,nasa,0.96
1988-02-16,7.89,20.15,17.7,23.87,nasa,0.96
1988-02-17,11.4,20.99,17.25,25.6,nasa,0.96
1988-02-18,16.62,21.88,18.08,26.57,nasa,0.96
1988-02-19,35.51,21.21,18.46,25.23,nasa,0.97
1988-02-20,6.19,21.28,17.23,26.12,nasa,0.98
1988-02-21,11.08,21.55,16.78,27.07,nasa,0.97
1988-02-22,5.54,21.47,17.6,27.04,nasa,0.97
1988-02-23,1.43,21.29,16.59,27.19,nasa,0.97
1988-02-24,0.84,21.43,17.61,26.25,nasa,0.96
1988-02-25,9.04,21.82,17.8,27.33,nasa,0.96
1988-02-26,6.17,22.02,17.28,27.96,nasa,0.96
1988-02-27,3.58,21.92,17.3,27.35,nasa,0.96
1988-02-28,1.0,22.05,17.71,27.54,nasa,0.96
1988-02-29,4.44,20.99,18.26,24.21,nasa,0.95
1988-03-01,14.57,20.21,17.29,24.24,nasa,0.96
1988-03-02,23.33,20.89,16.28,26.01,nasa,0.97
1988-03-03,17.44,20.41,18.0,22.77,nasa,0.98
1988-03-04,12.34,21.46,18.24,26.33,nasa,0.98
1988-03-05,1.64,21.04,17.37,26.96,nasa,0.98
1988-03-06,1.14,22.17,17.9,28.39,nasa,0.97
1988-03-07,2.77,20.88,17.8,25.28,nasa,0.97
1988-03-08,1.66,19.57,15.69,25.49,nasa,0.96
1988-03-09,4.5,18.96,15.43,24.61,nasa,0.96
1988-03-10,1.29,18.65,14.66,24.37,nasa,0.96
1988-03-11,0.1,18.6,14.41,25.01,nasa,0.95
1988-03-12,0.04,18.23,13.63,24.33,nasa,0.94
1988-03-13,0.24,18.87,13.64,24.64,nasa,0.94
1988-03-14,0.31,19.65,14.53,25.22,nasa,0.93
1988-03-15,1.28,20.31,15.31,26.18,nasa,0.93
1988-03-16,24.65,21.36,17.56,26.29,nasa,0.94
1988-03-17,15.93,20.22,18.22,23.19,nasa,0.95
1988-03-18,34.5,20.74,18.05,24.55,nasa,0.97
1988-03-19,8.61,21.13,16.24,26.94,nasa,0.97
1988-03-20,0.58,18.75,14.24,25.22,nasa,0.97
1988-03-21,0.0,16.69,11.28,23.68,nasa,0.96
1988-03-22,0.0,16.73,11.37,23.73,nasa,0.95
1988-03-23,0.0,18.16,11.51,25.63,nasa,0.95
1988-03-24,0.03,18.77,12.76,26.33,nasa,0.94
1988-03-25,0.44,18.15,12.11,25.58,nasa,0.93
1988-03-26,0.35,19.68,14.4,26.6,nasa,0.93
1988-03-27,0.5,20.13,15.14,25.93,nasa,0.92
1988-03-28,0.13,21.36,16.1,26.83,nasa,0.91
1988-03-29,0.81,20.86,15.75,26.08,nasa,0.91
1988-03-30,0.11,20.57,13.25,27.58,nasa,0.9
1988-03-31,1.27,20.96,15.77,26.91,nasa,0.9
1988-04-01,4.61,21.8,17.52,27.1,nasa,0.9
1988-04-02,10.94,20.66,16.31,26.61,nasa,0.9
1988-04-03,1.13,19.31,15.43,24.92,nasa,0.9
1988-04-04,0.84,20.05,16.11,25.39,nasa,0.9
1988-04-05,0.5,20.04,16.06,24.98,nasa,0.89
1988-04-06,1.12,19.76,15.07,25.71,nasa,0.89
1988-04-07,4.81,20.36,15.86,25.88,nasa,0.89
1988-04-08,1.24,19.43,16.58,23.56,nasa,0.89
1988-04-09,0.25,15.64,12.21,20.73,nasa,0.88
1988-04-10,0.07,17.48,10.83,25.05,nasa,0.88
1988-04-11,1.41,19.19,13.44,25.05,nasa,0.87
1988-04-12,4.56,20.28,16.58,25.38,nasa,0.87
1988-04-13,20.95,18.89,16.95,21.97,nasa,0.88
1988-04-14,2.32,18.42,14.87,23.08,nasa,0.89
1988-04-15,0.3,17.83,13.16,24.01,nasa,0.89
1988-04-16,2.2,17.48,14.22,21.39,nasa,0.88
1988-04-17,5.05,19.38,16.07,24.67,nasa,0.88
1988-04-18,2.27,18.57,14.75,23.68,nasa,0.88
1988-04-19,1.39,18.42,15.31,22.64,nasa,0.88
1988-04-20,1.65,19.36,15.93,24.51,nasa,0.88
1988-04-21,2.57,19.52,14.83,25.2,nasa,0.87
1988-04-22,2.38,20.72,14.9,26.17,nasa,0.87
1988-04-23,5.97,21.07,17.97,25.82,nasa,0.87
1988-04-24,1.0,19.61,16.86,24.28,nasa,0.87
1988-04-25,0.79,19.73,15.79,24.12,nasa,0.87
1988-04-26,4.99,20.74,16.85,25.88,nasa,0.87
1988-04-27,4.3,20.7,15.81,25.8,nasa,0.87
1988-04-28,6.56,17.06,13.48,19.8,nasa,0.87
1988-04-29,2.35,15.16,12.37,19.7,nasa,0.87
1988-04-30,1.05,14.54,11.33,19.78,nasa,0.87
1988-05-01,0.13,15.36,10.44,21.52,nasa,0.86
1988-05-02,0.07,17.04,10.95,23.03,nasa,0.86
1988-05-03,0.06,18.58,13.14,24.98,nasa,0.86
1988-05-04,1.51,19.05,13.92,25.02,nasa,0.85
1988-05-05,3.58,18.18,14.12,23.7,nasa,0.85
1988-05-06,1.03,16.96,13.56,22.44,nasa,0.85
1988-05-07,0.3,18.06,13.0,24.13,nasa,0.85
1988-05-08,0.62,18.45,14.34,23.89,nasa,0.84
1988-05-09,0.28,16.34,12.24,21.99,nasa,0.84
1988-05-10,0.01,15.42,9.88,22.14,nasa,0.84
1988-05-11,0.01,16.04,11.16,22.07,nasa,0.83
1988-05-12,1.66,17.25,11.68,23.28,nasa,0.83
1988-05-13,1.69,17.4,13.33,23.19,nasa,0.83
1988-05-14,2.09,17.83,14.5,23.07,nasa,0.83
1988-05-15,3.38,17.7,13.71,23.3,nasa,0.83
1988-05-16,3.54,17.62,13.21,23.22,nasa,0.83
1988-05-17,13.05,16.19,14.04,19.35,nasa,0.84
1988-05-18,10.06,17.31,14.07,22.55,nasa,0.85
1988-05-19,1.05,17.63,12.31,23.31,nasa,0.85
1988-05-20,0.09,18.86,15.11,23.81,nasa,0.84
1988-05-21,2.17,18.55,13.06,23.69,nasa,0.84
1988-05-22,2.25,19.08,14.54,24.03,nasa,0.84
1988-05-23,0.81,18.04,13.95,23.53,nasa,0.83
1988-05-24,6.76,17.49,14.47,21.65,nasa,0.83
1988-05-25,2.06,14.85,11.95,18.49,nasa,0.84
1988-05-26,0.69,13.81,11.05,18.08,nasa,0.84
1988-05-27,0.25,14.99,10.81,20.55,nasa,0.84
1988-05-28,0.51,15.4,10.61,21.35,nasa,0.83
1988-05-29,10.82,15.68,11.18,21.25,nasa,0.83
1988-05-30,8.57,16.67,13.86,21.08,nasa,0.85
1988-05-31,1.89,14.0,9.11,18.96,nasa,0.85
1988-06-01,0.06,9.2,4.64,15.84,nasa,0.84
1988-06-02,0.51,10.66,3.63,18.11,nasa,0.84
1988-06-03,5.85,14.48,9.26,20.82,nasa,0.84
1988-06-04,11.78,14.44,10.85,17.61,nasa,0.85
1988-06-05,0.0,9.14,3.0,16.79,nasa,0.85
1988-06-06,0.28,11.77,2.59,20.06,nasa,0.85
1988-06-07,0.02,15.67,10.32,21.79,nasa,0.84
1988-06-08,0.02,17.07,12.25,23.55,nasa,0.84
1988-06-09,0.04,17.23,12.33,23.27,nasa,0.84
1988-06-10,0.36,16.61,12.19,22.77,nasa,0.83
1988-06-11,0.43,14.08,10.73,18.9,nasa,0.83
1988-06-12,0.1,14.93,11.06,20.77,nasa,0.83
1988-06-13,0.18,14.56,9.56,20.35,nasa,0.82
1988-06-14,7.43,14.93,11.05,19.76,nasa,0.83
1988-06-15,0.8,11.47,8.51,15.79,nasa,0.83
1988-06-16,0.03,10.75,7.08,17.05,nasa,0.83
1988-06-17,0.02,9.84,5.74,16.43,nasa,0.82
1988-06-18,0.01,9.76,5.33,17.01,nasa,0.82
1988-06-19,0.01,10.14,4.88,17.1,nasa,0.82
1988-06-20,0.0,12.17,6.43,19.56,nasa,0.82
1988-06-21,0.09,15.09,9.76,21.95,nasa,0.81
1988-06-22,0.04,16.71,10.5,24.0,nasa,0.81
1988-06-23,0.01,16.22,12.26,23.38,nasa,0.81
1988-06-24,0.16,16.15,11.08,23.06,nasa,0.8
1988-06-25,1.82,14.42,10.59,19.61,nasa,0.8
1988-06-26,0.91,11.42,8.71,16.31,nasa,0.8
1988-06-27,0.15,12.27,8.74,17.42,nasa,0.8
1988-06-28,0.0,14.54,9.26,21.25,nasa,0.8
1988-06-29,0.0,16.31,11.84,22.63,nasa,0.8
1988-06-30,0.0,15.19,10.6,21.46,nasa,0.79
1988-07-01,0.01,13.47,9.38,20.09,nasa,0.79
1988-07-02,0.0,14.06,9.14,21.03,nasa,0.79
1988-07-03,0.0,13.22,7.16,20.95,nasa,0.79
1988-07-04,0.0,14.36,8.72,21.42,nasa,0.78
1988-07-05,0.02,15.36,8.96,22.03,nasa,0.78
1988-07-06,0.0,15.17,8.51,22.09,nasa,0.78
1988-07-07,0.0,15.46,10.56,21.74,nasa,0.78
1988-07-08,0.23,14.21,9.96,20.53,nasa,0.77
1988-07-09,0.1,13.68,9.47,19.86,nasa,0.77
1988-07-10,0.13,13.94,9.65,20.23,nasa,0.77
1988-07-11,0.42,12.79,9.73,17.13,nasa,0.77
1988-07-12,0.67,9.21,5.15,14.43,nasa,0.77
1988-07-13,0.44,7.98,4.4,14.01,nasa,0.77
1988-07-14,0.18,8.28,5.13,14.28,nasa,0.77
1988-07-15,0.02,8.91,5.47,14.9,nasa,0.77
1988-07-16,0.03,10.22,6.2,16.99,nasa,0.76
1988-07-17,0.01,10.84,6.54,17.44,nasa,0.76
1988-07-18,0.0,11.3,7.35,17.89,nasa,0.76
1988-07-19,0.01,11.23,6.53,18.27,nasa,0.76
1988-07-20,0.0,11.99,5.8,20.0,nasa,0.76
1988-07-21,0.0,13.07,8.22,20.71,nasa,0.75
1988-07-22,0.0,14.48,7.88,22.04,nasa,0.75
1988-07-23,0.0,16.31,11.63,21.68,nasa,0.75
1988-07-24,0.04,15.92,10.46,22.84,nasa,0.75
1988-07-25,0.02,9.28,2.96,15.39,nasa,0.74
1988-07-26,0.04,8.66,2.87,15.94,nasa,0.74
1988-07-27,0.05,9.3,5.1,16.69,nasa,0.74
1988-07-28,0.02,9.68,5.4,17.55,nasa,0.74
1988-07-29,0.0,10.94,5.73,18.82,nasa,0.74
1988-07-30,0.0,10.97,6.8,18.26,nasa,0.74
1988-07-31,0.0,10.96,6.62,18.75,nasa,0.73
1988-08-01,0.0,10.95,5.69,19.09,nasa,0.73
1988-08-02,0.0,12.34,5.57,20.39,nasa,0.73
1988-08-03,0.01,12.03,4.88,20.53,nasa,0.73
1988-08-04,0.13,12.77,7.45,20.78,nasa,0.72
1988-08-05,0.04,14.0,7.76,21.49,nasa,0.72
1988-08-06,0.03,14.73,9.53,20.88,nasa,0.72
1988-08-07,0.02,15.24,9.68,22.21,nasa,0.72
1988-08-08,0.0,16.31,9.39,23.91,nasa,0.72
1988-08-09,0.01,17.56,11.41,25.18,nasa,0.71
1988-08-10,0.11,12.45,7.68,19.74,nasa,0.71
1988-08-11,0.19,11.46,7.37,18.68,nasa,0.71
1988-08-12,0.08,12.32,7.76,20.11,nasa,0.71
1988-08-13,0.03,13.07,7.81,21.57,nasa,0.71
1988-08-14,0.0,12.49,7.87,20.72,nasa,0.7
1988-08-15,0.0,13.4,7.92,21.56,nasa,0.7
1988-08-16,0.0,13.84,6.84,22.85,nasa,0.7
1988-08-17,0.0,14.96,7.83,23.73,nasa,0.7
1988-08-18,0.0,14.74,9.69,22.91,nasa,0.69
1988-08-19,0.0,14.59,8.3,23.46,nasa,0.69
1988-08-20,0.01,16.14,9.22,24.05,nasa,0.69
1988-08-21,0.08,17.55,11.76,25.34,nasa,0.69
1988-08-22,0.22,16.03,10.45,24.51,nasa,0.68
1988-08-23,0.01,16.42,10.12,25.48,nasa,0.68
1988-08-24,0.0,16.54,8.46,25.87,nasa,0.68
1988-08-25,0.0,17.79,8.55,26.59,nasa,0.67
1988-08-26,0.0,18.94,12.42,27.88,nasa,0.67
1988-08-27,0.02,18.44,9.18,28.82,nasa,0.67
1988-08-28,0.02,18.32,10.66,28.83,nasa,0.67
1988-08-29,0.01,17.91,8.77,28.44,nasa,0.66
1988-08-30,0.0,18.43,9.39,28.83,nasa,0.66
1988-08-31,0.0,19.96,11.73,29.74,nasa,0.66
1988-09-01,0.01,19.44,10.93,28.83,nasa,0.66
1988-09-02,0.46,17.75,11.97,27.4,nasa,0.65
1988-09-03,0.32,15.06,10.34,22.53,nasa,0.65
1988-09-04,0.2,16.05,10.13,23.74,nasa,0.65
1988-09-05,0.06,15.41,10.83,23.21,nasa,0.65
1988-09-06,0.0,15.41,9.4,24.98,nasa,0.65
1988-09-07,0.0,15.91,6.35,26.52,nasa,0.65
1988-09-08,0.0,17.86,8.75,29.03,nasa,0.65
1988-09-09,0.0,18.74,9.72,29.35,nasa,0.65
1988-09-10,0.0,19.22,9.79,29.5,nasa,0.64
1988-09-11,0.0,19.45,9.84,29.14,nasa,0.64
1988-09-12,0.0,21.02,10.74,30.9,nasa,0.64
1988-09-13,0.0,21.19,12.08,31.74,nasa,0.64
1988-09-14,1.89,21.45,14.11,30.05,nasa,0.63
1988-09-15,1.39,17.16,12.18,24.84,nasa,0.64
1988-09-16,1.17,16.06,10.57,24.23,nasa,0.64
1988-09-17,6.5,17.58,11.28,25.38,nasa,0.64
1988-09-18,7.72,17.43,13.55,23.61,nasa,0.66
1988-09-19,0.74,18.06,12.21,25.97,nasa,0.66
1988-09-20,0.1,19.4,12.82,28.57,nasa,0.65
1988-09-21,0.0,20.96,13.91,29.14,nasa,0.65
1988-09-22,0.0,21.72,13.24,30.06,nasa,0.65
1988-09-23,0.0,23.36,15.26,31.79,nasa,0.64
1988-09-24,0.01,24.11,16.73,32.2,nasa,0.64
1988-09-25,0.08,23.61,15.79,32.4,nasa,0.64
1988-09-26,0.89,23.52,14.57,33.81,nasa,0.63
1988-09-27,0.34,24.0,14.85,33.73,nasa,0.63
1988-09-28,6.67,21.73,13.37,32.13,nasa,0.63
1988-09-29,12.17,16.0,11.31,24.33,nasa,0.65
1988-09-30,0.87,15.63,11.31,20.72,nasa,0.66
1988-10-01,0.35,19.08,12.74,26.95,nasa,0.65
1988-10-02,0.54,21.3,14.23,30.0,nasa,0.65
1988-10-03,0.83,22.14,15.38,29.61,nasa,0.65
1988-10-04,9.3,21.83,14.38,29.65,nasa,0.65
1988-10-05,14.16,20.12,16.22,26.01,nasa,0.67
1988-10-06,9.76,17.75,13.85,24.05,nasa,0.68
1988-10-07,1.54,17.18,12.33,25.13,nasa,0.68
1988-10-08,0.1,18.38,10.79,27.46,nasa,0.68
1988-10-09,0.08,19.6,11.66,28.76,nasa,0.67
1988-10-10,2.5,17.03,12.87,22.69,nasa,0.67
1988-10-11,4.79,16.42,11.67,23.77,nasa,0.67
1988-10-12,21.77,15.5,11.96,20.96,nasa,0.68
1988-10-13,5.08,18.25,12.36,25.78,nasa,0.7
1988-10-14,0.6,17.18,11.12,24.89,nasa,0.7
1988-10-15,0.13,18.4,9.92,27.32,nasa,0.69
1988-10-16,1.47,17.76,10.9,27.06,nasa,0.68
1988-10-17,20.03,17.36,12.82,25.45,nasa,0.69
1988-10-18,3.8,18.8,13.14,26.76,nasa,0.71
1988-10-19,19.31,20.18,13.91,26.47,nasa,0.71
1988-10-20,5.05,21.04,15.29,27.16,nasa,0.72
1988-10-21,11.68,19.52,13.5,25.88,nasa,0.72
1988-10-22,4.73,17.71,12.89,24.13,nasa,0.73
1988-10-23,3.3,19.15,14.1,25.26,nasa,0.72
1988-10-24,3.0,19.81,14.92,27.51,nasa,0.72
1988-10-25,18.35,20.06,14.47,26.37,nasa,0.73
1988-10-26,6.29,21.27,16.36,26.84,nasa,0.74
1988-10-27,7.89,15.35,11.67,22.39,nasa,0.74
1988-10-28,5.95,15.34,11.05,19.84,nasa,0.75
1988-10-29,1.67,19.26,13.14,26.32,nasa,0.74
1988-10-30,6.29,20.09,16.45,25.69,nasa,0.74
1988-10-31,8.2,21.03,16.31,27.5,nasa,0.74
1988-11-01,21.88,19.37,13.8,25.95,nasa,0.75
1988-11-02,2.03,14.35,10.84,18.91,nasa,0.77
1988-11-03,1.98,14.83,9.96,22.71,nasa,0.76
1988-11-04,7.14,13.12,9.91,18.04,nasa,0.76
1988-11-05,5.3,13.89,9.69,19.48,nasa,0.76
1988-11-06,2.54,15.89,10.82,21.71,nasa,0.76
1988-11-07,9.52,18.03,13.68,24.41,nasa,0.76
1988-11-08,1.37,19.05,14.73,24.47,nasa,0.76
1988-11-09,2.19,19.17,15.38,23.63,nasa,0.76
1988-11-10,1.06,21.24,14.74,29.17,nasa,0.75
1988-11-11,1.83,20.76,14.77,28.26,nasa,0.74
1988-11-12,0.79,21.42,15.49,28.87,nasa,0.74
1988-11-13,10.15,21.54,15.48,27.72,nasa,0.74
1988-11-14,10.96,19.75,15.9,24.29,nasa,0.75
1988-11-15,4.02,19.51,13.61,26.73,nasa,0.76
1988-11-16,1.74,19.01,14.14,26.29,nasa,0.75
1988-11-17,0.23,18.8,13.36,25.68,nasa,0.74
1988-11-18,0.1,19.42,14.28,26.08,nasa,0.74
1988-11-19,1.38,20.83,13.89,28.01,nasa,0.73
1988-11-20,6.95,20.05,15.87,24.34,nasa,0.73
1988-11-21,13.26,20.17,16.37,25.65,nasa,0.74
1988-11-22,7.84,20.46,16.27,26.03,nasa,0.75
1988-11-23,8.25,21.26,15.34,28.29,nasa,0.76
1988-11-24,2.92,17.04,13.43,22.51,nasa,0.76
1988-11-25,1.1,18.5,12.18,26.11,nasa,0.75
1988-11-26,10.83,19.56,12.74,26.46,nasa,0.75
1988-11-27,14.66,20.51,15.7,26.18,nasa,0.76
1988-11-28,2.02,16.91,11.37,24.42,nasa,0.77
1988-11-29,0.15,16.38,10.06,23.56,nasa,0.76
1988-11-30,0.78,17.61,11.12,24.3,nasa,0.75
1988-12-01,5.14,18.94,12.76,25.08,nasa,0.74
1988-12-02,5.59,19.65,16.01,25.09,nasa,0.75
1988-12-03,0.09,19.15,13.87,25.89,nasa,0.75
1988-12-04,0.04,18.5,11.36,26.37,nasa,0.74
1988-12-05,0.07,19.49,13.35,27.14,nasa,0.73
1988-12-06,0.12,20.28,13.62,28.59,nasa,0.72
1988-12-07,0.17,19.82,12.86,27.64,nasa,0.71
1988-12-08,0.16,20.45,13.34,29.17,nasa,0.71
1988-12-09,4.37,21.04,13.76,29.05,nasa,0.7
1988-12-10,10.89,21.51,16.36,27.35,nasa,0.71
1988-12-11,5.27,21.78,17.82,27.67,nasa,0.72
1988-12-12,5.43,21.81,16.27,28.24,nasa,0.72
1988-12-13,5.39,21.91,17.23,27.93,nasa,0.72
1988-12-14,10.54,20.4,17.77,23.69,nasa,0.73
1988-12-15,6.71,20.61,17.03,25.22,nasa,0.74
1988-12-16,2.1,20.69,15.69,27.63,nasa,0.74
1988-12-17,2.18,18.95,14.71,24.57,nasa,0.73
1988-12-18,3.17,19.74,15.42,24.03,nasa,0.73
1988-12-19,5.85,21.61,17.12,27.09,nasa,0.73
1988-12-20,12.55,20.82,16.46,26.68,nasa,0.73
1988-12-21,18.97,19.5,16.08,23.14,nasa,0.76
1988-12-22,16.09,17.85,15.12,20.93,nasa,0.77
1988-12-23,38.89,19.71,15.76,24.96,nasa,0.8
1988-12-24,11.1,19.78,16.42,23.71,nasa,0.82
1988-12-25,14.09,19.64,17.13,23.53,nasa,0.82
1988-12-26,5.07,20.0,15.89,23.93,nasa,0.82
1988-12-27,4.4,21.3,16.89,25.76,nasa,0.81
1988-12-28,4.58,21.86,17.89,25.99,nasa,0.81
1988-12-29,9.24,23.45,17.77,29.75,nasa,0.81
1988-12-30,16.67,22.46,18.01,27.68,nasa,0.81
1988-12-31,6.96,20.85,17.52,24.63,nasa,0.82
1989-01-01,18.3,18.99,16.02,22.53,nasa,0.83
1989-01-02,10.81,20.43,15.06,26.42,nasa,0.84
1989-01-03,13.93,19.32,16.18,23.13,nasa,0.84
1989-01-04,24.86,18.45,16.39,21.17,nasa,0.86
1989-01-05,22.65,18.94,16.43,23.06,nasa,0.88
1989-01-06,14.76,18.48,15.93,21.72,nasa,0.89
1989-01-07,21.99,18.15,15.85,20.93,nasa,0.9
1989-01-08,12.87,19.38,16.61,23.37,nasa,0.91
1989-01-09,15.28,18.96,16.56,22.54,nasa,0.91
1989-01-10,18.75,18.57,15.24,23.07,nasa,0.92
1989-01-11,11.58,20.29,15.11,25.76,nasa,0.92
1989-01-12,11.86,20.03,17.06,23.78,nasa,0.92
1989-01-13,12.19,19.52,17.24,22.78,nasa,0.92
1989-01-14,15.9,20.27,15.72,24.8,nasa,0.93
1989-01-15,10.42,20.49,16.59,25.92,nasa,0.94
1989-01-16,5.49,20.59,16.89,25.24,nasa,0.93
1989-01-17,10.22,20.11,17.27,24.82,nasa,0.93
1989-01-18,11.84,21.81,17.04,26.82,nasa,0.94
1989-01-19,6.85,21.17,16.96,25.8,nasa,0.94
1989-01-20,6.9,20.31,17.65,24.14,nasa,0.94
1989-01-21,0.82,21.77,15.91,27.25,nasa,0.93
1989-01-22,1.55,21.38,15.71,27.44,nasa,0.92
1989-01-23,7.05,19.85,16.78,24.0,nasa,0.92
1989-01-24,0.92,20.82,16.87,26.48,nasa,0.92
1989-01-25,0.23,20.17,16.57,25.82,nasa,0.92
1989-01-26,0.23,20.96,15.3,27.3,nasa,0.91
1989-01-27,3.45,20.75,15.48,25.91,nasa,0.91
1989-01-28,0.59,20.52,15.67,26.23,nasa,0.9
1989-01-29,0.1,20.47,15.2,27.1,nasa,0.9
1989-01-30,0.03,20.67,15.84,27.19,nasa,0.89
1989-01-31,0.17,21.29,14.82,27.74,nasa,0.88
1989-02-01,3.09,20.61,18.64,23.21,nasa,0.88
1989-02-02,18.2,19.5,15.4,23.25,nasa,0.89
1989-02-03,4.83,19.56,14.31,25.79,nasa,0.9
1989-02-04,8.67,20.47,17.22,25.64,nasa,0.9
1989-02-05,3.8,18.56,15.57,23.15,nasa,0.9
1989-02-06,6.85,19.4,15.11,25.16,nasa,0.9
1989-02-07,18.04,19.51,16.01,23.27,nasa,0.91
1989-02-08,28.19,20.47,17.56,24.96,nasa,0.92
1989-02-09,27.48,19.75,17.15,23.81,nasa,0.94
1989-02-10,19.88,19.4,16.74,22.85,nasa,0.96
1989-02-11,13.83,20.07,16.08,23.88,nasa,0.96
1989-02-12,5.99,20.46,17.17,24.84,nasa,0.96
1989-02-13,21.31,19.85,16.81,23.99,nasa,0.96
1989-02-14,12.46,19.88,17.45,23.76,nasa,0.97
1989-02-15,14.18,20.16,17.24,24.79,nasa,0.98
1989-02-16,3.73,20.2,16.65,24.48,nasa,0.97
1989-02-17,6.54,21.57,17.12,27.03,nasa,0.97
1989-02-18,8.42,21.91,17.18,27.39,nasa,0.97
1989-02-19,3.2,21.47,15.91,27.39,nasa,0.96
1989-02-20,1.91,21.34,15.5,27.66,nasa,0.96
1989-02-21,1.58,21.59,17.1,26.46,nasa,0.95
1989-02-22,2.05,21.67,17.5,25.77,nasa,0.95
1989-02-23,6.73,21.84,18.28,26.49,nasa,0.95
1989-02-24,17.06,21.03,17.78,25.38,nasa,0.95
1989-02-25,7.21,21.16,16.34,26.58,nasa,0.96
1989-02-26,3.82,21.54,16.64,26.51,nasa,0.96
1989-02-27,4.96,21.9,17.55,27.44,nasa,0.95
1989-02-28,6.9,21.79,17.41,27.33,nasa,0.95
1989-03-01,13.36,20.18,17.38,24.56,nasa,0.95
1989-03-02,29.13,19.49,16.57,23.92,nasa,0.98
1989-03-03,10.01,19.67,17.03,23.43,nasa,0.98
1989-03-04,8.61,20.88,15.62,26.48,nasa,0.98
1989-03-05,10.02,20.96,16.32,26.4,nasa,0.98
1989-03-06,5.74,21.28,16.58,27.27,nasa,0.97
1989-03-07,4.07,18.49,17.03,20.35,nasa,0.97
1989-03-08,11.92,20.4,16.22,25.22,nasa,0.97
1989-03-09,3.93,21.91,17.37,27.57,nasa,0.97
1989-03-10,0.56,19.96,15.34,26.76,nasa,0.97
1989-03-11,0.54,19.75,13.25,26.41,nasa,0.96
1989-03-12,10.71,21.05,16.03,26.89,nasa,0.96
1989-03-13,32.27,21.14,18.52,25.53,nasa,0.97
1989-03-14,16.54,20.08,17.69,24.32,nasa,0.98
1989-03-15,28.12,19.87,17.31,23.22,nasa,0.99
1989-03-16,4.18,19.91,17.25,24.14,nasa,0.99
1989-03-17,6.3,20.19,15.59,25.99,nasa,0.98
1989-03-18,1.59,19.59,13.2,26.46,nasa,0.98
1989-03-19,0.39,19.51,15.31,25.02,nasa,0.98
1989-03-20,0.15,19.36,14.88,25.49,nasa,0.97
1989-03-21,0.05,19.44,14.04,25.79,nasa,0.96
1989-03-22,0.28,20.47,14.95,26.85,nasa,0.96
1989-03-23,4.4,20.86,14.75,27.5,nasa,0.95
1989-03-24,1.7,20.84,16.49,26.23,nasa,0.95
1989-03-25,0.37,20.27,16.5,25.64,nasa,0.95
1989-03-26,0.75,20.44,15.65,25.82,nasa,0.94
1989-03-27,5.81,20.79,16.26,26.43,nasa,0.94
1989-03-28,12.58,20.23,16.04,25.06,nasa,0.94
1989-03-29,1.44,19.05,15.79,23.26,nasa,0.94
1989-03-30,1.48,19.7,14.59,25.47,nasa,0.94
1989-03-31,3.88,20.39,15.59,26.03,nasa,0.93
1989-04-01,1.69,20.3,14.7,25.73,nasa,0.93
1989-04-02,2.49,20.1,14.95,25.56,nasa,0.92
1989-04-03,3.15,20.22,15.39,25.39,nasa,0.92
1989-04-04,1.74,21.04,16.9,26.14,nasa,0.92
1989-04-05,1.54,21.52,17.19,26.4,nasa,0.91
1989-04-06,5.34,21.31,17.65,26.27,nasa,0.91
1989-04-07,3.38,20.21,17.46,24.04,nasa,0.91
1989-04-08,2.44,19.94,15.59,25.32,nasa,0.91
1989-04-09,0.43,19.37,14.57,25.6,nasa,0.91
1989-04-10,1.89,19.98,14.42,25.65,nasa,0.9
1989-04-11,15.87,21.26,16.0,26.33,nasa,0.91
1989-04-12,5.87,20.07,17.31,23.93,nasa,0.92
1989-04-13,8.44,20.16,16.46,25.34,nasa,0.92
1989-04-14,10.39,18.8,17.08,21.48,nasa,0.92
1989-04-15,2.77,18.92,16.37,23.5,nasa,0.93
1989-04-16,0.66,18.21,14.36,24.23,nasa,0.92
1989-04-17,0.33,18.58,13.59,24.36,nasa,0.91
1989-04-18,0.63,18.53,13.89,24.31,nasa,0.91
1989-04-19,6.77,17.72,14.71,23.45,nasa,0.91
1989-04-20,1.23,16.14,12.12,22.06,nasa,0.91
1989-04-21,0.06,15.62,10.88,22.23,nasa,0.9
1989-04-22,0.1,15.25,10.2,22.1,nasa,0.9
1989-04-23,0.07,14.99,10.49,21.95,nasa,0.89
1989-04-24,0.05,14.99,11.01,19.61,nasa,0.89
1989-04-25,0.11,16.01,12.39,21.83,nasa,0.89
1989-04-26,0.06,17.11,11.58,23.31,nasa,0.88
1989-04-27,0.01,16.74,12.57,22.38,nasa,0.88
1989-04-28,0.0,18.57,13.77,24.22,nasa,0.88
1989-04-29,0.18,19.51,14.46,25.23,nasa,0.87
1989-04-30,0.2,20.38,15.58,26.24,nasa,0.87
1989-05-01,7.84,19.95,16.67,23.84,nasa,0.86
1989-05-02,2.42,20.87,16.84,26.1,nasa,0.87
1989-05-03,1.48,19.59,16.13,24.23,nasa,0.87
1989-05-04,1.18,20.24,16.14,25.51,nasa,0.87
1989-05-05,0.88,20.23,15.96,25.58,nasa,0.86
1989-05-06,0.63,19.55,13.74,24.95,nasa,0.86
1989-05-07,1.22,14.02,9.92,19.99,nasa,0.86
1989-05-08,0.64,13.68,10.87,18.54,nasa,0.85
1989-05-09,0.31,13.06,9.98,18.43,nasa,0.85
1989-05-10,0.13,13.21,9.85,18.84,nasa,0.85
1989-05-11,0.02,13.46,8.55,19.53,nasa,0.85
1989-05-12,0.21,14.04,9.44,19.78,nasa,0.84
1989-05-13,0.14,13.76,10.09,19.71,nasa,0.84
1989-05-14,0.08,13.65,8.61,20.25,nasa,0.84
1989-05-15,0.07,15.07,10.91,21.7,nasa,0.83
1989-05-16,0.0,13.64,9.69,20.02,nasa,0.83
1989-05-17,0.21,13.46,8.08,20.67,nasa,0.83
1989-05-18,0.52,14.33,10.88,20.49,nasa,0.82
1989-05-19,0.04,13.16,9.15,19.47,nasa,0.82
1989-05-20,0.01,12.63,7.44,20.07,nasa,0.82
1989-05-21,0.01,14.23,9.02,21.55,nasa,0.81
1989-05-22,0.0,15.53,11.53,22.16,nasa,0.81
1989-05-23,0.0,15.51,9.85,22.05,nasa,0.81
1989-05-24,0.0,15.44,9.42,22.16,nasa,0.8
1989-05-25,1.06,16.44,11.96,22.45,nasa,0.8
1989-05-26,0.5,13.05,5.49,20.22,nasa,0.8
1989-05-27,0.25,10.93,4.6,17.47,nasa,0.8
1989-05-28,0.12,11.15,7.25,17.44,nasa,0.8
1989-05-29,0.01,11.85,7.27,19.22,nasa,0.79
1989-05-30,0.0,12.35,6.91,19.55,nasa,0.79
1989-05-31,0.02,13.81,7.96,21.44,nasa,0.79
1989-06-01,0.01,14.64,10.41,20.58,nasa,0.79
1989-06-02,0.02,15.62,10.74,21.8,nasa,0.79
1989-06-03,0.02,15.26,10.77,21.76,nasa,0.78
1989-06-04,0.09,16.26,11.74,23.0,nasa,0.78
1989-06-05,0.2,16.08,12.05,22.08,nasa,0.78
1989-06-06,0.07,16.12,11.89,21.93,nasa,0.78
1989-06-07,0.03,16.26,9.71,22.67,nasa,0.77
1989-06-08,1.3,16.37,10.93,22.58,nasa,0.77
1989-06-09,1.3,17.26,13.13,22.19,nasa,0.77
1989-06-10,5.28,16.25,12.57,21.18,nasa,0.77
1989-06-11,18.14,12.51,10.66,14.38,nasa,0.79
1989-06-12,4.62,11.41,8.97,15.42,nasa,0.81
1989-06-13,0.65,10.82,5.55,16.97,nasa,0.8
1989-06-14,0.07,9.76,5.29,16.7,nasa,0.79
1989-06-15,0.13,8.87,4.78,14.65,nasa,0.79
1989-06-16,0.28,12.83,7.2,18.74,nasa,0.79
1989-06-17,0.0,13.71,8.55,19.37,nasa,0.79
1989-06-18,0.1,14.38,9.17,20.35,nasa,0.78
1989-06-19,0.04,14.13,9.64,20.02,nasa,0.78
1989-06-20,0.15,14.83,10.62,20.78,nasa,0.78
1989-06-21,0.11,14.61,10.66,20.15,nasa,0.78
1989-06-22,0.46,15.49,10.88,21.17,nasa,0.77
1989-06-23,1.14,15.06,10.98,21.06,nasa,0.77
1989-06-24,3.71,16.2,10.91,21.87,nasa,0.77
1989-06-25,7.75,15.26,11.99,19.41,nasa,0.78
1989-06-26,0.35,13.44,9.91,18.4,nasa,0.78
1989-06-27,0.02,13.46,7.78,19.66,nasa,0.78
1989-06-28,0.01,12.73,6.47,18.78,nasa,0.78
1989-06-29,0.16,15.25,11.46,20.55,nasa,0.77
1989-06-30,0.0,14.83,11.89,18.77,nasa,0.77
1989-07-01,0.01,17.4,11.89,24.15,nasa,0.77
1989-07-02,0.0,16.66,11.3,23.26,nasa,0.77
1989-07-03,0.38,15.38,11.23,21.15,nasa,0.76
1989-07-04,0.22,15.08,9.87,21.89,nasa,0.76
1989-07-05,1.7,16.14,11.01,22.44,nasa,0.76
1989-07-06,2.75,8.74,5.27,12.31,nasa,0.76
1989-07-07,3.07,7.89,5.38,11.79,nasa,0.76
1989-07-08,2.01,8.73,6.24,12.48,nasa,0.77
1989-07-09,0.08,9.03,4.79,16.57,nasa,0.77
1989-07-10,0.03,9.31,5.51,16.54,nasa,0.76
1989-07-11,0.0,9.48,5.2,16.55,nasa,0.76
1989-07-12,0.0,9.89,5.56,16.28,nasa,0.76
1989-07-13,0.0,10.79,3.54,18.28,nasa,0.76
1989-07-14,0.0,12.95,7.82,20.24,nasa,0.75
1989-07-15,0.0,11.98,7.57,19.75,nasa,0.75
1989-07-16,0.0,11.66,6.29,20.12,nasa,0.75
1989-07-17,0.0,11.32,6.03,19.8,nasa,0.74
1989-07-18,0.01,10.82,4.26,19.97,nasa,0.74
1989-07-19,0.02,11.01,4.6,19.95,nasa,0.74
1989-07-20,0.01,11.66,4.65,19.58,nasa,0.74
1989-07-21,0.0,12.71,4.47,20.74,nasa,0.74
1989-07-22,0.07,14.05,8.42,20.51,nasa,0.73
1989-07-23,0.0,14.73,8.6,21.92,nasa,0.73
1989-07-24,0.0,14.67,7.67,22.65,nasa,0.73
1989-07-25,0.01,16.02,9.2,23.38,nasa,0.72
1989-07-26,0.52,17.23,12.17,23.23,nasa,0.72
1989-07-27,6.12,17.27,10.94,25.23,nasa,0.72
1989-07-28,17.07,16.34,11.99,22.53,nasa,0.74
1989-07-29,8.07,16.83,11.93,23.11,nasa,0.76
1989-07-30,9.22,17.72,13.98,22.71,nasa,0.76
1989-07-31,8.42,16.18,10.53,21.97,nasa,0.78
1989-08-01,0.01,13.13,8.23,21.09,nasa,0.77
1989-08-02,0.01,11.73,6.84,20.56,nasa,0.76
1989-08-03,0.01,11.68,6.68,20.0,nasa,0.75
1989-08-04,0.01,12.71,5.39,21.46,nasa,0.75
1989-08-05,0.16,13.28,5.65,21.71,nasa,0.74
1989-08-06,0.88,14.34,9.76,21.57,nasa,0.74
1989-08-07,0.1,13.87,9.0,21.29,nasa,0.74
1989-08-08,0.0,14.72,8.75,22.04,nasa,0.74
1989-08-09,0.0,15.27,10.49,22.5,nasa,0.73
1989-08-10,0.1,15.39,9.67,22.78,nasa,0.73
1989-08-11,0.01,11.95,5.46,20.33,nasa,0.73
1989-08-12,0.15,12.7,8.01,20.01,nasa,0.73
1989-08-13,0.11,12.59,7.95,20.34,nasa,0.72
1989-08-14,0.03,11.99,6.86,20.96,nasa,0.72
1989-08-15,0.0,13.16,6.83,21.63,nasa,0.72
1989-08-16,0.01,15.54,9.65,22.42,nasa,0.71
1989-08-17,0.01,16.7,11.8,23.81,nasa,0.71
1989-08-18,0.01,16.35,10.72,23.95,nasa,0.71
1989-08-19,0.0,16.47,10.86,23.7,nasa,0.71
1989-08-20,0.07,17.19,12.8,23.78,nasa,0.71
1989-08-21,0.16,18.97,12.18,26.12,nasa,0.7
1989-08-22,2.24,19.87,13.81,27.08,nasa,0.7
1989-08-23,0.09,19.12,15.34,24.11,nasa,0.7
1989-08-24,1.39,18.81,15.53,24.1,nasa,0.7
1989-08-25,10.67,17.69,14.24,23.28,nasa,0.71
1989-08-26,1.95,18.12,13.62,23.86,nasa,0.72
1989-08-27,4.6,18.51,14.0,25.06,nasa,0.72
1989-08-28,3.72,13.75,9.74,17.84,nasa,0.72
1989-08-29,0.31,14.29,9.26,22.16,nasa,0.72
1989-08-30,0.1,16.21,9.69,24.48,nasa,0.71
1989-08-31,0.66,17.49,11.74,24.57,nasa,0.71
1989-09-01,8.22,18.31,13.41,24.69,nasa,0.71
1989-09-02,1.22,14.19,8.64,22.35,nasa,0.72
1989-09-03,0.33,12.0,4.61,21.33,nasa,0.71
1989-09-04,1.2,14.38,7.31,23.49,nasa,0.71
1989-09-05,3.11,16.45,8.32,24.62,nasa,0.71
1989-09-06,0.07,18.83,12.69,25.11,nasa,0.71
1989-09-07,1.41,19.11,13.75,25.5,nasa,0.7
1989-09-08,18.79,18.88,12.57,25.81,nasa,0.72
1989-09-09,7.35,19.46,15.19,25.98,nasa,0.73
1989-09-10,0.47,21.44,16.36,28.2,nasa,0.73
1989-09-11,0.27,21.44,14.94,28.43,nasa,0.72
1989-09-12,7.17,22.01,15.84,29.02,nasa,0.72
1989-09-13,5.1,21.94,17.09,27.54,nasa,0.73
1989-09-14,0.71,21.95,15.73,28.33,nasa,0.72
1989-09-15,1.35,19.77,13.88,26.07,nasa,0.72
1989-09-16,0.2,16.15,9.55,24.47,nasa,0.71
1989-09-17,0.06,12.23,6.37,20.76,nasa,0.71
1989-09-18,0.09,12.83,5.57,22.77,nasa,0.7
1989-09-19,0.03,14.23,5.87,23.61,nasa,0.7
1989-09-20,0.04,15.57,8.1,24.11,nasa,0.7
1989-09-21,0.05,18.17,11.12,26.23,nasa,0.69
1989-09-22,0.74,19.44,12.28,26.75,nasa,0.69
1989-09-23,2.03,21.34,13.39,28.95,nasa,0.69
1989-09-24,0.13,21.44,12.93,29.56,nasa,0.68
1989-09-25,9.25,18.38,11.02,27.19,nasa,0.69
1989-09-26,17.71,12.93,10.02,17.14,nasa,0.71
1989-09-27,16.15,13.9,10.28,18.7,nasa,0.74
1989-09-28,3.93,15.22,11.1,21.37,nasa,0.74
1989-09-29,3.49,15.69,11.86,20.52,nasa,0.74
1989-09-30,1.24,15.49,11.7,21.59,nasa,0.73
1989-10-01,0.35,15.3,10.59,21.66,nasa,0.73
1989-10-02,1.46,16.94,10.16,25.47,nasa,0.72
1989-10-03,2.44,18.21,11.76,26.53,nasa,0.72
1989-10-04,1.52,18.34,13.44,24.17,nasa,0.72
1989-10-05,0.77,18.3,12.35,26.65,nasa,0.72
1989-10-06,0.2,18.19,11.25,27.0,nasa,0.71
1989-10-07,0.23,19.33,11.77,27.29,nasa,0.71
1989-10-08,0.38,20.55,14.62,28.83,nasa,0.7
1989-10-09,3.88,18.96,13.12,27.27,nasa,0.7
1989-10-10,1.77,18.39,12.21,26.12,nasa,0.7
1989-10-11,12.83,19.14,13.39,26.25,nasa,0.71
1989-10-12,0.53,21.51,16.98,27.84,nasa,0.72
1989-10-13,0.09,18.08,9.55,25.91,nasa,0.71
1989-10-14,0.54,14.56,8.33,23.58,nasa,0.7
1989-10-15,3.78,15.82,8.88,24.65,nasa,0.7
1989-10-16,4.69,16.7,10.6,23.79,nasa,0.7
1989-10-17,2.06,18.7,13.08,26.45,nasa,0.7
1989-10-18,0.24,16.02,10.44,24.32,nasa,0.7
1989-10-19,0.23,15.45,8.41,24.21,nasa,0.69
1989-10-20,0.67,16.6,9.68,25.08,nasa,0.69
1989-10-21,1.87,17.27,11.26,24.76,nasa,0.69
1989-10-22,5.86,17.71,12.69,24.19,nasa,0.69
1989-10-23,1.03,17.95,12.52,25.66,nasa,0.69
1989-10-24,0.19,18.72,11.25,27.46,nasa,0.69
1989-10-25,0.04,19.71,12.45,28.19,nasa,0.68
1989-10-26,0.11,21.23,14.32,29.94,nasa,0.68
1989-10-27,4.43,19.34,14.31,25.54,nasa,0.67
1989-10-28,5.23,15.73,10.95,22.66,nasa,0.69
1989-10-29,0.16,18.65,10.15,27.98,nasa,0.68
1989-10-30,0.03,21.13,13.55,30.38,nasa,0.68
1989-10-31,4.29,20.39,13.88,28.97,nasa,0.68
1989-11-01,1.12,15.64,9.07,24.54,nasa,0.68
1989-11-02,1.12,16.27,7.09,26.29,nasa,0.67
1989-11-03,8.96,19.34,11.72,27.93,nasa,0.67
1989-11-04,4.55,20.44,16.7,25.37,nasa,0.68
1989-11-05,2.04,20.02,12.24,28.67,nasa,0.69
1989-11-06,0.13,18.1,10.17,27.55,nasa,0.68
1989-11-07,1.21,17.76,10.67,25.73,nasa,0.67
1989-11-08,3.69,20.04,12.21,28.43,nasa,0.67
1989-11-09,21.72,20.01,14.82,25.95,nasa,0.69
1989-11-10,5.68,19.49,16.9,23.42,nasa,0.71
1989-11-11,14.95,18.92,16.26,23.62,nasa,0.72
1989-11-12,19.44,19.71,16.16,24.42,nasa,0.74
1989-11-13,2.32,19.76,16.36,24.74,nasa,0.75
1989-11-14,0.11,17.88,13.31,22.89,nasa,0.73
1989-11-15,0.11,18.69,11.58,27.21,nasa,0.72
1989-11-16,0.54,19.33,12.51,27.95,nasa,0.71
1989-11-17,8.63,19.66,13.57,26.78,nasa,0.71
1989-11-18,3.93,19.62,15.81,24.88,nasa,0.72
1989-11-19,7.55,19.24,16.5,23.04,nasa,0.72
1989-11-20,10.61,19.39,15.38,25.36,nasa,0.73
1989-11-21,17.42,18.84,13.98,25.42,nasa,0.73
1989-11-22,14.3,20.4,16.55,25.95,nasa,0.76
1989-11-23,5.87,21.15,16.52,26.33,nasa,0.76
1989-11-24,8.24,22.61,17.29,28.92,nasa,0.76
1989-11-25,1.83,20.21,12.56,26.39,nasa,0.75
1989-11-26,0.01,17.94,9.46,27.08,nasa,0.74
1989-11-27,0.8,20.23,10.84,28.96,nasa,0.73
1989-11-28,5.53,19.83,14.59,25.47,nasa,0.73
1989-11-29,6.32,19.84,16.03,26.69,nasa,0.73
1989-11-30,3.62,19.37,14.22,26.64,nasa,0.73
1989-12-01,1.08,18.93,14.24,26.21,nasa,0.73
1989-12-02,0.14,18.28,12.6,25.71,nasa,0.72
1989-12-03,0.03,18.94,11.95,26.78,nasa,0.71
1989-12-04,1.06,20.71,13.57,28.54,nasa,0.71
1989-12-05,4.23,20.82,15.11,28.26,nasa,0.7
1989-12-06,1.49,20.4,14.99,28.36,nasa,0.71
1989-12-07,0.08,20.03,13.48,28.27,nasa,0.7
1989-12-08,0.0,21.76,15.06,29.85,nasa,0.69
1989-12-09,0.72,21.42,17.19,27.37,nasa,0.69
1989-12-10,12.24,19.98,17.49,23.21,nasa,0.7
1989-12-11,28.87,20.19,17.84,23.55,nasa,0.72
1989-12-12,40.67,21.03,17.69,26.13,nasa,0.78
1989-12-13,27.91,21.73,17.95,27.12,nasa,0.81
1989-12-14,24.95,21.28,18.03,25.85,nasa,0.83
1989-12-15,16.91,21.18,17.51,26.54,nasa,0.84
1989-12-16,3.49,19.6,16.08,24.82,nasa,0.83
1989-12-17,2.8,19.25,15.59,25.12,nasa,0.82
1989-12-18,3.89,19.07,14.96,24.47,nasa,0.81
1989-12-19,21.9,19.75,15.85,24.99,nasa,0.81
1989-12-20,31.32,16.8,13.98,19.62,nasa,0.86
1989-12-21,3.01,16.54,12.46,21.74,nasa,0.86
1989-12-22,0.05,19.53,11.87,27.5,nasa,0.84
1989-12-23,0.03,19.58,13.55,27.29,nasa,0.83
1989-12-24,0.11,18.75,12.58,26.56,nasa,0.82
1989-12-25,1.45,18.49,13.7,25.09,nasa,0.81
1989-12-26,9.4,18.91,14.37,23.89,nasa,0.81
1989-12-27,13.9,18.4,15.62,22.53,nasa,0.83
1989-12-28,3.65,17.95,15.88,20.87,nasa,0.83
1989-12-29,8.5,18.64,15.56,21.63,nasa,0.83
1989-12-30,13.96,18.79,16.77,21.35,nasa,0.85
1989-12-31,24.79,19.14,16.16,23.04,nasa,0.86
1990-01-01,23.4,19.13,17.02,21.79,nasa,0.88
1990-01-02,29.68,19.01,17.11,22.3,nasa,0.91
1990-01-03,20.07,19.52,16.87,24.12,nasa,0.91
1990-01-04,13.64,19.26,17.05,21.98,nasa,0.92
1990-01-05,6.02,20.57,16.56,26.06,nasa,0.91
1990-01-06,2.89,20.76,15.96,26.84,nasa,0.9
1990-01-07,0.52,19.68,15.29,25.79,nasa,0.9
1990-01-08,0.17,19.97,12.78,25.29,nasa,0.89
1990-01-09,1.76,20.23,16.59,24.84,nasa,0.88
1990-01-10,2.91,20.85,16.63,24.96,nasa,0.88
1990-01-11,2.55,20.6,18.07,24.61,nasa,0.88
1990-01-12,4.54,21.84,17.44,26.25,nasa,0.88
1990-01-13,3.98,21.34,17.27,25.74,nasa,0.88
1990-01-14,0.84,22.67,16.73,29.15,nasa,0.88
1990-01-15,0.9,22.55,16.28,29.28,nasa,0.87
1990-01-16,0.41,21.78,17.1,28.04,nasa,0.86
1990-01-17,0.07,21.84,15.66,28.4,nasa,0.85
1990-01-18,1.0,22.46,15.04,29.07,nasa,0.84
1990-01-19,1.98,22.75,17.64,28.37,nasa,0.84
1990-01-20,0.95,21.93,17.19,27.17,nasa,0.84
1990-01-21,4.15,21.81,15.91,27.77,nasa,0.83
1990-01-22,3.49,21.79,16.3,26.89,nasa,0.83
1990-01-23,1.25,21.73,17.31,26.13,nasa,0.83
1990-01-24,1.09,22.39,17.09,27.59,nasa,0.83
1990-01-25,8.63,22.99,18.73,27.71,nasa,0.82
1990-01-26,7.22,20.71,17.03,24.26,nasa,0.83
1990-01-27,1.45,21.04,16.16,27.35,nasa,0.84
1990-01-28,0.18,20.1,14.8,27.22,nasa,0.83
1990-01-29,0.02,20.46,14.21,27.7,nasa,0.82
1990-01-30,0.01,20.4,14.15,27.04,nasa,0.81
1990-01-31,0.01,21.5,13.91,29.43,nasa,0.8
1990-02-01,0.01,20.95,15.07,28.52,nasa,0.79
1990-02-02,0.0,19.81,13.98,26.4,nasa,0.79
1990-02-03,0.05,20.27,14.46,27.23,nasa,0.78
1990-02-04,1.16,20.19,13.74,26.9,nasa,0.77
1990-02-05,2.47,20.65,16.34,26.69,nasa,0.77
1990-02-06,2.58,19.79,14.72,26.55,nasa,0.77
1990-02-07,1.12,20.37,12.96,27.32,nasa,0.76
1990-02-08,4.1,22.08,15.14,27.71,nasa,0.76
1990-02-09,6.47,22.29,16.46,28.35,nasa,0.76
1990-02-10,6.99,22.52,17.58,28.72,nasa,0.77
1990-02-11,1.72,22.78,17.51,29.25,nasa,0.76
1990-02-12,4.37,22.06,17.64,27.22,nasa,0.76
1990-02-13,8.26,21.23,18.56,25.39,nasa,0.76
1990-02-14,4.82,21.54,18.31,27.31,nasa,0.77
1990-02-15,6.41,21.87,17.48,28.13,nasa,0.77
1990-02-16,0.9,22.47,17.4,28.75,nasa,0.77
1990-02-17,0.07,22.72,17.93,28.32,nasa,0.76
1990-02-18,0.03,21.97,16.92,28.27,nasa,0.75
1990-02-19,0.13,20.94,16.36,27.75,nasa,0.74
1990-02-20,0.29,19.76,15.74,25.67,nasa,0.74
1990-02-21,2.87,20.66,14.48,26.86,nasa,0.73
1990-02-22,17.8,21.63,16.82,27.81,nasa,0.74
1990-02-23,12.17,20.41,17.64,24.95,nasa,0.77
1990-02-24,11.49,20.92,17.44,26.15,nasa,0.77
1990-02-25,22.66,19.14,17.09,22.24,nasa,0.79
1990-02-26,14.77,19.28,17.19,22.44,nasa,0.82
1990-02-27,20.39,19.52,16.64,22.58,nasa,0.82
1990-02-28,25.19,18.79,16.84,21.69,nasa,0.85
1990-03-01,3.06,19.52,15.13,24.39,nasa,0.85
1990-03-02,5.66,21.05,16.41,26.6,nasa,0.84
1990-03-03,3.74,21.0,16.07,27.24,nasa,0.83
1990-03-04,7.76,20.78,15.79,26.91,nasa,0.83
1990-03-05,2.99,21.42,15.02,27.45,nasa,0.83
1990-03-06,4.63,21.71,15.85,27.47,nasa,0.82
1990-03-07,3.54,21.48,17.46,27.02,nasa,0.82
1990-03-08,2.8,20.85,16.34,27.02,nasa,0.82
1990-03-09,1.34,20.47,16.12,26.92,nasa,0.82
1990-03-10,2.07,20.69,15.13,27.24,nasa,0.81
1990-03-11,3.2,21.57,15.47,27.97,nasa,0.8
1990-03-12,4.4,21.95,16.63,27.64,nasa,0.8
1990-03-13,4.19,22.49,18.44,28.64,nasa,0.8
1990-03-14,3.65,22.49,16.47,28.88,nasa,0.8
1990-03-15,6.15,22.12,17.89,26.11,nasa,0.8
1990-03-16,8.38,21.01,19.0,23.71,nasa,0.81
1990-03-17,10.04,21.46,17.51,26.81,nasa,0.82
1990-03-18,5.89,21.12,17.23,25.94,nasa,0.82
1990-03-19,9.95,20.03,17.42,23.31,nasa,0.83
1990-03-20,14.42,20.47,17.06,24.43,nasa,0.83
1990-03-21,12.59,19.34,17.57,21.89,nasa,0.84
1990-03-22,17.31,19.05,17.17,21.99,nasa,0.86
1990-03-23,13.74,18.83,16.83,21.94,nasa,0.87
1990-03-24,3.65,19.0,16.56,23.13,nasa,0.87
1990-03-25,3.34,20.45,15.59,26.55,nasa,0.86
1990-03-26,8.22,20.65,15.66,26.68,nasa,0.86
1990-03-27,7.76,20.44,18.52,23.37,nasa,0.87
1990-03-28,3.92,21.67,17.26,26.38,nasa,0.87
1990-03-29,3.09,21.39,17.7,26.98,nasa,0.87
1990-03-30,0.4,19.73,15.27,26.46,nasa,0.86
1990-03-31,0.06,19.62,14.16,26.96,nasa,0.85
1990-04-01,0.54,20.04,14.13,26.79,nasa,0.84
1990-04-02,0.66,20.26,16.4,25.27,nasa,0.84
1990-04-03,3.27,21.47,17.06,26.94,nasa,0.84
1990-04-04,1.19,21.29,16.81,26.97,nasa,0.84
1990-04-05,8.07,22.07,17.94,27.37,nasa,0.83
1990-04-06,1.76,22.88,19.08,27.4,nasa,0.84
1990-04-07,4.57,20.34,17.88,23.1,nasa,0.84
1990-04-08,2.65,21.79,17.55,26.99,nasa,0.84
1990-04-09,10.46,22.16,18.96,26.38,nasa,0.84
1990-04-10,3.63,21.33,16.88,26.34,nasa,0.85
1990-04-11,1.01,21.32,17.39,26.82,nasa,0.84
1990-04-12,0.21,19.59,16.44,23.93,nasa,0.84
1990-04-13,1.81,20.31,17.94,23.86,nasa,0.83
1990-04-14,2.85,19.54,17.04,23.0,nasa,0.83
1990-04-15,10.38,20.19,17.42,24.77,nasa,0.84
1990-04-16,4.07,19.22,16.98,23.06,nasa,0.85
1990-04-17,7.08,19.27,16.13,23.41,nasa,0.85
1990-04-18,7.34,18.84,16.21,22.45,nasa,0.85
1990-04-19,7.89,17.37,14.95,21.9,nasa,0.86
1990-04-20,2.03,18.09,14.92,23.07,nasa,0.85
1990-04-21,0.27,17.64,15.02,22.27,nasa,0.85
1990-04-22,0.02,18.34,14.64,24.23,nasa,0.85
1990-04-23,0.08,19.52,14.52,25.3,nasa,0.84
1990-04-24,0.07,19.86,15.27,25.85,nasa,0.83
1990-04-25,0.0,18.68,13.66,25.52,nasa,0.83
1990-04-26,0.0,18.94,13.51,25.28,nasa,0.82
1990-04-27,0.0,18.98,12.75,24.87,nasa,0.82
1990-04-28,0.0,19.98,14.02,25.37,nasa,0.81
1990-04-29,0.95,19.17,13.19,25.36,nasa,0.81
1990-04-30,4.59,19.24,14.61,24.59,nasa,0.81
1990-05-01,8.35,16.87,12.75,22.52,nasa,0.81
1990-05-02,9.45,17.51,14.16,22.06,nasa,0.82
1990-05-03,1.84,17.53,13.33,23.55,nasa,0.83
1990-05-04,0.22,16.65,12.11,22.78,nasa,0.82
1990-05-05,0.24,15.97,12.04,20.69,nasa,0.82
1990-05-06,3.79,16.43,12.48,21.26,nasa,0.82
1990-05-07,0.63,17.48,12.49,23.51,nasa,0.82
1990-05-08,0.95,17.13,13.14,22.64,nasa,0.81
1990-05-09,0.49,16.28,12.95,19.78,nasa,0.81
1990-05-10,2.9,16.96,11.82,22.37,nasa,0.81
1990-05-11,3.9,17.54,12.94,22.93,nasa,0.81
1990-05-12,2.38,16.41,12.81,20.67,nasa,0.81
1990-05-13,0.56,15.33,11.12,20.96,nasa,0.81
1990-05-14,0.67,16.37,11.88,21.75,nasa,0.8
1990-05-15,4.86,16.7,12.52,21.72,nasa,0.8
1990-05-16,8.14,19.61,15.76,25.38,nasa,0.81
1990-05-17,12.27,19.05,15.1,23.91,nasa,0.82
1990-05-18,0.09,12.95,4.72,17.07,nasa,0.82
1990-05-19,0.1,8.69,1.8,17.21,nasa,0.82
1990-05-20,0.14,11.67,4.85,19.49,nasa,0.81
1990-05-21,0.01,13.65,6.74,21.37,nasa,0.81
1990-05-22,0.04,11.19,6.69,17.67,nasa,0.8
1990-05-23,0.0,11.42,5.69,19.07,nasa,0.8
1990-05-24,0.0,14.67,8.5,21.53,nasa,0.8
1990-05-25,0.01,15.34,8.54,22.32,nasa,0.79
1990-05-26,0.04,15.53,9.36,22.41,nasa,0.79
1990-05-27,0.02,16.15,9.92,22.81,nasa,0.79
1990-05-28,0.04,16.57,10.16,23.2,nasa,0.78
1990-05-29,0.01,16.79,10.79,22.86,nasa,0.78
1990-05-30,0.0,16.49,10.95,22.88,nasa,0.78
1990-05-31,0.01,15.96,9.09,22.85,nasa,0.77
1990-06-01,0.0,15.57,9.22,23.06,nasa,0.77
1990-06-02,0.04,16.13,11.18,22.93,nasa,0.77
1990-06-03,0.07,15.6,11.33,21.69,nasa,0.77
1990-06-04,0.0,16.89,10.56,22.85,nasa,0.76
1990-06-05,0.0,16.39,10.67,23.36,nasa,0.76
1990-06-06,0.02,17.86,11.4,24.02,nasa,0.76
1990-06-07,0.22,16.78,11.73,22.83,nasa,0.76
1990-06-08,0.08,16.96,12.34,23.31,nasa,0.75
1990-06-09,0.03,18.31,13.55,23.64,nasa,0.75
1990-06-10,0.98,18.19,14.56,23.76,nasa,0.75
1990-06-11,0.74,11.67,8.64,14.9,nasa,0.75
1990-06-12,0.32,11.62,8.49,17.29,nasa,0.75
1990-06-13,0.13,12.78,8.47,19.26,nasa,0.75
1990-06-14,0.22,13.2,7.74,18.81,nasa,0.74
1990-06-15,0.02,14.73,10.28,21.01,nasa,0.74
1990-06-16,0.19,13.93,9.76,20.81,nasa,0.74
1990-06-17,0.09,12.29,8.84,16.57,nasa,0.74
1990-06-18,0.01,13.46,8.48,20.84,nasa,0.74
1990-06-19,0.03,14.99,9.38,21.14,nasa,0.74
1990-06-20,0.16,15.15,9.03,21.87,nasa,0.73
1990-06-21,0.27,14.21,7.45,20.53,nasa,0.73
1990-06-22,0.0,10.16,3.11,18.07,nasa,0.73
1990-06-23,0.0,12.87,7.8,19.75,nasa,0.73
1990-06-24,0.0,14.31,8.72,21.16,nasa,0.72
1990-06-25,0.01,15.02,7.54,21.53,nasa,0.72
1990-06-26,0.02,15.36,10.72,22.41,nasa,0.72
1990-06-27,0.01,14.08,9.79,21.95,nasa,0.72
1990-06-28,0.01,14.36,9.13,21.82,nasa,0.71
1990-06-29,0.24,14.0,7.96,21.74,nasa,0.71
1990-06-30,0.79,13.56,9.12,19.4,nasa,0.71
1990-07-01,0.77,14.11,11.27,19.01,nasa,0.71
1990-07-02,0.88,14.99,10.41,21.55,nasa,0.71
1990-07-03,0.09,16.11,11.14,22.32,nasa,0.71
1990-07-04,0.82,16.17,10.16,22.61,nasa,0.71
1990-07-05,9.56,15.87,10.41,21.94,nasa,0.71
1990-07-06,3.88,14.78,11.4,19.57,nasa,0.73
1990-07-07,0.3,13.99,10.17,19.55,nasa,0.73
1990-07-08,0.12,14.33,8.88,20.94,nasa,0.72
1990-07-09,1.13,14.98,8.63,21.64,nasa,0.72
1990-07-10,4.06,15.94,11.11,22.44,nasa,0.72
1990-07-11,5.76,12.13,8.64,14.87,nasa,0.73
1990-07-12,0.4,10.74,6.43,16.51,nasa,0.73
1990-07-13,0.26,10.19,6.25,15.92,nasa,0.72
1990-07-14,0.74,11.48,7.67,16.7,nasa,0.72
1990-07-15,0.35,13.48,8.35,20.9,nasa,0.72
1990-07-16,2.69,14.21,7.85,21.97,nasa,0.72
1990-07-17,2.24,15.4,9.21,22.76,nasa,0.72
1990-07-18,1.25,17.44,12.58,25.05,nasa,0.72
1990-07-19,1.23,17.69,12.32,24.95,nasa,0.72
1990-07-20,0.35,18.05,12.73,25.57,nasa,0.71
1990-07-21,0.29,16.91,11.25,23.9,nasa,0.71
1990-07-22,0.18,11.44,8.69,15.84,nasa,0.71
1990-07-23,0.17,12.05,8.1,17.02,nasa,0.71
1990-07-24,0.05,15.8,10.57,23.24,nasa,0.7
1990-07-25,0.33,16.71,11.09,23.68,nasa,0.7
1990-07-26,0.59,17.28,11.69,24.58,nasa,0.7
1990-07-27,0.34,17.09,11.52,24.41,nasa,0.7
1990-07-28,1.69,11.92,8.89,16.7,nasa,0.7
1990-07-29,0.3,11.67,7.85,16.3,nasa,0.7
1990-07-30,0.25,12.28,8.18,18.32,nasa,0.7
1990-07-31,0.39,9.84,7.15,13.92,nasa,0.7
1990-08-01,0.14,11.01,6.52,17.11,nasa,0.7
1990-08-02,0.03,13.47,8.44,20.99,nasa,0.69
1990-08-03,0.01,14.76,8.87,22.37,nasa,0.69
1990-08-04,0.02,14.36,8.71,22.24,nasa,0.69
1990-08-05,0.09,12.95,7.45,20.16,nasa,0.69
1990-08-06,0.06,13.53,9.9,19.95,nasa,0.68
1990-08-07,0.0,13.23,8.92,21.02,nasa,0.68
1990-08-08,0.02,14.64,7.79,22.46,nasa,0.68
1990-08-09,0.3,14.3,9.98,21.24,nasa,0.68
1990-08-10,0.04,15.8,10.31,23.67,nasa,0.68
1990-08-11,0.0,15.19,8.65,23.73,nasa,0.67
1990-08-12,0.0,15.76,10.17,24.55,nasa,0.67
1990-08-13,0.01,15.66,8.46,25.52,nasa,0.67
1990-08-14,0.01,15.8,8.22,24.99,nasa,0.67
1990-08-15,0.49,16.66,8.7,24.6,nasa,0.66
1990-08-16,4.89,17.61,11.01,25.97,nasa,0.66
1990-08-17,4.4,16.64,11.86,22.82,nasa,0.67
1990-08-18,3.71,17.03,12.37,23.61,nasa,0.68
1990-08-19,15.73,18.4,13.07,25.5,nasa,0.69
1990-08-20,2.33,19.55,13.98,26.29,nasa,0.7
1990-08-21,4.78,18.43,13.49,25.79,nasa,0.7
1990-08-22,1.84,14.49,11.19,19.41,nasa,0.7
1990-08-23,1.79,11.63,9.82,14.98,nasa,0.7
1990-08-24,0.84,11.47,8.77,16.23,nasa,0.7
1990-08-25,0.06,11.91,8.5,17.85,nasa,0.69
1990-08-26,0.47,15.51,7.24,23.74,nasa,0.69
1990-08-27,6.77,16.98,11.24,24.61,nasa,0.69
1990-08-28,2.07,16.04,11.53,22.12,nasa,0.7
1990-08-29,0.69,11.78,7.75,17.42,nasa,0.7
1990-08-30,0.28,13.35,7.98,20.46,nasa,0.69
1990-08-31,1.49,16.82,10.24,24.31,nasa,0.69
1990-09-01,9.08,17.28,13.64,22.56,nasa,0.69
1990-09-02,0.52,16.39,12.02,21.71,nasa,0.7
1990-09-03,0.66,14.93,10.57,21.59,nasa,0.7
1990-09-04,0.23,14.8,10.92,20.54,nasa,0.69
1990-09-05,0.12,16.4,10.13,24.01,nasa,0.69
1990-09-06,0.21,17.58,11.18,25.19,nasa,0.69
1990-09-07,0.32,16.66,12.79,21.95,nasa,0.68
1990-09-08,0.08,16.76,13.88,20.87,nasa,0.68
1990-09-09,0.0,18.12,11.5,26.82,nasa,0.68
1990-09-10,0.0,16.5,7.78,26.73,nasa,0.67
1990-09-11,0.01,18.96,9.94,28.56,nasa,0.67
1990-09-12,1.38,20.43,11.84,29.25,nasa,0.67
1990-09-13,20.11,17.38,11.14,21.45,nasa,0.68
1990-09-14,23.6,10.59,8.62,13.59,nasa,0.72
1990-09-15,5.68,11.34,8.39,15.73,nasa,0.74
1990-09-16,0.11,14.36,6.99,23.44,nasa,0.73
1990-09-17,0.02,16.35,9.94,25.25,nasa,0.72
1990-09-18,0.0,17.32,10.56,25.66,nasa,0.71
1990-09-19,0.0,18.46,9.42,28.18,nasa,0.7
1990-09-20,0.1,19.5,11.85,29.05,nasa,0.7
1990-09-21,0.09,19.86,13.07,28.19,nasa,0.69
1990-09-22,0.05,19.9,12.69,28.48,nasa,0.69
1990-09-23,10.2,19.86,14.08,27.14,nasa,0.69
1990-09-24,7.86,13.1,8.67,17.44,nasa,0.71
1990-09-25,0.96,10.75,7.12,15.79,nasa,0.71
1990-09-26,0.09,12.61,6.68,21.18,nasa,0.7
1990-09-27,0.11,13.91,8.29,22.65,nasa,0.7
1990-09-28,0.16,14.82,6.59,24.07,nasa,0.69
1990-09-29,0.17,14.28,9.05,20.55,nasa,0.69
1990-09-30,1.97,16.85,10.25,25.15,nasa,0.69
1990-10-01,5.25,17.34,12.67,24.58,nasa,0.69
1990-10-02,11.64,19.41,13.25,25.87,nasa,0.71
1990-10-03,6.91,18.65,14.42,24.97,nasa,0.71
1990-10-04,3.45,19.09,13.81,26.18,nasa,0.71
1990-10-05,0.73,18.95,13.55,26.83,nasa,0.71
1990-10-06,0.52,19.0,13.31,26.8,nasa,0.7
1990-10-07,1.46,18.89,11.94,27.62,nasa,0.7
1990-10-08,0.03,20.26,12.09,28.46,nasa,0.69
1990-10-09,0.0,21.74,13.28,30.12,nasa,0.69
1990-10-10,0.51,23.03,15.51,30.82,nasa,0.68
1990-10-11,5.15,23.03,16.54,30.25,nasa,0.68
1990-10-12,9.44,20.93,17.33,26.22,nasa,0.69
1990-10-13,0.59,22.23,16.87,29.1,nasa,0.7
1990-10-14,0.89,21.75,15.71,28.9,nasa,0.69
1990-10-15,5.98,21.55,16.5,29.37,nasa,0.69
1990-10-16,8.18,16.56,14.24,19.35,nasa,0.7
1990-10-17,3.7,16.62,13.48,20.72,nasa,0.7
1990-10-18,4.29,19.0,14.5,24.81,nasa,0.71
1990-10-19,8.67,20.63,15.69,27.47,nasa,0.71
1990-10-20,10.87,20.82,17.21,26.07,nasa,0.72
1990-10-21,0.72,18.96,12.45,26.24,nasa,0.72
1990-10-22,0.45,16.65,11.37,24.77,nasa,0.71
1990-10-23,1.0,17.61,10.34,26.46,nasa,0.7
1990-10-24,7.49,17.9,10.8,25.33,nasa,0.7
1990-10-25,4.39,16.46,13.14,20.78,nasa,0.71
1990-10-26,0.4,17.17,11.38,25.19,nasa,0.71
1990-10-27,0.33,18.6,11.47,25.93,nasa,0.7
1990-10-28,0.43,20.07,13.35,27.32,nasa,0.7
1990-10-29,0.22,20.78,14.98,27.88,nasa,0.69
1990-10-30,0.8,21.93,14.69,29.93,nasa,0.69
1990-10-31,4.08,22.49,16.36,29.85,nasa,0.68
1990-11-01,8.24,21.89,16.95,27.43,nasa,0.69
1990-11-02,6.75,22.16,17.22,28.78,nasa,0.7
1990-11-03,1.84,22.4,17.1,29.38,nasa,0.7
1990-11-04,5.37,22.49,18.74,28.08,nasa,0.7
1990-11-05,14.45,21.26,16.08,27.6,nasa,0.71
1990-11-06,7.51,18.1,15.05,22.84,nasa,0.73
1990-11-07,1.03,21.34,14.37,28.41,nasa,0.72
1990-11-08,3.64,22.36,16.24,29.0,nasa,0.71
1990-11-09,2.77,23.06,17.13,30.03,nasa,0.71
1990-11-10,1.83,23.97,18.71,31.03,nasa,0.71
1990-11-11,1.38,23.78,17.79,31.09,nasa,0.7
1990-11-12,1.37,22.92,17.63,28.88,nasa,0.7
1990-11-13,1.8,22.96,17.34,29.46,nasa,0.69
1990-11-14,0.35,23.97,16.85,32.85,nasa,0.69
1990-11-15,0.14,24.89,16.9,32.79,nasa,0.68
1990-11-16,1.5,24.35,17.53,32.51,nasa,0.68
1990-11-17,3.32,22.83,16.72,30.87,nasa,0.67
1990-11-18,3.26,22.43,15.32,29.6,nasa,0.68
1990-11-19,0.96,23.1,16.93,31.51,nasa,0.67
1990-11-20,3.15,22.63,17.32,30.18,nasa,0.67
1990-11-21,1.08,22.16,16.49,28.85,nasa,0.67
1990-11-22,0.86,22.83,15.39,31.77,nasa,0.67
1990-11-23,18.41,22.1,16.68,29.09,nasa,0.68
1990-11-24,11.69,19.88,17.59,24.31,nasa,0.7
1990-11-25,5.81,20.05,16.15,24.26,nasa,0.71
1990-11-26,1.39,21.26,15.18,28.04,nasa,0.71
1990-11-27,14.33,22.2,16.56,28.61,nasa,0.71
1990-11-28,3.0,19.1,13.85,26.84,nasa,0.72
1990-11-29,0.31,19.48,13.05,27.27,nasa,0.71
1990-11-30,0.06,21.15,13.94,28.92,nasa,0.7
1990-12-01,0.92,22.1,15.2,30.07,nasa,0.69
1990-12-02,0.37,21.85,14.92,30.97,nasa,0.68
1990-12-03,0.45,22.63,15.09,32.46,nasa,0.68
1990-12-04,0.79,22.63,16.7,30.15,nasa,0.67
1990-12-05,0.32,22.51,16.78,29.84,nasa,0.67
1990-12-06,1.44,21.86,15.11,29.49,nasa,0.66
1990-12-07,4.17,22.3,15.39,30.95,nasa,0.66
1990-12-08,5.99,20.35,14.17,28.1,nasa,0.67
1990-12-09,1.59,18.56,13.58,25.05,nasa,0.67
1990-12-10,9.84,20.78,14.11,28.42,nasa,0.67
1990-12-11,11.34,21.21,18.91,25.29,nasa,0.69
1990-12-12,13.27,21.47,18.52,26.54,nasa,0.71
1990-12-13,9.61,21.6,18.18,26.25,nasa,0.72
1990-12-14,28.17,20.91,16.89,24.84,nasa,0.74
1990-12-15,10.81,18.84,15.34,23.43,nasa,0.76
1990-12-16,9.54,21.01,15.51,28.12,nasa,0.76
1990-12-17,3.8,21.53,16.32,27.92,nasa,0.75
1990-12-18,3.43,22.2,17.18,28.14,nasa,0.74
1990-12-19,4.63,20.59,18.26,24.56,nasa,0.74
1990-12-20,2.82,19.68,16.72,23.07,nasa,0.74
1990-12-21,3.34,21.66,15.94,28.59,nasa,0.73
1990-12-22,3.62,21.99,16.38,28.86,nasa,0.73
1990-12-23,2.36,22.1,16.98,28.45,nasa,0.73
1990-12-24,8.76,21.28,18.07,25.89,nasa,0.73
1990-12-25,17.58,20.25,18.02,23.55,nasa,0.75
1990-12-26,3.02,19.8,16.43,26.13,nasa,0.76
1990-12-27,6.39,18.9,15.16,23.39,nasa,0.75
1990-12-28,4.64,21.68,15.09,27.83,nasa,0.75
1990-12-29,4.9,17.02,11.06,21.36,nasa,0.75
1990-12-30,0.9,16.14,11.0,23.82,nasa,0.74
1990-12-31,0.66,17.29,10.81,25.08,nasa,0.73
1991-01-01,1.26,18.16,11.95,24.94,nasa,0.73
1991-01-02,4.37,19.33,12.88,25.88,nasa,0.73
1991-01-03,16.88,19.34,15.81,24.05,nasa,0.73
1991-01-04,21.73,19.78,16.95,24.31,nasa,0.76
1991-01-05,3.69,19.52,15.19,25.3,nasa,0.77
1991-01-06,0.52,19.74,14.55,26.69,nasa,0.76
1991-01-07,0.64,19.83,14.7,26.31,nasa,0.75
1991-01-08,4.57,20.18,15.78,26.6,nasa,0.75
1991-01-09,5.86,21.16,17.27,26.5,nasa,0.75
1991-01-10,15.8,20.86,17.9,25.27,nasa,0.76
1991-01-11,39.05,20.48,18.2,23.57,nasa,0.79
1991-01-12,21.2,20.88,17.22,25.3,nasa,0.82
1991-01-13,13.15,21.66,16.28,28.16,nasa,0.83
1991-01-14,33.02,21.19,18.63,24.12,nasa,0.85
1991-01-15,64.7,21.79,18.53,25.18,nasa,0.87
1991-01-16,13.65,21.54,18.7,26.13,nasa,0.89
1991-01-17,6.28,20.46,16.28,26.79,nasa,0.88
1991-01-18,3.01,19.64,15.4,26.14,nasa,0.86
1991-01-19,2.32,19.98,15.02,25.68,nasa,0.85
1991-01-20,5.66,21.26,17.11,26.89,nasa,0.85
1991-01-21,4.9,21.86,16.85,27.28,nasa,0.85
1991-01-22,4.06,22.73,17.93,29.58,nasa,0.85
1991-01-23,4.76,22.67,16.2,29.75,nasa,0.84
1991-01-24,3.48,21.4,17.76,27.07,nasa,0.84
1991-01-25,10.95,20.85,15.67,26.71,nasa,0.84
1991-01-26,32.97,19.97,17.54,22.54,nasa,0.87
1991-01-27,22.88,20.47,16.91,25.19,nasa,0.9
1991-01-28,5.88,20.52,18.46,24.42,nasa,0.89
1991-01-29,8.35,20.56,17.58,24.55,nasa,0.89
1991-01-30,0.74,20.77,17.39,25.42,nasa,0.89
1991-01-31,6.08,21.24,17.27,26.4,nasa,0.88
1991-02-01,7.09,20.56,17.47,24.49,nasa,0.88
1991-02-02,7.38,20.71,17.08,24.31,nasa,0.88
1991-02-03,8.18,20.99,15.78,26.62,nasa,0.89
1991-02-04,10.1,21.1,16.6,26.55,nasa,0.89
1991-02-05,13.26,19.76,17.58,22.63,nasa,0.9
1991-02-06,9.21,20.37,15.83,25.68,nasa,0.9
1991-02-07,11.69,19.83,16.84,23.36,nasa,0.91
1991-02-08,10.66,19.86,17.13,23.81,nasa,0.91
1991-02-09,12.97,20.39,17.6,24.36,nasa,0.92
1991-02-10,8.61,20.95,17.96,25.43,nasa,0.92
1991-02-11,2.38,21.21,16.17,28.06,nasa,0.91
1991-02-12,8.13,21.6,16.16,28.43,nasa,0.91
1991-02-13,3.5,22.26,17.4,28.17,nasa,0.91
1991-02-14,3.18,23.17,17.97,28.57,nasa,0.9
1991-02-15,14.83,21.47,18.65,25.36,nasa,0.91
1991-02-16,16.71,20.96,18.65,24.88,nasa,0.92
1991-02-17,7.9,20.95,17.82,26.1,nasa,0.92
1991-02-18,21.9,21.23,17.81,25.49,nasa,0.93
1991-02-19,6.14,21.5,17.65,26.94,nasa,0.93
1991-02-20,1.19,19.35,14.88,25.46,nasa,0.93
1991-02-21,2.21,20.0,15.3,25.8,nasa,0.92
1991-02-22,1.32,21.5,16.32,27.43,nasa,0.91
1991-02-23,1.66,21.01,15.72,27.78,nasa,0.91
1991-02-24,0.59,18.36,13.39,25.63,nasa,0.9
1991-02-25,0.67,18.59,12.43,26.04,nasa,0.9
1991-02-26,2.74,19.67,15.04,25.56,nasa,0.89
1991-02-27,4.58,18.61,16.14,21.7,nasa,0.9
1991-02-28,9.05,18.87,15.16,23.88,nasa,0.9
1991-03-01,3.53,20.26,16.14,25.63,nasa,0.9
1991-03-02,7.46,19.65,16.58,23.81,nasa,0.9
1991-03-03,14.95,19.51,17.0,23.62,nasa,0.91
1991-03-04,16.58,19.17,16.66,22.61,nasa,0.92
1991-03-05,17.5,18.08,15.3,21.04,nasa,0.93
1991-03-06,6.95,19.84,16.56,24.44,nasa,0.94
1991-03-07,1.51,19.52,15.19,25.19,nasa,0.93
1991-03-08,4.89,19.44,14.73,25.31,nasa,0.92
1991-03-09,1.1,19.79,14.94,25.94,nasa,0.92
1991-03-10,3.48,20.87,15.18,26.98,nasa,0.91
1991-03-11,16.67,21.28,17.22,26.3,nasa,0.92
1991-03-12,12.44,21.83,18.62,26.68,nasa,0.93
1991-03-13,13.43,21.03,17.87,25.61,nasa,0.93
1991-03-14,3.75,20.85,16.95,26.58,nasa,0.93
1991-03-15,1.5,18.77,14.92,24.77,nasa,0.93
1991-03-16,0.44,17.36,12.88,23.95,nasa,0.92
1991-03-17,0.22,18.77,12.78,26.14,nasa,0.91
1991-03-18,1.95,19.47,13.07,26.02,nasa,0.91
1991-03-19,6.65,21.48,17.12,26.89,nasa,0.91
1991-03-20,5.48,22.4,18.33,27.92,nasa,0.91
1991-03-21,16.93,20.78,18.47,24.08,nasa,0.92
1991-03-22,9.39,18.71,17.45,21.36,nasa,0.93
1991-03-23,6.1,18.18,15.77,21.88,nasa,0.93
1991-03-24,27.17,18.34,16.11,20.53,nasa,0.94
1991-03-25,13.57,20.06,17.87,23.91,nasa,0.95
1991-03-26,23.66,18.72,16.29,22.57,nasa,0.96
1991-03-27,14.42,16.46,14.29,19.31,nasa,0.97
1991-03-28,39.22,15.98,13.92,18.81,nasa,0.98
1991-03-29,28.47,17.08,13.92,21.24,nasa,0.99
1991-03-30,10.57,17.94,15.64,20.7,nasa,0.99
1991-03-31,10.79,18.92,16.51,22.26,nasa,0.99
1991-04-01,5.89,18.93,16.78,21.88,nasa,0.99
1991-04-02,6.14,20.28,16.5,26.55,nasa,0.99
1991-04-03,0.79,18.72,15.0,23.94,nasa,0.99
1991-04-04,3.95,18.9,14.44,23.99,nasa,0.98
1991-04-05,1.1,17.83,14.04,23.36,nasa,0.98
1991-04-06,0.32,17.49,12.3,24.41,nasa,0.98
1991-04-07,0.14,16.57,12.94,21.0,nasa,0.97
1991-04-08,0.46,17.78,14.99,20.77,nasa,0.97
1991-04-09,3.54,19.1,16.34,23.01,nasa,0.97
1991-04-10,2.92,19.94,15.31,25.37,nasa,0.97
1991-04-11,0.4,19.99,15.16,26.1,nasa,0.97
1991-04-12,0.21,19.9,15.77,24.65,nasa,0.96
1991-04-13,2.25,19.59,15.75,24.4,nasa,0.96
1991-04-14,3.43,20.07,15.44,25.57,nasa,0.95
1991-04-15,2.39,19.79,15.81,24.88,nasa,0.95
1991-04-16,1.13,19.66,15.67,25.01,nasa,0.95
1991-04-17,0.38,19.56,15.33,25.17,nasa,0.95
1991-04-18,1.52,19.76,16.25,24.71,nasa,0.94
1991-04-19,6.79,19.68,16.29,24.05,nasa,0.94
1991-04-20,1.51,15.86,12.25,20.18,nasa,0.94
1991-04-21,0.54,14.15,9.82,20.78,nasa,0.94
1991-04-22,0.43,14.18,8.68,21.16,nasa,0.93
1991-04-23,0.75,15.05,9.73,21.32,nasa,0.93
1991-04-24,1.41,16.23,9.4,22.75,nasa,0.92
1991-04-25,24.6,18.03,14.61,22.82,nasa,0.93
1991-04-26,30.88,18.1,14.75,22.48,nasa,0.96
1991-04-27,3.86,18.0,13.85,22.12,nasa,0.96
1991-04-28,1.15,15.72,11.04,21.74,nasa,0.95
1991-04-29,0.65,15.36,11.03,21.92,nasa,0.95
1991-04-30,0.3,15.78,11.48,22.65,nasa,0.94
1991-05-01,0.19,15.18,10.36,21.73,nasa,0.94
1991-05-02,0.16,15.54,11.19,22.09,nasa,0.93
1991-05-03,0.03,15.37,9.47,21.87,nasa,0.93
1991-05-04,0.11,16.19,10.19,21.63,nasa,0.92
1991-05-05,0.02,16.88,12.92,22.48,nasa,0.92
1991-05-06,4.98,15.67,12.47,20.08,nasa,0.92
1991-05-07,5.57,15.26,12.92,18.86,nasa,0.92
1991-05-08,2.98,16.3,12.37,22.2,nasa,0.92
1991-05-09,0.19,15.2,10.04,21.89,nasa,0.92
1991-05-10,0.08,15.41,10.88,21.02,nasa,0.92
1991-05-11,0.04,15.68,11.28,21.01,nasa,0.91
1991-05-12,0.18,15.65,12.5,20.58,nasa,0.91
1991-05-13,0.06,15.46,11.89,20.81,nasa,0.91
1991-05-14,0.46,15.5,12.1,20.2,nasa,0.9
1991-05-15,3.86,15.92,12.07,20.49,nasa,0.9
1991-05-16,1.74,16.41,13.5,21.08,nasa,0.9
1991-05-17,0.25,15.38,13.52,18.54,nasa,0.9
1991-05-18,0.14,15.34,11.93,20.33,nasa,0.9
1991-05-19,0.69,16.06,12.58,21.56,nasa,0.9
1991-05-20,1.64,14.85,11.78,18.33,nasa,0.89
1991-05-21,1.04,15.3,10.87,20.52,nasa,0.89
1991-05-22,1.92,16.57,12.65,22.29,nasa,0.89
1991-05-23,0.33,17.05,13.43,22.49,nasa,0.89
1991-05-24,0.03,15.19,10.66,21.75,nasa,0.89
1991-05-25,0.07,16.89,11.77,22.41,nasa,0.88
1991-05-26,0.07,16.11,11.66,22.77,nasa,0.88
1991-05-27,0.06,15.51,10.69,21.8,nasa,0.88
1991-05-28,0.0,15.36,11.33,21.75,nasa,0.87
1991-05-29,0.01,14.68,10.09,21.26,nasa,0.87
1991-05-30,0.0,14.12,8.98,21.48,nasa,0.86
1991-05-31,0.02,13.66,7.85,20.53,nasa,0.86
1991-06-01,0.06,14.19,9.35,21.06,nasa,0.86
1991-06-02,0.16,13.61,7.16,20.52,nasa,0.86
1991-06-03,0.04,13.93,7.49,20.52,nasa,0.85
1991-06-04,0.0,15.04,8.8,21.3,nasa,0.85
1991-06-05,0.01,14.48,8.18,21.56,nasa,0.85
1991-06-06,0.03,16.13,11.38,21.83,nasa,0.85
1991-06-07,0.18,17.01,12.24,22.11,nasa,0.84
1991-06-08,0.83,15.98,11.87,21.61,nasa,0.84
1991-06-09,2.03,14.11,11.2,19.44,nasa,0.84
1991-06-10,0.7,12.31,9.37,17.09,nasa,0.84
1991-06-11,0.11,12.53,9.1,17.26,nasa,0.84
1991-06-12,0.04,13.65,9.4,19.36,nasa,0.84
1991-06-13,0.02,13.85,9.79,19.96,nasa,0.83
1991-06-14,0.06,14.49,9.39,20.42,nasa,0.83
1991-06-15,0.07,15.35,10.91,20.86,nasa,0.83
1991-06-16,0.33,15.95,11.17,21.16,nasa,0.83
1991-06-17,0.01,16.5,11.26,22.47,nasa,0.82
1991-06-18,0.03,16.8,11.09,23.34,nasa,0.82
1991-06-19,0.0,16.6,12.39,22.2,nasa,0.82
1991-06-20,0.1,17.02,13.24,22.66,nasa,0.82
1991-06-21,0.14,16.55,13.91,20.37,nasa,0.81
1991-06-22,0.09,15.59,11.86,20.59,nasa,0.81
1991-06-23,0.92,16.34,13.31,21.11,nasa,0.81
1991-06-24,5.78,14.83,12.47,18.25,nasa,0.82
1991-06-25,0.63,16.14,11.98,21.81,nasa,0.82
1991-06-26,0.16,15.62,11.84,22.25,nasa,0.82
1991-06-27,0.13,15.55,11.33,21.47,nasa,0.81
1991-06-28,0.39,14.89,11.05,20.88,nasa,0.81
1991-06-29,1.22,15.04,10.25,21.15,nasa,0.81
1991-06-30,1.98,13.74,10.3,17.78,nasa,0.81
1991-07-01,3.08,13.42,9.4,18.83,nasa,0.81
1991-07-02,1.58,14.31,10.52,20.35,nasa,0.81
1991-07-03,0.09,15.0,10.6,21.47,nasa,0.81
1991-07-04,0.18,14.04,9.84,20.13,nasa,0.8
1991-07-05,0.09,12.15,8.49,18.18,nasa,0.8
1991-07-06,0.07,13.25,8.6,18.55,nasa,0.8
1991-07-07,0.04,14.57,8.99,21.01,nasa,0.8
1991-07-08,0.01,14.3,9.12,20.15,nasa,0.79
1991-07-09,0.01,14.18,8.36,20.53,nasa,0.79
1991-07-10,0.0,14.2,7.69,20.97,nasa,0.79
1991-07-11,0.37,15.39,9.26,22.07,nasa,0.79
1991-07-12,4.63,15.12,11.6,20.31,nasa,0.79
1991-07-13,5.52,15.24,11.64,20.99,nasa,0.79
1991-07-14,2.51,12.88,10.33,16.68,nasa,0.8
1991-07-15,1.2,12.02,10.16,15.04,nasa,0.8
1991-07-16,3.25,13.24,9.7,18.07,nasa,0.8
1991-07-17,0.39,15.22,11.01,21.65,nasa,0.8
1991-07-18,0.01,15.76,11.08,21.91,nasa,0.79
1991-07-19,0.02,15.23,11.05,21.64,nasa,0.79
1991-07-20,0.05,14.59,9.39,21.76,nasa,0.79
1991-07-21,0.0,13.91,9.32,20.39,nasa,0.78
1991-07-22,0.01,13.35,8.12,20.31,nasa,0.78
1991-07-23,0.03,13.0,8.47,18.61,nasa,0.78
1991-07-24,0.19,14.56,9.47,20.26,nasa,0.77
1991-07-25,0.07,14.67,10.16,21.34,nasa,0.77
1991-07-26,0.04,14.02,9.92,20.94,nasa,0.77
1991-07-27,0.03,13.49,9.33,20.72,nasa,0.77
1991-07-28,0.02,13.61,8.26,20.78,nasa,0.76
1991-07-29,0.01,14.37,10.74,20.88,nasa,0.76
1991-07-30,0.0,14.06,9.59,21.15,nasa,0.76
1991-07-31,0.11,14.16,8.45,21.21,nasa,0.76
1991-08-01,0.02,15.46,9.04,22.71,nasa,0.75
1991-08-02,1.0,12.23,7.18,17.9,nasa,0.75
1991-08-03,0.57,8.48,6.28,12.27,nasa,0.75
1991-08-04,0.06,12.55,7.26,19.17,nasa,0.75
1991-08-05,0.03,13.86,7.03,21.81,nasa,0.75
1991-08-06,0.0,16.07,9.91,22.83,nasa,0.75
1991-08-07,0.61,17.42,10.54,24.58,nasa,0.74
1991-08-08,0.12,17.91,12.15,25.47,nasa,0.74
1991-08-09,0.12,17.11,10.72,25.1,nasa,0.74
1991-08-10,0.06,18.73,12.09,26.87,nasa,0.73
1991-08-11,0.37,19.24,13.53,26.62,nasa,0.73
1991-08-12,0.21,16.98,12.16,24.15,nasa,0.73
1991-08-13,0.13,16.99,12.03,23.95,nasa,0.73
1991-08-14,0.26,16.45,12.2,23.0,nasa,0.72
1991-08-15,0.06,12.9,8.74,18.52,nasa,0.72
1991-08-16,0.0,11.11,6.93,17.67,nasa,0.72
1991-08-17,0.0,11.42,6.37,18.82,nasa,0.72
1991-08-18,0.0,12.02,5.33,20.3,nasa,0.72
1991-08-19,0.03,13.29,8.87,20.23,nasa,0.71
1991-08-20,0.02,14.79,9.89,22.11,nasa,0.71
1991-08-21,0.0,14.2,8.15,23.02,nasa,0.71
1991-08-22,0.0,14.96,9.49,23.05,nasa,0.71
1991-08-23,0.04,15.87,10.8,23.87,nasa,0.7
1991-08-24,0.01,16.05,10.13,23.77,nasa,0.7
1991-08-25,0.0,16.24,9.13,24.25,nasa,0.7
1991-08-26,0.0,16.63,9.66,23.81,nasa,0.7
1991-08-27,0.01,18.26,11.21,25.34,nasa,0.69
1991-08-28,0.02,17.63,11.38,25.33,nasa,0.69
1991-08-29,0.02,17.75,11.13,26.23,nasa,0.69
1991-08-30,0.01,17.61,10.83,26.54,nasa,0.69
1991-08-31,0.14,16.43,9.79,25.67,nasa,0.68
1991-09-01,3.03,14.94,10.21,22.72,nasa,0.68
1991-09-02,1.42,12.79,9.49,18.25,nasa,0.69
1991-09-03,0.47,12.86,7.72,19.76,nasa,0.68
1991-09-04,0.18,13.11,8.16,21.68,nasa,0.68
1991-09-05,0.0,13.27,5.95,23.32,nasa,0.68
1991-09-06,0.0,13.82,6.43,23.95,nasa,0.68
1991-09-07,0.0,14.8,8.5,24.95,nasa,0.67
1991-09-08,0.0,15.5,6.81,25.41,nasa,0.67
1991-09-09,0.0,16.07,7.97,25.75,nasa,0.67
1991-09-10,0.0,17.89,11.23,25.84,nasa,0.67
1991-09-11,0.0,18.69,11.65,27.01,nasa,0.66
1991-09-12,0.0,17.64,11.81,26.84,nasa,0.66
1991-09-13,0.0,18.41,10.22,27.95,nasa,0.66
1991-09-14,0.01,20.61,11.51,29.55,nasa,0.66
1991-09-15,0.37,21.82,15.83,30.14,nasa,0.65
1991-09-16,0.13,20.0,13.93,27.92,nasa,0.65
1991-09-17,0.61,20.9,14.11,29.25,nasa,0.65
1991-09-18,0.23,22.03,14.1,30.36,nasa,0.65
1991-09-19,8.14,18.85,13.36,25.69,nasa,0.65
1991-09-20,1.46,14.96,11.31,21.05,nasa,0.66
1991-09-21,0.4,16.01,10.13,23.03,nasa,0.66
1991-09-22,0.34,18.94,11.91,26.48,nasa,0.66
1991-09-23,0.35,19.85,13.6,27.12,nasa,0.66
1991-09-24,7.46,18.11,12.89,25.68,nasa,0.66
1991-09-25,16.02,16.79,11.73,23.82,nasa,0.68
1991-09-26,2.44,16.09,11.96,21.46,nasa,0.69
1991-09-27,2.45,16.85,10.84,25.47,nasa,0.68
1991-09-28,13.21,18.37,11.99,26.4,nasa,0.69
1991-09-29,9.89,18.5,14.36,22.6,nasa,0.7
1991-09-30,21.3,19.9,16.1,24.33,nasa,0.73
1991-10-01,2.82,19.78,13.57,27.14,nasa,0.73
1991-10-02,19.98,17.44,12.56,22.32,nasa,0.73
1991-10-03,8.99,18.82,12.75,23.38,nasa,0.75
1991-10-04,1.04,16.39,11.68,22.87,nasa,0.74
1991-10-05,2.49,18.13,12.45,24.21,nasa,0.73
1991-10-06,7.4,19.14,15.14,23.77,nasa,0.73
1991-10-07,25.72,16.44,10.75,19.93,nasa,0.76
1991-10-08,5.92,13.22,10.52,16.57,nasa,0.77
1991-10-09,6.97,15.94,11.13,21.45,nasa,0.76
1991-10-10,8.57,18.51,14.73,23.97,nasa,0.77
1991-10-11,0.64,17.94,12.71,25.28,nasa,0.76
1991-10-12,0.06,17.08,11.07,24.87,nasa,0.75
1991-10-13,0.02,17.58,11.55,25.75,nasa,0.75
1991-10-14,0.03,18.68,12.21,26.39,nasa,0.74
1991-10-15,0.06,19.6,12.01,27.5,nasa,0.73
1991-10-16,2.44,20.36,13.38,28.02,nasa,0.73
1991-10-17,4.9,20.68,15.38,26.26,nasa,0.73
1991-10-18,2.89,20.36,16.64,26.16,nasa,0.73
1991-10-19,1.02,19.81,14.2,26.78,nasa,0.73
1991-10-20,0.96,18.79,14.75,25.02,nasa,0.73
1991-10-21,0.06,18.35,12.65,26.33,nasa,0.72
1991-10-22,0.15,18.12,11.66,26.45,nasa,0.71
1991-10-23,0.33,19.75,12.65,27.37,nasa,0.71
1991-10-24,0.12,19.76,12.58,27.05,nasa,0.7
1991-10-25,0.83,19.1,13.14,26.47,nasa,0.7
1991-10-26,1.74,19.6,13.33,27.07,nasa,0.7
1991-10-27,1.08,19.24,12.98,27.0,nasa,0.69
1991-10-28,0.36,19.77,11.44,28.85,nasa,0.69
1991-10-29,1.94,21.2,13.87,29.33,nasa,0.69
1991-10-30,1.03,22.47,15.86,29.29,nasa,0.68
1991-10-31,12.27,21.12,16.72,24.68,nasa,0.69
1991-11-01,20.2,18.62,14.97,24.0,nasa,0.72
1991-11-02,15.74,18.41,14.17,24.04,nasa,0.74
1991-11-03,3.2,19.31,13.18,26.75,nasa,0.75
1991-11-04,1.08,19.38,14.1,25.98,nasa,0.74
1991-11-05,0.33,19.21,12.71,27.16,nasa,0.73
1991-11-06,0.55,19.36,13.02,26.04,nasa,0.72
1991-11-07,0.28,20.48,13.73,27.66,nasa,0.71
1991-11-08,7.12,22.66,15.1,29.94,nasa,0.71
1991-11-09,8.62,20.84,17.51,26.25,nasa,0.72
1991-11-10,2.17,19.84,15.16,27.06,nasa,0.72
1991-11-11,0.97,20.12,13.04,27.49,nasa,0.72
1991-11-12,4.76,19.73,15.87,25.4,nasa,0.72
1991-11-13,4.3,20.67,15.02,27.07,nasa,0.72
1991-11-14,1.48,21.14,16.19,27.84,nasa,0.71
1991-11-15,4.74,21.56,17.09,28.18,nasa,0.71
1991-11-16,2.24,22.0,16.92,29.57,nasa,0.71
1991-11-17,2.05,21.53,15.28,29.19,nasa,0.71
1991-11-18,1.65,21.79,14.85,29.15,nasa,0.7
1991-11-19,1.7,22.54,16.7,30.32,nasa,0.7
1991-11-20,0.13,21.13,15.29,29.14,nasa,0.69
1991-11-21,0.09,19.45,13.58,27.98,nasa,0.69
1991-11-22,0.03,19.45,12.63,27.1,nasa,0.68
1991-11-23,0.07,20.83,14.39,28.57,nasa,0.68
1991-11-24,2.25,20.9,15.48,28.24,nasa,0.67
1991-11-25,0.54,20.99,13.62,28.48,nasa,0.67
1991-11-26,0.36,22.39,14.12,31.25,nasa,0.67
1991-11-27,2.04,21.4,16.4,29.31,nasa,0.67
1991-11-28,2.62,20.07,14.5,27.61,nasa,0.67
1991-11-29,4.14,19.91,13.95,27.14,nasa,0.67
1991-11-30,4.48,21.67,17.52,27.74,nasa,0.67
1991-12-01,4.65,19.2,14.11,24.32,nasa,0.68
1991-12-02,0.41,18.74,12.1,27.34,nasa,0.68
1991-12-03,0.2,19.28,12.15,28.41,nasa,0.67
1991-12-04,1.09,19.42,12.58,27.55,nasa,0.67
1991-12-05,2.81,21.15,14.02,29.42,nasa,0.67
1991-12-06,5.82,22.04,17.13,29.23,nasa,0.67
1991-12-07,23.69,21.98,18.35,27.33,nasa,0.69
1991-12-08,8.03,21.76,18.59,26.36,nasa,0.7
1991-12-09,7.21,23.3,19.19,29.45,nasa,0.71
1991-12-10,9.38,22.27,19.06,25.81,nasa,0.72
1991-12-11,3.3,22.62,18.0,28.45,nasa,0.71
1991-12-12,5.63,23.02,18.99,27.69,nasa,0.71
1991-12-13,6.68,22.44,17.52,28.53,nasa,0.72
1991-12-14,5.64,21.1,17.84,24.54,nasa,0.71
1991-12-15,11.41,22.27,17.66,27.9,nasa,0.72
1991-12-16,3.43,22.73,18.48,28.76,nasa,0.72
1991-12-17,7.9,22.33,16.81,28.58,nasa,0.72
1991-12-18,15.49,20.1,16.63,23.98,nasa,0.73
1991-12-19,10.32,19.5,15.01,23.94,nasa,0.74
1991-12-20,6.28,21.25,17.56,26.73,nasa,0.74
1991-12-21,9.94,21.99,16.35,29.33,nasa,0.74
1991-12-22,1.86,21.29,17.69,26.66,nasa,0.74
1991-12-23,2.87,20.16,17.99,22.04,nasa,0.74
1991-12-24,9.17,20.74,16.64,24.21,nasa,0.74
1991-12-25,9.65,21.25,17.2,25.73,nasa,0.75
1991-12-26,5.05,21.22,16.42,26.72,nasa,0.75
1991-12-27,13.85,21.1,16.9,27.25,nasa,0.75
1991-12-28,13.01,20.75,16.41,26.74,nasa,0.76
1991-12-29,15.33,20.38,16.37,26.3,nasa,0.77
1991-12-30,8.22,20.32,17.31,24.14,nasa,0.78
1991-12-31,7.5,19.88,16.65,25.19,nasa,0.78
1992-01-01,4.27,19.98,16.28,25.57,nasa,0.78
1992-01-02,11.85,20.37,15.44,25.45,nasa,0.78
1992-01-03,5.97,21.79,16.95,27.65,nasa,0.78
1992-01-04,14.03,21.06,18.51,25.32,nasa,0.79
1992-01-05,14.03,20.93,16.1,26.96,nasa,0.8
1992-01-06,1.68,19.2,12.96,27.16,nasa,0.8
1992-01-07,0.41,19.95,13.31,27.47,nasa,0.79
1992-01-08,0.17,21.13,14.6,28.15,nasa,0.77
1992-01-09,3.05,19.94,16.29,25.43,nasa,0.77
1992-01-10,0.8,20.51,15.57,27.41,nasa,0.77
1992-01-11,1.67,19.65,15.95,25.14,nasa,0.76
1992-01-12,7.38,19.58,14.76,25.55,nasa,0.76
1992-01-13,9.63,20.63,14.72,26.71,nasa,0.77
1992-01-14,7.85,21.78,18.04,27.85,nasa,0.78
1992-01-15,13.29,22.45,16.66,29.48,nasa,0.78
1992-01-16,25.74,21.08,16.89,26.56,nasa,0.8
1992-01-17,46.23,20.12,17.96,23.51,nasa,0.85
1992-01-18,22.46,20.34,17.33,24.23,nasa,0.88
1992-01-19,13.92,20.13,16.62,25.41,nasa,0.87
1992-01-20,9.63,20.79,17.35,26.42,nasa,0.87
1992-01-21,32.16,18.44,15.79,20.59,nasa,0.88
1992-01-22,63.91,18.11,16.52,20.51,nasa,0.92
1992-01-23,54.48,20.23,16.05,25.25,nasa,0.94
1992-01-24,15.71,19.31,17.9,21.11,nasa,0.95
1992-01-25,11.23,20.54,17.0,25.5,nasa,0.94
1992-01-26,4.51,21.28,18.03,26.06,nasa,0.93
1992-01-27,4.77,20.95,18.34,25.21,nasa,0.93
1992-01-28,4.85,21.64,17.78,26.34,nasa,0.93
1992-01-29,11.33,21.82,17.82,26.38,nasa,0.92
1992-01-30,21.02,21.14,17.72,25.41,nasa,0.93
1992-01-31,5.54,21.06,17.87,25.33,nasa,0.94
1992-02-01,2.79,20.14,17.67,24.15,nasa,0.94
1992-02-02,9.25,18.74,16.15,22.46,nasa,0.93
1992-02-03,15.85,17.7,15.34,20.77,nasa,0.94
1992-02-04,10.17,17.84,16.0,20.53,nasa,0.95
1992-02-05,15.16,18.75,17.2,21.05,nasa,0.95
1992-02-06,15.64,19.46,16.49,23.4,nasa,0.96
1992-02-07,11.11,19.42,16.36,24.25,nasa,0.96
1992-02-08,6.93,17.95,16.15,20.37,nasa,0.96
1992-02-09,5.88,19.2,15.57,24.28,nasa,0.96
1992-02-10,1.85,19.08,15.1,24.58,nasa,0.96
1992-02-11,1.18,19.38,14.85,25.12,nasa,0.95
1992-02-12,0.25,19.43,15.22,24.5,nasa,0.94
1992-02-13,0.6,20.08,15.04,26.59,nasa,0.94
1992-02-14,0.14,19.45,14.07,26.15,nasa,0.93
1992-02-15,1.41,19.5,12.81,25.64,nasa,0.92
1992-02-16,0.51,20.38,14.17,27.28,nasa,0.92
1992-02-17,0.93,19.95,14.82,26.63,nasa,0.91
1992-02-18,1.33,19.56,12.58,26.52,nasa,0.91
1992-02-19,1.17,19.35,12.6,26.64,nasa,0.9
1992-02-20,1.16,19.78,13.1,26.85,nasa,0.9
1992-02-21,1.36,20.59,12.95,26.7,nasa,0.89
1992-02-22,1.73,21.31,14.45,26.82,nasa,0.89
1992-02-23,1.16,20.69,17.96,23.87,nasa,0.88
1992-02-24,0.47,19.85,14.68,25.17,nasa,0.88
1992-02-25,8.09,20.18,14.56,25.93,nasa,0.88
1992-02-26,8.22,19.57,17.17,22.21,nasa,0.89
1992-02-27,3.47,20.26,16.64,24.83,nasa,0.89
1992-02-28,3.98,20.2,17.42,24.57,nasa,0.89
1992-02-29,3.17,18.71,14.72,24.82,nasa,0.89
1992-03-01,4.65,18.16,14.19,23.69,nasa,0.89
1992-03-02,16.51,17.88,15.46,20.49,nasa,0.9
1992-03-03,4.9,19.06,15.78,23.4,nasa,0.9
1992-03-04,16.58,19.39,16.64,23.68,nasa,0.91
1992-03-05,4.02,19.95,15.75,25.86,nasa,0.91
1992-03-06,4.34,20.36,15.13,26.17,nasa,0.91
1992-03-07,5.31,19.43,14.66,25.01,nasa,0.91
1992-03-08,9.55,18.92,16.39,22.29,nasa,0.91
1992-03-09,6.27,18.37,15.73,21.17,nasa,0.92
1992-03-10,1.0,19.17,15.86,23.49,nasa,0.91
1992-03-11,6.16,19.81,15.01,25.69,nasa,0.91
1992-03-12,6.52,19.78,15.93,25.27,nasa,0.91
1992-03-13,6.84,19.42,14.67,25.13,nasa,0.91
1992-03-14,1.03,19.27,15.08,25.07,nasa,0.91
1992-03-15,1.38,19.49,15.24,25.14,nasa,0.9
1992-03-16,7.7,19.74,17.02,23.91,nasa,0.9
1992-03-17,9.69,19.14,16.0,23.21,nasa,0.91
1992-03-18,11.13,20.19,15.66,26.0,nasa,0.92
1992-03-19,7.88,19.0,15.22,23.93,nasa,0.92
1992-03-20,2.15,19.21,14.59,24.3,nasa,0.92
1992-03-21,0.51,19.71,15.59,25.26,nasa,0.91
1992-03-22,1.3,19.67,13.65,25.65,nasa,0.9
1992-03-23,1.14,19.3,15.48,24.06,nasa,0.9
1992-03-24,0.81,18.95,14.41,24.42,nasa,0.9
1992-03-25,8.28,18.27,15.0,22.29,nasa,0.89
1992-03-26,8.21,18.67,14.68,24.18,nasa,0.9
1992-03-27,0.74,18.46,14.74,24.28,nasa,0.9
1992-03-28,0.44,18.8,15.41,23.32,nasa,0.9
1992-03-29,1.21,19.19,15.77,24.11,nasa,0.89
1992-03-30,7.05,18.97,14.31,24.55,nasa,0.89
1992-03-31,4.22,19.3,14.92,24.18,nasa,0.9
1992-04-01,5.83,19.6,15.86,24.4,nasa,0.9
1992-04-02,7.33,19.35,16.86,22.79,nasa,0.9
1992-04-03,0.57,19.78,15.09,25.29,nasa,0.9
1992-04-04,0.08,20.26,16.08,26.88,nasa,0.89
1992-04-05,0.25,20.09,14.83,25.79,nasa,0.89
1992-04-06,0.56,20.6,17.07,24.75,nasa,0.88
1992-04-07,0.6,21.37,17.95,25.68,nasa,0.88
1992-04-08,1.97,20.85,16.58,26.7,nasa,0.88
1992-04-09,0.76,16.98,14.14,20.15,nasa,0.88
1992-04-10,0.39,17.14,13.35,22.71,nasa,0.88
1992-04-11,0.16,18.21,13.22,24.34,nasa,0.87
1992-04-12,0.97,19.22,15.07,24.55,nasa,0.87
1992-04-13,5.78,18.99,15.44,23.8,nasa,0.86
1992-04-14,17.41,19.27,16.63,23.76,nasa,0.88
1992-04-15,8.96,18.9,14.57,23.69,nasa,0.89
1992-04-16,7.26,18.6,14.03,23.79,nasa,0.89
1992-04-17,0.68,17.64,12.48,23.54,nasa,0.89
1992-04-18,0.04,17.03,11.71,23.63,nasa,0.88
1992-04-19,0.7,17.12,11.64,23.43,nasa,0.87
1992-04-20,0.38,17.81,12.76,23.62,nasa,0.87
1992-04-21,0.88,18.32,15.18,22.71,nasa,0.86
1992-04-22,1.19,18.94,15.25,24.02,nasa,0.86
1992-04-23,0.58,19.84,15.06,25.5,nasa,0.86
1992-04-24,4.03,19.96,16.82,24.12,nasa,0.86
1992-04-25,1.34,20.21,17.12,24.85,nasa,0.86
1992-04-26,6.73,20.11,16.03,26.36,nasa,0.86
1992-04-27,1.28,18.99,14.53,24.29,nasa,0.86
1992-04-28,0.24,17.33,12.58,23.25,nasa,0.86
1992-04-29,0.64,18.29,14.37,23.45,nasa,0.85
1992-04-30,1.18,20.25,16.56,25.83,nasa,0.85
1992-05-01,7.13,19.42,14.8,24.81,nasa,0.85
1992-05-02,6.03,19.94,16.98,24.44,nasa,0.86
1992-05-03,12.83,17.65,15.31,21.84,nasa,0.86
1992-05-04,13.59,17.9,15.29,21.84,nasa,0.88
1992-05-05,3.1,18.47,15.45,22.76,nasa,0.88
1992-05-06,3.96,17.44,13.59,23.29,nasa,0.88
1992-05-07,0.69,17.5,12.45,23.37,nasa,0.87
1992-05-08,0.13,17.35,12.68,23.15,nasa,0.87
1992-05-09,0.15,17.19,13.53,22.98,nasa,0.86
1992-05-10,0.14,16.71,12.59,22.11,nasa,0.86
1992-05-11,0.29,18.15,14.07,23.59,nasa,0.86
1992-05-12,0.24,18.76,14.65,24.44,nasa,0.85
1992-05-13,1.26,19.02,15.16,24.48,nasa,0.85
1992-05-14,1.15,17.93,15.45,21.77,nasa,0.85
1992-05-15,2.25,17.92,12.76,23.63,nasa,0.85
1992-05-16,0.04,17.63,13.11,23.73,nasa,0.85
1992-05-17,0.22,17.33,13.0,23.85,nasa,0.84
1992-05-18,0.0,18.0,14.64,23.87,nasa,0.84
1992-05-19,2.37,17.83,14.64,22.49,nasa,0.84
1992-05-20,5.08,15.65,12.62,19.6,nasa,0.84
1992-05-21,0.78,14.9,11.23,19.87,nasa,0.84
1992-05-22,2.92,17.17,13.36,22.39,nasa,0.84
1992-05-23,3.89,17.74,14.88,20.21,nasa,0.84
1992-05-24,1.19,15.91,12.27,21.39,nasa,0.85
1992-05-25,0.04,16.1,10.88,22.25,nasa,0.84
1992-05-26,0.09,16.07,10.9,22.21,nasa,0.84
1992-05-27,0.07,15.88,10.68,22.35,nasa,0.83
1992-05-28,0.05,16.9,13.24,22.59,nasa,0.83
1992-05-29,0.06,17.34,13.71,22.8,nasa,0.83
1992-05-30,0.08,18.06,13.73,23.7,nasa,0.82
1992-05-31,0.15,18.35,14.43,23.71,nasa,0.82
1992-06-01,0.4,16.4,13.16,21.12,nasa,0.82
1992-06-02,0.03,16.73,11.99,23.04,nasa,0.82
1992-06-03,0.16,16.99,11.41,23.47,nasa,0.81
1992-06-04,0.08,18.34,14.09,24.05,nasa,0.81
1992-06-05,0.16,17.56,13.05,23.08,nasa,0.81
1992-06-06,0.04,18.91,15.43,24.05,nasa,0.8
1992-06-07,0.0,19.16,14.16,24.34,nasa,0.8
1992-06-08,0.02,17.56,12.83,24.26,nasa,0.8
1992-06-09,0.02,15.3,11.32,21.68,nasa,0.8
1992-06-10,0.12,15.67,10.66,21.34,nasa,0.79
1992-06-11,0.11,16.02,11.19,22.21,nasa,0.79
1992-06-12,0.41,15.57,11.81,21.85,nasa,0.79
1992-06-13,0.03,13.78,9.98,20.58,nasa,0.79
1992-06-14,0.07,12.27,8.17,18.34,nasa,0.79
1992-06-15,0.03,12.16,7.63,19.31,nasa,0.78
1992-06-16,0.01,11.98,7.03,18.67,nasa,0.78
1992-06-17,0.01,12.21,8.05,18.16,nasa,0.78
1992-06-18,0.01,12.05,8.16,18.12,nasa,0.78
1992-06-19,0.04,12.29,7.51,19.18,nasa,0.77
1992-06-20,0.04,14.13,9.99,18.72,nasa,0.77
1992-06-21,0.01,14.82,12.3,18.37,nasa,0.77
1992-06-22,0.02,15.17,10.19,20.83,nasa,0.77
1992-06-23,0.0,15.65,9.38,21.82,nasa,0.77
1992-06-24,0.0,15.91,10.6,22.06,nasa,0.77
1992-06-25,0.0,14.68,8.59,21.77,nasa,0.76
1992-06-26,0.02,14.43,10.33,19.71,nasa,0.76
1992-06-27,0.04,14.62,9.69,21.29,nasa,0.76
1992-06-28,0.02,15.39,9.52,21.59,nasa,0.76
1992-06-29,0.02,16.51,11.3,22.71,nasa,0.75
1992-06-30,0.0,17.29,11.77,23.13,nasa,0.75
1992-07-01,0.04,17.01,12.39,23.29,nasa,0.75
1992-07-02,0.06,17.53,12.14,24.02,nasa,0.75
1992-07-03,0.42,15.95,12.86,21.05,nasa,0.74
1992-07-04,0.14,15.72,11.76,22.07,nasa,0.74
1992-07-05,0.16,15.75,11.28,22.12,nasa,0.74
1992-07-06,0.54,14.49,8.52,21.01,nasa,0.74
1992-07-07,6.54,12.23,8.74,16.09,nasa,0.74
1992-07-08,12.87,11.39,8.48,15.12,nasa,0.76
1992-07-09,8.92,13.05,10.92,16.22,nasa,0.77
1992-07-10,0.85,14.41,11.4,19.9,nasa,0.77
1992-07-11,0.08,13.88,10.01,19.91,nasa,0.77
1992-07-12,0.54,14.59,10.49,20.44,nasa,0.76
1992-07-13,0.17,15.65,11.89,21.5,nasa,0.76
1992-07-14,0.02,14.48,10.31,20.62,nasa,0.75
1992-07-15,0.01,15.24,9.04,22.5,nasa,0.75
1992-07-16,0.31,16.84,11.89,23.51,nasa,0.75
1992-07-17,0.14,16.45,11.73,23.04,nasa,0.74
1992-07-18,0.06,16.59,11.38,23.83,nasa,0.74
1992-07-19,0.14,14.97,8.83,22.16,nasa,0.74
1992-07-20,0.18,14.65,9.69,21.39,nasa,0.74
1992-07-21,0.05,15.35,11.26,21.55,nasa,0.73
1992-07-22,0.37,14.56,11.0,20.08,nasa,0.73
1992-07-23,0.83,11.14,7.76,15.13,nasa,0.73
1992-07-24,2.0,9.5,6.82,13.7,nasa,0.73
1992-07-25,0.29,10.7,7.48,16.38,nasa,0.73
1992-07-26,0.08,11.11,6.75,18.08,nasa,0.73
1992-07-27,0.03,11.02,7.45,16.46,nasa,0.73
1992-07-28,0.01,13.08,6.86,19.98,nasa,0.73
1992-07-29,0.01,14.57,7.2,21.52,nasa,0.73
1992-07-30,0.0,14.9,8.37,22.62,nasa,0.72
1992-07-31,0.0,16.88,11.46,23.99,nasa,0.72
1992-08-01,0.04,17.78,12.5,24.56,nasa,0.72
1992-08-02,0.41,13.68,8.95,20.81,nasa,0.71
1992-08-03,0.21,11.8,8.08,17.6,nasa,0.71
1992-08-04,0.02,15.03,9.08,22.38,nasa,0.71
1992-08-05,0.12,15.01,9.94,21.12,nasa,0.71
1992-08-06,0.04,14.77,10.34,21.45,nasa,0.71
1992-08-07,0.12,14.81,9.87,20.95,nasa,0.71
1992-08-08,0.07,15.35,10.99,21.97,nasa,0.7
1992-08-09,0.18,14.53,10.68,19.79,nasa,0.7
1992-08-10,0.03,15.12,10.55,22.42,nasa,0.7
1992-08-11,0.11,15.62,8.58,23.31,nasa,0.7
1992-08-12,1.76,15.9,9.95,22.17,nasa,0.7
1992-08-13,3.74,15.54,10.71,21.82,nasa,0.7
1992-08-14,0.73,13.97,9.04,22.06,nasa,0.7
1992-08-15,0.12,14.03,9.21,21.33,nasa,0.7
1992-08-16,0.09,14.44,9.43,21.74,nasa,0.7
1992-08-17,0.11,15.77,9.83,23.9,nasa,0.69
1992-08-18,0.92,15.43,11.06,22.73,nasa,0.69
1992-08-19,1.46,16.33,12.42,22.06,nasa,0.69
1992-08-20,0.69,15.0,11.85,20.54,nasa,0.69
1992-08-21,1.31,14.8,11.42,18.93,nasa,0.69
1992-08-22,1.44,17.3,12.58,24.15,nasa,0.69
1992-08-23,2.14,18.19,14.09,24.44,nasa,0.69
1992-08-24,0.08,15.29,9.07,23.88,nasa,0.69
1992-08-25,0.14,13.72,5.52,24.05,nasa,0.69
1992-08-26,0.04,15.0,8.31,22.48,nasa,0.68
1992-08-27,0.08,17.31,11.44,24.52,nasa,0.68
1992-08-28,1.46,17.75,9.75,26.03,nasa,0.68
1992-08-29,1.61,18.57,11.8,26.43,nasa,0.68
1992-08-30,0.43,19.15,14.08,26.48,nasa,0.68
1992-08-31,0.15,19.62,13.42,26.65,nasa,0.67
1992-09-01,0.79,18.73,12.4,26.1,nasa,0.67
1992-09-02,0.53,18.5,11.66,25.97,nasa,0.67
1992-09-03,3.71,18.52,13.33,24.89,nasa,0.67
1992-09-04,5.69,18.8,13.6,26.25,nasa,0.67
1992-09-05,7.57,17.92,13.5,24.23,nasa,0.68
1992-09-06,28.52,15.23,12.71,18.48,nasa,0.7
1992-09-07,9.95,14.3,11.37,18.25,nasa,0.75
1992-09-08,1.04,14.56,10.18,21.9,nasa,0.73
1992-09-09,0.36,13.57,8.64,20.57,nasa,0.72
1992-09-10,0.45,14.31,9.15,21.64,nasa,0.72
1992-09-11,2.71,14.26,9.83,21.17,nasa,0.71
1992-09-12,6.89,13.26,10.36,18.89,nasa,0.71
1992-09-13,1.06,15.84,10.98,22.37,nasa,0.72
1992-09-14,1.51,16.6,13.25,22.26,nasa,0.72
1992-09-15,12.53,16.59,13.47,21.82,nasa,0.72
1992-09-16,2.86,17.5,14.37,22.46,nasa,0.73
1992-09-17,9.65,17.16,14.45,22.13,nasa,0.73
1992-09-18,1.75,18.4,13.8,24.65,nasa,0.74
1992-09-19,0.43,18.09,14.69,22.77,nasa,0.73
1992-09-20,1.04,17.83,12.63,25.0,nasa,0.73
1992-09-21,1.56,18.2,12.84,25.43,nasa,0.72
1992-09-22,0.19,18.63,13.34,26.21,nasa,0.72
1992-09-23,0.58,19.36,13.58,26.17,nasa,0.71
1992-09-24,1.58,19.65,14.39,26.73,nasa,0.71
1992-09-25,5.84,19.78,14.3,26.12,nasa,0.71
1992-09-26,19.01,15.48,11.96,20.09,nasa,0.73
1992-09-27,25.29,14.31,11.42,17.75,nasa,0.76
1992-09-28,4.84,17.33,12.41,24.75,nasa,0.78
1992-09-29,0.85,16.47,10.85,24.43,nasa,0.76
1992-09-30,0.64,17.35,10.94,24.24,nasa,0.75
1992-10-01,4.24,18.44,12.99,24.63,nasa,0.75
1992-10-02,5.59,18.47,15.5,22.51,nasa,0.75
1992-10-03,0.9,19.27,15.21,24.55,nasa,0.75
1992-10-04,0.87,18.34,13.46,25.19,nasa,0.75
1992-10-05,0.56,17.28,12.06,23.63,nasa,0.74
1992-10-06,3.49,18.58,13.11,24.9,nasa,0.74
1992-10-07,10.25,18.41,13.95,25.05,nasa,0.74
1992-10-08,17.33,17.21,13.04,22.62,nasa,0.76
1992-10-09,6.71,15.27,11.26,20.46,nasa,0.78
1992-10-10,1.19,15.24,10.35,21.76,nasa,0.77
1992-10-11,2.86,16.84,10.47,23.83,nasa,0.76
1992-10-12,9.82,18.34,14.88,23.01,nasa,0.76
1992-10-13,0.61,19.45,14.38,25.43,nasa,0.77
1992-10-14,0.56,19.13,11.7,27.05,nasa,0.76
1992-10-15,0.09,20.19,14.32,27.43,nasa,0.75
1992-10-16,0.77,20.7,15.53,26.86,nasa,0.74
1992-10-17,2.96,20.07,16.49,24.94,nasa,0.74
1992-10-18,8.77,19.93,14.5,26.2,nasa,0.75
1992-10-19,4.87,20.99,15.83,27.6,nasa,0.75
1992-10-20,1.99,21.85,15.82,27.97,nasa,0.75
1992-10-21,7.78,19.08,12.73,24.8,nasa,0.75
1992-10-22,1.01,17.41,11.76,25.41,nasa,0.75
1992-10-23,2.11,16.89,12.03,22.42,nasa,0.75
1992-10-24,2.67,19.75,15.1,26.17,nasa,0.75
1992-10-25,1.13,20.28,15.55,26.16,nasa,0.74
1992-10-26,2.26,20.9,15.74,27.32,nasa,0.74
1992-10-27,16.49,19.49,16.92,23.43,nasa,0.75
1992-10-28,10.48,20.44,17.29,25.28,nasa,0.76
1992-10-29,5.57,20.16,16.23,25.22,nasa,0.77
1992-10-30,14.26,20.05,16.67,24.15,nasa,0.78
1992-10-31,7.92,20.03,15.36,26.72,nasa,0.79
1992-11-01,9.54,18.25,14.59,22.56,nasa,0.79
1992-11-02,12.55,20.93,16.32,27.91,nasa,0.8
1992-11-03,7.77,20.86,17.83,24.67,nasa,0.8
1992-11-04,28.32,18.92,14.53,22.54,nasa,0.82
1992-11-05,17.13,14.26,12.37,17.11,nasa,0.85
1992-11-06,8.14,14.09,11.18,18.21,nasa,0.85
1992-11-07,6.97,15.75,10.52,20.62,nasa,0.85
1992-11-08,9.17,19.93,16.01,24.84,nasa,0.84
1992-11-09,13.03,20.63,17.12,26.2,nasa,0.84
1992-11-10,3.48,19.22,16.46,22.81,nasa,0.85
1992-11-11,1.31,20.24,15.03,26.14,nasa,0.84
1992-11-12,2.56,20.74,14.99,27.53,nasa,0.84
1992-11-13,5.04,20.93,14.95,27.72,nasa,0.83
1992-11-14,0.95,21.38,15.39,28.79,nasa,0.83
1992-11-15,0.78,20.85,13.91,27.98,nasa,0.82
1992-11-16,4.58,21.08,14.35,27.66,nasa,0.82
1992-11-17,12.5,20.07,15.34,24.75,nasa,0.83
1992-11-18,1.42,19.54,14.08,26.19,nasa,0.83
1992-11-19,1.03,19.66,13.25,26.24,nasa,0.82
1992-11-20,9.94,20.86,14.93,27.1,nasa,0.82
1992-11-21,20.69,20.8,16.36,25.63,nasa,0.83
1992-11-22,6.85,19.71,15.4,25.02,nasa,0.84
1992-11-23,13.04,19.5,15.71,24.53,nasa,0.85
1992-11-24,9.98,18.29,15.18,22.48,nasa,0.85
1992-11-25,5.67,18.99,16.13,22.23,nasa,0.85
1992-11-26,11.85,18.87,15.6,23.18,nasa,0.86
1992-11-27,5.57,17.43,13.28,23.37,nasa,0.86
1992-11-28,2.31,16.75,12.22,23.95,nasa,0.85
1992-11-29,0.29,17.11,11.54,24.58,nasa,0.85
1992-11-30,0.65,17.67,10.85,24.63,nasa,0.84
1992-12-01,19.02,18.34,14.73,22.6,nasa,0.84
1992-12-02,9.51,19.02,14.65,24.31,nasa,0.86
1992-12-03,0.71,19.48,13.13,26.95,nasa,0.86
1992-12-04,0.44,17.98,15.12,22.39,nasa,0.85
1992-12-05,0.54,19.5,14.11,25.97,nasa,0.84
1992-12-06,0.97,19.42,14.36,25.6,nasa,0.84
1992-12-07,6.26,20.36,14.95,26.1,nasa,0.83
1992-12-08,2.14,20.22,15.0,26.62,nasa,0.84
1992-12-09,2.74,18.66,14.42,23.08,nasa,0.83
1992-12-10,15.7,19.67,16.4,23.33,nasa,0.84
1992-12-11,27.27,20.42,18.26,23.83,nasa,0.86
1992-12-12,9.3,20.22,14.8,26.09,nasa,0.88
1992-12-13,1.76,17.76,11.95,24.86,nasa,0.87
1992-12-14,0.32,16.25,8.34,24.8,nasa,0.86
1992-12-15,0.22,18.63,11.57,26.57,nasa,0.85
1992-12-16,3.28,20.2,13.75,26.97,nasa,0.84
1992-12-17,26.22,20.69,17.24,25.33,nasa,0.85
1992-12-18,12.67,19.74,17.24,23.23,nasa,0.88
1992-12-19,2.66,21.86,17.16,27.49,nasa,0.88
1992-12-20,3.38,22.25,16.32,27.97,nasa,0.86
1992-12-21,2.15,21.81,16.87,27.43,nasa,0.85
1992-12-22,0.18,20.17,14.68,27.19,nasa,0.85
1992-12-23,0.32,18.78,12.82,26.74,nasa,0.84
1992-12-24,0.5,19.86,13.01,27.06,nasa,0.83
1992-12-25,3.24,19.19,13.23,25.42,nasa,0.83
1992-12-26,1.59,19.26,13.98,26.26,nasa,0.83
1992-12-27,0.28,18.52,11.9,26.55,nasa,0.82
1992-12-28,0.7,18.99,12.73,25.94,nasa,0.81
1992-12-29,2.19,20.4,14.35,26.99,nasa,0.81
1992-12-30,0.4,20.75,16.67,26.18,nasa,0.8
1992-12-31,0.11,21.4,15.46,28.8,nasa,0.8
1993-01-01,0.23,21.93,13.86,30.6,nasa,0.79
1993-01-02,10.01,22.46,15.49,28.82,nasa,0.79
1993-01-03,14.5,21.67,17.6,26.79,nasa,0.8
1993-01-04,8.69,21.65,17.42,27.57,nasa,0.82
1993-01-05,9.57,20.11,16.97,23.36,nasa,0.82
1993-01-06,10.73,20.74,17.56,25.11,nasa,0.83
1993-01-07,6.76,21.32,16.54,26.64,nasa,0.83
1993-01-08,7.36,20.49,18.28,23.74,nasa,0.83
1993-01-09,8.27,19.47,17.41,22.13,nasa,0.83
1993-01-10,9.76,19.25,16.56,22.6,nasa,0.84
1993-01-11,9.65,18.74,16.48,21.58,nasa,0.85
1993-01-12,11.15,18.94,16.45,22.01,nasa,0.85
1993-01-13,2.92,20.71,15.14,26.92,nasa,0.85
1993-01-14,0.13,20.36,14.71,27.8,nasa,0.84
1993-01-15,1.13,20.45,13.48,27.17,nasa,0.83
1993-01-16,6.07,21.45,15.67,26.33,nasa,0.83
1993-01-17,7.25,21.87,16.64,27.13,nasa,0.83
1993-01-18,10.67,19.75,16.79,23.92,nasa,0.84
1993-01-19,13.95,17.9,15.42,21.54,nasa,0.85
1993-01-20,10.67,17.83,15.32,21.84,nasa,0.86
1993-01-21,13.55,19.65,15.2,25.59,nasa,0.87
1993-01-22,6.7,20.13,14.26,27.04,nasa,0.87
1993-01-23,5.51,19.5,15.85,24.21,nasa,0.87
1993-01-24,5.94,19.75,17.22,23.05,nasa,0.87
1993-01-25,7.12,21.93,16.61,27.7,nasa,0.87
1993-01-26,6.63,21.4,16.58,26.71,nasa,0.87
1993-01-27,3.18,20.62,15.29,25.84,nasa,0.87
1993-01-28,4.19,20.91,15.11,27.09,nasa,0.86
1993-01-29,5.87,21.66,17.58,27.19,nasa,0.86
1993-01-30,1.83,21.13,16.5,26.79,nasa,0.86
1993-01-31,2.66,20.38,14.07,26.8,nasa,0.85
1993-02-01,3.71,20.48,15.3,26.1,nasa,0.85
1993-02-02,8.15,20.38,16.47,25.25,nasa,0.85
1993-02-03,16.19,19.16,16.38,22.46,nasa,0.87
1993-02-04,21.0,19.29,15.78,24.26,nasa,0.88
1993-02-05,17.54,19.11,17.51,22.52,nasa,0.9
1993-02-06,12.8,19.25,16.97,23.2,nasa,0.91
1993-02-07,6.56,20.56,16.81,25.27,nasa,0.9
1993-02-08,2.12,20.26,18.0,23.58,nasa,0.9
1993-02-09,5.7,21.23,16.63,26.97,nasa,0.9
1993-02-10,16.98,21.06,16.77,27.03,nasa,0.9
1993-02-11,13.36,20.26,17.09,25.24,nasa,0.91
1993-02-12,7.02,19.21,15.61,24.34,nasa,0.91
1993-02-13,8.79,19.3,14.91,25.19,nasa,0.91
1993-02-14,18.41,18.62,16.47,20.98,nasa,0.92
1993-02-15,22.43,19.36,17.29,22.97,nasa,0.94
1993-02-16,7.56,17.94,14.54,21.53,nasa,0.95
1993-02-17,1.83,19.14,15.04,23.9,nasa,0.94
1993-02-18,2.18,20.76,16.05,26.31,nasa,0.93
1993-02-19,0.8,20.48,16.38,26.62,nasa,0.93
1993-02-20,5.47,19.74,16.16,24.56,nasa,0.93
1993-02-21,9.51,20.13,16.31,25.47,nasa,0.93
1993-02-22,10.35,19.27,16.29,24.56,nasa,0.93
1993-02-23,9.02,18.11,15.21,22.0,nasa,0.94
1993-02-24,9.45,18.73,15.32,22.73,nasa,0.94
1993-02-25,10.73,20.07,16.06,24.87,nasa,0.94
1993-02-26,16.29,19.07,17.32,22.32,nasa,0.95
1993-02-27,15.85,19.17,16.76,22.33,nasa,0.96
1993-02-28,5.66,18.76,15.48,24.55,nasa,0.96
1993-03-01,11.63,19.78,14.5,25.02,nasa,0.96
1993-03-02,4.95,19.93,16.7,23.64,nasa,0.96
1993-03-03,5.15,20.45,15.08,26.05,nasa,0.96
1993-03-04,2.74,20.44,16.74,25.42,nasa,0.96
1993-03-05,2.55,20.2,16.63,24.94,nasa,0.96
1993-03-06,0.62,20.4,15.88,26.26,nasa,0.95
1993-03-07,0.37,21.06,14.59,27.37,nasa,0.94
1993-03-08,3.37,21.63,15.73,27.5,nasa,0.94
1993-03-09,4.75,21.99,18.0,27.42,nasa,0.94
1993-03-10,10.47,20.4,15.93,25.09,nasa,0.94
1993-03-11,10.36,20.61,17.03,24.55,nasa,0.95
1993-03-12,7.83,20.62,17.37,26.03,nasa,0.95
1993-03-13,0.99,20.26,17.26,24.24,nasa,0.95
1993-03-14,0.43,21.42,16.07,26.81,nasa,0.94
1993-03-15,3.25,20.92,16.61,26.0,nasa,0.94
1993-03-16,3.19,20.17,16.0,24.62,nasa,0.94
1993-03-17,9.54,19.78,16.17,24.38,nasa,0.94
1993-03-18,7.31,19.77,15.49,25.05,nasa,0.94
1993-03-19,8.19,19.86,16.51,24.52,nasa,0.94
1993-03-20,10.44,19.64,16.81,24.3,nasa,0.94
1993-03-21,4.16,17.71,15.52,20.89,nasa,0.95
1993-03-22,1.64,18.44,15.63,22.19,nasa,0.95
1993-03-23,6.91,20.17,15.66,25.42,nasa,0.95
1993-03-24,7.24,20.36,16.8,25.4,nasa,0.95
1993-03-25,6.35,19.03,17.08,21.88,nasa,0.95
1993-03-26,9.65,20.06,16.69,24.51,nasa,0.95
1993-03-27,11.16,20.09,16.34,24.8,nasa,0.96
1993-03-28,6.74,19.24,15.8,23.78,nasa,0.96
1993-03-29,9.39,20.13,16.96,24.82,nasa,0.96
1993-03-30,10.85,20.68,16.44,25.87,nasa,0.96
1993-03-31,2.89,21.31,16.67,26.78,nasa,0.96
1993-04-01,3.74,19.43,16.97,23.38,nasa,0.96
1993-04-02,10.42,19.14,17.18,21.78,nasa,0.96
1993-04-03,3.08,20.18,15.9,25.45,nasa,0.96
1993-04-04,4.85,20.36,14.59,26.18,nasa,0.96
1993-04-05,3.17,20.23,15.67,25.69,nasa,0.96
1993-04-06,2.45,20.56,16.41,25.95,nasa,0.95
1993-04-07,2.72,21.44,18.21,26.43,nasa,0.95
1993-04-08,9.13,20.61,17.47,24.32,nasa,0.95
1993-04-09,4.67,19.41,16.54,22.41,nasa,0.96
1993-04-10,0.45,17.69,13.98,23.09,nasa,0.95
1993-04-11,0.52,17.09,12.99,22.75,nasa,0.95
1993-04-12,0.16,18.23,14.6,23.69,nasa,0.95
1993-04-13,0.03,18.59,13.78,24.75,nasa,0.94
1993-04-14,0.41,19.89,14.84,26.15,nasa,0.93
1993-04-15,0.43,20.21,15.31,25.94,nasa,0.93
1993-04-16,0.61,20.34,15.97,26.07,nasa,0.93
1993-04-17,1.1,19.69,15.11,25.59,nasa,0.92
1993-04-18,0.8,19.56,15.57,25.76,nasa,0.92
1993-04-19,0.3,18.58,14.17,25.0,nasa,0.91
1993-04-20,0.19,19.26,14.2,25.25,nasa,0.91
1993-04-21,0.61,19.35,14.08,25.41,nasa,0.9
1993-04-22,2.17,19.03,14.26,24.91,nasa,0.9
1993-04-23,4.75,18.96,14.82,23.93,nasa,0.9
1993-04-24,6.11,18.07,14.1,23.49,nasa,0.9
1993-04-25,0.67,18.47,13.37,24.04,nasa,0.9
1993-04-26,0.17,18.48,13.37,24.39,nasa,0.89
1993-04-27,0.12,18.77,14.42,24.58,nasa,0.89
1993-04-28,0.21,18.54,14.52,24.47,nasa,0.88
1993-04-29,0.33,18.01,13.7,24.56,nasa,0.88
1993-04-30,0.3,18.02,13.84,24.0,nasa,0.88
1993-05-01,0.26,18.43,13.82,24.14,nasa,0.87
1993-05-02,3.57,18.52,14.11,23.6,nasa,0.87
1993-05-03,4.69,17.18,13.66,21.56,nasa,0.87
1993-05-04,0.91,17.4,13.5,22.66,nasa,0.87
1993-05-05,2.21,18.35,15.19,23.0,nasa,0.87
1993-05-06,3.41,18.49,14.27,24.1,nasa,0.87
1993-05-07,0.32,16.83,12.47,23.58,nasa,0.87
1993-05-08,0.01,15.37,11.01,22.29,nasa,0.86
1993-05-09,0.09,14.76,9.89,21.8,nasa,0.86
1993-05-10,0.29,14.55,8.66,21.91,nasa,0.86
1993-05-11,0.03,15.02,9.08,22.05,nasa,0.85
1993-05-12,0.05,14.87,9.33,22.04,nasa,0.85
1993-05-13,0.16,16.21,9.26,22.81,nasa,0.84
1993-05-14,1.45,18.54,14.6,24.31,nasa,0.84
1993-05-15,3.13,14.36,11.97,17.66,nasa,0.84
1993-05-16,0.86,13.96,11.49,17.68,nasa,0.84
1993-05-17,0.43,15.35,12.0,20.6,nasa,0.84
1993-05-18,0.12,15.16,11.46,21.08,nasa,0.84
1993-05-19,0.04,14.73,10.41,20.72,nasa,0.83
1993-05-20,0.02,13.49,9.13,19.2,nasa,0.83
1993-05-21,0.01,12.23,7.88,18.73,nasa,0.83
1993-05-22,0.01,12.67,7.39,18.95,nasa,0.82
1993-05-23,0.02,13.36,8.99,19.18,nasa,0.82
1993-05-24,0.01,13.15,8.43,19.44,nasa,0.82
1993-05-25,0.06,15.0,9.59,21.03,nasa,0.82
1993-05-26,0.02,14.88,11.04,20.61,nasa,0.81
1993-05-27,0.24,14.94,10.13,21.04,nasa,0.81
1993-05-28,0.33,13.31,10.75,17.89,nasa,0.81
1993-05-29,0.57,13.82,9.9,18.74,nasa,0.81
1993-05-30,14.86,15.29,11.94,18.85,nasa,0.82
1993-05-31,7.12,17.0,14.76,20.82,nasa,0.83
1993-06-01,2.63,16.02,11.82,21.75,nasa,0.83
1993-06-02,0.83,13.97,10.55,18.73,nasa,0.83
1993-06-03,0.28,15.08,10.45,21.15,nasa,0.82
1993-06-04,0.71,15.77,12.08,21.32,nasa,0.82
1993-06-05,14.71,16.06,13.54,20.02,nasa,0.83
1993-06-06,5.3,16.63,13.83,20.9,nasa,0.84
1993-06-07,1.4,16.19,12.54,21.39,nasa,0.84
1993-06-08,1.04,15.91,11.42,21.75,nasa,0.83
1993-06-09,0.83,16.08,12.31,21.54,nasa,0.83
1993-06-10,8.69,16.15,12.1,21.14,nasa,0.83
1993-06-11,6.98,12.44,10.85,14.58,nasa,0.84
1993-06-12,1.02,13.22,10.51,17.36,nasa,0.84
1993-06-13,0.47,12.57,9.76,17.78,nasa,0.84
1993-06-14,0.29,11.57,8.73,15.91,nasa,0.83
1993-06-15,0.21,11.83,8.53,17.4,nasa,0.83
1993-06-16,0.2,11.8,8.46,17.88,nasa,0.83
1993-06-17,0.47,11.86,6.74,18.12,nasa,0.83
1993-06-18,2.83,12.25,9.1,15.65,nasa,0.83
1993-06-19,3.42,12.08,8.46,17.13,nasa,0.83
1993-06-20,0.08,11.42,6.67,17.97,nasa,0.83
1993-06-21,0.16,12.15,6.99,19.39,nasa,0.83
1993-06-22,0.37,12.89,7.23,19.75,nasa,0.82
1993-06-23,0.04,14.09,8.89,20.66,nasa,0.82
1993-06-24,1.06,14.16,9.45,20.18,nasa,0.82
1993-06-25,0.22,14.43,9.49,21.19,nasa,0.81
1993-06-26,0.45,13.64,8.05,20.88,nasa,0.81
1993-06-27,0.02,12.36,5.87,19.98,nasa,0.81
1993-06-28,0.03,13.66,7.74,20.9,nasa,0.81
1993-06-29,0.0,14.28,9.19,21.36,nasa,0.8
1993-06-30,0.01,15.53,10.23,21.8,nasa,0.8
1993-07-01,0.01,14.4,9.18,21.73,nasa,0.8
1993-07-02,0.01,15.16,9.05,23.31,nasa,0.79
1993-07-03,0.0,16.93,11.19,24.24,nasa,0.79
1993-07-04,0.0,18.51,13.42,25.0,nasa,0.79
1993-07-05,0.0,16.39,11.86,23.53,nasa,0.78
1993-07-06,0.0,15.71,11.11,22.49,nasa,0.78
1993-07-07,0.14,15.12,10.49,21.86,nasa,0.78
1993-07-08,0.16,13.67,9.65,19.33,nasa,0.78
1993-07-09,0.03,16.16,11.49,22.68,nasa,0.78
1993-07-10,0.01,16.21,10.99,23.36,nasa,0.77
1993-07-11,0.07,14.91,9.22,21.91,nasa,0.77
1993-07-12,0.08,16.45,11.26,23.13,nasa,0.77
1993-07-13,0.16,16.24,10.32,22.59,nasa,0.77
1993-07-14,1.0,15.76,11.42,21.84,nasa,0.76
1993-07-15,2.26,15.4,11.4,20.85,nasa,0.76
1993-07-16,0.5,14.32,10.14,19.89,nasa,0.76
1993-07-17,0.1,14.72,10.48,21.37,nasa,0.76
1993-07-18,0.05,15.56,11.52,21.2,nasa,0.76
1993-07-19,0.01,14.81,8.44,22.17,nasa,0.76
1993-07-20,0.1,14.96,9.0,23.03,nasa,0.76
1993-07-21,0.03,15.91,10.21,23.78,nasa,0.75
1993-07-22,0.02,16.14,9.4,23.49,nasa,0.75
1993-07-23,0.03,15.44,8.7,23.14,nasa,0.74
1993-07-24,0.16,16.15,10.62,22.56,nasa,0.74
1993-07-25,0.32,14.46,10.21,21.72,nasa,0.74
1993-07-26,0.32,13.02,8.94,19.3,nasa,0.74
1993-07-27,0.52,13.72,10.29,19.64,nasa,0.74
1993-07-28,0.16,15.37,11.1,21.62,nasa,0.74
1993-07-29,0.02,17.01,11.25,24.26,nasa,0.74
1993-07-30,0.0,17.34,11.21,24.02,nasa,0.73
1993-07-31,0.14,15.73,10.56,21.9,nasa,0.73
1993-08-01,0.05,13.84,9.53,18.52,nasa,0.73
1993-08-02,0.27,16.35,11.76,22.23,nasa,0.73
1993-08-03,0.03,17.81,12.76,25.46,nasa,0.73
1993-08-04,0.03,16.47,11.34,23.26,nasa,0.72
1993-08-05,0.02,16.08,11.36,23.46,nasa,0.72
1993-08-06,0.0,15.78,10.47,23.5,nasa,0.72
1993-08-07,0.0,16.17,8.74,24.22,nasa,0.72
1993-08-08,0.0,17.69,11.57,25.65,nasa,0.71
1993-08-09,0.02,18.87,13.4,25.63,nasa,0.71
1993-08-10,0.24,16.5,10.66,24.88,nasa,0.71
1993-08-11,0.15,14.4,8.78,22.59,nasa,0.71
1993-08-12,0.05,13.53,8.65,21.27,nasa,0.7
1993-08-13,0.01,12.8,7.84,19.83,nasa,0.7
1993-08-14,0.08,14.24,10.29,18.85,nasa,0.7
1993-08-15,0.15,14.39,10.72,20.89,nasa,0.7
1993-08-16,0.12,13.52,9.49,19.68,nasa,0.7
1993-08-17,0.13,15.34,10.23,21.34,nasa,0.7
1993-08-18,0.48,15.52,8.75,22.96,nasa,0.7
1993-08-19,1.76,14.36,8.62,22.41,nasa,0.7
1993-08-20,0.45,15.11,9.48,23.16,nasa,0.7
1993-08-21,0.21,12.38,9.8,15.58,nasa,0.69
1993-08-22,0.22,13.14,8.91,19.56,nasa,0.69
1993-08-23,0.27,14.61,9.78,20.67,nasa,0.69
1993-08-24,3.19,12.88,10.59,15.43,nasa,0.69
1993-08-25,0.51,15.72,10.27,21.99,nasa,0.7
1993-08-26,0.02,17.69,10.95,24.94,nasa,0.69
1993-08-27,0.03,17.75,12.08,25.85,nasa,0.69
1993-08-28,0.0,17.7,11.09,27.0,nasa,0.68
1993-08-29,0.0,18.5,9.54,27.85,nasa,0.68
1993-08-30,0.0,19.9,12.45,28.4,nasa,0.68
1993-08-31,0.0,21.77,14.23,30.1,nasa,0.67
1993-09-01,0.41,21.09,14.36,30.42,nasa,0.67
1993-09-02,0.03,20.43,12.13,30.19,nasa,0.67
1993-09-03,0.34,20.27,14.04,29.16,nasa,0.66
1993-09-04,0.11,18.35,12.35,26.67,nasa,0.66
1993-09-05,0.01,19.55,13.02,27.31,nasa,0.66
1993-09-06,0.01,21.8,15.53,30.16,nasa,0.66
1993-09-07,0.02,22.34,14.15,31.12,nasa,0.65
1993-09-08,0.34,21.36,15.93,28.03,nasa,0.65
1993-09-09,0.49,20.7,14.86,29.51,nasa,0.65
1993-09-10,3.77,19.1,13.9,27.26,nasa,0.65
1993-09-11,8.38,15.24,11.96,19.53,nasa,0.66
1993-09-12,1.73,14.16,10.3,19.86,nasa,0.67
1993-09-13,0.28,14.49,9.29,22.5,nasa,0.67
1993-09-14,1.61,14.9,9.4,23.95,nasa,0.67
1993-09-15,0.51,16.02,9.16,23.18,nasa,0.66
1993-09-16,14.89,17.54,12.73,23.15,nasa,0.68
1993-09-17,0.46,17.35,11.32,25.71,nasa,0.68
1993-09-18,0.28,17.83,10.17,26.93,nasa,0.68
1993-09-19,0.47,20.08,10.53,28.69,nasa,0.67
1993-09-20,5.22,23.19,16.49,30.74,nasa,0.67
1993-09-21,14.55,22.9,17.06,28.86,nasa,0.68
1993-09-22,9.39,20.04,15.62,26.63,nasa,0.7
1993-09-23,15.2,19.88,14.79,26.2,nasa,0.71
1993-09-24,4.16,19.96,16.66,24.5,nasa,0.72
1993-09-25,2.57,17.91,12.89,24.58,nasa,0.71
1993-09-26,2.18,15.9,12.15,22.22,nasa,0.71
1993-09-27,11.89,16.87,11.7,22.73,nasa,0.72
1993-09-28,1.49,18.9,14.78,25.49,nasa,0.72
1993-09-29,8.07,17.37,13.63,21.79,nasa,0.71
1993-09-30,3.65,20.42,14.42,27.25,nasa,0.72
1993-10-01,9.02,21.43,14.91,28.0,nasa,0.72
1993-10-02,4.0,21.65,16.28,28.48,nasa,0.72
1993-10-03,3.89,22.18,16.3,29.38,nasa,0.72
1993-10-04,7.51,22.17,16.11,29.26,nasa,0.72
1993-10-05,14.8,20.36,17.33,25.42,nasa,0.74
1993-10-06,2.0,14.74,8.78,19.64,nasa,0.74
1993-10-07,0.27,12.84,5.53,20.94,nasa,0.73
1993-10-08,0.09,14.83,8.28,23.92,nasa,0.72
1993-10-09,0.01,16.32,7.34,26.37,nasa,0.72
1993-10-10,0.04,17.51,10.07,26.73,nasa,0.71
1993-10-11,0.28,19.01,11.09,28.23,nasa,0.71
1993-10-12,0.13,19.88,11.4,28.77,nasa,0.7
1993-10-13,0.06,20.61,12.85,29.24,nasa,0.69
1993-10-14,0.66,20.81,15.11,28.09,nasa,0.69
1993-10-15,1.5,20.83,14.82,27.94,nasa,0.69
1993-10-16,5.66,20.22,14.93,26.72,nasa,0.69
1993-10-17,1.58,20.85,15.7,27.98,nasa,0.69
1993-10-18,4.67,20.42,16.48,25.52,nasa,0.7
1993-10-19,4.92,21.0,14.77,28.11,nasa,0.7
1993-10-20,5.03,21.08,14.8,28.35,nasa,0.7
1993-10-21,4.97,21.74,15.97,27.45,nasa,0.7
1993-10-22,9.07,22.13,17.32,28.27,nasa,0.71
1993-10-23,5.38,21.92,17.64,26.17,nasa,0.71
1993-10-24,16.72,20.41,16.53,25.35,nasa,0.73
1993-10-25,3.31,20.3,14.7,27.05,nasa,0.73
1993-10-26,3.89,20.67,15.49,27.0,nasa,0.73
1993-10-27,2.28,17.41,13.22,23.48,nasa,0.72
1993-10-28,0.56,17.41,11.97,24.45,nasa,0.72
1993-10-29,0.09,18.85,12.34,26.76,nasa,0.71
1993-10-30,0.03,19.96,13.03,28.41,nasa,0.71
1993-10-31,0.01,20.81,13.32,28.7,nasa,0.7
1993-11-01,0.56,23.33,15.82,31.05,nasa,0.69
1993-11-02,6.51,21.41,16.0,29.85,nasa,0.69
1993-11-03,3.57,19.99,14.84,27.12,nasa,0.7
1993-11-04,2.92,19.98,13.89,27.75,nasa,0.7
1993-11-05,3.37,21.45,15.53,28.59,nasa,0.7
1993-11-06,7.73,22.32,17.0,28.53,nasa,0.7
1993-11-07,3.48,21.29,18.04,25.58,nasa,0.7
1993-11-08,8.95,20.17,14.64,27.15,nasa,0.71
1993-11-09,0.87,18.3,13.28,24.89,nasa,0.71
1993-11-10,0.56,19.46,12.96,27.9,nasa,0.7
1993-11-11,0.43,19.79,13.11,27.81,nasa,0.7
1993-11-12,0.09,21.02,14.46,29.02,nasa,0.69
1993-11-13,0.01,21.13,14.65,29.59,nasa,0.68
1993-11-14,0.02,22.53,14.11,31.02,nasa,0.68
1993-11-15,0.41,23.73,16.33,31.45,nasa,0.67
1993-11-16,0.64,24.03,16.85,31.87,nasa,0.67
1993-11-17,4.11,24.37,16.76,31.77,nasa,0.67
1993-11-18,9.66,23.37,17.98,30.0,nasa,0.67
1993-11-19,8.39,22.94,17.35,29.24,nasa,0.69
1993-11-20,4.2,21.59,15.6,29.66,nasa,0.69
1993-11-21,0.21,20.82,13.37,29.3,nasa,0.69
1993-11-22,0.96,21.94,14.39,29.64,nasa,0.68
1993-11-23,10.02,22.8,16.49,29.06,nasa,0.68
1993-11-24,1.06,22.11,17.57,27.31,nasa,0.69
1993-11-25,13.99,22.31,16.49,28.5,nasa,0.69
1993-11-26,14.02,21.25,18.77,25.59,nasa,0.72
1993-11-27,5.86,21.59,17.74,27.29,nasa,0.72
1993-11-28,0.07,22.24,16.71,29.41,nasa,0.71
1993-11-29,0.21,21.54,14.85,30.36,nasa,0.7
1993-11-30,0.34,22.44,12.41,31.61,nasa,0.69
1993-12-01,0.99,24.04,18.04,30.49,nasa,0.68
1993-12-02,11.04,22.57,18.28,28.31,nasa,0.68
1993-12-03,6.31,21.8,17.67,27.82,nasa,0.69
1993-12-04,4.23,21.48,17.5,28.06,nasa,0.7
1993-12-05,3.57,22.1,17.39,28.78,nasa,0.7
1993-12-06,3.55,21.71,17.54,27.53,nasa,0.69
1993-12-07,1.49,21.96,16.73,27.85,nasa,0.69
1993-12-08,3.56,22.81,17.62,28.05,nasa,0.69
1993-12-09,9.44,21.11,17.33,26.32,nasa,0.69
1993-12-10,12.7,21.91,16.22,29.73,nasa,0.71
1993-12-11,7.11,20.18,15.92,24.32,nasa,0.72
1993-12-12,3.37,20.11,15.3,27.29,nasa,0.71
1993-12-13,2.28,21.21,14.69,29.67,nasa,0.71
1993-12-14,8.95,22.35,16.36,29.65,nasa,0.7
1993-12-15,9.45,22.94,18.8,28.13,nasa,0.71
1993-12-16,4.58,23.01,18.52,28.79,nasa,0.71
1993-12-17,15.16,21.14,16.7,27.87,nasa,0.72
1993-12-18,6.62,19.09,15.68,23.74,nasa,0.73
1993-12-19,12.59,19.89,15.55,23.86,nasa,0.73
1993-12-20,19.99,22.13,17.79,27.89,nasa,0.74
1993-12-21,4.43,18.64,13.14,25.64,nasa,0.76
1993-12-22,2.65,17.12,12.18,24.22,nasa,0.75
1993-12-23,3.24,17.33,12.31,23.51,nasa,0.74
1993-12-24,11.69,16.39,13.8,19.54,nasa,0.75
1993-12-25,6.84,17.72,13.65,22.47,nasa,0.76
1993-12-26,2.9,17.74,14.9,21.25,nasa,0.75
1993-12-27,9.82,19.33,13.37,24.89,nasa,0.75
1993-12-28,13.16,20.76,16.72,25.9,nasa,0.76
1993-12-29,13.89,20.16,17.33,24.24,nasa,0.77
1993-12-30,13.94,19.64,15.48,24.11,nasa,0.78
1993-12-31,10.63,18.82,13.77,25.8,nasa,0.79
1994-01-01,11.91,19.63,16.11,25.73,nasa,0.79
1994-01-02,4.06,19.38,14.57,26.21,nasa,0.79
1994-01-03,17.73,18.71,12.93,25.73,nasa,0.79
1994-01-04,14.63,17.48,14.8,20.9,nasa,0.81
1994-01-05,4.19,18.14,14.08,24.02,nasa,0.81
1994-01-06,1.63,18.72,13.85,23.84,nasa,0.81
1994-01-07,4.4,20.23,15.16,25.73,nasa,0.8
1994-01-08,6.58,20.28,17.15,24.23,nasa,0.8
1994-01-09,18.78,20.5,17.46,23.97,nasa,0.81
1994-01-10,6.13,20.09,15.45,24.39,nasa,0.83
1994-01-11,5.02,19.54,14.02,26.27,nasa,0.82
1994-01-12,8.23,16.67,13.63,19.85,nasa,0.82
1994-01-13,12.65,18.9,15.11,24.04,nasa,0.83
1994-01-14,15.04,17.59,15.7,20.31,nasa,0.84
1994-01-15,3.77,18.96,16.01,23.75,nasa,0.85
1994-01-16,2.88,20.78,15.93,25.92,nasa,0.84
1994-01-17,2.56,21.54,15.74,27.9,nasa,0.83
1994-01-18,20.94,21.9,17.46,27.58,nasa,0.84
1994-01-19,10.33,21.28,18.79,24.47,nasa,0.85
1994-01-20,13.09,21.36,18.37,25.87,nasa,0.85
1994-01-21,11.26,20.89,17.84,25.63,nasa,0.86
1994-01-22,9.75,21.19,17.6,26.27,nasa,0.86
1994-01-23,8.82,19.38,17.11,22.28,nasa,0.87
1994-01-24,10.85,20.73,16.69,25.18,nasa,0.87
1994-01-25,5.03,21.91,17.56,27.66,nasa,0.87
1994-01-26,5.37,22.47,18.95,27.18,nasa,0.86
1994-01-27,5.75,22.58,18.29,27.65,nasa,0.86
1994-01-28,7.53,22.51,17.68,27.98,nasa,0.86
1994-01-29,9.91,22.73,18.95,27.92,nasa,0.87
1994-01-30,6.79,21.62,18.42,26.12,nasa,0.87
1994-01-31,6.94,22.07,17.47,27.26,nasa,0.87
1994-02-01,0.91,22.7,17.32,29.36,nasa,0.86
1994-02-02,0.18,22.61,16.24,29.94,nasa,0.85
1994-02-03,0.41,22.41,16.36,29.87,nasa,0.85
1994-02-04,2.5,22.53,16.31,28.67,nasa,0.84
1994-02-05,5.94,22.96,18.23,28.62,nasa,0.84
1994-02-06,5.17,22.35,18.12,27.98,nasa,0.84
1994-02-07,5.95,21.39,17.29,27.32,nasa,0.84
1994-02-08,5.4,21.32,15.55,27.69,nasa,0.84
1994-02-09,2.3,22.38,17.43,28.15,nasa,0.84
1994-02-10,3.42,22.54,17.53,28.06,nasa,0.83
1994-02-11,6.48,21.57,18.1,26.01,nasa,0.83
1994-02-12,5.06,21.74,18.88,26.05,nasa,0.84
1994-02-13,3.63,22.04,17.28,27.92,nasa,0.83
1994-02-14,8.98,21.84,18.22,26.54,nasa,0.83
1994-02-15,7.8,22.24,18.21,26.74,nasa,0.84
1994-02-16,5.76,22.65,17.64,28.63,nasa,0.84
1994-02-17,3.95,23.1,16.47,30.25,nasa,0.83
1994-02-18,1.16,23.19,16.41,29.5,nasa,0.83
1994-02-19,1.38,22.97,17.28,29.62,nasa,0.82
1994-02-20,1.6,21.77,16.04,28.43,nasa,0.81
1994-02-21,0.69,20.94,15.93,27.2,nasa,0.8
1994-02-22,0.12,21.02,16.44,26.7,nasa,0.8
1994-02-23,0.13,20.53,15.02,27.06,nasa,0.79
1994-02-24,1.67,21.21,16.8,26.77,nasa,0.79
1994-02-25,5.86,21.18,17.1,26.33,nasa,0.79
1994-02-26,10.16,20.94,17.35,25.19,nasa,0.79
1994-02-27,8.78,21.38,17.21,25.95,nasa,0.8
1994-02-28,5.59,21.55,17.05,26.79,nasa,0.81
1994-03-01,12.57,20.56,18.03,23.75,nasa,0.81
1994-03-02,21.42,19.38,16.7,23.23,nasa,0.84
1994-03-03,7.32,17.78,14.88,21.78,nasa,0.85
1994-03-04,1.24,17.69,13.86,24.06,nasa,0.84
1994-03-05,2.21,15.82,13.7,19.34,nasa,0.83
1994-03-06,13.48,15.84,13.68,18.88,nasa,0.84
1994-03-07,5.37,17.28,13.51,22.1,nasa,0.84
1994-03-08,4.8,19.46,15.02,25.22,nasa,0.84
1994-03-09,4.75,19.51,16.31,24.12,nasa,0.84
1994-03-10,6.21,20.32,16.46,25.36,nasa,0.84
1994-03-11,12.74,19.66,17.45,22.6,nasa,0.84
1994-03-12,12.72,20.22,15.48,25.78,nasa,0.86
1994-03-13,6.65,19.88,16.23,25.27,nasa,0.86
1994-03-14,5.85,19.81,14.7,25.74,nasa,0.86
1994-03-15,3.31,20.2,15.7,26.46,nasa,0.85
1994-03-16,1.9,19.88,14.68,26.72,nasa,0.85
1994-03-17,3.96,21.34,15.68,27.4,nasa,0.84
1994-03-18,9.34,21.66,18.37,27.01,nasa,0.85
1994-03-19,14.12,20.25,18.58,22.82,nasa,0.86
1994-03-20,11.54,20.39,18.02,23.53,nasa,0.87
1994-03-21,5.06,20.86,17.74,25.62,nasa,0.87
1994-03-22,7.16,20.57,16.73,25.61,nasa,0.87
1994-03-23,3.74,20.45,16.91,25.41,nasa,0.87
1994-03-24,10.12,20.39,15.62,26.04,nasa,0.87
1994-03-25,6.01,19.73,16.41,24.07,nasa,0.87
1994-03-26,15.77,19.33,16.99,23.8,nasa,0.88
1994-03-27,6.29,18.43,15.45,22.67,nasa,0.89
1994-03-28,1.63,18.66,13.92,24.95,nasa,0.88
1994-03-29,1.62,19.75,14.3,25.76,nasa,0.87
1994-03-30,6.74,20.64,16.46,26.04,nasa,0.87
1994-03-31,11.37,20.17,16.35,25.47,nasa,0.88
1994-04-01,6.55,20.04,16.63,24.53,nasa,0.88
1994-04-02,3.46,18.5,14.38,24.17,nasa,0.88
1994-04-03,1.18,16.7,12.77,23.37,nasa,0.88
1994-04-04,0.36,16.3,10.45,24.35,nasa,0.87
1994-04-05,0.25,16.55,10.54,24.29,nasa,0.86
1994-04-06,0.55,16.97,10.27,24.25,nasa,0.86
1994-04-07,1.08,18.91,14.02,24.82,nasa,0.85
1994-04-08,1.42,15.5,11.59,21.76,nasa,0.85
1994-04-09,0.65,15.26,10.92,20.85,nasa,0.85
1994-04-10,0.13,16.82,12.02,23.32,nasa,0.84
1994-04-11,0.23,18.69,12.44,26.09,nasa,0.84
1994-04-12,0.48,19.37,14.05,25.81,nasa,0.83
1994-04-13,4.23,18.48,15.49,22.55,nasa,0.83
1994-04-14,7.84,19.0,15.68,23.75,nasa,0.84
1994-04-15,7.44,18.54,14.92,23.64,nasa,0.85
1994-04-16,0.93,18.6,14.85,24.22,nasa,0.85
1994-04-17,1.28,18.69,14.68,23.85,nasa,0.84
1994-04-18,4.7,20.04,16.05,25.65,nasa,0.84
1994-04-19,5.64,18.84,15.58,23.88,nasa,0.84
1994-04-20,1.73,19.02,15.31,24.64,nasa,0.84
1994-04-21,0.13,20.01,16.4,25.04,nasa,0.84
1994-04-22,1.11,20.17,15.36,25.4,nasa,0.83
1994-04-23,3.22,19.52,16.31,23.93,nasa,0.83
1994-04-24,2.26,18.92,15.8,24.37,nasa,0.83
1994-04-25,0.51,18.86,14.65,24.04,nasa,0.82
1994-04-26,1.59,19.62,15.96,24.08,nasa,0.82
1994-04-27,0.24,20.26,16.36,25.24,nasa,0.82
1994-04-28,0.17,19.83,15.16,25.9,nasa,0.82
1994-04-29,0.27,18.21,14.14,24.3,nasa,0.81
1994-04-30,0.25,17.14,13.18,23.25,nasa,0.81
1994-05-01,0.77,17.02,12.56,22.97,nasa,0.8
1994-05-02,0.27,17.45,13.18,23.25,nasa,0.8
1994-05-03,0.09,17.13,12.33,23.45,nasa,0.79
1994-05-04,0.28,18.04,13.33,23.45,nasa,0.79
1994-05-05,0.11,18.34,12.73,23.85,nasa,0.79
1994-05-06,0.16,17.64,12.07,24.35,nasa,0.78
1994-05-07,0.07,18.55,14.43,24.03,nasa,0.78
1994-05-08,0.13,18.57,14.5,24.1,nasa,0.78
1994-05-09,0.08,18.53,13.4,24.37,nasa,0.77
1994-05-10,0.2,18.98,14.78,23.81,nasa,0.77
1994-05-11,0.35,18.42,14.45,24.17,nasa,0.77
1994-05-12,3.85,18.11,13.51,23.72,nasa,0.77
1994-05-13,10.52,17.61,14.17,22.54,nasa,0.77
1994-05-14,23.76,16.73,13.97,20.94,nasa,0.8
1994-05-15,38.31,15.43,13.24,17.4,nasa,0.84
1994-05-16,20.82,15.57,13.05,18.85,nasa,0.88
1994-05-17,1.56,16.33,12.99,21.82,nasa,0.86
1994-05-18,0.08,16.55,11.29,22.21,nasa,0.85
1994-05-19,0.11,16.62,11.51,22.3,nasa,0.84
1994-05-20,0.03,16.98,12.74,22.65,nasa,0.83
1994-05-21,0.7,16.95,11.31,23.15,nasa,0.83
1994-05-22,0.65,17.24,13.04,22.5,nasa,0.83
1994-05-23,0.56,17.31,13.72,22.57,nasa,0.82
1994-05-24,0.28,18.56,13.87,23.82,nasa,0.82
1994-05-25,0.02,19.16,15.04,24.75,nasa,0.82
1994-05-26,2.5,18.96,13.67,24.36,nasa,0.81
1994-05-27,7.77,17.81,12.77,22.8,nasa,0.82
1994-05-28,4.31,17.49,13.85,21.75,nasa,0.83
1994-05-29,0.36,16.3,12.44,21.47,nasa,0.82
1994-05-30,0.32,15.86,11.95,21.75,nasa,0.82
1994-05-31,0.11,15.43,11.44,21.3,nasa,0.82
1994-06-01,0.02,16.15,11.54,21.86,nasa,0.81
1994-06-02,0.02,17.07,12.91,22.64,nasa,0.81
1994-06-03,0.22,16.43,11.6,21.86,nasa,0.8
1994-06-04,0.57,16.18,11.25,21.85,nasa,0.8
1994-06-05,0.96,15.95,11.98,21.58,nasa,0.8
1994-06-06,0.16,15.42,10.71,21.13,nasa,0.8
1994-06-07,0.03,16.26,12.37,22.1,nasa,0.79
1994-06-08,1.18,15.78,11.46,21.69,nasa,0.79
1994-06-09,1.26,13.61,10.9,17.43,nasa,0.79
1994-06-10,0.28,13.18,9.17,19.3,nasa,0.79
1994-06-11,0.04,12.57,7.91,19.04,nasa,0.79
1994-06-12,0.01,11.86,5.78,18.65,nasa,0.78
1994-06-13,0.41,12.83,5.38,19.54,nasa,0.78
1994-06-14,0.02,13.92,8.14,19.46,nasa,0.78
1994-06-15,0.01,15.46,10.16,21.51,nasa,0.78
1994-06-16,0.01,15.5,9.61,21.84,nasa,0.77
1994-06-17,0.01,15.61,9.69,22.29,nasa,0.77
1994-06-18,0.05,15.98,10.14,22.07,nasa,0.77
1994-06-19,0.05,15.87,9.38,22.14,nasa,0.77
1994-06-20,0.04,14.52,8.13,21.63,nasa,0.76
1994-06-21,0.04,15.82,10.25,22.66,nasa,0.76
1994-06-22,11.03,14.8,11.63,19.04,nasa,0.77
1994-06-23,0.5,15.29,10.87,21.3,nasa,0.77
1994-06-24,1.22,16.15,11.72,21.93,nasa,0.77
1994-06-25,4.51,14.61,5.9,20.97,nasa,0.77
1994-06-26,0.03,7.02,-0.42,14.23,nasa,0.77
1994-06-27,0.27,9.51,2.95,17.13,nasa,0.77
1994-06-28,0.02,10.46,4.82,19.14,nasa,0.76
1994-06-29,0.02,10.15,4.93,18.43,nasa,0.76
1994-06-30,0.1,12.85,6.21,20.59,nasa,0.76
1994-07-01,0.03,14.0,8.22,20.99,nasa,0.75
1994-07-02,0.0,14.39,7.19,22.23,nasa,0.75
1994-07-03,0.05,13.5,9.35,19.44,nasa,0.75
1994-07-04,0.05,13.84,9.7,19.82,nasa,0.75
1994-07-05,0.1,14.45,10.71,20.9,nasa,0.75
1994-07-06,0.04,14.44,10.37,20.82,nasa,0.74
1994-07-07,0.15,15.48,11.15,22.07,nasa,0.74
1994-07-08,2.73,15.86,11.2,22.55,nasa,0.74
1994-07-09,0.6,10.75,2.5,16.27,nasa,0.74
1994-07-10,0.24,6.57,1.07,13.99,nasa,0.74
1994-07-11,0.28,9.56,4.73,15.82,nasa,0.74
1994-07-12,0.11,11.12,7.46,17.03,nasa,0.74
1994-07-13,0.04,12.6,8.37,18.67,nasa,0.73
1994-07-14,0.06,14.02,9.34,19.56,nasa,0.73
1994-07-15,0.0,13.97,8.36,21.79,nasa,0.73
1994-07-16,0.0,13.49,6.89,22.3,nasa,0.73
1994-07-17,0.26,14.61,6.66,22.52,nasa,0.72
1994-07-18,0.01,15.8,8.34,23.05,nasa,0.72
1994-07-19,0.0,14.94,7.73,23.02,nasa,0.72
1994-07-20,0.0,14.83,8.21,23.16,nasa,0.72
1994-07-21,0.05,15.59,7.67,23.81,nasa,0.71
1994-07-22,1.03,16.73,12.19,23.62,nasa,0.71
1994-07-23,8.88,14.54,9.9,19.34,nasa,0.72
1994-07-24,0.66,12.96,8.13,20.92,nasa,0.72
1994-07-25,0.09,16.0,10.4,23.58,nasa,0.72
1994-07-26,0.0,16.39,9.52,24.83,nasa,0.72
1994-07-27,0.0,15.57,8.15,24.19,nasa,0.71
1994-07-28,0.0,16.53,9.0,25.03,nasa,0.71
1994-07-29,0.06,17.78,11.35,25.97,nasa,0.71
1994-07-30,0.0,17.09,11.24,25.55,nasa,0.7
1994-07-31,0.02,16.02,10.4,24.6,nasa,0.7
1994-08-01,0.01,16.07,9.26,24.77,nasa,0.7
1994-08-02,0.0,15.65,9.19,23.96,nasa,0.69
1994-08-03,0.35,17.23,11.21,24.61,nasa,0.69
1994-08-04,0.15,11.65,6.16,19.01,nasa,0.69
1994-08-05,0.03,10.98,5.76,19.75,nasa,0.69
1994-08-06,0.0,11.12,4.11,20.78,nasa,0.69
1994-08-07,0.04,11.98,5.98,21.01,nasa,0.68
1994-08-08,0.0,13.49,6.78,21.92,nasa,0.68
1994-08-09,0.0,15.22,5.76,24.46,nasa,0.68
1994-08-10,0.0,17.82,9.86,26.69,nasa,0.68
1994-08-11,0.12,14.86,10.13,21.57,nasa,0.68
1994-08-12,0.03,14.26,10.2,20.54,nasa,0.68
1994-08-13,0.0,15.98,10.41,24.41,nasa,0.67
1994-08-14,0.0,15.03,9.38,23.33,nasa,0.67
1994-08-15,0.0,16.1,7.78,24.89,nasa,0.67
1994-08-16,0.02,17.44,10.43,25.42,nasa,0.67
1994-08-17,0.3,15.77,9.97,24.69,nasa,0.67
1994-08-18,0.07,15.56,9.91,24.08,nasa,0.67
1994-08-19,0.0,16.67,10.39,25.77,nasa,0.66
1994-08-20,0.0,16.58,8.97,26.3,nasa,0.66
1994-08-21,0.03,16.79,9.41,27.11,nasa,0.66
1994-08-22,0.0,17.16,7.8,26.82,nasa,0.66
1994-08-23,0.05,17.93,11.06,27.16,nasa,0.65
1994-08-24,0.24,17.69,11.51,27.06,nasa,0.65
1994-08-25,0.1,17.96,11.02,26.4,nasa,0.65
1994-08-26,0.0,18.82,12.09,28.18,nasa,0.65
1994-08-27,0.1,18.52,10.86,28.08,nasa,0.65
1994-08-28,0.08,18.36,12.53,27.51,nasa,0.65
1994-08-29,0.02,19.12,11.01,29.39,nasa,0.64
1994-08-30,0.0,19.48,11.83,29.9,nasa,0.64
1994-08-31,0.0,19.29,11.23,29.85,nasa,0.64
1994-09-01,0.0,19.7,10.6,29.64,nasa,0.64
1994-09-02,0.0,20.13,10.89,30.05,nasa,0.63
1994-09-03,0.09,20.27,13.16,30.03,nasa,0.63
1994-09-04,1.13,18.54,12.92,26.9,nasa,0.63
1994-09-05,0.29,18.04,11.99,26.81,nasa,0.63
1994-09-06,0.02,19.28,11.99,27.64,nasa,0.63
1994-09-07,0.02,19.38,10.75,28.56,nasa,0.63
1994-09-08,0.4,18.54,11.6,28.97,nasa,0.63
1994-09-09,0.63,15.14,10.75,23.02,nasa,0.63
1994-09-10,0.44,14.34,9.82,21.9,nasa,0.63
1994-09-11,0.12,16.67,10.02,27.12,nasa,0.63
1994-09-12,0.03,18.0,8.38,29.25,nasa,0.62
1994-09-13,0.05,20.09,10.84,31.0,nasa,0.62
1994-09-14,0.04,21.5,12.48,31.58,nasa,0.62
1994-09-15,0.01,22.17,13.54,31.99,nasa,0.62
1994-09-16,0.41,20.15,14.44,26.74,nasa,0.62
1994-09-17,0.86,19.03,12.32,27.6,nasa,0.62
1994-09-18,0.19,18.47,11.79,27.47,nasa,0.62
1994-09-19,0.01,18.94,11.81,29.41,nasa,0.62
1994-09-20,0.01,19.66,11.43,30.33,nasa,0.62
1994-09-21,0.07,20.69,10.95,32.35,nasa,0.61
1994-09-22,0.01,21.71,12.31,33.37,nasa,0.61
1994-09-23,0.02,21.5,11.6,33.23,nasa,0.61
1994-09-24,0.05,21.91,11.72,33.17,nasa,0.61
1994-09-25,0.03,22.23,13.17,31.27,nasa,0.61
1994-09-26,0.14,22.58,13.42,33.79,nasa,0.61
1994-09-27,0.91,18.32,12.86,26.24,nasa,0.61
1994-09-28,0.56,16.2,11.76,23.49,nasa,0.61
1994-09-29,0.1,18.33,10.67,29.18,nasa,0.61
1994-09-30,0.03,20.26,9.14,31.33,nasa,0.6
1994-10-01,0.08,22.89,12.06,33.56,nasa,0.6
1994-10-02,0.01,23.61,14.1,33.53,nasa,0.6
1994-10-03,0.13,23.85,14.24,34.95,nasa,0.6
1994-10-04,0.67,20.09,15.08,27.02,nasa,0.6
1994-10-05,1.98,20.08,13.5,28.71,nasa,0.6
1994-10-06,10.76,19.92,14.46,27.41,nasa,0.61
1994-10-07,5.56,15.99,13.08,19.11,nasa,0.63
1994-10-08,0.54,18.82,11.99,27.72,nasa,0.63
1994-10-09,0.05,20.65,12.72,30.14,nasa,0.63
1994-10-10,0.1,22.27,13.45,31.55,nasa,0.62
1994-10-11,0.58,21.56,14.83,30.58,nasa,0.62
1994-10-12,0.2,19.62,13.42,27.94,nasa,0.61
1994-10-13,0.4,22.31,11.87,32.52,nasa,0.61
1994-10-14,1.86,23.17,17.24,31.2,nasa,0.61
1994-10-15,1.51,20.58,14.53,29.01,nasa,0.61
1994-10-16,1.73,20.43,15.75,26.17,nasa,0.61
1994-10-17,6.88,22.27,15.55,30.89,nasa,0.61
1994-10-18,5.64,23.55,15.98,31.03,nasa,0.62
1994-10-19,2.26,23.65,16.86,30.62,nasa,0.63
1994-10-20,10.19,23.88,17.78,31.09,nasa,0.63
1994-10-21,4.35,22.53,18.65,29.09,nasa,0.64
1994-10-22,4.54,22.54,16.7,30.49,nasa,0.64
1994-10-23,0.48,22.3,14.98,31.16,nasa,0.64
1994-10-24,1.91,22.57,13.93,31.24,nasa,0.63
1994-10-25,4.88,21.95,17.35,27.88,nasa,0.63
1994-10-26,10.33,21.68,18.05,27.03,nasa,0.64
1994-10-27,15.32,21.25,17.62,27.21,nasa,0.66
1994-10-28,9.74,21.16,16.75,27.05,nasa,0.67
1994-10-29,8.67,17.64,12.57,22.48,nasa,0.69
1994-10-30,1.06,14.9,11.97,19.18,nasa,0.68
1994-10-31,0.45,19.88,12.59,28.59,nasa,0.67
1994-11-01,0.72,22.38,15.16,30.54,nasa,0.66
1994-11-02,3.2,23.33,17.03,31.77,nasa,0.66
1994-11-03,0.88,21.32,14.71,30.18,nasa,0.66
1994-11-04,0.91,23.39,15.31,32.21,nasa,0.65
1994-11-05,1.89,23.75,17.42,30.74,nasa,0.65
1994-11-06,9.66,23.96,16.71,32.03,nasa,0.66
1994-11-07,5.06,23.73,17.22,31.19,nasa,0.66
1994-11-08,3.99,23.82,17.33,30.68,nasa,0.66
1994-11-09,4.47,23.55,18.16,31.1,nasa,0.66
1994-11-10,0.57,24.0,18.16,30.61,nasa,0.66
1994-11-11,0.56,24.33,16.12,33.85,nasa,0.66
1994-11-12,4.97,24.69,16.89,34.19,nasa,0.65
1994-11-13,4.36,22.26,19.09,26.37,nasa,0.66
1994-11-14,5.49,21.5,17.63,27.86,nasa,0.66
1994-11-15,3.22,21.85,17.22,28.47,nasa,0.66
1994-11-16,3.8,22.79,16.99,29.88,nasa,0.66
1994-11-17,4.32,22.72,17.3,30.19,nasa,0.66
1994-11-18,16.4,20.76,17.92,24.69,nasa,0.67
1994-11-19,23.12,19.7,14.93,23.68,nasa,0.71
1994-11-20,3.38,17.52,12.11,25.35,nasa,0.71
1994-11-21,1.52,16.44,11.16,23.32,nasa,0.7
1994-11-22,0.58,16.28,11.85,22.3,nasa,0.69
1994-11-23,0.4,14.82,11.2,18.64,nasa,0.69
1994-11-24,0.68,16.1,10.34,23.72,nasa,0.68
1994-11-25,0.42,17.29,10.98,23.67,nasa,0.68
1994-11-26,1.11,18.59,14.36,23.66,nasa,0.68
1994-11-27,4.32,20.78,12.52,28.83,nasa,0.68
1994-11-28,20.75,19.89,14.66,25.96,nasa,0.69
1994-11-29,3.6,21.01,16.31,27.12,nasa,0.71
1994-11-30,1.14,20.41,15.34,25.89,nasa,0.7
1994-12-01,0.73,20.86,12.6,29.43,nasa,0.69
1994-12-02,1.79,21.54,15.68,28.89,nasa,0.69
1994-12-03,0.49,21.11,13.12,29.12,nasa,0.68
1994-12-04,2.6,22.84,14.21,30.67,nasa,0.67
1994-12-05,11.15,21.83,17.22,27.77,nasa,0.68
1994-12-06,14.92,22.42,18.61,27.74,nasa,0.7
1994-12-07,16.65,20.99,17.97,24.8,nasa,0.72
1994-12-08,4.64,20.68,15.93,27.16,nasa,0.73
1994-12-09,1.96,20.75,14.68,28.16,nasa,0.72
1994-12-10,7.01,21.03,15.8,27.38,nasa,0.71
1994-12-11,14.93,21.41,17.24,25.83,nasa,0.72
1994-12-12,3.84,21.27,17.87,25.65,nasa,0.73
1994-12-13,6.2,22.79,16.69,29.38,nasa,0.73
1994-12-14,2.72,23.37,17.15,28.95,nasa,0.72
1994-12-15,7.63,22.16,18.26,26.63,nasa,0.72
1994-12-16,13.11,21.82,19.45,26.17,nasa,0.73
1994-12-17,18.3,21.42,18.25,25.74,nasa,0.74
1994-12-18,14.6,21.34,18.71,26.05,nasa,0.76
1994-12-19,4.93,19.96,15.06,26.93,nasa,0.77
1994-12-20,2.39,19.77,14.01,27.4,nasa,0.75
1994-12-21,6.94,20.12,14.61,25.49,nasa,0.75
1994-12-22,74.46,20.34,18.51,22.39,nasa,0.78
1994-12-23,39.29,20.3,16.89,24.03,nasa,0.85
1994-12-24,3.27,20.42,14.93,27.27,nasa,0.84
1994-12-25,8.23,20.79,14.18,26.75,nasa,0.82
1994-12-26,18.27,20.64,18.27,23.44,nasa,0.83
1994-12-27,5.11,20.54,17.43,24.15,nasa,0.84
1994-12-28,1.87,20.66,16.6,25.47,nasa,0.83
1994-12-29,1.02,21.29,16.56,27.04,nasa,0.82
1994-12-30,2.75,21.81,16.08,28.29,nasa,0.81
1994-12-31,11.96,21.04,17.07,25.0,nasa,0.81
1995-01-01,3.63,21.17,17.34,25.96,nasa,0.82
1995-01-02,21.27,20.33,16.62,25.27,nasa,0.83
1995-01-03,7.94,20.17,16.45,24.05,nasa,0.84
1995-01-04,8.35,20.85,17.58,25.02,nasa,0.84
1995-01-05,2.4,21.42,17.92,26.06,nasa,0.84
1995-01-06,1.49,22.14,18.06,27.41,nasa,0.83
1995-01-07,0.83,21.87,17.81,26.43,nasa,0.82
1995-01-08,0.53,22.54,17.57,27.85,nasa,0.81
1995-01-09,0.8,22.42,18.13,27.5,nasa,0.81
1995-01-10,1.28,23.15,18.01,28.6,nasa,0.8
1995-01-11,6.8,22.84,19.21,27.14,nasa,0.8
1995-01-12,4.76,21.39,18.69,25.02,nasa,0.81
1995-01-13,4.73,22.43,19.0,27.56,nasa,0.81
1995-01-14,0.44,22.8,15.82,29.09,nasa,0.8
1995-01-15,1.22,23.0,17.13,29.14,nasa,0.79
1995-01-16,0.34,23.41,17.33,29.98,nasa,0.78
1995-01-17,1.91,24.42,18.5,30.92,nasa,0.77
1995-01-18,18.69,22.46,19.48,27.25,nasa,0.78
1995-01-19,9.76,23.03,18.46,28.53,nasa,0.8
1995-01-20,10.71,22.04,19.57,25.59,nasa,0.8
1995-01-21,9.59,21.57,18.63,25.09,nasa,0.81
1995-01-22,8.08,20.54,17.56,25.08,nasa,0.82
1995-01-23,2.0,20.85,16.09,27.43,nasa,0.81
1995-01-24,1.94,22.06,16.3,28.67,nasa,0.8
1995-01-25,6.6,22.74,17.48,28.76,nasa,0.8
1995-01-26,8.66,22.34,18.98,27.36,nasa,0.8
1995-01-27,7.75,21.72,19.01,25.95,nasa,0.81
1995-01-28,7.57,21.72,18.79,26.05,nasa,0.81
1995-01-29,19.16,21.16,18.14,24.96,nasa,0.83
1995-01-30,23.98,20.44,18.13,23.29,nasa,0.84
1995-01-31,18.37,20.01,17.04,23.23,nasa,0.86
1995-02-01,10.87,20.69,17.79,25.03,nasa,0.87
1995-02-02,16.79,21.57,18.14,26.56,nasa,0.87
1995-02-03,40.35,20.86,18.45,24.14,nasa,0.9
1995-02-04,19.78,21.06,18.51,24.72,nasa,0.92
1995-02-05,4.64,20.64,16.59,25.72,nasa,0.91
1995-02-06,9.1,19.78,15.17,25.5,nasa,0.9
1995-02-07,23.7,18.87,17.03,22.06,nasa,0.92
1995-02-08,23.63,18.65,17.03,20.61,nasa,0.93
1995-02-09,14.43,19.82,17.26,22.63,nasa,0.94
1995-02-10,10.71,21.28,18.81,24.88,nasa,0.94
1995-02-11,28.45,20.72,17.03,23.9,nasa,0.95
1995-02-12,13.86,21.19,18.31,25.02,nasa,0.96
1995-02-13,12.99,20.41,18.45,22.46,nasa,0.96
1995-02-14,13.46,20.88,18.62,23.68,nasa,0.96
1995-02-15,12.5,21.53,17.14,26.71,nasa,0.97
1995-02-16,13.89,20.05,16.69,24.06,nasa,0.97
1995-02-17,9.01,21.02,15.9,26.33,nasa,0.97
1995-02-18,5.02,21.39,18.17,25.69,nasa,0.97
1995-02-19,17.57,20.35,16.63,24.38,nasa,0.97
1995-02-20,10.16,18.39,15.51,21.62,nasa,0.98
1995-02-21,1.77,21.41,17.37,27.22,nasa,0.98
1995-02-22,0.06,20.96,13.71,27.47,nasa,0.97
1995-02-23,0.16,22.21,15.52,29.21,nasa,0.96
1995-02-24,0.01,22.38,15.91,28.65,nasa,0.96
1995-02-25,0.94,23.01,16.19,30.05,nasa,0.95
1995-02-26,0.03,21.81,16.21,28.76,nasa,0.94
1995-02-27,0.1,21.03,15.75,27.71,nasa,0.93
1995-02-28,0.49,22.04,14.79,28.37,nasa,0.92
1995-03-01,0.68,22.61,16.66,28.54,nasa,0.92
1995-03-02,0.86,21.77,16.01,28.06,nasa,0.91
1995-03-03,12.59,21.8,15.43,27.45,nasa,0.91
1995-03-04,2.69,20.97,18.23,23.82,nasa,0.92
1995-03-05,5.33,22.19,18.56,26.74,nasa,0.92
1995-03-06,6.22,19.59,17.28,22.4,nasa,0.92
1995-03-07,4.41,20.12,16.3,25.18,nasa,0.92
1995-03-08,6.52,20.95,17.21,25.96,nasa,0.92
1995-03-09,0.97,21.27,15.58,27.37,nasa,0.91
1995-03-10,3.97,20.83,15.4,26.39,nasa,0.91
1995-03-11,2.6,21.19,16.32,27.53,nasa,0.9
1995-03-12,4.89,21.16,15.97,26.16,nasa,0.9
1995-03-13,15.82,19.46,16.35,23.0,nasa,0.91
1995-03-14,3.87,18.03,14.71,21.36,nasa,0.92
1995-03-15,5.17,19.47,15.21,24.98,nasa,0.92
1995-03-16,0.15,19.23,13.62,25.43,nasa,0.91
1995-03-17,0.26,18.95,12.53,26.02,nasa,0.9
1995-03-18,0.21,19.5,13.57,25.75,nasa,0.9
1995-03-19,1.44,20.31,15.5,26.34,nasa,0.89
1995-03-20,2.55,19.58,16.12,23.87,nasa,0.89
1995-03-21,7.89,19.84,16.81,25.42,nasa,0.89
1995-03-22,1.59,20.14,16.06,25.87,nasa,0.89
1995-03-23,4.08,20.26,15.9,25.83,nasa,0.89
1995-03-24,5.62,20.18,17.7,24.12,nasa,0.89
1995-03-25,10.66,20.59,15.98,26.25,nasa,0.9
1995-03-26,0.61,18.75,14.1,25.46,nasa,0.89
1995-03-27,0.64,16.42,11.46,23.63,nasa,0.88
1995-03-28,1.52,18.75,12.89,25.52,nasa,0.88
1995-03-29,4.79,21.14,15.48,26.82,nasa,0.88
1995-03-30,23.6,21.41,17.16,26.73,nasa,0.89
1995-03-31,18.61,21.36,18.92,25.89,nasa,0.91
1995-04-01,5.98,21.0,18.02,25.66,nasa,0.92
1995-04-02,0.47,21.38,19.08,24.63,nasa,0.91
1995-04-03,0.99,19.71,14.96,26.18,nasa,0.9
1995-04-04,0.33,18.34,13.32,24.66,nasa,0.9
1995-04-05,0.17,18.59,14.05,24.74,nasa,0.89
1995-04-06,0.05,18.27,13.94,24.33,nasa,0.89
1995-04-07,0.15,18.86,15.08,23.96,nasa,0.88
1995-04-08,0.43,18.5,15.16,23.76,nasa,0.88
1995-04-09,2.67,18.71,14.95,23.75,nasa,0.88
1995-04-10,0.54,18.77,14.5,24.93,nasa,0.87
1995-04-11,4.89,18.96,14.69,24.74,nasa,0.87
1995-04-12,9.82,18.85,13.03,23.83,nasa,0.88
1995-04-13,0.38,14.47,7.78,22.12,nasa,0.88
1995-04-14,0.19,15.59,10.3,22.45,nasa,0.87
1995-04-15,0.14,16.8,11.23,23.11,nasa,0.86
1995-04-16,0.06,17.37,11.55,24.15,nasa,0.86
1995-04-17,0.02,18.29,12.84,23.9,nasa,0.86
1995-04-18,0.41,18.84,13.47,24.68,nasa,0.85
1995-04-19,1.61,20.33,15.95,25.6,nasa,0.85
1995-04-20,2.21,19.85,15.81,24.9,nasa,0.85
1995-04-21,1.96,19.25,15.57,25.02,nasa,0.85
1995-04-22,0.97,18.67,13.78,24.36,nasa,0.84
1995-04-23,0.7,18.85,15.26,23.93,nasa,0.84
1995-04-24,0.58,20.14,15.53,26.01,nasa,0.84
1995-04-25,0.24,18.82,14.77,24.84,nasa,0.83
1995-04-26,0.02,18.1,13.1,24.36,nasa,0.83
1995-04-27,0.04,17.87,12.57,23.67,nasa,0.83
1995-04-28,0.48,16.66,12.09,23.36,nasa,0.82
1995-04-29,0.04,17.57,10.18,24.46,nasa,0.82
1995-04-30,0.0,18.97,13.72,25.65,nasa,0.81
1995-05-01,0.09,18.37,12.37,25.98,nasa,0.81
1995-05-02,0.29,18.24,12.82,25.05,nasa,0.8
1995-05-03,0.32,18.38,12.97,24.56,nasa,0.8
1995-05-04,0.3,18.53,13.14,24.32,nasa,0.8
1995-05-05,2.99,18.13,14.94,21.8,nasa,0.8
1995-05-06,12.55,17.14,15.36,18.85,nasa,0.81
1995-05-07,4.23,18.74,16.55,22.1,nasa,0.82
1995-05-08,1.93,17.74,14.73,22.56,nasa,0.82
1995-05-09,0.88,18.32,14.59,24.02,nasa,0.82
1995-05-10,15.71,16.99,14.35,20.57,nasa,0.82
1995-05-11,3.85,18.01,13.64,23.96,nasa,0.84
1995-05-12,0.48,17.51,13.78,23.26,nasa,0.83
1995-05-13,0.24,17.39,13.23,23.55,nasa,0.82
1995-05-14,0.1,17.88,13.71,23.48,nasa,0.82
1995-05-15,0.24,18.7,14.29,24.09,nasa,0.81
1995-05-16,0.53,18.45,14.28,23.72,nasa,0.81
1995-05-17,4.64,18.88,13.74,24.04,nasa,0.81
1995-05-18,3.21,17.07,11.92,23.07,nasa,0.81
1995-05-19,0.59,13.3,9.99,18.93,nasa,0.81
1995-05-20,0.14,13.61,8.44,20.04,nasa,0.81
1995-05-21,0.12,13.58,10.92,17.16,nasa,0.8
1995-05-22,0.04,15.05,11.07,20.65,nasa,0.8
1995-05-23,0.17,14.64,10.98,19.31,nasa,0.8
1995-05-24,1.77,15.95,11.22,21.88,nasa,0.8
1995-05-25,2.58,16.82,12.46,22.49,nasa,0.8
1995-05-26,1.23,13.9,10.99,17.54,nasa,0.8
1995-05-27,0.27,14.6,10.44,20.25,nasa,0.8
1995-05-28,0.08,16.17,10.81,22.17,nasa,0.79
1995-05-29,0.05,14.94,9.78,21.57,nasa,0.79
1995-05-30,0.09,14.96,11.42,20.98,nasa,0.79
1995-05-31,0.06,14.58,10.0,20.32,nasa,0.79
1995-06-01,0.02,15.17,10.62,21.67,nasa,0.78
1995-06-02,0.0,15.45,10.77,21.99,nasa,0.78
1995-06-03,0.0,14.02,9.5,21.04,nasa,0.78
1995-06-04,0.0,13.05,8.49,20.72,nasa,0.77
1995-06-05,0.0,12.69,6.66,20.47,nasa,0.77
1995-06-06,0.02,12.01,5.19,20.13,nasa,0.77
1995-06-07,0.01,12.94,7.29,20.27,nasa,0.77
1995-06-08,0.0,13.46,7.06,21.45,nasa,0.76
1995-06-09,0.05,14.27,7.58,21.74,nasa,0.76
1995-06-10,0.0,13.46,6.64,21.31,nasa,0.76
1995-06-11,0.03,15.92,10.92,23.39,nasa,0.75
1995-06-12,0.0,14.98,9.05,22.11,nasa,0.75
1995-06-13,0.02,15.21,9.38,21.87,nasa,0.75
1995-06-14,0.04,15.8,11.65,22.0,nasa,0.75
1995-06-15,0.0,15.29,9.04,22.11,nasa,0.74
1995-06-16,0.09,14.77,8.21,21.88,nasa,0.74
1995-06-17,0.14,15.35,9.64,22.04,nasa,0.74
1995-06-18,0.5,16.37,11.95,23.02,nasa,0.74
1995-06-19,1.38,14.83,11.14,20.31,nasa,0.74
1995-06-20,0.65,12.86,10.36,17.21,nasa,0.74
1995-06-21,0.18,13.0,10.16,16.99,nasa,0.74
1995-06-22,0.03,14.75,10.16,20.44,nasa,0.74
1995-06-23,0.2,15.16,9.09,21.45,nasa,0.73
1995-06-24,0.64,15.35,10.89,21.07,nasa,0.73
1995-06-25,1.32,15.63,11.67,21.01,nasa,0.73
1995-06-26,3.05,17.47,13.41,23.09,nasa,0.73
1995-06-27,0.26,17.65,12.67,24.35,nasa,0.73
1995-06-28,0.12,16.1,10.08,23.32,nasa,0.73
1995-06-29,0.66,14.93,10.56,20.85,nasa,0.73
1995-06-30,0.72,14.55,11.42,20.36,nasa,0.73
1995-07-01,0.02,15.14,9.19,21.74,nasa,0.72
1995-07-02,0.03,15.85,10.92,22.56,nasa,0.72
1995-07-03,0.05,15.08,8.59,22.56,nasa,0.72
1995-07-04,0.03,15.65,9.7,22.57,nasa,0.72
1995-07-05,0.02,15.42,11.32,22.44,nasa,0.71
1995-07-06,0.09,15.48,10.38,22.59,nasa,0.71
1995-07-07,0.55,17.3,11.92,24.12,nasa,0.71
1995-07-08,3.0,16.82,12.26,23.28,nasa,0.71
1995-07-09,8.99,15.02,11.41,20.58,nasa,0.72
1995-07-10,5.26,15.2,12.45,20.02,nasa,0.73
1995-07-11,0.65,14.33,9.91,21.57,nasa,0.73
1995-07-12,0.03,15.47,10.85,23.03,nasa,0.72
1995-07-13,0.04,16.91,11.97,23.32,nasa,0.72
1995-07-14,0.0,16.4,10.94,23.47,nasa,0.72
1995-07-15,0.0,15.49,8.75,22.94,nasa,0.71
1995-07-16,0.0,16.16,8.74,23.38,nasa,0.71
1995-07-17,0.0,15.14,8.06,23.26,nasa,0.71
1995-07-18,0.01,14.75,8.75,21.37,nasa,0.7
1995-07-19,0.46,14.02,8.3,21.03,nasa,0.7
1995-07-20,0.07,14.63,7.42,22.41,nasa,0.7
1995-07-21,1.78,15.33,10.07,21.55,nasa,0.7
1995-07-22,1.14,15.5,11.44,21.73,nasa,0.7
1995-07-23,0.02,16.39,11.62,22.95,nasa,0.7
1995-07-24,0.03,16.59,10.11,24.01,nasa,0.7
1995-07-25,0.09,16.95,12.47,24.05,nasa,0.69
1995-07-26,0.02,17.06,12.06,23.57,nasa,0.69
1995-07-27,0.0,16.53,10.6,24.3,nasa,0.69
1995-07-28,0.07,15.91,10.42,23.3,nasa,0.68
1995-07-29,0.0,16.75,9.78,24.28,nasa,0.68
1995-07-30,0.05,17.37,12.13,25.26,nasa,0.68
1995-07-31,0.04,16.18,10.27,24.8,nasa,0.68
1995-08-01,0.0,16.52,9.81,24.55,nasa,0.67
1995-08-02,0.0,17.62,9.8,25.31,nasa,0.67
1995-08-03,0.0,18.94,14.55,25.93,nasa,0.67
1995-08-04,0.37,18.37,12.79,26.7,nasa,0.67
1995-08-05,1.22,14.08,10.73,20.13,nasa,0.67
1995-08-06,0.32,15.76,10.81,22.7,nasa,0.67
1995-08-07,0.02,18.64,11.83,26.87,nasa,0.66
1995-08-08,0.15,18.82,12.16,26.63,nasa,0.66
1995-08-09,0.01,19.45,13.33,27.4,nasa,0.66
1995-08-10,0.02,20.0,13.6,27.66,nasa,0.66
1995-08-11,0.01,19.55,13.24,28.83,nasa,0.66
1995-08-12,0.1,18.83,10.91,27.87,nasa,0.65
1995-08-13,0.0,19.22,10.28,29.51,nasa,0.65
1995-08-14,0.0,19.33,10.65,29.11,nasa,0.65
1995-08-15,0.11,20.99,11.45,29.56,nasa,0.65
1995-08-16,0.09,20.1,12.41,29.1,nasa,0.64
1995-08-17,0.28,17.66,12.56,26.03,nasa,0.64
1995-08-18,0.04,18.23,11.34,26.65,nasa,0.64
1995-08-19,0.24,17.4,10.57,25.78,nasa,0.64
1995-08-20,1.14,16.11,11.5,22.9,nasa,0.64
1995-08-21,0.72,16.63,11.98,23.83,nasa,0.64
1995-08-22,0.08,17.32,11.7,25.25,nasa,0.64
1995-08-23,0.0,17.12,9.77,26.73,nasa,0.64
1995-08-24,0.0,16.82,9.0,27.21,nasa,0.64
1995-08-25,0.02,17.24,9.4,27.62,nasa,0.64
1995-08-26,0.0,17.92,8.33,28.5,nasa,0.63
1995-08-27,0.0,18.19,9.37,28.81,nasa,0.63
1995-08-28,0.0,19.05,9.58,29.24,nasa,0.63
1995-08-29,0.0,20.26,12.11,31.07,nasa,0.63
1995-08-30,0.0,20.04,10.81,30.84,nasa,0.62
1995-08-31,0.0,20.69,12.11,31.83,nasa,0.62
1995-09-01,0.0,20.31,10.58,31.23,nasa,0.62
1995-09-02,0.12,21.2,14.23,31.14,nasa,0.62
1995-09-03,0.84,18.02,12.6,26.87,nasa,0.62
1995-09-04,0.53,15.4,9.44,23.26,nasa,0.62
1995-09-05,0.01,14.64,8.12,24.41,nasa,0.62
1995-09-06,0.0,15.3,7.65,26.76,nasa,0.62
1995-09-07,0.0,16.45,8.04,28.15,nasa,0.62
1995-09-08,0.0,17.58,7.66,29.05,nasa,0.62
1995-09-09,0.0,18.95,8.83,29.49,nasa,0.61
1995-09-10,0.0,20.62,11.2,30.95,nasa,0.61
1995-09-11,0.01,22.11,14.65,31.11,nasa,0.61
1995-09-12,0.4,20.24,12.62,30.67,nasa,0.61
1995-09-13,0.41,17.36,11.33,26.74,nasa,0.61
1995-09-14,0.04,21.02,11.91,29.99,nasa,0.61
1995-09-15,1.64,20.82,14.09,29.69,nasa,0.61
1995-09-16,0.86,18.14,12.15,28.11,nasa,0.61
1995-09-17,2.9,19.01,12.42,27.52,nasa,0.61
1995-09-18,1.29,21.02,15.71,28.77,nasa,0.62
1995-09-19,3.83,22.2,16.27,30.36,nasa,0.62
1995-09-20,2.0,16.8,11.52,23.95,nasa,0.62
1995-09-21,1.55,14.16,11.21,18.94,nasa,0.62
1995-09-22,0.21,17.18,11.43,25.59,nasa,0.62
1995-09-23,0.19,18.08,11.73,24.91,nasa,0.62
1995-09-24,0.86,19.94,14.45,26.8,nasa,0.62
1995-09-25,1.93,20.42,15.03,28.14,nasa,0.62
1995-09-26,16.57,21.01,13.56,28.66,nasa,0.63
1995-09-27,1.1,21.31,14.86,29.49,nasa,0.64
1995-09-28,16.32,20.3,14.94,27.73,nasa,0.65
1995-09-29,2.94,19.9,15.33,26.84,nasa,0.66
1995-09-30,0.53,20.31,15.47,27.38,nasa,0.66
1995-10-01,2.08,20.8,14.36,28.74,nasa,0.65
1995-10-02,1.56,21.54,14.92,29.71,nasa,0.65
1995-10-03,0.5,20.69,14.39,29.39,nasa,0.65
1995-10-04,0.29,21.53,13.39,30.65,nasa,0.64
1995-10-05,1.97,21.99,13.83,32.55,nasa,0.64
1995-10-06,5.2,19.53,15.26,24.71,nasa,0.64
1995-10-07,0.84,21.07,14.13,29.41,nasa,0.64
1995-10-08,2.19,20.35,15.19,26.31,nasa,0.64
1995-10-09,8.51,19.93,16.06,25.75,nasa,0.65
1995-10-10,2.08,18.99,14.3,25.89,nasa,0.66
1995-10-11,0.73,19.94,12.58,28.75,nasa,0.65
1995-10-12,3.12,20.5,13.11,29.16,nasa,0.65
1995-10-13,12.04,21.85,16.77,28.67,nasa,0.66
1995-10-14,39.26,18.89,15.19,22.28,nasa,0.7
1995-10-15,5.09,18.44,14.62,22.35,nasa,0.72
1995-10-16,14.29,18.23,15.5,20.31,nasa,0.72
1995-10-17,8.95,18.25,15.13,23.05,nasa,0.73
1995-10-18,2.66,19.4,14.13,25.41,nasa,0.72
1995-10-19,9.85,18.26,14.92,23.74,nasa,0.72
1995-10-20,25.47,18.31,14.32,23.36,nasa,0.74
1995-10-21,3.57,18.8,13.61,24.47,nasa,0.75
1995-10-22,0.85,15.58,10.71,22.54,nasa,0.74
1995-10-23,0.08,16.36,9.96,25.05,nasa,0.73
1995-10-24,0.09,18.32,9.77,28.03,nasa,0.72
1995-10-25,0.03,20.17,12.52,29.65,nasa,0.71
1995-10-26,0.61,21.29,12.9,29.91,nasa,0.7
1995-10-27,0.98,22.12,12.79,30.41,nasa,0.7
1995-10-28,3.66,21.15,14.72,29.6,nasa,0.69
1995-10-29,6.84,15.63,10.94,23.05,nasa,0.7
1995-10-30,19.42,12.92,10.48,17.14,nasa,0.71
1995-10-31,22.54,13.88,9.66,18.96,nasa,0.75
1995-11-01,9.2,15.42,11.99,19.48,nasa,0.77
1995-11-02,3.58,16.55,13.58,21.26,nasa,0.76
1995-11-03,3.53,16.59,13.93,20.32,nasa,0.76
1995-11-04,2.64,17.54,14.77,21.95,nasa,0.76
1995-11-05,0.59,18.72,13.69,25.16,nasa,0.75
1995-11-06,0.71,20.52,15.64,27.32,nasa,0.74
1995-11-07,1.43,21.29,15.13,28.92,nasa,0.73
1995-11-08,0.34,21.6,13.46,29.44,nasa,0.73
1995-11-09,0.15,21.45,12.81,29.81,nasa,0.72
1995-11-10,1.62,22.45,13.64,30.85,nasa,0.71
1995-11-11,10.71,22.18,18.2,27.87,nasa,0.72
1995-11-12,21.14,19.42,16.45,23.85,nasa,0.74
1995-11-13,18.61,17.58,14.89,22.11,nasa,0.77
1995-11-14,3.12,19.82,13.72,25.84,nasa,0.77
1995-11-15,5.06,20.88,17.02,26.2,nasa,0.76
1995-11-16,4.43,21.52,16.73,27.29,nasa,0.76
1995-11-17,1.58,21.18,15.89,27.12,nasa,0.75
1995-11-18,7.86,20.17,14.58,26.05,nasa,0.75
1995-11-19,0.58,17.68,12.12,25.54,nasa,0.75
1995-11-20,1.31,16.58,10.65,23.67,nasa,0.74
1995-11-21,0.52,16.75,11.3,24.32,nasa,0.74
1995-11-22,1.46,17.46,10.77,25.19,nasa,0.73
1995-11-23,24.82,16.55,13.3,20.07,nasa,0.74
1995-11-24,9.23,19.58,14.39,26.23,nasa,0.77
1995-11-25,3.39,20.24,14.66,27.56,nasa,0.77
1995-11-26,1.27,20.81,14.13,27.9,nasa,0.76
1995-11-27,7.15,21.81,15.96,27.98,nasa,0.75
1995-11-28,3.64,20.36,14.45,25.92,nasa,0.76
1995-11-29,0.32,18.49,12.71,26.07,nasa,0.75
1995-11-30,0.31,19.55,13.47,26.2,nasa,0.74
1995-12-01,1.59,19.6,15.13,24.91,nasa,0.74
1995-12-02,0.99,21.57,15.09,28.97,nasa,0.73
1995-12-03,3.17,22.02,15.71,29.32,nasa,0.73
1995-12-04,6.37,21.46,16.83,27.84,nasa,0.73
1995-12-05,4.57,20.09,14.88,27.02,nasa,0.73
1995-12-06,0.64,19.01,13.77,26.49,nasa,0.73
1995-12-07,2.52,20.48,14.07,27.87,nasa,0.72
1995-12-08,1.78,21.14,15.41,28.25,nasa,0.72
1995-12-09,1.87,19.36,13.44,27.14,nasa,0.72
1995-12-10,2.95,19.28,13.31,27.04,nasa,0.71
1995-12-11,4.15,20.94,14.71,28.26,nasa,0.71
1995-12-12,21.64,20.61,17.77,24.97,nasa,0.73
1995-12-13,46.44,19.3,15.22,22.31,nasa,0.78
1995-12-14,8.28,17.43,13.79,22.08,nasa,0.81
1995-12-15,1.42,19.26,12.87,26.67,nasa,0.79
1995-12-16,1.19,21.27,14.51,28.56,nasa,0.78
1995-12-17,5.48,22.66,16.52,29.7,nasa,0.77
1995-12-18,4.7,21.44,16.87,27.72,nasa,0.77
1995-12-19,12.18,19.23,15.23,23.45,nasa,0.78
1995-12-20,2.07,20.21,15.71,26.59,nasa,0.78
1995-12-21,5.9,19.8,15.27,25.28,nasa,0.77
1995-12-22,3.24,20.55,16.71,25.17,nasa,0.77
1995-12-23,7.13,20.0,17.0,23.87,nasa,0.78
1995-12-24,16.17,20.54,16.74,25.89,nasa,0.79
1995-12-25,23.07,21.32,16.73,26.09,nasa,0.81
1995-12-26,12.94,22.35,18.34,27.37,nasa,0.82
1995-12-27,10.18,22.14,18.47,27.08,nasa,0.82
1995-12-28,16.28,21.88,19.03,26.35,nasa,0.83
1995-12-29,8.53,21.49,18.36,26.43,nasa,0.83
1995-12-30,6.99,20.37,16.99,26.16,nasa,0.83
1995-12-31,10.13,20.32,15.54,27.46,nasa,0.83
1996-01-01,23.06,18.87,13.99,24.63,nasa,0.84
1996-01-02,17.31,19.66,17.7,22.93,nasa,0.86
1996-01-03,25.63,19.69,17.53,22.72,nasa,0.88
1996-01-04,6.71,20.09,16.39,24.53,nasa,0.88
1996-01-05,6.44,20.31,18.12,23.1,nasa,0.88
1996-01-06,11.93,19.55,16.55,23.47,nasa,0.88
1996-01-07,16.55,19.35,16.36,22.77,nasa,0.89
1996-01-08,15.84,19.53,17.39,22.22,nasa,0.9
1996-01-09,8.46,20.22,16.88,24.69,nasa,0.9
1996-01-10,9.21,21.38,16.87,27.1,nasa,0.9
1996-01-11,21.3,21.78,16.85,26.57,nasa,0.91
1996-01-12,6.44,21.21,17.43,26.51,nasa,0.91
1996-01-13,0.87,20.35,15.98,26.08,nasa,0.9
1996-01-14,0.32,20.47,13.58,27.65,nasa,0.9
1996-01-15,0.46,21.01,15.07,27.72,nasa,0.89
1996-01-16,1.14,21.24,15.81,27.18,nasa,0.88
1996-01-17,0.39,21.38,16.42,27.17,nasa,0.87
1996-01-18,6.13,21.68,15.1,27.88,nasa,0.87
1996-01-19,9.41,22.45,17.77,27.05,nasa,0.87
1996-01-20,20.26,22.1,17.02,27.13,nasa,0.89
1996-01-21,18.01,20.99,18.39,24.45,nasa,0.9
1996-01-22,3.89,21.98,17.37,26.18,nasa,0.91
1996-01-23,4.13,23.74,18.65,29.43,nasa,0.9
1996-01-24,4.57,22.6,19.13,27.27,nasa,0.9
1996-01-25,3.5,23.56,16.82,30.59,nasa,0.89
1996-01-26,4.41,23.5,17.95,29.46,nasa,0.89
1996-01-27,3.63,23.51,17.7,29.5,nasa,0.88
1996-01-28,0.69,22.61,16.88,29.79,nasa,0.88
1996-01-29,0.42,21.49,14.9,28.46,nasa,0.87
1996-01-30,0.83,22.67,17.01,28.71,nasa,0.86
1996-01-31,1.46,23.15,16.82,28.84,nasa,0.85
1996-02-01,4.53,23.19,18.87,28.43,nasa,0.85
1996-02-02,10.24,21.6,18.5,25.29,nasa,0.86
1996-02-03,20.23,20.49,17.36,25.13,nasa,0.87
1996-02-04,15.36,19.75,16.79,23.23,nasa,0.89
1996-02-05,6.89,20.07,18.1,22.89,nasa,0.9
1996-02-06,9.22,21.16,17.48,25.98,nasa,0.9
1996-02-07,7.92,21.84,18.46,25.75,nasa,0.9
1996-02-08,4.33,22.28,18.12,26.37,nasa,0.9
1996-02-09,13.7,22.17,18.65,26.01,nasa,0.9
1996-02-10,24.04,23.35,17.74,29.07,nasa,0.91
1996-02-11,9.42,23.24,19.46,29.7,nasa,0.92
1996-02-12,11.25,21.85,16.61,28.61,nasa,0.92
1996-02-13,8.15,19.29,17.53,22.21,nasa,0.92
1996-02-14,7.28,19.9,16.88,23.84,nasa,0.92
1996-02-15,1.52,20.48,16.44,26.52,nasa,0.92
1996-02-16,1.28,20.73,14.91,27.21,nasa,0.91
1996-02-17,3.71,21.57,17.01,27.41,nasa,0.9
1996-02-18,6.09,21.23,15.97,27.46,nasa,0.91
1996-02-19,5.26,21.21,16.53,26.42,nasa,0.9
1996-02-20,15.12,21.32,16.22,27.04,nasa,0.91
1996-02-21,5.94,21.9,18.14,26.67,nasa,0.91
1996-02-22,5.35,21.89,16.24,28.36,nasa,0.91
1996-02-23,4.69,21.67,16.9,27.38,nasa,0.91
1996-02-24,9.68,22.18,18.23,27.15,nasa,0.91
1996-02-25,12.11,21.25,18.95,24.52,nasa,0.92
1996-02-26,11.78,22.32,18.4,27.06,nasa,0.92
1996-02-27,5.37,21.14,17.86,25.63,nasa,0.93
1996-02-28,0.72,21.11,16.87,26.46,nasa,0.92
1996-02-29,0.7,21.36,15.83,26.67,nasa,0.91
1996-03-01,5.82,20.29,15.98,24.68,nasa,0.91
1996-03-02,13.78,20.93,16.55,26.45,nasa,0.91
1996-03-03,15.25,20.45,17.03,24.43,nasa,0.93
1996-03-04,17.82,20.45,17.36,24.22,nasa,0.94
1996-03-05,19.39,20.73,16.59,25.52,nasa,0.95
1996-03-06,12.38,20.59,17.21,24.78,nasa,0.95
1996-03-07,8.78,20.13,17.09,23.8,nasa,0.96
1996-03-08,6.48,20.49,18.15,23.85,nasa,0.96
1996-03-09,13.3,21.11,16.89,25.89,nasa,0.96
1996-03-10,3.69,18.66,15.45,22.49,nasa,0.96
1996-03-11,5.27,16.68,14.4,19.72,nasa,0.96
1996-03-12,22.59,16.73,14.33,20.03,nasa,0.97
1996-03-13,4.99,18.44,15.63,22.8,nasa,0.97
1996-03-14,5.74,19.79,15.99,24.27,nasa,0.97
1996-03-15,14.67,20.38,16.98,25.28,nasa,0.97
1996-03-16,8.17,19.7,16.35,23.82,nasa,0.97
1996-03-17,6.71,20.21,15.79,24.72,nasa,0.97
1996-03-18,11.09,21.22,15.97,27.18,nasa,0.97
1996-03-19,4.41,21.62,17.31,26.56,nasa,0.97
1996-03-20,8.19,20.37,17.01,24.81,nasa,0.97
1996-03-21,5.76,19.79,15.6,25.18,nasa,0.97
1996-03-22,3.26,19.52,16.23,24.7,nasa,0.97
1996-03-23,5.96,19.93,17.11,24.71,nasa,0.97
1996-03-24,2.52,20.95,15.99,26.75,nasa,0.96
1996-03-25,0.78,22.15,17.75,27.16,nasa,0.96
1996-03-26,1.93,22.03,16.69,27.97,nasa,0.96
1996-03-27,8.42,22.46,17.56,28.67,nasa,0.95
1996-03-28,3.91,22.12,17.41,27.71,nasa,0.95
1996-03-29,0.7,20.81,16.51,26.76,nasa,0.95
1996-03-30,0.15,21.13,15.54,27.08,nasa,0.94
1996-03-31,6.89,22.83,18.34,28.15,nasa,0.94
1996-04-01,1.43,21.88,17.31,27.62,nasa,0.94
1996-04-02,0.09,20.86,16.76,26.93,nasa,0.93
1996-04-03,0.0,21.15,14.99,28.35,nasa,0.92
1996-04-04,0.01,20.65,15.15,27.39,nasa,0.92
1996-04-05,0.01,19.52,15.15,25.58,nasa,0.91
1996-04-06,0.02,19.62,13.55,26.02,nasa,0.9
1996-04-07,0.41,21.4,16.57,28.07,nasa,0.9
1996-04-08,0.68,20.16,15.88,26.2,nasa,0.89
1996-04-09,1.15,20.97,15.67,26.98,nasa,0.89
1996-04-10,4.51,20.47,16.27,25.16,nasa,0.89
1996-04-11,6.69,19.64,17.69,22.72,nasa,0.89
1996-04-12,9.21,19.47,16.25,26.06,nasa,0.9
1996-04-13,5.83,19.23,15.35,24.14,nasa,0.9
1996-04-14,1.26,18.78,16.15,22.64,nasa,0.9
1996-04-15,5.37,19.49,16.57,23.95,nasa,0.9
1996-04-16,12.37,19.73,16.2,24.57,nasa,0.9
1996-04-17,6.86,19.64,14.64,24.46,nasa,0.91
1996-04-18,1.52,13.93,10.57,17.59,nasa,0.91
1996-04-19,0.89,13.95,8.68,20.33,nasa,0.9
1996-04-20,0.37,14.83,10.78,21.13,nasa,0.9
1996-04-21,0.03,14.54,9.32,21.62,nasa,0.9
1996-04-22,0.05,15.19,9.13,22.27,nasa,0.89
1996-04-23,0.03,15.77,8.4,23.26,nasa,0.89
1996-04-24,0.09,16.56,10.04,23.72,nasa,0.88
1996-04-25,0.02,17.35,11.89,24.07,nasa,0.88
1996-04-26,1.09,16.78,11.6,22.79,nasa,0.87
1996-04-27,0.83,15.74,12.4,21.17,nasa,0.87
1996-04-28,0.09,15.8,11.71,21.84,nasa,0.86
1996-04-29,0.15,16.59,11.75,22.82,nasa,0.86
1996-04-30,0.13,17.73,12.73,23.6,nasa,0.86
1996-05-01,0.39,17.88,12.89,23.61,nasa,0.85
1996-05-02,1.4,16.93,13.46,21.95,nasa,0.85
1996-05-03,0.23,15.95,11.71,22.39,nasa,0.85
1996-05-04,0.47,15.69,11.19,22.01,nasa,0.85
1996-05-05,0.15,16.32,11.53,22.42,nasa,0.84
1996-05-06,0.02,16.07,11.44,22.3,nasa,0.84
1996-05-07,0.03,16.61,10.72,22.85,nasa,0.84
1996-05-08,0.05,16.1,11.23,23.07,nasa,0.83
1996-05-09,1.4,16.3,11.66,22.88,nasa,0.83
1996-05-10,2.24,15.51,11.77,21.45,nasa,0.83
1996-05-11,0.31,14.13,8.96,19.81,nasa,0.83
1996-05-12,0.06,13.59,5.82,21.25,nasa,0.82
1996-05-13,0.16,14.69,8.07,21.9,nasa,0.82
1996-05-14,1.35,17.7,13.56,23.41,nasa,0.82
1996-05-15,4.71,17.2,13.01,22.63,nasa,0.82
1996-05-16,7.29,16.4,13.13,21.26,nasa,0.82
1996-05-17,2.23,15.55,12.92,20.19,nasa,0.83
1996-05-18,2.49,15.6,13.13,18.78,nasa,0.83
1996-05-19,0.33,17.83,13.69,23.79,nasa,0.83
1996-05-20,0.05,17.39,12.67,23.08,nasa,0.82
1996-05-21,2.16,16.08,13.69,18.78,nasa,0.82
1996-05-22,11.59,16.66,14.05,20.96,nasa,0.83
1996-05-23,1.21,17.06,12.35,22.73,nasa,0.83
1996-05-24,0.96,14.15,10.38,20.09,nasa,0.83
1996-05-25,0.29,13.07,9.67,18.52,nasa,0.82
1996-05-26,0.03,13.09,8.89,19.54,nasa,0.82
1996-05-27,0.0,13.8,7.36,21.01,nasa,0.82
1996-05-28,0.01,14.59,9.25,20.97,nasa,0.81
1996-05-29,0.05,14.26,9.84,20.73,nasa,0.81
1996-05-30,0.05,14.84,9.34,21.34,nasa,0.8
1996-05-31,0.0,14.71,9.72,21.03,nasa,0.8
1996-06-01,0.18,14.94,7.74,21.88,nasa,0.8
1996-06-02,0.75,13.41,10.03,18.3,nasa,0.8
1996-06-03,0.26,11.66,9.16,15.65,nasa,0.8
1996-06-04,0.04,12.23,9.33,17.33,nasa,0.8
1996-06-05,0.02,13.25,8.91,19.89,nasa,0.79
1996-06-06,0.23,14.68,9.4,20.38,nasa,0.79
1996-06-07,0.07,15.7,11.53,20.94,nasa,0.79
1996-06-08,0.03,14.66,10.03,21.12,nasa,0.79
1996-06-09,0.07,13.38,9.95,19.35,nasa,0.78
1996-06-10,0.02,12.07,7.51,18.73,nasa,0.78
1996-06-11,0.0,11.36,6.45,18.65,nasa,0.78
1996-06-12,0.03,12.68,7.99,19.15,nasa,0.78
1996-06-13,0.06,14.08,10.2,20.13,nasa,0.77
1996-06-14,0.01,14.22,9.46,20.38,nasa,0.77
1996-06-15,0.0,13.6,6.59,21.13,nasa,0.77
1996-06-16,0.01,14.4,8.89,21.6,nasa,0.77
1996-06-17,0.0,16.13,10.65,23.19,nasa,0.76
1996-06-18,0.0,18.11,12.75,25.08,nasa,0.76
1996-06-19,0.03,17.89,12.18,25.15,nasa,0.76
1996-06-20,0.06,16.27,11.57,23.28,nasa,0.75
1996-06-21,0.0,15.8,12.5,21.47,nasa,0.75
1996-06-22,0.15,15.72,8.96,22.53,nasa,0.75
1996-06-23,0.06,15.46,10.79,22.92,nasa,0.75
1996-06-24,0.07,16.15,11.46,22.8,nasa,0.75
1996-06-25,0.01,17.2,12.5,23.57,nasa,0.74
1996-06-26,0.0,17.44,12.86,23.99,nasa,0.74
1996-06-27,0.34,15.8,11.55,21.23,nasa,0.74
1996-06-28,18.15,13.27,11.44,15.9,nasa,0.75
1996-06-29,2.54,9.65,6.37,14.1,nasa,0.77
1996-06-30,0.92,10.12,6.67,13.92,nasa,0.77
1996-07-01,0.15,12.38,8.78,17.78,nasa,0.76
1996-07-02,0.4,14.38,10.12,20.97,nasa,0.76
1996-07-03,0.05,14.35,8.15,22.22,nasa,0.76
1996-07-04,0.44,14.76,10.45,20.99,nasa,0.75
1996-07-05,0.13,14.88,9.74,21.34,nasa,0.75
1996-07-06,0.12,15.31,11.09,22.06,nasa,0.75
1996-07-07,0.73,14.01,11.41,18.94,nasa,0.75
1996-07-08,0.3,15.6,10.56,22.67,nasa,0.74
1996-07-09,0.02,16.45,12.29,22.45,nasa,0.74
1996-07-10,0.01,16.14,11.02,23.16,nasa,0.74
1996-07-11,0.0,13.79,7.64,20.67,nasa,0.74
1996-07-12,0.0,10.46,5.68,18.09,nasa,0.73
1996-07-13,0.01,12.52,4.84,21.05,nasa,0.73
1996-07-14,0.02,13.19,5.92,21.91,nasa,0.73
1996-07-15,0.18,12.85,7.4,21.01,nasa,0.73
1996-07-16,0.11,13.49,9.04,20.1,nasa,0.73
1996-07-17,0.04,15.48,9.58,22.34,nasa,0.72
1996-07-18,0.03,15.72,9.94,22.57,nasa,0.72
1996-07-19,0.01,14.89,9.5,21.93,nasa,0.72
1996-07-20,0.0,16.61,12.73,23.13,nasa,0.72
1996-07-21,0.08,14.2,7.02,21.24,nasa,0.71
1996-07-22,0.13,8.38,3.07,14.75,nasa,0.71
1996-07-23,0.03,9.66,5.42,17.04,nasa,0.71
1996-07-24,0.0,11.44,5.61,19.6,nasa,0.71
1996-07-25,0.01,12.15,4.64,20.34,nasa,0.71
1996-07-26,0.0,12.91,4.15,21.67,nasa,0.71
1996-07-27,0.01,14.94,6.8,23.94,nasa,0.7
1996-07-28,0.06,15.46,10.38,22.6,nasa,0.7
1996-07-29,0.56,14.95,11.16,20.84,nasa,0.7
1996-07-30,0.29,13.33,9.37,19.32,nasa,0.7
1996-07-31,0.06,13.0,8.68,19.21,nasa,0.7
1996-08-01,0.0,13.7,9.02,21.62,nasa,0.7
1996-08-02,0.0,13.85,8.53,22.93,nasa,0.7
1996-08-03,0.0,12.81,7.95,21.98,nasa,0.69
1996-08-04,0.01,12.81,6.34,22.41,nasa,0.69
1996-08-05,0.01,13.91,6.61,23.21,nasa,0.69
1996-08-06,0.0,14.72,7.28,24.28,nasa,0.68
1996-08-07,0.01,15.58,8.34,25.25,nasa,0.68
1996-08-08,0.0,16.7,9.7,26.31,nasa,0.68
1996-08-09,0.2,18.56,10.79,27.01,nasa,0.68
1996-08-10,3.74,18.26,12.11,25.98,nasa,0.68
1996-08-11,6.95,15.22,11.05,22.45,nasa,0.68
1996-08-12,3.82,15.49,10.76,22.49,nasa,0.69
1996-08-13,1.39,16.79,11.29,24.63,nasa,0.69
1996-08-14,12.15,17.91,11.48,26.33,nasa,0.69
1996-08-15,0.24,15.95,10.43,22.3,nasa,0.71
1996-08-16,0.05,11.85,5.09,21.23,nasa,0.7
1996-08-17,0.04,12.03,5.02,21.94,nasa,0.7
1996-08-18,0.0,12.98,7.28,22.02,nasa,0.69
1996-08-19,0.0,13.64,8.74,22.6,nasa,0.69
1996-08-20,0.01,14.35,7.32,24.32,nasa,0.68
1996-08-21,0.0,14.69,9.09,23.45,nasa,0.68
1996-08-22,0.0,15.45,7.25,25.17,nasa,0.68
1996-08-23,0.0,15.88,8.32,25.38,nasa,0.67
1996-08-24,0.0,15.59,10.26,23.96,nasa,0.67
1996-08-25,0.01,15.61,9.06,24.11,nasa,0.67
1996-08-26,0.0,17.11,8.42,26.31,nasa,0.67
1996-08-27,0.05,20.05,13.29,28.45,nasa,0.66
1996-08-28,0.12,19.7,13.63,28.28,nasa,0.66
1996-08-29,0.34,16.97,13.72,22.05,nasa,0.66
1996-08-30,0.38,17.26,11.94,24.31,nasa,0.66
1996-08-31,0.26,18.59,13.0,26.99,nasa,0.66
1996-09-01,2.0,17.91,12.71,26.32,nasa,0.66
1996-09-02,0.55,17.48,11.25,25.82,nasa,0.66
1996-09-03,35.22,18.69,12.93,24.82,nasa,0.68
1996-09-04,2.99,17.65,14.27,22.17,nasa,0.71
1996-09-05,11.15,16.77,13.85,21.21,nasa,0.71
1996-09-06,16.51,13.25,9.75,15.51,nasa,0.73
1996-09-07,1.67,13.64,9.6,19.49,nasa,0.73
1996-09-08,1.2,17.72,11.71,25.69,nasa,0.72
1996-09-09,10.04,18.39,12.93,24.94,nasa,0.72
1996-09-10,18.49,14.99,9.81,20.72,nasa,0.74
1996-09-11,23.65,11.02,8.66,14.76,nasa,0.77
1996-09-12,24.22,13.16,8.99,18.14,nasa,0.8
1996-09-13,4.11,14.73,11.25,20.3,nasa,0.8
1996-09-14,0.46,16.41,11.99,23.03,nasa,0.78
1996-09-15,0.2,16.17,11.29,22.66,nasa,0.77
1996-09-16,2.07,16.52,11.7,22.5,nasa,0.77
1996-09-17,3.5,16.53,11.48,22.7,nasa,0.77
1996-09-18,0.57,13.19,9.76,18.29,nasa,0.76
1996-09-19,0.06,14.96,9.11,22.93,nasa,0.76
1996-09-20,0.05,16.54,10.16,25.26,nasa,0.75
1996-09-21,0.02,17.12,9.12,26.24,nasa,0.75
1996-09-22,0.17,18.3,9.95,27.32,nasa,0.74
1996-09-23,0.14,19.83,13.59,27.99,nasa,0.73
1996-09-24,0.24,20.56,12.8,29.02,nasa,0.73
1996-09-25,0.92,19.9,15.03,27.77,nasa,0.72
1996-09-26,0.68,19.2,14.95,25.21,nasa,0.72
1996-09-27,0.57,17.58,12.68,24.51,nasa,0.72
1996-09-28,1.16,17.16,12.22,23.56,nasa,0.72
1996-09-29,2.77,18.52,12.26,26.9,nasa,0.72
1996-09-30,0.32,19.11,14.03,26.25,nasa,0.72
1996-10-01,0.11,17.32,10.8,25.81,nasa,0.71
1996-10-02,0.05,18.61,10.85,27.76,nasa,0.71
1996-10-03,16.85,16.57,13.91,21.45,nasa,0.72
1996-10-04,14.63,19.03,14.67,24.5,nasa,0.75
1996-10-05,0.13,20.2,14.13,26.72,nasa,0.75
1996-10-06,2.46,22.05,17.16,28.84,nasa,0.74
1996-10-07,7.24,18.53,13.64,25.57,nasa,0.74
1996-10-08,0.87,16.8,12.31,23.8,nasa,0.74
1996-10-09,0.41,17.53,11.99,25.6,nasa,0.73
1996-10-10,7.64,18.73,11.23,26.65,nasa,0.73
1996-10-11,1.1,20.39,13.31,27.59,nasa,0.73
1996-10-12,4.66,21.73,15.4,29.18,nasa,0.73
1996-10-13,6.63,21.68,15.53,28.65,nasa,0.73
1996-10-14,9.51,20.35,17.74,25.03,nasa,0.74
1996-10-15,1.23,16.41,11.95,22.19,nasa,0.74
1996-10-16,0.1,15.95,10.94,22.33,nasa,0.74
1996-10-17,0.42,18.84,11.49,26.71,nasa,0.73
1996-10-18,0.24,20.36,14.23,28.0,nasa,0.72
1996-10-19,1.04,21.67,14.51,29.21,nasa,0.72
1996-10-20,11.17,21.45,14.83,29.52,nasa,0.72
1996-10-21,6.98,19.68,15.47,26.28,nasa,0.73
1996-10-22,1.24,19.23,13.87,26.31,nasa,0.73
1996-10-23,6.46,20.92,15.16,27.96,nasa,0.73
1996-10-24,2.11,20.16,15.79,27.12,nasa,0.73
1996-10-25,5.28,19.13,15.45,25.36,nasa,0.73
1996-10-26,3.41,19.51,16.34,24.37,nasa,0.73
1996-10-27,9.04,19.02,16.48,23.94,nasa,0.74
1996-10-28,2.32,18.68,15.11,25.02,nasa,0.74
1996-10-29,0.09,20.05,13.55,28.33,nasa,0.74
1996-10-30,0.7,20.64,12.81,28.9,nasa,0.73
1996-10-31,10.64,20.75,14.98,27.01,nasa,0.72
1996-11-01,14.6,19.37,16.48,22.55,nasa,0.75
1996-11-02,15.24,19.89,16.03,25.1,nasa,0.76
1996-11-03,29.94,19.56,17.45,22.2,nasa,0.78
1996-11-04,7.21,19.29,15.18,25.5,nasa,0.81
1996-11-05,0.4,17.27,12.18,24.93,nasa,0.79
1996-11-06,0.08,18.25,12.2,25.4,nasa,0.78
1996-11-07,0.22,19.83,13.85,26.85,nasa,0.77
1996-11-08,0.34,20.16,15.0,26.84,nasa,0.76
1996-11-09,0.06,19.6,14.68,26.62,nasa,0.75
1996-11-10,0.16,20.43,14.9,26.33,nasa,0.74
1996-11-11,0.51,21.28,15.78,28.33,nasa,0.74
1996-11-12,9.6,20.98,15.23,27.63,nasa,0.73
1996-11-13,19.44,19.51,17.11,22.32,nasa,0.76
1996-11-14,6.98,20.02,17.06,24.94,nasa,0.78
1996-11-15,18.0,19.8,17.44,24.41,nasa,0.79
1996-11-16,12.86,19.15,16.85,22.07,nasa,0.8
1996-11-17,25.16,20.17,17.6,23.28,nasa,0.82
1996-11-18,17.4,20.12,15.37,25.19,nasa,0.84
1996-11-19,11.48,19.35,13.64,25.94,nasa,0.84
1996-11-20,51.68,17.45,14.62,20.38,nasa,0.86
1996-11-21,69.34,16.08,14.01,19.33,nasa,0.92
1996-11-22,8.12,16.57,13.46,21.41,nasa,0.92
1996-11-23,2.14,17.2,12.16,23.79,nasa,0.9
1996-11-24,0.31,18.72,11.99,26.04,nasa,0.89
1996-11-25,0.98,19.23,13.04,26.66,nasa,0.88
1996-11-26,0.55,17.87,13.43,24.62,nasa,0.87
1996-11-27,0.13,16.52,11.06,23.84,nasa,0.86
1996-11-28,0.09,15.79,10.17,22.34,nasa,0.85
1996-11-29,0.48,17.42,12.58,23.71,nasa,0.85
1996-11-30,8.48,18.07,13.28,22.87,nasa,0.85
1996-12-01,6.8,18.64,13.91,24.14,nasa,0.86
1996-12-02,16.46,18.18,13.01,23.91,nasa,0.86
1996-12-03,15.05,18.62,15.85,22.5,nasa,0.88
1996-12-04,14.82,18.1,15.43,21.62,nasa,0.9
1996-12-05,5.01,19.8,14.67,25.95,nasa,0.89
1996-12-06,4.61,20.93,16.88,25.99,nasa,0.89
1996-12-07,5.72,20.79,17.27,26.32,nasa,0.88
1996-12-08,1.81,21.2,17.03,26.18,nasa,0.88
1996-12-09,1.19,21.33,15.28,29.33,nasa,0.87
1996-12-10,3.94,21.09,14.11,29.11,nasa,0.87
1996-12-11,12.83,20.66,16.13,26.25,nasa,0.87
1996-12-12,16.81,20.78,16.85,25.66,nasa,0.88
1996-12-13,12.37,21.03,18.0,25.29,nasa,0.9
1996-12-14,18.37,20.7,16.76,24.87,nasa,0.91
1996-12-15,3.29,19.8,15.47,26.04,nasa,0.91
1996-12-16,17.23,20.83,13.79,26.87,nasa,0.91
1996-12-17,7.17,20.65,18.41,24.16,nasa,0.91
1996-12-18,2.86,21.01,17.52,26.37,nasa,0.91
1996-12-19,7.94,22.05,15.68,27.92,nasa,0.91
1996-12-20,8.18,22.01,18.3,26.76,nasa,0.91
1996-12-21,8.3,22.12,17.8,27.51,nasa,0.91
1996-12-22,16.73,21.46,17.86,25.57,nasa,0.92
1996-12-23,24.95,20.18,18.46,23.0,nasa,0.94
1996-12-24,14.73,20.87,17.15,25.31,nasa,0.94
1996-12-25,10.97,20.2,17.46,24.12,nasa,0.95
1996-12-26,11.39,20.06,17.27,22.72,nasa,0.95
1996-12-27,9.57,22.05,18.23,27.56,nasa,0.95
1996-12-28,6.59,21.54,18.2,26.32,nasa,0.95
1996-12-29,17.14,21.74,18.94,25.96,nasa,0.95
1996-12-30,9.46,20.91,18.25,23.72,nasa,0.96
1996-12-31,12.36,21.11,17.54,25.94,nasa,0.96
1997-01-01,9.91,19.37,15.78,23.97,nasa,0.96
1997-01-02,29.19,16.67,14.46,18.7,nasa,0.97
1997-01-03,20.39,15.72,14.11,17.61,nasa,0.98
1997-01-04,26.02,17.92,14.71,21.31,nasa,0.99
1997-01-05,25.17,17.97,16.08,21.25,nasa,0.99
1997-01-06,10.15,18.53,15.81,21.95,nasa,0.99
1997-01-07,2.74,21.21,14.99,27.28,nasa,0.99
1997-01-08,6.16,21.43,18.47,25.48,nasa,0.99
1997-01-09,4.99,21.77,18.73,26.19,nasa,0.99
1997-01-10,9.48,20.67,18.33,23.8,nasa,0.99
1997-01-11,7.96,20.92,18.06,24.81,nasa,0.99
1997-01-12,8.1,21.11,17.34,25.51,nasa,0.99
1997-01-13,14.04,20.76,17.67,23.28,nasa,0.99
1997-01-14,15.07,21.57,18.73,25.18,nasa,0.99
1997-01-15,19.74,22.01,18.43,26.66,nasa,1.0
1997-01-16,22.5,21.11,18.59,24.52,nasa,1.0
1997-01-17,12.57,19.89,16.99,23.52,nasa,1.0
1997-01-18,2.72,20.09,15.54,25.57,nasa,1.0
1997-01-19,5.65,20.57,16.73,25.48,nasa,0.99
1997-01-20,9.11,21.28,17.95,25.48,nasa,0.99
1997-01-21,2.85,21.64,18.29,25.58,nasa,0.99
1997-01-22,15.09,21.37,18.43,25.05,nasa,0.99
1997-01-23,7.82,20.79,17.54,25.1,nasa,0.99
1997-01-24,14.2,20.08,17.55,23.24,nasa,0.99
1997-01-25,15.68,21.38,17.26,26.19,nasa,1.0
1997-01-26,19.25,19.75,17.65,22.79,nasa,1.0
1997-01-27,27.52,19.5,18.01,22.23,nasa,1.0
1997-01-28,12.74,20.13,17.55,24.18,nasa,1.0
1997-01-29,4.48,20.21,16.85,24.85,nasa,1.0
1997-01-30,5.82,20.83,17.05,25.64,nasa,1.0
1997-01-31,9.96,20.25,17.91,24.17,nasa,1.0
1997-02-01,5.34,19.71,15.86,23.65,nasa,1.0
1997-02-02,1.17,19.8,15.06,25.0,nasa,0.99
1997-02-03,1.04,21.43,15.48,27.37,nasa,0.98
1997-02-04,0.3,20.88,16.01,26.91,nasa,0.98
1997-02-05,0.1,20.43,15.56,27.4,nasa,0.97
1997-02-06,0.19,19.72,15.38,25.81,nasa,0.96
1997-02-07,1.07,20.04,14.54,26.08,nasa,0.96
1997-02-08,1.27,20.32,15.14,26.25,nasa,0.95
1997-02-09,1.98,20.49,15.67,27.04,nasa,0.95
1997-02-10,0.66,20.04,15.26,26.53,nasa,0.94
1997-02-11,2.41,20.3,15.39,26.51,nasa,0.93
1997-02-12,3.12,20.37,15.97,26.33,nasa,0.93
1997-02-13,1.03,19.53,16.5,24.18,nasa,0.92
1997-02-14,0.98,20.42,15.69,25.78,nasa,0.92
1997-02-15,2.98,20.64,17.06,25.54,nasa,0.92
1997-02-16,4.38,19.77,16.99,23.43,nasa,0.92
1997-02-17,11.99,20.04,17.21,23.71,nasa,0.92
1997-02-18,15.43,20.24,17.22,24.19,nasa,0.93
1997-02-19,7.01,20.83,16.88,26.16,nasa,0.94
1997-02-20,1.84,21.75,17.43,26.37,nasa,0.93
1997-02-21,4.4,22.19,18.58,26.64,nasa,0.93
1997-02-22,5.02,21.58,17.52,26.02,nasa,0.93
1997-02-23,8.4,22.65,18.01,28.52,nasa,0.93
1997-02-24,15.74,21.46,18.14,24.75,nasa,0.94
1997-02-25,5.95,22.42,17.96,27.72,nasa,0.94
1997-02-26,8.75,21.08,17.9,25.69,nasa,0.94
1997-02-27,7.05,20.96,18.17,25.38,nasa,0.94
1997-02-28,5.2,20.42,16.9,25.56,nasa,0.94
1997-03-01,11.62,18.52,15.91,22.6,nasa,0.94
1997-03-02,11.29,18.0,15.16,22.54,nasa,0.96
1997-03-03,7.85,19.34,16.02,22.99,nasa,0.96
1997-03-04,4.16,19.87,16.37,24.46,nasa,0.96
1997-03-05,2.85,19.75,16.96,24.03,nasa,0.95
1997-03-06,6.69,20.06,18.08,23.81,nasa,0.95
1997-03-07,16.54,21.21,16.65,26.66,nasa,0.96
1997-03-08,2.75,19.87,16.8,24.11,nasa,0.96
1997-03-09,1.26,19.57,16.21,24.98,nasa,0.96
1997-03-10,0.36,19.47,15.93,24.28,nasa,0.95
1997-03-11,0.06,18.99,13.71,26.21,nasa,0.95
1997-03-12,5.11,20.13,14.31,26.81,nasa,0.94
1997-03-13,5.4,20.47,15.65,25.64,nasa,0.94
1997-03-14,3.56,20.3,17.49,24.64,nasa,0.94
1997-03-15,11.87,18.99,16.48,23.42,nasa,0.94
1997-03-16,8.26,18.94,15.77,24.14,nasa,0.95
1997-03-17,2.32,18.14,15.02,23.35,nasa,0.95
1997-03-18,1.03,17.63,13.66,22.97,nasa,0.95
1997-03-19,0.23,18.07,13.32,24.39,nasa,0.94
1997-03-20,1.5,19.03,14.44,25.41,nasa,0.93
1997-03-21,1.29,18.92,14.68,24.7,nasa,0.93
1997-03-22,0.13,18.64,13.61,25.41,nasa,0.92
1997-03-23,0.09,19.6,13.37,26.22,nasa,0.92
1997-03-24,0.5,20.24,14.9,26.75,nasa,0.91
1997-03-25,0.2,19.56,15.47,25.34,nasa,0.91
1997-03-26,0.29,18.24,14.41,23.32,nasa,0.9
1997-03-27,0.03,17.69,13.27,23.51,nasa,0.9
1997-03-28,0.07,16.98,13.16,23.05,nasa,0.89
1997-03-29,1.41,16.25,13.03,21.17,nasa,0.89
1997-03-30,1.72,15.62,13.5,18.57,nasa,0.89
1997-03-31,16.63,16.63,14.16,19.68,nasa,0.9
1997-04-01,11.46,17.85,15.25,21.36,nasa,0.91
1997-04-02,18.37,18.37,16.4,21.16,nasa,0.93
1997-04-03,0.45,20.13,16.51,25.53,nasa,0.93
1997-04-04,0.46,19.89,14.84,25.89,nasa,0.92
1997-04-05,0.7,19.09,13.95,25.79,nasa,0.91
1997-04-06,0.71,17.38,13.33,23.63,nasa,0.91
1997-04-07,0.34,16.39,12.12,23.03,nasa,0.9
1997-04-08,0.1,16.47,12.43,22.41,nasa,0.9
1997-04-09,0.04,15.34,11.35,21.35,nasa,0.89
1997-04-10,0.01,15.25,9.86,21.71,nasa,0.89
1997-04-11,0.01,16.45,10.62,22.29,nasa,0.88
1997-04-12,0.15,17.02,13.58,21.72,nasa,0.88
1997-04-13,0.1,17.67,12.34,23.99,nasa,0.87
1997-04-14,0.09,18.12,12.9,24.86,nasa,0.87
1997-04-15,0.11,18.71,13.9,24.58,nasa,0.86
1997-04-16,0.23,18.74,14.96,24.01,nasa,0.86
1997-04-17,0.57,18.85,14.71,23.38,nasa,0.86
1997-04-18,0.96,17.81,14.39,22.48,nasa,0.86
1997-04-19,1.17,18.0,12.85,23.79,nasa,0.85
1997-04-20,2.16,19.27,14.87,24.59,nasa,0.85
1997-04-21,1.76,18.86,16.43,22.11,nasa,0.85
1997-04-22,2.59,19.16,15.31,24.57,nasa,0.85
1997-04-23,10.01,17.78,14.27,22.51,nasa,0.85
1997-04-24,1.28,18.72,14.1,24.06,nasa,0.86
1997-04-25,0.23,17.87,12.93,23.8,nasa,0.85
1997-04-26,1.57,18.58,13.26,24.42,nasa,0.85
1997-04-27,6.72,18.8,14.87,23.85,nasa,0.85
1997-04-28,0.78,18.0,15.06,22.03,nasa,0.85
1997-04-29,0.0,18.17,14.39,24.11,nasa,0.85
1997-04-30,0.08,18.35,12.01,24.69,nasa,0.84
1997-05-01,0.11,19.64,15.36,24.85,nasa,0.84
1997-05-02,0.02,18.62,13.87,24.81,nasa,0.83
1997-05-03,0.01,17.0,11.44,23.8,nasa,0.83
1997-05-04,0.33,15.86,10.96,22.89,nasa,0.82
1997-05-05,0.97,16.64,12.32,22.58,nasa,0.82
1997-05-06,0.03,17.05,12.74,22.7,nasa,0.82
1997-05-07,0.02,16.59,12.55,22.27,nasa,0.82
1997-05-08,0.03,16.86,12.05,22.83,nasa,0.81
1997-05-09,0.15,16.57,10.72,22.74,nasa,0.81
1997-05-10,0.19,16.06,12.42,20.76,nasa,0.81
1997-05-11,0.01,16.58,13.08,21.63,nasa,0.8
1997-05-12,0.04,16.32,11.97,22.03,nasa,0.8
1997-05-13,0.14,15.81,12.24,21.52,nasa,0.8
1997-05-14,0.17,14.68,9.81,20.63,nasa,0.8
1997-05-15,0.03,13.4,9.92,18.15,nasa,0.79
1997-05-16,0.29,13.75,9.25,19.79,nasa,0.79
1997-05-17,0.12,14.67,10.06,21.09,nasa,0.79
1997-05-18,0.01,14.67,10.24,21.12,nasa,0.79
1997-05-19,0.02,15.52,10.8,21.76,nasa,0.78
1997-05-20,0.1,16.81,12.37,22.47,nasa,0.78
1997-05-21,0.21,15.5,10.3,21.66,nasa,0.78
1997-05-22,5.88,16.6,13.07,21.5,nasa,0.78
1997-05-23,2.22,16.15,12.75,20.92,nasa,0.79
1997-05-24,20.64,14.01,12.32,16.55,nasa,0.79
1997-05-25,5.19,14.68,11.14,18.96,nasa,0.82
1997-05-26,0.86,14.29,10.31,19.99,nasa,0.81
1997-05-27,1.83,14.25,9.36,19.95,nasa,0.81
1997-05-28,6.47,14.5,10.43,19.05,nasa,0.8
1997-05-29,0.31,13.94,9.36,19.44,nasa,0.81
1997-05-30,0.17,11.72,8.05,17.88,nasa,0.8
1997-05-31,0.15,10.62,6.08,16.72,nasa,0.8
1997-06-01,0.07,10.82,5.72,17.52,nasa,0.8
1997-06-02,0.08,11.39,6.44,18.14,nasa,0.79
1997-06-03,2.16,12.61,7.06,19.02,nasa,0.79
1997-06-04,12.03,14.57,10.87,19.86,nasa,0.8
1997-06-05,19.19,16.66,12.36,21.33,nasa,0.82
1997-06-06,1.1,16.35,12.07,20.24,nasa,0.83
1997-06-07,0.22,12.74,6.58,18.97,nasa,0.82
1997-06-08,0.03,7.23,1.92,13.98,nasa,0.81
1997-06-09,0.16,8.2,0.69,16.57,nasa,0.81
1997-06-10,0.02,11.59,6.53,18.66,nasa,0.8
1997-06-11,2.01,12.43,4.89,20.2,nasa,0.8
1997-06-12,2.72,14.67,11.39,19.73,nasa,0.81
1997-06-13,0.23,16.36,12.1,21.88,nasa,0.8
1997-06-14,2.3,15.61,11.51,20.44,nasa,0.8
1997-06-15,11.81,16.7,14.04,20.85,nasa,0.81
1997-06-16,3.57,14.66,8.82,19.6,nasa,0.82
1997-06-17,0.03,13.23,7.12,19.61,nasa,0.81
1997-06-18,0.03,15.61,10.36,22.28,nasa,0.81
1997-06-19,0.27,15.67,11.01,21.84,nasa,0.8
1997-06-20,5.67,16.47,13.66,21.37,nasa,0.8
1997-06-21,2.41,17.41,13.31,23.73,nasa,0.81
1997-06-22,0.04,17.02,12.44,22.97,nasa,0.8
1997-06-23,0.0,16.37,11.77,23.51,nasa,0.8
1997-06-24,0.01,15.9,10.71,23.09,nasa,0.8
1997-06-25,0.06,15.57,10.74,22.6,nasa,0.79
1997-06-26,0.0,15.13,9.54,22.59,nasa,0.79
1997-06-27,0.01,15.09,9.76,22.33,nasa,0.79
1997-06-28,0.13,15.4,10.65,22.37,nasa,0.78
1997-06-29,0.03,15.67,10.54,22.02,nasa,0.78
1997-06-30,0.16,15.99,11.3,22.05,nasa,0.78
1997-07-01,0.11,14.7,10.89,19.71,nasa,0.78
1997-07-02,0.06,15.1,11.49,21.52,nasa,0.77
1997-07-03,0.0,15.09,9.67,22.33,nasa,0.77
1997-07-04,0.13,15.08,10.42,22.58,nasa,0.77
1997-07-05,0.12,14.18,9.8,20.5,nasa,0.77
1997-07-06,0.01,14.59,9.82,20.98,nasa,0.76
1997-07-07,0.01,14.52,8.41,21.64,nasa,0.76
1997-07-08,0.01,14.89,10.52,21.55,nasa,0.76
1997-07-09,0.0,14.49,8.88,22.24,nasa,0.76
1997-07-10,0.01,15.39,9.34,22.5,nasa,0.76
1997-07-11,0.01,15.69,10.78,22.71,nasa,0.75
1997-07-12,0.13,13.95,7.98,21.44,nasa,0.75
1997-07-13,0.51,15.42,10.75,22.21,nasa,0.75
1997-07-14,0.0,15.6,9.82,22.17,nasa,0.75
1997-07-15,0.12,16.61,11.51,23.34,nasa,0.74
1997-07-16,0.08,16.04,8.46,23.15,nasa,0.74
1997-07-17,0.06,16.49,10.82,23.43,nasa,0.74
1997-07-18,0.0,14.86,10.17,22.51,nasa,0.74
1997-07-19,0.22,15.45,9.39,22.37,nasa,0.73
1997-07-20,0.79,15.97,10.57,22.59,nasa,0.73
1997-07-21,8.02,15.01,10.06,22.21,nasa,0.73
1997-07-22,0.62,15.31,10.59,21.57,nasa,0.74
1997-07-23,0.1,14.29,9.01,21.66,nasa,0.74
1997-07-24,0.12,13.7,9.61,21.06,nasa,0.73
1997-07-25,0.01,13.03,8.57,20.46,nasa,0.73
1997-07-26,0.01,12.83,8.43,20.46,nasa,0.73
1997-07-27,0.0,12.64,7.41,21.17,nasa,0.73
1997-07-28,0.01,13.78,5.93,22.45,nasa,0.72
1997-07-29,0.01,14.7,8.43,22.45,nasa,0.72
1997-07-30,0.01,16.19,10.39,24.38,nasa,0.72
1997-07-31,0.0,17.69,12.15,24.48,nasa,0.71
1997-08-01,0.0,17.92,12.01,25.61,nasa,0.71
1997-08-02,0.0,19.08,13.09,27.52,nasa,0.71
1997-08-03,0.0,15.86,9.52,24.31,nasa,0.7
1997-08-04,0.19,16.97,10.68,25.47,nasa,0.7
1997-08-05,1.12,15.65,12.68,21.2,nasa,0.7
1997-08-06,0.27,15.84,11.26,23.21,nasa,0.7
1997-08-07,0.05,16.99,11.5,24.01,nasa,0.7
1997-08-08,1.83,15.27,9.5,21.55,nasa,0.7
1997-08-09,0.54,10.35,6.26,15.76,nasa,0.7
1997-08-10,0.11,9.57,5.43,16.42,nasa,0.7
1997-08-11,0.0,11.72,3.58,21.0,nasa,0.69
1997-08-12,0.0,13.03,4.51,22.74,nasa,0.69
1997-08-13,0.0,14.63,8.39,24.31,nasa,0.69
1997-08-14,0.0,15.14,8.75,25.55,nasa,0.68
1997-08-15,0.0,14.73,6.51,24.95,nasa,0.68
1997-08-16,0.0,15.68,6.5,25.6,nasa,0.68
1997-08-17,0.0,15.23,6.9,24.87,nasa,0.68
1997-08-18,0.0,15.74,7.12,24.97,nasa,0.67
1997-08-19,0.0,15.88,7.28,25.42,nasa,0.67
1997-08-20,0.0,16.49,7.65,26.34,nasa,0.67
1997-08-21,0.0,18.03,11.34,26.51,nasa,0.67
1997-08-22,0.02,18.74,12.46,26.74,nasa,0.66
1997-08-23,0.05,18.47,10.49,27.47,nasa,0.66
1997-08-24,2.17,17.4,10.04,26.04,nasa,0.66
1997-08-25,1.82,16.81,11.26,24.82,nasa,0.66
1997-08-26,0.19,17.62,10.97,26.99,nasa,0.66
1997-08-27,0.03,17.55,10.63,28.08,nasa,0.66
1997-08-28,0.0,16.73,8.58,27.67,nasa,0.66
1997-08-29,0.0,17.29,8.26,28.63,nasa,0.65
1997-08-30,0.0,17.41,9.1,28.1,nasa,0.65
1997-08-31,0.0,17.66,8.89,28.07,nasa,0.65
1997-09-01,0.0,18.02,9.16,28.84,nasa,0.64
1997-09-02,0.0,18.57,9.51,28.86,nasa,0.64
1997-09-03,0.01,19.61,11.28,28.2,nasa,0.64
1997-09-04,0.0,21.66,14.74,29.57,nasa,0.64
1997-09-05,0.57,22.14,15.4,29.96,nasa,0.64
1997-09-06,1.38,20.15,14.51,27.97,nasa,0.64
1997-09-07,0.36,19.02,11.07,29.39,nasa,0.64
1997-09-08,0.0,19.76,10.43,30.41,nasa,0.63
1997-09-09,0.0,21.88,13.11,32.78,nasa,0.63
1997-09-10,0.4,22.32,15.26,32.3,nasa,0.63
1997-09-11,0.94,18.61,11.86,28.66,nasa,0.63
1997-09-12,0.79,18.09,10.39,28.05,nasa,0.63
1997-09-13,1.58,21.27,13.35,30.95,nasa,0.63
1997-09-14,1.48,23.42,16.51,31.3,nasa,0.63
1997-09-15,10.78,21.9,15.19,28.84,nasa,0.64
1997-09-16,1.13,18.46,13.58,26.08,nasa,0.65
1997-09-17,0.03,19.35,12.67,28.18,nasa,0.64
1997-09-18,0.17,19.52,12.74,28.04,nasa,0.64
1997-09-19,1.79,19.03,12.5,27.7,nasa,0.64
1997-09-20,20.58,19.91,13.79,27.55,nasa,0.65
1997-09-21,0.74,19.58,15.96,23.59,nasa,0.67
1997-09-22,0.16,19.08,13.91,27.08,nasa,0.66
1997-09-23,0.31,19.17,12.16,27.14,nasa,0.66
1997-09-24,2.61,21.43,13.95,29.66,nasa,0.66
1997-09-25,3.69,21.74,14.81,29.11,nasa,0.66
1997-09-26,2.89,20.57,14.43,28.3,nasa,0.66
1997-09-27,1.09,18.66,13.33,25.96,nasa,0.66
1997-09-28,0.97,20.41,13.82,27.69,nasa,0.65
1997-09-29,10.5,22.17,15.39,29.7,nasa,0.66
1997-09-30,7.61,21.79,16.99,27.55,nasa,0.67
1997-10-01,10.21,21.13,16.99,26.95,nasa,0.67
1997-10-02,0.19,21.2,15.77,28.45,nasa,0.68
1997-10-03,0.22,17.29,11.27,26.45,nasa,0.67
1997-10-04,0.06,18.29,9.84,28.21,nasa,0.66
1997-10-05,0.45,21.6,13.75,30.51,nasa,0.66
1997-10-06,8.19,22.59,14.82,30.94,nasa,0.66
1997-10-07,3.91,19.61,15.01,26.33,nasa,0.67
1997-10-08,1.3,20.25,13.27,29.05,nasa,0.67
1997-10-09,0.03,20.94,12.98,30.46,nasa,0.66
1997-10-10,0.0,22.14,12.83,31.7,nasa,0.66
1997-10-11,0.0,22.51,12.58,32.33,nasa,0.65
1997-10-12,0.87,23.83,16.13,33.43,nasa,0.65
1997-10-13,0.57,23.85,15.46,33.96,nasa,0.64
1997-10-14,0.37,23.05,14.75,33.02,nasa,0.64
1997-10-15,4.4,23.62,16.03,31.51,nasa,0.64
1997-10-16,3.66,24.32,16.83,32.73,nasa,0.64
1997-10-17,2.55,17.94,13.09,25.09,nasa,0.64
1997-10-18,1.0,16.03,12.47,21.3,nasa,0.64
1997-10-19,2.24,18.37,12.19,26.17,nasa,0.64
1997-10-20,25.08,18.1,14.49,22.86,nasa,0.66
1997-10-21,14.82,18.89,14.97,24.77,nasa,0.7
1997-10-22,0.84,19.82,14.05,27.82,nasa,0.7
1997-10-23,0.26,18.51,11.21,27.3,nasa,0.68
1997-10-24,0.51,20.1,11.49,29.56,nasa,0.68
1997-10-25,5.14,20.28,15.06,26.21,nasa,0.67
1997-10-26,17.76,19.88,15.15,25.4,nasa,0.69
1997-10-27,0.38,21.52,15.2,29.04,nasa,0.7
1997-10-28,0.02,22.58,15.08,31.08,nasa,0.69
1997-10-29,0.38,24.01,15.67,32.1,nasa,0.68
1997-10-30,4.99,24.26,18.35,32.11,nasa,0.67
1997-10-31,4.4,22.64,17.79,29.05,nasa,0.68
1997-11-01,3.88,23.56,17.41,31.27,nasa,0.68
1997-11-02,2.18,23.43,18.51,29.08,nasa,0.68
1997-11-03,2.77,24.34,16.79,32.34,nasa,0.67
1997-11-04,10.08,23.09,18.13,30.87,nasa,0.68
1997-11-05,11.52,21.81,17.54,28.26,nasa,0.69
1997-11-06,12.51,22.03,16.76,28.07,nasa,0.7
1997-11-07,5.18,21.93,18.15,27.39,nasa,0.71
1997-11-08,1.6,22.67,17.83,27.84,nasa,0.71
1997-11-09,0.2,23.63,16.69,31.7,nasa,0.7
1997-11-10,0.12,24.18,16.46,33.21,nasa,0.69
1997-11-11,1.18,24.75,17.99,32.79,nasa,0.68
1997-11-12,1.09,24.48,19.47,29.87,nasa,0.67
1997-11-13,4.02,24.55,19.11,29.93,nasa,0.67
1997-11-14,24.72,23.45,18.03,28.36,nasa,0.69
1997-11-15,16.38,20.52,16.19,25.9,nasa,0.72
1997-11-16,4.51,21.3,16.8,26.59,nasa,0.73
1997-11-17,6.25,22.15,17.02,28.17,nasa,0.72
1997-11-18,6.03,20.95,16.92,27.19,nasa,0.72
1997-11-19,8.51,21.08,16.64,27.04,nasa,0.72
1997-11-20,2.26,20.95,15.08,28.25,nasa,0.72
1997-11-21,23.0,21.52,15.38,27.57,nasa,0.73
1997-11-22,4.26,20.86,18.33,23.88,nasa,0.74
1997-11-23,15.58,21.4,17.9,25.09,nasa,0.75
1997-11-24,5.9,20.91,17.62,26.08,nasa,0.76
1997-11-25,10.3,19.51,16.33,23.9,nasa,0.75
1997-11-26,9.45,18.42,16.04,21.23,nasa,0.76
1997-11-27,17.32,22.09,16.94,28.11,nasa,0.77
1997-11-28,14.91,20.67,15.99,24.99,nasa,0.79
1997-11-29,16.5,17.91,14.21,24.08,nasa,0.8
1997-11-30,2.24,19.69,13.27,26.74,nasa,0.79
1997-12-01,9.63,19.7,15.43,24.21,nasa,0.79
1997-12-02,8.52,20.31,18.02,23.87,nasa,0.79
1997-12-03,1.62,21.64,16.28,27.96,nasa,0.79
1997-12-04,9.19,20.25,17.03,24.1,nasa,0.79
1997-12-05,0.81,21.8,17.81,28.23,nasa,0.79
1997-12-06,8.17,20.76,15.4,28.07,nasa,0.78
1997-12-07,8.6,20.53,15.56,25.92,nasa,0.79
1997-12-08,9.27,21.51,17.93,25.9,nasa,0.79
1997-12-09,1.95,21.76,17.52,28.13,nasa,0.79
1997-12-10,2.25,20.6,15.75,27.29,nasa,0.79
1997-12-11,2.01,20.21,15.06,26.84,nasa,0.78
1997-12-12,4.01,21.11,15.14,27.09,nasa,0.77
1997-12-13,15.3,20.98,17.82,25.09,nasa,0.78
1997-12-14,12.21,20.13,16.55,23.51,nasa,0.8
1997-12-15,16.34,21.0,19.25,24.19,nasa,0.81
1997-12-16,6.73,21.25,16.89,27.74,nasa,0.82
1997-12-17,9.79,18.73,15.93,22.57,nasa,0.82
1997-12-18,7.82,20.32,16.14,25.52,nasa,0.82
1997-12-19,7.84,20.48,14.32,26.69,nasa,0.82
1997-12-20,6.43,21.14,16.77,26.71,nasa,0.82
1997-12-21,1.34,22.52,17.4,27.77,nasa,0.81
1997-12-22,0.98,23.17,16.07,29.75,nasa,0.8
1997-12-23,2.09,24.14,17.44,30.47,nasa,0.79
1997-12-24,6.16,24.55,19.54,30.55,nasa,0.79
1997-12-25,11.82,21.91,19.06,25.22,nasa,0.8
1997-12-26,2.51,23.1,18.73,28.32,nasa,0.8
1997-12-27,3.1,23.0,18.74,28.42,nasa,0.8
1997-12-28,19.11,23.7,18.12,29.8,nasa,0.81
1997-12-29,0.54,24.0,20.0,28.39,nasa,0.81
1997-12-30,3.57,23.4,19.26,28.34,nasa,0.8
1997-12-31,1.38,22.92,19.18,27.2,nasa,0.8
1998-01-01,5.82,24.06,18.16,30.27,nasa,0.8
1998-01-02,2.59,23.05,19.77,26.97,nasa,0.8
1998-01-03,8.54,23.16,19.55,27.7,nasa,0.8
1998-01-04,8.03,22.62,18.52,28.48,nasa,0.8
1998-01-05,7.99,21.77,18.64,25.82,nasa,0.81
1998-01-06,20.74,22.94,19.19,27.01,nasa,0.82
1998-01-07,4.62,21.92,18.72,25.38,nasa,0.83
1998-01-08,12.21,20.06,16.61,24.31,nasa,0.83
1998-01-09,12.51,20.12,15.63,26.66,nasa,0.84
1998-01-10,3.03,19.99,15.63,25.93,nasa,0.83
1998-01-11,3.32,21.33,15.33,27.57,nasa,0.83
1998-01-12,8.7,21.5,18.26,26.04,nasa,0.82
1998-01-13,11.03,21.74,17.64,26.94,nasa,0.83
1998-01-14,5.02,23.2,18.69,28.03,nasa,0.84
1998-01-15,4.36,21.81,18.01,26.31,nasa,0.83
1998-01-16,13.02,20.32,17.41,24.33,nasa,0.84
1998-01-17,6.28,20.12,16.96,24.68,nasa,0.85
1998-01-18,7.08,21.93,16.71,27.87,nasa,0.84
1998-01-19,5.67,20.27,17.64,22.77,nasa,0.85
1998-01-20,1.76,20.65,16.2,25.7,nasa,0.84
1998-01-21,4.23,20.94,16.14,27.05,nasa,0.84
1998-01-22,4.98,21.98,16.09,28.66,nasa,0.83
1998-01-23,5.92,21.96,16.12,27.98,nasa,0.83
1998-01-24,15.6,21.42,17.15,26.09,nasa,0.84
1998-01-25,5.58,22.61,17.08,28.42,nasa,0.85
1998-01-26,0.62,22.73,19.1,27.12,nasa,0.84
1998-01-27,8.57,23.07,18.24,28.35,nasa,0.84
1998-01-28,5.08,23.36,18.91,28.31,nasa,0.84
1998-01-29,5.28,23.87,19.84,29.51,nasa,0.84
1998-01-30,0.55,22.27,17.56,28.59,nasa,0.83
1998-01-31,0.03,22.97,15.22,29.4,nasa,0.82
1998-02-01,0.23,24.12,18.52,29.79,nasa,0.81
1998-02-02,4.99,23.32,20.13,28.9,nasa,0.81
1998-02-03,6.33,23.6,19.12,29.09,nasa,0.81
1998-02-04,1.47,24.26,19.06,29.74,nasa,0.81
1998-02-05,6.97,23.75,20.07,28.04,nasa,0.81
1998-02-06,11.73,23.3,20.44,27.43,nasa,0.82
1998-02-07,5.62,23.72,19.58,28.38,nasa,0.83
1998-02-08,10.72,23.96,20.64,28.79,nasa,0.83
1998-02-09,6.93,22.8,20.42,26.04,nasa,0.83
1998-02-10,5.05,23.1,19.71,27.71,nasa,0.84
1998-02-11,10.35,22.73,17.96,29.28,nasa,0.84
1998-02-12,4.09,18.91,16.51,21.5,nasa,0.84
1998-02-13,4.58,19.91,16.12,25.21,nasa,0.84
1998-02-14,7.01,21.72,16.41,27.61,nasa,0.83
1998-02-15,27.76,20.87,18.18,25.69,nasa,0.85
1998-02-16,22.44,19.17,17.11,21.04,nasa,0.88
1998-02-17,10.01,20.85,16.66,26.35,nasa,0.88
1998-02-18,8.04,22.16,16.85,27.64,nasa,0.88
1998-02-19,16.19,22.31,17.59,28.1,nasa,0.88
1998-02-20,9.53,21.99,17.83,27.27,nasa,0.89
1998-02-21,7.03,21.92,17.9,27.19,nasa,0.88
1998-02-22,11.89,21.76,18.26,26.57,nasa,0.89
1998-02-23,11.82,20.77,19.0,23.05,nasa,0.9
1998-02-24,18.91,20.68,18.51,24.09,nasa,0.91
1998-02-25,19.05,20.73,18.29,24.56,nasa,0.92
1998-02-26,3.09,21.51,19.19,25.11,nasa,0.92
1998-02-27,7.28,22.03,18.57,26.9,nasa,0.92
1998-02-28,0.96,22.56,18.61,27.67,nasa,0.91
1998-03-01,0.9,22.57,16.94,28.68,nasa,0.9
1998-03-02,6.4,22.99,17.38,28.46,nasa,0.9
1998-03-03,3.73,23.66,18.09,29.18,nasa,0.9
1998-03-04,0.23,23.29,17.84,29.61,nasa,0.9
1998-03-05,0.48,23.28,18.59,29.42,nasa,0.89
1998-03-06,0.31,22.31,17.71,28.06,nasa,0.88
1998-03-07,0.25,21.99,16.64,28.18,nasa,0.88
1998-03-08,1.08,22.84,17.71,28.4,nasa,0.87
1998-03-09,0.32,22.8,16.35,29.79,nasa,0.87
1998-03-10,0.12,22.54,17.32,28.79,nasa,0.86
1998-03-11,5.07,22.95,18.02,28.35,nasa,0.86
1998-03-12,13.59,21.95,17.73,27.57,nasa,0.86
1998-03-13,7.34,22.01,18.41,26.71,nasa,0.87
1998-03-14,2.86,21.26,18.82,24.84,nasa,0.87
1998-03-15,1.36,20.67,17.05,25.76,nasa,0.87
1998-03-16,1.21,19.03,15.44,25.2,nasa,0.87
1998-03-17,0.43,18.39,14.53,24.13,nasa,0.86
1998-03-18,0.62,18.13,14.95,21.66,nasa,0.86
1998-03-19,3.27,19.35,17.02,22.89,nasa,0.86
1998-03-20,5.68,21.29,16.52,26.67,nasa,0.86
1998-03-21,21.88,21.44,18.04,25.95,nasa,0.87
1998-03-22,21.75,20.45,18.28,23.28,nasa,0.9
1998-03-23,2.01,20.4,16.05,24.95,nasa,0.9
1998-03-24,7.27,21.22,16.4,26.57,nasa,0.89
1998-03-25,10.32,20.41,16.89,24.96,nasa,0.9
1998-03-26,1.25,18.62,15.03,24.8,nasa,0.9
1998-03-27,0.61,18.7,13.9,24.14,nasa,0.89
1998-03-28,3.96,20.53,15.76,25.41,nasa,0.89
1998-03-29,5.82,22.41,17.56,29.0,nasa,0.89
1998-03-30,6.27,21.57,18.33,25.8,nasa,0.89
1998-03-31,7.22,22.27,18.24,26.67,nasa,0.89
1998-04-01,7.63,22.08,18.51,26.7,nasa,0.89
1998-04-02,3.17,17.8,14.14,22.92,nasa,0.9
1998-04-03,0.79,14.99,11.53,19.32,nasa,0.89
1998-04-04,0.23,14.89,10.83,21.39,nasa,0.88
1998-04-05,0.02,14.86,9.65,21.58,nasa,0.88
1998-04-06,0.01,17.37,11.11,24.73,nasa,0.87
1998-04-07,0.04,18.73,13.26,24.31,nasa,0.87
1998-04-08,0.27,20.12,17.21,23.75,nasa,0.87
1998-04-09,0.69,21.65,16.19,27.21,nasa,0.86
1998-04-10,0.45,21.14,16.32,27.26,nasa,0.86
1998-04-11,0.05,20.87,15.77,27.08,nasa,0.85
1998-04-12,0.01,21.21,16.34,27.58,nasa,0.85
1998-04-13,0.0,20.95,16.31,27.31,nasa,0.84
1998-04-14,0.01,21.38,16.4,27.05,nasa,0.84
1998-04-15,0.18,21.58,16.1,27.19,nasa,0.83
1998-04-16,0.7,21.95,16.96,27.32,nasa,0.83
1998-04-17,2.39,21.22,17.0,26.17,nasa,0.83
1998-04-18,12.25,20.35,17.02,24.17,nasa,0.83
1998-04-19,0.0,18.84,13.1,25.17,nasa,0.84
1998-04-20,0.08,18.59,11.99,25.8,nasa,0.83
1998-04-21,0.16,19.87,15.07,26.11,nasa,0.83
1998-04-22,0.05,20.59,15.97,26.91,nasa,0.82
1998-04-23,0.15,19.9,15.19,25.3,nasa,0.82
1998-04-24,0.42,20.15,14.75,26.31,nasa,0.81
1998-04-25,0.21,20.78,15.63,26.91,nasa,0.81
1998-04-26,0.23,19.27,15.7,24.83,nasa,0.8
1998-04-27,1.94,18.73,15.57,23.53,nasa,0.8
1998-04-28,2.98,19.57,15.84,24.85,nasa,0.8
1998-04-29,8.12,19.22,17.39,22.06,nasa,0.81
1998-04-30,0.8,17.75,11.1,23.13,nasa,0.82
1998-05-01,0.05,13.74,6.95,20.49,nasa,0.81
1998-05-02,0.06,14.51,7.82,21.88,nasa,0.8
1998-05-03,3.94,16.53,11.18,23.34,nasa,0.8
1998-05-04,22.21,18.07,14.1,23.17,nasa,0.82
1998-05-05,6.8,15.3,11.91,18.45,nasa,0.84
1998-05-06,0.94,15.09,11.38,20.95,nasa,0.83
1998-05-07,0.23,14.4,10.85,20.34,nasa,0.82
1998-05-08,0.04,13.82,9.95,20.08,nasa,0.82
1998-05-09,0.06,13.92,8.66,20.78,nasa,0.81
1998-05-10,0.0,13.38,5.83,20.33,nasa,0.81
1998-05-11,0.04,13.73,6.69,21.21,nasa,0.8
1998-05-12,0.0,15.78,9.31,22.39,nasa,0.8
1998-05-13,0.02,18.1,13.93,23.71,nasa,0.79
1998-05-14,0.36,17.46,11.21,24.15,nasa,0.79
1998-05-15,0.43,18.78,15.08,24.27,nasa,0.79
1998-05-16,2.65,18.56,15.0,23.61,nasa,0.79
1998-05-17,0.0,14.84,12.18,17.73,nasa,0.79
1998-05-18,0.34,13.75,11.13,17.04,nasa,0.79
1998-05-19,0.11,14.67,11.55,18.85,nasa,0.79
1998-05-20,0.05,16.45,11.49,22.54,nasa,0.78
1998-05-21,0.03,17.13,12.15,23.75,nasa,0.78
1998-05-22,0.01,17.23,12.41,22.71,nasa,0.78
1998-05-23,0.0,17.35,11.69,23.3,nasa,0.77
1998-05-24,0.01,17.69,12.25,24.12,nasa,0.77
1998-05-25,0.49,17.55,12.32,23.82,nasa,0.77
1998-05-26,0.0,15.94,11.88,21.64,nasa,0.76
1998-05-27,11.44,16.82,12.7,21.65,nasa,0.77
1998-05-28,7.6,15.92,12.36,21.45,nasa,0.79
1998-05-29,29.99,15.67,12.29,20.26,nasa,0.8
1998-05-30,7.37,15.43,11.7,20.32,nasa,0.83
1998-05-31,0.1,12.69,8.33,18.37,nasa,0.82
1998-06-01,0.05,12.59,7.76,19.34,nasa,0.81
1998-06-02,0.03,14.32,8.3,20.89,nasa,0.8
1998-06-03,0.16,14.98,12.03,19.48,nasa,0.8
1998-06-04,0.12,14.13,10.76,19.72,nasa,0.8
1998-06-05,0.03,12.9,9.23,18.77,nasa,0.79
1998-06-06,0.0,13.0,8.38,20.01,nasa,0.79
1998-06-07,0.0,13.04,5.94,20.06,nasa,0.79
1998-06-08,0.01,13.2,6.5,19.32,nasa,0.78
1998-06-09,0.0,13.15,7.34,20.07,nasa,0.78
1998-06-10,0.0,13.91,9.0,20.7,nasa,0.78
1998-06-11,0.0,14.36,8.01,22.27,nasa,0.77
1998-06-12,0.29,13.53,10.03,18.94,nasa,0.77
1998-06-13,0.1,13.57,9.96,18.98,nasa,0.77
1998-06-14,0.01,13.49,10.21,18.72,nasa,0.77
1998-06-15,0.0,12.75,8.54,19.23,nasa,0.77
1998-06-16,0.02,12.57,8.1,19.53,nasa,0.76
1998-06-17,0.0,13.89,9.22,21.17,nasa,0.76
1998-06-18,0.12,16.55,11.48,23.49,nasa,0.76
1998-06-19,0.41,16.07,10.5,23.28,nasa,0.76
1998-06-20,1.13,15.51,11.46,21.96,nasa,0.75
1998-06-21,0.2,14.39,10.08,21.21,nasa,0.75
1998-06-22,0.07,14.87,9.97,21.72,nasa,0.75
1998-06-23,0.31,15.41,10.73,21.89,nasa,0.75
1998-06-24,0.61,16.17,11.61,22.49,nasa,0.75
1998-06-25,2.12,11.36,7.02,15.59,nasa,0.75
1998-06-26,0.19,12.0,6.98,18.79,nasa,0.75
1998-06-27,0.0,14.1,9.54,19.25,nasa,0.75
1998-06-28,0.01,15.67,11.1,21.97,nasa,0.74
1998-06-29,0.01,15.12,10.73,22.33,nasa,0.74
1998-06-30,0.0,14.25,9.26,21.87,nasa,0.74
1998-07-01,0.0,14.11,8.47,21.43,nasa,0.74
1998-07-02,0.0,15.72,9.65,22.99,nasa,0.73
1998-07-03,0.1,15.84,10.4,23.43,nasa,0.73
1998-07-04,0.48,15.4,10.8,22.25,nasa,0.73
1998-07-05,1.19,15.36,10.85,21.42,nasa,0.73
1998-07-06,0.07,14.79,9.13,22.23,nasa,0.73
1998-07-07,0.0,15.82,8.75,23.0,nasa,0.72
1998-07-08,0.0,17.61,12.43,24.25,nasa,0.72
1998-07-09,0.13,16.29,10.39,23.81,nasa,0.72
1998-07-10,0.17,12.13,9.36,16.73,nasa,0.72
1998-07-11,0.25,11.53,9.0,15.64,nasa,0.72
1998-07-12,0.06,10.87,7.63,17.37,nasa,0.72
1998-07-13,0.02,11.6,7.72,18.37,nasa,0.71
1998-07-14,0.0,12.5,7.23,19.87,nasa,0.71
1998-07-15,0.0,13.28,6.0,21.13,nasa,0.71
1998-07-16,0.0,14.43,7.96,22.09,nasa,0.71
1998-07-17,0.0,13.82,6.77,22.03,nasa,0.71
1998-07-18,0.0,15.3,8.38,23.36,nasa,0.7
1998-07-19,1.22,16.17,9.18,23.94,nasa,0.7
1998-07-20,1.38,16.4,10.86,23.5,nasa,0.7
1998-07-21,0.05,18.03,11.89,25.12,nasa,0.7
1998-07-22,0.02,18.0,13.14,25.13,nasa,0.7
1998-07-23,0.03,17.24,11.61,24.85,nasa,0.69
1998-07-24,0.03,16.55,11.53,23.71,nasa,0.69
1998-07-25,0.01,16.58,11.46,23.58,nasa,0.69
1998-07-26,0.0,16.94,9.93,23.94,nasa,0.69
1998-07-27,0.01,18.16,12.29,25.06,nasa,0.69
1998-07-28,0.0,17.64,10.03,25.88,nasa,0.68
1998-07-29,0.15,16.7,10.64,25.06,nasa,0.68
1998-07-30,0.24,15.26,11.29,21.8,nasa,0.68
1998-07-31,0.04,15.74,11.24,22.65,nasa,0.68
1998-08-01,0.26,16.13,10.38,22.93,nasa,0.68
1998-08-02,2.41,16.05,10.58,22.8,nasa,0.68
1998-08-03,0.16,16.73,10.12,24.19,nasa,0.68
1998-08-04,0.56,17.62,12.19,24.92,nasa,0.67
1998-08-05,4.42,17.89,13.1,24.9,nasa,0.67
1998-08-06,3.64,16.44,12.51,22.16,nasa,0.68
1998-08-07,6.0,15.52,13.17,20.11,nasa,0.69
1998-08-08,1.21,16.84,12.91,23.03,nasa,0.69
1998-08-09,6.83,16.44,13.22,21.98,nasa,0.69
1998-08-10,0.81,18.26,13.59,24.03,nasa,0.7
1998-08-11,0.21,18.61,11.84,25.48,nasa,0.69
1998-08-12,0.2,19.3,12.53,27.34,nasa,0.69
1998-08-13,2.7,20.73,13.75,28.88,nasa,0.69
1998-08-14,0.73,19.52,14.37,27.15,nasa,0.69
1998-08-15,0.0,19.54,11.81,27.53,nasa,0.68
1998-08-16,0.22,20.52,13.44,29.19,nasa,0.68
1998-08-17,0.03,18.46,12.6,27.27,nasa,0.67
1998-08-18,0.0,17.45,10.38,25.67,nasa,0.67
1998-08-19,0.0,19.32,11.0,27.65,nasa,0.67
1998-08-20,0.0,20.98,15.63,28.48,nasa,0.66
1998-08-21,0.1,20.17,13.27,29.16,nasa,0.66
1998-08-22,0.3,19.7,13.14,28.51,nasa,0.66
1998-08-23,0.15,18.75,13.4,26.65,nasa,0.66
1998-08-24,0.01,20.46,13.75,28.14,nasa,0.66
1998-08-25,0.0,20.72,12.48,28.95,nasa,0.65
1998-08-26,0.0,20.87,13.28,30.07,nasa,0.65
1998-08-27,0.01,19.79,11.65,28.99,nasa,0.65
1998-08-28,0.23,18.89,13.74,27.27,nasa,0.65
1998-08-29,0.8,19.33,13.0,27.9,nasa,0.65
1998-08-30,2.19,16.94,11.49,23.86,nasa,0.65
1998-08-31,1.35,14.04,11.32,19.23,nasa,0.65
1998-09-01,0.06,16.23,10.32,25.16,nasa,0.65
1998-09-02,0.05,16.98,10.17,25.66,nasa,0.65
1998-09-03,0.01,17.8,10.68,26.59,nasa,0.64
1998-09-04,0.04,19.58,11.05,28.17,nasa,0.64
1998-09-05,0.5,20.72,12.31,29.12,nasa,0.64
1998-09-06,3.54,20.17,15.51,28.13,nasa,0.64
1998-09-07,0.86,21.04,14.57,30.22,nasa,0.64
1998-09-08,0.96,22.84,15.76,31.55,nasa,0.64
1998-09-09,3.46,20.36,14.61,29.62,nasa,0.64
1998-09-10,1.28,18.09,13.23,24.8,nasa,0.64
1998-09-11,0.18,20.6,14.48,29.28,nasa,0.64
1998-09-12,0.01,21.76,13.6,30.77,nasa,0.64
1998-09-13,0.05,21.8,12.35,31.25,nasa,0.63
1998-09-14,1.01,21.37,14.86,30.55,nasa,0.63
1998-09-15,5.52,19.97,14.9,27.5,nasa,0.63
1998-09-16,2.09,19.69,13.88,28.77,nasa,0.64
1998-09-17,0.46,20.07,11.58,29.9,nasa,0.64
1998-09-18,2.41,23.41,13.31,32.64,nasa,0.63
1998-09-19,5.5,23.72,16.93,32.14,nasa,0.64
1998-09-20,12.42,19.64,14.77,28.56,nasa,0.65
1998-09-21,2.04,18.48,13.58,26.22,nasa,0.66
1998-09-22,0.87,16.9,11.84,25.04,nasa,0.65
1998-09-23,0.22,16.27,11.24,24.24,nasa,0.65
1998-09-24,0.3,18.07,11.07,27.31,nasa,0.65
1998-09-25,3.83,18.19,12.45,25.23,nasa,0.64
1998-09-26,2.23,20.81,12.95,29.15,nasa,0.65
1998-09-27,1.92,22.44,14.35,30.29,nasa,0.64
1998-09-28,8.79,22.79,15.35,31.02,nasa,0.65
1998-09-29,6.79,21.94,17.1,29.08,nasa,0.66
1998-09-30,5.75,20.42,15.34,28.44,nasa,0.66
1998-10-01,10.75,18.27,14.25,24.93,nasa,0.67
1998-10-02,4.49,18.21,12.68,25.76,nasa,0.68
1998-10-03,15.29,19.46,13.14,26.86,nasa,0.68
1998-10-04,2.7,21.82,13.91,29.85,nasa,0.69
1998-10-05,2.01,22.64,16.39,30.38,nasa,0.68
1998-10-06,3.04,23.55,17.92,30.42,nasa,0.68
1998-10-07,16.66,20.57,16.02,25.11,nasa,0.69
1998-10-08,26.54,18.79,15.4,23.06,nasa,0.72
1998-10-09,9.02,19.7,14.06,26.0,nasa,0.73
1998-10-10,1.05,18.1,11.22,27.31,nasa,0.73
1998-10-11,13.84,18.47,11.93,25.0,nasa,0.72
1998-10-12,6.37,21.27,16.57,27.22,nasa,0.73
1998-10-13,12.53,20.18,15.25,26.44,nasa,0.74
1998-10-14,1.1,19.51,13.82,27.08,nasa,0.73
1998-10-15,0.71,19.96,12.37,27.32,nasa,0.72
1998-10-16,6.4,19.38,16.11,23.64,nasa,0.72
1998-10-17,2.82,20.12,14.15,26.37,nasa,0.73
1998-10-18,2.47,17.28,12.6,24.22,nasa,0.72
1998-10-19,0.87,17.3,11.89,24.4,nasa,0.72
1998-10-20,0.21,18.17,12.5,25.78,nasa,0.71
1998-10-21,0.01,18.17,10.3,27.44,nasa,0.71
1998-10-22,0.03,18.07,10.07,27.39,nasa,0.7
1998-10-23,0.36,20.22,12.68,28.22,nasa,0.69
1998-10-24,1.66,20.83,15.43,28.23,nasa,0.69
1998-10-25,1.83,19.59,15.46,26.86,nasa,0.69
1998-10-26,3.2,18.66,16.46,21.94,nasa,0.69
1998-10-27,5.46,20.37,16.35,27.61,nasa,0.69
1998-10-28,5.27,20.79,17.07,27.12,nasa,0.7
1998-10-29,7.91,20.08,14.92,27.54,nasa,0.7
1998-10-30,15.67,17.0,13.67,23.22,nasa,0.72
1998-10-31,10.78,15.42,12.66,19.57,nasa,0.73
1998-11-01,1.45,17.11,11.23,22.97,nasa,0.74
1998-11-02,2.35,16.79,13.32,21.41,nasa,0.73
1998-11-03,8.64,17.08,13.03,22.6,nasa,0.73
1998-11-04,1.77,18.91,15.48,23.81,nasa,0.74
1998-11-05,0.28,19.51,14.6,25.96,nasa,0.73
1998-11-06,0.84,20.55,14.98,27.25,nasa,0.72
1998-11-07,3.91,20.96,15.59,27.32,nasa,0.72
1998-11-08,9.81,20.12,16.89,25.36,nasa,0.73
1998-11-09,3.21,20.46,15.38,27.43,nasa,0.73
1998-11-10,12.2,18.31,13.83,24.28,nasa,0.73
1998-11-11,15.91,16.91,13.17,22.22,nasa,0.76
1998-11-12,1.83,17.02,11.52,23.68,nasa,0.75
1998-11-13,4.09,17.3,12.91,23.23,nasa,0.75
1998-11-14,3.23,16.79,13.52,22.59,nasa,0.75
1998-11-15,0.27,18.65,12.61,26.03,nasa,0.74
1998-11-16,0.03,20.09,13.34,27.41,nasa,0.73
1998-11-17,0.75,22.72,16.34,29.22,nasa,0.72
1998-11-18,7.76,23.83,17.77,31.39,nasa,0.72
1998-11-19,2.03,19.03,14.39,26.46,nasa,0.72
1998-11-20,0.79,19.69,13.47,27.51,nasa,0.72
1998-11-21,2.17,20.68,14.45,28.02,nasa,0.71
1998-11-22,4.02,19.26,14.2,26.44,nasa,0.71
1998-11-23,1.14,18.79,12.89,26.3,nasa,0.71
1998-11-24,0.25,20.15,12.3,28.07,nasa,0.71
1998-11-25,4.21,21.52,15.07,28.39,nasa,0.7
1998-11-26,19.04,21.99,15.17,28.87,nasa,0.71
1998-11-27,5.24,19.76,16.5,24.5,nasa,0.73
1998-11-28,4.68,20.34,14.67,27.52,nasa,0.73
1998-11-29,5.91,21.32,15.09,27.91,nasa,0.73
1998-11-30,2.32,21.59,16.09,28.89,nasa,0.73
1998-12-01,1.25,21.28,14.95,28.4,nasa,0.72
1998-12-02,0.36,22.15,17.52,29.28,nasa,0.71
1998-12-03,0.28,22.24,15.69,30.8,nasa,0.71
1998-12-04,3.16,22.38,15.84,30.34,nasa,0.7
1998-12-05,24.86,21.32,18.46,24.95,nasa,0.71
1998-12-06,37.98,20.47,17.47,22.72,nasa,0.76
1998-12-07,3.31,21.4,15.17,29.13,nasa,0.79
1998-12-08,8.67,21.43,16.15,27.86,nasa,0.77
1998-12-09,10.23,21.38,17.84,26.46,nasa,0.77
1998-12-10,7.55,22.14,18.57,27.19,nasa,0.77
1998-12-11,5.02,21.33,17.87,25.47,nasa,0.77
1998-12-12,2.66,21.38,17.31,26.96,nasa,0.77
1998-12-13,3.03,22.03,18.45,27.09,nasa,0.76
1998-12-14,7.4,22.68,15.54,30.23,nasa,0.76
1998-12-15,14.42,21.17,17.9,24.77,nasa,0.77
1998-12-16,7.31,21.1,16.14,26.21,nasa,0.78
1998-12-17,11.9,20.98,17.42,25.68,nasa,0.78
1998-12-18,5.0,21.55,18.34,26.74,nasa,0.79
1998-12-19,0.38,21.41,16.36,27.24,nasa,0.78
1998-12-20,0.95,20.27,14.49,26.83,nasa,0.77
1998-12-21,0.59,21.07,14.29,27.87,nasa,0.76
1998-12-22,4.04,22.13,18.61,26.61,nasa,0.75
1998-12-23,10.16,21.07,16.87,26.47,nasa,0.76
1998-12-24,7.08,20.05,16.05,26.1,nasa,0.77
1998-12-25,13.32,19.0,15.87,23.62,nasa,0.77
1998-12-26,6.54,19.63,15.6,25.34,nasa,0.78
1998-12-27,9.22,18.54,15.8,22.74,nasa,0.78
1998-12-28,9.37,19.35,15.83,23.41,nasa,0.79
1998-12-29,3.04,21.42,17.6,26.43,nasa,0.79
1998-12-30,4.34,21.86,18.33,26.59,nasa,0.78
1998-12-31,14.53,22.57,17.4,27.73,nasa,0.78
1999-01-01,27.72,19.82,16.48,23.1,nasa,0.81
1999-01-02,21.45,21.57,15.23,27.77,nasa,0.83
1999-01-03,8.47,22.06,17.9,27.63,nasa,0.84
1999-01-04,11.15,21.52,17.75,26.02,nasa,0.84
1999-01-05,22.03,21.03,18.55,24.01,nasa,0.85
1999-01-06,33.0,20.49,18.61,23.07,nasa,0.88
1999-01-07,26.33,21.23,17.92,25.14,nasa,0.9
1999-01-08,14.74,21.7,17.15,26.28,nasa,0.91
1999-01-09,11.37,22.48,19.11,26.87,nasa,0.91
1999-01-10,3.69,22.94,18.27,28.89,nasa,0.89
1999-01-11,3.49,21.95,17.74,27.68,nasa,0.89
1999-01-12,1.53,20.54,16.7,26.15,nasa,0.88
1999-01-13,8.81,20.21,16.73,25.33,nasa,0.88
1999-01-14,21.68,20.93,17.05,26.44,nasa,0.89
1999-01-15,13.9,20.86,18.46,24.26,nasa,0.91
1999-01-16,13.38,20.77,18.45,24.03,nasa,0.91
1999-01-17,5.62,22.93,17.34,28.36,nasa,0.91
1999-01-18,0.67,22.85,18.21,28.9,nasa,0.9
1999-01-19,0.7,23.04,16.21,29.93,nasa,0.89
1999-01-20,3.29,23.76,17.21,29.9,nasa,0.89
1999-01-21,5.59,24.01,18.55,30.02,nasa,0.89
1999-01-22,3.55,23.3,18.23,28.82,nasa,0.88
1999-01-23,5.5,22.53,18.52,27.54,nasa,0.88
1999-01-24,3.44,22.34,17.86,27.91,nasa,0.88
1999-01-25,4.52,22.21,17.72,27.78,nasa,0.88
1999-01-26,28.91,21.55,18.37,25.39,nasa,0.89
1999-01-27,13.46,21.26,18.63,24.41,nasa,0.91
1999-01-28,26.72,20.99,17.71,25.4,nasa,0.92
1999-01-29,9.33,21.24,18.74,25.41,nasa,0.93
1999-01-30,13.61,21.69,18.86,25.5,nasa,0.93
1999-01-31,3.98,20.24,17.73,23.08,nasa,0.93
1999-02-01,10.76,21.7,17.18,27.13,nasa,0.93
1999-02-02,5.21,20.74,18.23,24.37,nasa,0.93
1999-02-03,3.06,21.57,17.41,26.93,nasa,0.93
1999-02-04,1.02,22.35,17.19,28.72,nasa,0.92
1999-02-05,3.13,22.2,15.86,28.61,nasa,0.91
1999-02-06,16.77,21.67,17.83,25.82,nasa,0.92
1999-02-07,14.1,21.09,16.12,26.94,nasa,0.93
1999-02-08,2.21,21.36,16.91,26.21,nasa,0.93
1999-02-09,7.31,20.54,17.74,23.54,nasa,0.92
1999-02-10,7.17,21.59,18.13,26.73,nasa,0.93
1999-02-11,7.33,20.75,18.61,23.92,nasa,0.93
1999-02-12,6.65,20.85,17.32,25.64,nasa,0.93
1999-02-13,11.07,21.71,17.77,26.8,nasa,0.93
1999-02-14,3.54,22.38,18.35,27.07,nasa,0.93
1999-02-15,10.76,22.17,17.56,27.23,nasa,0.93
1999-02-16,4.92,21.41,17.83,26.39,nasa,0.93
1999-02-17,9.66,20.73,16.81,25.65,nasa,0.93
1999-02-18,8.18,20.81,17.13,25.44,nasa,0.94
1999-02-19,9.5,21.15,17.38,25.66,nasa,0.94
1999-02-20,5.2,21.39,17.15,26.41,nasa,0.94
1999-02-21,2.44,20.99,15.84,26.73,nasa,0.93
1999-02-22,10.43,20.59,15.91,25.52,nasa,0.93
1999-02-23,14.22,19.55,17.24,22.56,nasa,0.94
1999-02-24,8.01,20.65,15.36,25.64,nasa,0.95
1999-02-25,7.58,20.62,17.54,25.33,nasa,0.95
1999-02-26,20.79,19.76,18.07,22.14,nasa,0.95
1999-02-27,24.96,19.67,17.49,23.01,nasa,0.97
1999-02-28,15.85,18.91,17.29,21.26,nasa,0.98
1999-03-01,9.1,18.92,15.74,22.24,nasa,0.98
1999-03-02,5.15,19.45,16.57,23.25,nasa,0.98
1999-03-03,0.77,21.0,15.65,27.76,nasa,0.98
1999-03-04,1.38,20.52,14.66,27.42,nasa,0.97
1999-03-05,4.46,20.97,14.9,27.55,nasa,0.96
1999-03-06,15.11,21.12,16.46,26.99,nasa,0.97
1999-03-07,5.47,19.72,18.18,21.92,nasa,0.97
1999-03-08,3.04,21.16,17.98,25.48,nasa,0.97
1999-03-09,13.3,21.49,16.85,27.11,nasa,0.97
1999-03-10,13.67,21.86,17.94,27.37,nasa,0.97
1999-03-11,12.15,21.18,18.78,24.8,nasa,0.98
1999-03-12,5.89,20.53,17.92,24.33,nasa,0.98
1999-03-13,0.83,18.95,14.74,24.83,nasa,0.98
1999-03-14,1.01,17.83,12.78,24.96,nasa,0.97
1999-03-15,0.86,18.35,13.14,25.02,nasa,0.96
1999-03-16,1.91,19.36,14.3,25.45,nasa,0.96
1999-03-17,1.3,19.4,15.06,24.93,nasa,0.96
1999-03-18,0.28,18.98,14.69,25.08,nasa,0.95
1999-03-19,0.22,18.66,14.37,25.34,nasa,0.94
1999-03-20,1.06,20.21,15.09,26.27,nasa,0.94
1999-03-21,11.72,20.47,16.35,25.17,nasa,0.94
1999-03-22,14.3,21.78,17.01,27.23,nasa,0.94
1999-03-23,17.58,20.89,17.41,25.31,nasa,0.95
1999-03-24,4.06,19.95,17.58,23.55,nasa,0.96
1999-03-25,0.57,21.55,17.52,27.51,nasa,0.95
1999-03-26,0.57,21.22,16.11,27.66,nasa,0.95
1999-03-27,1.41,21.6,15.59,27.83,nasa,0.94
1999-03-28,1.12,21.89,17.78,27.29,nasa,0.93
1999-03-29,3.65,21.95,19.33,25.45,nasa,0.93
1999-03-30,3.95,22.87,18.58,27.52,nasa,0.93
1999-03-31,7.24,21.26,19.18,24.06,nasa,0.94
1999-04-01,1.48,21.18,17.18,26.04,nasa,0.94
1999-04-02,0.26,20.2,14.47,26.29,nasa,0.93
1999-04-03,1.76,21.42,16.72,27.51,nasa,0.92
1999-04-04,2.46,20.37,15.82,26.19,nasa,0.92
1999-04-05,0.29,20.51,15.78,26.6,nasa,0.92
1999-04-06,0.59,20.94,16.35,26.94,nasa,0.91
1999-04-07,0.23,19.94,15.96,25.98,nasa,0.91
1999-04-08,0.4,18.54,14.43,24.55,nasa,0.9
1999-04-09,4.56,18.42,14.05,24.93,nasa,0.9
1999-04-10,1.0,17.71,13.83,23.97,nasa,0.9
1999-04-11,0.07,16.5,12.74,22.5,nasa,0.89
1999-04-12,0.04,17.88,13.74,23.52,nasa,0.89
1999-04-13,3.07,19.18,13.4,25.24,nasa,0.89
1999-04-14,16.79,20.17,16.8,23.77,nasa,0.9
1999-04-15,2.09,19.4,16.44,22.6,nasa,0.9
1999-04-16,1.9,18.92,16.2,22.97,nasa,0.9
1999-04-17,1.28,18.51,13.2,24.25,nasa,0.9
1999-04-18,0.02,15.77,10.91,22.06,nasa,0.89
1999-04-19,0.01,16.68,8.91,23.72,nasa,0.89
1999-04-20,0.05,19.1,14.14,24.97,nasa,0.88
1999-04-21,1.16,19.21,13.88,25.8,nasa,0.88
1999-04-22,2.82,18.57,15.02,24.48,nasa,0.88
1999-04-23,0.27,17.2,13.15,22.86,nasa,0.87
1999-04-24,0.03,17.44,12.23,23.38,nasa,0.87
1999-04-25,0.04,17.05,11.73,23.69,nasa,0.86
1999-04-26,0.08,16.96,12.01,23.44,nasa,0.86
1999-04-27,0.48,16.82,12.65,22.53,nasa,0.86
1999-04-28,0.58,16.52,12.42,22.25,nasa,0.85
1999-04-29,0.06,16.48,11.32,22.19,nasa,0.85
1999-04-30,0.01,16.92,11.2,23.17,nasa,0.85
1999-05-01,0.12,16.73,11.4,23.51,nasa,0.84
1999-05-02,0.06,15.87,11.35,22.37,nasa,0.84
1999-05-03,0.13,16.47,11.38,23.0,nasa,0.84
1999-05-04,0.14,16.85,10.97,23.15,nasa,0.83
1999-05-05,1.78,16.61,10.48,23.11,nasa,0.83
1999-05-06,0.06,17.42,11.93,23.56,nasa,0.83
1999-05-07,10.95,17.9,15.5,21.8,nasa,0.84
1999-05-08,0.19,16.22,12.01,22.43,nasa,0.84
1999-05-09,0.13,14.77,10.71,20.95,nasa,0.83
1999-05-10,0.04,14.99,11.01,20.91,nasa,0.83
1999-05-11,0.1,16.5,11.13,22.27,nasa,0.82
1999-05-12,0.26,16.58,11.81,22.07,nasa,0.82
1999-05-13,0.49,15.26,10.64,21.19,nasa,0.82
1999-05-14,0.16,12.31,9.05,17.91,nasa,0.81
1999-05-15,0.04,12.11,8.52,18.17,nasa,0.81
1999-05-16,0.01,12.83,8.39,19.22,nasa,0.81
1999-05-17,0.02,14.05,8.31,20.15,nasa,0.8
1999-05-18,0.01,14.95,8.44,20.71,nasa,0.8
1999-05-19,0.02,15.08,10.01,21.18,nasa,0.8
1999-05-20,0.0,11.9,6.6,17.93,nasa,0.79
1999-05-21,0.01,10.76,4.57,18.21,nasa,0.79
1999-05-22,0.01,10.75,5.5,18.37,nasa,0.79
1999-05-23,0.0,11.24,3.51,19.42,nasa,0.79
1999-05-24,0.0,12.92,5.41,21.45,nasa,0.78
1999-05-25,0.0,13.93,8.72,21.58,nasa,0.78
1999-05-26,0.0,15.2,10.7,21.76,nasa,0.78
1999-05-27,0.0,15.27,9.64,21.08,nasa,0.78
1999-05-28,0.75,15.36,11.99,20.59,nasa,0.77
1999-05-29,0.37,16.39,12.68,22.09,nasa,0.78
1999-05-30,0.06,15.52,8.98,22.87,nasa,0.77
1999-05-31,0.02,10.82,6.16,17.36,nasa,0.77
1999-06-01,0.01,12.2,7.48,18.92,nasa,0.77
1999-06-02,0.02,14.7,8.53,21.71,nasa,0.76
1999-06-03,0.02,15.16,8.29,22.18,nasa,0.76
1999-06-04,0.3,16.23,11.85,22.24,nasa,0.76
1999-06-05,1.31,15.22,11.32,20.69,nasa,0.76
1999-06-06,2.36,14.11,11.41,18.08,nasa,0.76
1999-06-07,2.48,13.42,10.93,17.45,nasa,0.76
1999-06-08,0.87,14.47,11.36,19.81,nasa,0.76
1999-06-09,0.31,14.95,11.26,21.05,nasa,0.76
1999-06-10,0.04,15.39,11.69,21.56,nasa,0.76
1999-06-11,0.48,16.2,12.51,21.35,nasa,0.75
1999-06-12,2.16,15.53,10.62,21.54,nasa,0.75
1999-06-13,1.57,15.58,11.3,21.75,nasa,0.75
1999-06-14,8.36,14.86,11.42,20.23,nasa,0.76
1999-06-15,2.41,14.91,12.03,19.68,nasa,0.77
1999-06-16,0.16,14.86,10.84,20.27,nasa,0.76
1999-06-17,0.06,14.08,8.83,21.0,nasa,0.76
1999-06-18,0.2,14.08,7.54,21.31,nasa,0.76
1999-06-19,0.45,16.19,11.85,22.39,nasa,0.75
1999-06-20,14.15,15.09,12.61,18.7,nasa,0.76
1999-06-21,0.71,15.68,11.41,21.45,nasa,0.77
1999-06-22,0.09,13.61,8.52,19.8,nasa,0.76
1999-06-23,0.04,13.16,6.98,20.29,nasa,0.76
1999-06-24,0.0,13.27,6.63,20.22,nasa,0.76
1999-06-25,0.0,15.02,9.63,22.33,nasa,0.75
1999-06-26,0.24,14.96,9.05,22.74,nasa,0.75
1999-06-27,0.02,15.19,10.15,21.73,nasa,0.75
1999-06-28,0.0,14.92,7.94,22.12,nasa,0.74
1999-06-29,0.05,15.3,8.53,23.24,nasa,0.74
1999-06-30,0.48,16.03,11.28,23.04,nasa,0.74
1999-07-01,0.07,14.35,9.87,20.57,nasa,0.74
1999-07-02,0.03,15.53,10.95,22.01,nasa,0.73
1999-07-03,0.0,15.31,8.95,23.0,nasa,0.73
1999-07-04,0.56,16.46,9.79,23.87,nasa,0.73
1999-07-05,2.2,14.43,11.66,18.75,nasa,0.73
1999-07-06,0.6,14.13,10.63,20.06,nasa,0.73
1999-07-07,0.46,15.84,10.32,22.74,nasa,0.73
1999-07-08,2.95,15.86,10.39,22.48,nasa,0.73
1999-07-09,1.34,15.27,11.21,22.04,nasa,0.73
1999-07-10,0.35,13.69,8.41,20.89,nasa,0.73
1999-07-11,0.32,13.17,9.37,19.48,nasa,0.72
1999-07-12,0.02,12.17,7.68,19.05,nasa,0.72
1999-07-13,0.01,12.73,7.05,20.12,nasa,0.72
1999-07-14,0.01,13.46,9.11,21.31,nasa,0.72
1999-07-15,0.39,15.37,8.7,22.85,nasa,0.71
1999-07-16,0.3,17.12,11.89,23.96,nasa,0.71
1999-07-17,0.06,17.38,11.98,24.06,nasa,0.71
1999-07-18,0.1,17.12,13.24,23.45,nasa,0.71
1999-07-19,0.0,17.24,12.31,23.72,nasa,0.71
1999-07-20,0.0,16.54,11.74,23.83,nasa,0.7
1999-07-21,0.09,16.94,10.33,24.99,nasa,0.7
1999-07-22,1.95,16.64,12.27,23.6,nasa,0.7
1999-07-23,4.51,14.96,10.6,20.62,nasa,0.7
1999-07-24,5.1,16.25,11.74,22.5,nasa,0.71
1999-07-25,1.18,17.04,12.15,23.35,nasa,0.71
1999-07-26,0.46,17.08,10.93,23.77,nasa,0.71
1999-07-27,0.0,16.61,10.6,23.53,nasa,0.71
1999-07-28,0.14,17.71,13.34,24.77,nasa,0.7
1999-07-29,0.04,16.37,11.47,23.78,nasa,0.7
1999-07-30,0.0,17.03,10.95,23.94,nasa,0.7
1999-07-31,0.27,14.59,10.0,19.99,nasa,0.7
1999-08-01,0.13,14.12,8.7,22.03,nasa,0.69
1999-08-02,0.01,15.1,9.02,23.05,nasa,0.69
1999-08-03,0.0,14.81,9.79,23.2,nasa,0.69
1999-08-04,0.0,14.03,8.86,22.29,nasa,0.69
1999-08-05,0.0,14.52,9.21,22.6,nasa,0.68
1999-08-06,0.0,14.37,7.16,22.96,nasa,0.68
1999-08-07,0.0,14.15,6.05,23.04,nasa,0.68
1999-08-08,0.18,16.0,10.87,24.6,nasa,0.68
1999-08-09,0.09,15.54,9.62,24.02,nasa,0.68
1999-08-10,0.0,17.19,9.19,26.06,nasa,0.67
1999-08-11,0.0,17.83,10.85,26.94,nasa,0.67
1999-08-12,0.0,18.42,10.5,26.99,nasa,0.67
1999-08-13,0.0,18.18,9.47,26.46,nasa,0.66
1999-08-14,0.44,16.41,8.92,26.47,nasa,0.66
1999-08-15,0.36,7.93,5.91,11.79,nasa,0.66
1999-08-16,0.27,9.17,5.97,14.94,nasa,0.66
1999-08-17,0.08,11.35,6.73,18.39,nasa,0.66
1999-08-18,0.01,13.63,7.57,21.32,nasa,0.66
1999-08-19,0.01,14.96,8.77,23.39,nasa,0.66
1999-08-20,0.01,15.78,10.63,23.85,nasa,0.66
1999-08-21,0.0,15.65,11.0,24.11,nasa,0.66
1999-08-22,0.0,15.76,8.15,24.94,nasa,0.65
1999-08-23,0.0,15.51,7.23,25.39,nasa,0.65
1999-08-24,0.0,15.99,9.97,25.33,nasa,0.65
1999-08-25,0.0,16.48,7.91,25.59,nasa,0.65
1999-08-26,0.0,17.09,7.09,25.95,nasa,0.65
1999-08-27,0.0,18.71,11.7,28.12,nasa,0.64
1999-08-28,0.0,19.2,11.02,28.2,nasa,0.64
1999-08-29,0.0,19.8,11.53,29.92,nasa,0.64
1999-08-30,0.0,19.59,11.86,30.11,nasa,0.64
1999-08-31,0.0,19.75,11.39,30.44,nasa,0.64
1999-09-01,0.0,19.85,10.56,29.97,nasa,0.63
1999-09-02,0.0,19.7,9.54,28.89,nasa,0.63
1999-09-03,0.0,18.98,10.0,29.54,nasa,0.63
1999-09-04,0.08,19.6,11.45,30.28,nasa,0.63
1999-09-05,0.15,19.53,10.67,29.79,nasa,0.63
1999-09-06,0.0,21.0,13.12,30.59,nasa,0.62
1999-09-07,0.0,22.21,11.96,32.71,nasa,0.62
1999-09-08,0.09,23.43,13.93,33.1,nasa,0.62
1999-09-09,8.53,22.48,15.41,30.91,nasa,0.63
1999-09-10,3.49,19.17,13.39,26.7,nasa,0.64
1999-09-11,1.93,15.73,12.04,22.22,nasa,0.64
1999-09-12,7.58,17.77,11.79,25.81,nasa,0.64
1999-09-13,1.0,19.31,13.29,26.12,nasa,0.65
1999-09-14,2.84,20.62,13.03,28.9,nasa,0.65
1999-09-15,2.67,20.45,15.14,26.68,nasa,0.65
1999-09-16,3.45,18.7,13.57,26.01,nasa,0.65
1999-09-17,0.38,18.08,12.04,27.44,nasa,0.65
1999-09-18,0.22,18.61,12.21,27.94,nasa,0.64
1999-09-19,0.14,19.09,12.58,26.91,nasa,0.64
1999-09-20,0.14,19.85,13.06,27.6,nasa,0.64
1999-09-21,1.69,18.75,13.04,25.54,nasa,0.64
1999-09-22,1.2,17.49,11.48,25.57,nasa,0.64
1999-09-23,1.84,12.98,8.09,19.93,nasa,0.63
1999-09-24,0.33,11.95,5.46,20.73,nasa,0.63
1999-09-25,0.17,14.23,6.23,24.63,nasa,0.63
1999-09-26,0.06,16.8,6.68,27.5,nasa,0.63
1999-09-27,0.29,18.96,11.43,29.09,nasa,0.63
1999-09-28,0.14,18.8,9.89,28.94,nasa,0.62
1999-09-29,0.04,21.9,14.0,31.51,nasa,0.62
1999-09-30,2.46,20.74,13.5,30.05,nasa,0.62
1999-10-01,0.07,23.21,14.16,32.74,nasa,0.62
1999-10-02,1.4,23.73,15.95,32.93,nasa,0.62
1999-10-03,1.72,16.24,11.71,22.13,nasa,0.62
1999-10-04,1.64,13.56,10.72,18.39,nasa,0.62
1999-10-05,0.59,15.14,9.48,23.11,nasa,0.62
1999-10-06,0.05,17.2,10.14,26.63,nasa,0.62
1999-10-07,0.11,19.04,11.36,28.38,nasa,0.62
1999-10-08,0.18,19.66,11.91,28.79,nasa,0.62
1999-10-09,0.05,20.75,13.5,30.03,nasa,0.62
1999-10-10,0.13,18.46,9.71,29.68,nasa,0.61
1999-10-11,0.14,19.59,11.34,30.75,nasa,0.61
1999-10-12,0.11,19.65,11.88,30.03,nasa,0.61
1999-10-13,0.05,20.85,11.27,32.23,nasa,0.61
1999-10-14,0.03,21.86,12.23,32.86,nasa,0.61
1999-10-15,0.1,23.22,13.37,33.82,nasa,0.61
1999-10-16,1.34,24.61,14.74,34.08,nasa,0.61
1999-10-17,4.02,23.15,17.37,32.89,nasa,0.61
1999-10-18,4.35,20.65,15.59,28.97,nasa,0.61
1999-10-19,10.16,17.03,13.32,22.54,nasa,0.63
1999-10-20,6.28,18.72,12.31,27.44,nasa,0.64
1999-10-21,2.18,19.63,12.91,27.87,nasa,0.64
1999-10-22,1.55,19.71,13.78,28.66,nasa,0.64
1999-10-23,0.33,18.44,12.11,27.77,nasa,0.63
1999-10-24,0.33,18.21,9.77,29.4,nasa,0.63
1999-10-25,3.59,16.27,11.51,23.02,nasa,0.63
1999-10-26,5.86,14.93,12.39,18.98,nasa,0.63
1999-10-27,1.14,16.15,13.0,20.95,nasa,0.64
1999-10-28,2.39,19.08,12.94,26.5,nasa,0.64
1999-10-29,2.68,20.38,13.92,28.93,nasa,0.64
1999-10-30,1.5,19.14,14.21,26.24,nasa,0.64
1999-10-31,0.34,16.94,11.25,24.94,nasa,0.63
1999-11-01,0.02,17.17,10.58,25.97,nasa,0.63
1999-11-02,0.01,18.96,11.42,27.54,nasa,0.63
1999-11-03,0.02,20.55,12.85,29.48,nasa,0.62
1999-11-04,0.41,22.65,14.69,30.66,nasa,0.62
1999-11-05,8.27,21.35,16.67,26.83,nasa,0.62
1999-11-06,3.2,20.04,14.17,28.12,nasa,0.64
1999-11-07,2.09,19.26,12.94,27.1,nasa,0.63
1999-11-08,5.51,21.49,14.02,29.8,nasa,0.63
1999-11-09,21.98,19.37,16.14,22.56,nasa,0.65
1999-11-10,7.67,14.37,10.62,18.0,nasa,0.68
1999-11-11,2.72,15.6,10.02,22.18,nasa,0.67
1999-11-12,5.27,15.82,11.92,19.75,nasa,0.67
1999-11-13,9.79,18.06,14.97,22.47,nasa,0.68
1999-11-14,5.36,18.96,13.89,26.76,nasa,0.68
1999-11-15,2.53,16.82,11.79,24.36,nasa,0.68
1999-11-16,0.5,16.76,10.61,24.07,nasa,0.67
1999-11-17,0.3,17.0,11.64,24.19,nasa,0.67
1999-11-18,1.22,17.86,11.32,26.05,nasa,0.66
1999-11-19,8.46,19.09,12.9,26.15,nasa,0.66
1999-11-20,5.34,19.79,16.52,25.5,nasa,0.68
1999-11-21,1.97,18.34,16.31,21.91,nasa,0.68
1999-11-22,2.09,19.94,14.99,26.39,nasa,0.68
1999-11-23,0.98,21.18,12.99,30.28,nasa,0.67
1999-11-24,4.83,21.32,15.61,27.89,nasa,0.67
1999-11-25,1.02,22.24,15.26,30.09,nasa,0.67
1999-11-26,3.25,22.38,16.87,29.18,nasa,0.66
1999-11-27,0.85,22.7,15.89,30.71,nasa,0.66
1999-11-28,1.04,21.0,15.09,28.72,nasa,0.66
1999-11-29,2.15,20.81,13.87,29.49,nasa,0.65
1999-11-30,1.27,20.62,14.71,29.03,nasa,0.65
1999-12-01,1.13,20.34,13.99,28.52,nasa,0.65
1999-12-02,2.16,20.8,14.15,28.47,nasa,0.65
1999-12-03,6.48,21.26,15.83,28.08,nasa,0.65
1999-12-04,19.39,20.87,17.32,26.07,nasa,0.67
1999-12-05,9.37,19.8,16.52,23.68,nasa,0.69
1999-12-06,7.84,21.89,15.97,29.33,nasa,0.69
1999-12-07,25.0,20.16,16.88,24.17,nasa,0.71
1999-12-08,34.92,20.93,16.73,26.54,nasa,0.75
1999-12-09,33.23,20.99,17.98,26.46,nasa,0.79
1999-12-10,31.52,20.15,17.31,24.63,nasa,0.8
1999-12-11,17.32,19.32,16.4,23.23,nasa,0.83
1999-12-12,7.47,18.86,16.17,23.2,nasa,0.82
1999-12-13,10.27,18.23,15.24,21.51,nasa,0.81
1999-12-14,9.81,20.4,17.8,24.29,nasa,0.81
1999-12-15,1.63,20.78,16.03,26.82,nasa,0.81
1999-12-16,0.22,19.83,13.92,26.71,nasa,0.79
1999-12-17,0.31,20.73,14.47,27.17,nasa,0.78
1999-12-18,0.53,20.81,14.84,27.78,nasa,0.77
1999-12-19,0.69,21.43,14.75,29.02,nasa,0.76
1999-12-20,3.99,21.36,15.66,29.27,nasa,0.76
1999-12-21,1.8,20.52,13.76,28.34,nasa,0.76
1999-12-22,7.81,21.55,15.39,28.31,nasa,0.75
1999-12-23,23.92,19.85,16.53,23.5,nasa,0.78
1999-12-24,3.18,17.98,14.91,22.06,nasa,0.79
1999-12-25,3.97,18.54,15.67,22.76,nasa,0.79
1999-12-26,5.4,21.02,15.2,27.95,nasa,0.79
1999-12-27,6.45,21.1,16.34,27.51,nasa,0.78
1999-12-28,6.56,20.58,17.2,25.59,nasa,0.79
1999-12-29,7.07,20.62,16.74,25.4,nasa,0.79
1999-12-30,17.68,22.16,17.33,27.76,nasa,0.8
1999-12-31,27.38,21.28,17.62,26.06,nasa,0.82
2000-01-01,57.47,19.67,17.86,22.14,nasa,0.86
2000-01-02,106.96,19.57,17.82,21.66,nasa,0.91
2000-01-03,47.91,19.33,17.81,22.57,nasa,0.93
2000-01-04,34.92,19.83,18.19,22.36,nasa,0.95
2000-01-05,8.32,21.27,17.07,25.71,nasa,0.93
2000-01-06,6.06,21.79,17.7,26.93,nasa,0.92
2000-01-07,0.96,21.4,16.98,27.04,nasa,0.91
2000-01-08,0.5,20.56,14.43,27.06,nasa,0.9
2000-01-09,0.1,20.35,15.41,26.94,nasa,0.9
2000-01-10,0.17,21.17,14.47,28.08,nasa,0.89
2000-01-11,0.79,21.64,14.76,27.95,nasa,0.88
2000-01-12,2.97,20.86,17.43,23.95,nasa,0.88
2000-01-13,3.59,21.86,17.68,26.56,nasa,0.88
2000-01-14,3.26,23.19,18.73,27.01,nasa,0.88
2000-01-15,5.46,23.35,18.97,28.11,nasa,0.88
2000-01-16,12.63,22.33,19.67,25.65,nasa,0.88
2000-01-17,6.07,21.84,19.06,26.23,nasa,0.89
2000-01-18,3.74,23.13,18.18,29.43,nasa,0.89
2000-01-19,13.35,22.06,18.02,28.33,nasa,0.89
2000-01-20,2.5,20.81,16.12,26.69,nasa,0.89
2000-01-21,1.27,20.81,15.66,27.27,nasa,0.88
2000-01-22,1.37,20.46,16.21,24.86,nasa,0.88
2000-01-23,4.07,20.93,17.1,27.24,nasa,0.88
2000-01-24,9.91,21.8,17.94,27.43,nasa,0.88
2000-01-25,20.45,22.14,18.33,26.9,nasa,0.89
2000-01-26,38.43,20.7,18.45,24.11,nasa,0.92
2000-01-27,16.32,18.14,14.37,22.16,nasa,0.94
2000-01-28,2.97,17.91,13.23,23.93,nasa,0.93
2000-01-29,2.43,18.43,12.51,24.77,nasa,0.92
2000-01-30,2.67,20.7,14.48,27.36,nasa,0.91
2000-01-31,16.15,21.44,16.72,27.14,nasa,0.91
2000-02-01,10.65,20.38,18.47,23.29,nasa,0.93
2000-02-02,4.99,22.05,17.83,27.64,nasa,0.93
2000-02-03,0.55,21.81,16.17,27.78,nasa,0.92
2000-02-04,1.4,21.68,17.68,27.06,nasa,0.91
2000-02-05,12.77,21.39,18.63,24.79,nasa,0.91
2000-02-06,11.25,21.69,18.05,27.36,nasa,0.92
2000-02-07,10.6,19.77,16.55,23.59,nasa,0.93
2000-02-08,28.56,19.94,17.59,23.3,nasa,0.94
2000-02-09,16.16,19.53,17.31,22.94,nasa,0.95
2000-02-10,10.17,18.78,16.0,22.65,nasa,0.96
2000-02-11,10.49,18.8,15.54,22.27,nasa,0.96
2000-02-12,9.21,19.51,16.82,22.64,nasa,0.96
2000-02-13,1.92,20.53,17.12,25.55,nasa,0.96
2000-02-14,2.33,20.77,16.06,25.74,nasa,0.95
2000-02-15,2.05,21.45,17.04,26.4,nasa,0.95
2000-02-16,16.11,20.49,16.45,26.29,nasa,0.95
2000-02-17,16.75,18.36,15.95,21.91,nasa,0.96
2000-02-18,3.4,18.29,15.41,24.14,nasa,0.96
2000-02-19,0.74,18.83,14.0,25.28,nasa,0.96
2000-02-20,0.23,19.78,14.04,26.12,nasa,0.95
2000-02-21,0.09,20.07,14.85,26.29,nasa,0.94
2000-02-22,1.03,20.75,15.61,26.96,nasa,0.94
2000-02-23,1.45,20.9,17.2,25.79,nasa,0.93
2000-02-24,3.45,20.91,16.98,26.19,nasa,0.93
2000-02-25,5.72,22.0,16.54,28.06,nasa,0.93
2000-02-26,7.88,21.56,17.24,27.17,nasa,0.93
2000-02-27,4.6,21.57,17.97,26.67,nasa,0.93
2000-02-28,4.71,21.91,17.48,27.35,nasa,0.93
2000-02-29,4.02,21.02,17.47,26.5,nasa,0.92
2000-03-01,0.36,20.82,17.14,26.39,nasa,0.92
2000-03-02,0.15,20.22,15.66,26.02,nasa,0.91
2000-03-03,0.73,20.67,15.23,26.96,nasa,0.91
2000-03-04,0.65,21.2,16.53,27.03,nasa,0.9
2000-03-05,1.08,21.12,16.89,26.69,nasa,0.89
2000-03-06,0.71,21.93,15.92,28.27,nasa,0.89
2000-03-07,6.29,21.16,16.67,26.38,nasa,0.89
2000-03-08,4.72,19.02,14.86,25.04,nasa,0.89
2000-03-09,2.88,18.09,13.15,24.22,nasa,0.89
2000-03-10,9.05,17.9,14.1,23.26,nasa,0.89
2000-03-11,19.81,19.25,15.7,24.87,nasa,0.91
2000-03-12,8.69,18.35,13.92,23.8,nasa,0.92
2000-03-13,1.83,18.57,14.34,24.95,nasa,0.91
2000-03-14,0.15,18.7,13.54,25.0,nasa,0.9
2000-03-15,0.54,19.24,14.68,24.18,nasa,0.9
2000-03-16,6.06,19.64,16.96,23.27,nasa,0.9
2000-03-17,15.14,20.36,17.83,24.85,nasa,0.91
2000-03-18,29.3,20.98,18.08,25.42,nasa,0.93
2000-03-19,13.28,19.83,16.44,24.12,nasa,0.94
2000-03-20,8.72,19.3,15.47,24.6,nasa,0.94
2000-03-21,4.04,19.94,15.16,25.67,nasa,0.94
2000-03-22,3.59,20.14,16.2,25.63,nasa,0.93
2000-03-23,1.5,19.81,17.13,24.17,nasa,0.93
2000-03-24,1.18,21.31,16.57,26.93,nasa,0.93
2000-03-25,8.12,20.82,17.41,25.44,nasa,0.93
2000-03-26,1.68,20.19,16.49,25.12,nasa,0.93
2000-03-27,1.06,20.52,17.01,24.71,nasa,0.92
2000-03-28,10.85,20.9,16.19,25.93,nasa,0.92
2000-03-29,19.95,19.15,15.22,24.57,nasa,0.94
2000-03-30,7.43,17.92,14.84,22.44,nasa,0.95
2000-03-31,4.53,19.49,15.33,24.7,nasa,0.94
2000-04-01,3.45,19.47,16.08,23.98,nasa,0.94
2000-04-02,4.66,19.09,15.48,24.58,nasa,0.94
2000-04-03,1.9,17.49,13.74,23.38,nasa,0.94
2000-04-04,0.1,16.31,12.01,22.64,nasa,0.93
2000-04-05,0.01,17.15,11.97,23.59,nasa,0.92
2000-04-06,0.14,18.2,13.29,24.4,nasa,0.92
2000-04-07,0.06,18.37,13.86,24.42,nasa,0.91
2000-04-08,0.05,18.89,13.97,25.25,nasa,0.91
2000-04-09,0.03,19.53,14.41,26.36,nasa,0.9
2000-04-10,0.04,19.59,14.1,25.67,nasa,0.9
2000-04-11,1.59,20.02,13.3,25.84,nasa,0.89
2000-04-12,2.01,20.0,15.41,25.59,nasa,0.89
2000-04-13,1.92,19.95,15.27,25.61,nasa,0.89
2000-04-14,1.54,20.73,16.52,26.87,nasa,0.88
2000-04-15,0.49,19.73,14.83,26.01,nasa,0.88
2000-04-16,0.17,19.14,14.88,24.91,nasa,0.88
2000-04-17,0.15,18.88,14.03,24.84,nasa,0.87
2000-04-18,3.17,19.23,14.8,24.72,nasa,0.87
2000-04-19,12.03,19.75,16.06,24.6,nasa,0.87
2000-04-20,0.33,19.48,14.13,25.27,nasa,0.88
2000-04-21,0.0,15.28,10.93,21.5,nasa,0.87
2000-04-22,0.04,15.02,9.59,22.09,nasa,0.86
2000-04-23,0.02,15.98,10.13,22.97,nasa,0.86
2000-04-24,0.0,16.86,11.84,23.97,nasa,0.86
2000-04-25,0.0,16.18,10.4,23.93,nasa,0.85
2000-04-26,0.0,15.49,9.29,23.39,nasa,0.85
2000-04-27,0.0,15.26,8.51,22.9,nasa,0.84
2000-04-28,0.0,16.22,9.44,23.12,nasa,0.84
2000-04-29,0.01,16.9,10.53,24.14,nasa,0.83
2000-04-30,1.94,17.95,12.65,24.29,nasa,0.83
2000-05-01,1.74,18.44,14.43,24.4,nasa,0.83
2000-05-02,0.83,19.32,14.95,24.61,nasa,0.83
2000-05-03,1.25,19.25,13.82,25.49,nasa,0.82
2000-05-04,0.17,18.97,14.79,24.57,nasa,0.82
2000-05-05,0.01,17.38,11.67,24.27,nasa,0.82
2000-05-06,0.88,17.44,11.28,24.08,nasa,0.82
2000-05-07,0.22,18.16,14.53,23.74,nasa,0.81
2000-05-08,0.85,17.36,12.95,22.81,nasa,0.81
2000-05-09,0.08,16.64,12.6,22.58,nasa,0.81
2000-05-10,0.14,14.01,10.59,19.93,nasa,0.8
2000-05-11,0.22,13.02,9.35,18.42,nasa,0.8
2000-05-12,0.12,13.61,9.27,19.85,nasa,0.8
2000-05-13,0.06,14.64,9.65,21.42,nasa,0.79
2000-05-14,0.07,15.38,9.2,22.17,nasa,0.79
2000-05-15,0.0,15.05,9.45,21.82,nasa,0.79
2000-05-16,0.0,15.77,10.3,23.05,nasa,0.79
2000-05-17,0.0,16.49,11.93,22.67,nasa,0.78
2000-05-18,0.02,13.39,7.98,19.56,nasa,0.78
2000-05-19,1.45,12.81,6.95,19.56,nasa,0.78
2000-05-20,0.25,14.07,9.97,19.93,nasa,0.78
2000-05-21,0.05,14.19,10.72,19.66,nasa,0.77
2000-05-22,0.01,14.37,10.11,20.34,nasa,0.77
2000-05-23,0.0,14.26,9.27,21.17,nasa,0.77
2000-05-24,0.02,14.04,8.95,21.41,nasa,0.77
2000-05-25,0.0,12.92,6.58,20.79,nasa,0.76
2000-05-26,0.14,13.88,7.61,21.03,nasa,0.76
2000-05-27,2.4,16.01,11.12,22.57,nasa,0.76
2000-05-28,2.07,14.39,8.14,21.16,nasa,0.76
2000-05-29,0.09,11.94,6.58,19.86,nasa,0.76
2000-05-30,0.03,12.38,5.41,20.97,nasa,0.76
2000-05-31,0.1,14.24,7.59,21.43,nasa,0.75
2000-06-01,1.55,15.23,11.21,21.36,nasa,0.75
2000-06-02,0.14,14.19,10.76,19.92,nasa,0.75
2000-06-03,0.07,15.25,11.16,21.92,nasa,0.75
2000-06-04,0.02,14.96,10.53,21.54,nasa,0.75
2000-06-05,0.0,13.63,8.87,20.89,nasa,0.74
2000-06-06,0.0,13.89,8.11,21.06,nasa,0.74
2000-06-07,0.0,13.96,7.11,21.36,nasa,0.74
2000-06-08,0.0,14.13,7.19,21.65,nasa,0.74
2000-06-09,0.0,15.48,10.84,22.54,nasa,0.73
2000-06-10,0.0,14.41,8.6,22.26,nasa,0.73
2000-06-11,0.0,14.57,7.62,21.43,nasa,0.73
2000-06-12,0.0,16.4,12.18,21.53,nasa,0.73
2000-06-13,0.0,16.33,10.75,23.56,nasa,0.72
2000-06-14,0.02,16.04,10.12,23.81,nasa,0.72
2000-06-15,0.07,15.46,10.45,23.32,nasa,0.72
2000-06-16,0.0,15.02,9.1,22.52,nasa,0.72
2000-06-17,0.0,14.7,7.61,22.25,nasa,0.71
2000-06-18,0.0,15.73,8.14,23.08,nasa,0.71
2000-06-19,0.0,16.5,9.87,23.63,nasa,0.71
2000-06-20,0.04,17.62,13.7,23.74,nasa,0.71
2000-06-21,0.22,14.18,8.83,19.77,nasa,0.71
2000-06-22,0.01,11.12,6.23,19.68,nasa,0.71
2000-06-23,0.02,12.58,4.76,22.02,nasa,0.7
2000-06-24,0.0,12.26,5.18,21.82,nasa,0.7
2000-06-25,0.0,14.13,6.51,23.12,nasa,0.7
2000-06-26,0.0,17.27,10.44,24.9,nasa,0.7
2000-06-27,0.0,17.43,12.71,24.55,nasa,0.69
2000-06-28,0.02,16.04,11.28,24.12,nasa,0.69
2000-06-29,0.0,14.82,8.55,23.06,nasa,0.69
2000-06-30,0.0,15.85,10.3,23.18,nasa,0.69
2000-07-01,0.0,16.19,11.14,24.05,nasa,0.68
2000-07-02,0.01,15.81,11.08,23.11,nasa,0.68
2000-07-03,0.57,16.33,12.55,21.63,nasa,0.68
2000-07-04,1.96,13.89,11.29,18.89,nasa,0.68
2000-07-05,0.5,14.68,10.31,21.57,nasa,0.68
2000-07-06,0.03,14.95,10.55,22.26,nasa,0.68
2000-07-07,0.0,15.44,10.59,22.53,nasa,0.68
2000-07-08,0.0,15.69,7.57,23.31,nasa,0.68
2000-07-09,0.0,16.0,8.62,23.99,nasa,0.67
2000-07-10,0.0,15.42,8.95,24.15,nasa,0.67
2000-07-11,0.0,16.02,9.92,24.27,nasa,0.67
2000-07-12,0.32,16.62,11.48,23.77,nasa,0.67
2000-07-13,0.38,13.48,11.04,17.1,nasa,0.67
2000-07-14,1.19,13.38,9.15,19.71,nasa,0.67
2000-07-15,14.6,14.67,9.14,22.68,nasa,0.68
2000-07-16,5.03,13.04,5.14,18.5,nasa,0.7
2000-07-17,0.17,7.49,2.36,15.52,nasa,0.69
2000-07-18,0.62,9.11,0.56,18.45,nasa,0.69
2000-07-19,0.15,11.8,4.98,20.82,nasa,0.69
2000-07-20,0.02,10.59,5.38,17.29,nasa,0.68
2000-07-21,0.49,12.65,4.34,22.32,nasa,0.68
2000-07-22,5.74,16.58,9.86,24.51,nasa,0.69
2000-07-23,5.83,15.76,10.73,22.42,nasa,0.69
2000-07-24,6.12,12.1,8.01,19.47,nasa,0.7
2000-07-25,0.33,13.89,7.83,21.27,nasa,0.7
2000-07-26,0.13,14.9,10.65,22.16,nasa,0.69
2000-07-27,0.05,14.0,9.46,21.71,nasa,0.69
2000-07-28,0.01,13.95,8.17,22.53,nasa,0.69
2000-07-29,0.0,13.32,5.32,22.05,nasa,0.68
2000-07-30,0.0,13.67,5.12,22.63,nasa,0.68
2000-07-31,0.01,14.89,7.23,24.78,nasa,0.67
2000-08-01,0.02,15.03,8.63,23.38,nasa,0.67
2000-08-02,0.38,16.64,10.68,23.79,nasa,0.67
2000-08-03,3.64,16.0,10.73,23.12,nasa,0.67
2000-08-04,3.8,13.81,8.09,20.05,nasa,0.68
2000-08-05,0.19,11.96,5.14,21.32,nasa,0.68
2000-08-06,0.05,13.21,5.98,22.07,nasa,0.67
2000-08-07,0.04,17.52,11.56,24.11,nasa,0.67
2000-08-08,0.0,18.83,12.09,26.02,nasa,0.67
2000-08-09,0.02,18.81,10.58,26.03,nasa,0.66
2000-08-10,0.24,18.44,12.73,26.33,nasa,0.66
2000-08-11,0.69,13.56,8.11,19.36,nasa,0.66
2000-08-12,0.25,9.63,4.9,17.33,nasa,0.66
2000-08-13,0.06,11.53,6.1,20.73,nasa,0.66
2000-08-14,0.0,14.01,6.46,24.35,nasa,0.66
2000-08-15,0.15,16.08,6.94,25.78,nasa,0.65
2000-08-16,2.61,17.45,12.21,25.13,nasa,0.66
2000-08-17,11.94,15.87,11.3,21.98,nasa,0.67
2000-08-18,2.88,16.11,11.11,22.78,nasa,0.68
2000-08-19,0.17,16.72,10.42,24.88,nasa,0.67
2000-08-20,0.01,17.49,11.34,25.86,nasa,0.67
2000-08-21,0.01,17.47,10.24,26.32,nasa,0.66
2000-08-22,0.1,17.0,8.84,26.29,nasa,0.66
2000-08-23,0.0,18.5,10.14,26.76,nasa,0.66
2000-08-24,0.0,20.23,13.09,27.86,nasa,0.65
2000-08-25,0.0,19.97,12.45,28.95,nasa,0.65
2000-08-26,0.65,21.63,13.09,30.62,nasa,0.65
2000-08-27,1.65,21.36,14.38,30.35,nasa,0.64
2000-08-28,10.01,20.54,14.16,28.4,nasa,0.65
2000-08-29,0.7,16.88,12.17,24.07,nasa,0.66
2000-08-30,0.1,17.59,12.27,25.26,nasa,0.66
2000-08-31,4.1,18.46,12.84,25.54,nasa,0.65
2000-09-01,13.15,19.91,15.69,27.42,nasa,0.66
2000-09-02,29.51,17.43,13.6,23.29,nasa,0.71
2000-09-03,9.25,14.73,11.22,18.78,nasa,0.73
2000-09-04,3.69,13.26,10.0,18.47,nasa,0.72
2000-09-05,1.75,13.05,9.39,18.12,nasa,0.71
2000-09-06,11.52,13.95,10.53,18.77,nasa,0.72
2000-09-07,1.74,14.31,10.16,20.83,nasa,0.72
2000-09-08,1.41,15.95,10.55,23.36,nasa,0.72
2000-09-09,2.36,16.6,12.43,22.85,nasa,0.71
2000-09-10,0.46,18.27,12.9,25.16,nasa,0.71
2000-09-11,0.49,19.34,14.32,26.22,nasa,0.7
2000-09-12,3.95,19.46,14.93,26.16,nasa,0.7
2000-09-13,1.45,19.0,14.9,24.27,nasa,0.7
2000-09-14,2.52,20.59,16.56,25.68,nasa,0.7
2000-09-15,7.59,20.49,15.66,26.6,nasa,0.71
2000-09-16,9.22,19.45,15.87,24.74,nasa,0.72
2000-09-17,2.15,18.46,13.45,25.76,nasa,0.72
2000-09-18,0.36,18.71,12.79,26.85,nasa,0.71
2000-09-19,0.04,19.39,13.54,27.72,nasa,0.71
2000-09-20,0.05,20.15,13.55,28.27,nasa,0.7
2000-09-21,0.04,19.65,12.99,27.99,nasa,0.69
2000-09-22,0.1,20.6,13.58,28.49,nasa,0.69
2000-09-23,0.17,20.08,12.87,28.2,nasa,0.68
2000-09-24,0.02,20.89,15.1,28.43,nasa,0.68
2000-09-25,2.38,16.95,11.04,24.33,nasa,0.68
2000-09-26,3.51,12.49,9.73,16.9,nasa,0.68
2000-09-27,0.62,13.68,9.38,18.5,nasa,0.68
2000-09-28,0.16,17.54,11.54,24.98,nasa,0.68
2000-09-29,2.08,18.46,11.63,26.5,nasa,0.68
2000-09-30,3.5,18.93,11.92,26.55,nasa,0.68
2000-10-01,3.76,18.15,13.63,24.04,nasa,0.68
2000-10-02,0.32,20.2,12.47,28.85,nasa,0.68
2000-10-03,0.45,22.13,13.23,29.97,nasa,0.68
2000-10-04,3.71,23.55,17.83,31.57,nasa,0.67
2000-10-05,8.3,21.73,17.1,27.98,nasa,0.68
2000-10-06,2.14,20.69,15.78,26.21,nasa,0.69
2000-10-07,0.44,20.05,13.24,29.13,nasa,0.68
2000-10-08,0.34,19.76,13.35,28.15,nasa,0.68
2000-10-09,0.04,20.89,13.31,29.26,nasa,0.67
2000-10-10,1.05,22.71,14.16,31.14,nasa,0.67
2000-10-11,0.16,23.56,16.05,31.88,nasa,0.66
2000-10-12,0.01,23.95,14.15,32.76,nasa,0.66
2000-10-13,0.03,24.1,15.23,33.21,nasa,0.65
2000-10-14,0.07,23.88,15.34,34.21,nasa,0.65
2000-10-15,0.49,23.11,16.27,32.19,nasa,0.65
2000-10-16,1.13,22.75,16.26,31.36,nasa,0.64
2000-10-17,3.14,22.97,16.34,31.13,nasa,0.64
2000-10-18,3.01,23.45,16.5,31.95,nasa,0.65
2000-10-19,1.38,24.14,18.03,31.91,nasa,0.65
2000-10-20,3.16,23.59,17.94,31.17,nasa,0.65
2000-10-21,4.18,21.61,17.66,27.49,nasa,0.65
2000-10-22,1.77,23.12,15.61,31.11,nasa,0.65
2000-10-23,4.57,23.94,17.16,31.68,nasa,0.65
2000-10-24,1.53,23.24,16.26,31.27,nasa,0.65
2000-10-25,3.68,22.71,18.07,29.47,nasa,0.65
2000-10-26,1.73,23.26,16.73,31.54,nasa,0.65
2000-10-27,0.59,22.58,14.7,31.57,nasa,0.65
2000-10-28,14.5,21.31,15.25,29.02,nasa,0.66
2000-10-29,3.55,16.69,12.67,22.14,nasa,0.67
2000-10-30,0.17,17.26,12.35,23.57,nasa,0.67
2000-10-31,0.02,20.31,12.43,29.2,nasa,0.66
2000-11-01,0.06,20.54,16.21,27.27,nasa,0.66
2000-11-02,0.32,21.61,14.99,28.97,nasa,0.65
2000-11-03,5.04,21.98,15.4,30.05,nasa,0.65
2000-11-04,4.52,21.12,16.91,28.02,nasa,0.66
2000-11-05,1.19,20.35,16.45,25.37,nasa,0.66
2000-11-06,2.17,19.83,16.87,25.04,nasa,0.66
2000-11-07,4.19,19.05,14.81,24.1,nasa,0.66
2000-11-08,0.83,19.15,13.12,27.66,nasa,0.66
2000-11-09,0.29,20.4,12.4,30.07,nasa,0.65
2000-11-10,2.51,21.33,14.03,30.41,nasa,0.65
2000-11-11,5.89,21.85,17.18,27.77,nasa,0.65
2000-11-12,6.81,21.69,16.73,28.16,nasa,0.66
2000-11-13,8.71,21.1,18.35,25.85,nasa,0.67
2000-11-14,23.27,20.98,16.29,26.97,nasa,0.69
2000-11-15,2.42,18.3,13.29,25.67,nasa,0.7
2000-11-16,2.2,18.83,11.25,27.11,nasa,0.69
2000-11-17,8.7,19.36,14.44,25.88,nasa,0.69
2000-11-18,40.23,18.24,15.4,21.0,nasa,0.72
2000-11-19,16.49,17.14,14.71,20.46,nasa,0.76
2000-11-20,3.81,19.55,14.22,24.83,nasa,0.76
2000-11-21,34.47,20.83,15.71,25.66,nasa,0.77
2000-11-22,3.29,20.22,16.8,24.22,nasa,0.79
2000-11-23,10.31,20.03,16.84,23.72,nasa,0.78
2000-11-24,1.4,21.13,17.53,27.01,nasa,0.78
2000-11-25,8.87,21.2,16.85,26.46,nasa,0.77
2000-11-26,6.94,18.96,16.18,22.32,nasa,0.77
2000-11-27,6.22,19.11,15.28,23.74,nasa,0.78
2000-11-28,9.32,19.55,15.73,23.97,nasa,0.78
2000-11-29,9.64,20.22,16.0,25.36,nasa,0.79
2000-11-30,10.98,21.01,17.43,26.38,nasa,0.79
2000-12-01,6.27,19.91,14.99,26.68,nasa,0.79
2000-12-02,2.88,19.58,13.68,26.09,nasa,0.79
2000-12-03,8.64,21.47,16.3,26.83,nasa,0.78
2000-12-04,18.9,21.4,17.4,25.57,nasa,0.8
2000-12-05,12.37,21.67,16.18,27.81,nasa,0.81
2000-12-06,3.11,19.6,15.4,26.63,nasa,0.81
2000-12-07,0.34,20.11,13.35,27.14,nasa,0.8
2000-12-08,0.19,20.95,14.67,28.34,nasa,0.79
2000-12-09,2.16,22.09,15.79,28.49,nasa,0.78
2000-12-10,8.07,21.05,16.6,26.32,nasa,0.78
2000-12-11,1.43,20.78,14.84,27.99,nasa,0.78
2000-12-12,3.13,21.93,15.99,28.94,nasa,0.77
2000-12-13,3.71,21.16,17.87,25.57,nasa,0.77
2000-12-14,1.82,20.9,17.64,25.93,nasa,0.77
2000-12-15,0.61,20.08,17.32,23.46,nasa,0.77
2000-12-16,8.56,21.78,17.93,27.11,nasa,0.76
2000-12-17,20.98,18.15,14.52,21.28,nasa,0.79
2000-12-18,25.8,16.43,14.18,19.44,nasa,0.82
2000-12-19,20.61,19.05,14.54,24.22,nasa,0.84
2000-12-20,1.96,20.63,15.99,27.02,nasa,0.83
2000-12-21,2.58,21.05,14.37,27.78,nasa,0.82
2000-12-22,3.25,22.34,16.26,28.78,nasa,0.81
2000-12-23,13.71,22.97,18.26,28.08,nasa,0.81
2000-12-24,17.14,21.87,18.38,26.57,nasa,0.83
2000-12-25,11.35,21.3,18.15,26.41,nasa,0.84
2000-12-26,10.96,21.61,17.74,26.28,nasa,0.84
2000-12-27,15.03,19.95,16.93,24.2,nasa,0.85
2000-12-28,7.82,20.02,15.87,24.62,nasa,0.85
2000-12-29,6.4,20.47,17.92,23.76,nasa,0.85
2000-12-30,10.2,21.6,18.26,26.33,nasa,0.86
2000-12-31,13.33,21.34,17.52,25.79,nasa,0.86
2001-01-01,4.43,20.02,15.97,26.3,nasa,0.86
2001-01-02,3.21,19.61,14.77,25.78,nasa,0.86
2001-01-03,17.45,20.66,15.86,26.54,nasa,0.86
2001-01-04,5.66,20.15,17.71,23.75,nasa,0.87
2001-01-05,1.83,22.42,16.49,28.26,nasa,0.86
2001-01-06,1.0,22.62,16.85,28.91,nasa,0.86
2001-01-07,0.73,22.22,16.07,29.38,nasa,0.85
2001-01-08,2.76,22.1,17.66,27.35,nasa,0.84
2001-01-09,6.46,21.7,16.64,27.7,nasa,0.84
2001-01-10,3.93,20.85,16.63,26.5,nasa,0.84
2001-01-11,1.76,20.54,15.14,26.09,nasa,0.84
2001-01-12,2.27,21.25,16.43,26.73,nasa,0.83
2001-01-13,4.11,21.03,16.37,26.64,nasa,0.83
2001-01-14,2.3,20.13,15.82,25.62,nasa,0.83
2001-01-15,0.4,20.72,14.97,27.07,nasa,0.82
2001-01-16,0.21,21.3,16.0,27.82,nasa,0.82
2001-01-17,0.14,21.42,15.7,27.87,nasa,0.81
2001-01-18,0.6,21.82,15.6,28.3,nasa,0.8
2001-01-19,7.92,22.58,17.42,28.67,nasa,0.8
2001-01-20,6.41,21.35,17.65,26.4,nasa,0.81
2001-01-21,12.33,19.65,14.92,25.9,nasa,0.81
2001-01-22,7.97,19.84,15.84,24.87,nasa,0.82
2001-01-23,11.7,20.17,17.96,23.94,nasa,0.83
2001-01-24,9.76,21.5,17.14,26.36,nasa,0.84
2001-01-25,4.63,21.19,18.4,25.96,nasa,0.84
2001-01-26,1.7,20.48,17.92,23.57,nasa,0.83
2001-01-27,9.38,22.01,16.96,25.61,nasa,0.83
2001-01-28,7.09,21.65,17.88,25.89,nasa,0.84
2001-01-29,5.12,23.22,18.75,29.26,nasa,0.84
2001-01-30,9.88,22.54,18.68,27.42,nasa,0.84
2001-01-31,4.99,22.42,18.85,26.43,nasa,0.84
2001-02-01,3.15,22.22,18.2,26.4,nasa,0.84
2001-02-02,3.4,23.14,18.12,28.5,nasa,0.83
2001-02-03,2.97,22.89,18.7,26.22,nasa,0.83
2001-02-04,6.24,23.44,20.21,27.56,nasa,0.83
2001-02-05,18.34,22.45,19.82,26.42,nasa,0.85
2001-02-06,5.87,21.41,18.56,25.63,nasa,0.85
2001-02-07,7.76,22.2,16.36,28.68,nasa,0.85
2001-02-08,10.67,21.68,18.86,25.35,nasa,0.85
2001-02-09,6.4,19.78,17.69,23.13,nasa,0.86
2001-02-10,9.67,21.26,17.46,26.53,nasa,0.86
2001-02-11,5.12,22.83,16.98,28.05,nasa,0.86
2001-02-12,6.53,21.47,15.98,27.13,nasa,0.86
2001-02-13,5.08,21.34,17.96,25.74,nasa,0.86
2001-02-14,3.91,20.79,16.7,26.29,nasa,0.85
2001-02-15,1.98,21.26,16.0,26.7,nasa,0.85
2001-02-16,24.25,22.36,16.29,27.5,nasa,0.86
2001-02-17,3.94,20.75,17.99,24.4,nasa,0.87
2001-02-18,0.78,22.18,16.65,28.5,nasa,0.86
2001-02-19,0.33,22.03,14.9,29.16,nasa,0.85
2001-02-20,0.31,21.87,16.03,28.16,nasa,0.84
2001-02-21,0.1,21.96,16.63,28.36,nasa,0.84
2001-02-22,0.4,20.74,16.45,26.97,nasa,0.83
2001-02-23,2.33,21.8,15.84,27.64,nasa,0.83
2001-02-24,1.29,21.42,16.73,26.03,nasa,0.83
2001-02-25,1.68,21.75,16.03,27.97,nasa,0.82
2001-02-26,0.79,21.83,16.84,28.43,nasa,0.82
2001-02-27,0.42,20.43,15.87,27.37,nasa,0.81
2001-02-28,1.16,20.22,15.29,26.68,nasa,0.8
2001-03-01,0.38,19.94,15.03,26.3,nasa,0.8
2001-03-02,0.27,20.32,14.68,27.37,nasa,0.79
2001-03-03,4.59,19.67,15.07,24.63,nasa,0.79
2001-03-04,2.23,20.67,13.93,27.27,nasa,0.79
2001-03-05,9.51,19.93,16.93,24.32,nasa,0.79
2001-03-06,2.56,20.01,16.02,25.74,nasa,0.8
2001-03-07,8.38,20.95,17.91,25.14,nasa,0.8
2001-03-08,6.06,21.38,18.19,25.99,nasa,0.81
2001-03-09,9.07,20.64,17.68,25.52,nasa,0.81
2001-03-10,11.5,18.96,16.68,21.42,nasa,0.82
2001-03-11,16.49,21.44,16.35,26.76,nasa,0.83
2001-03-12,5.99,20.11,16.61,24.51,nasa,0.84
2001-03-13,0.54,20.4,15.65,26.72,nasa,0.83
2001-03-14,0.79,20.99,15.79,26.26,nasa,0.82
2001-03-15,0.09,21.85,16.39,28.46,nasa,0.82
2001-03-16,0.1,21.89,15.14,27.89,nasa,0.81
2001-03-17,1.87,21.98,15.48,28.17,nasa,0.8
2001-03-18,3.74,20.59,18.08,24.96,nasa,0.8
2001-03-19,4.73,21.2,18.64,25.52,nasa,0.81
2001-03-20,10.57,21.46,16.27,27.15,nasa,0.81
2001-03-21,1.45,21.44,16.57,27.66,nasa,0.82
2001-03-22,0.33,21.72,15.48,27.02,nasa,0.81
2001-03-23,0.71,22.04,14.67,27.99,nasa,0.8
2001-03-24,1.04,21.88,17.55,27.11,nasa,0.79
2001-03-25,3.59,21.7,17.86,26.93,nasa,0.79
2001-03-26,6.09,20.95,15.89,25.4,nasa,0.79
2001-03-27,10.5,21.45,17.89,26.02,nasa,0.8
2001-03-28,24.29,21.07,16.15,25.88,nasa,0.82
2001-03-29,15.23,19.96,17.13,24.55,nasa,0.84
2001-03-30,12.05,18.25,16.33,21.25,nasa,0.85
2001-03-31,1.52,19.44,15.81,24.3,nasa,0.85
2001-04-01,1.74,19.91,16.91,23.92,nasa,0.84
2001-04-02,1.33,19.88,15.28,25.3,nasa,0.83
2001-04-03,3.65,20.21,15.45,25.73,nasa,0.83
2001-04-04,3.19,20.53,15.9,26.33,nasa,0.83
2001-04-05,1.05,20.84,17.33,26.08,nasa,0.83
2001-04-06,4.04,21.67,16.61,26.99,nasa,0.82
2001-04-07,1.0,20.91,16.96,26.95,nasa,0.82
2001-04-08,1.19,20.62,15.03,27.11,nasa,0.81
2001-04-09,0.3,20.51,16.81,25.29,nasa,0.81
2001-04-10,1.42,20.81,17.37,24.63,nasa,0.81
2001-04-11,2.38,22.71,18.92,28.19,nasa,0.8
2001-04-12,1.54,18.84,13.38,24.57,nasa,0.8
2001-04-13,0.34,16.17,11.2,23.3,nasa,0.8
2001-04-14,0.08,16.42,10.89,23.4,nasa,0.79
2001-04-15,0.28,17.76,13.1,23.51,nasa,0.79
2001-04-16,2.41,18.45,14.09,23.72,nasa,0.78
2001-04-17,0.25,18.14,13.98,24.37,nasa,0.78
2001-04-18,0.1,17.85,11.87,25.28,nasa,0.78
2001-04-19,0.05,19.23,13.23,25.21,nasa,0.77
2001-04-20,0.0,19.79,13.84,25.35,nasa,0.77
2001-04-21,0.11,21.42,16.32,26.72,nasa,0.76
2001-04-22,1.21,20.51,14.84,26.39,nasa,0.76
2001-04-23,0.02,20.98,15.5,27.78,nasa,0.76
2001-04-24,0.0,20.1,14.02,27.24,nasa,0.75
2001-04-25,0.0,19.82,14.45,26.83,nasa,0.75
2001-04-26,0.0,19.01,12.7,25.53,nasa,0.74
2001-04-27,0.62,19.83,13.77,26.61,nasa,0.74
2001-04-28,0.0,19.68,12.89,26.87,nasa,0.73
2001-04-29,0.01,19.27,13.99,26.82,nasa,0.73
2001-04-30,0.01,17.9,12.41,25.01,nasa,0.73
2001-05-01,0.0,19.28,13.95,26.1,nasa,0.72
2001-05-02,0.04,20.88,15.69,27.29,nasa,0.72
2001-05-03,0.05,20.08,13.37,27.44,nasa,0.72
2001-05-04,0.22,18.5,11.95,26.59,nasa,0.71
2001-05-05,0.55,16.39,7.76,23.11,nasa,0.71
2001-05-06,0.0,12.23,6.15,20.64,nasa,0.71
2001-05-07,0.06,13.39,7.57,21.48,nasa,0.71
2001-05-08,0.24,14.26,9.08,22.38,nasa,0.71
2001-05-09,0.02,16.8,9.96,24.66,nasa,0.71
2001-05-10,0.08,18.94,12.16,26.27,nasa,0.7
2001-05-11,3.97,19.55,14.89,25.86,nasa,0.7
2001-05-12,12.81,18.77,14.46,24.52,nasa,0.71
2001-05-13,5.7,17.56,14.53,21.67,nasa,0.73
2001-05-14,1.72,14.82,11.52,20.05,nasa,0.73
2001-05-15,3.32,14.72,10.77,19.65,nasa,0.73
2001-05-16,17.37,15.12,13.3,17.65,nasa,0.74
2001-05-17,0.93,17.49,12.38,23.33,nasa,0.75
2001-05-18,0.0,11.74,7.08,18.96,nasa,0.74
2001-05-19,0.12,12.26,5.77,20.74,nasa,0.73
2001-05-20,0.25,13.74,8.75,21.72,nasa,0.73
2001-05-21,0.08,14.09,9.45,21.38,nasa,0.73
2001-05-22,0.99,14.93,9.35,21.22,nasa,0.72
2001-05-23,0.28,16.94,13.2,23.08,nasa,0.72
2001-05-24,3.28,16.07,12.9,21.59,nasa,0.72
2001-05-25,1.38,16.04,11.75,22.22,nasa,0.72
2001-05-26,0.64,16.97,12.23,23.16,nasa,0.72
2001-05-27,1.42,16.09,13.81,19.95,nasa,0.72
2001-05-28,0.97,17.6,12.19,23.3,nasa,0.72
2001-05-29,2.58,17.98,12.77,23.54,nasa,0.72
2001-05-30,0.08,18.02,13.36,24.68,nasa,0.72
2001-05-31,0.04,17.91,12.87,24.76,nasa,0.71
2001-06-01,0.01,17.94,12.96,24.98,nasa,0.71
2001-06-02,0.0,17.53,12.09,25.26,nasa,0.7
2001-06-03,0.02,17.98,11.59,25.67,nasa,0.7
2001-06-04,0.01,19.15,14.62,26.25,nasa,0.7
2001-06-05,0.0,17.48,12.4,23.65,nasa,0.7
2001-06-06,0.0,18.22,11.87,24.9,nasa,0.69
2001-06-07,0.02,18.24,12.78,25.68,nasa,0.69
2001-06-08,0.03,17.65,12.62,24.75,nasa,0.69
2001-06-09,0.0,17.18,11.47,23.97,nasa,0.69
2001-06-10,0.31,16.19,9.09,23.8,nasa,0.68
2001-06-11,0.24,15.84,11.55,22.57,nasa,0.68
2001-06-12,0.09,15.71,10.55,23.0,nasa,0.68
2001-06-13,0.31,16.15,11.07,23.29,nasa,0.68
2001-06-14,0.0,16.26,9.06,23.72,nasa,0.68
2001-06-15,0.0,17.56,10.1,24.62,nasa,0.68
2001-06-16,0.0,16.89,10.66,25.06,nasa,0.67
2001-06-17,0.01,17.62,10.1,25.67,nasa,0.67
2001-06-18,0.63,16.2,11.68,23.14,nasa,0.67
2001-06-19,0.06,15.95,11.15,21.49,nasa,0.67
2001-06-20,0.0,15.91,11.6,21.32,nasa,0.67
2001-06-21,0.0,11.06,6.83,17.25,nasa,0.67
2001-06-22,0.02,13.92,7.51,21.69,nasa,0.67
2001-06-23,0.02,16.46,11.22,23.33,nasa,0.67
2001-06-24,0.02,17.25,12.23,24.21,nasa,0.67
2001-06-25,0.35,17.35,12.36,25.12,nasa,0.67
2001-06-26,0.95,16.84,12.26,24.64,nasa,0.66
2001-06-27,1.1,12.92,6.68,20.06,nasa,0.66
2001-06-28,0.04,11.81,4.41,20.44,nasa,0.66
2001-06-29,0.0,14.22,8.22,22.24,nasa,0.66
2001-06-30,0.0,14.99,9.96,23.17,nasa,0.66
2001-07-01,0.0,15.14,9.79,24.12,nasa,0.66
2001-07-02,0.0,15.35,8.41,24.73,nasa,0.66
2001-07-03,0.0,16.5,9.55,26.91,nasa,0.66
2001-07-04,0.0,16.78,8.09,26.51,nasa,0.65
2001-07-05,0.01,17.19,10.41,27.12,nasa,0.65
2001-07-06,0.01,14.9,8.97,24.16,nasa,0.65
2001-07-07,0.01,15.72,9.73,24.28,nasa,0.65
2001-07-08,0.0,16.26,10.71,24.78,nasa,0.65
2001-07-09,0.0,16.14,9.52,23.82,nasa,0.64
2001-07-10,0.0,16.91,9.28,24.67,nasa,0.64
2001-07-11,0.0,15.62,8.64,24.45,nasa,0.64
2001-07-12,0.51,15.96,10.64,24.62,nasa,0.64
2001-07-13,0.55,12.13,8.91,17.26,nasa,0.64
2001-07-14,0.06,14.49,9.12,22.85,nasa,0.64
2001-07-15,0.0,15.62,7.34,24.13,nasa,0.64
2001-07-16,0.0,16.29,8.63,25.09,nasa,0.64
2001-07-17,0.01,16.3,7.57,24.94,nasa,0.64
2001-07-18,0.03,16.12,8.27,25.36,nasa,0.63
2001-07-19,0.07,18.25,11.14,26.52,nasa,0.63
2001-07-20,1.44,18.1,11.52,27.14,nasa,0.63
2001-07-21,0.38,19.1,11.22,27.91,nasa,0.63
2001-07-22,1.13,17.48,11.98,26.38,nasa,0.63
2001-07-23,1.44,14.62,11.23,19.99,nasa,0.63
2001-07-24,2.53,17.23,11.73,25.05,nasa,0.63
2001-07-25,0.55,18.26,13.13,25.64,nasa,0.63
2001-07-26,0.08,18.92,11.74,27.05,nasa,0.63
2001-07-27,1.14,18.39,10.93,27.12,nasa,0.63
2001-07-28,3.32,12.89,8.3,18.57,nasa,0.63
2001-07-29,0.28,11.41,6.81,17.94,nasa,0.64
2001-07-30,0.01,15.6,9.41,25.15,nasa,0.63
2001-07-31,0.0,16.13,9.51,25.6,nasa,0.63
2001-08-01,0.0,16.02,8.77,26.33,nasa,0.63
2001-08-02,0.0,15.91,8.07,26.53,nasa,0.63
2001-08-03,0.0,16.76,10.32,26.1,nasa,0.63
2001-08-04,0.0,16.95,11.25,27.21,nasa,0.62
2001-08-05,0.0,16.2,8.01,27.51,nasa,0.62
2001-08-06,0.06,16.63,9.97,27.52,nasa,0.62
2001-08-07,0.02,16.38,8.71,27.36,nasa,0.62
2001-08-08,0.01,15.78,7.67,26.56,nasa,0.62
2001-08-09,0.0,15.68,8.32,25.47,nasa,0.62
2001-08-10,0.0,16.26,8.63,25.09,nasa,0.62
2001-08-11,0.29,16.65,10.72,24.11,nasa,0.62
2001-08-12,0.12,16.3,11.26,24.09,nasa,0.62
2001-08-13,0.0,16.43,10.95,25.19,nasa,0.62
2001-08-14,0.0,15.56,8.66,25.35,nasa,0.61
2001-08-15,0.0,15.34,8.14,25.07,nasa,0.61
2001-08-16,0.0,15.46,8.9,25.11,nasa,0.61
2001-08-17,0.0,15.98,9.15,25.23,nasa,0.61
2001-08-18,0.19,17.67,11.86,25.9,nasa,0.61
2001-08-19,0.3,18.31,12.7,27.52,nasa,0.61
2001-08-20,0.0,17.91,10.25,28.42,nasa,0.61
2001-08-21,0.38,17.3,9.58,24.62,nasa,0.61
2001-08-22,1.43,18.42,10.65,27.14,nasa,0.61
2001-08-23,4.61,18.96,13.63,26.8,nasa,0.61
2001-08-24,1.71,18.43,13.55,25.48,nasa,0.62
2001-08-25,0.21,19.68,13.22,26.56,nasa,0.62
2001-08-26,0.96,20.94,14.1,29.56,nasa,0.62
2001-08-27,7.16,20.56,13.58,28.57,nasa,0.62
2001-08-28,8.26,20.44,15.49,27.3,nasa,0.63
2001-08-29,13.2,18.92,14.31,25.68,nasa,0.65
2001-08-30,0.83,19.33,13.84,26.28,nasa,0.65
2001-08-31,1.83,19.79,13.14,27.87,nasa,0.65
2001-09-01,0.79,19.56,13.08,27.64,nasa,0.64
2001-09-02,0.0,19.89,12.79,27.28,nasa,0.64
2001-09-03,0.0,20.04,12.17,27.35,nasa,0.64
2001-09-04,0.0,19.58,11.27,28.72,nasa,0.63
2001-09-05,0.09,18.59,11.9,27.76,nasa,0.63
2001-09-06,1.61,17.95,12.59,25.84,nasa,0.63
2001-09-07,0.91,16.78,11.33,24.75,nasa,0.63
2001-09-08,0.01,18.04,9.17,28.25,nasa,0.62
2001-09-09,0.0,20.25,13.5,30.22,nasa,0.62
2001-09-10,0.01,20.77,11.06,31.58,nasa,0.62
2001-09-11,0.52,19.94,12.82,28.55,nasa,0.62
2001-09-12,0.31,16.9,10.27,26.66,nasa,0.62
2001-09-13,2.65,19.19,11.4,28.8,nasa,0.62
2001-09-14,14.5,17.82,15.39,20.35,nasa,0.64
2001-09-15,10.34,19.59,15.69,26.19,nasa,0.65
2001-09-16,2.98,17.19,8.92,25.04,nasa,0.66
2001-09-17,0.21,11.4,4.74,19.29,nasa,0.65
2001-09-18,0.2,13.74,8.12,22.48,nasa,0.65
2001-09-19,0.01,14.57,8.15,23.96,nasa,0.64
2001-09-20,0.02,16.82,10.05,25.92,nasa,0.64
2001-09-21,0.18,16.66,10.98,24.12,nasa,0.64
2001-09-22,1.19,15.97,12.06,21.39,nasa,0.63
2001-09-23,2.29,18.0,11.99,26.18,nasa,0.63
2001-09-24,0.33,19.76,13.72,27.46,nasa,0.63
2001-09-25,2.92,21.02,14.35,28.65,nasa,0.63
2001-09-26,3.09,20.69,14.8,28.46,nasa,0.64
2001-09-27,4.57,19.97,15.37,27.58,nasa,0.64
2001-09-28,1.76,18.92,13.62,26.79,nasa,0.64
2001-09-29,0.96,18.23,13.11,25.66,nasa,0.64
2001-09-30,3.52,17.78,12.65,24.27,nasa,0.64
2001-10-01,21.84,19.66,14.5,26.89,nasa,0.66
2001-10-02,22.16,20.42,16.96,26.31,nasa,0.69
2001-10-03,2.85,19.42,14.76,25.23,nasa,0.7
2001-10-04,0.0,19.84,12.18,28.71,nasa,0.68
2001-10-05,0.82,20.41,13.89,29.35,nasa,0.67
2001-10-06,0.73,19.47,12.38,28.94,nasa,0.67
2001-10-07,1.46,18.84,12.86,26.83,nasa,0.66
2001-10-08,8.48,16.86,13.97,21.22,nasa,0.67
2001-10-09,0.67,19.03,13.18,26.75,nasa,0.67
2001-10-10,0.44,19.26,14.87,25.32,nasa,0.67
2001-10-11,1.07,19.41,15.6,23.58,nasa,0.67
2001-10-12,0.74,20.17,13.42,28.63,nasa,0.66
2001-10-13,0.13,20.36,13.61,29.04,nasa,0.66
2001-10-14,0.17,19.46,13.78,26.67,nasa,0.66
2001-10-15,1.18,19.85,13.29,27.64,nasa,0.65
2001-10-16,1.33,19.37,14.1,27.03,nasa,0.65
2001-10-17,8.22,18.19,13.12,24.78,nasa,0.65
2001-10-18,4.29,20.06,15.2,27.13,nasa,0.66
2001-10-19,21.15,18.67,15.23,23.95,nasa,0.68
2001-10-20,19.17,19.38,15.49,25.75,nasa,0.72
2001-10-21,3.64,20.35,13.41,27.98,nasa,0.71
2001-10-22,9.4,19.36,15.25,24.54,nasa,0.71
2001-10-23,1.16,19.47,12.92,27.37,nasa,0.71
2001-10-24,0.43,19.09,13.09,27.0,nasa,0.7
2001-10-25,0.08,18.88,12.66,27.49,nasa,0.69
2001-10-26,0.03,18.21,11.7,27.34,nasa,0.68
2001-10-27,0.09,18.53,10.06,28.64,nasa,0.67
2001-10-28,0.0,20.13,10.81,30.33,nasa,0.67
2001-10-29,0.03,21.35,12.13,30.63,nasa,0.66
2001-10-30,0.67,21.71,13.82,30.24,nasa,0.66
2001-10-31,3.28,21.79,15.38,29.93,nasa,0.66
2001-11-01,4.05,21.15,14.19,29.76,nasa,0.66
2001-11-02,4.84,19.48,13.79,27.36,nasa,0.66
2001-11-03,18.63,18.12,14.21,24.37,nasa,0.68
2001-11-04,26.16,17.27,13.71,21.46,nasa,0.71
2001-11-05,5.14,19.86,14.69,26.63,nasa,0.73
2001-11-06,0.14,21.15,13.84,29.51,nasa,0.72
2001-11-07,0.39,22.73,15.48,30.36,nasa,0.7
2001-11-08,5.09,22.88,16.65,30.47,nasa,0.7
2001-11-09,2.84,22.35,16.55,30.16,nasa,0.7
2001-11-10,3.71,21.88,15.92,29.02,nasa,0.69
2001-11-11,12.14,21.62,16.75,27.29,nasa,0.7
2001-11-12,12.26,21.33,18.07,26.34,nasa,0.71
2001-11-13,15.56,19.72,17.18,23.39,nasa,0.73
2001-11-14,13.95,19.77,16.27,23.9,nasa,0.75
2001-11-15,3.26,19.97,16.66,24.71,nasa,0.74
2001-11-16,6.52,21.44,16.55,27.44,nasa,0.74
2001-11-17,13.23,20.08,16.79,24.28,nasa,0.74
2001-11-18,2.44,20.35,16.39,25.5,nasa,0.75
2001-11-19,12.71,21.23,16.2,27.17,nasa,0.75
2001-11-20,3.87,19.71,16.95,23.85,nasa,0.76
2001-11-21,3.27,20.96,15.47,27.59,nasa,0.75
2001-11-22,6.87,21.21,15.79,27.27,nasa,0.74
2001-11-23,4.5,20.61,17.41,24.53,nasa,0.75
2001-11-24,2.08,22.69,16.95,29.13,nasa,0.74
2001-11-25,1.2,21.86,16.12,29.08,nasa,0.74
2001-11-26,0.54,20.81,14.47,28.6,nasa,0.73
2001-11-27,5.82,21.92,15.98,28.0,nasa,0.72
2001-11-28,19.99,19.8,17.73,21.81,nasa,0.74
2001-11-29,2.28,20.72,17.04,25.41,nasa,0.76
2001-11-30,21.2,19.67,15.82,23.72,nasa,0.77
2001-12-01,4.85,20.03,13.23,25.19,nasa,0.77
2001-12-02,0.07,17.59,10.52,25.66,nasa,0.76
2001-12-03,0.16,18.72,11.95,26.74,nasa,0.75
2001-12-04,0.25,18.52,12.83,26.25,nasa,0.74
2001-12-05,0.39,20.36,14.29,27.0,nasa,0.73
2001-12-06,9.09,20.71,17.54,25.9,nasa,0.73
2001-12-07,10.5,19.92,17.02,23.73,nasa,0.74
2001-12-08,2.04,21.36,15.94,27.13,nasa,0.75
2001-12-09,2.06,21.46,15.92,27.81,nasa,0.74
2001-12-10,8.49,21.57,16.16,27.5,nasa,0.74
2001-12-11,0.75,21.77,16.64,27.94,nasa,0.74
2001-12-12,1.91,21.5,15.49,28.27,nasa,0.73
2001-12-13,13.71,19.71,17.28,22.38,nasa,0.74
2001-12-14,11.06,19.36,16.79,23.0,nasa,0.76
2001-12-15,33.24,19.87,16.93,23.53,nasa,0.78
2001-12-16,26.81,21.1,17.8,25.73,nasa,0.81
2001-12-17,11.68,22.28,18.25,27.34,nasa,0.83
2001-12-18,4.97,22.5,18.1,27.66,nasa,0.81
2001-12-19,8.84,23.17,17.03,29.59,nasa,0.81
2001-12-20,4.69,21.41,17.1,26.44,nasa,0.8
2001-12-21,5.12,20.72,18.12,23.9,nasa,0.8
2001-12-22,8.37,20.28,18.15,23.18,nasa,0.81
2001-12-23,10.27,21.0,17.06,25.21,nasa,0.81
2001-12-24,13.64,17.71,14.55,21.55,nasa,0.83
2001-12-25,4.35,17.21,13.54,22.22,nasa,0.82
2001-12-26,8.44,17.96,15.04,21.22,nasa,0.82
2001-12-27,12.73,18.95,15.62,22.94,nasa,0.83
2001-12-28,18.66,18.45,16.56,20.92,nasa,0.85
2001-12-29,29.37,18.01,15.24,21.24,nasa,0.87
2001-12-30,22.85,20.32,15.82,25.93,nasa,0.89
2001-12-31,2.7,21.52,15.87,28.37,nasa,0.88
2002-01-01,5.65,21.3,16.21,27.79,nasa,0.87
2002-01-02,4.06,22.07,16.68,28.2,nasa,0.86
2002-01-03,2.22,22.11,16.31,28.54,nasa,0.86
2002-01-04,3.11,21.51,17.47,27.47,nasa,0.85
2002-01-05,11.54,20.46,15.98,26.68,nasa,0.85
2002-01-06,7.99,21.1,16.7,27.0,nasa,0.86
2002-01-07,6.02,21.29,17.56,26.0,nasa,0.86
2002-01-08,8.18,19.24,16.52,22.15,nasa,0.86
2002-01-09,2.25,20.21,16.57,24.35,nasa,0.87
2002-01-10,0.45,19.74,15.71,24.77,nasa,0.86
2002-01-11,1.24,19.31,15.37,23.58,nasa,0.85
2002-01-12,8.31,19.51,16.4,24.0,nasa,0.85
2002-01-13,28.83,19.25,16.87,22.87,nasa,0.87
2002-01-14,21.47,20.11,18.19,22.62,nasa,0.9
2002-01-15,6.14,20.88,16.63,27.28,nasa,0.9
2002-01-16,1.89,19.96,15.28,27.15,nasa,0.89
2002-01-17,0.99,19.14,13.2,27.22,nasa,0.88
2002-01-18,3.56,17.19,14.16,20.98,nasa,0.88
2002-01-19,7.87,18.23,14.4,21.85,nasa,0.88
2002-01-20,5.19,19.78,17.11,23.63,nasa,0.88
2002-01-21,3.27,22.33,15.6,28.18,nasa,0.88
2002-01-22,4.14,22.66,16.47,29.03,nasa,0.88
2002-01-23,7.88,21.98,18.77,25.69,nasa,0.88
2002-01-24,14.34,22.15,16.9,27.14,nasa,0.88
2002-01-25,20.19,22.2,17.07,27.45,nasa,0.9
2002-01-26,9.53,22.92,17.33,29.57,nasa,0.9
2002-01-27,3.8,22.81,19.22,27.52,nasa,0.9
2002-01-28,8.05,22.41,18.43,27.93,nasa,0.9
2002-01-29,19.3,21.85,18.56,25.58,nasa,0.91
2002-01-30,8.02,21.7,18.96,25.29,nasa,0.91
2002-01-31,3.51,22.23,17.89,27.81,nasa,0.91
2002-02-01,12.03,21.88,19.13,24.9,nasa,0.91
2002-02-02,19.31,21.35,17.01,26.08,nasa,0.92
2002-02-03,7.1,18.38,14.55,23.92,nasa,0.93
2002-02-04,0.28,18.83,13.34,25.31,nasa,0.92
2002-02-05,1.32,19.68,13.44,25.86,nasa,0.91
2002-02-06,16.64,20.64,14.51,26.77,nasa,0.91
2002-02-07,10.09,19.72,16.79,23.09,nasa,0.93
2002-02-08,12.64,19.57,17.32,22.45,nasa,0.93
2002-02-09,37.71,19.15,17.37,22.58,nasa,0.95
2002-02-10,14.33,20.62,17.16,25.75,nasa,0.96
2002-02-11,7.17,20.15,17.49,24.62,nasa,0.95
2002-02-12,1.99,20.9,16.87,26.7,nasa,0.95
2002-02-13,1.08,20.92,14.7,27.13,nasa,0.94
2002-02-14,6.05,20.25,16.15,24.94,nasa,0.94
2002-02-15,3.24,20.82,17.39,25.64,nasa,0.94
2002-02-16,10.62,20.79,16.28,26.58,nasa,0.94
2002-02-17,10.78,20.71,16.85,25.6,nasa,0.94
2002-02-18,2.92,17.74,15.53,21.07,nasa,0.94
2002-02-19,2.77,17.71,15.32,21.28,nasa,0.94
2002-02-20,18.59,18.98,16.05,22.8,nasa,0.95
2002-02-21,7.15,20.07,17.85,22.83,nasa,0.96
2002-02-22,10.86,20.47,18.41,24.04,nasa,0.96
2002-02-23,7.5,20.71,18.78,24.0,nasa,0.96
2002-02-24,9.71,21.01,16.45,27.01,nasa,0.96
2002-02-25,0.66,19.11,14.9,25.31,nasa,0.96
2002-02-26,2.1,18.65,14.07,23.36,nasa,0.95
2002-02-27,7.11,18.53,16.54,20.94,nasa,0.95
2002-02-28,0.7,19.29,16.36,23.06,nasa,0.95
2002-03-01,9.41,20.65,16.45,25.5,nasa,0.95
2002-03-02,3.29,21.67,16.7,27.61,nasa,0.95
2002-03-03,6.86,20.87,17.0,25.91,nasa,0.95
2002-03-04,4.61,19.97,14.89,26.42,nasa,0.95
2002-03-05,1.67,21.43,14.6,27.87,nasa,0.94
2002-03-06,2.01,21.52,14.5,27.59,nasa,0.94
2002-03-07,3.4,22.17,16.45,28.32,nasa,0.93
2002-03-08,3.72,22.15,17.6,28.18,nasa,0.93
2002-03-09,0.29,22.4,17.22,29.08,nasa,0.93
2002-03-10,0.04,21.46,16.27,27.86,nasa,0.92
2002-03-11,0.03,21.27,15.95,27.06,nasa,0.91
2002-03-12,0.88,21.76,16.12,27.12,nasa,0.91
2002-03-13,3.63,22.47,17.19,27.58,nasa,0.9
2002-03-14,9.44,20.81,17.99,23.66,nasa,0.91
2002-03-15,6.25,20.46,17.28,25.12,nasa,0.91
2002-03-16,6.66,21.02,15.73,26.85,nasa,0.91
2002-03-17,3.93,21.98,17.13,27.77,nasa,0.91
2002-03-18,7.15,22.35,18.57,27.27,nasa,0.91
2002-03-19,9.76,22.5,18.18,26.99,nasa,0.91
2002-03-20,5.69,21.14,18.87,24.64,nasa,0.92
2002-03-21,8.77,20.17,16.44,24.04,nasa,0.92
2002-03-22,1.0,18.91,15.51,24.42,nasa,0.92
2002-03-23,0.98,19.4,14.23,25.63,nasa,0.91
2002-03-24,10.69,19.27,16.59,22.85,nasa,0.91
2002-03-25,8.27,19.26,17.61,21.56,nasa,0.92
2002-03-26,5.91,21.34,17.1,27.29,nasa,0.92
2002-03-27,13.5,20.31,17.5,24.91,nasa,0.93
2002-03-28,0.61,21.06,17.15,26.91,nasa,0.93
2002-03-29,0.02,21.03,16.41,26.81,nasa,0.92
2002-03-30,0.0,20.07,14.24,26.12,nasa,0.91
2002-03-31,0.0,21.72,15.53,27.53,nasa,0.91
2002-04-01,0.0,21.32,15.59,27.67,nasa,0.9
2002-04-02,0.44,20.88,14.02,27.63,nasa,0.89
2002-04-03,8.13,21.14,17.21,26.78,nasa,0.89
2002-04-04,4.1,20.18,16.07,25.84,nasa,0.9
2002-04-05,0.97,18.94,14.59,25.33,nasa,0.89
2002-04-06,3.1,19.21,14.43,24.99,nasa,0.89
2002-04-07,7.88,18.21,15.21,22.02,nasa,0.89
2002-04-08,2.01,19.29,14.52,25.26,nasa,0.89
2002-04-09,0.91,18.96,13.96,24.93,nasa,0.89
2002-04-10,0.12,19.13,14.75,24.95,nasa,0.88
2002-04-11,0.05,19.95,14.62,25.52,nasa,0.88
2002-04-12,0.01,20.77,16.45,27.15,nasa,0.87
2002-04-13,0.31,19.55,14.64,26.34,nasa,0.86
2002-04-14,0.6,19.97,15.18,26.21,nasa,0.86
2002-04-15,0.33,19.5,14.59,25.8,nasa,0.86
2002-04-16,0.05,19.64,14.45,26.58,nasa,0.85
2002-04-17,0.0,20.1,14.07,25.92,nasa,0.85
2002-04-18,0.06,21.45,16.75,27.98,nasa,0.84
2002-04-19,0.03,19.3,14.34,26.28,nasa,0.84
2002-04-20,0.04,19.59,13.04,25.72,nasa,0.83
2002-04-21,0.39,20.99,16.23,26.96,nasa,0.83
2002-04-22,0.4,19.73,16.15,25.37,nasa,0.83
2002-04-23,0.0,19.2,14.84,25.03,nasa,0.82
2002-04-24,0.0,19.07,11.99,25.79,nasa,0.82
2002-04-25,0.0,19.17,12.0,25.95,nasa,0.81
2002-04-26,0.05,20.94,15.31,26.75,nasa,0.81
2002-04-27,1.79,19.96,15.96,26.22,nasa,0.8
2002-04-28,1.65,19.32,15.37,25.03,nasa,0.8
2002-04-29,0.06,19.02,15.11,24.99,nasa,0.8
2002-04-30,0.25,19.56,14.41,25.77,nasa,0.8
2002-05-01,3.56,20.41,15.61,26.21,nasa,0.79
2002-05-02,2.73,20.13,15.69,25.65,nasa,0.8
2002-05-03,0.75,19.81,14.71,25.82,nasa,0.79
2002-05-04,2.05,19.74,16.51,24.33,nasa,0.79
2002-05-05,1.32,19.39,14.95,24.94,nasa,0.79
2002-05-06,6.71,19.46,16.29,22.97,nasa,0.79
2002-05-07,1.08,19.93,15.83,24.64,nasa,0.8
2002-05-08,1.74,19.41,14.35,24.73,nasa,0.79
2002-05-09,7.98,18.19,15.13,22.81,nasa,0.79
2002-05-10,0.76,18.18,13.61,24.64,nasa,0.8
2002-05-11,0.42,18.38,13.73,24.98,nasa,0.79
2002-05-12,0.0,18.29,13.72,24.56,nasa,0.79
2002-05-13,0.02,19.05,14.27,25.0,nasa,0.78
2002-05-14,0.0,18.1,13.31,24.87,nasa,0.78
2002-05-15,0.0,18.23,13.68,24.18,nasa,0.77
2002-05-16,0.01,18.13,12.71,23.85,nasa,0.77
2002-05-17,0.03,17.8,13.28,24.39,nasa,0.77
2002-05-18,0.21,17.91,12.35,24.16,nasa,0.76
2002-05-19,5.72,18.63,12.62,24.99,nasa,0.76
2002-05-20,3.74,19.75,15.68,25.2,nasa,0.77
2002-05-21,5.02,17.57,15.19,20.87,nasa,0.77
2002-05-22,3.47,15.67,12.68,20.45,nasa,0.78
2002-05-23,2.98,14.27,11.14,19.38,nasa,0.78
2002-05-24,1.81,12.48,9.36,17.65,nasa,0.78
2002-05-25,0.89,13.1,8.72,19.58,nasa,0.77
2002-05-26,0.01,12.47,7.85,19.35,nasa,0.77
2002-05-27,0.0,12.61,7.05,21.11,nasa,0.77
2002-05-28,0.0,14.21,8.94,21.57,nasa,0.76
2002-05-29,0.0,15.64,10.72,22.11,nasa,0.76
2002-05-30,0.0,16.98,12.08,22.36,nasa,0.75
2002-05-31,0.02,17.24,11.19,23.19,nasa,0.75
2002-06-01,0.03,17.16,12.73,23.86,nasa,0.75
2002-06-02,0.0,16.85,12.69,23.35,nasa,0.75
2002-06-03,0.0,17.15,11.94,23.25,nasa,0.74
2002-06-04,0.0,16.74,11.4,24.28,nasa,0.74
2002-06-05,0.0,16.39,9.76,23.88,nasa,0.74
2002-06-06,0.0,17.89,12.05,23.78,nasa,0.73
2002-06-07,0.0,17.08,12.63,23.6,nasa,0.73
2002-06-08,0.0,17.89,12.12,24.32,nasa,0.73
2002-06-09,0.0,17.63,11.2,24.83,nasa,0.73
2002-06-10,0.0,18.19,13.17,24.87,nasa,0.72
2002-06-11,0.0,18.25,12.89,25.0,nasa,0.72
2002-06-12,0.0,17.75,11.01,24.41,nasa,0.72
2002-06-13,0.0,18.27,11.82,25.55,nasa,0.72
2002-06-14,0.0,17.9,12.86,25.67,nasa,0.71
2002-06-15,0.08,17.87,13.31,24.32,nasa,0.71
2002-06-16,0.04,17.41,12.66,24.19,nasa,0.71
2002-06-17,0.03,16.3,11.17,23.9,nasa,0.71
2002-06-18,0.0,15.52,8.17,22.65,nasa,0.71
2002-06-19,0.0,17.3,13.11,24.12,nasa,0.7
2002-06-20,0.0,16.48,11.56,23.79,nasa,0.7
2002-06-21,0.0,15.27,9.52,22.02,nasa,0.7
2002-06-22,1.2,15.15,9.69,22.1,nasa,0.7
2002-06-23,1.32,13.89,10.75,18.3,nasa,0.7
2002-06-24,0.19,15.1,9.92,22.25,nasa,0.7
2002-06-25,0.39,15.47,11.44,21.33,nasa,0.7
2002-06-26,0.12,15.01,10.08,21.66,nasa,0.7
2002-06-27,0.01,15.91,10.99,23.32,nasa,0.7
2002-06-28,0.0,16.43,11.4,23.06,nasa,0.69
2002-06-29,0.0,16.97,12.5,22.8,nasa,0.69
2002-06-30,0.0,16.79,9.9,24.13,nasa,0.69
2002-07-01,0.0,15.98,10.61,24.25,nasa,0.69
2002-07-02,0.01,15.37,10.07,23.28,nasa,0.68
2002-07-03,0.02,15.82,11.42,23.02,nasa,0.68
2002-07-04,0.0,16.02,10.64,23.42,nasa,0.68
2002-07-05,0.0,15.97,10.94,23.19,nasa,0.68
2002-07-06,0.0,15.24,8.12,23.13,nasa,0.68
2002-07-07,0.0,15.89,9.62,23.45,nasa,0.67
2002-07-08,0.0,13.02,6.82,20.05,nasa,0.67
2002-07-09,0.02,12.62,5.19,22.17,nasa,0.67
2002-07-10,0.71,15.29,10.55,21.22,nasa,0.67
2002-07-11,4.84,16.67,12.14,23.16,nasa,0.67
2002-07-12,5.88,16.3,13.45,21.19,nasa,0.68
2002-07-13,3.45,15.34,11.04,21.32,nasa,0.69
2002-07-14,0.18,14.08,9.65,21.86,nasa,0.69
2002-07-15,0.16,14.16,8.7,22.71,nasa,0.68
2002-07-16,0.0,15.31,8.26,23.35,nasa,0.68
2002-07-17,0.0,14.61,7.91,23.28,nasa,0.67
2002-07-18,0.32,13.72,9.23,20.9,nasa,0.67
2002-07-19,0.17,14.99,9.58,22.36,nasa,0.67
2002-07-20,0.0,15.82,10.42,22.66,nasa,0.67
2002-07-21,0.05,15.01,10.84,21.12,nasa,0.67
2002-07-22,0.26,15.9,10.54,23.87,nasa,0.67
2002-07-23,0.08,16.67,12.51,22.5,nasa,0.66
2002-07-24,0.0,16.27,9.86,26.09,nasa,0.66
2002-07-25,0.11,16.4,8.43,26.31,nasa,0.66
2002-07-26,0.05,16.4,9.73,26.9,nasa,0.66
2002-07-27,0.99,16.71,9.09,24.76,nasa,0.66
2002-07-28,0.69,16.69,11.25,24.47,nasa,0.66
2002-07-29,0.06,14.86,10.23,22.81,nasa,0.65
2002-07-30,0.0,16.29,9.82,25.31,nasa,0.65
2002-07-31,0.0,17.46,9.03,25.91,nasa,0.65
2002-08-01,10.54,18.81,13.44,26.12,nasa,0.65
2002-08-02,12.5,18.15,13.67,25.05,nasa,0.68
2002-08-03,3.24,18.56,14.29,25.96,nasa,0.68
2002-08-04,0.11,19.29,13.69,27.25,nasa,0.68
2002-08-05,0.76,20.41,13.0,27.63,nasa,0.67
2002-08-06,4.21,21.2,16.42,27.74,nasa,0.67
2002-08-07,0.09,20.06,13.43,28.82,nasa,0.67
2002-08-08,0.0,19.44,12.95,28.28,nasa,0.67
2002-08-09,0.04,18.79,12.07,27.06,nasa,0.66
2002-08-10,0.2,19.74,14.53,27.47,nasa,0.66
2002-08-11,0.14,19.43,12.85,27.11,nasa,0.66
2002-08-12,0.0,19.78,13.43,27.66,nasa,0.65
2002-08-13,0.0,19.84,12.63,27.79,nasa,0.65
2002-08-14,0.0,19.98,13.58,27.84,nasa,0.65
2002-08-15,0.03,18.56,12.3,27.55,nasa,0.65
2002-08-16,0.0,18.38,13.12,27.07,nasa,0.64
2002-08-17,0.0,17.93,11.73,26.36,nasa,0.64
2002-08-18,0.0,17.49,11.92,25.96,nasa,0.64
2002-08-19,0.01,18.17,12.78,26.31,nasa,0.64
2002-08-20,0.0,17.25,11.7,26.2,nasa,0.64
2002-08-21,0.0,18.26,9.92,26.92,nasa,0.63
2002-08-22,0.0,18.7,11.49,26.96,nasa,0.63
2002-08-23,0.0,19.84,13.26,28.32,nasa,0.63
2002-08-24,0.56,19.26,11.9,28.36,nasa,0.63
2002-08-25,0.21,18.8,11.02,27.9,nasa,0.63
2002-08-26,1.48,17.53,11.73,24.86,nasa,0.63
2002-08-27,0.05,17.65,12.37,26.2,nasa,0.63
2002-08-28,0.24,18.46,11.9,26.91,nasa,0.63
2002-08-29,0.24,18.86,12.26,27.18,nasa,0.63
2002-08-30,2.62,19.56,13.12,27.18,nasa,0.63
2002-08-31,9.13,18.84,13.26,25.17,nasa,0.63
2002-09-01,5.17,15.3,12.37,17.74,nasa,0.65
2002-09-02,0.56,12.56,5.99,20.05,nasa,0.65
2002-09-03,0.11,13.57,3.12,24.21,nasa,0.65
2002-09-04,0.0,16.33,6.06,27.67,nasa,0.64
2002-09-05,0.15,18.49,11.39,27.05,nasa,0.64
2002-09-06,12.98,19.52,15.88,25.94,nasa,0.65
2002-09-07,1.92,18.46,11.91,26.33,nasa,0.66
2002-09-08,0.54,14.42,9.72,20.74,nasa,0.65
2002-09-09,2.89,17.75,11.97,26.13,nasa,0.65
2002-09-10,0.33,19.02,12.8,27.31,nasa,0.65
2002-09-11,0.02,18.67,13.32,27.31,nasa,0.65
2002-09-12,0.06,17.5,11.26,26.23,nasa,0.64
2002-09-13,0.38,20.33,11.81,29.58,nasa,0.64
2002-09-14,0.3,20.69,15.71,27.78,nasa,0.64
2002-09-15,0.13,19.84,12.89,29.48,nasa,0.63
2002-09-16,0.03,19.36,13.33,27.87,nasa,0.63
2002-09-17,0.0,20.85,11.98,30.65,nasa,0.63
2002-09-18,0.0,21.03,13.63,30.21,nasa,0.62
2002-09-19,0.21,20.62,12.79,30.05,nasa,0.62
2002-09-20,4.13,21.51,14.5,29.29,nasa,0.62
2002-09-21,9.15,19.56,12.95,27.55,nasa,0.64
2002-09-22,2.75,15.02,11.98,19.97,nasa,0.64
2002-09-23,10.26,16.32,11.75,22.11,nasa,0.65
2002-09-24,11.19,14.29,10.49,17.24,nasa,0.67
2002-09-25,1.01,14.99,9.0,22.5,nasa,0.67
2002-09-26,0.01,17.36,9.95,26.97,nasa,0.66
2002-09-27,0.03,18.12,10.33,27.47,nasa,0.66
2002-09-28,0.04,19.11,12.27,27.85,nasa,0.65
2002-09-29,0.1,20.26,11.78,28.77,nasa,0.65
2002-09-30,0.12,20.81,12.65,29.64,nasa,0.64
2002-10-01,6.2,21.12,13.2,31.22,nasa,0.65
2002-10-02,3.12,20.33,14.85,28.49,nasa,0.65
2002-10-03,0.08,20.98,13.19,30.75,nasa,0.65
2002-10-04,0.35,22.16,14.62,31.41,nasa,0.64
2002-10-05,0.41,23.13,14.87,32.07,nasa,0.64
2002-10-06,0.07,22.95,15.48,31.29,nasa,0.64
2002-10-07,0.0,23.12,14.0,32.57,nasa,0.63
2002-10-08,0.17,23.26,13.31,33.8,nasa,0.63
2002-10-09,0.01,23.68,15.39,33.75,nasa,0.62
2002-10-10,0.0,23.54,14.32,34.1,nasa,0.62
2002-10-11,0.0,23.58,13.48,34.97,nasa,0.62
2002-10-12,0.0,24.41,13.96,35.79,nasa,0.61
2002-10-13,0.02,24.33,15.08,35.54,nasa,0.61
2002-10-14,0.05,23.71,14.31,34.88,nasa,0.61
2002-10-15,0.01,23.45,12.58,35.09,nasa,0.61
2002-10-16,0.0,24.4,14.31,35.05,nasa,0.61
2002-10-17,0.07,24.38,16.09,35.14,nasa,0.6
2002-10-18,0.65,22.57,16.9,30.9,nasa,0.6
2002-10-19,0.42,23.41,15.75,32.11,nasa,0.6
2002-10-20,0.97,25.12,15.77,33.82,nasa,0.6
2002-10-21,10.87,25.13,18.51,33.51,nasa,0.61
2002-10-22,2.64,22.42,14.95,31.53,nasa,0.63
2002-10-23,0.78,18.66,13.66,26.0,nasa,0.62
2002-10-24,1.23,21.67,12.84,31.41,nasa,0.62
2002-10-25,7.56,22.66,14.67,32.21,nasa,0.62
2002-10-26,1.24,23.52,17.82,31.11,nasa,0.63
2002-10-27,1.86,23.01,15.15,33.8,nasa,0.63
2002-10-28,16.1,22.97,15.15,32.44,nasa,0.63
2002-10-29,12.43,22.39,17.93,27.95,nasa,0.66
2002-10-30,19.82,20.75,17.58,24.8,nasa,0.69
2002-10-31,15.66,20.43,15.99,26.79,nasa,0.69
2002-11-01,5.76,18.41,15.28,23.54,nasa,0.7
2002-11-02,0.72,20.23,13.9,28.3,nasa,0.69
2002-11-03,1.27,21.4,14.01,29.9,nasa,0.68
2002-11-04,4.65,22.71,15.99,30.81,nasa,0.68
2002-11-05,16.14,20.71,15.12,27.44,nasa,0.69
2002-11-06,5.82,15.45,11.88,19.96,nasa,0.7
2002-11-07,0.78,15.41,11.37,21.74,nasa,0.7
2002-11-08,0.21,17.1,10.24,25.98,nasa,0.69
2002-11-09,0.56,19.33,10.91,28.77,nasa,0.68
2002-11-10,4.02,22.41,15.33,30.17,nasa,0.68
2002-11-11,10.95,20.68,18.1,23.9,nasa,0.68
2002-11-12,4.08,20.65,16.45,26.53,nasa,0.69
2002-11-13,15.2,18.35,14.69,23.82,nasa,0.7
2002-11-14,8.65,19.03,15.78,23.63,nasa,0.72
2002-11-15,9.39,19.72,16.06,25.3,nasa,0.72
2002-11-16,10.71,21.89,17.2,27.26,nasa,0.72
2002-11-17,17.56,22.18,17.84,27.88,nasa,0.74
2002-11-18,11.22,21.58,18.28,26.27,nasa,0.75
2002-11-19,3.48,22.54,18.56,27.98,nasa,0.74
2002-11-20,6.15,22.72,16.49,28.92,nasa,0.74
2002-11-21,5.7,23.94,17.17,31.07,nasa,0.74
2002-11-22,8.36,21.01,17.11,26.47,nasa,0.73
2002-11-23,5.99,20.75,17.33,25.02,nasa,0.74
2002-11-24,7.61,21.04,18.05,25.73,nasa,0.74
2002-11-25,2.61,21.51,17.5,26.7,nasa,0.74
2002-11-26,4.09,20.28,17.69,23.84,nasa,0.74
2002-11-27,5.14,21.04,18.29,26.6,nasa,0.74
2002-11-28,0.6,22.23,15.95,29.0,nasa,0.73
2002-11-29,0.33,22.45,16.81,28.89,nasa,0.73
2002-11-30,2.88,21.9,17.45,26.57,nasa,0.72
2002-12-01,2.99,23.4,17.37,29.71,nasa,0.72
2002-12-02,19.73,22.87,18.45,29.21,nasa,0.73
2002-12-03,7.29,23.01,18.08,29.8,nasa,0.75
2002-12-04,7.31,22.87,17.61,29.0,nasa,0.74
2002-12-05,5.01,23.01,18.79,29.59,nasa,0.74
2002-12-06,9.66,22.85,18.42,28.83,nasa,0.74
2002-12-07,12.24,20.81,18.81,23.31,nasa,0.75
2002-12-08,13.82,21.97,17.39,27.74,nasa,0.76
2002-12-09,9.19,20.58,16.11,27.48,nasa,0.77
2002-12-10,8.02,19.02,15.6,22.92,nasa,0.77
2002-12-11,23.04,19.83,16.18,25.21,nasa,0.78
2002-12-12,35.19,20.07,16.99,23.17,nasa,0.82
2002-12-13,12.88,21.0,18.07,24.52,nasa,0.84
2002-12-14,12.48,20.5,16.48,24.71,nasa,0.84
2002-12-15,8.16,20.08,16.74,24.83,nasa,0.84
2002-12-16,38.7,19.26,17.55,22.17,nasa,0.86
2002-12-17,7.5,21.0,16.7,27.3,nasa,0.86
2002-12-18,1.08,20.43,15.39,27.74,nasa,0.85
2002-12-19,6.09,20.82,14.73,27.23,nasa,0.84
2002-12-20,6.51,22.32,16.97,28.73,nasa,0.84
2002-12-21,9.84,22.67,18.64,28.96,nasa,0.84
2002-12-22,3.22,21.93,18.09,27.28,nasa,0.85
2002-12-23,6.08,22.21,18.36,27.65,nasa,0.84
2002-12-24,5.64,22.95,18.88,28.54,nasa,0.84
2002-12-25,13.3,21.46,17.49,26.8,nasa,0.84
2002-12-26,3.3,19.33,14.27,25.2,nasa,0.85
2002-12-27,0.15,18.3,11.83,26.37,nasa,0.84
2002-12-28,0.85,20.25,12.7,28.28,nasa,0.83
2002-12-29,1.97,21.87,15.76,28.72,nasa,0.82
2002-12-30,4.13,22.47,17.36,28.71,nasa,0.82
2002-12-31,3.8,22.89,18.76,28.86,nasa,0.82
2003-01-01,5.52,24.98,18.49,34.72,nasa,0.81
2003-01-02,8.14,23.53,18.93,29.37,nasa,0.81
2003-01-03,11.43,21.35,19.63,23.73,nasa,0.82
2003-01-04,16.31,21.29,18.98,24.28,nasa,0.84
2003-01-05,23.57,21.57,18.64,25.53,nasa,0.86
2003-01-06,21.7,21.6,17.29,25.92,nasa,0.88
2003-01-07,3.29,19.8,15.06,26.74,nasa,0.88
2003-01-08,0.59,20.56,13.91,27.4,nasa,0.86
2003-01-09,4.46,22.59,16.83,28.89,nasa,0.85
2003-01-10,24.15,24.44,19.98,29.66,nasa,0.86
2003-01-11,11.02,22.7,19.28,27.26,nasa,0.88
2003-01-12,13.07,21.32,18.68,25.28,nasa,0.88
2003-01-13,11.54,20.48,17.97,23.68,nasa,0.89
2003-01-14,10.46,21.23,17.87,25.83,nasa,0.89
2003-01-15,3.71,21.69,17.77,27.08,nasa,0.89
2003-01-16,19.53,22.06,17.61,28.08,nasa,0.89
2003-01-17,29.9,21.53,18.5,25.9,nasa,0.91
2003-01-18,10.81,22.1,18.75,26.9,nasa,0.92
2003-01-19,13.21,21.96,18.78,26.36,nasa,0.92
2003-01-20,9.69,22.62,19.35,27.57,nasa,0.92
2003-01-21,23.44,21.33,19.06,24.9,nasa,0.93
2003-01-22,13.88,21.19,18.32,25.25,nasa,0.94
2003-01-23,7.43,20.85,18.42,24.14,nasa,0.94
2003-01-24,3.58,22.23,17.49,27.45,nasa,0.93
2003-01-25,20.16,21.53,17.23,27.51,nasa,0.94
2003-01-26,17.26,20.94,17.29,25.83,nasa,0.94
2003-01-27,23.18,19.89,17.22,23.39,nasa,0.96
2003-01-28,29.12,19.59,18.11,21.77,nasa,0.97
2003-01-29,26.19,19.82,17.78,23.51,nasa,0.98
2003-01-30,21.74,19.58,16.65,22.67,nasa,0.99
2003-01-31,2.79,20.51,16.58,24.87,nasa,0.99
2003-02-01,0.65,21.67,16.14,28.27,nasa,0.98
2003-02-02,0.24,21.01,15.74,27.5,nasa,0.97
2003-02-03,0.68,21.65,16.71,27.52,nasa,0.97
2003-02-04,8.88,22.19,17.93,26.78,nasa,0.96
2003-02-05,9.85,20.98,18.24,24.27,nasa,0.97
2003-02-06,2.76,21.48,17.31,26.3,nasa,0.97
2003-02-07,0.64,21.04,18.82,24.68,nasa,0.97
2003-02-08,0.01,22.44,17.1,28.14,nasa,0.96
2003-02-09,0.0,23.0,16.46,28.99,nasa,0.95
2003-02-10,0.08,22.71,16.04,29.42,nasa,0.95
2003-02-11,0.3,22.59,15.44,29.31,nasa,0.94
2003-02-12,0.01,22.89,17.38,28.89,nasa,0.93
2003-02-13,0.08,21.37,16.74,25.86,nasa,0.92
2003-02-14,0.88,21.04,16.84,25.52,nasa,0.92
2003-02-15,10.07,19.47,17.03,22.34,nasa,0.92
2003-02-16,2.1,20.19,16.35,25.47,nasa,0.92
2003-02-17,9.97,19.66,17.7,21.7,nasa,0.92
2003-02-18,4.88,21.92,18.06,27.18,nasa,0.92
2003-02-19,7.45,21.6,18.54,25.54,nasa,0.93
2003-02-20,4.54,22.33,17.48,27.88,nasa,0.92
2003-02-21,2.23,22.31,17.57,27.71,nasa,0.92
2003-02-22,0.33,22.2,17.16,28.35,nasa,0.91
2003-02-23,0.04,21.4,16.61,27.84,nasa,0.9
2003-02-24,0.01,21.57,15.42,28.32,nasa,0.9
2003-02-25,0.32,22.7,15.94,29.82,nasa,0.89
2003-02-26,0.61,22.59,17.6,29.42,nasa,0.88
2003-02-27,0.09,22.04,15.75,29.72,nasa,0.88
2003-02-28,0.21,22.33,16.43,29.73,nasa,0.87
2003-03-01,0.78,22.34,16.44,28.55,nasa,0.86
2003-03-02,4.63,22.25,17.16,27.7,nasa,0.86
2003-03-03,3.74,22.54,17.6,28.45,nasa,0.86
2003-03-04,4.88,23.1,17.92,29.84,nasa,0.86
2003-03-05,2.79,21.73,17.63,26.7,nasa,0.86
2003-03-06,4.4,21.29,17.3,25.95,nasa,0.86
2003-03-07,6.57,21.77,16.8,27.5,nasa,0.86
2003-03-08,15.78,19.76,17.13,23.62,nasa,0.87
2003-03-09,10.57,19.25,16.97,23.63,nasa,0.88
2003-03-10,5.46,19.09,16.33,23.2,nasa,0.88
2003-03-11,12.16,19.76,16.68,23.71,nasa,0.88
2003-03-12,14.87,20.7,18.3,24.73,nasa,0.89
2003-03-13,7.74,19.84,17.21,24.05,nasa,0.9
2003-03-14,6.62,20.7,16.88,25.56,nasa,0.9
2003-03-15,7.79,22.05,16.6,28.25,nasa,0.9
2003-03-16,10.48,21.67,18.35,26.14,nasa,0.9
2003-03-17,9.71,20.57,17.57,25.58,nasa,0.91
2003-03-18,7.64,18.79,16.59,22.59,nasa,0.91
2003-03-19,6.02,19.94,15.33,24.96,nasa,0.91
2003-03-20,5.82,20.78,15.95,26.17,nasa,0.91
2003-03-21,10.97,19.84,18.19,22.63,nasa,0.91
2003-03-22,5.83,20.16,15.91,25.88,nasa,0.92
2003-03-23,1.08,19.37,14.81,25.82,nasa,0.91
2003-03-24,0.57,18.88,14.29,24.44,nasa,0.9
2003-03-25,0.88,19.38,14.54,25.64,nasa,0.9
2003-03-26,1.75,18.07,15.04,21.91,nasa,0.9
2003-03-27,2.08,18.55,15.4,23.25,nasa,0.89
2003-03-28,0.73,18.96,14.56,25.06,nasa,0.89
2003-03-29,0.06,18.91,13.73,24.98,nasa,0.89
2003-03-30,0.01,20.11,14.31,26.28,nasa,0.88
2003-03-31,0.04,19.78,13.32,26.25,nasa,0.87
2003-04-01,1.16,19.88,15.45,25.89,nasa,0.87
2003-04-02,0.11,19.16,13.13,26.33,nasa,0.86
2003-04-03,1.09,19.71,15.12,25.77,nasa,0.86
2003-04-04,5.12,19.11,15.67,22.7,nasa,0.86
2003-04-05,0.72,20.74,17.64,25.62,nasa,0.86
2003-04-06,6.57,20.02,16.16,24.95,nasa,0.86
2003-04-07,1.31,18.62,15.22,23.52,nasa,0.86
2003-04-08,1.09,18.94,14.18,24.56,nasa,0.86
2003-04-09,11.47,19.22,15.63,24.43,nasa,0.86
2003-04-10,14.53,18.74,16.2,21.72,nasa,0.87
2003-04-11,2.64,18.48,15.38,22.47,nasa,0.88
2003-04-12,0.52,18.84,14.45,25.21,nasa,0.87
2003-04-13,0.07,16.02,11.68,22.34,nasa,0.86
2003-04-14,0.1,17.12,12.12,23.26,nasa,0.86
2003-04-15,0.35,17.67,13.54,22.77,nasa,0.86
2003-04-16,0.13,18.64,14.69,23.99,nasa,0.85
2003-04-17,0.0,18.09,13.27,24.31,nasa,0.85
2003-04-18,0.02,18.26,12.81,24.89,nasa,0.84
2003-04-19,0.42,19.65,15.02,25.77,nasa,0.84
2003-04-20,2.39,20.32,16.12,25.44,nasa,0.84
2003-04-21,1.35,19.95,15.84,24.9,nasa,0.84
2003-04-22,0.18,19.25,16.16,23.64,nasa,0.83
2003-04-23,0.04,18.31,13.7,24.6,nasa,0.83
2003-04-24,0.03,18.09,12.19,24.65,nasa,0.82
2003-04-25,0.31,19.57,13.92,25.65,nasa,0.82
2003-04-26,0.0,20.01,14.07,26.37,nasa,0.82
2003-04-27,0.0,19.74,12.95,26.75,nasa,0.81
2003-04-28,0.0,19.77,12.94,26.39,nasa,0.8
2003-04-29,0.07,19.93,14.22,26.22,nasa,0.8
2003-04-30,0.03,19.61,14.12,25.75,nasa,0.8
2003-05-01,0.17,19.65,14.82,25.71,nasa,0.79
2003-05-02,8.86,18.23,13.71,24.33,nasa,0.79
2003-05-03,1.1,14.34,10.56,20.75,nasa,0.8
2003-05-04,1.03,13.76,9.22,19.03,nasa,0.8
2003-05-05,12.67,16.19,12.06,21.35,nasa,0.8
2003-05-06,10.79,16.43,12.69,19.98,nasa,0.82
2003-05-07,0.07,12.14,7.43,18.16,nasa,0.82
2003-05-08,0.01,10.56,3.51,18.6,nasa,0.81
2003-05-09,0.02,12.11,5.37,19.89,nasa,0.81
2003-05-10,0.12,14.15,9.23,21.16,nasa,0.8
2003-05-11,0.04,14.19,9.81,20.59,nasa,0.8
2003-05-12,0.03,13.53,9.23,20.58,nasa,0.79
2003-05-13,0.01,14.62,8.61,21.91,nasa,0.79
2003-05-14,0.06,15.94,11.56,22.42,nasa,0.79
2003-05-15,0.06,17.12,12.76,23.49,nasa,0.78
2003-05-16,0.02,17.18,12.15,23.92,nasa,0.78
2003-05-17,0.01,16.32,11.67,22.56,nasa,0.78
2003-05-18,0.0,15.88,10.71,23.18,nasa,0.78
2003-05-19,0.02,15.48,10.0,23.0,nasa,0.77
2003-05-20,0.0,16.0,11.2,21.96,nasa,0.77
2003-05-21,0.01,17.34,12.49,22.97,nasa,0.77
2003-05-22,0.0,17.13,12.31,23.76,nasa,0.76
2003-05-23,2.16,17.49,11.05,24.05,nasa,0.76
2003-05-24,4.35,15.98,8.96,20.86,nasa,0.77
2003-05-25,0.0,11.88,6.53,19.22,nasa,0.77
2003-05-26,0.0,12.37,6.16,18.96,nasa,0.76
2003-05-27,0.0,12.63,4.96,19.91,nasa,0.76
2003-05-28,0.01,14.24,8.44,20.99,nasa,0.76
2003-05-29,0.17,15.62,11.02,21.96,nasa,0.75
2003-05-30,0.01,16.26,11.68,22.67,nasa,0.75
2003-05-31,0.0,15.96,11.55,22.68,nasa,0.75
2003-06-01,0.0,17.13,12.17,23.41,nasa,0.74
2003-06-02,0.0,14.89,8.93,22.53,nasa,0.74
2003-06-03,0.0,16.87,10.48,23.79,nasa,0.74
2003-06-04,0.22,18.44,12.1,25.01,nasa,0.74
2003-06-05,0.48,18.6,14.26,24.46,nasa,0.74
2003-06-06,0.1,19.13,14.71,25.29,nasa,0.73
2003-06-07,0.51,19.26,14.88,25.44,nasa,0.73
2003-06-08,4.05,18.34,14.2,24.35,nasa,0.73
2003-06-09,0.82,17.68,13.72,23.68,nasa,0.73
2003-06-10,0.01,17.98,13.32,24.34,nasa,0.73
2003-06-11,0.0,17.02,10.95,23.33,nasa,0.73
2003-06-12,0.01,17.7,12.57,24.26,nasa,0.72
2003-06-13,0.0,17.12,11.17,24.15,nasa,0.72
2003-06-14,0.02,16.79,12.09,23.79,nasa,0.72
2003-06-15,0.03,16.43,11.05,23.87,nasa,0.72
2003-06-16,0.0,16.6,10.66,24.31,nasa,0.71
2003-06-17,0.0,16.16,9.81,23.19,nasa,0.71
2003-06-18,0.0,16.86,11.25,23.24,nasa,0.71
2003-06-19,0.03,15.83,10.06,22.69,nasa,0.71
2003-06-20,0.17,16.62,11.86,22.65,nasa,0.7
2003-06-21,0.14,14.54,9.37,22.12,nasa,0.7
2003-06-22,0.02,14.09,7.82,21.92,nasa,0.7
2003-06-23,0.0,14.83,7.71,22.95,nasa,0.7
2003-06-24,0.0,16.4,10.22,23.56,nasa,0.7
2003-06-25,0.0,15.01,8.15,23.78,nasa,0.69
2003-06-26,0.09,14.91,8.04,22.77,nasa,0.69
2003-06-27,0.0,14.7,8.95,22.86,nasa,0.69
2003-06-28,0.0,14.47,8.8,22.26,nasa,0.69
2003-06-29,0.01,14.19,9.15,22.27,nasa,0.69
2003-06-30,0.02,13.14,8.94,20.95,nasa,0.68
2003-07-01,0.0,13.53,8.1,21.13,nasa,0.68
2003-07-02,0.0,13.49,7.96,21.24,nasa,0.68
2003-07-03,0.0,12.58,6.18,21.66,nasa,0.68
2003-07-04,0.0,13.53,7.89,21.73,nasa,0.68
2003-07-05,0.0,14.28,8.22,22.15,nasa,0.68
2003-07-06,0.0,14.23,7.31,22.92,nasa,0.67
2003-07-07,0.1,15.09,9.04,23.14,nasa,0.67
2003-07-08,0.04,16.18,9.54,24.78,nasa,0.67
2003-07-09,0.11,16.79,8.21,24.41,nasa,0.67
2003-07-10,0.42,16.35,9.52,24.46,nasa,0.67
2003-07-11,9.05,14.79,10.1,20.84,nasa,0.67
2003-07-12,7.35,10.52,8.49,14.08,nasa,0.69
2003-07-13,1.65,12.07,8.75,17.39,nasa,0.69
2003-07-14,0.26,13.64,10.05,20.1,nasa,0.69
2003-07-15,0.02,13.9,9.2,21.45,nasa,0.69
2003-07-16,0.0,14.6,8.95,22.69,nasa,0.68
2003-07-17,0.0,15.2,9.48,22.86,nasa,0.68
2003-07-18,0.0,16.18,10.63,23.61,nasa,0.68
2003-07-19,0.0,15.15,7.81,23.15,nasa,0.67
2003-07-20,0.0,17.5,11.97,24.9,nasa,0.67
2003-07-21,0.0,16.3,7.13,24.62,nasa,0.67
2003-07-22,0.0,16.57,10.01,26.27,nasa,0.67
2003-07-23,0.0,16.06,8.37,24.61,nasa,0.66
2003-07-24,0.0,16.53,9.56,24.68,nasa,0.66
2003-07-25,0.01,16.41,9.23,24.94,nasa,0.66
2003-07-26,0.04,16.11,10.99,23.75,nasa,0.66
2003-07-27,0.16,15.43,11.31,22.25,nasa,0.66
2003-07-28,0.12,15.86,10.66,23.21,nasa,0.65
2003-07-29,0.01,16.9,11.61,23.3,nasa,0.65
2003-07-30,0.0,17.24,10.74,24.22,nasa,0.65
2003-07-31,0.0,16.44,10.49,23.62,nasa,0.65
2003-08-01,0.02,16.48,10.52,24.34,nasa,0.65
2003-08-02,0.01,16.65,10.91,24.97,nasa,0.65
2003-08-03,0.0,16.06,10.82,24.75,nasa,0.65
2003-08-04,0.0,15.99,9.62,24.02,nasa,0.65
2003-08-05,0.0,15.77,8.04,24.13,nasa,0.64
2003-08-06,0.0,19.26,12.15,27.37,nasa,0.64
2003-08-07,0.01,19.1,13.74,26.02,nasa,0.64
2003-08-08,2.01,18.54,13.02,25.92,nasa,0.64
2003-08-09,2.22,18.05,14.82,24.31,nasa,0.64
2003-08-10,1.67,14.18,10.88,19.46,nasa,0.65
2003-08-11,0.26,13.76,9.05,21.78,nasa,0.65
2003-08-12,0.07,14.68,8.89,23.4,nasa,0.64
2003-08-13,0.02,16.06,9.21,25.83,nasa,0.64
2003-08-14,0.0,16.52,8.28,26.16,nasa,0.64
2003-08-15,1.3,17.1,9.72,25.75,nasa,0.64
2003-08-16,0.95,16.3,11.43,23.6,nasa,0.64
2003-08-17,0.24,12.75,6.64,21.09,nasa,0.64
2003-08-18,0.07,12.76,4.16,23.75,nasa,0.64
2003-08-19,0.0,14.77,7.29,25.7,nasa,0.63
2003-08-20,0.05,15.96,6.57,27.2,nasa,0.63
2003-08-21,0.24,16.7,7.57,28.31,nasa,0.63
2003-08-22,0.0,17.46,7.72,28.21,nasa,0.63
2003-08-23,0.01,18.87,9.63,29.31,nasa,0.63
2003-08-24,0.19,18.26,10.33,28.2,nasa,0.62
2003-08-25,7.01,18.3,11.48,28.45,nasa,0.62
2003-08-26,3.59,13.63,10.86,17.32,nasa,0.64
2003-08-27,0.66,15.72,9.17,24.19,nasa,0.64
2003-08-28,4.74,15.07,11.32,21.22,nasa,0.64
2003-08-29,2.66,13.67,10.2,19.74,nasa,0.65
2003-08-30,1.93,15.04,10.11,21.36,nasa,0.65
2003-08-31,0.62,17.52,11.82,25.06,nasa,0.65
2003-09-01,1.33,18.52,12.6,27.5,nasa,0.64
2003-09-02,0.26,17.64,11.32,26.96,nasa,0.64
2003-09-03,0.24,16.31,11.48,24.24,nasa,0.64
2003-09-04,0.05,16.96,10.46,26.41,nasa,0.64
2003-09-05,0.0,16.64,8.32,26.92,nasa,0.63
2003-09-06,0.0,17.45,8.73,27.56,nasa,0.63
2003-09-07,0.01,18.03,10.26,26.93,nasa,0.63
2003-09-08,0.11,18.75,10.71,27.86,nasa,0.62
2003-09-09,0.04,19.59,11.59,28.71,nasa,0.62
2003-09-10,0.73,20.78,13.08,29.48,nasa,0.62
2003-09-11,1.37,16.85,11.22,22.5,nasa,0.62
2003-09-12,2.17,17.36,10.22,26.25,nasa,0.62
2003-09-13,5.22,17.58,14.21,21.68,nasa,0.63
2003-09-14,1.76,15.85,11.88,22.77,nasa,0.63
2003-09-15,1.16,17.59,10.95,26.4,nasa,0.63
2003-09-16,4.23,18.71,12.74,26.95,nasa,0.63
2003-09-17,1.1,17.58,11.71,25.94,nasa,0.64
2003-09-18,0.32,17.48,11.87,25.13,nasa,0.63
2003-09-19,0.06,19.14,11.8,28.65,nasa,0.63
2003-09-20,0.0,20.3,10.93,30.76,nasa,0.63
2003-09-21,0.0,20.84,12.39,31.42,nasa,0.62
2003-09-22,0.0,20.96,11.38,31.68,nasa,0.62
2003-09-23,0.0,21.86,11.83,32.38,nasa,0.62
2003-09-24,0.01,23.46,14.25,33.99,nasa,0.61
2003-09-25,0.44,22.47,13.73,33.61,nasa,0.61
2003-09-26,1.87,22.46,15.16,32.1,nasa,0.61
2003-09-27,0.45,21.11,15.74,28.67,nasa,0.61
2003-09-28,3.1,21.25,17.04,26.79,nasa,0.61
2003-09-29,3.93,21.19,16.31,29.67,nasa,0.62
2003-09-30,0.8,19.53,13.42,28.25,nasa,0.62
2003-10-01,0.26,19.7,12.86,28.22,nasa,0.62
2003-10-02,0.04,21.19,13.38,30.13,nasa,0.62
2003-10-03,0.01,22.5,14.19,32.45,nasa,0.61
2003-10-04,0.06,22.5,15.19,31.25,nasa,0.61
2003-10-05,0.05,22.91,14.18,32.2,nasa,0.61
2003-10-06,3.08,22.02,17.89,26.57,nasa,0.61
2003-10-07,17.8,21.54,16.41,29.47,nasa,0.62
2003-10-08,10.59,18.94,16.28,22.99,nasa,0.65
2003-10-09,9.31,20.44,15.32,27.01,nasa,0.66
2003-10-10,4.48,20.44,16.45,26.28,nasa,0.66
2003-10-11,17.42,17.19,12.13,23.23,nasa,0.68
2003-10-12,3.39,16.08,11.64,23.23,nasa,0.69
2003-10-13,1.07,17.09,11.85,25.09,nasa,0.68
2003-10-14,1.09,16.24,11.68,23.52,nasa,0.67
2003-10-15,0.47,15.64,11.16,23.17,nasa,0.66
2003-10-16,0.17,15.87,9.65,25.33,nasa,0.66
2003-10-17,0.17,16.73,6.67,29.13,nasa,0.65
2003-10-18,0.07,19.3,7.53,30.1,nasa,0.65
2003-10-19,0.2,21.51,11.94,31.79,nasa,0.64
2003-10-20,0.02,23.75,17.8,32.02,nasa,0.64
2003-10-21,1.97,23.08,16.06,32.71,nasa,0.64
2003-10-22,14.94,21.08,17.14,27.16,nasa,0.65
2003-10-23,20.77,18.28,15.08,22.64,nasa,0.68
2003-10-24,1.05,19.85,13.86,27.17,nasa,0.69
2003-10-25,0.19,21.14,13.61,29.13,nasa,0.68
2003-10-26,0.21,22.77,15.34,30.49,nasa,0.67
2003-10-27,6.3,22.09,16.41,28.68,nasa,0.67
2003-10-28,3.62,21.43,15.84,28.64,nasa,0.67
2003-10-29,8.31,19.72,16.22,24.32,nasa,0.67
2003-10-30,5.87,19.88,15.87,26.32,nasa,0.68
2003-10-31,4.42,21.16,14.96,28.28,nasa,0.68
2003-11-01,6.75,21.61,15.97,27.57,nasa,0.68
2003-11-02,6.13,18.28,12.84,22.4,nasa,0.69
2003-11-03,2.0,15.21,10.35,21.96,nasa,0.69
2003-11-04,0.49,15.68,9.18,24.27,nasa,0.68
2003-11-05,3.13,16.64,10.21,25.0,nasa,0.68
2003-11-06,17.59,15.6,11.87,19.45,nasa,0.69
2003-11-07,13.49,17.84,14.67,22.64,nasa,0.71
2003-11-08,0.56,19.76,13.02,27.16,nasa,0.71
2003-11-09,0.51,20.78,12.95,29.16,nasa,0.7
2003-11-10,0.36,22.31,14.6,31.3,nasa,0.69
2003-11-11,0.96,21.99,14.8,30.26,nasa,0.68
2003-11-12,2.04,23.47,16.86,30.94,nasa,0.68
2003-11-13,5.32,21.44,17.95,25.98,nasa,0.68
2003-11-14,2.38,20.56,15.5,28.26,nasa,0.68
2003-11-15,1.23,19.76,14.1,26.59,nasa,0.68
2003-11-16,5.12,19.85,16.4,24.64,nasa,0.68
2003-11-17,9.11,20.02,17.01,24.58,nasa,0.69
2003-11-18,2.75,20.31,16.79,25.59,nasa,0.69
2003-11-19,10.64,20.47,15.26,26.14,nasa,0.7
2003-11-20,5.77,20.06,16.89,24.54,nasa,0.7
2003-11-21,6.83,18.77,14.88,24.99,nasa,0.71
2003-11-22,0.91,19.62,14.32,25.98,nasa,0.71
2003-11-23,1.42,19.26,15.4,23.67,nasa,0.7
2003-11-24,2.59,20.74,15.54,26.2,nasa,0.7
2003-11-25,6.68,21.52,14.91,28.43,nasa,0.7
2003-11-26,6.27,21.76,17.26,27.4,nasa,0.7
2003-11-27,6.42,21.67,17.81,27.23,nasa,0.71
2003-11-28,14.49,21.2,17.83,25.38,nasa,0.71
2003-11-29,18.52,20.25,15.94,26.26,nasa,0.74
2003-11-30,23.7,19.69,17.05,23.19,nasa,0.76
2003-12-01,16.76,20.88,18.36,24.98,nasa,0.78
2003-12-02,7.89,22.05,17.26,27.63,nasa,0.78
2003-12-03,12.89,23.02,17.84,29.04,nasa,0.78
2003-12-04,25.07,20.7,18.23,23.03,nasa,0.8
2003-12-05,9.64,21.06,18.43,24.81,nasa,0.81
2003-12-06,10.35,21.6,16.89,26.79,nasa,0.81
2003-12-07,3.96,18.05,15.01,22.07,nasa,0.8
2003-12-08,7.51,20.68,15.83,26.77,nasa,0.8
2003-12-09,5.46,20.32,17.01,24.26,nasa,0.8
2003-12-10,7.43,22.05,17.77,26.87,nasa,0.8
2003-12-11,3.61,21.96,17.36,27.52,nasa,0.8
2003-12-12,3.98,22.08,17.85,27.05,nasa,0.79
2003-12-13,3.3,22.3,16.99,28.55,nasa,0.79
2003-12-14,5.96,21.56,17.22,26.94,nasa,0.79
2003-12-15,0.41,23.3,18.88,28.07,nasa,0.79
2003-12-16,1.78,23.54,16.6,30.44,nasa,0.78
2003-12-17,3.75,21.23,15.52,27.31,nasa,0.77
2003-12-18,2.2,18.54,14.63,23.76,nasa,0.77
2003-12-19,0.66,19.71,15.07,25.91,nasa,0.77
2003-12-20,6.59,21.08,15.64,26.54,nasa,0.76
2003-12-21,15.88,21.21,16.96,25.68,nasa,0.78
2003-12-22,2.77,20.73,17.01,25.17,nasa,0.79
2003-12-23,10.12,21.51,17.09,26.84,nasa,0.78
2003-12-24,2.96,19.32,14.71,26.16,nasa,0.79
2003-12-25,2.99,19.49,14.11,26.82,nasa,0.78
2003-12-26,5.28,20.44,14.89,26.46,nasa,0.77
2003-12-27,2.88,19.42,16.2,24.1,nasa,0.77
2003-12-28,7.96,20.18,15.17,25.58,nasa,0.78
2003-12-29,6.57,21.1,16.24,26.01,nasa,0.78
2003-12-30,6.18,20.8,16.68,25.88,nasa,0.78
2003-12-31,4.2,20.62,17.16,23.97,nasa,0.78
2004-01-01,15.54,21.4,16.82,27.53,nasa,0.78
2004-01-02,8.91,18.96,15.34,24.74,nasa,0.8
2004-01-03,3.63,18.54,14.74,24.78,nasa,0.79
2004-01-04,2.47,18.75,13.52,25.31,nasa,0.79
2004-01-05,0.81,20.47,15.06,26.82,nasa,0.78
2004-01-06,5.32,20.99,16.36,26.18,nasa,0.78
2004-01-07,7.58,20.28,16.61,25.83,nasa,0.78
2004-01-08,19.25,19.72,16.97,23.92,nasa,0.79
2004-01-09,39.3,19.36,17.6,22.29,nasa,0.83
2004-01-10,4.01,21.61,17.25,27.44,nasa,0.85
2004-01-11,1.64,22.75,16.11,28.83,nasa,0.83
2004-01-12,10.61,22.85,17.33,29.61,nasa,0.82
2004-01-13,12.53,22.03,17.54,28.12,nasa,0.83
2004-01-14,13.58,20.98,17.0,25.22,nasa,0.84
2004-01-15,9.19,22.61,18.61,29.02,nasa,0.84
2004-01-16,4.1,21.0,16.54,27.68,nasa,0.84
2004-01-17,0.77,19.24,14.09,26.74,nasa,0.83
2004-01-18,0.38,18.98,13.02,26.95,nasa,0.82
2004-01-19,0.26,19.8,12.98,27.92,nasa,0.81
2004-01-20,0.49,19.45,13.39,26.49,nasa,0.8
2004-01-21,0.8,19.95,14.18,25.93,nasa,0.79
2004-01-22,2.3,20.71,16.3,26.07,nasa,0.79
2004-01-23,6.62,20.37,17.06,24.69,nasa,0.79
2004-01-24,2.77,19.98,16.95,24.15,nasa,0.8
2004-01-25,1.47,19.44,17.18,22.87,nasa,0.8
2004-01-26,2.04,18.69,16.31,21.22,nasa,0.8
2004-01-27,0.62,20.62,16.39,25.73,nasa,0.79
2004-01-28,0.2,21.51,16.66,26.62,nasa,0.79
2004-01-29,1.39,21.5,17.85,26.58,nasa,0.78
2004-01-30,1.07,21.88,17.01,28.2,nasa,0.77
2004-01-31,4.31,21.69,16.09,28.75,nasa,0.77
2004-02-01,4.45,21.33,16.91,26.91,nasa,0.77
2004-02-02,9.39,21.22,17.65,26.12,nasa,0.77
2004-02-03,10.19,21.49,16.7,27.4,nasa,0.78
2004-02-04,8.42,21.98,18.39,27.11,nasa,0.79
2004-02-05,6.77,22.31,17.81,27.97,nasa,0.79
2004-02-06,21.73,20.93,16.1,24.72,nasa,0.8
2004-02-07,6.71,18.35,14.48,24.65,nasa,0.82
2004-02-08,2.87,17.68,13.2,23.75,nasa,0.81
2004-02-09,1.41,17.73,13.1,23.61,nasa,0.8
2004-02-10,4.21,17.79,13.9,22.15,nasa,0.8
2004-02-11,3.22,18.79,14.53,24.48,nasa,0.8
2004-02-12,10.31,18.71,14.71,24.15,nasa,0.8
2004-02-13,5.93,19.73,13.97,25.69,nasa,0.8
2004-02-14,25.11,19.46,15.83,24.52,nasa,0.81
2004-02-15,20.54,20.54,17.64,25.13,nasa,0.84
2004-02-16,5.89,21.86,17.54,27.52,nasa,0.84
2004-02-17,3.93,20.34,15.54,25.17,nasa,0.83
2004-02-18,2.06,22.06,15.28,28.74,nasa,0.83
2004-02-19,12.93,20.9,18.61,24.15,nasa,0.83
2004-02-20,22.67,21.33,17.68,27.0,nasa,0.85
2004-02-21,24.3,19.82,17.52,23.86,nasa,0.87
2004-02-22,25.7,19.82,17.29,23.59,nasa,0.89
2004-02-23,30.67,19.78,17.19,22.98,nasa,0.91
2004-02-24,32.76,19.32,16.28,23.7,nasa,0.92
2004-02-25,13.88,19.91,16.2,24.85,nasa,0.93
2004-02-26,21.31,20.27,15.3,25.58,nasa,0.94
2004-02-27,5.31,20.72,15.31,26.45,nasa,0.93
2004-02-28,4.91,18.13,14.75,22.5,nasa,0.92
2004-02-29,2.57,19.53,13.51,25.16,nasa,0.92
2004-03-01,1.97,20.77,14.75,26.94,nasa,0.91
2004-03-02,2.68,21.56,16.05,27.12,nasa,0.91
2004-03-03,5.01,22.46,17.39,28.96,nasa,0.9
2004-03-04,5.53,19.39,16.81,23.83,nasa,0.9
2004-03-05,10.63,18.0,16.22,20.79,nasa,0.91
2004-03-06,4.99,18.97,15.63,23.66,nasa,0.91
2004-03-07,3.78,19.57,16.73,24.73,nasa,0.91
2004-03-08,0.21,20.5,14.77,26.25,nasa,0.91
2004-03-09,1.65,21.13,16.2,26.71,nasa,0.9
2004-03-10,3.42,21.28,17.08,27.32,nasa,0.9
2004-03-11,1.59,20.49,16.22,26.58,nasa,0.9
2004-03-12,1.03,19.06,15.04,25.18,nasa,0.89
2004-03-13,1.39,18.85,13.19,25.26,nasa,0.89
2004-03-14,13.31,18.51,15.27,22.76,nasa,0.88
2004-03-15,18.49,19.91,16.63,24.78,nasa,0.91
2004-03-16,0.93,20.63,15.83,26.94,nasa,0.91
2004-03-17,1.4,18.68,13.08,25.04,nasa,0.9
2004-03-18,7.08,19.4,13.74,25.48,nasa,0.89
2004-03-19,12.03,19.5,15.17,24.67,nasa,0.9
2004-03-20,7.2,18.94,13.7,24.11,nasa,0.91
2004-03-21,1.7,17.55,11.94,24.74,nasa,0.9
2004-03-22,0.51,16.58,11.74,23.67,nasa,0.9
2004-03-23,1.65,16.67,10.58,23.7,nasa,0.89
2004-03-24,0.73,17.38,11.76,23.84,nasa,0.88
2004-03-25,2.35,17.7,12.43,23.58,nasa,0.88
2004-03-26,11.94,18.16,13.23,23.74,nasa,0.88
2004-03-27,10.18,18.75,15.57,23.3,nasa,0.9
2004-03-28,2.54,18.22,15.51,22.99,nasa,0.9
2004-03-29,4.71,18.68,13.64,23.91,nasa,0.89
2004-03-30,5.63,19.53,15.2,24.81,nasa,0.89
2004-03-31,2.95,18.66,14.65,23.32,nasa,0.89
2004-04-01,0.91,19.07,14.11,24.63,nasa,0.89
2004-04-02,1.78,19.28,13.58,25.14,nasa,0.88
2004-04-03,5.88,19.61,14.1,25.11,nasa,0.88
2004-04-04,12.71,19.72,15.75,25.4,nasa,0.89
2004-04-05,13.41,19.75,16.5,23.64,nasa,0.9
2004-04-06,12.63,20.11,16.39,24.95,nasa,0.9
2004-04-07,3.45,20.15,15.94,24.91,nasa,0.91
2004-04-08,2.43,21.29,16.76,26.26,nasa,0.9
2004-04-09,10.44,20.92,17.07,26.35,nasa,0.9
2004-04-10,3.52,19.42,16.07,24.63,nasa,0.9
2004-04-11,3.28,19.26,15.14,24.85,nasa,0.9
2004-04-12,6.36,18.24,16.16,21.47,nasa,0.9
2004-04-13,4.24,18.69,15.78,23.0,nasa,0.91
2004-04-14,5.38,18.09,16.09,21.26,nasa,0.91
2004-04-15,13.7,18.76,16.02,23.34,nasa,0.91
2004-04-16,3.14,19.21,15.43,24.31,nasa,0.92
2004-04-17,3.79,19.49,15.62,24.26,nasa,0.91
2004-04-18,1.82,21.12,16.76,26.1,nasa,0.91
2004-04-19,5.02,20.32,16.23,25.08,nasa,0.91
2004-04-20,9.12,20.98,17.46,25.18,nasa,0.91
2004-04-21,8.35,18.8,16.43,21.04,nasa,0.92
2004-04-22,0.95,18.46,13.67,24.38,nasa,0.91
2004-04-23,0.33,18.48,12.43,24.16,nasa,0.91
2004-04-24,2.35,20.28,15.7,25.81,nasa,0.9
2004-04-25,11.16,18.17,13.36,22.67,nasa,0.91
2004-04-26,3.06,16.5,12.57,21.36,nasa,0.91
2004-04-27,2.81,16.86,13.39,21.87,nasa,0.91
2004-04-28,0.17,16.43,12.77,22.09,nasa,0.91
2004-04-29,0.01,15.17,10.81,21.33,nasa,0.9
2004-04-30,0.11,15.57,10.55,21.2,nasa,0.9
2004-05-01,0.15,15.23,9.05,21.46,nasa,0.89
2004-05-02,0.07,16.04,10.12,20.97,nasa,0.89
2004-05-03,0.08,18.22,12.45,25.66,nasa,0.89
2004-05-04,1.59,18.44,13.24,24.48,nasa,0.88
2004-05-05,3.06,18.67,14.95,23.67,nasa,0.88
2004-05-06,4.85,18.09,15.71,21.79,nasa,0.88
2004-05-07,3.3,18.36,16.0,22.42,nasa,0.89
2004-05-08,0.26,17.37,13.3,22.6,nasa,0.88
2004-05-09,0.03,14.61,9.87,20.67,nasa,0.88
2004-05-10,0.21,15.34,10.09,21.54,nasa,0.87
2004-05-11,0.24,16.34,11.09,23.02,nasa,0.87
2004-05-12,0.56,17.06,11.86,23.15,nasa,0.87
2004-05-13,1.1,17.56,13.25,23.25,nasa,0.87
2004-05-14,5.2,17.53,14.62,22.37,nasa,0.87
2004-05-15,28.14,18.3,15.08,22.59,nasa,0.88
2004-05-16,0.01,15.27,11.35,20.69,nasa,0.89
2004-05-17,0.53,15.54,10.01,21.53,nasa,0.88
2004-05-18,1.23,16.63,12.94,22.11,nasa,0.88
2004-05-19,3.19,16.44,12.42,21.57,nasa,0.88
2004-05-20,2.15,16.59,13.18,22.05,nasa,0.88
2004-05-21,1.69,15.76,12.6,20.28,nasa,0.88
2004-05-22,0.32,16.1,12.29,20.97,nasa,0.87
2004-05-23,0.15,16.15,12.87,21.32,nasa,0.87
2004-05-24,2.19,16.92,12.47,22.28,nasa,0.87
2004-05-25,7.12,17.12,13.35,22.16,nasa,0.87
2004-05-26,3.02,15.21,7.55,20.12,nasa,0.88
2004-05-27,0.0,10.61,4.71,18.05,nasa,0.87
2004-05-28,0.2,12.41,6.77,18.89,nasa,0.87
2004-05-29,1.29,13.99,10.2,19.2,nasa,0.86
2004-05-30,3.01,15.74,11.08,21.36,nasa,0.86
2004-05-31,9.55,16.36,12.37,21.35,nasa,0.87
2004-06-01,3.87,16.07,12.3,20.91,nasa,0.87
2004-06-02,6.78,16.28,12.02,21.13,nasa,0.87
2004-06-03,10.85,15.11,12.91,18.0,nasa,0.88
2004-06-04,5.97,12.57,8.46,16.86,nasa,0.89
2004-06-05,0.64,12.3,8.74,18.86,nasa,0.89
2004-06-06,0.07,12.83,8.28,18.92,nasa,0.88
2004-06-07,0.04,13.01,7.92,19.32,nasa,0.88
2004-06-08,0.11,12.18,6.59,19.16,nasa,0.87
2004-06-09,0.03,14.13,8.77,20.6,nasa,0.87
2004-06-10,0.04,15.9,10.59,22.32,nasa,0.87
2004-06-11,0.03,15.34,11.45,21.72,nasa,0.86
2004-06-12,1.14,15.13,8.93,21.67,nasa,0.86
2004-06-13,1.34,12.24,9.45,16.25,nasa,0.86
2004-06-14,0.53,13.08,8.56,19.58,nasa,0.86
2004-06-15,5.72,14.05,10.23,18.59,nasa,0.86
2004-06-16,0.07,15.16,9.78,21.11,nasa,0.86
2004-06-17,0.27,14.37,8.51,20.52,nasa,0.86
2004-06-18,0.0,14.27,9.03,21.12,nasa,0.85
2004-06-19,0.02,12.84,7.56,20.29,nasa,0.85
2004-06-20,0.07,13.66,9.66,20.24,nasa,0.85
2004-06-21,0.0,13.97,8.46,20.28,nasa,0.84
2004-06-22,0.0,14.1,7.55,20.52,nasa,0.84
2004-06-23,0.05,15.48,9.86,21.19,nasa,0.84
2004-06-24,0.1,14.84,9.72,21.06,nasa,0.84
2004-06-25,0.03,15.02,9.68,20.13,nasa,0.83
2004-06-26,0.0,15.91,11.07,21.93,nasa,0.83
2004-06-27,0.05,16.17,10.89,21.85,nasa,0.83
2004-06-28,0.01,17.2,11.87,23.12,nasa,0.83
2004-06-29,0.0,15.7,12.95,20.21,nasa,0.82
2004-06-30,0.03,16.19,11.74,22.35,nasa,0.82
2004-07-01,0.15,15.98,11.29,21.74,nasa,0.82
2004-07-02,0.0,16.79,10.02,22.38,nasa,0.82
2004-07-03,0.0,16.56,10.52,22.86,nasa,0.81
2004-07-04,0.01,17.31,12.95,23.48,nasa,0.81
2004-07-05,0.28,16.62,12.1,22.72,nasa,0.81
2004-07-06,0.6,16.26,11.99,21.9,nasa,0.81
2004-07-07,0.05,16.07,12.35,22.19,nasa,0.8
2004-07-08,0.11,15.59,10.83,22.03,nasa,0.8
2004-07-09,4.37,15.74,12.68,21.15,nasa,0.8
2004-07-10,5.95,16.67,12.99,22.22,nasa,0.81
2004-07-11,3.94,13.88,9.81,18.14,nasa,0.81
2004-07-12,0.35,12.74,9.13,18.11,nasa,0.81
2004-07-13,0.03,14.88,10.23,22.3,nasa,0.81
2004-07-14,0.49,15.73,11.14,21.41,nasa,0.8
2004-07-15,0.54,16.7,11.2,22.68,nasa,0.8
2004-07-16,1.71,16.54,10.36,22.82,nasa,0.8
2004-07-17,2.83,14.43,12.05,18.93,nasa,0.8
2004-07-18,3.57,12.99,11.12,15.75,nasa,0.8
2004-07-19,13.47,12.87,10.52,16.53,nasa,0.81
2004-07-20,6.72,11.38,8.98,15.32,nasa,0.83
2004-07-21,1.32,10.9,7.77,15.95,nasa,0.82
2004-07-22,0.37,9.96,6.12,15.84,nasa,0.82
2004-07-23,0.13,9.88,5.92,15.58,nasa,0.81
2004-07-24,0.06,9.85,5.26,17.12,nasa,0.81
2004-07-25,0.03,10.08,5.36,17.44,nasa,0.8
2004-07-26,0.01,10.01,4.98,18.12,nasa,0.8
2004-07-27,0.0,12.36,7.08,19.84,nasa,0.8
2004-07-28,0.0,11.57,7.4,18.62,nasa,0.8
2004-07-29,0.0,11.73,5.28,19.33,nasa,0.79
2004-07-30,0.0,12.66,6.25,19.6,nasa,0.79
2004-07-31,0.0,13.53,6.89,20.71,nasa,0.79
2004-08-01,0.0,14.91,7.54,22.27,nasa,0.78
2004-08-02,0.0,15.79,10.55,22.83,nasa,0.78
2004-08-03,0.09,15.82,9.51,24.16,nasa,0.78
2004-08-04,0.11,15.27,10.75,22.41,nasa,0.77
2004-08-05,0.03,14.17,10.07,21.56,nasa,0.77
2004-08-06,0.0,14.94,9.87,21.96,nasa,0.77
2004-08-07,0.01,15.04,9.27,22.48,nasa,0.77
2004-08-08,0.52,13.84,8.17,21.74,nasa,0.76
2004-08-09,0.05,11.22,6.82,18.25,nasa,0.76
2004-08-10,0.08,12.24,7.51,19.55,nasa,0.76
2004-08-11,0.01,12.82,6.26,21.72,nasa,0.76
2004-08-12,0.01,12.19,7.54,19.71,nasa,0.76
2004-08-13,0.03,11.16,7.15,17.81,nasa,0.75
2004-08-14,0.01,11.97,6.86,19.07,nasa,0.75
2004-08-15,0.03,13.25,8.21,20.66,nasa,0.75
2004-08-16,0.01,13.96,8.59,22.08,nasa,0.75
2004-08-17,0.01,15.05,9.04,23.2,nasa,0.74
2004-08-18,0.0,15.94,8.0,24.79,nasa,0.74
2004-08-19,0.01,16.9,8.88,26.71,nasa,0.74
2004-08-20,0.04,17.73,9.13,26.72,nasa,0.73
2004-08-21,0.0,18.06,9.42,27.07,nasa,0.73
2004-08-22,0.01,18.56,10.16,27.81,nasa,0.73
2004-08-23,0.0,19.23,11.67,27.43,nasa,0.72
2004-08-24,0.2,18.64,11.91,26.8,nasa,0.72
2004-08-25,0.07,19.6,13.31,26.68,nasa,0.72
2004-08-26,0.19,20.56,15.71,28.09,nasa,0.71
2004-08-27,2.13,18.8,14.79,25.46,nasa,0.71
2004-08-28,1.47,18.44,15.14,24.73,nasa,0.71
2004-08-29,0.3,16.28,11.12,21.88,nasa,0.71
2004-08-30,0.0,17.07,10.69,26.13,nasa,0.71
2004-08-31,0.0,16.69,8.25,26.88,nasa,0.71
2004-09-01,0.02,17.57,10.57,27.43,nasa,0.7
2004-09-02,0.01,18.86,9.97,27.69,nasa,0.7
2004-09-03,0.2,20.13,13.54,28.56,nasa,0.69
2004-09-04,0.03,18.37,13.36,26.69,nasa,0.69
2004-09-05,0.0,18.56,12.16,27.6,nasa,0.69
2004-09-06,0.0,19.15,11.54,28.62,nasa,0.69
2004-09-07,0.0,19.04,10.82,28.92,nasa,0.68
2004-09-08,0.0,19.72,10.95,30.83,nasa,0.68
2004-09-09,0.0,18.7,9.66,29.09,nasa,0.67
2004-09-10,0.0,18.91,10.05,29.31,nasa,0.67
2004-09-11,0.06,19.44,11.22,29.09,nasa,0.67
2004-09-12,0.39,17.89,12.52,25.4,nasa,0.67
2004-09-13,0.12,18.41,13.4,25.42,nasa,0.67
2004-09-14,0.09,19.32,12.08,28.3,nasa,0.66
2004-09-15,0.08,19.82,14.12,27.78,nasa,0.66
2004-09-16,0.27,19.8,13.98,28.49,nasa,0.66
2004-09-17,11.63,18.59,12.59,26.67,nasa,0.67
2004-09-18,5.36,20.04,15.25,26.99,nasa,0.68
2004-09-19,3.26,19.25,13.2,26.23,nasa,0.68
2004-09-20,0.19,20.15,12.24,27.89,nasa,0.68
2004-09-21,0.02,20.33,12.56,29.02,nasa,0.68
2004-09-22,0.0,20.94,13.67,29.73,nasa,0.67
2004-09-23,0.01,23.19,16.04,31.53,nasa,0.66
2004-09-24,0.01,22.33,13.02,31.95,nasa,0.66
2004-09-25,0.01,23.01,14.33,33.26,nasa,0.66
2004-09-26,0.38,22.99,15.11,30.72,nasa,0.65
2004-09-27,0.09,23.67,16.13,32.55,nasa,0.65
2004-09-28,0.0,23.65,16.49,32.94,nasa,0.65
2004-09-29,0.67,21.75,12.59,32.28,nasa,0.64
2004-09-30,3.74,17.21,12.83,23.46,nasa,0.64
2004-10-01,6.27,18.01,12.29,25.83,nasa,0.65
2004-10-02,17.09,19.78,15.26,26.43,nasa,0.67
2004-10-03,22.17,16.13,10.96,20.04,nasa,0.7
2004-10-04,4.5,15.01,10.78,20.41,nasa,0.72
2004-10-05,0.38,17.85,12.05,25.78,nasa,0.71
2004-10-06,0.61,15.64,10.23,23.41,nasa,0.7
2004-10-07,0.16,14.28,8.3,23.45,nasa,0.69
2004-10-08,0.04,15.32,7.08,26.11,nasa,0.68
2004-10-09,0.16,18.51,9.28,28.93,nasa,0.68
2004-10-10,12.07,22.12,11.43,31.84,nasa,0.68
2004-10-11,6.15,20.46,16.75,25.3,nasa,0.7
2004-10-12,4.86,19.86,15.96,25.43,nasa,0.7
2004-10-13,9.68,20.12,16.87,24.24,nasa,0.7
2004-10-14,3.38,20.07,17.81,23.94,nasa,0.71
2004-10-15,4.27,19.5,16.76,23.75,nasa,0.71
2004-10-16,1.11,19.47,16.55,23.32,nasa,0.71
2004-10-17,1.46,20.91,15.74,27.51,nasa,0.7
2004-10-18,10.51,20.78,16.89,26.05,nasa,0.71
2004-10-19,4.96,20.25,15.9,26.72,nasa,0.72
2004-10-20,1.19,17.29,13.49,23.61,nasa,0.71
2004-10-21,0.97,15.85,12.51,20.36,nasa,0.71
2004-10-22,0.22,18.82,12.43,26.93,nasa,0.7
2004-10-23,0.46,17.52,12.59,23.12,nasa,0.7
2004-10-24,8.9,19.33,12.58,27.64,nasa,0.7
2004-10-25,6.67,20.03,15.3,25.32,nasa,0.71
2004-10-26,4.7,20.69,16.57,25.52,nasa,0.71
2004-10-27,0.89,19.64,14.66,25.54,nasa,0.71
2004-10-28,0.4,17.64,11.94,25.4,nasa,0.71
2004-10-29,0.05,18.88,11.21,28.16,nasa,0.7
2004-10-30,0.07,20.8,12.87,29.41,nasa,0.69
2004-10-31,0.06,22.84,13.06,30.67,nasa,0.69
2004-11-01,13.29,22.28,16.28,29.67,nasa,0.69
2004-11-02,9.71,21.24,16.35,27.34,nasa,0.71
2004-11-03,0.11,21.96,16.76,27.71,nasa,0.71
2004-11-04,2.57,22.56,14.86,30.47,nasa,0.7
2004-11-05,5.9,21.58,18.48,26.5,nasa,0.7
2004-11-06,18.4,21.59,16.9,27.87,nasa,0.71
2004-11-07,5.38,18.18,13.86,23.71,nasa,0.73
2004-11-08,0.99,17.85,13.12,24.01,nasa,0.72
2004-11-09,0.09,19.57,12.87,27.18,nasa,0.72
2004-11-10,0.01,21.73,14.19,29.27,nasa,0.71
2004-11-11,0.15,22.03,16.76,27.47,nasa,0.7
2004-11-12,0.24,20.92,14.55,27.27,nasa,0.69
2004-11-13,0.34,19.55,11.53,28.76,nasa,0.69
2004-11-14,1.5,20.3,12.77,29.63,nasa,0.68
2004-11-15,18.26,19.97,14.24,26.57,nasa,0.69
2004-11-16,21.31,19.14,17.35,22.19,nasa,0.72
2004-11-17,18.94,19.34,16.41,23.38,nasa,0.75
2004-11-18,6.61,20.68,16.92,25.81,nasa,0.76
2004-11-19,8.26,19.08,15.79,22.4,nasa,0.76
2004-11-20,1.98,18.58,13.87,25.47,nasa,0.75
2004-11-21,0.66,17.99,13.1,24.77,nasa,0.74
2004-11-22,0.19,18.39,11.37,26.13,nasa,0.73
2004-11-23,0.02,19.37,12.71,27.64,nasa,0.73
2004-11-24,0.07,19.92,12.43,28.78,nasa,0.72
2004-11-25,0.38,21.23,12.0,29.01,nasa,0.71
2004-11-26,1.91,22.26,14.08,29.14,nasa,0.7
2004-11-27,9.19,21.47,16.33,26.87,nasa,0.71
2004-11-28,31.37,19.92,17.52,23.35,nasa,0.73
2004-11-29,18.43,20.03,16.09,25.54,nasa,0.78
2004-11-30,0.92,19.48,14.13,26.71,nasa,0.77
2004-12-01,3.33,19.16,14.54,25.37,nasa,0.76
2004-12-02,2.78,18.06,14.67,22.6,nasa,0.75
2004-12-03,18.51,17.42,14.42,21.65,nasa,0.76
2004-12-04,6.91,19.49,15.9,24.31,nasa,0.78
2004-12-05,4.4,22.08,16.94,28.76,nasa,0.77
2004-12-06,13.76,21.28,16.78,26.33,nasa,0.78
2004-12-07,12.99,22.03,17.97,26.96,nasa,0.78
2004-12-08,6.63,21.32,18.03,26.18,nasa,0.79
2004-12-09,14.79,21.32,17.06,27.12,nasa,0.79
2004-12-10,20.08,19.63,17.22,22.68,nasa,0.81
2004-12-11,12.23,17.45,12.66,21.63,nasa,0.83
2004-12-12,4.41,17.66,12.06,24.53,nasa,0.82
2004-12-13,0.42,19.42,13.02,26.23,nasa,0.81
2004-12-14,0.26,20.22,13.85,27.33,nasa,0.8
2004-12-15,0.4,20.91,14.66,27.89,nasa,0.79
2004-12-16,2.9,21.81,16.74,27.47,nasa,0.78
2004-12-17,7.8,21.78,17.82,27.01,nasa,0.78
2004-12-18,17.74,22.18,17.57,26.65,nasa,0.79
2004-12-19,19.25,20.18,18.25,23.89,nasa,0.82
2004-12-20,9.33,19.81,17.4,22.75,nasa,0.83
2004-12-21,19.84,19.44,16.38,22.65,nasa,0.85
2004-12-22,13.8,17.21,13.92,22.15,nasa,0.85
2004-12-23,30.07,17.89,13.7,22.39,nasa,0.87
2004-12-24,8.06,20.52,17.45,25.43,nasa,0.88
2004-12-25,3.36,20.67,16.02,24.57,nasa,0.87
2004-12-26,7.14,21.46,17.66,27.02,nasa,0.87
2004-12-27,1.8,20.05,15.57,25.05,nasa,0.86
2004-12-28,1.71,20.87,16.2,26.29,nasa,0.86
2004-12-29,2.7,21.76,15.72,28.45,nasa,0.85
2004-12-30,9.68,21.76,16.63,28.17,nasa,0.85
2004-12-31,1.52,22.85,16.55,30.14,nasa,0.85
2005-01-01,1.62,21.72,15.95,28.41,nasa,0.84
2005-01-02,5.05,20.79,16.27,26.31,nasa,0.84
2005-01-03,3.81,20.67,16.41,25.93,nasa,0.84
2005-01-04,11.52,19.28,17.05,21.75,nasa,0.84
2005-01-05,16.91,19.88,17.89,23.92,nasa,0.86
2005-01-06,6.76,21.5,17.8,26.21,nasa,0.87
2005-01-07,7.68,21.22,18.8,24.14,nasa,0.87
2005-01-08,4.31,22.16,18.6,26.02,nasa,0.87
2005-01-09,5.42,21.77,17.09,27.19,nasa,0.86
2005-01-10,2.83,22.42,18.25,27.52,nasa,0.86
2005-01-11,9.91,20.91,19.1,23.44,nasa,0.86
2005-01-12,8.55,21.35,16.52,26.67,nasa,0.87
2005-01-13,0.2,20.04,13.29,27.73,nasa,0.86
2005-01-14,0.01,20.26,13.69,27.47,nasa,0.85
2005-01-15,0.01,22.13,15.86,28.48,nasa,0.84
2005-01-16,16.6,23.07,17.31,29.23,nasa,0.84
2005-01-17,14.12,20.88,18.43,24.5,nasa,0.87
2005-01-18,26.78,20.83,18.65,23.88,nasa,0.88
2005-01-19,14.54,20.87,18.61,24.88,nasa,0.9
2005-01-20,12.47,20.68,18.08,23.87,nasa,0.9
2005-01-21,2.01,20.66,18.61,23.85,nasa,0.9
2005-01-22,7.1,22.5,17.93,28.16,nasa,0.89
2005-01-23,5.93,22.4,17.49,28.36,nasa,0.89
2005-01-24,10.12,22.54,17.15,27.88,nasa,0.89
2005-01-25,19.22,22.5,18.99,26.91,nasa,0.89
2005-01-26,22.47,19.74,15.41,23.99,nasa,0.92
2005-01-27,9.8,17.63,14.8,21.38,nasa,0.92
2005-01-28,5.41,18.08,14.99,22.33,nasa,0.92
2005-01-29,9.91,18.61,15.85,21.74,nasa,0.92
2005-01-30,2.33,18.92,15.68,22.61,nasa,0.92
2005-01-31,1.96,19.93,14.69,26.82,nasa,0.91
2005-02-01,10.85,20.02,15.73,25.17,nasa,0.91
2005-02-02,2.4,20.67,16.03,25.83,nasa,0.91
2005-02-03,21.11,21.39,17.23,26.54,nasa,0.91
2005-02-04,30.66,21.37,17.79,26.99,nasa,0.94
2005-02-05,4.18,19.82,15.95,25.16,nasa,0.95
2005-02-06,0.5,18.59,13.9,25.22,nasa,0.93
2005-02-07,0.07,16.93,11.65,24.12,nasa,0.92
2005-02-08,0.19,16.45,11.2,23.11,nasa,0.92
2005-02-09,0.65,17.64,12.04,24.08,nasa,0.91
2005-02-10,2.16,18.76,13.49,24.32,nasa,0.91
2005-02-11,2.09,19.25,12.82,24.76,nasa,0.9
2005-02-12,6.15,19.01,13.89,24.92,nasa,0.9
2005-02-13,2.52,19.55,14.54,25.39,nasa,0.9
2005-02-14,3.69,19.63,14.98,25.45,nasa,0.89
2005-02-15,0.21,19.98,13.42,26.6,nasa,0.89
2005-02-16,2.75,20.96,15.49,26.84,nasa,0.88
2005-02-17,2.96,21.54,16.15,27.82,nasa,0.88
2005-02-18,8.45,22.25,17.81,27.8,nasa,0.88
2005-02-19,4.65,22.28,17.15,29.03,nasa,0.88
2005-02-20,3.3,20.28,14.77,26.78,nasa,0.88
2005-02-21,0.25,18.65,12.28,26.32,nasa,0.87
2005-02-22,0.0,20.53,13.56,27.59,nasa,0.87
2005-02-23,0.1,21.85,14.84,28.54,nasa,0.86
2005-02-24,5.24,22.78,16.79,29.01,nasa,0.85
2005-02-25,30.0,22.7,19.18,27.32,nasa,0.87
2005-02-26,1.9,20.78,18.06,24.7,nasa,0.88
2005-02-27,16.71,20.89,17.92,24.77,nasa,0.88
2005-02-28,4.08,21.87,17.22,27.43,nasa,0.89
2005-03-01,1.83,21.9,17.69,27.87,nasa,0.88
2005-03-02,8.01,19.49,16.41,24.34,nasa,0.88
2005-03-03,14.31,17.78,16.2,20.39,nasa,0.89
2005-03-04,4.71,18.01,15.18,22.41,nasa,0.9
2005-03-05,4.24,19.66,14.08,26.0,nasa,0.89
2005-03-06,0.24,20.22,14.73,26.36,nasa,0.89
2005-03-07,0.06,20.76,15.13,26.85,nasa,0.88
2005-03-08,0.35,22.02,16.48,28.32,nasa,0.87
2005-03-09,0.91,22.47,18.02,28.51,nasa,0.87
2005-03-10,0.77,22.67,17.44,28.25,nasa,0.86
2005-03-11,0.68,21.97,16.84,29.56,nasa,0.85
2005-03-12,0.04,21.87,17.33,28.32,nasa,0.85
2005-03-13,0.1,21.23,14.94,27.78,nasa,0.84
2005-03-14,0.38,21.32,16.07,27.24,nasa,0.84
2005-03-15,6.34,21.99,17.96,26.96,nasa,0.84
2005-03-16,8.21,20.57,18.69,23.25,nasa,0.85
2005-03-17,12.36,20.57,18.44,24.08,nasa,0.85
2005-03-18,11.58,20.84,17.7,24.59,nasa,0.86
2005-03-19,3.03,20.54,17.76,24.15,nasa,0.87
2005-03-20,7.38,19.98,16.63,24.25,nasa,0.87
2005-03-21,10.96,20.75,16.75,25.8,nasa,0.87
2005-03-22,4.05,19.95,17.67,24.02,nasa,0.87
2005-03-23,6.0,20.71,16.88,25.74,nasa,0.87
2005-03-24,9.17,20.06,17.8,22.95,nasa,0.88
2005-03-25,12.4,20.77,17.16,27.19,nasa,0.88
2005-03-26,1.72,19.1,16.1,23.64,nasa,0.89
2005-03-27,2.98,19.35,15.47,25.2,nasa,0.88
2005-03-28,1.53,19.52,14.58,26.18,nasa,0.88
2005-03-29,1.18,19.76,15.11,25.6,nasa,0.87
2005-03-30,1.54,20.16,15.13,25.97,nasa,0.86
2005-03-31,0.56,20.4,15.28,26.15,nasa,0.86
2005-04-01,0.52,20.66,15.91,26.42,nasa,0.86
2005-04-02,0.04,20.91,17.4,25.71,nasa,0.85
2005-04-03,0.02,21.17,15.71,27.04,nasa,0.85
2005-04-04,9.91,21.91,16.47,27.25,nasa,0.84
2005-04-05,14.69,21.57,18.44,25.85,nasa,0.86
2005-04-06,1.81,21.44,17.15,26.69,nasa,0.86
2005-04-07,0.06,21.62,16.84,27.36,nasa,0.86
2005-04-08,0.25,21.69,18.41,27.4,nasa,0.85
2005-04-09,0.2,21.16,16.05,27.68,nasa,0.85
2005-04-10,0.07,20.97,16.52,27.04,nasa,0.84
2005-04-11,0.0,21.09,15.65,27.15,nasa,0.83
2005-04-12,1.32,21.31,16.51,27.81,nasa,0.83
2005-04-13,0.02,19.76,14.88,26.46,nasa,0.83
2005-04-14,0.0,19.88,14.12,26.17,nasa,0.82
2005-04-15,0.0,20.15,14.99,26.52,nasa,0.82
2005-04-16,0.24,20.91,14.96,27.45,nasa,0.81
2005-04-17,5.36,20.47,16.24,26.15,nasa,0.81
2005-04-18,0.57,19.32,14.99,25.61,nasa,0.81
2005-04-19,0.01,19.84,14.93,25.48,nasa,0.81
2005-04-20,2.25,19.87,15.72,25.25,nasa,0.8
2005-04-21,7.47,19.65,15.79,23.58,nasa,0.81
2005-04-22,3.33,19.4,14.01,25.33,nasa,0.81
2005-04-23,4.79,18.89,14.88,24.35,nasa,0.81
2005-04-24,0.74,19.43,14.4,25.52,nasa,0.81
2005-04-25,3.81,19.57,15.2,25.31,nasa,0.8
2005-04-26,12.83,16.18,11.94,20.31,nasa,0.82
2005-04-27,1.7,14.68,11.15,19.1,nasa,0.82
2005-04-28,3.68,16.06,11.57,20.3,nasa,0.82
2005-04-29,4.98,17.52,14.07,22.08,nasa,0.82
2005-04-30,0.58,16.82,11.88,23.02,nasa,0.82
2005-05-01,0.05,14.47,10.5,20.99,nasa,0.81
2005-05-02,0.03,14.6,9.59,20.87,nasa,0.81
2005-05-03,0.01,14.12,10.02,20.59,nasa,0.8
2005-05-04,0.0,13.92,8.65,21.27,nasa,0.8
2005-05-05,0.0,14.79,9.64,21.61,nasa,0.79
2005-05-06,0.0,15.62,9.45,21.86,nasa,0.79
2005-05-07,0.0,16.44,11.29,22.3,nasa,0.79
2005-05-08,0.93,16.21,10.34,22.8,nasa,0.78
2005-05-09,0.62,17.43,13.99,22.56,nasa,0.78
2005-05-10,0.0,16.94,12.53,21.51,nasa,0.78
2005-05-11,0.0,18.36,11.72,24.9,nasa,0.78
2005-05-12,0.0,18.37,12.78,25.28,nasa,0.77
2005-05-13,0.0,18.26,12.44,25.14,nasa,0.77
2005-05-14,0.0,18.3,12.33,24.56,nasa,0.77
2005-05-15,0.0,18.2,12.1,24.37,nasa,0.76
2005-05-16,0.0,18.08,12.02,24.59,nasa,0.76
2005-05-17,0.0,19.15,14.27,24.65,nasa,0.76
2005-05-18,0.0,19.38,13.69,25.43,nasa,0.75
2005-05-19,0.0,19.16,13.4,24.9,nasa,0.75
2005-05-20,0.0,19.05,14.38,25.16,nasa,0.75
2005-05-21,0.35,18.59,13.95,24.99,nasa,0.74
2005-05-22,14.56,17.22,14.34,20.88,nasa,0.75
2005-05-23,5.03,15.53,13.16,18.87,nasa,0.77
2005-05-24,27.58,18.02,14.4,22.71,nasa,0.78
2005-05-25,6.12,17.21,13.57,21.23,nasa,0.79
2005-05-26,9.01,16.34,12.22,22.29,nasa,0.8
2005-05-27,0.0,15.21,11.25,21.47,nasa,0.79
2005-05-28,0.0,13.87,9.44,20.5,nasa,0.78
2005-05-29,0.0,15.79,10.64,22.7,nasa,0.78
2005-05-30,0.39,16.65,12.07,22.97,nasa,0.78
2005-05-31,0.12,17.06,13.66,22.99,nasa,0.77
2005-06-01,0.09,17.34,13.34,22.76,nasa,0.77
2005-06-02,0.03,16.99,13.02,21.62,nasa,0.77
2005-06-03,0.0,15.97,12.22,21.29,nasa,0.76
2005-06-04,0.0,16.41,12.21,22.92,nasa,0.76
2005-06-05,0.0,16.02,11.72,22.72,nasa,0.76
2005-06-06,0.0,15.45,10.86,22.28,nasa,0.75
2005-06-07,0.01,15.76,11.2,21.73,nasa,0.75
2005-06-08,0.02,16.42,10.63,22.58,nasa,0.75
2005-06-09,0.0,16.06,10.38,22.75,nasa,0.75
2005-06-10,0.0,15.87,10.26,22.19,nasa,0.74
2005-06-11,0.07,15.43,9.57,21.47,nasa,0.74
2005-06-12,0.07,15.57,9.53,22.1,nasa,0.74
2005-06-13,0.02,15.52,9.9,22.31,nasa,0.74
2005-06-14,0.0,16.84,10.3,22.65,nasa,0.73
2005-06-15,0.0,17.29,11.44,23.71,nasa,0.73
2005-06-16,0.0,15.98,10.32,22.6,nasa,0.73
2005-06-17,0.0,16.62,10.91,23.32,nasa,0.73
2005-06-18,0.0,16.4,11.27,23.55,nasa,0.72
2005-06-19,3.42,15.6,11.44,21.52,nasa,0.73
2005-06-20,1.78,15.97,11.37,21.75,nasa,0.73
2005-06-21,5.12,14.01,11.5,16.81,nasa,0.73
2005-06-22,0.9,13.75,10.8,18.76,nasa,0.73
2005-06-23,0.02,14.06,9.97,20.13,nasa,0.73
2005-06-24,0.0,13.69,8.08,21.1,nasa,0.73
2005-06-25,0.02,14.13,9.2,21.25,nasa,0.72
2005-06-26,0.01,13.83,8.51,20.96,nasa,0.72
2005-06-27,0.01,14.55,8.27,20.67,nasa,0.72
2005-06-28,0.09,15.67,10.8,20.91,nasa,0.72
2005-06-29,0.13,17.85,14.12,23.32,nasa,0.72
2005-06-30,0.0,17.81,12.79,24.78,nasa,0.71
2005-07-01,0.04,17.24,12.05,23.76,nasa,0.71
2005-07-02,0.0,16.74,11.69,23.41,nasa,0.71
2005-07-03,0.0,16.54,11.53,22.9,nasa,0.71
2005-07-04,0.0,15.28,9.49,22.51,nasa,0.7
2005-07-05,0.06,15.66,8.25,23.14,nasa,0.7
2005-07-06,2.63,16.04,12.08,22.22,nasa,0.7
2005-07-07,2.3,11.15,8.95,13.42,nasa,0.7
2005-07-08,0.12,11.1,6.52,16.62,nasa,0.7
2005-07-09,0.01,11.02,6.53,17.84,nasa,0.7
2005-07-10,0.0,12.32,6.97,18.97,nasa,0.7
2005-07-11,0.0,13.21,8.8,20.11,nasa,0.7
2005-07-12,0.0,13.52,8.51,21.82,nasa,0.7
2005-07-13,0.0,12.25,6.22,20.83,nasa,0.69
2005-07-14,0.98,12.77,7.77,20.64,nasa,0.69
2005-07-15,5.37,13.25,8.11,20.82,nasa,0.7
2005-07-16,0.0,14.43,7.92,22.05,nasa,0.7
2005-07-17,0.0,16.1,9.35,24.57,nasa,0.69
2005-07-18,0.23,16.35,12.09,22.62,nasa,0.69
2005-07-19,7.33,13.73,11.71,16.62,nasa,0.7
2005-07-20,2.0,12.84,10.01,17.09,nasa,0.7
2005-07-21,0.04,15.44,9.96,22.83,nasa,0.7
2005-07-22,0.0,16.75,11.06,23.92,nasa,0.7
2005-07-23,0.01,17.83,10.66,25.7,nasa,0.69
2005-07-24,0.03,17.21,10.18,24.93,nasa,0.69
2005-07-25,1.3,15.95,10.14,22.6,nasa,0.69
2005-07-26,0.83,16.23,10.71,23.34,nasa,0.69
2005-07-27,0.98,14.71,10.75,20.98,nasa,0.69
2005-07-28,0.16,16.64,10.61,23.79,nasa,0.68
2005-07-29,0.12,16.95,11.48,24.58,nasa,0.68
2005-07-30,0.0,16.29,10.26,24.72,nasa,0.68
2005-07-31,0.0,16.52,8.54,24.99,nasa,0.68
2005-08-01,0.0,15.93,7.62,24.64,nasa,0.67
2005-08-02,0.0,15.13,6.61,25.03,nasa,0.67
2005-08-03,0.0,15.1,6.57,24.74,nasa,0.67
2005-08-04,0.0,15.93,7.8,25.28,nasa,0.67
2005-08-05,0.0,16.42,7.36,25.86,nasa,0.66
2005-08-06,0.0,16.08,7.47,24.82,nasa,0.66
2005-08-07,0.0,16.2,8.2,25.16,nasa,0.66
2005-08-08,0.01,16.17,8.93,24.04,nasa,0.66
2005-08-09,0.94,16.7,12.01,23.36,nasa,0.66
2005-08-10,0.0,15.45,9.91,22.9,nasa,0.66
2005-08-11,0.14,15.34,7.88,23.69,nasa,0.65
2005-08-12,0.01,15.73,7.76,24.45,nasa,0.65
2005-08-13,0.48,16.82,8.83,26.37,nasa,0.65
2005-08-14,0.38,18.59,12.0,26.87,nasa,0.65
2005-08-15,0.02,19.07,11.89,27.77,nasa,0.65
2005-08-16,0.0,18.02,11.26,26.61,nasa,0.65
2005-08-17,0.67,18.32,12.31,25.13,nasa,0.65
2005-08-18,0.26,18.51,10.53,27.28,nasa,0.64
2005-08-19,0.71,18.27,13.05,25.34,nasa,0.64
2005-08-20,0.06,18.12,11.97,26.57,nasa,0.64
2005-08-21,0.0,18.0,12.81,26.55,nasa,0.64
2005-08-22,0.0,18.03,10.96,27.02,nasa,0.64
2005-08-23,0.0,17.16,9.21,26.45,nasa,0.64
2005-08-24,0.36,18.03,9.47,27.23,nasa,0.63
2005-08-25,0.6,18.65,13.0,27.09,nasa,0.63
2005-08-26,1.12,17.9,11.4,26.48,nasa,0.63
2005-08-27,0.69,18.79,13.07,26.53,nasa,0.63
2005-08-28,0.12,20.24,11.97,29.28,nasa,0.63
2005-08-29,0.0,20.44,11.49,30.4,nasa,0.63
2005-08-30,0.0,21.81,12.54,31.14,nasa,0.63
2005-08-31,0.03,23.48,15.99,32.44,nasa,0.62
2005-09-01,4.46,22.29,14.25,30.7,nasa,0.62
2005-09-02,2.04,21.35,15.87,27.8,nasa,0.63
2005-09-03,0.03,20.95,14.02,30.09,nasa,0.63
2005-09-04,9.73,19.46,13.76,28.54,nasa,0.64
2005-09-05,1.45,20.88,15.48,28.72,nasa,0.64
2005-09-06,8.22,20.06,15.4,27.7,nasa,0.64
2005-09-07,2.57,17.97,13.31,25.43,nasa,0.65
2005-09-08,0.31,18.17,12.27,25.83,nasa,0.65
2005-09-09,0.05,18.77,12.89,27.07,nasa,0.65
2005-09-10,0.02,19.84,13.57,28.1,nasa,0.64
2005-09-11,0.0,20.6,12.61,28.72,nasa,0.64
2005-09-12,4.18,19.95,13.94,27.62,nasa,0.64
2005-09-13,1.26,16.83,12.69,23.68,nasa,0.64
2005-09-14,0.28,16.81,12.0,23.0,nasa,0.64
2005-09-15,0.01,18.13,13.55,25.47,nasa,0.64
2005-09-16,0.95,21.37,13.89,30.1,nasa,0.63
2005-09-17,3.11,19.27,14.19,27.92,nasa,0.63
2005-09-18,3.89,16.74,13.17,20.93,nasa,0.64
2005-09-19,7.65,19.25,13.97,25.39,nasa,0.65
2005-09-20,0.01,19.31,12.03,28.52,nasa,0.65
2005-09-21,0.03,17.64,10.7,26.68,nasa,0.64
2005-09-22,0.03,18.12,10.93,26.47,nasa,0.64
2005-09-23,1.46,18.18,13.92,24.67,nasa,0.64
2005-09-24,1.44,19.66,12.26,27.56,nasa,0.64
2005-09-25,5.04,19.98,14.52,27.15,nasa,0.64
2005-09-26,3.87,17.82,13.07,22.42,nasa,0.65
2005-09-27,8.05,14.71,11.95,18.57,nasa,0.65
2005-09-28,0.9,15.36,10.88,21.61,nasa,0.66
2005-09-29,0.02,17.32,10.68,26.18,nasa,0.65
2005-09-30,0.0,18.31,11.43,27.31,nasa,0.65
2005-10-01,0.52,19.86,11.13,29.08,nasa,0.64
2005-10-02,3.41,18.26,14.8,23.74,nasa,0.64
2005-10-03,0.2,19.56,13.47,27.72,nasa,0.64
2005-10-04,0.0,21.46,12.66,29.99,nasa,0.64
2005-10-05,0.09,22.14,15.5,29.07,nasa,0.64
2005-10-06,4.66,22.12,16.57,29.39,nasa,0.63
2005-10-07,0.75,21.43,17.13,28.01,nasa,0.64
2005-10-08,0.06,23.61,15.78,32.85,nasa,0.64
2005-10-09,0.18,22.86,14.39,31.7,nasa,0.63
2005-10-10,0.06,23.36,16.46,31.95,nasa,0.63
2005-10-11,0.91,23.62,16.81,32.07,nasa,0.62
2005-10-12,0.03,23.84,16.05,32.74,nasa,0.62
2005-10-13,0.0,24.28,14.3,33.73,nasa,0.62
2005-10-14,2.9,25.23,15.75,34.23,nasa,0.62
2005-10-15,1.93,23.17,17.42,31.58,nasa,0.62
2005-10-16,0.37,23.3,15.19,32.52,nasa,0.62
2005-10-17,0.08,25.49,17.48,33.49,nasa,0.62
2005-10-18,10.54,23.56,16.16,31.2,nasa,0.62
2005-10-19,7.13,17.75,14.09,23.0,nasa,0.64
2005-10-20,3.19,20.29,14.35,27.91,nasa,0.64
2005-10-21,4.36,20.22,15.63,24.57,nasa,0.64
2005-10-22,2.99,20.69,16.9,28.16,nasa,0.65
2005-10-23,1.01,19.11,15.15,23.69,nasa,0.64
2005-10-24,3.17,21.46,15.3,29.95,nasa,0.64
2005-10-25,8.45,22.41,17.13,30.64,nasa,0.64
2005-10-26,2.35,22.3,17.3,29.24,nasa,0.65
2005-10-27,5.76,23.31,17.29,30.43,nasa,0.65
2005-10-28,8.6,22.75,17.93,29.45,nasa,0.66
2005-10-29,2.74,21.69,16.05,28.81,nasa,0.66
2005-10-30,9.61,19.69,15.3,26.36,nasa,0.66
2005-10-31,2.53,19.1,15.12,25.18,nasa,0.67
2005-11-01,0.57,19.91,14.28,28.39,nasa,0.66
2005-11-02,9.14,18.62,14.46,24.15,nasa,0.66
2005-11-03,3.88,20.68,15.01,28.09,nasa,0.67
2005-11-04,9.05,20.37,15.35,26.89,nasa,0.67
2005-11-05,5.73,21.53,17.26,27.98,nasa,0.68
2005-11-06,5.79,21.95,16.83,28.07,nasa,0.68
2005-11-07,3.13,22.44,16.95,29.53,nasa,0.68
2005-11-08,2.28,19.21,15.12,25.88,nasa,0.68
2005-11-09,1.37,18.61,13.68,25.99,nasa,0.67
2005-11-10,2.37,16.48,12.91,22.31,nasa,0.67
2005-11-11,0.37,16.77,12.25,22.58,nasa,0.67
2005-11-12,0.54,18.26,12.31,25.28,nasa,0.67
2005-11-13,0.36,20.32,12.77,28.13,nasa,0.66
2005-11-14,1.07,20.9,14.02,28.36,nasa,0.66
2005-11-15,1.32,21.55,14.92,28.7,nasa,0.65
2005-11-16,5.31,22.21,15.36,29.93,nasa,0.66
2005-11-17,6.1,21.97,16.48,28.54,nasa,0.66
2005-11-18,2.49,21.7,17.89,27.47,nasa,0.66
2005-11-19,6.58,21.33,18.06,25.81,nasa,0.67
2005-11-20,2.77,21.38,15.75,27.95,nasa,0.67
2005-11-21,0.29,21.15,13.76,30.55,nasa,0.67
2005-11-22,0.82,21.22,14.94,28.37,nasa,0.66
2005-11-23,2.95,22.22,15.97,30.29,nasa,0.66
2005-11-24,5.18,22.49,18.25,29.38,nasa,0.66
2005-11-25,22.94,21.63,17.97,27.28,nasa,0.68
2005-11-26,7.39,18.51,14.24,23.97,nasa,0.71
2005-11-27,0.01,18.47,12.49,27.0,nasa,0.69
2005-11-28,0.08,19.44,11.8,27.03,nasa,0.68
2005-11-29,4.36,19.83,17.22,23.57,nasa,0.68
2005-11-30,7.89,19.96,16.81,25.54,nasa,0.69
2005-12-01,6.23,20.26,16.45,25.07,nasa,0.69
2005-12-02,15.97,19.79,15.47,24.8,nasa,0.71
2005-12-03,1.44,17.68,12.9,23.68,nasa,0.71
2005-12-04,0.01,19.45,11.55,28.26,nasa,0.7
2005-12-05,0.83,21.15,14.44,28.0,nasa,0.69
2005-12-06,19.42,21.39,17.38,25.53,nasa,0.7
2005-12-07,8.17,17.51,13.45,22.44,nasa,0.72
2005-12-08,2.23,17.28,12.16,24.35,nasa,0.72
2005-12-09,0.92,20.17,13.08,27.14,nasa,0.71
2005-12-10,12.32,20.9,17.14,25.66,nasa,0.71
2005-12-11,26.46,18.01,15.2,21.47,nasa,0.75
2005-12-12,9.72,17.19,14.47,20.23,nasa,0.76
2005-12-13,5.73,18.92,13.31,25.43,nasa,0.75
2005-12-14,5.67,17.98,14.62,23.34,nasa,0.75
2005-12-15,2.79,18.67,13.58,24.39,nasa,0.75
2005-12-16,11.64,20.1,15.76,26.04,nasa,0.75
2005-12-17,6.17,20.72,17.14,25.69,nasa,0.75
2005-12-18,17.59,19.67,16.82,23.29,nasa,0.76
2005-12-19,3.71,19.26,17.39,21.65,nasa,0.77
2005-12-20,7.85,20.88,15.2,26.44,nasa,0.77
2005-12-21,4.06,21.48,16.79,28.01,nasa,0.76
2005-12-22,7.79,18.7,15.6,22.13,nasa,0.77
2005-12-23,0.02,19.98,15.08,25.78,nasa,0.77
2005-12-24,5.72,20.57,16.03,26.34,nasa,0.76
2005-12-25,13.87,19.61,15.26,24.81,nasa,0.77
2005-12-26,0.88,18.85,14.05,25.14,nasa,0.77
2005-12-27,4.47,18.76,15.22,24.3,nasa,0.77
2005-12-28,0.43,18.86,13.41,25.62,nasa,0.76
2005-12-29,0.51,19.42,13.34,26.23,nasa,0.75
2005-12-30,2.77,20.45,15.83,25.82,nasa,0.75
2005-12-31,9.12,19.38,16.96,23.02,nasa,0.75
2006-01-01,12.33,19.74,16.78,23.99,nasa,0.76
2006-01-02,22.32,19.12,17.33,22.05,nasa,0.79
2006-01-03,6.34,20.6,17.48,25.53,nasa,0.79
2006-01-04,20.28,19.6,17.5,23.91,nasa,0.8
2006-01-05,12.12,18.66,16.76,21.51,nasa,0.82
2006-01-06,3.55,18.65,16.07,21.69,nasa,0.82
2006-01-07,0.56,21.09,16.0,27.19,nasa,0.81
2006-01-08,0.53,21.98,16.6,28.4,nasa,0.79
2006-01-09,0.53,21.25,17.2,27.11,nasa,0.79
2006-01-10,0.3,21.1,16.32,27.37,nasa,0.78
2006-01-11,0.03,20.11,15.6,25.85,nasa,0.77
2006-01-12,0.0,20.78,16.16,27.01,nasa,0.76
2006-01-13,0.0,21.42,16.29,28.14,nasa,0.76
2006-01-14,0.0,21.81,15.14,29.14,nasa,0.75
2006-01-15,0.0,21.8,15.41,28.02,nasa,0.74
2006-01-16,0.0,22.64,17.82,28.77,nasa,0.73
2006-01-17,0.06,22.78,17.67,29.1,nasa,0.73
2006-01-18,1.72,22.1,17.06,27.33,nasa,0.72
2006-01-19,2.27,21.66,16.62,27.65,nasa,0.72
2006-01-20,0.0,21.57,15.19,28.56,nasa,0.72
2006-01-21,0.0,21.9,15.88,29.13,nasa,0.71
2006-01-22,0.0,22.68,14.42,30.23,nasa,0.7
2006-01-23,2.59,23.01,17.4,28.83,nasa,0.7
2006-01-24,1.88,23.64,17.59,29.87,nasa,0.7
2006-01-25,5.57,23.96,17.63,30.69,nasa,0.7
2006-01-26,3.91,24.06,17.94,30.94,nasa,0.7
2006-01-27,10.77,22.2,18.28,27.39,nasa,0.7
2006-01-28,1.63,21.35,17.94,26.79,nasa,0.71
2006-01-29,12.03,19.64,17.87,22.22,nasa,0.72
2006-01-30,2.99,19.65,16.4,23.74,nasa,0.73
2006-01-31,8.31,20.5,16.41,25.66,nasa,0.73
2006-02-01,15.18,19.98,17.04,24.15,nasa,0.74
2006-02-02,7.18,20.83,16.66,26.38,nasa,0.75
2006-02-03,3.89,21.94,17.72,27.18,nasa,0.74
2006-02-04,0.6,22.39,17.1,27.56,nasa,0.74
2006-02-05,0.25,21.72,17.79,25.95,nasa,0.73
2006-02-06,0.12,22.83,15.99,29.69,nasa,0.72
2006-02-07,0.69,23.79,17.93,30.11,nasa,0.71
2006-02-08,12.48,22.77,17.33,28.5,nasa,0.71
2006-02-09,8.2,22.11,18.48,27.2,nasa,0.73
2006-02-10,11.81,21.51,18.48,25.85,nasa,0.74
2006-02-11,17.36,19.83,17.29,22.88,nasa,0.75
2006-02-12,21.96,19.38,17.05,22.61,nasa,0.78
2006-02-13,9.5,20.65,17.59,25.38,nasa,0.79
2006-02-14,11.77,21.85,16.81,27.6,nasa,0.79
2006-02-15,24.73,21.09,18.71,25.21,nasa,0.8
2006-02-16,6.71,20.75,18.48,23.31,nasa,0.82
2006-02-17,3.38,21.21,17.5,25.65,nasa,0.81
2006-02-18,2.82,22.47,18.81,26.72,nasa,0.8
2006-02-19,1.75,22.94,17.52,29.22,nasa,0.79
2006-02-20,1.54,21.88,17.26,26.85,nasa,0.79
2006-02-21,12.91,20.39,17.6,24.37,nasa,0.79
2006-02-22,4.11,20.26,17.38,24.41,nasa,0.8
2006-02-23,3.54,20.46,17.28,25.56,nasa,0.8
2006-02-24,3.59,21.45,17.53,26.76,nasa,0.79
2006-02-25,1.97,21.8,18.22,26.27,nasa,0.79
2006-02-26,1.97,22.09,18.73,27.34,nasa,0.78
2006-02-27,11.46,22.21,17.93,28.02,nasa,0.78
2006-02-28,4.96,21.5,16.96,27.98,nasa,0.79
2006-03-01,4.72,21.65,16.14,27.51,nasa,0.79
2006-03-02,1.48,22.53,19.14,27.76,nasa,0.79
2006-03-03,0.13,23.27,18.62,28.69,nasa,0.78
2006-03-04,26.16,22.59,17.97,28.01,nasa,0.79
2006-03-05,11.62,22.02,19.08,26.02,nasa,0.82
2006-03-06,26.82,20.69,18.63,23.04,nasa,0.83
2006-03-07,5.98,20.81,17.96,25.05,nasa,0.85
2006-03-08,0.39,22.15,16.67,28.16,nasa,0.83
2006-03-09,0.06,22.47,17.96,28.56,nasa,0.82
2006-03-10,17.73,21.77,16.84,27.94,nasa,0.82
2006-03-11,4.82,19.21,15.45,24.57,nasa,0.84
2006-03-12,0.08,19.7,14.6,26.1,nasa,0.83
2006-03-13,1.33,20.11,15.28,26.34,nasa,0.82
2006-03-14,5.54,20.28,16.36,24.63,nasa,0.81
2006-03-15,8.24,20.1,17.88,24.05,nasa,0.82
2006-03-16,16.23,19.53,15.71,25.14,nasa,0.83
2006-03-17,1.3,20.46,15.36,27.0,nasa,0.84
2006-03-18,4.57,20.69,15.52,26.26,nasa,0.83
2006-03-19,0.9,20.61,16.82,25.86,nasa,0.82
2006-03-20,16.67,20.72,16.57,25.55,nasa,0.83
2006-03-21,2.22,20.47,17.2,24.82,nasa,0.84
2006-03-22,1.54,21.09,16.95,25.93,nasa,0.83
2006-03-23,0.67,20.31,17.15,25.38,nasa,0.83
2006-03-24,11.39,20.58,15.75,25.86,nasa,0.82
2006-03-25,7.03,20.38,17.33,23.88,nasa,0.83
2006-03-26,1.6,20.32,16.86,25.94,nasa,0.83
2006-03-27,0.22,19.02,14.77,25.04,nasa,0.83
2006-03-28,0.08,18.91,12.0,26.07,nasa,0.82
2006-03-29,3.02,18.84,15.67,22.54,nasa,0.81
2006-03-30,2.23,20.21,16.83,25.51,nasa,0.82
2006-03-31,0.29,19.47,15.03,25.84,nasa,0.81
2006-04-01,0.07,19.36,13.66,26.16,nasa,0.81
2006-04-02,0.59,19.61,14.35,26.23,nasa,0.8
2006-04-03,0.4,19.22,14.78,25.52,nasa,0.79
2006-04-04,0.03,17.96,13.63,24.05,nasa,0.79
2006-04-05,0.0,18.38,13.41,23.76,nasa,0.79
2006-04-06,2.18,19.02,13.71,24.9,nasa,0.78
2006-04-07,0.76,19.17,15.95,24.21,nasa,0.78
2006-04-08,7.3,19.1,16.18,22.97,nasa,0.78
2006-04-09,12.97,21.17,17.54,25.95,nasa,0.8
2006-04-10,1.14,20.34,16.23,25.6,nasa,0.8
2006-04-11,0.52,19.61,15.27,24.88,nasa,0.79
2006-04-12,0.28,19.52,14.88,25.5,nasa,0.79
2006-04-13,0.0,19.03,14.05,25.34,nasa,0.78
2006-04-14,0.0,18.77,13.21,25.17,nasa,0.77
2006-04-15,0.0,19.36,13.01,26.05,nasa,0.77
2006-04-16,0.83,19.82,14.56,26.1,nasa,0.76
2006-04-17,2.07,17.58,14.07,23.32,nasa,0.76
2006-04-18,5.78,15.63,12.88,20.08,nasa,0.76
2006-04-19,2.19,15.83,11.68,21.6,nasa,0.77
2006-04-20,0.06,15.97,11.29,22.56,nasa,0.76
2006-04-21,0.05,15.54,9.88,22.6,nasa,0.76
2006-04-22,0.0,17.81,11.04,25.04,nasa,0.75
2006-04-23,0.03,19.69,15.05,26.01,nasa,0.75
2006-04-24,0.14,18.85,12.47,26.79,nasa,0.74
2006-04-25,0.0,19.44,14.15,25.54,nasa,0.74
2006-04-26,0.92,18.85,13.4,24.99,nasa,0.73
2006-04-27,0.24,17.82,13.4,24.24,nasa,0.73
2006-04-28,0.01,17.66,12.9,24.23,nasa,0.73
2006-04-29,0.0,18.3,12.84,24.05,nasa,0.72
2006-04-30,0.0,17.84,11.35,24.39,nasa,0.72
2006-05-01,0.09,18.43,13.71,24.59,nasa,0.72
2006-05-02,0.38,17.33,11.92,23.94,nasa,0.71
2006-05-03,0.02,15.78,9.37,22.9,nasa,0.71
2006-05-04,0.0,13.59,7.87,20.58,nasa,0.71
2006-05-05,0.0,12.63,5.63,21.32,nasa,0.71
2006-05-06,0.0,14.16,8.52,22.32,nasa,0.7
2006-05-07,0.0,15.39,10.36,21.89,nasa,0.7
2006-05-08,3.39,15.72,11.55,20.91,nasa,0.7
2006-05-09,0.68,16.45,12.57,22.45,nasa,0.7
2006-05-10,14.07,15.33,12.46,19.17,nasa,0.71
2006-05-11,0.94,14.19,9.39,20.37,nasa,0.72
2006-05-12,0.07,13.9,8.83,20.75,nasa,0.72
2006-05-13,0.02,13.84,9.21,20.77,nasa,0.71
2006-05-14,0.01,13.43,8.36,21.02,nasa,0.71
2006-05-15,0.0,13.82,8.51,21.54,nasa,0.71
2006-05-16,0.0,14.42,9.96,21.67,nasa,0.7
2006-05-17,0.0,14.21,9.14,21.85,nasa,0.7
2006-05-18,0.0,13.78,6.86,21.52,nasa,0.7
2006-05-19,0.01,14.24,6.56,21.37,nasa,0.69
2006-05-20,0.0,13.73,6.87,20.89,nasa,0.69
2006-05-21,0.01,15.93,9.76,22.34,nasa,0.69
2006-05-22,3.51,16.46,12.37,21.4,nasa,0.69
2006-05-23,5.32,14.83,12.62,17.04,nasa,0.7
2006-05-24,2.45,14.38,12.15,18.34,nasa,0.7
2006-05-25,0.23,14.86,9.95,20.89,nasa,0.7
2006-05-26,0.01,16.39,11.37,22.44,nasa,0.7
2006-05-27,0.0,16.32,9.24,23.37,nasa,0.69
2006-05-28,0.03,16.43,10.91,24.08,nasa,0.69
2006-05-29,0.0,16.27,9.45,24.63,nasa,0.69
2006-05-30,0.01,16.58,9.68,24.26,nasa,0.68
2006-05-31,0.0,17.4,12.92,24.13,nasa,0.68
2006-06-01,0.03,15.95,11.01,23.45,nasa,0.68
2006-06-02,0.01,14.16,9.07,22.2,nasa,0.67
2006-06-03,0.0,14.66,10.18,22.23,nasa,0.67
2006-06-04,0.0,14.18,9.1,20.98,nasa,0.67
2006-06-05,0.0,14.68,7.22,22.14,nasa,0.67
2006-06-06,0.0,15.31,9.91,22.35,nasa,0.67
2006-06-07,0.07,15.76,11.21,22.96,nasa,0.67
2006-06-08,0.01,15.16,10.12,23.1,nasa,0.66
2006-06-09,0.0,15.68,9.45,23.31,nasa,0.66
2006-06-10,0.02,16.33,11.12,22.53,nasa,0.66
2006-06-11,0.6,17.05,12.34,23.22,nasa,0.66
2006-06-12,0.6,15.92,11.65,22.84,nasa,0.66
2006-06-13,0.01,15.85,10.68,22.99,nasa,0.66
2006-06-14,0.02,14.98,9.43,22.72,nasa,0.66
2006-06-15,0.0,15.6,9.98,23.75,nasa,0.66
2006-06-16,0.0,14.22,8.76,22.27,nasa,0.65
2006-06-17,0.0,14.04,8.26,22.52,nasa,0.65
2006-06-18,0.0,15.03,9.41,22.53,nasa,0.65
2006-06-19,0.0,15.42,10.51,22.59,nasa,0.65
2006-06-20,0.0,15.6,10.37,22.72,nasa,0.65
2006-06-21,0.0,14.26,7.29,22.34,nasa,0.65
2006-06-22,0.0,16.07,10.42,24.68,nasa,0.65
2006-06-23,0.04,15.65,9.08,24.25,nasa,0.64
2006-06-24,0.0,14.75,10.0,23.13,nasa,0.64
2006-06-25,0.45,15.5,10.17,22.73,nasa,0.64
2006-06-26,8.51,16.23,12.54,21.36,nasa,0.65
2006-06-27,0.23,14.77,7.97,21.29,nasa,0.65
2006-06-28,0.0,11.38,6.93,19.04,nasa,0.65
2006-06-29,0.64,12.93,7.75,19.17,nasa,0.65
2006-06-30,0.02,14.59,10.29,21.08,nasa,0.65
2006-07-01,0.0,14.93,8.62,22.93,nasa,0.65
2006-07-02,0.51,14.62,10.2,21.26,nasa,0.65
2006-07-03,0.09,15.17,10.52,21.38,nasa,0.65
2006-07-04,0.02,14.87,8.27,22.62,nasa,0.64
2006-07-05,0.0,15.05,9.76,23.69,nasa,0.64
2006-07-06,0.01,15.16,7.15,24.56,nasa,0.64
2006-07-07,0.01,14.95,6.53,23.81,nasa,0.64
2006-07-08,0.01,17.16,9.06,25.89,nasa,0.64
2006-07-09,0.0,18.22,11.72,26.97,nasa,0.64
2006-07-10,0.11,18.13,10.97,26.5,nasa,0.63
2006-07-11,3.04,18.1,13.25,26.68,nasa,0.64
2006-07-12,0.02,17.32,11.6,25.96,nasa,0.64
2006-07-13,0.0,16.0,8.08,25.34,nasa,0.63
2006-07-14,0.0,14.92,7.07,24.33,nasa,0.63
2006-07-15,0.0,14.69,8.3,23.82,nasa,0.63
2006-07-16,0.04,14.45,9.46,23.04,nasa,0.63
2006-07-17,0.14,14.53,8.65,23.62,nasa,0.63
2006-07-18,0.0,14.93,7.61,24.1,nasa,0.63
2006-07-19,0.0,15.35,8.32,24.04,nasa,0.63
2006-07-20,0.33,16.28,10.08,24.9,nasa,0.62
2006-07-21,0.0,16.89,8.41,26.21,nasa,0.62
2006-07-22,0.0,17.73,9.95,26.43,nasa,0.62
2006-07-23,0.19,18.0,11.16,26.58,nasa,0.62
2006-07-24,0.0,17.62,11.07,27.75,nasa,0.62
2006-07-25,0.0,17.79,9.58,27.91,nasa,0.62
2006-07-26,0.0,17.81,9.0,27.19,nasa,0.62
2006-07-27,0.0,19.46,13.09,27.36,nasa,0.61
2006-07-28,0.8,20.46,14.62,28.64,nasa,0.61
2006-07-29,4.42,18.08,12.74,26.06,nasa,0.61
2006-07-30,8.03,13.78,10.73,18.0,nasa,0.63
2006-07-31,4.25,14.25,9.94,20.32,nasa,0.64
2006-08-01,1.79,16.25,11.11,23.43,nasa,0.64
2006-08-02,1.2,16.41,12.28,23.48,nasa,0.64
2006-08-03,0.32,16.52,11.13,23.61,nasa,0.64
2006-08-04,0.17,16.6,10.68,25.31,nasa,0.63
2006-08-05,0.71,17.16,10.56,26.3,nasa,0.63
2006-08-06,0.0,17.97,10.18,26.8,nasa,0.63
2006-08-07,0.0,18.43,11.26,28.46,nasa,0.63
2006-08-08,0.0,18.03,9.96,28.31,nasa,0.62
2006-08-09,0.0,16.67,7.67,26.57,nasa,0.62
2006-08-10,0.0,19.04,10.67,28.52,nasa,0.62
2006-08-11,0.0,18.78,11.52,29.3,nasa,0.62
2006-08-12,0.0,18.35,10.75,27.07,nasa,0.61
2006-08-13,0.0,19.28,10.15,28.03,nasa,0.61
2006-08-14,0.0,19.07,10.23,28.16,nasa,0.61
2006-08-15,0.0,19.85,10.76,29.12,nasa,0.61
2006-08-16,0.0,21.22,12.78,29.71,nasa,0.61
2006-08-17,0.01,21.9,14.82,31.87,nasa,0.61
2006-08-18,0.01,21.06,14.39,29.66,nasa,0.61
2006-08-19,4.41,20.01,12.33,29.15,nasa,0.61
2006-08-20,2.37,19.4,14.21,26.45,nasa,0.61
2006-08-21,0.27,15.45,9.52,23.8,nasa,0.61
2006-08-22,0.0,14.34,6.79,24.1,nasa,0.61
2006-08-23,0.0,16.72,7.56,26.45,nasa,0.61
2006-08-24,0.0,18.14,9.46,28.52,nasa,0.61
2006-08-25,0.0,18.85,11.39,28.27,nasa,0.61
2006-08-26,0.02,18.47,12.04,27.19,nasa,0.61
2006-08-27,4.43,18.53,12.0,26.43,nasa,0.61
2006-08-28,2.58,15.93,12.45,22.18,nasa,0.61
2006-08-29,1.13,14.58,7.37,22.09,nasa,0.62
2006-08-30,0.09,13.42,6.87,23.63,nasa,0.62
2006-08-31,0.05,15.71,7.09,26.07,nasa,0.61
2006-09-01,9.08,18.54,10.8,27.75,nasa,0.61
2006-09-02,2.32,18.24,13.11,25.27,nasa,0.63
2006-09-03,2.51,19.12,13.83,26.52,nasa,0.63
2006-09-04,2.5,16.84,10.32,24.95,nasa,0.63
2006-09-05,0.4,12.25,6.86,21.04,nasa,0.63
2006-09-06,0.12,12.55,5.77,22.08,nasa,0.62
2006-09-07,0.09,14.89,8.88,22.94,nasa,0.62
2006-09-08,0.0,16.72,10.07,26.53,nasa,0.62
2006-09-09,0.0,16.2,10.32,24.73,nasa,0.62
2006-09-10,0.4,18.47,11.61,27.28,nasa,0.62
2006-09-11,0.0,20.21,10.71,30.83,nasa,0.61
2006-09-12,0.3,20.77,11.25,31.43,nasa,0.61
2006-09-13,0.34,21.48,11.39,32.37,nasa,0.61
2006-09-14,0.49,20.54,10.21,31.19,nasa,0.61
2006-09-15,0.43,22.43,11.79,32.19,nasa,0.61
2006-09-16,1.42,21.65,13.8,31.79,nasa,0.6
2006-09-17,9.14,20.64,14.06,29.85,nasa,0.61
2006-09-18,5.32,18.25,13.63,24.59,nasa,0.62
2006-09-19,0.36,19.08,11.94,27.83,nasa,0.63
2006-09-20,20.84,19.64,13.93,26.75,nasa,0.63
2006-09-21,3.06,20.17,15.34,25.53,nasa,0.66
2006-09-22,0.13,19.92,13.68,27.5,nasa,0.65
2006-09-23,5.68,21.36,14.64,28.93,nasa,0.65
2006-09-24,3.39,19.33,13.97,25.6,nasa,0.65
2006-09-25,0.17,17.64,13.06,25.15,nasa,0.65
2006-09-26,0.61,17.12,12.05,24.99,nasa,0.64
2006-09-27,0.2,17.32,11.31,26.88,nasa,0.64
2006-09-28,0.0,17.71,9.18,27.48,nasa,0.64
2006-09-29,0.59,20.06,12.84,29.45,nasa,0.63
2006-09-30,1.56,18.83,13.76,26.16,nasa,0.63
2006-10-01,4.93,17.51,14.52,22.19,nasa,0.63
2006-10-02,9.05,17.5,14.65,21.45,nasa,0.64
2006-10-03,16.11,19.52,15.1,24.77,nasa,0.66
2006-10-04,3.44,21.24,14.87,28.58,nasa,0.67
2006-10-05,2.65,19.42,16.79,22.86,nasa,0.67
2006-10-06,20.31,20.09,16.57,26.19,nasa,0.68
2006-10-07,12.19,19.48,16.97,24.12,nasa,0.71
2006-10-08,1.32,18.89,15.93,23.53,nasa,0.7
2006-10-09,0.67,18.78,14.57,24.88,nasa,0.69
2006-10-10,0.56,18.21,13.78,24.16,nasa,0.69
2006-10-11,0.5,19.47,12.84,26.98,nasa,0.68
2006-10-12,7.95,20.2,15.87,26.2,nasa,0.68
2006-10-13,9.33,19.38,16.41,22.0,nasa,0.7
2006-10-14,0.35,20.26,16.0,25.84,nasa,0.7
2006-10-15,0.07,22.02,15.55,29.21,nasa,0.69
2006-10-16,8.76,22.26,17.06,28.69,nasa,0.68
2006-10-17,4.52,21.28,17.38,27.52,nasa,0.69
2006-10-18,3.64,20.1,16.89,25.63,nasa,0.69
2006-10-19,9.75,18.93,15.64,23.56,nasa,0.7
2006-10-20,1.16,18.35,13.48,26.28,nasa,0.7
2006-10-21,0.07,17.21,10.76,25.82,nasa,0.7
2006-10-22,1.12,16.32,11.44,23.37,nasa,0.69
2006-10-23,0.23,16.69,10.38,24.53,nasa,0.69
2006-10-24,0.03,17.67,12.29,24.54,nasa,0.68
2006-10-25,0.28,19.92,12.77,26.93,nasa,0.68
2006-10-26,0.06,21.23,14.32,29.1,nasa,0.67
2006-10-27,0.88,20.93,15.8,29.1,nasa,0.67
2006-10-28,0.02,19.61,12.83,27.89,nasa,0.66
2006-10-29,0.01,19.27,10.26,29.86,nasa,0.66
2006-10-30,0.0,21.4,12.18,31.09,nasa,0.66
2006-10-31,4.39,22.45,15.87,29.58,nasa,0.65
2006-11-01,14.11,22.36,16.83,29.34,nasa,0.67
2006-11-02,32.23,20.28,18.15,23.15,nasa,0.71
2006-11-03,11.27,21.54,16.88,27.18,nasa,0.74
2006-11-04,4.78,20.64,16.62,27.44,nasa,0.73
2006-11-05,0.06,20.11,14.3,27.92,nasa,0.72
2006-11-06,0.55,20.52,14.98,27.35,nasa,0.71
2006-11-07,0.47,20.72,14.43,26.27,nasa,0.7
2006-11-08,0.13,18.64,12.56,28.01,nasa,0.7
2006-11-09,3.49,16.39,12.63,20.45,nasa,0.69
2006-11-10,12.82,14.5,11.46,17.87,nasa,0.71
2006-11-11,6.65,13.71,9.53,19.47,nasa,0.71
2006-11-12,3.95,15.2,9.56,22.41,nasa,0.71
2006-11-13,8.64,16.23,11.26,22.46,nasa,0.72
2006-11-14,9.76,17.7,12.69,24.19,nasa,0.72
2006-11-15,1.9,17.85,13.06,23.4,nasa,0.73
2006-11-16,1.02,20.96,14.84,27.2,nasa,0.72
2006-11-17,0.39,22.13,15.8,29.24,nasa,0.71
2006-11-18,1.25,23.1,17.62,29.87,nasa,0.7
2006-11-19,20.83,22.38,17.42,28.71,nasa,0.71
2006-11-20,16.22,20.52,18.48,23.7,nasa,0.74
2006-11-21,1.32,21.37,16.74,27.19,nasa,0.74
2006-11-22,0.25,20.87,14.7,28.42,nasa,0.73
2006-11-23,0.9,21.42,15.28,29.12,nasa,0.72
2006-11-24,1.22,21.63,15.93,28.73,nasa,0.71
2006-11-25,35.9,21.42,16.9,26.57,nasa,0.73
2006-11-26,9.03,20.49,18.24,24.73,nasa,0.77
2006-11-27,14.45,20.35,17.42,24.01,nasa,0.77
2006-11-28,12.6,20.72,16.74,26.0,nasa,0.78
2006-11-29,7.0,21.59,18.14,26.04,nasa,0.78
2006-11-30,7.07,22.1,17.68,28.83,nasa,0.78
2006-12-01,1.02,19.77,14.88,26.39,nasa,0.77
2006-12-02,0.1,19.05,13.52,25.34,nasa,0.76
2006-12-03,0.01,21.05,14.41,27.68,nasa,0.75
2006-12-04,19.03,21.34,17.17,27.32,nasa,0.76
2006-12-05,9.33,20.49,18.41,23.57,nasa,0.78
2006-12-06,1.66,21.18,17.25,26.09,nasa,0.77
2006-12-07,0.77,20.65,17.08,25.97,nasa,0.77
2006-12-08,0.61,21.28,15.38,28.45,nasa,0.76
2006-12-09,3.59,20.47,15.85,25.44,nasa,0.75
2006-12-10,2.35,19.71,16.83,24.39,nasa,0.75
2006-12-11,5.2,20.31,15.76,27.12,nasa,0.75
2006-12-12,0.89,20.29,14.87,27.35,nasa,0.75
2006-12-13,6.89,20.85,16.52,26.43,nasa,0.74
2006-12-14,23.39,20.17,18.13,23.98,nasa,0.76
2006-12-15,35.33,20.03,17.54,24.17,nasa,0.8
2006-12-16,17.11,20.96,16.25,26.48,nasa,0.83
2006-12-17,0.99,22.2,17.51,27.76,nasa,0.82
2006-12-18,1.52,22.28,18.02,28.04,nasa,0.8
2006-12-19,1.16,22.13,17.69,27.84,nasa,0.79
2006-12-20,6.49,21.84,17.8,27.24,nasa,0.79
2006-12-21,7.03,21.73,18.13,26.16,nasa,0.79
2006-12-22,3.71,21.91,17.9,26.43,nasa,0.79
2006-12-23,17.54,22.93,17.87,28.37,nasa,0.8
2006-12-24,22.24,21.83,18.85,25.3,nasa,0.82
2006-12-25,6.3,23.04,18.31,29.03,nasa,0.83
2006-12-26,5.41,22.56,17.79,27.93,nasa,0.82
2006-12-27,13.61,21.42,17.86,25.87,nasa,0.82
2006-12-28,6.16,20.48,16.83,25.02,nasa,0.83
2006-12-29,1.63,19.86,15.77,24.46,nasa,0.82
2006-12-30,7.36,19.76,17.19,24.23,nasa,0.82
2006-12-31,27.72,19.02,17.0,22.08,nasa,0.84
2007-01-01,23.24,18.4,16.52,21.03,nasa,0.87
2007-01-02,17.12,19.04,16.3,22.59,nasa,0.88
2007-01-03,23.16,19.55,17.26,23.49,nasa,0.89
2007-01-04,33.16,20.36,17.08,25.19,nasa,0.91
2007-01-05,15.13,20.2,18.52,23.26,nasa,0.92
2007-01-06,7.94,19.0,17.09,21.67,nasa,0.92
2007-01-07,4.4,20.84,15.97,26.41,nasa,0.91
2007-01-08,4.34,19.87,17.65,23.19,nasa,0.91
2007-01-09,8.88,21.1,16.5,26.3,nasa,0.91
2007-01-10,1.04,22.59,17.43,28.98,nasa,0.91
2007-01-11,2.03,21.96,16.51,28.47,nasa,0.9
2007-01-12,0.79,22.02,16.57,27.92,nasa,0.89
2007-01-13,17.34,21.58,19.8,25.44,nasa,0.9
2007-01-14,18.44,21.68,17.17,28.18,nasa,0.91
2007-01-15,25.16,19.61,15.06,23.94,nasa,0.93
2007-01-16,21.11,19.45,16.7,24.11,nasa,0.95
2007-01-17,16.98,19.24,16.29,22.74,nasa,0.95
2007-01-18,14.5,20.73,18.29,24.04,nasa,0.96
2007-01-19,1.02,23.17,18.12,28.84,nasa,0.95
2007-01-20,7.37,22.46,19.29,26.05,nasa,0.94
2007-01-21,18.26,22.72,18.17,28.53,nasa,0.95
2007-01-22,13.67,19.18,16.68,22.88,nasa,0.96
2007-01-23,3.4,19.64,15.78,24.03,nasa,0.96
2007-01-24,13.82,20.6,16.22,25.47,nasa,0.96
2007-01-25,17.97,20.29,16.87,23.7,nasa,0.96
2007-01-26,9.43,20.75,18.24,24.77,nasa,0.97
2007-01-27,19.09,21.05,18.68,24.52,nasa,0.97
2007-01-28,15.87,21.77,18.77,26.1,nasa,0.98
2007-01-29,17.18,21.34,18.75,24.67,nasa,0.98
2007-01-30,13.42,21.56,19.8,24.77,nasa,0.99
2007-01-31,7.98,22.06,17.9,27.76,nasa,0.99
2007-02-01,6.77,21.83,18.3,26.2,nasa,0.98
2007-02-02,12.03,21.36,18.36,24.73,nasa,0.98
2007-02-03,3.69,21.74,17.21,27.61,nasa,0.98
2007-02-04,1.1,20.75,16.46,26.62,nasa,0.98
2007-02-05,6.15,20.94,15.47,26.85,nasa,0.97
2007-02-06,7.89,20.23,18.57,22.99,nasa,0.97
2007-02-07,5.4,21.09,17.82,25.4,nasa,0.97
2007-02-08,4.64,21.0,18.16,24.87,nasa,0.97
2007-02-09,0.04,21.54,16.66,27.64,nasa,0.97
2007-02-10,0.0,21.5,16.19,27.51,nasa,0.96
2007-02-11,14.72,20.84,17.45,24.69,nasa,0.96
2007-02-12,6.89,18.28,14.44,23.71,nasa,0.97
2007-02-13,0.11,18.37,13.26,24.52,nasa,0.96
2007-02-14,0.48,18.22,14.09,22.77,nasa,0.95
2007-02-15,1.81,19.9,14.8,26.33,nasa,0.95
2007-02-16,0.25,21.04,15.18,27.97,nasa,0.94
2007-02-17,1.07,21.99,15.85,27.96,nasa,0.94
2007-02-18,2.9,22.7,17.85,28.77,nasa,0.93
2007-02-19,3.8,20.73,17.49,24.52,nasa,0.93
2007-02-20,0.41,21.39,18.12,26.18,nasa,0.93
2007-02-21,0.0,21.53,16.65,28.19,nasa,0.92
2007-02-22,0.0,20.43,13.93,27.58,nasa,0.91
2007-02-23,0.0,20.13,14.2,26.49,nasa,0.91
2007-02-24,0.18,21.07,15.09,27.13,nasa,0.9
2007-02-25,3.27,20.27,15.21,26.02,nasa,0.9
2007-02-26,4.01,19.58,14.5,25.32,nasa,0.89
2007-02-27,1.81,19.99,17.27,24.24,nasa,0.89
2007-02-28,0.01,20.87,16.22,26.95,nasa,0.89
2007-03-01,0.0,19.53,13.28,26.58,nasa,0.88
2007-03-02,0.0,20.89,15.66,27.55,nasa,0.87
2007-03-03,0.0,21.19,15.72,28.38,nasa,0.86
2007-03-04,0.0,20.3,14.69,27.33,nasa,0.86
2007-03-05,0.0,20.72,14.51,27.77,nasa,0.85
2007-03-06,0.32,21.26,14.69,28.31,nasa,0.85
2007-03-07,0.44,21.83,15.96,28.33,nasa,0.84
2007-03-08,0.0,21.46,15.43,27.77,nasa,0.84
2007-03-09,0.58,21.68,15.35,28.18,nasa,0.83
2007-03-10,0.12,21.41,14.46,27.84,nasa,0.83
2007-03-11,0.37,20.97,13.69,27.87,nasa,0.82
2007-03-12,0.01,20.43,14.37,27.07,nasa,0.82
2007-03-13,1.19,21.26,16.16,27.21,nasa,0.81
2007-03-14,1.71,20.71,15.62,26.49,nasa,0.81
2007-03-15,0.15,21.03,16.45,26.52,nasa,0.8
2007-03-16,16.19,21.08,16.84,26.47,nasa,0.81
2007-03-17,12.82,20.63,17.74,24.86,nasa,0.83
2007-03-18,7.81,20.67,18.25,24.9,nasa,0.84
2007-03-19,4.72,20.16,16.98,24.68,nasa,0.84
2007-03-20,8.59,19.71,16.68,24.13,nasa,0.84
2007-03-21,5.41,20.5,17.86,23.95,nasa,0.84
2007-03-22,3.36,21.66,16.79,26.88,nasa,0.84
2007-03-23,1.47,20.99,17.54,25.37,nasa,0.84
2007-03-24,9.45,21.31,18.59,25.33,nasa,0.84
2007-03-25,2.57,20.96,16.62,26.38,nasa,0.84
2007-03-26,0.41,21.4,17.0,26.83,nasa,0.84
2007-03-27,0.22,21.43,15.55,28.41,nasa,0.83
2007-03-28,0.81,21.38,15.13,28.9,nasa,0.82
2007-03-29,0.03,21.01,15.03,28.03,nasa,0.82
2007-03-30,1.31,21.15,15.04,27.73,nasa,0.81
2007-03-31,0.08,21.64,15.26,29.01,nasa,0.8
2007-04-01,0.16,20.96,15.7,28.18,nasa,0.8
2007-04-02,0.16,20.45,14.12,27.95,nasa,0.79
2007-04-03,0.27,21.1,14.89,28.12,nasa,0.79
2007-04-04,4.95,21.06,17.45,26.4,nasa,0.79
2007-04-05,5.31,20.82,16.64,26.94,nasa,0.79
2007-04-06,0.6,17.72,16.15,20.38,nasa,0.79
2007-04-07,0.61,18.6,15.76,22.29,nasa,0.79
2007-04-08,14.42,19.68,16.21,24.89,nasa,0.8
2007-04-09,4.39,19.6,15.68,25.0,nasa,0.81
2007-04-10,0.97,19.55,14.9,25.18,nasa,0.81
2007-04-11,0.03,19.97,15.7,25.65,nasa,0.8
2007-04-12,0.0,20.15,15.49,26.2,nasa,0.79
2007-04-13,0.57,19.69,14.49,26.52,nasa,0.79
2007-04-14,2.45,19.45,14.34,25.55,nasa,0.78
2007-04-15,1.13,19.99,15.36,25.95,nasa,0.78
2007-04-16,1.61,19.44,14.86,25.45,nasa,0.78
2007-04-17,2.28,18.48,14.54,24.18,nasa,0.78
2007-04-18,0.62,18.96,14.04,25.65,nasa,0.77
2007-04-19,0.29,19.18,14.79,25.32,nasa,0.77
2007-04-20,1.31,19.76,15.01,26.03,nasa,0.76
2007-04-21,0.68,19.39,16.24,23.85,nasa,0.76
2007-04-22,10.26,19.7,15.76,24.36,nasa,0.77
2007-04-23,0.69,20.32,16.43,25.77,nasa,0.78
2007-04-24,0.55,20.47,15.77,25.89,nasa,0.77
2007-04-25,7.03,20.73,15.59,25.97,nasa,0.77
2007-04-26,1.35,20.25,15.03,25.89,nasa,0.77
2007-04-27,3.31,18.75,14.73,22.52,nasa,0.77
2007-04-28,1.25,16.5,13.88,20.89,nasa,0.77
2007-04-29,1.07,16.46,14.17,20.25,nasa,0.77
2007-04-30,0.66,18.09,13.67,24.18,nasa,0.77
2007-05-01,0.06,16.46,11.72,23.83,nasa,0.76
2007-05-02,0.0,16.18,10.21,23.08,nasa,0.75
2007-05-03,0.42,17.29,11.12,24.82,nasa,0.75
2007-05-04,0.55,17.29,12.83,24.1,nasa,0.75
2007-05-05,0.0,17.04,12.0,24.07,nasa,0.74
2007-05-06,2.93,16.26,10.31,23.22,nasa,0.74
2007-05-07,1.42,17.71,12.6,23.81,nasa,0.74
2007-05-08,0.27,18.61,11.4,25.24,nasa,0.74
2007-05-09,3.01,14.79,8.16,20.39,nasa,0.74
2007-05-10,0.75,12.0,7.91,18.29,nasa,0.74
2007-05-11,5.42,12.7,7.42,20.27,nasa,0.74
2007-05-12,0.0,15.53,8.53,22.96,nasa,0.74
2007-05-13,0.0,16.6,10.78,23.53,nasa,0.74
2007-05-14,0.34,16.66,10.15,24.03,nasa,0.73
2007-05-15,2.74,17.77,13.56,24.07,nasa,0.73
2007-05-16,0.4,17.98,13.07,24.88,nasa,0.73
2007-05-17,0.0,19.44,12.95,25.91,nasa,0.73
2007-05-18,1.47,19.3,14.1,25.73,nasa,0.72
2007-05-19,4.73,18.35,14.14,23.56,nasa,0.73
2007-05-20,1.88,17.01,13.57,22.91,nasa,0.73
2007-05-21,0.06,17.67,13.81,22.54,nasa,0.73
2007-05-22,1.93,15.69,12.07,20.26,nasa,0.73
2007-05-23,18.72,15.9,13.41,19.2,nasa,0.74
2007-05-24,3.76,13.53,7.87,18.98,nasa,0.76
2007-05-25,0.0,10.88,4.96,18.65,nasa,0.75
2007-05-26,0.0,13.14,8.35,20.2,nasa,0.75
2007-05-27,2.99,12.76,7.75,17.55,nasa,0.74
2007-05-28,0.16,14.51,10.32,20.85,nasa,0.74
2007-05-29,0.31,14.09,10.49,19.64,nasa,0.74
2007-05-30,0.05,10.91,6.66,17.32,nasa,0.74
2007-05-31,0.0,12.12,6.65,19.54,nasa,0.74
2007-06-01,0.01,13.91,9.09,21.34,nasa,0.73
2007-06-02,6.36,16.36,11.16,22.47,nasa,0.73
2007-06-03,2.27,15.72,8.43,20.7,nasa,0.74
2007-06-04,0.0,10.82,5.01,18.51,nasa,0.74
2007-06-05,0.0,11.47,3.97,19.65,nasa,0.73
2007-06-06,0.0,13.69,7.81,20.61,nasa,0.73
2007-06-07,0.0,16.83,11.2,23.34,nasa,0.72
2007-06-08,0.0,17.46,12.5,24.15,nasa,0.72
2007-06-09,0.0,16.89,10.73,24.38,nasa,0.72
2007-06-10,0.01,16.15,8.95,23.46,nasa,0.72
2007-06-11,0.0,16.51,10.09,23.87,nasa,0.71
2007-06-12,0.01,15.86,9.35,23.27,nasa,0.71
2007-06-13,0.5,15.91,9.53,23.07,nasa,0.71
2007-06-14,0.31,17.15,11.47,24.36,nasa,0.71
2007-06-15,0.0,17.09,10.65,24.24,nasa,0.7
2007-06-16,0.05,17.21,12.21,25.02,nasa,0.7
2007-06-17,0.12,16.7,11.17,24.35,nasa,0.7
2007-06-18,0.0,17.15,11.69,24.33,nasa,0.7
2007-06-19,0.0,15.82,9.85,23.7,nasa,0.69
2007-06-20,0.22,14.58,7.93,22.27,nasa,0.69
2007-06-21,0.0,14.58,7.17,22.49,nasa,0.69
2007-06-22,0.0,15.26,8.98,23.06,nasa,0.69
2007-06-23,0.0,14.58,6.85,22.54,nasa,0.69
2007-06-24,0.31,16.15,10.74,23.32,nasa,0.69
2007-06-25,0.02,15.38,10.03,23.1,nasa,0.68
2007-06-26,0.0,16.17,11.04,23.06,nasa,0.68
2007-06-27,0.0,15.47,8.36,23.26,nasa,0.68
2007-06-28,0.04,16.57,10.23,23.45,nasa,0.68
2007-06-29,0.07,16.56,11.83,22.94,nasa,0.68
2007-06-30,0.01,16.15,11.53,22.62,nasa,0.68
2007-07-01,0.0,14.84,9.19,22.61,nasa,0.67
2007-07-02,0.0,14.28,7.77,22.45,nasa,0.67
2007-07-03,0.0,14.9,7.63,22.83,nasa,0.67
2007-07-04,0.0,14.88,6.43,23.24,nasa,0.67
2007-07-05,0.0,15.46,7.55,23.71,nasa,0.67
2007-07-06,0.0,16.05,8.24,23.74,nasa,0.66
2007-07-07,0.0,16.33,8.29,23.77,nasa,0.66
2007-07-08,0.0,15.9,7.37,23.83,nasa,0.66
2007-07-09,0.0,17.94,11.23,25.97,nasa,0.66
2007-07-10,0.0,16.49,8.82,24.53,nasa,0.66
2007-07-11,0.07,17.28,11.56,25.88,nasa,0.66
2007-07-12,0.06,15.56,10.69,22.71,nasa,0.65
2007-07-13,0.0,16.86,11.86,23.26,nasa,0.65
2007-07-14,0.0,18.08,11.16,24.38,nasa,0.65
2007-07-15,0.04,18.79,13.45,26.45,nasa,0.65
2007-07-16,3.93,17.4,12.45,23.86,nasa,0.65
2007-07-17,4.0,16.92,11.56,24.32,nasa,0.66
2007-07-18,1.08,15.84,10.68,22.47,nasa,0.66
2007-07-19,0.04,12.98,8.0,21.24,nasa,0.66
2007-07-20,0.0,14.33,5.57,23.48,nasa,0.66
2007-07-21,0.0,17.99,11.37,26.27,nasa,0.65
2007-07-22,0.0,16.72,8.52,26.04,nasa,0.65
2007-07-23,4.14,18.88,12.46,26.89,nasa,0.65
2007-07-24,22.12,17.82,14.12,23.11,nasa,0.67
2007-07-25,7.76,17.03,12.12,22.14,nasa,0.69
2007-07-26,0.51,12.75,8.55,19.67,nasa,0.69
2007-07-27,1.02,13.91,9.13,19.18,nasa,0.69
2007-07-28,0.76,13.93,9.64,20.86,nasa,0.68
2007-07-29,0.16,9.93,5.32,15.87,nasa,0.68
2007-07-30,0.0,9.5,4.06,17.93,nasa,0.68
2007-07-31,0.0,11.91,5.52,19.76,nasa,0.67
2007-08-01,0.2,14.45,7.5,22.71,nasa,0.67
2007-08-02,0.02,15.33,8.85,24.36,nasa,0.67
2007-08-03,0.01,15.34,7.57,24.43,nasa,0.66
2007-08-04,0.0,15.76,8.23,24.13,nasa,0.66
2007-08-05,0.01,17.7,12.36,25.7,nasa,0.66
2007-08-06,0.01,16.34,10.92,24.91,nasa,0.66
2007-08-07,0.0,17.06,9.77,25.36,nasa,0.65
2007-08-08,0.0,18.2,10.07,27.51,nasa,0.65
2007-08-09,0.0,17.61,11.2,27.01,nasa,0.65
2007-08-10,0.0,17.07,10.03,25.92,nasa,0.65
2007-08-11,0.0,17.35,8.62,27.07,nasa,0.64
2007-08-12,0.0,16.7,11.71,24.46,nasa,0.64
2007-08-13,0.0,17.09,11.62,25.79,nasa,0.64
2007-08-14,0.0,16.56,10.96,25.83,nasa,0.64
2007-08-15,0.0,16.78,10.67,25.7,nasa,0.64
2007-08-16,0.0,16.51,8.07,26.39,nasa,0.64
2007-08-17,0.0,16.48,7.89,27.24,nasa,0.64
2007-08-18,0.0,16.77,9.28,27.1,nasa,0.63
2007-08-19,0.0,17.23,9.94,26.48,nasa,0.63
2007-08-20,0.0,16.95,9.19,26.24,nasa,0.63
2007-08-21,0.01,16.76,9.99,26.8,nasa,0.63
2007-08-22,0.0,16.8,9.46,26.48,nasa,0.63
2007-08-23,0.0,17.42,9.15,27.44,nasa,0.63
2007-08-24,0.0,18.0,8.38,28.03,nasa,0.62
2007-08-25,0.0,19.86,9.72,29.19,nasa,0.62
2007-08-26,0.0,20.36,10.5,29.56,nasa,0.62
2007-08-27,0.01,21.2,14.05,31.23,nasa,0.62
2007-08-28,0.09,19.25,13.03,29.36,nasa,0.62
2007-08-29,0.03,19.04,11.69,28.87,nasa,0.62
2007-08-30,0.21,18.63,12.88,26.74,nasa,0.62
2007-08-31,0.07,19.41,13.17,27.93,nasa,0.62
2007-09-01,0.34,20.11,12.26,28.83,nasa,0.62
2007-09-02,2.79,20.9,13.89,28.86,nasa,0.62
2007-09-03,1.76,20.27,14.9,29.06,nasa,0.62
2007-09-04,0.48,19.74,14.3,28.39,nasa,0.62
2007-09-05,0.11,19.29,12.93,27.72,nasa,0.62
2007-09-06,1.3,19.95,13.82,28.66,nasa,0.62
2007-09-07,0.1,19.97,12.52,29.4,nasa,0.62
2007-09-08,0.0,19.29,11.36,29.33,nasa,0.62
2007-09-09,0.0,19.04,10.58,29.2,nasa,0.61
2007-09-10,0.0,18.87,11.3,29.3,nasa,0.61
2007-09-11,0.0,18.7,11.65,28.63,nasa,0.61
2007-09-12,0.0,18.54,10.85,28.15,nasa,0.61
2007-09-13,0.0,19.22,12.53,28.24,nasa,0.61
2007-09-14,0.0,19.77,11.27,29.58,nasa,0.61
2007-09-15,0.0,20.12,10.92,30.6,nasa,0.61
2007-09-16,0.0,21.27,13.83,31.34,nasa,0.61
2007-09-17,0.01,19.12,11.6,28.75,nasa,0.6
2007-09-18,0.0,19.5,11.78,29.48,nasa,0.6
2007-09-19,0.1,21.47,12.62,31.77,nasa,0.6
2007-09-20,0.01,23.64,14.46,34.57,nasa,0.6
2007-09-21,0.0,22.71,14.2,32.53,nasa,0.6
2007-09-22,0.0,23.47,14.36,33.56,nasa,0.6
2007-09-23,0.0,23.55,14.18,33.58,nasa,0.6
2007-09-24,0.0,23.64,14.27,35.2,nasa,0.6
2007-09-25,0.0,16.05,11.03,23.43,nasa,0.6
2007-09-26,0.11,16.16,10.12,24.0,nasa,0.6
2007-09-27,0.14,20.31,12.07,29.79,nasa,0.6
2007-09-28,7.96,21.19,13.62,31.26,nasa,0.6
2007-09-29,1.45,20.66,14.95,28.44,nasa,0.61
2007-09-30,0.55,18.38,13.32,26.31,nasa,0.61
2007-10-01,0.03,18.2,11.7,26.79,nasa,0.61
2007-10-02,0.0,18.61,10.16,28.63,nasa,0.61
2007-10-03,0.0,18.9,11.33,28.68,nasa,0.61
2007-10-04,0.0,19.71,10.2,30.25,nasa,0.6
2007-10-05,0.0,21.03,11.68,30.93,nasa,0.6
2007-10-06,0.0,21.95,13.1,31.82,nasa,0.6
2007-10-07,2.7,22.6,13.86,32.27,nasa,0.6
2007-10-08,0.64,22.27,14.04,31.97,nasa,0.6
2007-10-09,0.0,21.67,13.39,31.37,nasa,0.6
2007-10-10,0.0,22.18,13.64,32.59,nasa,0.6
2007-10-11,0.0,21.91,12.2,33.26,nasa,0.6
2007-10-12,0.0,23.08,13.2,32.58,nasa,0.6
2007-10-13,0.0,24.27,14.97,33.19,nasa,0.59
2007-10-14,0.97,24.33,18.91,32.47,nasa,0.59
2007-10-15,0.56,22.6,16.6,29.34,nasa,0.59
2007-10-16,0.0,25.32,16.63,34.27,nasa,0.59
2007-10-17,2.52,25.08,18.24,34.26,nasa,0.59
2007-10-18,6.02,20.93,17.05,27.16,nasa,0.6
2007-10-19,7.37,19.63,15.06,25.25,nasa,0.61
2007-10-20,0.06,23.14,15.23,32.28,nasa,0.62
2007-10-21,4.81,23.96,15.98,32.64,nasa,0.61
2007-10-22,15.07,21.0,17.3,26.2,nasa,0.63
2007-10-23,4.63,18.59,15.98,22.89,nasa,0.64
2007-10-24,28.2,17.33,15.45,20.28,nasa,0.66
2007-10-25,10.75,17.6,15.07,21.01,nasa,0.69
2007-10-26,1.1,20.58,14.73,27.52,nasa,0.69
2007-10-27,2.91,22.54,16.39,30.45,nasa,0.67
2007-10-28,0.87,22.01,17.18,28.64,nasa,0.67
2007-10-29,0.42,23.91,17.11,31.25,nasa,0.66
2007-10-30,8.7,24.48,18.86,31.52,nasa,0.66
2007-10-31,9.27,22.41,18.31,27.21,nasa,0.67
2007-11-01,8.61,23.69,17.07,31.88,nasa,0.68
2007-11-02,5.38,23.78,18.98,30.97,nasa,0.68
2007-11-03,5.6,22.77,17.55,28.93,nasa,0.68
2007-11-04,15.75,19.99,16.83,22.8,nasa,0.69
2007-11-05,3.81,18.69,14.41,24.5,nasa,0.7
2007-11-06,6.8,18.31,15.85,21.94,nasa,0.7
2007-11-07,7.63,19.95,15.26,25.58,nasa,0.7
2007-11-08,9.56,20.41,16.74,24.81,nasa,0.71
2007-11-09,4.68,19.14,16.72,23.05,nasa,0.71
2007-11-10,8.31,21.25,16.96,27.59,nasa,0.71
2007-11-11,5.02,22.25,16.07,28.84,nasa,0.71
2007-11-12,20.22,19.28,15.36,23.82,nasa,0.72
2007-11-13,2.65,18.44,14.32,24.23,nasa,0.73
2007-11-14,2.15,20.28,15.42,26.77,nasa,0.72
2007-11-15,4.59,20.02,15.15,24.77,nasa,0.72
2007-11-16,3.38,16.49,13.88,21.42,nasa,0.72
2007-11-17,0.37,18.58,12.49,25.89,nasa,0.72
2007-11-18,0.0,20.59,13.51,27.5,nasa,0.71
2007-11-19,11.77,19.92,16.27,24.23,nasa,0.71
2007-11-20,6.32,20.86,16.38,27.98,nasa,0.72
2007-11-21,0.5,19.56,13.43,28.12,nasa,0.72
2007-11-22,0.35,17.04,11.4,24.84,nasa,0.71
2007-11-23,0.13,18.65,11.52,25.94,nasa,0.7
2007-11-24,4.47,20.85,14.02,27.48,nasa,0.7
2007-11-25,5.78,20.61,15.93,25.97,nasa,0.7
2007-11-26,16.88,21.68,17.41,27.48,nasa,0.71
2007-11-27,2.41,20.9,15.36,27.77,nasa,0.72
2007-11-28,0.01,19.64,12.83,28.58,nasa,0.71
2007-11-29,0.17,19.22,11.53,27.59,nasa,0.7
2007-11-30,0.01,20.25,12.97,28.38,nasa,0.69
2007-12-01,0.58,20.87,13.24,29.36,nasa,0.69
2007-12-02,0.14,22.24,15.06,30.57,nasa,0.68
2007-12-03,0.0,23.02,16.12,31.28,nasa,0.68
2007-12-04,10.19,23.21,16.75,30.3,nasa,0.68
2007-12-05,5.56,22.1,18.14,27.76,nasa,0.69
2007-12-06,5.0,22.17,18.39,28.31,nasa,0.69
2007-12-07,16.51,21.9,17.67,26.76,nasa,0.7
2007-12-08,2.33,22.72,17.05,29.23,nasa,0.71
2007-12-09,11.16,22.74,18.72,27.58,nasa,0.71
2007-12-10,12.9,22.01,18.2,27.64,nasa,0.73
2007-12-11,2.93,21.04,17.39,25.39,nasa,0.72
2007-12-12,13.96,21.63,17.34,28.38,nasa,0.72
2007-12-13,9.68,19.23,15.87,24.38,nasa,0.74
2007-12-14,18.27,18.43,15.62,22.0,nasa,0.75
2007-12-15,1.43,20.46,14.97,28.14,nasa,0.75
2007-12-16,1.42,20.74,14.7,27.99,nasa,0.74
2007-12-17,1.09,20.6,15.67,27.3,nasa,0.73
2007-12-18,1.37,20.35,14.87,27.16,nasa,0.72
2007-12-19,33.89,19.16,15.34,22.65,nasa,0.74
2007-12-20,5.03,19.94,16.77,24.0,nasa,0.77
2007-12-21,5.75,19.07,16.39,22.02,nasa,0.77
2007-12-22,7.28,19.32,16.61,22.13,nasa,0.77
2007-12-23,9.01,19.14,16.47,23.68,nasa,0.77
2007-12-24,2.91,19.1,16.17,22.56,nasa,0.77
2007-12-25,0.22,20.13,15.87,25.52,nasa,0.77
2007-12-26,0.0,20.81,15.06,27.98,nasa,0.76
2007-12-27,0.0,20.92,13.25,28.35,nasa,0.74
2007-12-28,3.81,22.38,15.59,29.2,nasa,0.74
2007-12-29,0.01,22.04,15.38,29.78,nasa,0.73
2007-12-30,0.03,22.96,14.06,30.61,nasa,0.72
2007-12-31,1.11,23.85,16.24,31.33,nasa,0.71
2008-01-01,0.03,23.14,17.26,30.69,nasa,0.71
2008-01-02,0.11,21.36,15.19,27.58,nasa,0.7
2008-01-03,0.53,22.66,15.39,30.42,nasa,0.7
2008-01-04,0.08,22.2,14.6,28.67,nasa,0.69
2008-01-05,12.55,21.0,16.91,25.23,nasa,0.7
2008-01-06,17.34,20.61,18.33,24.34,nasa,0.72
2008-01-07,7.89,19.63,16.28,23.52,nasa,0.74
2008-01-08,8.07,20.77,16.56,27.18,nasa,0.74
2008-01-09,16.1,20.32,14.27,26.01,nasa,0.75
2008-01-10,14.14,22.0,17.98,28.0,nasa,0.76
2008-01-11,9.27,21.39,18.15,26.37,nasa,0.77
2008-01-12,10.87,21.4,18.19,26.05,nasa,0.77
2008-01-13,9.75,20.15,18.33,22.91,nasa,0.78
2008-01-14,2.2,20.3,16.46,25.97,nasa,0.78
2008-01-15,0.27,19.7,15.29,25.19,nasa,0.77
2008-01-16,4.15,20.02,15.24,25.21,nasa,0.76
2008-01-17,13.46,21.1,14.7,26.43,nasa,0.76
2008-01-18,11.41,21.17,17.0,25.55,nasa,0.78
2008-01-19,3.61,22.15,18.75,26.93,nasa,0.78
2008-01-20,10.32,20.91,18.61,23.67,nasa,0.77
2008-01-21,31.63,19.29,16.79,23.22,nasa,0.81
2008-01-22,12.66,17.89,14.37,22.47,nasa,0.83
2008-01-23,1.85,17.93,14.12,22.44,nasa,0.82
2008-01-24,0.45,18.57,15.04,23.93,nasa,0.81
2008-01-25,3.27,20.14,15.29,26.52,nasa,0.8
2008-01-26,2.09,18.42,15.51,23.55,nasa,0.8
2008-01-27,6.23,18.03,14.79,23.26,nasa,0.8
2008-01-28,5.81,17.79,14.85,21.42,nasa,0.8
2008-01-29,24.84,18.9,15.12,23.57,nasa,0.81
2008-01-30,15.63,20.2,15.88,25.5,nasa,0.84
2008-01-31,8.8,21.47,16.7,26.97,nasa,0.84
2008-02-01,0.62,23.0,17.46,28.7,nasa,0.83
2008-02-02,30.63,22.03,16.93,27.05,nasa,0.83
2008-02-03,16.32,20.48,18.74,22.9,nasa,0.86
2008-02-04,21.18,19.64,16.09,23.7,nasa,0.88
2008-02-05,5.14,18.6,14.8,22.97,nasa,0.88
2008-02-06,23.55,18.42,16.23,21.19,nasa,0.88
2008-02-07,19.07,19.31,16.21,23.14,nasa,0.9
2008-02-08,2.24,21.34,16.5,26.89,nasa,0.9
2008-02-09,8.19,21.66,15.77,26.66,nasa,0.89
2008-02-10,1.2,21.39,18.19,24.79,nasa,0.89
2008-02-11,1.34,21.87,16.84,27.09,nasa,0.88
2008-02-12,14.44,22.28,18.17,26.6,nasa,0.89
2008-02-13,11.19,22.54,17.44,26.88,nasa,0.89
2008-02-14,2.64,22.21,16.7,28.28,nasa,0.9
2008-02-15,0.34,21.48,17.14,27.1,nasa,0.89
2008-02-16,3.08,20.56,15.76,25.8,nasa,0.88
2008-02-17,0.4,20.79,15.79,26.17,nasa,0.88
2008-02-18,8.56,21.33,17.07,26.23,nasa,0.87
2008-02-19,10.88,21.55,17.83,26.45,nasa,0.88
2008-02-20,9.68,21.61,16.24,27.64,nasa,0.89
2008-02-21,16.26,19.61,17.3,23.05,nasa,0.9
2008-02-22,5.05,21.1,16.29,26.38,nasa,0.9
2008-02-23,8.58,21.56,18.12,25.82,nasa,0.9
2008-02-24,19.3,20.57,16.89,25.23,nasa,0.91
2008-02-25,1.16,19.41,14.81,25.13,nasa,0.91
2008-02-26,0.98,20.23,15.7,26.48,nasa,0.9
2008-02-27,3.1,19.77,15.5,25.79,nasa,0.89
2008-02-28,0.2,18.2,13.94,24.1,nasa,0.89
2008-02-29,10.7,18.55,14.23,24.08,nasa,0.89
2008-03-01,25.72,20.27,17.45,24.22,nasa,0.91
2008-03-02,0.91,21.26,17.05,26.79,nasa,0.91
2008-03-03,0.01,21.0,15.35,27.54,nasa,0.9
2008-03-04,1.04,20.65,14.74,27.24,nasa,0.89
2008-03-05,2.3,21.46,14.89,27.98,nasa,0.89
2008-03-06,0.32,21.82,16.48,27.87,nasa,0.88
2008-03-07,4.2,21.74,17.15,27.29,nasa,0.88
2008-03-08,4.68,22.21,17.95,27.63,nasa,0.88
2008-03-09,6.71,21.14,17.0,25.81,nasa,0.88
2008-03-10,0.96,21.65,16.37,27.71,nasa,0.88
2008-03-11,8.39,20.33,17.46,24.62,nasa,0.88
2008-03-12,14.03,20.88,18.15,25.53,nasa,0.88
2008-03-13,17.76,21.02,18.2,25.43,nasa,0.89
2008-03-14,23.04,19.17,15.68,25.02,nasa,0.92
2008-03-15,44.53,16.77,14.82,19.36,nasa,0.94
2008-03-16,25.48,17.95,15.9,20.86,nasa,0.96
2008-03-17,5.11,19.59,15.43,24.87,nasa,0.96
2008-03-18,1.75,20.09,15.8,26.32,nasa,0.95
2008-03-19,0.04,19.05,14.32,24.97,nasa,0.94
2008-03-20,0.12,19.91,15.23,25.72,nasa,0.93
2008-03-21,0.02,19.97,15.41,25.97,nasa,0.92
2008-03-22,0.05,19.5,15.83,24.47,nasa,0.92
2008-03-23,7.16,20.58,16.68,25.65,nasa,0.92
2008-03-24,2.03,20.13,17.21,24.56,nasa,0.92
2008-03-25,2.49,19.79,15.34,25.7,nasa,0.92
2008-03-26,5.61,19.93,16.0,24.97,nasa,0.92
2008-03-27,8.22,19.87,16.13,25.42,nasa,0.92
2008-03-28,0.58,20.04,14.65,26.07,nasa,0.92
2008-03-29,0.63,19.58,15.65,25.84,nasa,0.91
2008-03-30,0.59,18.2,14.28,24.41,nasa,0.9
2008-03-31,0.02,17.64,12.71,23.77,nasa,0.9
2008-04-01,0.0,18.54,12.67,24.99,nasa,0.89
2008-04-02,0.15,18.83,13.83,24.54,nasa,0.89
2008-04-03,7.7,19.47,16.05,24.22,nasa,0.89
2008-04-04,7.53,18.68,15.8,23.54,nasa,0.89
2008-04-05,4.31,17.87,15.23,22.58,nasa,0.9
2008-04-06,25.18,18.1,15.14,21.85,nasa,0.91
2008-04-07,9.85,18.75,16.85,21.94,nasa,0.92
2008-04-08,6.23,20.72,17.43,24.94,nasa,0.92
2008-04-09,4.09,20.2,17.47,24.46,nasa,0.92
2008-04-10,12.17,20.57,16.86,24.46,nasa,0.92
2008-04-11,0.34,20.81,16.9,26.01,nasa,0.93
2008-04-12,0.88,20.63,16.83,25.37,nasa,0.92
2008-04-13,1.06,20.55,16.43,26.43,nasa,0.92
2008-04-14,11.61,19.21,16.88,22.49,nasa,0.92
2008-04-15,9.71,18.16,15.44,22.5,nasa,0.93
2008-04-16,3.35,18.98,14.87,24.47,nasa,0.93
2008-04-17,2.87,20.31,15.68,25.96,nasa,0.92
2008-04-18,0.33,19.22,14.83,25.6,nasa,0.92
2008-04-19,0.31,17.79,14.41,23.01,nasa,0.92
2008-04-20,13.93,18.0,15.15,21.73,nasa,0.92
2008-04-21,9.24,18.37,15.48,22.85,nasa,0.93
2008-04-22,8.67,18.64,15.31,23.21,nasa,0.93
2008-04-23,0.91,18.28,13.92,23.56,nasa,0.93
2008-04-24,0.01,18.26,14.19,23.8,nasa,0.92
2008-04-25,0.0,17.65,12.6,23.22,nasa,0.92
2008-04-26,0.0,17.89,12.22,23.52,nasa,0.91
2008-04-27,0.0,18.41,12.67,24.12,nasa,0.91
2008-04-28,0.87,18.09,12.17,24.63,nasa,0.9
2008-04-29,1.51,19.11,13.3,25.08,nasa,0.9
2008-04-30,2.84,16.64,12.54,20.98,nasa,0.9
2008-05-01,1.12,14.15,12.65,16.11,nasa,0.9
2008-05-02,10.45,15.76,12.7,19.25,nasa,0.9
2008-05-03,7.83,17.44,13.16,22.54,nasa,0.92
2008-05-04,0.01,15.0,9.12,21.35,nasa,0.91
2008-05-05,2.41,15.59,12.15,20.63,nasa,0.9
2008-05-06,0.0,13.2,8.62,18.95,nasa,0.9
2008-05-07,0.9,11.87,5.99,20.04,nasa,0.9
2008-05-08,0.14,12.92,6.62,20.35,nasa,0.89
2008-05-09,0.01,14.09,8.07,20.43,nasa,0.89
2008-05-10,0.17,14.96,10.96,20.46,nasa,0.89
2008-05-11,0.06,15.07,11.56,20.3,nasa,0.88
2008-05-12,0.02,14.23,11.64,17.59,nasa,0.88
2008-05-13,0.0,13.98,11.25,17.29,nasa,0.88
2008-05-14,0.0,15.03,9.45,20.79,nasa,0.88
2008-05-15,0.0,15.59,11.21,21.24,nasa,0.87
2008-05-16,0.01,16.0,11.91,21.45,nasa,0.87
2008-05-17,0.12,15.25,12.84,18.63,nasa,0.87
2008-05-18,0.06,17.16,12.7,22.82,nasa,0.87
2008-05-19,0.0,17.03,11.99,22.92,nasa,0.86
2008-05-20,0.0,17.01,11.96,23.44,nasa,0.86
2008-05-21,4.92,16.52,10.82,22.34,nasa,0.86
2008-05-22,0.23,16.83,12.33,22.02,nasa,0.86
2008-05-23,0.0,16.59,11.26,22.64,nasa,0.85
2008-05-24,0.0,15.46,11.21,21.78,nasa,0.85
2008-05-25,0.0,14.75,9.37,21.82,nasa,0.85
2008-05-26,0.0,15.63,9.34,21.83,nasa,0.84
2008-05-27,0.0,16.41,10.75,22.49,nasa,0.84
2008-05-28,0.04,15.96,10.7,22.47,nasa,0.84
2008-05-29,0.34,16.43,10.55,22.98,nasa,0.83
2008-05-30,2.79,16.23,11.94,21.22,nasa,0.83
2008-05-31,6.27,12.38,9.45,16.54,nasa,0.84
2008-06-01,3.64,11.59,9.59,14.95,nasa,0.84
2008-06-02,0.39,13.46,9.41,19.6,nasa,0.84
2008-06-03,1.49,14.2,10.74,19.94,nasa,0.84
2008-06-04,2.73,15.0,10.99,20.25,nasa,0.84
2008-06-05,0.47,16.81,11.94,22.35,nasa,0.84
2008-06-06,0.0,17.37,12.84,23.13,nasa,0.83
2008-06-07,0.0,17.52,13.31,23.33,nasa,0.83
2008-06-08,0.0,16.31,11.77,22.13,nasa,0.83
2008-06-09,0.0,15.76,9.47,21.88,nasa,0.82
2008-06-10,0.0,16.5,12.4,22.33,nasa,0.82
2008-06-11,0.0,17.4,12.92,23.17,nasa,0.82
2008-06-12,0.0,16.91,12.98,22.69,nasa,0.81
2008-06-13,0.0,17.53,13.36,22.41,nasa,0.81
2008-06-14,0.0,15.71,11.56,22.1,nasa,0.81
2008-06-15,0.25,16.66,10.81,22.84,nasa,0.8
2008-06-16,0.98,13.51,10.11,16.96,nasa,0.8
2008-06-17,0.16,13.26,8.29,19.38,nasa,0.8
2008-06-18,0.0,15.43,10.28,21.42,nasa,0.8
2008-06-19,0.0,16.26,11.44,22.27,nasa,0.8
2008-06-20,0.0,15.58,9.42,21.79,nasa,0.79
2008-06-21,0.04,16.6,10.52,23.45,nasa,0.79
2008-06-22,0.52,16.48,13.55,21.18,nasa,0.79
2008-06-23,2.08,13.62,11.1,17.65,nasa,0.79
2008-06-24,3.66,13.57,10.38,18.07,nasa,0.79
2008-06-25,0.98,13.7,10.76,18.65,nasa,0.8
2008-06-26,0.09,13.0,8.66,19.39,nasa,0.79
2008-06-27,0.0,14.44,10.06,19.87,nasa,0.79
2008-06-28,0.0,13.95,8.66,20.64,nasa,0.79
2008-06-29,0.0,14.36,9.38,20.32,nasa,0.79
2008-06-30,0.0,14.55,8.42,21.05,nasa,0.78
2008-07-01,0.0,15.01,8.05,22.08,nasa,0.78
2008-07-02,0.0,15.17,8.95,22.27,nasa,0.78
2008-07-03,1.21,14.73,10.37,20.31,nasa,0.77
2008-07-04,0.22,13.6,8.79,20.06,nasa,0.77
2008-07-05,0.01,13.01,8.14,20.41,nasa,0.77
2008-07-06,1.43,13.1,7.42,20.67,nasa,0.77
2008-07-07,0.0,13.12,7.23,21.23,nasa,0.77
2008-07-08,0.0,12.74,6.3,20.67,nasa,0.76
2008-07-09,0.0,12.34,5.24,20.56,nasa,0.76
2008-07-10,0.0,12.78,7.49,20.11,nasa,0.76
2008-07-11,0.07,13.1,9.31,19.55,nasa,0.76
2008-07-12,0.08,13.11,8.73,20.15,nasa,0.75
2008-07-13,0.0,12.16,6.86,20.26,nasa,0.75
2008-07-14,0.0,11.55,4.75,19.88,nasa,0.75
2008-07-15,0.0,11.84,5.0,21.15,nasa,0.75
2008-07-16,0.0,12.03,4.19,20.58,nasa,0.74
2008-07-17,0.01,12.06,4.5,20.54,nasa,0.74
2008-07-18,0.0,14.78,8.29,21.5,nasa,0.74
2008-07-19,0.0,15.35,9.41,22.28,nasa,0.73
2008-07-20,0.0,14.58,9.1,22.15,nasa,0.73
2008-07-21,0.18,14.98,7.47,23.06,nasa,0.73
2008-07-22,1.21,14.78,8.15,22.62,nasa,0.73
2008-07-23,0.0,16.51,8.76,24.14,nasa,0.73
2008-07-24,0.0,16.6,9.95,24.12,nasa,0.72
2008-07-25,0.03,16.76,10.99,24.08,nasa,0.72
2008-07-26,0.03,14.34,9.77,21.93,nasa,0.72
2008-07-27,0.0,14.92,9.07,22.93,nasa,0.72
2008-07-28,0.0,15.98,8.03,24.16,nasa,0.71
2008-07-29,0.0,15.71,9.56,24.33,nasa,0.71
2008-07-30,0.0,14.21,6.41,22.43,nasa,0.71
2008-07-31,0.0,15.86,8.78,23.54,nasa,0.7
2008-08-01,3.79,17.03,10.14,24.69,nasa,0.71
2008-08-02,0.0,16.65,10.92,23.98,nasa,0.71
2008-08-03,1.09,17.06,10.82,24.28,nasa,0.7
2008-08-04,0.55,16.5,11.99,21.76,nasa,0.7
2008-08-05,7.7,17.67,12.99,24.65,nasa,0.7
2008-08-06,1.35,18.51,13.48,25.73,nasa,0.71
2008-08-07,14.78,18.61,13.68,25.3,nasa,0.72
2008-08-08,0.69,18.59,14.72,24.1,nasa,0.73
2008-08-09,12.62,17.2,13.43,21.94,nasa,0.73
2008-08-10,2.91,17.14,12.78,23.13,nasa,0.74
2008-08-11,0.04,17.04,11.75,24.57,nasa,0.73
2008-08-12,0.0,18.09,11.98,25.38,nasa,0.73
2008-08-13,0.0,18.19,10.95,25.97,nasa,0.72
2008-08-14,0.06,16.68,9.73,24.8,nasa,0.71
2008-08-15,0.0,17.12,10.06,25.1,nasa,0.71
2008-08-16,0.0,17.64,10.26,25.6,nasa,0.71
2008-08-17,0.0,17.4,10.0,25.4,nasa,0.7
2008-08-18,0.13,17.59,9.74,26.62,nasa,0.7
2008-08-19,0.38,16.92,9.46,26.51,nasa,0.7
2008-08-20,0.0,17.04,9.96,26.24,nasa,0.69
2008-08-21,0.0,16.83,8.84,25.34,nasa,0.69
2008-08-22,1.41,18.07,11.75,26.42,nasa,0.69
2008-08-23,5.32,16.76,12.64,23.76,nasa,0.69
2008-08-24,0.16,17.1,12.18,24.21,nasa,0.69
2008-08-25,0.0,17.78,11.36,25.22,nasa,0.69
2008-08-26,0.0,18.7,13.83,26.81,nasa,0.69
2008-08-27,0.0,16.6,10.29,25.98,nasa,0.68
2008-08-28,0.0,17.57,8.26,27.15,nasa,0.68
2008-08-29,1.28,18.63,10.26,28.63,nasa,0.67
2008-08-30,8.54,14.2,9.11,22.43,nasa,0.68
2008-08-31,2.22,14.48,8.96,22.68,nasa,0.69
2008-09-01,0.04,15.97,9.68,24.93,nasa,0.69
2008-09-02,0.04,16.72,7.09,26.34,nasa,0.68
2008-09-03,0.0,18.2,7.81,27.73,nasa,0.68
2008-09-04,0.0,20.78,12.98,28.95,nasa,0.67
2008-09-05,0.05,19.46,11.31,30.18,nasa,0.67
2008-09-06,0.02,20.29,12.16,29.79,nasa,0.66
2008-09-07,1.76,19.97,13.9,28.68,nasa,0.66
2008-09-08,2.78,19.48,15.31,25.28,nasa,0.66
2008-09-09,0.22,19.55,12.69,28.22,nasa,0.66
2008-09-10,1.35,20.53,13.51,29.68,nasa,0.66
2008-09-11,0.0,22.23,13.15,31.34,nasa,0.66
2008-09-12,0.0,21.6,13.36,30.76,nasa,0.66
2008-09-13,0.23,20.61,13.88,28.28,nasa,0.65
2008-09-14,2.59,19.17,14.3,26.09,nasa,0.65
2008-09-15,2.33,18.53,12.69,26.6,nasa,0.65
2008-09-16,6.7,16.32,11.9,22.33,nasa,0.66
2008-09-17,0.83,14.86,10.67,22.09,nasa,0.67
2008-09-18,0.08,14.44,10.29,21.56,nasa,0.66
2008-09-19,0.0,15.75,9.42,24.69,nasa,0.66
2008-09-20,16.97,16.92,9.67,25.72,nasa,0.67
2008-09-21,12.77,16.64,13.73,21.12,nasa,0.69
2008-09-22,0.06,14.06,9.72,19.61,nasa,0.7
2008-09-23,0.0,14.76,7.46,23.52,nasa,0.69
2008-09-24,0.0,15.51,8.7,24.33,nasa,0.68
2008-09-25,0.43,16.89,10.04,25.65,nasa,0.68
2008-09-26,17.21,14.84,10.9,20.94,nasa,0.68
2008-09-27,4.46,15.52,10.04,22.88,nasa,0.7
2008-09-28,0.29,15.26,9.25,23.71,nasa,0.7
2008-09-29,0.07,16.44,9.59,25.26,nasa,0.69
2008-09-30,0.0,18.95,11.28,26.91,nasa,0.68
2008-10-01,21.03,21.87,15.49,29.63,nasa,0.69
2008-10-02,3.06,18.81,16.22,21.98,nasa,0.71
2008-10-03,0.37,21.34,14.83,28.5,nasa,0.71
2008-10-04,2.16,20.27,15.76,25.46,nasa,0.7
2008-10-05,4.96,21.02,15.71,27.26,nasa,0.7
2008-10-06,5.39,19.49,14.94,27.2,nasa,0.7
2008-10-07,3.13,18.27,13.69,24.92,nasa,0.7
2008-10-08,1.14,17.02,12.27,23.35,nasa,0.7
2008-10-09,0.6,14.26,10.7,19.26,nasa,0.7
2008-10-10,0.03,16.57,10.59,24.24,nasa,0.69
2008-10-11,0.01,18.05,11.36,26.04,nasa,0.69
2008-10-12,0.0,19.57,13.43,27.19,nasa,0.68
2008-10-13,0.0,21.92,15.18,29.66,nasa,0.68
2008-10-14,3.02,22.72,16.3,29.96,nasa,0.67
2008-10-15,0.04,24.38,16.52,32.67,nasa,0.67
2008-10-16,1.2,24.44,19.3,32.36,nasa,0.67
2008-10-17,5.88,20.4,17.09,24.67,nasa,0.67
2008-10-18,9.42,20.45,16.35,24.77,nasa,0.68
2008-10-19,11.53,18.13,15.21,22.38,nasa,0.7
2008-10-20,2.53,18.01,13.7,24.49,nasa,0.71
2008-10-21,0.02,18.43,14.33,23.76,nasa,0.7
2008-10-22,1.83,20.74,14.51,27.79,nasa,0.69
2008-10-23,0.48,21.65,14.26,28.92,nasa,0.69
2008-10-24,0.01,22.41,14.0,30.55,nasa,0.68
2008-10-25,0.05,23.6,16.24,31.75,nasa,0.67
2008-10-26,0.0,24.29,15.99,32.08,nasa,0.67
2008-10-27,1.55,24.38,17.73,32.91,nasa,0.66
2008-10-28,4.65,22.33,16.95,30.05,nasa,0.66
2008-10-29,16.11,21.67,15.79,28.03,nasa,0.68
2008-10-30,3.04,22.04,18.08,28.01,nasa,0.7
2008-10-31,2.0,20.63,15.57,26.83,nasa,0.69
2008-11-01,0.14,20.33,14.16,27.78,nasa,0.69
2008-11-02,8.68,21.37,16.24,27.09,nasa,0.68
2008-11-03,1.96,22.58,17.9,29.22,nasa,0.69
2008-11-04,13.98,21.94,16.7,28.11,nasa,0.7
2008-11-05,3.25,20.49,17.06,24.55,nasa,0.71
2008-11-06,19.28,22.7,17.28,29.58,nasa,0.71
2008-11-07,2.7,20.65,17.35,24.9,nasa,0.72
2008-11-08,3.0,21.84,17.13,28.01,nasa,0.72
2008-11-09,4.7,21.84,17.5,28.98,nasa,0.71
2008-11-10,7.44,20.4,15.96,26.75,nasa,0.71
2008-11-11,2.94,19.05,14.45,25.65,nasa,0.71
2008-11-12,10.77,18.58,15.23,23.74,nasa,0.72
2008-11-13,18.28,19.11,14.43,24.46,nasa,0.73
2008-11-14,9.22,19.82,16.76,25.06,nasa,0.75
2008-11-15,0.28,21.85,16.42,27.9,nasa,0.74
2008-11-16,0.32,21.39,15.42,28.02,nasa,0.73
2008-11-17,17.59,20.34,16.2,25.78,nasa,0.73
2008-11-18,7.77,18.98,15.85,23.76,nasa,0.75
2008-11-19,4.29,18.33,13.65,25.13,nasa,0.75
2008-11-20,0.17,16.9,11.64,23.5,nasa,0.74
2008-11-21,2.21,17.03,11.9,23.72,nasa,0.73
2008-11-22,1.97,17.29,12.85,23.34,nasa,0.73
2008-11-23,2.7,18.51,13.06,24.87,nasa,0.73
2008-11-24,3.98,18.2,14.47,23.32,nasa,0.73
2008-11-25,0.63,18.94,14.19,25.38,nasa,0.72
2008-11-26,4.11,19.2,14.37,25.15,nasa,0.72
2008-11-27,9.47,19.37,14.87,25.33,nasa,0.72
2008-11-28,12.74,19.35,14.27,26.21,nasa,0.73
2008-11-29,6.4,18.76,14.38,24.84,nasa,0.74
2008-11-30,3.72,19.46,14.56,25.49,nasa,0.74
2008-12-01,0.13,20.78,14.27,28.02,nasa,0.73
2008-12-02,4.67,22.12,15.28,28.9,nasa,0.73
2008-12-03,3.89,20.86,13.54,26.92,nasa,0.73
2008-12-04,0.03,18.42,11.05,26.59,nasa,0.72
2008-12-05,0.04,18.58,12.55,26.25,nasa,0.71
2008-12-06,0.15,19.15,13.01,26.72,nasa,0.71
2008-12-07,1.66,20.5,13.43,28.55,nasa,0.7
2008-12-08,6.68,20.63,15.82,28.07,nasa,0.71
2008-12-09,0.27,21.15,14.49,30.39,nasa,0.7
2008-12-10,3.55,21.83,13.5,30.45,nasa,0.7
2008-12-11,7.24,21.11,17.51,25.38,nasa,0.7
2008-12-12,7.26,19.34,15.32,24.26,nasa,0.71
2008-12-13,1.26,18.14,14.15,22.91,nasa,0.72
2008-12-14,18.0,19.41,14.79,25.64,nasa,0.72
2008-12-15,22.0,18.96,14.84,23.89,nasa,0.76
2008-12-16,28.38,17.88,14.62,21.15,nasa,0.78
2008-12-17,6.87,19.35,14.82,24.65,nasa,0.8
2008-12-18,4.73,19.64,16.81,23.98,nasa,0.79
2008-12-19,9.8,19.49,15.28,23.61,nasa,0.78
2008-12-20,14.52,18.38,15.32,22.34,nasa,0.8
2008-12-21,4.49,19.18,14.81,24.85,nasa,0.8
2008-12-22,20.13,18.63,15.9,21.88,nasa,0.8
2008-12-23,4.58,19.68,15.78,24.06,nasa,0.82
2008-12-24,7.26,20.48,17.28,25.02,nasa,0.81
2008-12-25,12.62,19.65,16.53,22.62,nasa,0.82
2008-12-26,15.47,19.94,15.64,24.48,nasa,0.82
2008-12-27,14.55,17.6,15.69,19.91,nasa,0.84
2008-12-28,8.75,21.02,15.61,26.75,nasa,0.84
2008-12-29,12.95,22.43,16.44,28.93,nasa,0.84
2008-12-30,4.77,22.54,17.24,29.71,nasa,0.84
2008-12-31,20.46,20.37,17.12,24.45,nasa,0.85
2009-01-01,0.52,20.74,17.69,25.01,nasa,0.85
2009-01-02,5.64,20.12,16.48,24.82,nasa,0.85
2009-01-03,5.9,20.62,18.13,24.06,nasa,0.85
2009-01-04,12.9,19.34,14.88,23.74,nasa,0.85
2009-01-05,3.87,17.06,14.43,21.15,nasa,0.86
2009-01-06,2.29,19.26,13.59,25.88,nasa,0.85
2009-01-07,2.59,20.05,14.22,25.92,nasa,0.84
2009-01-08,0.73,21.2,14.72,27.96,nasa,0.84
2009-01-09,1.6,21.93,16.43,28.06,nasa,0.83
2009-01-10,0.67,20.5,16.66,24.43,nasa,0.83
2009-01-11,0.01,20.43,15.94,26.61,nasa,0.82
2009-01-12,0.01,21.89,15.22,28.07,nasa,0.81
2009-01-13,2.19,22.84,16.26,29.08,nasa,0.81
2009-01-14,8.17,20.45,18.02,23.43,nasa,0.81
2009-01-15,17.26,21.55,16.08,27.32,nasa,0.82
2009-01-16,7.09,20.02,17.52,23.22,nasa,0.84
2009-01-17,13.79,20.47,16.89,24.56,nasa,0.84
2009-01-18,7.0,21.22,17.62,25.99,nasa,0.85
2009-01-19,2.28,21.93,18.02,27.09,nasa,0.84
2009-01-20,21.14,21.03,17.91,24.98,nasa,0.85
2009-01-21,27.4,20.7,17.3,26.16,nasa,0.88
2009-01-22,4.15,19.64,16.03,25.01,nasa,0.88
2009-01-23,1.36,19.02,15.15,24.71,nasa,0.87
2009-01-24,3.44,19.83,14.98,25.19,nasa,0.86
2009-01-25,8.07,20.45,16.61,25.17,nasa,0.86
2009-01-26,15.01,19.28,17.4,21.34,nasa,0.88
2009-01-27,14.08,19.22,16.76,22.48,nasa,0.88
2009-01-28,8.67,20.3,16.88,24.8,nasa,0.89
2009-01-29,10.3,20.69,18.11,24.35,nasa,0.9
2009-01-30,11.15,21.84,18.26,25.91,nasa,0.9
2009-01-31,7.05,21.43,18.06,25.18,nasa,0.9
2009-02-01,3.77,23.15,18.46,29.93,nasa,0.89
2009-02-02,16.86,20.77,17.75,25.27,nasa,0.9
2009-02-03,7.59,21.09,18.36,25.42,nasa,0.9
2009-02-04,4.4,21.38,16.91,25.72,nasa,0.9
2009-02-05,5.6,21.66,16.96,26.34,nasa,0.9
2009-02-06,11.79,22.82,17.48,28.08,nasa,0.9
2009-02-07,2.65,22.52,17.79,28.83,nasa,0.9
2009-02-08,12.04,21.29,18.16,25.03,nasa,0.9
2009-02-09,23.99,21.37,18.51,25.51,nasa,0.92
2009-02-10,23.85,21.77,16.99,27.23,nasa,0.93
2009-02-11,7.15,21.61,19.07,24.98,nasa,0.94
2009-02-12,20.55,20.68,16.61,24.33,nasa,0.94
2009-02-13,13.83,18.3,15.7,21.27,nasa,0.95
2009-02-14,21.32,18.88,16.45,21.92,nasa,0.96
2009-02-15,5.44,19.69,16.98,23.24,nasa,0.97
2009-02-16,0.08,20.16,15.98,25.7,nasa,0.96
2009-02-17,0.26,21.09,15.63,27.42,nasa,0.95
2009-02-18,0.87,20.92,15.8,27.29,nasa,0.94
2009-02-19,0.12,20.58,15.58,26.88,nasa,0.94
2009-02-20,0.0,20.66,15.47,26.39,nasa,0.93
2009-02-21,0.0,21.58,15.88,27.23,nasa,0.92
2009-02-22,9.78,22.32,18.16,26.67,nasa,0.92
2009-02-23,5.27,22.17,16.89,28.14,nasa,0.93
2009-02-24,20.52,21.2,18.39,25.16,nasa,0.94
2009-02-25,8.9,21.05,17.11,25.66,nasa,0.95
2009-02-26,5.35,20.88,17.3,25.11,nasa,0.94
2009-02-27,0.38,21.84,17.38,26.08,nasa,0.94
2009-02-28,0.0,22.85,17.33,28.48,nasa,0.93
2009-03-01,0.0,23.19,17.63,29.61,nasa,0.92
2009-03-02,0.0,23.34,16.09,30.21,nasa,0.92
2009-03-03,0.86,23.85,18.4,30.34,nasa,0.91
2009-03-04,5.78,23.74,18.85,29.12,nasa,0.91
2009-03-05,2.44,23.78,17.87,29.92,nasa,0.91
2009-03-06,0.27,23.34,18.98,28.12,nasa,0.9
2009-03-07,14.86,22.29,18.36,27.43,nasa,0.91
2009-03-08,1.0,20.74,15.97,26.79,nasa,0.91
2009-03-09,16.81,21.0,17.44,24.95,nasa,0.91
2009-03-10,3.44,21.48,17.81,25.66,nasa,0.92
2009-03-11,6.56,20.96,17.08,25.29,nasa,0.92
2009-03-12,0.99,21.39,17.11,26.27,nasa,0.91
2009-03-13,5.11,21.52,18.22,25.92,nasa,0.91
2009-03-14,2.36,21.41,18.2,26.16,nasa,0.91
2009-03-15,2.18,20.96,17.77,25.53,nasa,0.9
2009-03-16,0.22,19.9,16.33,25.21,nasa,0.9
2009-03-17,4.06,19.16,16.35,23.18,nasa,0.9
2009-03-18,3.52,21.34,16.28,27.0,nasa,0.9
2009-03-19,1.42,19.49,16.35,24.58,nasa,0.9
2009-03-20,0.03,19.65,14.0,25.87,nasa,0.89
2009-03-21,3.03,19.44,15.59,23.64,nasa,0.89
2009-03-22,11.83,19.79,16.32,25.35,nasa,0.89
2009-03-23,4.08,19.99,16.62,25.61,nasa,0.9
2009-03-24,3.71,19.25,17.48,21.87,nasa,0.9
2009-03-25,2.28,19.17,15.48,24.2,nasa,0.9
2009-03-26,0.19,19.33,13.66,25.54,nasa,0.89
2009-03-27,7.47,19.27,15.5,23.42,nasa,0.89
2009-03-28,18.3,19.22,17.15,22.96,nasa,0.91
2009-03-29,7.66,20.39,16.47,25.13,nasa,0.92
2009-03-30,9.97,20.6,16.78,25.38,nasa,0.91
2009-03-31,5.68,19.55,16.65,23.2,nasa,0.92
2009-04-01,0.54,19.75,14.68,26.21,nasa,0.92
2009-04-02,6.76,18.69,14.84,24.53,nasa,0.91
2009-04-03,1.03,18.3,14.07,24.22,nasa,0.91
2009-04-04,0.29,18.79,15.32,23.45,nasa,0.9
2009-04-05,3.98,20.42,16.19,24.98,nasa,0.9
2009-04-06,16.3,20.01,17.15,23.27,nasa,0.91
2009-04-07,8.77,20.08,16.93,24.35,nasa,0.92
2009-04-08,8.21,19.03,14.46,25.08,nasa,0.92
2009-04-09,0.39,19.62,14.27,25.48,nasa,0.92
2009-04-10,0.07,19.81,15.82,25.65,nasa,0.91
2009-04-11,0.18,19.76,15.2,25.53,nasa,0.91
2009-04-12,1.18,19.43,15.68,24.27,nasa,0.9
2009-04-13,15.52,19.25,16.15,24.17,nasa,0.91
2009-04-14,7.74,18.02,16.66,20.54,nasa,0.92
2009-04-15,4.89,17.86,14.59,22.4,nasa,0.92
2009-04-16,0.32,17.31,12.96,23.52,nasa,0.91
2009-04-17,0.03,16.98,12.19,23.53,nasa,0.91
2009-04-18,0.03,17.07,11.92,23.73,nasa,0.9
2009-04-19,0.0,16.7,9.67,23.75,nasa,0.9
2009-04-20,0.19,17.61,12.15,23.64,nasa,0.89
2009-04-21,0.28,17.49,13.19,22.84,nasa,0.89
2009-04-22,0.03,17.15,13.26,22.28,nasa,0.89
2009-04-23,9.72,16.9,12.37,22.19,nasa,0.88
2009-04-24,0.41,17.62,13.01,23.4,nasa,0.89
2009-04-25,0.01,17.66,11.76,23.37,nasa,0.88
2009-04-26,0.0,17.71,13.35,23.47,nasa,0.88
2009-04-27,0.18,17.37,12.69,23.45,nasa,0.87
2009-04-28,0.09,17.57,13.06,23.52,nasa,0.87
2009-04-29,0.0,17.6,12.61,23.25,nasa,0.86
2009-04-30,0.05,17.48,12.89,23.38,nasa,0.86
2009-05-01,1.57,15.92,11.46,22.13,nasa,0.86
2009-05-02,2.16,16.05,12.13,21.6,nasa,0.86
2009-05-03,0.39,15.88,11.78,21.19,nasa,0.86
2009-05-04,13.75,16.67,12.09,21.74,nasa,0.86
2009-05-05,1.95,16.76,13.27,21.59,nasa,0.87
2009-05-06,0.0,16.57,12.72,22.44,nasa,0.86
2009-05-07,0.01,17.18,11.68,23.3,nasa,0.86
2009-05-08,0.0,17.26,12.38,23.14,nasa,0.85
2009-05-09,4.72,17.91,13.22,23.16,nasa,0.85
2009-05-10,2.95,18.56,14.54,24.1,nasa,0.85
2009-05-11,0.59,17.83,13.32,23.72,nasa,0.85
2009-05-12,0.02,17.71,12.73,23.5,nasa,0.85
2009-05-13,0.0,17.23,11.51,23.41,nasa,0.84
2009-05-14,2.6,15.96,10.38,21.79,nasa,0.84
2009-05-15,5.2,17.25,14.26,21.72,nasa,0.84
2009-05-16,0.34,15.0,11.2,20.84,nasa,0.84
2009-05-17,0.0,15.44,10.58,21.71,nasa,0.84
2009-05-18,0.0,16.36,10.71,22.67,nasa,0.83
2009-05-19,0.0,15.72,10.62,22.47,nasa,0.83
2009-05-20,0.03,16.21,11.84,22.39,nasa,0.83
2009-05-21,0.01,15.33,11.02,21.49,nasa,0.82
2009-05-22,0.0,14.3,9.36,21.42,nasa,0.82
2009-05-23,0.0,14.53,8.16,20.94,nasa,0.82
2009-05-24,0.0,15.43,8.91,21.85,nasa,0.81
2009-05-25,0.01,15.92,10.5,22.74,nasa,0.81
2009-05-26,5.09,17.43,12.17,23.3,nasa,0.81
2009-05-27,0.51,19.09,14.42,24.67,nasa,0.81
2009-05-28,3.15,18.09,12.49,24.06,nasa,0.81
2009-05-29,2.46,16.52,13.82,20.51,nasa,0.81
2009-05-30,0.12,16.37,12.86,21.95,nasa,0.81
2009-05-31,1.04,16.96,13.82,21.5,nasa,0.81
2009-06-01,0.84,15.34,7.56,20.16,nasa,0.81
2009-06-02,0.01,9.58,4.58,16.55,nasa,0.81
2009-06-03,0.0,8.4,2.77,16.24,nasa,0.8
2009-06-04,0.0,11.32,4.39,19.23,nasa,0.8
2009-06-05,1.07,14.51,9.48,20.83,nasa,0.8
2009-06-06,1.71,15.12,10.05,21.75,nasa,0.8
2009-06-07,0.01,14.15,10.7,19.88,nasa,0.79
2009-06-08,0.0,13.45,10.09,18.17,nasa,0.79
2009-06-09,0.0,13.88,10.13,17.84,nasa,0.79
2009-06-10,1.63,15.48,11.03,21.42,nasa,0.79
2009-06-11,3.0,15.4,10.77,21.2,nasa,0.79
2009-06-12,5.55,14.37,10.98,18.67,nasa,0.79
2009-06-13,0.7,11.76,8.33,17.53,nasa,0.8
2009-06-14,0.0,11.59,7.1,18.3,nasa,0.79
2009-06-15,0.02,12.04,6.67,19.12,nasa,0.79
2009-06-16,0.0,13.52,6.62,20.76,nasa,0.79
2009-06-17,0.0,15.4,10.22,21.39,nasa,0.78
2009-06-18,0.0,12.57,7.8,18.91,nasa,0.78
2009-06-19,0.0,12.58,6.41,20.21,nasa,0.78
2009-06-20,0.0,13.78,7.67,21.55,nasa,0.78
2009-06-21,0.0,13.93,8.86,21.23,nasa,0.77
2009-06-22,0.0,13.73,6.96,20.43,nasa,0.77
2009-06-23,0.06,13.3,8.28,19.88,nasa,0.77
2009-06-24,0.0,14.85,8.04,21.89,nasa,0.76
2009-06-25,0.9,15.41,10.19,20.95,nasa,0.76
2009-06-26,2.31,15.58,12.1,20.92,nasa,0.76
2009-06-27,11.56,14.65,11.31,18.24,nasa,0.77
2009-06-28,3.6,15.49,11.46,21.0,nasa,0.79
2009-06-29,0.35,15.2,10.38,21.78,nasa,0.78
2009-06-30,0.0,14.86,9.04,22.14,nasa,0.78
2009-07-01,0.02,16.39,9.59,23.17,nasa,0.77
2009-07-02,0.13,17.22,12.9,23.08,nasa,0.77
2009-07-03,5.19,16.73,13.47,21.46,nasa,0.77
2009-07-04,0.36,16.03,11.31,22.08,nasa,0.77
2009-07-05,0.0,15.55,11.42,21.65,nasa,0.77
2009-07-06,0.0,15.26,10.87,21.13,nasa,0.76
2009-07-07,0.0,15.12,10.39,21.57,nasa,0.76
2009-07-08,0.0,15.39,9.54,21.9,nasa,0.76
2009-07-09,0.91,15.65,11.33,21.48,nasa,0.75
2009-07-10,0.1,16.24,11.63,22.8,nasa,0.75
2009-07-11,7.49,16.85,12.48,22.43,nasa,0.75
2009-07-12,8.98,12.18,6.49,17.24,nasa,0.77
2009-07-13,0.0,11.99,4.6,20.41,nasa,0.77
2009-07-14,0.0,13.81,8.16,21.8,nasa,0.76
2009-07-15,0.05,14.3,10.24,20.57,nasa,0.76
2009-07-16,0.0,15.41,10.49,21.96,nasa,0.75
2009-07-17,0.0,15.19,8.37,22.28,nasa,0.75
2009-07-18,1.09,16.8,11.24,23.44,nasa,0.75
2009-07-19,1.23,15.18,10.24,21.37,nasa,0.75
2009-07-20,0.02,13.09,7.77,20.56,nasa,0.75
2009-07-21,0.0,14.93,9.6,22.18,nasa,0.74
2009-07-22,0.0,16.54,10.88,23.43,nasa,0.74
2009-07-23,0.07,17.49,12.81,23.77,nasa,0.74
2009-07-24,4.28,16.37,13.4,20.61,nasa,0.74
2009-07-25,2.23,16.35,12.58,21.19,nasa,0.74
2009-07-26,0.37,18.46,14.82,23.47,nasa,0.74
2009-07-27,0.92,19.61,14.77,25.3,nasa,0.74
2009-07-28,1.14,18.55,14.74,25.27,nasa,0.74
2009-07-29,0.14,18.18,12.0,25.87,nasa,0.73
2009-07-30,2.01,17.94,12.28,25.17,nasa,0.73
2009-07-31,0.65,16.83,11.96,23.85,nasa,0.73
2009-08-01,0.0,17.35,12.57,23.91,nasa,0.73
2009-08-02,0.0,16.73,10.99,24.76,nasa,0.72
2009-08-03,0.12,16.99,11.61,23.3,nasa,0.72
2009-08-04,0.07,18.32,12.19,25.47,nasa,0.72
2009-08-05,0.0,17.79,12.2,24.84,nasa,0.72
2009-08-06,0.0,18.18,11.32,25.54,nasa,0.71
2009-08-07,0.0,18.58,11.53,26.52,nasa,0.71
2009-08-08,0.0,17.93,11.21,25.83,nasa,0.71
2009-08-09,0.0,16.03,9.17,24.28,nasa,0.7
2009-08-10,0.0,16.73,9.51,25.19,nasa,0.7
2009-08-11,0.1,14.3,9.48,20.93,nasa,0.7
2009-08-12,0.03,15.67,10.34,24.24,nasa,0.7
2009-08-13,0.0,15.09,9.31,25.17,nasa,0.69
2009-08-14,0.0,15.28,8.57,24.31,nasa,0.69
2009-08-15,0.0,15.78,9.27,24.02,nasa,0.69
2009-08-16,0.0,16.68,10.46,23.67,nasa,0.69
2009-08-17,0.0,16.82,11.62,22.33,nasa,0.68
2009-08-18,0.33,16.64,11.23,23.94,nasa,0.68
2009-08-19,9.46,18.23,12.55,25.37,nasa,0.69
2009-08-20,7.27,18.59,14.24,24.72,nasa,0.7
2009-08-21,2.59,15.77,9.96,21.29,nasa,0.71
2009-08-22,0.14,13.74,9.51,21.01,nasa,0.7
2009-08-23,10.43,15.71,10.04,23.23,nasa,0.7
2009-08-24,6.48,17.15,14.04,22.29,nasa,0.72
2009-08-25,1.95,16.12,13.11,20.53,nasa,0.72
2009-08-26,0.74,15.03,12.15,20.58,nasa,0.72
2009-08-27,0.01,16.51,10.61,23.53,nasa,0.71
2009-08-28,0.0,17.04,11.37,24.93,nasa,0.71
2009-08-29,0.0,16.85,10.45,26.29,nasa,0.7
2009-08-30,0.0,16.33,10.0,26.74,nasa,0.7
2009-08-31,0.0,16.18,7.85,25.02,nasa,0.69
2009-09-01,0.0,19.55,13.18,26.03,nasa,0.69
2009-09-02,0.0,21.01,14.6,28.76,nasa,0.68
2009-09-03,0.13,21.14,13.33,29.33,nasa,0.68
2009-09-04,1.99,20.71,16.61,27.38,nasa,0.68
2009-09-05,0.95,20.54,15.05,27.94,nasa,0.68
2009-09-06,18.06,18.74,15.9,23.75,nasa,0.69
2009-09-07,0.14,20.18,15.95,27.7,nasa,0.71
2009-09-08,24.57,20.58,15.19,28.1,nasa,0.71
2009-09-09,1.59,20.15,15.26,24.94,nasa,0.73
2009-09-10,0.12,19.8,14.67,27.75,nasa,0.72
2009-09-11,0.02,19.04,13.27,26.62,nasa,0.71
2009-09-12,0.0,19.33,13.32,26.52,nasa,0.71
2009-09-13,0.0,20.62,12.99,26.94,nasa,0.7
2009-09-14,0.86,19.43,13.32,26.39,nasa,0.69
2009-09-15,1.03,19.58,13.72,27.4,nasa,0.69
2009-09-16,0.14,19.81,13.01,28.14,nasa,0.69
2009-09-17,0.0,19.85,11.92,28.68,nasa,0.68
2009-09-18,0.03,21.2,12.91,29.23,nasa,0.68
2009-09-19,0.2,22.17,15.66,28.7,nasa,0.68
2009-09-20,0.59,21.45,17.53,27.99,nasa,0.67
2009-09-21,38.77,18.45,16.13,21.25,nasa,0.69
2009-09-22,2.18,18.73,16.2,23.38,nasa,0.74
2009-09-23,7.55,18.9,16.33,22.5,nasa,0.73
2009-09-24,2.78,18.59,12.53,24.68,nasa,0.73
2009-09-25,0.4,16.5,10.83,24.21,nasa,0.72
2009-09-26,0.0,18.9,10.73,27.85,nasa,0.72
2009-09-27,0.0,21.51,14.23,29.62,nasa,0.71
2009-09-28,0.24,22.11,15.25,29.51,nasa,0.7
2009-09-29,4.96,21.33,14.18,28.81,nasa,0.7
2009-09-30,0.66,15.82,11.56,22.06,nasa,0.7
2009-10-01,0.09,17.99,10.77,26.52,nasa,0.7
2009-10-02,1.18,20.22,13.98,26.68,nasa,0.7
2009-10-03,10.44,21.05,16.72,27.91,nasa,0.7
2009-10-04,0.36,20.39,15.3,27.32,nasa,0.71
2009-10-05,0.02,19.97,15.71,25.16,nasa,0.7
2009-10-06,3.51,20.95,14.52,26.51,nasa,0.7
2009-10-07,11.25,21.39,16.35,27.79,nasa,0.7
2009-10-08,19.94,18.26,14.44,22.61,nasa,0.73
2009-10-09,5.76,16.19,12.33,21.7,nasa,0.75
2009-10-10,3.2,16.74,10.6,24.43,nasa,0.74
2009-10-11,0.32,18.49,12.03,25.7,nasa,0.73
2009-10-12,0.29,20.6,14.07,27.91,nasa,0.72
2009-10-13,0.01,20.77,17.36,25.31,nasa,0.72
2009-10-14,3.24,20.61,15.97,26.58,nasa,0.71
2009-10-15,6.32,21.01,16.89,26.87,nasa,0.72
2009-10-16,6.77,20.72,15.87,27.54,nasa,0.72
2009-10-17,20.63,18.54,14.72,24.35,nasa,0.74
2009-10-18,5.12,20.77,15.67,27.15,nasa,0.76
2009-10-19,15.44,20.15,16.73,24.62,nasa,0.76
2009-10-20,3.45,21.09,17.44,26.46,nasa,0.76
2009-10-21,9.9,21.24,15.96,27.15,nasa,0.76
2009-10-22,2.8,20.47,16.32,24.7,nasa,0.76
2009-10-23,0.08,21.14,15.11,28.77,nasa,0.75
2009-10-24,0.0,21.9,14.09,29.36,nasa,0.74
2009-10-25,16.75,20.87,16.87,27.22,nasa,0.75
2009-10-26,8.02,20.05,16.23,24.41,nasa,0.76
2009-10-27,5.05,19.58,16.53,23.99,nasa,0.77
2009-10-28,1.49,19.88,15.67,26.07,nasa,0.76
2009-10-29,2.98,19.28,15.6,24.46,nasa,0.76
2009-10-30,0.6,19.86,15.21,26.48,nasa,0.75
2009-10-31,0.15,19.83,14.05,26.59,nasa,0.74
2009-11-01,4.77,20.52,14.79,27.8,nasa,0.74
2009-11-02,1.31,22.24,15.48,29.87,nasa,0.74
2009-11-03,6.48,22.84,16.97,30.05,nasa,0.74
2009-11-04,15.67,22.11,17.06,28.27,nasa,0.75
2009-11-05,3.18,21.71,17.73,27.07,nasa,0.76
2009-11-06,0.05,20.82,17.16,25.44,nasa,0.75
2009-11-07,1.38,21.77,15.55,28.42,nasa,0.74
2009-11-08,3.87,20.86,17.21,26.29,nasa,0.74
2009-11-09,8.47,21.02,17.46,26.06,nasa,0.74
2009-11-10,17.66,22.15,17.58,28.02,nasa,0.76
2009-11-11,8.92,22.31,18.57,27.83,nasa,0.77
2009-11-12,3.72,21.94,17.73,27.6,nasa,0.77
2009-11-13,0.71,22.89,17.61,29.19,nasa,0.77
2009-11-14,0.0,23.64,18.21,29.15,nasa,0.76
2009-11-15,21.07,22.32,19.13,26.11,nasa,0.76
2009-11-16,7.27,21.94,16.91,28.65,nasa,0.78
2009-11-17,0.53,20.05,14.45,26.63,nasa,0.78
2009-11-18,0.0,21.15,14.41,28.54,nasa,0.76
2009-11-19,0.0,23.05,15.75,29.57,nasa,0.75
2009-11-20,1.39,22.86,17.69,29.44,nasa,0.75
2009-11-21,0.3,23.25,18.01,29.85,nasa,0.74
2009-11-22,0.02,23.1,16.91,29.39,nasa,0.73
2009-11-23,0.04,21.57,18.63,25.27,nasa,0.73
2009-11-24,2.74,21.13,17.63,25.33,nasa,0.73
2009-11-25,9.76,21.02,17.23,24.88,nasa,0.73
2009-11-26,6.41,21.63,17.83,26.71,nasa,0.74
2009-11-27,15.55,21.48,17.66,26.87,nasa,0.76
2009-11-28,10.3,20.86,18.37,24.23,nasa,0.77
2009-11-29,2.22,21.05,18.76,24.49,nasa,0.77
2009-11-30,10.7,22.09,18.45,27.71,nasa,0.77
2009-12-01,4.48,23.61,18.54,29.66,nasa,0.77
2009-12-02,3.58,22.52,17.22,28.58,nasa,0.77
2009-12-03,10.58,21.93,18.53,27.05,nasa,0.77
2009-12-04,13.19,19.41,15.33,24.2,nasa,0.78
2009-12-05,6.25,18.45,14.33,24.41,nasa,0.79
2009-12-06,11.26,19.02,13.84,24.34,nasa,0.78
2009-12-07,24.03,20.08,17.16,24.4,nasa,0.8
2009-12-08,19.81,19.81,17.44,23.23,nasa,0.83
2009-12-09,36.2,21.05,17.8,25.59,nasa,0.85
2009-12-10,9.29,19.74,17.08,23.07,nasa,0.86
2009-12-11,4.9,21.4,16.74,27.46,nasa,0.85
2009-12-12,0.67,21.58,16.44,27.05,nasa,0.84
2009-12-13,6.63,20.99,17.39,25.57,nasa,0.83
2009-12-14,2.92,18.4,15.25,22.31,nasa,0.84
2009-12-15,0.65,19.79,16.27,24.37,nasa,0.83
2009-12-16,0.61,20.53,17.3,25.83,nasa,0.83
2009-12-17,6.3,19.78,15.88,24.15,nasa,0.83
2009-12-18,3.84,19.84,14.97,26.51,nasa,0.83
2009-12-19,0.33,20.18,14.83,26.92,nasa,0.82
2009-12-20,1.73,21.16,14.3,28.1,nasa,0.82
2009-12-21,5.78,21.73,16.97,27.24,nasa,0.81
2009-12-22,2.81,21.35,17.71,26.82,nasa,0.81
2009-12-23,7.01,21.92,17.35,27.14,nasa,0.81
2009-12-24,11.53,21.75,17.96,26.7,nasa,0.82
2009-12-25,11.75,21.73,17.79,27.01,nasa,0.83
2009-12-26,19.51,22.3,18.51,27.4,nasa,0.84
2009-12-27,39.6,22.66,18.44,27.71,nasa,0.86
2009-12-28,14.97,21.37,19.12,24.85,nasa,0.89
2009-12-29,10.22,21.41,18.52,26.11,nasa,0.89
2009-12-30,20.13,21.14,18.98,24.52,nasa,0.89
2009-12-31,14.76,21.24,17.6,26.13,nasa,0.9
2010-01-01,9.4,19.74,16.64,23.54,nasa,0.9
2010-01-02,0.12,21.74,17.74,27.08,nasa,0.89
2010-01-03,0.02,22.12,16.36,29.03,nasa,0.88
2010-01-04,0.65,22.36,15.76,28.52,nasa,0.87
2010-01-05,4.54,21.41,18.81,25.47,nasa,0.87
2010-01-06,2.65,20.92,17.47,24.84,nasa,0.87
2010-01-07,8.67,21.5,18.06,26.36,nasa,0.87
2010-01-08,1.26,21.55,17.96,26.0,nasa,0.88
2010-01-09,0.02,22.37,18.03,27.45,nasa,0.87
2010-01-10,0.01,22.63,18.02,28.28,nasa,0.86
2010-01-11,1.06,23.04,16.63,29.33,nasa,0.85
2010-01-12,4.04,22.41,17.99,26.39,nasa,0.85
2010-01-13,12.22,22.71,19.12,26.98,nasa,0.85
2010-01-14,18.37,21.42,18.4,24.33,nasa,0.88
2010-01-15,9.31,21.71,17.99,26.18,nasa,0.88
2010-01-16,3.76,20.81,17.57,25.29,nasa,0.88
2010-01-17,2.42,21.35,17.31,25.08,nasa,0.88
2010-01-18,1.7,21.8,17.71,25.74,nasa,0.87
2010-01-19,10.72,21.87,17.11,27.49,nasa,0.87
2010-01-20,9.82,22.48,17.66,28.16,nasa,0.88
2010-01-21,17.07,21.34,18.06,25.0,nasa,0.89
2010-01-22,10.24,21.3,17.03,26.43,nasa,0.9
2010-01-23,10.46,20.29,16.69,25.86,nasa,0.89
2010-01-24,23.08,20.46,16.76,24.34,nasa,0.91
2010-01-25,19.53,20.72,18.03,24.66,nasa,0.92
2010-01-26,17.85,19.22,16.81,22.01,nasa,0.94
2010-01-27,6.37,20.07,16.86,24.62,nasa,0.93
2010-01-28,4.04,20.57,17.08,25.13,nasa,0.93
2010-01-29,0.03,21.55,17.76,26.71,nasa,0.92
2010-01-30,0.0,21.33,17.02,25.8,nasa,0.91
2010-01-31,0.36,22.05,17.35,27.1,nasa,0.91
2010-02-01,1.54,22.08,17.45,27.5,nasa,0.9
2010-02-02,2.08,22.54,16.21,29.1,nasa,0.9
2010-02-03,1.44,22.38,16.62,28.19,nasa,0.89
2010-02-04,3.57,22.85,16.96,29.33,nasa,0.89
2010-02-05,1.29,21.65,16.17,28.15,nasa,0.89
2010-02-06,2.2,20.78,15.05,27.08,nasa,0.88
2010-02-07,0.45,20.76,15.31,26.79,nasa,0.88
2010-02-08,0.01,21.74,15.73,28.12,nasa,0.87
2010-02-09,6.97,21.87,16.11,27.24,nasa,0.86
2010-02-10,6.43,21.35,16.74,25.88,nasa,0.87
2010-02-11,0.08,21.13,17.9,26.35,nasa,0.87
2010-02-12,0.0,21.05,17.46,27.09,nasa,0.86
2010-02-13,0.0,21.14,16.89,27.5,nasa,0.85
2010-02-14,0.0,22.36,16.42,29.13,nasa,0.85
2010-02-15,0.0,21.9,17.48,27.39,nasa,0.84
2010-02-16,0.46,22.64,16.22,28.75,nasa,0.83
2010-02-17,10.97,22.95,18.47,27.78,nasa,0.83
2010-02-18,17.38,20.17,17.39,22.83,nasa,0.85
2010-02-19,5.19,20.34,16.45,26.46,nasa,0.86
2010-02-20,1.54,21.22,16.71,27.1,nasa,0.85
2010-02-21,0.82,22.17,15.92,29.14,nasa,0.85
2010-02-22,4.65,22.57,17.62,27.88,nasa,0.84
2010-02-23,4.81,22.63,16.76,28.2,nasa,0.84
2010-02-24,5.0,23.36,18.91,28.53,nasa,0.84
2010-02-25,14.35,21.25,17.15,25.76,nasa,0.84
2010-02-26,4.69,19.83,16.21,25.83,nasa,0.85
2010-02-27,0.09,19.51,15.58,24.73,nasa,0.85
2010-02-28,12.7,19.37,16.31,23.99,nasa,0.84
2010-03-01,24.44,18.35,15.62,22.26,nasa,0.87
2010-03-02,10.37,17.69,14.77,22.44,nasa,0.89
2010-03-03,8.69,18.64,15.6,22.73,nasa,0.89
2010-03-04,6.62,20.3,16.43,25.8,nasa,0.88
2010-03-05,5.48,20.18,16.8,25.34,nasa,0.88
2010-03-06,18.95,20.03,16.39,25.8,nasa,0.89
2010-03-07,1.22,20.47,16.31,26.08,nasa,0.9
2010-03-08,0.04,19.99,14.61,26.14,nasa,0.88
2010-03-09,0.05,21.21,16.21,27.23,nasa,0.87
2010-03-10,0.83,21.49,16.52,27.63,nasa,0.86
2010-03-11,0.0,20.9,14.71,27.57,nasa,0.86
2010-03-12,0.02,21.98,15.51,28.16,nasa,0.85
2010-03-13,1.71,22.35,17.17,28.2,nasa,0.85
2010-03-14,29.84,21.42,17.75,25.58,nasa,0.86
2010-03-15,15.16,20.95,18.28,24.86,nasa,0.88
2010-03-16,12.16,19.58,17.16,22.59,nasa,0.9
2010-03-17,2.46,19.67,16.46,24.38,nasa,0.89
2010-03-18,0.32,19.16,15.71,23.56,nasa,0.89
2010-03-19,4.01,20.67,15.96,26.09,nasa,0.88
2010-03-20,7.5,20.68,16.46,26.14,nasa,0.88
2010-03-21,13.0,21.28,17.39,26.37,nasa,0.89
2010-03-22,3.99,21.42,17.03,26.11,nasa,0.89
2010-03-23,5.17,22.09,18.03,27.02,nasa,0.89
2010-03-24,0.44,21.86,17.82,27.74,nasa,0.89
2010-03-25,0.68,21.32,16.47,26.96,nasa,0.88
2010-03-26,0.08,20.8,17.62,25.45,nasa,0.87
2010-03-27,1.3,21.32,16.91,26.51,nasa,0.87
2010-03-28,3.47,21.16,16.78,26.5,nasa,0.87
2010-03-29,9.33,21.09,15.95,26.33,nasa,0.87
2010-03-30,7.97,20.48,16.69,24.59,nasa,0.87
2010-03-31,4.28,21.46,17.69,28.47,nasa,0.88
2010-04-01,1.17,19.38,17.04,22.84,nasa,0.87
2010-04-02,0.21,19.95,16.5,24.7,nasa,0.87
2010-04-03,11.56,18.61,16.81,21.43,nasa,0.87
2010-04-04,13.88,19.72,17.23,23.07,nasa,0.89
2010-04-05,11.92,19.71,16.55,24.09,nasa,0.9
2010-04-06,13.81,16.73,11.51,21.67,nasa,0.9
2010-04-07,1.14,14.09,10.33,20.38,nasa,0.9
2010-04-08,0.44,13.68,10.08,19.32,nasa,0.89
2010-04-09,0.45,14.43,10.32,20.27,nasa,0.89
2010-04-10,0.06,15.07,10.25,21.62,nasa,0.88
2010-04-11,0.69,15.53,10.83,21.77,nasa,0.88
2010-04-12,0.26,15.72,11.36,21.71,nasa,0.87
2010-04-13,0.02,16.32,11.72,22.48,nasa,0.87
2010-04-14,0.0,16.74,12.13,23.29,nasa,0.86
2010-04-15,0.01,17.44,12.52,22.76,nasa,0.86
2010-04-16,0.01,18.42,12.94,24.03,nasa,0.85
2010-04-17,0.0,18.27,12.89,25.0,nasa,0.85
2010-04-18,0.0,17.5,11.46,23.92,nasa,0.85
2010-04-19,0.01,19.35,13.14,25.11,nasa,0.84
2010-04-20,0.0,19.26,12.58,25.29,nasa,0.84
2010-04-21,0.0,19.07,12.59,25.2,nasa,0.83
2010-04-22,0.0,19.81,16.16,24.85,nasa,0.83
2010-04-23,2.73,20.96,15.14,26.99,nasa,0.83
2010-04-24,2.73,20.47,17.19,24.59,nasa,0.83
2010-04-25,0.03,21.37,17.78,26.5,nasa,0.83
2010-04-26,0.0,19.77,15.2,25.43,nasa,0.82
2010-04-27,1.42,20.14,14.65,26.44,nasa,0.82
2010-04-28,0.77,19.51,15.9,25.04,nasa,0.81
2010-04-29,2.85,18.19,14.26,23.88,nasa,0.81
2010-04-30,0.78,16.89,13.33,22.87,nasa,0.81
2010-05-01,0.02,16.32,12.38,22.84,nasa,0.81
2010-05-02,0.0,16.78,11.66,23.23,nasa,0.8
2010-05-03,0.0,18.29,13.22,24.18,nasa,0.8
2010-05-04,0.0,17.35,10.67,23.85,nasa,0.79
2010-05-05,0.0,18.33,12.03,24.16,nasa,0.79
2010-05-06,0.15,19.24,13.97,25.24,nasa,0.79
2010-05-07,0.05,19.32,12.75,26.25,nasa,0.78
2010-05-08,8.51,18.52,13.26,24.86,nasa,0.78
2010-05-09,8.55,16.06,12.64,20.79,nasa,0.8
2010-05-10,0.94,14.19,11.22,19.48,nasa,0.8
2010-05-11,4.26,14.52,9.61,19.73,nasa,0.8
2010-05-12,0.5,13.99,7.16,19.33,nasa,0.8
2010-05-13,0.0,11.25,3.77,19.22,nasa,0.79
2010-05-14,0.0,13.92,7.77,21.67,nasa,0.79
2010-05-15,0.0,16.31,10.81,22.99,nasa,0.78
2010-05-16,0.0,17.13,12.36,23.85,nasa,0.78
2010-05-17,0.0,15.54,11.44,21.09,nasa,0.78
2010-05-18,0.36,17.15,12.25,23.66,nasa,0.77
2010-05-19,5.05,17.16,13.72,22.4,nasa,0.77
2010-05-20,0.47,14.3,10.39,19.57,nasa,0.78
2010-05-21,0.01,13.72,7.92,20.93,nasa,0.77
2010-05-22,0.0,14.68,9.62,22.22,nasa,0.77
2010-05-23,0.0,15.17,9.77,22.74,nasa,0.77
2010-05-24,0.0,17.01,10.34,24.33,nasa,0.76
2010-05-25,0.13,18.66,13.83,24.48,nasa,0.76
2010-05-26,0.23,17.74,13.65,23.73,nasa,0.76
2010-05-27,0.1,16.03,12.73,22.03,nasa,0.75
2010-05-28,0.03,16.25,11.69,22.55,nasa,0.75
2010-05-29,0.01,16.93,11.93,22.57,nasa,0.75
2010-05-30,0.38,17.04,13.65,23.0,nasa,0.75
2010-05-31,0.46,15.63,11.39,21.94,nasa,0.75
2010-06-01,0.16,13.56,10.03,19.24,nasa,0.74
2010-06-02,0.22,13.05,10.01,17.7,nasa,0.74
2010-06-03,0.15,13.74,9.72,19.45,nasa,0.74
2010-06-04,0.5,14.66,10.42,20.84,nasa,0.74
2010-06-05,6.46,14.26,10.89,19.53,nasa,0.75
2010-06-06,0.31,12.09,7.48,18.8,nasa,0.75
2010-06-07,0.0,12.59,6.42,21.38,nasa,0.74
2010-06-08,0.0,12.59,6.61,21.28,nasa,0.74
2010-06-09,0.01,13.84,8.66,21.59,nasa,0.74
2010-06-10,0.42,14.01,10.34,20.05,nasa,0.74
2010-06-11,0.17,14.09,10.4,20.38,nasa,0.73
2010-06-12,2.02,11.12,5.34,16.46,nasa,0.73
2010-06-13,0.86,10.31,5.44,18.14,nasa,0.73
2010-06-14,0.16,12.38,7.63,19.65,nasa,0.73
2010-06-15,0.18,12.66,6.15,20.4,nasa,0.73
2010-06-16,0.0,14.68,8.61,21.77,nasa,0.73
2010-06-17,0.0,14.73,7.52,23.75,nasa,0.72
2010-06-18,0.02,15.82,7.91,24.76,nasa,0.72
2010-06-19,0.0,14.15,7.32,23.74,nasa,0.72
2010-06-20,0.0,15.69,8.31,24.25,nasa,0.71
2010-06-21,0.02,17.23,9.99,25.01,nasa,0.71
2010-06-22,0.11,17.32,11.05,25.05,nasa,0.71
2010-06-23,0.14,15.45,11.52,20.91,nasa,0.71
2010-06-24,0.01,16.49,11.44,23.57,nasa,0.71
2010-06-25,0.0,15.52,9.07,23.91,nasa,0.71
2010-06-26,0.0,14.74,9.39,23.42,nasa,0.7
2010-06-27,0.0,14.81,8.64,22.14,nasa,0.7
2010-06-28,0.0,15.39,10.31,22.88,nasa,0.7
2010-06-29,0.0,13.87,7.18,23.11,nasa,0.7
2010-06-30,0.0,13.68,7.01,22.66,nasa,0.69
2010-07-01,0.0,13.52,6.83,22.99,nasa,0.69
2010-07-02,0.0,13.89,8.07,22.17,nasa,0.69
2010-07-03,0.0,14.33,8.34,22.99,nasa,0.69
2010-07-04,0.0,14.72,9.82,22.79,nasa,0.69
2010-07-05,0.02,15.0,9.37,22.99,nasa,0.69
2010-07-06,0.0,16.25,10.15,23.93,nasa,0.68
2010-07-07,0.0,13.63,6.12,22.41,nasa,0.68
2010-07-08,0.0,15.07,8.8,22.68,nasa,0.68
2010-07-09,0.0,15.69,8.45,22.95,nasa,0.68
2010-07-10,0.1,15.93,10.69,23.66,nasa,0.68
2010-07-11,0.09,16.43,11.59,22.56,nasa,0.67
2010-07-12,6.7,17.54,14.07,23.68,nasa,0.68
2010-07-13,0.45,17.83,12.42,24.96,nasa,0.68
2010-07-14,17.22,17.48,12.73,22.86,nasa,0.7
2010-07-15,2.69,15.55,11.7,21.63,nasa,0.71
2010-07-16,0.5,17.11,12.51,23.96,nasa,0.7
2010-07-17,1.23,16.52,13.44,21.69,nasa,0.7
2010-07-18,0.28,16.39,12.15,23.04,nasa,0.7
2010-07-19,0.0,16.33,11.28,22.83,nasa,0.69
2010-07-20,0.0,17.25,10.46,25.29,nasa,0.69
2010-07-21,0.0,16.94,10.96,25.2,nasa,0.69
2010-07-22,0.03,16.59,9.44,24.97,nasa,0.68
2010-07-23,0.0,18.13,11.05,26.6,nasa,0.68
2010-07-24,0.0,17.0,11.92,24.12,nasa,0.68
2010-07-25,0.02,14.87,10.32,22.65,nasa,0.67
2010-07-26,0.0,15.62,8.74,23.66,nasa,0.67
2010-07-27,0.05,15.8,10.95,23.22,nasa,0.67
2010-07-28,0.05,16.38,11.38,23.45,nasa,0.67
2010-07-29,0.0,17.09,11.97,24.38,nasa,0.67
2010-07-30,0.0,16.02,9.01,24.68,nasa,0.66
2010-07-31,0.0,16.68,9.47,24.61,nasa,0.66
2010-08-01,0.0,16.74,8.78,25.63,nasa,0.66
2010-08-02,0.0,17.69,12.48,25.7,nasa,0.66
2010-08-03,0.04,16.36,9.5,24.59,nasa,0.66
2010-08-04,0.03,16.33,11.11,23.4,nasa,0.65
2010-08-05,0.01,16.49,10.77,24.35,nasa,0.65
2010-08-06,0.02,14.32,9.28,22.29,nasa,0.65
2010-08-07,0.01,15.74,7.52,25.5,nasa,0.65
2010-08-08,0.0,16.52,8.42,26.42,nasa,0.65
2010-08-09,0.0,17.41,11.47,26.6,nasa,0.65
2010-08-10,0.0,16.02,10.76,24.96,nasa,0.64
2010-08-11,0.0,15.6,10.22,23.96,nasa,0.64
2010-08-12,0.0,15.93,10.1,24.68,nasa,0.64
2010-08-13,0.0,16.68,9.1,26.09,nasa,0.64
2010-08-14,0.2,16.51,10.22,25.29,nasa,0.64
2010-08-15,0.48,12.33,6.1,19.08,nasa,0.64
2010-08-16,0.25,10.57,5.63,18.3,nasa,0.64
2010-08-17,0.17,11.27,6.8,19.74,nasa,0.64
2010-08-18,0.0,11.66,5.42,21.74,nasa,0.64
2010-08-19,0.0,13.96,4.92,23.54,nasa,0.64
2010-08-20,0.0,14.86,5.9,25.21,nasa,0.63
2010-08-21,0.0,16.28,7.88,27.3,nasa,0.63
2010-08-22,0.0,16.74,7.34,28.6,nasa,0.63
2010-08-23,0.0,17.84,7.93,28.52,nasa,0.63
2010-08-24,0.0,18.92,8.69,28.97,nasa,0.63
2010-08-25,0.0,20.02,10.7,30.26,nasa,0.63
2010-08-26,0.0,20.26,10.04,30.09,nasa,0.62
2010-08-27,0.0,20.86,13.98,30.88,nasa,0.62
2010-08-28,0.0,20.2,11.73,30.75,nasa,0.62
2010-08-29,0.0,20.16,11.24,30.73,nasa,0.62
2010-08-30,0.0,20.21,12.23,30.48,nasa,0.62
2010-08-31,0.0,19.44,12.63,28.96,nasa,0.62
2010-09-01,0.0,18.63,11.98,28.43,nasa,0.62
2010-09-02,0.0,19.32,9.7,29.61,nasa,0.62
2010-09-03,0.0,20.81,11.83,31.59,nasa,0.61
2010-09-04,0.0,19.96,10.56,30.39,nasa,0.61
2010-09-05,0.05,20.76,13.66,31.03,nasa,0.61
2010-09-06,0.08,18.84,12.84,27.72,nasa,0.61
2010-09-07,2.75,18.22,11.82,26.79,nasa,0.61
2010-09-08,2.49,16.6,11.09,23.83,nasa,0.62
2010-09-09,0.1,16.72,10.39,25.98,nasa,0.62
2010-09-10,0.01,17.03,10.79,26.76,nasa,0.62
2010-09-11,0.0,17.6,9.7,28.73,nasa,0.62
2010-09-12,0.0,18.13,8.12,30.04,nasa,0.61
2010-09-13,0.0,18.76,9.76,29.89,nasa,0.61
2010-09-14,0.0,20.19,11.39,30.92,nasa,0.61
2010-09-15,5.39,21.2,12.06,31.66,nasa,0.61
2010-09-16,12.27,20.24,13.85,28.91,nasa,0.64
2010-09-17,3.76,22.32,14.8,31.67,nasa,0.64
2010-09-18,2.44,19.92,12.98,29.48,nasa,0.64
2010-09-19,0.13,17.3,11.79,25.33,nasa,0.64
2010-09-20,7.5,18.06,11.54,27.05,nasa,0.64
2010-09-21,0.08,19.42,13.06,28.22,nasa,0.64
2010-09-22,0.0,21.28,12.86,29.77,nasa,0.64
2010-09-23,0.12,22.61,14.13,30.81,nasa,0.63
2010-09-24,6.54,21.0,13.86,28.94,nasa,0.63
2010-09-25,4.41,19.76,15.64,26.27,nasa,0.64
2010-09-26,22.67,19.31,13.86,25.25,nasa,0.65
2010-09-27,10.46,19.64,15.38,27.13,nasa,0.69
2010-09-28,1.92,19.05,15.81,23.74,nasa,0.68
2010-09-29,0.08,19.85,15.57,26.77,nasa,0.68
2010-09-30,0.16,20.97,16.72,26.77,nasa,0.67
2010-10-01,11.86,21.38,17.52,28.29,nasa,0.67
2010-10-02,0.16,20.79,18.01,24.88,nasa,0.68
2010-10-03,0.06,18.42,13.64,24.74,nasa,0.67
2010-10-04,5.83,19.05,12.0,27.08,nasa,0.67
2010-10-05,0.9,20.61,15.48,26.52,nasa,0.67
2010-10-06,0.13,22.19,14.36,30.77,nasa,0.67
2010-10-07,11.24,19.88,16.25,23.97,nasa,0.67
2010-10-08,0.58,20.29,13.17,27.08,nasa,0.68
2010-10-09,0.03,16.74,10.67,25.52,nasa,0.67
2010-10-10,0.01,16.68,10.45,24.92,nasa,0.67
2010-10-11,3.35,15.55,10.96,22.05,nasa,0.66
2010-10-12,0.46,14.93,8.24,25.16,nasa,0.67
2010-10-13,0.0,16.84,8.82,26.5,nasa,0.66
2010-10-14,0.01,20.14,11.26,29.89,nasa,0.66
2010-10-15,0.06,20.38,15.51,26.55,nasa,0.65
2010-10-16,5.73,21.76,15.16,28.88,nasa,0.65
2010-10-17,10.03,22.5,17.84,28.75,nasa,0.67
2010-10-18,11.01,20.19,14.34,26.54,nasa,0.68
2010-10-19,0.47,18.11,11.83,27.33,nasa,0.68
2010-10-20,0.0,18.63,10.77,28.64,nasa,0.67
2010-10-21,0.0,19.4,10.12,29.56,nasa,0.67
2010-10-22,0.04,21.36,12.75,30.8,nasa,0.66
2010-10-23,4.02,20.44,15.83,25.99,nasa,0.66
2010-10-24,3.7,21.83,16.5,29.1,nasa,0.66
2010-10-25,13.37,21.56,15.71,28.31,nasa,0.67
2010-10-26,16.42,20.16,13.72,26.29,nasa,0.7
2010-10-27,0.31,17.72,11.24,26.32,nasa,0.7
2010-10-28,0.0,19.36,10.74,28.64,nasa,0.68
2010-10-29,0.0,21.05,11.77,31.44,nasa,0.68
2010-10-30,10.81,21.7,14.83,29.41,nasa,0.68
2010-10-31,2.65,21.45,19.19,24.87,nasa,0.69
2010-11-01,17.64,20.19,16.16,24.04,nasa,0.7
2010-11-02,4.22,17.91,14.39,22.92,nasa,0.71
2010-11-03,0.01,19.56,14.68,26.35,nasa,0.7
2010-11-04,0.0,20.69,13.63,28.38,nasa,0.69
2010-11-05,5.33,20.44,15.38,26.44,nasa,0.69
2010-11-06,24.86,19.62,17.46,23.52,nasa,0.71
2010-11-07,3.26,19.8,14.18,26.54,nasa,0.73
2010-11-08,16.55,21.06,14.48,28.14,nasa,0.72
2010-11-09,11.14,20.23,16.27,25.11,nasa,0.74
2010-11-10,10.42,19.8,15.56,25.49,nasa,0.74
2010-11-11,3.07,16.94,12.69,22.63,nasa,0.74
2010-11-12,7.93,17.14,12.05,24.18,nasa,0.74
2010-11-13,5.42,16.61,12.01,23.71,nasa,0.74
2010-11-14,5.91,16.11,11.79,21.87,nasa,0.74
2010-11-15,9.58,18.16,13.42,23.58,nasa,0.75
2010-11-16,10.9,17.76,15.0,21.92,nasa,0.76
2010-11-17,3.44,18.63,15.01,22.91,nasa,0.76
2010-11-18,0.26,19.48,14.81,26.13,nasa,0.75
2010-11-19,0.0,19.82,12.14,27.59,nasa,0.74
2010-11-20,2.4,22.51,14.64,30.35,nasa,0.73
2010-11-21,16.55,21.57,17.95,26.01,nasa,0.74
2010-11-22,10.91,19.01,17.09,22.35,nasa,0.76
2010-11-23,20.24,20.7,15.63,26.83,nasa,0.77
2010-11-24,11.45,21.96,16.83,28.01,nasa,0.78
2010-11-25,24.12,22.22,17.2,27.98,nasa,0.79
2010-11-26,4.2,21.36,15.16,27.56,nasa,0.8
2010-11-27,0.14,21.2,15.27,28.71,nasa,0.78
2010-11-28,0.62,21.68,15.46,28.92,nasa,0.77
2010-11-29,2.44,21.43,17.34,27.11,nasa,0.76
2010-11-30,5.66,20.86,17.02,25.28,nasa,0.76
2010-12-01,8.1,21.43,17.86,25.28,nasa,0.76
2010-12-02,10.9,21.26,19.13,25.0,nasa,0.78
2010-12-03,9.74,22.2,18.87,25.9,nasa,0.78
2010-12-04,2.54,23.28,18.47,29.95,nasa,0.79
2010-12-05,40.3,23.03,18.28,28.52,nasa,0.79
2010-12-06,9.03,21.18,19.06,23.37,nasa,0.83
2010-12-07,13.67,21.89,17.37,26.94,nasa,0.83
2010-12-08,4.77,22.64,18.32,28.49,nasa,0.83
2010-12-09,0.55,22.13,17.38,28.46,nasa,0.81
2010-12-10,0.09,21.9,15.24,29.06,nasa,0.8
2010-12-11,0.0,22.48,17.2,28.31,nasa,0.79
2010-12-12,11.76,23.2,18.22,28.71,nasa,0.79
2010-12-13,12.08,22.34,18.67,26.56,nasa,0.8
2010-12-14,22.19,21.69,17.06,26.92,nasa,0.82
2010-12-15,28.31,19.72,15.55,25.11,nasa,0.85
2010-12-16,19.99,20.26,17.09,24.57,nasa,0.87
2010-12-17,3.26,21.96,16.8,27.69,nasa,0.86
2010-12-18,9.45,21.01,17.06,25.26,nasa,0.85
2010-12-19,2.68,22.31,18.68,26.68,nasa,0.85
2010-12-20,1.17,23.08,17.64,28.83,nasa,0.84
2010-12-21,1.88,23.63,16.78,30.51,nasa,0.83
2010-12-22,12.24,22.31,18.49,27.19,nasa,0.83
2010-12-23,11.26,21.3,18.54,25.19,nasa,0.84
2010-12-24,8.49,20.78,17.98,24.58,nasa,0.85
2010-12-25,14.97,21.57,18.02,26.1,nasa,0.85
2010-12-26,21.89,21.67,17.78,26.63,nasa,0.87
2010-12-27,21.43,21.38,17.32,25.83,nasa,0.89
2010-12-28,6.7,20.97,17.67,26.44,nasa,0.89
2010-12-29,0.38,20.69,14.59,28.19,nasa,0.88
2010-12-30,0.26,20.38,15.7,26.74,nasa,0.87
2010-12-31,13.22,18.52,14.64,21.61,nasa,0.87
2011-01-01,11.06,19.79,17.21,23.34,nasa,0.88
2011-01-02,14.23,19.6,17.24,23.23,nasa,0.89
2011-01-03,23.76,19.41,17.63,22.92,nasa,0.9
2011-01-04,17.21,19.96,17.58,22.88,nasa,0.92
2011-01-05,13.09,20.92,18.83,24.1,nasa,0.92
2011-01-06,30.39,20.24,18.06,22.77,nasa,0.93
2011-01-07,10.39,19.69,17.43,22.54,nasa,0.94
2011-01-08,4.43,19.87,17.09,23.94,nasa,0.94
2011-01-09,0.12,20.32,16.29,26.17,nasa,0.93
2011-01-10,28.22,20.08,15.05,25.74,nasa,0.94
2011-01-11,33.72,20.55,18.22,23.82,nasa,0.96
2011-01-12,28.39,21.12,18.7,24.13,nasa,0.97
2011-01-13,50.71,20.9,18.84,23.48,nasa,0.99
2011-01-14,21.24,21.31,19.09,24.85,nasa,1.0
2011-01-15,7.02,21.19,18.06,25.27,nasa,0.99
2011-01-16,22.87,21.0,17.35,24.82,nasa,0.99
2011-01-17,6.04,21.0,18.04,24.4,nasa,1.0
2011-01-18,3.35,21.91,17.79,25.65,nasa,0.99
2011-01-19,4.17,21.45,18.52,24.32,nasa,0.99
2011-01-20,3.32,21.57,17.22,26.46,nasa,0.99
2011-01-21,1.03,22.39,17.14,28.63,nasa,0.98
2011-01-22,0.93,21.95,17.32,27.51,nasa,0.97
2011-01-23,1.15,22.71,17.46,28.12,nasa,0.97
2011-01-24,0.12,22.53,17.8,28.8,nasa,0.96
2011-01-25,0.05,21.36,15.39,28.08,nasa,0.95
2011-01-26,0.39,21.46,16.07,27.66,nasa,0.95
2011-01-27,1.16,21.95,16.36,27.28,nasa,0.94
2011-01-28,3.75,23.25,16.67,29.58,nasa,0.93
2011-01-29,0.39,23.19,18.92,28.45,nasa,0.93
2011-01-30,3.84,23.51,18.92,29.96,nasa,0.92
2011-01-31,16.55,22.1,18.32,26.2,nasa,0.93
2011-02-01,3.06,20.99,18.26,23.38,nasa,0.94
2011-02-02,10.78,21.32,17.48,26.13,nasa,0.94
2011-02-03,0.2,20.98,18.13,24.45,nasa,0.94
2011-02-04,0.0,21.25,16.98,26.3,nasa,0.93
2011-02-05,0.01,21.48,16.01,27.69,nasa,0.92
2011-02-06,0.92,22.04,16.92,27.21,nasa,0.92
2011-02-07,3.73,21.83,16.76,27.51,nasa,0.91
2011-02-08,0.01,21.42,16.59,27.41,nasa,0.91
2011-02-09,0.0,21.75,16.36,27.75,nasa,0.9
2011-02-10,0.26,21.53,15.12,27.82,nasa,0.89
2011-02-11,14.81,21.16,17.32,26.57,nasa,0.9
2011-02-12,2.04,21.21,17.01,25.3,nasa,0.9
2011-02-13,0.24,22.01,16.06,27.63,nasa,0.9
2011-02-14,7.54,22.52,18.17,28.6,nasa,0.89
2011-02-15,5.46,20.69,16.63,25.75,nasa,0.89
2011-02-16,16.76,20.85,17.77,25.86,nasa,0.9
2011-02-17,5.82,19.82,16.93,23.91,nasa,0.91
2011-02-18,0.9,20.07,16.39,25.2,nasa,0.9
2011-02-19,0.1,20.74,15.01,27.01,nasa,0.9
2011-02-20,1.09,21.31,15.81,27.49,nasa,0.89
2011-02-21,1.39,22.15,16.3,28.88,nasa,0.88
2011-02-22,2.45,22.25,18.13,27.31,nasa,0.88
2011-02-23,6.87,21.78,18.66,26.36,nasa,0.88
2011-02-24,2.27,21.86,17.25,27.29,nasa,0.88
2011-02-25,1.46,22.29,17.69,28.08,nasa,0.88
2011-02-26,4.4,22.29,17.27,28.38,nasa,0.87
2011-02-27,22.94,21.83,18.93,26.78,nasa,0.88
2011-02-28,28.01,20.37,18.59,22.57,nasa,0.91
2011-03-01,10.62,19.99,17.71,23.99,nasa,0.93
2011-03-02,23.75,18.9,15.93,23.03,nasa,0.93
2011-03-03,15.89,17.74,16.0,19.86,nasa,0.95
2011-03-04,14.65,18.21,15.14,21.76,nasa,0.95
2011-03-05,26.98,17.67,15.43,20.45,nasa,0.96
2011-03-06,12.97,17.89,15.39,21.5,nasa,0.97
2011-03-07,8.55,18.03,15.41,22.5,nasa,0.97
2011-03-08,7.78,18.24,15.62,21.22,nasa,0.97
2011-03-09,6.78,19.69,15.89,24.85,nasa,0.97
2011-03-10,0.95,20.51,15.99,26.48,nasa,0.97
2011-03-11,0.6,20.74,16.83,26.2,nasa,0.96
2011-03-12,9.2,20.84,17.27,25.29,nasa,0.96
2011-03-13,7.17,21.21,18.37,26.13,nasa,0.97
2011-03-14,16.76,21.85,16.75,27.14,nasa,0.97
2011-03-15,22.82,21.85,17.67,27.58,nasa,0.98
2011-03-16,6.39,20.52,17.45,25.82,nasa,0.98
2011-03-17,1.14,19.85,16.26,24.56,nasa,0.98
2011-03-18,0.22,20.72,16.24,25.98,nasa,0.97
2011-03-19,0.17,20.42,16.51,26.43,nasa,0.97
2011-03-20,0.04,18.64,15.19,23.98,nasa,0.96
2011-03-21,0.46,18.16,14.71,22.45,nasa,0.96
2011-03-22,0.62,18.24,15.8,21.97,nasa,0.95
2011-03-23,0.06,18.12,15.56,21.76,nasa,0.95
2011-03-24,0.22,19.18,15.76,23.56,nasa,0.95
2011-03-25,2.85,20.87,15.17,26.69,nasa,0.94
2011-03-26,5.89,22.22,17.98,28.65,nasa,0.94
2011-03-27,4.35,21.37,18.54,26.0,nasa,0.94
2011-03-28,4.21,20.47,17.83,23.58,nasa,0.94
2011-03-29,7.44,21.75,17.58,26.84,nasa,0.94
2011-03-30,9.06,21.22,17.66,25.13,nasa,0.95
2011-03-31,4.31,20.44,17.1,25.57,nasa,0.95
2011-04-01,0.11,20.27,14.9,26.97,nasa,0.94
2011-04-02,6.73,20.53,15.55,25.79,nasa,0.94
2011-04-03,9.35,19.79,17.48,22.7,nasa,0.94
2011-04-04,4.73,19.04,15.62,23.33,nasa,0.95
2011-04-05,8.66,19.34,16.62,22.74,nasa,0.95
2011-04-06,0.71,18.78,14.21,25.12,nasa,0.95
2011-04-07,0.01,18.41,13.29,24.69,nasa,0.94
2011-04-08,0.45,18.82,14.65,23.93,nasa,0.93
2011-04-09,5.19,17.63,14.12,22.15,nasa,0.93
2011-04-10,2.49,17.85,14.97,22.41,nasa,0.93
2011-04-11,0.53,19.21,15.17,24.1,nasa,0.93
2011-04-12,0.22,18.99,14.97,22.86,nasa,0.93
2011-04-13,0.06,19.13,16.22,22.9,nasa,0.92
2011-04-14,1.01,20.92,16.69,26.16,nasa,0.92
2011-04-15,0.2,19.97,16.96,23.73,nasa,0.92
2011-04-16,0.01,20.44,15.72,25.23,nasa,0.92
2011-04-17,0.0,20.01,15.42,26.02,nasa,0.91
2011-04-18,0.0,20.22,15.36,25.6,nasa,0.9
2011-04-19,0.13,19.27,14.42,25.28,nasa,0.9
2011-04-20,0.39,18.45,14.05,24.41,nasa,0.89
2011-04-21,0.04,18.91,12.16,25.41,nasa,0.89
2011-04-22,0.0,19.45,13.37,25.93,nasa,0.89
2011-04-23,0.0,19.99,14.49,25.67,nasa,0.88
2011-04-24,6.94,19.52,16.41,23.94,nasa,0.88
2011-04-25,3.14,19.32,16.14,24.63,nasa,0.88
2011-04-26,4.24,16.16,13.73,17.86,nasa,0.89
2011-04-27,0.95,15.78,13.33,18.94,nasa,0.89
2011-04-28,6.27,16.06,13.29,20.08,nasa,0.88
2011-04-29,2.07,17.6,14.09,22.55,nasa,0.89
2011-04-30,0.03,17.39,12.98,23.42,nasa,0.88
2011-05-01,0.97,17.67,11.78,23.64,nasa,0.88
2011-05-02,1.24,18.3,14.21,22.98,nasa,0.87
2011-05-03,1.03,17.11,13.74,22.34,nasa,0.87
2011-05-04,0.08,17.36,11.93,23.69,nasa,0.87
2011-05-05,0.04,18.12,13.2,23.99,nasa,0.86
2011-05-06,0.0,18.54,13.26,24.55,nasa,0.86
2011-05-07,0.02,17.07,12.46,23.36,nasa,0.86
2011-05-08,0.01,17.28,12.32,22.86,nasa,0.85
2011-05-09,0.06,17.35,12.62,23.62,nasa,0.85
2011-05-10,0.7,17.53,12.49,23.84,nasa,0.85
2011-05-11,0.31,18.01,13.16,23.25,nasa,0.84
2011-05-12,0.14,18.18,14.63,23.95,nasa,0.84
2011-05-13,0.25,16.91,12.63,22.68,nasa,0.84
2011-05-14,0.02,16.06,12.42,21.41,nasa,0.83
2011-05-15,5.63,16.21,12.86,21.22,nasa,0.83
2011-05-16,0.63,14.71,11.19,20.35,nasa,0.84
2011-05-17,0.54,13.64,10.56,19.13,nasa,0.83
2011-05-18,0.01,13.88,9.72,19.67,nasa,0.83
2011-05-19,0.8,14.27,9.91,18.84,nasa,0.83
2011-05-20,0.35,14.45,9.71,20.26,nasa,0.83
2011-05-21,0.01,14.39,10.7,20.41,nasa,0.82
2011-05-22,0.01,13.32,8.9,19.96,nasa,0.82
2011-05-23,0.0,14.26,9.59,20.28,nasa,0.82
2011-05-24,0.0,15.09,10.26,21.96,nasa,0.81
2011-05-25,0.0,15.05,8.58,21.88,nasa,0.81
2011-05-26,0.0,16.09,10.6,22.21,nasa,0.81
2011-05-27,0.1,15.75,12.55,20.36,nasa,0.8
2011-05-28,0.05,14.12,10.59,19.37,nasa,0.8
2011-05-29,0.02,13.18,9.09,19.5,nasa,0.8
2011-05-30,0.01,13.49,8.54,20.39,nasa,0.8
2011-05-31,0.0,14.18,8.28,21.09,nasa,0.8
2011-06-01,0.42,15.77,10.4,21.31,nasa,0.79
2011-06-02,0.18,15.82,10.19,21.54,nasa,0.79
2011-06-03,0.0,16.21,11.58,21.48,nasa,0.79
2011-06-04,0.02,14.59,9.24,20.22,nasa,0.79
2011-06-05,0.03,10.46,5.65,17.45,nasa,0.78
2011-06-06,0.13,12.06,6.22,19.49,nasa,0.78
2011-06-07,7.42,14.99,9.73,20.3,nasa,0.78
2011-06-08,3.57,12.3,6.99,17.91,nasa,0.79
2011-06-09,13.7,14.01,5.39,20.92,nasa,0.79
2011-06-10,0.37,15.74,12.18,18.49,nasa,0.81
2011-06-11,0.02,12.76,7.66,19.76,nasa,0.8
2011-06-12,0.1,13.94,8.67,20.73,nasa,0.8
2011-06-13,0.04,14.51,8.51,20.98,nasa,0.79
2011-06-14,0.03,12.38,6.78,19.23,nasa,0.79
2011-06-15,0.02,13.16,9.47,19.32,nasa,0.79
2011-06-16,0.01,12.7,8.16,19.34,nasa,0.78
2011-06-17,0.01,13.18,7.58,19.82,nasa,0.78
2011-06-18,0.0,14.77,9.83,20.87,nasa,0.78
2011-06-19,0.0,15.0,9.15,22.55,nasa,0.78
2011-06-20,0.04,15.2,8.81,22.16,nasa,0.77
2011-06-21,0.0,16.08,9.24,22.37,nasa,0.77
2011-06-22,0.01,16.25,10.76,23.53,nasa,0.77
2011-06-23,0.02,16.33,11.82,23.26,nasa,0.76
2011-06-24,0.01,15.96,10.63,23.17,nasa,0.76
2011-06-25,0.03,15.94,10.66,22.55,nasa,0.76
2011-06-26,1.36,15.36,9.63,21.13,nasa,0.76
2011-06-27,1.37,13.3,7.61,17.9,nasa,0.76
2011-06-28,0.0,11.13,4.86,19.0,nasa,0.76
2011-06-29,0.16,13.62,7.16,21.64,nasa,0.76
2011-06-30,0.01,15.41,9.35,22.62,nasa,0.75
2011-07-01,0.01,16.58,10.33,23.15,nasa,0.75
2011-07-02,0.01,16.64,9.61,23.16,nasa,0.75
2011-07-03,0.01,16.56,10.51,23.42,nasa,0.74
2011-07-04,0.04,14.58,10.73,20.01,nasa,0.74
2011-07-05,0.02,14.37,8.84,20.83,nasa,0.74
2011-07-06,0.0,14.58,9.87,20.78,nasa,0.74
2011-07-07,0.04,13.59,9.35,19.89,nasa,0.74
2011-07-08,0.01,11.3,5.41,19.02,nasa,0.74
2011-07-09,0.0,11.84,3.79,20.77,nasa,0.73
2011-07-10,0.14,13.87,7.86,20.72,nasa,0.73
2011-07-11,0.0,15.99,9.1,23.81,nasa,0.73
2011-07-12,0.01,15.55,10.2,24.0,nasa,0.73
2011-07-13,0.0,15.14,7.14,22.95,nasa,0.72
2011-07-14,0.01,16.16,10.94,24.04,nasa,0.72
2011-07-15,0.01,15.19,8.99,23.22,nasa,0.72
2011-07-16,0.0,15.28,7.43,23.08,nasa,0.72
2011-07-17,0.02,17.85,12.46,24.3,nasa,0.71
2011-07-18,0.0,17.76,11.13,24.24,nasa,0.71
2011-07-19,0.11,18.72,14.01,25.13,nasa,0.71
2011-07-20,0.02,17.98,12.18,25.48,nasa,0.71
2011-07-21,0.0,16.62,10.37,23.55,nasa,0.7
2011-07-22,0.15,17.4,12.33,24.99,nasa,0.7
2011-07-23,0.41,15.16,12.6,19.98,nasa,0.7
2011-07-24,0.04,14.59,11.06,20.89,nasa,0.7
2011-07-25,0.01,14.0,8.92,21.91,nasa,0.7
2011-07-26,0.01,14.78,9.22,21.83,nasa,0.7
2011-07-27,0.07,14.97,7.59,23.13,nasa,0.69
2011-07-28,0.4,15.34,8.32,22.69,nasa,0.69
2011-07-29,0.01,15.88,8.89,23.78,nasa,0.69
2011-07-30,0.03,17.29,10.33,24.42,nasa,0.69
2011-07-31,0.05,17.53,11.87,24.96,nasa,0.68
2011-08-01,0.01,17.29,11.24,25.71,nasa,0.68
2011-08-02,0.31,17.87,12.18,24.37,nasa,0.68
2011-08-03,5.55,15.29,10.62,19.78,nasa,0.68
2011-08-04,0.02,10.54,4.35,18.7,nasa,0.69
2011-08-05,0.0,12.49,2.62,23.62,nasa,0.68
2011-08-06,0.07,17.83,11.15,25.99,nasa,0.68
2011-08-07,0.0,19.75,13.22,28.24,nasa,0.68
2011-08-08,0.02,19.91,12.42,27.99,nasa,0.67
2011-08-09,0.15,19.58,13.11,26.72,nasa,0.67
2011-08-10,0.63,17.11,12.3,23.58,nasa,0.67
2011-08-11,0.16,16.0,11.08,24.19,nasa,0.67
2011-08-12,0.02,17.2,10.86,25.41,nasa,0.67
2011-08-13,0.0,18.8,10.11,27.13,nasa,0.66
2011-08-14,0.0,19.75,13.55,28.36,nasa,0.66
2011-08-15,0.0,17.83,12.39,25.99,nasa,0.66
2011-08-16,0.0,17.07,11.69,26.92,nasa,0.66
2011-08-17,0.0,17.94,8.15,26.73,nasa,0.65
2011-08-18,0.01,18.2,10.06,27.22,nasa,0.65
2011-08-19,0.0,17.38,10.23,26.87,nasa,0.65
2011-08-20,0.91,18.62,11.37,27.18,nasa,0.65
2011-08-21,0.88,14.75,10.73,20.23,nasa,0.65
2011-08-22,0.07,14.58,10.3,20.35,nasa,0.65
2011-08-23,0.24,18.09,12.14,26.18,nasa,0.65
2011-08-24,0.28,18.34,14.94,24.68,nasa,0.65
2011-08-25,0.03,18.96,12.35,25.91,nasa,0.65
2011-08-26,0.06,19.34,13.73,26.79,nasa,0.64
2011-08-27,0.02,19.21,12.82,28.13,nasa,0.64
2011-08-28,0.0,20.16,12.73,28.26,nasa,0.64
2011-08-29,0.0,20.85,11.31,29.83,nasa,0.64
2011-08-30,0.0,21.23,11.69,30.59,nasa,0.64
2011-08-31,5.64,18.8,11.65,27.3,nasa,0.64
2011-09-01,0.25,15.04,9.41,25.18,nasa,0.64
2011-09-02,0.01,12.76,6.67,22.51,nasa,0.64
2011-09-03,0.01,14.18,5.59,26.09,nasa,0.64
2011-09-04,0.0,16.47,5.96,28.22,nasa,0.64
2011-09-05,0.0,18.88,7.91,30.19,nasa,0.63
2011-09-06,0.0,21.17,13.63,31.33,nasa,0.63
2011-09-07,0.0,19.99,12.24,30.45,nasa,0.63
2011-09-08,0.0,19.94,11.4,30.77,nasa,0.63
2011-09-09,0.0,20.88,13.28,30.12,nasa,0.62
2011-09-10,0.06,21.67,12.23,30.88,nasa,0.62
2011-09-11,0.32,21.14,16.85,28.06,nasa,0.62
2011-09-12,0.06,18.76,14.05,25.46,nasa,0.62
2011-09-13,0.34,20.67,12.3,30.18,nasa,0.62
2011-09-14,0.28,18.84,13.89,26.99,nasa,0.62
2011-09-15,0.05,17.99,12.44,25.47,nasa,0.62
2011-09-16,0.0,17.28,12.66,24.34,nasa,0.62
2011-09-17,0.0,16.53,9.53,26.07,nasa,0.62
2011-09-18,0.0,17.02,10.11,27.02,nasa,0.62
2011-09-19,0.01,17.65,10.15,28.11,nasa,0.62
2011-09-20,0.0,18.54,8.57,28.59,nasa,0.61
2011-09-21,0.29,20.02,10.64,30.79,nasa,0.61
2011-09-22,0.26,21.27,14.1,30.08,nasa,0.61
2011-09-23,0.02,22.63,14.86,32.04,nasa,0.61
2011-09-24,0.32,20.02,14.37,26.83,nasa,0.61
2011-09-25,0.29,16.51,11.04,24.74,nasa,0.61
2011-09-26,0.05,17.64,9.54,28.62,nasa,0.61
2011-09-27,0.01,19.05,10.02,30.14,nasa,0.61
2011-09-28,0.0,20.37,11.76,30.41,nasa,0.61
2011-09-29,0.0,21.23,12.13,31.85,nasa,0.61
2011-09-30,0.0,22.54,12.99,33.38,nasa,0.61
2011-10-01,0.0,24.51,14.91,34.08,nasa,0.6
2011-10-02,13.6,21.55,15.83,29.07,nasa,0.61
2011-10-03,13.43,19.5,14.73,26.24,nasa,0.65
2011-10-04,0.3,18.05,10.98,26.93,nasa,0.65
2011-10-05,0.11,18.85,12.01,26.59,nasa,0.64
2011-10-06,0.05,20.33,14.15,28.27,nasa,0.63
2011-10-07,0.0,21.32,13.26,30.78,nasa,0.63
2011-10-08,0.0,21.71,14.54,30.24,nasa,0.63
2011-10-09,4.66,21.79,14.75,29.53,nasa,0.63
2011-10-10,0.6,22.62,17.25,28.02,nasa,0.63
2011-10-11,10.04,21.19,16.99,26.29,nasa,0.63
2011-10-12,0.97,22.15,16.07,31.08,nasa,0.64
2011-10-13,7.68,20.1,17.46,24.84,nasa,0.64
2011-10-14,6.3,20.31,17.67,24.88,nasa,0.65
2011-10-15,8.43,20.43,17.93,24.64,nasa,0.66
2011-10-16,14.56,20.41,17.54,24.0,nasa,0.67
2011-10-17,8.13,18.11,13.5,24.3,nasa,0.69
2011-10-18,0.36,16.64,10.8,24.21,nasa,0.68
2011-10-19,0.13,16.06,8.86,25.48,nasa,0.67
2011-10-20,0.02,16.51,10.06,24.73,nasa,0.66
2011-10-21,0.03,16.62,10.97,24.73,nasa,0.66
2011-10-22,1.32,15.92,11.95,20.99,nasa,0.66
2011-10-23,1.56,18.39,12.92,25.97,nasa,0.66
2011-10-24,0.12,20.48,14.39,27.97,nasa,0.65
2011-10-25,0.25,21.41,14.38,29.33,nasa,0.65
2011-10-26,0.19,21.75,16.57,28.62,nasa,0.65
2011-10-27,3.2,23.25,16.81,30.48,nasa,0.64
2011-10-28,0.27,23.09,15.93,30.43,nasa,0.64
2011-10-29,4.09,23.42,15.07,32.23,nasa,0.64
2011-10-30,5.49,20.82,17.36,24.97,nasa,0.65
2011-10-31,2.87,16.07,10.66,23.82,nasa,0.65
2011-11-01,1.09,15.14,10.26,23.08,nasa,0.65
2011-11-02,0.02,15.9,10.32,23.96,nasa,0.65
2011-11-03,0.0,16.97,9.14,26.05,nasa,0.65
2011-11-04,0.0,17.77,9.04,27.39,nasa,0.64
2011-11-05,0.06,19.96,10.36,30.17,nasa,0.64
2011-11-06,0.81,20.19,12.96,28.23,nasa,0.63
2011-11-07,4.34,19.49,14.44,25.73,nasa,0.63
2011-11-08,0.25,20.65,12.79,29.2,nasa,0.64
2011-11-09,2.25,21.41,14.65,29.47,nasa,0.63
2011-11-10,1.03,21.61,15.41,29.0,nasa,0.64
2011-11-11,2.74,22.43,16.78,30.65,nasa,0.63
2011-11-12,4.08,21.82,16.56,30.79,nasa,0.63
2011-11-13,14.24,19.93,16.53,25.72,nasa,0.65
2011-11-14,21.01,19.2,16.72,22.94,nasa,0.68
2011-11-15,17.3,19.14,16.57,22.71,nasa,0.7
2011-11-16,5.57,18.72,13.86,26.15,nasa,0.71
2011-11-17,1.03,17.85,13.16,24.47,nasa,0.7
2011-11-18,0.75,17.84,12.68,25.24,nasa,0.69
2011-11-19,0.9,17.36,12.35,24.78,nasa,0.68
2011-11-20,0.04,19.08,11.63,27.03,nasa,0.67
2011-11-21,0.09,20.18,13.55,27.51,nasa,0.67
2011-11-22,14.78,20.96,15.61,27.65,nasa,0.67
2011-11-23,9.38,21.41,16.53,26.99,nasa,0.7
2011-11-24,0.02,20.95,13.96,29.15,nasa,0.69
2011-11-25,0.24,21.42,13.44,29.69,nasa,0.68
2011-11-26,6.63,20.01,17.4,24.1,nasa,0.67
2011-11-27,8.95,18.13,15.5,21.64,nasa,0.69
2011-11-28,14.49,19.17,15.48,24.25,nasa,0.7
2011-11-29,11.3,19.29,15.0,24.61,nasa,0.71
2011-11-30,6.24,19.06,16.23,22.05,nasa,0.72
2011-12-01,5.84,21.47,16.55,27.36,nasa,0.72
2011-12-02,5.09,19.53,14.36,25.82,nasa,0.72
2011-12-03,0.61,17.75,13.08,23.76,nasa,0.71
2011-12-04,0.18,20.0,12.7,27.31,nasa,0.71
2011-12-05,4.86,21.17,15.43,27.77,nasa,0.7
2011-12-06,6.96,20.51,16.18,26.39,nasa,0.7
2011-12-07,6.33,19.64,16.89,23.39,nasa,0.71
2011-12-08,17.82,20.11,16.29,24.77,nasa,0.72
2011-12-09,22.46,19.73,18.14,21.98,nasa,0.75
2011-12-10,13.4,19.63,15.05,24.1,nasa,0.77
2011-12-11,0.14,19.25,13.09,26.2,nasa,0.76
2011-12-12,9.46,20.41,13.31,27.44,nasa,0.75
2011-12-13,10.87,20.9,16.07,27.2,nasa,0.76
2011-12-14,13.88,19.94,17.04,25.12,nasa,0.76
2011-12-15,10.91,19.25,16.68,22.33,nasa,0.78
2011-12-16,5.01,21.94,17.86,26.76,nasa,0.78
2011-12-17,4.96,21.39,17.01,26.47,nasa,0.77
2011-12-18,25.39,20.46,18.05,23.92,nasa,0.78
2011-12-19,1.17,20.08,16.13,24.15,nasa,0.8
2011-12-20,0.53,21.31,15.36,27.48,nasa,0.78
2011-12-21,1.6,22.26,17.08,28.8,nasa,0.77
2011-12-22,2.14,21.81,15.57,28.64,nasa,0.76
2011-12-23,0.35,21.31,14.63,28.08,nasa,0.76
2011-12-24,7.9,22.13,15.73,28.5,nasa,0.75
2011-12-25,16.36,21.76,18.0,26.97,nasa,0.76
2011-12-26,18.06,19.09,15.96,23.97,nasa,0.79
2011-12-27,4.48,18.76,14.85,22.25,nasa,0.8
2011-12-28,9.88,20.89,15.15,27.93,nasa,0.79
2011-12-29,2.71,19.52,15.19,25.88,nasa,0.79
2011-12-30,2.26,20.92,14.63,27.71,nasa,0.78
2011-12-31,14.33,19.34,16.95,22.23,nasa,0.79
2012-01-01,29.17,19.52,16.46,22.77,nasa,0.82
2012-01-02,25.19,18.78,15.38,23.35,nasa,0.86
2012-01-03,4.63,20.51,14.84,26.51,nasa,0.85
2012-01-04,3.49,21.09,15.33,27.66,nasa,0.84
2012-01-05,0.6,20.88,14.74,27.47,nasa,0.82
2012-01-06,11.41,19.15,15.75,22.69,nasa,0.82
2012-01-07,2.96,19.99,14.18,26.39,nasa,0.83
2012-01-08,28.6,20.06,15.84,25.7,nasa,0.83
2012-01-09,15.03,17.9,15.95,22.62,nasa,0.86
2012-01-10,9.67,17.34,14.93,20.19,nasa,0.86
2012-01-11,4.64,16.85,14.36,19.66,nasa,0.86
2012-01-12,3.86,18.7,14.64,24.29,nasa,0.85
2012-01-13,1.25,19.76,14.58,25.37,nasa,0.85
2012-01-14,4.63,20.86,16.66,25.45,nasa,0.84
2012-01-15,4.4,20.77,17.28,25.89,nasa,0.84
2012-01-16,4.4,20.75,16.54,25.38,nasa,0.84
2012-01-17,8.56,18.94,16.68,21.31,nasa,0.84
2012-01-18,7.35,19.66,17.01,22.9,nasa,0.85
2012-01-19,13.9,18.79,16.08,22.5,nasa,0.86
2012-01-20,0.18,19.33,15.3,23.56,nasa,0.86
2012-01-21,1.51,20.2,16.34,24.57,nasa,0.85
2012-01-22,1.4,20.21,16.18,25.06,nasa,0.85
2012-01-23,1.76,19.44,16.88,22.59,nasa,0.85
2012-01-24,0.71,20.69,16.15,26.46,nasa,0.84
2012-01-25,1.09,21.04,16.68,26.5,nasa,0.84
2012-01-26,3.46,20.17,15.92,25.02,nasa,0.83
2012-01-27,27.24,19.59,14.67,25.68,nasa,0.85
2012-01-28,17.2,18.94,14.96,25.06,nasa,0.87
2012-01-29,13.82,18.56,14.78,25.11,nasa,0.88
2012-01-30,1.52,19.19,12.78,26.93,nasa,0.87
2012-01-31,7.26,19.59,13.24,25.71,nasa,0.87
2012-02-01,5.02,20.35,16.32,25.37,nasa,0.86
2012-02-02,0.6,20.92,17.13,26.48,nasa,0.86
2012-02-03,0.02,20.91,16.37,27.57,nasa,0.85
2012-02-04,0.01,20.41,14.85,27.77,nasa,0.84
2012-02-05,0.0,20.39,13.94,27.43,nasa,0.84
2012-02-06,0.01,21.36,14.46,27.55,nasa,0.83
2012-02-07,1.99,23.16,18.37,29.47,nasa,0.82
2012-02-08,1.24,22.61,17.05,29.52,nasa,0.82
2012-02-09,7.27,21.86,17.35,27.87,nasa,0.82
2012-02-10,16.93,22.0,18.39,27.26,nasa,0.83
2012-02-11,16.64,20.66,18.39,23.59,nasa,0.85
2012-02-12,13.56,19.94,17.65,23.86,nasa,0.86
2012-02-13,8.68,19.33,16.51,22.27,nasa,0.87
2012-02-14,0.35,20.21,16.22,25.86,nasa,0.86
2012-02-15,0.0,20.52,15.39,26.86,nasa,0.85
2012-02-16,0.15,20.1,14.78,26.68,nasa,0.84
2012-02-17,3.11,19.69,15.3,25.89,nasa,0.84
2012-02-18,0.14,20.51,15.39,27.1,nasa,0.83
2012-02-19,0.02,20.32,15.93,24.66,nasa,0.83
2012-02-20,0.09,20.1,16.58,24.4,nasa,0.82
2012-02-21,0.03,18.74,16.28,22.08,nasa,0.82
2012-02-22,7.3,20.23,15.51,24.91,nasa,0.82
2012-02-23,1.91,20.22,16.39,23.82,nasa,0.83
2012-02-24,4.13,21.53,15.53,27.76,nasa,0.82
2012-02-25,0.42,21.75,18.69,26.97,nasa,0.82
2012-02-26,0.39,22.06,16.88,27.48,nasa,0.81
2012-02-27,0.77,22.68,17.98,28.48,nasa,0.81
2012-02-28,0.01,21.81,15.58,28.34,nasa,0.8
2012-02-29,0.01,22.7,15.37,29.92,nasa,0.79
2012-03-01,0.04,23.22,14.92,30.61,nasa,0.78
2012-03-02,2.02,23.02,15.96,29.72,nasa,0.78
2012-03-03,2.64,21.06,17.64,25.76,nasa,0.78
2012-03-04,0.24,19.93,15.94,24.55,nasa,0.78
2012-03-05,0.05,20.44,15.97,25.74,nasa,0.77
2012-03-06,0.5,20.09,15.19,26.65,nasa,0.77
2012-03-07,1.72,19.31,14.44,26.05,nasa,0.76
2012-03-08,0.24,20.13,14.72,26.28,nasa,0.76
2012-03-09,3.32,20.77,14.94,26.75,nasa,0.75
2012-03-10,4.69,18.83,16.76,21.31,nasa,0.76
2012-03-11,11.36,20.46,16.22,25.9,nasa,0.76
2012-03-12,3.28,20.97,16.86,25.76,nasa,0.77
2012-03-13,7.75,20.39,16.92,25.73,nasa,0.77
2012-03-14,3.08,20.26,17.28,24.58,nasa,0.78
2012-03-15,28.2,20.89,16.79,26.18,nasa,0.79
2012-03-16,12.85,19.45,16.94,22.77,nasa,0.82
2012-03-17,2.96,18.93,15.7,23.84,nasa,0.82
2012-03-18,0.05,18.01,13.44,24.53,nasa,0.8
2012-03-19,0.27,18.54,12.82,24.79,nasa,0.79
2012-03-20,0.07,19.45,16.09,24.56,nasa,0.79
2012-03-21,0.06,20.97,15.76,26.45,nasa,0.78
2012-03-22,4.64,20.59,16.03,26.33,nasa,0.78
2012-03-23,15.86,19.46,16.12,23.74,nasa,0.79
2012-03-24,7.02,19.66,16.12,24.08,nasa,0.8
2012-03-25,0.53,21.49,17.06,27.02,nasa,0.8
2012-03-26,0.02,21.59,16.03,27.88,nasa,0.79
2012-03-27,3.21,20.7,16.1,26.4,nasa,0.78
2012-03-28,15.68,19.37,14.95,24.42,nasa,0.8
2012-03-29,0.94,18.57,13.89,24.55,nasa,0.8
2012-03-30,2.43,19.92,15.47,25.3,nasa,0.79
2012-03-31,2.48,19.94,15.7,25.48,nasa,0.79
2012-04-01,0.9,19.09,13.99,24.98,nasa,0.79
2012-04-02,0.31,19.54,14.64,25.57,nasa,0.78
2012-04-03,2.46,19.85,14.74,25.88,nasa,0.77
2012-04-04,0.75,20.44,16.28,25.37,nasa,0.77
2012-04-05,1.67,20.75,14.75,26.47,nasa,0.77
2012-04-06,4.55,20.31,16.1,25.49,nasa,0.77
2012-04-07,1.5,20.3,16.19,26.71,nasa,0.77
2012-04-08,1.31,19.56,15.35,24.53,nasa,0.77
2012-04-09,0.95,19.58,15.83,25.27,nasa,0.76
2012-04-10,1.03,19.45,15.8,24.16,nasa,0.76
2012-04-11,0.16,19.94,15.14,25.65,nasa,0.76
2012-04-12,0.12,20.11,16.68,24.82,nasa,0.75
2012-04-13,0.49,20.78,17.14,25.02,nasa,0.75
2012-04-14,0.03,20.25,17.09,25.21,nasa,0.75
2012-04-15,6.64,20.73,16.36,26.04,nasa,0.75
2012-04-16,2.93,18.46,15.52,21.36,nasa,0.75
2012-04-17,0.22,18.57,14.12,25.09,nasa,0.75
2012-04-18,0.12,18.68,13.75,24.93,nasa,0.75
2012-04-19,0.05,18.84,13.92,25.19,nasa,0.74
2012-04-20,0.67,19.1,12.9,25.46,nasa,0.74
2012-04-21,11.27,19.29,16.35,24.1,nasa,0.74
2012-04-22,0.93,18.65,15.26,23.44,nasa,0.75
2012-04-23,0.17,18.26,13.0,24.67,nasa,0.74
2012-04-24,0.03,18.63,13.36,25.39,nasa,0.74
2012-04-25,0.0,19.88,14.56,26.02,nasa,0.73
2012-04-26,10.77,18.97,15.43,23.05,nasa,0.74
2012-04-27,1.67,20.46,17.34,24.9,nasa,0.75
2012-04-28,5.55,19.8,15.97,24.99,nasa,0.74
2012-04-29,3.61,19.2,17.0,22.49,nasa,0.75
2012-04-30,10.96,18.04,15.21,21.8,nasa,0.76
2012-05-01,3.73,14.01,8.87,18.73,nasa,0.77
2012-05-02,0.11,12.75,5.46,20.85,nasa,0.76
2012-05-03,0.11,15.24,9.72,22.69,nasa,0.75
2012-05-04,0.06,16.31,11.75,22.75,nasa,0.74
2012-05-05,0.05,16.64,12.23,22.58,nasa,0.74
2012-05-06,0.55,16.4,12.19,21.89,nasa,0.74
2012-05-07,0.15,15.61,12.13,21.63,nasa,0.73
2012-05-08,0.39,15.8,12.4,21.83,nasa,0.73
2012-05-09,0.29,16.52,11.53,22.09,nasa,0.73
2012-05-10,0.02,16.58,10.85,22.25,nasa,0.72
2012-05-11,0.0,17.65,12.4,23.69,nasa,0.72
2012-05-12,0.06,17.37,11.56,24.7,nasa,0.72
2012-05-13,0.17,17.25,14.43,21.51,nasa,0.72
2012-05-14,17.99,15.24,13.74,18.28,nasa,0.73
2012-05-15,4.94,13.88,11.93,17.02,nasa,0.75
2012-05-16,0.36,14.08,10.9,18.84,nasa,0.75
2012-05-17,0.95,14.36,10.98,20.2,nasa,0.74
2012-05-18,0.48,13.46,9.28,19.89,nasa,0.74
2012-05-19,0.2,13.9,9.6,19.88,nasa,0.73
2012-05-20,0.13,14.53,10.85,20.19,nasa,0.73
2012-05-21,0.27,14.43,10.1,20.42,nasa,0.73
2012-05-22,0.13,14.58,9.9,20.61,nasa,0.72
2012-05-23,0.04,15.08,9.9,21.68,nasa,0.72
2012-05-24,0.75,16.07,12.14,21.56,nasa,0.72
2012-05-25,4.39,16.17,12.18,22.23,nasa,0.72
2012-05-26,2.36,16.36,12.7,22.19,nasa,0.72
2012-05-27,0.13,16.44,10.91,22.48,nasa,0.72
2012-05-28,2.31,18.44,13.91,23.53,nasa,0.72
2012-05-29,0.01,18.97,14.52,24.67,nasa,0.72
2012-05-30,0.04,18.93,14.82,24.67,nasa,0.71
2012-05-31,0.18,18.3,13.25,24.7,nasa,0.71
2012-06-01,1.62,17.91,13.45,23.92,nasa,0.71
2012-06-02,0.22,18.11,13.15,24.13,nasa,0.71
2012-06-03,0.02,18.22,12.3,24.92,nasa,0.71
2012-06-04,2.84,17.87,11.24,25.1,nasa,0.7
2012-06-05,7.28,17.55,14.25,22.1,nasa,0.71
2012-06-06,5.12,16.37,14.36,19.0,nasa,0.72
2012-06-07,1.49,15.94,12.5,20.07,nasa,0.72
2012-06-08,2.75,14.59,11.21,20.19,nasa,0.72
2012-06-09,0.48,15.04,10.93,21.5,nasa,0.72
2012-06-10,0.04,16.22,11.72,22.42,nasa,0.72
2012-06-11,9.85,16.49,13.1,22.0,nasa,0.72
2012-06-12,0.03,17.52,12.6,22.96,nasa,0.73
2012-06-13,0.04,17.07,12.09,22.58,nasa,0.72
2012-06-14,0.03,16.66,11.73,22.44,nasa,0.72
2012-06-15,0.03,16.19,10.54,21.91,nasa,0.71
2012-06-16,0.02,15.45,9.21,21.43,nasa,0.71
2012-06-17,0.0,16.75,11.32,22.77,nasa,0.71
2012-06-18,0.01,15.3,10.15,22.86,nasa,0.7
2012-06-19,0.37,16.91,11.54,23.48,nasa,0.7
2012-06-20,13.56,17.49,14.43,22.43,nasa,0.71
2012-06-21,28.12,18.79,16.16,23.35,nasa,0.74
2012-06-22,2.02,18.1,14.25,21.98,nasa,0.76
2012-06-23,0.39,15.03,11.1,20.99,nasa,0.75
2012-06-24,0.17,16.07,10.95,22.25,nasa,0.74
2012-06-25,0.02,15.49,11.29,21.09,nasa,0.74
2012-06-26,0.04,15.13,10.66,20.96,nasa,0.73
2012-06-27,0.0,14.24,9.16,21.09,nasa,0.73
2012-06-28,0.04,15.81,11.59,21.84,nasa,0.72
2012-06-29,0.0,16.11,10.54,22.4,nasa,0.72
2012-06-30,0.01,16.91,11.94,22.73,nasa,0.72
2012-07-01,0.0,17.18,10.96,23.74,nasa,0.71
2012-07-02,0.01,17.19,10.85,23.88,nasa,0.71
2012-07-03,0.03,16.33,8.94,23.17,nasa,0.71
2012-07-04,0.02,14.27,7.87,22.27,nasa,0.71
2012-07-05,0.04,15.16,8.54,22.46,nasa,0.7
2012-07-06,0.0,14.7,8.82,22.42,nasa,0.7
2012-07-07,0.0,16.02,10.1,23.92,nasa,0.7
2012-07-08,1.49,13.34,9.15,18.83,nasa,0.7
2012-07-09,0.67,12.18,7.81,19.66,nasa,0.7
2012-07-10,0.02,12.86,7.54,20.81,nasa,0.7
2012-07-11,0.02,15.13,7.85,22.82,nasa,0.7
2012-07-12,4.67,16.75,10.96,23.42,nasa,0.69
2012-07-13,0.68,14.62,10.08,20.22,nasa,0.7
2012-07-14,1.0,13.07,6.78,20.72,nasa,0.7
2012-07-15,0.03,13.38,6.2,22.09,nasa,0.69
2012-07-16,1.75,13.35,10.59,17.52,nasa,0.69
2012-07-17,8.88,13.67,10.74,17.51,nasa,0.7
2012-07-18,4.89,12.43,5.84,16.83,nasa,0.71
2012-07-19,0.0,10.89,3.29,19.96,nasa,0.71
2012-07-20,0.0,12.24,5.82,20.39,nasa,0.71
2012-07-21,0.03,14.19,6.92,22.65,nasa,0.7
2012-07-22,0.01,17.01,9.41,24.4,nasa,0.7
2012-07-23,0.04,18.72,13.3,25.23,nasa,0.69
2012-07-24,0.0,17.56,11.1,25.4,nasa,0.69
2012-07-25,0.0,16.75,9.15,25.31,nasa,0.68
2012-07-26,0.0,17.65,11.07,25.16,nasa,0.68
2012-07-27,0.01,17.61,10.84,25.23,nasa,0.68
2012-07-28,0.0,16.97,9.56,26.31,nasa,0.68
2012-07-29,0.02,17.33,10.56,25.01,nasa,0.67
2012-07-30,0.0,17.08,11.91,24.47,nasa,0.67
2012-07-31,0.03,15.3,10.73,22.69,nasa,0.67
2012-08-01,0.08,15.26,9.5,22.89,nasa,0.67
2012-08-02,0.05,16.8,11.73,24.15,nasa,0.67
2012-08-03,0.02,17.22,11.24,24.9,nasa,0.67
2012-08-04,0.0,16.66,9.08,24.93,nasa,0.66
2012-08-05,0.1,17.18,10.42,24.89,nasa,0.66
2012-08-06,0.04,15.05,9.45,23.18,nasa,0.66
2012-08-07,0.0,14.71,8.68,24.32,nasa,0.66
2012-08-08,0.0,15.09,7.26,25.04,nasa,0.66
2012-08-09,0.01,15.76,8.71,25.01,nasa,0.65
2012-08-10,0.01,16.19,8.9,25.35,nasa,0.65
2012-08-11,0.0,15.56,9.27,23.81,nasa,0.65
2012-08-12,0.04,15.86,9.73,24.56,nasa,0.65
2012-08-13,0.06,16.89,10.89,25.12,nasa,0.65
2012-08-14,0.51,16.85,11.68,24.51,nasa,0.65
2012-08-15,0.32,16.54,11.38,23.77,nasa,0.65
2012-08-16,0.05,16.48,11.87,23.83,nasa,0.65
2012-08-17,0.08,16.51,11.63,24.22,nasa,0.64
2012-08-18,0.08,16.15,11.89,23.87,nasa,0.64
2012-08-19,0.02,16.34,11.25,24.57,nasa,0.64
2012-08-20,0.0,15.64,9.64,24.79,nasa,0.64
2012-08-21,0.0,16.61,9.81,24.78,nasa,0.64
2012-08-22,0.0,17.37,11.17,27.08,nasa,0.64
2012-08-23,0.0,16.03,9.92,24.7,nasa,0.63
2012-08-24,0.0,16.86,11.79,25.31,nasa,0.63
2012-08-25,0.0,17.22,10.9,26.45,nasa,0.63
2012-08-26,0.0,17.8,10.24,26.6,nasa,0.63
2012-08-27,0.34,17.92,12.23,25.14,nasa,0.63
2012-08-28,2.42,16.82,11.9,23.79,nasa,0.63
2012-08-29,0.59,17.2,11.68,24.96,nasa,0.63
2012-08-30,0.03,16.05,10.39,24.88,nasa,0.63
2012-08-31,0.0,16.74,8.95,26.99,nasa,0.63
2012-09-01,0.0,18.34,10.17,29.31,nasa,0.62
2012-09-02,0.01,19.34,10.31,28.55,nasa,0.62
2012-09-03,0.03,19.75,13.62,29.5,nasa,0.62
2012-09-04,0.1,17.99,12.72,26.64,nasa,0.62
2012-09-05,0.0,18.83,10.17,28.46,nasa,0.62
2012-09-06,0.0,20.09,11.2,29.48,nasa,0.62
2012-09-07,0.0,20.26,11.22,29.52,nasa,0.61
2012-09-08,0.0,21.43,13.48,29.48,nasa,0.61
2012-09-09,0.0,23.41,17.34,31.93,nasa,0.61
2012-09-10,0.0,22.5,14.05,31.59,nasa,0.61
2012-09-11,0.0,22.13,13.62,31.53,nasa,0.61
2012-09-12,0.0,22.89,15.61,32.47,nasa,0.61
2012-09-13,0.1,22.24,14.95,31.85,nasa,0.61
2012-09-14,0.04,21.23,14.23,30.85,nasa,0.61
2012-09-15,0.0,22.04,13.82,31.5,nasa,0.6
2012-09-16,0.0,22.5,13.99,31.37,nasa,0.6
2012-09-17,0.0,23.4,14.3,32.37,nasa,0.6
2012-09-18,0.0,23.4,14.51,32.94,nasa,0.6
2012-09-19,0.04,23.85,14.68,33.8,nasa,0.6
2012-09-20,2.64,20.7,16.94,26.66,nasa,0.6
2012-09-21,10.93,20.56,16.02,27.03,nasa,0.61
2012-09-22,4.16,19.28,12.88,27.04,nasa,0.63
2012-09-23,0.04,17.9,11.04,27.01,nasa,0.63
2012-09-24,0.7,18.83,11.79,26.65,nasa,0.62
2012-09-25,4.36,19.7,15.91,26.36,nasa,0.62
2012-09-26,6.77,13.53,6.19,19.91,nasa,0.64
2012-09-27,0.05,12.43,6.51,20.99,nasa,0.64
2012-09-28,0.01,13.45,7.13,22.88,nasa,0.63
2012-09-29,0.0,14.61,7.0,24.84,nasa,0.63
2012-09-30,0.0,16.81,8.2,27.34,nasa,0.62
2012-10-01,0.0,18.97,8.25,30.66,nasa,0.62
2012-10-02,0.0,21.43,11.32,31.24,nasa,0.62
2012-10-03,0.0,23.44,14.97,32.48,nasa,0.61
2012-10-04,0.03,22.57,17.09,29.96,nasa,0.61
2012-10-05,0.53,22.45,14.59,31.46,nasa,0.61
2012-10-06,0.0,21.98,14.42,31.54,nasa,0.61
2012-10-07,0.0,22.2,13.41,32.17,nasa,0.61
2012-10-08,0.0,21.48,14.67,29.95,nasa,0.6
2012-10-09,0.0,21.51,14.17,29.73,nasa,0.6
2012-10-10,0.04,22.55,13.55,31.44,nasa,0.6
2012-10-11,1.82,23.39,14.63,32.33,nasa,0.6
2012-10-12,16.07,19.66,15.11,25.05,nasa,0.61
2012-10-13,6.3,17.24,13.56,23.04,nasa,0.64
2012-10-14,1.18,15.89,11.11,21.43,nasa,0.64
2012-10-15,0.03,17.3,8.11,27.96,nasa,0.63
2012-10-16,0.33,19.93,10.88,29.75,nasa,0.63
2012-10-17,2.03,17.7,15.07,22.5,nasa,0.63
2012-10-18,0.07,21.35,13.12,30.63,nasa,0.62
2012-10-19,5.38,21.47,14.16,29.93,nasa,0.62
2012-10-20,1.68,20.79,15.77,28.2,nasa,0.63
2012-10-21,1.69,22.33,15.03,29.71,nasa,0.63
2012-10-22,0.83,23.63,15.6,32.11,nasa,0.62
2012-10-23,9.65,23.29,17.6,30.59,nasa,0.63
2012-10-24,0.26,21.98,18.56,27.01,nasa,0.64
2012-10-25,0.05,22.09,16.47,29.25,nasa,0.63
2012-10-26,0.01,24.52,17.55,33.65,nasa,0.63
2012-10-27,0.0,25.21,16.32,34.91,nasa,0.62
2012-10-28,4.63,25.68,19.57,34.07,nasa,0.62
2012-10-29,0.46,24.8,18.95,32.19,nasa,0.62
2012-10-30,0.08,26.16,18.57,33.71,nasa,0.62
2012-10-31,0.91,26.45,19.65,34.81,nasa,0.62
2012-11-01,6.33,23.4,17.78,32.94,nasa,0.62
2012-11-02,2.41,21.74,15.99,30.81,nasa,0.62
2012-11-03,14.98,19.09,16.12,23.77,nasa,0.63
2012-11-04,2.74,19.82,15.76,26.0,nasa,0.65
2012-11-05,2.25,21.16,15.49,29.24,nasa,0.64
2012-11-06,0.7,21.0,15.53,29.03,nasa,0.64
2012-11-07,3.73,20.97,17.33,26.94,nasa,0.64
2012-11-08,0.31,20.94,16.0,26.78,nasa,0.64
2012-11-09,20.78,19.13,17.08,21.5,nasa,0.65
2012-11-10,13.99,18.17,16.33,20.86,nasa,0.68
2012-11-11,3.71,20.77,16.27,26.35,nasa,0.69
2012-11-12,3.39,21.21,17.7,26.46,nasa,0.68
2012-11-13,6.54,20.58,14.44,27.37,nasa,0.68
2012-11-14,1.63,17.93,13.52,24.42,nasa,0.68
2012-11-15,3.2,17.75,12.74,23.41,nasa,0.67
2012-11-16,2.86,19.42,13.42,27.85,nasa,0.67
2012-11-17,0.18,18.67,12.09,27.54,nasa,0.67
2012-11-18,0.01,19.48,11.62,27.5,nasa,0.66
2012-11-19,12.3,20.53,13.59,27.62,nasa,0.66
2012-11-20,11.11,21.27,16.19,28.28,nasa,0.68
2012-11-21,0.02,21.25,13.35,30.04,nasa,0.68
2012-11-22,0.01,21.41,13.46,30.79,nasa,0.67
2012-11-23,0.13,23.26,13.79,32.12,nasa,0.66
2012-11-24,9.07,22.78,18.56,28.95,nasa,0.66
2012-11-25,10.94,20.33,16.02,24.21,nasa,0.68
2012-11-26,3.2,19.77,14.6,26.12,nasa,0.68
2012-11-27,5.16,21.73,15.46,28.67,nasa,0.68
2012-11-28,2.02,23.03,17.84,30.58,nasa,0.68
2012-11-29,0.04,22.71,15.38,31.86,nasa,0.67
2012-11-30,0.02,22.11,15.15,30.86,nasa,0.66
2012-12-01,6.05,21.31,16.09,27.88,nasa,0.66
2012-12-02,17.08,21.72,16.84,27.3,nasa,0.68
2012-12-03,1.8,22.16,17.91,28.53,nasa,0.69
2012-12-04,0.43,22.59,17.32,28.62,nasa,0.68
2012-12-05,1.89,22.26,18.6,27.3,nasa,0.68
2012-12-06,2.38,22.78,18.83,28.28,nasa,0.68
2012-12-07,7.43,23.69,17.55,30.85,nasa,0.68
2012-12-08,2.77,25.0,19.27,32.18,nasa,0.68
2012-12-09,13.23,22.37,18.92,26.82,nasa,0.69
2012-12-10,8.61,22.57,17.3,29.1,nasa,0.7
2012-12-11,1.83,22.76,19.35,28.08,nasa,0.7
2012-12-12,8.84,22.62,18.8,27.02,nasa,0.7
2012-12-13,9.12,22.11,19.12,26.73,nasa,0.71
2012-12-14,19.29,21.13,19.0,24.13,nasa,0.72
2012-12-15,10.4,19.93,18.14,22.55,nasa,0.74
2012-12-16,8.16,21.55,17.34,26.78,nasa,0.74
2012-12-17,4.93,20.59,17.87,24.08,nasa,0.74
2012-12-18,0.29,22.53,17.32,28.74,nasa,0.73
2012-12-19,11.95,21.04,17.01,25.45,nasa,0.73
2012-12-20,4.79,22.61,17.61,27.6,nasa,0.73
2012-12-21,2.26,23.91,19.12,31.07,nasa,0.73
2012-12-22,6.64,23.06,18.39,29.46,nasa,0.73
2012-12-23,5.19,22.28,17.9,27.77,nasa,0.73
2012-12-24,1.34,23.26,18.56,29.92,nasa,0.72
2012-12-25,0.02,24.06,16.69,31.01,nasa,0.71
2012-12-26,0.26,24.64,20.28,30.71,nasa,0.7
2012-12-27,7.06,24.05,19.82,30.0,nasa,0.7
2012-12-28,3.78,22.89,18.99,28.09,nasa,0.7
2012-12-29,8.19,22.39,18.55,27.76,nasa,0.7
2012-12-30,9.01,21.74,17.71,26.19,nasa,0.72
2012-12-31,7.87,22.03,18.09,25.55,nasa,0.72
2013-01-01,0.24,22.56,16.68,28.44,nasa,0.72
2013-01-02,14.38,22.17,17.38,28.48,nasa,0.72
2013-01-03,8.59,20.21,16.69,25.43,nasa,0.74
2013-01-04,5.48,20.31,17.17,24.91,nasa,0.74
2013-01-05,0.27,22.06,17.28,27.77,nasa,0.73
2013-01-06,5.26,22.24,18.02,26.88,nasa,0.73
2013-01-07,2.78,21.38,18.45,25.6,nasa,0.72
2013-01-08,26.6,21.3,16.41,26.92,nasa,0.74
2013-01-09,13.49,21.85,18.27,26.6,nasa,0.76
2013-01-10,43.86,19.55,17.52,22.03,nasa,0.79
2013-01-11,20.76,19.41,15.9,24.77,nasa,0.83
2013-01-12,17.01,18.2,15.75,21.5,nasa,0.83
2013-01-13,31.46,19.41,15.21,24.57,nasa,0.85
2013-01-14,8.8,18.19,15.59,22.26,nasa,0.85
2013-01-15,16.61,18.86,14.83,23.1,nasa,0.85
2013-01-16,17.49,19.04,16.48,22.55,nasa,0.87
2013-01-17,4.31,20.27,17.25,24.76,nasa,0.86
2013-01-18,4.94,21.58,17.08,27.08,nasa,0.85
2013-01-19,6.04,21.41,16.3,27.28,nasa,0.85
2013-01-20,2.5,20.03,16.16,25.53,nasa,0.85
2013-01-21,0.39,18.86,14.57,25.47,nasa,0.84
2013-01-22,0.64,19.11,14.26,25.61,nasa,0.83
2013-01-23,1.34,19.59,14.34,25.77,nasa,0.82
2013-01-24,3.43,20.93,15.64,26.99,nasa,0.82
2013-01-25,7.81,21.14,17.16,25.77,nasa,0.82
2013-01-26,18.27,20.95,18.64,23.85,nasa,0.85
2013-01-27,9.0,20.66,16.66,26.96,nasa,0.85
2013-01-28,3.62,19.3,15.77,24.49,nasa,0.85
2013-01-29,9.36,20.41,15.28,26.97,nasa,0.85
2013-01-30,12.1,20.29,16.5,25.3,nasa,0.86
2013-01-31,9.76,21.08,17.24,25.39,nasa,0.86
2013-02-01,15.16,22.31,16.71,27.62,nasa,0.86
2013-02-02,17.03,21.69,18.42,26.22,nasa,0.88
2013-02-03,10.14,20.76,17.5,25.02,nasa,0.88
2013-02-04,9.02,20.45,17.24,24.12,nasa,0.89
2013-02-05,10.45,19.4,15.78,24.54,nasa,0.89
2013-02-06,12.02,18.99,15.07,23.44,nasa,0.89
2013-02-07,11.81,19.18,16.68,22.71,nasa,0.9
2013-02-08,6.33,19.9,15.29,24.75,nasa,0.9
2013-02-09,3.63,20.85,15.94,25.45,nasa,0.9
2013-02-10,7.61,20.19,17.09,23.51,nasa,0.9
2013-02-11,0.59,21.88,17.52,26.85,nasa,0.9
2013-02-12,1.26,22.44,17.56,27.35,nasa,0.89
2013-02-13,0.81,22.4,16.81,27.7,nasa,0.89
2013-02-14,1.23,22.45,18.08,27.33,nasa,0.88
2013-02-15,1.81,21.6,18.84,24.4,nasa,0.88
2013-02-16,0.74,22.43,18.3,26.9,nasa,0.88
2013-02-17,0.51,23.07,19.05,28.11,nasa,0.88
2013-02-18,0.29,21.82,18.09,25.68,nasa,0.87
2013-02-19,6.7,21.45,17.85,25.66,nasa,0.87
2013-02-20,0.84,20.76,16.34,26.32,nasa,0.87
2013-02-21,0.01,20.72,14.94,27.01,nasa,0.86
2013-02-22,3.93,21.47,14.5,27.78,nasa,0.86
2013-02-23,1.63,21.66,18.06,26.66,nasa,0.86
2013-02-24,0.21,21.52,16.67,26.95,nasa,0.85
2013-02-25,0.24,21.23,16.96,26.61,nasa,0.84
2013-02-26,8.64,21.73,16.6,27.89,nasa,0.84
2013-02-27,3.31,21.48,17.55,25.63,nasa,0.85
2013-02-28,2.41,19.97,15.96,24.82,nasa,0.84
2013-03-01,14.06,19.13,17.03,21.83,nasa,0.85
2013-03-02,10.12,18.81,15.93,23.45,nasa,0.87
2013-03-03,1.99,20.63,15.25,26.38,nasa,0.86
2013-03-04,4.88,21.72,16.76,27.02,nasa,0.86
2013-03-05,1.78,22.5,18.98,27.42,nasa,0.85
2013-03-06,4.78,22.74,18.26,28.27,nasa,0.85
2013-03-07,7.91,22.75,17.7,28.69,nasa,0.85
2013-03-08,3.71,22.68,18.41,27.54,nasa,0.86
2013-03-09,9.2,22.09,18.48,26.58,nasa,0.85
2013-03-10,5.77,21.47,18.66,25.46,nasa,0.86
2013-03-11,8.08,22.06,18.52,27.27,nasa,0.86
2013-03-12,4.31,22.21,18.2,27.81,nasa,0.86
2013-03-13,3.32,22.38,19.11,27.28,nasa,0.86
2013-03-14,4.12,21.21,17.51,26.95,nasa,0.86
2013-03-15,0.49,20.25,16.44,25.88,nasa,0.85
2013-03-16,2.28,21.72,16.93,27.26,nasa,0.85
2013-03-17,5.8,20.96,17.6,25.5,nasa,0.84
2013-03-18,2.33,17.63,14.51,21.73,nasa,0.85
2013-03-19,1.53,16.66,13.68,20.96,nasa,0.84
2013-03-20,0.67,18.07,13.85,23.49,nasa,0.84
2013-03-21,2.32,18.48,16.37,21.14,nasa,0.84
2013-03-22,3.08,20.57,16.4,25.49,nasa,0.84
2013-03-23,2.72,20.5,16.77,26.28,nasa,0.84
2013-03-24,5.82,19.54,15.11,24.65,nasa,0.84
2013-03-25,5.06,19.59,16.9,23.98,nasa,0.84
2013-03-26,11.11,18.93,16.39,22.59,nasa,0.84
2013-03-27,21.78,19.11,15.78,23.33,nasa,0.87
2013-03-28,0.49,18.02,14.45,23.22,nasa,0.87
2013-03-29,0.16,17.93,12.44,24.86,nasa,0.86
2013-03-30,0.52,17.75,13.96,22.29,nasa,0.85
2013-03-31,0.54,20.13,14.97,25.81,nasa,0.85
2013-04-01,0.1,21.16,15.83,27.1,nasa,0.84
2013-04-02,8.64,19.71,16.44,23.42,nasa,0.85
2013-04-03,3.48,19.47,16.1,24.31,nasa,0.85
2013-04-04,2.72,20.64,16.88,25.65,nasa,0.85
2013-04-05,15.79,19.99,18.47,23.7,nasa,0.86
2013-04-06,1.69,21.21,17.65,26.63,nasa,0.86
2013-04-07,3.26,20.87,17.07,26.07,nasa,0.85
2013-04-08,11.79,19.11,17.36,21.75,nasa,0.86
2013-04-09,1.36,19.08,15.89,23.93,nasa,0.86
2013-04-10,0.96,18.46,15.73,22.79,nasa,0.86
2013-04-11,5.36,18.49,15.09,24.07,nasa,0.86
2013-04-12,0.95,19.75,15.81,25.4,nasa,0.85
2013-04-13,2.59,19.52,18.1,21.36,nasa,0.85
2013-04-14,1.41,17.7,14.65,22.7,nasa,0.85
2013-04-15,0.17,17.86,12.88,23.39,nasa,0.85
2013-04-16,0.01,16.68,12.12,23.13,nasa,0.84
2013-04-17,0.02,15.42,10.7,22.34,nasa,0.84
2013-04-18,0.01,16.17,10.25,22.76,nasa,0.83
2013-04-19,0.01,17.41,11.48,23.88,nasa,0.83
2013-04-20,0.03,17.16,12.82,23.54,nasa,0.82
2013-04-21,0.03,15.51,11.46,21.94,nasa,0.82
2013-04-22,0.07,14.68,10.65,20.9,nasa,0.81
2013-04-23,0.02,14.88,9.26,21.0,nasa,0.81
2013-04-24,0.01,15.98,11.18,22.05,nasa,0.81
2013-04-25,0.06,15.76,11.13,22.42,nasa,0.8
2013-04-26,0.01,16.42,10.02,22.63,nasa,0.8
2013-04-27,0.0,16.38,10.62,23.3,nasa,0.8
2013-04-28,0.0,16.54,11.68,23.11,nasa,0.79
2013-04-29,0.03,15.72,11.81,21.39,nasa,0.79
2013-04-30,0.01,18.35,11.88,25.17,nasa,0.79
2013-05-01,0.01,18.42,13.94,25.38,nasa,0.78
2013-05-02,0.01,18.35,13.12,24.81,nasa,0.78
2013-05-03,0.01,17.91,12.8,24.39,nasa,0.78
2013-05-04,0.02,18.44,14.54,24.37,nasa,0.77
2013-05-05,0.29,18.38,14.24,24.32,nasa,0.77
2013-05-06,1.11,16.15,12.58,21.43,nasa,0.77
2013-05-07,0.05,15.57,10.68,22.06,nasa,0.77
2013-05-08,0.07,13.04,7.91,20.27,nasa,0.76
2013-05-09,0.02,14.03,8.17,21.91,nasa,0.76
2013-05-10,0.01,15.02,9.21,22.74,nasa,0.76
2013-05-11,0.03,15.38,9.57,22.54,nasa,0.75
2013-05-12,0.03,15.8,10.16,22.17,nasa,0.75
2013-05-13,0.03,16.73,10.04,23.36,nasa,0.75
2013-05-14,0.01,17.87,11.11,24.12,nasa,0.74
2013-05-15,0.12,18.68,11.93,25.08,nasa,0.74
2013-05-16,0.46,19.35,13.6,25.02,nasa,0.74
2013-05-17,2.18,15.98,12.86,18.65,nasa,0.74
2013-05-18,0.41,16.33,12.24,21.74,nasa,0.74
2013-05-19,0.08,17.34,11.63,23.34,nasa,0.74
2013-05-20,0.01,18.37,13.43,24.45,nasa,0.73
2013-05-21,0.07,18.3,13.56,24.29,nasa,0.73
2013-05-22,4.8,17.87,13.65,23.73,nasa,0.73
2013-05-23,1.35,16.26,13.26,22.15,nasa,0.73
2013-05-24,6.87,14.21,11.92,17.76,nasa,0.74
2013-05-25,0.66,14.23,10.07,20.48,nasa,0.74
2013-05-26,0.01,14.77,10.33,21.17,nasa,0.74
2013-05-27,10.88,15.2,11.96,19.66,nasa,0.74
2013-05-28,15.84,16.91,14.12,21.7,nasa,0.76
2013-05-29,0.33,17.28,14.28,22.01,nasa,0.77
2013-05-30,0.08,16.6,14.88,19.31,nasa,0.76
2013-05-31,0.31,16.74,13.92,21.87,nasa,0.76
2013-06-01,0.08,17.21,12.02,23.52,nasa,0.75
2013-06-02,5.07,17.41,12.04,23.04,nasa,0.75
2013-06-03,5.98,17.06,14.56,20.73,nasa,0.76
2013-06-04,0.65,15.26,11.9,20.61,nasa,0.76
2013-06-05,0.02,15.58,10.49,21.82,nasa,0.76
2013-06-06,0.02,15.49,8.99,22.2,nasa,0.75
2013-06-07,0.0,17.0,11.68,23.64,nasa,0.75
2013-06-08,0.01,16.73,11.97,23.35,nasa,0.74
2013-06-09,0.03,16.17,11.3,22.28,nasa,0.74
2013-06-10,0.03,15.79,10.55,21.69,nasa,0.74
2013-06-11,0.09,16.62,11.04,22.76,nasa,0.73
2013-06-12,3.16,16.68,11.58,22.82,nasa,0.73
2013-06-13,0.42,17.02,12.62,22.9,nasa,0.73
2013-06-14,0.04,16.41,11.05,22.21,nasa,0.73
2013-06-15,0.48,15.63,10.15,22.05,nasa,0.73
2013-06-16,2.16,15.39,11.4,20.55,nasa,0.73
2013-06-17,1.1,15.49,12.36,20.71,nasa,0.73
2013-06-18,0.06,15.48,11.01,22.67,nasa,0.73
2013-06-19,0.03,15.67,10.12,22.68,nasa,0.72
2013-06-20,0.01,16.39,12.8,22.27,nasa,0.72
2013-06-21,0.02,16.64,11.03,23.36,nasa,0.72
2013-06-22,0.23,17.42,14.03,23.35,nasa,0.72
2013-06-23,0.37,17.09,12.67,22.77,nasa,0.71
2013-06-24,1.24,16.16,12.81,21.45,nasa,0.71
2013-06-25,0.02,16.28,11.68,21.92,nasa,0.71
2013-06-26,0.07,16.89,11.79,22.36,nasa,0.71
2013-06-27,3.36,17.91,13.4,22.85,nasa,0.71
2013-06-28,0.42,18.38,13.03,23.98,nasa,0.71
2013-06-29,0.04,17.91,12.63,24.38,nasa,0.71
2013-06-30,0.43,18.61,14.82,24.39,nasa,0.71
2013-07-01,5.68,17.38,13.32,22.92,nasa,0.71
2013-07-02,1.08,15.49,11.19,21.39,nasa,0.71
2013-07-03,0.03,14.78,10.69,21.71,nasa,0.71
2013-07-04,0.01,14.87,9.6,22.76,nasa,0.71
2013-07-05,0.01,15.77,10.05,23.95,nasa,0.7
2013-07-06,0.03,14.94,7.08,22.9,nasa,0.7
2013-07-07,0.02,16.38,10.58,22.62,nasa,0.7
2013-07-08,1.21,15.91,11.62,22.59,nasa,0.69
2013-07-09,1.41,14.79,11.22,20.75,nasa,0.69
2013-07-10,0.06,14.18,10.03,20.56,nasa,0.69
2013-07-11,0.01,13.98,8.94,21.44,nasa,0.69
2013-07-12,0.02,14.32,8.22,20.88,nasa,0.69
2013-07-13,0.0,15.61,9.52,22.88,nasa,0.69
2013-07-14,1.26,17.72,12.87,23.65,nasa,0.69
2013-07-15,0.2,16.87,11.6,23.74,nasa,0.68
2013-07-16,0.11,16.25,10.78,22.98,nasa,0.68
2013-07-17,0.01,16.07,9.87,23.11,nasa,0.68
2013-07-18,0.0,16.2,8.05,24.32,nasa,0.68
2013-07-19,3.33,17.49,11.03,25.36,nasa,0.68
2013-07-20,0.05,17.78,12.47,24.02,nasa,0.68
2013-07-21,0.02,18.64,12.48,26.07,nasa,0.67
2013-07-22,0.07,19.21,12.79,27.33,nasa,0.67
2013-07-23,1.14,16.63,12.3,22.29,nasa,0.67
2013-07-24,10.24,11.63,9.16,14.37,nasa,0.68
2013-07-25,16.69,11.43,8.31,16.63,nasa,0.71
2013-07-26,0.08,11.29,5.83,18.78,nasa,0.71
2013-07-27,0.02,12.71,7.55,21.22,nasa,0.7
2013-07-28,0.01,13.71,6.89,21.52,nasa,0.7
2013-07-29,0.04,13.54,6.91,22.97,nasa,0.69
2013-07-30,0.16,13.66,6.71,24.0,nasa,0.69
2013-07-31,0.01,14.79,6.07,24.65,nasa,0.68
2013-08-01,0.02,15.91,7.72,25.37,nasa,0.68
2013-08-02,0.0,17.74,11.26,26.33,nasa,0.68
2013-08-03,0.0,19.09,13.12,26.78,nasa,0.67
2013-08-04,0.01,17.8,8.16,25.58,nasa,0.67
2013-08-05,0.0,18.0,10.02,26.75,nasa,0.67
2013-08-06,0.0,17.24,11.03,26.14,nasa,0.66
2013-08-07,0.03,16.55,10.82,25.45,nasa,0.66
2013-08-08,0.0,17.76,11.39,25.64,nasa,0.66
2013-08-09,0.0,17.54,11.12,24.63,nasa,0.66
2013-08-10,0.0,17.53,10.17,25.71,nasa,0.66
2013-08-11,0.0,16.16,11.4,23.54,nasa,0.66
2013-08-12,0.0,17.19,9.9,24.81,nasa,0.65
2013-08-13,0.04,19.41,12.7,26.21,nasa,0.65
2013-08-14,0.86,18.09,10.61,25.17,nasa,0.65
2013-08-15,0.31,11.53,6.85,19.1,nasa,0.65
2013-08-16,0.01,13.71,6.78,22.57,nasa,0.65
2013-08-17,0.36,15.56,9.16,23.47,nasa,0.65
2013-08-18,0.71,15.19,11.82,21.33,nasa,0.65
2013-08-19,1.8,14.48,10.75,20.55,nasa,0.65
2013-08-20,0.45,15.15,9.4,23.06,nasa,0.65
2013-08-21,0.0,16.95,11.47,24.46,nasa,0.65
2013-08-22,0.0,18.1,11.53,25.55,nasa,0.65
2013-08-23,0.0,19.2,11.13,27.72,nasa,0.64
2013-08-24,0.0,19.29,11.8,28.28,nasa,0.64
2013-08-25,0.0,18.65,10.46,27.51,nasa,0.64
2013-08-26,0.07,20.64,12.62,29.38,nasa,0.64
2013-08-27,0.08,16.64,9.23,23.32,nasa,0.63
2013-08-28,0.07,13.19,7.44,22.32,nasa,0.63
2013-08-29,0.0,14.45,6.38,25.64,nasa,0.63
2013-08-30,0.0,16.68,8.72,27.46,nasa,0.63
2013-08-31,0.0,17.22,8.27,27.4,nasa,0.63
2013-09-01,0.0,18.2,10.82,27.25,nasa,0.63
2013-09-02,0.0,19.51,10.05,28.74,nasa,0.62
2013-09-03,1.75,19.29,11.27,28.4,nasa,0.62
2013-09-04,13.89,15.76,12.18,19.31,nasa,0.64
2013-09-05,1.83,16.05,11.26,23.75,nasa,0.65
2013-09-06,0.2,16.62,10.96,25.09,nasa,0.65
2013-09-07,0.01,17.48,11.01,26.27,nasa,0.64
2013-09-08,0.0,17.84,10.79,27.02,nasa,0.64
2013-09-09,0.0,18.82,11.16,29.08,nasa,0.64
2013-09-10,0.0,19.26,11.51,29.23,nasa,0.63
2013-09-11,0.0,18.98,13.32,27.27,nasa,0.63
2013-09-12,0.0,18.67,12.41,27.33,nasa,0.63
2013-09-13,0.16,18.79,10.66,27.78,nasa,0.62
2013-09-14,0.14,20.11,11.72,28.42,nasa,0.62
2013-09-15,0.0,20.88,12.8,28.96,nasa,0.62
2013-09-16,1.52,21.55,13.75,30.09,nasa,0.62
2013-09-17,5.01,21.62,14.75,30.27,nasa,0.62
2013-09-18,0.13,21.51,17.5,27.48,nasa,0.63
2013-09-19,0.74,21.35,14.8,29.17,nasa,0.62
2013-09-20,0.03,22.69,15.82,31.23,nasa,0.62
2013-09-21,0.0,22.37,14.43,31.66,nasa,0.62
2013-09-22,2.69,23.35,15.14,32.23,nasa,0.62
2013-09-23,1.83,21.61,17.87,27.12,nasa,0.62
2013-09-24,10.05,20.11,15.49,26.03,nasa,0.63
2013-09-25,0.2,16.08,9.62,24.04,nasa,0.64
2013-09-26,0.01,15.37,8.05,26.04,nasa,0.63
2013-09-27,0.0,17.06,7.57,28.64,nasa,0.63
2013-09-28,6.36,19.42,9.28,29.89,nasa,0.63
2013-09-29,10.89,19.13,12.79,28.2,nasa,0.65
2013-09-30,2.6,19.02,15.05,24.35,nasa,0.65
2013-10-01,4.11,19.84,16.6,24.84,nasa,0.65
2013-10-02,16.29,19.0,15.06,23.6,nasa,0.66
2013-10-03,13.03,20.01,13.97,27.27,nasa,0.68
2013-10-04,8.23,18.68,15.93,22.67,nasa,0.69
2013-10-05,0.3,19.23,13.12,25.65,nasa,0.69
2013-10-06,0.02,16.39,9.59,25.1,nasa,0.68
2013-10-07,0.09,15.2,10.79,22.25,nasa,0.67
2013-10-08,1.14,15.29,10.89,21.56,nasa,0.67
2013-10-09,0.11,16.1,9.96,23.79,nasa,0.66
2013-10-10,0.0,17.24,10.18,26.11,nasa,0.66
2013-10-11,0.0,17.54,10.74,26.18,nasa,0.65
2013-10-12,0.0,16.83,11.99,23.87,nasa,0.65
2013-10-13,0.01,19.92,11.12,28.46,nasa,0.65
2013-10-14,0.61,21.09,12.45,29.49,nasa,0.64
2013-10-15,7.68,19.84,16.43,24.22,nasa,0.65
2013-10-16,11.16,18.55,16.38,22.92,nasa,0.66
2013-10-17,13.51,18.4,15.0,22.37,nasa,0.68
2013-10-18,9.06,19.77,14.49,26.31,nasa,0.69
2013-10-19,0.4,20.09,13.51,27.31,nasa,0.69
2013-10-20,0.01,21.53,12.81,29.48,nasa,0.68
2013-10-21,8.47,23.05,14.04,30.28,nasa,0.68
2013-10-22,0.64,21.99,17.03,28.07,nasa,0.68
2013-10-23,0.31,22.03,17.64,28.62,nasa,0.68
2013-10-24,0.01,23.14,15.4,32.13,nasa,0.67
2013-10-25,0.0,22.17,15.99,29.75,nasa,0.66
2013-10-26,0.0,22.71,15.9,30.32,nasa,0.66
2013-10-27,3.83,22.51,16.43,30.83,nasa,0.66
2013-10-28,0.37,19.33,13.52,28.71,nasa,0.66
2013-10-29,0.0,19.04,12.49,27.66,nasa,0.65
2013-10-30,1.64,18.69,13.63,24.45,nasa,0.65
2013-10-31,1.62,19.25,14.03,27.97,nasa,0.65
2013-11-01,0.18,18.71,12.8,26.09,nasa,0.65
2013-11-02,0.01,20.5,12.97,29.77,nasa,0.65
2013-11-03,0.0,21.71,12.79,30.87,nasa,0.64
2013-11-04,4.96,20.87,13.68,29.65,nasa,0.64
2013-11-05,10.57,19.24,15.68,25.09,nasa,0.66
2013-11-06,19.91,16.41,13.3,21.52,nasa,0.67
2013-11-07,11.3,17.72,12.89,24.11,nasa,0.7
2013-11-08,0.33,20.0,13.82,27.09,nasa,0.7
2013-11-09,0.0,21.21,14.17,28.88,nasa,0.68
2013-11-10,0.02,22.79,14.78,31.64,nasa,0.68
2013-11-11,0.15,24.77,16.24,32.86,nasa,0.67
2013-11-12,0.1,24.79,18.43,32.35,nasa,0.66
2013-11-13,0.03,21.44,14.22,28.95,nasa,0.66
2013-11-14,0.0,19.88,11.56,30.1,nasa,0.65
2013-11-15,0.46,20.91,12.45,29.67,nasa,0.65
2013-11-16,4.48,22.29,16.41,29.12,nasa,0.65
2013-11-17,12.99,19.1,16.83,21.66,nasa,0.66
2013-11-18,6.6,20.25,14.6,25.93,nasa,0.68
2013-11-19,1.95,21.84,16.74,28.78,nasa,0.68
2013-11-20,0.14,23.37,15.39,31.93,nasa,0.67
2013-11-21,1.26,23.36,15.24,32.28,nasa,0.66
2013-11-22,12.64,21.86,16.37,28.08,nasa,0.67
2013-11-23,12.67,19.24,15.78,24.29,nasa,0.69
2013-11-24,9.99,18.37,15.87,21.66,nasa,0.7
2013-11-25,23.34,18.41,16.34,21.88,nasa,0.72
2013-11-26,11.21,19.13,16.08,23.99,nasa,0.74
2013-11-27,8.95,19.85,16.42,24.43,nasa,0.74
2013-11-28,0.7,22.18,16.44,28.35,nasa,0.73
2013-11-29,6.29,23.03,17.38,29.33,nasa,0.72
2013-11-30,14.4,20.54,18.15,24.13,nasa,0.73
2013-12-01,11.82,20.63,18.15,24.56,nasa,0.74
2013-12-02,13.53,20.4,17.72,24.75,nasa,0.76
2013-12-03,3.09,22.57,18.04,28.68,nasa,0.75
2013-12-04,0.59,23.03,16.29,29.86,nasa,0.74
2013-12-05,12.58,23.1,18.12,28.25,nasa,0.74
2013-12-06,0.11,22.69,18.18,29.41,nasa,0.74
2013-12-07,2.91,20.6,16.43,26.54,nasa,0.73
2013-12-08,6.75,21.79,17.42,27.11,nasa,0.73
2013-12-09,1.07,23.12,18.4,29.04,nasa,0.73
2013-12-10,5.14,21.47,18.82,24.48,nasa,0.73
2013-12-11,13.74,20.81,16.74,25.75,nasa,0.74
2013-12-12,2.29,19.43,15.44,24.75,nasa,0.75
2013-12-13,0.34,19.84,13.66,26.86,nasa,0.74
2013-12-14,0.26,20.64,13.86,27.82,nasa,0.73
2013-12-15,4.37,21.5,16.56,28.35,nasa,0.72
2013-12-16,3.05,20.57,15.28,27.48,nasa,0.72
2013-12-17,2.0,19.84,14.57,26.46,nasa,0.72
2013-12-18,1.57,20.4,14.29,28.17,nasa,0.71
2013-12-19,0.5,20.75,14.75,28.3,nasa,0.71
2013-12-20,4.07,21.32,16.32,27.89,nasa,0.7
2013-12-21,6.79,19.83,17.37,23.91,nasa,0.71
2013-12-22,3.19,20.58,16.27,27.03,nasa,0.71
2013-12-23,3.98,19.32,16.18,22.98,nasa,0.72
2013-12-24,7.79,20.92,16.93,25.31,nasa,0.72
2013-12-25,4.95,22.67,18.19,28.38,nasa,0.72
2013-12-26,1.07,23.55,17.95,31.02,nasa,0.72
2013-12-27,3.97,23.45,15.77,31.55,nasa,0.71
2013-12-28,7.33,21.96,18.31,27.47,nasa,0.71
2013-12-29,5.84,22.13,18.1,27.77,nasa,0.72
2013-12-30,4.42,20.61,18.29,23.62,nasa,0.72
2013-12-31,4.56,21.8,18.41,25.91,nasa,0.72
2014-01-01,10.31,22.92,18.27,28.44,nasa,0.72
2014-01-02,1.92,24.04,19.28,30.42,nasa,0.73
2014-01-03,0.0,25.33,18.67,31.71,nasa,0.72
2014-01-04,0.0,24.96,19.35,31.71,nasa,0.71
2014-01-05,1.02,23.71,17.93,30.98,nasa,0.7
2014-01-06,0.25,22.29,16.36,30.06,nasa,0.69
2014-01-07,0.21,22.3,16.29,30.59,nasa,0.68
2014-01-08,0.03,22.53,15.23,29.53,nasa,0.68
2014-01-09,1.19,23.01,15.55,31.34,nasa,0.67
2014-01-10,0.39,22.71,16.49,29.2,nasa,0.67
2014-01-11,3.59,23.58,17.75,29.25,nasa,0.67
2014-01-12,2.03,22.31,18.98,27.46,nasa,0.68
2014-01-13,1.96,23.43,19.02,28.97,nasa,0.68
2014-01-14,0.31,23.98,17.63,30.91,nasa,0.67
2014-01-15,0.28,24.66,17.59,32.72,nasa,0.67
2014-01-16,10.4,22.33,17.54,27.63,nasa,0.67
2014-01-17,15.14,21.45,18.38,27.21,nasa,0.69
2014-01-18,4.57,21.68,16.96,27.52,nasa,0.7
2014-01-19,0.42,21.85,15.41,29.08,nasa,0.7
2014-01-20,14.75,22.68,16.76,28.88,nasa,0.7
2014-01-21,2.03,22.6,18.19,28.69,nasa,0.7
2014-01-22,8.09,22.35,18.05,27.39,nasa,0.7
2014-01-23,6.81,22.54,18.27,27.66,nasa,0.71
2014-01-24,8.76,22.11,17.29,28.18,nasa,0.71
2014-01-25,0.56,23.45,15.76,31.18,nasa,0.71
2014-01-26,0.1,23.24,16.85,30.43,nasa,0.7
2014-01-27,0.01,22.95,16.58,30.83,nasa,0.69
2014-01-28,0.01,22.49,15.96,30.75,nasa,0.68
2014-01-29,0.01,22.44,13.7,31.55,nasa,0.67
2014-01-30,0.0,23.07,15.07,32.69,nasa,0.67
2014-01-31,0.0,23.35,14.93,33.06,nasa,0.66
2014-02-01,0.0,23.85,15.19,33.0,nasa,0.66
2014-02-02,0.24,24.24,16.48,32.25,nasa,0.65
2014-02-03,0.03,24.57,18.24,32.45,nasa,0.65
2014-02-04,0.11,24.89,16.92,33.36,nasa,0.65
2014-02-05,0.0,25.18,18.11,34.4,nasa,0.64
2014-02-06,0.0,23.68,16.21,33.3,nasa,0.64
2014-02-07,0.65,23.98,16.33,32.48,nasa,0.64
2014-02-08,0.03,24.68,16.35,33.43,nasa,0.63
2014-02-09,1.15,24.23,15.67,33.41,nasa,0.63
2014-02-10,0.0,24.36,15.62,34.03,nasa,0.63
2014-02-11,0.0,23.83,16.11,32.31,nasa,0.63
2014-02-12,0.0,23.99,16.96,31.39,nasa,0.62
2014-02-13,0.04,24.8,16.73,32.81,nasa,0.62
2014-02-14,7.84,23.92,18.59,31.45,nasa,0.62
2014-02-15,13.89,21.64,18.27,28.45,nasa,0.64
2014-02-16,9.9,20.46,17.61,25.47,nasa,0.66
2014-02-17,6.96,20.22,16.62,25.82,nasa,0.67
2014-02-18,1.44,20.34,15.16,28.18,nasa,0.67
2014-02-19,0.37,21.11,14.74,29.06,nasa,0.66
2014-02-20,0.0,22.2,14.92,29.99,nasa,0.66
2014-02-21,1.05,22.05,16.07,28.25,nasa,0.65
2014-02-22,0.16,22.99,17.49,30.4,nasa,0.65
2014-02-23,0.01,23.6,17.11,30.72,nasa,0.64
2014-02-24,0.67,22.98,17.94,29.25,nasa,0.64
2014-02-25,0.88,22.83,17.96,29.62,nasa,0.64
2014-02-26,0.02,24.17,14.59,32.9,nasa,0.64
2014-02-27,0.45,24.72,16.56,32.41,nasa,0.63
2014-02-28,10.41,23.14,18.54,29.16,nasa,0.64
2014-03-01,2.02,19.98,17.6,22.97,nasa,0.65
2014-03-02,0.56,22.52,17.17,29.94,nasa,0.65
2014-03-03,0.03,22.34,16.22,29.68,nasa,0.64
2014-03-04,0.08,22.38,16.59,29.75,nasa,0.64
2014-03-05,3.66,22.21,17.09,29.06,nasa,0.64
2014-03-06,18.45,21.65,17.67,26.35,nasa,0.65
2014-03-07,15.81,20.2,17.61,24.54,nasa,0.68
2014-03-08,5.6,19.2,16.85,21.99,nasa,0.69
2014-03-09,0.47,21.37,14.24,29.02,nasa,0.69
2014-03-10,0.04,22.49,15.13,30.08,nasa,0.67
2014-03-11,0.92,22.85,15.99,30.4,nasa,0.67
2014-03-12,0.57,22.3,17.09,29.93,nasa,0.66
2014-03-13,0.38,22.57,17.04,29.43,nasa,0.66
2014-03-14,0.85,22.44,17.01,29.09,nasa,0.65
2014-03-15,0.03,23.15,15.47,32.0,nasa,0.65
2014-03-16,0.09,23.63,16.15,32.51,nasa,0.65
2014-03-17,0.24,22.86,15.6,31.04,nasa,0.64
2014-03-18,0.1,23.45,16.74,31.06,nasa,0.64
2014-03-19,0.44,23.03,17.34,29.5,nasa,0.64
2014-03-20,2.42,22.83,18.49,29.12,nasa,0.64
2014-03-21,8.47,22.56,18.35,28.12,nasa,0.64
2014-03-22,6.27,22.11,18.41,28.18,nasa,0.65
2014-03-23,3.18,20.06,16.29,27.08,nasa,0.66
2014-03-24,0.2,19.39,15.26,24.98,nasa,0.66
2014-03-25,0.4,19.91,13.42,28.15,nasa,0.65
2014-03-26,3.5,20.37,14.43,28.18,nasa,0.65
2014-03-27,0.74,20.86,15.68,28.98,nasa,0.65
2014-03-28,0.35,21.34,15.05,29.52,nasa,0.65
2014-03-29,0.02,22.01,15.55,29.75,nasa,0.64
2014-03-30,2.97,21.81,17.08,28.2,nasa,0.64
2014-03-31,3.84,21.5,17.76,26.97,nasa,0.64
2014-04-01,4.66,21.17,18.1,26.7,nasa,0.65
2014-04-02,9.69,21.76,16.99,28.59,nasa,0.65
2014-04-03,3.79,20.24,17.51,24.62,nasa,0.66
2014-04-04,2.68,20.23,15.33,27.96,nasa,0.66
2014-04-05,0.37,19.85,15.04,28.12,nasa,0.66
2014-04-06,0.01,20.41,13.76,29.95,nasa,0.65
2014-04-07,0.01,20.93,12.47,29.92,nasa,0.65
2014-04-08,0.01,21.27,14.39,29.14,nasa,0.64
2014-04-09,0.45,22.06,14.89,30.5,nasa,0.64
2014-04-10,0.73,22.98,17.45,31.03,nasa,0.64
2014-04-11,0.15,21.53,16.13,28.16,nasa,0.64
2014-04-12,6.59,21.96,18.84,27.04,nasa,0.64
2014-04-13,3.55,21.26,17.99,26.58,nasa,0.65
2014-04-14,5.12,20.24,15.32,25.81,nasa,0.65
2014-04-15,10.33,16.98,14.38,20.59,nasa,0.66
2014-04-16,10.0,17.64,15.74,21.24,nasa,0.68
2014-04-17,0.15,19.71,14.91,26.51,nasa,0.68
2014-04-18,0.0,20.43,14.85,27.18,nasa,0.67
2014-04-19,0.58,21.21,14.34,28.4,nasa,0.66
2014-04-20,4.6,21.01,15.54,27.57,nasa,0.66
2014-04-21,0.75,20.69,16.2,27.86,nasa,0.66
2014-04-22,2.49,20.31,15.64,26.0,nasa,0.66
2014-04-23,1.96,19.3,16.71,23.64,nasa,0.66
2014-04-24,1.72,19.05,15.1,24.84,nasa,0.66
2014-04-25,0.92,17.38,12.81,23.89,nasa,0.66
2014-04-26,0.14,16.57,11.39,24.01,nasa,0.66
2014-04-27,0.51,16.18,10.56,24.36,nasa,0.65
2014-04-28,0.61,15.43,10.7,22.83,nasa,0.65
2014-04-29,0.01,14.24,8.46,23.15,nasa,0.65
2014-04-30,0.01,14.56,6.68,24.25,nasa,0.65
2014-05-01,0.0,16.69,8.45,25.8,nasa,0.64
2014-05-02,0.01,19.43,13.39,28.49,nasa,0.64
2014-05-03,0.0,16.82,12.36,24.54,nasa,0.64
2014-05-04,0.02,17.91,11.38,26.03,nasa,0.64
2014-05-05,0.0,18.98,10.72,27.44,nasa,0.64
2014-05-06,0.01,19.83,12.19,28.3,nasa,0.63
2014-05-07,0.02,19.19,13.34,25.52,nasa,0.63
2014-05-08,0.0,20.38,14.56,27.64,nasa,0.63
2014-05-09,1.02,19.1,13.83,26.65,nasa,0.63
2014-05-10,0.76,15.87,11.77,22.92,nasa,0.63
2014-05-11,1.13,15.06,10.89,22.65,nasa,0.63
2014-05-12,0.05,15.18,8.75,23.63,nasa,0.63
2014-05-13,0.01,16.18,8.08,24.17,nasa,0.63
2014-05-14,0.0,16.78,9.94,25.4,nasa,0.63
2014-05-15,0.01,17.23,9.6,26.0,nasa,0.62
2014-05-16,0.01,18.02,11.01,26.33,nasa,0.62
2014-05-17,0.01,17.54,11.73,24.96,nasa,0.62
2014-05-18,1.36,17.47,13.7,23.68,nasa,0.62
2014-05-19,0.01,17.71,12.73,25.72,nasa,0.62
2014-05-20,0.03,17.86,11.95,25.85,nasa,0.62
2014-05-21,0.0,17.07,9.96,26.18,nasa,0.62
2014-05-22,0.0,18.45,10.02,27.28,nasa,0.62
2014-05-23,3.87,19.13,14.24,25.82,nasa,0.62
2014-05-24,0.6,18.25,14.13,24.19,nasa,0.62
2014-05-25,3.46,17.71,12.99,24.31,nasa,0.62
2014-05-26,5.34,18.48,14.71,24.44,nasa,0.63
2014-05-27,0.07,14.92,9.95,22.43,nasa,0.63
2014-05-28,0.24,15.31,9.94,23.03,nasa,0.63
2014-05-29,0.03,15.51,10.82,22.9,nasa,0.63
2014-05-30,0.02,15.14,10.35,22.91,nasa,0.63
2014-05-31,0.03,15.25,9.5,22.88,nasa,0.62
2014-06-01,4.88,16.12,8.68,24.25,nasa,0.62
2014-06-02,1.5,16.53,10.84,23.67,nasa,0.63
2014-06-03,0.08,14.53,8.68,22.92,nasa,0.63
2014-06-04,0.04,14.94,7.28,23.82,nasa,0.63
2014-06-05,0.0,16.55,7.99,25.66,nasa,0.63
2014-06-06,0.01,18.14,11.0,27.16,nasa,0.62
2014-06-07,0.02,18.86,11.47,27.54,nasa,0.62
2014-06-08,0.01,17.48,11.11,25.93,nasa,0.62
2014-06-09,0.03,18.24,10.26,27.77,nasa,0.62
2014-06-10,1.02,17.19,13.49,23.24,nasa,0.62
2014-06-11,0.2,16.85,12.38,23.87,nasa,0.62
2014-06-12,0.13,16.81,11.43,25.09,nasa,0.61
2014-06-13,0.09,17.04,11.49,25.06,nasa,0.61
2014-06-14,0.04,18.44,13.15,25.01,nasa,0.61
2014-06-15,0.56,18.43,13.54,25.62,nasa,0.61
2014-06-16,0.24,18.31,12.31,25.45,nasa,0.61
2014-06-17,0.0,17.9,11.14,26.22,nasa,0.61
2014-06-18,6.64,16.67,11.07,24.33,nasa,0.61
2014-06-19,7.33,15.06,11.17,22.26,nasa,0.63
2014-06-20,0.09,14.56,9.48,20.77,nasa,0.63
2014-06-21,0.02,15.99,10.8,22.96,nasa,0.63
2014-06-22,0.02,16.01,11.32,22.82,nasa,0.63
2014-06-23,0.01,15.72,10.2,22.59,nasa,0.62
2014-06-24,0.0,16.68,8.88,24.97,nasa,0.62
2014-06-25,0.0,16.94,8.51,25.39,nasa,0.62
2014-06-26,0.02,17.82,9.51,25.88,nasa,0.62
2014-06-27,0.01,18.35,10.22,26.57,nasa,0.62
2014-06-28,0.0,18.58,11.0,27.24,nasa,0.61
2014-06-29,0.0,18.04,11.56,25.19,nasa,0.61
2014-06-30,0.0,17.21,12.7,23.72,nasa,0.61
2014-07-01,0.01,15.78,9.63,24.24,nasa,0.61
2014-07-02,0.0,18.7,11.89,26.56,nasa,0.61
2014-07-03,0.0,18.72,11.0,27.61,nasa,0.61
2014-07-04,0.0,18.6,12.2,27.9,nasa,0.61
2014-07-05,0.0,17.73,11.7,26.85,nasa,0.61
2014-07-06,0.0,16.5,9.74,24.45,nasa,0.61
2014-07-07,0.0,17.74,11.33,24.57,nasa,0.6
2014-07-08,0.43,16.57,12.27,21.58,nasa,0.6
2014-07-09,11.97,15.75,10.66,22.53,nasa,0.61
2014-07-10,5.94,14.82,12.38,18.81,nasa,0.63
2014-07-11,0.43,14.9,11.13,21.62,nasa,0.63
2014-07-12,0.18,15.11,10.32,22.45,nasa,0.63
2014-07-13,0.02,14.86,10.61,22.1,nasa,0.63
2014-07-14,0.0,14.18,9.31,22.36,nasa,0.62
2014-07-15,0.02,14.22,7.88,22.61,nasa,0.62
2014-07-16,0.0,15.4,8.38,23.27,nasa,0.62
2014-07-17,0.01,16.08,8.91,24.16,nasa,0.62
2014-07-18,0.01,16.98,9.46,24.63,nasa,0.62
2014-07-19,0.06,15.21,9.44,22.44,nasa,0.61
2014-07-20,0.0,14.18,7.95,23.47,nasa,0.61
2014-07-21,0.01,14.8,8.22,24.17,nasa,0.61
2014-07-22,0.01,15.83,9.84,24.58,nasa,0.61
2014-07-23,0.0,14.97,7.51,23.86,nasa,0.61
2014-07-24,2.12,16.68,9.72,25.17,nasa,0.61
2014-07-25,8.23,15.04,12.63,18.35,nasa,0.62
2014-07-26,3.7,13.8,11.62,18.57,nasa,0.63
2014-07-27,1.56,14.23,11.68,18.38,nasa,0.63
2014-07-28,0.75,15.07,11.06,21.65,nasa,0.63
2014-07-29,0.15,14.34,10.16,20.92,nasa,0.63
2014-07-30,0.0,14.54,9.08,22.96,nasa,0.62
2014-07-31,0.01,15.04,7.4,23.59,nasa,0.62
2014-08-01,0.01,16.7,9.2,24.83,nasa,0.62
2014-08-02,0.0,17.72,10.54,26.57,nasa,0.62
2014-08-03,0.0,18.94,12.24,27.53,nasa,0.62
2014-08-04,0.0,18.56,11.78,27.94,nasa,0.61
2014-08-05,0.3,15.23,8.38,21.66,nasa,0.61
2014-08-06,0.01,13.08,5.92,24.63,nasa,0.61
2014-08-07,0.0,14.58,5.25,25.67,nasa,0.61
2014-08-08,2.15,15.88,9.41,25.77,nasa,0.61
2014-08-09,0.06,16.56,9.81,25.17,nasa,0.61
2014-08-10,0.0,17.21,12.19,24.86,nasa,0.61
2014-08-11,0.0,16.66,8.55,25.87,nasa,0.61
2014-08-12,0.0,18.6,9.41,28.33,nasa,0.61
2014-08-13,1.79,17.35,10.93,27.81,nasa,0.61
2014-08-14,2.22,12.63,9.57,17.07,nasa,0.61
2014-08-15,0.09,14.88,10.26,21.92,nasa,0.61
2014-08-16,0.4,16.72,10.87,24.94,nasa,0.61
2014-08-17,4.32,16.4,11.03,24.27,nasa,0.61
2014-08-18,1.36,17.77,12.63,24.9,nasa,0.62
2014-08-19,0.08,17.6,11.25,26.27,nasa,0.61
2014-08-20,0.01,17.34,10.6,27.21,nasa,0.61
2014-08-21,0.0,18.43,11.22,28.06,nasa,0.61
2014-08-22,0.0,18.52,9.25,28.98,nasa,0.61
2014-08-23,0.01,19.46,10.46,29.99,nasa,0.61
2014-08-24,0.0,19.4,9.69,29.32,nasa,0.6
2014-08-25,0.0,19.31,9.94,28.93,nasa,0.6
2014-08-26,0.0,19.89,10.37,29.87,nasa,0.6
2014-08-27,0.4,20.12,14.37,28.49,nasa,0.6
2014-08-28,1.29,18.31,12.11,27.15,nasa,0.6
2014-08-29,0.12,18.07,10.97,27.74,nasa,0.6
2014-08-30,0.02,19.04,10.7,29.71,nasa,0.6
2014-08-31,2.72,19.18,12.21,28.5,nasa,0.6
2014-09-01,0.25,19.95,15.05,28.35,nasa,0.6
2014-09-02,0.45,22.14,13.82,31.57,nasa,0.6
2014-09-03,7.51,20.74,15.68,28.1,nasa,0.61
2014-09-04,0.22,16.88,11.73,24.49,nasa,0.61
2014-09-05,0.06,15.33,10.43,23.51,nasa,0.61
2014-09-06,0.0,15.26,7.99,25.39,nasa,0.61
2014-09-07,0.0,17.48,7.73,28.12,nasa,0.6
2014-09-08,0.0,18.98,11.56,29.43,nasa,0.6
2014-09-09,0.0,18.89,10.43,29.6,nasa,0.6
2014-09-10,0.0,19.83,10.87,29.76,nasa,0.6
2014-09-11,0.0,21.08,11.49,31.99,nasa,0.6
2014-09-12,0.0,20.33,11.79,30.89,nasa,0.6
2014-09-13,0.0,19.89,12.95,30.35,nasa,0.59
2014-09-14,0.0,20.18,10.6,30.57,nasa,0.59
2014-09-15,0.05,20.92,12.11,31.1,nasa,0.59
2014-09-16,0.71,22.32,15.09,31.36,nasa,0.59
2014-09-17,0.18,21.46,14.07,30.7,nasa,0.59
2014-09-18,0.01,22.15,13.76,31.45,nasa,0.59
2014-09-19,0.35,22.58,15.36,31.27,nasa,0.59
2014-09-20,0.77,22.61,15.49,30.76,nasa,0.59
2014-09-21,6.15,19.21,14.33,25.44,nasa,0.6
2014-09-22,0.08,17.64,10.84,27.85,nasa,0.6
2014-09-23,0.01,18.85,7.97,30.59,nasa,0.6
2014-09-24,0.0,20.92,11.25,31.62,nasa,0.6
2014-09-25,0.19,22.51,14.29,31.53,nasa,0.59
2014-09-26,3.59,20.5,16.18,26.95,nasa,0.59
2014-09-27,0.57,20.78,15.81,27.88,nasa,0.6
2014-09-28,1.34,21.43,16.07,28.54,nasa,0.6
2014-09-29,4.34,23.21,15.98,31.33,nasa,0.6
2014-09-30,5.09,23.91,19.08,30.67,nasa,0.61
2014-10-01,1.17,23.42,17.82,31.09,nasa,0.61
2014-10-02,0.3,19.44,12.45,28.67,nasa,0.61
2014-10-03,0.09,16.0,9.98,25.49,nasa,0.6
2014-10-04,0.05,14.45,7.64,23.7,nasa,0.6
2014-10-05,0.0,14.17,7.96,21.97,nasa,0.6
2014-10-06,0.0,16.0,8.55,26.41,nasa,0.6
2014-10-07,0.0,17.23,9.34,26.36,nasa,0.6
2014-10-08,0.0,19.23,9.74,29.32,nasa,0.6
2014-10-09,0.0,21.08,11.62,30.88,nasa,0.59
2014-10-10,0.0,22.61,12.87,32.65,nasa,0.59
2014-10-11,0.0,23.99,14.18,34.31,nasa,0.59
2014-10-12,0.0,24.6,14.77,35.07,nasa,0.59
2014-10-13,0.0,25.64,15.98,35.93,nasa,0.59
2014-10-14,0.02,25.59,15.58,35.92,nasa,0.59
2014-10-15,0.04,25.41,16.99,36.08,nasa,0.59
2014-10-16,0.0,25.25,16.08,34.83,nasa,0.59
2014-10-17,1.47,26.8,17.69,35.79,nasa,0.59
2014-10-18,0.44,27.43,19.22,36.62,nasa,0.59
2014-10-19,3.14,26.31,18.85,35.19,nasa,0.59
2014-10-20,2.03,23.76,17.46,34.29,nasa,0.59
2014-10-21,0.49,20.8,15.46,29.05,nasa,0.59
2014-10-22,0.21,19.21,14.16,26.12,nasa,0.59
2014-10-23,0.01,21.24,12.75,30.31,nasa,0.59
2014-10-24,1.13,23.22,14.47,32.14,nasa,0.59
2014-10-25,5.48,20.42,17.2,26.07,nasa,0.59
2014-10-26,10.98,19.61,15.66,24.47,nasa,0.61
2014-10-27,0.67,20.96,14.19,29.78,nasa,0.62
2014-10-28,0.0,19.74,10.96,29.44,nasa,0.61
2014-10-29,0.0,21.38,13.44,29.86,nasa,0.61
2014-10-30,1.76,22.28,14.88,29.61,nasa,0.6
2014-10-31,6.92,22.45,17.74,29.32,nasa,0.61
2014-11-01,6.05,22.6,17.7,29.09,nasa,0.62
2014-11-02,2.58,22.59,17.94,29.89,nasa,0.62
2014-11-03,0.27,22.05,17.51,27.65,nasa,0.62
2014-11-04,0.37,22.16,17.52,29.12,nasa,0.61
2014-11-05,2.04,21.51,18.77,25.45,nasa,0.61
2014-11-06,8.2,22.1,17.04,30.36,nasa,0.62
2014-11-07,6.16,22.77,17.31,28.65,nasa,0.62
2014-11-08,4.22,22.55,17.51,30.46,nasa,0.63
2014-11-09,6.49,21.45,16.64,29.44,nasa,0.63
2014-11-10,0.27,22.02,14.4,31.32,nasa,0.63
2014-11-11,0.26,21.91,14.03,30.61,nasa,0.63
2014-11-12,15.44,21.27,15.96,28.07,nasa,0.63
2014-11-13,12.86,21.22,17.01,27.75,nasa,0.66
2014-11-14,10.29,20.97,14.89,28.5,nasa,0.66
2014-11-15,2.01,18.02,13.33,24.61,nasa,0.67
2014-11-16,0.01,19.53,11.73,29.24,nasa,0.66
2014-11-17,0.01,19.68,11.15,29.94,nasa,0.65
2014-11-18,0.0,19.42,10.99,29.23,nasa,0.64
2014-11-19,0.0,20.9,11.66,30.43,nasa,0.64
2014-11-20,0.21,21.17,14.7,29.32,nasa,0.63
2014-11-21,0.19,22.9,14.14,31.91,nasa,0.63
2014-11-22,7.51,22.7,17.75,28.65,nasa,0.63
2014-11-23,6.77,21.61,18.23,26.81,nasa,0.64
2014-11-24,3.37,21.72,17.65,28.05,nasa,0.65
2014-11-25,3.73,20.75,18.09,26.0,nasa,0.65
2014-11-26,15.75,20.72,18.1,24.06,nasa,0.66
2014-11-27,18.58,21.4,18.23,27.33,nasa,0.68
2014-11-28,9.11,21.14,16.44,28.0,nasa,0.7
2014-11-29,1.1,19.3,15.44,24.1,nasa,0.69
2014-11-30,2.29,20.51,15.21,27.79,nasa,0.68
2014-12-01,5.79,21.09,16.0,27.76,nasa,0.68
2014-12-02,0.18,20.14,13.28,27.65,nasa,0.68
2014-12-03,0.0,21.59,13.95,28.9,nasa,0.67
2014-12-04,7.47,22.55,17.21,30.06,nasa,0.67
2014-12-05,4.63,20.53,15.64,28.25,nasa,0.67
2014-12-06,0.48,20.4,15.05,26.35,nasa,0.67
2014-12-07,0.02,21.51,15.61,28.91,nasa,0.67
2014-12-08,0.03,21.87,16.2,28.45,nasa,0.66
2014-12-09,3.56,21.54,17.2,26.06,nasa,0.66
2014-12-10,3.49,20.59,17.93,24.84,nasa,0.66
2014-12-11,4.76,19.87,16.89,22.93,nasa,0.67
2014-12-12,13.58,20.91,16.03,27.26,nasa,0.68
2014-12-13,7.88,19.71,16.79,23.67,nasa,0.69
2014-12-14,10.19,22.14,17.15,29.5,nasa,0.7
2014-12-15,0.47,20.94,14.84,29.41,nasa,0.69
2014-12-16,0.0,21.03,13.51,29.71,nasa,0.68
2014-12-17,0.0,21.74,13.87,28.98,nasa,0.67
2014-12-18,3.04,22.52,17.64,28.59,nasa,0.67
2014-12-19,12.66,22.5,19.06,26.63,nasa,0.67
2014-12-20,4.86,21.5,18.69,26.11,nasa,0.69
2014-12-21,7.32,22.67,17.54,28.33,nasa,0.69
2014-12-22,12.7,21.93,19.35,26.01,nasa,0.7
2014-12-23,9.88,20.83,18.26,24.33,nasa,0.72
2014-12-24,4.78,21.72,17.29,27.23,nasa,0.71
2014-12-25,0.5,22.65,17.64,29.0,nasa,0.71
2014-12-26,0.01,23.39,16.48,31.87,nasa,0.7
2014-12-27,0.0,24.41,16.15,32.83,nasa,0.69
2014-12-28,0.02,24.03,16.57,31.68,nasa,0.68
2014-12-29,2.12,23.48,17.79,30.94,nasa,0.67
2014-12-30,1.54,22.73,18.51,28.69,nasa,0.67
2014-12-31,0.38,22.75,19.08,28.45,nasa,0.67
2015-01-01,0.46,24.11,18.02,29.89,nasa,0.67
2015-01-02,0.7,24.56,19.79,30.2,nasa,0.66
2015-01-03,7.51,24.71,18.78,32.89,nasa,0.66
2015-01-04,3.01,22.62,19.41,27.35,nasa,0.67
2015-01-05,8.54,21.65,18.17,27.61,nasa,0.67
2015-01-06,3.91,21.49,17.9,27.53,nasa,0.69
2015-01-07,1.02,22.37,17.03,29.13,nasa,0.68
2015-01-08,0.02,24.42,16.96,31.96,nasa,0.67
2015-01-09,0.0,24.45,15.44,33.12,nasa,0.67
2015-01-10,0.15,25.64,18.65,34.43,nasa,0.66
2015-01-11,1.81,25.42,17.38,34.82,nasa,0.65
2015-01-12,1.51,25.65,17.41,35.42,nasa,0.65
2015-01-13,0.91,25.64,19.31,33.82,nasa,0.65
2015-01-14,1.56,25.48,19.15,33.01,nasa,0.65
2015-01-15,0.15,25.34,18.51,33.8,nasa,0.64
2015-01-16,0.0,24.95,17.94,33.52,nasa,0.64
2015-01-17,0.0,25.51,17.15,35.85,nasa,0.64
2015-01-18,0.0,25.89,17.13,36.04,nasa,0.63
2015-01-19,0.0,25.89,16.93,36.69,nasa,0.63
2015-01-20,0.68,25.3,16.38,35.86,nasa,0.62
2015-01-21,2.03,25.26,16.9,34.79,nasa,0.62
2015-01-22,11.32,22.11,19.04,26.47,nasa,0.63
2015-01-23,10.14,20.22,17.39,24.01,nasa,0.66
2015-01-24,7.58,19.85,16.29,25.59,nasa,0.66
2015-01-25,9.2,21.02,14.65,27.86,nasa,0.67
2015-01-26,9.44,21.87,16.98,26.81,nasa,0.68
2015-01-27,3.36,22.36,18.06,27.97,nasa,0.68
2015-01-28,0.41,20.63,18.51,23.36,nasa,0.68
2015-01-29,0.23,22.57,17.45,27.9,nasa,0.67
2015-01-30,5.37,23.58,18.62,30.08,nasa,0.67
2015-01-31,14.72,21.72,19.04,25.7,nasa,0.68
2015-02-01,9.83,21.79,18.22,26.82,nasa,0.7
2015-02-02,15.88,20.32,17.74,24.03,nasa,0.71
2015-02-03,5.81,20.83,16.83,25.55,nasa,0.72
2015-02-04,10.28,19.68,16.6,24.06,nasa,0.71
2015-02-05,8.3,19.48,15.85,23.57,nasa,0.72
2015-02-06,7.22,19.59,17.28,22.59,nasa,0.72
2015-02-07,2.1,20.91,16.7,26.79,nasa,0.72
2015-02-08,8.45,21.05,16.03,27.63,nasa,0.72
2015-02-09,7.96,20.71,18.24,24.48,nasa,0.73
2015-02-10,2.91,21.75,18.43,26.38,nasa,0.72
2015-02-11,2.98,21.99,18.68,27.42,nasa,0.72
2015-02-12,1.34,23.22,17.31,29.19,nasa,0.71
2015-02-13,1.36,23.53,16.99,30.09,nasa,0.71
2015-02-14,1.2,22.86,17.58,29.25,nasa,0.7
2015-02-15,2.82,22.0,18.83,26.39,nasa,0.7
2015-02-16,5.49,20.47,17.12,24.64,nasa,0.7
2015-02-17,7.79,19.54,16.21,22.84,nasa,0.7
2015-02-18,9.35,19.42,17.32,23.08,nasa,0.72
2015-02-19,3.13,20.17,15.85,25.57,nasa,0.72
2015-02-20,0.35,20.93,17.61,24.77,nasa,0.72
2015-02-21,0.0,22.34,15.7,29.9,nasa,0.71
2015-02-22,0.01,21.67,15.77,29.18,nasa,0.7
2015-02-23,0.14,21.96,15.8,29.2,nasa,0.69
2015-02-24,0.89,21.73,15.68,28.71,nasa,0.69
2015-02-25,2.08,20.59,17.08,25.57,nasa,0.69
2015-02-26,3.14,22.14,17.02,28.96,nasa,0.69
2015-02-27,3.23,22.73,17.95,29.57,nasa,0.69
2015-02-28,1.93,22.04,17.36,28.96,nasa,0.68
2015-03-01,0.28,20.54,15.6,28.44,nasa,0.68
2015-03-02,0.09,20.53,13.92,29.46,nasa,0.67
2015-03-03,0.0,21.75,15.08,30.06,nasa,0.67
2015-03-04,0.46,22.49,16.58,29.45,nasa,0.67
2015-03-05,0.15,22.79,16.67,29.87,nasa,0.66
2015-03-06,0.38,22.49,18.26,27.85,nasa,0.66
2015-03-07,7.85,20.85,18.06,24.85,nasa,0.66
2015-03-08,6.9,20.38,17.53,24.54,nasa,0.68
2015-03-09,17.7,19.58,17.58,22.61,nasa,0.7
2015-03-10,3.55,19.85,16.12,24.35,nasa,0.71
2015-03-11,3.15,20.29,18.32,23.16,nasa,0.71
2015-03-12,3.89,20.01,17.39,23.88,nasa,0.7
2015-03-13,0.27,20.84,15.74,27.39,nasa,0.7
2015-03-14,0.71,21.85,17.37,27.58,nasa,0.69
2015-03-15,1.36,20.83,18.79,23.62,nasa,0.69
2015-03-16,4.98,19.86,16.97,23.93,nasa,0.69
2015-03-17,5.66,18.92,16.36,22.44,nasa,0.7
2015-03-18,4.79,19.4,15.63,24.34,nasa,0.7
2015-03-19,0.98,19.83,16.44,24.27,nasa,0.7
2015-03-20,7.8,18.59,15.62,22.82,nasa,0.7
2015-03-21,4.6,18.53,15.83,23.56,nasa,0.71
2015-03-22,30.57,18.48,16.4,21.65,nasa,0.73
2015-03-23,5.06,19.08,15.23,24.73,nasa,0.76
2015-03-24,0.16,20.08,15.08,26.86,nasa,0.74
2015-03-25,0.02,19.78,14.4,26.78,nasa,0.73
2015-03-26,0.01,20.57,14.29,27.32,nasa,0.72
2015-03-27,0.01,22.14,16.24,29.03,nasa,0.71
2015-03-28,2.7,21.75,16.79,27.26,nasa,0.71
2015-03-29,6.98,20.81,17.78,24.48,nasa,0.71
2015-03-30,4.66,21.66,17.0,27.09,nasa,0.72
2015-03-31,2.27,21.47,18.14,26.12,nasa,0.72
2015-04-01,0.14,22.09,17.58,28.29,nasa,0.71
2015-04-02,0.07,20.07,16.09,26.17,nasa,0.71
2015-04-03,0.02,19.68,14.08,26.83,nasa,0.7
2015-04-04,0.01,19.85,13.77,26.7,nasa,0.69
2015-04-05,6.41,19.53,16.14,23.25,nasa,0.69
2015-04-06,2.47,21.03,15.63,27.18,nasa,0.7
2015-04-07,0.75,17.81,13.71,24.56,nasa,0.7
2015-04-08,0.04,17.32,12.12,23.73,nasa,0.69
2015-04-09,0.01,18.83,13.07,25.76,nasa,0.69
2015-04-10,0.0,19.46,14.01,26.54,nasa,0.68
2015-04-11,0.01,19.58,14.28,25.97,nasa,0.68
2015-04-12,0.16,20.57,14.82,27.29,nasa,0.68
2015-04-13,1.68,19.95,14.89,26.11,nasa,0.67
2015-04-14,1.34,19.81,14.91,26.17,nasa,0.67
2015-04-15,0.95,19.89,13.63,26.32,nasa,0.67
2015-04-16,2.69,19.72,16.47,23.84,nasa,0.67
2015-04-17,1.25,20.27,15.54,27.51,nasa,0.67
2015-04-18,0.03,21.45,16.35,27.65,nasa,0.67
2015-04-19,0.85,22.44,17.97,28.46,nasa,0.67
2015-04-20,2.85,21.6,18.79,26.18,nasa,0.67
2015-04-21,3.42,22.14,18.65,27.98,nasa,0.67
2015-04-22,8.4,20.14,16.86,25.53,nasa,0.68
2015-04-23,5.09,19.82,16.48,25.12,nasa,0.69
2015-04-24,1.17,20.85,15.65,27.55,nasa,0.69
2015-04-25,0.16,18.82,12.78,25.51,nasa,0.68
2015-04-26,0.05,17.22,11.48,25.11,nasa,0.68
2015-04-27,0.03,18.33,13.14,25.43,nasa,0.67
2015-04-28,0.46,18.33,13.16,24.51,nasa,0.67
2015-04-29,0.45,18.03,13.88,24.16,nasa,0.67
2015-04-30,1.84,17.19,13.37,23.44,nasa,0.67
2015-05-01,0.34,17.1,12.41,23.71,nasa,0.66
2015-05-02,0.06,17.83,12.15,24.68,nasa,0.66
2015-05-03,0.03,19.16,14.59,26.01,nasa,0.66
2015-05-04,1.36,18.24,13.19,24.47,nasa,0.66
2015-05-05,3.85,19.28,15.27,26.04,nasa,0.66
2015-05-06,0.52,18.47,13.85,25.3,nasa,0.66
2015-05-07,0.1,18.23,12.91,25.74,nasa,0.66
2015-05-08,0.33,15.71,11.9,22.37,nasa,0.66
2015-05-09,0.03,16.98,11.12,24.86,nasa,0.65
2015-05-10,13.61,17.27,10.45,24.31,nasa,0.66
2015-05-11,9.49,17.42,15.35,20.97,nasa,0.69
2015-05-12,0.29,16.16,10.93,22.44,nasa,0.68
2015-05-13,0.1,16.14,10.67,23.39,nasa,0.68
2015-05-14,0.01,15.75,12.07,22.36,nasa,0.67
2015-05-15,0.0,15.24,11.34,21.69,nasa,0.67
2015-05-16,0.06,15.65,9.87,22.81,nasa,0.67
2015-05-17,0.01,16.48,11.62,23.1,nasa,0.67
2015-05-18,1.68,16.57,12.92,21.71,nasa,0.66
2015-05-19,1.38,16.53,13.61,21.88,nasa,0.67
2015-05-20,0.09,16.52,12.71,22.77,nasa,0.66
2015-05-21,0.01,17.16,12.43,23.93,nasa,0.66
2015-05-22,0.0,17.03,11.98,24.72,nasa,0.66
2015-05-23,0.0,16.83,12.16,23.18,nasa,0.66
2015-05-24,0.0,18.68,11.8,26.32,nasa,0.65
2015-05-25,0.03,20.75,15.3,28.23,nasa,0.65
2015-05-26,0.63,19.41,13.87,26.94,nasa,0.65
2015-05-27,0.26,17.92,12.18,26.06,nasa,0.65
2015-05-28,0.51,17.84,12.22,25.31,nasa,0.65
2015-05-29,1.55,15.4,10.98,22.18,nasa,0.65
2015-05-30,0.4,15.65,9.42,23.43,nasa,0.65
2015-05-31,4.82,17.63,12.12,24.83,nasa,0.65
2015-06-01,0.94,18.76,15.2,24.87,nasa,0.65
2015-06-02,1.96,16.45,13.59,21.02,nasa,0.65
2015-06-03,0.2,16.6,12.07,23.35,nasa,0.65
2015-06-04,0.01,17.26,11.33,25.7,nasa,0.65
2015-06-05,0.04,16.32,9.74,24.86,nasa,0.65
2015-06-06,0.01,17.67,12.38,24.86,nasa,0.65
2015-06-07,0.01,17.32,10.26,25.32,nasa,0.64
2015-06-08,0.0,18.26,12.82,26.06,nasa,0.64
2015-06-09,0.01,17.45,12.19,25.65,nasa,0.64
2015-06-10,0.02,17.07,12.1,24.54,nasa,0.64
2015-06-11,0.0,17.26,11.83,25.92,nasa,0.64
2015-06-12,0.04,18.52,12.22,26.38,nasa,0.64
2015-06-13,0.02,17.77,12.91,25.8,nasa,0.63
2015-06-14,0.01,17.68,10.46,25.63,nasa,0.63
2015-06-15,2.19,18.47,13.18,25.92,nasa,0.63
2015-06-16,0.31,17.39,13.35,23.56,nasa,0.63
2015-06-17,0.01,19.29,13.23,27.18,nasa,0.63
2015-06-18,0.38,18.99,12.96,26.5,nasa,0.63
2015-06-19,2.28,14.74,12.01,17.24,nasa,0.63
2015-06-20,1.04,14.36,11.0,21.24,nasa,0.63
2015-06-21,0.3,15.49,10.19,22.98,nasa,0.63
2015-06-22,0.19,16.13,10.47,24.35,nasa,0.63
2015-06-23,0.08,16.14,10.18,23.54,nasa,0.63
2015-06-24,1.33,14.96,11.49,20.83,nasa,0.63
2015-06-25,0.2,14.28,10.6,21.01,nasa,0.63
2015-06-26,0.0,13.46,9.17,20.6,nasa,0.63
2015-06-27,0.01,12.79,8.41,20.71,nasa,0.63
2015-06-28,0.13,13.33,6.78,21.4,nasa,0.63
2015-06-29,0.25,14.94,9.56,22.19,nasa,0.63
2015-06-30,0.01,15.58,10.18,22.86,nasa,0.63
2015-07-01,0.13,17.12,10.96,23.89,nasa,0.62
2015-07-02,0.14,17.19,12.91,22.93,nasa,0.62
2015-07-03,0.39,17.17,12.88,23.72,nasa,0.62
2015-07-04,0.52,18.06,13.63,25.35,nasa,0.62
2015-07-05,0.67,14.31,10.9,19.18,nasa,0.62
2015-07-06,0.06,15.2,11.74,20.73,nasa,0.62
2015-07-07,0.0,16.57,11.83,23.39,nasa,0.62
2015-07-08,0.02,15.57,13.43,19.53,nasa,0.62
2015-07-09,0.02,16.44,12.84,23.04,nasa,0.62
2015-07-10,0.0,17.95,11.84,25.65,nasa,0.62
2015-07-11,0.05,17.41,11.01,25.56,nasa,0.62
2015-07-12,0.02,18.72,11.79,27.18,nasa,0.62
2015-07-13,0.0,18.7,10.82,27.64,nasa,0.61
2015-07-14,0.01,18.39,10.79,28.1,nasa,0.61
2015-07-15,0.0,20.1,14.75,27.66,nasa,0.61
2015-07-16,0.02,16.96,11.52,25.75,nasa,0.61
2015-07-17,0.01,16.22,10.3,24.4,nasa,0.61
2015-07-18,0.0,16.27,10.91,22.7,nasa,0.61
2015-07-19,0.0,16.44,8.95,25.13,nasa,0.61
2015-07-20,0.01,16.55,10.29,24.5,nasa,0.61
2015-07-21,0.26,17.16,10.42,25.33,nasa,0.61
2015-07-22,0.48,16.15,12.63,21.95,nasa,0.61
2015-07-23,0.13,16.43,11.01,23.42,nasa,0.61
2015-07-24,0.44,17.21,11.48,24.36,nasa,0.61
2015-07-25,1.91,17.98,11.91,24.86,nasa,0.61
2015-07-26,0.45,18.46,12.83,25.02,nasa,0.61
2015-07-27,0.03,18.24,12.6,25.2,nasa,0.61
2015-07-28,0.01,17.78,10.84,27.0,nasa,0.61
2015-07-29,0.0,18.25,11.51,28.0,nasa,0.6
2015-07-30,0.0,18.74,11.52,28.12,nasa,0.6
2015-07-31,0.0,18.26,10.17,27.32,nasa,0.6
2015-08-01,0.0,18.11,10.23,27.6,nasa,0.6
2015-08-02,0.0,17.6,10.04,26.56,nasa,0.6
2015-08-03,0.01,18.92,10.24,27.39,nasa,0.6
2015-08-04,0.01,19.38,13.12,28.57,nasa,0.6
2015-08-05,0.0,18.42,10.49,27.39,nasa,0.6
2015-08-06,0.01,18.54,10.32,27.25,nasa,0.6
2015-08-07,0.0,19.87,13.28,28.41,nasa,0.6
2015-08-08,0.0,18.71,10.84,28.78,nasa,0.6
2015-08-09,0.02,18.37,11.97,27.2,nasa,0.59
2015-08-10,0.0,18.49,11.69,28.13,nasa,0.59
2015-08-11,0.0,17.7,10.17,28.46,nasa,0.59
2015-08-12,0.0,17.11,10.29,27.69,nasa,0.59
2015-08-13,0.02,17.36,8.76,27.67,nasa,0.59
2015-08-14,0.0,17.59,9.64,27.3,nasa,0.59
2015-08-15,1.26,18.17,10.79,26.34,nasa,0.59
2015-08-16,0.06,19.59,11.49,28.31,nasa,0.59
2015-08-17,0.0,18.29,11.49,27.65,nasa,0.59
2015-08-18,0.01,18.07,11.86,26.04,nasa,0.59
2015-08-19,0.18,19.34,11.58,27.34,nasa,0.59
2015-08-20,0.11,18.23,12.4,27.6,nasa,0.59
2015-08-21,0.0,17.75,10.78,27.14,nasa,0.59
2015-08-22,0.01,18.87,11.04,28.22,nasa,0.59
2015-08-23,0.01,20.08,11.7,30.03,nasa,0.59
2015-08-24,1.05,19.75,12.88,29.85,nasa,0.59
2015-08-25,13.77,17.95,12.7,26.49,nasa,0.6
2015-08-26,1.7,19.53,13.28,27.53,nasa,0.62
2015-08-27,0.28,19.54,12.91,28.85,nasa,0.61
2015-08-28,0.03,17.77,11.98,24.64,nasa,0.61
2015-08-29,0.02,18.81,10.3,28.21,nasa,0.61
2015-08-30,0.02,20.68,10.81,31.26,nasa,0.61
2015-08-31,0.0,21.2,12.08,31.55,nasa,0.6
2015-09-01,0.01,22.53,15.93,32.45,nasa,0.6
2015-09-02,0.05,19.99,13.54,29.11,nasa,0.6
2015-09-03,0.01,20.18,12.06,28.78,nasa,0.6
2015-09-04,0.12,21.89,15.5,31.08,nasa,0.59
2015-09-05,4.18,18.12,13.35,26.72,nasa,0.59
2015-09-06,4.48,18.35,12.81,25.71,nasa,0.6
2015-09-07,6.32,19.3,15.97,26.52,nasa,0.61
2015-09-08,21.2,19.45,15.98,25.33,nasa,0.63
2015-09-09,10.2,18.89,14.72,24.81,nasa,0.66
2015-09-10,16.37,17.5,13.22,22.65,nasa,0.67
2015-09-11,17.94,18.81,15.46,24.91,nasa,0.68
2015-09-12,5.82,18.69,12.96,26.32,nasa,0.7
2015-09-13,9.06,15.53,12.13,20.96,nasa,0.7
2015-09-14,0.14,17.8,11.04,25.76,nasa,0.69
2015-09-15,0.03,19.94,13.72,28.05,nasa,0.68
2015-09-16,0.02,21.56,14.23,30.05,nasa,0.67
2015-09-17,0.0,22.15,13.35,31.27,nasa,0.66
2015-09-18,0.0,23.32,13.79,32.8,nasa,0.66
2015-09-19,0.0,23.57,15.72,33.33,nasa,0.65
2015-09-20,0.0,21.91,13.86,32.57,nasa,0.65
2015-09-21,0.0,21.29,13.08,32.18,nasa,0.64
2015-09-22,0.0,21.96,12.03,31.58,nasa,0.64
2015-09-23,0.0,24.35,18.14,32.58,nasa,0.63
2015-09-24,0.0,25.38,18.27,33.93,nasa,0.63
2015-09-25,0.62,25.65,19.38,34.8,nasa,0.63
2015-09-26,0.12,24.13,17.79,32.23,nasa,0.63
2015-09-27,6.37,24.09,16.36,31.89,nasa,0.63
2015-09-28,2.43,21.12,18.04,25.2,nasa,0.64
2015-09-29,0.09,20.61,16.64,26.08,nasa,0.64
2015-09-30,0.52,20.47,16.43,27.73,nasa,0.64
2015-10-01,2.29,21.95,15.79,30.29,nasa,0.63
2015-10-02,0.72,23.54,16.99,30.72,nasa,0.63
2015-10-03,0.39,23.25,18.11,30.55,nasa,0.63
2015-10-04,0.73,21.36,17.81,26.05,nasa,0.63
2015-10-05,0.05,21.18,14.46,30.93,nasa,0.63
2015-10-06,0.01,20.62,11.9,30.88,nasa,0.63
2015-10-07,0.03,22.16,13.6,31.74,nasa,0.62
2015-10-08,0.0,22.61,14.61,32.61,nasa,0.62
2015-10-09,0.0,23.13,13.93,32.91,nasa,0.62
2015-10-10,0.0,23.31,13.92,32.43,nasa,0.61
2015-10-11,0.0,23.5,15.92,32.5,nasa,0.61
2015-10-12,0.0,23.43,15.63,32.98,nasa,0.61
2015-10-13,0.23,23.92,15.97,33.01,nasa,0.61
2015-10-14,0.12,24.4,15.69,34.33,nasa,0.6
2015-10-15,0.0,25.66,15.89,35.66,nasa,0.6
2015-10-16,0.0,26.81,17.54,35.99,nasa,0.6
2015-10-17,0.05,25.9,17.74,36.01,nasa,0.6
2015-10-18,0.21,22.95,15.58,32.8,nasa,0.6
2015-10-19,0.17,23.16,14.43,33.57,nasa,0.6
2015-10-20,0.57,25.81,15.88,35.9,nasa,0.59
2015-10-21,1.5,25.99,19.57,35.51,nasa,0.6
2015-10-22,14.53,24.64,18.21,34.79,nasa,0.6
2015-10-23,0.82,24.62,18.47,34.17,nasa,0.62
2015-10-24,0.04,23.34,16.68,32.64,nasa,0.62
2015-10-25,0.08,22.68,14.36,32.66,nasa,0.61
2015-10-26,3.82,22.36,16.08,30.18,nasa,0.61
2015-10-27,6.31,23.0,17.45,30.8,nasa,0.62
2015-10-28,8.43,22.16,18.33,28.56,nasa,0.63
2015-10-29,1.6,21.62,16.22,29.64,nasa,0.63
2015-10-30,0.06,21.77,14.74,30.62,nasa,0.63
2015-10-31,0.53,23.34,16.09,32.0,nasa,0.62
2015-11-01,9.49,21.45,17.25,27.98,nasa,0.62
2015-11-02,33.64,20.93,17.7,26.57,nasa,0.67
2015-11-03,1.76,22.26,18.38,27.88,nasa,0.68
2015-11-04,1.68,22.96,19.18,28.62,nasa,0.67
2015-11-05,0.32,24.13,17.97,31.98,nasa,0.66
2015-11-06,3.48,23.88,17.26,31.49,nasa,0.66
2015-11-07,12.42,21.68,16.08,29.7,nasa,0.66
2015-11-08,7.45,21.84,16.51,28.66,nasa,0.67
2015-11-09,4.0,21.96,17.41,26.53,nasa,0.68
2015-11-10,0.29,23.91,17.41,31.18,nasa,0.67
2015-11-11,0.75,24.21,19.17,30.12,nasa,0.66
2015-11-12,3.06,24.02,19.22,29.87,nasa,0.66
2015-11-13,4.84,23.61,18.2,30.22,nasa,0.66
2015-11-14,3.33,24.39,18.76,31.95,nasa,0.67
2015-11-15,3.97,23.35,19.5,28.53,nasa,0.67
2015-11-16,8.07,21.36,18.32,26.49,nasa,0.67
2015-11-17,13.18,21.93,17.38,28.31,nasa,0.68
2015-11-18,4.45,23.51,18.58,29.54,nasa,0.69
2015-11-19,13.88,23.72,18.8,30.5,nasa,0.69
2015-11-20,6.64,21.41,18.9,26.4,nasa,0.71
2015-11-21,4.75,22.13,16.25,28.68,nasa,0.7
2015-11-22,3.54,21.61,14.88,29.17,nasa,0.7
2015-11-23,5.22,21.08,18.42,26.77,nasa,0.7
2015-11-24,8.03,20.78,17.86,25.06,nasa,0.71
2015-11-25,1.18,22.09,17.89,28.43,nasa,0.71
2015-11-26,0.45,22.17,17.3,29.0,nasa,0.7
2015-11-27,0.04,22.33,15.61,30.01,nasa,0.69
2015-11-28,2.61,22.06,17.33,27.43,nasa,0.68
2015-11-29,11.98,22.8,18.61,28.49,nasa,0.69
2015-11-30,13.21,22.12,17.36,28.45,nasa,0.71
2015-12-01,3.84,20.32,16.23,25.84,nasa,0.71
2015-12-02,12.86,21.36,17.66,26.93,nasa,0.71
2015-12-03,5.98,21.09,17.37,26.2,nasa,0.73
2015-12-04,5.74,20.93,16.27,26.16,nasa,0.72
2015-12-05,2.17,21.98,18.45,27.53,nasa,0.72
2015-12-06,8.14,22.37,18.62,27.69,nasa,0.72
2015-12-07,8.23,21.81,18.59,26.72,nasa,0.73
2015-12-08,6.78,21.84,17.53,28.09,nasa,0.73
2015-12-09,4.28,22.82,18.59,28.14,nasa,0.73
2015-12-10,9.29,21.83,18.45,26.39,nasa,0.73
2015-12-11,1.95,22.58,18.03,27.66,nasa,0.73
2015-12-12,9.97,22.11,18.42,27.01,nasa,0.72
2015-12-13,12.76,21.48,18.2,26.4,nasa,0.74
2015-12-14,5.11,21.97,17.73,27.08,nasa,0.74
2015-12-15,3.66,21.81,18.53,27.2,nasa,0.74
2015-12-16,7.1,21.38,17.69,25.14,nasa,0.74
2015-12-17,8.11,21.21,17.82,25.32,nasa,0.74
2015-12-18,3.06,22.17,17.53,28.24,nasa,0.74
2015-12-19,9.82,22.75,18.51,29.3,nasa,0.74
2015-12-20,4.24,22.11,18.84,27.25,nasa,0.75
2015-12-21,6.0,21.32,17.85,25.4,nasa,0.75
2015-12-22,4.63,22.16,17.32,28.04,nasa,0.74
2015-12-23,0.78,22.54,17.43,28.72,nasa,0.74
2015-12-24,0.01,23.12,18.47,29.1,nasa,0.73
2015-12-25,10.5,21.84,19.18,25.62,nasa,0.72
2015-12-26,6.58,20.64,18.74,24.25,nasa,0.74
2015-12-27,2.41,21.26,17.8,26.48,nasa,0.74
2015-12-28,3.53,20.17,18.5,22.91,nasa,0.74
2015-12-29,6.06,19.71,17.49,22.51,nasa,0.74
2015-12-30,1.96,20.89,16.34,26.8,nasa,0.74
2015-12-31,0.95,21.31,17.4,26.33,nasa,0.73
2016-01-01,7.65,21.38,18.08,25.32,nasa,0.73
2016-01-02,9.87,21.76,18.41,26.05,nasa,0.74
2016-01-03,37.42,20.5,16.76,25.8,nasa,0.78
2016-01-04,3.43,20.48,15.35,27.74,nasa,0.79
2016-01-05,0.66,20.34,14.6,27.18,nasa,0.78
2016-01-06,0.82,20.99,14.94,28.2,nasa,0.76
2016-01-07,3.66,21.19,15.28,27.86,nasa,0.75
2016-01-08,3.33,22.88,16.96,28.74,nasa,0.75
2016-01-09,10.55,22.72,19.29,27.71,nasa,0.75
2016-01-10,9.9,21.92,19.25,26.05,nasa,0.76
2016-01-11,20.04,20.98,19.23,23.55,nasa,0.78
2016-01-12,19.04,21.37,19.31,24.23,nasa,0.8
2016-01-13,15.32,22.8,19.23,27.66,nasa,0.81
2016-01-14,33.13,21.72,19.74,24.96,nasa,0.84
2016-01-15,64.25,21.94,19.69,25.5,nasa,0.87
2016-01-16,29.41,20.78,15.56,26.0,nasa,0.9
2016-01-17,2.78,18.5,14.63,24.08,nasa,0.88
2016-01-18,1.41,18.89,15.14,23.34,nasa,0.86
2016-01-19,9.45,19.91,16.1,24.54,nasa,0.86
2016-01-20,14.36,20.65,16.74,26.29,nasa,0.87
2016-01-21,0.28,20.38,15.3,27.3,nasa,0.86
2016-01-22,0.21,19.95,13.77,27.48,nasa,0.85
2016-01-23,0.68,21.04,14.86,27.74,nasa,0.84
2016-01-24,1.37,20.33,17.22,24.12,nasa,0.84
2016-01-25,6.61,21.46,16.7,26.27,nasa,0.84
2016-01-26,3.08,23.79,17.38,30.27,nasa,0.84
2016-01-27,19.91,23.58,18.77,29.4,nasa,0.84
2016-01-28,20.95,21.43,19.24,24.14,nasa,0.87
2016-01-29,18.58,20.01,18.43,21.87,nasa,0.89
2016-01-30,0.21,21.64,18.19,27.03,nasa,0.88
2016-01-31,0.0,22.25,16.15,28.38,nasa,0.87
2016-02-01,0.0,22.69,15.39,29.1,nasa,0.86
2016-02-02,0.14,23.15,16.84,30.42,nasa,0.85
2016-02-03,2.21,22.48,16.37,29.66,nasa,0.84
2016-02-04,0.4,22.46,16.69,29.66,nasa,0.84
2016-02-05,0.95,22.77,16.88,29.04,nasa,0.83
2016-02-06,4.56,22.78,17.99,28.17,nasa,0.83
2016-02-07,3.49,21.49,17.15,27.26,nasa,0.83
2016-02-08,7.79,21.43,18.32,25.31,nasa,0.83
2016-02-09,1.41,22.66,16.7,29.04,nasa,0.84
2016-02-10,0.9,23.78,16.92,29.82,nasa,0.82
2016-02-11,15.1,21.96,19.32,24.75,nasa,0.83
2016-02-12,0.23,21.85,17.41,27.29,nasa,0.84
2016-02-13,0.0,22.2,16.97,28.38,nasa,0.83
2016-02-14,0.26,23.41,19.29,28.74,nasa,0.82
2016-02-15,18.86,21.81,19.06,25.63,nasa,0.82
2016-02-16,14.27,21.18,18.63,24.06,nasa,0.85
2016-02-17,11.6,21.76,18.5,26.49,nasa,0.85
2016-02-18,8.05,21.91,18.71,26.91,nasa,0.86
2016-02-19,6.13,21.85,18.6,26.21,nasa,0.85
2016-02-20,12.61,21.5,18.0,26.94,nasa,0.86
2016-02-21,12.98,20.47,17.71,24.2,nasa,0.86
2016-02-22,13.28,20.45,17.94,23.86,nasa,0.87
2016-02-23,3.61,21.1,17.78,24.72,nasa,0.88
2016-02-24,3.56,21.68,17.23,26.24,nasa,0.87
2016-02-25,4.22,21.44,17.49,26.35,nasa,0.87
2016-02-26,2.51,21.66,16.83,27.82,nasa,0.86
2016-02-27,3.08,21.4,18.19,25.81,nasa,0.86
2016-02-28,6.54,22.18,17.48,26.94,nasa,0.86
2016-02-29,10.3,20.8,16.63,24.76,nasa,0.87
2016-03-01,8.96,19.58,15.68,24.37,nasa,0.88
2016-03-02,6.99,19.35,17.02,22.48,nasa,0.88
2016-03-03,9.15,19.93,18.08,23.1,nasa,0.88
2016-03-04,11.86,20.63,18.21,23.97,nasa,0.89
2016-03-05,2.64,20.14,17.94,23.56,nasa,0.89
2016-03-06,5.45,21.8,17.65,26.15,nasa,0.89
2016-03-07,9.09,22.53,18.6,27.58,nasa,0.89
2016-03-08,4.13,22.2,18.26,27.67,nasa,0.89
2016-03-09,0.02,21.57,17.24,26.7,nasa,0.88
2016-03-10,15.67,20.68,16.87,25.4,nasa,0.88
2016-03-11,9.29,20.4,18.3,23.27,nasa,0.9
2016-03-12,5.51,22.14,18.69,27.37,nasa,0.89
2016-03-13,2.23,20.96,16.72,27.23,nasa,0.89
2016-03-14,0.25,20.7,15.68,26.98,nasa,0.88
2016-03-15,1.35,20.67,16.31,25.88,nasa,0.88
2016-03-16,4.48,19.81,16.68,23.6,nasa,0.87
2016-03-17,3.95,20.38,16.65,25.41,nasa,0.88
2016-03-18,0.93,20.48,15.83,26.3,nasa,0.87
2016-03-19,0.02,21.25,15.72,28.26,nasa,0.87
2016-03-20,0.06,21.34,16.01,27.72,nasa,0.86
2016-03-21,0.04,21.27,16.58,26.57,nasa,0.85
2016-03-22,1.43,21.71,15.62,27.24,nasa,0.85
2016-03-23,13.27,21.64,18.36,26.96,nasa,0.85
2016-03-24,10.43,20.77,17.45,24.45,nasa,0.87
2016-03-25,12.46,20.56,17.64,24.72,nasa,0.87
2016-03-26,8.89,20.1,17.63,23.78,nasa,0.89
2016-03-27,1.12,20.82,17.27,25.61,nasa,0.88
2016-03-28,3.82,22.03,17.88,27.34,nasa,0.88
2016-03-29,10.15,21.63,18.85,25.73,nasa,0.88
2016-03-30,0.78,21.62,18.34,26.56,nasa,0.88
2016-03-31,0.27,21.21,16.88,26.09,nasa,0.88
2016-04-01,5.39,21.54,17.89,26.92,nasa,0.87
2016-04-02,0.98,21.78,16.32,27.64,nasa,0.87
2016-04-03,0.02,21.32,15.67,28.05,nasa,0.87
2016-04-04,0.07,21.21,16.72,27.89,nasa,0.86
2016-04-05,0.0,19.94,14.69,26.5,nasa,0.85
2016-04-06,0.01,20.38,14.9,26.29,nasa,0.85
2016-04-07,0.01,21.32,15.13,27.67,nasa,0.84
2016-04-08,0.01,20.72,15.95,27.83,nasa,0.84
2016-04-09,0.01,21.16,15.07,28.48,nasa,0.83
2016-04-10,0.02,20.84,14.29,28.35,nasa,0.83
2016-04-11,0.01,20.99,15.99,27.26,nasa,0.82
2016-04-12,0.0,20.89,15.83,27.56,nasa,0.82
2016-04-13,0.0,20.59,14.99,26.54,nasa,0.81
2016-04-14,0.0,21.27,16.0,26.74,nasa,0.81
2016-04-15,0.0,20.52,15.76,27.21,nasa,0.8
2016-04-16,0.0,20.14,13.63,27.2,nasa,0.8
2016-04-17,0.01,20.4,14.69,27.41,nasa,0.79
2016-04-18,0.0,20.64,15.96,27.43,nasa,0.79
2016-04-19,0.01,20.51,15.34,26.39,nasa,0.78
2016-04-20,0.0,20.79,15.63,26.69,nasa,0.78
2016-04-21,0.0,20.35,14.96,25.58,nasa,0.78
2016-04-22,0.0,21.11,16.74,27.19,nasa,0.77
2016-04-23,0.0,20.59,14.82,26.36,nasa,0.77
2016-04-24,0.0,20.4,14.22,26.47,nasa,0.76
2016-04-25,0.0,19.34,13.62,25.97,nasa,0.76
2016-04-26,1.67,19.74,16.33,24.52,nasa,0.76
2016-04-27,3.05,18.05,14.95,21.46,nasa,0.76
2016-04-28,0.83,17.1,13.24,23.22,nasa,0.76
2016-04-29,9.89,14.75,12.05,18.16,nasa,0.77
2016-04-30,0.97,16.08,11.21,22.13,nasa,0.77
2016-05-01,0.01,13.4,7.92,20.79,nasa,0.77
2016-05-02,0.01,13.28,6.0,21.76,nasa,0.76
2016-05-03,0.0,15.89,9.22,23.29,nasa,0.76
2016-05-04,0.0,16.33,9.86,23.39,nasa,0.75
2016-05-05,0.0,16.78,11.74,23.69,nasa,0.75
2016-05-06,0.0,17.37,11.77,23.8,nasa,0.74
2016-05-07,0.11,17.82,12.13,24.06,nasa,0.74
2016-05-08,0.02,18.99,14.17,25.02,nasa,0.74
2016-05-09,0.01,19.2,14.73,25.49,nasa,0.73
2016-05-10,0.11,18.74,13.81,25.09,nasa,0.73
2016-05-11,0.09,18.37,14.49,23.28,nasa,0.73
2016-05-12,0.06,18.13,14.59,23.75,nasa,0.73
2016-05-13,0.1,16.86,13.29,22.39,nasa,0.72
2016-05-14,0.04,16.09,12.8,21.27,nasa,0.72
2016-05-15,0.05,16.69,11.65,23.29,nasa,0.72
2016-05-16,0.22,18.73,12.56,25.12,nasa,0.72
2016-05-17,0.7,19.45,16.48,24.71,nasa,0.72
2016-05-18,4.59,18.08,14.82,23.96,nasa,0.72
2016-05-19,3.38,17.5,13.86,22.82,nasa,0.72
2016-05-20,2.68,17.86,12.87,24.91,nasa,0.72
2016-05-21,3.77,18.01,14.43,23.5,nasa,0.73
2016-05-22,0.45,18.81,13.45,25.4,nasa,0.72
2016-05-23,0.37,16.86,10.92,23.67,nasa,0.72
2016-05-24,0.0,13.02,6.02,20.59,nasa,0.72
2016-05-25,0.02,15.35,10.92,21.54,nasa,0.71
2016-05-26,0.01,15.94,11.13,21.83,nasa,0.71
2016-05-27,0.0,16.17,11.8,22.6,nasa,0.71
2016-05-28,0.0,16.14,11.14,22.74,nasa,0.71
2016-05-29,0.0,16.34,11.66,22.98,nasa,0.7
2016-05-30,12.79,17.31,12.95,23.29,nasa,0.71
2016-05-31,0.88,17.36,12.37,23.17,nasa,0.72
2016-06-01,13.6,17.88,14.34,22.89,nasa,0.73
2016-06-02,4.27,17.55,16.07,21.14,nasa,0.74
2016-06-03,14.18,17.19,15.01,20.92,nasa,0.75
2016-06-04,19.38,16.45,14.88,19.38,nasa,0.77
2016-06-05,12.27,18.13,14.95,23.14,nasa,0.78
2016-06-06,8.54,19.5,16.39,24.83,nasa,0.78
2016-06-07,10.24,17.05,14.19,19.17,nasa,0.79
2016-06-08,1.63,14.83,11.91,18.13,nasa,0.79
2016-06-09,0.02,12.15,7.55,18.72,nasa,0.78
2016-06-10,0.0,12.23,7.34,19.87,nasa,0.77
2016-06-11,0.01,10.87,6.06,17.66,nasa,0.77
2016-06-12,0.05,9.08,4.09,17.04,nasa,0.77
2016-06-13,0.0,8.32,2.61,16.95,nasa,0.76
2016-06-14,0.0,10.32,4.65,18.28,nasa,0.76
2016-06-15,0.0,12.45,5.06,20.1,nasa,0.76
2016-06-16,0.02,14.04,7.77,21.54,nasa,0.75
2016-06-17,0.0,14.26,7.33,21.9,nasa,0.75
2016-06-18,0.0,15.85,10.86,22.65,nasa,0.75
2016-06-19,0.0,14.57,8.54,22.01,nasa,0.74
2016-06-20,0.03,14.06,8.46,21.86,nasa,0.74
2016-06-21,0.27,14.4,9.83,20.72,nasa,0.74
2016-06-22,0.05,14.68,10.49,20.4,nasa,0.74
2016-06-23,0.16,15.7,11.39,21.38,nasa,0.73
2016-06-24,0.2,14.99,10.65,21.79,nasa,0.73
2016-06-25,0.27,14.25,10.2,20.8,nasa,0.73
2016-06-26,0.03,13.03,9.01,19.48,nasa,0.73
2016-06-27,0.0,13.13,8.2,20.07,nasa,0.73
2016-06-28,0.0,14.44,9.19,21.13,nasa,0.72
2016-06-29,0.0,15.43,10.63,22.11,nasa,0.72
2016-06-30,0.01,15.36,9.36,21.91,nasa,0.72
2016-07-01,0.04,16.48,12.05,22.57,nasa,0.72
2016-07-02,0.01,16.42,11.25,22.71,nasa,0.72
2016-07-03,0.03,16.37,10.93,23.64,nasa,0.71
2016-07-04,0.02,15.85,9.58,23.0,nasa,0.71
2016-07-05,0.04,15.9,9.72,22.37,nasa,0.71
2016-07-06,0.0,15.78,10.62,22.65,nasa,0.71
2016-07-07,0.0,15.18,9.22,22.72,nasa,0.71
2016-07-08,0.0,12.3,5.99,21.01,nasa,0.7
2016-07-09,0.0,14.07,5.97,22.42,nasa,0.7
2016-07-10,0.0,17.24,10.14,24.21,nasa,0.7
2016-07-11,0.0,17.98,11.9,25.36,nasa,0.7
2016-07-12,0.0,18.79,12.5,25.67,nasa,0.69
2016-07-13,0.0,19.29,13.06,26.03,nasa,0.69
2016-07-14,0.0,17.02,9.99,24.76,nasa,0.69
2016-07-15,0.0,17.6,11.29,25.02,nasa,0.68
2016-07-16,0.01,17.46,10.03,25.72,nasa,0.68
2016-07-17,0.06,13.59,7.94,20.4,nasa,0.68
2016-07-18,0.0,10.96,3.77,20.94,nasa,0.68
2016-07-19,0.0,12.47,5.09,21.73,nasa,0.68
2016-07-20,0.0,13.96,7.64,22.3,nasa,0.67
2016-07-21,0.0,13.59,8.6,21.14,nasa,0.67
2016-07-22,0.01,13.83,9.21,21.88,nasa,0.67
2016-07-23,0.01,15.36,9.59,23.32,nasa,0.67
2016-07-24,0.03,16.76,10.41,24.6,nasa,0.67
2016-07-25,0.01,16.82,10.2,25.53,nasa,0.67
2016-07-26,0.0,16.18,10.88,24.08,nasa,0.66
2016-07-27,0.03,17.16,9.93,26.27,nasa,0.66
2016-07-28,0.12,15.68,9.76,24.17,nasa,0.66
2016-07-29,0.0,15.51,11.1,22.08,nasa,0.66
2016-07-30,0.0,16.01,11.12,23.53,nasa,0.66
2016-07-31,0.0,16.2,10.98,24.18,nasa,0.66
2016-08-01,0.0,15.99,10.23,22.99,nasa,0.66
2016-08-02,0.01,17.0,11.56,24.88,nasa,0.65
2016-08-03,0.05,16.56,11.41,23.82,nasa,0.65
2016-08-04,0.02,16.7,11.45,23.54,nasa,0.65
2016-08-05,0.0,17.44,11.01,24.87,nasa,0.65
2016-08-06,0.0,17.39,9.81,25.6,nasa,0.65
2016-08-07,0.01,18.73,10.46,27.09,nasa,0.65
2016-08-08,0.01,19.23,12.34,27.7,nasa,0.64
2016-08-09,0.01,19.2,11.34,27.96,nasa,0.64
2016-08-10,0.5,16.63,11.31,23.54,nasa,0.64
2016-08-11,0.0,12.8,6.15,21.62,nasa,0.64
2016-08-12,0.02,13.36,6.73,23.86,nasa,0.64
2016-08-13,0.0,15.8,7.53,25.11,nasa,0.64
2016-08-14,0.0,18.3,8.51,27.56,nasa,0.64
2016-08-15,4.49,20.4,12.82,29.46,nasa,0.63
2016-08-16,0.44,19.24,12.82,26.24,nasa,0.64
2016-08-17,0.0,20.28,13.65,28.25,nasa,0.64
2016-08-18,0.06,21.13,15.2,29.53,nasa,0.64
2016-08-19,0.06,20.74,14.49,29.33,nasa,0.63
2016-08-20,9.31,19.62,14.61,26.22,nasa,0.64
2016-08-21,13.02,16.48,9.28,20.25,nasa,0.67
2016-08-22,0.48,11.54,6.95,18.78,nasa,0.67
2016-08-23,0.01,14.7,7.93,23.84,nasa,0.66
2016-08-24,0.0,16.02,9.91,25.62,nasa,0.66
2016-08-25,0.02,16.18,8.31,26.47,nasa,0.65
2016-08-26,0.0,16.48,7.56,27.04,nasa,0.65
2016-08-27,0.0,17.74,8.38,26.95,nasa,0.64
2016-08-28,0.0,19.24,9.49,27.96,nasa,0.64
2016-08-29,0.0,21.49,12.62,29.56,nasa,0.64
2016-08-30,0.02,20.47,11.55,28.97,nasa,0.63
2016-08-31,5.22,20.18,15.31,26.1,nasa,0.63
2016-09-01,3.24,19.76,13.8,26.83,nasa,0.64
2016-09-02,0.2,19.9,13.86,27.73,nasa,0.64
2016-09-03,0.0,18.49,13.26,25.88,nasa,0.64
2016-09-04,0.0,18.88,12.76,26.45,nasa,0.64
2016-09-05,0.17,19.68,13.14,27.5,nasa,0.64
2016-09-06,0.0,18.68,14.33,26.31,nasa,0.63
2016-09-07,0.6,19.94,14.36,27.45,nasa,0.63
2016-09-08,0.08,18.81,11.98,28.38,nasa,0.63
2016-09-09,0.02,19.32,11.85,29.06,nasa,0.63
2016-09-10,0.01,20.12,12.24,28.93,nasa,0.62
2016-09-11,0.0,21.08,13.57,29.33,nasa,0.62
2016-09-12,0.66,21.83,13.97,29.7,nasa,0.62
2016-09-13,0.02,21.58,15.11,30.3,nasa,0.62
2016-09-14,0.08,22.87,14.12,32.45,nasa,0.62
2016-09-15,0.05,22.58,16.22,30.92,nasa,0.61
2016-09-16,2.45,20.79,13.2,30.54,nasa,0.61
2016-09-17,1.75,21.37,14.37,30.97,nasa,0.62
2016-09-18,3.38,23.21,15.27,33.05,nasa,0.62
2016-09-19,1.38,23.3,16.53,32.35,nasa,0.62
2016-09-20,1.37,18.95,12.47,24.94,nasa,0.62
2016-09-21,0.06,15.48,7.15,25.15,nasa,0.62
2016-09-22,0.06,17.62,10.56,28.21,nasa,0.62
2016-09-23,0.0,19.37,10.3,30.1,nasa,0.62
2016-09-24,0.04,20.36,11.72,29.52,nasa,0.61
2016-09-25,2.53,18.61,13.09,27.21,nasa,0.61
2016-09-26,1.56,17.39,11.68,25.83,nasa,0.62
2016-09-27,0.02,18.13,10.92,27.73,nasa,0.62
2016-09-28,0.0,19.59,10.69,28.76,nasa,0.61
2016-09-29,0.02,21.9,14.04,31.89,nasa,0.61
2016-09-30,0.15,19.66,12.2,30.28,nasa,0.61
2016-10-01,0.35,18.02,12.49,26.28,nasa,0.61
2016-10-02,0.38,18.34,13.07,26.29,nasa,0.61
2016-10-03,26.12,18.27,11.86,26.08,nasa,0.62
2016-10-04,6.91,17.08,13.08,21.17,nasa,0.66
2016-10-05,0.14,18.4,11.4,26.62,nasa,0.65
2016-10-06,0.72,18.46,12.95,26.0,nasa,0.65
2016-10-07,0.01,16.65,9.32,25.03,nasa,0.64
2016-10-08,0.0,19.34,9.95,28.8,nasa,0.64
2016-10-09,0.37,20.59,11.88,30.62,nasa,0.63
2016-10-10,0.58,19.48,13.06,28.5,nasa,0.63
2016-10-11,10.05,20.09,12.64,28.0,nasa,0.63
2016-10-12,3.24,21.16,14.4,28.43,nasa,0.64
2016-10-13,12.74,20.61,16.54,27.21,nasa,0.64
2016-10-14,16.09,20.63,16.64,26.06,nasa,0.68
2016-10-15,8.12,21.25,15.51,27.98,nasa,0.68
2016-10-16,1.12,22.68,16.51,30.32,nasa,0.68
2016-10-17,1.56,23.69,17.36,32.26,nasa,0.67
2016-10-18,0.82,24.37,16.98,32.55,nasa,0.66
2016-10-19,1.58,25.95,18.03,34.09,nasa,0.66
2016-10-20,4.17,25.39,20.02,31.69,nasa,0.66
2016-10-21,12.59,22.56,18.34,27.43,nasa,0.67
2016-10-22,0.89,20.34,16.31,27.36,nasa,0.67
2016-10-23,2.81,20.99,14.87,28.1,nasa,0.67
2016-10-24,10.86,22.26,16.81,28.97,nasa,0.67
2016-10-25,10.81,20.52,17.72,25.0,nasa,0.69
2016-10-26,3.77,22.16,16.74,27.76,nasa,0.69
2016-10-27,5.5,22.37,18.14,28.76,nasa,0.69
2016-10-28,0.22,20.13,12.68,28.33,nasa,0.68
2016-10-29,0.35,18.05,11.0,27.95,nasa,0.67
2016-10-30,0.22,19.28,11.52,28.73,nasa,0.67
2016-10-31,0.08,20.84,12.49,29.95,nasa,0.66
2016-11-01,0.94,20.85,14.78,27.42,nasa,0.66
2016-11-02,0.56,21.61,16.3,28.05,nasa,0.66
2016-11-03,12.6,21.36,15.76,27.57,nasa,0.66
2016-11-04,10.66,18.94,15.6,23.14,nasa,0.69
2016-11-05,3.71,18.41,14.46,23.9,nasa,0.69
2016-11-06,1.72,18.57,14.46,24.69,nasa,0.68
2016-11-07,7.83,18.59,13.62,24.89,nasa,0.68
2016-11-08,3.67,18.99,15.23,23.8,nasa,0.69
2016-11-09,8.72,20.62,15.9,27.13,nasa,0.69
2016-11-10,5.87,22.45,17.3,28.97,nasa,0.7
2016-11-11,4.47,23.28,17.38,29.77,nasa,0.7
2016-11-12,18.32,20.37,16.39,25.5,nasa,0.71
2016-11-13,32.07,18.04,15.6,21.83,nasa,0.74
2016-11-14,40.12,17.77,15.9,20.83,nasa,0.8
2016-11-15,1.4,20.37,14.67,26.97,nasa,0.8
2016-11-16,4.01,21.63,15.38,27.71,nasa,0.77
2016-11-17,7.51,22.09,17.29,27.98,nasa,0.77
2016-11-18,7.92,19.85,11.45,25.86,nasa,0.77
2016-11-19,0.13,14.92,9.29,22.88,nasa,0.76
2016-11-20,0.0,16.59,8.81,25.3,nasa,0.75
2016-11-21,0.0,19.33,11.49,26.43,nasa,0.74
2016-11-22,5.79,20.22,16.73,24.64,nasa,0.74
2016-11-23,6.09,19.88,15.87,24.92,nasa,0.75
2016-11-24,1.03,20.91,16.14,26.46,nasa,0.74
2016-11-25,0.12,21.18,15.11,28.3,nasa,0.74
2016-11-26,0.04,20.04,17.48,23.48,nasa,0.73
2016-11-27,1.45,21.86,17.48,26.89,nasa,0.73
2016-11-28,12.4,22.37,17.79,28.54,nasa,0.73
2016-11-29,16.84,21.84,17.06,27.72,nasa,0.75
2016-11-30,5.62,17.02,13.84,21.52,nasa,0.77
2016-12-01,0.42,17.68,12.46,23.22,nasa,0.76
2016-12-02,0.5,20.21,14.44,26.79,nasa,0.75
2016-12-03,5.86,19.37,16.04,22.86,nasa,0.75
2016-12-04,11.35,20.43,18.36,23.98,nasa,0.76
2016-12-05,2.52,20.73,16.62,26.45,nasa,0.76
2016-12-06,0.54,20.83,13.89,28.39,nasa,0.75
2016-12-07,0.7,23.01,16.55,30.1,nasa,0.74
2016-12-08,11.53,21.99,18.1,27.53,nasa,0.74
2016-12-09,19.3,22.38,18.11,27.86,nasa,0.75
2016-12-10,7.72,21.62,18.72,24.48,nasa,0.78
2016-12-11,7.03,22.0,18.31,27.06,nasa,0.77
2016-12-12,13.34,22.03,18.04,27.34,nasa,0.77
2016-12-13,8.78,22.77,19.88,27.58,nasa,0.79
2016-12-14,10.91,21.96,18.41,26.75,nasa,0.79
2016-12-15,7.79,17.15,12.81,21.42,nasa,0.8
2016-12-16,1.2,17.02,12.12,23.48,nasa,0.79
2016-12-17,1.13,19.16,13.06,25.9,nasa,0.78
2016-12-18,3.3,19.39,15.24,24.96,nasa,0.78
2016-12-19,8.71,18.86,16.07,22.54,nasa,0.78
2016-12-20,4.12,20.3,15.87,25.83,nasa,0.78
2016-12-21,1.87,20.91,16.05,26.59,nasa,0.78
2016-12-22,5.08,21.18,17.06,26.44,nasa,0.77
2016-12-23,8.18,21.81,17.07,26.53,nasa,0.78
2016-12-24,1.12,21.68,17.27,27.24,nasa,0.78
2016-12-25,2.8,21.95,16.57,28.73,nasa,0.77
2016-12-26,0.87,22.71,16.4,29.26,nasa,0.77
2016-12-27,4.26,22.86,18.94,27.56,nasa,0.77
2016-12-28,1.63,24.09,17.83,29.88,nasa,0.76
2016-12-29,0.57,22.76,17.45,29.39,nasa,0.75
2016-12-30,0.61,22.47,16.27,28.61,nasa,0.74
2016-12-31,2.27,23.31,17.27,29.03,nasa,0.74
2017-01-01,2.2,23.42,17.97,28.52,nasa,0.73
2017-01-02,2.46,23.7,18.59,29.12,nasa,0.73
2017-01-03,13.05,22.72,18.94,27.07,nasa,0.74
2017-01-04,4.01,22.07,17.75,27.53,nasa,0.75
2017-01-05,5.29,23.12,18.5,28.16,nasa,0.75
2017-01-06,3.35,23.2,19.4,28.73,nasa,0.75
2017-01-07,16.29,23.01,18.94,27.2,nasa,0.76
2017-01-08,18.15,21.7,18.91,25.35,nasa,0.78
2017-01-09,4.0,21.84,18.36,26.2,nasa,0.78
2017-01-10,5.67,22.38,19.02,26.89,nasa,0.78
2017-01-11,13.96,22.72,19.29,27.34,nasa,0.78
2017-01-12,7.1,21.77,18.11,26.45,nasa,0.79
2017-01-13,11.68,21.06,17.29,25.42,nasa,0.79
2017-01-14,3.78,21.82,17.01,27.63,nasa,0.79
2017-01-15,16.92,21.59,18.46,26.36,nasa,0.79
2017-01-16,9.86,21.35,18.08,26.36,nasa,0.81
2017-01-17,4.61,20.51,18.02,24.41,nasa,0.81
2017-01-18,7.72,20.76,17.12,25.58,nasa,0.81
2017-01-19,13.55,19.41,17.71,21.19,nasa,0.81
2017-01-20,3.78,20.42,15.75,24.64,nasa,0.82
2017-01-21,2.66,21.6,17.09,27.14,nasa,0.81
2017-01-22,11.79,20.38,17.72,24.23,nasa,0.81
2017-01-23,9.01,19.99,16.72,24.22,nasa,0.82
2017-01-24,6.38,20.41,16.2,24.59,nasa,0.82
2017-01-25,8.03,20.67,16.96,24.71,nasa,0.82
2017-01-26,3.07,20.99,18.71,23.94,nasa,0.82
2017-01-27,4.55,22.11,17.65,27.21,nasa,0.82
2017-01-28,0.75,21.8,17.54,28.1,nasa,0.82
2017-01-29,1.27,21.38,15.66,27.34,nasa,0.8
2017-01-30,4.2,21.52,16.91,27.56,nasa,0.8
2017-01-31,2.06,20.47,16.99,25.14,nasa,0.8
2017-02-01,2.92,20.04,16.6,24.72,nasa,0.8
2017-02-02,6.01,19.38,17.17,21.88,nasa,0.8
2017-02-03,10.79,20.93,17.57,25.01,nasa,0.81
2017-02-04,13.9,20.9,17.04,25.85,nasa,0.82
2017-02-05,6.76,22.71,17.89,28.8,nasa,0.83
2017-02-06,5.32,23.09,19.04,28.5,nasa,0.83
2017-02-07,3.48,22.63,18.23,27.48,nasa,0.82
2017-02-08,1.22,22.08,17.7,27.87,nasa,0.82
2017-02-09,0.28,21.1,15.34,28.13,nasa,0.8
2017-02-10,0.96,21.18,16.96,27.16,nasa,0.8
2017-02-11,1.14,21.39,16.36,27.53,nasa,0.79
2017-02-12,0.41,21.2,17.17,27.06,nasa,0.79
2017-02-13,0.04,20.9,17.13,26.26,nasa,0.78
2017-02-14,0.0,20.74,16.39,27.03,nasa,0.77
2017-02-15,0.0,21.8,16.92,28.12,nasa,0.76
2017-02-16,0.0,22.0,15.52,28.99,nasa,0.76
2017-02-17,0.47,22.33,14.37,29.29,nasa,0.75
2017-02-18,1.13,22.98,16.48,30.02,nasa,0.74
2017-02-19,0.33,22.39,15.81,30.27,nasa,0.74
2017-02-20,0.06,22.11,16.03,29.68,nasa,0.73
2017-02-21,0.0,21.71,15.85,28.73,nasa,0.73
2017-02-22,0.02,21.55,16.5,28.01,nasa,0.72
2017-02-23,0.39,21.79,15.8,28.17,nasa,0.72
2017-02-24,4.47,21.8,15.52,28.13,nasa,0.72
2017-02-25,3.73,18.35,16.42,21.07,nasa,0.73
2017-02-26,4.54,19.59,14.86,25.04,nasa,0.73
2017-02-27,7.2,20.39,16.73,25.94,nasa,0.73
2017-02-28,16.25,19.86,17.01,25.08,nasa,0.75
2017-03-01,4.64,21.13,16.85,26.54,nasa,0.76
2017-03-02,8.04,20.99,18.61,24.9,nasa,0.76
2017-03-03,12.11,20.84,17.7,24.82,nasa,0.77
2017-03-04,14.21,20.88,17.56,25.33,nasa,0.78
2017-03-05,5.7,21.55,17.82,26.47,nasa,0.78
2017-03-06,9.52,19.93,18.04,22.56,nasa,0.79
2017-03-07,3.95,22.29,17.03,28.33,nasa,0.78
2017-03-08,9.54,21.06,18.52,24.01,nasa,0.79
2017-03-09,0.38,21.81,17.65,27.4,nasa,0.78
2017-03-10,6.77,22.64,17.06,28.56,nasa,0.78
2017-03-11,0.5,22.49,17.73,28.44,nasa,0.78
2017-03-12,0.03,22.74,17.02,28.17,nasa,0.77
2017-03-13,1.36,21.62,17.87,28.7,nasa,0.76
2017-03-14,15.72,21.26,16.58,26.64,nasa,0.76
2017-03-15,0.55,20.18,16.4,26.46,nasa,0.78
2017-03-16,0.48,21.02,15.33,27.02,nasa,0.77
2017-03-17,1.39,21.72,15.48,27.77,nasa,0.76
2017-03-18,20.87,20.36,17.13,25.42,nasa,0.77
2017-03-19,33.85,17.58,16.01,20.13,nasa,0.82
2017-03-20,1.24,18.87,14.08,25.61,nasa,0.82
2017-03-21,0.03,18.44,12.9,25.62,nasa,0.8
2017-03-22,0.03,18.55,12.11,25.87,nasa,0.79
2017-03-23,0.02,18.73,13.63,24.42,nasa,0.78
2017-03-24,0.02,19.69,13.8,26.04,nasa,0.78
2017-03-25,3.21,20.12,14.04,26.84,nasa,0.77
2017-03-26,0.23,20.01,15.18,26.61,nasa,0.77
2017-03-27,0.58,19.71,14.76,25.81,nasa,0.76
2017-03-28,2.02,18.15,14.79,22.44,nasa,0.76
2017-03-29,0.7,17.09,12.51,23.83,nasa,0.76
2017-03-30,0.44,17.44,11.86,24.8,nasa,0.75
2017-03-31,0.18,17.61,13.2,23.69,nasa,0.75
2017-04-01,0.06,16.24,10.49,23.63,nasa,0.74
2017-04-02,0.08,17.15,11.6,24.55,nasa,0.74
2017-04-03,0.03,18.25,12.42,25.07,nasa,0.74
2017-04-04,0.0,19.29,13.53,26.16,nasa,0.73
2017-04-05,0.0,20.36,13.46,26.96,nasa,0.73
2017-04-06,3.55,19.15,14.58,24.77,nasa,0.73
2017-04-07,23.33,21.07,16.84,25.95,nasa,0.75
2017-04-08,3.38,20.31,18.52,23.29,nasa,0.77
2017-04-09,1.55,20.66,17.44,25.52,nasa,0.76
2017-04-10,0.5,21.57,17.6,26.82,nasa,0.76
2017-04-11,0.48,21.53,17.65,26.41,nasa,0.75
2017-04-12,4.63,20.06,16.21,24.51,nasa,0.75
2017-04-13,1.29,18.53,15.16,23.84,nasa,0.75
2017-04-14,0.74,19.6,14.27,26.18,nasa,0.74
2017-04-15,0.27,19.62,15.29,26.02,nasa,0.74
2017-04-16,0.0,19.92,14.92,26.21,nasa,0.73
2017-04-17,2.78,20.16,15.88,25.84,nasa,0.73
2017-04-18,0.91,17.77,14.24,23.68,nasa,0.73
2017-04-19,0.05,17.19,13.09,23.06,nasa,0.73
2017-04-20,0.0,18.45,13.15,25.31,nasa,0.72
2017-04-21,0.79,18.66,12.61,25.19,nasa,0.72
2017-04-22,3.88,19.27,14.65,24.84,nasa,0.72
2017-04-23,1.0,17.85,12.84,24.89,nasa,0.72
2017-04-24,0.09,18.67,13.16,25.73,nasa,0.72
2017-04-25,0.01,19.75,14.0,26.22,nasa,0.71
2017-04-26,10.83,19.0,16.33,23.52,nasa,0.72
2017-04-27,4.27,18.97,16.46,23.15,nasa,0.73
2017-04-28,1.64,16.2,13.45,19.89,nasa,0.73
2017-04-29,0.48,15.38,12.61,19.51,nasa,0.73
2017-04-30,0.27,16.48,12.17,22.11,nasa,0.73
2017-05-01,0.05,16.86,11.76,23.43,nasa,0.72
2017-05-02,0.03,15.26,12.59,19.72,nasa,0.72
2017-05-03,0.03,17.24,11.15,24.8,nasa,0.72
2017-05-04,0.22,17.63,12.28,24.33,nasa,0.71
2017-05-05,3.73,17.56,13.73,22.64,nasa,0.71
2017-05-06,2.58,17.22,13.66,22.8,nasa,0.72
2017-05-07,0.15,16.86,12.27,23.72,nasa,0.71
2017-05-08,0.03,17.11,11.55,23.81,nasa,0.71
2017-05-09,0.0,16.66,10.05,24.29,nasa,0.71
2017-05-10,0.08,17.2,12.14,24.61,nasa,0.7
2017-05-11,0.61,16.54,12.54,22.99,nasa,0.7
2017-05-12,0.09,16.85,12.03,23.26,nasa,0.7
2017-05-13,0.03,16.81,9.94,24.87,nasa,0.69
2017-05-14,0.63,18.23,11.9,25.68,nasa,0.69
2017-05-15,0.23,17.89,13.37,24.51,nasa,0.69
2017-05-16,0.16,17.18,12.49,24.48,nasa,0.69
2017-05-17,0.18,16.39,12.82,22.11,nasa,0.68
2017-05-18,4.21,15.96,11.71,21.51,nasa,0.68
2017-05-19,31.55,15.88,11.97,19.57,nasa,0.72
2017-05-20,2.46,17.89,13.47,22.79,nasa,0.74
2017-05-21,12.46,18.31,15.75,22.53,nasa,0.73
2017-05-22,3.1,18.52,14.39,23.61,nasa,0.74
2017-05-23,0.05,15.96,11.72,22.81,nasa,0.74
2017-05-24,0.04,16.24,10.9,22.39,nasa,0.73
2017-05-25,0.05,18.32,12.08,24.48,nasa,0.73
2017-05-26,0.1,18.87,13.49,25.09,nasa,0.72
2017-05-27,0.06,17.9,12.62,25.24,nasa,0.72
2017-05-28,0.02,17.1,11.39,24.44,nasa,0.71
2017-05-29,0.01,16.82,10.96,23.84,nasa,0.71
2017-05-30,0.01,17.16,12.0,24.25,nasa,0.71
2017-05-31,0.01,17.2,12.23,23.12,nasa,0.7
2017-06-01,0.09,17.22,11.39,24.23,nasa,0.7
2017-06-02,0.01,15.1,9.14,22.11,nasa,0.7
2017-06-03,0.0,15.85,7.69,24.34,nasa,0.69
2017-06-04,0.02,18.03,11.74,25.45,nasa,0.69
2017-06-05,0.06,18.31,11.99,25.69,nasa,0.69
2017-06-06,0.08,19.33,12.14,26.72,nasa,0.69
2017-06-07,0.03,19.32,12.76,26.75,nasa,0.68
2017-06-08,0.04,17.86,11.46,25.91,nasa,0.68
2017-06-09,1.61,17.93,12.78,25.55,nasa,0.68
2017-06-10,0.06,13.98,9.22,21.77,nasa,0.68
2017-06-11,0.03,15.02,6.63,23.55,nasa,0.68
2017-06-12,2.15,16.99,10.79,24.25,nasa,0.68
2017-06-13,9.38,17.56,13.45,23.44,nasa,0.68
2017-06-14,9.1,17.12,13.14,23.1,nasa,0.71
2017-06-15,0.08,15.17,10.89,21.64,nasa,0.7
2017-06-16,0.03,14.95,10.28,21.79,nasa,0.7
2017-06-17,0.05,15.4,8.11,22.92,nasa,0.69
2017-06-18,0.02,15.73,8.32,22.08,nasa,0.69
2017-06-19,0.2,16.99,13.02,22.62,nasa,0.69
2017-06-20,1.42,15.32,11.44,21.76,nasa,0.69
2017-06-21,0.4,15.13,11.11,21.87,nasa,0.68
2017-06-22,0.23,14.96,11.21,21.8,nasa,0.68
2017-06-23,0.15,14.52,10.24,21.59,nasa,0.68
2017-06-24,0.06,14.81,10.68,21.84,nasa,0.68
2017-06-25,0.01,13.77,9.05,21.34,nasa,0.68
2017-06-26,0.03,13.98,8.17,22.29,nasa,0.67
2017-06-27,0.01,14.6,8.78,22.18,nasa,0.67
2017-06-28,0.0,15.54,10.3,24.0,nasa,0.67
2017-06-29,0.02,15.81,9.17,23.56,nasa,0.67
2017-06-30,0.01,15.14,7.68,22.39,nasa,0.67
2017-07-01,0.27,15.85,10.96,22.57,nasa,0.66
2017-07-02,1.56,12.66,9.62,17.78,nasa,0.66
2017-07-03,0.29,10.55,6.03,16.6,nasa,0.67
2017-07-04,0.02,10.83,5.71,17.77,nasa,0.66
2017-07-05,0.0,11.49,6.89,18.53,nasa,0.66
2017-07-06,0.01,12.86,7.81,20.29,nasa,0.66
2017-07-07,0.03,13.5,9.0,20.79,nasa,0.66
2017-07-08,0.01,13.53,7.99,21.08,nasa,0.66
2017-07-09,0.0,14.32,9.63,21.34,nasa,0.66
2017-07-10,0.01,15.26,10.44,22.05,nasa,0.66
2017-07-11,0.01,15.64,9.21,23.56,nasa,0.65
2017-07-12,0.01,15.48,9.36,24.33,nasa,0.65
2017-07-13,0.01,15.25,10.4,23.85,nasa,0.65
2017-07-14,0.0,14.72,9.52,23.7,nasa,0.65
2017-07-15,0.01,14.8,10.24,22.89,nasa,0.65
2017-07-16,0.0,14.02,7.98,21.65,nasa,0.65
2017-07-17,0.0,16.51,10.12,23.59,nasa,0.65
2017-07-18,0.51,14.9,9.12,23.44,nasa,0.64
2017-07-19,0.87,12.49,7.98,19.1,nasa,0.64
2017-07-20,0.01,14.6,9.39,21.59,nasa,0.64
2017-07-21,0.02,16.27,8.96,23.37,nasa,0.64
2017-07-22,0.0,16.16,9.51,24.28,nasa,0.64
2017-07-23,0.0,14.76,9.59,23.55,nasa,0.64
2017-07-24,0.0,14.44,7.31,23.9,nasa,0.64
2017-07-25,0.0,15.73,10.1,24.46,nasa,0.64
2017-07-26,0.0,14.82,8.16,24.64,nasa,0.64
2017-07-27,0.02,13.95,6.98,23.93,nasa,0.63
2017-07-28,0.05,13.44,7.54,22.7,nasa,0.63
2017-07-29,0.1,14.68,8.56,22.98,nasa,0.63
2017-07-30,0.01,14.17,9.22,22.54,nasa,0.63
2017-07-31,0.01,14.47,7.94,22.33,nasa,0.63
2017-08-01,0.0,13.87,5.74,22.04,nasa,0.63
2017-08-02,0.01,14.32,6.06,23.34,nasa,0.63
2017-08-03,0.07,16.32,9.28,24.36,nasa,0.63
2017-08-04,0.24,14.53,10.08,21.77,nasa,0.62
2017-08-05,0.28,14.34,9.89,22.22,nasa,0.62
2017-08-06,0.05,14.48,9.73,23.38,nasa,0.62
2017-08-07,0.02,15.31,8.58,24.4,nasa,0.62
2017-08-08,0.0,17.08,7.77,26.47,nasa,0.62
2017-08-09,0.0,19.26,11.94,28.69,nasa,0.62
2017-08-10,0.01,18.64,11.24,28.41,nasa,0.62
2017-08-11,0.03,17.18,10.18,27.33,nasa,0.62
2017-08-12,0.01,17.61,10.36,27.56,nasa,0.62
2017-08-13,0.0,18.1,10.32,27.96,nasa,0.61
2017-08-14,0.01,20.15,13.36,28.95,nasa,0.61
2017-08-15,4.86,19.22,13.33,27.27,nasa,0.61
2017-08-16,4.04,18.43,12.35,27.25,nasa,0.62
2017-08-17,6.69,16.92,13.36,22.26,nasa,0.63
2017-08-18,4.51,17.1,13.61,22.53,nasa,0.64
2017-08-19,0.65,18.67,13.42,26.33,nasa,0.64
2017-08-20,3.46,19.5,13.5,28.07,nasa,0.64
2017-08-21,3.03,13.94,10.84,16.11,nasa,0.64
2017-08-22,0.14,14.37,10.35,21.23,nasa,0.64
2017-08-23,0.01,16.25,10.03,25.81,nasa,0.64
2017-08-24,0.02,16.21,10.14,25.58,nasa,0.63
2017-08-25,0.02,15.92,9.71,25.92,nasa,0.63
2017-08-26,0.01,16.43,7.73,27.02,nasa,0.63
2017-08-27,0.05,17.38,7.83,27.83,nasa,0.62
2017-08-28,0.01,18.04,8.87,29.3,nasa,0.62
2017-08-29,0.0,18.69,9.28,29.35,nasa,0.62
2017-08-30,0.0,20.46,10.05,30.79,nasa,0.62
2017-08-31,0.05,19.6,12.5,29.21,nasa,0.62
2017-09-01,0.09,17.9,11.84,26.93,nasa,0.61
2017-09-02,0.01,16.62,10.61,26.52,nasa,0.61
2017-09-03,0.0,16.27,9.24,26.86,nasa,0.61
2017-09-04,0.01,17.26,9.33,27.6,nasa,0.61
2017-09-05,0.01,18.25,8.15,28.06,nasa,0.61
2017-09-06,0.03,19.79,12.21,29.95,nasa,0.61
2017-09-07,0.0,18.9,9.58,30.22,nasa,0.61
2017-09-08,0.0,19.01,9.35,29.75,nasa,0.61
2017-09-09,0.0,19.58,11.6,29.85,nasa,0.6
2017-09-10,0.0,20.33,12.16,30.43,nasa,0.6
2017-09-11,0.01,21.03,12.45,30.61,nasa,0.6
2017-09-12,0.0,21.02,11.77,32.25,nasa,0.6
2017-09-13,0.0,20.17,11.09,31.48,nasa,0.6
2017-09-14,0.0,20.79,11.14,31.67,nasa,0.6
2017-09-15,0.0,21.42,11.2,33.4,nasa,0.6
2017-09-16,0.0,21.06,12.1,32.0,nasa,0.6
2017-09-17,0.01,21.13,11.46,32.35,nasa,0.6
2017-09-18,0.0,21.1,12.17,31.83,nasa,0.6
2017-09-19,0.0,20.92,12.33,31.61,nasa,0.59
2017-09-20,0.0,20.84,12.85,31.3,nasa,0.59
2017-09-21,0.0,20.28,12.34,30.63,nasa,0.59
2017-09-22,0.0,20.44,11.52,30.81,nasa,0.59
2017-09-23,0.0,21.72,13.7,31.26,nasa,0.59
2017-09-24,0.0,21.17,13.59,30.66,nasa,0.59
2017-09-25,0.0,20.19,13.36,29.26,nasa,0.59
2017-09-26,0.0,20.04,11.95,28.85,nasa,0.59
2017-09-27,2.93,21.35,14.94,29.32,nasa,0.59
2017-09-28,0.56,22.09,14.76,30.22,nasa,0.6
2017-09-29,4.84,20.82,14.56,29.05,nasa,0.6
2017-09-30,39.47,17.33,14.89,21.02,nasa,0.65
2017-10-01,2.5,20.35,14.92,27.47,nasa,0.67
2017-10-02,12.52,19.95,14.32,27.68,nasa,0.66
2017-10-03,34.16,18.8,14.58,24.99,nasa,0.7
2017-10-04,0.34,17.01,13.77,21.01,nasa,0.69
2017-10-05,0.0,20.27,12.45,29.43,nasa,0.68
2017-10-06,0.0,22.81,13.26,31.52,nasa,0.67
2017-10-07,2.5,20.64,14.27,28.23,nasa,0.66
2017-10-08,1.71,20.99,15.15,28.42,nasa,0.66
2017-10-09,0.18,22.22,14.95,30.9,nasa,0.66
2017-10-10,1.94,23.48,15.57,32.62,nasa,0.65
2017-10-11,2.1,24.15,16.35,32.91,nasa,0.65
2017-10-12,1.45,24.76,17.78,34.08,nasa,0.65
2017-10-13,0.15,24.0,15.1,32.86,nasa,0.65
2017-10-14,0.7,23.52,14.09,32.94,nasa,0.64
2017-10-15,0.42,21.85,15.5,31.22,nasa,0.64
2017-10-16,0.0,20.45,13.76,28.91,nasa,0.63
2017-10-17,0.0,20.79,14.06,29.22,nasa,0.63
2017-10-18,0.0,21.47,13.81,30.78,nasa,0.63
2017-10-19,0.0,21.84,12.69,31.03,nasa,0.62
2017-10-20,0.02,23.0,16.18,31.21,nasa,0.62
2017-10-21,0.64,21.58,15.21,28.17,nasa,0.62
2017-10-22,4.91,20.31,16.97,25.11,nasa,0.63
2017-10-23,3.81,19.76,15.42,26.49,nasa,0.63
2017-10-24,0.26,19.61,13.8,26.96,nasa,0.63
2017-10-25,2.96,21.59,15.58,29.12,nasa,0.63
2017-10-26,3.35,20.96,15.53,27.97,nasa,0.64
2017-10-27,23.79,22.34,16.95,30.67,nasa,0.65
2017-10-28,2.55,21.07,17.15,26.32,nasa,0.67
2017-10-29,2.47,21.06,17.74,25.91,nasa,0.67
2017-10-30,13.07,21.08,16.37,27.28,nasa,0.67
2017-10-31,0.97,21.45,16.03,28.81,nasa,0.68
2017-11-01,0.21,19.39,13.69,27.66,nasa,0.67
2017-11-02,0.02,19.07,11.55,28.21,nasa,0.66
2017-11-03,0.0,21.02,11.8,30.06,nasa,0.66
2017-11-04,1.78,21.49,16.55,28.92,nasa,0.65
2017-11-05,3.57,20.57,16.8,25.45,nasa,0.66
2017-11-06,0.84,18.53,14.81,23.87,nasa,0.65
2017-11-07,0.23,17.84,13.24,24.18,nasa,0.65
2017-11-08,0.01,19.85,11.69,28.35,nasa,0.65
2017-11-09,0.11,20.39,14.7,26.74,nasa,0.65
2017-11-10,12.28,21.19,15.71,28.04,nasa,0.65
2017-11-11,9.02,19.89,14.62,25.2,nasa,0.67
2017-11-12,2.19,19.9,12.93,28.74,nasa,0.67
2017-11-13,0.0,20.4,10.87,30.45,nasa,0.66
2017-11-14,0.0,20.82,11.99,30.94,nasa,0.65
2017-11-15,0.0,21.82,12.9,30.77,nasa,0.65
2017-11-16,1.36,23.13,15.31,31.01,nasa,0.64
2017-11-17,0.76,23.23,16.09,30.54,nasa,0.64
2017-11-18,5.28,21.85,17.79,27.87,nasa,0.64
2017-11-19,10.71,21.66,18.0,26.09,nasa,0.65
2017-11-20,22.45,20.55,18.13,22.84,nasa,0.69
2017-11-21,20.55,20.32,16.22,25.17,nasa,0.71
2017-11-22,19.14,20.33,16.94,23.95,nasa,0.73
2017-11-23,3.37,19.64,13.94,26.31,nasa,0.74
2017-11-24,0.0,21.31,14.44,28.49,nasa,0.72
2017-11-25,2.81,21.77,15.13,28.49,nasa,0.7
2017-11-26,9.86,19.46,16.95,23.15,nasa,0.71
2017-11-27,1.71,21.66,16.78,27.53,nasa,0.71
2017-11-28,11.27,21.41,16.26,28.13,nasa,0.71
2017-11-29,0.65,20.38,14.28,28.26,nasa,0.71
2017-11-30,9.38,18.73,14.4,23.52,nasa,0.7
2017-12-01,15.65,17.57,14.77,20.43,nasa,0.73
2017-12-02,1.61,20.06,14.29,26.64,nasa,0.73
2017-12-03,16.25,21.03,15.61,26.19,nasa,0.72
2017-12-04,5.96,21.19,17.09,25.29,nasa,0.74
2017-12-05,4.79,22.65,16.34,29.37,nasa,0.73
2017-12-06,4.52,20.9,16.87,26.39,nasa,0.73
2017-12-07,9.5,19.7,16.08,24.06,nasa,0.74
2017-12-08,13.53,21.44,17.44,27.21,nasa,0.75
2017-12-09,1.01,21.67,16.07,28.42,nasa,0.74
2017-12-10,0.18,21.12,15.75,28.08,nasa,0.73
2017-12-11,0.04,21.97,16.34,29.29,nasa,0.72
2017-12-12,0.37,20.4,15.32,27.16,nasa,0.71
2017-12-13,0.25,20.49,14.02,27.94,nasa,0.71
2017-12-14,0.09,21.2,14.38,28.03,nasa,0.7
2017-12-15,1.31,22.21,16.75,28.19,nasa,0.7
2017-12-16,4.15,21.79,16.27,28.2,nasa,0.7
2017-12-17,5.75,21.34,16.88,27.31,nasa,0.7
2017-12-18,1.82,22.27,17.18,28.13,nasa,0.7
2017-12-19,2.71,22.83,17.94,29.22,nasa,0.7
2017-12-20,0.21,22.26,16.12,29.24,nasa,0.69
2017-12-21,6.45,20.75,18.25,24.73,nasa,0.69
2017-12-22,7.49,19.81,16.38,23.66,nasa,0.71
2017-12-23,2.62,21.82,15.32,27.51,nasa,0.7
2017-12-24,0.57,23.2,16.94,28.94,nasa,0.7
2017-12-25,5.23,23.22,18.9,28.96,nasa,0.7
2017-12-26,4.04,22.66,18.67,26.89,nasa,0.7
2017-12-27,8.92,22.34,18.85,27.56,nasa,0.7
2017-12-28,12.99,21.8,17.8,27.74,nasa,0.72
2017-12-29,9.49,20.51,17.64,24.4,nasa,0.73
2017-12-30,25.07,19.8,17.77,22.73,nasa,0.76
2017-12-31,6.39,20.31,17.53,25.18,nasa,0.76
2018-01-01,7.44,21.89,17.38,27.5,nasa,0.75
2018-01-02,7.18,21.42,19.12,24.88,nasa,0.76
2018-01-03,4.51,21.26,18.93,24.88,nasa,0.75
2018-01-04,12.45,20.91,16.24,27.12,nasa,0.76
2018-01-05,12.23,18.92,15.15,22.55,nasa,0.77
2018-01-06,27.16,19.01,17.37,21.07,nasa,0.79
2018-01-07,21.99,19.76,17.07,23.72,nasa,0.82
2018-01-08,23.08,19.4,16.76,22.95,nasa,0.83
2018-01-09,1.22,20.72,15.77,26.62,nasa,0.83
2018-01-10,0.0,21.32,16.28,27.12,nasa,0.81
2018-01-11,0.77,20.78,16.25,26.13,nasa,0.8
2018-01-12,7.06,19.41,17.2,22.01,nasa,0.81
2018-01-13,0.97,20.13,15.48,25.03,nasa,0.8
2018-01-14,10.57,20.41,16.11,25.5,nasa,0.8
2018-01-15,9.05,20.91,16.79,25.99,nasa,0.81
2018-01-16,3.18,22.13,18.19,26.6,nasa,0.82
2018-01-17,2.61,21.85,18.01,26.02,nasa,0.81
2018-01-18,0.2,22.37,17.78,28.28,nasa,0.8
2018-01-19,0.67,22.68,16.82,28.46,nasa,0.79
2018-01-20,1.72,22.24,18.44,26.91,nasa,0.79
2018-01-21,0.96,21.69,17.72,26.81,nasa,0.78
2018-01-22,2.24,21.7,17.82,26.67,nasa,0.78
2018-01-23,4.75,22.88,17.39,28.21,nasa,0.78
2018-01-24,2.28,22.52,18.62,26.21,nasa,0.78
2018-01-25,5.17,21.57,17.45,27.18,nasa,0.78
2018-01-26,7.04,21.18,17.22,26.27,nasa,0.78
2018-01-27,4.57,20.81,17.08,26.49,nasa,0.78
2018-01-28,3.47,21.38,17.39,27.05,nasa,0.78
2018-01-29,5.55,21.46,17.71,24.93,nasa,0.78
2018-01-30,25.08,21.35,17.16,26.53,nasa,0.8
2018-01-31,0.26,19.84,14.17,26.66,nasa,0.81
2018-02-01,0.06,19.93,12.46,27.95,nasa,0.79
2018-02-02,0.13,21.06,15.62,27.86,nasa,0.78
2018-02-03,0.67,20.49,16.21,26.37,nasa,0.77
2018-02-04,4.55,19.1,15.18,24.67,nasa,0.77
2018-02-05,5.59,17.57,14.56,22.32,nasa,0.78
2018-02-06,25.86,18.41,15.91,21.78,nasa,0.79
2018-02-07,3.12,20.67,16.27,27.05,nasa,0.81
2018-02-08,0.0,21.42,15.15,28.34,nasa,0.8
2018-02-09,0.05,22.11,15.95,29.17,nasa,0.79
2018-02-10,1.67,21.1,17.77,25.25,nasa,0.78
2018-02-11,1.32,21.72,18.76,25.44,nasa,0.78
2018-02-12,2.32,21.92,18.69,26.0,nasa,0.78
2018-02-13,4.42,21.01,18.74,24.25,nasa,0.78
2018-02-14,8.15,21.22,17.25,26.69,nasa,0.78
2018-02-15,15.92,20.31,16.82,25.89,nasa,0.8
2018-02-16,1.28,20.93,15.64,27.02,nasa,0.8
2018-02-17,2.02,20.44,17.03,24.7,nasa,0.79
2018-02-18,2.44,19.92,17.29,23.75,nasa,0.79
2018-02-19,37.32,20.67,16.47,26.66,nasa,0.8
2018-02-20,23.19,21.18,17.35,25.84,nasa,0.84
2018-02-21,9.83,21.31,18.38,25.68,nasa,0.83
2018-02-22,20.54,21.78,18.22,25.74,nasa,0.84
2018-02-23,3.06,20.08,16.99,25.39,nasa,0.85
2018-02-24,2.87,19.12,16.06,23.33,nasa,0.84
2018-02-25,0.45,19.99,15.39,25.8,nasa,0.83
2018-02-26,7.55,19.11,16.72,22.16,nasa,0.83
2018-02-27,8.8,20.75,17.31,25.62,nasa,0.84
2018-02-28,9.22,22.08,17.4,27.48,nasa,0.84
2018-03-01,5.06,22.48,17.86,27.56,nasa,0.84
2018-03-02,15.94,22.88,18.63,28.36,nasa,0.84
2018-03-03,7.51,22.61,18.35,28.3,nasa,0.85
2018-03-04,1.87,22.71,17.99,28.12,nasa,0.85
2018-03-05,5.16,22.55,17.39,28.3,nasa,0.84
2018-03-06,1.48,23.24,18.15,29.56,nasa,0.84
2018-03-07,8.6,22.3,18.64,26.43,nasa,0.84
2018-03-08,18.08,20.27,18.01,23.14,nasa,0.85
2018-03-09,2.28,20.61,17.21,25.75,nasa,0.86
2018-03-10,15.28,20.56,16.84,25.72,nasa,0.86
2018-03-11,0.48,21.42,16.55,28.29,nasa,0.86
2018-03-12,0.0,22.34,16.48,28.72,nasa,0.85
2018-03-13,0.06,22.43,17.6,28.28,nasa,0.84
2018-03-14,7.12,22.93,17.1,29.7,nasa,0.84
2018-03-15,1.02,22.02,19.4,25.65,nasa,0.84
2018-03-16,4.76,22.25,19.25,26.0,nasa,0.84
2018-03-17,0.6,22.84,18.09,28.61,nasa,0.84
2018-03-18,0.05,21.77,16.67,28.05,nasa,0.83
2018-03-19,0.42,22.93,17.19,28.92,nasa,0.82
2018-03-20,8.33,22.11,18.26,27.33,nasa,0.82
2018-03-21,16.06,22.64,18.94,27.09,nasa,0.84
2018-03-22,3.25,22.2,17.54,27.95,nasa,0.85
2018-03-23,0.36,21.57,16.94,27.77,nasa,0.84
2018-03-24,0.03,20.49,16.53,26.05,nasa,0.83
2018-03-25,0.01,20.42,16.08,26.34,nasa,0.82
2018-03-26,0.83,21.01,16.5,26.74,nasa,0.81
2018-03-27,0.44,20.09,16.12,25.89,nasa,0.81
2018-03-28,0.06,19.97,14.71,25.94,nasa,0.8
2018-03-29,0.11,19.84,15.81,25.31,nasa,0.8
2018-03-30,1.33,19.7,15.08,25.81,nasa,0.79
2018-03-31,0.71,20.24,16.01,25.99,nasa,0.79
2018-04-01,1.96,19.54,16.47,22.42,nasa,0.79
2018-04-02,4.22,20.66,17.01,25.69,nasa,0.79
2018-04-03,6.69,20.64,16.94,26.0,nasa,0.79
2018-04-04,3.42,20.32,16.89,24.78,nasa,0.8
2018-04-05,0.26,20.84,16.32,26.33,nasa,0.79
2018-04-06,3.3,20.72,16.49,25.91,nasa,0.79
2018-04-07,1.96,20.44,16.65,25.96,nasa,0.79
2018-04-08,0.31,20.15,15.8,26.14,nasa,0.78
2018-04-09,1.31,19.66,15.03,25.16,nasa,0.78
2018-04-10,0.15,18.95,14.79,25.37,nasa,0.77
2018-04-11,0.01,17.95,13.64,24.27,nasa,0.77
2018-04-12,0.32,17.18,14.06,21.92,nasa,0.76
2018-04-13,0.03,19.74,13.6,26.29,nasa,0.76
2018-04-14,0.37,19.44,15.32,24.96,nasa,0.76
2018-04-15,5.48,17.9,15.77,21.5,nasa,0.76
2018-04-16,1.22,17.21,13.68,22.87,nasa,0.76
2018-04-17,0.16,16.05,12.59,22.18,nasa,0.76
2018-04-18,0.0,15.68,10.86,22.61,nasa,0.75
2018-04-19,0.0,17.18,10.29,23.65,nasa,0.75
2018-04-20,0.0,17.64,12.99,23.6,nasa,0.74
2018-04-21,0.0,17.75,13.68,23.01,nasa,0.74
2018-04-22,0.01,17.67,14.37,22.56,nasa,0.74
2018-04-23,0.11,18.01,13.59,24.1,nasa,0.74
2018-04-24,0.08,18.32,14.0,24.32,nasa,0.73
2018-04-25,0.01,18.8,14.06,25.08,nasa,0.73
2018-04-26,0.26,18.95,13.49,26.32,nasa,0.72
2018-04-27,2.04,18.71,13.99,25.54,nasa,0.72
2018-04-28,1.86,18.63,14.53,25.61,nasa,0.72
2018-04-29,0.02,17.94,12.95,25.3,nasa,0.72
2018-04-30,0.0,18.1,10.33,25.31,nasa,0.71
2018-05-01,0.0,18.83,14.26,25.48,nasa,0.71
2018-05-02,0.01,18.41,12.61,25.79,nasa,0.71
2018-05-03,0.02,18.93,14.07,25.76,nasa,0.71
2018-05-04,0.0,19.18,13.64,26.95,nasa,0.7
2018-05-05,0.74,19.17,14.27,26.67,nasa,0.7
2018-05-06,0.48,18.58,14.12,25.93,nasa,0.7
2018-05-07,1.52,17.32,12.64,24.15,nasa,0.7
2018-05-08,2.12,17.15,13.05,23.55,nasa,0.7
2018-05-09,0.15,16.16,12.04,23.04,nasa,0.7
2018-05-10,0.01,16.73,11.67,23.85,nasa,0.69
2018-05-11,0.02,16.89,9.64,24.64,nasa,0.69
2018-05-12,0.02,18.53,12.65,25.58,nasa,0.69
2018-05-13,0.16,18.85,14.91,24.41,nasa,0.68
2018-05-14,0.03,18.19,13.74,24.82,nasa,0.68
2018-05-15,0.03,18.39,14.34,24.55,nasa,0.68
2018-05-16,5.69,18.41,12.32,25.32,nasa,0.68
2018-05-17,3.75,18.16,13.62,24.65,nasa,0.69
2018-05-18,0.23,18.43,14.25,24.65,nasa,0.69
2018-05-19,17.34,18.56,14.02,24.09,nasa,0.69
2018-05-20,1.3,12.86,7.79,18.46,nasa,0.71
2018-05-21,0.17,12.08,5.39,20.01,nasa,0.71
2018-05-22,0.02,13.67,5.96,22.02,nasa,0.7
2018-05-23,0.0,15.1,9.84,23.31,nasa,0.69
2018-05-24,0.0,14.66,9.02,23.05,nasa,0.69
2018-05-25,0.04,15.53,10.72,22.77,nasa,0.69
2018-05-26,0.04,15.69,10.93,22.49,nasa,0.68
2018-05-27,0.0,15.59,10.73,22.67,nasa,0.68
2018-05-28,0.0,14.41,10.0,21.8,nasa,0.68
2018-05-29,0.0,14.16,9.48,21.76,nasa,0.68
2018-05-30,0.0,14.31,7.72,21.7,nasa,0.67
2018-05-31,0.0,16.21,11.39,21.93,nasa,0.67
2018-06-01,0.0,15.89,9.03,22.95,nasa,0.67
2018-06-02,0.0,17.93,11.54,24.89,nasa,0.67
2018-06-03,0.29,17.65,13.37,23.98,nasa,0.67
2018-06-04,0.11,15.19,11.03,21.19,nasa,0.67
2018-06-05,4.8,16.1,11.34,23.21,nasa,0.67
2018-06-06,1.89,17.06,12.95,23.1,nasa,0.67
2018-06-07,2.38,17.73,13.9,23.24,nasa,0.68
2018-06-08,0.23,16.54,13.12,22.47,nasa,0.68
2018-06-09,0.03,16.95,11.72,23.64,nasa,0.67
2018-06-10,0.02,17.85,13.81,24.2,nasa,0.67
2018-06-11,0.0,18.43,12.96,25.55,nasa,0.67
2018-06-12,0.01,18.72,13.12,25.43,nasa,0.67
2018-06-13,0.02,20.21,15.47,26.93,nasa,0.66
2018-06-14,5.27,18.46,13.46,25.32,nasa,0.66
2018-06-15,9.28,15.0,12.16,18.61,nasa,0.69
2018-06-16,0.77,14.8,12.79,19.08,nasa,0.68
2018-06-17,0.11,16.26,11.34,22.39,nasa,0.68
2018-06-18,0.04,16.48,12.25,22.39,nasa,0.68
2018-06-19,0.0,15.68,11.45,21.86,nasa,0.68
2018-06-20,0.03,16.02,10.14,22.71,nasa,0.67
2018-06-21,0.01,15.92,9.1,23.33,nasa,0.67
2018-06-22,0.01,16.99,11.74,23.32,nasa,0.67
2018-06-23,0.0,16.78,9.86,24.13,nasa,0.66
2018-06-24,0.0,17.78,11.62,24.83,nasa,0.66
2018-06-25,0.0,17.39,10.61,24.71,nasa,0.66
2018-06-26,0.0,18.05,10.97,25.19,nasa,0.66
2018-06-27,0.0,17.42,12.31,24.86,nasa,0.66
2018-06-28,0.0,16.23,10.19,24.93,nasa,0.65
2018-06-29,0.0,16.19,8.67,23.37,nasa,0.65
2018-06-30,0.02,17.14,9.18,24.42,nasa,0.65
2018-07-01,0.01,17.88,12.06,25.41,nasa,0.65
2018-07-02,0.0,17.8,10.36,24.95,nasa,0.65
2018-07-03,0.02,18.18,11.8,25.89,nasa,0.65
2018-07-04,0.03,18.28,12.6,25.28,nasa,0.64
2018-07-05,0.03,17.95,11.67,25.26,nasa,0.64
2018-07-06,0.0,18.0,11.78,25.93,nasa,0.64
2018-07-07,0.0,16.66,9.98,24.9,nasa,0.64
2018-07-08,0.0,17.74,10.6,25.18,nasa,0.64
2018-07-09,0.0,18.24,13.02,25.43,nasa,0.64
2018-07-10,6.49,14.69,10.4,19.38,nasa,0.64
2018-07-11,0.42,12.08,7.45,20.01,nasa,0.65
2018-07-12,0.01,13.32,7.13,21.62,nasa,0.65
2018-07-13,0.0,14.66,7.13,22.73,nasa,0.64
2018-07-14,0.0,16.92,10.0,25.11,nasa,0.64
2018-07-15,0.0,17.25,8.8,25.63,nasa,0.64
2018-07-16,0.0,17.09,9.93,26.35,nasa,0.64
2018-07-17,0.0,16.55,9.65,26.19,nasa,0.64
2018-07-18,0.01,17.18,9.33,25.37,nasa,0.63
2018-07-19,0.01,17.07,8.97,26.3,nasa,0.63
2018-07-20,0.0,17.51,9.52,26.88,nasa,0.63
2018-07-21,0.04,18.04,10.9,27.19,nasa,0.63
2018-07-22,0.06,17.17,11.76,25.22,nasa,0.63
2018-07-23,0.02,17.29,12.32,25.42,nasa,0.63
2018-07-24,0.04,16.72,9.93,25.11,nasa,0.63
2018-07-25,0.14,16.31,11.29,22.77,nasa,0.62
2018-07-26,0.01,16.38,9.84,24.56,nasa,0.62
2018-07-27,0.0,17.19,9.39,25.29,nasa,0.62
2018-07-28,0.0,17.7,9.71,25.76,nasa,0.62
2018-07-29,0.0,18.08,9.94,26.73,nasa,0.62
2018-07-30,0.02,18.26,10.36,27.32,nasa,0.62
2018-07-31,4.68,16.86,11.75,23.46,nasa,0.62
2018-08-01,9.64,15.8,10.83,23.08,nasa,0.63
2018-08-02,1.5,15.56,11.8,21.63,nasa,0.64
2018-08-03,33.07,16.15,12.78,20.93,nasa,0.65
2018-08-04,2.89,16.9,13.85,22.89,nasa,0.7
2018-08-05,1.5,17.06,12.95,23.62,nasa,0.68
2018-08-06,8.89,16.4,13.44,20.57,nasa,0.68
2018-08-07,1.72,16.84,12.73,23.35,nasa,0.69
2018-08-08,0.04,18.12,11.66,25.55,nasa,0.68
2018-08-09,2.34,18.26,12.25,25.32,nasa,0.68
2018-08-10,0.05,14.62,7.91,22.31,nasa,0.67
2018-08-11,0.0,12.57,4.93,23.43,nasa,0.67
2018-08-12,0.0,13.15,5.01,23.76,nasa,0.66
2018-08-13,0.01,14.86,7.24,25.44,nasa,0.66
2018-08-14,0.0,16.83,9.0,25.81,nasa,0.66
2018-08-15,0.0,17.22,8.63,27.4,nasa,0.65
2018-08-16,0.08,15.51,11.79,20.99,nasa,0.65
2018-08-17,2.51,14.96,12.35,19.68,nasa,0.65
2018-08-18,0.38,14.3,11.05,19.22,nasa,0.65
2018-08-19,0.0,16.58,10.45,24.22,nasa,0.65
2018-08-20,0.0,17.33,9.15,26.24,nasa,0.65
2018-08-21,0.0,17.42,9.8,25.99,nasa,0.65
2018-08-22,0.0,17.78,11.93,25.71,nasa,0.65
2018-08-23,0.0,19.74,11.99,27.67,nasa,0.64
2018-08-24,0.63,19.41,12.15,26.84,nasa,0.64
2018-08-25,1.05,18.14,13.67,24.47,nasa,0.64
2018-08-26,1.67,17.26,11.88,23.27,nasa,0.64
2018-08-27,0.16,15.99,10.8,23.96,nasa,0.64
2018-08-28,0.01,16.09,10.66,24.68,nasa,0.64
2018-08-29,0.0,17.39,10.72,26.31,nasa,0.64
2018-08-30,0.0,18.74,12.51,26.31,nasa,0.64
2018-08-31,0.0,18.71,10.38,27.4,nasa,0.63
2018-09-01,0.0,20.5,12.34,29.15,nasa,0.63
2018-09-02,0.0,20.24,12.05,29.36,nasa,0.63
2018-09-03,4.3,20.29,13.73,29.05,nasa,0.63
2018-09-04,1.59,14.63,9.32,22.53,nasa,0.63
2018-09-05,0.21,14.11,8.92,22.47,nasa,0.63
2018-09-06,0.0,15.53,8.45,25.88,nasa,0.63
2018-09-07,0.0,17.62,9.11,28.61,nasa,0.63
2018-09-08,0.0,17.68,7.84,29.03,nasa,0.62
2018-09-09,0.0,17.71,8.07,28.66,nasa,0.62
2018-09-10,0.0,18.06,10.72,27.25,nasa,0.62
2018-09-11,0.0,17.89,10.1,27.4,nasa,0.62
2018-09-12,0.0,17.73,11.81,26.07,nasa,0.62
2018-09-13,0.16,19.05,11.54,27.84,nasa,0.62
2018-09-14,10.35,19.37,13.85,26.88,nasa,0.62
2018-09-15,11.92,19.02,15.09,24.85,nasa,0.65
2018-09-16,4.15,19.16,13.46,26.15,nasa,0.65
2018-09-17,6.13,18.53,13.33,25.58,nasa,0.66
2018-09-18,5.28,19.17,16.53,24.76,nasa,0.66
2018-09-19,0.69,19.98,15.37,25.82,nasa,0.66
2018-09-20,8.99,19.79,15.65,25.51,nasa,0.66
2018-09-21,5.19,19.72,14.22,25.8,nasa,0.67
2018-09-22,0.02,20.91,13.38,30.68,nasa,0.66
2018-09-23,0.0,21.9,14.37,30.37,nasa,0.66
2018-09-24,0.0,22.49,14.42,32.1,nasa,0.65
2018-09-25,0.0,22.82,13.96,32.14,nasa,0.65
2018-09-26,0.1,22.74,15.31,31.16,nasa,0.64
2018-09-27,1.77,22.85,17.11,30.45,nasa,0.64
2018-09-28,1.34,21.11,17.19,27.25,nasa,0.64
2018-09-29,0.49,20.99,16.66,26.94,nasa,0.64
2018-09-30,12.27,21.07,16.81,27.68,nasa,0.65
2018-10-01,2.42,20.35,17.84,24.98,nasa,0.66
2018-10-02,0.07,22.63,15.08,31.69,nasa,0.66
2018-10-03,2.34,23.04,15.8,31.76,nasa,0.65
2018-10-04,1.04,22.74,18.26,29.25,nasa,0.65
2018-10-05,1.83,19.6,14.71,26.61,nasa,0.65
2018-10-06,2.13,18.26,13.04,25.05,nasa,0.65
2018-10-07,5.65,17.8,13.89,24.33,nasa,0.66
2018-10-08,17.77,19.52,15.57,24.6,nasa,0.66
2018-10-09,10.39,20.4,16.31,27.17,nasa,0.69
2018-10-10,3.16,21.91,17.42,28.13,nasa,0.69
2018-10-11,3.29,20.49,18.08,24.6,nasa,0.68
2018-10-12,1.77,21.71,17.04,28.36,nasa,0.68
2018-10-13,4.06,23.17,16.45,30.08,nasa,0.68
2018-10-14,4.31,22.08,18.09,27.69,nasa,0.68
2018-10-15,3.33,21.28,16.68,27.95,nasa,0.68
2018-10-16,0.27,21.71,14.76,29.64,nasa,0.67
2018-10-17,7.14,19.74,17.3,22.64,nasa,0.67
2018-10-18,15.56,21.46,17.59,26.66,nasa,0.69
2018-10-19,9.87,20.91,16.94,26.5,nasa,0.7
2018-10-20,0.58,17.74,11.69,25.42,nasa,0.7
2018-10-21,0.0,17.4,10.43,26.28,nasa,0.69
2018-10-22,0.0,19.02,10.72,27.59,nasa,0.68
2018-10-23,0.37,21.35,12.99,29.8,nasa,0.68
2018-10-24,18.5,20.04,16.06,25.69,nasa,0.68
2018-10-25,21.18,19.68,16.08,24.55,nasa,0.72
2018-10-26,6.93,20.97,16.66,27.04,nasa,0.73
2018-10-27,4.01,21.5,18.01,26.57,nasa,0.73
2018-10-28,0.37,19.62,13.83,26.65,nasa,0.72
2018-10-29,0.45,18.27,12.27,25.04,nasa,0.71
2018-10-30,0.03,20.63,13.78,28.29,nasa,0.7
2018-10-31,1.45,21.98,15.55,28.9,nasa,0.7
2018-11-01,4.96,22.22,17.92,27.8,nasa,0.7
2018-11-02,2.09,22.85,17.59,29.71,nasa,0.7
2018-11-03,9.45,22.29,16.81,28.39,nasa,0.69
2018-11-04,8.29,21.8,16.47,27.28,nasa,0.71
2018-11-05,2.3,18.89,14.04,25.93,nasa,0.71
2018-11-06,0.35,19.72,13.61,26.5,nasa,0.7
2018-11-07,17.2,20.06,15.88,25.47,nasa,0.71
2018-11-08,21.25,17.03,14.39,20.65,nasa,0.74
2018-11-09,5.44,16.88,13.98,20.09,nasa,0.75
2018-11-10,10.7,18.85,14.58,24.63,nasa,0.75
2018-11-11,1.65,20.04,15.18,25.62,nasa,0.75
2018-11-12,1.84,21.7,17.18,27.54,nasa,0.74
2018-11-13,0.88,21.92,17.31,27.94,nasa,0.73
2018-11-14,0.61,22.57,17.11,29.08,nasa,0.72
2018-11-15,5.61,22.2,18.58,26.2,nasa,0.72
2018-11-16,1.49,21.22,17.42,26.58,nasa,0.72
2018-11-17,0.01,20.15,16.22,26.26,nasa,0.72
2018-11-18,3.12,21.06,16.57,27.13,nasa,0.71
2018-11-19,23.79,18.83,14.31,23.37,nasa,0.74
2018-11-20,19.69,16.7,13.32,21.56,nasa,0.77
2018-11-21,12.76,17.11,13.3,21.34,nasa,0.78
2018-11-22,2.93,18.54,14.67,23.77,nasa,0.77
2018-11-23,3.54,20.0,15.15,25.7,nasa,0.77
2018-11-24,13.06,17.87,15.23,20.54,nasa,0.78
2018-11-25,7.53,19.02,14.36,25.28,nasa,0.78
2018-11-26,6.08,19.81,15.28,26.36,nasa,0.78
2018-11-27,0.97,19.49,14.16,25.76,nasa,0.77
2018-11-28,0.65,20.4,14.83,27.09,nasa,0.76
2018-11-29,1.54,20.31,14.08,26.66,nasa,0.76
2018-11-30,20.44,21.19,15.41,27.16,nasa,0.75
2018-12-01,30.37,20.36,18.04,23.93,nasa,0.79
2018-12-02,7.91,21.21,17.05,27.23,nasa,0.79
2018-12-03,4.43,19.47,16.05,24.89,nasa,0.79
2018-12-04,0.85,20.94,14.82,27.28,nasa,0.79
2018-12-05,6.02,21.93,15.53,27.9,nasa,0.78
2018-12-06,4.45,22.28,16.56,28.48,nasa,0.77
2018-12-07,12.62,21.37,15.49,28.07,nasa,0.78
2018-12-08,1.52,16.83,11.82,22.77,nasa,0.78
2018-12-09,0.01,16.99,9.97,24.8,nasa,0.77
2018-12-10,0.02,19.26,12.35,26.15,nasa,0.76
2018-12-11,0.01,20.89,13.27,27.43,nasa,0.75
2018-12-12,2.53,22.08,15.99,27.87,nasa,0.74
2018-12-13,7.17,22.79,16.81,30.03,nasa,0.75
2018-12-14,2.51,22.27,16.83,27.71,nasa,0.74
2018-12-15,4.1,23.4,18.0,29.59,nasa,0.74
2018-12-16,7.43,22.86,18.86,28.51,nasa,0.75
2018-12-17,1.23,22.83,17.57,28.68,nasa,0.74
2018-12-18,10.34,24.17,18.96,30.39,nasa,0.74
2018-12-19,7.19,22.93,18.98,27.85,nasa,0.75
2018-12-20,7.45,23.6,19.71,27.88,nasa,0.75
2018-12-21,6.5,23.7,20.2,27.94,nasa,0.76
2018-12-22,4.52,24.27,18.93,30.54,nasa,0.75
2018-12-23,3.61,23.67,19.13,29.39,nasa,0.75
2018-12-24,12.47,21.38,18.4,24.32,nasa,0.76
2018-12-25,2.62,20.52,16.85,25.34,nasa,0.76
2018-12-26,18.94,19.3,16.05,23.06,nasa,0.77
2018-12-27,5.37,19.69,16.34,23.66,nasa,0.78
2018-12-28,4.56,21.13,17.03,27.12,nasa,0.78
2018-12-29,1.71,21.95,15.4,28.79,nasa,0.77
2018-12-30,0.94,22.59,16.8,29.35,nasa,0.76
2018-12-31,7.13,22.94,17.23,29.1,nasa,0.76
2019-01-01,9.29,21.71,17.86,27.68,nasa,0.76
2019-01-02,3.57,22.43,18.44,28.27,nasa,0.77
2019-01-03,5.72,21.12,18.99,23.88,nasa,0.76
2019-01-04,24.77,19.91,16.73,23.79,nasa,0.78
2019-01-05,15.9,19.69,16.69,23.62,nasa,0.81
2019-01-06,1.45,21.77,15.94,27.83,nasa,0.8
2019-01-07,0.14,22.91,16.96,28.81,nasa,0.79
2019-01-08,1.52,23.34,17.91,29.65,nasa,0.78
2019-01-09,0.22,22.89,17.51,29.58,nasa,0.77
2019-01-10,0.02,22.08,15.59,28.19,nasa,0.76
2019-01-11,1.12,22.72,17.42,28.67,nasa,0.75
2019-01-12,1.04,23.1,17.36,29.97,nasa,0.75
2019-01-13,0.68,22.48,17.0,28.91,nasa,0.74
2019-01-14,0.38,22.49,17.32,28.11,nasa,0.74
2019-01-15,3.04,22.69,18.89,27.54,nasa,0.73
2019-01-16,6.02,23.23,19.07,27.83,nasa,0.74
2019-01-17,4.12,24.04,18.97,29.93,nasa,0.74
2019-01-18,11.58,24.33,19.07,29.67,nasa,0.74
2019-01-19,5.32,23.67,18.34,29.46,nasa,0.75
2019-01-20,1.76,23.79,20.14,28.82,nasa,0.74
2019-01-21,3.65,23.2,20.14,27.85,nasa,0.74
2019-01-22,1.72,23.81,20.01,29.74,nasa,0.74
2019-01-23,0.32,24.21,18.3,30.59,nasa,0.73
2019-01-24,1.32,23.61,17.24,30.1,nasa,0.73
2019-01-25,10.76,22.08,17.91,27.72,nasa,0.72
2019-01-26,8.39,19.98,17.32,23.12,nasa,0.74
2019-01-27,0.2,21.96,16.51,28.0,nasa,0.74
2019-01-28,0.0,22.77,15.89,29.63,nasa,0.73
2019-01-29,1.85,23.75,16.95,30.45,nasa,0.72
2019-01-30,0.18,23.3,16.93,29.65,nasa,0.72
2019-01-31,0.13,23.84,16.47,31.6,nasa,0.71
2019-02-01,0.01,24.36,16.04,32.46,nasa,0.7
2019-02-02,3.57,24.89,17.64,32.26,nasa,0.7
2019-02-03,10.16,24.49,18.73,31.75,nasa,0.7
2019-02-04,18.77,21.33,17.57,25.43,nasa,0.72
2019-02-05,4.07,21.09,16.6,27.73,nasa,0.73
2019-02-06,17.22,18.97,16.38,22.14,nasa,0.74
2019-02-07,12.87,20.32,16.71,24.27,nasa,0.77
2019-02-08,2.63,21.45,14.96,28.82,nasa,0.75
2019-02-09,0.47,22.26,16.24,29.15,nasa,0.74
2019-02-10,6.17,22.4,17.2,27.82,nasa,0.74
2019-02-11,1.11,22.53,18.7,27.75,nasa,0.74
2019-02-12,8.01,21.93,18.72,26.8,nasa,0.73
2019-02-13,9.62,20.41,15.92,23.7,nasa,0.75
2019-02-14,0.88,18.6,14.85,23.15,nasa,0.75
2019-02-15,4.74,20.22,15.7,25.56,nasa,0.74
2019-02-16,14.19,19.97,17.94,22.27,nasa,0.76
2019-02-17,3.47,20.38,16.97,24.59,nasa,0.76
2019-02-18,9.96,21.49,17.6,26.63,nasa,0.76
2019-02-19,4.61,21.27,17.11,26.7,nasa,0.77
2019-02-20,3.37,21.97,17.18,27.89,nasa,0.76
2019-02-21,9.73,20.76,17.71,25.64,nasa,0.77
2019-02-22,6.91,22.47,17.43,27.5,nasa,0.77
2019-02-23,0.69,23.15,17.43,28.44,nasa,0.76
2019-02-24,0.2,24.09,18.3,30.11,nasa,0.75
2019-02-25,4.4,23.47,20.18,28.55,nasa,0.75
2019-02-26,8.15,21.79,17.89,26.16,nasa,0.75
2019-02-27,16.94,21.41,15.85,27.48,nasa,0.77
2019-02-28,9.49,21.13,18.23,25.37,nasa,0.78
2019-03-01,24.04,19.68,17.44,23.28,nasa,0.79
2019-03-02,11.49,19.04,17.85,20.93,nasa,0.81
2019-03-03,14.24,19.75,17.25,23.45,nasa,0.81
2019-03-04,11.54,19.03,16.59,22.09,nasa,0.83
2019-03-05,3.05,19.7,16.35,24.19,nasa,0.82
2019-03-06,4.67,21.12,16.69,26.5,nasa,0.81
2019-03-07,4.3,21.74,17.01,26.88,nasa,0.81
2019-03-08,0.64,22.79,16.45,28.42,nasa,0.8
2019-03-09,1.26,23.7,18.08,29.68,nasa,0.8
2019-03-10,6.52,23.09,18.85,28.67,nasa,0.79
2019-03-11,4.88,21.09,17.96,25.98,nasa,0.8
2019-03-12,8.18,20.25,17.13,23.91,nasa,0.8
2019-03-13,6.57,20.72,16.55,25.97,nasa,0.81
2019-03-14,9.78,20.66,17.88,24.31,nasa,0.81
2019-03-15,3.83,21.83,17.83,27.63,nasa,0.81
2019-03-16,3.1,21.11,18.23,25.6,nasa,0.81
2019-03-17,9.64,20.96,19.12,23.38,nasa,0.81
2019-03-18,12.07,21.65,18.85,24.99,nasa,0.83
2019-03-19,2.36,22.88,19.06,27.98,nasa,0.83
2019-03-20,10.46,21.58,17.68,27.15,nasa,0.83
2019-03-21,6.21,18.93,16.03,23.32,nasa,0.83
2019-03-22,2.08,17.82,14.6,21.9,nasa,0.83
2019-03-23,0.11,19.23,13.21,25.65,nasa,0.82
2019-03-24,0.59,20.95,15.52,27.2,nasa,0.82
2019-03-25,0.07,21.44,16.25,27.15,nasa,0.81
2019-03-26,0.01,21.71,16.71,27.79,nasa,0.8
2019-03-27,0.07,20.05,14.26,27.29,nasa,0.79
2019-03-28,2.51,20.0,15.25,25.76,nasa,0.79
2019-03-29,1.53,18.91,15.24,25.03,nasa,0.79
2019-03-30,0.15,18.82,14.04,24.98,nasa,0.79
2019-03-31,0.01,19.92,15.41,25.71,nasa,0.78
2019-04-01,0.45,19.46,15.58,24.9,nasa,0.78
2019-04-02,3.7,19.62,14.44,25.34,nasa,0.77
2019-04-03,1.2,20.04,14.79,26.99,nasa,0.77
2019-04-04,0.01,21.51,15.35,27.91,nasa,0.77
2019-04-05,4.09,21.36,16.57,26.68,nasa,0.76
2019-04-06,9.49,22.95,19.57,27.55,nasa,0.77
2019-04-07,19.31,21.07,18.76,24.82,nasa,0.79
2019-04-08,19.26,19.44,17.85,22.24,nasa,0.81
2019-04-09,8.54,19.62,16.97,23.8,nasa,0.83
2019-04-10,1.29,19.12,16.29,24.2,nasa,0.82
2019-04-11,0.99,19.72,14.86,25.29,nasa,0.81
2019-04-12,0.0,20.29,14.76,26.06,nasa,0.8
2019-04-13,0.76,20.58,15.46,26.18,nasa,0.79
2019-04-14,16.97,19.46,17.71,21.56,nasa,0.8
2019-04-15,4.2,19.58,17.41,22.57,nasa,0.82
2019-04-16,8.35,19.79,17.07,23.84,nasa,0.81
2019-04-17,0.84,20.68,16.5,26.16,nasa,0.82
2019-04-18,0.0,18.86,14.59,25.06,nasa,0.81
2019-04-19,0.01,18.77,13.37,25.04,nasa,0.8
2019-04-20,0.0,18.63,12.22,24.52,nasa,0.79
2019-04-21,0.0,20.21,14.67,26.49,nasa,0.79
2019-04-22,0.02,20.28,14.35,26.11,nasa,0.78
2019-04-23,1.06,20.46,16.05,26.43,nasa,0.78
2019-04-24,0.35,20.73,16.17,26.67,nasa,0.77
2019-04-25,0.12,20.52,15.57,27.18,nasa,0.77
2019-04-26,0.24,20.34,15.69,26.64,nasa,0.77
2019-04-27,0.0,19.4,14.32,25.52,nasa,0.76
2019-04-28,2.04,19.84,14.5,25.92,nasa,0.76
2019-04-29,2.87,19.36,15.53,25.26,nasa,0.76
2019-04-30,0.04,19.15,14.12,25.04,nasa,0.76
2019-05-01,0.01,19.67,14.48,24.73,nasa,0.75
2019-05-02,0.01,20.15,15.68,25.15,nasa,0.75
2019-05-03,0.01,20.84,16.2,27.07,nasa,0.74
2019-05-04,5.7,20.83,16.63,26.15,nasa,0.74
2019-05-05,1.09,19.58,16.78,23.53,nasa,0.75
2019-05-06,0.8,19.13,14.46,24.33,nasa,0.75
2019-05-07,2.49,20.67,15.75,26.09,nasa,0.74
2019-05-08,3.03,18.63,14.92,23.53,nasa,0.75
2019-05-09,0.03,18.17,13.64,23.77,nasa,0.74
2019-05-10,0.0,18.9,14.48,24.51,nasa,0.74
2019-05-11,0.0,20.07,14.72,26.11,nasa,0.74
2019-05-12,1.79,21.05,16.61,26.82,nasa,0.73
2019-05-13,0.85,21.08,16.41,28.01,nasa,0.73
2019-05-14,1.75,20.56,17.02,25.33,nasa,0.73
2019-05-15,3.81,17.93,15.24,22.03,nasa,0.73
2019-05-16,1.65,17.1,14.76,21.43,nasa,0.73
2019-05-17,19.78,16.39,13.88,19.55,nasa,0.74
2019-05-18,4.21,15.73,12.86,19.9,nasa,0.76
2019-05-19,0.57,17.1,12.36,22.46,nasa,0.76
2019-05-20,0.07,17.28,12.87,22.7,nasa,0.75
2019-05-21,0.0,16.53,11.7,22.64,nasa,0.74
2019-05-22,0.01,17.31,12.63,23.34,nasa,0.74
2019-05-23,0.0,17.73,12.63,23.17,nasa,0.73
2019-05-24,0.08,18.73,13.4,24.29,nasa,0.73
2019-05-25,0.0,14.79,8.69,20.13,nasa,0.72
2019-05-26,0.0,14.75,8.43,22.66,nasa,0.72
2019-05-27,0.0,15.14,6.91,22.8,nasa,0.72
2019-05-28,0.31,16.69,9.03,24.4,nasa,0.71
2019-05-29,0.13,18.87,12.92,25.55,nasa,0.71
2019-05-30,0.0,18.35,13.98,25.07,nasa,0.71
2019-05-31,0.01,18.04,12.2,25.15,nasa,0.71
2019-06-01,0.11,18.56,13.38,25.17,nasa,0.71
2019-06-02,0.36,17.95,13.42,24.12,nasa,0.7
2019-06-03,7.73,16.72,12.91,22.96,nasa,0.7
2019-06-04,1.69,13.67,6.83,19.33,nasa,0.71
2019-06-05,0.13,12.72,6.6,19.73,nasa,0.71
2019-06-06,0.05,13.25,8.95,20.22,nasa,0.71
2019-06-07,0.0,13.76,8.12,20.9,nasa,0.71
2019-06-08,0.0,14.71,9.94,21.59,nasa,0.7
2019-06-09,0.0,14.22,8.12,22.26,nasa,0.7
2019-06-10,0.0,15.12,10.47,21.68,nasa,0.7
2019-06-11,0.0,15.91,9.76,22.36,nasa,0.69
2019-06-12,0.0,16.89,10.41,23.39,nasa,0.69
2019-06-13,0.0,17.45,11.4,24.29,nasa,0.69
2019-06-14,0.0,17.35,11.79,24.62,nasa,0.69
2019-06-15,0.0,17.03,11.31,23.9,nasa,0.69
2019-06-16,0.0,16.61,10.57,23.89,nasa,0.68
2019-06-17,0.06,15.97,10.45,23.41,nasa,0.68
2019-06-18,0.05,16.45,11.12,22.85,nasa,0.68
2019-06-19,0.0,17.3,12.0,22.94,nasa,0.68
2019-06-20,0.31,16.95,12.29,23.7,nasa,0.68
2019-06-21,0.85,16.74,12.61,23.32,nasa,0.68
2019-06-22,0.0,16.54,11.46,23.22,nasa,0.67
2019-06-23,0.0,15.26,8.61,22.8,nasa,0.67
2019-06-24,0.01,16.21,10.46,23.32,nasa,0.67
2019-06-25,0.02,17.35,11.24,24.49,nasa,0.67
2019-06-26,0.04,18.22,12.1,25.2,nasa,0.67
2019-06-27,0.04,18.82,13.57,25.74,nasa,0.66
2019-06-28,0.0,17.97,12.33,25.52,nasa,0.66
2019-06-29,0.0,17.22,10.43,24.26,nasa,0.66
2019-06-30,0.05,16.94,10.04,24.46,nasa,0.66
2019-07-01,0.0,17.8,12.62,24.96,nasa,0.66
2019-07-02,0.03,16.41,10.26,24.96,nasa,0.66
2019-07-03,0.05,17.14,10.39,25.01,nasa,0.65
2019-07-04,5.51,16.91,10.8,23.44,nasa,0.65
2019-07-05,12.97,15.96,11.96,20.11,nasa,0.68
2019-07-06,0.52,10.4,3.98,16.57,nasa,0.68
2019-07-07,0.0,8.3,2.07,17.14,nasa,0.68
2019-07-08,0.02,10.4,3.2,19.42,nasa,0.67
2019-07-09,0.02,11.91,4.39,21.17,nasa,0.67
2019-07-10,0.05,13.21,6.26,21.2,nasa,0.67
2019-07-11,0.01,14.68,7.94,21.86,nasa,0.66
2019-07-12,0.03,15.79,8.45,23.95,nasa,0.66
2019-07-13,0.0,17.77,11.61,24.87,nasa,0.66
2019-07-14,0.01,19.02,13.4,25.17,nasa,0.66
2019-07-15,0.03,17.91,11.84,25.09,nasa,0.65
2019-07-16,0.38,14.88,9.21,21.68,nasa,0.65
2019-07-17,0.01,11.29,4.61,19.66,nasa,0.65
2019-07-18,0.02,12.92,8.48,20.81,nasa,0.65
2019-07-19,0.02,12.85,7.96,20.45,nasa,0.65
2019-07-20,0.0,14.23,9.39,22.22,nasa,0.65
2019-07-21,0.0,14.64,9.74,22.49,nasa,0.65
2019-07-22,0.0,15.99,10.3,23.61,nasa,0.64
2019-07-23,0.0,16.11,7.89,24.59,nasa,0.64
2019-07-24,0.01,16.51,8.48,25.88,nasa,0.64
2019-07-25,0.0,17.04,9.93,26.12,nasa,0.64
2019-07-26,0.02,17.14,10.98,25.3,nasa,0.64
2019-07-27,0.0,16.24,8.32,25.73,nasa,0.64
2019-07-28,0.02,16.05,8.8,25.57,nasa,0.64
2019-07-29,0.0,16.73,10.45,24.77,nasa,0.63
2019-07-30,0.84,17.11,10.04,23.82,nasa,0.63
2019-07-31,0.05,17.21,11.49,25.39,nasa,0.63
2019-08-01,0.02,17.39,9.7,26.91,nasa,0.63
2019-08-02,0.18,19.0,10.51,27.91,nasa,0.63
2019-08-03,3.16,15.24,11.46,20.73,nasa,0.63
2019-08-04,6.88,11.3,8.71,14.19,nasa,0.64
2019-08-05,5.16,13.16,8.73,20.71,nasa,0.65
2019-08-06,0.09,15.02,10.06,22.51,nasa,0.65
2019-08-07,0.05,17.66,11.34,25.4,nasa,0.65
2019-08-08,0.03,17.75,10.4,26.81,nasa,0.64
2019-08-09,0.01,18.96,10.97,27.31,nasa,0.64
2019-08-10,0.03,20.23,12.07,26.8,nasa,0.64
2019-08-11,0.0,21.3,15.36,29.64,nasa,0.63
2019-08-12,0.0,20.41,13.56,28.99,nasa,0.63
2019-08-13,0.16,18.98,11.5,28.77,nasa,0.63
2019-08-14,0.36,14.07,9.59,19.74,nasa,0.63
2019-08-15,0.05,13.9,8.96,22.74,nasa,0.63
2019-08-16,0.03,14.88,7.31,24.82,nasa,0.63
2019-08-17,0.01,14.91,6.9,24.69,nasa,0.62
2019-08-18,0.01,17.88,8.52,26.65,nasa,0.62
2019-08-19,0.65,18.6,11.71,24.99,nasa,0.62
2019-08-20,3.85,17.31,12.84,23.26,nasa,0.62
2019-08-21,0.3,17.47,11.55,26.29,nasa,0.63
2019-08-22,0.15,16.34,11.07,24.57,nasa,0.63
2019-08-23,1.8,15.31,10.81,22.55,nasa,0.63
2019-08-24,0.36,15.75,9.92,24.83,nasa,0.63
2019-08-25,0.07,16.29,10.46,25.91,nasa,0.62
2019-08-26,0.02,17.05,10.12,26.75,nasa,0.62
2019-08-27,0.0,18.38,11.11,28.2,nasa,0.62
2019-08-28,0.0,16.05,12.26,22.28,nasa,0.62
2019-08-29,0.0,16.92,10.45,24.91,nasa,0.62
2019-08-30,0.0,19.31,10.12,28.24,nasa,0.62
2019-08-31,0.63,21.52,12.71,30.01,nasa,0.61
2019-09-01,2.49,22.31,14.72,30.28,nasa,0.61
2019-09-02,13.51,20.44,16.11,26.33,nasa,0.63
2019-09-03,4.19,21.73,14.43,30.72,nasa,0.64
2019-09-04,0.48,22.07,16.21,30.76,nasa,0.64
2019-09-05,2.3,18.48,12.6,25.85,nasa,0.64
2019-09-06,0.3,17.39,11.49,25.81,nasa,0.64
2019-09-07,0.03,19.96,11.49,29.35,nasa,0.63
2019-09-08,0.01,21.54,13.47,32.28,nasa,0.63
2019-09-09,0.0,21.39,12.78,31.37,nasa,0.62
2019-09-10,0.0,22.54,12.49,32.36,nasa,0.62
2019-09-11,0.0,23.96,16.18,33.91,nasa,0.62
2019-09-12,0.0,24.96,15.16,34.55,nasa,0.61
2019-09-13,0.0,24.57,17.12,34.47,nasa,0.61
2019-09-14,0.0,23.05,16.38,32.61,nasa,0.61
2019-09-15,0.0,22.57,15.04,32.82,nasa,0.61
2019-09-16,0.0,23.42,14.32,33.88,nasa,0.61
2019-09-17,0.0,24.27,14.83,34.25,nasa,0.61
2019-09-18,0.0,24.91,15.82,34.34,nasa,0.6
2019-09-19,0.0,25.79,19.11,34.69,nasa,0.6
2019-09-20,0.0,25.12,16.99,34.71,nasa,0.6
2019-09-21,0.07,23.52,16.28,32.39,nasa,0.6
2019-09-22,0.81,20.23,14.35,29.07,nasa,0.6
2019-09-23,0.22,16.57,12.09,24.02,nasa,0.6
2019-09-24,1.05,19.08,11.24,27.74,nasa,0.6
2019-09-25,15.96,16.69,13.26,21.07,nasa,0.62
2019-09-26,27.46,15.92,13.94,18.77,nasa,0.66
2019-09-27,0.26,18.16,11.77,26.96,nasa,0.67
2019-09-28,0.04,18.6,12.1,27.24,nasa,0.66
2019-09-29,0.02,18.58,11.76,27.4,nasa,0.65
2019-09-30,0.02,19.52,11.95,28.85,nasa,0.65
2019-10-01,0.01,20.6,12.91,30.17,nasa,0.64
2019-10-02,0.02,21.18,13.03,32.18,nasa,0.64
2019-10-03,0.02,20.36,10.32,32.04,nasa,0.63
2019-10-04,0.0,20.94,12.93,29.9,nasa,0.63
2019-10-05,0.02,22.49,15.29,31.06,nasa,0.62
2019-10-06,0.16,22.81,15.99,31.05,nasa,0.62
2019-10-07,9.15,21.72,15.92,29.62,nasa,0.62
2019-10-08,11.45,20.97,17.04,26.3,nasa,0.64
2019-10-09,13.16,17.75,14.61,21.58,nasa,0.67
2019-10-10,4.97,17.75,13.65,22.66,nasa,0.67
2019-10-11,0.57,20.42,15.69,26.99,nasa,0.67
2019-10-12,0.12,22.67,13.49,31.27,nasa,0.66
2019-10-13,0.01,23.86,14.4,33.2,nasa,0.65
2019-10-14,0.0,23.28,14.48,33.45,nasa,0.65
2019-10-15,0.95,22.36,14.67,31.72,nasa,0.64
2019-10-16,2.38,21.81,16.06,29.84,nasa,0.64
2019-10-17,0.04,22.69,16.77,29.86,nasa,0.64
2019-10-18,0.27,22.94,15.3,30.11,nasa,0.64
2019-10-19,3.98,22.7,16.56,30.44,nasa,0.63
2019-10-20,0.51,21.0,15.0,28.6,nasa,0.64
2019-10-21,3.05,19.76,13.66,27.14,nasa,0.63
2019-10-22,0.34,20.57,16.47,26.57,nasa,0.64
2019-10-23,0.16,21.44,14.86,30.2,nasa,0.63
2019-10-24,0.16,21.01,15.06,28.42,nasa,0.63
2019-10-25,2.02,23.9,16.91,32.5,nasa,0.63
2019-10-26,1.66,22.88,16.75,30.63,nasa,0.63
2019-10-27,1.44,22.88,16.84,30.6,nasa,0.63
2019-10-28,13.1,22.09,16.2,27.54,nasa,0.64
2019-10-29,8.61,20.57,17.43,24.75,nasa,0.65
2019-10-30,3.0,21.5,15.47,28.68,nasa,0.66
2019-10-31,4.49,21.81,17.05,28.36,nasa,0.66
2019-11-01,1.15,22.09,16.83,29.88,nasa,0.66
2019-11-02,0.12,22.35,15.76,30.39,nasa,0.65
2019-11-03,0.0,23.68,16.52,31.65,nasa,0.65
2019-11-04,0.0,25.86,18.34,33.63,nasa,0.64
2019-11-05,0.2,24.21,19.36,28.58,nasa,0.64
2019-11-06,8.33,22.72,17.57,30.64,nasa,0.64
2019-11-07,8.81,21.24,16.53,26.77,nasa,0.65
2019-11-08,7.88,20.72,18.49,23.86,nasa,0.67
2019-11-09,2.12,22.29,17.43,28.09,nasa,0.67
2019-11-10,0.72,20.9,17.95,25.56,nasa,0.66
2019-11-11,4.96,22.97,17.91,30.9,nasa,0.66
2019-11-12,1.53,20.6,16.14,27.65,nasa,0.66
2019-11-13,4.47,21.12,15.59,27.94,nasa,0.66
2019-11-14,52.66,19.73,17.6,22.59,nasa,0.71
2019-11-15,8.43,20.53,17.88,24.29,nasa,0.74
2019-11-16,3.71,20.24,15.33,27.34,nasa,0.73
2019-11-17,1.62,20.38,13.85,27.89,nasa,0.71
2019-11-18,3.11,20.69,14.3,28.16,nasa,0.71
2019-11-19,6.26,20.63,15.55,26.52,nasa,0.7
2019-11-20,2.23,20.36,16.63,26.12,nasa,0.7
2019-11-21,1.09,21.36,16.14,27.77,nasa,0.7
2019-11-22,3.5,21.2,16.72,26.08,nasa,0.7
2019-11-23,11.1,21.52,17.86,27.01,nasa,0.7
2019-11-24,5.29,18.96,13.21,24.93,nasa,0.71
2019-11-25,0.17,18.74,12.03,26.74,nasa,0.71
2019-11-26,0.0,20.9,13.14,29.4,nasa,0.7
2019-11-27,3.43,21.06,14.99,27.49,nasa,0.69
2019-11-28,16.18,20.68,15.34,26.62,nasa,0.7
2019-11-29,3.13,18.91,14.24,24.44,nasa,0.72
2019-11-30,2.01,20.67,16.19,25.04,nasa,0.71
2019-12-01,10.58,21.93,18.44,28.07,nasa,0.72
2019-12-02,0.49,21.22,15.49,28.74,nasa,0.71
2019-12-03,0.03,19.68,14.5,26.18,nasa,0.71
2019-12-04,2.44,20.34,15.17,26.71,nasa,0.7
2019-12-05,18.64,21.06,18.29,24.98,nasa,0.71
2019-12-06,14.35,21.24,18.1,24.9,nasa,0.74
2019-12-07,0.39,20.37,15.32,27.46,nasa,0.73
2019-12-08,0.0,20.2,12.03,28.85,nasa,0.72
2019-12-09,1.34,19.63,14.21,25.6,nasa,0.71
2019-12-10,11.99,20.66,17.69,23.62,nasa,0.72
2019-12-11,14.03,21.28,18.56,25.83,nasa,0.73
2019-12-12,16.32,21.09,17.51,25.72,nasa,0.75
2019-12-13,10.51,22.04,18.64,27.54,nasa,0.76
2019-12-14,4.59,20.82,17.67,25.68,nasa,0.76
2019-12-15,0.62,21.82,17.36,28.02,nasa,0.75
2019-12-16,0.0,21.46,15.4,28.63,nasa,0.74
2019-12-17,0.11,22.13,14.46,29.06,nasa,0.72
2019-12-18,3.51,21.29,17.9,27.57,nasa,0.72
2019-12-19,15.72,20.92,17.48,26.59,nasa,0.73
2019-12-20,4.2,20.42,17.07,25.0,nasa,0.74
2019-12-21,1.18,20.38,17.77,23.97,nasa,0.74
2019-12-22,7.67,21.97,16.98,28.42,nasa,0.74
2019-12-23,16.91,20.15,17.99,23.19,nasa,0.74
2019-12-24,4.22,19.75,16.34,23.49,nasa,0.77
2019-12-25,0.14,21.66,14.87,29.1,nasa,0.75
2019-12-26,0.06,22.87,16.65,29.98,nasa,0.74
2019-12-27,0.17,22.1,18.83,26.05,nasa,0.73
2019-12-28,0.68,22.72,17.75,28.84,nasa,0.72
2019-12-29,1.24,22.17,16.88,29.19,nasa,0.72
2019-12-30,0.84,22.04,15.82,29.39,nasa,0.71
2019-12-31,1.37,22.49,16.53,29.13,nasa,0.71
2020-01-01,4.59,22.67,18.86,28.97,nasa,0.71
2020-01-02,14.22,21.35,18.22,27.28,nasa,0.72
2020-01-03,4.39,20.87,16.44,26.12,nasa,0.73
2020-01-04,7.62,20.82,17.61,25.55,nasa,0.73
2020-01-05,13.22,22.09,18.16,26.89,nasa,0.74
2020-01-06,15.54,22.58,17.98,28.16,nasa,0.76
2020-01-07,1.48,23.84,17.74,30.04,nasa,0.75
2020-01-08,9.75,23.42,20.0,27.56,nasa,0.74
2020-01-09,4.06,22.84,19.07,28.34,nasa,0.75
2020-01-10,3.08,22.98,19.8,27.5,nasa,0.75
2020-01-11,7.43,22.9,19.86,26.53,nasa,0.75
2020-01-12,11.98,23.16,20.12,27.45,nasa,0.76
2020-01-13,15.51,22.19,19.04,27.44,nasa,0.77
2020-01-14,2.27,21.33,17.01,27.47,nasa,0.78
2020-01-15,0.02,22.76,16.31,29.26,nasa,0.76
2020-01-16,7.65,23.99,18.54,29.72,nasa,0.76
2020-01-17,6.35,20.99,17.0,25.15,nasa,0.76
2020-01-18,1.71,20.34,16.03,25.07,nasa,0.76
2020-01-19,3.53,21.12,16.8,26.25,nasa,0.75
2020-01-20,5.35,20.0,16.61,24.07,nasa,0.76
2020-01-21,0.2,20.71,15.17,27.41,nasa,0.75
2020-01-22,2.88,20.6,15.74,26.57,nasa,0.75
2020-01-23,11.83,19.48,16.72,23.12,nasa,0.75
2020-01-24,18.56,19.54,15.35,25.19,nasa,0.78
2020-01-25,1.08,19.94,13.33,27.14,nasa,0.78
2020-01-26,2.42,21.41,15.0,28.44,nasa,0.77
2020-01-27,2.23,22.36,16.49,28.52,nasa,0.76
2020-01-28,3.94,22.72,16.65,29.73,nasa,0.75
2020-01-29,9.26,21.69,18.99,26.42,nasa,0.76
2020-01-30,2.55,21.33,17.91,25.56,nasa,0.76
2020-01-31,1.4,22.45,18.62,26.77,nasa,0.76
2020-02-01,12.2,22.8,18.41,28.29,nasa,0.76
2020-02-02,9.68,23.08,19.15,28.51,nasa,0.77
2020-02-03,15.36,21.68,18.01,25.83,nasa,0.79
2020-02-04,10.45,21.18,17.96,24.53,nasa,0.79
2020-02-05,21.34,20.98,18.4,23.99,nasa,0.81
2020-02-06,28.58,19.88,18.21,22.79,nasa,0.83
2020-02-07,1.69,19.17,15.83,23.16,nasa,0.84
2020-02-08,3.49,20.03,14.6,26.22,nasa,0.83
2020-02-09,6.43,19.99,16.65,24.87,nasa,0.82
2020-02-10,26.37,20.69,17.86,24.56,nasa,0.83
2020-02-11,48.23,19.62,15.36,24.53,nasa,0.88
2020-02-12,27.15,18.55,14.47,22.65,nasa,0.9
2020-02-13,6.65,20.99,15.99,27.12,nasa,0.89
2020-02-14,1.27,21.6,16.07,27.67,nasa,0.88
2020-02-15,0.47,21.99,17.17,27.59,nasa,0.87
2020-02-16,15.79,22.02,19.04,27.09,nasa,0.86
2020-02-17,7.76,21.59,18.43,25.95,nasa,0.88
2020-02-18,13.2,21.75,18.43,26.75,nasa,0.89
2020-02-19,2.16,22.19,17.52,27.75,nasa,0.88
2020-02-20,8.4,22.23,17.74,27.45,nasa,0.88
2020-02-21,20.82,22.0,19.63,26.08,nasa,0.89
2020-02-22,3.9,20.51,15.31,27.42,nasa,0.9
2020-02-23,2.03,19.13,14.33,25.37,nasa,0.89
2020-02-24,4.63,18.22,14.63,21.38,nasa,0.88
2020-02-25,11.6,21.43,17.73,26.53,nasa,0.89
2020-02-26,2.67,21.9,19.51,25.72,nasa,0.89
2020-02-27,30.55,20.27,16.11,23.14,nasa,0.9
2020-02-28,7.53,18.96,15.61,22.49,nasa,0.92
2020-02-29,7.67,21.14,17.49,26.06,nasa,0.91
2020-03-01,16.01,19.22,16.28,24.02,nasa,0.91
2020-03-02,4.75,18.09,15.19,22.49,nasa,0.92
2020-03-03,1.78,19.62,14.22,24.84,nasa,0.91
2020-03-04,2.77,20.37,16.11,26.34,nasa,0.91
2020-03-05,0.11,19.67,14.57,26.87,nasa,0.9
2020-03-06,0.11,18.25,13.41,25.34,nasa,0.9
2020-03-07,0.45,18.83,13.58,24.72,nasa,0.89
2020-03-08,7.34,19.45,14.61,25.02,nasa,0.89
2020-03-09,5.68,20.16,16.06,25.19,nasa,0.9
2020-03-10,1.12,21.06,15.84,27.1,nasa,0.89
2020-03-11,0.45,20.98,16.59,26.93,nasa,0.89
2020-03-12,0.24,20.92,15.26,27.3,nasa,0.88
2020-03-13,0.42,21.3,16.11,27.82,nasa,0.87
2020-03-14,3.85,21.55,16.43,27.42,nasa,0.87
2020-03-15,12.67,21.0,17.49,25.29,nasa,0.87
2020-03-16,3.04,22.03,17.92,27.26,nasa,0.88
2020-03-17,7.32,22.16,18.21,27.17,nasa,0.88
2020-03-18,2.63,22.02,16.58,28.34,nasa,0.88
2020-03-19,6.58,21.25,17.59,26.1,nasa,0.87
2020-03-20,9.75,21.37,18.03,26.21,nasa,0.88
2020-03-21,13.47,20.53,16.92,24.94,nasa,0.89
2020-03-22,1.34,19.1,15.15,25.13,nasa,0.89
2020-03-23,0.27,17.71,13.57,24.5,nasa,0.88
2020-03-24,0.13,16.58,11.21,23.57,nasa,0.87
2020-03-25,0.04,17.17,11.65,24.02,nasa,0.87
2020-03-26,0.05,17.74,12.31,24.27,nasa,0.86
2020-03-27,0.04,18.31,13.97,23.95,nasa,0.85
2020-03-28,0.12,19.48,14.37,25.15,nasa,0.85
2020-03-29,9.05,19.78,17.07,22.78,nasa,0.85
2020-03-30,11.99,19.96,16.89,24.03,nasa,0.87
2020-03-31,7.42,20.55,16.34,26.1,nasa,0.88
2020-04-01,1.78,20.46,16.35,26.65,nasa,0.87
2020-04-02,1.98,20.8,16.76,26.47,nasa,0.86
2020-04-03,3.72,20.76,17.2,25.87,nasa,0.86
2020-04-04,0.06,18.53,12.71,25.12,nasa,0.86
2020-04-05,0.16,19.06,12.64,25.77,nasa,0.85
2020-04-06,0.3,20.64,14.65,26.75,nasa,0.85
2020-04-07,2.83,20.73,16.71,25.5,nasa,0.84
2020-04-08,3.63,19.37,15.14,25.37,nasa,0.84
2020-04-09,0.2,17.69,13.15,24.25,nasa,0.84
2020-04-10,0.25,17.56,12.09,24.05,nasa,0.84
2020-04-11,1.58,18.01,12.89,24.17,nasa,0.83
2020-04-12,1.01,17.91,13.35,24.24,nasa,0.83
2020-04-13,0.48,17.81,13.05,23.78,nasa,0.83
2020-04-14,1.2,18.58,14.34,24.03,nasa,0.82
2020-04-15,1.53,19.37,16.57,23.69,nasa,0.82
2020-04-16,2.8,19.33,16.87,23.6,nasa,0.82
2020-04-17,4.52,18.83,15.52,24.64,nasa,0.83
2020-04-18,0.11,17.17,13.75,22.13,nasa,0.82
2020-04-19,0.02,18.12,14.09,23.46,nasa,0.82
2020-04-20,0.03,18.19,14.41,23.54,nasa,0.82
2020-04-21,0.01,17.88,13.18,23.55,nasa,0.81
2020-04-22,0.09,17.68,12.78,23.3,nasa,0.81
2020-04-23,0.05,18.05,13.04,24.36,nasa,0.8
2020-04-24,0.02,18.09,13.37,24.71,nasa,0.8
2020-04-25,0.01,17.2,12.19,24.3,nasa,0.79
2020-04-26,0.02,17.14,10.2,24.58,nasa,0.79
2020-04-27,0.05,16.44,11.8,23.23,nasa,0.78
2020-04-28,0.06,15.45,11.27,21.85,nasa,0.78
2020-04-29,0.06,15.81,9.21,22.11,nasa,0.78
2020-04-30,0.01,17.33,11.15,23.18,nasa,0.77
2020-05-01,0.04,18.78,13.79,24.78,nasa,0.77
2020-05-02,0.73,17.56,12.13,23.97,nasa,0.77
2020-05-03,0.27,15.92,12.42,21.33,nasa,0.76
2020-05-04,0.01,16.2,11.57,21.98,nasa,0.76
2020-05-05,0.01,17.12,11.61,23.32,nasa,0.76
2020-05-06,0.22,18.11,13.8,23.32,nasa,0.75
2020-05-07,1.21,15.3,11.86,19.47,nasa,0.75
2020-05-08,0.21,14.27,9.98,20.6,nasa,0.75
2020-05-09,0.01,13.58,8.96,20.57,nasa,0.75
2020-05-10,0.01,13.82,8.32,20.63,nasa,0.75
2020-05-11,0.03,14.49,8.76,21.13,nasa,0.74
2020-05-12,0.75,15.07,8.33,22.06,nasa,0.74
2020-05-13,0.03,16.16,9.64,22.56,nasa,0.74
2020-05-14,4.33,17.24,14.83,20.55,nasa,0.74
2020-05-15,4.49,16.74,13.86,21.79,nasa,0.75
2020-05-16,0.51,17.19,12.83,22.96,nasa,0.75
2020-05-17,0.36,16.8,12.27,22.62,nasa,0.74
2020-05-18,0.09,15.94,10.35,23.43,nasa,0.74
2020-05-19,0.04,16.34,11.79,22.93,nasa,0.73
2020-05-20,0.02,16.23,11.65,22.41,nasa,0.73
2020-05-21,0.02,16.22,11.36,22.28,nasa,0.73
2020-05-22,0.06,16.65,11.29,22.78,nasa,0.72
2020-05-23,0.96,18.68,14.77,23.81,nasa,0.72
2020-05-24,11.21,13.97,10.73,17.19,nasa,0.73
2020-05-25,0.15,11.61,6.86,18.55,nasa,0.74
2020-05-26,0.05,10.32,4.74,17.99,nasa,0.73
2020-05-27,1.87,10.53,2.93,19.76,nasa,0.73
2020-05-28,0.0,11.51,4.0,20.26,nasa,0.73
2020-05-29,0.04,12.93,6.68,21.75,nasa,0.72
2020-05-30,0.02,13.08,6.8,21.1,nasa,0.72
2020-05-31,0.1,13.85,8.01,21.16,nasa,0.72
2020-06-01,0.02,14.53,7.64,21.75,nasa,0.72
2020-06-02,0.12,15.41,7.93,22.62,nasa,0.71
2020-06-03,0.11,16.8,11.21,22.83,nasa,0.71
2020-06-04,0.38,17.98,13.16,23.87,nasa,0.71
2020-06-05,0.29,17.71,13.7,23.68,nasa,0.71
2020-06-06,4.48,17.48,12.72,24.17,nasa,0.71
2020-06-07,6.24,17.72,13.49,23.32,nasa,0.72
2020-06-08,0.31,18.15,14.12,24.45,nasa,0.72
2020-06-09,0.18,17.79,12.48,24.32,nasa,0.71
2020-06-10,0.87,17.65,13.18,23.98,nasa,0.71
2020-06-11,0.32,18.1,12.46,25.09,nasa,0.71
2020-06-12,0.03,19.23,13.56,25.75,nasa,0.7
2020-06-13,0.01,18.81,12.68,25.44,nasa,0.7
2020-06-14,0.21,17.54,13.03,24.42,nasa,0.7
2020-06-15,0.21,15.99,12.01,22.56,nasa,0.7
2020-06-16,0.21,15.94,12.0,22.5,nasa,0.69
2020-06-17,0.08,15.06,10.2,22.31,nasa,0.69
2020-06-18,0.04,14.27,9.59,21.53,nasa,0.69
2020-06-19,0.05,15.77,8.77,22.85,nasa,0.69
2020-06-20,0.69,17.67,10.15,24.88,nasa,0.69
2020-06-21,0.03,17.95,13.19,24.35,nasa,0.68
2020-06-22,0.02,17.51,11.14,24.49,nasa,0.68
2020-06-23,0.02,16.02,9.54,23.27,nasa,0.68
2020-06-24,0.13,15.47,8.94,23.09,nasa,0.68
2020-06-25,0.05,15.91,9.37,23.64,nasa,0.68
2020-06-26,0.44,17.42,12.01,23.8,nasa,0.68
2020-06-27,1.98,16.2,12.46,22.85,nasa,0.68
2020-06-28,0.19,14.43,9.41,21.97,nasa,0.68
2020-06-29,0.16,14.77,11.3,20.02,nasa,0.68
2020-06-30,0.05,15.92,12.08,20.99,nasa,0.67
2020-07-01,0.2,15.03,9.36,20.71,nasa,0.67
2020-07-02,0.01,13.86,7.74,21.23,nasa,0.67
2020-07-03,0.0,14.92,9.34,22.1,nasa,0.67
2020-07-04,0.0,15.62,8.59,23.98,nasa,0.67
2020-07-05,0.03,16.69,11.73,23.97,nasa,0.67
2020-07-06,0.1,17.09,10.07,26.09,nasa,0.66
2020-07-07,0.06,16.61,10.96,25.68,nasa,0.66
2020-07-08,0.01,16.18,9.89,24.01,nasa,0.66
2020-07-09,1.93,16.85,10.68,24.14,nasa,0.66
2020-07-10,0.12,16.71,10.93,24.37,nasa,0.66
2020-07-11,0.0,17.19,12.15,24.16,nasa,0.66
2020-07-12,0.0,16.52,10.24,24.37,nasa,0.66
2020-07-13,0.0,18.57,10.92,26.91,nasa,0.65
2020-07-14,0.2,19.12,14.18,26.29,nasa,0.65
2020-07-15,0.19,17.15,12.03,24.55,nasa,0.65
2020-07-16,0.04,16.34,10.15,24.59,nasa,0.65
2020-07-17,0.06,17.15,11.35,24.8,nasa,0.65
2020-07-18,0.02,16.6,11.42,24.93,nasa,0.65
2020-07-19,0.08,15.72,9.86,23.86,nasa,0.65
2020-07-20,0.02,16.1,8.27,24.58,nasa,0.64
2020-07-21,0.03,17.35,9.03,25.29,nasa,0.64
2020-07-22,0.0,18.56,12.43,26.16,nasa,0.64
2020-07-23,0.04,17.3,10.21,25.93,nasa,0.64
2020-07-24,0.01,16.3,9.02,25.17,nasa,0.64
2020-07-25,0.01,16.99,10.15,24.82,nasa,0.64
2020-07-26,0.0,17.08,10.82,25.75,nasa,0.64
2020-07-27,0.07,17.91,11.61,25.82,nasa,0.63
2020-07-28,0.0,17.36,10.84,25.6,nasa,0.63
2020-07-29,0.83,18.72,13.16,26.52,nasa,0.63
2020-07-30,1.31,15.55,12.15,21.32,nasa,0.63
2020-07-31,0.48,16.01,11.27,23.17,nasa,0.63
2020-08-01,0.01,15.76,10.62,23.1,nasa,0.63
2020-08-02,0.01,15.31,9.59,24.36,nasa,0.63
2020-08-03,0.06,14.59,7.83,24.74,nasa,0.63
2020-08-04,0.02,14.73,7.71,25.06,nasa,0.63
2020-08-05,0.04,14.39,8.28,24.7,nasa,0.63
2020-08-06,0.82,14.64,7.56,25.32,nasa,0.63
2020-08-07,0.0,15.25,7.06,24.74,nasa,0.63
2020-08-08,0.05,16.26,8.23,25.44,nasa,0.62
2020-08-09,0.03,16.59,9.42,24.3,nasa,0.62
2020-08-10,0.02,17.02,8.98,25.37,nasa,0.62
2020-08-11,1.31,18.1,9.47,25.0,nasa,0.62
2020-08-12,0.1,18.59,10.81,26.57,nasa,0.62
2020-08-13,0.38,19.21,13.46,27.46,nasa,0.62
2020-08-14,0.0,20.02,12.22,28.6,nasa,0.62
2020-08-15,0.0,19.65,13.48,27.33,nasa,0.62
2020-08-16,0.16,18.8,13.89,25.76,nasa,0.62
2020-08-17,1.64,19.46,14.89,26.24,nasa,0.62
2020-08-18,0.15,20.21,13.66,28.15,nasa,0.62
2020-08-19,0.11,21.07,15.07,29.56,nasa,0.62
2020-08-20,7.01,20.3,13.99,29.08,nasa,0.61
2020-08-21,7.9,13.03,8.91,17.3,nasa,0.63
2020-08-22,3.94,11.0,8.66,15.6,nasa,0.64
2020-08-23,0.13,13.1,8.43,21.17,nasa,0.64
2020-08-24,0.08,13.42,8.07,22.16,nasa,0.64
2020-08-25,0.11,12.67,7.15,22.69,nasa,0.63
2020-08-26,0.04,13.76,5.65,24.73,nasa,0.63
2020-08-27,0.04,16.51,8.84,27.06,nasa,0.63
2020-08-28,0.0,18.6,11.53,28.46,nasa,0.63
2020-08-29,0.0,19.28,11.26,28.49,nasa,0.62
2020-08-30,0.0,20.23,11.64,28.98,nasa,0.62
2020-08-31,0.05,20.96,13.16,30.55,nasa,0.62
2020-09-01,0.06,20.14,14.18,28.87,nasa,0.62
2020-09-02,0.04,19.48,13.85,28.02,nasa,0.61
2020-09-03,0.01,19.38,13.11,27.91,nasa,0.61
2020-09-04,0.06,20.81,11.15,31.25,nasa,0.61
2020-09-05,0.09,20.9,12.69,31.41,nasa,0.61
2020-09-06,0.0,20.99,11.74,30.75,nasa,0.61
2020-09-07,0.0,22.85,15.79,32.3,nasa,0.61
2020-09-08,0.0,21.77,13.57,31.58,nasa,0.6
2020-09-09,0.07,22.64,13.9,32.63,nasa,0.6
2020-09-10,0.15,23.45,14.91,32.28,nasa,0.6
2020-09-11,0.29,24.61,18.43,32.4,nasa,0.6
2020-09-12,0.06,24.39,16.57,33.33,nasa,0.6
2020-09-13,0.0,23.25,16.34,33.17,nasa,0.6
2020-09-14,0.0,22.24,13.18,31.64,nasa,0.6
2020-09-15,0.07,21.04,15.19,29.28,nasa,0.6
2020-09-16,0.01,21.64,13.83,30.78,nasa,0.6
2020-09-17,0.0,22.73,13.8,32.14,nasa,0.6
2020-09-18,0.0,23.97,14.77,33.21,nasa,0.6
2020-09-19,1.01,25.64,20.01,33.74,nasa,0.59
2020-09-20,5.1,21.83,17.76,29.14,nasa,0.6
2020-09-21,16.04,17.98,14.6,21.82,nasa,0.62
2020-09-22,14.09,15.81,13.3,20.55,nasa,0.65
2020-09-23,0.37,16.25,12.73,21.64,nasa,0.65
2020-09-24,0.02,19.43,11.41,28.26,nasa,0.64
2020-09-25,0.03,21.32,13.86,29.49,nasa,0.64
2020-09-26,0.05,21.61,13.58,30.29,nasa,0.63
2020-09-27,0.01,23.28,14.44,33.34,nasa,0.63
2020-09-28,0.02,24.38,15.71,34.18,nasa,0.62
2020-09-29,1.1,24.48,17.7,33.84,nasa,0.62
2020-09-30,5.07,25.14,16.91,34.68,nasa,0.62
2020-10-01,1.64,26.15,18.44,34.39,nasa,0.62
2020-10-02,0.02,26.96,18.58,35.84,nasa,0.62
2020-10-03,0.86,26.99,20.61,36.46,nasa,0.62
2020-10-04,0.86,24.2,18.51,33.11,nasa,0.61
2020-10-05,0.17,24.88,16.23,34.29,nasa,0.61
2020-10-06,1.51,26.65,19.48,35.13,nasa,0.61
2020-10-07,2.55,26.4,19.82,35.12,nasa,0.61
2020-10-08,0.67,26.41,19.44,34.74,nasa,0.61
2020-10-09,9.07,24.25,19.61,30.93,nasa,0.61
2020-10-10,0.65,22.39,15.34,31.93,nasa,0.62
2020-10-11,0.63,19.09,12.43,27.78,nasa,0.62
2020-10-12,0.51,20.51,12.16,30.23,nasa,0.62
2020-10-13,1.22,22.23,15.64,30.31,nasa,0.62
2020-10-14,1.95,23.27,17.54,30.83,nasa,0.62
2020-10-15,5.24,21.4,16.72,27.24,nasa,0.62
2020-10-16,0.99,18.31,14.17,25.34,nasa,0.62
2020-10-17,2.3,17.65,13.16,23.54,nasa,0.62
2020-10-18,0.74,18.59,12.69,25.33,nasa,0.62
2020-10-19,0.11,19.13,14.37,25.14,nasa,0.62
2020-10-20,3.09,19.59,15.61,25.44,nasa,0.62
2020-10-21,1.92,19.48,15.69,24.59,nasa,0.62
2020-10-22,0.91,20.35,15.37,28.07,nasa,0.62
2020-10-23,0.73,20.32,13.78,28.66,nasa,0.62
2020-10-24,2.25,17.98,14.38,22.03,nasa,0.62
2020-10-25,8.5,20.32,15.92,27.41,nasa,0.63
2020-10-26,0.64,21.44,14.39,29.51,nasa,0.63
2020-10-27,0.14,23.25,15.54,31.69,nasa,0.62
2020-10-28,0.01,24.21,15.88,33.29,nasa,0.62
2020-10-29,3.92,24.08,17.54,32.56,nasa,0.62
2020-10-30,8.06,21.54,15.6,27.63,nasa,0.62
2020-10-31,1.89,18.57,13.38,25.55,nasa,0.63
2020-11-01,2.66,16.08,11.19,22.14,nasa,0.63
2020-11-02,0.23,17.14,9.63,27.33,nasa,0.63
2020-11-03,10.59,16.93,10.22,24.66,nasa,0.63
2020-11-04,1.78,18.82,12.67,27.54,nasa,0.64
2020-11-05,0.64,18.94,11.73,26.89,nasa,0.64
2020-11-06,0.17,20.73,12.68,30.59,nasa,0.63
2020-11-07,0.04,22.25,12.79,31.63,nasa,0.63
2020-11-08,2.09,23.5,15.9,32.47,nasa,0.62
2020-11-09,5.86,23.82,17.07,32.61,nasa,0.62
2020-11-10,19.28,21.24,18.84,26.21,nasa,0.65
2020-11-11,10.78,21.28,17.88,26.27,nasa,0.67
2020-11-12,9.13,21.25,17.36,26.65,nasa,0.68
2020-11-13,7.75,20.0,17.72,23.33,nasa,0.68
2020-11-14,1.44,20.96,17.73,25.77,nasa,0.68
2020-11-15,1.89,23.18,16.45,30.81,nasa,0.67
2020-11-16,7.68,22.42,16.95,28.85,nasa,0.67
2020-11-17,13.04,22.6,17.23,28.65,nasa,0.68
2020-11-18,9.92,21.27,18.03,26.32,nasa,0.7
2020-11-19,9.65,20.55,15.03,25.93,nasa,0.7
2020-11-20,0.83,19.44,14.22,26.95,nasa,0.7
2020-11-21,0.33,19.63,13.61,27.08,nasa,0.69
2020-11-22,3.42,19.9,13.87,27.04,nasa,0.68
2020-11-23,0.43,20.52,14.26,28.08,nasa,0.68
2020-11-24,0.18,21.34,14.66,29.3,nasa,0.67
2020-11-25,0.29,21.97,15.52,29.7,nasa,0.67
2020-11-26,2.25,22.51,17.5,29.09,nasa,0.66
2020-11-27,0.23,23.74,16.88,31.98,nasa,0.66
2020-11-28,0.09,23.0,15.68,31.8,nasa,0.66
2020-11-29,0.41,23.26,16.24,30.73,nasa,0.65
2020-11-30,6.23,23.15,17.22,30.35,nasa,0.65
2020-12-01,4.52,23.86,18.21,31.43,nasa,0.66
2020-12-02,5.12,22.22,18.11,26.43,nasa,0.67
2020-12-03,8.69,22.41,17.79,28.2,nasa,0.67
2020-12-04,5.4,24.03,18.97,32.47,nasa,0.68
2020-12-05,11.27,22.92,19.01,28.6,nasa,0.68
2020-12-06,25.72,20.46,17.53,24.49,nasa,0.71
2020-12-07,25.11,20.25,17.84,22.62,nasa,0.74
2020-12-08,6.26,21.52,17.8,26.6,nasa,0.75
2020-12-09,6.33,20.39,17.74,23.86,nasa,0.74
2020-12-10,5.47,20.75,17.36,25.92,nasa,0.74
2020-12-11,5.2,20.17,16.86,24.41,nasa,0.74
2020-12-12,25.46,20.98,16.62,25.41,nasa,0.74
2020-12-13,10.38,21.16,18.77,24.0,nasa,0.77
2020-12-14,4.68,22.54,18.4,27.37,nasa,0.76
2020-12-15,3.47,23.06,18.61,28.54,nasa,0.76
2020-12-16,6.01,23.42,18.83,27.87,nasa,0.76
2020-12-17,6.45,22.44,19.35,26.6,nasa,0.76
2020-12-18,11.68,22.65,17.32,27.88,nasa,0.76
2020-12-19,3.14,23.62,18.07,29.1,nasa,0.76
2020-12-20,4.39,22.32,18.72,26.6,nasa,0.76
2020-12-21,2.03,22.98,16.88,28.77,nasa,0.75
2020-12-22,13.69,21.95,19.2,25.55,nasa,0.75
2020-12-23,11.12,21.59,16.16,27.27,nasa,0.77
2020-12-24,7.57,19.74,15.08,26.01,nasa,0.77
2020-12-25,14.54,18.49,15.29,22.2,nasa,0.78
2020-12-26,10.57,20.54,15.66,26.12,nasa,0.79
2020-12-27,14.17,19.48,16.68,22.48,nasa,0.8
2020-12-28,6.73,19.37,15.84,23.39,nasa,0.8
2020-12-29,6.68,20.14,16.63,24.52,nasa,0.8
2020-12-30,2.62,20.61,17.26,25.09,nasa,0.8
2020-12-31,4.55,21.88,16.82,27.09,nasa,0.79
2021-01-01,12.62,21.41,17.88,26.42,nasa,0.79
2021-01-02,13.2,20.91,17.03,27.1,nasa,0.8
2021-01-03,9.74,20.77,16.39,26.37,nasa,0.81
2021-01-04,12.49,21.54,16.7,26.32,nasa,0.82
2021-01-05,3.91,22.11,16.23,28.48,nasa,0.81
2021-01-06,7.73,22.14,17.22,27.71,nasa,0.81
2021-01-07,16.5,22.59,18.69,28.51,nasa,0.82
2021-01-08,5.27,22.52,18.51,28.07,nasa,0.83
2021-01-09,9.76,21.69,19.09,24.79,nasa,0.83
2021-01-10,15.03,20.75,18.52,23.18,nasa,0.84
2021-01-11,11.95,21.74,19.14,24.67,nasa,0.85
2021-01-12,4.43,21.84,19.13,24.62,nasa,0.85
2021-01-13,9.0,20.87,19.13,23.39,nasa,0.85
2021-01-14,6.22,21.57,18.37,25.78,nasa,0.86
2021-01-15,9.78,20.85,17.23,25.49,nasa,0.85
2021-01-16,2.69,21.18,17.29,26.56,nasa,0.85
2021-01-17,3.44,20.93,18.04,25.49,nasa,0.85
2021-01-18,1.08,22.63,17.59,27.73,nasa,0.84
2021-01-19,0.22,23.33,17.91,29.55,nasa,0.83
2021-01-20,0.07,22.33,15.96,28.13,nasa,0.82
2021-01-21,0.14,21.88,16.41,27.54,nasa,0.82
2021-01-22,0.65,21.41,15.98,27.25,nasa,0.81
2021-01-23,0.62,21.46,16.69,27.49,nasa,0.8
2021-01-24,0.65,21.41,16.14,27.0,nasa,0.8
2021-01-25,0.66,21.6,18.23,26.84,nasa,0.8
2021-01-26,0.07,21.64,16.11,27.02,nasa,0.79
2021-01-27,0.01,22.34,18.1,27.08,nasa,0.79
2021-01-28,0.0,21.49,16.15,26.47,nasa,0.78
2021-01-29,0.0,21.77,15.09,27.72,nasa,0.77
2021-01-30,0.11,24.08,18.56,28.99,nasa,0.77
2021-01-31,1.09,22.85,18.39,27.59,nasa,0.76
2021-02-01,16.41,20.08,18.47,22.67,nasa,0.78
2021-02-02,1.58,21.9,17.15,26.49,nasa,0.79
2021-02-03,5.17,22.08,16.49,27.42,nasa,0.78
2021-02-04,7.43,21.94,16.56,26.98,nasa,0.78
2021-02-05,10.96,22.47,18.86,27.26,nasa,0.79
2021-02-06,19.3,21.29,15.37,26.62,nasa,0.81
2021-02-07,2.28,18.83,13.35,25.31,nasa,0.8
2021-02-08,7.89,18.86,14.26,24.62,nasa,0.8
2021-02-09,5.42,19.41,14.15,25.27,nasa,0.8
2021-02-10,3.05,20.36,14.98,25.93,nasa,0.8
2021-02-11,8.28,20.11,16.26,24.5,nasa,0.8
2021-02-12,14.15,19.63,16.48,23.97,nasa,0.81
2021-02-13,13.22,19.67,17.37,24.08,nasa,0.82
2021-02-14,3.1,20.45,16.31,25.04,nasa,0.83
2021-02-15,6.41,20.9,17.04,25.82,nasa,0.82
2021-02-16,1.42,21.59,15.5,27.38,nasa,0.82
2021-02-17,2.08,21.34,17.26,26.64,nasa,0.81
2021-02-18,4.9,21.79,16.6,27.28,nasa,0.81
2021-02-19,1.15,22.9,17.4,28.42,nasa,0.8
2021-02-20,2.56,22.27,16.8,28.46,nasa,0.79
2021-02-21,4.34,22.0,16.63,28.19,nasa,0.79
2021-02-22,7.95,21.1,17.21,27.0,nasa,0.79
2021-02-23,0.13,21.58,15.55,27.88,nasa,0.79
2021-02-24,0.57,22.12,15.45,28.8,nasa,0.78
2021-02-25,4.61,21.26,17.03,26.64,nasa,0.78
2021-02-26,18.25,19.53,17.73,22.36,nasa,0.79
2021-02-27,5.07,18.94,16.5,22.43,nasa,0.81
2021-02-28,1.3,19.64,16.33,24.32,nasa,0.81
2021-03-01,0.06,20.2,16.18,25.38,nasa,0.8
2021-03-02,0.19,20.16,15.43,26.64,nasa,0.79
2021-03-03,0.12,20.57,15.14,25.98,nasa,0.78
2021-03-04,0.74,20.34,14.59,26.05,nasa,0.78
2021-03-05,4.5,20.8,16.73,25.31,nasa,0.77
2021-03-06,19.11,20.04,17.89,23.67,nasa,0.78
2021-03-07,14.0,20.21,17.86,24.58,nasa,0.81
2021-03-08,5.66,20.25,16.74,25.36,nasa,0.82
2021-03-09,5.88,20.65,17.32,25.15,nasa,0.81
2021-03-10,0.97,20.68,16.26,25.72,nasa,0.81
2021-03-11,2.48,21.06,16.32,26.78,nasa,0.8
2021-03-12,2.46,22.07,17.05,28.16,nasa,0.79
2021-03-13,5.35,21.72,16.94,27.11,nasa,0.79
2021-03-14,18.0,19.61,17.7,22.45,nasa,0.81
2021-03-15,0.79,21.33,16.26,26.64,nasa,0.82
2021-03-16,1.15,20.96,16.98,25.72,nasa,0.8
2021-03-17,2.34,21.28,16.39,26.8,nasa,0.8
2021-03-18,0.94,20.21,16.98,24.23,nasa,0.8
2021-03-19,1.39,20.83,16.62,25.47,nasa,0.79
2021-03-20,0.24,20.72,15.87,27.04,nasa,0.79
2021-03-21,0.58,20.54,14.77,26.82,nasa,0.78
2021-03-22,0.08,21.47,14.68,28.55,nasa,0.77
2021-03-23,0.03,22.12,15.85,28.16,nasa,0.77
2021-03-24,0.46,22.04,16.33,28.5,nasa,0.76
2021-03-25,0.8,22.7,17.31,29.07,nasa,0.76
2021-03-26,0.98,22.1,16.01,27.77,nasa,0.75
2021-03-27,0.26,22.82,16.46,28.51,nasa,0.75
2021-03-28,2.07,22.81,18.87,27.43,nasa,0.74
2021-03-29,3.77,23.07,18.52,28.45,nasa,0.74
2021-03-30,5.43,21.85,16.56,27.49,nasa,0.74
2021-03-31,2.64,19.64,15.12,25.33,nasa,0.75
2021-04-01,0.14,17.67,12.61,24.48,nasa,0.74
2021-04-02,0.03,18.7,12.56,25.91,nasa,0.74
2021-04-03,0.19,19.69,14.34,26.04,nasa,0.73
2021-04-04,0.07,19.74,15.21,26.21,nasa,0.73
2021-04-05,0.01,18.59,15.24,23.41,nasa,0.72
2021-04-06,3.28,17.96,14.53,22.73,nasa,0.72
2021-04-07,1.45,18.53,14.99,24.13,nasa,0.73
2021-04-08,0.42,17.94,13.27,24.99,nasa,0.72
2021-04-09,0.44,17.99,12.88,24.93,nasa,0.72
2021-04-10,0.06,17.95,10.8,24.94,nasa,0.71
2021-04-11,0.01,18.6,13.07,24.81,nasa,0.71
2021-04-12,0.29,18.87,12.2,26.15,nasa,0.7
2021-04-13,1.09,18.75,14.25,25.54,nasa,0.7
2021-04-14,0.18,17.89,12.77,24.81,nasa,0.7
2021-04-15,0.02,18.29,13.03,25.27,nasa,0.69
2021-04-16,0.01,18.17,12.37,25.07,nasa,0.69
2021-04-17,1.16,18.04,11.8,24.72,nasa,0.69
2021-04-18,2.79,19.1,13.96,24.85,nasa,0.69
2021-04-19,0.65,18.45,13.65,24.78,nasa,0.69
2021-04-20,0.07,16.97,12.29,24.29,nasa,0.69
2021-04-21,0.74,16.96,11.77,24.77,nasa,0.68
2021-04-22,0.73,17.01,12.24,24.13,nasa,0.68
2021-04-23,0.03,17.68,11.2,25.27,nasa,0.68
2021-04-24,0.01,18.72,11.26,26.23,nasa,0.67
2021-04-25,0.01,19.56,12.56,27.12,nasa,0.67
2021-04-26,0.17,20.34,14.23,26.71,nasa,0.67
2021-04-27,1.97,19.37,15.05,25.58,nasa,0.67
2021-04-28,0.59,18.53,13.66,25.96,nasa,0.67
2021-04-29,0.41,17.41,12.96,24.22,nasa,0.67
2021-04-30,0.02,16.85,11.99,24.06,nasa,0.66
2021-05-01,0.05,16.04,11.94,24.06,nasa,0.66
2021-05-02,0.39,16.69,11.44,24.32,nasa,0.66
2021-05-03,1.22,17.04,10.54,25.75,nasa,0.66
2021-05-04,0.03,17.43,11.3,25.46,nasa,0.66
2021-05-05,0.0,18.75,13.62,26.41,nasa,0.66
2021-05-06,0.01,18.38,12.1,26.08,nasa,0.65
2021-05-07,0.79,17.95,10.99,26.17,nasa,0.65
2021-05-08,0.56,16.96,13.34,23.5,nasa,0.65
2021-05-09,0.03,16.85,12.13,23.82,nasa,0.65
2021-05-10,0.01,17.23,11.74,24.51,nasa,0.65
2021-05-11,0.02,17.55,9.77,24.95,nasa,0.65
2021-05-12,1.37,18.35,11.65,24.68,nasa,0.65
2021-05-13,5.12,16.01,12.77,21.22,nasa,0.66
2021-05-14,0.08,16.6,10.99,23.24,nasa,0.66
2021-05-15,2.66,16.79,12.91,22.45,nasa,0.65
2021-05-16,0.34,17.07,12.0,23.72,nasa,0.66
2021-05-17,0.07,16.56,11.15,24.29,nasa,0.65
2021-05-18,0.01,16.61,10.44,24.38,nasa,0.65
2021-05-19,0.04,17.43,10.66,25.12,nasa,0.65
2021-05-20,0.02,18.07,12.19,25.55,nasa,0.65
2021-05-21,0.27,17.66,11.42,25.65,nasa,0.64
2021-05-22,0.36,17.89,11.57,26.31,nasa,0.64
2021-05-23,1.98,18.63,14.42,24.77,nasa,0.64
2021-05-24,0.02,16.91,10.53,24.55,nasa,0.64
2021-05-25,0.03,16.48,8.77,26.22,nasa,0.64
2021-05-26,0.01,17.59,9.7,26.56,nasa,0.64
2021-05-27,0.01,19.69,13.44,26.85,nasa,0.63
2021-05-28,0.02,19.54,12.4,27.83,nasa,0.63
2021-05-29,3.71,20.0,14.87,26.72,nasa,0.63
2021-05-30,4.9,20.16,15.49,26.78,nasa,0.64
2021-05-31,10.28,19.06,15.87,23.55,nasa,0.65
2021-06-01,0.54,17.43,12.73,24.64,nasa,0.66
2021-06-02,0.2,17.18,10.63,24.75,nasa,0.65
2021-06-03,0.08,18.48,11.96,26.64,nasa,0.65
2021-06-04,0.02,17.24,11.14,26.01,nasa,0.65
2021-06-05,0.04,17.39,12.11,24.49,nasa,0.65
2021-06-06,0.06,17.45,11.81,23.67,nasa,0.64
2021-06-07,2.73,18.07,13.1,24.16,nasa,0.64
2021-06-08,1.1,17.9,12.66,25.58,nasa,0.65
2021-06-09,3.55,17.56,13.37,23.87,nasa,0.65
2021-06-10,2.44,17.93,13.43,24.14,nasa,0.65
2021-06-11,1.74,16.67,12.09,22.37,nasa,0.65
2021-06-12,0.14,15.59,10.18,23.17,nasa,0.65
2021-06-13,0.12,14.66,9.58,23.01,nasa,0.65
2021-06-14,0.06,14.89,9.25,23.03,nasa,0.65
2021-06-15,0.03,15.33,8.6,23.3,nasa,0.64
2021-06-16,0.09,15.47,8.74,23.58,nasa,0.64
2021-06-17,0.1,14.74,9.66,22.42,nasa,0.64
2021-06-18,0.11,15.43,9.69,23.63,nasa,0.64
2021-06-19,0.03,15.67,10.65,22.88,nasa,0.64
2021-06-20,0.01,16.57,11.51,24.44,nasa,0.63
2021-06-21,0.05,15.33,9.35,23.23,nasa,0.63
2021-06-22,5.01,15.99,11.76,22.97,nasa,0.64
2021-06-23,0.98,14.82,10.55,21.96,nasa,0.64
2021-06-24,0.07,15.27,10.15,22.7,nasa,0.64
2021-06-25,0.01,18.27,11.58,26.81,nasa,0.64
2021-06-26,0.04,17.23,11.43,25.4,nasa,0.63
2021-06-27,0.03,16.41,10.1,24.28,nasa,0.63
2021-06-28,0.06,16.31,8.83,24.1,nasa,0.63
2021-06-29,0.11,15.48,10.39,22.9,nasa,0.63
2021-06-30,0.03,10.8,4.75,20.36,nasa,0.63
2021-07-01,0.01,10.97,3.32,21.78,nasa,0.63
2021-07-02,0.01,14.05,6.6,22.18,nasa,0.63
2021-07-03,0.01,15.76,9.8,23.4,nasa,0.62
2021-07-04,0.02,13.44,7.1,22.48,nasa,0.62
2021-07-05,0.0,14.53,8.51,22.37,nasa,0.62
2021-07-06,0.09,14.73,10.01,21.49,nasa,0.62
2021-07-07,0.03,14.46,9.03,22.29,nasa,0.62
2021-07-08,0.01,14.24,7.24,22.85,nasa,0.62
2021-07-09,0.05,14.53,7.6,23.71,nasa,0.62
2021-07-10,0.02,15.46,8.6,23.71,nasa,0.62
2021-07-11,0.07,16.26,9.64,24.44,nasa,0.62
2021-07-12,0.02,15.32,8.63,24.3,nasa,0.62
2021-07-13,0.02,15.35,8.42,24.36,nasa,0.62
2021-07-14,0.08,15.48,8.83,23.84,nasa,0.61
2021-07-15,0.0,16.74,10.17,25.0,nasa,0.61
2021-07-16,0.0,17.14,9.8,26.15,nasa,0.61
2021-07-17,0.0,17.61,9.51,26.21,nasa,0.61
2021-07-18,0.03,17.5,9.82,25.3,nasa,0.61
2021-07-19,0.0,11.82,4.42,22.48,nasa,0.61
2021-07-20,0.01,10.75,1.38,22.3,nasa,0.61
2021-07-21,0.0,13.1,6.2,21.26,nasa,0.61
2021-07-22,0.0,15.2,7.1,26.71,nasa,0.61
2021-07-23,0.01,14.78,8.96,25.61,nasa,0.61
2021-07-24,0.01,14.83,6.74,25.61,nasa,0.61
2021-07-25,0.01,15.94,6.52,25.95,nasa,0.6
2021-07-26,0.0,15.0,6.76,24.73,nasa,0.6
2021-07-27,0.01,15.93,7.62,25.96,nasa,0.6
2021-07-28,6.41,15.33,11.17,22.6,nasa,0.61
2021-07-29,0.02,10.05,3.88,18.85,nasa,0.61
2021-07-30,0.06,9.39,2.33,19.68,nasa,0.61
2021-07-31,0.08,11.26,5.23,21.34,nasa,0.61
2021-08-01,0.0,13.91,7.88,23.12,nasa,0.61
2021-08-02,0.01,14.54,7.14,23.53,nasa,0.61
2021-08-03,0.24,14.58,8.66,21.84,nasa,0.61
2021-08-04,0.26,14.83,10.2,22.92,nasa,0.61
2021-08-05,0.06,14.48,8.39,22.58,nasa,0.61
2021-08-06,0.02,15.41,10.1,22.42,nasa,0.61
2021-08-07,0.0,15.41,10.13,23.97,nasa,0.6
2021-08-08,0.0,15.9,8.93,24.35,nasa,0.6
2021-08-09,0.01,16.55,9.23,24.01,nasa,0.6
2021-08-10,0.0,17.81,9.78,26.58,nasa,0.6
2021-08-11,0.02,18.86,12.58,28.51,nasa,0.6
2021-08-12,0.13,17.98,11.78,26.36,nasa,0.6
2021-08-13,0.7,17.83,12.23,25.75,nasa,0.6
2021-08-14,0.38,17.86,12.71,26.38,nasa,0.6
2021-08-15,0.1,19.0,11.68,27.98,nasa,0.6
2021-08-16,5.92,18.99,11.69,28.59,nasa,0.6
2021-08-17,1.84,19.78,12.86,28.67,nasa,0.61
2021-08-18,0.22,20.19,12.93,30.18,nasa,0.61
2021-08-19,0.0,19.06,11.11,29.49,nasa,0.61
2021-08-20,0.0,19.31,10.55,28.48,nasa,0.6
2021-08-21,0.01,20.16,13.19,29.83,nasa,0.6
2021-08-22,0.0,18.81,10.33,28.44,nasa,0.6
2021-08-23,0.0,19.14,10.39,28.72,nasa,0.6
2021-08-24,0.0,20.67,11.98,30.57,nasa,0.6
2021-08-25,0.0,20.1,11.45,30.51,nasa,0.6
2021-08-26,0.0,20.73,11.47,30.4,nasa,0.6
2021-08-27,0.03,20.79,13.75,30.21,nasa,0.59
2021-08-28,0.05,19.09,14.45,25.98,nasa,0.59
2021-08-29,0.6,18.73,13.89,24.96,nasa,0.59
2021-08-30,0.5,17.87,12.52,25.43,nasa,0.59
2021-08-31,0.58,16.7,11.75,24.57,nasa,0.59
2021-09-01,0.11,17.44,11.71,25.73,nasa,0.59
2021-09-02,0.04,18.77,11.73,27.23,nasa,0.59
2021-09-03,0.0,20.56,12.85,28.47,nasa,0.59
2021-09-04,0.0,22.23,15.73,31.32,nasa,0.59
2021-09-05,0.0,22.13,13.24,31.13,nasa,0.59
2021-09-06,0.01,22.57,14.46,32.63,nasa,0.59
2021-09-07,0.02,21.6,13.19,31.76,nasa,0.59
2021-09-08,0.03,22.74,15.27,31.55,nasa,0.59
2021-09-09,0.26,25.13,16.02,33.93,nasa,0.59
2021-09-10,2.42,22.52,18.5,26.89,nasa,0.59
2021-09-11,9.65,21.47,17.76,27.87,nasa,0.6
2021-09-12,2.84,23.44,16.87,32.73,nasa,0.61
2021-09-13,0.19,23.1,15.64,32.71,nasa,0.61
2021-09-14,0.0,24.52,16.37,33.16,nasa,0.6
2021-09-15,0.25,23.71,17.08,31.4,nasa,0.6
2021-09-16,1.18,21.07,15.65,29.73,nasa,0.6
2021-09-17,0.34,21.17,14.88,29.06,nasa,0.6
2021-09-18,0.47,22.63,15.36,31.05,nasa,0.6
2021-09-19,0.07,23.69,16.07,32.92,nasa,0.6
2021-09-20,0.01,24.28,15.6,32.57,nasa,0.59
2021-09-21,0.57,25.6,16.66,35.83,nasa,0.59
2021-09-22,0.24,17.54,11.34,26.76,nasa,0.59
2021-09-23,0.03,18.01,8.95,29.73,nasa,0.59
2021-09-24,0.24,19.06,9.89,29.57,nasa,0.59
2021-09-25,4.43,20.94,14.04,30.2,nasa,0.6
2021-09-26,4.19,21.49,15.0,29.21,nasa,0.6
2021-09-27,0.22,22.12,14.74,30.6,nasa,0.6
2021-09-28,0.0,22.65,14.99,31.02,nasa,0.6
2021-09-29,1.69,23.1,16.24,31.81,nasa,0.6
2021-09-30,1.42,22.04,15.27,31.51,nasa,0.6
2021-10-01,3.46,22.62,15.01,32.25,nasa,0.6
2021-10-02,6.77,22.51,17.76,30.92,nasa,0.61
2021-10-03,14.39,23.16,15.82,30.61,nasa,0.62
2021-10-04,2.21,23.17,17.44,29.47,nasa,0.63
2021-10-05,1.46,21.78,16.18,29.83,nasa,0.63
2021-10-06,8.43,21.68,14.38,30.39,nasa,0.63
2021-10-07,8.59,21.33,15.49,28.77,nasa,0.64
2021-10-08,0.9,20.18,12.89,28.89,nasa,0.64
2021-10-09,12.34,19.73,14.39,27.78,nasa,0.63
2021-10-10,10.7,17.75,14.1,23.91,nasa,0.66
2021-10-11,18.97,16.55,13.67,20.72,nasa,0.68
2021-10-12,1.05,18.42,12.55,25.32,nasa,0.68
2021-10-13,0.13,19.97,13.87,27.1,nasa,0.67
2021-10-14,1.74,21.14,14.9,27.82,nasa,0.66
2021-10-15,10.74,22.28,17.67,28.22,nasa,0.66
2021-10-16,4.48,21.68,17.74,26.31,nasa,0.67
2021-10-17,6.43,21.06,16.46,28.56,nasa,0.68
2021-10-18,11.44,19.44,14.8,27.84,nasa,0.68
2021-10-19,22.05,17.63,14.13,22.95,nasa,0.7
2021-10-20,2.74,14.54,11.22,19.02,nasa,0.72
2021-10-21,0.04,16.54,10.28,23.49,nasa,0.71
2021-10-22,0.01,18.83,10.8,27.01,nasa,0.7
2021-10-23,0.72,20.24,12.51,27.77,nasa,0.69
2021-10-24,4.64,20.52,16.92,25.72,nasa,0.69
2021-10-25,8.03,18.29,13.81,23.48,nasa,0.69
2021-10-26,3.7,19.72,15.47,26.17,nasa,0.7
2021-10-27,16.63,20.25,16.72,24.8,nasa,0.71
2021-10-28,4.47,19.64,16.55,24.28,nasa,0.72
2021-10-29,1.93,18.34,15.42,22.21,nasa,0.71
2021-10-30,1.54,19.11,14.98,25.81,nasa,0.71
2021-10-31,22.56,17.86,15.97,21.2,nasa,0.72
2021-11-01,22.43,19.65,15.29,25.46,nasa,0.76
2021-11-02,1.67,19.89,14.49,27.02,nasa,0.76
2021-11-03,0.25,19.89,13.41,27.2,nasa,0.74
2021-11-04,0.02,20.94,14.6,28.49,nasa,0.73
2021-11-05,0.01,20.16,13.79,27.39,nasa,0.72
2021-11-06,0.58,20.33,11.95,29.7,nasa,0.71
2021-11-07,1.55,20.5,13.27,29.02,nasa,0.7
2021-11-08,7.04,20.59,14.03,28.4,nasa,0.7
2021-11-09,5.63,20.55,14.97,27.91,nasa,0.71
2021-11-10,4.35,20.28,14.11,28.2,nasa,0.71
2021-11-11,5.04,17.91,14.5,23.47,nasa,0.71
2021-11-12,2.65,15.67,11.63,20.62,nasa,0.71
2021-11-13,0.32,16.65,10.6,24.85,nasa,0.71
2021-11-14,2.3,17.43,10.56,25.41,nasa,0.71
2021-11-15,1.84,18.73,11.72,26.37,nasa,0.7
2021-11-16,0.01,20.01,13.76,27.6,nasa,0.7
2021-11-17,0.03,21.05,14.17,28.85,nasa,0.69
2021-11-18,17.31,20.13,15.79,25.22,nasa,0.69
2021-11-19,23.44,20.45,17.74,24.4,nasa,0.73
2021-11-20,3.68,18.59,14.34,24.06,nasa,0.74
2021-11-21,0.49,19.05,12.3,27.12,nasa,0.73
2021-11-22,0.08,20.27,12.76,28.39,nasa,0.72
2021-11-23,0.1,21.74,13.66,30.9,nasa,0.71
2021-11-24,0.24,21.94,14.25,30.68,nasa,0.7
2021-11-25,2.08,21.84,15.79,28.47,nasa,0.69
2021-11-26,11.78,20.1,17.5,23.23,nasa,0.7
2021-11-27,1.67,21.48,16.8,27.45,nasa,0.71
2021-11-28,0.8,21.43,14.57,28.44,nasa,0.7
2021-11-29,0.91,23.43,15.85,31.42,nasa,0.7
2021-11-30,21.19,21.19,17.38,27.04,nasa,0.71
2021-12-01,3.62,21.64,15.94,28.43,nasa,0.72
2021-12-02,3.14,21.52,15.25,28.79,nasa,0.71
2021-12-03,13.75,19.47,15.31,25.65,nasa,0.72
2021-12-04,1.66,19.86,14.17,26.42,nasa,0.72
2021-12-05,7.5,21.17,15.35,27.09,nasa,0.72
2021-12-06,14.61,20.77,17.08,25.79,nasa,0.74
2021-12-07,5.21,18.16,14.17,23.5,nasa,0.74
2021-12-08,13.95,16.31,12.92,20.34,nasa,0.75
2021-12-09,0.82,18.07,11.68,24.99,nasa,0.74
2021-12-10,0.02,19.26,13.01,26.12,nasa,0.73
2021-12-11,0.35,20.73,12.98,27.75,nasa,0.72
2021-12-12,12.41,21.32,17.48,27.24,nasa,0.73
2021-12-13,8.0,21.63,18.1,26.01,nasa,0.74
2021-12-14,13.42,22.05,17.91,27.11,nasa,0.74
2021-12-15,14.14,20.99,18.68,25.08,nasa,0.77
2021-12-16,6.02,21.43,17.82,25.34,nasa,0.76
2021-12-17,39.25,20.88,19.13,23.68,nasa,0.79
2021-12-18,5.18,20.91,17.04,26.44,nasa,0.81
2021-12-19,0.58,19.15,14.83,24.86,nasa,0.79
2021-12-20,0.07,19.22,13.69,25.72,nasa,0.78
2021-12-21,0.06,20.2,15.23,26.06,nasa,0.77
2021-12-22,3.56,21.3,14.7,27.15,nasa,0.76
2021-12-23,5.97,19.74,14.13,24.62,nasa,0.77
2021-12-24,0.32,18.56,11.55,26.09,nasa,0.76
2021-12-25,0.19,19.23,12.98,25.64,nasa,0.75
2021-12-26,0.98,20.67,14.22,26.83,nasa,0.74
2021-12-27,4.92,21.2,14.37,27.58,nasa,0.74
2021-12-28,6.98,21.73,15.0,27.9,nasa,0.74
2021-12-29,8.51,21.01,16.22,25.64,nasa,0.74
2021-12-30,21.22,19.25,15.87,22.99,nasa,0.76
2021-12-31,25.53,18.42,16.48,21.21,nasa,0.8
2022-01-01,23.36,18.78,15.92,22.71,nasa,0.83
2022-01-02,10.78,20.01,17.09,23.34,nasa,0.83
2022-01-03,16.66,20.44,17.6,24.47,nasa,0.84
2022-01-04,15.07,20.73,18.05,25.05,nasa,0.84
2022-01-05,36.31,20.87,18.62,24.55,nasa,0.86
2022-01-06,17.62,20.45,17.6,24.92,nasa,0.87
2022-01-07,23.07,19.65,16.93,23.91,nasa,0.89
2022-01-08,6.76,18.9,16.13,23.68,nasa,0.89
2022-01-09,9.14,18.17,15.25,22.2,nasa,0.88
2022-01-10,7.69,18.93,15.24,23.1,nasa,0.88
2022-01-11,15.43,19.16,15.96,22.31,nasa,0.89
2022-01-12,3.64,21.48,17.28,25.85,nasa,0.89
2022-01-13,3.38,22.67,18.12,27.05,nasa,0.88
2022-01-14,1.01,22.87,18.23,28.18,nasa,0.88
2022-01-15,4.54,20.92,18.06,24.58,nasa,0.87
2022-01-16,8.62,20.03,15.63,25.31,nasa,0.88
2022-01-17,5.0,21.28,16.81,26.49,nasa,0.88
2022-01-18,2.44,22.55,17.73,27.31,nasa,0.88
2022-01-19,12.2,23.1,18.14,27.49,nasa,0.88
2022-01-20,4.35,23.15,17.52,28.9,nasa,0.88
2022-01-21,0.86,22.95,18.23,29.42,nasa,0.87
2022-01-22,0.21,22.81,17.37,29.42,nasa,0.86
2022-01-23,2.32,22.14,18.56,26.82,nasa,0.86
2022-01-24,2.13,22.76,17.33,28.82,nasa,0.85
2022-01-25,0.47,22.55,17.29,28.57,nasa,0.85
2022-01-26,5.02,20.69,17.79,25.73,nasa,0.84
2022-01-27,1.82,21.52,17.18,26.95,nasa,0.85
2022-01-28,1.77,21.45,17.38,26.17,nasa,0.84
2022-01-29,25.96,20.12,18.56,22.12,nasa,0.86
2022-01-30,33.95,19.33,17.49,21.68,nasa,0.89
2022-01-31,9.79,19.5,18.03,22.14,nasa,0.91
2022-02-01,10.06,20.74,17.41,25.02,nasa,0.9
2022-02-02,7.64,20.82,17.73,25.22,nasa,0.9
2022-02-03,10.18,20.83,16.51,25.33,nasa,0.9
2022-02-04,3.35,21.75,18.09,26.91,nasa,0.9
2022-02-05,20.41,22.07,18.2,26.87,nasa,0.9
2022-02-06,14.38,21.38,18.78,25.75,nasa,0.91
2022-02-07,38.37,19.82,18.55,21.71,nasa,0.94
2022-02-08,16.78,19.69,15.66,24.07,nasa,0.94
2022-02-09,3.54,18.76,14.36,25.14,nasa,0.94
2022-02-10,2.31,19.13,14.68,24.32,nasa,0.93
2022-02-11,3.24,19.99,16.69,24.89,nasa,0.93
2022-02-12,5.92,20.41,15.47,25.87,nasa,0.92
2022-02-13,3.01,20.89,17.38,26.24,nasa,0.92
2022-02-14,3.98,22.08,17.55,27.08,nasa,0.92
2022-02-15,4.1,22.56,18.07,28.87,nasa,0.91
2022-02-16,2.19,21.28,15.75,27.53,nasa,0.91
2022-02-17,10.15,20.61,16.98,25.47,nasa,0.91
2022-02-18,6.8,19.69,16.09,23.91,nasa,0.92
2022-02-19,9.99,19.95,15.37,24.91,nasa,0.92
2022-02-20,1.39,20.22,16.54,24.85,nasa,0.92
2022-02-21,6.12,21.07,16.53,25.92,nasa,0.91
2022-02-22,3.79,21.59,16.86,27.23,nasa,0.91
2022-02-23,1.64,22.09,16.51,28.46,nasa,0.91
2022-02-24,3.56,22.51,18.26,28.01,nasa,0.9
2022-02-25,2.16,21.97,16.3,28.81,nasa,0.9
2022-02-26,0.48,21.99,17.54,28.45,nasa,0.89
2022-02-27,0.66,22.03,17.14,28.03,nasa,0.89
2022-02-28,0.77,22.0,16.98,27.41,nasa,0.88
2022-03-01,2.95,22.28,17.71,27.64,nasa,0.88
2022-03-02,5.43,21.95,15.36,27.5,nasa,0.88
2022-03-03,0.12,21.78,15.72,28.42,nasa,0.87
2022-03-04,0.79,21.13,15.85,26.88,nasa,0.86
2022-03-05,1.43,21.66,17.3,26.72,nasa,0.86
2022-03-06,1.04,22.12,17.25,27.46,nasa,0.86
2022-03-07,0.33,22.11,16.24,28.12,nasa,0.85
2022-03-08,0.38,21.97,15.87,29.08,nasa,0.85
2022-03-09,0.84,21.42,16.74,27.81,nasa,0.84
2022-03-10,0.42,21.1,16.0,26.96,nasa,0.83
2022-03-11,3.6,20.85,16.35,25.59,nasa,0.83
2022-03-12,3.56,21.34,18.06,26.05,nasa,0.83
2022-03-13,6.3,21.33,17.79,25.55,nasa,0.84
2022-03-14,8.68,21.12,17.47,25.38,nasa,0.84
2022-03-15,12.8,20.98,18.19,25.53,nasa,0.85
2022-03-16,8.38,21.88,17.9,27.3,nasa,0.86
2022-03-17,0.14,21.54,17.47,25.61,nasa,0.85
2022-03-18,0.22,22.37,16.97,29.03,nasa,0.84
2022-03-19,0.31,22.01,16.73,28.01,nasa,0.83
2022-03-20,9.7,21.06,17.88,25.7,nasa,0.83
2022-03-21,3.92,17.89,14.07,22.94,nasa,0.84
2022-03-22,0.14,17.79,12.35,24.38,nasa,0.84
2022-03-23,0.13,19.15,13.11,25.63,nasa,0.83
2022-03-24,0.1,20.17,14.85,26.18,nasa,0.82
2022-03-25,2.75,21.32,16.73,26.55,nasa,0.82
2022-03-26,3.19,21.7,16.63,26.91,nasa,0.82
2022-03-27,2.63,22.67,18.69,27.56,nasa,0.81
2022-03-28,6.85,21.38,17.07,26.74,nasa,0.82
2022-03-29,2.54,20.43,17.3,25.29,nasa,0.82
2022-03-30,0.16,21.11,15.47,26.64,nasa,0.82
2022-03-31,7.28,20.77,16.48,27.34,nasa,0.81
2022-04-01,6.42,18.6,15.65,23.2,nasa,0.82
2022-04-02,4.83,20.01,16.01,26.15,nasa,0.82
2022-04-03,1.39,20.35,16.74,25.81,nasa,0.82
2022-04-04,2.36,21.28,15.94,26.69,nasa,0.81
2022-04-05,3.6,22.43,18.17,28.14,nasa,0.81
2022-04-06,1.84,20.88,17.11,26.67,nasa,0.81
2022-04-07,0.21,20.77,15.74,26.83,nasa,0.8
2022-04-08,4.15,20.81,15.93,26.61,nasa,0.8
2022-04-09,5.01,21.12,18.33,25.63,nasa,0.8
2022-04-10,1.14,20.79,16.68,26.55,nasa,0.81
2022-04-11,0.06,20.43,16.2,25.7,nasa,0.8
2022-04-12,3.58,20.36,16.0,24.39,nasa,0.8
2022-04-13,2.65,21.39,16.87,27.11,nasa,0.8
2022-04-14,5.05,20.28,16.26,25.34,nasa,0.8
2022-04-15,0.41,16.08,10.05,22.62,nasa,0.8
2022-04-16,0.08,14.37,7.29,22.24,nasa,0.79
2022-04-17,0.05,16.1,10.93,22.95,nasa,0.78
2022-04-18,0.15,16.72,11.26,23.5,nasa,0.78
2022-04-19,0.05,17.55,12.03,23.96,nasa,0.77
2022-04-20,0.03,17.84,12.64,23.66,nasa,0.77
2022-04-21,0.21,18.43,14.0,23.93,nasa,0.77
2022-04-22,0.04,18.08,12.56,24.52,nasa,0.76
2022-04-23,0.0,18.86,14.57,24.87,nasa,0.76
2022-04-24,0.08,19.74,15.3,26.43,nasa,0.75
2022-04-25,0.1,19.51,15.16,25.21,nasa,0.75
2022-04-26,0.11,19.77,14.74,26.74,nasa,0.74
2022-04-27,0.34,19.73,14.62,25.62,nasa,0.74
2022-04-28,0.01,19.1,13.53,25.22,nasa,0.74
2022-04-29,0.45,19.79,14.83,26.49,nasa,0.73
2022-04-30,1.55,18.38,15.33,22.99,nasa,0.73
2022-05-01,0.32,18.31,14.03,23.56,nasa,0.73
2022-05-02,0.18,19.6,14.99,25.21,nasa,0.73
2022-05-03,0.05,18.85,14.76,25.11,nasa,0.72
2022-05-04,6.53,17.88,12.74,24.21,nasa,0.72
2022-05-05,0.12,14.48,9.37,20.87,nasa,0.73
2022-05-06,0.07,15.62,9.73,23.61,nasa,0.72
2022-05-07,0.03,16.54,10.65,24.07,nasa,0.72
2022-05-08,0.05,17.07,11.9,23.78,nasa,0.72
2022-05-09,0.03,16.64,12.38,23.13,nasa,0.71
2022-05-10,0.03,16.05,10.64,22.91,nasa,0.71
2022-05-11,0.14,15.91,9.46,22.72,nasa,0.71
2022-05-12,0.14,17.13,12.84,22.99,nasa,0.71
2022-05-13,0.05,16.9,11.75,24.01,nasa,0.7
2022-05-14,0.71,16.83,11.39,24.13,nasa,0.7
2022-05-15,8.5,16.78,12.86,22.18,nasa,0.71
2022-05-16,2.2,16.91,13.24,22.12,nasa,0.71
2022-05-17,0.13,12.74,5.57,18.59,nasa,0.71
2022-05-18,0.03,7.44,1.84,13.7,nasa,0.71
2022-05-19,0.02,8.96,4.32,16.45,nasa,0.7
2022-05-20,0.03,11.4,5.38,18.93,nasa,0.7
2022-05-21,0.01,12.46,6.65,20.11,nasa,0.7
2022-05-22,0.01,13.2,7.2,20.85,nasa,0.7
2022-05-23,0.04,13.81,7.29,21.18,nasa,0.69
2022-05-24,0.01,14.49,8.2,22.12,nasa,0.69
2022-05-25,0.22,15.11,10.6,21.93,nasa,0.69
2022-05-26,0.66,15.14,9.02,22.17,nasa,0.69
2022-05-27,0.03,15.2,10.26,22.45,nasa,0.69
2022-05-28,0.01,15.19,10.68,20.83,nasa,0.68
2022-05-29,0.03,15.23,8.62,22.97,nasa,0.68
2022-05-30,0.02,16.37,9.85,24.48,nasa,0.68
2022-05-31,0.86,16.41,11.77,22.74,nasa,0.68
2022-06-01,0.01,18.98,14.37,25.34,nasa,0.68
2022-06-02,0.0,18.58,13.58,24.66,nasa,0.68
2022-06-03,0.34,17.56,13.01,24.33,nasa,0.68
2022-06-04,0.36,15.33,11.24,22.32,nasa,0.67
2022-06-05,0.1,15.11,9.95,23.25,nasa,0.67
2022-06-06,0.05,14.55,8.06,22.46,nasa,0.67
2022-06-07,0.06,15.8,9.57,23.63,nasa,0.67
2022-06-08,1.1,16.44,11.14,23.21,nasa,0.67
2022-06-09,1.11,17.93,13.77,23.57,nasa,0.67
2022-06-10,3.55,16.94,13.56,22.68,nasa,0.67
2022-06-11,0.59,15.75,12.38,20.43,nasa,0.67
2022-06-12,0.03,14.33,9.11,21.48,nasa,0.67
2022-06-13,0.02,10.22,4.93,16.85,nasa,0.67
2022-06-14,0.04,12.61,7.01,20.74,nasa,0.67
2022-06-15,0.02,14.33,7.34,22.9,nasa,0.67
2022-06-16,0.05,15.32,7.94,23.96,nasa,0.66
2022-06-17,0.02,14.28,7.3,23.29,nasa,0.66
2022-06-18,0.29,15.14,9.28,23.24,nasa,0.66
2022-06-19,0.21,15.59,11.21,22.54,nasa,0.66
2022-06-20,0.41,16.28,11.25,22.91,nasa,0.66
2022-06-21,0.01,17.17,10.47,24.87,nasa,0.66
2022-06-22,0.13,16.49,8.93,25.05,nasa,0.65
2022-06-23,0.01,17.31,9.29,25.99,nasa,0.65
2022-06-24,0.01,17.72,10.98,26.9,nasa,0.65
2022-06-25,0.01,16.97,11.84,25.64,nasa,0.65
2022-06-26,0.15,15.29,11.21,21.86,nasa,0.65
2022-06-27,0.06,14.81,9.52,22.45,nasa,0.65
2022-06-28,0.04,14.58,8.79,23.0,nasa,0.65
2022-06-29,0.06,15.46,8.73,24.01,nasa,0.65
2022-06-30,0.02,16.13,9.92,24.19,nasa,0.64
2022-07-01,0.01,15.33,8.03,24.44,nasa,0.64
2022-07-02,0.03,16.08,9.21,24.84,nasa,0.64
2022-07-03,0.02,17.59,10.99,26.83,nasa,0.64
2022-07-04,0.02,16.19,8.43,25.34,nasa,0.64
2022-07-05,0.02,15.78,7.62,24.52,nasa,0.64
2022-07-06,0.02,15.99,7.85,24.57,nasa,0.64
2022-07-07,0.03,15.53,7.93,23.94,nasa,0.64
2022-07-08,0.01,17.03,11.56,25.48,nasa,0.63
2022-07-09,0.03,15.85,9.39,24.25,nasa,0.63
2022-07-10,0.02,16.11,10.58,24.12,nasa,0.63
2022-07-11,0.01,14.89,8.54,23.64,nasa,0.63
2022-07-12,0.04,16.23,8.66,24.78,nasa,0.63
2022-07-13,0.07,17.94,10.68,26.22,nasa,0.63
2022-07-14,0.07,17.3,12.49,25.02,nasa,0.63
2022-07-15,0.0,16.8,10.55,25.09,nasa,0.63
2022-07-16,0.04,17.07,10.36,25.34,nasa,0.63
2022-07-17,0.0,18.89,10.63,28.78,nasa,0.62
2022-07-18,0.01,18.53,12.91,27.75,nasa,0.62
2022-07-19,0.02,17.47,9.99,26.42,nasa,0.62
2022-07-20,0.11,17.5,12.34,25.6,nasa,0.62
2022-07-21,0.07,17.54,11.98,25.42,nasa,0.62
2022-07-22,0.02,17.06,9.52,26.05,nasa,0.62
2022-07-23,0.02,17.18,9.41,26.09,nasa,0.62
2022-07-24,0.01,17.49,9.38,27.1,nasa,0.62
2022-07-25,0.02,17.56,9.49,27.02,nasa,0.62
2022-07-26,0.01,17.26,10.12,26.51,nasa,0.62
2022-07-27,0.01,16.74,10.6,25.39,nasa,0.62
2022-07-28,0.0,16.32,8.82,24.92,nasa,0.61
2022-07-29,2.01,17.09,9.15,25.67,nasa,0.61
2022-07-30,0.61,15.85,9.5,24.08,nasa,0.62
2022-07-31,0.02,16.14,8.23,25.69,nasa,0.62
2022-08-01,0.02,17.29,10.05,25.98,nasa,0.61
2022-08-02,0.0,18.76,12.37,27.67,nasa,0.61
2022-08-03,0.01,17.83,9.68,27.32,nasa,0.61
2022-08-04,0.02,17.07,10.27,24.68,nasa,0.61
2022-08-05,0.08,18.88,10.8,28.55,nasa,0.61
2022-08-06,0.08,18.51,12.62,26.6,nasa,0.61
2022-08-07,0.02,18.97,13.91,25.88,nasa,0.61
2022-08-08,0.96,18.96,14.7,24.94,nasa,0.61
2022-08-09,4.95,17.82,12.55,24.3,nasa,0.61
2022-08-10,8.44,14.15,8.07,19.42,nasa,0.63
2022-08-11,0.37,12.1,7.34,19.58,nasa,0.63
2022-08-12,0.14,13.75,8.28,22.23,nasa,0.63
2022-08-13,0.09,15.6,8.69,24.66,nasa,0.62
2022-08-14,0.16,15.84,6.91,26.02,nasa,0.62
2022-08-15,0.01,15.33,7.2,25.28,nasa,0.62
2022-08-16,0.09,17.36,9.06,26.94,nasa,0.62
2022-08-17,0.0,19.6,11.24,28.4,nasa,0.61
2022-08-18,0.07,18.63,11.46,27.5,nasa,0.61
2022-08-19,0.85,15.3,8.94,22.91,nasa,0.61
2022-08-20,0.35,12.09,8.56,17.86,nasa,0.61
2022-08-21,0.02,14.28,8.21,23.34,nasa,0.61
2022-08-22,0.01,14.7,8.4,24.51,nasa,0.61
2022-08-23,0.02,16.09,8.94,25.52,nasa,0.61
2022-08-24,0.07,17.07,9.78,24.91,nasa,0.61
2022-08-25,0.13,17.98,11.67,25.27,nasa,0.61
2022-08-26,0.09,17.76,12.1,24.45,nasa,0.61
2022-08-27,0.02,18.69,11.33,26.94,nasa,0.61
2022-08-28,0.03,20.62,14.37,29.69,nasa,0.6
2022-08-29,0.69,14.79,9.04,21.29,nasa,0.6
2022-08-30,0.19,12.45,7.84,18.75,nasa,0.6
2022-08-31,0.02,13.79,7.21,24.44,nasa,0.6
2022-09-01,0.01,14.4,6.66,25.25,nasa,0.6
2022-09-02,0.04,16.05,5.96,26.56,nasa,0.6
2022-09-03,0.19,18.99,9.54,29.45,nasa,0.6
2022-09-04,0.42,17.06,11.46,26.12,nasa,0.6
2022-09-05,0.14,16.54,10.63,23.96,nasa,0.6
2022-09-06,0.09,17.62,11.01,26.9,nasa,0.6
2022-09-07,0.03,17.55,10.77,26.87,nasa,0.6
2022-09-08,0.01,20.18,10.85,29.85,nasa,0.6
2022-09-09,0.0,22.62,15.34,31.77,nasa,0.6
2022-09-10,0.08,23.32,15.2,33.29,nasa,0.59
2022-09-11,1.33,20.82,14.34,31.09,nasa,0.59
2022-09-12,4.07,20.11,13.86,28.75,nasa,0.6
2022-09-13,0.26,22.38,15.1,30.37,nasa,0.6
2022-09-14,3.7,22.15,15.65,29.95,nasa,0.6
2022-09-15,5.14,18.67,13.82,26.68,nasa,0.61
2022-09-16,6.73,15.59,12.25,20.49,nasa,0.62
2022-09-17,0.65,15.8,10.37,24.61,nasa,0.62
2022-09-18,0.02,16.39,8.46,27.23,nasa,0.62
2022-09-19,0.02,18.01,8.07,29.04,nasa,0.61
2022-09-20,0.01,20.51,11.95,30.09,nasa,0.61
2022-09-21,2.04,21.76,14.93,29.78,nasa,0.61
2022-09-22,22.54,20.58,17.43,24.39,nasa,0.63
2022-09-23,0.48,18.3,10.59,27.02,nasa,0.65
2022-09-24,0.23,16.58,7.5,28.12,nasa,0.64
2022-09-25,0.02,18.48,9.25,29.47,nasa,0.63
2022-09-26,15.72,18.0,13.47,22.5,nasa,0.64
2022-09-27,25.09,19.27,15.85,24.8,nasa,0.68
2022-09-28,23.84,18.22,14.69,23.15,nasa,0.7
2022-09-29,3.23,16.8,12.65,23.0,nasa,0.72
2022-09-30,6.68,16.74,11.62,23.22,nasa,0.7
2022-10-01,7.38,18.31,12.9,24.39,nasa,0.71
2022-10-02,0.75,20.12,14.17,27.64,nasa,0.7
2022-10-03,9.42,19.54,13.57,25.46,nasa,0.7
2022-10-04,9.04,19.63,15.04,25.95,nasa,0.71
2022-10-05,0.5,20.04,13.55,27.63,nasa,0.7
2022-10-06,2.81,20.65,14.12,27.47,nasa,0.69
2022-10-07,23.43,19.44,13.45,24.44,nasa,0.72
2022-10-08,0.0,17.67,12.7,23.83,nasa,0.71
2022-10-09,5.66,19.05,14.75,24.1,nasa,0.71
2022-10-10,2.77,20.2,15.76,25.57,nasa,0.71
2022-10-11,0.34,21.73,16.78,28.84,nasa,0.71
2022-10-12,0.04,22.03,15.21,29.58,nasa,0.7
2022-10-13,0.0,22.22,14.12,29.96,nasa,0.69
2022-10-14,0.08,21.88,14.1,30.76,nasa,0.68
2022-10-15,0.5,20.23,14.47,28.12,nasa,0.68
2022-10-16,0.02,19.54,13.5,26.15,nasa,0.67
2022-10-17,0.22,20.64,13.44,28.72,nasa,0.67
2022-10-18,3.91,20.65,16.1,26.12,nasa,0.67
2022-10-19,6.57,19.59,15.2,26.48,nasa,0.68
2022-10-20,3.38,20.9,13.6,29.04,nasa,0.68
2022-10-21,6.28,19.85,16.28,24.77,nasa,0.69
2022-10-22,1.96,21.56,16.24,28.79,nasa,0.69
2022-10-23,0.56,20.79,14.36,28.67,nasa,0.68
2022-10-24,2.36,20.65,14.54,28.32,nasa,0.68
2022-10-25,0.73,20.48,14.39,28.48,nasa,0.67
2022-10-26,0.08,20.63,13.88,28.44,nasa,0.67
2022-10-27,1.73,21.98,14.79,30.25,nasa,0.66
2022-10-28,4.58,21.95,16.83,27.99,nasa,0.67
2022-10-29,16.01,22.49,15.81,29.09,nasa,0.68
2022-10-30,0.65,21.8,17.66,27.48,nasa,0.69
2022-10-31,7.95,22.55,17.36,28.46,nasa,0.69
2022-11-01,4.43,18.64,13.0,23.93,nasa,0.69
2022-11-02,2.61,14.12,9.95,19.15,nasa,0.69
2022-11-03,1.91,13.1,9.8,18.21,nasa,0.69
2022-11-04,0.45,14.65,9.13,21.88,nasa,0.69
2022-11-05,0.31,16.26,10.09,24.22,nasa,0.68
2022-11-06,3.62,16.23,10.96,22.93,nasa,0.68
2022-11-07,10.17,16.54,12.14,23.41,nasa,0.69
2022-11-08,7.16,17.79,11.31,24.64,nasa,0.69
2022-11-09,3.99,18.91,12.06,25.22,nasa,0.7
2022-11-10,0.59,20.8,14.31,27.34,nasa,0.69
2022-11-11,9.43,21.51,14.47,28.97,nasa,0.69
2022-11-12,2.19,21.64,16.82,28.03,nasa,0.7
2022-11-13,4.21,22.15,15.53,30.03,nasa,0.69
2022-11-14,19.5,20.78,16.99,25.07,nasa,0.72
2022-11-15,5.0,21.19,17.64,25.59,nasa,0.72
2022-11-16,7.37,19.73,13.54,27.11,nasa,0.72
2022-11-17,2.89,18.79,11.11,27.63,nasa,0.72
2022-11-18,0.08,19.07,12.94,27.49,nasa,0.71
2022-11-19,0.12,18.9,11.87,27.02,nasa,0.7
2022-11-20,0.4,19.89,13.74,26.13,nasa,0.69
2022-11-21,0.13,21.45,15.91,28.71,nasa,0.69
2022-11-22,0.43,22.14,16.07,28.39,nasa,0.68
2022-11-23,8.05,20.13,17.11,24.5,nasa,0.68
2022-11-24,11.78,20.31,16.45,26.76,nasa,0.71
2022-11-25,5.8,19.0,14.39,25.68,nasa,0.71
2022-11-26,4.4,18.71,12.85,24.7,nasa,0.71
2022-11-27,2.02,20.69,13.56,28.0,nasa,0.7
2022-11-28,12.71,20.92,15.34,27.05,nasa,0.7
2022-11-29,6.61,19.82,15.59,24.93,nasa,0.71
2022-11-30,10.64,20.38,16.34,25.19,nasa,0.72
2022-12-01,7.56,21.15,17.58,25.86,nasa,0.73
2022-12-02,3.88,21.27,17.37,26.18,nasa,0.72
2022-12-03,8.85,20.26,17.21,24.97,nasa,0.73
2022-12-04,15.89,19.97,17.19,23.72,nasa,0.74
2022-12-05,22.44,19.08,17.22,22.12,nasa,0.76
2022-12-06,42.29,18.93,17.06,21.21,nasa,0.8
2022-12-07,23.12,20.95,17.51,24.98,nasa,0.84
2022-12-08,1.37,20.83,15.37,28.53,nasa,0.82
2022-12-09,0.11,20.88,14.35,28.98,nasa,0.8
2022-12-10,2.72,22.0,13.89,28.52,nasa,0.78
2022-12-11,3.53,22.77,17.51,28.57,nasa,0.78
2022-12-12,7.23,22.14,19.14,26.96,nasa,0.78
2022-12-13,19.56,20.23,14.45,24.2,nasa,0.79
2022-12-14,0.2,18.21,13.09,24.77,nasa,0.8
2022-12-15,2.74,19.02,12.63,25.44,nasa,0.79
2022-12-16,8.44,20.15,15.27,25.66,nasa,0.79
2022-12-17,4.89,20.56,16.09,26.99,nasa,0.79
2022-12-18,0.93,19.29,14.67,24.22,nasa,0.78
2022-12-19,5.78,19.62,15.49,25.81,nasa,0.78
2022-12-20,16.91,19.52,16.16,25.0,nasa,0.79
2022-12-21,4.02,19.35,14.46,26.37,nasa,0.8
2022-12-22,11.08,18.63,14.18,24.99,nasa,0.79
2022-12-23,1.1,18.82,13.52,25.19,nasa,0.79
2022-12-24,0.6,20.07,14.54,26.26,nasa,0.79
2022-12-25,9.58,20.65,16.27,26.16,nasa,0.78
2022-12-26,20.99,18.89,17.19,20.85,nasa,0.81
2022-12-27,4.38,20.7,17.15,26.06,nasa,0.81
2022-12-28,25.53,20.12,17.22,24.37,nasa,0.83
2022-12-29,8.99,19.54,17.44,22.52,nasa,0.83
2022-12-30,19.54,20.0,17.34,23.28,nasa,0.84
2022-12-31,9.21,21.87,17.04,27.84,nasa,0.85
2023-01-01,4.9,20.57,16.34,25.71,nasa,0.84
2023-01-02,4.91,18.91,16.02,23.21,nasa,0.84
2023-01-03,6.91,20.08,15.96,24.51,nasa,0.84
2023-01-04,19.0,20.2,17.86,23.78,nasa,0.85
2023-01-05,26.44,19.86,16.71,23.87,nasa,0.87
2023-01-06,23.33,17.92,15.18,22.12,nasa,0.89
2023-01-07,5.36,17.29,14.48,22.1,nasa,0.9
2023-01-08,10.99,18.62,14.02,24.57,nasa,0.89
2023-01-09,29.38,19.66,16.49,23.45,nasa,0.9
2023-01-10,8.85,20.54,16.7,25.21,nasa,0.91
2023-01-11,14.51,20.58,16.98,24.38,nasa,0.91
2023-01-12,10.07,20.56,17.88,23.76,nasa,0.91
2023-01-13,11.58,20.71,18.63,24.15,nasa,0.92
2023-01-14,5.9,21.89,18.02,27.06,nasa,0.92
2023-01-15,3.8,22.76,19.18,26.72,nasa,0.91
2023-01-16,14.24,22.32,17.35,28.5,nasa,0.92
2023-01-17,1.29,21.78,16.35,27.54,nasa,0.91
2023-01-18,10.66,22.19,17.12,27.81,nasa,0.91
2023-01-19,11.65,21.27,17.65,26.19,nasa,0.92
2023-01-20,20.93,18.86,16.39,21.34,nasa,0.93
2023-01-21,10.5,20.14,15.71,25.21,nasa,0.93
2023-01-22,8.14,21.22,17.08,26.14,nasa,0.93
2023-01-23,9.79,21.49,18.39,26.1,nasa,0.93
2023-01-24,11.73,21.01,17.57,25.96,nasa,0.93
2023-01-25,1.01,21.15,15.52,28.04,nasa,0.93
2023-01-26,0.06,19.92,12.54,27.8,nasa,0.92
2023-01-27,4.99,20.02,14.93,25.3,nasa,0.91
2023-01-28,12.06,20.63,18.23,24.39,nasa,0.92
2023-01-29,14.34,20.18,17.76,23.85,nasa,0.92
2023-01-30,10.97,20.35,17.18,24.65,nasa,0.93
2023-01-31,6.28,20.81,17.66,24.93,nasa,0.93
2023-02-01,11.47,21.98,18.89,26.37,nasa,0.93
2023-02-02,14.03,20.68,17.45,25.01,nasa,0.94
2023-02-03,5.14,21.12,16.65,25.86,nasa,0.94
2023-02-04,3.7,21.14,18.24,24.8,nasa,0.94
2023-02-05,6.35,20.66,18.05,24.62,nasa,0.93
2023-02-06,3.43,22.16,17.69,27.86,nasa,0.93
2023-02-07,3.21,22.16,16.88,28.12,nasa,0.93
2023-02-08,7.69,20.9,17.02,26.71,nasa,0.93
2023-02-09,6.61,21.56,15.86,27.24,nasa,0.93
2023-02-10,11.71,21.53,17.86,26.93,nasa,0.93
2023-02-11,21.52,20.8,18.13,24.85,nasa,0.94
2023-02-12,15.74,19.72,17.07,22.71,nasa,0.95
2023-02-13,9.95,20.56,16.64,24.76,nasa,0.95
2023-02-14,6.32,21.22,16.92,26.28,nasa,0.95
2023-02-15,8.78,21.84,17.06,27.32,nasa,0.95
2023-02-16,1.8,21.91,18.69,26.23,nasa,0.95
2023-02-17,1.4,21.41,18.0,25.74,nasa,0.94
2023-02-18,5.38,21.35,17.05,26.56,nasa,0.94
2023-02-19,11.4,21.25,18.81,26.39,nasa,0.95
2023-02-20,8.04,21.18,17.11,25.9,nasa,0.94
2023-02-21,13.99,20.82,17.65,25.22,nasa,0.95
2023-02-22,8.65,21.6,17.73,25.85,nasa,0.95
2023-02-23,10.94,21.18,17.31,26.42,nasa,0.95
2023-02-24,5.44,20.39,18.08,23.98,nasa,0.95
2023-02-25,5.83,20.69,18.0,23.89,nasa,0.95
2023-02-26,1.59,21.37,18.1,24.91,nasa,0.95
2023-02-27,6.15,22.05,18.14,27.32,nasa,0.95
2023-02-28,3.22,21.93,17.09,27.66,nasa,0.95
2023-03-01,0.77,21.14,16.04,26.82,nasa,0.94
2023-03-02,3.32,21.12,16.22,25.93,nasa,0.94
2023-03-03,2.47,22.39,17.86,27.59,nasa,0.93
2023-03-04,1.55,22.26,18.03,26.73,nasa,0.93
2023-03-05,15.87,21.33,18.12,25.76,nasa,0.93
2023-03-06,6.51,21.13,18.05,25.51,nasa,0.94
2023-03-07,7.46,20.32,16.76,23.95,nasa,0.94
2023-03-08,4.94,20.09,16.86,23.3,nasa,0.94
2023-03-09,6.76,21.5,16.81,26.5,nasa,0.94
2023-03-10,8.77,21.66,17.39,26.68,nasa,0.94
2023-03-11,15.42,19.85,17.29,24.06,nasa,0.95
2023-03-12,8.35,20.51,16.94,24.02,nasa,0.95
2023-03-13,1.87,19.73,17.4,23.86,nasa,0.95
2023-03-14,0.44,20.1,16.79,25.12,nasa,0.95
2023-03-15,0.14,20.71,15.54,26.91,nasa,0.94
2023-03-16,1.13,19.97,15.67,25.91,nasa,0.93
2023-03-17,0.41,19.42,15.2,26.02,nasa,0.93
2023-03-18,0.11,20.2,14.62,26.73,nasa,0.92
2023-03-19,0.39,21.14,16.1,26.89,nasa,0.92
2023-03-20,5.37,21.28,17.89,26.09,nasa,0.91
2023-03-21,2.19,21.28,16.58,27.88,nasa,0.91
2023-03-22,2.28,20.54,15.11,27.38,nasa,0.91
2023-03-23,0.41,19.69,14.27,26.71,nasa,0.9
2023-03-24,0.14,21.18,14.93,27.19,nasa,0.9
2023-03-25,0.29,22.26,17.62,28.02,nasa,0.89
2023-03-26,0.64,21.78,17.15,27.39,nasa,0.89
2023-03-27,2.15,21.98,18.06,27.73,nasa,0.88
2023-03-28,3.36,20.84,17.15,26.38,nasa,0.88
2023-03-29,3.87,20.73,17.76,24.7,nasa,0.88
2023-03-30,3.12,20.96,18.42,24.81,nasa,0.88
2023-03-31,5.78,21.52,18.36,26.13,nasa,0.89
2023-04-01,0.7,20.5,16.83,26.24,nasa,0.88
2023-04-02,0.67,19.61,15.28,25.79,nasa,0.88
2023-04-03,0.11,19.56,14.6,25.41,nasa,0.87
2023-04-04,0.01,20.15,14.96,25.55,nasa,0.87
2023-04-05,0.68,20.03,15.69,26.09,nasa,0.86
2023-04-06,1.41,20.06,15.23,25.37,nasa,0.86
2023-04-07,8.27,19.28,16.27,22.95,nasa,0.86
2023-04-08,5.43,20.39,16.69,25.26,nasa,0.86
2023-04-09,5.44,18.29,15.1,22.2,nasa,0.87
2023-04-10,0.51,18.05,13.07,24.88,nasa,0.86
2023-04-11,0.11,18.41,13.4,24.51,nasa,0.86
2023-04-12,0.07,18.61,14.49,24.31,nasa,0.85
2023-04-13,2.51,19.99,15.8,24.88,nasa,0.85
2023-04-14,12.45,19.93,17.08,24.6,nasa,0.86
2023-04-15,0.87,20.02,16.18,25.8,nasa,0.86
2023-04-16,0.05,19.19,14.28,25.65,nasa,0.85
2023-04-17,1.07,19.1,15.03,24.28,nasa,0.85
2023-04-18,20.61,19.63,16.08,23.51,nasa,0.86
2023-04-19,1.11,19.67,13.71,24.49,nasa,0.87
2023-04-20,0.01,15.55,9.75,21.52,nasa,0.86
2023-04-21,0.02,15.36,11.04,21.61,nasa,0.85
2023-04-22,0.19,16.43,11.43,22.77,nasa,0.85
2023-04-23,0.17,16.85,12.72,22.78,nasa,0.84
2023-04-24,0.05,16.61,12.15,23.26,nasa,0.84
2023-04-25,0.1,17.38,11.76,23.28,nasa,0.84
2023-04-26,2.32,17.87,12.73,23.88,nasa,0.83
2023-04-27,0.49,18.71,14.69,23.77,nasa,0.83
2023-04-28,1.02,19.46,15.84,24.55,nasa,0.83
2023-04-29,0.5,18.64,14.81,23.78,nasa,0.82
2023-04-30,0.55,18.03,13.03,23.52,nasa,0.82
2023-05-01,1.62,18.03,14.3,21.76,nasa,0.82
2023-05-02,0.19,17.82,12.94,23.27,nasa,0.82
2023-05-03,0.03,18.13,11.41,24.5,nasa,0.81
2023-05-04,0.01,18.73,12.66,24.8,nasa,0.81
2023-05-05,0.07,19.5,15.0,25.36,nasa,0.8
2023-05-06,0.06,18.61,14.45,25.05,nasa,0.8
2023-05-07,0.01,18.08,12.9,24.39,nasa,0.8
2023-05-08,0.03,18.29,12.98,24.26,nasa,0.79
2023-05-09,0.02,19.63,14.89,25.13,nasa,0.79
2023-05-10,1.38,18.88,15.71,23.41,nasa,0.79
2023-05-11,0.11,18.13,13.76,23.19,nasa,0.79
2023-05-12,0.05,15.91,11.81,21.78,nasa,0.79
2023-05-13,0.03,14.68,10.18,20.97,nasa,0.78
2023-05-14,0.02,14.56,9.47,20.89,nasa,0.78
2023-05-15,0.02,14.76,10.3,21.34,nasa,0.78
2023-05-16,0.02,13.09,7.23,21.09,nasa,0.77
2023-05-17,0.03,13.29,8.68,20.77,nasa,0.77
2023-05-18,0.02,12.91,7.81,20.79,nasa,0.77
2023-05-19,0.02,12.81,8.0,20.76,nasa,0.76
2023-05-20,0.03,13.42,7.37,21.24,nasa,0.76
2023-05-21,0.04,14.06,7.04,21.59,nasa,0.76
2023-05-22,0.01,15.17,10.09,21.14,nasa,0.75
2023-05-23,0.01,15.33,10.53,22.55,nasa,0.75
2023-05-24,0.04,15.79,11.44,22.39,nasa,0.75
2023-05-25,0.04,16.18,12.08,22.54,nasa,0.75
2023-05-26,0.06,16.58,12.26,22.63,nasa,0.74
2023-05-27,0.01,16.53,11.96,22.3,nasa,0.74
2023-05-28,0.48,16.99,12.69,23.19,nasa,0.74
2023-05-29,0.71,16.12,13.1,21.77,nasa,0.74
2023-05-30,1.22,14.94,11.87,19.37,nasa,0.74
2023-05-31,14.84,14.41,12.9,16.58,nasa,0.75
2023-06-01,0.22,15.11,11.38,21.3,nasa,0.76
2023-06-02,0.1,14.63,10.2,21.74,nasa,0.76
2023-06-03,0.04,14.73,9.43,22.03,nasa,0.75
2023-06-04,0.07,14.13,7.84,21.53,nasa,0.74
2023-06-05,0.09,14.83,9.84,22.02,nasa,0.74
2023-06-06,0.03,14.62,9.76,21.73,nasa,0.74
2023-06-07,0.09,13.95,8.78,20.75,nasa,0.73
2023-06-08,0.13,14.4,8.54,21.2,nasa,0.73
2023-06-09,0.03,14.78,9.41,21.38,nasa,0.73
2023-06-10,0.05,15.24,9.8,22.35,nasa,0.73
2023-06-11,0.09,15.93,9.83,22.39,nasa,0.72
2023-06-12,0.0,16.92,12.39,23.05,nasa,0.72
2023-06-13,0.07,16.36,10.8,23.36,nasa,0.72
2023-06-14,11.14,16.33,12.11,22.28,nasa,0.72
2023-06-15,3.18,16.11,12.44,21.6,nasa,0.73
2023-06-16,0.25,15.25,13.15,18.89,nasa,0.74
2023-06-17,0.01,14.3,8.6,19.86,nasa,0.73
2023-06-18,0.02,12.42,6.47,20.42,nasa,0.73
2023-06-19,0.04,12.87,8.08,20.64,nasa,0.72
2023-06-20,0.17,13.62,8.68,20.73,nasa,0.72
2023-06-21,0.5,13.27,6.81,20.41,nasa,0.72
2023-06-22,0.11,13.55,6.02,20.83,nasa,0.72
2023-06-23,0.05,14.17,8.13,21.41,nasa,0.71
2023-06-24,0.06,15.5,10.39,21.16,nasa,0.71
2023-06-25,0.03,16.64,13.0,23.12,nasa,0.71
2023-06-26,0.05,16.81,10.99,23.76,nasa,0.71
2023-06-27,0.06,15.71,10.06,22.6,nasa,0.7
2023-06-28,0.0,15.87,9.61,22.34,nasa,0.7
2023-06-29,0.15,15.37,9.01,22.76,nasa,0.7
2023-06-30,0.1,15.18,10.35,22.21,nasa,0.7
2023-07-01,0.15,15.08,10.53,21.66,nasa,0.7
2023-07-02,0.21,14.3,9.66,21.59,nasa,0.7
2023-07-03,0.34,12.8,8.24,19.4,nasa,0.69
2023-07-04,0.01,12.08,6.58,19.83,nasa,0.69
2023-07-05,0.04,12.45,6.79,19.89,nasa,0.69
2023-07-06,0.02,12.62,5.59,19.92,nasa,0.69
2023-07-07,0.02,13.5,6.6,20.81,nasa,0.69
2023-07-08,0.15,14.89,9.03,21.86,nasa,0.68
2023-07-09,0.59,15.03,11.65,19.07,nasa,0.68
2023-07-10,0.03,16.82,10.24,24.02,nasa,0.68
2023-07-11,0.0,18.57,13.52,25.04,nasa,0.68
2023-07-12,0.0,17.61,11.28,25.4,nasa,0.68
2023-07-13,0.01,17.3,12.22,24.71,nasa,0.67
2023-07-14,2.1,12.68,7.08,19.65,nasa,0.68
2023-07-15,0.0,12.92,6.23,21.38,nasa,0.67
2023-07-16,0.0,15.47,7.97,23.53,nasa,0.67
2023-07-17,0.0,17.01,9.97,24.81,nasa,0.67
2023-07-18,0.18,17.71,11.86,25.05,nasa,0.67
2023-07-19,0.13,16.91,12.66,23.93,nasa,0.67
2023-07-20,0.07,15.81,11.5,22.54,nasa,0.67
2023-07-21,0.02,15.6,10.81,23.37,nasa,0.67
2023-07-22,0.0,15.39,10.19,23.46,nasa,0.66
2023-07-23,0.0,16.23,10.4,24.34,nasa,0.66
2023-07-24,0.0,17.34,11.26,24.63,nasa,0.66
2023-07-25,0.0,17.17,12.31,22.63,nasa,0.66
2023-07-26,0.0,17.29,10.2,24.56,nasa,0.66
2023-07-27,0.0,18.22,12.49,26.01,nasa,0.66
2023-07-28,0.31,17.61,11.2,25.04,nasa,0.65
2023-07-29,0.51,16.45,11.75,23.43,nasa,0.65
2023-07-30,0.08,15.86,10.96,23.22,nasa,0.65
2023-07-31,0.0,16.83,10.12,24.57,nasa,0.65
2023-08-01,0.04,16.71,9.28,26.77,nasa,0.65
2023-08-02,0.09,17.06,9.0,26.99,nasa,0.65
2023-08-03,0.0,18.76,12.36,27.83,nasa,0.65
2023-08-04,0.0,18.13,10.06,27.59,nasa,0.64
2023-08-05,0.03,18.48,11.6,28.06,nasa,0.64
2023-08-06,0.01,18.69,10.82,28.02,nasa,0.64
2023-08-07,0.01,18.62,9.92,26.75,nasa,0.64
2023-08-08,0.34,18.04,10.92,26.65,nasa,0.64
2023-08-09,0.1,18.15,11.77,26.48,nasa,0.64
2023-08-10,0.0,19.05,13.14,26.9,nasa,0.64
2023-08-11,0.06,19.81,11.57,28.37,nasa,0.63
2023-08-12,0.21,21.36,15.38,29.93,nasa,0.63
2023-08-13,0.42,19.12,12.8,27.34,nasa,0.63
2023-08-14,0.51,18.89,13.28,26.49,nasa,0.63
2023-08-15,0.29,19.1,14.19,25.42,nasa,0.63
2023-08-16,0.04,19.09,14.85,25.06,nasa,0.63
2023-08-17,0.36,19.42,13.6,25.76,nasa,0.63
2023-08-18,0.01,18.89,11.48,27.45,nasa,0.63
2023-08-19,0.14,19.5,12.16,27.95,nasa,0.63
2023-08-20,4.3,18.84,12.92,26.94,nasa,0.63
2023-08-21,0.05,19.19,12.21,27.1,nasa,0.63
2023-08-22,0.0,19.23,11.96,28.83,nasa,0.63
2023-08-23,0.01,19.79,10.55,30.25,nasa,0.63
2023-08-24,0.14,21.94,12.91,31.79,nasa,0.62
2023-08-25,3.21,21.15,16.6,28.67,nasa,0.62
2023-08-26,5.74,16.12,11.98,21.77,nasa,0.63
2023-08-27,6.39,13.21,10.71,17.46,nasa,0.64
2023-08-28,3.52,12.98,9.74,17.41,nasa,0.65
2023-08-29,0.6,15.89,11.08,23.32,nasa,0.65
2023-08-30,0.13,17.69,11.95,25.64,nasa,0.64
2023-08-31,0.01,18.91,11.68,27.62,nasa,0.64
2023-09-01,0.01,19.99,12.78,28.79,nasa,0.64
2023-09-02,8.75,20.89,14.74,27.46,nasa,0.64
2023-09-03,0.93,22.45,14.74,30.45,nasa,0.65
2023-09-04,0.02,23.99,16.99,31.7,nasa,0.64
2023-09-05,0.94,22.17,17.1,28.98,nasa,0.64
2023-09-06,0.48,18.92,13.77,27.19,nasa,0.64
2023-09-07,0.12,17.91,12.45,25.44,nasa,0.63
2023-09-08,0.0,20.19,14.04,28.4,nasa,0.63
2023-09-09,0.0,20.26,11.77,29.18,nasa,0.63
2023-09-10,0.0,20.41,14.04,29.11,nasa,0.63
2023-09-11,0.0,20.43,12.76,30.28,nasa,0.62
2023-09-12,0.0,20.46,11.69,29.23,nasa,0.62
2023-09-13,0.0,21.86,13.02,31.27,nasa,0.62
2023-09-14,1.63,21.51,15.32,29.1,nasa,0.62
2023-09-15,0.3,20.34,14.32,29.13,nasa,0.62
2023-09-16,0.02,21.12,12.1,30.69,nasa,0.62
2023-09-17,0.0,23.53,14.55,32.65,nasa,0.61
2023-09-18,0.0,23.76,15.02,33.53,nasa,0.61
2023-09-19,0.0,23.19,13.92,33.68,nasa,0.61
2023-09-20,0.38,23.31,14.99,33.79,nasa,0.61
2023-09-21,0.19,23.29,14.67,32.58,nasa,0.61
2023-09-22,0.0,23.89,14.77,33.41,nasa,0.61
2023-09-23,0.0,25.44,18.21,34.24,nasa,0.6
2023-09-24,0.0,26.27,17.03,36.16,nasa,0.6
2023-09-25,0.53,26.63,19.84,36.38,nasa,0.6
2023-09-26,0.6,26.55,18.64,35.5,nasa,0.6
2023-09-27,12.56,24.68,20.93,31.49,nasa,0.61
2023-09-28,3.2,21.7,14.93,29.81,nasa,0.63
2023-09-29,0.04,20.73,14.0,30.39,nasa,0.62
2023-09-30,2.8,22.2,14.43,31.29,nasa,0.62
2023-10-01,38.66,19.58,16.14,23.76,nasa,0.67
2023-10-02,10.63,21.5,16.95,28.37,nasa,0.69
2023-10-03,3.14,22.39,17.21,28.99,nasa,0.68
2023-10-04,2.9,23.18,17.5,30.07,nasa,0.67
2023-10-05,11.39,24.54,18.26,31.88,nasa,0.67
2023-10-06,5.2,25.09,19.26,31.7,nasa,0.68
2023-10-07,6.05,23.06,19.23,27.89,nasa,0.68
2023-10-08,12.59,22.98,18.54,28.86,nasa,0.69
2023-10-09,5.39,22.52,17.79,28.66,nasa,0.69
2023-10-10,0.21,21.94,15.6,30.49,nasa,0.69
2023-10-11,0.06,23.06,15.03,31.57,nasa,0.68
2023-10-12,6.58,24.74,18.17,32.16,nasa,0.67
2023-10-13,4.05,22.88,17.23,29.97,nasa,0.68
2023-10-14,0.2,20.3,15.92,27.9,nasa,0.68
2023-10-15,0.02,21.98,15.12,30.26,nasa,0.67
2023-10-16,18.82,23.35,17.29,29.85,nasa,0.68
2023-10-17,2.63,23.14,17.58,30.26,nasa,0.69
2023-10-18,1.48,22.33,17.24,29.47,nasa,0.69
2023-10-19,0.88,20.87,15.24,28.72,nasa,0.68
2023-10-20,1.9,20.25,14.64,28.49,nasa,0.67
2023-10-21,0.54,20.66,15.03,29.12,nasa,0.67
2023-10-22,0.07,21.36,12.82,31.02,nasa,0.67
2023-10-23,0.09,22.74,13.99,31.77,nasa,0.66
2023-10-24,0.62,24.36,17.02,32.9,nasa,0.66
2023-10-25,2.82,23.07,18.57,29.43,nasa,0.66
2023-10-26,7.94,23.03,17.6,29.9,nasa,0.66
2023-10-27,9.15,21.17,17.64,26.63,nasa,0.67
2023-10-28,1.38,23.17,17.42,30.45,nasa,0.68
2023-10-29,11.02,23.41,18.52,29.75,nasa,0.68
2023-10-30,1.79,24.82,19.08,32.17,nasa,0.68
2023-10-31,18.06,23.52,18.9,30.25,nasa,0.69
2023-11-01,0.74,22.53,17.7,29.5,nasa,0.7
2023-11-02,0.5,22.14,15.84,29.56,nasa,0.69
2023-11-03,12.95,23.5,18.26,30.16,nasa,0.69
2023-11-04,2.48,22.49,16.07,29.07,nasa,0.7
2023-11-05,0.14,20.35,13.24,29.91,nasa,0.69
2023-11-06,0.71,20.43,12.68,30.93,nasa,0.68
2023-11-07,0.0,20.5,11.75,31.14,nasa,0.67
2023-11-08,0.0,21.33,11.79,30.65,nasa,0.67
2023-11-09,0.09,23.49,12.42,32.97,nasa,0.66
2023-11-10,1.76,24.83,17.84,33.33,nasa,0.66
2023-11-11,0.38,24.99,16.11,33.49,nasa,0.65
2023-11-12,0.17,26.47,18.93,35.4,nasa,0.65
2023-11-13,0.01,27.64,19.18,35.95,nasa,0.64
2023-11-14,0.18,28.31,20.93,37.03,nasa,0.64
2023-11-15,2.38,28.03,18.64,37.53,nasa,0.64
2023-11-16,0.65,27.68,20.96,35.71,nasa,0.64
2023-11-17,0.2,28.77,21.88,36.38,nasa,0.63
2023-11-18,1.75,28.53,22.4,36.29,nasa,0.63
2023-11-19,9.77,26.55,21.09,33.53,nasa,0.63
2023-11-20,8.26,22.34,19.11,27.5,nasa,0.65
2023-11-21,4.12,23.48,18.34,29.69,nasa,0.66
2023-11-22,1.43,24.32,19.18,30.21,nasa,0.66
2023-11-23,5.72,24.69,19.6,30.95,nasa,0.66
2023-11-24,3.57,22.21,15.37,30.52,nasa,0.66
2023-11-25,1.36,18.9,14.16,26.01,nasa,0.66
2023-11-26,1.65,20.9,14.14,29.64,nasa,0.66
2023-11-27,1.74,21.32,16.05,28.38,nasa,0.65
2023-11-28,9.95,23.09,17.59,29.88,nasa,0.66
2023-11-29,6.88,21.45,17.77,25.08,nasa,0.67
2023-11-30,2.74,23.04,16.8,30.45,nasa,0.67
2023-12-01,0.22,24.97,17.73,32.97,nasa,0.67
2023-12-02,0.02,25.9,19.02,34.39,nasa,0.66
2023-12-03,4.3,26.16,17.81,35.1,nasa,0.65
2023-12-04,4.41,25.47,19.37,31.82,nasa,0.66
2023-12-05,5.95,25.27,19.2,32.14,nasa,0.66
2023-12-06,3.36,25.07,19.68,31.02,nasa,0.66
2023-12-07,7.61,24.4,20.59,28.99,nasa,0.66
2023-12-08,2.38,24.3,19.14,30.34,nasa,0.67
2023-12-09,3.06,22.66,16.73,30.74,nasa,0.66
2023-12-10,10.29,21.38,15.49,28.18,nasa,0.66
2023-12-11,20.04,21.26,17.51,27.14,nasa,0.69
2023-12-12,0.99,21.71,16.19,29.27,nasa,0.7
2023-12-13,0.27,22.49,14.85,30.57,nasa,0.69
2023-12-14,1.44,24.0,16.83,31.29,nasa,0.68
2023-12-15,0.69,24.82,17.18,32.36,nasa,0.67
2023-12-16,1.82,24.34,17.26,31.74,nasa,0.66
2023-12-17,5.55,23.84,18.0,31.59,nasa,0.66
2023-12-18,1.75,24.16,17.47,32.15,nasa,0.67
2023-12-19,0.7,22.82,16.88,30.95,nasa,0.66
2023-12-20,0.14,22.87,15.88,31.32,nasa,0.66
2023-12-21,0.51,23.44,16.09,31.84,nasa,0.65
2023-12-22,2.83,23.29,19.44,28.14,nasa,0.65
2023-12-23,12.89,22.06,19.13,26.93,nasa,0.66
2023-12-24,2.37,23.45,19.0,29.01,nasa,0.67
2023-12-25,1.37,24.72,18.65,31.81,nasa,0.67
2023-12-26,6.92,24.3,19.24,31.31,nasa,0.67
2023-12-27,2.26,22.56,16.38,30.82,nasa,0.67
2023-12-28,0.11,22.94,14.58,31.6,nasa,0.66
2023-12-29,0.31,25.37,17.12,34.08,nasa,0.66
2023-12-30,2.24,24.54,18.45,32.87,nasa,0.65
2023-12-31,3.42,20.65,16.14,25.71,nasa,0.65
2024-01-01,2.26,19.55,16.29,24.3,nasa,0.66
2024-01-02,4.04,22.0,15.66,29.66,nasa,0.65
2024-01-03,16.19,22.04,18.66,27.4,nasa,0.66
2024-01-04,18.76,21.69,18.12,26.9,nasa,0.71
2024-01-05,1.75,22.19,16.73,29.79,nasa,0.7
2024-01-06,1.02,22.81,16.64,29.82,nasa,0.69
2024-01-07,1.14,23.89,16.99,31.58,nasa,0.68
2024-01-08,6.02,23.1,18.99,28.75,nasa,0.68
2024-01-09,1.2,22.78,18.77,27.58,nasa,0.68
2024-01-10,2.82,24.19,17.21,31.61,nasa,0.67
2024-01-11,5.32,23.7,19.71,29.42,nasa,0.68
2024-01-12,7.63,24.59,19.17,31.42,nasa,0.67
2024-01-13,17.82,22.42,19.41,27.58,nasa,0.69
2024-01-14,8.34,21.92,18.28,26.79,nasa,0.71
2024-01-15,6.09,22.04,18.87,26.57,nasa,0.71
2024-01-16,0.73,24.13,18.4,30.68,nasa,0.7
2024-01-17,0.92,25.54,18.71,32.12,nasa,0.69
2024-01-18,10.25,25.55,21.14,31.5,nasa,0.69
2024-01-19,4.57,23.61,20.38,27.5,nasa,0.7
2024-01-20,13.36,23.0,19.53,27.76,nasa,0.71
2024-01-21,1.97,22.53,17.82,28.14,nasa,0.71
2024-01-22,5.45,21.87,16.02,29.26,nasa,0.7
2024-01-23,7.37,20.29,17.4,23.96,nasa,0.7
2024-01-24,2.05,20.89,15.41,28.18,nasa,0.71
2024-01-25,0.7,21.17,14.99,28.11,nasa,0.7
2024-01-26,0.81,21.51,15.7,28.52,nasa,0.69
2024-01-27,0.74,21.06,15.76,27.25,nasa,0.68
2024-01-28,6.77,21.63,17.32,26.82,nasa,0.68
2024-01-29,1.72,22.54,16.36,30.13,nasa,0.69
2024-01-30,1.62,23.77,17.05,30.73,nasa,0.68
2024-01-31,6.27,23.31,18.73,28.99,nasa,0.68
2024-02-01,2.5,22.98,15.84,30.46,nasa,0.68
2024-02-02,9.7,21.5,17.76,25.79,nasa,0.68
2024-02-03,3.46,22.06,17.66,27.48,nasa,0.7
2024-02-04,4.77,21.31,18.28,24.69,nasa,0.69
2024-02-05,2.25,22.05,17.66,27.55,nasa,0.69
2024-02-06,0.44,23.0,17.55,29.38,nasa,0.69
2024-02-07,1.79,21.43,19.37,24.51,nasa,0.69
2024-02-08,3.45,21.6,18.54,26.14,nasa,0.69
2024-02-09,3.54,22.88,17.06,30.19,nasa,0.69
2024-02-10,0.34,22.52,16.47,30.21,nasa,0.68
2024-02-11,5.02,22.88,16.95,30.19,nasa,0.68
2024-02-12,3.01,23.32,17.47,29.86,nasa,0.68
2024-02-13,3.2,23.07,17.95,28.82,nasa,0.68
2024-02-14,6.29,22.18,17.56,28.61,nasa,0.68
2024-02-15,18.21,20.54,17.75,24.99,nasa,0.7
2024-02-16,0.82,21.06,16.26,26.99,nasa,0.71
2024-02-17,2.09,22.9,17.5,29.98,nasa,0.7
2024-02-18,1.89,22.63,18.13,28.66,nasa,0.69
2024-02-19,3.67,22.47,17.29,28.76,nasa,0.69
2024-02-20,10.33,21.55,17.2,27.17,nasa,0.7
2024-02-21,3.91,20.98,18.01,24.53,nasa,0.7
2024-02-22,11.46,22.43,18.28,28.16,nasa,0.71
2024-02-23,11.89,21.42,19.04,25.44,nasa,0.72
2024-02-24,0.6,22.85,18.47,27.85,nasa,0.72
2024-02-25,0.59,23.52,19.64,29.84,nasa,0.71
2024-02-26,2.08,22.85,17.2,30.1,nasa,0.7
2024-02-27,0.36,23.01,18.2,29.19,nasa,0.7
2024-02-28,0.94,24.54,17.99,31.7,nasa,0.69
2024-02-29,4.33,24.62,21.06,31.35,nasa,0.69
2024-03-01,6.68,24.88,20.54,31.39,nasa,0.69
2024-03-02,0.75,22.63,17.58,29.63,nasa,0.69
2024-03-03,0.08,22.86,15.58,30.88,nasa,0.68
2024-03-04,0.41,23.68,15.74,31.77,nasa,0.67
2024-03-05,4.19,22.97,19.25,28.87,nasa,0.67
2024-03-06,6.57,23.24,18.53,29.64,nasa,0.68
2024-03-07,3.59,23.56,18.25,30.43,nasa,0.68
2024-03-08,7.0,23.16,18.55,29.44,nasa,0.68
2024-03-09,7.5,22.91,19.52,28.23,nasa,0.69
2024-03-10,2.9,23.24,19.38,29.11,nasa,0.69
2024-03-11,1.02,23.28,17.39,30.5,nasa,0.69
2024-03-12,0.05,23.91,17.87,31.69,nasa,0.68
2024-03-13,0.04,24.37,18.0,32.03,nasa,0.68
2024-03-14,0.04,25.02,18.24,32.28,nasa,0.67
2024-03-15,0.62,25.29,18.39,32.92,nasa,0.66
2024-03-16,1.14,25.39,19.53,32.42,nasa,0.66
2024-03-17,0.13,25.14,19.05,31.34,nasa,0.66
2024-03-18,5.18,25.61,21.06,31.93,nasa,0.66
2024-03-19,2.66,25.1,20.41,31.7,nasa,0.66
2024-03-20,1.53,24.2,20.28,29.94,nasa,0.66
2024-03-21,8.14,23.67,19.86,28.41,nasa,0.66
2024-03-22,5.67,21.59,17.49,26.39,nasa,0.68
2024-03-23,1.27,18.62,16.21,22.34,nasa,0.68
2024-03-24,3.29,18.39,15.91,22.07,nasa,0.68
2024-03-25,5.12,20.95,16.51,26.21,nasa,0.68
2024-03-26,7.16,21.01,18.16,25.77,nasa,0.69
2024-03-27,15.17,18.79,16.61,22.19,nasa,0.7
2024-03-28,20.81,18.92,16.2,21.9,nasa,0.72
2024-03-29,6.27,20.52,16.57,25.68,nasa,0.73
2024-03-30,3.22,21.23,17.81,26.65,nasa,0.73
2024-03-31,0.07,20.68,15.89,27.76,nasa,0.72
2024-04-01,0.06,20.18,15.14,26.79,nasa,0.71
2024-04-02,0.04,21.46,15.28,28.05,nasa,0.7
2024-04-03,0.14,22.82,17.45,29.62,nasa,0.69
2024-04-04,0.32,23.03,16.93,30.92,nasa,0.69
2024-04-05,0.07,22.21,16.44,30.76,nasa,0.68
2024-04-06,0.25,21.31,15.22,29.77,nasa,0.67
2024-04-07,0.13,21.25,15.61,28.81,nasa,0.67
2024-04-08,0.01,21.26,14.87,28.79,nasa,0.67
2024-04-09,0.45,21.39,17.85,26.28,nasa,0.67
2024-04-10,0.14,22.3,16.44,29.47,nasa,0.66
2024-04-11,2.65,22.07,15.45,30.52,nasa,0.66
2024-04-12,0.9,21.27,16.02,29.08,nasa,0.66
2024-04-13,0.04,21.86,15.84,29.32,nasa,0.66
2024-04-14,0.0,21.45,15.49,28.62,nasa,0.66
2024-04-15,0.04,22.29,17.23,29.13,nasa,0.65
2024-04-16,0.01,22.38,16.82,29.73,nasa,0.65
2024-04-17,0.6,22.75,15.77,30.16,nasa,0.65
2024-04-18,4.57,19.86,15.76,24.19,nasa,0.65
2024-04-19,0.42,19.53,14.15,27.75,nasa,0.65
2024-04-20,0.01,19.64,12.89,28.3,nasa,0.65
2024-04-21,0.07,19.62,13.07,27.83,nasa,0.65
2024-04-22,0.09,19.48,13.46,27.3,nasa,0.65
2024-04-23,0.0,20.73,14.59,28.41,nasa,0.64
2024-04-24,0.88,21.46,15.48,29.91,nasa,0.64
2024-04-25,0.09,21.66,14.87,29.86,nasa,0.64
2024-04-26,0.1,22.04,16.58,29.52,nasa,0.64
2024-04-27,0.02,20.98,15.05,29.23,nasa,0.64
2024-04-28,0.03,22.0,14.75,29.94,nasa,0.63
2024-04-29,0.03,21.63,15.15,30.44,nasa,0.63
2024-04-30,0.02,21.69,14.36,30.22,nasa,0.63
2024-05-01,0.01,22.22,17.15,30.2,nasa,0.63
2024-05-02,0.02,21.76,15.3,30.37,nasa,0.63
2024-05-03,0.3,22.55,17.26,30.17,nasa,0.62
2024-05-04,0.04,22.41,14.29,30.85,nasa,0.62
2024-05-05,0.14,20.81,13.53,31.33,nasa,0.62
2024-05-06,0.13,21.19,13.67,29.93,nasa,0.62
2024-05-07,0.18,20.93,14.16,30.0,nasa,0.62
2024-05-08,0.22,19.96,12.73,28.57,nasa,0.62
2024-05-09,0.0,21.66,15.41,29.55,nasa,0.62
2024-05-10,0.13,20.57,13.7,29.05,nasa,0.62
2024-05-11,0.01,21.37,16.23,29.51,nasa,0.62
2024-05-12,0.11,20.67,14.86,29.13,nasa,0.61
2024-05-13,0.0,19.92,12.9,29.24,nasa,0.61
2024-05-14,0.06,20.04,12.04,29.5,nasa,0.61
2024-05-15,0.13,20.38,14.87,28.35,nasa,0.61
2024-05-16,0.09,20.67,15.26,27.29,nasa,0.61
2024-05-17,0.1,20.8,13.94,29.18,nasa,0.61
2024-05-18,0.01,21.27,15.82,29.52,nasa,0.61
2024-05-19,0.02,21.59,15.51,29.54,nasa,0.61
2024-05-20,0.16,20.62,13.42,29.6,nasa,0.61
2024-05-21,0.25,20.43,15.5,28.25,nasa,0.61
2024-05-22,0.07,20.03,14.89,28.12,nasa,0.61
2024-05-23,0.05,18.49,11.65,27.3,nasa,0.61
2024-05-24,0.11,19.79,12.3,28.24,nasa,0.6
2024-05-25,0.91,19.31,13.03,26.98,nasa,0.6
2024-05-26,15.52,18.34,13.95,24.56,nasa,0.62
2024-05-27,5.39,17.62,13.57,23.89,nasa,0.64
2024-05-28,0.83,17.62,12.53,25.34,nasa,0.64
2024-05-29,0.08,15.69,10.05,24.47,nasa,0.63
2024-05-30,0.25,13.93,7.43,23.73,nasa,0.63
2024-05-31,0.17,14.47,8.4,24.05,nasa,0.63
2024-06-01,0.41,15.03,9.79,24.13,nasa,0.62
2024-06-02,0.04,17.2,10.61,24.79,nasa,0.62
2024-06-03,0.02,17.57,10.68,24.77,nasa,0.62
2024-06-04,0.29,16.81,10.19,24.25,nasa,0.62
2024-06-05,0.09,17.38,12.01,24.89,nasa,0.62
2024-06-06,0.06,17.48,11.18,25.28,nasa,0.62
2024-06-07,0.17,18.11,10.84,26.72,nasa,0.61
2024-06-08,0.03,18.31,10.69,27.33,nasa,0.61
2024-06-09,0.12,18.06,10.53,26.93,nasa,0.61
2024-06-10,0.08,17.91,9.23,26.83,nasa,0.61
2024-06-11,0.16,19.35,12.6,28.22,nasa,0.61
2024-06-12,0.2,18.07,10.29,27.35,nasa,0.61
2024-06-13,0.22,16.75,8.72,26.3,nasa,0.61
2024-06-14,0.0,16.98,8.69,26.52,nasa,0.61
2024-06-15,0.05,17.59,9.12,26.46,nasa,0.61
2024-06-16,0.27,18.2,10.91,26.74,nasa,0.61
2024-06-17,0.17,16.58,8.91,25.3,nasa,0.6
2024-06-18,0.14,17.89,9.39,25.38,nasa,0.6
2024-06-19,0.15,18.97,12.12,26.9,nasa,0.6
2024-06-20,0.15,18.13,11.12,27.52,nasa,0.6
2024-06-21,0.28,16.51,9.55,25.8,nasa,0.6
2024-06-22,0.13,17.16,9.91,25.56,nasa,0.6
2024-06-23,0.04,17.9,11.72,25.95,nasa,0.6
2024-06-24,0.1,18.33,11.8,27.01,nasa,0.6
2024-06-25,0.0,19.35,12.88,28.33,nasa,0.6
2024-06-26,0.13,19.07,14.22,26.9,nasa,0.6
2024-06-27,0.06,19.27,12.73,26.82,nasa,0.6
2024-06-28,0.06,19.12,13.57,27.41,nasa,0.6
2024-06-29,0.22,18.47,11.44,26.69,nasa,0.6
2024-06-30,7.06,16.49,13.26,22.03,nasa,0.6
2024-07-01,6.92,15.71,11.33,21.67,nasa,0.61
2024-07-02,0.88,16.8,10.63,24.55,nasa,0.62
2024-07-03,0.57,16.91,10.16,24.5,nasa,0.62
2024-07-04,0.06,19.03,13.2,26.36,nasa,0.61
2024-07-05,0.16,18.3,13.47,25.51,nasa,0.61
2024-07-06,0.1,18.39,12.66,25.72,nasa,0.61
2024-07-07,0.15,16.99,10.52,25.33,nasa,0.61
2024-07-08,0.07,18.29,12.09,27.0,nasa,0.61
2024-07-09,1.25,18.17,12.83,26.01,nasa,0.61
2024-07-10,0.74,19.62,13.75,26.69,nasa,0.61
2024-07-11,0.38,21.24,15.3,28.99,nasa,0.61
2024-07-12,0.4,19.21,13.76,27.55,nasa,0.61
2024-07-13,0.58,17.89,14.12,24.6,nasa,0.61
2024-07-14,0.04,17.6,13.56,24.25,nasa,0.61
2024-07-15,0.01,17.85,11.76,25.3,nasa,0.6
2024-07-16,0.08,17.28,10.81,25.22,nasa,0.6
2024-07-17,0.04,17.58,10.69,26.01,nasa,0.6
2024-07-18,0.0,17.46,10.99,26.75,nasa,0.6
2024-07-19,0.01,16.69,8.37,27.33,nasa,0.6
2024-07-20,0.03,16.69,9.3,28.34,nasa,0.6
2024-07-21,0.01,16.26,8.23,26.62,nasa,0.6
2024-07-22,0.02,17.28,9.68,27.79,nasa,0.6
2024-07-23,0.0,17.3,10.01,27.91,nasa,0.6
2024-07-24,0.09,16.45,8.26,27.27,nasa,0.6
2024-07-25,0.05,16.2,8.44,25.29,nasa,0.6
2024-07-26,0.0,18.79,13.27,26.19,nasa,0.6
2024-07-27,0.0,18.47,12.56,26.96,nasa,0.6
2024-07-28,0.01,19.16,11.25,28.14,nasa,0.59
2024-07-29,0.1,19.05,11.47,27.37,nasa,0.59
2024-07-30,0.45,16.91,11.99,25.18,nasa,0.59
2024-07-31,0.08,17.09,11.55,25.27,nasa,0.59
2024-08-01,0.0,17.59,11.2,27.13,nasa,0.59
2024-08-02,0.03,17.43,10.15,27.05,nasa,0.59
2024-08-03,0.04,18.06,11.75,27.68,nasa,0.59
2024-08-04,0.12,19.18,13.51,27.14,nasa,0.59
2024-08-05,0.03,19.7,10.86,28.22,nasa,0.59
2024-08-06,0.03,19.95,12.37,28.43,nasa,0.59
2024-08-07,0.01,17.93,10.08,27.08,nasa,0.59
2024-08-08,0.12,19.43,11.33,28.55,nasa,0.59
2024-08-09,0.63,20.38,14.29,28.19,nasa,0.59
2024-08-10,10.6,13.76,7.61,16.66,nasa,0.6
2024-08-11,0.09,12.97,4.17,23.41,nasa,0.61
2024-08-12,0.03,12.72,4.64,23.72,nasa,0.61
2024-08-13,0.46,12.26,3.44,23.73,nasa,0.6
2024-08-14,0.05,15.66,5.94,25.65,nasa,0.6
2024-08-15,0.1,19.32,9.09,28.86,nasa,0.6
2024-08-16,0.08,21.51,14.19,31.0,nasa,0.6
2024-08-17,0.25,20.63,12.59,31.18,nasa,0.6
2024-08-18,0.0,20.9,13.82,32.1,nasa,0.6
2024-08-19,0.05,20.65,11.47,31.23,nasa,0.59
2024-08-20,0.09,21.88,14.46,31.87,nasa,0.59
2024-08-21,0.1,19.88,11.47,30.8,nasa,0.59
2024-08-22,0.11,20.45,11.3,31.14,nasa,0.59
2024-08-23,0.09,20.71,12.05,30.73,nasa,0.59
2024-08-24,0.2,21.44,12.42,31.72,nasa,0.59
2024-08-25,6.63,18.64,13.43,26.63,nasa,0.59
2024-08-26,1.93,14.82,9.09,22.58,nasa,0.6
2024-08-27,0.02,14.96,7.19,26.19,nasa,0.6
2024-08-28,0.03,16.71,7.72,28.11,nasa,0.6
2024-08-29,0.05,18.52,9.42,29.76,nasa,0.6
2024-08-30,0.06,19.93,10.0,31.02,nasa,0.6
2024-08-31,0.15,20.12,11.21,31.62,nasa,0.6
2024-09-01,0.16,20.19,10.39,31.05,nasa,0.59
2024-09-02,0.15,22.14,14.43,32.21,nasa,0.59
2024-09-03,0.16,23.02,17.09,32.48,nasa,0.59
2024-09-04,0.0,23.43,15.97,33.54,nasa,0.59
2024-09-05,0.04,23.09,14.45,33.23,nasa,0.59
2024-09-06,0.12,22.42,14.25,32.64,nasa,0.59
2024-09-07,0.15,23.51,15.59,33.02,nasa,0.59
2024-09-08,0.0,23.37,15.91,33.59,nasa,0.59
2024-09-09,0.0,22.91,14.06,33.88,nasa,0.59
2024-09-10,0.1,22.81,13.12,32.69,nasa,0.59
2024-09-11,0.11,22.84,13.0,32.8,nasa,0.59
2024-09-12,0.0,22.28,13.18,32.59,nasa,0.59
2024-09-13,0.1,22.38,12.68,32.14,nasa,0.59
2024-09-14,0.09,23.11,15.32,32.63,nasa,0.58
2024-09-15,0.1,22.18,14.72,30.89,nasa,0.58
2024-09-16,0.12,21.38,14.37,30.55,nasa,0.58
2024-09-17,0.15,19.3,13.01,28.45,nasa,0.58
2024-09-18,0.02,20.14,12.52,29.99,nasa,0.58
2024-09-19,0.14,21.35,13.51,30.67,nasa,0.58
2024-09-20,0.46,24.72,16.81,33.52,nasa,0.58
2024-09-21,6.39,24.27,18.55,31.91,nasa,0.59
2024-09-22,1.42,23.0,16.0,31.38,nasa,0.6
2024-09-23,0.0,24.06,15.77,33.56,nasa,0.6
2024-09-24,0.0,24.06,15.38,33.32,nasa,0.59
2024-09-25,0.0,24.42,15.77,33.78,nasa,0.59
2024-09-26,0.08,23.86,14.54,33.65,nasa,0.59
2024-09-27,0.35,24.57,15.63,34.19,nasa,0.59
2024-09-28,0.21,22.11,15.81,31.17,nasa,0.59
2024-09-29,0.1,22.34,13.8,32.34,nasa,0.59
2024-09-30,0.05,22.86,14.68,32.68,nasa,0.59
2024-10-01,0.16,23.99,15.67,33.59,nasa,0.59
2024-10-02,0.23,26.06,15.33,36.03,nasa,0.59
2024-10-03,1.3,23.9,16.25,33.29,nasa,0.58
2024-10-04,1.43,20.65,15.52,30.31,nasa,0.59
2024-10-05,0.27,21.42,14.1,31.81,nasa,0.59
2024-10-06,0.04,22.08,12.37,33.93,nasa,0.59
2024-10-07,0.05,22.77,12.77,34.24,nasa,0.59
2024-10-08,0.32,24.19,15.3,35.73,nasa,0.58
2024-10-09,1.61,24.24,15.82,36.6,nasa,0.58
2024-10-10,7.13,19.55,15.55,24.15,nasa,0.6
2024-10-11,6.0,22.56,16.44,29.83,nasa,0.6
2024-10-12,0.19,23.51,18.39,29.71,nasa,0.61
2024-10-13,0.24,22.45,16.23,31.68,nasa,0.6
2024-10-14,0.18,21.96,14.52,31.67,nasa,0.6
2024-10-15,0.0,21.56,14.21,29.6,nasa,0.6
2024-10-16,11.31,22.81,17.12,28.69,nasa,0.61
2024-10-17,0.28,24.44,17.65,31.96,nasa,0.61
2024-10-18,3.45,23.55,16.43,32.18,nasa,0.61
2024-10-19,22.72,19.71,16.53,23.75,nasa,0.63
2024-10-20,15.77,17.6,15.4,20.73,nasa,0.67
2024-10-21,0.47,20.36,15.88,25.68,nasa,0.66
2024-10-22,2.19,22.48,16.46,29.68,nasa,0.65
2024-10-23,8.17,23.24,17.75,30.18,nasa,0.65
2024-10-24,26.29,22.53,19.57,27.1,nasa,0.68
2024-10-25,5.76,21.49,18.68,25.77,nasa,0.7
2024-10-26,2.98,22.96,18.44,28.54,nasa,0.68
2024-10-27,7.44,20.55,15.64,26.63,nasa,0.68
2024-10-28,7.94,19.59,14.37,26.25,nasa,0.69
2024-10-29,0.11,20.86,16.87,27.13,nasa,0.69
2024-10-30,0.07,21.13,14.92,28.81,nasa,0.68
2024-10-31,0.01,20.67,14.18,27.96,nasa,0.67
2024-11-01,0.0,21.23,14.47,29.05,nasa,0.66
2024-11-02,1.66,21.86,15.82,29.17,nasa,0.66
2024-11-03,3.38,20.11,17.5,23.42,nasa,0.66
2024-11-04,12.31,19.53,17.36,22.72,nasa,0.67
2024-11-05,30.39,20.11,16.95,24.41,nasa,0.7
2024-11-06,13.82,21.28,17.11,26.76,nasa,0.73
2024-11-07,7.2,20.52,17.17,25.49,nasa,0.73
2024-11-08,12.92,20.44,18.18,24.9,nasa,0.73
2024-11-09,7.34,19.82,16.07,25.21,nasa,0.74
2024-11-10,0.19,20.55,13.73,28.58,nasa,0.73
2024-11-11,0.21,21.23,14.3,28.74,nasa,0.72
2024-11-12,1.12,23.02,15.63,30.31,nasa,0.71
2024-11-13,10.75,20.13,16.74,23.96,nasa,0.71
2024-11-14,3.48,19.81,13.69,26.78,nasa,0.71
2024-11-15,17.2,20.59,15.15,26.9,nasa,0.72
2024-11-16,35.94,18.76,16.45,20.51,nasa,0.76
2024-11-17,3.0,20.71,15.81,26.88,nasa,0.77
2024-11-18,0.17,21.7,15.54,27.71,nasa,0.76
2024-11-19,0.51,22.63,15.5,29.7,nasa,0.74
2024-11-20,0.95,22.79,17.03,29.01,nasa,0.73
2024-11-21,2.2,22.66,17.69,29.94,nasa,0.72
2024-11-22,2.41,20.01,16.31,25.89,nasa,0.72
2024-11-23,0.95,19.72,15.06,27.36,nasa,0.72
2024-11-24,0.16,18.71,12.96,25.47,nasa,0.71
2024-11-25,0.03,19.54,13.83,26.36,nasa,0.71
2024-11-26,0.01,21.11,14.25,28.69,nasa,0.7
2024-11-27,0.0,22.66,14.05,30.01,nasa,0.69
2024-11-28,1.77,24.38,17.86,31.0,nasa,0.69
2024-11-29,2.67,21.82,19.03,25.21,nasa,0.69
2024-11-30,2.33,23.89,18.59,30.51,nasa,0.69
2024-12-01,0.13,23.64,18.19,30.22,nasa,0.69
2024-12-02,4.18,23.06,19.26,27.94,nasa,0.68
2024-12-03,23.69,21.8,19.43,25.61,nasa,0.71
2024-12-04,6.77,21.23,16.93,26.27,nasa,0.72
2024-12-05,6.03,20.9,16.21,26.34,nasa,0.73
2024-12-06,0.07,22.72,18.07,28.44,nasa,0.72
2024-12-07,0.01,22.68,16.73,29.71,nasa,0.71
2024-12-08,0.14,23.12,16.91,29.53,nasa,0.7
2024-12-09,6.42,22.63,17.93,28.99,nasa,0.7
2024-12-10,4.1,21.54,18.59,24.85,nasa,0.7
2024-12-11,0.37,21.22,15.73,29.08,nasa,0.7
2024-12-12,0.26,20.63,14.82,26.71,nasa,0.69
2024-12-13,0.06,21.29,15.83,27.53,nasa,0.69
2024-12-14,9.53,20.75,18.62,23.54,nasa,0.69
2024-12-15,6.38,20.92,17.66,25.05,nasa,0.7
2024-12-16,5.99,21.49,17.16,26.42,nasa,0.71
2024-12-17,0.55,21.35,14.82,28.84,nasa,0.7
2024-12-18,0.6,21.36,14.58,28.48,nasa,0.69
2024-12-19,0.79,22.99,16.19,29.86,nasa,0.69
2024-12-20,11.43,21.85,17.99,26.44,nasa,0.69
2024-12-21,8.96,21.43,18.48,25.7,nasa,0.7
2024-12-22,5.92,22.14,18.85,28.06,nasa,0.71
2024-12-23,1.95,21.77,17.93,27.39,nasa,0.71
2024-12-24,1.01,21.72,17.05,28.64,nasa,0.7
2024-12-25,5.24,22.59,16.27,29.35,nasa,0.7
2024-12-26,29.06,20.88,18.49,23.79,nasa,0.72
2024-12-27,12.21,21.37,19.04,24.83,nasa,0.74
2024-12-28,7.81,22.54,19.16,28.25,nasa,0.75
2024-12-29,6.92,21.63,16.47,27.54,nasa,0.74
2024-12-30,3.22,21.98,16.81,28.37,nasa,0.74
2024-12-31,1.32,22.38,16.56,28.42,nasa,0.73
2025-01-01,1.53,20.44,17.02,24.01,nasa,0.72
2025-01-02,3.23,22.13,17.28,27.88,nasa,0.72
2025-01-03,2.73,22.24,17.01,28.22,nasa,0.71
2025-01-04,4.79,20.27,16.23,24.23,nasa,0.71
2025-01-05,3.1,21.43,14.98,28.26,nasa,0.72
2025-01-06,1.45,22.16,15.93,29.0,nasa,0.71
2025-01-07,1.83,21.04,17.17,25.86,nasa,0.7
2025-01-08,2.85,21.98,16.91,28.57,nasa,0.7
2025-01-09,4.22,21.21,16.75,27.61,nasa,0.7
2025-01-10,0.74,20.78,14.95,27.65,nasa,0.7
2025-01-11,1.21,21.28,15.05,28.74,nasa,0.69
2025-01-12,2.7,20.56,15.94,27.75,nasa,0.69
2025-01-13,0.89,20.66,15.04,28.37,nasa,0.69
2025-01-14,3.37,20.0,15.43,25.33,nasa,0.68
2025-01-15,0.87,20.03,16.24,23.92,nasa,0.69
2025-01-16,4.45,21.12,17.9,25.85,nasa,0.69
2025-01-17,3.89,22.78,19.02,27.92,nasa,0.69
2025-01-18,0.17,24.59,17.89,31.34,nasa,0.69
2025-01-19,1.44,24.26,18.98,30.25,nasa,0.68
2025-01-20,1.06,24.37,19.5,30.7,nasa,0.68
2025-01-21,0.49,25.14,18.89,31.69,nasa,0.67
2025-01-22,1.65,24.51,20.45,29.33,nasa,0.67
2025-01-23,2.09,23.95,19.89,29.92,nasa,0.67
2025-01-24,0.89,23.0,19.09,28.91,nasa,0.67
2025-01-25,2.25,23.02,17.04,29.29,nasa,0.67
2025-01-26,3.1,22.24,19.17,27.06,nasa,0.67
2025-01-27,6.29,22.58,19.11,27.69,nasa,0.67
2025-01-28,4.79,23.18,18.65,29.66,nasa,0.68
2025-01-29,9.49,22.45,18.73,28.08,nasa,0.68
2025-01-30,13.21,20.9,18.01,24.67,nasa,0.7
2025-01-31,9.1,20.0,17.42,22.96,nasa,0.71
2025-02-01,13.16,20.94,18.41,25.38,nasa,0.72
2025-02-02,13.01,21.1,17.95,25.67,nasa,0.73
2025-02-03,2.37,21.52,17.84,26.09,nasa,0.73
2025-02-04,1.75,22.65,17.05,28.58,nasa,0.72
2025-02-05,1.52,22.84,17.85,28.81,nasa,0.71
2025-02-06,0.14,23.65,18.16,29.61,nasa,0.7
2025-02-07,1.54,23.73,17.43,31.08,nasa,0.69
2025-02-08,0.11,21.92,14.72,30.0,nasa,0.69
2025-02-09,1.04,22.59,16.02,29.65,nasa,0.68
2025-02-10,0.71,22.59,17.31,30.09,nasa,0.68
2025-02-11,0.02,22.37,16.68,28.26,nasa,0.67
2025-02-12,0.07,23.36,15.59,30.97,nasa,0.67
2025-02-13,0.14,22.14,18.36,26.41,nasa,0.67
2025-02-14,1.81,22.76,18.38,28.7,nasa,0.66
2025-02-15,0.53,23.83,17.71,30.95,nasa,0.66
2025-02-16,0.0,24.61,16.5,32.71,nasa,0.66
2025-02-17,0.0,25.05,18.21,33.74,nasa,0.65
2025-02-18,0.05,25.47,17.88,34.44,nasa,0.65
2025-02-19,0.06,25.67,17.72,33.7,nasa,0.65
2025-02-20,0.28,25.04,17.33,33.66,nasa,0.64
2025-02-21,1.41,24.79,19.01,32.67,nasa,0.64
2025-02-22,0.38,23.33,18.05,30.91,nasa,0.64
2025-02-23,1.8,22.65,16.43,30.12,nasa,0.64
2025-02-24,0.22,23.27,15.53,31.78,nasa,0.64
2025-02-25,0.0,23.47,16.49,31.4,nasa,0.63
2025-02-26,0.0,24.33,15.35,33.3,nasa,0.63
2025-02-27,2.69,23.66,16.32,32.12,nasa,0.63
2025-02-28,0.39,23.67,16.74,32.78,nasa,0.63
2025-03-01,0.11,23.74,16.52,33.04,nasa,0.63
2025-03-02,0.01,23.88,16.28,33.5,nasa,0.62
2025-03-03,0.01,23.81,16.03,32.72,nasa,0.62
2025-03-04,0.06,23.65,16.4,32.19,nasa,0.62
2025-03-05,0.02,23.35,17.07,31.94,nasa,0.62
2025-03-06,0.09,22.76,15.03,32.23,nasa,0.62
2025-03-07,0.21,23.24,16.92,31.87,nasa,0.61
2025-03-08,0.59,23.82,16.9,32.54,nasa,0.61
2025-03-09,3.89,24.3,17.6,31.99,nasa,0.61
2025-03-10,1.38,23.73,16.67,31.83,nasa,0.62
2025-03-11,2.52,23.42,17.44,31.31,nasa,0.62
2025-03-12,2.03,24.23,18.64,32.27,nasa,0.62
2025-03-13,2.62,23.94,17.22,32.16,nasa,0.62
2025-03-14,2.42,24.07,18.14,32.11,nasa,0.62
2025-03-15,2.77,23.98,18.44,32.05,nasa,0.62
2025-03-16,31.53,22.94,18.58,30.68,nasa,0.63
2025-03-17,7.71,21.67,18.04,26.91,nasa,0.68
2025-03-18,5.12,22.47,17.29,28.39,nasa,0.67
2025-03-19,11.02,21.39,17.91,26.26,nasa,0.67
2025-03-20,0.33,21.19,16.77,28.15,nasa,0.68
2025-03-21,0.05,21.82,15.68,29.42,nasa,0.67
2025-03-22,0.54,22.52,16.5,29.73,nasa,0.66
2025-03-23,18.61,22.12,17.35,28.74,nasa,0.66
2025-03-24,28.75,19.99,17.42,23.2,nasa,0.7
2025-03-25,5.49,22.02,16.98,28.67,nasa,0.72
2025-03-26,1.84,21.43,16.21,28.38,nasa,0.71
2025-03-27,0.23,21.14,17.18,26.93,nasa,0.7
2025-03-28,0.98,21.44,15.68,28.5,nasa,0.69
2025-03-29,0.42,21.85,16.16,28.51,nasa,0.68
2025-03-30,1.6,22.37,17.28,28.59,nasa,0.68
2025-03-31,6.28,21.19,17.72,25.94,nasa,0.68
2025-04-01,15.31,22.39,17.54,28.35,nasa,0.69
2025-04-02,2.71,21.91,18.99,26.96,nasa,0.71
2025-04-03,5.56,21.91,17.48,27.78,nasa,0.7
2025-04-04,20.36,21.86,17.44,27.67,nasa,0.7
2025-04-05,20.16,18.73,14.36,22.98,nasa,0.75
2025-04-06,0.15,17.39,13.53,23.38,nasa,0.73
2025-04-07,0.01,17.45,12.7,24.25,nasa,0.72
2025-04-08,0.24,18.33,11.87,25.23,nasa,0.71
2025-04-09,7.77,19.92,13.81,25.83,nasa,0.71
2025-04-10,3.52,20.46,16.09,26.11,nasa,0.72
2025-04-11,0.28,19.77,14.97,26.61,nasa,0.71
2025-04-12,0.06,19.13,14.34,25.68,nasa,0.71
2025-04-13,0.32,19.29,15.04,25.33,nasa,0.7
2025-04-14,0.14,20.46,15.68,26.82,nasa,0.69
2025-04-15,4.78,20.04,14.83,26.36,nasa,0.69
2025-04-16,3.37,19.86,15.39,25.88,nasa,0.7
2025-04-17,0.12,21.13,16.74,28.23,nasa,0.69
2025-04-18,0.32,21.3,16.0,27.19,nasa,0.69
2025-04-19,4.46,20.11,16.66,24.15,nasa,0.69
2025-04-20,0.59,20.23,15.71,26.78,nasa,0.69
2025-04-21,1.27,19.18,15.53,25.4,nasa,0.69
2025-04-22,0.23,18.74,14.42,25.29,nasa,0.68
2025-04-23,0.05,19.27,14.73,25.68,nasa,0.68
2025-04-24,6.44,19.4,14.95,24.59,nasa,0.68
2025-04-25,6.58,19.46,17.39,23.3,nasa,0.7
2025-04-26,1.36,20.59,15.94,26.01,nasa,0.7
2025-04-27,0.19,21.12,15.64,27.06,nasa,0.69
2025-04-28,1.61,19.99,16.5,24.18,nasa,0.69
2025-04-29,0.27,19.1,14.93,25.47,nasa,0.69
2025-04-30,0.1,18.25,13.8,25.02,nasa,0.68
2025-05-01,0.05,17.96,12.99,25.18,nasa,0.68
2025-05-02,0.05,17.29,12.19,24.83,nasa,0.67
2025-05-03,0.0,17.45,11.16,25.22,nasa,0.67
2025-05-04,0.0,17.28,11.74,24.86,nasa,0.67
2025-05-05,0.23,16.68,12.72,23.49,nasa,0.67
2025-05-06,0.38,17.7,11.95,24.39,nasa,0.66
2025-05-07,0.48,19.1,13.7,25.38,nasa,0.66
2025-05-08,0.3,19.15,12.52,26.69,nasa,0.66
2025-05-09,0.5,18.53,12.35,26.84,nasa,0.66
2025-05-10,0.36,20.52,13.4,28.61,nasa,0.66
2025-05-11,3.02,18.32,13.77,25.61,nasa,0.66
2025-05-12,2.21,16.1,12.9,21.39,nasa,0.66
2025-05-13,0.32,17.66,12.8,24.54,nasa,0.66
2025-05-14,0.91,16.22,11.86,22.51,nasa,0.66
2025-05-15,0.58,16.17,11.54,24.06,nasa,0.66
2025-05-16,0.15,16.22,10.47,24.34,nasa,0.65
2025-05-17,0.14,17.16,9.89,25.49,nasa,0.65
2025-05-18,0.09,17.83,10.6,25.24,nasa,0.65
2025-05-19,0.04,18.31,10.11,26.64,nasa,0.65
2025-05-20,0.0,18.39,10.87,26.04,nasa,0.65
2025-05-21,1.31,18.95,13.1,26.49,nasa,0.65
2025-05-22,1.35,17.94,11.01,25.83,nasa,0.65
2025-05-23,1.53,17.26,10.99,24.76,nasa,0.65
2025-05-24,0.37,17.34,12.7,24.3,nasa,0.65
2025-05-25,0.02,17.63,12.11,24.45,nasa,0.64
2025-05-26,0.02,17.42,10.72,25.4,nasa,0.64
2025-05-27,1.22,18.05,12.99,24.56,nasa,0.64
2025-05-28,0.01,17.93,13.19,24.71,nasa,0.64
2025-05-29,0.43,16.13,11.84,21.43,nasa,0.64
2025-05-30,0.09,16.11,11.27,23.08,nasa,0.64
2025-05-31,1.43,16.78,10.34,24.79,nasa,0.64
2025-06-01,0.17,17.81,11.91,26.4,nasa,0.64
2025-06-02,0.68,16.7,10.07,25.52,nasa,0.64
2025-06-03,0.7,17.07,12.86,23.09,nasa,0.64
2025-06-04,0.24,18.11,11.58,26.16,nasa,0.64
2025-06-05,0.35,18.86,13.66,26.07,nasa,0.63
2025-06-06,1.74,17.65,13.27,24.97,nasa,0.63
2025-06-07,1.48,17.93,13.12,24.81,nasa,0.64
2025-06-08,2.09,17.08,11.18,24.21,nasa,0.64
2025-06-09,25.25,16.37,13.1,21.95,nasa,0.65
2025-06-10,4.83,15.17,10.32,21.41,nasa,0.69
2025-06-11,0.12,13.32,9.23,20.37,nasa,0.68
2025-06-12,0.05,10.97,6.67,17.95,nasa,0.67
2025-06-13,0.0,11.81,6.94,19.44,nasa,0.66
2025-06-14,0.0,11.42,5.71,19.78,nasa,0.66
2025-06-15,0.0,12.25,6.12,19.93,nasa,0.66
2025-06-16,0.0,15.66,9.66,24.75,nasa,0.66
2025-06-17,0.05,14.29,7.63,22.84,nasa,0.65
2025-06-18,0.04,14.71,7.61,22.51,nasa,0.65
2025-06-19,0.56,15.98,9.08,23.33,nasa,0.65
2025-06-20,0.01,16.72,10.61,23.77,nasa,0.65
2025-06-21,0.01,16.57,9.35,24.18,nasa,0.65
2025-06-22,0.0,16.97,10.53,24.92,nasa,0.65
2025-06-23,0.02,17.97,12.34,25.35,nasa,0.64
2025-06-24,0.24,13.56,5.48,17.49,nasa,0.64
2025-06-25,0.0,12.43,3.21,22.91,nasa,0.64
2025-06-26,0.11,15.26,9.0,24.23,nasa,0.64
2025-06-27,0.04,17.45,9.59,26.08,nasa,0.64
2025-06-28,0.01,17.14,11.39,25.82,nasa,0.64
2025-06-29,0.06,16.92,11.14,24.55,nasa,0.64
2025-06-30,0.0,18.36,12.58,25.99,nasa,0.63
2025-07-01,0.0,16.57,10.48,24.48,nasa,0.63
2025-07-02,0.16,15.75,10.98,22.82,nasa,0.63
2025-07-03,0.28,14.19,9.86,20.5,nasa,0.63
2025-07-04,0.06,14.21,10.12,20.6,nasa,0.63
2025-07-05,0.0,14.41,9.31,21.87,nasa,0.63
2025-07-06,0.0,14.81,9.5,23.07,nasa,0.63
2025-07-07,0.0,14.33,8.25,22.7,nasa,0.63
2025-07-08,0.0,14.7,6.91,22.78,nasa,0.63
2025-07-09,0.01,14.36,7.42,22.79,nasa,0.63
2025-07-10,0.0,14.53,8.98,22.23,nasa,0.63
2025-07-11,0.0,15.46,9.25,22.92,nasa,0.62
2025-07-12,0.0,14.92,8.51,22.66,nasa,0.62
2025-07-13,0.0,14.29,8.8,21.83,nasa,0.62
2025-07-14,0.0,14.86,8.62,21.76,nasa,0.62
2025-07-15,0.0,14.88,8.96,23.63,nasa,0.62
2025-07-16,0.0,15.38,8.46,24.18,nasa,0.62
2025-07-17,0.0,14.85,7.26,23.79,nasa,0.62
2025-07-18,0.02,15.72,7.78,24.44,nasa,0.62
2025-07-19,0.0,15.53,8.23,24.73,nasa,0.62
2025-07-20,0.0,15.5,8.0,24.82,nasa,0.62
2025-07-21,0.0,16.3,8.43,25.26,nasa,0.61
2025-07-22,0.02,17.89,11.53,26.18,nasa,0.61
2025-07-23,0.0,17.42,11.1,26.25,nasa,0.61
2025-07-24,0.02,16.31,9.62,24.49,nasa,0.61
2025-07-25,8.76,16.19,11.28,23.12,nasa,0.62
2025-07-26,0.58,16.91,10.71,25.24,nasa,0.63
2025-07-27,0.02,16.29,8.65,25.58,nasa,0.62
2025-07-28,0.76,17.74,10.65,25.6,nasa,0.62
2025-07-29,0.07,15.1,6.62,22.79,nasa,0.62
2025-07-30,0.0,11.14,2.57,21.94,nasa,0.62
2025-07-31,0.0,12.48,4.71,23.03,nasa,0.62
2025-08-01,0.0,14.35,6.08,25.11,nasa,0.61
2025-08-02,0.0,14.96,5.96,24.68,nasa,0.61
2025-08-03,0.0,15.6,7.05,24.96,nasa,0.61
2025-08-04,0.0,15.77,7.82,25.0,nasa,0.61
2025-08-05,0.0,14.83,10.78,20.68,nasa,0.61
2025-08-06,0.01,15.4,9.14,23.13,nasa,0.61
2025-08-07,0.01,16.5,8.37,25.09,nasa,0.61
2025-08-08,0.62,18.07,12.12,25.95,nasa,0.61
2025-08-09,0.46,14.5,8.3,20.69,nasa,0.61
2025-08-10,0.01,12.1,4.76,21.88,nasa,0.61
2025-08-11,0.03,13.08,6.8,22.37,nasa,0.6
2025-08-12,0.02,13.56,6.45,22.76,nasa,0.6
2025-08-13,0.01,15.22,5.37,25.01,nasa,0.6
2025-08-14,0.0,17.22,10.39,27.03,nasa,0.6
2025-08-15,0.01,16.4,9.45,26.16,nasa,0.6
2025-08-16,0.03,17.29,10.62,26.38,nasa,0.6
2025-08-17,0.03,17.58,9.9,26.03,nasa,0.6
2025-08-18,0.0,17.75,10.51,27.61,nasa,0.6
2025-08-19,0.0,17.58,10.55,26.22,nasa,0.6
2025-08-20,0.0,19.39,10.59,28.77,nasa,0.6
2025-08-21,0.0,21.33,13.41,30.23,nasa,0.6
2025-08-22,0.0,21.42,13.74,31.54,nasa,0.59
2025-08-23,0.0,19.9,11.9,29.64,nasa,0.59
2025-08-24,0.0,21.02,12.38,30.88,nasa,0.59
2025-08-25,0.0,21.24,13.72,29.76,nasa,0.59
2025-08-26,0.09,19.96,13.11,28.66,nasa,0.59
2025-08-27,0.8,18.8,12.4,26.66,nasa,0.59
2025-08-28,0.12,19.35,11.38,28.16,nasa,0.59
2025-08-29,2.38,16.76,12.47,22.97,nasa,0.59
2025-08-30,0.48,17.0,12.47,23.62,nasa,0.6
2025-08-31,0.09,17.56,11.12,26.21,nasa,0.6
2025-09-01,0.06,18.22,12.03,26.27,nasa,0.59
2025-09-02,0.02,18.29,12.82,26.18,nasa,0.59
2025-09-03,0.03,18.15,12.21,26.89,nasa,0.59
2025-09-04,0.0,18.76,10.44,27.5,nasa,0.59
2025-09-05,0.0,20.66,12.14,29.7,nasa,0.59
2025-09-06,0.05,20.08,11.63,30.23,nasa,0.59
2025-09-07,0.07,19.99,12.75,28.56,nasa,0.59
2025-09-08,0.01,21.34,14.54,29.42,nasa,0.59
2025-09-09,0.0,21.77,14.38,31.18,nasa,0.59
2025-09-10,0.02,20.47,11.42,31.43,nasa,0.59
2025-09-11,0.0,20.29,10.55,31.57,nasa,0.59
2025-09-12,0.0,19.96,10.48,31.11,nasa,0.59
2025-09-13,0.12,18.2,12.0,26.49,nasa,0.59
2025-09-14,0.04,19.31,12.13,28.84,nasa,0.59
2025-09-15,0.01,20.43,11.89,30.27,nasa,0.59
2025-09-16,3.74,20.46,12.96,30.3,nasa,0.59
2025-09-17,0.07,20.73,13.91,29.98,nasa,0.59
2025-09-18,0.01,19.94,11.3,30.27,nasa,0.59
2025-09-19,0.77,21.37,13.01,30.16,nasa,0.59
2025-09-20,1.18,22.88,16.07,30.64,nasa,0.59
2025-09-21,0.08,23.54,15.5,32.43,nasa,0.59
2025-09-22,9.01,23.7,18.5,31.03,nasa,0.59
2025-09-23,0.14,20.99,14.52,30.4,nasa,0.61
2025-09-24,0.51,18.66,13.3,27.49,nasa,0.6
2025-09-25,0.41,16.29,12.09,23.7,nasa,0.6
2025-09-26,0.43,15.69,9.72,24.73,nasa,0.6
2025-09-27,0.02,16.51,7.63,27.09,nasa,0.6
2025-09-28,0.0,18.75,7.7,29.46,nasa,0.6
2025-09-29,0.02,22.17,13.85,31.92,nasa,0.59
2025-09-30,0.01,22.99,13.12,33.79,nasa,0.59
2025-10-01,0.05,22.67,13.49,33.33,nasa,0.59
2025-10-02,0.1,22.17,13.8,32.53,nasa,0.59
2025-10-03,0.0,21.5,15.73,28.89,nasa,0.59
2025-10-04,0.03,20.85,15.39,26.76,nasa,0.59
2025-10-05,0.01,23.24,14.53,32.58,nasa,0.59
2025-10-06,0.0,24.9,15.5,33.92,nasa,0.59
2025-10-07,0.05,25.6,17.2,34.29,nasa,0.59
2025-10-08,5.56,20.08,14.64,28.75,nasa,0.59
2025-10-09,11.93,17.92,13.22,24.44,nasa,0.62
2025-10-10,3.35,18.33,13.34,25.45,nasa,0.62
2025-10-11,1.77,21.16,14.54,28.8,nasa,0.62
2025-10-12,2.5,22.06,15.24,30.04,nasa,0.61
2025-10-13,3.2,22.39,15.78,29.75,nasa,0.61
2025-10-14,0.92,22.7,16.74,30.43,nasa,0.61
2025-10-15,0.09,22.0,14.62,30.83,nasa,0.61
2025-10-16,0.01,22.93,14.12,31.47,nasa,0.61
2025-10-17,0.02,24.06,15.31,32.73,nasa,0.6
2025-10-18,6.78,22.24,18.37,30.01,nasa,0.6
2025-10-19,3.69,16.71,10.91,23.18,nasa,0.62
2025-10-20,0.04,14.94,9.74,23.36,nasa,0.61
2025-10-21,0.04,14.41,6.18,23.67,nasa,0.61
2025-10-22,0.05,15.49,7.5,24.71,nasa,0.61
2025-10-23,0.08,16.62,9.53,26.2,nasa,0.6
2025-10-24,0.05,17.44,9.05,26.77,nasa,0.6
2025-10-25,0.11,19.94,11.54,28.46,nasa,0.6
2025-10-26,0.06,22.21,12.07,31.18,nasa,0.6
2025-10-27,3.63,22.38,14.85,30.48,nasa,0.6
2025-10-28,3.02,21.55,16.04,28.12,nasa,0.6
2025-10-29,1.09,23.16,17.2,30.93,nasa,0.6
2025-10-30,4.87,21.8,16.54,29.36,nasa,0.6
2025-10-31,10.01,20.98,15.01,28.35,nasa,0.61
2025-11-01,3.4,22.04,15.44,29.21,nasa,0.62
2025-11-02,10.04,21.41,17.05,27.52,nasa,0.63
2025-11-03,1.99,21.29,17.69,26.41,nasa,0.64
2025-11-04,5.57,23.14,15.74,29.89,nasa,0.63
2025-11-05,0.78,23.58,16.89,32.15,nasa,0.63
2025-11-06,0.78,22.35,14.69,31.18,nasa,0.63
2025-11-07,0.81,21.88,12.1,31.28,nasa,0.62
2025-11-08,15.0,22.89,18.52,30.83,nasa,0.63
2025-11-09,2.99,19.98,13.19,29.53,nasa,0.65
2025-11-10,0.81,19.55,12.24,29.92,nasa,0.64
2025-11-11,0.0,19.65,10.34,30.47,nasa,0.63
2025-11-12,0.0,20.97,11.61,31.15,nasa,0.63
2025-11-13,0.16,22.28,13.15,32.31,nasa,0.62
2025-11-14,1.52,22.0,16.92,29.9,nasa,0.62
2025-11-15,0.52,22.04,16.45,29.3,nasa,0.62
2025-11-16,5.2,19.78,17.19,23.98,nasa,0.62
2025-11-17,2.07,21.1,16.88,28.24,nasa,0.63
2025-11-18,2.11,21.86,16.77,29.3,nasa,0.63
2025-11-19,0.01,20.45,11.64,29.45,nasa,0.62
2025-11-20,0.0,19.79,11.83,29.69,nasa,0.62
2025-11-21,0.0,20.92,10.86,30.83,nasa,0.62
2025-11-22,1.61,23.63,16.16,31.64,nasa,0.61
2025-11-23,2.24,21.0,15.13,28.16,nasa,0.61
2025-11-24,4.38,20.46,15.71,26.94,nasa,0.62
2025-11-25,0.34,20.61,14.16,28.84,nasa,0.62
2025-11-26,0.0,20.1,10.83,30.85,nasa,0.61
2025-11-27,0.0,21.5,11.54,31.0,nasa,0.61
2025-11-28,1.65,22.24,15.22,29.68,nasa,0.61
2025-11-29,0.06,23.69,15.8,33.37,nasa,0.61
2025-11-30,0.0,23.52,13.52,34.26,nasa,0.6
2025-12-01,0.53,24.48,14.03,33.94,nasa,0.6
2025-12-02,1.76,23.77,17.41,30.89,nasa,0.6
2025-12-03,5.44,23.3,17.61,30.55,nasa,0.6
2025-12-04,3.86,21.24,15.95,28.56,nasa,0.61
2025-12-05,0.01,22.5,14.04,31.91,nasa,0.61
2025-12-06,0.02,23.41,15.04,32.4,nasa,0.61
2025-12-07,0.0,23.12,16.57,31.47,nasa,0.6
2025-12-08,1.19,23.12,17.12,29.9,nasa,0.6
2025-12-09,13.89,19.94,17.91,23.19,nasa,0.61
2025-12-10,11.15,21.43,18.24,26.99,nasa,0.64
2025-12-11,0.27,23.0,17.53,30.67,nasa,0.64
2025-12-12,1.36,24.1,16.3,33.08,nasa,0.63
2025-12-13,19.46,22.09,18.65,26.21,nasa,0.65
2025-12-14,4.2,22.56,18.86,28.83,nasa,0.66
2025-12-15,6.31,23.14,17.94,29.55,nasa,0.65
2025-12-16,3.73,24.61,18.38,32.52,nasa,0.65
2025-12-17,7.55,19.24,15.2,22.27,nasa,0.66
2025-12-18,3.53,19.88,14.76,26.68,nasa,0.66
2025-12-19,5.29,21.28,17.02,27.53,nasa,0.66
2025-12-20,1.61,21.73,16.99,28.59,nasa,0.66
2025-12-21,0.05,23.04,16.53,31.09,nasa,0.65
2025-12-22,0.05,22.74,15.32,31.25,nasa,0.65
2025-12-23,0.0,23.84,15.68,32.08,nasa,0.64
2025-12-24,0.0,25.41,17.26,33.94,nasa,0.63
2025-12-25,4.34,26.36,19.47,35.06,nasa,0.63
2025-12-26,1.07,26.04,19.68,34.62,nasa,0.63
2025-12-27,1.12,26.81,20.09,35.12,nasa,0.63
2025-12-28,1.87,27.61,19.41,36.41,nasa,0.63
2025-12-29,3.08,27.13,20.55,35.22,nasa,0.63
2025-12-30,11.15,25.94,19.19,32.77,nasa,0.64
2025-12-31,2.64,25.43,20.41,32.36,nasa,0.64
2026-01-01,7.37,24.53,19.02,31.93,nasa,0.64
2026-01-02,4.66,23.31,19.39,29.2,nasa,0.65
2026-01-03,5.09,22.48,18.77,29.4,nasa,0.65
2026-01-04,0.88,23.77,17.94,31.91,nasa,0.65
2026-01-05,2.64,20.72,14.95,29.0,nasa,0.65
2026-01-06,0.42,20.16,13.91,27.78,nasa,0.64
2026-01-07,1.4,19.74,16.14,24.93,nasa,0.64
2026-01-08,0.04,23.05,16.08,31.32,nasa,0.64
2026-01-09,0.02,24.66,16.71,33.05,nasa,0.63
2026-01-10,0.02,24.74,17.07,33.79,nasa,0.63
2026-01-11,0.0,24.05,14.9,33.5,nasa,0.62
2026-01-12,0.01,25.2,14.89,34.29,nasa,0.62
2026-01-13,5.12,24.81,19.16,31.36,nasa,0.62
2026-01-14,3.6,22.93,17.75,29.97,nasa,0.62
2026-01-15,9.83,21.55,17.5,26.84,nasa,0.63
2026-01-16,1.27,22.29,16.07,30.11,nasa,0.64
2026-01-17,7.49,21.83,17.43,28.34,nasa,0.64
2026-01-18,7.72,20.35,17.93,24.24,nasa,0.65
2026-01-19,9.17,21.85,17.79,28.32,nasa,0.66
2026-01-20,1.46,19.51,15.02,26.06,nasa,0.66
2026-01-21,0.68,18.91,14.23,26.02,nasa,0.66
2026-01-22,9.54,17.78,13.87,22.67,nasa,0.66
2026-01-23,12.67,18.77,15.29,24.14,nasa,0.67
2026-01-24,20.31,19.74,16.06,25.28,nasa,0.7
2026-01-25,9.57,20.23,17.54,23.87,nasa,0.71
2026-01-26,2.59,21.91,18.48,27.58,nasa,0.71
2026-01-27,6.8,21.02,17.66,26.21,nasa,0.7
2026-01-28,5.21,21.93,17.54,27.59,nasa,0.7
2026-01-29,16.05,21.18,17.75,26.38,nasa,0.7
2026-01-30,7.04,20.09,17.72,22.97,nasa,0.72
2026-01-31,1.13,21.68,17.83,27.45,nasa,0.71
2026-02-01,10.64,21.88,15.92,28.15,nasa,0.71
2026-02-02,8.84,21.53,18.53,25.82,nasa,0.71
2026-02-03,5.53,21.52,17.5,26.28,nasa,0.72
2026-02-04,2.33,21.88,18.7,26.64,nasa,0.71
2026-02-05,1.34,22.73,18.05,28.45,nasa,0.71
2026-02-06,3.01,22.86,18.94,28.26,nasa,0.7
2026-02-07,9.23,22.22,18.43,26.97,nasa,0.7
2026-02-08,7.07,20.81,18.35,24.16,nasa,0.71
2026-02-09,14.22,19.36,17.03,22.12,nasa,0.72
2026-02-10,10.22,19.15,17.4,21.98,nasa,0.74
2026-02-11,1.74,20.56,17.11,24.76,nasa,0.74
2026-02-12,0.32,21.81,17.56,27.25,nasa,0.73
2026-02-13,0.11,22.58,17.07,29.49,nasa,0.72
2026-02-14,0.0,22.01,16.23,29.99,nasa,0.71
2026-02-15,0.01,22.43,15.92,30.8,nasa,0.7
2026-02-16,0.14,23.22,16.79,31.34,nasa,0.69
2026-02-17,1.49,23.25,16.73,31.13,nasa,0.69
2026-02-18,2.56,22.69,16.92,30.08,nasa,0.68
2026-02-19,2.12,23.11,18.0,29.43,nasa,0.68
2026-02-20,3.34,23.81,18.76,30.26,nasa,0.68
2026-02-21,1.64,22.25,19.38,28.25,nasa,0.68
2026-02-22,1.9,22.46,18.79,28.47,nasa,0.68
2026-02-23,8.5,21.63,18.3,27.26,nasa,0.68
2026-02-24,4.91,21.48,18.92,25.31,nasa,0.7
2026-02-25,6.38,23.04,18.87,29.05,nasa,0.7
2026-02-26,7.93,22.88,18.73,28.78,nasa,0.7
2026-02-27,1.14,21.5,16.05,28.81,nasa,0.7
2026-02-28,0.06,20.18,14.18,28.72,nasa,0.7
2026-03-01,0.02,19.76,12.89,28.39,nasa,0.69
2026-03-02,0.01,20.33,13.18,28.88,nasa,0.68
2026-03-03,1.2,20.77,14.19,28.7,nasa,0.67
2026-03-04,0.27,21.84,15.24,29.34,nasa,0.67
2026-03-05,2.07,21.75,17.15,27.43,nasa,0.67
2026-03-06,2.94,22.15,17.71,28.16,nasa,0.67
2026-03-07,7.75,22.43,18.17,28.55,nasa,0.67
2026-03-08,3.04,22.57,16.48,30.26,nasa,0.68
2026-03-09,8.9,21.79,17.54,27.87,nasa,0.68
2026-03-10,3.78,20.34,17.15,24.79,nasa,0.69
2026-03-11,9.01,20.06,17.76,24.23,nasa,0.7
2026-03-12,12.17,19.7,17.74,23.12,nasa,0.71
2026-03-13,7.91,20.08,17.09,23.69,nasa,0.72
2026-03-14,0.68,21.71,17.37,27.07,nasa,0.71
2026-03-15,0.64,21.91,15.72,29.58,nasa,0.7
2026-03-16,0.12,22.08,15.58,29.85,nasa,0.7
2026-03-17,0.01,22.48,15.55,30.01,nasa,0.69
2026-03-18,7.18,22.95,18.85,29.15,nasa,0.68
2026-03-19,12.83,20.76,17.73,24.73,nasa,0.7
2026-03-20,2.41,21.22,16.18,27.99,nasa,0.71
2026-03-21,0.09,21.4,14.74,28.84,nasa,0.7
2026-03-22,0.01,20.87,15.17,29.18,nasa,0.69
2026-03-23,0.02,19.84,13.08,28.24,nasa,0.68
2026-03-24,0.64,20.13,14.34,27.06,nasa,0.68
2026-03-25,0.45,20.51,14.05,26.88,nasa,0.67
2026-03-26,0.26,21.44,15.91,28.2,nasa,0.67
2026-03-27,0.03,21.48,14.68,29.85,nasa,0.67
2026-03-28,0.03,21.14,14.92,29.58,nasa,0.66
2026-03-29,0.11,21.3,15.14,30.16,nasa,0.66
2026-03-30,0.2,21.41,14.56,29.82,nasa,0.66
2026-03-31,13.06,19.63,16.39,24.57,nasa,0.66
2026-04-01,0.91,20.15,16.55,24.99,nasa,0.68
2026-04-02,2.72,20.96,15.7,26.86,nasa,0.67
2026-04-03,5.62,20.33,16.03,24.59,nasa,0.67
2026-04-04,3.11,21.88,16.03,28.87,nasa,0.68
2026-04-05,2.02,21.68,16.73,28.51,nasa,0.68
2026-04-06,3.2,20.21,17.02,25.01,nasa,0.68
2026-04-07,2.22,21.07,16.93,26.63,nasa,0.68
2026-04-08,5.53,20.87,16.75,26.1,nasa,0.68
2026-04-09,2.36,21.48,16.55,28.44,nasa,0.68
2026-04-10,1.47,20.44,15.64,27.43,nasa,0.68
2026-04-11,2.07,17.96,14.03,23.97,nasa,0.68
2026-04-12,0.22,19.13,13.91,26.67,nasa,0.67
2026-04-13,0.01,19.59,13.97,27.02,nasa,0.67
2026-04-14,0.01,19.79,14.35,27.61,nasa,0.66
2026-04-15,0.01,19.21,13.25,27.83,nasa,0.66
2026-04-16,0.08,19.06,12.24,27.35,nasa,0.66
2026-04-17,0.0,20.95,14.53,28.68,nasa,0.65
2026-04-18,0.0,21.35,15.67,29.09,nasa,0.65
2026-04-19,0.02,20.98,14.51,29.19,nasa,0.65
2026-04-20,0.97,18.75,11.74,28.58,nasa,0.65
2026-04-21,0.0,18.9,12.3,27.96,nasa,0.64
2026-04-22,0.03,19.66,12.63,28.16,nasa,0.64
2026-04-23,0.01,19.33,13.75,27.55,nasa,0.64
2026-04-24,0.0,19.45,13.33,27.24,nasa,0.64
2026-04-25,0.0,20.53,14.18,27.88,nasa,0.64
2026-04-26,0.0,21.1,14.85,29.0,nasa,0.63
2026-04-27,0.03,21.73,15.35,29.55,nasa,0.63
2026-04-28,2.49,22.26,16.31,29.52,nasa,0.63
2026-04-29,1.47,21.58,15.93,29.09,nasa,0.63
2026-04-30,0.15,21.81,14.9,30.41,nasa,0.63
2026-05-01,0.19,21.17,16.32,28.61,nasa,0.63
2026-05-02,0.01,19.93,13.15,28.4,nasa,0.63
2026-05-03,0.38,18.99,14.21,26.69,nasa,0.63
2026-05-04,0.05,18.75,12.35,26.79,nasa,0.63
2026-05-05,0.06,20.55,13.54,28.93,nasa,0.62
2026-05-06,0.02,20.28,13.65,29.47,nasa,0.62
2026-05-07,0.0,19.68,13.01,28.12,nasa,0.62
2026-05-08,0.0,19.65,15.08,27.87,nasa,0.62
2026-05-09,0.01,19.79,13.77,28.23,nasa,0.62
2026-05-10,0.37,19.94,13.73,27.01,nasa,0.62
2026-05-11,1.06,17.57,11.83,24.98,nasa,0.62
2026-05-12,0.11,17.19,10.36,25.94,nasa,0.62
2026-05-13,0.02,18.68,12.84,27.46,nasa,0.62
2026-05-14,0.09,18.47,12.29,25.53,nasa,0.62
2026-05-15,1.2,18.88,14.45,26.34,nasa,0.61
2026-05-16,0.22,20.02,14.25,26.7,nasa,0.61
2026-05-17,0.98,20.36,14.75,28.73,nasa,0.61
2026-05-18,0.21,19.59,14.85,26.81,nasa,0.61
2026-05-19,2.21,18.55,15.15,23.61,nasa,0.62
2026-05-20,11.94,17.87,15.27,21.76,nasa,0.63
2026-05-21,2.48,17.29,12.97,24.71,nasa,0.64
2026-05-22,0.13,16.39,12.59,22.0,nasa,0.64
2026-05-23,0.09,18.37,12.86,25.67,nasa,0.63
2026-05-24,0.05,18.03,12.92,25.15,nasa,0.63
2026-05-25,0.07,18.8,13.86,26.46,nasa,0.63
2026-05-26,0.03,19.1,13.42,26.95,nasa,0.63
2026-05-27,0.02,19.91,14.81,27.18,nasa,0.62
2026-05-28,0.01,17.75,12.07,26.28,nasa,0.62
2026-05-29,0.03,17.26,9.82,26.03,nasa,0.62
2026-05-30,0.17,17.16,12.52,23.81,nasa,0.62
2026-05-31,0.04,18.13,11.9,25.68,nasa,0.62
2026-06-01,0.6,17.92,12.07,24.98,nasa,0.62
2026-06-02,1.07,16.52,12.15,23.35,nasa,0.62
2026-06-03,0.07,16.67,11.2,24.01,nasa,0.62
2026-06-04,0.09,16.04,11.61,23.97,nasa,0.62
2026-06-05,0.03,14.27,9.31,22.28,nasa,0.61
2026-06-06,0.04,13.68,7.69,22.64,nasa,0.61
2026-06-07,0.01,15.35,8.71,24.25,nasa,0.61
2026-06-08,0.0,15.78,8.84,24.11,nasa,0.61
2026-06-09,0.02,16.49,10.36,24.35,nasa,0.61
2026-06-10,0.03,17.82,12.46,25.93,nasa,0.61
2026-06-11,9.17,16.15,11.91,21.61,nasa,0.62
2026-06-12,1.55,15.87,10.82,20.95,nasa,0.62
2026-06-13,3.22,17.37,14.85,22.1,nasa,0.63
2026-06-14,0.05,18.15,13.57,25.25,nasa,0.63
2026-06-15,6.92,16.85,13.73,21.96,nasa,0.63
2026-06-16,0.19,16.22,11.65,24.21,nasa,0.63
2026-06-17,0.09,14.67,8.94,23.55,nasa,0.63
2026-06-18,0.06,13.42,8.47,22.4,nasa,0.63
2026-06-19,0.02,14.39,8.21,22.84,nasa,0.63
2026-06-20,0.01,15.91,8.76,24.97,nasa,0.62
2026-06-21,0.03,17.42,12.01,24.5,nasa,0.62
2026-06-22,0.01,16.22,8.76,25.07,nasa,0.62
2026-06-23,0.1,17.73,10.28,26.15,nasa,0.62
2026-06-24,15.17,16.38,12.95,21.66,nasa,0.63
2026-06-25,9.88,14.57,12.54,18.56,nasa,0.65
2026-06-26,5.45,15.84,12.27,21.36,nasa,0.66
2026-06-27,0.03,17.33,10.85,25.0,nasa,0.66
2026-06-28,0.01,17.32,11.45,24.98,nasa,0.65
2026-06-29,0.0,17.63,10.13,25.31,nasa,0.65
2026-06-30,0.09,17.35,9.88,25.08,nasa,0.64
2026-07-01,0.04,18.49,10.37,26.29,nasa,0.64
2026-07-02,0.04,18.39,12.24,26.37,nasa,0.64
2026-07-03,0.1,18.61,12.83,26.99,nasa,0.63
2026-07-04,0.11,16.97,10.43,25.46,nasa,0.63
2026-07-05,0.12,17.32,12.24,24.59,nasa,0.63
2026-07-06,0.17,16.5,11.25,24.07,nasa,0.63
2026-07-07,0.02,15.99,9.59,23.67,nasa,0.63
2026-07-08,0.09,16.26,10.87,23.57,nasa,0.63
2026-07-09,0.27,16.57,10.7,25.37,nasa,0.63
2026-07-10,0.04,17.1,9.34,25.97,nasa,0.62
2026-07-11,0.02,17.65,11.87,26.35,nasa,0.62
2026-07-12,0.74,17.15,11.5,25.15,nasa,0.62
2026-07-13,0.89,14.59,8.49,21.84,nasa,0.62
2026-07-14,0.12,11.74,4.28,20.52,nasa,0.62
2026-07-15,0.25,13.66,8.29,22.73,nasa,0.62
2026-07-16,0.0,13.81,5.42,23.89,nasa,0.62
2026-07-17,0.04,13.34,5.52,23.28,nasa,0.62
2026-07-18,0.03,13.95,6.67,23.19,nasa,0.62
2026-07-19,0.07,15.7,7.99,25.05,nasa,0.61
2026-07-20,0.11,15.62,8.18,24.58,nasa,0.61
2026-07-21,0.04,16.42,9.29,24.93,nasa,0.61
2026-07-22,0.46,17.12,10.03,25.03,nasa,0.61
2026-07-23,0.18,18.14,12.01,26.62,nasa,0.61
2026-07-24,10.65,16.93,11.81,25.0,nasa,0.62
2026-07-25,1.57,16.62,12.38,23.75,nasa,0.63
2026-07-26,0.06,17.5,10.78,25.62,nasa,0.63
2026-07-27,0.06,18.55,11.59,27.15,nasa,0.63
2026-07-28,0.13,18.43,10.47,27.09,nasa,0.62
2026-07-29,0.01,18.56,10.64,27.95,nasa,0.62
2026-07-30,0.04,18.99,12.21,28.23,nasa,0.62
2026-07-31,0.07,16.71,11.06,26.38,nasa,0.62
2026-08-01,0.01,16.99,10.33,25.75,nasa,0.61
2026-08-02,0.01,16.99,7.98,27.17,nasa,0.61
2026-08-03,0.13,17.49,10.25,26.1,nasa,0.61
2026-08-04,0.0,18.2,10.33,26.09,nasa,0.61
2026-08-05,0.29,19.06,12.57,26.62,nasa,0.61
2026-08-06,0.07,18.95,12.21,27.47,nasa,0.61
2026-08-07,4.28,20.08,14.62,28.14,nasa,0.61
2026-08-08,0.39,21.45,15.03,29.6,nasa,0.61
2026-08-09,0.0,21.98,14.86,31.18,nasa,0.61
2026-08-10,0.11,20.07,14.23,30.05,nasa,0.61
2026-08-11,0.17,17.59,11.98,25.5,nasa,0.61
2026-08-12,0.03,17.91,11.34,25.36,nasa,0.61
2026-08-13,0.03,21.15,13.08,30.64,nasa,0.6
2026-08-14,0.12,22.46,16.37,29.95,nasa,0.6
2026-08-15,1.86,19.94,14.34,28.1,nasa,0.6
2026-08-16,0.64,19.9,14.4,28.96,nasa,0.6
2026-08-17,0.02,20.4,13.42,30.52,nasa,0.6
2026-08-18,0.0,20.45,11.67,30.93,nasa,0.6
2026-08-19,0.01,21.17,11.72,31.9,nasa,0.6
2026-08-20,0.01,20.98,12.61,31.41,nasa,0.6
2026-08-21,0.05,19.74,13.27,27.83,nasa,0.6
2026-08-22,0.1,18.3,12.02,28.26,nasa,0.6
2026-08-23,0.02,17.77,10.09,27.99,nasa,0.6
2026-08-24,0.22,18.7,12.0,27.85,nasa,0.6
2026-08-25,0.38,18.69,12.42,27.27,nasa,0.6
2026-08-26,1.43,18.73,15.12,25.58,nasa,0.6
2026-08-27,4.02,18.65,14.6,25.47,nasa,0.6
2026-08-28,0.23,20.59,13.1,30.15,nasa,0.6
2026-08-29,0.08,23.72,15.27,32.93,nasa,0.6
2026-08-30,7.14,24.96,17.59,34.23,nasa,0.6
2026-08-31,6.91,22.56,16.66,31.32,nasa,0.62
2026-09-01,10.24,21.28,16.91,29.49,nasa,0.45
2026-09-02,2.14,18.15,13.83,24.42,nasa,0.47
2026-09-03,0.15,18.55,11.98,26.15,nasa,0.46
2026-09-04,0.0,21.03,13.04,28.89,nasa,0.46
2026-09-05,1.75,21.92,15.36,30.02,nasa,0.45
2026-09-06,12.16,16.15,11.9,18.39,nasa,0.46
2026-09-07,2.28,13.25,10.38,16.96,nasa,0.47
2026-09-08,1.14,16.67,11.18,22.77,nasa,0.47
2026-09-09,6.01,18.85,14.94,24.49,nasa,0.47
2026-09-10,13.96,20.12,16.15,25.43,nasa,0.48
2026-09-11,2.66,22.02,16.48,28.49,nasa,0.49
2026-09-12,5.24,21.27,17.19,25.97,nasa,0.49
2026-09-13,5.88,19.18,15.58,25.2,nasa,0.49
2026-09-14,19.4,16.25,14.37,19.04,nasa,0.5
2026-09-15,7.19,18.9,14.62,25.76,nasa,0.52
2026-09-16,0.97,18.32,13.88,25.04,nasa,0.51
2026-09-17,1.04,16.73,12.45,22.11,nasa,0.5
2026-09-18,1.0,17.89,13.53,23.94,nasa,0.5
2026-09-19,0.52,18.84,13.96,25.21,nasa,0.49
2026-09-20,2.72,20.07,14.34,26.91,nasa,0.49
2026-09-21,3.8,21.49,16.61,28.08,nasa,0.49
2026-09-22,7.56,21.1,16.92,25.79,nasa,0.49
2026-09-23,,,,,missing,
2026-09-24,,,,,missing,
2026-09-25,,,,,missing,
