date,rain_mm,tmean_c,tmin_c,tmax_c,status,gwetroot_fraction
1981-01-01,10.8,21.09,16.75,26.2,nasa,0.8
1981-01-02,5.53,22.11,18.46,26.87,nasa,0.79
1981-01-03,8.6,21.58,17.94,26.21,nasa,0.79
1981-01-04,2.79,22.37,17.77,27.21,nasa,0.79
1981-01-05,4.17,22.75,19.0,27.06,nasa,0.78
1981-01-06,9.26,22.21,18.36,25.97,nasa,0.79
1981-01-07,2.04,22.89,19.14,27.01,nasa,0.79
1981-01-08,12.07,22.74,19.02,27.23,nasa,0.79
1981-01-09,7.06,21.54,18.56,25.13,nasa,0.8
1981-01-10,18.37,21.2,18.59,24.23,nasa,0.81
1981-01-11,23.72,21.06,18.33,23.79,nasa,0.83
1981-01-12,33.11,21.5,19.31,24.63,nasa,0.86
1981-01-13,21.87,21.62,18.85,25.27,nasa,0.87
1981-01-14,37.06,21.21,18.91,24.28,nasa,0.89
1981-01-15,28.98,21.45,18.72,24.64,nasa,0.9
1981-01-16,14.16,22.91,19.75,27.32,nasa,0.9
1981-01-17,2.52,22.93,19.01,26.87,nasa,0.89
1981-01-18,3.24,22.99,18.35,27.54,nasa,0.88
1981-01-19,0.74,22.44,19.2,25.65,nasa,0.87
1981-01-20,8.52,22.23,17.96,25.42,nasa,0.87
1981-01-21,4.88,22.79,18.42,27.62,nasa,0.87
1981-01-22,9.41,20.77,17.88,24.23,nasa,0.87
1981-01-23,4.57,21.57,16.11,26.68,nasa,0.87
1981-01-24,10.05,22.42,18.02,26.97,nasa,0.87
1981-01-25,14.33,22.3,17.74,26.84,nasa,0.88
1981-01-26,10.63,22.06,18.28,26.65,nasa,0.89
1981-01-27,3.56,21.01,17.01,25.21,nasa,0.88
1981-01-28,1.79,21.05,16.41,26.26,nasa,0.88
1981-01-29,0.37,21.39,16.43,26.93,nasa,0.87
1981-01-30,0.08,22.34,15.67,28.0,nasa,0.86
1981-01-31,3.01,22.35,17.45,26.81,nasa,0.85
1981-02-01,1.01,22.3,17.53,27.49,nasa,0.85
1981-02-02,0.35,23.0,16.81,28.23,nasa,0.85
1981-02-03,0.47,24.17,17.41,28.92,nasa,0.84
1981-02-04,1.62,24.21,20.35,27.45,nasa,0.83
1981-02-05,1.19,24.02,18.73,28.75,nasa,0.83
1981-02-06,4.53,22.01,19.92,24.77,nasa,0.83
1981-02-07,8.55,21.89,18.08,25.71,nasa,0.84
1981-02-08,5.42,20.9,18.62,24.16,nasa,0.84
1981-02-09,6.04,21.3,17.87,25.25,nasa,0.85
1981-02-10,5.09,21.44,16.44,26.85,nasa,0.84
1981-02-11,6.74,22.05,17.53,27.26,nasa,0.84
1981-02-12,1.99,21.73,16.55,26.67,nasa,0.84
1981-02-13,0.38,22.79,16.94,27.37,nasa,0.83
1981-02-14,0.03,22.71,17.6,28.38,nasa,0.82
1981-02-15,0.0,22.0,16.51,27.57,nasa,0.81
1981-02-16,0.02,22.34,17.86,27.69,nasa,0.81
1981-02-17,0.01,21.65,16.94,27.06,nasa,0.8
1981-02-18,0.02,21.61,16.27,27.47,nasa,0.79
1981-02-19,7.74,21.51,15.38,27.29,nasa,0.79
1981-02-20,4.59,21.22,16.86,26.46,nasa,0.8
1981-02-21,2.1,21.13,16.38,26.69,nasa,0.79
1981-02-22,0.9,21.49,17.23,26.61,nasa,0.79
1981-02-23,0.28,21.51,16.71,26.97,nasa,0.79
1981-02-24,0.34,21.34,16.87,27.11,nasa,0.78
1981-02-25,1.91,21.55,16.44,27.36,nasa,0.77
1981-02-26,1.65,21.25,16.52,26.38,nasa,0.77
1981-02-27,0.7,21.87,15.59,26.94,nasa,0.77
1981-02-28,0.82,22.04,16.37,27.29,nasa,0.76
1981-03-01,0.03,22.28,16.72,28.33,nasa,0.76
1981-03-02,0.42,21.48,14.94,27.18,nasa,0.75
1981-03-03,0.89,23.1,17.76,28.3,nasa,0.75
1981-03-04,4.61,23.49,19.6,28.61,nasa,0.75
1981-03-05,9.68,21.57,18.69,25.52,nasa,0.76
1981-03-06,9.88,22.73,18.82,27.17,nasa,0.77
1981-03-07,8.26,23.05,19.89,28.06,nasa,0.78
1981-03-08,5.77,22.83,18.57,28.18,nasa,0.78
1981-03-09,3.16,21.83,17.71,26.42,nasa,0.78
1981-03-10,0.88,22.04,17.53,26.91,nasa,0.77
1981-03-11,0.83,21.98,17.22,27.44,nasa,0.76
1981-03-12,0.14,21.86,16.59,27.62,nasa,0.75
1981-03-13,0.02,22.34,16.89,28.54,nasa,0.74
1981-03-14,0.39,22.47,17.08,27.8,nasa,0.74
1981-03-15,1.26,23.21,17.61,28.55,nasa,0.73
1981-03-16,13.02,22.44,20.01,25.39,nasa,0.74
1981-03-17,7.94,22.77,19.4,26.64,nasa,0.75
1981-03-18,31.99,21.42,18.14,25.82,nasa,0.79
1981-03-19,0.98,21.29,16.35,26.79,nasa,0.78
1981-03-20,0.22,21.86,16.92,26.87,nasa,0.77
1981-03-21,9.58,21.21,16.89,26.44,nasa,0.77
1981-03-22,0.53,21.0,16.41,26.72,nasa,0.77
1981-03-23,0.11,19.38,14.98,25.43,nasa,0.76
1981-03-24,0.04,19.62,13.15,26.28,nasa,0.75
1981-03-25,1.03,20.78,16.38,26.07,nasa,0.74
1981-03-26,3.05,19.77,17.29,23.27,nasa,0.74
1981-03-27,5.03,19.61,16.95,23.32,nasa,0.75
1981-03-28,32.03,19.14,15.89,23.81,nasa,0.77
1981-03-29,42.38,18.52,15.37,22.07,nasa,0.83
1981-03-30,2.35,21.26,18.23,26.27,nasa,0.83
1981-03-31,0.15,20.68,16.02,26.32,nasa,0.81
1981-04-01,0.18,20.0,15.02,25.91,nasa,0.79
1981-04-02,0.11,20.26,15.66,25.54,nasa,0.78
1981-04-03,0.03,20.12,15.9,25.5,nasa,0.78
1981-04-04,0.08,20.47,14.64,25.59,nasa,0.77
1981-04-05,0.6,21.02,14.66,26.76,nasa,0.76
1981-04-06,0.58,20.19,15.56,25.87,nasa,0.76
1981-04-07,0.07,19.23,13.69,25.39,nasa,0.75
1981-04-08,1.17,19.76,14.65,25.21,nasa,0.75
1981-04-09,0.18,19.74,15.82,25.06,nasa,0.74
1981-04-10,0.01,19.07,14.39,24.27,nasa,0.74
1981-04-11,0.0,18.94,13.18,24.69,nasa,0.74
1981-04-12,0.01,19.7,14.64,25.0,nasa,0.73
1981-04-13,0.3,19.65,14.92,24.74,nasa,0.73
1981-04-14,0.17,20.12,14.74,25.05,nasa,0.73
1981-04-15,12.36,19.99,15.32,24.77,nasa,0.74
1981-04-16,3.12,19.76,15.85,24.89,nasa,0.75
1981-04-17,7.19,17.69,12.42,23.86,nasa,0.75
1981-04-18,0.57,15.97,11.88,21.82,nasa,0.75
1981-04-19,0.03,15.23,10.4,21.05,nasa,0.74
1981-04-20,0.45,15.89,10.11,21.97,nasa,0.74
1981-04-21,0.0,16.38,9.71,23.07,nasa,0.73
1981-04-22,0.0,17.56,11.96,22.76,nasa,0.73
1981-04-23,0.04,18.65,11.67,24.3,nasa,0.72
1981-04-24,4.35,19.87,14.56,26.04,nasa,0.72
1981-04-25,0.98,19.51,15.33,25.19,nasa,0.72
1981-04-26,0.05,19.5,15.07,24.84,nasa,0.72
1981-04-27,9.65,19.77,13.6,25.07,nasa,0.72
1981-04-28,4.56,20.46,14.51,25.73,nasa,0.73
1981-04-29,1.76,19.68,15.87,24.98,nasa,0.73
1981-04-30,0.25,18.73,15.05,23.8,nasa,0.73
1981-05-01,0.94,16.79,13.53,20.57,nasa,0.72
1981-05-02,5.25,17.86,14.88,22.24,nasa,0.73
1981-05-03,0.99,19.28,14.51,23.95,nasa,0.73
1981-05-04,0.08,19.51,13.46,25.52,nasa,0.72
1981-05-05,0.25,19.43,14.9,24.98,nasa,0.72
1981-05-06,0.0,18.27,13.63,24.83,nasa,0.71
1981-05-07,0.0,17.4,13.03,23.79,nasa,0.71
1981-05-08,0.0,17.75,12.23,23.94,nasa,0.71
1981-05-09,0.12,18.01,13.24,23.86,nasa,0.7
1981-05-10,0.01,18.41,13.04,24.07,nasa,0.7
1981-05-11,0.0,18.84,13.73,24.04,nasa,0.7
1981-05-12,0.04,18.91,13.28,24.81,nasa,0.69
1981-05-13,0.0,17.93,12.18,24.51,nasa,0.69
1981-05-14,0.0,17.86,12.34,24.85,nasa,0.69
1981-05-15,0.0,17.35,10.42,24.55,nasa,0.68
1981-05-16,0.0,17.25,13.32,24.11,nasa,0.68
1981-05-17,0.07,17.79,13.43,23.28,nasa,0.68
1981-05-18,0.09,18.44,14.27,24.15,nasa,0.68
1981-05-19,1.89,18.8,14.84,24.46,nasa,0.68
1981-05-20,0.6,17.59,12.63,24.32,nasa,0.68
1981-05-21,0.22,17.41,12.64,24.23,nasa,0.68
1981-05-22,0.01,16.77,12.18,22.89,nasa,0.68
1981-05-23,0.27,16.22,11.84,21.99,nasa,0.67
1981-05-24,0.3,16.63,11.56,22.96,nasa,0.67
1981-05-25,0.01,15.95,10.62,22.45,nasa,0.67
1981-05-26,0.0,16.72,10.25,23.8,nasa,0.67
1981-05-27,0.05,17.56,13.34,22.84,nasa,0.67
1981-05-28,12.56,16.19,11.83,21.25,nasa,0.68
1981-05-29,3.75,15.41,10.87,21.28,nasa,0.69
1981-05-30,0.21,15.57,11.2,21.4,nasa,0.69
1981-05-31,0.01,16.07,11.26,21.98,nasa,0.69
1981-06-01,0.1,16.47,10.42,22.74,nasa,0.68
1981-06-02,0.06,16.39,11.51,21.85,nasa,0.68
1981-06-03,0.1,16.83,10.95,21.78,nasa,0.68
1981-06-04,0.33,16.77,10.54,22.93,nasa,0.68
1981-06-05,0.26,17.15,11.89,22.74,nasa,0.67
1981-06-06,1.76,17.01,13.95,21.78,nasa,0.67
1981-06-07,27.45,17.07,12.21,21.57,nasa,0.69
1981-06-08,0.15,12.84,7.8,19.29,nasa,0.7
1981-06-09,0.01,13.14,7.54,20.81,nasa,0.69
1981-06-10,0.02,13.55,6.82,21.04,nasa,0.69
1981-06-11,0.0,15.84,8.17,22.34,nasa,0.68
1981-06-12,0.0,16.53,11.36,22.67,nasa,0.68
1981-06-13,0.0,16.17,10.87,21.85,nasa,0.68
1981-06-14,0.07,18.19,13.09,23.16,nasa,0.68
1981-06-15,5.87,17.92,12.25,23.28,nasa,0.68
1981-06-16,10.97,16.47,11.68,22.14,nasa,0.69
1981-06-17,0.28,16.69,11.73,22.13,nasa,0.7
1981-06-18,2.31,12.97,7.73,20.34,nasa,0.69
1981-06-19,0.01,11.71,5.88,16.67,nasa,0.69
1981-06-20,0.0,15.59,7.18,22.9,nasa,0.69
1981-06-21,0.14,15.86,10.06,22.76,nasa,0.68
1981-06-22,0.0,15.05,10.04,21.87,nasa,0.68
1981-06-23,0.0,14.87,10.06,21.13,nasa,0.68
1981-06-24,0.0,13.83,7.69,19.76,nasa,0.67
1981-06-25,0.0,14.78,9.71,20.01,nasa,0.67
1981-06-26,0.1,15.58,10.69,21.19,nasa,0.67
1981-06-27,0.0,15.31,8.26,21.95,nasa,0.67
1981-06-28,0.0,15.74,9.46,22.23,nasa,0.67
1981-06-29,0.0,16.54,10.57,23.51,nasa,0.66
1981-06-30,0.0,16.17,10.69,23.84,nasa,0.66
1981-07-01,0.17,17.44,10.53,24.71,nasa,0.66
1981-07-02,0.08,16.99,11.02,24.69,nasa,0.66
1981-07-03,0.26,12.74,8.12,19.11,nasa,0.66
1981-07-04,0.02,12.38,7.4,18.91,nasa,0.66
1981-07-05,0.0,11.43,6.49,18.38,nasa,0.65
1981-07-06,0.0,10.58,5.45,18.4,nasa,0.65
1981-07-07,0.0,10.96,6.32,18.52,nasa,0.65
1981-07-08,0.0,12.34,6.71,19.77,nasa,0.65
1981-07-09,0.0,12.94,7.98,20.43,nasa,0.65
1981-07-10,0.0,14.35,9.16,20.82,nasa,0.65
1981-07-11,0.0,14.77,7.55,21.55,nasa,0.65
1981-07-12,0.0,16.83,11.33,23.06,nasa,0.65
1981-07-13,0.0,16.77,9.18,24.36,nasa,0.65
1981-07-14,0.0,16.57,9.05,24.25,nasa,0.64
1981-07-15,0.0,16.75,8.67,24.21,nasa,0.64
1981-07-16,0.0,16.42,8.27,23.53,nasa,0.64
1981-07-17,1.43,16.25,9.28,24.55,nasa,0.64
1981-07-18,0.22,16.51,8.57,24.32,nasa,0.64
1981-07-19,0.05,15.58,11.09,21.96,nasa,0.64
1981-07-20,0.01,14.69,7.75,21.1,nasa,0.64
1981-07-21,0.0,8.95,0.65,18.86,nasa,0.64
1981-07-22,0.0,11.84,2.35,22.39,nasa,0.64
1981-07-23,0.0,14.77,8.55,23.76,nasa,0.64
1981-07-24,0.33,16.05,10.24,22.86,nasa,0.63
1981-07-25,0.7,16.47,13.12,21.64,nasa,0.64
1981-07-26,0.0,16.15,8.91,24.1,nasa,0.64
1981-07-27,0.0,16.21,9.09,24.09,nasa,0.63
1981-07-28,0.0,16.65,9.39,24.57,nasa,0.63
1981-07-29,0.0,16.01,8.51,24.61,nasa,0.63
1981-07-30,0.0,15.58,7.96,23.57,nasa,0.63
1981-07-31,0.0,15.28,8.53,22.29,nasa,0.63
1981-08-01,0.07,17.4,9.89,24.96,nasa,0.63
1981-08-02,0.04,16.86,8.56,25.98,nasa,0.63
1981-08-03,0.01,17.42,9.12,25.41,nasa,0.62
1981-08-04,0.0,17.57,9.04,26.48,nasa,0.62
1981-08-05,0.0,17.45,8.82,26.04,nasa,0.62
1981-08-06,0.0,17.53,8.28,26.04,nasa,0.62
1981-08-07,0.0,17.75,8.67,26.42,nasa,0.62
1981-08-08,0.0,17.44,8.66,26.31,nasa,0.62
1981-08-09,0.0,17.1,9.4,25.81,nasa,0.62
1981-08-10,0.02,17.55,12.81,23.85,nasa,0.62
1981-08-11,1.52,18.6,11.71,25.7,nasa,0.62
1981-08-12,1.38,20.01,13.11,26.6,nasa,0.62
1981-08-13,0.2,20.12,13.99,28.66,nasa,0.62
1981-08-14,1.15,18.57,11.63,27.7,nasa,0.62
1981-08-15,0.43,17.19,11.01,26.48,nasa,0.62
1981-08-16,0.02,18.43,10.81,27.69,nasa,0.61
1981-08-17,9.14,19.1,14.02,24.19,nasa,0.62
1981-08-18,3.44,18.67,13.2,25.37,nasa,0.63
1981-08-19,0.11,15.93,10.56,23.98,nasa,0.63
1981-08-20,0.0,14.43,7.77,23.77,nasa,0.63
1981-08-21,0.01,14.05,7.35,23.11,nasa,0.63
1981-08-22,0.0,15.16,8.7,23.26,nasa,0.62
1981-08-23,0.0,15.73,7.72,23.37,nasa,0.62
1981-08-24,0.0,17.06,10.28,24.5,nasa,0.62
1981-08-25,0.0,19.02,10.84,27.55,nasa,0.62
1981-08-26,0.0,19.91,9.97,28.51,nasa,0.61
1981-08-27,0.0,21.86,13.71,29.81,nasa,0.61
1981-08-28,0.15,22.4,14.55,30.46,nasa,0.61
1981-08-29,0.0,21.13,11.97,30.39,nasa,0.61
1981-08-30,0.0,21.42,14.11,30.12,nasa,0.61
1981-08-31,0.01,19.73,13.91,27.61,nasa,0.6
1981-09-01,0.04,19.11,12.11,27.02,nasa,0.6
1981-09-02,0.01,20.83,13.35,28.36,nasa,0.6
1981-09-03,0.36,22.58,14.82,30.5,nasa,0.6
1981-09-04,0.0,23.86,17.31,31.74,nasa,0.6
1981-09-05,0.02,18.28,10.58,28.1,nasa,0.6
1981-09-06,0.0,18.9,11.85,27.61,nasa,0.6
1981-09-07,0.0,19.13,10.69,29.17,nasa,0.6
1981-09-08,0.0,18.88,10.11,29.52,nasa,0.59
1981-09-09,0.0,19.09,9.11,29.69,nasa,0.59
1981-09-10,0.0,20.49,9.69,31.71,nasa,0.59
1981-09-11,0.0,21.56,11.49,32.75,nasa,0.59
1981-09-12,0.0,20.77,10.77,30.97,nasa,0.59
1981-09-13,0.0,22.88,13.35,32.83,nasa,0.59
1981-09-14,0.0,22.79,12.44,32.59,nasa,0.59
1981-09-15,0.0,23.05,13.86,33.0,nasa,0.59
1981-09-16,0.0,19.44,13.91,25.99,nasa,0.59
1981-09-17,0.01,20.93,11.5,30.35,nasa,0.59
1981-09-18,0.01,23.66,14.09,31.99,nasa,0.59
1981-09-19,0.11,24.07,14.43,33.07,nasa,0.59
1981-09-20,0.0,24.65,14.71,33.8,nasa,0.59
1981-09-21,0.0,25.28,15.56,35.11,nasa,0.59
1981-09-22,0.09,24.12,15.31,33.1,nasa,0.59
1981-09-23,0.01,24.51,17.92,32.32,nasa,0.59
1981-09-24,10.66,24.76,17.71,32.13,nasa,0.59
1981-09-25,11.45,22.64,17.04,29.69,nasa,0.62
1981-09-26,6.01,21.46,16.77,27.43,nasa,0.63
1981-09-27,2.35,21.21,16.07,27.23,nasa,0.63
1981-09-28,2.94,23.97,14.8,32.15,nasa,0.63
1981-09-29,0.3,25.95,19.61,33.52,nasa,0.62
1981-09-30,0.91,20.76,14.55,28.28,nasa,0.62
1981-10-01,0.01,16.79,11.38,22.96,nasa,0.62
1981-10-02,3.25,19.09,12.02,26.29,nasa,0.61
1981-10-03,1.72,20.41,16.3,25.55,nasa,0.62
1981-10-04,2.72,22.2,16.2,29.0,nasa,0.62
1981-10-05,1.62,22.7,15.35,29.99,nasa,0.62
1981-10-06,4.17,23.53,15.91,31.06,nasa,0.62
1981-10-07,5.85,23.95,19.68,30.75,nasa,0.62
1981-10-08,3.96,22.96,18.39,29.61,nasa,0.63
1981-10-09,0.19,21.22,15.81,28.8,nasa,0.63
1981-10-10,5.27,19.8,14.28,25.93,nasa,0.62
1981-10-11,8.17,20.99,15.07,27.58,nasa,0.63
1981-10-12,8.71,21.55,15.75,28.18,nasa,0.65
1981-10-13,8.24,22.31,16.15,29.3,nasa,0.66
1981-10-14,0.34,18.97,13.69,24.91,nasa,0.65
1981-10-15,43.49,18.93,13.82,24.35,nasa,0.66
1981-10-16,2.24,20.98,17.11,25.38,nasa,0.68
1981-10-17,0.09,19.69,14.79,25.78,nasa,0.67
1981-10-18,0.35,18.8,12.85,26.49,nasa,0.66
1981-10-19,64.29,15.82,12.93,19.25,nasa,0.68
1981-10-20,20.09,19.56,14.08,24.8,nasa,0.73
1981-10-21,0.14,18.24,11.07,26.23,nasa,0.72
1981-10-22,0.35,19.82,12.74,27.12,nasa,0.7
1981-10-23,0.26,19.62,13.18,26.21,nasa,0.68
1981-10-24,2.56,20.83,15.27,26.54,nasa,0.67
1981-10-25,3.83,22.04,15.37,27.83,nasa,0.67
1981-10-26,8.27,23.19,16.74,29.14,nasa,0.67
1981-10-27,11.03,20.61,17.57,24.65,nasa,0.68
1981-10-28,7.37,19.56,15.9,23.55,nasa,0.69
1981-10-29,4.25,21.04,17.21,26.78,nasa,0.69
1981-10-30,15.31,19.67,16.12,25.35,nasa,0.69
1981-10-31,3.26,19.36,14.7,25.3,nasa,0.7
1981-11-01,2.97,19.86,15.36,25.01,nasa,0.69
1981-11-02,4.01,21.18,16.47,26.94,nasa,0.69
1981-11-03,12.96,21.19,17.6,25.61,nasa,0.69
1981-11-04,10.21,21.63,18.96,25.58,nasa,0.71
1981-11-05,0.1,23.21,17.5,29.56,nasa,0.71
1981-11-06,0.21,22.73,16.83,27.75,nasa,0.69
1981-11-07,14.96,24.53,19.24,30.67,nasa,0.69
1981-11-08,10.48,22.23,19.21,26.01,nasa,0.71
1981-11-09,30.3,22.34,19.26,25.53,nasa,0.74
1981-11-10,21.16,21.5,18.91,24.36,nasa,0.76
1981-11-11,14.2,20.9,17.88,24.72,nasa,0.77
1981-11-12,9.08,20.04,16.6,24.6,nasa,0.77
1981-11-13,5.97,19.82,15.41,24.55,nasa,0.76
1981-11-14,15.46,19.69,16.44,24.09,nasa,0.77
1981-11-15,0.55,21.6,16.95,27.08,nasa,0.76
1981-11-16,2.58,22.25,17.33,27.56,nasa,0.74
1981-11-17,4.65,22.77,17.68,27.96,nasa,0.74
1981-11-18,1.85,23.41,18.19,28.65,nasa,0.73
1981-11-19,14.78,22.74,18.68,26.66,nasa,0.74
1981-11-20,7.85,21.06,18.56,23.74,nasa,0.75
1981-11-21,2.21,21.15,17.68,25.75,nasa,0.75
1981-11-22,0.26,21.9,17.75,26.68,nasa,0.74
1981-11-23,0.01,21.98,15.71,28.11,nasa,0.73
1981-11-24,0.21,21.83,14.77,28.25,nasa,0.72
1981-11-25,2.78,21.9,17.44,26.55,nasa,0.71
1981-11-26,5.0,22.37,18.61,27.16,nasa,0.72
1981-11-27,1.08,22.08,16.95,27.54,nasa,0.71
1981-11-28,3.0,22.62,17.58,27.92,nasa,0.71
1981-11-29,11.53,23.78,18.35,28.32,nasa,0.71
1981-11-30,3.54,23.64,19.12,28.56,nasa,0.71
1981-12-01,20.84,22.93,19.69,26.86,nasa,0.74
1981-12-02,13.92,22.41,18.84,27.1,nasa,0.75
1981-12-03,2.33,20.34,15.49,26.05,nasa,0.75
1981-12-04,4.14,20.81,14.98,26.61,nasa,0.74
1981-12-05,8.44,22.62,19.45,27.17,nasa,0.74
1981-12-06,11.92,22.36,19.01,26.28,nasa,0.74
1981-12-07,17.76,23.27,19.66,27.15,nasa,0.75
1981-12-08,41.28,20.3,17.69,23.87,nasa,0.79
1981-12-09,30.31,19.5,17.14,22.27,nasa,0.83
1981-12-10,30.43,21.18,17.92,25.99,nasa,0.84
1981-12-11,6.9,22.27,18.02,26.95,nasa,0.82
1981-12-12,21.96,21.58,18.84,25.61,nasa,0.82
1981-12-13,2.61,22.34,18.33,27.07,nasa,0.82
1981-12-14,1.71,23.04,16.79,28.39,nasa,0.8
1981-12-15,5.46,22.29,17.38,26.19,nasa,0.8
1981-12-16,11.22,21.97,19.07,25.24,nasa,0.8
1981-12-17,38.53,20.44,17.53,22.89,nasa,0.84
1981-12-18,14.28,20.93,17.82,24.85,nasa,0.85
1981-12-19,4.98,21.88,16.87,27.43,nasa,0.85
1981-12-20,0.12,22.56,16.76,27.97,nasa,0.83
1981-12-21,0.61,22.47,16.54,27.62,nasa,0.81
1981-12-22,2.28,22.88,17.5,27.52,nasa,0.8
1981-12-23,3.24,23.68,19.29,28.45,nasa,0.8
1981-12-24,5.51,23.4,18.62,28.0,nasa,0.8
1981-12-25,6.25,22.43,18.18,27.41,nasa,0.8
1981-12-26,7.1,21.25,16.49,26.37,nasa,0.8
1981-12-27,27.04,20.47,17.41,24.89,nasa,0.82
1981-12-28,10.89,20.4,16.07,25.72,nasa,0.84
1981-12-29,1.16,19.56,14.3,25.77,nasa,0.83
1981-12-30,0.21,19.39,13.31,25.8,nasa,0.82
1981-12-31,0.6,20.69,14.67,26.12,nasa,0.8
1982-01-01,8.36,22.05,16.89,26.88,nasa,0.8
1982-01-02,32.03,21.74,19.31,25.28,nasa,0.82
1982-01-03,14.24,20.79,17.97,24.5,nasa,0.85
1982-01-04,3.4,18.43,16.03,21.4,nasa,0.84
1982-01-05,0.36,20.07,14.24,25.91,nasa,0.83
1982-01-06,1.16,20.46,17.26,24.75,nasa,0.83
1982-01-07,1.51,21.87,17.76,26.47,nasa,0.82
1982-01-08,5.6,20.85,17.48,25.33,nasa,0.82
1982-01-09,10.86,20.6,17.62,24.54,nasa,0.82
1982-01-10,17.64,21.77,18.0,25.49,nasa,0.83
1982-01-11,37.44,22.33,19.5,26.26,nasa,0.86
1982-01-12,10.32,22.02,18.91,25.42,nasa,0.87
1982-01-13,1.16,22.11,17.03,27.54,nasa,0.86
1982-01-14,0.33,22.09,16.35,27.38,nasa,0.85
1982-01-15,0.58,22.68,17.29,28.22,nasa,0.84
1982-01-16,0.44,21.53,16.28,27.44,nasa,0.83
1982-01-17,0.43,21.8,16.17,27.95,nasa,0.82
1982-01-18,0.39,21.71,16.41,27.1,nasa,0.81
1982-01-19,0.77,20.84,17.51,24.54,nasa,0.81
1982-01-20,11.56,19.91,16.39,24.1,nasa,0.81
1982-01-21,9.04,17.62,14.39,20.63,nasa,0.83
1982-01-22,22.75,19.95,15.73,24.45,nasa,0.84
1982-01-23,11.67,19.8,17.98,21.46,nasa,0.86
1982-01-24,20.64,19.57,16.76,23.28,nasa,0.87
1982-01-25,7.05,19.22,16.49,22.26,nasa,0.86
1982-01-26,14.47,18.69,16.37,22.04,nasa,0.87
1982-01-27,14.19,19.98,16.16,25.12,nasa,0.88
1982-01-28,13.96,20.1,15.62,24.93,nasa,0.88
1982-01-29,1.8,18.49,16.55,21.34,nasa,0.88
1982-01-30,2.32,20.26,16.06,25.41,nasa,0.87
1982-01-31,1.41,19.9,15.63,24.99,nasa,0.86
1982-02-01,5.99,20.34,15.84,25.33,nasa,0.86
1982-02-02,8.17,20.34,15.7,25.53,nasa,0.86
1982-02-03,1.91,20.59,15.16,25.77,nasa,0.86
1982-02-04,19.58,20.87,15.43,25.99,nasa,0.87
1982-02-05,35.33,20.84,18.16,24.18,nasa,0.89
1982-02-06,22.4,20.31,18.56,22.74,nasa,0.92
1982-02-07,12.93,21.28,17.21,25.78,nasa,0.92
1982-02-08,1.14,20.9,18.29,24.92,nasa,0.91
1982-02-09,0.07,21.29,16.59,26.44,nasa,0.9
1982-02-10,0.01,20.43,14.58,26.45,nasa,0.89
1982-02-11,0.01,21.15,15.42,27.16,nasa,0.88
1982-02-12,0.0,21.27,15.52,27.96,nasa,0.88
1982-02-13,0.0,20.63,15.47,26.08,nasa,0.87
1982-02-14,0.0,22.03,15.97,27.15,nasa,0.86
1982-02-15,0.13,22.48,17.79,27.17,nasa,0.86
1982-02-16,1.21,22.72,18.8,26.91,nasa,0.85
1982-02-17,0.2,21.64,19.14,25.12,nasa,0.85
1982-02-18,0.11,21.03,16.77,26.3,nasa,0.84
1982-02-19,0.14,20.85,16.84,25.74,nasa,0.84
1982-02-20,0.18,20.74,16.27,25.09,nasa,0.84
1982-02-21,3.8,22.06,16.2,27.0,nasa,0.83
1982-02-22,3.55,22.0,16.91,26.7,nasa,0.83
1982-02-23,3.5,21.57,18.73,25.0,nasa,0.83
1982-02-24,9.8,22.04,18.73,26.25,nasa,0.84
1982-02-25,3.45,22.43,18.48,26.77,nasa,0.84
1982-02-26,11.11,22.05,18.58,26.77,nasa,0.84
1982-02-27,30.52,21.49,19.56,24.32,nasa,0.87
1982-02-28,17.4,21.23,18.1,24.96,nasa,0.89
1982-03-01,12.07,20.4,19.17,22.45,nasa,0.89
1982-03-02,5.96,21.68,18.24,26.11,nasa,0.89
1982-03-03,3.47,20.76,16.27,26.57,nasa,0.88
1982-03-04,1.61,19.36,14.88,25.31,nasa,0.88
1982-03-05,0.87,18.62,13.88,23.36,nasa,0.87
1982-03-06,3.91,18.9,16.29,22.22,nasa,0.87
1982-03-07,16.25,21.05,16.83,25.51,nasa,0.87
1982-03-08,34.89,21.33,18.43,25.19,nasa,0.9
1982-03-09,50.29,21.04,19.28,23.11,nasa,0.93
1982-03-10,28.17,20.2,17.61,23.57,nasa,0.94
1982-03-11,18.95,22.29,18.39,26.76,nasa,0.95
1982-03-12,23.21,21.43,18.91,24.87,nasa,0.96
1982-03-13,11.67,20.25,17.7,22.93,nasa,0.96
1982-03-14,10.39,19.91,18.3,22.35,nasa,0.97
1982-03-15,11.79,20.53,17.59,24.07,nasa,0.97
1982-03-16,3.32,21.44,18.62,25.25,nasa,0.97
1982-03-17,4.45,22.26,17.59,27.16,nasa,0.96
1982-03-18,4.29,22.73,17.92,27.62,nasa,0.96
1982-03-19,2.67,22.58,18.83,26.57,nasa,0.96
1982-03-20,1.59,20.69,18.8,22.67,nasa,0.95
1982-03-21,6.52,21.09,16.81,26.34,nasa,0.95
1982-03-22,23.24,19.74,16.99,23.65,nasa,0.96
1982-03-23,4.23,18.75,15.86,21.99,nasa,0.97
1982-03-24,1.11,20.58,15.78,25.41,nasa,0.96
1982-03-25,3.68,21.61,17.43,25.75,nasa,0.96
1982-03-26,3.42,20.9,15.75,25.42,nasa,0.95
1982-03-27,7.11,20.91,15.96,25.35,nasa,0.95
1982-03-28,4.13,20.84,16.84,25.67,nasa,0.95
1982-03-29,9.51,22.24,19.13,26.36,nasa,0.95
1982-03-30,8.28,21.59,18.85,25.68,nasa,0.96
1982-03-31,6.54,21.37,18.09,25.21,nasa,0.95
1982-04-01,2.21,21.14,17.74,25.31,nasa,0.95
1982-04-02,0.29,20.53,17.2,24.92,nasa,0.95
1982-04-03,1.7,21.12,16.49,25.38,nasa,0.94
1982-04-04,0.87,21.11,17.21,25.85,nasa,0.93
1982-04-05,0.07,19.3,15.6,24.23,nasa,0.93
1982-04-06,0.59,18.53,13.97,24.0,nasa,0.92
1982-04-07,0.26,18.19,13.06,23.92,nasa,0.92
1982-04-08,0.05,18.74,13.75,24.66,nasa,0.91
1982-04-09,0.05,18.31,13.41,23.93,nasa,0.91
1982-04-10,0.17,18.67,14.65,23.43,nasa,0.9
1982-04-11,0.04,19.09,14.84,23.85,nasa,0.9
1982-04-12,0.16,19.46,16.31,23.19,nasa,0.9
1982-04-13,1.09,18.73,16.35,21.72,nasa,0.89
1982-04-14,5.67,18.69,16.22,22.21,nasa,0.89
1982-04-15,17.5,19.72,16.96,23.5,nasa,0.91
1982-04-16,0.89,18.44,16.13,21.89,nasa,0.91
1982-04-17,0.0,17.24,14.97,19.98,nasa,0.91
1982-04-18,0.09,18.22,13.6,23.74,nasa,0.9
1982-04-19,0.02,17.29,12.53,23.23,nasa,0.9
1982-04-20,0.0,17.13,12.72,23.01,nasa,0.89
1982-04-21,0.0,16.9,11.6,22.67,nasa,0.89
1982-04-22,0.0,18.4,12.12,24.63,nasa,0.88
1982-04-23,0.0,18.97,14.88,23.81,nasa,0.88
1982-04-24,0.0,17.74,13.09,23.71,nasa,0.88
1982-04-25,0.0,17.64,12.94,23.24,nasa,0.87
1982-04-26,0.1,17.45,13.09,22.98,nasa,0.87
1982-04-27,0.01,16.49,11.65,22.44,nasa,0.86
1982-04-28,0.02,15.95,10.55,22.14,nasa,0.86
1982-04-29,0.01,15.6,11.58,21.31,nasa,0.86
1982-04-30,0.62,14.39,10.01,19.15,nasa,0.86
1982-05-01,0.33,15.95,11.3,20.62,nasa,0.86
1982-05-02,0.0,17.15,11.54,22.55,nasa,0.85
1982-05-03,0.01,16.81,12.57,22.8,nasa,0.85
1982-05-04,0.04,15.34,11.0,20.82,nasa,0.85
1982-05-05,0.0,13.64,9.73,19.67,nasa,0.84
1982-05-06,0.0,13.71,8.97,19.63,nasa,0.84
1982-05-07,0.0,14.99,9.94,20.83,nasa,0.84
1982-05-08,0.0,15.81,11.05,21.69,nasa,0.83
1982-05-09,0.0,16.4,12.41,21.32,nasa,0.83
1982-05-10,0.0,16.72,10.69,22.33,nasa,0.83
1982-05-11,0.0,17.8,11.77,23.42,nasa,0.83
1982-05-12,0.0,17.45,11.82,23.15,nasa,0.82
1982-05-13,0.0,18.03,13.58,23.02,nasa,0.82
1982-05-14,0.0,18.23,12.94,23.3,nasa,0.82
1982-05-15,0.0,18.69,14.52,23.33,nasa,0.82
1982-05-16,0.0,18.61,15.89,22.95,nasa,0.81
1982-05-17,0.03,18.69,14.06,23.59,nasa,0.81
1982-05-18,0.49,18.59,15.21,23.27,nasa,0.81
1982-05-19,1.8,18.4,16.19,22.0,nasa,0.81
1982-05-20,0.06,18.25,13.32,23.87,nasa,0.81
1982-05-21,0.0,15.8,10.33,21.81,nasa,0.81
1982-05-22,0.04,15.93,8.73,22.58,nasa,0.8
1982-05-23,1.01,16.49,11.76,22.52,nasa,0.8
1982-05-24,5.22,16.19,12.68,20.29,nasa,0.8
1982-05-25,27.86,17.35,15.42,20.06,nasa,0.82
1982-05-26,1.06,15.79,12.59,19.72,nasa,0.84
1982-05-27,0.8,16.38,11.3,20.99,nasa,0.83
1982-05-28,0.0,15.8,11.28,21.5,nasa,0.82
1982-05-29,0.16,15.55,11.28,20.73,nasa,0.82
1982-05-30,2.01,14.92,11.73,18.66,nasa,0.82
1982-05-31,6.63,16.5,12.8,21.18,nasa,0.82
1982-06-01,0.38,16.74,12.13,22.34,nasa,0.82
1982-06-02,0.25,16.05,11.87,21.69,nasa,0.82
1982-06-03,0.13,15.95,11.64,21.49,nasa,0.81
1982-06-04,1.71,16.0,11.5,21.51,nasa,0.81
1982-06-05,1.59,16.66,13.59,20.36,nasa,0.81
1982-06-06,0.04,16.77,12.9,20.44,nasa,0.81
1982-06-07,0.08,17.75,12.91,22.59,nasa,0.81
1982-06-08,0.0,17.1,12.23,22.77,nasa,0.81
1982-06-09,0.07,17.97,12.7,23.56,nasa,0.8
1982-06-10,0.07,17.87,13.46,24.01,nasa,0.8
1982-06-11,0.38,18.1,14.2,23.01,nasa,0.8
1982-06-12,0.98,18.03,15.65,21.2,nasa,0.8
1982-06-13,0.35,18.47,14.92,23.13,nasa,0.8
1982-06-14,0.07,18.16,15.02,22.37,nasa,0.8
1982-06-15,1.3,18.02,13.51,23.67,nasa,0.8
1982-06-16,8.56,16.73,14.4,20.04,nasa,0.8
1982-06-17,1.07,16.79,13.06,21.89,nasa,0.81
1982-06-18,0.11,17.41,13.63,22.11,nasa,0.8
1982-06-19,0.0,16.92,12.22,22.59,nasa,0.8
1982-06-20,0.43,17.28,14.61,21.88,nasa,0.8
1982-06-21,0.0,17.93,13.26,23.2,nasa,0.79
1982-06-22,3.43,17.89,14.66,22.04,nasa,0.8
1982-06-23,2.43,17.83,15.98,20.83,nasa,0.8
1982-06-24,5.67,18.22,15.94,22.01,nasa,0.8
1982-06-25,2.84,18.92,15.79,23.51,nasa,0.81
1982-06-26,8.7,18.86,15.71,23.23,nasa,0.81
1982-06-27,0.3,19.05,16.13,23.28,nasa,0.81
1982-06-28,0.64,18.04,16.31,20.72,nasa,0.81
1982-06-29,0.53,17.59,15.2,20.98,nasa,0.81
1982-06-30,1.74,18.34,15.54,22.88,nasa,0.81
1982-07-01,0.12,19.15,15.04,23.84,nasa,0.8
1982-07-02,0.28,17.39,14.22,22.39,nasa,0.8
1982-07-03,0.0,16.67,12.87,22.38,nasa,0.8
1982-07-04,0.02,17.09,12.68,22.4,nasa,0.79
1982-07-05,0.04,17.51,11.97,23.36,nasa,0.79
1982-07-06,0.0,17.24,13.68,22.82,nasa,0.79
1982-07-07,0.0,17.53,12.24,23.23,nasa,0.78
1982-07-08,0.0,18.03,12.26,23.65,nasa,0.78
1982-07-09,0.0,17.8,13.49,23.46,nasa,0.78
1982-07-10,0.0,16.83,11.29,23.09,nasa,0.78
1982-07-11,0.0,17.54,12.39,23.12,nasa,0.77
1982-07-12,0.35,17.63,11.74,24.0,nasa,0.77
1982-07-13,1.37,18.02,13.93,23.99,nasa,0.77
1982-07-14,2.58,16.85,11.19,22.51,nasa,0.77
1982-07-15,0.6,15.44,9.79,22.13,nasa,0.77
1982-07-16,0.0,16.38,12.48,21.05,nasa,0.77
1982-07-17,0.53,16.58,13.82,20.82,nasa,0.77
1982-07-18,6.24,17.52,13.56,21.92,nasa,0.77
1982-07-19,3.35,16.81,13.31,20.83,nasa,0.78
1982-07-20,0.76,16.88,11.71,22.67,nasa,0.78
1982-07-21,0.12,17.2,12.26,23.31,nasa,0.78
1982-07-22,0.0,16.31,10.98,22.61,nasa,0.77
1982-07-23,0.0,15.84,9.85,22.98,nasa,0.77
1982-07-24,0.0,16.09,9.49,22.84,nasa,0.77
1982-07-25,0.0,15.7,8.9,22.7,nasa,0.76
1982-07-26,0.42,15.37,9.49,22.09,nasa,0.76
1982-07-27,0.03,15.32,8.46,22.27,nasa,0.76
1982-07-28,0.24,15.34,8.87,22.36,nasa,0.75
1982-07-29,3.01,16.38,10.31,23.79,nasa,0.75
1982-07-30,2.48,14.13,9.73,18.82,nasa,0.76
1982-07-31,0.09,14.15,8.36,20.97,nasa,0.76
1982-08-01,0.36,16.05,9.85,21.87,nasa,0.75
1982-08-02,0.19,19.46,15.25,25.65,nasa,0.75
1982-08-03,0.0,18.37,14.33,24.22,nasa,0.75
1982-08-04,0.51,16.82,12.32,21.49,nasa,0.75
1982-08-05,3.83,16.72,13.06,21.36,nasa,0.75
1982-08-06,0.45,17.93,13.59,22.93,nasa,0.75
1982-08-07,0.0,18.13,12.84,23.98,nasa,0.75
1982-08-08,0.0,18.71,12.19,24.71,nasa,0.74
1982-08-09,0.0,19.22,12.35,25.19,nasa,0.74
1982-08-10,5.53,18.56,13.13,24.31,nasa,0.74
1982-08-11,13.1,16.45,13.83,20.2,nasa,0.76
1982-08-12,0.32,16.33,12.3,21.75,nasa,0.76
1982-08-13,0.05,16.99,12.05,23.11,nasa,0.76
1982-08-14,0.02,18.04,13.25,23.6,nasa,0.75
1982-08-15,0.09,18.19,12.8,24.07,nasa,0.74
1982-08-16,0.11,18.85,11.77,24.86,nasa,0.74
1982-08-17,0.19,18.67,13.04,24.01,nasa,0.73
1982-08-18,0.96,18.71,14.55,23.74,nasa,0.73
1982-08-19,0.15,17.63,13.26,23.4,nasa,0.73
1982-08-20,0.54,16.84,10.82,24.08,nasa,0.73
1982-08-21,0.21,17.94,11.84,24.25,nasa,0.73
1982-08-22,0.0,19.43,12.9,26.87,nasa,0.72
1982-08-23,0.66,19.92,14.25,26.3,nasa,0.72
1982-08-24,1.65,19.83,15.74,24.99,nasa,0.72
1982-08-25,0.47,20.56,15.65,26.2,nasa,0.72
1982-08-26,0.01,19.51,15.51,23.83,nasa,0.71
1982-08-27,1.53,20.65,14.99,26.76,nasa,0.71
1982-08-28,5.42,20.41,15.03,26.13,nasa,0.71
1982-08-29,4.62,20.09,13.93,26.45,nasa,0.72
1982-08-30,0.58,18.24,14.98,21.88,nasa,0.72
1982-08-31,0.5,20.35,14.11,26.79,nasa,0.72
1982-09-01,0.18,19.93,15.08,25.51,nasa,0.71
1982-09-02,0.04,20.1,15.1,25.67,nasa,0.71
1982-09-03,0.0,20.33,16.55,25.61,nasa,0.71
1982-09-04,0.0,19.9,14.79,26.79,nasa,0.7
1982-09-05,0.06,20.05,13.14,26.75,nasa,0.7
1982-09-06,0.06,18.57,13.28,24.59,nasa,0.69
1982-09-07,0.06,16.66,10.55,24.75,nasa,0.69
1982-09-08,0.03,14.49,7.02,24.04,nasa,0.69
1982-09-09,0.06,15.34,8.25,24.85,nasa,0.68
1982-09-10,0.0,16.5,8.25,25.57,nasa,0.68
1982-09-11,0.0,18.39,9.7,26.67,nasa,0.68
1982-09-12,0.0,19.4,10.03,27.9,nasa,0.67
1982-09-13,0.02,21.17,12.95,28.24,nasa,0.67
1982-09-14,0.03,21.62,15.67,28.18,nasa,0.67
1982-09-15,0.21,21.46,14.83,28.56,nasa,0.66
1982-09-16,0.35,20.52,14.35,27.56,nasa,0.66
1982-09-17,0.08,19.65,11.87,26.89,nasa,0.66
1982-09-18,1.39,21.94,15.14,29.71,nasa,0.66
1982-09-19,0.7,21.03,14.5,27.54,nasa,0.66
1982-09-20,0.01,17.57,10.74,26.15,nasa,0.66
1982-09-21,0.26,17.38,10.81,25.74,nasa,0.65
1982-09-22,1.2,15.91,12.73,19.27,nasa,0.65
1982-09-23,0.63,18.78,13.33,25.83,nasa,0.66
1982-09-24,0.52,19.2,13.05,26.71,nasa,0.65
1982-09-25,0.07,19.85,11.37,27.41,nasa,0.65
1982-09-26,0.44,20.81,12.32,28.56,nasa,0.65
1982-09-27,20.91,21.97,16.26,29.16,nasa,0.66
1982-09-28,0.06,21.0,14.27,27.58,nasa,0.68
1982-09-29,0.0,17.39,11.73,25.12,nasa,0.67
1982-09-30,0.02,17.65,11.71,24.91,nasa,0.67
1982-10-01,0.45,19.33,12.7,26.23,nasa,0.66
1982-10-02,11.38,19.65,13.59,26.38,nasa,0.66
1982-10-03,6.8,20.32,17.09,24.51,nasa,0.69
1982-10-04,0.05,21.9,15.45,28.01,nasa,0.68
1982-10-05,0.52,22.47,16.14,28.55,nasa,0.67
1982-10-06,0.81,22.25,17.3,27.88,nasa,0.67
1982-10-07,4.23,20.06,16.82,24.47,nasa,0.67
1982-10-08,5.11,20.64,17.05,25.16,nasa,0.67
1982-10-09,11.89,20.48,17.48,25.11,nasa,0.69
1982-10-10,14.97,19.73,16.34,24.19,nasa,0.7
1982-10-11,11.34,21.61,17.7,26.28,nasa,0.72
1982-10-12,14.23,20.81,15.94,26.9,nasa,0.72
1982-10-13,20.04,20.4,12.7,24.97,nasa,0.74
1982-10-14,0.01,17.29,9.43,25.61,nasa,0.74
1982-10-15,0.01,18.51,10.62,26.54,nasa,0.72
1982-10-16,0.01,19.47,12.85,26.72,nasa,0.71
1982-10-17,0.04,19.95,12.59,27.35,nasa,0.7
1982-10-18,1.52,20.42,16.15,26.01,nasa,0.69
1982-10-19,1.27,21.18,14.37,28.15,nasa,0.69
1982-10-20,12.11,20.32,11.19,27.78,nasa,0.69
1982-10-21,6.06,21.31,16.47,26.75,nasa,0.71
1982-10-22,0.7,21.99,17.22,27.65,nasa,0.7
1982-10-23,0.98,23.0,17.03,28.83,nasa,0.69
1982-10-24,2.53,24.28,19.39,29.01,nasa,0.69
1982-10-25,4.09,24.58,18.94,30.27,nasa,0.69
1982-10-26,6.4,24.09,19.47,29.08,nasa,0.69
1982-10-27,6.36,23.4,18.42,28.9,nasa,0.69
1982-10-28,5.51,22.1,18.8,28.28,nasa,0.69
1982-10-29,7.18,23.07,17.63,28.15,nasa,0.7
1982-10-30,5.72,23.64,18.86,29.15,nasa,0.7
1982-10-31,0.56,22.19,16.2,28.67,nasa,0.7
1982-11-01,0.59,21.83,14.13,29.38,nasa,0.69
1982-11-02,0.19,22.73,17.41,28.5,nasa,0.68
1982-11-03,0.07,23.88,15.44,30.46,nasa,0.67
1982-11-04,0.02,25.72,18.23,31.78,nasa,0.66
1982-11-05,0.03,25.28,17.13,32.4,nasa,0.66
1982-11-06,2.0,23.11,16.72,29.62,nasa,0.65
1982-11-07,1.76,22.41,18.66,27.31,nasa,0.65
1982-11-08,3.62,24.37,18.37,30.58,nasa,0.65
1982-11-09,9.62,23.95,18.75,29.18,nasa,0.66
1982-11-10,9.76,23.62,18.86,28.95,nasa,0.67
1982-11-11,9.84,22.67,19.56,26.83,nasa,0.68
1982-11-12,0.47,22.85,19.42,27.12,nasa,0.69
1982-11-13,1.08,22.53,17.35,28.1,nasa,0.68
1982-11-14,14.39,20.29,16.79,24.21,nasa,0.69
1982-11-15,5.2,21.33,17.99,24.86,nasa,0.7
1982-11-16,8.09,22.39,18.12,27.11,nasa,0.71
1982-11-17,5.29,19.38,16.07,23.47,nasa,0.71
1982-11-18,3.41,21.46,13.77,28.52,nasa,0.71
1982-11-19,5.17,23.0,17.82,28.45,nasa,0.7
1982-11-20,3.69,23.23,20.27,26.96,nasa,0.7
1982-11-21,1.86,23.18,19.28,27.97,nasa,0.7
1982-11-22,5.23,23.26,19.41,28.31,nasa,0.69
1982-11-23,0.97,24.17,19.17,29.55,nasa,0.69
1982-11-24,3.66,24.6,19.9,30.13,nasa,0.69
1982-11-25,7.58,23.53,19.07,28.21,nasa,0.69
1982-11-26,5.0,23.46,18.68,29.05,nasa,0.69
1982-11-27,2.17,23.38,19.15,29.19,nasa,0.69
1982-11-28,20.31,23.37,19.12,28.07,nasa,0.7
1982-11-29,4.5,20.97,18.15,23.52,nasa,0.71
1982-11-30,17.24,20.87,17.35,25.73,nasa,0.72
1982-12-01,5.21,21.29,18.43,25.2,nasa,0.73
1982-12-02,26.18,21.31,18.91,25.9,nasa,0.75
1982-12-03,7.43,19.11,13.95,23.69,nasa,0.76
1982-12-04,0.82,17.48,12.19,23.08,nasa,0.75
1982-12-05,15.24,18.94,13.34,24.46,nasa,0.74
1982-12-06,26.83,21.48,18.69,25.16,nasa,0.76
1982-12-07,12.76,21.05,18.66,24.51,nasa,0.78
1982-12-08,6.63,21.0,16.82,25.29,nasa,0.78
1982-12-09,2.35,18.2,14.89,21.42,nasa,0.77
1982-12-10,5.15,19.25,15.26,23.71,nasa,0.76
1982-12-11,1.08,19.88,16.56,23.87,nasa,0.76
1982-12-12,10.41,20.95,16.31,26.26,nasa,0.76
1982-12-13,9.14,20.66,17.64,24.38,nasa,0.76
1982-12-14,3.82,20.32,18.19,23.5,nasa,0.77
1982-12-15,25.66,20.5,17.98,23.84,nasa,0.78
1982-12-16,18.79,21.01,18.54,25.24,nasa,0.81
1982-12-17,10.06,21.14,18.36,25.09,nasa,0.81
1982-12-18,8.69,21.75,18.66,25.7,nasa,0.8
1982-12-19,11.91,21.76,19.04,26.1,nasa,0.8
1982-12-20,12.94,21.31,18.2,25.74,nasa,0.81
1982-12-21,10.7,21.64,17.36,25.81,nasa,0.81
1982-12-22,11.98,21.83,19.32,25.57,nasa,0.82
1982-12-23,33.43,21.6,19.15,24.92,nasa,0.84
1982-12-24,6.75,20.93,18.72,23.24,nasa,0.85
1982-12-25,5.51,19.29,16.41,22.85,nasa,0.84
1982-12-26,2.61,20.77,16.43,26.17,nasa,0.83
1982-12-27,7.47,19.89,17.75,22.59,nasa,0.83
1982-12-28,7.34,19.95,17.89,23.03,nasa,0.83
1982-12-29,12.66,19.59,16.92,23.11,nasa,0.84
1982-12-30,24.48,20.12,18.13,22.59,nasa,0.86
1982-12-31,13.13,21.13,18.0,24.33,nasa,0.87
1983-01-01,7.05,20.98,17.35,25.37,nasa,0.87
1983-01-02,6.36,20.67,17.17,23.89,nasa,0.87
1983-01-03,10.53,22.5,17.72,27.63,nasa,0.86
1983-01-04,12.17,21.24,17.73,25.83,nasa,0.86
1983-01-05,23.06,19.28,16.78,21.86,nasa,0.88
1983-01-06,12.34,20.55,17.37,23.71,nasa,0.9
1983-01-07,7.35,21.75,19.61,25.21,nasa,0.9
1983-01-08,16.0,22.87,17.83,27.69,nasa,0.89
1983-01-09,11.72,22.67,19.32,25.58,nasa,0.9
1983-01-10,6.7,22.52,19.58,25.55,nasa,0.9
1983-01-11,27.68,21.68,19.71,24.17,nasa,0.91
1983-01-12,23.72,21.52,19.77,23.89,nasa,0.93
1983-01-13,14.97,21.21,18.09,24.76,nasa,0.94
1983-01-14,27.75,20.25,17.71,22.25,nasa,0.95
1983-01-15,11.58,18.36,16.72,20.29,nasa,0.95
1983-01-16,9.47,19.59,17.14,22.05,nasa,0.96
1983-01-17,26.32,20.61,18.09,23.19,nasa,0.96
1983-01-18,11.79,21.64,19.1,24.6,nasa,0.97
1983-01-19,50.68,22.65,19.65,26.45,nasa,0.98
1983-01-20,19.68,21.46,18.95,24.18,nasa,0.99
1983-01-21,3.64,21.44,18.4,26.66,nasa,0.99
1983-01-22,2.24,23.04,17.43,27.58,nasa,0.98
1983-01-23,9.07,22.69,18.31,27.24,nasa,0.98
1983-01-24,6.2,20.5,16.62,25.21,nasa,0.97
1983-01-25,7.7,18.3,15.76,21.57,nasa,0.97
1983-01-26,4.25,18.65,15.71,22.52,nasa,0.97
1983-01-27,9.63,19.27,17.28,21.0,nasa,0.97
1983-01-28,3.74,21.47,17.53,25.98,nasa,0.97
1983-01-29,2.37,22.11,17.63,26.63,nasa,0.96
1983-01-30,4.45,21.98,19.06,26.16,nasa,0.96
1983-01-31,32.6,21.0,18.8,23.59,nasa,0.97
1983-02-01,33.8,19.75,18.36,21.48,nasa,0.98
1983-02-02,37.28,19.91,18.55,21.93,nasa,1.0
1983-02-03,16.2,20.71,18.15,24.63,nasa,1.0
1983-02-04,2.8,21.23,17.16,25.92,nasa,0.99
1983-02-05,7.35,22.3,18.04,26.64,nasa,0.99
1983-02-06,7.4,21.7,18.84,25.46,nasa,0.99
1983-02-07,10.94,20.44,18.15,22.97,nasa,0.99
1983-02-08,16.95,20.06,18.17,22.19,nasa,0.99
1983-02-09,14.18,20.6,17.56,24.22,nasa,1.0
1983-02-10,9.67,20.67,19.15,22.41,nasa,1.0
1983-02-11,10.21,22.18,18.18,26.11,nasa,1.0
1983-02-12,5.22,23.13,19.55,26.76,nasa,1.0
1983-02-13,5.42,22.71,19.41,27.06,nasa,0.99
1983-02-14,7.21,22.14,18.99,25.9,nasa,0.99
1983-02-15,0.17,22.48,18.52,26.83,nasa,0.99
1983-02-16,0.0,23.26,17.77,28.14,nasa,0.98
1983-02-17,0.43,24.86,19.48,28.86,nasa,0.97
1983-02-18,1.77,23.01,18.33,26.32,nasa,0.97
1983-02-19,0.61,22.23,18.33,26.86,nasa,0.96
1983-02-20,0.3,20.91,17.27,25.96,nasa,0.95
1983-02-21,0.12,22.29,17.79,27.02,nasa,0.95
1983-02-22,1.99,22.57,19.56,26.8,nasa,0.94
1983-02-23,1.13,22.5,19.08,26.62,nasa,0.93
1983-02-24,3.43,22.26,18.86,25.73,nasa,0.93
1983-02-25,7.77,22.24,19.02,26.27,nasa,0.93
1983-02-26,3.28,22.69,18.84,26.34,nasa,0.93
1983-02-27,9.63,22.83,20.06,26.65,nasa,0.93
1983-02-28,3.13,23.32,20.19,27.26,nasa,0.93
1983-03-01,7.76,22.57,20.45,25.16,nasa,0.93
1983-03-02,10.86,21.86,19.87,24.46,nasa,0.94
1983-03-03,12.62,21.31,19.15,24.75,nasa,0.95
1983-03-04,14.12,21.8,18.35,25.72,nasa,0.95
1983-03-05,28.85,20.91,18.31,22.55,nasa,0.97
1983-03-06,22.62,20.58,17.27,24.63,nasa,0.98
1983-03-07,32.77,20.85,18.24,24.35,nasa,0.99
1983-03-08,1.39,21.4,18.32,26.34,nasa,0.99
1983-03-09,0.03,21.59,17.4,26.49,nasa,0.98
1983-03-10,0.33,22.21,16.46,27.53,nasa,0.97
1983-03-11,1.24,23.13,18.52,27.76,nasa,0.96
1983-03-12,3.88,23.36,19.12,27.64,nasa,0.96
1983-03-13,0.82,22.71,19.91,26.12,nasa,0.95
1983-03-14,2.43,20.78,17.53,24.46,nasa,0.95
1983-03-15,2.05,18.19,15.8,20.93,nasa,0.95
1983-03-16,0.15,18.07,14.63,21.4,nasa,0.95
1983-03-17,1.05,20.46,15.93,24.73,nasa,0.94
1983-03-18,14.18,21.77,19.6,25.6,nasa,0.94
1983-03-19,15.76,20.9,18.69,24.19,nasa,0.96
1983-03-20,57.32,19.04,17.08,21.29,nasa,0.98
1983-03-21,8.34,19.14,15.47,23.21,nasa,0.98
1983-03-22,7.96,18.68,15.8,22.59,nasa,0.98
1983-03-23,2.91,18.85,14.41,23.98,nasa,0.98
1983-03-24,0.75,17.7,14.93,21.81,nasa,0.97
1983-03-25,2.14,18.96,13.78,23.66,nasa,0.97
1983-03-26,0.84,19.16,15.03,23.14,nasa,0.97
1983-03-27,14.46,18.85,16.24,21.43,nasa,0.97
1983-03-28,6.98,19.42,16.21,23.72,nasa,0.98
1983-03-29,0.8,20.72,15.49,25.36,nasa,0.97
1983-03-30,0.75,21.48,17.83,26.36,nasa,0.97
1983-03-31,1.27,20.91,16.51,25.73,nasa,0.96
1983-04-01,0.99,21.19,16.55,26.12,nasa,0.95
1983-04-02,4.27,20.76,17.62,24.86,nasa,0.95
1983-04-03,0.32,19.51,15.21,24.78,nasa,0.95
1983-04-04,0.65,19.52,14.69,24.64,nasa,0.94
1983-04-05,6.58,21.08,17.31,25.47,nasa,0.94
1983-04-06,13.22,21.2,17.95,25.23,nasa,0.94
1983-04-07,32.85,19.99,17.3,23.17,nasa,0.97
1983-04-08,0.54,19.38,14.03,24.25,nasa,0.96
1983-04-09,1.12,19.73,14.9,25.3,nasa,0.95
1983-04-10,2.98,19.99,15.65,24.62,nasa,0.95
1983-04-11,7.27,18.09,16.49,20.14,nasa,0.95
1983-04-12,9.93,18.44,16.16,22.11,nasa,0.96
1983-04-13,0.4,19.56,15.5,23.79,nasa,0.95
1983-04-14,0.16,21.18,16.41,25.65,nasa,0.95
1983-04-15,0.55,20.79,15.53,25.26,nasa,0.94
1983-04-16,0.31,21.69,17.91,25.98,nasa,0.93
1983-04-17,0.11,20.61,16.05,25.34,nasa,0.93
1983-04-18,0.25,20.54,17.38,24.31,nasa,0.92
1983-04-19,2.2,21.33,17.68,25.68,nasa,0.92
1983-04-20,8.3,21.78,18.57,25.74,nasa,0.92
1983-04-21,5.55,21.63,18.5,26.06,nasa,0.93
1983-04-22,1.04,19.51,15.61,23.58,nasa,0.92
1983-04-23,1.88,18.3,13.66,23.36,nasa,0.92
1983-04-24,22.63,18.15,15.04,21.34,nasa,0.92
1983-04-25,4.64,19.47,16.98,22.58,nasa,0.94
1983-04-26,2.96,19.91,17.17,23.26,nasa,0.93
1983-04-27,0.17,20.1,16.76,24.56,nasa,0.93
1983-04-28,1.55,20.28,16.31,25.41,nasa,0.92
1983-04-29,0.23,18.92,14.7,23.81,nasa,0.92
1983-04-30,0.02,20.28,15.39,25.29,nasa,0.92
1983-05-01,0.0,20.1,14.31,24.97,nasa,0.91
1983-05-02,0.51,20.63,14.74,25.72,nasa,0.91
1983-05-03,0.95,20.05,16.51,25.06,nasa,0.9
1983-05-04,0.14,18.64,14.91,23.5,nasa,0.9
1983-05-05,0.08,19.21,14.8,23.88,nasa,0.9
1983-05-06,0.15,19.71,14.88,25.6,nasa,0.89
1983-05-07,1.36,19.52,15.32,23.85,nasa,0.89
1983-05-08,4.45,18.83,16.66,22.1,nasa,0.89
1983-05-09,0.57,20.31,16.33,25.14,nasa,0.89
1983-05-10,0.01,20.18,16.21,25.26,nasa,0.89
1983-05-11,0.02,19.9,16.09,24.59,nasa,0.88
1983-05-12,0.48,20.92,17.07,25.0,nasa,0.88
1983-05-13,1.42,20.21,17.31,23.76,nasa,0.88
1983-05-14,2.03,19.81,17.32,23.34,nasa,0.88
1983-05-15,0.06,19.21,16.85,22.28,nasa,0.88
1983-05-16,0.03,18.02,14.74,22.69,nasa,0.88
1983-05-17,0.25,19.09,14.71,24.17,nasa,0.87
1983-05-18,0.05,19.55,15.13,24.62,nasa,0.87
1983-05-19,4.24,18.95,15.78,23.71,nasa,0.87
1983-05-20,3.39,19.26,16.42,23.76,nasa,0.87
1983-05-21,0.07,19.1,15.32,24.1,nasa,0.87
1983-05-22,0.23,18.11,12.62,23.48,nasa,0.87
1983-05-23,11.91,18.19,15.2,22.02,nasa,0.87
1983-05-24,1.33,18.51,15.58,22.9,nasa,0.88
1983-05-25,0.22,16.65,13.94,19.53,nasa,0.87
1983-05-26,0.17,15.48,13.15,18.36,nasa,0.87
1983-05-27,1.47,17.01,13.29,21.92,nasa,0.87
1983-05-28,29.03,19.24,15.91,23.35,nasa,0.88
1983-05-29,22.09,19.1,16.86,22.39,nasa,0.9
1983-05-30,34.07,19.18,16.35,22.83,nasa,0.91
1983-05-31,44.02,18.99,16.79,21.54,nasa,0.93
1983-06-01,2.73,16.89,14.74,19.99,nasa,0.93
1983-06-02,7.15,17.74,13.19,22.35,nasa,0.92
1983-06-03,37.58,18.7,14.7,22.58,nasa,0.94
1983-06-04,14.2,18.98,15.98,23.03,nasa,0.95
1983-06-05,2.82,18.56,14.77,22.8,nasa,0.94
1983-06-06,14.93,18.28,14.77,22.41,nasa,0.94
1983-06-07,2.69,16.61,11.51,21.25,nasa,0.95
1983-06-08,0.78,15.58,10.48,21.64,nasa,0.95
1983-06-09,11.59,18.19,15.2,22.42,nasa,0.95
1983-06-10,0.8,19.77,16.16,24.38,nasa,0.95
1983-06-11,2.96,18.77,15.12,23.6,nasa,0.95
1983-06-12,0.69,18.36,15.52,22.66,nasa,0.95
1983-06-13,0.0,18.28,13.22,23.09,nasa,0.94
1983-06-14,0.11,16.96,12.28,21.94,nasa,0.94
1983-06-15,0.01,16.15,13.14,19.86,nasa,0.93
1983-06-16,0.07,16.77,11.71,21.64,nasa,0.93
1983-06-17,0.05,16.87,11.99,22.09,nasa,0.93
1983-06-18,0.03,16.39,12.28,21.78,nasa,0.93
1983-06-19,0.03,15.3,10.81,21.12,nasa,0.92
1983-06-20,0.03,14.8,10.12,20.96,nasa,0.92
1983-06-21,0.02,15.47,10.21,21.99,nasa,0.92
1983-06-22,0.06,16.75,11.0,23.22,nasa,0.91
1983-06-23,0.23,17.21,12.76,22.9,nasa,0.91
1983-06-24,0.18,16.97,13.55,21.48,nasa,0.91
1983-06-25,0.12,17.78,13.37,23.21,nasa,0.9
1983-06-26,0.11,18.17,14.88,23.2,nasa,0.9
1983-06-27,3.46,18.06,14.55,22.45,nasa,0.9
1983-06-28,8.33,17.86,14.16,22.32,nasa,0.9
1983-06-29,0.45,17.07,13.18,22.02,nasa,0.91
1983-06-30,0.18,16.83,12.7,22.16,nasa,0.9
1983-07-01,0.0,17.72,12.73,23.58,nasa,0.9
1983-07-02,0.0,18.66,14.88,23.76,nasa,0.9
1983-07-03,0.0,18.21,14.72,23.77,nasa,0.89
1983-07-04,0.0,15.83,10.68,21.62,nasa,0.89
1983-07-05,0.0,16.48,11.93,21.43,nasa,0.89
1983-07-06,0.0,18.02,14.0,23.37,nasa,0.89
1983-07-07,0.0,17.93,14.26,22.95,nasa,0.88
1983-07-08,0.0,17.99,14.06,23.7,nasa,0.88
1983-07-09,0.0,17.99,13.8,24.14,nasa,0.88
1983-07-10,0.0,17.77,13.05,24.52,nasa,0.87
1983-07-11,0.0,18.22,13.63,25.18,nasa,0.87
1983-07-12,0.0,19.0,14.03,25.39,nasa,0.87
1983-07-13,0.0,17.09,12.92,22.84,nasa,0.87
1983-07-14,0.0,17.12,13.17,22.02,nasa,0.86
1983-07-15,0.0,15.81,9.86,22.18,nasa,0.86
1983-07-16,0.23,16.0,11.2,22.09,nasa,0.86
1983-07-17,6.92,16.05,11.15,21.76,nasa,0.86
1983-07-18,16.33,16.89,13.13,21.59,nasa,0.88
1983-07-19,12.03,15.25,12.03,19.47,nasa,0.89
1983-07-20,19.64,13.76,9.97,16.5,nasa,0.9
1983-07-21,2.18,13.64,8.54,19.13,nasa,0.9
1983-07-22,0.01,14.8,10.13,19.72,nasa,0.89
1983-07-23,0.0,15.84,7.7,21.86,nasa,0.89
1983-07-24,0.0,16.94,8.64,23.16,nasa,0.88
1983-07-25,0.0,18.6,11.44,24.04,nasa,0.88
1983-07-26,0.0,17.46,11.61,23.48,nasa,0.88
1983-07-27,0.0,16.79,12.53,22.06,nasa,0.88
1983-07-28,0.0,16.46,12.76,21.7,nasa,0.87
1983-07-29,0.0,17.67,12.28,23.15,nasa,0.87
1983-07-30,0.0,17.5,13.36,22.3,nasa,0.87
1983-07-31,0.01,17.15,11.46,22.61,nasa,0.87
1983-08-01,1.15,17.85,12.58,24.11,nasa,0.86
1983-08-02,0.02,14.21,7.61,18.09,nasa,0.86
1983-08-03,0.01,10.3,5.47,16.82,nasa,0.86
1983-08-04,0.0,10.93,6.7,17.68,nasa,0.86
1983-08-05,0.0,10.6,5.09,18.43,nasa,0.86
1983-08-06,0.0,11.95,5.56,19.25,nasa,0.85
1983-08-07,0.0,13.8,4.66,21.43,nasa,0.85
1983-08-08,0.0,15.75,8.98,22.29,nasa,0.85
1983-08-09,0.0,15.71,8.67,22.98,nasa,0.84
1983-08-10,0.0,16.6,11.15,22.34,nasa,0.84
1983-08-11,0.0,17.03,11.59,22.32,nasa,0.84
1983-08-12,0.15,16.22,10.94,21.84,nasa,0.84
1983-08-13,0.0,16.52,10.8,22.75,nasa,0.83
1983-08-14,0.0,18.91,12.55,25.37,nasa,0.83
1983-08-15,0.0,19.01,13.89,25.23,nasa,0.83
1983-08-16,0.0,20.03,13.01,26.43,nasa,0.82
1983-08-17,0.01,19.46,14.8,24.85,nasa,0.82
1983-08-18,0.01,19.06,13.35,24.93,nasa,0.82
1983-08-19,0.0,19.7,13.52,25.21,nasa,0.81
1983-08-20,0.8,18.33,13.92,23.76,nasa,0.81
1983-08-21,0.11,15.26,10.91,20.28,nasa,0.81
1983-08-22,0.0,14.53,9.76,21.01,nasa,0.81
1983-08-23,0.0,16.2,10.61,22.5,nasa,0.81
1983-08-24,0.0,17.51,10.49,24.0,nasa,0.8
1983-08-25,0.0,18.34,10.39,24.93,nasa,0.8
1983-08-26,0.0,18.58,11.25,25.83,nasa,0.8
1983-08-27,0.0,18.75,11.49,25.41,nasa,0.79
1983-08-28,0.0,19.24,11.75,26.22,nasa,0.79
1983-08-29,0.0,19.38,12.14,25.57,nasa,0.79
1983-08-30,0.0,19.45,13.08,26.08,nasa,0.79
1983-08-31,0.0,20.31,13.63,26.81,nasa,0.78
1983-09-01,0.0,20.23,14.47,27.72,nasa,0.78
1983-09-02,0.09,18.6,13.55,24.72,nasa,0.77
1983-09-03,0.54,18.38,12.97,23.89,nasa,0.77
1983-09-04,5.12,20.33,15.25,25.91,nasa,0.77
1983-09-05,18.41,21.12,16.5,25.88,nasa,0.79
1983-09-06,26.14,19.28,16.89,23.86,nasa,0.82
1983-09-07,23.01,20.69,15.89,26.1,nasa,0.84
1983-09-08,10.48,19.17,12.42,25.85,nasa,0.84
1983-09-09,3.02,12.66,11.0,14.8,nasa,0.84
1983-09-10,1.15,15.0,10.98,19.49,nasa,0.83
1983-09-11,5.02,15.85,12.98,19.53,nasa,0.83
1983-09-12,12.86,17.23,12.91,22.58,nasa,0.83
1983-09-13,3.75,17.05,12.29,22.41,nasa,0.84
1983-09-14,2.82,18.3,11.92,24.55,nasa,0.83
1983-09-15,17.94,19.09,13.13,25.39,nasa,0.84
1983-09-16,9.64,21.02,15.77,27.01,nasa,0.85
1983-09-17,21.08,21.53,16.79,26.44,nasa,0.86
1983-09-18,38.07,20.02,15.02,24.63,nasa,0.88
1983-09-19,17.99,21.07,17.87,25.97,nasa,0.89
1983-09-20,0.81,17.61,12.68,23.49,nasa,0.88
1983-09-21,5.03,16.39,11.2,21.95,nasa,0.87
1983-09-22,11.13,17.95,13.57,23.09,nasa,0.87
1983-09-23,39.67,19.8,15.05,24.54,nasa,0.89
1983-09-24,21.02,20.95,16.29,26.3,nasa,0.9
1983-09-25,4.97,20.97,16.34,26.54,nasa,0.9
1983-09-26,0.74,19.16,15.08,24.34,nasa,0.89
1983-09-27,0.01,18.49,14.05,24.29,nasa,0.88
1983-09-28,0.05,18.8,14.36,24.75,nasa,0.88
1983-09-29,0.04,19.06,15.54,24.01,nasa,0.87
1983-09-30,0.05,19.82,15.26,24.84,nasa,0.87
1983-10-01,0.51,19.88,15.1,25.17,nasa,0.86
1983-10-02,1.77,20.26,15.63,25.59,nasa,0.86
1983-10-03,9.76,19.48,16.51,23.12,nasa,0.86
1983-10-04,1.2,19.61,16.07,24.18,nasa,0.87
1983-10-05,0.61,18.94,15.02,23.28,nasa,0.86
1983-10-06,0.64,18.45,15.18,22.24,nasa,0.86
1983-10-07,1.26,18.78,14.0,24.19,nasa,0.86
1983-10-08,0.08,20.27,13.97,26.04,nasa,0.85
1983-10-09,0.37,21.66,16.08,26.94,nasa,0.85
1983-10-10,2.75,22.33,16.56,28.13,nasa,0.84
1983-10-11,14.87,21.43,15.51,26.68,nasa,0.85
1983-10-12,20.15,19.24,16.7,22.64,nasa,0.87
1983-10-13,17.28,17.7,15.68,20.87,nasa,0.89
1983-10-14,40.45,16.89,14.76,19.39,nasa,0.91
1983-10-15,2.89,20.8,17.06,25.99,nasa,0.91
1983-10-16,0.77,21.5,15.63,27.38,nasa,0.9
1983-10-17,1.07,22.69,17.27,28.6,nasa,0.89
1983-10-18,12.67,21.72,18.99,25.82,nasa,0.89
1983-10-19,3.23,21.59,18.06,26.35,nasa,0.89
1983-10-20,2.07,21.25,15.7,26.6,nasa,0.89
1983-10-21,8.52,21.32,17.72,25.69,nasa,0.89
1983-10-22,35.01,21.27,18.06,25.48,nasa,0.91
1983-10-23,12.2,20.3,16.87,22.64,nasa,0.92
1983-10-24,11.81,13.62,10.57,15.83,nasa,0.93
1983-10-25,0.31,15.05,9.96,21.28,nasa,0.92
1983-10-26,0.01,16.27,11.13,23.23,nasa,0.91
1983-10-27,0.0,17.07,10.36,23.81,nasa,0.9
1983-10-28,0.03,19.16,13.87,24.99,nasa,0.9
1983-10-29,0.99,19.74,14.42,24.96,nasa,0.89
1983-10-30,2.03,18.77,15.88,22.77,nasa,0.89
1983-10-31,7.91,19.98,14.67,25.49,nasa,0.89
1983-11-01,19.24,18.87,16.2,21.84,nasa,0.9
1983-11-02,15.57,19.47,15.75,23.96,nasa,0.91
1983-11-03,9.07,19.24,16.95,22.2,nasa,0.92
1983-11-04,16.33,20.39,15.74,25.16,nasa,0.92
1983-11-05,2.27,19.64,15.09,24.54,nasa,0.92
1983-11-06,0.1,19.24,12.31,25.61,nasa,0.91
1983-11-07,0.1,21.01,14.08,26.65,nasa,0.9
1983-11-08,0.36,21.94,15.93,27.25,nasa,0.9
1983-11-09,6.51,22.88,17.83,27.05,nasa,0.9
1983-11-10,8.07,20.82,18.65,23.31,nasa,0.9
1983-11-11,28.9,19.75,17.08,23.68,nasa,0.92
1983-11-12,24.32,20.77,18.46,24.52,nasa,0.94
1983-11-13,3.14,22.26,17.96,27.05,nasa,0.93
1983-11-14,2.08,22.1,18.75,25.95,nasa,0.93
1983-11-15,12.72,22.02,18.31,26.59,nasa,0.93
1983-11-16,4.49,20.8,17.56,26.0,nasa,0.93
1983-11-17,0.02,21.01,14.96,27.52,nasa,0.92
1983-11-18,0.49,22.0,15.39,28.28,nasa,0.91
1983-11-19,5.0,21.83,16.82,26.89,nasa,0.91
1983-11-20,1.9,22.53,19.21,26.26,nasa,0.91
1983-11-21,6.68,22.28,18.27,26.52,nasa,0.91
1983-11-22,7.02,21.28,16.56,25.35,nasa,0.91
1983-11-23,0.2,17.93,13.79,23.44,nasa,0.91
1983-11-24,0.5,20.06,15.46,24.8,nasa,0.9
1983-11-25,0.04,22.7,17.85,27.85,nasa,0.9
1983-11-26,0.04,22.47,17.38,27.81,nasa,0.89
1983-11-27,2.58,21.27,15.64,27.44,nasa,0.88
1983-11-28,1.32,18.44,15.33,22.44,nasa,0.88
1983-11-29,0.45,18.98,14.79,23.68,nasa,0.88
1983-11-30,0.77,20.0,14.16,25.79,nasa,0.87
1983-12-01,2.49,20.33,15.72,25.12,nasa,0.87
1983-12-02,11.75,20.06,17.15,23.35,nasa,0.87
1983-12-03,3.53,18.05,14.59,22.25,nasa,0.88
1983-12-04,2.15,19.18,14.4,25.04,nasa,0.88
1983-12-05,10.75,20.15,14.13,25.79,nasa,0.88
1983-12-06,14.28,20.11,16.88,23.76,nasa,0.89
1983-12-07,4.75,21.51,18.3,26.12,nasa,0.89
1983-12-08,12.7,20.7,17.19,24.33,nasa,0.89
1983-12-09,11.4,21.42,18.28,25.17,nasa,0.9
1983-12-10,14.45,21.97,18.45,26.47,nasa,0.9
1983-12-11,39.67,20.22,17.06,23.44,nasa,0.92
1983-12-12,16.6,20.57,17.54,24.22,nasa,0.93
1983-12-13,33.24,20.94,18.42,24.73,nasa,0.94
1983-12-14,29.78,20.15,16.86,23.8,nasa,0.95
1983-12-15,8.95,20.32,17.68,23.15,nasa,0.96
1983-12-16,9.7,21.0,18.24,24.82,nasa,0.96
1983-12-17,17.16,20.62,17.01,24.58,nasa,0.96
1983-12-18,4.63,20.78,18.47,23.68,nasa,0.97
1983-12-19,8.55,21.5,17.87,25.13,nasa,0.97
1983-12-20,12.05,21.61,19.28,24.66,nasa,0.97
1983-12-21,11.01,21.81,18.45,25.85,nasa,0.97
1983-12-22,16.46,21.57,17.93,25.56,nasa,0.97
1983-12-23,17.64,21.88,18.35,26.07,nasa,0.98
1983-12-24,13.68,19.92,17.6,21.91,nasa,0.99
1983-12-25,16.4,18.36,16.22,21.07,nasa,0.99
1983-12-26,9.28,19.39,16.44,22.38,nasa,0.99
1983-12-27,15.88,19.74,17.41,22.74,nasa,0.99
1983-12-28,11.24,19.92,17.28,22.57,nasa,1.0
1983-12-29,1.05,21.18,16.91,25.55,nasa,0.99
1983-12-30,10.28,21.31,18.14,24.04,nasa,0.99
1983-12-31,6.74,20.81,17.66,24.52,nasa,0.99
1984-01-01,4.14,20.99,15.46,26.34,nasa,0.98
1984-01-02,12.83,20.78,18.13,24.29,nasa,0.98
1984-01-03,6.0,21.39,17.58,25.28,nasa,0.99
1984-01-04,0.98,22.02,16.34,26.87,nasa,0.98
1984-01-05,1.25,23.23,19.21,27.97,nasa,0.97
1984-01-06,0.47,23.36,17.85,28.71,nasa,0.96
1984-01-07,1.9,23.83,19.36,29.5,nasa,0.95
1984-01-08,0.61,22.2,16.86,27.54,nasa,0.95
1984-01-09,1.44,22.45,19.66,26.02,nasa,0.94
1984-01-10,0.45,22.87,18.3,27.58,nasa,0.93
1984-01-11,0.0,23.64,18.04,28.61,nasa,0.92
1984-01-12,0.0,22.64,16.11,28.81,nasa,0.91
1984-01-13,0.0,23.51,16.1,28.63,nasa,0.9
1984-01-14,0.0,24.3,16.97,29.55,nasa,0.9
1984-01-15,0.02,24.01,17.36,29.45,nasa,0.89
1984-01-16,0.42,24.11,16.96,29.89,nasa,0.88
1984-01-17,0.0,24.88,19.74,30.29,nasa,0.87
1984-01-18,1.47,23.29,18.03,28.47,nasa,0.87
1984-01-19,13.58,23.03,18.84,27.3,nasa,0.87
1984-01-20,14.16,22.99,19.67,26.78,nasa,0.89
1984-01-21,17.12,22.09,18.53,26.37,nasa,0.9
1984-01-22,11.58,21.82,18.88,25.2,nasa,0.9
1984-01-23,13.6,21.99,17.35,27.17,nasa,0.9
1984-01-24,8.47,21.58,17.5,25.76,nasa,0.91
1984-01-25,12.06,19.35,17.55,21.25,nasa,0.91
1984-01-26,9.9,21.07,17.99,24.72,nasa,0.91
1984-01-27,5.46,21.03,18.86,23.91,nasa,0.91
1984-01-28,2.7,22.06,18.94,25.73,nasa,0.91
1984-01-29,2.08,22.58,18.63,26.23,nasa,0.91
1984-01-30,0.36,23.78,18.54,28.36,nasa,0.9
1984-01-31,1.08,24.27,17.62,29.33,nasa,0.9
1984-02-01,0.89,24.21,18.85,28.83,nasa,0.89
1984-02-02,0.79,23.63,18.66,28.56,nasa,0.88
1984-02-03,0.06,23.61,18.53,29.01,nasa,0.88
1984-02-04,0.13,23.44,18.44,27.87,nasa,0.87
1984-02-05,2.52,23.7,18.74,27.9,nasa,0.87
1984-02-06,13.96,24.26,19.05,28.49,nasa,0.87
1984-02-07,8.54,22.63,19.44,26.85,nasa,0.88
1984-02-08,1.78,22.27,18.2,27.2,nasa,0.88
1984-02-09,0.41,22.54,18.18,27.75,nasa,0.87
1984-02-10,2.75,22.23,18.44,26.26,nasa,0.86
1984-02-11,3.1,21.58,18.74,25.65,nasa,0.86
1984-02-12,1.04,21.87,16.54,27.78,nasa,0.86
1984-02-13,2.43,22.58,17.28,27.93,nasa,0.86
1984-02-14,5.5,23.3,18.28,28.49,nasa,0.85
1984-02-15,1.74,23.17,18.26,28.1,nasa,0.85
1984-02-16,3.64,23.52,18.46,28.06,nasa,0.85
1984-02-17,6.15,23.03,19.4,27.13,nasa,0.85
1984-02-18,0.49,22.52,18.31,26.71,nasa,0.85
1984-02-19,0.11,22.9,18.32,27.88,nasa,0.84
1984-02-20,0.76,23.15,19.13,27.89,nasa,0.83
1984-02-21,0.38,24.06,18.0,29.24,nasa,0.82
1984-02-22,0.82,24.54,19.51,28.92,nasa,0.82
1984-02-23,2.79,24.49,19.46,29.27,nasa,0.81
1984-02-24,2.51,22.97,18.92,27.16,nasa,0.81
1984-02-25,3.96,23.14,18.14,27.8,nasa,0.81
1984-02-26,1.4,23.62,20.04,26.94,nasa,0.81
1984-02-27,1.78,22.92,19.21,27.04,nasa,0.81
1984-02-28,0.46,23.91,18.93,28.55,nasa,0.81
1984-02-29,0.39,23.69,18.17,28.21,nasa,0.8
1984-03-01,0.8,23.3,19.33,26.68,nasa,0.8
1984-03-02,6.0,22.85,19.15,26.68,nasa,0.8
1984-03-03,4.09,23.12,18.84,26.96,nasa,0.81
1984-03-04,4.47,23.1,18.38,27.72,nasa,0.81
1984-03-05,8.92,22.91,19.81,26.63,nasa,0.81
1984-03-06,5.03,22.72,19.67,25.99,nasa,0.82
1984-03-07,6.38,22.42,19.42,25.52,nasa,0.82
1984-03-08,5.76,22.05,18.44,26.1,nasa,0.82
1984-03-09,1.4,22.8,17.28,28.08,nasa,0.82
1984-03-10,1.22,23.31,18.77,28.58,nasa,0.81
1984-03-11,1.81,23.19,18.41,28.37,nasa,0.8
1984-03-12,0.34,21.96,17.78,27.29,nasa,0.8
1984-03-13,1.18,19.29,16.67,22.2,nasa,0.79
1984-03-14,0.18,18.86,16.11,21.68,nasa,0.79
1984-03-15,0.73,20.51,14.73,26.19,nasa,0.79
1984-03-16,0.65,19.9,15.2,24.47,nasa,0.78
1984-03-17,0.55,21.65,16.44,26.54,nasa,0.78
1984-03-18,0.07,21.84,16.22,26.76,nasa,0.77
1984-03-19,1.33,22.64,18.15,26.74,nasa,0.77
1984-03-20,1.6,22.74,17.4,27.44,nasa,0.77
1984-03-21,6.66,23.05,19.73,27.31,nasa,0.77
1984-03-22,5.81,22.04,18.2,27.07,nasa,0.77
1984-03-23,2.58,20.48,16.45,25.87,nasa,0.77
1984-03-24,0.28,20.19,14.29,26.03,nasa,0.77
1984-03-25,0.0,21.52,15.04,26.7,nasa,0.76
1984-03-26,0.12,22.34,16.83,27.34,nasa,0.76
1984-03-27,0.42,22.48,19.07,27.03,nasa,0.75
1984-03-28,0.71,22.4,17.23,27.71,nasa,0.75
1984-03-29,1.58,22.28,17.36,27.04,nasa,0.74
1984-03-30,9.9,22.5,18.08,27.5,nasa,0.75
1984-03-31,1.06,18.51,13.82,23.77,nasa,0.75
1984-04-01,0.16,18.19,11.85,25.16,nasa,0.75
1984-04-02,0.05,19.71,13.9,25.2,nasa,0.74
1984-04-03,7.82,20.31,18.02,22.88,nasa,0.74
1984-04-04,4.78,21.17,17.38,25.63,nasa,0.75
1984-04-05,0.01,20.04,15.32,25.09,nasa,0.75
1984-04-06,1.97,20.21,13.9,26.11,nasa,0.74
1984-04-07,5.34,20.49,16.29,26.11,nasa,0.74
1984-04-08,2.6,19.92,15.14,25.54,nasa,0.74
1984-04-09,0.23,19.54,15.06,25.73,nasa,0.74
1984-04-10,0.08,17.64,12.62,24.24,nasa,0.73
1984-04-11,0.07,17.04,11.24,24.15,nasa,0.73
1984-04-12,0.0,18.02,12.87,24.31,nasa,0.72
1984-04-13,0.0,19.0,14.99,24.5,nasa,0.72
1984-04-14,0.06,19.16,13.71,24.79,nasa,0.71
1984-04-15,2.48,18.84,15.06,23.61,nasa,0.71
1984-04-16,6.56,19.76,15.39,24.48,nasa,0.72
1984-04-17,0.43,20.41,14.01,26.05,nasa,0.72
1984-04-18,8.33,20.91,14.97,26.02,nasa,0.73
1984-04-19,3.1,21.06,17.17,25.67,nasa,0.73
1984-04-20,6.63,21.36,17.03,25.6,nasa,0.73
1984-04-21,0.46,20.83,17.36,24.8,nasa,0.73
1984-04-22,0.09,21.09,16.46,25.92,nasa,0.73
1984-04-23,0.03,20.69,14.49,25.7,nasa,0.72
1984-04-24,1.19,21.88,16.97,26.68,nasa,0.72
1984-04-25,3.22,18.73,15.7,22.35,nasa,0.72
1984-04-26,4.58,18.65,14.27,23.28,nasa,0.72
1984-04-27,10.88,18.7,16.2,21.94,nasa,0.73
1984-04-28,7.04,20.29,16.2,24.22,nasa,0.74
1984-04-29,7.76,19.15,17.08,22.15,nasa,0.75
1984-04-30,6.9,19.48,16.69,22.94,nasa,0.76
1984-05-01,19.32,19.6,16.51,23.94,nasa,0.76
1984-05-02,6.02,20.21,16.7,24.56,nasa,0.78
1984-05-03,0.31,19.4,15.09,24.48,nasa,0.77
1984-05-04,3.46,19.26,14.72,24.95,nasa,0.76
1984-05-05,3.67,19.58,14.5,24.55,nasa,0.76
1984-05-06,1.21,19.56,13.82,24.55,nasa,0.75
1984-05-07,1.28,20.43,14.34,25.08,nasa,0.75
1984-05-08,0.01,20.85,14.71,26.15,nasa,0.74
1984-05-09,0.0,20.17,14.82,25.94,nasa,0.74
1984-05-10,0.46,20.35,14.47,25.19,nasa,0.73
1984-05-11,0.71,21.01,16.74,25.85,nasa,0.73
1984-05-12,0.12,20.62,15.5,25.59,nasa,0.72
1984-05-13,4.09,20.86,15.61,25.62,nasa,0.72
1984-05-14,4.93,19.68,14.8,25.13,nasa,0.73
1984-05-15,1.16,19.6,16.92,22.94,nasa,0.73
1984-05-16,0.56,18.94,14.37,23.84,nasa,0.73
1984-05-17,14.53,19.3,16.17,23.36,nasa,0.74
1984-05-18,0.82,20.74,17.14,25.16,nasa,0.75
1984-05-19,0.39,20.84,15.09,26.21,nasa,0.74
1984-05-20,0.06,19.95,14.92,25.99,nasa,0.73
1984-05-21,0.0,19.43,14.74,25.23,nasa,0.73
1984-05-22,0.0,18.77,12.25,25.0,nasa,0.72
1984-05-23,0.0,18.86,12.41,24.99,nasa,0.72
1984-05-24,0.0,18.66,12.08,24.66,nasa,0.71
1984-05-25,0.0,19.54,13.42,25.91,nasa,0.71
1984-05-26,0.0,18.68,12.62,24.81,nasa,0.71
1984-05-27,0.0,19.23,11.7,25.31,nasa,0.7
1984-05-28,0.0,18.87,11.61,25.81,nasa,0.7
1984-05-29,0.0,18.7,12.64,25.05,nasa,0.7
1984-05-30,0.0,18.83,12.86,24.86,nasa,0.7
1984-05-31,0.0,19.88,15.41,25.8,nasa,0.69
1984-06-01,0.0,18.45,12.81,25.23,nasa,0.69
1984-06-02,0.0,18.34,13.78,24.64,nasa,0.69
1984-06-03,0.0,17.28,11.48,24.32,nasa,0.69
1984-06-04,0.0,17.46,11.06,24.16,nasa,0.68
1984-06-05,0.0,18.36,11.75,24.47,nasa,0.68
1984-06-06,0.0,18.38,10.64,24.93,nasa,0.68
1984-06-07,0.0,18.53,14.06,24.83,nasa,0.68
1984-06-08,0.0,18.16,11.49,25.35,nasa,0.68
1984-06-09,0.0,18.16,12.29,25.04,nasa,0.67
1984-06-10,0.0,18.57,13.33,24.41,nasa,0.67
1984-06-11,0.0,17.98,11.9,25.02,nasa,0.67
1984-06-12,0.0,18.86,13.06,24.96,nasa,0.67
1984-06-13,0.0,20.3,14.51,26.07,nasa,0.67
1984-06-14,0.07,20.37,14.76,26.05,nasa,0.67
1984-06-15,0.0,19.52,14.19,25.16,nasa,0.67
1984-06-16,0.0,19.84,14.24,26.29,nasa,0.66
1984-06-17,0.0,18.84,12.49,25.65,nasa,0.66
1984-06-18,0.0,18.83,11.82,25.67,nasa,0.66
1984-06-19,0.0,18.38,11.23,25.36,nasa,0.66
1984-06-20,0.0,19.04,13.15,25.55,nasa,0.66
1984-06-21,0.0,18.54,11.6,25.8,nasa,0.66
1984-06-22,0.0,17.94,11.55,24.8,nasa,0.65
1984-06-23,0.0,18.13,12.32,25.07,nasa,0.65
1984-06-24,0.0,17.1,10.35,25.0,nasa,0.65
1984-06-25,0.0,17.17,10.02,25.04,nasa,0.65
1984-06-26,0.0,17.27,10.38,25.24,nasa,0.65
1984-06-27,0.01,18.01,11.81,25.77,nasa,0.65
1984-06-28,0.38,16.97,12.61,23.21,nasa,0.65
1984-06-29,0.19,15.81,12.74,20.2,nasa,0.65
1984-06-30,0.0,16.1,10.18,23.1,nasa,0.65
1984-07-01,0.09,17.06,11.34,23.57,nasa,0.65
1984-07-02,0.1,17.57,12.17,24.42,nasa,0.65
1984-07-03,0.0,17.84,13.03,24.6,nasa,0.64
1984-07-04,0.0,18.97,12.45,26.02,nasa,0.64
1984-07-05,0.0,18.27,11.98,26.24,nasa,0.64
1984-07-06,0.0,18.21,11.24,27.05,nasa,0.64
1984-07-07,0.0,18.84,12.51,27.72,nasa,0.64
1984-07-08,0.0,18.77,12.98,27.37,nasa,0.64
1984-07-09,0.0,17.42,12.24,25.62,nasa,0.64
1984-07-10,0.0,17.02,9.79,24.75,nasa,0.63
1984-07-11,0.0,17.1,9.3,25.19,nasa,0.63
1984-07-12,0.0,19.31,13.48,26.48,nasa,0.63
1984-07-13,0.0,19.63,12.33,27.44,nasa,0.63
1984-07-14,0.0,19.37,13.86,26.27,nasa,0.63
1984-07-15,0.0,20.07,15.1,26.89,nasa,0.63
1984-07-16,0.01,20.22,14.05,27.84,nasa,0.63
1984-07-17,0.1,19.82,15.44,25.84,nasa,0.63
1984-07-18,0.0,19.27,12.61,26.4,nasa,0.62
1984-07-19,0.0,19.08,11.38,26.12,nasa,0.62
1984-07-20,0.0,19.6,12.53,25.91,nasa,0.62
1984-07-21,0.0,19.18,13.94,26.28,nasa,0.62
1984-07-22,0.0,15.35,8.83,24.27,nasa,0.62
1984-07-23,0.0,13.0,6.34,21.77,nasa,0.62
1984-07-24,0.0,15.72,9.22,23.76,nasa,0.62
1984-07-25,0.06,18.69,12.74,25.67,nasa,0.62
1984-07-26,0.08,18.25,12.36,24.73,nasa,0.62
1984-07-27,0.22,18.03,12.83,25.36,nasa,0.62
1984-07-28,0.18,18.68,14.5,24.1,nasa,0.62
1984-07-29,0.03,15.1,10.21,19.83,nasa,0.62
1984-07-30,0.0,13.98,9.67,21.84,nasa,0.62
1984-07-31,0.07,13.21,6.54,22.13,nasa,0.62
1984-08-01,0.0,15.23,7.13,24.16,nasa,0.62
1984-08-02,4.24,18.45,10.43,27.48,nasa,0.62
1984-08-03,7.06,18.08,13.07,25.06,nasa,0.63
1984-08-04,0.0,18.81,12.91,27.95,nasa,0.63
1984-08-05,0.41,20.13,12.58,29.11,nasa,0.63
1984-08-06,0.0,21.68,15.6,29.24,nasa,0.63
1984-08-07,0.0,22.44,16.39,29.72,nasa,0.62
1984-08-08,0.0,22.0,15.0,30.61,nasa,0.62
1984-08-09,0.0,21.6,14.05,30.15,nasa,0.62
1984-08-10,0.0,20.11,11.89,28.83,nasa,0.61
1984-08-11,0.0,20.72,12.69,29.08,nasa,0.61
1984-08-12,0.0,21.06,11.35,29.46,nasa,0.61
1984-08-13,0.0,21.91,14.27,30.95,nasa,0.61
1984-08-14,0.0,20.96,14.81,29.25,nasa,0.61
1984-08-15,0.1,19.52,13.35,27.24,nasa,0.6
1984-08-16,0.37,18.0,12.09,26.62,nasa,0.6
1984-08-17,0.01,16.45,11.01,24.58,nasa,0.6
1984-08-18,0.06,15.84,11.21,21.82,nasa,0.6
1984-08-19,1.19,15.79,10.35,21.96,nasa,0.6
1984-08-20,4.55,17.1,11.02,23.78,nasa,0.6
1984-08-21,0.65,18.88,11.86,26.33,nasa,0.61
1984-08-22,16.0,18.42,13.69,25.06,nasa,0.62
1984-08-23,3.81,17.58,15.07,21.59,nasa,0.64
1984-08-24,0.19,19.99,12.6,28.17,nasa,0.64
1984-08-25,4.64,19.67,16.69,23.08,nasa,0.64
1984-08-26,1.0,13.0,9.37,18.57,nasa,0.64
1984-08-27,0.2,13.4,6.88,19.83,nasa,0.64
1984-08-28,0.96,13.14,10.14,16.8,nasa,0.63
1984-08-29,0.95,14.43,10.13,20.01,nasa,0.63
1984-08-30,3.34,16.95,11.16,24.04,nasa,0.63
1984-08-31,2.71,17.18,12.3,23.37,nasa,0.64
1984-09-01,0.24,17.37,11.98,24.33,nasa,0.63
1984-09-02,0.02,17.8,11.35,24.84,nasa,0.63
1984-09-03,0.0,17.95,10.57,25.33,nasa,0.63
1984-09-04,0.0,19.7,11.19,26.97,nasa,0.62
1984-09-05,0.25,20.7,12.99,28.08,nasa,0.62
1984-09-06,6.69,21.27,15.62,27.73,nasa,0.62
1984-09-07,5.98,20.85,16.11,26.47,nasa,0.63
1984-09-08,14.36,17.39,15.45,19.79,nasa,0.65
1984-09-09,0.44,17.24,11.17,25.16,nasa,0.66
1984-09-10,0.02,14.68,8.39,22.98,nasa,0.65
1984-09-11,0.0,15.8,7.92,24.28,nasa,0.64
1984-09-12,0.0,17.93,8.27,27.67,nasa,0.64
1984-09-13,0.0,19.04,10.62,29.22,nasa,0.63
1984-09-14,0.0,20.57,11.01,30.2,nasa,0.63
1984-09-15,0.2,21.56,11.91,31.94,nasa,0.62
1984-09-16,0.27,21.76,16.42,30.06,nasa,0.62
1984-09-17,6.65,19.53,12.85,28.08,nasa,0.63
1984-09-18,0.17,18.58,12.56,25.0,nasa,0.63
1984-09-19,2.42,20.04,13.46,27.75,nasa,0.62
1984-09-20,8.08,21.2,16.54,26.27,nasa,0.63
1984-09-21,18.92,21.14,16.42,27.29,nasa,0.66
1984-09-22,0.47,19.44,12.93,28.6,nasa,0.66
1984-09-23,1.08,19.48,10.52,28.44,nasa,0.65
1984-09-24,0.31,21.52,13.92,29.47,nasa,0.64
1984-09-25,3.8,22.26,15.82,29.03,nasa,0.64
1984-09-26,26.28,21.46,17.25,26.34,nasa,0.66
1984-09-27,4.24,20.94,18.38,24.81,nasa,0.68
1984-09-28,0.01,17.81,10.93,23.58,nasa,0.67
1984-09-29,0.0,16.47,7.7,25.57,nasa,0.66
1984-09-30,0.0,17.5,10.2,26.0,nasa,0.65
1984-10-01,0.0,20.07,11.43,28.72,nasa,0.65
1984-10-02,0.34,22.24,13.97,29.73,nasa,0.64
1984-10-03,0.31,23.5,15.12,30.78,nasa,0.64
1984-10-04,0.15,25.23,17.27,31.68,nasa,0.63
1984-10-05,0.17,24.68,17.11,32.17,nasa,0.63
1984-10-06,0.69,25.34,17.17,33.04,nasa,0.62
1984-10-07,0.47,24.07,18.38,31.58,nasa,0.62
1984-10-08,0.21,23.58,16.58,30.79,nasa,0.62
1984-10-09,1.46,22.55,17.24,28.93,nasa,0.62
1984-10-10,0.11,24.77,18.05,33.33,nasa,0.62
1984-10-11,0.24,23.05,16.24,32.05,nasa,0.61
1984-10-12,0.59,21.63,12.6,31.07,nasa,0.61
1984-10-13,0.24,22.69,13.01,32.12,nasa,0.61
1984-10-14,0.14,23.22,14.7,31.4,nasa,0.61
1984-10-15,5.49,23.67,17.67,31.21,nasa,0.61
1984-10-16,2.1,22.88,15.67,31.08,nasa,0.61
1984-10-17,0.93,23.45,16.64,30.57,nasa,0.61
1984-10-18,5.98,23.17,18.63,29.76,nasa,0.61
1984-10-19,11.57,20.52,17.93,23.29,nasa,0.63
1984-10-20,1.03,21.12,16.05,27.27,nasa,0.64
1984-10-21,0.59,22.02,15.8,29.0,nasa,0.64
1984-10-22,1.24,22.92,16.53,29.62,nasa,0.63
1984-10-23,0.2,24.26,17.17,31.09,nasa,0.63
1984-10-24,6.65,20.53,18.11,23.64,nasa,0.63
1984-10-25,6.21,19.96,16.59,24.97,nasa,0.64
1984-10-26,0.02,21.34,14.51,29.53,nasa,0.64
1984-10-27,0.0,21.74,14.22,30.14,nasa,0.63
1984-10-28,0.0,21.65,12.02,31.22,nasa,0.63
1984-10-29,0.0,22.87,13.12,32.22,nasa,0.62
1984-10-30,0.0,24.83,16.39,33.06,nasa,0.62
1984-10-31,0.71,25.57,19.95,32.69,nasa,0.61
1984-11-01,0.01,23.29,17.5,30.92,nasa,0.61
1984-11-02,0.0,24.89,16.82,33.09,nasa,0.61
1984-11-03,0.0,25.8,18.06,34.38,nasa,0.6
1984-11-04,0.03,27.02,20.58,34.41,nasa,0.6
1984-11-05,6.04,24.75,18.84,32.75,nasa,0.6
1984-11-06,3.78,23.23,19.66,28.15,nasa,0.61
1984-11-07,1.78,23.63,18.16,30.71,nasa,0.61
1984-11-08,0.09,25.63,17.76,33.57,nasa,0.61
1984-11-09,1.15,26.4,19.44,34.92,nasa,0.61
1984-11-10,5.25,23.67,19.73,28.05,nasa,0.61
1984-11-11,23.31,22.34,17.9,26.65,nasa,0.64
1984-11-12,5.37,21.47,18.19,26.11,nasa,0.66
1984-11-13,2.08,22.32,18.39,28.22,nasa,0.65
1984-11-14,0.11,22.25,15.16,29.69,nasa,0.65
1984-11-15,0.02,22.03,14.8,29.72,nasa,0.64
1984-11-16,0.76,22.97,14.7,30.64,nasa,0.63
1984-11-17,2.16,23.78,17.88,30.72,nasa,0.62
1984-11-18,13.7,23.34,16.67,31.86,nasa,0.63
1984-11-19,8.85,21.8,15.9,28.4,nasa,0.65
1984-11-20,33.03,21.06,17.54,24.89,nasa,0.66
1984-11-21,16.96,21.38,16.16,26.73,nasa,0.71
1984-11-22,2.83,20.82,14.17,27.88,nasa,0.7
1984-11-23,11.23,21.41,18.87,25.14,nasa,0.7
1984-11-24,5.12,21.8,17.95,26.59,nasa,0.69
1984-11-25,10.2,22.1,18.67,27.31,nasa,0.69
1984-11-26,15.82,21.69,18.04,26.46,nasa,0.7
1984-11-27,7.27,20.18,18.15,22.93,nasa,0.71
1984-11-28,0.68,20.89,15.99,26.31,nasa,0.7
1984-11-29,0.62,20.87,15.87,26.54,nasa,0.69
1984-11-30,4.78,20.87,17.16,25.53,nasa,0.68
1984-12-01,23.53,21.58,15.94,27.46,nasa,0.69
1984-12-02,12.44,21.57,18.98,25.35,nasa,0.72
1984-12-03,4.98,21.81,18.26,26.41,nasa,0.72
1984-12-04,2.97,20.65,17.67,24.62,nasa,0.71
1984-12-05,6.22,21.63,15.98,27.37,nasa,0.71
1984-12-06,2.37,21.78,17.88,26.65,nasa,0.7
1984-12-07,13.1,21.1,18.94,24.13,nasa,0.71
1984-12-08,28.51,20.79,17.3,24.63,nasa,0.74
1984-12-09,2.93,20.08,15.65,24.54,nasa,0.75
1984-12-10,1.44,22.9,18.58,28.68,nasa,0.74
1984-12-11,9.64,23.16,17.54,28.73,nasa,0.73
1984-12-12,17.25,22.04,18.74,25.78,nasa,0.74
1984-12-13,13.96,22.21,17.32,26.77,nasa,0.75
1984-12-14,27.61,22.41,18.89,25.89,nasa,0.77
1984-12-15,18.35,21.05,17.54,26.49,nasa,0.78
1984-12-16,9.8,21.15,15.36,27.39,nasa,0.79
1984-12-17,16.11,21.39,17.48,26.34,nasa,0.79
1984-12-18,4.48,22.81,19.25,27.49,nasa,0.79
1984-12-19,0.01,21.01,16.31,26.18,nasa,0.77
1984-12-20,0.64,21.12,15.41,26.69,nasa,0.76
1984-12-21,0.37,23.39,19.03,28.68,nasa,0.75
1984-12-22,0.07,22.44,17.0,28.02,nasa,0.74
1984-12-23,0.21,21.45,15.47,27.21,nasa,0.73
1984-12-24,3.69,21.41,15.8,27.14,nasa,0.72
1984-12-25,17.48,22.14,17.97,26.45,nasa,0.73
1984-12-26,9.48,21.62,18.17,25.21,nasa,0.75
1984-12-27,3.94,20.83,16.9,25.39,nasa,0.76
1984-12-28,19.17,21.13,17.68,25.77,nasa,0.77
1984-12-29,12.3,20.74,17.81,24.41,nasa,0.78
1984-12-30,8.66,20.84,16.57,25.72,nasa,0.78
1984-12-31,5.77,21.6,18.2,25.71,nasa,0.78
1985-01-01,3.94,22.55,18.26,27.78,nasa,0.77
1985-01-02,2.12,21.92,17.0,28.2,nasa,0.77
1985-01-03,2.41,20.91,15.65,27.07,nasa,0.76
1985-01-04,1.36,20.9,15.78,27.37,nasa,0.75
1985-01-05,2.49,21.78,17.48,27.37,nasa,0.74
1985-01-06,20.24,21.4,18.7,24.93,nasa,0.75
1985-01-07,34.09,21.22,19.41,24.13,nasa,0.79
1985-01-08,27.61,20.55,18.99,22.85,nasa,0.82
1985-01-09,2.98,20.73,16.36,26.18,nasa,0.83
1985-01-10,0.04,20.12,13.34,26.28,nasa,0.8
1985-01-11,0.27,21.08,13.75,27.51,nasa,0.79
1985-01-12,0.3,22.37,17.01,27.74,nasa,0.78
1985-01-13,5.86,22.12,19.51,27.24,nasa,0.77
1985-01-14,1.21,21.14,18.22,24.82,nasa,0.77
1985-01-15,3.71,20.8,16.57,25.98,nasa,0.77
1985-01-16,19.87,20.01,16.05,24.56,nasa,0.78
1985-01-17,22.99,19.52,17.49,22.72,nasa,0.81
1985-01-18,20.63,20.68,16.81,25.1,nasa,0.82
1985-01-19,15.41,21.92,17.59,26.82,nasa,0.84
1985-01-20,13.22,21.34,19.63,23.89,nasa,0.84
1985-01-21,18.46,22.23,19.78,25.83,nasa,0.85
1985-01-22,14.45,21.57,19.38,24.24,nasa,0.85
1985-01-23,24.38,22.02,19.16,25.81,nasa,0.87
1985-01-24,21.03,21.49,18.75,24.96,nasa,0.88
1985-01-25,52.45,20.23,18.46,21.95,nasa,0.9
1985-01-26,14.31,20.12,17.93,22.21,nasa,0.91
1985-01-27,13.71,18.91,16.6,22.26,nasa,0.91
1985-01-28,5.55,19.98,16.13,25.28,nasa,0.9
1985-01-29,8.98,21.74,15.78,27.41,nasa,0.9
1985-01-30,18.68,21.86,19.52,24.77,nasa,0.91
1985-01-31,13.29,22.22,19.33,25.9,nasa,0.92
1985-02-01,4.98,22.44,19.08,26.28,nasa,0.92
1985-02-02,3.42,22.79,19.89,26.35,nasa,0.91
1985-02-03,1.2,22.81,17.42,28.34,nasa,0.9
1985-02-04,0.27,23.06,17.62,28.48,nasa,0.9
1985-02-05,1.17,23.59,17.94,29.3,nasa,0.89
1985-02-06,5.3,23.45,18.6,28.99,nasa,0.88
1985-02-07,5.2,22.36,16.7,28.2,nasa,0.88
1985-02-08,8.03,20.23,17.44,23.38,nasa,0.88
1985-02-09,7.77,21.53,17.85,25.1,nasa,0.89
1985-02-10,23.12,22.19,18.98,25.72,nasa,0.9
1985-02-11,5.02,21.99,19.23,24.66,nasa,0.91
1985-02-12,4.7,23.42,18.85,27.65,nasa,0.91
1985-02-13,1.93,22.74,19.4,26.45,nasa,0.9
1985-02-14,7.63,22.8,18.82,26.02,nasa,0.9
1985-02-15,2.86,21.79,19.45,24.56,nasa,0.9
1985-02-16,2.22,22.79,16.94,27.43,nasa,0.9
1985-02-17,1.1,22.81,19.24,26.65,nasa,0.89
1985-02-18,0.18,21.8,17.58,26.08,nasa,0.89
1985-02-19,0.03,21.72,17.51,26.7,nasa,0.88
1985-02-20,0.09,21.82,16.37,26.11,nasa,0.88
1985-02-21,3.49,23.17,19.41,27.58,nasa,0.87
1985-02-22,7.09,22.34,18.77,26.66,nasa,0.87
1985-02-23,12.1,20.3,18.48,22.83,nasa,0.89
1985-02-24,11.47,21.79,18.77,25.92,nasa,0.89
1985-02-25,8.23,22.59,19.39,26.89,nasa,0.89
1985-02-26,7.82,22.24,20.05,25.68,nasa,0.89
1985-02-27,5.16,21.78,19.13,25.61,nasa,0.89
1985-02-28,33.47,19.98,17.3,23.51,nasa,0.91
1985-03-01,7.1,20.13,17.71,23.58,nasa,0.92
1985-03-02,9.37,20.0,17.76,23.52,nasa,0.92
1985-03-03,6.74,20.03,15.85,24.4,nasa,0.92
1985-03-04,9.54,19.67,16.17,23.03,nasa,0.92
1985-03-05,8.58,20.39,17.03,23.23,nasa,0.92
1985-03-06,21.71,20.82,17.83,24.44,nasa,0.93
1985-03-07,5.77,21.79,17.03,27.12,nasa,0.94
1985-03-08,13.14,21.7,17.63,26.86,nasa,0.94
1985-03-09,2.15,22.05,15.86,27.69,nasa,0.94
1985-03-10,9.39,22.23,17.96,26.47,nasa,0.93
1985-03-11,15.5,22.11,18.11,26.07,nasa,0.94
1985-03-12,0.64,20.75,14.67,26.25,nasa,0.94
1985-03-13,3.95,20.81,14.35,25.74,nasa,0.93
1985-03-14,13.1,21.76,16.51,26.86,nasa,0.93
1985-03-15,21.7,21.19,18.51,24.82,nasa,0.94
1985-03-16,26.28,20.35,18.29,22.87,nasa,0.96
1985-03-17,24.73,21.19,19.08,24.22,nasa,0.98
1985-03-18,9.39,20.98,17.97,24.61,nasa,0.98
1985-03-19,2.65,20.95,16.94,25.89,nasa,0.98
1985-03-20,1.94,20.15,15.82,24.86,nasa,0.97
1985-03-21,0.33,21.37,18.32,25.47,nasa,0.96
1985-03-22,0.18,22.0,18.5,27.03,nasa,0.96
1985-03-23,0.17,22.28,17.19,27.39,nasa,0.95
1985-03-24,0.03,23.99,18.93,28.94,nasa,0.95
1985-03-25,0.62,23.91,19.08,29.24,nasa,0.94
1985-03-26,14.52,22.8,18.92,27.32,nasa,0.93
1985-03-27,4.39,22.94,18.75,27.13,nasa,0.94
1985-03-28,4.52,23.39,19.57,27.06,nasa,0.94
1985-03-29,3.91,22.71,20.1,26.11,nasa,0.94
1985-03-30,2.01,20.27,17.67,22.93,nasa,0.94
1985-03-31,1.48,21.45,17.98,26.46,nasa,0.94
1985-04-01,0.16,21.8,16.74,27.22,nasa,0.93
1985-04-02,0.0,22.37,18.04,26.64,nasa,0.92
1985-04-03,0.36,22.06,18.27,26.88,nasa,0.92
1985-04-04,2.82,20.83,16.81,25.45,nasa,0.91
1985-04-05,2.32,21.05,17.95,25.33,nasa,0.91
1985-04-06,0.68,20.88,17.46,25.32,nasa,0.91
1985-04-07,2.03,20.26,16.26,24.64,nasa,0.9
1985-04-08,23.87,21.1,16.37,26.35,nasa,0.91
1985-04-09,5.8,20.38,17.72,24.01,nasa,0.93
1985-04-10,0.94,20.88,17.86,25.01,nasa,0.92
1985-04-11,6.2,22.0,17.37,26.27,nasa,0.92
1985-04-12,3.24,20.54,17.63,23.61,nasa,0.92
1985-04-13,0.13,20.18,16.17,25.31,nasa,0.91
1985-04-14,0.06,19.93,15.99,25.33,nasa,0.91
1985-04-15,0.39,20.36,15.47,25.5,nasa,0.9
1985-04-16,10.55,21.02,18.08,24.69,nasa,0.9
1985-04-17,14.45,21.25,19.04,24.28,nasa,0.92
1985-04-18,3.7,21.65,18.94,25.03,nasa,0.92
1985-04-19,0.32,19.96,16.4,23.55,nasa,0.92
1985-04-20,0.04,18.37,13.76,23.98,nasa,0.91
1985-04-21,0.05,16.04,11.88,21.89,nasa,0.91
1985-04-22,0.0,16.15,11.59,22.07,nasa,0.9
1985-04-23,0.0,16.03,10.36,22.07,nasa,0.9
1985-04-24,0.0,16.83,11.34,22.77,nasa,0.89
1985-04-25,0.02,18.06,13.21,23.63,nasa,0.89
1985-04-26,0.91,17.62,14.28,21.77,nasa,0.88
1985-04-27,0.4,19.8,14.73,24.63,nasa,0.88
1985-04-28,0.02,20.88,15.8,25.62,nasa,0.88
1985-04-29,0.58,20.72,15.79,25.94,nasa,0.87
1985-04-30,3.07,21.26,17.11,26.11,nasa,0.87
1985-05-01,1.41,18.81,15.38,23.07,nasa,0.87
1985-05-02,1.43,17.72,13.55,22.51,nasa,0.87
1985-05-03,0.58,17.72,13.83,21.85,nasa,0.87
1985-05-04,0.11,18.34,14.62,23.04,nasa,0.87
1985-05-05,0.0,17.47,13.69,22.85,nasa,0.86
1985-05-06,0.0,15.89,11.34,21.91,nasa,0.86
1985-05-07,0.0,16.55,10.76,22.56,nasa,0.86
1985-05-08,0.0,19.73,14.66,24.81,nasa,0.86
1985-05-09,0.23,18.22,13.62,23.55,nasa,0.85
1985-05-10,0.1,18.94,14.93,24.82,nasa,0.85
1985-05-11,0.47,17.04,13.32,21.89,nasa,0.85
1985-05-12,0.0,17.54,13.25,22.99,nasa,0.85
1985-05-13,0.0,17.98,13.82,22.74,nasa,0.85
1985-05-14,0.0,16.95,12.16,23.54,nasa,0.84
1985-05-15,0.0,16.39,9.79,23.06,nasa,0.84
1985-05-16,0.0,17.2,9.28,23.94,nasa,0.84
1985-05-17,0.0,19.03,13.41,24.41,nasa,0.83
1985-05-18,0.0,18.45,13.23,24.15,nasa,0.83
1985-05-19,0.0,17.03,11.66,22.93,nasa,0.83
1985-05-20,1.39,17.31,10.66,23.7,nasa,0.82
1985-05-21,23.09,17.54,11.87,22.52,nasa,0.83
1985-05-22,0.16,19.79,15.77,24.58,nasa,0.84
1985-05-23,0.12,18.34,14.9,23.87,nasa,0.84
1985-05-24,0.0,16.63,13.24,21.28,nasa,0.83
1985-05-25,0.0,17.3,11.77,22.59,nasa,0.83
1985-05-26,0.0,17.87,12.93,22.68,nasa,0.83
1985-05-27,0.0,18.09,12.78,23.58,nasa,0.82
1985-05-28,0.0,17.99,10.69,23.87,nasa,0.82
1985-05-29,0.0,17.39,12.33,23.79,nasa,0.82
1985-05-30,0.0,16.42,12.03,22.74,nasa,0.81
1985-05-31,0.0,16.46,12.01,22.83,nasa,0.81
1985-06-01,0.0,17.04,13.02,23.07,nasa,0.81
1985-06-02,0.15,16.91,11.68,22.71,nasa,0.8
1985-06-03,5.25,17.59,14.46,21.67,nasa,0.81
1985-06-04,0.25,15.5,11.32,20.76,nasa,0.81
1985-06-05,0.0,13.57,9.38,19.74,nasa,0.81
1985-06-06,0.0,11.86,6.49,19.08,nasa,0.8
1985-06-07,0.0,10.27,4.92,18.07,nasa,0.8
1985-06-08,0.0,7.46,1.98,15.0,nasa,0.8
1985-06-09,0.16,7.37,0.1,14.74,nasa,0.8
1985-06-10,0.09,9.26,5.07,15.74,nasa,0.8
1985-06-11,0.0,10.65,5.19,17.89,nasa,0.79
1985-06-12,0.0,11.71,6.72,18.73,nasa,0.79
1985-06-13,0.0,12.03,4.53,19.39,nasa,0.79
1985-06-14,0.0,13.81,5.86,20.3,nasa,0.79
1985-06-15,0.0,15.84,8.37,23.39,nasa,0.79
1985-06-16,0.0,15.5,8.69,22.24,nasa,0.78
1985-06-17,0.0,15.19,9.78,22.98,nasa,0.78
1985-06-18,0.0,15.25,10.47,22.72,nasa,0.78
1985-06-19,0.0,14.61,9.93,21.12,nasa,0.78
1985-06-20,0.0,13.88,8.96,20.2,nasa,0.78
1985-06-21,0.0,13.52,7.05,20.07,nasa,0.78
1985-06-22,0.0,15.63,8.73,21.59,nasa,0.77
1985-06-23,0.0,15.89,8.97,23.19,nasa,0.77
1985-06-24,0.0,15.41,9.9,22.47,nasa,0.77
1985-06-25,0.0,15.77,11.24,22.6,nasa,0.77
1985-06-26,0.0,15.38,10.34,21.52,nasa,0.77
1985-06-27,0.0,15.41,9.58,21.42,nasa,0.76
1985-06-28,0.0,15.18,9.89,21.68,nasa,0.76
1985-06-29,0.0,17.03,10.96,23.32,nasa,0.76
1985-06-30,0.01,15.2,8.76,22.73,nasa,0.76
1985-07-01,0.0,15.23,8.39,22.76,nasa,0.75
1985-07-02,0.0,15.97,10.19,22.64,nasa,0.75
1985-07-03,0.0,17.86,11.62,24.22,nasa,0.75
1985-07-04,0.0,16.88,10.79,24.08,nasa,0.75
1985-07-05,0.0,17.39,11.47,23.97,nasa,0.74
1985-07-06,0.21,16.59,11.52,22.26,nasa,0.74
1985-07-07,0.16,14.52,10.9,18.53,nasa,0.74
1985-07-08,0.0,14.45,7.78,21.53,nasa,0.74
1985-07-09,0.0,16.88,10.61,22.98,nasa,0.74
1985-07-10,0.0,17.11,12.6,23.74,nasa,0.74
1985-07-11,0.0,12.77,8.3,19.01,nasa,0.73
1985-07-12,0.0,11.58,6.77,18.95,nasa,0.73
1985-07-13,0.0,11.27,6.12,19.23,nasa,0.73
1985-07-14,0.0,12.48,6.92,20.12,nasa,0.73
1985-07-15,0.0,13.11,8.39,19.92,nasa,0.73
1985-07-16,0.0,13.4,8.86,20.49,nasa,0.73
1985-07-17,0.0,12.95,8.99,20.3,nasa,0.72
1985-07-18,0.0,13.14,8.32,21.1,nasa,0.72
1985-07-19,0.0,12.2,6.95,20.5,nasa,0.72
1985-07-20,0.0,12.91,7.14,20.02,nasa,0.72
1985-07-21,0.0,13.3,8.14,19.97,nasa,0.72
1985-07-22,0.0,13.52,7.67,20.29,nasa,0.72
1985-07-23,0.0,13.59,8.49,20.62,nasa,0.71
1985-07-24,0.0,12.96,8.53,20.16,nasa,0.71
1985-07-25,0.0,12.42,8.24,19.54,nasa,0.71
1985-07-26,0.0,12.26,6.34,19.84,nasa,0.71
1985-07-27,0.0,12.09,5.98,19.9,nasa,0.71
1985-07-28,0.0,13.94,5.87,21.38,nasa,0.71
1985-07-29,0.0,14.54,6.45,21.96,nasa,0.7
1985-07-30,0.0,15.1,7.32,22.79,nasa,0.7
1985-07-31,0.0,16.23,9.04,23.66,nasa,0.7
1985-08-01,0.0,17.06,10.72,24.11,nasa,0.7
1985-08-02,0.0,16.39,10.97,24.23,nasa,0.69
1985-08-03,0.0,16.51,10.83,23.42,nasa,0.69
1985-08-04,0.0,15.09,9.57,21.69,nasa,0.69
1985-08-05,0.0,16.17,8.97,23.47,nasa,0.69
1985-08-06,0.0,15.77,8.08,23.21,nasa,0.69
1985-08-07,0.0,16.34,8.7,23.32,nasa,0.68
1985-08-08,0.0,16.95,9.33,24.35,nasa,0.68
1985-08-09,0.0,17.38,10.14,25.24,nasa,0.68
1985-08-10,0.0,17.61,10.24,25.01,nasa,0.68
1985-08-11,0.13,19.2,13.43,25.8,nasa,0.67
1985-08-12,0.07,16.19,9.75,23.6,nasa,0.67
1985-08-13,0.0,14.92,7.61,23.76,nasa,0.67
1985-08-14,0.0,16.57,9.68,25.73,nasa,0.67
1985-08-15,0.0,16.66,10.22,24.61,nasa,0.67
1985-08-16,0.0,16.41,9.06,24.67,nasa,0.66
1985-08-17,0.0,17.39,8.77,24.88,nasa,0.66
1985-08-18,0.0,17.55,9.53,26.05,nasa,0.66
1985-08-19,0.03,17.79,9.63,26.11,nasa,0.66
1985-08-20,0.16,19.82,11.27,27.22,nasa,0.66
1985-08-21,0.69,20.95,14.78,27.87,nasa,0.65
1985-08-22,5.3,18.52,12.71,25.42,nasa,0.66
1985-08-23,0.03,14.23,9.05,21.9,nasa,0.66
1985-08-24,0.0,15.02,6.75,23.9,nasa,0.66
1985-08-25,0.0,18.63,10.29,27.37,nasa,0.65
1985-08-26,0.08,20.51,14.61,28.79,nasa,0.65
1985-08-27,0.48,22.81,15.65,30.87,nasa,0.65
1985-08-28,0.31,22.04,16.36,29.79,nasa,0.65
1985-08-29,0.39,17.53,13.56,23.88,nasa,0.65
1985-08-30,2.5,21.03,12.9,28.79,nasa,0.65
1985-08-31,3.46,23.33,17.03,30.14,nasa,0.65
1985-09-01,4.04,23.11,17.29,30.12,nasa,0.65
1985-09-02,1.18,17.54,12.69,25.33,nasa,0.65
1985-09-03,0.2,16.02,10.53,22.61,nasa,0.65
1985-09-04,3.44,18.19,10.95,24.85,nasa,0.65
1985-09-05,7.18,21.3,14.93,28.55,nasa,0.65
1985-09-06,15.2,18.43,13.54,23.41,nasa,0.68
1985-09-07,0.5,16.88,10.79,24.54,nasa,0.68
1985-09-08,0.09,16.8,10.82,24.43,nasa,0.67
1985-09-09,0.0,18.46,12.74,25.93,nasa,0.67
1985-09-10,0.0,18.46,12.5,26.0,nasa,0.66
1985-09-11,0.0,16.98,10.6,24.73,nasa,0.66
1985-09-12,0.0,17.82,9.0,26.0,nasa,0.65
1985-09-13,0.0,19.29,9.5,28.58,nasa,0.65
1985-09-14,0.0,20.62,11.95,29.71,nasa,0.64
1985-09-15,0.0,20.62,12.56,28.54,nasa,0.64
1985-09-16,0.0,21.74,13.36,29.48,nasa,0.64
1985-09-17,0.0,22.38,12.91,30.68,nasa,0.63
1985-09-18,0.0,22.33,14.31,31.1,nasa,0.63
1985-09-19,0.02,22.4,14.87,30.43,nasa,0.63
1985-09-20,0.69,24.27,17.82,32.09,nasa,0.63
1985-09-21,0.3,21.67,13.98,31.37,nasa,0.62
1985-09-22,0.0,19.5,10.34,30.06,nasa,0.62
1985-09-23,13.93,18.65,12.61,27.54,nasa,0.63
1985-09-24,4.72,20.39,15.53,26.65,nasa,0.65
1985-09-25,0.12,21.64,14.83,28.53,nasa,0.65
1985-09-26,0.11,22.07,15.26,29.96,nasa,0.65
1985-09-27,0.28,21.62,14.19,30.12,nasa,0.64
1985-09-28,2.88,20.38,14.45,27.5,nasa,0.64
1985-09-29,13.39,20.37,17.41,23.78,nasa,0.65
1985-09-30,1.31,20.16,15.24,25.6,nasa,0.66
1985-10-01,0.43,19.85,13.26,26.63,nasa,0.65
1985-10-02,4.65,20.77,14.38,27.54,nasa,0.65
1985-10-03,0.3,20.9,14.94,27.73,nasa,0.65
1985-10-04,0.25,20.95,14.87,28.18,nasa,0.64
1985-10-05,0.32,21.93,14.53,29.7,nasa,0.64
1985-10-06,0.22,22.25,16.88,28.51,nasa,0.64
1985-10-07,4.0,24.93,17.29,32.17,nasa,0.64
1985-10-08,0.63,22.14,12.22,30.42,nasa,0.63
1985-10-09,1.0,18.39,10.57,27.11,nasa,0.63
1985-10-10,2.39,21.16,13.78,27.46,nasa,0.63
1985-10-11,0.19,20.9,17.32,25.43,nasa,0.63
1985-10-12,0.0,21.97,13.72,30.11,nasa,0.63
1985-10-13,0.0,22.45,13.89,30.43,nasa,0.62
1985-10-14,0.0,23.96,15.76,33.08,nasa,0.62
1985-10-15,0.03,24.31,16.11,33.61,nasa,0.62
1985-10-16,0.15,24.53,16.49,33.84,nasa,0.61
1985-10-17,0.57,24.52,17.07,33.09,nasa,0.61
1985-10-18,0.33,23.65,15.3,32.88,nasa,0.61
1985-10-19,0.07,24.25,16.5,32.89,nasa,0.61
1985-10-20,0.38,23.98,15.91,31.98,nasa,0.6
1985-10-21,0.29,22.38,18.88,27.11,nasa,0.6
1985-10-22,0.04,23.61,15.98,32.07,nasa,0.6
1985-10-23,1.6,23.63,15.38,32.57,nasa,0.6
1985-10-24,7.26,22.48,16.28,29.08,nasa,0.61
1985-10-25,2.42,22.12,18.35,26.86,nasa,0.62
1985-10-26,2.88,23.16,18.69,28.68,nasa,0.62
1985-10-27,5.18,21.84,17.08,26.85,nasa,0.63
1985-10-28,13.68,22.35,17.27,27.92,nasa,0.64
1985-10-29,10.91,21.15,17.1,25.55,nasa,0.66
1985-10-30,4.9,21.25,16.66,26.35,nasa,0.66
1985-10-31,3.86,22.22,16.58,28.1,nasa,0.66
1985-11-01,16.94,22.6,17.87,27.17,nasa,0.67
1985-11-02,31.79,21.92,18.78,25.55,nasa,0.7
1985-11-03,30.91,22.42,17.61,27.81,nasa,0.73
1985-11-04,14.12,20.49,15.4,25.2,nasa,0.75
1985-11-05,0.48,19.8,13.88,26.58,nasa,0.74
1985-11-06,0.11,20.08,14.45,26.97,nasa,0.72
1985-11-07,0.0,19.88,13.03,27.4,nasa,0.7
1985-11-08,0.0,20.2,12.98,28.14,nasa,0.68
1985-11-09,0.0,19.11,12.79,26.93,nasa,0.67
1985-11-10,0.0,19.58,12.39,27.89,nasa,0.66
1985-11-11,0.31,22.45,15.22,29.83,nasa,0.66
1985-11-12,0.3,23.25,16.8,30.71,nasa,0.65
1985-11-13,0.0,22.39,15.04,31.06,nasa,0.64
1985-11-14,0.0,21.65,14.26,30.54,nasa,0.64
1985-11-15,0.0,22.89,13.76,32.51,nasa,0.63
1985-11-16,0.0,24.18,14.34,34.43,nasa,0.63
1985-11-17,0.0,24.57,14.55,34.64,nasa,0.62
1985-11-18,0.26,24.77,15.34,34.17,nasa,0.62
1985-11-19,2.58,24.29,16.04,32.85,nasa,0.62
1985-11-20,4.0,24.9,17.7,31.98,nasa,0.62
1985-11-21,12.29,22.22,18.96,26.87,nasa,0.64
1985-11-22,5.44,21.52,17.57,26.91,nasa,0.65
1985-11-23,5.26,22.98,18.21,28.57,nasa,0.66
1985-11-24,5.98,23.21,19.33,28.64,nasa,0.66
1985-11-25,12.3,22.2,19.09,26.69,nasa,0.68
1985-11-26,4.77,22.48,19.08,27.19,nasa,0.68
1985-11-27,16.98,22.04,17.85,27.42,nasa,0.69
1985-11-28,3.05,20.86,15.57,27.06,nasa,0.69
1985-11-29,4.99,20.12,13.55,27.13,nasa,0.68
1985-11-30,0.95,21.46,16.11,27.19,nasa,0.68
1985-12-01,0.18,22.47,15.7,29.82,nasa,0.67
1985-12-02,10.91,21.61,14.64,28.45,nasa,0.67
1985-12-03,17.12,20.94,16.38,27.02,nasa,0.67
1985-12-04,11.69,18.55,15.14,21.66,nasa,0.7
1985-12-05,9.58,18.66,12.77,24.9,nasa,0.71
1985-12-06,0.49,20.32,14.11,26.94,nasa,0.7
1985-12-07,0.01,21.29,14.3,28.13,nasa,0.68
1985-12-08,0.09,21.82,14.99,28.81,nasa,0.67
1985-12-09,0.02,23.21,16.46,30.45,nasa,0.66
1985-12-10,0.01,24.06,16.74,31.37,nasa,0.65
1985-12-11,2.26,24.68,17.57,31.43,nasa,0.65
1985-12-12,0.8,24.31,18.37,30.96,nasa,0.64
1985-12-13,0.69,24.36,17.82,31.75,nasa,0.64
1985-12-14,9.23,24.91,18.04,31.32,nasa,0.65
1985-12-15,14.82,25.12,19.67,30.41,nasa,0.66
1985-12-16,4.9,24.47,19.75,30.46,nasa,0.67
1985-12-17,5.48,23.37,17.06,30.54,nasa,0.67
1985-12-18,0.59,22.84,14.98,30.14,nasa,0.66
1985-12-19,3.5,23.02,16.93,28.89,nasa,0.66
1985-12-20,5.83,24.08,18.15,29.79,nasa,0.66
1985-12-21,15.61,22.72,19.68,26.05,nasa,0.67
1985-12-22,10.82,22.99,19.88,27.53,nasa,0.69
1985-12-23,23.06,22.62,18.5,26.75,nasa,0.71
1985-12-24,15.13,20.78,18.85,23.67,nasa,0.73
1985-12-25,27.69,20.28,18.04,23.02,nasa,0.75
1985-12-26,32.71,21.05,17.52,25.9,nasa,0.77
1985-12-27,16.22,21.59,19.16,25.01,nasa,0.79
1985-12-28,4.36,21.11,18.29,25.54,nasa,0.78
1985-12-29,6.73,20.67,17.51,24.96,nasa,0.76
1985-12-30,5.28,20.25,15.95,25.47,nasa,0.76
1985-12-31,3.36,21.92,16.76,26.65,nasa,0.75
1986-01-01,6.83,22.49,19.24,26.58,nasa,0.75
1986-01-02,5.03,23.05,18.32,28.42,nasa,0.74
1986-01-03,0.39,22.52,16.97,28.83,nasa,0.73
1986-01-04,4.17,22.52,16.34,28.42,nasa,0.73
1986-01-05,14.48,23.08,18.65,27.21,nasa,0.73
1986-01-06,3.29,20.04,16.26,24.85,nasa,0.74
1986-01-07,5.07,19.23,13.72,24.52,nasa,0.74
1986-01-08,7.68,20.03,17.33,22.9,nasa,0.74
1986-01-09,5.02,22.72,19.55,28.17,nasa,0.75
1986-01-10,4.43,22.69,18.04,27.41,nasa,0.74
1986-01-11,28.05,21.55,19.06,24.51,nasa,0.76
1986-01-12,9.03,21.76,19.68,24.7,nasa,0.78
1986-01-13,9.23,22.97,18.75,27.42,nasa,0.78
1986-01-14,10.88,21.81,19.24,26.01,nasa,0.78
1986-01-15,6.84,21.93,18.67,26.8,nasa,0.78
1986-01-16,2.72,21.59,16.55,26.88,nasa,0.77
1986-01-17,1.37,22.78,18.22,27.55,nasa,0.76
1986-01-18,0.13,23.58,19.26,28.51,nasa,0.75
1986-01-19,1.46,24.62,19.15,29.69,nasa,0.74
1986-01-20,16.1,24.47,21.33,28.15,nasa,0.75
1986-01-21,8.05,20.99,18.46,24.59,nasa,0.77
1986-01-22,21.5,21.96,18.73,26.42,nasa,0.78
1986-01-23,4.97,22.6,18.39,27.67,nasa,0.79
1986-01-24,4.62,22.35,15.85,28.05,nasa,0.77
1986-01-25,8.4,22.9,17.79,27.85,nasa,0.77
1986-01-26,17.42,22.31,18.5,26.15,nasa,0.78
1986-01-27,11.9,21.68,18.2,24.37,nasa,0.8
1986-01-28,3.79,21.61,17.64,25.83,nasa,0.8
1986-01-29,1.99,22.03,18.56,27.16,nasa,0.79
1986-01-30,0.65,21.68,16.86,27.21,nasa,0.78
1986-01-31,0.26,21.72,16.5,27.45,nasa,0.76
1986-02-01,0.58,22.2,16.71,27.75,nasa,0.75
1986-02-02,8.38,22.29,16.52,27.65,nasa,0.75
1986-02-03,7.13,21.0,18.36,24.91,nasa,0.76
1986-02-04,1.9,19.86,17.3,23.01,nasa,0.76
1986-02-05,3.97,18.62,16.33,21.2,nasa,0.77
1986-02-06,3.95,20.05,16.87,23.39,nasa,0.77
1986-02-07,8.29,20.83,17.36,24.77,nasa,0.77
1986-02-08,4.89,21.64,18.22,25.18,nasa,0.78
1986-02-09,9.69,22.99,18.53,27.19,nasa,0.78
1986-02-10,5.96,22.76,18.13,27.13,nasa,0.78
1986-02-11,3.12,22.95,18.59,27.16,nasa,0.78
1986-02-12,20.51,21.36,18.73,24.54,nasa,0.79
1986-02-13,18.35,20.52,17.2,24.59,nasa,0.82
1986-02-14,7.74,19.78,17.63,22.72,nasa,0.82
1986-02-15,10.94,20.09,18.0,21.85,nasa,0.82
1986-02-16,8.36,21.73,19.31,25.1,nasa,0.83
1986-02-17,13.71,21.68,18.01,26.05,nasa,0.82
1986-02-18,30.06,21.83,18.95,25.49,nasa,0.84
1986-02-19,22.34,22.0,18.32,26.34,nasa,0.87
1986-02-20,10.54,22.59,19.0,26.14,nasa,0.86
1986-02-21,2.44,22.6,19.04,26.96,nasa,0.85
1986-02-22,0.64,21.67,17.53,26.59,nasa,0.84
1986-02-23,0.05,22.32,17.71,27.33,nasa,0.83
1986-02-24,0.25,22.31,17.45,26.79,nasa,0.82
1986-02-25,1.98,22.62,17.24,27.11,nasa,0.82
1986-02-26,1.11,22.77,17.39,27.64,nasa,0.82
1986-02-27,13.39,22.4,18.76,26.82,nasa,0.82
1986-02-28,3.17,21.69,17.87,25.99,nasa,0.83
1986-03-01,3.38,21.71,17.35,25.87,nasa,0.83
1986-03-02,7.72,20.81,17.49,24.62,nasa,0.83
1986-03-03,8.26,21.09,17.6,24.9,nasa,0.83
1986-03-04,17.34,20.96,17.89,24.56,nasa,0.85
1986-03-05,7.29,21.28,18.1,25.39,nasa,0.85
1986-03-06,17.07,21.6,18.57,25.66,nasa,0.86
1986-03-07,11.99,21.31,19.45,24.62,nasa,0.87
1986-03-08,6.65,21.29,18.5,25.36,nasa,0.87
1986-03-09,7.91,20.39,18.36,23.25,nasa,0.87
1986-03-10,0.7,21.26,17.67,26.05,nasa,0.87
1986-03-11,0.38,21.56,17.35,25.71,nasa,0.86
1986-03-12,0.61,22.3,17.64,27.25,nasa,0.85
1986-03-13,0.2,22.17,17.42,27.69,nasa,0.85
1986-03-14,0.13,22.48,17.54,27.73,nasa,0.84
1986-03-15,2.24,21.77,18.93,25.01,nasa,0.84
1986-03-16,3.94,22.54,18.78,26.52,nasa,0.84
1986-03-17,3.1,23.55,19.78,27.93,nasa,0.84
1986-03-18,10.59,22.7,17.18,27.92,nasa,0.84
1986-03-19,10.05,22.88,17.95,27.16,nasa,0.85
1986-03-20,4.61,21.18,18.87,24.04,nasa,0.85
1986-03-21,1.8,21.25,18.07,25.41,nasa,0.85
1986-03-22,1.44,20.85,17.13,25.68,nasa,0.84
1986-03-23,3.43,21.0,17.04,25.58,nasa,0.84
1986-03-24,6.98,19.81,17.5,22.67,nasa,0.84
1986-03-25,9.1,20.75,16.88,25.05,nasa,0.85
1986-03-26,8.58,20.55,18.03,23.54,nasa,0.86
1986-03-27,1.43,20.35,17.33,23.73,nasa,0.86
1986-03-28,4.31,21.0,16.3,26.39,nasa,0.85
1986-03-29,6.68,21.13,17.22,25.92,nasa,0.85
1986-03-30,5.45,21.41,17.02,25.61,nasa,0.85
1986-03-31,0.08,22.42,18.31,26.78,nasa,0.85
1986-04-01,1.03,21.8,16.92,27.01,nasa,0.84
1986-04-02,0.2,22.45,17.85,26.82,nasa,0.84
1986-04-03,0.0,22.63,17.23,27.89,nasa,0.83
1986-04-04,0.0,22.38,17.91,27.49,nasa,0.83
1986-04-05,0.0,22.14,17.03,27.05,nasa,0.82
1986-04-06,0.51,23.28,17.34,28.56,nasa,0.82
1986-04-07,0.74,22.06,17.48,27.54,nasa,0.81
1986-04-08,0.97,21.41,16.78,26.64,nasa,0.81
1986-04-09,0.63,21.82,17.32,26.81,nasa,0.8
1986-04-10,0.59,21.77,18.52,25.83,nasa,0.8
1986-04-11,1.3,22.53,18.63,27.38,nasa,0.8
1986-04-12,0.07,22.03,17.81,26.94,nasa,0.8
1986-04-13,2.26,22.22,17.93,27.56,nasa,0.8
1986-04-14,9.75,22.79,17.87,28.07,nasa,0.8
1986-04-15,10.22,21.99,19.39,26.04,nasa,0.81
1986-04-16,1.27,18.11,13.92,22.44,nasa,0.82
1986-04-17,0.45,17.18,12.57,23.15,nasa,0.81
1986-04-18,2.0,16.73,11.88,22.94,nasa,0.8
1986-04-19,0.28,16.42,11.95,22.66,nasa,0.8
1986-04-20,0.0,18.53,13.01,24.44,nasa,0.79
1986-04-21,2.09,19.85,15.16,25.16,nasa,0.79
1986-04-22,0.95,21.05,15.89,26.25,nasa,0.79
1986-04-23,0.2,20.56,16.79,25.54,nasa,0.79
1986-04-24,0.14,19.8,14.84,25.23,nasa,0.78
1986-04-25,1.17,20.23,16.03,25.2,nasa,0.78
1986-04-26,3.27,20.39,17.26,24.76,nasa,0.78
1986-04-27,2.57,20.78,17.33,25.65,nasa,0.78
1986-04-28,0.09,18.34,13.78,24.23,nasa,0.78
1986-04-29,0.03,15.96,11.43,21.86,nasa,0.77
1986-04-30,0.0,15.07,9.97,21.6,nasa,0.77
1986-05-01,0.0,16.6,9.44,22.71,nasa,0.77
1986-05-02,0.0,17.64,9.89,23.75,nasa,0.76
1986-05-03,0.0,17.82,10.25,24.47,nasa,0.76
1986-05-04,0.0,17.24,9.77,24.07,nasa,0.76
1986-05-05,0.0,16.55,8.65,23.85,nasa,0.75
1986-05-06,0.01,18.66,12.7,25.13,nasa,0.75
1986-05-07,5.79,19.25,14.16,25.01,nasa,0.75
1986-05-08,33.83,19.07,16.41,23.12,nasa,0.78
1986-05-09,13.44,18.8,17.0,21.86,nasa,0.81
1986-05-10,2.19,19.86,16.02,24.44,nasa,0.81
1986-05-11,2.31,20.29,16.2,24.77,nasa,0.8
1986-05-12,18.62,19.67,16.34,24.25,nasa,0.81
1986-05-13,1.17,20.59,16.97,25.92,nasa,0.82
1986-05-14,2.89,20.02,16.03,25.18,nasa,0.81
1986-05-15,0.01,19.4,14.18,25.31,nasa,0.8
1986-05-16,0.03,19.97,15.45,25.28,nasa,0.79
1986-05-17,2.78,18.96,14.98,24.33,nasa,0.79
1986-05-18,26.32,19.55,16.08,24.34,nasa,0.8
1986-05-19,1.48,19.76,16.95,23.22,nasa,0.81
1986-05-20,0.09,20.11,15.92,25.12,nasa,0.81
1986-05-21,0.9,19.73,17.38,22.67,nasa,0.8
1986-05-22,0.02,19.47,15.1,24.79,nasa,0.8
1986-05-23,0.0,18.5,14.48,23.63,nasa,0.79
1986-05-24,0.0,18.64,14.12,23.88,nasa,0.79
1986-05-25,0.02,19.09,14.66,24.21,nasa,0.78
1986-05-26,0.33,18.62,14.68,22.73,nasa,0.78
1986-05-27,0.06,18.85,14.86,24.31,nasa,0.78
1986-05-28,0.0,18.21,13.34,23.96,nasa,0.78
1986-05-29,0.05,16.95,9.97,23.67,nasa,0.77
1986-05-30,0.91,17.97,12.11,23.51,nasa,0.77
1986-05-31,6.04,16.91,10.87,21.43,nasa,0.78
1986-06-01,0.07,13.79,9.72,19.9,nasa,0.78
1986-06-02,0.0,12.84,8.63,20.15,nasa,0.77
1986-06-03,0.0,13.02,8.88,20.4,nasa,0.77
1986-06-04,0.0,13.19,8.42,20.04,nasa,0.77
1986-06-05,0.0,12.86,8.14,19.48,nasa,0.76
1986-06-06,0.0,12.47,6.53,19.66,nasa,0.76
1986-06-07,0.0,14.3,8.18,20.9,nasa,0.76
1986-06-08,0.0,14.57,8.4,21.5,nasa,0.76
1986-06-09,0.0,15.08,9.04,21.51,nasa,0.76
1986-06-10,0.0,15.59,10.4,21.87,nasa,0.75
1986-06-11,0.0,17.1,11.12,22.75,nasa,0.75
1986-06-12,0.04,17.5,12.46,23.09,nasa,0.75
1986-06-13,0.05,16.69,12.85,22.49,nasa,0.75
1986-06-14,0.0,16.76,11.12,22.67,nasa,0.75
1986-06-15,0.0,16.74,12.21,22.7,nasa,0.74
1986-06-16,0.0,16.96,11.48,23.47,nasa,0.74
1986-06-17,0.0,17.1,12.32,22.9,nasa,0.74
1986-06-18,0.0,16.76,11.29,22.6,nasa,0.74
1986-06-19,0.01,16.39,11.71,22.51,nasa,0.73
1986-06-20,0.01,16.1,10.28,22.17,nasa,0.73
1986-06-21,0.0,15.47,11.17,22.24,nasa,0.73
1986-06-22,0.0,13.98,8.65,21.12,nasa,0.73
1986-06-23,0.0,15.45,9.7,22.02,nasa,0.73
1986-06-24,0.0,15.43,10.45,21.5,nasa,0.72
1986-06-25,0.0,14.93,7.45,21.59,nasa,0.72
1986-06-26,0.1,16.61,11.25,22.38,nasa,0.72
1986-06-27,0.05,16.16,11.52,21.81,nasa,0.72
1986-06-28,0.0,15.9,9.68,22.33,nasa,0.72
1986-06-29,0.0,16.47,9.67,23.14,nasa,0.72
1986-06-30,0.0,16.82,9.63,24.33,nasa,0.71
1986-07-01,0.12,18.55,12.5,24.4,nasa,0.71
1986-07-02,14.03,17.64,14.49,22.39,nasa,0.72
1986-07-03,0.52,16.3,13.51,20.88,nasa,0.73
1986-07-04,0.81,15.95,12.54,21.64,nasa,0.73
1986-07-05,2.0,15.99,9.31,22.13,nasa,0.73
1986-07-06,0.42,15.27,10.87,21.21,nasa,0.73
1986-07-07,0.03,13.43,9.49,19.45,nasa,0.72
1986-07-08,0.0,11.92,7.64,17.91,nasa,0.72
1986-07-09,0.0,11.78,7.49,18.3,nasa,0.72
1986-07-10,0.0,11.6,7.65,18.36,nasa,0.72
1986-07-11,0.0,12.37,6.91,18.84,nasa,0.71
1986-07-12,0.0,12.84,7.38,20.14,nasa,0.71
1986-07-13,0.0,13.24,5.6,21.12,nasa,0.71
1986-07-14,0.0,13.5,6.93,21.55,nasa,0.71
1986-07-15,0.0,15.09,7.24,22.29,nasa,0.7
1986-07-16,0.0,17.4,12.0,23.54,nasa,0.7
1986-07-17,0.0,16.76,9.63,23.58,nasa,0.7
1986-07-18,0.0,16.94,9.73,24.38,nasa,0.7
1986-07-19,0.0,18.23,11.08,25.21,nasa,0.69
1986-07-20,0.05,18.53,12.22,25.21,nasa,0.69
1986-07-21,1.5,18.59,13.74,25.54,nasa,0.69
1986-07-22,12.22,14.64,11.45,19.05,nasa,0.7
1986-07-23,18.96,14.17,11.48,18.11,nasa,0.73
1986-07-24,5.28,16.45,12.57,20.9,nasa,0.74
1986-07-25,0.1,16.36,9.85,22.28,nasa,0.73
1986-07-26,0.16,15.97,9.7,23.02,nasa,0.73
1986-07-27,0.0,16.01,10.38,23.28,nasa,0.72
1986-07-28,0.0,14.57,8.05,22.59,nasa,0.71
1986-07-29,0.0,15.35,9.57,22.54,nasa,0.71
1986-07-30,0.26,16.49,10.53,23.35,nasa,0.71
1986-07-31,2.09,16.81,12.17,22.78,nasa,0.71
1986-08-01,2.11,18.1,13.66,23.09,nasa,0.71
1986-08-02,0.0,17.97,11.0,24.22,nasa,0.71
1986-08-03,0.0,18.2,10.28,25.5,nasa,0.7
1986-08-04,0.0,18.85,11.34,26.23,nasa,0.7
1986-08-05,0.0,18.15,11.17,25.28,nasa,0.69
1986-08-06,0.0,17.19,9.9,24.93,nasa,0.69
1986-08-07,0.0,16.88,9.99,24.03,nasa,0.68
1986-08-08,0.0,16.58,9.65,24.08,nasa,0.68
1986-08-09,0.0,16.94,8.83,24.19,nasa,0.68
1986-08-10,0.0,16.3,8.66,24.1,nasa,0.68
1986-08-11,0.45,18.7,11.05,25.65,nasa,0.67
1986-08-12,2.57,19.64,14.86,25.58,nasa,0.67
1986-08-13,2.91,19.59,14.01,26.31,nasa,0.68
1986-08-14,7.36,19.88,13.93,26.3,nasa,0.68
1986-08-15,12.87,19.63,14.23,25.95,nasa,0.7
1986-08-16,5.32,18.5,13.97,22.88,nasa,0.71
1986-08-17,0.33,19.98,14.55,25.7,nasa,0.71
1986-08-18,0.0,19.72,14.97,25.89,nasa,0.7
1986-08-19,0.46,19.65,15.45,25.26,nasa,0.7
1986-08-20,1.12,19.95,15.64,25.88,nasa,0.69
1986-08-21,30.1,18.0,15.62,21.76,nasa,0.72
1986-08-22,10.82,18.6,14.01,24.36,nasa,0.74
1986-08-23,4.52,18.44,15.81,22.12,nasa,0.74
1986-08-24,0.48,19.42,15.53,24.61,nasa,0.73
1986-08-25,6.54,19.54,15.87,23.86,nasa,0.73
1986-08-26,0.48,19.22,16.77,22.58,nasa,0.73
1986-08-27,0.02,19.61,13.52,26.87,nasa,0.72
1986-08-28,0.0,17.25,11.38,24.83,nasa,0.72
1986-08-29,0.0,16.95,10.77,23.89,nasa,0.71
1986-08-30,0.0,15.85,9.89,23.57,nasa,0.71
1986-08-31,0.0,15.53,9.25,23.56,nasa,0.7
1986-09-01,0.0,14.06,9.45,21.41,nasa,0.7
1986-09-02,0.0,13.2,6.89,20.81,nasa,0.69
1986-09-03,0.01,14.25,7.87,21.69,nasa,0.69
1986-09-04,0.0,15.13,8.42,22.33,nasa,0.68
1986-09-05,0.01,17.46,11.37,23.77,nasa,0.68
1986-09-06,0.04,18.52,12.67,25.44,nasa,0.68
1986-09-07,0.01,18.12,12.72,25.18,nasa,0.68
1986-09-08,0.0,17.63,12.16,24.74,nasa,0.67
1986-09-09,0.0,16.82,11.61,24.17,nasa,0.67
1986-09-10,0.0,15.66,9.97,23.81,nasa,0.67
1986-09-11,0.0,16.14,9.91,24.98,nasa,0.66
1986-09-12,0.0,17.46,9.87,25.49,nasa,0.66
1986-09-13,0.0,18.4,9.72,26.2,nasa,0.66
1986-09-14,0.0,20.62,14.5,27.01,nasa,0.66
1986-09-15,0.0,21.8,14.68,28.82,nasa,0.65
1986-09-16,0.0,22.93,14.63,30.04,nasa,0.65
1986-09-17,0.0,23.75,16.52,30.87,nasa,0.65
1986-09-18,0.0,23.81,16.8,31.49,nasa,0.64
1986-09-19,1.1,21.42,14.36,29.43,nasa,0.64
1986-09-20,1.15,20.57,15.65,26.27,nasa,0.64
1986-09-21,0.1,21.26,16.19,28.25,nasa,0.64
1986-09-22,0.01,20.71,13.96,27.95,nasa,0.64
1986-09-23,0.0,22.32,14.92,29.75,nasa,0.64
1986-09-24,0.03,23.85,15.24,31.21,nasa,0.64
1986-09-25,0.38,25.24,19.67,30.76,nasa,0.63
1986-09-26,2.43,20.48,14.94,26.86,nasa,0.63
1986-09-27,1.13,17.71,11.45,25.95,nasa,0.64
1986-09-28,20.61,16.61,9.64,25.18,nasa,0.65
1986-09-29,1.71,15.55,11.96,19.58,nasa,0.67
1986-09-30,0.02,19.3,13.06,26.23,nasa,0.67
1986-10-01,0.0,20.09,13.29,27.22,nasa,0.66
1986-10-02,0.0,20.29,14.0,28.09,nasa,0.66
1986-10-03,0.0,20.23,11.93,29.08,nasa,0.65
1986-10-04,0.0,21.35,13.02,29.59,nasa,0.64
1986-10-05,0.0,22.44,14.01,31.07,nasa,0.64
1986-10-06,0.0,23.28,13.9,31.25,nasa,0.63
1986-10-07,0.0,25.17,15.96,32.98,nasa,0.63
1986-10-08,0.16,25.8,18.05,33.7,nasa,0.63
1986-10-09,0.35,24.96,17.52,33.79,nasa,0.62
1986-10-10,1.46,23.1,15.14,31.29,nasa,0.62
1986-10-11,2.18,22.83,16.18,30.45,nasa,0.62
1986-10-12,0.08,21.1,13.74,28.18,nasa,0.62
1986-10-13,0.01,19.85,15.56,25.73,nasa,0.62
1986-10-14,0.04,17.11,14.3,20.63,nasa,0.62
1986-10-15,0.0,21.15,14.15,29.11,nasa,0.62
1986-10-16,0.0,23.23,14.46,31.15,nasa,0.62
1986-10-17,0.21,24.77,16.21,32.72,nasa,0.61
1986-10-18,0.32,25.11,16.95,33.88,nasa,0.61
1986-10-19,1.71,20.88,15.28,28.91,nasa,0.61
1986-10-20,5.67,20.22,14.22,27.43,nasa,0.61
1986-10-21,12.43,20.48,14.79,28.67,nasa,0.62
1986-10-22,13.16,21.11,17.35,26.73,nasa,0.66
1986-10-23,0.83,20.51,13.68,27.27,nasa,0.66
1986-10-24,0.07,16.53,8.41,25.77,nasa,0.65
1986-10-25,0.34,16.4,7.27,26.45,nasa,0.64
1986-10-26,0.35,17.49,7.8,27.57,nasa,0.64
1986-10-27,1.73,18.9,10.04,28.2,nasa,0.63
1986-10-28,2.01,20.34,10.89,28.35,nasa,0.63
1986-10-29,0.05,23.27,15.21,29.89,nasa,0.63
1986-10-30,0.12,23.94,16.9,31.19,nasa,0.62
1986-10-31,0.12,25.4,16.64,33.34,nasa,0.62
1986-11-01,0.23,24.92,16.9,32.9,nasa,0.62
1986-11-02,2.33,25.03,16.49,33.41,nasa,0.61
1986-11-03,6.33,24.92,18.81,32.06,nasa,0.62
1986-11-04,9.35,25.01,17.35,31.98,nasa,0.62
1986-11-05,6.24,25.75,18.8,32.26,nasa,0.63
1986-11-06,1.26,25.47,19.73,32.15,nasa,0.64
1986-11-07,4.01,23.34,17.96,28.81,nasa,0.64
1986-11-08,0.55,23.08,15.6,30.86,nasa,0.64
1986-11-09,2.06,23.43,17.55,29.65,nasa,0.63
1986-11-10,3.74,22.44,18.0,29.02,nasa,0.63
1986-11-11,31.2,16.91,12.13,19.29,nasa,0.66
1986-11-12,3.33,14.32,10.9,19.21,nasa,0.69
1986-11-13,0.23,15.81,10.09,23.34,nasa,0.67
1986-11-14,0.0,16.94,9.94,25.46,nasa,0.66
1986-11-15,0.01,19.48,10.0,27.54,nasa,0.65
1986-11-16,0.14,21.42,15.16,27.58,nasa,0.65
1986-11-17,0.19,23.18,15.32,29.98,nasa,0.64
1986-11-18,0.14,23.7,17.21,29.91,nasa,0.63
1986-11-19,0.08,24.73,18.05,31.77,nasa,0.63
1986-11-20,0.2,25.43,19.36,32.32,nasa,0.62
1986-11-21,0.22,25.25,17.7,32.61,nasa,0.62
1986-11-22,0.08,25.62,17.25,33.36,nasa,0.61
1986-11-23,0.99,25.98,18.87,34.13,nasa,0.61
1986-11-24,1.56,25.1,18.85,32.77,nasa,0.61
1986-11-25,2.19,25.12,18.75,31.4,nasa,0.61
1986-11-26,0.85,24.82,19.3,30.08,nasa,0.61
1986-11-27,5.72,23.12,19.04,27.91,nasa,0.61
1986-11-28,7.25,22.66,19.53,26.44,nasa,0.62
1986-11-29,9.81,22.77,19.4,27.91,nasa,0.64
1986-11-30,14.52,21.94,18.42,25.94,nasa,0.66
1986-12-01,7.35,22.12,19.21,26.4,nasa,0.67
1986-12-02,8.75,22.22,19.26,26.77,nasa,0.67
1986-12-03,3.94,22.68,19.43,26.29,nasa,0.68
1986-12-04,7.28,23.64,19.15,28.3,nasa,0.68
1986-12-05,3.44,24.04,19.81,28.76,nasa,0.67
1986-12-06,6.49,23.44,20.06,28.32,nasa,0.67
1986-12-07,12.84,23.57,19.58,29.43,nasa,0.67
1986-12-08,15.36,21.87,18.7,26.13,nasa,0.68
1986-12-09,11.35,22.16,18.63,26.53,nasa,0.7
1986-12-10,9.16,23.01,18.72,28.82,nasa,0.71
1986-12-11,4.63,23.52,17.68,29.3,nasa,0.7
1986-12-12,4.36,22.74,18.84,27.19,nasa,0.69
1986-12-13,6.75,22.97,17.81,27.61,nasa,0.69
1986-12-14,12.75,22.3,19.92,25.48,nasa,0.7
1986-12-15,15.17,22.41,19.81,26.09,nasa,0.71
1986-12-16,25.05,20.77,18.5,23.39,nasa,0.74
1986-12-17,14.68,20.96,18.25,23.83,nasa,0.75
1986-12-18,1.47,23.14,17.62,27.75,nasa,0.74
1986-12-19,1.05,23.08,19.69,25.99,nasa,0.73
1986-12-20,10.83,20.54,17.64,24.4,nasa,0.72
1986-12-21,19.8,20.52,16.58,25.1,nasa,0.74
1986-12-22,32.68,20.24,16.27,24.57,nasa,0.76
1986-12-23,34.83,20.88,17.78,25.45,nasa,0.8
1986-12-24,28.26,19.5,17.41,21.92,nasa,0.82
1986-12-25,35.77,18.67,16.96,20.82,nasa,0.83
1986-12-26,44.29,19.57,17.42,23.82,nasa,0.85
1986-12-27,29.42,20.04,17.57,23.33,nasa,0.88
1986-12-28,15.74,20.47,16.8,24.71,nasa,0.87
1986-12-29,12.69,20.44,16.7,23.8,nasa,0.87
1986-12-30,8.48,18.37,15.72,21.92,nasa,0.86
1986-12-31,3.22,18.98,16.54,21.93,nasa,0.85
1987-01-01,7.14,21.15,15.18,26.76,nasa,0.85
1987-01-02,9.09,21.89,18.28,26.05,nasa,0.85
1987-01-03,14.06,21.11,18.12,26.03,nasa,0.85
1987-01-04,1.85,22.14,18.02,26.41,nasa,0.85
1987-01-05,2.3,22.22,17.16,27.78,nasa,0.85
1987-01-06,0.49,22.25,16.63,27.7,nasa,0.84
1987-01-07,0.53,22.99,17.51,28.43,nasa,0.83
1987-01-08,1.59,23.19,17.28,28.45,nasa,0.82
1987-01-09,4.45,24.91,19.25,29.9,nasa,0.81
1987-01-10,13.52,23.11,20.72,25.8,nasa,0.82
1987-01-11,5.45,23.31,20.23,26.97,nasa,0.83
1987-01-12,2.96,24.44,20.19,28.02,nasa,0.83
1987-01-13,1.02,25.45,20.75,29.2,nasa,0.82
1987-01-14,2.28,25.4,20.28,29.87,nasa,0.82
1987-01-15,15.12,23.99,19.67,28.0,nasa,0.82
1987-01-16,10.02,23.42,20.59,26.91,nasa,0.84
1987-01-17,10.98,22.79,20.04,25.98,nasa,0.84
1987-01-18,5.81,22.96,18.85,27.32,nasa,0.84
1987-01-19,7.84,22.0,17.04,27.42,nasa,0.84
1987-01-20,4.34,20.21,17.41,23.39,nasa,0.84
1987-01-21,5.73,21.73,18.78,26.12,nasa,0.84
1987-01-22,14.96,22.11,19.21,25.23,nasa,0.85
1987-01-23,22.65,21.32,18.89,24.08,nasa,0.86
1987-01-24,12.37,21.31,18.69,24.97,nasa,0.88
1987-01-25,10.43,21.84,19.19,26.28,nasa,0.88
1987-01-26,14.26,21.72,19.15,25.25,nasa,0.88
1987-01-27,28.83,20.65,18.64,22.72,nasa,0.9
1987-01-28,9.37,19.56,17.69,22.41,nasa,0.9
1987-01-29,18.36,19.68,16.9,22.79,nasa,0.91
1987-01-30,0.99,21.81,18.92,25.63,nasa,0.91
1987-01-31,0.6,22.33,17.56,27.62,nasa,0.9
1987-02-01,3.61,22.25,16.53,28.17,nasa,0.89
1987-02-02,5.0,23.14,19.53,27.53,nasa,0.89
1987-02-03,14.28,22.96,19.26,26.17,nasa,0.89
1987-02-04,5.4,22.13,19.2,25.14,nasa,0.9
1987-02-05,3.87,22.91,18.9,26.48,nasa,0.9
1987-02-06,2.59,23.53,18.78,27.17,nasa,0.89
1987-02-07,0.97,23.42,19.36,26.74,nasa,0.89
1987-02-08,6.29,23.0,18.92,25.91,nasa,0.89
1987-02-09,9.06,21.43,18.41,24.88,nasa,0.89
1987-02-10,6.68,18.02,14.99,21.42,nasa,0.9
1987-02-11,5.35,18.58,13.71,24.0,nasa,0.9
1987-02-12,14.38,19.37,14.53,24.66,nasa,0.9
1987-02-13,3.68,18.7,15.91,21.91,nasa,0.9
1987-02-14,15.81,19.98,16.46,24.52,nasa,0.91
1987-02-15,8.49,20.48,16.81,24.29,nasa,0.91
1987-02-16,5.97,19.54,16.88,22.5,nasa,0.91
1987-02-17,15.54,19.02,16.26,21.84,nasa,0.92
1987-02-18,5.41,20.16,17.25,23.64,nasa,0.93
1987-02-19,0.84,20.72,16.09,24.64,nasa,0.92
1987-02-20,0.01,21.4,17.0,26.53,nasa,0.92
1987-02-21,0.12,22.02,18.09,27.16,nasa,0.91
1987-02-22,1.45,22.15,18.3,27.25,nasa,0.9
1987-02-23,0.94,21.79,17.7,26.73,nasa,0.9
1987-02-24,0.66,21.76,17.74,26.83,nasa,0.89
1987-02-25,1.82,21.64,17.44,26.34,nasa,0.89
1987-02-26,0.18,21.58,17.6,26.48,nasa,0.88
1987-02-27,0.26,21.36,16.52,26.54,nasa,0.88
1987-02-28,0.84,22.18,16.81,27.33,nasa,0.87
1987-03-01,0.45,22.36,16.77,28.27,nasa,0.87
1987-03-02,0.62,22.68,17.2,27.73,nasa,0.86
1987-03-03,0.1,22.44,17.37,27.54,nasa,0.85
1987-03-04,0.71,22.32,16.77,27.38,nasa,0.85
1987-03-05,0.27,23.3,18.16,27.67,nasa,0.85
1987-03-06,1.07,23.65,17.51,28.98,nasa,0.84
1987-03-07,5.78,22.89,17.95,27.89,nasa,0.84
1987-03-08,15.57,21.02,18.94,23.64,nasa,0.85
1987-03-09,38.62,21.67,19.25,25.0,nasa,0.89
1987-03-10,8.26,21.5,18.69,24.27,nasa,0.9
1987-03-11,0.52,18.69,14.79,23.71,nasa,0.89
1987-03-12,0.13,17.44,13.58,21.41,nasa,0.88
1987-03-13,1.49,20.24,14.6,25.44,nasa,0.87
1987-03-14,0.77,20.99,17.03,25.99,nasa,0.86
1987-03-15,2.91,20.8,17.21,25.05,nasa,0.86
1987-03-16,2.49,20.49,17.03,25.46,nasa,0.86
1987-03-17,3.3,20.26,16.19,25.12,nasa,0.86
1987-03-18,7.02,20.4,16.76,25.27,nasa,0.86
1987-03-19,5.58,19.61,16.39,24.21,nasa,0.86
1987-03-20,6.91,20.4,16.45,25.33,nasa,0.87
1987-03-21,1.76,20.84,16.38,25.67,nasa,0.86
1987-03-22,0.05,22.3,17.54,27.12,nasa,0.85
1987-03-23,0.13,21.92,18.61,26.8,nasa,0.85
1987-03-24,0.01,21.43,16.69,26.97,nasa,0.85
1987-03-25,0.0,21.71,17.24,27.51,nasa,0.84
1987-03-26,0.0,22.16,16.2,27.68,nasa,0.83
1987-03-27,0.0,21.47,15.55,27.16,nasa,0.83
1987-03-28,0.06,19.73,15.61,25.31,nasa,0.82
1987-03-29,0.35,19.81,14.51,25.42,nasa,0.82
1987-03-30,0.05,20.98,16.29,26.1,nasa,0.82
1987-03-31,0.38,21.62,16.9,26.59,nasa,0.81
1987-04-01,1.04,21.89,17.55,26.86,nasa,0.81
1987-04-02,2.43,22.55,18.97,26.98,nasa,0.81
1987-04-03,15.84,20.8,17.36,24.62,nasa,0.82
1987-04-04,23.92,17.73,15.96,20.16,nasa,0.85
1987-04-05,50.45,17.04,15.34,18.99,nasa,0.89
1987-04-06,5.27,19.94,16.39,24.91,nasa,0.9
1987-04-07,5.14,21.04,18.02,25.28,nasa,0.88
1987-04-08,3.45,21.79,18.18,26.53,nasa,0.87
1987-04-09,1.98,22.07,17.54,26.86,nasa,0.86
1987-04-10,4.55,22.77,18.65,26.66,nasa,0.86
1987-04-11,0.57,22.02,18.03,26.24,nasa,0.86
1987-04-12,0.93,21.89,17.4,26.85,nasa,0.85
1987-04-13,1.05,22.8,18.16,27.3,nasa,0.85
1987-04-14,0.69,22.53,18.4,26.99,nasa,0.85
1987-04-15,0.09,21.45,17.48,26.65,nasa,0.84
1987-04-16,0.17,20.62,16.03,26.36,nasa,0.84
1987-04-17,0.02,20.66,15.54,26.05,nasa,0.83
1987-04-18,0.24,20.99,16.44,26.12,nasa,0.83
1987-04-19,0.94,21.31,16.26,26.31,nasa,0.82
1987-04-20,7.15,20.13,17.09,23.21,nasa,0.83
1987-04-21,7.92,20.19,16.5,24.09,nasa,0.84
1987-04-22,1.98,20.45,16.72,24.89,nasa,0.84
1987-04-23,1.2,20.84,17.09,25.54,nasa,0.84
1987-04-24,0.59,20.28,16.4,25.67,nasa,0.83
1987-04-25,0.03,18.16,13.81,24.47,nasa,0.83
1987-04-26,0.0,17.81,12.27,23.47,nasa,0.82
1987-04-27,0.07,19.14,14.65,24.06,nasa,0.82
1987-04-28,0.18,19.14,15.35,24.25,nasa,0.81
1987-04-29,0.91,17.88,15.61,21.23,nasa,0.81
1987-04-30,1.0,17.37,15.5,20.31,nasa,0.81
1987-05-01,0.12,18.88,13.17,23.81,nasa,0.81
1987-05-02,0.16,19.28,14.43,24.44,nasa,0.81
1987-05-03,0.06,20.12,15.54,25.19,nasa,0.8
1987-05-04,1.99,20.66,15.78,25.72,nasa,0.8
1987-05-05,6.22,21.03,17.48,25.15,nasa,0.8
1987-05-06,0.84,20.59,18.07,24.59,nasa,0.81
1987-05-07,2.03,21.56,17.31,26.2,nasa,0.81
1987-05-08,0.65,21.59,17.9,26.66,nasa,0.8
1987-05-09,7.02,20.15,14.31,25.46,nasa,0.81
1987-05-10,0.38,15.49,12.02,19.95,nasa,0.81
1987-05-11,0.32,16.39,11.9,21.91,nasa,0.8
1987-05-12,0.37,18.67,14.19,24.02,nasa,0.8
1987-05-13,0.0,19.44,14.02,25.11,nasa,0.8
1987-05-14,0.23,20.09,14.67,25.3,nasa,0.79
1987-05-15,6.31,20.44,16.9,25.56,nasa,0.79
1987-05-16,1.1,20.29,17.08,24.38,nasa,0.8
1987-05-17,7.16,18.14,15.28,22.82,nasa,0.79
1987-05-18,1.11,18.94,14.4,24.17,nasa,0.8
1987-05-19,13.4,19.23,14.96,23.34,nasa,0.81
1987-05-20,5.41,19.19,16.21,22.2,nasa,0.82
1987-05-21,11.04,19.9,16.61,24.37,nasa,0.83
1987-05-22,0.3,15.86,10.53,21.33,nasa,0.82
1987-05-23,2.83,15.48,9.6,22.36,nasa,0.81
1987-05-24,6.04,17.8,14.89,22.78,nasa,0.81
1987-05-25,0.92,14.23,9.19,19.35,nasa,0.82
1987-05-26,0.05,12.18,7.85,18.61,nasa,0.81
1987-05-27,0.47,14.32,8.92,20.57,nasa,0.81
1987-05-28,4.17,16.3,10.44,21.46,nasa,0.81
1987-05-29,1.88,16.74,11.11,22.46,nasa,0.81
1987-05-30,0.21,12.53,8.49,19.06,nasa,0.81
1987-05-31,0.01,13.44,7.76,19.6,nasa,0.8
1987-06-01,0.0,15.37,8.77,21.79,nasa,0.8
1987-06-02,0.0,15.33,8.49,21.63,nasa,0.79
1987-06-03,0.03,16.6,10.32,22.5,nasa,0.79
1987-06-04,0.01,16.92,13.11,21.26,nasa,0.79
1987-06-05,0.15,17.53,12.5,23.03,nasa,0.79
1987-06-06,4.14,17.69,13.28,23.29,nasa,0.79
1987-06-07,4.27,17.18,13.63,22.4,nasa,0.8
1987-06-08,1.34,16.96,12.77,22.29,nasa,0.8
1987-06-09,0.08,16.68,12.38,22.02,nasa,0.79
1987-06-10,0.04,17.02,12.11,22.34,nasa,0.79
1987-06-11,0.02,15.93,9.39,22.53,nasa,0.79
1987-06-12,0.02,17.61,12.0,23.73,nasa,0.78
1987-06-13,0.04,19.3,14.8,25.0,nasa,0.78
1987-06-14,0.73,20.24,16.44,25.01,nasa,0.78
1987-06-15,0.74,18.8,14.38,24.25,nasa,0.77
1987-06-16,7.3,16.06,10.13,20.85,nasa,0.78
1987-06-17,1.07,12.91,9.99,16.52,nasa,0.78
1987-06-18,0.2,15.02,10.09,20.8,nasa,0.78
1987-06-19,0.0,14.18,8.34,21.22,nasa,0.78
1987-06-20,0.0,13.8,7.02,22.06,nasa,0.78
1987-06-21,0.08,15.71,8.79,22.84,nasa,0.77
1987-06-22,3.65,16.88,13.71,20.66,nasa,0.78
1987-06-23,0.25,17.91,12.16,23.06,nasa,0.78
1987-06-24,3.07,12.02,9.66,15.15,nasa,0.78
1987-06-25,0.0,13.74,8.41,19.35,nasa,0.78
1987-06-26,0.0,14.1,9.31,20.35,nasa,0.77
1987-06-27,0.0,12.85,8.04,19.72,nasa,0.77
1987-06-28,0.0,12.59,9.08,18.53,nasa,0.77
1987-06-29,0.0,14.67,9.05,20.74,nasa,0.77
1987-06-30,0.0,15.37,9.7,21.0,nasa,0.76
1987-07-01,0.0,16.7,9.65,22.39,nasa,0.76
1987-07-02,0.0,16.89,10.0,23.06,nasa,0.76
1987-07-03,0.0,17.03,11.66,23.01,nasa,0.76
1987-07-04,0.0,17.61,10.62,23.48,nasa,0.75
1987-07-05,0.16,16.72,12.29,22.31,nasa,0.75
1987-07-06,0.06,15.69,10.52,22.58,nasa,0.75
1987-07-07,0.02,16.89,11.83,22.67,nasa,0.75
1987-07-08,1.24,17.97,10.83,23.94,nasa,0.75
1987-07-09,9.71,17.56,13.05,22.59,nasa,0.75
1987-07-10,0.24,16.84,11.4,22.57,nasa,0.76
1987-07-11,0.15,16.55,10.56,23.19,nasa,0.76
1987-07-12,0.0,18.24,11.7,24.75,nasa,0.75
1987-07-13,0.0,19.56,13.03,26.05,nasa,0.75
1987-07-14,0.0,19.98,15.32,25.78,nasa,0.74
1987-07-15,0.0,19.3,13.16,25.72,nasa,0.74
1987-07-16,0.0,18.87,11.85,25.71,nasa,0.74
1987-07-17,0.06,18.13,10.6,24.93,nasa,0.73
1987-07-18,0.0,18.27,10.76,25.13,nasa,0.73
1987-07-19,0.0,17.74,11.54,25.19,nasa,0.73
1987-07-20,0.0,17.86,12.67,24.11,nasa,0.72
1987-07-21,0.0,17.62,13.23,23.73,nasa,0.72
1987-07-22,0.0,15.74,11.57,21.14,nasa,0.72
1987-07-23,0.05,15.4,11.28,21.95,nasa,0.72
1987-07-24,0.04,15.82,9.38,22.62,nasa,0.72
1987-07-25,0.0,15.23,7.64,22.43,nasa,0.72
1987-07-26,0.0,15.67,8.61,22.48,nasa,0.71
1987-07-27,0.0,16.84,8.74,23.78,nasa,0.71
1987-07-28,0.0,17.24,9.75,24.07,nasa,0.71
1987-07-29,0.0,17.69,11.12,25.35,nasa,0.71
1987-07-30,0.16,16.32,11.38,23.96,nasa,0.7
1987-07-31,0.15,12.08,7.68,18.58,nasa,0.7
1987-08-01,0.0,12.19,7.34,19.75,nasa,0.7
1987-08-02,0.0,13.27,7.82,21.07,nasa,0.7
1987-08-03,0.0,14.48,6.8,22.5,nasa,0.7
1987-08-04,0.0,15.83,9.48,23.06,nasa,0.7
1987-08-05,0.37,17.43,11.16,24.83,nasa,0.69
1987-08-06,4.46,17.72,11.99,23.86,nasa,0.7
1987-08-07,0.0,13.75,6.16,20.13,nasa,0.7
1987-08-08,0.14,10.26,3.31,19.87,nasa,0.7
1987-08-09,0.0,11.99,3.92,21.36,nasa,0.69
1987-08-10,0.0,13.99,4.99,23.2,nasa,0.69
1987-08-11,0.0,16.38,6.18,26.17,nasa,0.69
1987-08-12,0.0,21.32,14.45,28.78,nasa,0.68
1987-08-13,0.0,20.35,12.41,28.7,nasa,0.68
1987-08-14,0.0,20.7,12.87,28.4,nasa,0.68
1987-08-15,0.0,19.94,11.67,28.54,nasa,0.67
1987-08-16,0.0,21.21,14.09,29.21,nasa,0.67
1987-08-17,0.12,21.24,15.34,28.93,nasa,0.67
1987-08-18,0.34,18.97,14.03,25.27,nasa,0.67
1987-08-19,1.91,18.23,13.3,24.06,nasa,0.67
1987-08-20,0.19,17.75,12.24,25.35,nasa,0.67
1987-08-21,0.0,14.28,8.53,22.91,nasa,0.67
1987-08-22,0.0,14.1,8.47,22.18,nasa,0.66
1987-08-23,0.0,15.02,8.86,23.05,nasa,0.66
1987-08-24,0.0,15.86,8.94,24.46,nasa,0.66
1987-08-25,0.0,17.06,8.24,25.39,nasa,0.66
1987-08-26,0.0,19.3,11.03,27.17,nasa,0.66
1987-08-27,0.0,21.21,14.48,28.54,nasa,0.65
1987-08-28,0.0,21.22,13.52,29.58,nasa,0.65
1987-08-29,0.0,21.76,13.62,29.86,nasa,0.65
1987-08-30,0.0,21.71,13.7,29.83,nasa,0.65
1987-08-31,0.04,20.36,14.53,28.97,nasa,0.64
1987-09-01,0.01,18.32,12.7,26.29,nasa,0.64
1987-09-02,0.0,19.76,12.78,28.36,nasa,0.64
1987-09-03,0.51,21.63,14.42,30.07,nasa,0.64
1987-09-04,0.61,18.41,13.47,24.28,nasa,0.64
1987-09-05,11.98,18.51,12.23,25.36,nasa,0.65
1987-09-06,3.37,19.98,15.17,27.42,nasa,0.66
1987-09-07,0.25,18.43,12.86,25.17,nasa,0.66
1987-09-08,1.9,17.03,13.82,21.38,nasa,0.66
1987-09-09,0.85,20.12,13.67,27.12,nasa,0.66
1987-09-10,4.98,22.42,14.8,29.84,nasa,0.66
1987-09-11,5.9,23.01,16.16,30.33,nasa,0.67
1987-09-12,0.81,18.57,14.4,24.5,nasa,0.66
1987-09-13,0.01,20.19,13.37,27.99,nasa,0.66
1987-09-14,0.0,22.54,15.03,30.28,nasa,0.65
1987-09-15,0.0,23.25,15.39,31.27,nasa,0.65
1987-09-16,0.95,24.2,16.93,32.32,nasa,0.64
1987-09-17,15.48,20.23,14.84,27.1,nasa,0.65
1987-09-18,13.36,21.7,15.54,28.0,nasa,0.68
1987-09-19,0.1,21.08,14.75,27.92,nasa,0.68
1987-09-20,1.54,18.45,11.67,26.45,nasa,0.67
1987-09-21,19.92,18.78,12.47,26.02,nasa,0.68
1987-09-22,9.24,19.65,15.95,24.57,nasa,0.7
1987-09-23,16.02,18.66,13.76,25.0,nasa,0.71
1987-09-24,4.44,15.23,11.89,18.88,nasa,0.72
1987-09-25,0.06,16.78,9.95,24.07,nasa,0.71
1987-09-26,0.15,19.02,11.64,26.03,nasa,0.7
1987-09-27,2.61,20.52,15.31,25.83,nasa,0.69
1987-09-28,0.05,20.82,13.92,27.09,nasa,0.69
1987-09-29,0.03,20.63,14.47,27.51,nasa,0.68
1987-09-30,0.41,22.03,14.79,29.31,nasa,0.67
1987-10-01,6.66,21.56,14.13,29.52,nasa,0.67
1987-10-02,2.57,19.63,13.14,26.28,nasa,0.68
1987-10-03,0.25,16.23,11.65,21.49,nasa,0.67
1987-10-04,1.0,17.88,11.9,24.58,nasa,0.67
1987-10-05,14.98,19.31,11.87,26.34,nasa,0.68
1987-10-06,7.18,17.94,14.52,20.91,nasa,0.7
1987-10-07,0.01,18.73,12.37,26.93,nasa,0.69
1987-10-08,0.0,19.71,11.78,28.63,nasa,0.68
1987-10-09,0.05,21.06,13.55,28.73,nasa,0.67
1987-10-10,0.13,22.46,14.92,30.84,nasa,0.67
1987-10-11,0.0,23.29,15.94,31.98,nasa,0.66
1987-10-12,0.0,24.34,15.44,32.77,nasa,0.65
1987-10-13,0.0,25.16,18.16,32.76,nasa,0.65
1987-10-14,0.0,23.18,17.44,30.91,nasa,0.64
1987-10-15,0.43,23.64,17.51,30.64,nasa,0.64
1987-10-16,0.17,26.16,19.18,32.88,nasa,0.64
1987-10-17,0.83,26.26,20.48,34.12,nasa,0.64
1987-10-18,0.31,26.34,18.17,34.91,nasa,0.63
1987-10-19,2.5,24.55,20.15,28.84,nasa,0.63
1987-10-20,0.36,21.26,16.94,26.98,nasa,0.63
1987-10-21,4.24,20.72,16.58,26.59,nasa,0.63
1987-10-22,5.08,23.16,18.27,29.5,nasa,0.64
1987-10-23,7.61,21.71,16.59,28.19,nasa,0.65
1987-10-24,15.08,20.1,16.98,23.69,nasa,0.67
1987-10-25,3.28,21.73,18.09,26.71,nasa,0.68
1987-10-26,0.62,22.62,18.04,27.67,nasa,0.68
1987-10-27,2.04,24.48,17.98,31.41,nasa,0.67
1987-10-28,4.79,23.36,18.7,28.58,nasa,0.67
1987-10-29,2.84,23.26,19.67,28.79,nasa,0.67
1987-10-30,9.77,21.95,17.18,27.75,nasa,0.67
1987-10-31,0.03,21.7,15.27,29.63,nasa,0.67
1987-11-01,0.0,20.75,13.45,29.56,nasa,0.66
1987-11-02,0.0,20.51,12.98,29.04,nasa,0.65
1987-11-03,0.0,21.36,12.5,29.96,nasa,0.65
1987-11-04,0.05,23.6,14.42,31.82,nasa,0.64
1987-11-05,0.85,25.14,17.05,32.68,nasa,0.64
1987-11-06,2.47,22.99,20.42,26.87,nasa,0.64
1987-11-07,0.72,24.75,19.76,31.87,nasa,0.64
1987-11-08,5.95,24.24,19.41,29.32,nasa,0.64
1987-11-09,3.47,24.2,18.55,31.03,nasa,0.64
1987-11-10,1.35,22.29,15.74,30.88,nasa,0.64
1987-11-11,1.01,21.67,15.51,29.17,nasa,0.64
1987-11-12,0.04,22.0,15.65,28.46,nasa,0.63
1987-11-13,6.04,22.89,17.46,30.02,nasa,0.63
1987-11-14,15.74,22.27,17.66,28.11,nasa,0.65
1987-11-15,46.73,21.08,19.37,25.0,nasa,0.69
1987-11-16,33.39,21.15,19.16,23.8,nasa,0.76
1987-11-17,0.85,22.36,15.79,28.57,nasa,0.76
1987-11-18,0.18,23.6,16.26,29.23,nasa,0.73
1987-11-19,0.31,23.9,17.54,30.21,nasa,0.71
1987-11-20,3.2,23.2,18.88,28.26,nasa,0.69
1987-11-21,5.82,21.22,18.73,24.23,nasa,0.69
1987-11-22,2.81,22.45,17.38,27.0,nasa,0.7
1987-11-23,1.76,21.86,16.48,27.69,nasa,0.69
1987-11-24,5.82,19.95,14.61,24.53,nasa,0.69
1987-11-25,6.69,21.33,17.92,24.84,nasa,0.7
1987-11-26,3.39,22.62,19.82,27.17,nasa,0.7
1987-11-27,2.01,23.45,18.94,28.99,nasa,0.69
1987-11-28,2.23,22.56,16.3,28.54,nasa,0.69
1987-11-29,3.4,23.2,17.76,28.51,nasa,0.68
1987-11-30,0.48,23.89,17.23,29.9,nasa,0.67
1987-12-01,2.89,23.47,18.18,29.11,nasa,0.67
1987-12-02,4.53,22.85,18.81,26.47,nasa,0.67
1987-12-03,8.87,21.99,18.54,25.31,nasa,0.68
1987-12-04,15.39,20.63,17.64,24.03,nasa,0.69
1987-12-05,33.61,21.04,19.23,23.75,nasa,0.73
1987-12-06,29.31,21.77,18.83,25.91,nasa,0.77
1987-12-07,7.86,22.93,18.78,27.07,nasa,0.78
1987-12-08,12.12,23.2,18.35,27.74,nasa,0.77
1987-12-09,13.14,24.02,19.24,29.03,nasa,0.76
1987-12-10,17.23,23.56,20.08,28.12,nasa,0.77
1987-12-11,10.95,22.61,18.52,27.88,nasa,0.77
1987-12-12,7.48,21.66,19.31,25.41,nasa,0.77
1987-12-13,12.08,21.34,16.7,25.52,nasa,0.77
1987-12-14,1.5,21.61,16.07,27.79,nasa,0.77
1987-12-15,0.57,21.44,18.73,25.82,nasa,0.75
1987-12-16,0.65,22.06,18.01,27.16,nasa,0.74
1987-12-17,6.65,20.82,16.95,24.64,nasa,0.74
1987-12-18,15.36,22.15,19.19,26.81,nasa,0.75
1987-12-19,15.12,22.76,18.62,28.19,nasa,0.77
1987-12-20,6.29,22.21,16.66,28.27,nasa,0.77
1987-12-21,2.23,22.24,16.42,28.16,nasa,0.76
1987-12-22,2.6,22.17,17.32,28.23,nasa,0.76
1987-12-23,0.05,21.1,15.43,27.35,nasa,0.74
1987-12-24,0.03,21.14,15.47,27.16,nasa,0.73
1987-12-25,0.1,19.85,15.49,23.18,nasa,0.72
1987-12-26,0.45,20.93,16.5,26.18,nasa,0.72
1987-12-27,1.02,23.08,19.11,27.74,nasa,0.72
1987-12-28,8.66,22.28,19.55,25.06,nasa,0.72
1987-12-29,4.38,22.65,18.89,27.48,nasa,0.73
1987-12-30,8.56,22.43,20.1,25.15,nasa,0.73
1987-12-31,20.31,23.05,20.8,26.32,nasa,0.75
1988-01-01,2.61,24.22,19.38,29.4,nasa,0.77
1988-01-02,0.66,22.53,17.09,27.95,nasa,0.75
1988-01-03,0.54,21.37,17.56,24.61,nasa,0.74
1988-01-04,8.62,23.6,19.29,28.42,nasa,0.74
1988-01-05,24.28,23.29,21.31,26.09,nasa,0.76
1988-01-06,15.48,22.95,20.05,26.61,nasa,0.78
1988-01-07,27.37,21.02,18.94,23.49,nasa,0.81
1988-01-08,12.99,20.4,18.37,22.87,nasa,0.81
1988-01-09,7.84,19.88,17.56,24.16,nasa,0.81
1988-01-10,22.78,20.39,18.16,22.71,nasa,0.82
1988-01-11,5.72,21.15,18.13,25.58,nasa,0.83
1988-01-12,2.1,21.03,16.88,25.06,nasa,0.81
1988-01-13,2.91,22.25,19.67,25.73,nasa,0.8
1988-01-14,1.18,23.11,18.46,28.35,nasa,0.8
1988-01-15,0.26,24.06,18.54,29.56,nasa,0.79
1988-01-16,0.58,24.04,17.81,29.93,nasa,0.78
1988-01-17,2.58,24.25,19.17,29.65,nasa,0.77
1988-01-18,0.65,24.1,18.78,29.52,nasa,0.76
1988-01-19,0.92,25.02,19.59,30.13,nasa,0.75
1988-01-20,1.2,25.06,20.12,29.36,nasa,0.75
1988-01-21,1.34,24.57,19.98,29.29,nasa,0.74
1988-01-22,2.28,24.97,19.84,29.85,nasa,0.74
1988-01-23,5.13,24.52,20.51,29.68,nasa,0.74
1988-01-24,2.46,23.68,19.77,28.12,nasa,0.74
1988-01-25,0.48,23.9,19.59,28.5,nasa,0.73
1988-01-26,1.11,23.84,18.96,28.8,nasa,0.73
1988-01-27,2.45,23.84,19.11,28.61,nasa,0.72
1988-01-28,13.64,23.87,20.22,27.39,nasa,0.73
1988-01-29,3.64,24.32,20.83,28.55,nasa,0.74
1988-01-30,3.16,24.68,20.83,28.53,nasa,0.74
1988-01-31,7.42,23.73,20.82,26.78,nasa,0.74
1988-02-01,7.86,22.68,19.18,26.68,nasa,0.75
1988-02-02,10.47,21.92,17.61,27.14,nasa,0.76
1988-02-03,11.09,22.47,19.03,26.51,nasa,0.77
1988-02-04,13.02,22.5,19.56,26.73,nasa,0.78
1988-02-05,21.9,21.66,17.72,25.27,nasa,0.79
1988-02-06,16.64,21.22,16.66,25.32,nasa,0.8
1988-02-07,16.4,21.61,18.48,25.73,nasa,0.82
1988-02-08,17.05,21.32,19.44,24.18,nasa,0.83
1988-02-09,5.95,22.33,19.2,26.18,nasa,0.83
1988-02-10,14.01,21.83,19.29,25.11,nasa,0.82
1988-02-11,15.72,22.05,18.5,26.21,nasa,0.84
1988-02-12,3.55,22.09,18.19,26.44,nasa,0.83
1988-02-13,2.41,21.8,16.44,27.16,nasa,0.82
1988-02-14,10.25,21.47,17.65,25.26,nasa,0.82
1988-02-15,5.67,21.82,19.18,25.98,nasa,0.82
1988-02-16,9.5,21.46,19.23,25.14,nasa,0.83
1988-02-17,11.37,22.63,18.94,27.1,nasa,0.83
1988-02-18,11.09,23.19,19.59,27.63,nasa,0.83
1988-02-19,28.72,22.29,19.68,26.12,nasa,0.85
1988-02-20,3.72,22.92,18.81,27.73,nasa,0.86
1988-02-21,2.03,23.07,18.16,27.98,nasa,0.84
1988-02-22,2.86,22.83,19.55,27.27,nasa,0.84
1988-02-23,2.45,23.0,19.41,27.46,nasa,0.83
1988-02-24,1.88,23.21,18.9,27.9,nasa,0.83
1988-02-25,17.09,23.03,19.92,27.23,nasa,0.83
1988-02-26,6.64,23.22,18.9,27.75,nasa,0.84
1988-02-27,2.14,23.48,19.8,27.53,nasa,0.84
1988-02-28,0.75,23.36,19.17,27.86,nasa,0.83
1988-02-29,1.41,22.45,19.69,25.51,nasa,0.82
1988-03-01,7.33,21.38,19.14,24.94,nasa,0.83
1988-03-02,17.08,22.66,18.02,27.54,nasa,0.84
1988-03-03,22.33,22.16,20.62,24.72,nasa,0.86
1988-03-04,8.61,24.0,20.29,28.62,nasa,0.87
1988-03-05,4.61,23.17,19.15,28.12,nasa,0.86
1988-03-06,5.15,23.59,20.12,28.87,nasa,0.85
1988-03-07,4.78,22.18,20.22,25.17,nasa,0.85
1988-03-08,0.51,21.74,17.43,27.74,nasa,0.85
1988-03-09,2.04,20.78,16.51,26.55,nasa,0.84
1988-03-10,1.47,20.34,16.31,25.37,nasa,0.84
1988-03-11,0.12,20.49,16.22,26.29,nasa,0.83
1988-03-12,0.01,19.72,15.41,25.41,nasa,0.82
1988-03-13,0.0,20.35,15.77,25.71,nasa,0.82
1988-03-14,0.0,20.93,15.89,26.14,nasa,0.81
1988-03-15,0.64,21.4,17.07,26.04,nasa,0.81
1988-03-16,13.75,22.66,18.87,27.29,nasa,0.81
1988-03-17,20.51,21.85,20.28,24.62,nasa,0.84
1988-03-18,23.61,22.35,19.7,25.99,nasa,0.86
1988-03-19,3.71,22.75,18.68,27.51,nasa,0.87
1988-03-20,0.05,21.0,16.2,26.84,nasa,0.85
1988-03-21,0.0,18.47,13.94,24.46,nasa,0.84
1988-03-22,0.0,18.56,14.2,24.68,nasa,0.83
1988-03-23,0.0,19.96,13.63,26.71,nasa,0.82
1988-03-24,0.0,20.49,15.14,26.57,nasa,0.82
1988-03-25,0.15,19.98,14.59,26.32,nasa,0.81
1988-03-26,0.12,21.03,16.13,27.2,nasa,0.81
1988-03-27,0.05,21.29,16.1,26.9,nasa,0.8
1988-03-28,0.01,22.66,17.49,27.26,nasa,0.8
1988-03-29,0.95,22.4,17.31,28.41,nasa,0.79
1988-03-30,0.32,21.88,15.89,27.92,nasa,0.79
1988-03-31,2.0,22.69,17.64,27.52,nasa,0.79
1988-04-01,0.92,23.62,19.77,27.98,nasa,0.79
1988-04-02,4.53,22.53,18.24,27.74,nasa,0.79
1988-04-03,0.84,20.96,16.97,25.34,nasa,0.79
1988-04-04,3.2,21.16,17.35,25.7,nasa,0.79
1988-04-05,0.94,21.55,18.4,25.52,nasa,0.79
1988-04-06,1.47,21.29,16.7,26.65,nasa,0.78
1988-04-07,11.43,21.61,17.11,26.38,nasa,0.78
1988-04-08,1.79,21.43,18.43,25.39,nasa,0.79
1988-04-09,0.03,18.43,14.25,23.79,nasa,0.79
1988-04-10,0.0,18.81,12.43,25.49,nasa,0.78
1988-04-11,0.38,20.83,15.1,25.79,nasa,0.78
1988-04-12,1.81,21.84,18.08,26.09,nasa,0.77
1988-04-13,25.05,20.52,18.62,23.18,nasa,0.79
1988-04-14,0.51,20.56,16.19,25.35,nasa,0.8
1988-04-15,0.34,19.91,15.1,25.14,nasa,0.79
1988-04-16,3.32,19.42,16.27,23.21,nasa,0.79
1988-04-17,3.0,21.17,18.15,26.0,nasa,0.79
1988-04-18,2.98,20.41,16.33,25.2,nasa,0.79
1988-04-19,2.9,20.16,17.14,24.2,nasa,0.79
1988-04-20,0.5,20.88,17.23,25.75,nasa,0.79
1988-04-21,1.85,20.98,16.34,25.97,nasa,0.78
1988-04-22,1.26,22.59,16.72,27.11,nasa,0.78
1988-04-23,3.2,21.69,19.65,24.5,nasa,0.78
1988-04-24,0.45,21.13,18.42,25.16,nasa,0.78
1988-04-25,1.01,21.07,17.01,25.53,nasa,0.78
1988-04-26,1.7,22.07,17.86,26.67,nasa,0.77
1988-04-27,1.58,22.43,17.52,26.69,nasa,0.77
1988-04-28,1.53,19.61,15.93,23.13,nasa,0.77
1988-04-29,0.41,16.97,14.26,20.42,nasa,0.77
1988-04-30,0.03,16.64,12.36,21.78,nasa,0.76
1988-05-01,0.02,17.17,12.12,22.79,nasa,0.76
1988-05-02,0.01,18.35,12.57,23.86,nasa,0.76
1988-05-03,0.03,19.7,13.78,25.56,nasa,0.75
1988-05-04,0.43,20.73,15.17,26.21,nasa,0.75
1988-05-05,16.46,20.1,15.38,25.23,nasa,0.76
1988-05-06,1.11,18.86,14.81,24.02,nasa,0.77
1988-05-07,0.11,19.61,14.4,24.82,nasa,0.77
1988-05-08,0.04,20.22,16.1,25.34,nasa,0.76
1988-05-09,0.03,18.39,14.18,23.7,nasa,0.75
1988-05-10,0.0,17.29,12.08,23.12,nasa,0.75
1988-05-11,0.0,17.82,12.89,23.34,nasa,0.75
1988-05-12,1.66,19.01,13.68,24.18,nasa,0.74
1988-05-13,0.41,19.37,15.15,24.7,nasa,0.74
1988-05-14,1.13,19.81,16.12,24.87,nasa,0.74
1988-05-15,3.0,19.39,15.08,25.24,nasa,0.74
1988-05-16,4.9,19.49,14.15,25.08,nasa,0.74
1988-05-17,16.75,17.95,16.04,20.83,nasa,0.76
1988-05-18,3.56,19.56,15.83,24.45,nasa,0.77
1988-05-19,0.29,19.82,14.41,24.84,nasa,0.76
1988-05-20,0.02,20.51,15.42,25.26,nasa,0.76
1988-05-21,0.36,20.45,14.73,25.13,nasa,0.75
1988-05-22,0.47,20.79,15.87,25.51,nasa,0.74
1988-05-23,0.42,19.94,15.14,25.36,nasa,0.74
1988-05-24,1.83,19.5,17.08,22.72,nasa,0.74
1988-05-25,3.91,16.81,13.39,20.6,nasa,0.75
1988-05-26,0.59,16.11,12.56,20.65,nasa,0.75
1988-05-27,0.2,16.65,12.39,21.78,nasa,0.74
1988-05-28,0.47,17.11,12.25,22.48,nasa,0.74
1988-05-29,10.24,17.43,12.53,22.66,nasa,0.74
1988-05-30,6.46,18.31,15.07,22.73,nasa,0.76
1988-05-31,3.77,15.46,10.15,20.84,nasa,0.76
1988-06-01,0.03,10.84,6.44,17.23,nasa,0.76
1988-06-02,0.64,12.03,5.48,19.12,nasa,0.75
1988-06-03,9.29,16.13,11.23,22.12,nasa,0.75
1988-06-04,16.87,15.71,11.77,19.37,nasa,0.78
1988-06-05,0.0,10.59,3.67,17.77,nasa,0.78
1988-06-06,0.47,12.82,3.62,21.1,nasa,0.77
1988-06-07,0.0,16.41,11.22,21.9,nasa,0.76
1988-06-08,0.0,17.91,12.91,24.15,nasa,0.76
1988-06-09,0.0,17.91,13.09,23.69,nasa,0.75
1988-06-10,0.0,17.6,12.42,23.88,nasa,0.75
1988-06-11,0.01,15.97,11.85,20.84,nasa,0.75
1988-06-12,0.01,16.77,12.42,22.02,nasa,0.74
1988-06-13,0.19,15.83,9.48,21.83,nasa,0.74
1988-06-14,8.66,16.8,13.01,21.81,nasa,0.74
1988-06-15,0.18,13.93,10.2,19.12,nasa,0.75
1988-06-16,0.0,12.67,8.58,18.72,nasa,0.75
1988-06-17,0.0,11.5,6.8,18.39,nasa,0.74
1988-06-18,0.01,11.17,6.72,18.52,nasa,0.74
1988-06-19,0.0,11.58,6.23,17.89,nasa,0.74
1988-06-20,0.0,14.1,7.76,21.24,nasa,0.74
1988-06-21,0.08,16.28,10.23,23.15,nasa,0.73
1988-06-22,0.05,17.62,9.78,25.08,nasa,0.73
1988-06-23,0.0,17.29,12.4,24.33,nasa,0.73
1988-06-24,0.0,17.45,11.95,24.87,nasa,0.72
1988-06-25,0.26,17.05,12.83,23.08,nasa,0.72
1988-06-26,0.29,14.1,10.2,18.83,nasa,0.72
1988-06-27,0.01,14.24,10.08,19.61,nasa,0.72
1988-06-28,0.0,15.78,10.21,22.01,nasa,0.72
1988-06-29,0.0,17.86,11.52,23.69,nasa,0.72
1988-06-30,0.0,16.74,12.08,22.77,nasa,0.71
1988-07-01,0.0,15.27,11.08,21.75,nasa,0.71
1988-07-02,0.0,15.54,10.02,22.23,nasa,0.71
1988-07-03,0.0,15.03,8.44,22.51,nasa,0.71
1988-07-04,0.0,15.42,10.06,22.39,nasa,0.71
1988-07-05,0.01,16.58,10.23,22.93,nasa,0.7
1988-07-06,0.0,17.1,9.88,23.29,nasa,0.7
1988-07-07,0.0,17.51,12.6,23.49,nasa,0.7
1988-07-08,0.01,16.33,11.19,22.46,nasa,0.7
1988-07-09,0.18,15.42,11.21,21.69,nasa,0.7
1988-07-10,0.12,14.75,11.52,19.52,nasa,0.7
1988-07-11,0.09,14.49,10.65,20.22,nasa,0.7
1988-07-12,0.04,11.61,6.24,17.96,nasa,0.7
1988-07-13,0.02,9.82,5.56,16.69,nasa,0.69
1988-07-14,0.04,10.04,5.59,17.01,nasa,0.69
1988-07-15,0.02,10.56,5.48,17.49,nasa,0.69
1988-07-16,0.03,11.5,6.43,18.88,nasa,0.69
1988-07-17,0.03,12.12,7.83,19.01,nasa,0.69
1988-07-18,0.03,12.67,8.1,19.56,nasa,0.69
1988-07-19,0.06,12.68,7.78,19.57,nasa,0.68
1988-07-20,0.0,13.48,6.31,21.52,nasa,0.68
1988-07-21,0.03,14.65,9.0,22.08,nasa,0.68
1988-07-22,0.06,15.59,9.27,22.79,nasa,0.68
1988-07-23,0.02,18.06,13.35,22.78,nasa,0.68
1988-07-24,0.03,17.22,11.48,24.07,nasa,0.68
1988-07-25,0.01,11.19,5.13,17.96,nasa,0.67
1988-07-26,0.03,10.1,3.52,18.5,nasa,0.67
1988-07-27,0.03,11.04,5.65,19.03,nasa,0.67
1988-07-28,0.03,11.54,6.61,19.35,nasa,0.67
1988-07-29,0.03,12.15,5.66,20.22,nasa,0.67
1988-07-30,0.03,12.47,6.65,20.49,nasa,0.67
1988-07-31,0.0,12.62,6.67,20.62,nasa,0.67
1988-08-01,0.0,12.88,6.71,20.96,nasa,0.66
1988-08-02,0.0,13.71,6.46,21.36,nasa,0.66
1988-08-03,0.0,13.24,5.48,21.38,nasa,0.66
1988-08-04,0.0,14.16,8.34,22.31,nasa,0.66
1988-08-05,0.0,15.65,8.75,22.71,nasa,0.66
1988-08-06,0.0,16.39,10.7,22.7,nasa,0.66
1988-08-07,0.0,17.12,10.67,24.04,nasa,0.65
1988-08-08,0.0,17.98,9.83,25.31,nasa,0.65
1988-08-09,0.0,19.79,13.73,27.55,nasa,0.65
1988-08-10,0.0,14.59,8.65,22.32,nasa,0.65
1988-08-11,0.0,13.76,8.15,21.85,nasa,0.65
1988-08-12,0.0,14.72,8.95,22.83,nasa,0.65
1988-08-13,0.0,14.71,8.14,22.99,nasa,0.65
1988-08-14,0.0,14.5,8.75,23.1,nasa,0.64
1988-08-15,0.0,14.99,8.22,22.73,nasa,0.64
1988-08-16,0.0,15.88,8.19,24.3,nasa,0.64
1988-08-17,0.0,16.99,9.26,26.2,nasa,0.64
1988-08-18,0.0,16.75,11.56,24.94,nasa,0.64
1988-08-19,0.0,16.38,9.26,24.51,nasa,0.64
1988-08-20,0.0,17.37,9.11,25.62,nasa,0.63
1988-08-21,0.0,19.8,14.09,27.37,nasa,0.63
1988-08-22,0.0,18.31,12.15,27.28,nasa,0.63
1988-08-23,0.0,18.8,12.33,26.97,nasa,0.63
1988-08-24,0.0,18.66,10.77,27.42,nasa,0.63
1988-08-25,0.0,19.42,10.88,28.7,nasa,0.63
1988-08-26,0.0,21.42,14.65,29.83,nasa,0.62
1988-08-27,0.0,20.55,11.05,30.26,nasa,0.62
1988-08-28,0.0,20.16,11.35,30.69,nasa,0.62
1988-08-29,0.0,19.86,11.01,29.36,nasa,0.62
1988-08-30,0.0,20.1,11.96,29.2,nasa,0.62
1988-08-31,0.0,21.18,12.35,30.3,nasa,0.61
1988-09-01,0.0,21.97,13.53,31.07,nasa,0.61
1988-09-02,0.0,20.55,14.38,29.94,nasa,0.61
1988-09-03,0.0,18.21,11.79,26.38,nasa,0.61
1988-09-04,0.0,19.24,12.77,26.63,nasa,0.61
1988-09-05,0.0,18.66,13.05,26.48,nasa,0.61
1988-09-06,0.0,17.66,10.91,26.53,nasa,0.61
1988-09-07,0.0,18.01,9.17,27.14,nasa,0.61
1988-09-08,0.0,19.38,10.37,29.51,nasa,0.61
1988-09-09,0.0,20.51,11.0,30.3,nasa,0.6
1988-09-10,0.0,20.43,11.48,30.33,nasa,0.6
1988-09-11,0.0,21.14,11.75,29.95,nasa,0.6
1988-09-12,0.0,23.03,13.3,31.97,nasa,0.6
1988-09-13,0.0,23.12,13.9,32.84,nasa,0.6
1988-09-14,1.79,23.72,16.41,32.4,nasa,0.6
1988-09-15,0.6,21.08,15.99,29.12,nasa,0.6
1988-09-16,0.68,19.94,13.26,28.32,nasa,0.6
1988-09-17,4.92,20.78,13.35,28.51,nasa,0.6
1988-09-18,8.71,19.73,16.13,25.79,nasa,0.62
1988-09-19,0.48,20.87,13.87,28.81,nasa,0.62
1988-09-20,0.01,22.14,15.22,30.36,nasa,0.62
1988-09-21,0.0,22.51,14.93,30.28,nasa,0.61
1988-09-22,0.0,24.0,15.45,31.78,nasa,0.61
1988-09-23,0.02,25.8,17.97,32.96,nasa,0.61
1988-09-24,0.0,26.24,18.7,33.05,nasa,0.6
1988-09-25,0.06,26.23,18.8,34.1,nasa,0.6
1988-09-26,0.5,25.79,16.99,34.59,nasa,0.6
1988-09-27,0.32,26.06,17.2,34.99,nasa,0.6
1988-09-28,5.12,25.48,16.57,35.03,nasa,0.59
1988-09-29,7.85,19.15,13.84,27.67,nasa,0.61
1988-09-30,0.29,18.45,13.74,23.61,nasa,0.62
1988-10-01,0.11,21.72,14.92,29.31,nasa,0.61
1988-10-02,0.17,23.64,16.23,31.43,nasa,0.61
1988-10-03,0.67,24.32,18.15,31.5,nasa,0.61
1988-10-04,5.1,24.34,17.22,31.58,nasa,0.61
1988-10-05,14.65,22.7,19.56,27.35,nasa,0.63
1988-10-06,6.69,21.01,16.51,27.22,nasa,0.64
1988-10-07,0.38,19.99,14.62,27.38,nasa,0.64
1988-10-08,0.0,21.03,13.64,29.17,nasa,0.63
1988-10-09,0.1,22.1,13.64,30.4,nasa,0.62
1988-10-10,7.03,20.74,15.27,27.7,nasa,0.62
1988-10-11,4.48,19.35,13.59,26.43,nasa,0.63
1988-10-12,12.91,17.64,13.5,22.82,nasa,0.64
1988-10-13,6.97,20.19,14.86,27.69,nasa,0.66
1988-10-14,0.78,19.36,12.72,27.99,nasa,0.65
1988-10-15,0.01,20.66,11.82,29.6,nasa,0.64
1988-10-16,0.91,20.78,12.94,29.38,nasa,0.63
1988-10-17,7.41,20.24,14.82,26.98,nasa,0.63
1988-10-18,0.83,21.26,14.62,28.75,nasa,0.64
1988-10-19,15.59,22.57,16.14,28.38,nasa,0.65
1988-10-20,3.13,23.14,16.97,29.24,nasa,0.65
1988-10-21,7.08,22.78,16.58,28.59,nasa,0.65
1988-10-22,8.32,19.67,14.85,25.29,nasa,0.66
1988-10-23,8.27,21.04,16.03,26.26,nasa,0.66
1988-10-24,0.98,22.9,17.43,29.79,nasa,0.66
1988-10-25,13.52,22.12,16.89,27.28,nasa,0.67
1988-10-26,9.15,23.36,19.09,27.9,nasa,0.67
1988-10-27,8.53,18.52,14.01,24.83,nasa,0.68
1988-10-28,1.75,16.82,13.17,20.48,nasa,0.68
1988-10-29,1.03,21.0,14.52,27.86,nasa,0.67
1988-10-30,5.1,21.95,17.86,27.49,nasa,0.67
1988-10-31,8.47,22.88,17.48,29.19,nasa,0.67
1988-11-01,13.91,21.58,16.19,27.92,nasa,0.68
1988-11-02,0.57,16.99,13.2,21.34,nasa,0.69
1988-11-03,2.14,17.0,11.64,23.48,nasa,0.68
1988-11-04,5.98,15.25,11.8,19.54,nasa,0.68
1988-11-05,2.52,15.27,10.93,19.82,nasa,0.68
1988-11-06,0.74,17.29,11.11,23.03,nasa,0.67
1988-11-07,4.61,19.7,15.57,25.81,nasa,0.67
1988-11-08,0.83,20.96,16.2,26.29,nasa,0.67
1988-11-09,1.25,20.75,17.71,25.03,nasa,0.67
1988-11-10,0.59,22.47,16.96,28.5,nasa,0.66
1988-11-11,0.56,23.16,16.95,30.25,nasa,0.66
1988-11-12,0.53,23.8,17.04,31.23,nasa,0.65
1988-11-13,5.88,24.32,17.82,29.66,nasa,0.65
1988-11-14,8.96,21.38,17.6,25.43,nasa,0.66
1988-11-15,1.13,21.98,15.97,28.75,nasa,0.66
1988-11-16,0.37,21.84,15.21,29.13,nasa,0.65
1988-11-17,0.03,21.52,15.82,27.99,nasa,0.65
1988-11-18,0.13,22.67,15.53,29.27,nasa,0.64
1988-11-19,3.14,23.58,15.91,30.8,nasa,0.64
1988-11-20,9.07,22.0,18.45,26.7,nasa,0.64
1988-11-21,7.36,22.12,18.14,27.65,nasa,0.66
1988-11-22,9.84,22.32,18.46,27.96,nasa,0.66
1988-11-23,6.23,23.84,18.46,29.87,nasa,0.67
1988-11-24,5.63,19.88,16.16,25.1,nasa,0.68
1988-11-25,1.47,20.34,13.83,27.02,nasa,0.67
1988-11-26,8.39,21.56,14.86,27.96,nasa,0.67
1988-11-27,9.48,22.9,18.69,28.37,nasa,0.68
1988-11-28,0.97,19.68,13.83,26.9,nasa,0.67
1988-11-29,0.13,18.8,11.72,25.43,nasa,0.66
1988-11-30,0.98,20.29,13.69,26.85,nasa,0.66
1988-12-01,4.69,20.95,14.5,27.38,nasa,0.65
1988-12-02,6.53,22.15,18.4,27.86,nasa,0.66
1988-12-03,0.38,21.62,16.3,27.97,nasa,0.66
1988-12-04,0.11,21.2,13.26,28.97,nasa,0.65
1988-12-05,0.01,22.01,15.1,29.54,nasa,0.64
1988-12-06,0.0,23.23,15.73,30.77,nasa,0.64
1988-12-07,0.03,22.94,15.25,30.81,nasa,0.63
1988-12-08,0.11,23.48,15.2,31.56,nasa,0.63
1988-12-09,2.96,24.31,15.4,32.49,nasa,0.62
1988-12-10,10.91,23.77,19.1,29.96,nasa,0.64
1988-12-11,2.31,23.78,18.77,29.14,nasa,0.64
1988-12-12,2.02,24.03,18.68,30.17,nasa,0.64
1988-12-13,5.1,24.16,19.46,30.04,nasa,0.64
1988-12-14,7.08,22.66,19.35,27.1,nasa,0.64
1988-12-15,9.82,21.8,19.12,24.02,nasa,0.67
1988-12-16,1.36,22.98,17.42,29.33,nasa,0.66
1988-12-17,0.96,21.57,17.44,27.67,nasa,0.66
1988-12-18,2.05,21.43,17.01,25.74,nasa,0.65
1988-12-19,3.6,23.54,18.31,29.84,nasa,0.65
1988-12-20,8.66,21.7,18.29,25.51,nasa,0.65
1988-12-21,19.33,21.15,18.23,24.99,nasa,0.68
1988-12-22,11.39,19.48,16.98,22.49,nasa,0.69
1988-12-23,27.47,21.49,18.1,26.49,nasa,0.71
1988-12-24,14.19,21.52,18.04,25.62,nasa,0.73
1988-12-25,15.14,21.19,19.02,24.59,nasa,0.74
1988-12-26,2.82,21.49,17.31,24.58,nasa,0.74
1988-12-27,4.75,22.73,18.51,26.32,nasa,0.73
1988-12-28,2.27,23.02,19.12,26.77,nasa,0.72
1988-12-29,2.89,24.66,18.7,30.07,nasa,0.71
1988-12-30,6.52,24.16,18.66,28.91,nasa,0.7
1988-12-31,2.61,22.7,19.15,26.79,nasa,0.7
1989-01-01,8.58,20.85,18.06,24.16,nasa,0.7
1989-01-02,11.21,22.17,17.46,27.49,nasa,0.71
1989-01-03,9.31,20.99,17.98,25.18,nasa,0.72
1989-01-04,31.48,20.06,18.06,22.57,nasa,0.75
1989-01-05,27.2,20.0,18.02,22.61,nasa,0.78
1989-01-06,18.54,20.05,17.54,23.13,nasa,0.79
1989-01-07,27.66,20.3,17.53,24.38,nasa,0.81
1989-01-08,22.2,20.95,18.04,24.72,nasa,0.82
1989-01-09,15.14,20.79,18.33,24.59,nasa,0.83
1989-01-10,13.82,19.94,16.98,22.77,nasa,0.83
1989-01-11,11.61,21.41,17.18,25.94,nasa,0.82
1989-01-12,4.18,21.63,18.02,25.95,nasa,0.81
1989-01-13,9.48,21.41,18.87,24.98,nasa,0.81
1989-01-14,5.88,21.89,18.1,26.69,nasa,0.81
1989-01-15,8.46,22.14,18.27,26.94,nasa,0.81
1989-01-16,7.81,22.12,18.23,26.03,nasa,0.81
1989-01-17,7.36,21.65,19.0,25.45,nasa,0.81
1989-01-18,5.54,22.97,18.15,27.87,nasa,0.81
1989-01-19,4.06,22.72,18.81,26.81,nasa,0.8
1989-01-20,9.59,21.79,19.26,24.72,nasa,0.81
1989-01-21,0.96,23.01,17.7,28.11,nasa,0.81
1989-01-22,0.66,23.09,17.84,28.06,nasa,0.8
1989-01-23,2.32,21.71,18.57,25.66,nasa,0.79
1989-01-24,0.56,22.56,18.21,27.84,nasa,0.79
1989-01-25,0.62,21.22,17.67,25.68,nasa,0.78
1989-01-26,0.24,22.35,16.41,28.15,nasa,0.78
1989-01-27,5.52,22.13,17.43,26.05,nasa,0.77
1989-01-28,0.51,21.88,17.3,26.63,nasa,0.77
1989-01-29,0.03,22.02,16.53,27.95,nasa,0.77
1989-01-30,0.0,22.24,17.71,27.85,nasa,0.76
1989-01-31,0.03,22.72,16.11,27.93,nasa,0.75
1989-02-01,2.61,22.45,19.2,26.13,nasa,0.75
1989-02-02,15.48,21.06,17.59,24.83,nasa,0.76
1989-02-03,4.66,21.13,16.68,26.17,nasa,0.77
1989-02-04,5.64,21.96,19.09,26.11,nasa,0.78
1989-02-05,3.65,21.0,17.29,26.07,nasa,0.77
1989-02-06,6.76,19.92,17.15,23.65,nasa,0.77
1989-02-07,8.05,21.36,17.99,25.68,nasa,0.78
1989-02-08,13.66,21.96,19.2,26.29,nasa,0.79
1989-02-09,28.09,20.96,18.66,23.94,nasa,0.81
1989-02-10,23.55,20.64,18.42,23.83,nasa,0.84
1989-02-11,22.25,21.23,17.76,24.99,nasa,0.85
1989-02-12,8.89,21.99,18.69,26.15,nasa,0.85
1989-02-13,7.98,21.02,18.26,24.29,nasa,0.85
1989-02-14,21.38,21.18,19.12,23.87,nasa,0.86
1989-02-15,8.94,20.76,18.61,23.5,nasa,0.86
1989-02-16,2.13,22.09,17.74,27.19,nasa,0.85
1989-02-17,5.93,23.28,18.64,27.62,nasa,0.85
1989-02-18,4.81,23.0,19.57,27.65,nasa,0.85
1989-02-19,1.24,22.53,16.99,27.63,nasa,0.84
1989-02-20,0.23,22.25,17.2,26.78,nasa,0.83
1989-02-21,1.81,23.02,18.81,26.8,nasa,0.82
1989-02-22,2.71,23.67,20.01,26.51,nasa,0.82
1989-02-23,7.41,23.18,19.29,26.91,nasa,0.83
1989-02-24,4.57,22.44,19.09,26.85,nasa,0.83
1989-02-25,6.74,22.93,18.79,27.68,nasa,0.83
1989-02-26,2.95,23.09,18.34,27.76,nasa,0.83
1989-02-27,5.62,23.1,19.41,27.08,nasa,0.83
1989-02-28,12.79,22.82,18.72,27.27,nasa,0.84
1989-03-01,11.0,20.89,19.07,23.28,nasa,0.84
1989-03-02,18.81,21.02,18.04,24.04,nasa,0.87
1989-03-03,4.0,21.69,18.13,25.57,nasa,0.86
1989-03-04,5.02,22.07,17.08,26.85,nasa,0.85
1989-03-05,3.55,22.78,18.6,27.35,nasa,0.85
1989-03-06,2.72,22.92,18.31,27.52,nasa,0.84
1989-03-07,5.09,20.71,18.83,23.89,nasa,0.84
1989-03-08,7.2,22.12,17.72,26.63,nasa,0.85
1989-03-09,1.79,23.35,19.18,28.58,nasa,0.85
1989-03-10,0.1,22.09,17.27,28.19,nasa,0.84
1989-03-11,0.03,21.66,15.31,27.07,nasa,0.83
1989-03-12,4.27,22.63,17.75,27.86,nasa,0.82
1989-03-13,30.04,22.91,20.08,26.52,nasa,0.84
1989-03-14,8.02,21.9,19.37,25.78,nasa,0.86
1989-03-15,27.89,21.64,19.03,24.67,nasa,0.87
1989-03-16,5.34,21.85,18.96,25.8,nasa,0.88
1989-03-17,6.06,21.78,17.25,26.99,nasa,0.87
1989-03-18,0.89,20.72,13.78,27.26,nasa,0.86
1989-03-19,0.88,20.44,16.76,24.83,nasa,0.86
1989-03-20,2.18,20.87,16.25,26.35,nasa,0.85
1989-03-21,0.36,20.77,16.0,26.37,nasa,0.85
1989-03-22,0.05,21.5,16.24,26.8,nasa,0.84
1989-03-23,1.21,22.01,16.37,27.19,nasa,0.83
1989-03-24,0.26,21.17,17.11,25.57,nasa,0.83
1989-03-25,0.26,21.46,17.0,26.5,nasa,0.83
1989-03-26,0.93,21.84,16.76,26.66,nasa,0.82
1989-03-27,3.11,21.82,17.41,26.17,nasa,0.82
1989-03-28,7.86,21.38,17.6,25.88,nasa,0.82
1989-03-29,2.46,20.2,16.88,23.71,nasa,0.83
1989-03-30,0.47,21.04,16.26,26.12,nasa,0.83
1989-03-31,0.43,21.56,17.23,26.31,nasa,0.82
1989-04-01,3.05,21.43,15.08,26.81,nasa,0.82
1989-04-02,3.6,21.98,17.48,26.91,nasa,0.81
1989-04-03,2.41,22.0,17.09,26.47,nasa,0.81
1989-04-04,0.8,22.2,17.9,26.92,nasa,0.81
1989-04-05,1.05,22.54,18.14,26.71,nasa,0.8
1989-04-06,1.9,22.59,18.5,26.67,nasa,0.8
1989-04-07,2.02,21.06,18.08,24.81,nasa,0.8
1989-04-08,1.06,21.2,16.45,26.38,nasa,0.8
1989-04-09,0.01,20.8,15.63,26.18,nasa,0.79
1989-04-10,0.73,21.46,16.01,26.62,nasa,0.79
1989-04-11,13.03,22.93,18.08,27.05,nasa,0.79
1989-04-12,9.66,21.87,19.62,24.6,nasa,0.81
1989-04-13,11.65,21.42,17.64,25.79,nasa,0.82
1989-04-14,9.03,20.34,17.77,23.42,nasa,0.83
1989-04-15,1.13,20.74,18.26,24.37,nasa,0.83
1989-04-16,0.22,20.28,16.12,25.56,nasa,0.82
1989-04-17,0.55,20.34,15.73,25.27,nasa,0.81
1989-04-18,0.55,20.03,15.85,24.69,nasa,0.8
1989-04-19,6.84,19.78,16.24,25.22,nasa,0.8
1989-04-20,0.61,18.03,14.12,23.58,nasa,0.81
1989-04-21,0.38,17.57,12.52,23.64,nasa,0.8
1989-04-22,0.58,17.09,11.85,23.59,nasa,0.8
1989-04-23,0.18,16.63,11.85,22.78,nasa,0.79
1989-04-24,0.0,16.3,12.83,20.26,nasa,0.79
1989-04-25,0.0,17.4,13.69,22.93,nasa,0.79
1989-04-26,0.0,18.36,12.85,24.05,nasa,0.78
1989-04-27,0.0,18.29,13.26,23.85,nasa,0.78
1989-04-28,0.0,19.99,15.37,25.27,nasa,0.78
1989-04-29,0.1,21.0,15.77,26.81,nasa,0.77
1989-04-30,0.08,21.89,16.69,27.01,nasa,0.77
1989-05-01,6.68,21.42,18.0,25.04,nasa,0.77
1989-05-02,1.34,22.0,17.79,26.38,nasa,0.78
1989-05-03,2.19,21.26,17.38,25.76,nasa,0.78
1989-05-04,1.78,21.87,18.08,26.34,nasa,0.77
1989-05-05,1.07,21.57,17.29,26.67,nasa,0.77
1989-05-06,0.35,21.34,16.9,26.33,nasa,0.77
1989-05-07,0.1,16.2,10.91,22.35,nasa,0.76
1989-05-08,0.01,15.58,11.95,20.52,nasa,0.76
1989-05-09,0.0,14.92,11.27,19.73,nasa,0.76
1989-05-10,0.0,15.01,10.89,20.94,nasa,0.76
1989-05-11,0.0,15.22,10.08,21.12,nasa,0.75
1989-05-12,0.01,15.66,11.26,21.53,nasa,0.75
1989-05-13,0.02,15.87,11.85,21.8,nasa,0.75
1989-05-14,0.0,15.27,10.09,21.77,nasa,0.74
1989-05-15,0.0,16.83,12.49,22.63,nasa,0.74
1989-05-16,0.0,15.14,10.96,21.09,nasa,0.74
1989-05-17,0.0,14.9,9.77,21.87,nasa,0.74
1989-05-18,0.0,15.99,11.77,22.02,nasa,0.73
1989-05-19,0.0,14.77,10.64,20.94,nasa,0.73
1989-05-20,0.0,14.45,8.79,21.65,nasa,0.73
1989-05-21,0.0,15.59,10.0,22.78,nasa,0.73
1989-05-22,0.0,17.24,12.85,23.21,nasa,0.73
1989-05-23,0.0,17.21,11.77,22.91,nasa,0.72
1989-05-24,0.0,17.18,10.34,23.52,nasa,0.72
1989-05-25,0.09,17.45,11.12,24.22,nasa,0.72
1989-05-26,0.12,15.26,8.05,22.59,nasa,0.72
1989-05-27,0.01,12.28,6.14,19.56,nasa,0.71
1989-05-28,0.01,12.79,9.0,18.84,nasa,0.71
1989-05-29,0.0,12.89,8.58,19.98,nasa,0.71
1989-05-30,0.0,13.72,7.09,21.06,nasa,0.71
1989-05-31,0.0,15.09,8.7,22.56,nasa,0.71
1989-06-01,0.0,16.44,11.56,22.72,nasa,0.71
1989-06-02,0.0,17.19,12.12,22.99,nasa,0.71
1989-06-03,0.0,17.13,12.21,23.06,nasa,0.7
1989-06-04,0.0,17.89,12.48,24.57,nasa,0.7
1989-06-05,0.45,17.55,12.94,23.15,nasa,0.7
1989-06-06,0.17,17.61,13.04,23.2,nasa,0.7
1989-06-07,0.62,17.7,11.71,23.96,nasa,0.7
1989-06-08,1.4,18.33,12.54,24.16,nasa,0.7
1989-06-09,0.58,18.8,13.71,23.69,nasa,0.7
1989-06-10,2.67,18.15,14.7,22.98,nasa,0.7
1989-06-11,12.01,14.47,12.73,17.02,nasa,0.71
1989-06-12,3.24,13.41,10.41,17.57,nasa,0.72
1989-06-13,0.18,12.75,7.65,19.27,nasa,0.72
1989-06-14,0.08,11.12,6.28,18.17,nasa,0.72
1989-06-15,0.0,10.9,7.31,16.13,nasa,0.71
1989-06-16,0.0,14.26,8.59,20.55,nasa,0.71
1989-06-17,0.0,15.52,10.37,20.7,nasa,0.71
1989-06-18,0.0,16.19,10.23,22.09,nasa,0.7
1989-06-19,0.0,16.56,11.68,22.14,nasa,0.7
1989-06-20,0.43,16.44,12.11,21.92,nasa,0.7
1989-06-21,0.26,15.95,12.28,21.5,nasa,0.7
1989-06-22,0.15,17.18,12.73,22.23,nasa,0.7
1989-06-23,0.65,16.63,12.09,22.18,nasa,0.69
1989-06-24,2.14,17.52,11.89,23.23,nasa,0.69
1989-06-25,4.71,17.21,13.73,21.99,nasa,0.7
1989-06-26,0.12,14.56,10.29,19.63,nasa,0.7
1989-06-27,0.0,14.71,8.05,21.04,nasa,0.7
1989-06-28,0.0,15.31,8.79,21.98,nasa,0.69
1989-06-29,0.92,17.35,13.43,22.24,nasa,0.69
1989-06-30,0.0,16.62,13.4,20.19,nasa,0.69
1989-07-01,0.0,19.01,13.3,25.39,nasa,0.69
1989-07-02,0.0,18.41,13.02,24.43,nasa,0.69
1989-07-03,0.0,17.07,11.73,23.32,nasa,0.68
1989-07-04,0.05,16.61,10.83,23.54,nasa,0.68
1989-07-05,0.05,18.36,12.93,24.12,nasa,0.68
1989-07-06,0.78,11.63,7.23,15.4,nasa,0.68
1989-07-07,1.16,9.65,7.09,13.7,nasa,0.68
1989-07-08,1.12,10.27,6.47,14.89,nasa,0.68
1989-07-09,0.02,10.86,6.44,18.28,nasa,0.68
1989-07-10,0.0,10.96,6.62,18.59,nasa,0.68
1989-07-11,0.0,11.02,6.54,17.9,nasa,0.68
1989-07-12,0.0,11.17,6.41,17.39,nasa,0.68
1989-07-13,0.0,12.42,4.69,19.74,nasa,0.67
1989-07-14,0.0,14.46,8.46,22.04,nasa,0.67
1989-07-15,0.0,13.49,8.73,21.49,nasa,0.67
1989-07-16,0.0,12.96,8.04,21.3,nasa,0.67
1989-07-17,0.0,13.25,7.66,21.04,nasa,0.67
1989-07-18,0.0,12.48,5.35,20.87,nasa,0.66
1989-07-19,0.0,12.8,5.46,21.41,nasa,0.66
1989-07-20,0.0,13.33,6.29,20.98,nasa,0.66
1989-07-21,0.0,14.2,6.09,22.1,nasa,0.66
1989-07-22,0.0,15.64,7.84,22.81,nasa,0.66
1989-07-23,0.0,15.95,8.25,24.06,nasa,0.66
1989-07-24,0.0,16.26,8.43,25.12,nasa,0.65
1989-07-25,0.0,17.79,10.31,26.24,nasa,0.65
1989-07-26,0.02,18.84,13.77,25.25,nasa,0.65
1989-07-27,4.79,19.69,12.87,28.03,nasa,0.65
1989-07-28,15.82,18.36,13.6,25.32,nasa,0.67
1989-07-29,4.39,19.15,12.89,25.06,nasa,0.69
1989-07-30,16.57,19.68,15.61,25.01,nasa,0.7
1989-07-31,4.58,17.77,11.17,23.49,nasa,0.71
1989-08-01,0.0,15.09,10.08,22.86,nasa,0.7
1989-08-02,0.0,13.7,8.05,22.32,nasa,0.69
1989-08-03,0.0,13.21,7.03,21.24,nasa,0.69
1989-08-04,0.0,14.54,6.83,22.88,nasa,0.68
1989-08-05,0.0,15.51,7.51,23.24,nasa,0.68
1989-08-06,0.73,16.65,11.3,23.52,nasa,0.67
1989-08-07,0.02,16.27,9.97,23.2,nasa,0.67
1989-08-08,0.0,17.15,10.48,23.6,nasa,0.67
1989-08-09,0.0,17.01,11.22,24.81,nasa,0.66
1989-08-10,0.0,17.44,10.82,24.86,nasa,0.66
1989-08-11,0.0,13.63,6.53,22.43,nasa,0.66
1989-08-12,0.0,14.42,8.97,22.33,nasa,0.66
1989-08-13,0.0,14.82,10.06,22.96,nasa,0.65
1989-08-14,0.0,13.87,7.9,22.85,nasa,0.65
1989-08-15,0.0,14.42,6.59,23.51,nasa,0.65
1989-08-16,0.0,17.7,11.3,25.01,nasa,0.65
1989-08-17,0.0,18.51,13.07,25.38,nasa,0.65
1989-08-18,0.0,18.32,12.31,25.31,nasa,0.64
1989-08-19,0.0,18.36,11.36,25.59,nasa,0.64
1989-08-20,0.0,19.27,14.45,26.27,nasa,0.64
1989-08-21,0.32,20.74,13.15,27.84,nasa,0.64
1989-08-22,0.93,21.76,15.44,28.92,nasa,0.64
1989-08-23,0.0,21.62,17.76,26.11,nasa,0.64
1989-08-24,2.19,20.91,17.62,26.13,nasa,0.64
1989-08-25,11.68,18.98,15.9,23.18,nasa,0.65
1989-08-26,2.16,19.78,15.05,25.78,nasa,0.66
1989-08-27,3.4,19.88,15.22,26.49,nasa,0.66
1989-08-28,1.52,17.09,11.49,22.71,nasa,0.67
1989-08-29,0.01,16.84,10.63,25.25,nasa,0.66
1989-08-30,0.0,18.31,11.0,26.07,nasa,0.66
1989-08-31,0.18,19.51,13.2,26.14,nasa,0.65
1989-09-01,3.79,20.67,15.12,26.99,nasa,0.65
1989-09-02,0.14,16.79,10.43,25.05,nasa,0.65
1989-09-03,0.0,14.28,6.49,23.98,nasa,0.65
1989-09-04,0.86,16.41,9.13,24.95,nasa,0.64
1989-09-05,2.72,19.18,11.82,26.51,nasa,0.64
1989-09-06,0.0,21.44,15.12,27.6,nasa,0.64
1989-09-07,1.12,21.81,15.79,29.05,nasa,0.64
1989-09-08,22.8,21.42,14.9,27.68,nasa,0.66
1989-09-09,20.6,21.8,17.11,26.37,nasa,0.69
1989-09-10,0.39,23.0,16.1,29.0,nasa,0.69
1989-09-11,0.45,23.53,17.05,29.77,nasa,0.68
1989-09-12,2.35,24.0,18.4,30.44,nasa,0.67
1989-09-13,3.42,23.32,18.1,29.35,nasa,0.67
1989-09-14,1.18,23.5,17.29,29.81,nasa,0.67
1989-09-15,2.06,21.2,15.45,27.54,nasa,0.66
1989-09-16,0.02,17.67,11.05,26.31,nasa,0.66
1989-09-17,0.0,14.69,7.7,23.57,nasa,0.65
1989-09-18,0.0,15.11,6.93,25.0,nasa,0.65
1989-09-19,0.3,16.82,7.55,25.39,nasa,0.65
1989-09-20,0.15,18.19,10.21,25.86,nasa,0.64
1989-09-21,0.0,20.34,12.51,28.16,nasa,0.64
1989-09-22,0.07,21.91,14.59,28.99,nasa,0.64
1989-09-23,1.26,23.2,15.41,30.58,nasa,0.63
1989-09-24,0.3,23.53,14.64,31.65,nasa,0.63
1989-09-25,4.67,21.69,14.05,29.55,nasa,0.63
1989-09-26,11.74,15.54,12.24,19.69,nasa,0.65
1989-09-27,12.2,16.57,12.79,21.73,nasa,0.68
1989-09-28,5.29,18.2,13.0,24.68,nasa,0.67
1989-09-29,1.59,18.07,14.03,22.74,nasa,0.68
1989-09-30,1.89,17.95,13.54,23.78,nasa,0.67
1989-10-01,0.02,17.13,11.74,23.42,nasa,0.67
1989-10-02,0.42,19.0,11.65,27.16,nasa,0.66
1989-10-03,6.65,20.27,12.81,27.97,nasa,0.66
1989-10-04,0.89,20.39,15.61,25.19,nasa,0.66
1989-10-05,0.44,21.03,14.76,28.05,nasa,0.66
1989-10-06,0.82,20.88,14.14,28.47,nasa,0.65
1989-10-07,0.48,22.14,14.01,29.37,nasa,0.65
1989-10-08,0.02,23.85,17.63,31.59,nasa,0.64
1989-10-09,0.5,22.12,15.36,30.3,nasa,0.64
1989-10-10,0.45,21.55,14.61,29.06,nasa,0.63
1989-10-11,11.21,21.79,15.64,28.43,nasa,0.64
1989-10-12,0.83,23.74,18.37,29.95,nasa,0.65
1989-10-13,0.02,20.02,11.73,27.78,nasa,0.64
1989-10-14,0.31,16.99,9.27,26.36,nasa,0.64
1989-10-15,3.6,17.84,10.15,26.02,nasa,0.64
1989-10-16,5.14,19.62,13.07,26.52,nasa,0.64
1989-10-17,0.6,21.52,14.99,29.06,nasa,0.64
1989-10-18,0.02,18.64,12.58,27.04,nasa,0.64
1989-10-19,0.0,17.96,11.04,26.53,nasa,0.63
1989-10-20,0.51,19.13,11.55,27.57,nasa,0.63
1989-10-21,3.15,20.2,13.34,27.8,nasa,0.63
1989-10-22,6.81,20.36,15.21,26.71,nasa,0.63
1989-10-23,1.26,20.49,14.22,27.82,nasa,0.64
1989-10-24,0.25,21.18,13.31,29.47,nasa,0.64
1989-10-25,0.1,22.37,14.8,30.33,nasa,0.63
1989-10-26,0.06,23.54,15.9,31.39,nasa,0.63
1989-10-27,3.13,22.8,17.9,29.12,nasa,0.62
1989-10-28,2.89,19.41,12.99,26.74,nasa,0.63
1989-10-29,0.01,21.4,12.54,30.02,nasa,0.63
1989-10-30,0.0,23.28,15.17,31.77,nasa,0.62
1989-10-31,0.18,23.43,15.92,31.48,nasa,0.62
1989-11-01,0.01,19.2,12.28,27.92,nasa,0.62
1989-11-02,0.23,18.44,9.54,27.45,nasa,0.61
1989-11-03,5.96,22.63,14.33,30.7,nasa,0.61
1989-11-04,2.34,23.7,19.18,29.5,nasa,0.62
1989-11-05,0.77,23.12,15.74,32.09,nasa,0.62
1989-11-06,0.09,21.24,12.95,29.76,nasa,0.62
1989-11-07,0.48,20.9,12.51,29.4,nasa,0.61
1989-11-08,1.99,22.66,14.1,30.75,nasa,0.61
1989-11-09,17.0,22.37,16.91,28.1,nasa,0.62
1989-11-10,2.3,21.27,18.63,25.56,nasa,0.64
1989-11-11,23.52,20.4,17.85,23.2,nasa,0.66
1989-11-12,19.29,21.11,17.85,25.19,nasa,0.69
1989-11-13,2.72,21.35,18.45,26.22,nasa,0.7
1989-11-14,0.0,19.44,15.46,24.38,nasa,0.68
1989-11-15,0.05,20.47,13.01,28.0,nasa,0.67
1989-11-16,1.74,21.81,14.88,29.06,nasa,0.66
1989-11-17,4.98,22.1,16.62,28.64,nasa,0.66
1989-11-18,4.11,20.93,17.88,24.18,nasa,0.66
1989-11-19,13.51,20.87,17.75,24.56,nasa,0.67
1989-11-20,17.1,20.64,17.13,25.64,nasa,0.69
1989-11-21,26.24,19.69,15.7,25.11,nasa,0.71
1989-11-22,15.84,21.81,17.98,26.63,nasa,0.74
1989-11-23,4.05,22.65,18.26,28.05,nasa,0.73
1989-11-24,5.1,23.93,19.26,29.14,nasa,0.72
1989-11-25,0.5,22.55,15.13,28.42,nasa,0.71
1989-11-26,0.0,20.62,12.31,28.6,nasa,0.69
1989-11-27,1.13,22.41,13.83,30.04,nasa,0.68
1989-11-28,15.74,22.46,16.91,27.44,nasa,0.68
1989-11-29,2.9,22.46,17.91,28.22,nasa,0.69
1989-11-30,2.68,21.66,15.8,27.78,nasa,0.68
1989-12-01,0.57,21.48,16.67,27.99,nasa,0.68
1989-12-02,0.01,21.01,14.41,28.14,nasa,0.67
1989-12-03,0.02,21.68,14.56,28.45,nasa,0.66
1989-12-04,0.61,22.54,15.24,28.66,nasa,0.65
1989-12-05,5.0,22.82,17.39,29.45,nasa,0.65
1989-12-06,3.32,23.01,17.4,30.12,nasa,0.66
1989-12-07,0.0,22.48,15.16,30.23,nasa,0.65
1989-12-08,0.0,23.88,16.67,31.53,nasa,0.64
1989-12-09,0.63,24.47,19.45,31.41,nasa,0.64
1989-12-10,19.21,21.96,19.6,25.43,nasa,0.65
1989-12-11,29.05,21.63,19.51,25.07,nasa,0.69
1989-12-12,56.4,22.31,19.16,26.45,nasa,0.76
1989-12-13,20.8,22.58,19.15,27.25,nasa,0.79
1989-12-14,19.2,21.79,19.57,24.33,nasa,0.8
1989-12-15,7.97,22.43,18.81,27.65,nasa,0.79
1989-12-16,2.85,21.22,17.67,26.25,nasa,0.77
1989-12-17,2.42,20.43,16.78,25.24,nasa,0.76
1989-12-18,9.99,20.45,16.36,25.25,nasa,0.75
1989-12-19,22.72,21.31,17.35,26.32,nasa,0.76
1989-12-20,16.97,18.32,15.15,21.71,nasa,0.79
1989-12-21,2.3,18.07,14.49,22.88,nasa,0.79
1989-12-22,0.82,21.02,13.23,27.43,nasa,0.77
1989-12-23,1.01,21.61,15.88,28.15,nasa,0.75
1989-12-24,0.27,20.3,14.17,26.88,nasa,0.74
1989-12-25,0.87,20.34,15.37,25.71,nasa,0.73
1989-12-26,7.68,19.85,16.26,23.28,nasa,0.73
1989-12-27,13.69,19.52,16.81,23.22,nasa,0.75
1989-12-28,10.36,19.34,17.63,22.06,nasa,0.77
1989-12-29,20.74,19.32,16.94,22.22,nasa,0.78
1989-12-30,18.24,19.99,18.15,22.4,nasa,0.81
1989-12-31,17.64,20.61,17.82,23.43,nasa,0.81
1990-01-01,23.36,20.52,18.38,23.46,nasa,0.83
1990-01-02,32.18,20.52,18.18,23.16,nasa,0.86
1990-01-03,16.69,21.22,18.58,25.74,nasa,0.86
1990-01-04,16.09,21.65,18.5,26.1,nasa,0.86
1990-01-05,4.92,21.86,18.01,26.81,nasa,0.85
1990-01-06,4.78,22.06,17.36,27.1,nasa,0.84
1990-01-07,0.11,21.3,16.77,26.59,nasa,0.83
1990-01-08,0.36,21.18,14.77,26.02,nasa,0.81
1990-01-09,1.23,21.89,18.02,26.01,nasa,0.81
1990-01-10,2.2,21.93,17.84,26.13,nasa,0.81
1990-01-11,5.15,22.53,19.6,26.63,nasa,0.81
1990-01-12,1.36,23.55,19.55,27.28,nasa,0.8
1990-01-13,2.21,22.6,19.2,26.26,nasa,0.8
1990-01-14,0.81,23.63,18.45,28.53,nasa,0.8
1990-01-15,2.19,23.47,18.74,27.97,nasa,0.79
1990-01-16,0.08,23.36,18.72,28.4,nasa,0.79
1990-01-17,0.05,22.99,17.67,28.46,nasa,0.78
1990-01-18,0.31,23.45,16.34,29.18,nasa,0.77
1990-01-19,0.18,23.32,18.71,28.04,nasa,0.77
1990-01-20,0.32,22.93,18.24,27.56,nasa,0.76
1990-01-21,0.24,23.55,16.87,28.67,nasa,0.75
1990-01-22,3.16,23.34,18.39,27.02,nasa,0.75
1990-01-23,1.08,23.77,19.84,26.93,nasa,0.75
1990-01-24,0.55,23.99,18.96,28.56,nasa,0.75
1990-01-25,2.22,24.26,19.36,28.22,nasa,0.75
1990-01-26,6.03,21.8,18.98,24.23,nasa,0.75
1990-01-27,2.99,22.28,17.61,27.81,nasa,0.76
1990-01-28,0.4,21.45,16.1,27.51,nasa,0.75
1990-01-29,0.12,21.62,15.62,27.33,nasa,0.74
1990-01-30,0.0,21.31,16.33,26.67,nasa,0.74
1990-01-31,0.0,22.26,14.8,29.06,nasa,0.73
1990-02-01,0.0,22.39,17.13,28.25,nasa,0.72
1990-02-02,0.0,20.72,15.7,26.89,nasa,0.72
1990-02-03,0.01,22.11,16.41,28.25,nasa,0.71
1990-02-04,0.3,21.76,15.43,27.65,nasa,0.71
1990-02-05,1.97,22.18,18.43,27.17,nasa,0.7
1990-02-06,3.34,21.38,16.02,26.68,nasa,0.7
1990-02-07,1.03,21.25,15.18,26.84,nasa,0.7
1990-02-08,2.39,23.62,16.72,29.13,nasa,0.7
1990-02-09,0.79,24.98,18.65,30.21,nasa,0.69
1990-02-10,1.02,23.98,20.39,28.42,nasa,0.69
1990-02-11,4.2,23.96,20.04,28.07,nasa,0.69
1990-02-12,5.14,23.17,19.82,27.47,nasa,0.69
1990-02-13,6.06,22.74,19.42,26.62,nasa,0.7
1990-02-14,5.18,23.03,20.24,26.66,nasa,0.71
1990-02-15,2.56,23.34,19.26,29.31,nasa,0.71
1990-02-16,0.35,23.46,17.85,29.14,nasa,0.7
1990-02-17,0.02,23.72,18.43,29.46,nasa,0.69
1990-02-18,0.0,23.04,16.82,29.54,nasa,0.68
1990-02-19,0.44,22.8,17.06,29.09,nasa,0.68
1990-02-20,1.33,22.17,17.29,27.84,nasa,0.67
1990-02-21,3.87,22.53,16.33,28.36,nasa,0.67
1990-02-22,5.66,23.3,18.48,28.48,nasa,0.67
1990-02-23,11.06,21.98,19.18,26.2,nasa,0.69
1990-02-24,12.46,22.3,19.15,26.55,nasa,0.71
1990-02-25,29.56,20.89,19.0,23.56,nasa,0.73
1990-02-26,22.03,20.82,18.84,23.91,nasa,0.77
1990-02-27,18.29,20.93,18.2,23.59,nasa,0.78
1990-02-28,31.44,20.48,18.5,22.94,nasa,0.81
1990-03-01,2.73,20.67,17.24,24.65,nasa,0.81
1990-03-02,2.61,22.26,17.82,26.58,nasa,0.79
1990-03-03,3.5,22.19,17.63,27.26,nasa,0.78
1990-03-04,4.1,22.3,17.69,27.36,nasa,0.77
1990-03-05,4.1,22.62,17.0,27.59,nasa,0.76
1990-03-06,8.49,23.33,17.6,28.06,nasa,0.76
1990-03-07,3.06,23.15,20.36,27.48,nasa,0.76
1990-03-08,2.58,22.7,18.19,27.49,nasa,0.76
1990-03-09,0.41,21.94,17.92,27.23,nasa,0.75
1990-03-10,0.51,21.94,16.55,27.35,nasa,0.74
1990-03-11,0.72,22.94,16.97,28.13,nasa,0.73
1990-03-12,0.81,23.68,17.71,28.73,nasa,0.73
1990-03-13,0.36,24.91,20.69,29.9,nasa,0.72
1990-03-14,0.19,23.61,20.03,27.04,nasa,0.72
1990-03-15,6.16,24.35,19.64,28.96,nasa,0.72
1990-03-16,5.4,22.64,20.61,25.41,nasa,0.73
1990-03-17,6.66,22.29,18.8,26.47,nasa,0.73
1990-03-18,3.74,22.47,19.35,26.56,nasa,0.74
1990-03-19,7.17,21.26,18.84,24.45,nasa,0.74
1990-03-20,7.99,21.98,17.76,26.35,nasa,0.75
1990-03-21,7.88,21.68,19.43,25.18,nasa,0.76
1990-03-22,15.71,21.23,19.0,24.58,nasa,0.77
1990-03-23,14.44,20.02,17.9,22.99,nasa,0.78
1990-03-24,4.31,20.9,18.18,25.51,nasa,0.79
1990-03-25,1.77,21.74,16.49,27.05,nasa,0.78
1990-03-26,16.4,21.84,16.76,27.18,nasa,0.78
1990-03-27,12.04,21.84,19.86,24.59,nasa,0.79
1990-03-28,1.71,22.6,18.6,26.75,nasa,0.79
1990-03-29,1.42,22.31,18.86,26.97,nasa,0.78
1990-03-30,0.13,21.15,17.03,26.97,nasa,0.77
1990-03-31,0.03,20.94,15.54,27.13,nasa,0.76
1990-04-01,0.03,21.44,15.52,27.46,nasa,0.75
1990-04-02,0.06,22.22,18.3,26.85,nasa,0.75
1990-04-03,0.9,22.89,18.1,27.82,nasa,0.74
1990-04-04,3.44,22.82,18.56,27.54,nasa,0.74
1990-04-05,2.11,23.61,20.0,27.9,nasa,0.74
1990-04-06,1.83,24.19,21.0,27.75,nasa,0.74
1990-04-07,3.84,22.53,19.86,26.2,nasa,0.74
1990-04-08,3.46,23.35,18.89,28.25,nasa,0.74
1990-04-09,1.54,23.55,19.48,27.67,nasa,0.74
1990-04-10,0.52,23.15,17.89,27.53,nasa,0.73
1990-04-11,0.05,23.11,18.88,27.74,nasa,0.73
1990-04-12,0.06,21.86,17.96,26.23,nasa,0.72
1990-04-13,0.67,22.48,19.57,26.8,nasa,0.72
1990-04-14,3.22,21.77,19.08,25.47,nasa,0.72
1990-04-15,11.3,21.61,18.82,25.42,nasa,0.73
1990-04-16,4.76,21.03,18.29,24.99,nasa,0.74
1990-04-17,10.94,21.12,17.56,25.17,nasa,0.75
1990-04-18,5.32,20.11,17.46,22.92,nasa,0.76
1990-04-19,5.91,18.85,16.46,22.36,nasa,0.76
1990-04-20,1.43,19.29,15.64,24.25,nasa,0.76
1990-04-21,0.14,19.28,16.68,23.52,nasa,0.75
1990-04-22,0.0,19.52,16.19,25.06,nasa,0.75
1990-04-23,0.0,20.81,15.65,26.13,nasa,0.74
1990-04-24,0.01,21.05,16.52,26.35,nasa,0.73
1990-04-25,0.0,20.26,15.14,26.36,nasa,0.73
1990-04-26,0.0,20.58,15.77,25.94,nasa,0.72
1990-04-27,0.0,20.44,13.27,25.91,nasa,0.72
1990-04-28,0.1,21.25,14.61,26.59,nasa,0.71
1990-04-29,1.2,21.34,15.21,27.19,nasa,0.71
1990-04-30,2.21,20.85,17.03,26.03,nasa,0.71
1990-05-01,9.03,19.24,14.41,24.54,nasa,0.71
1990-05-02,14.27,19.65,16.3,24.77,nasa,0.73
1990-05-03,1.5,19.1,14.91,24.74,nasa,0.74
1990-05-04,0.06,18.4,13.73,23.92,nasa,0.73
1990-05-05,0.09,18.01,13.86,23.16,nasa,0.73
1990-05-06,2.3,18.22,13.91,22.6,nasa,0.73
1990-05-07,0.23,19.31,14.45,24.59,nasa,0.72
1990-05-08,0.01,18.36,14.56,22.96,nasa,0.72
1990-05-09,0.08,17.79,14.5,20.56,nasa,0.72
1990-05-10,6.59,18.45,13.36,23.56,nasa,0.72
1990-05-11,5.24,19.21,14.5,24.33,nasa,0.73
1990-05-12,3.42,18.36,14.98,22.69,nasa,0.73
1990-05-13,0.06,17.16,12.37,22.52,nasa,0.73
1990-05-14,0.38,18.17,13.31,23.57,nasa,0.72
1990-05-15,5.78,18.57,14.05,23.37,nasa,0.72
1990-05-16,5.1,21.01,16.78,25.24,nasa,0.73
1990-05-17,12.47,20.62,16.72,25.36,nasa,0.74
1990-05-18,0.01,14.6,6.84,18.21,nasa,0.74
1990-05-19,0.04,10.55,2.91,18.87,nasa,0.73
1990-05-20,0.0,13.75,6.95,21.01,nasa,0.73
1990-05-21,0.0,15.9,9.35,23.57,nasa,0.72
1990-05-22,0.0,12.84,8.11,19.47,nasa,0.72
1990-05-23,0.0,13.19,6.83,20.72,nasa,0.71
1990-05-24,0.0,16.15,10.06,23.03,nasa,0.71
1990-05-25,0.0,16.97,10.3,23.75,nasa,0.71
1990-05-26,0.0,16.95,10.8,23.65,nasa,0.71
1990-05-27,0.0,17.42,11.21,24.05,nasa,0.7
1990-05-28,0.0,18.17,12.0,24.49,nasa,0.7
1990-05-29,0.0,18.32,12.77,23.87,nasa,0.7
1990-05-30,0.0,18.51,12.09,24.32,nasa,0.69
1990-05-31,0.0,17.38,10.65,24.32,nasa,0.69
1990-06-01,0.0,17.53,11.09,24.74,nasa,0.69
1990-06-02,0.03,17.92,13.16,24.29,nasa,0.69
1990-06-03,0.0,17.46,12.58,22.52,nasa,0.68
1990-06-04,0.0,18.16,11.8,24.35,nasa,0.68
1990-06-05,0.0,18.13,11.88,24.84,nasa,0.68
1990-06-06,0.0,19.62,13.32,25.65,nasa,0.68
1990-06-07,0.0,19.5,13.28,25.3,nasa,0.68
1990-06-08,0.0,18.83,13.82,24.88,nasa,0.68
1990-06-09,0.0,19.8,14.38,25.77,nasa,0.67
1990-06-10,0.02,19.52,14.43,25.56,nasa,0.67
1990-06-11,0.01,14.41,9.53,17.8,nasa,0.67
1990-06-12,0.0,13.45,8.82,19.95,nasa,0.67
1990-06-13,0.0,14.18,9.76,19.61,nasa,0.67
1990-06-14,0.14,15.52,9.63,21.05,nasa,0.67
1990-06-15,0.0,16.47,11.26,23.41,nasa,0.67
1990-06-16,0.0,15.81,10.61,22.97,nasa,0.67
1990-06-17,0.0,14.9,10.81,20.51,nasa,0.67
1990-06-18,0.0,15.63,9.9,22.32,nasa,0.67
1990-06-19,0.01,16.78,10.7,22.77,nasa,0.66
1990-06-20,0.24,17.21,11.04,23.41,nasa,0.66
1990-06-21,0.13,15.96,8.94,22.44,nasa,0.66
1990-06-22,0.0,11.91,4.87,21.02,nasa,0.66
1990-06-23,0.0,13.7,6.41,22.44,nasa,0.66
1990-06-24,0.0,15.17,7.15,23.11,nasa,0.66
1990-06-25,0.0,16.26,7.06,23.99,nasa,0.66
1990-06-26,0.0,16.89,11.1,24.85,nasa,0.65
1990-06-27,0.0,15.99,10.52,23.97,nasa,0.65
1990-06-28,0.0,16.34,11.11,23.67,nasa,0.65
1990-06-29,0.3,15.59,8.77,23.3,nasa,0.65
1990-06-30,0.71,15.38,11.01,21.89,nasa,0.65
1990-07-01,0.26,16.27,11.7,22.38,nasa,0.65
1990-07-02,0.06,16.7,12.37,22.73,nasa,0.65
1990-07-03,0.27,17.83,12.83,23.64,nasa,0.65
1990-07-04,2.46,18.05,11.45,24.36,nasa,0.65
1990-07-05,4.79,18.09,13.12,23.49,nasa,0.65
1990-07-06,2.95,16.45,12.14,21.95,nasa,0.66
1990-07-07,0.15,15.79,11.1,20.53,nasa,0.66
1990-07-08,0.0,15.91,10.09,22.21,nasa,0.66
1990-07-09,1.35,16.64,9.74,23.62,nasa,0.66
1990-07-10,3.85,17.67,12.32,24.4,nasa,0.66
1990-07-11,2.82,14.26,10.36,17.61,nasa,0.67
1990-07-12,0.01,12.91,9.17,20.01,nasa,0.66
1990-07-13,0.11,11.86,6.65,17.79,nasa,0.66
1990-07-14,0.47,13.81,8.4,19.75,nasa,0.66
1990-07-15,0.15,15.72,10.1,22.63,nasa,0.66
1990-07-16,1.73,16.01,9.7,23.85,nasa,0.66
1990-07-17,0.84,17.65,11.3,25.58,nasa,0.65
1990-07-18,2.06,19.5,14.12,27.24,nasa,0.65
1990-07-19,0.23,19.77,14.04,27.28,nasa,0.65
1990-07-20,0.67,19.91,14.37,27.6,nasa,0.65
1990-07-21,0.23,18.64,13.02,26.09,nasa,0.65
1990-07-22,0.06,13.42,9.69,18.64,nasa,0.65
1990-07-23,0.14,14.3,9.19,20.22,nasa,0.65
1990-07-24,0.02,17.54,11.79,24.83,nasa,0.64
1990-07-25,0.08,18.91,12.87,25.82,nasa,0.64
1990-07-26,0.38,19.88,13.68,27.11,nasa,0.64
1990-07-27,0.04,19.67,13.84,26.33,nasa,0.64
1990-07-28,0.97,14.56,10.41,20.42,nasa,0.64
1990-07-29,0.1,13.7,10.07,18.92,nasa,0.64
1990-07-30,0.0,15.16,9.41,22.48,nasa,0.64
1990-07-31,0.01,12.18,9.7,16.29,nasa,0.64
1990-08-01,0.0,13.69,8.73,19.86,nasa,0.64
1990-08-02,0.0,15.74,9.75,23.33,nasa,0.63
1990-08-03,0.0,16.82,10.52,24.18,nasa,0.63
1990-08-04,0.01,16.23,9.51,24.63,nasa,0.63
1990-08-05,0.01,15.74,9.24,23.41,nasa,0.63
1990-08-06,0.0,15.78,11.4,22.34,nasa,0.63
1990-08-07,0.0,15.5,10.04,22.96,nasa,0.63
1990-08-08,0.22,16.75,9.24,23.97,nasa,0.63
1990-08-09,0.48,15.81,11.87,21.65,nasa,0.63
1990-08-10,0.23,17.33,9.99,25.46,nasa,0.63
1990-08-11,0.03,17.45,10.97,25.38,nasa,0.62
1990-08-12,0.0,17.28,10.99,25.72,nasa,0.62
1990-08-13,0.0,17.86,9.48,26.67,nasa,0.62
1990-08-14,0.0,18.29,9.69,26.53,nasa,0.62
1990-08-15,1.3,18.01,10.19,26.13,nasa,0.62
1990-08-16,6.61,20.01,13.61,28.3,nasa,0.62
1990-08-17,7.24,19.45,14.48,26.35,nasa,0.63
1990-08-18,7.36,19.18,13.93,24.97,nasa,0.65
1990-08-19,14.93,20.19,14.71,26.81,nasa,0.66
1990-08-20,5.64,21.22,16.01,27.22,nasa,0.67
1990-08-21,2.47,20.77,16.64,27.05,nasa,0.67
1990-08-22,1.91,17.15,13.72,21.68,nasa,0.66
1990-08-23,0.65,14.1,11.68,18.32,nasa,0.66
1990-08-24,0.06,13.82,10.56,18.38,nasa,0.66
1990-08-25,0.02,13.91,10.47,19.16,nasa,0.65
1990-08-26,0.65,16.99,8.52,24.73,nasa,0.65
1990-08-27,9.01,19.01,13.35,26.59,nasa,0.65
1990-08-28,0.69,17.94,14.8,22.98,nasa,0.66
1990-08-29,0.55,15.38,10.42,21.84,nasa,0.66
1990-08-30,0.66,16.19,10.15,23.34,nasa,0.65
1990-08-31,2.84,18.21,12.26,24.9,nasa,0.65
1990-09-01,12.11,19.33,15.69,23.83,nasa,0.66
1990-09-02,0.08,18.72,15.18,23.38,nasa,0.67
1990-09-03,0.03,17.88,12.34,25.2,nasa,0.66
1990-09-04,0.01,17.26,12.79,22.52,nasa,0.66
1990-09-05,0.1,18.55,12.11,25.34,nasa,0.65
1990-09-06,0.16,19.55,13.35,26.65,nasa,0.65
1990-09-07,0.15,18.89,15.56,24.16,nasa,0.65
1990-09-08,0.04,18.5,15.16,22.9,nasa,0.64
1990-09-09,0.0,20.23,13.36,28.68,nasa,0.64
1990-09-10,0.0,18.86,10.07,27.89,nasa,0.64
1990-09-11,0.07,20.22,10.96,29.83,nasa,0.63
1990-09-12,4.64,22.41,14.07,30.85,nasa,0.63
1990-09-13,21.78,19.31,13.85,22.45,nasa,0.66
1990-09-14,13.15,12.7,10.3,15.57,nasa,0.68
1990-09-15,1.82,13.44,9.72,17.68,nasa,0.69
1990-09-16,0.01,16.13,8.49,24.72,nasa,0.68
1990-09-17,0.0,18.6,11.75,26.62,nasa,0.67
1990-09-18,0.0,19.19,12.1,27.06,nasa,0.66
1990-09-19,0.0,20.17,11.06,28.9,nasa,0.66
1990-09-20,0.16,21.13,12.06,29.82,nasa,0.65
1990-09-21,0.0,21.6,14.68,29.67,nasa,0.65
1990-09-22,0.03,21.62,14.83,29.33,nasa,0.64
1990-09-23,2.4,22.21,16.01,29.04,nasa,0.64
1990-09-24,3.23,16.49,10.95,22.22,nasa,0.64
1990-09-25,0.08,13.52,9.56,18.31,nasa,0.64
1990-09-26,0.0,14.95,7.72,23.88,nasa,0.64
1990-09-27,0.0,16.63,9.66,25.2,nasa,0.64
1990-09-28,0.01,17.27,8.26,26.44,nasa,0.63
1990-09-29,0.19,16.71,10.99,22.86,nasa,0.63
1990-09-30,2.09,18.04,12.11,25.0,nasa,0.63
1990-10-01,11.05,18.72,14.69,24.72,nasa,0.64
1990-10-02,9.88,20.62,14.66,27.06,nasa,0.66
1990-10-03,1.92,21.27,16.82,27.81,nasa,0.66
1990-10-04,1.18,21.78,15.54,28.9,nasa,0.66
1990-10-05,0.29,21.44,14.63,28.96,nasa,0.65
1990-10-06,0.82,21.28,14.23,28.85,nasa,0.65
1990-10-07,0.1,21.49,13.45,29.22,nasa,0.64
1990-10-08,0.0,22.32,13.42,30.01,nasa,0.64
1990-10-09,0.0,24.05,15.54,31.53,nasa,0.63
1990-10-10,0.02,25.56,18.94,32.83,nasa,0.63
1990-10-11,3.0,24.92,19.46,31.43,nasa,0.62
1990-10-12,8.86,23.32,19.72,30.78,nasa,0.63
1990-10-13,0.15,24.12,18.85,30.17,nasa,0.64
1990-10-14,1.09,24.18,18.13,31.1,nasa,0.64
1990-10-15,4.48,24.19,18.62,31.54,nasa,0.64
1990-10-16,10.75,18.79,16.01,22.15,nasa,0.65
1990-10-17,3.61,18.8,15.4,23.33,nasa,0.66
1990-10-18,9.51,20.57,16.02,25.49,nasa,0.67
1990-10-19,13.24,22.18,17.35,28.14,nasa,0.67
1990-10-20,8.27,22.7,19.16,27.59,nasa,0.69
1990-10-21,0.16,21.45,14.8,28.32,nasa,0.68
1990-10-22,0.01,19.21,13.23,26.59,nasa,0.67
1990-10-23,0.85,19.62,11.82,27.21,nasa,0.66
1990-10-24,4.76,20.47,13.06,27.47,nasa,0.66
1990-10-25,1.89,18.83,14.83,23.52,nasa,0.66
1990-10-26,0.04,19.75,12.8,27.95,nasa,0.65
1990-10-27,0.01,20.84,12.96,28.4,nasa,0.65
1990-10-28,0.02,22.29,15.52,29.14,nasa,0.64
1990-10-29,0.02,23.5,16.26,30.17,nasa,0.64
1990-10-30,0.07,24.52,17.05,31.63,nasa,0.63
1990-10-31,1.43,25.34,18.72,32.31,nasa,0.63
1990-11-01,3.3,24.06,19.6,28.35,nasa,0.63
1990-11-02,5.11,24.4,19.3,30.49,nasa,0.63
1990-11-03,3.2,25.14,19.01,31.41,nasa,0.64
1990-11-04,6.54,24.17,20.59,28.75,nasa,0.64
1990-11-05,18.54,23.98,18.61,30.35,nasa,0.66
1990-11-06,1.5,20.8,17.26,26.35,nasa,0.67
1990-11-07,1.03,23.65,16.53,30.16,nasa,0.66
1990-11-08,4.55,24.19,18.0,30.36,nasa,0.66
1990-11-09,1.19,24.87,18.59,31.34,nasa,0.65
1990-11-10,0.4,25.72,20.14,32.51,nasa,0.65
1990-11-11,0.98,25.95,20.07,32.15,nasa,0.64
1990-11-12,0.59,25.29,19.45,30.86,nasa,0.64
1990-11-13,0.73,25.52,19.55,31.61,nasa,0.63
1990-11-14,0.11,26.49,18.85,34.22,nasa,0.63
1990-11-15,0.13,27.47,19.16,34.16,nasa,0.62
1990-11-16,3.28,26.82,19.77,33.58,nasa,0.62
1990-11-17,1.96,25.94,19.12,33.62,nasa,0.62
1990-11-18,0.94,25.32,17.7,32.51,nasa,0.62
1990-11-19,3.4,25.56,19.39,33.04,nasa,0.62
1990-11-20,2.32,24.93,20.06,31.64,nasa,0.62
1990-11-21,0.29,24.33,20.22,30.43,nasa,0.62
1990-11-22,2.54,25.44,18.19,32.94,nasa,0.62
1990-11-23,15.26,24.23,18.81,30.44,nasa,0.63
1990-11-24,15.03,21.19,18.72,24.62,nasa,0.66
1990-11-25,7.64,21.07,18.35,24.15,nasa,0.67
1990-11-26,3.25,22.68,16.95,28.62,nasa,0.67
1990-11-27,8.09,23.74,17.79,30.01,nasa,0.67
1990-11-28,5.52,21.52,16.09,27.9,nasa,0.67
1990-11-29,0.2,21.55,14.38,28.82,nasa,0.66
1990-11-30,0.03,22.92,15.51,30.18,nasa,0.65
1990-12-01,0.08,24.38,17.16,31.42,nasa,0.64
1990-12-02,0.04,24.0,16.93,32.83,nasa,0.63
1990-12-03,0.15,24.72,16.38,33.56,nasa,0.63
1990-12-04,0.2,25.22,18.53,32.65,nasa,0.62
1990-12-05,0.38,24.84,18.56,31.86,nasa,0.62
1990-12-06,0.65,24.0,17.16,31.27,nasa,0.61
1990-12-07,3.03,24.08,16.93,32.22,nasa,0.61
1990-12-08,10.37,22.77,17.32,28.88,nasa,0.63
1990-12-09,3.05,21.81,15.07,29.22,nasa,0.63
1990-12-10,15.72,22.12,16.21,27.75,nasa,0.64
1990-12-11,11.53,22.96,20.85,26.43,nasa,0.66
1990-12-12,15.23,22.34,19.65,25.58,nasa,0.68
1990-12-13,11.22,22.84,19.15,27.71,nasa,0.69
1990-12-14,23.71,22.47,19.85,25.47,nasa,0.71
1990-12-15,7.79,20.81,17.37,25.26,nasa,0.72
1990-12-16,6.4,23.11,17.91,29.28,nasa,0.71
1990-12-17,3.27,23.0,17.97,28.42,nasa,0.7
1990-12-18,6.33,23.7,18.28,28.89,nasa,0.7
1990-12-19,4.64,22.35,19.31,25.87,nasa,0.69
1990-12-20,2.44,21.47,18.33,24.72,nasa,0.69
1990-12-21,1.51,23.32,18.12,28.66,nasa,0.69
1990-12-22,2.48,24.11,18.76,29.74,nasa,0.68
1990-12-23,0.75,24.09,19.59,28.6,nasa,0.67
1990-12-24,6.44,23.4,19.06,27.59,nasa,0.67
1990-12-25,16.15,22.08,19.99,25.06,nasa,0.68
1990-12-26,1.52,21.79,18.49,27.21,nasa,0.7
1990-12-27,0.67,20.78,16.34,24.98,nasa,0.69
1990-12-28,0.52,23.27,16.95,28.9,nasa,0.68
1990-12-29,1.58,19.92,12.58,25.21,nasa,0.67
1990-12-30,0.05,18.51,12.0,26.12,nasa,0.66
1990-12-31,0.18,19.67,12.57,27.04,nasa,0.66
1991-01-01,0.82,20.36,13.74,26.38,nasa,0.65
1991-01-02,3.85,20.63,14.11,26.61,nasa,0.65
1991-01-03,7.38,21.31,17.95,24.77,nasa,0.65
1991-01-04,20.66,21.61,18.94,25.39,nasa,0.68
1991-01-05,11.31,21.63,17.34,26.93,nasa,0.7
1991-01-06,0.71,21.85,16.49,28.11,nasa,0.7
1991-01-07,0.48,22.04,17.03,28.28,nasa,0.68
1991-01-08,5.55,22.66,17.96,28.9,nasa,0.68
1991-01-09,12.7,23.66,18.76,28.87,nasa,0.68
1991-01-10,11.96,22.35,19.98,25.69,nasa,0.7
1991-01-11,28.82,22.28,19.67,26.08,nasa,0.72
1991-01-12,19.66,22.26,19.12,26.87,nasa,0.76
1991-01-13,9.39,22.94,18.17,28.44,nasa,0.75
1991-01-14,33.33,22.83,20.61,25.93,nasa,0.78
1991-01-15,46.25,22.88,20.6,26.11,nasa,0.81
1991-01-16,4.76,22.92,20.29,25.74,nasa,0.82
1991-01-17,4.03,22.63,18.36,28.33,nasa,0.8
1991-01-18,1.06,21.87,17.05,27.07,nasa,0.77
1991-01-19,0.88,21.6,16.45,26.5,nasa,0.76
1991-01-20,9.47,22.84,18.86,27.41,nasa,0.75
1991-01-21,4.21,23.09,19.66,27.9,nasa,0.76
1991-01-22,4.44,24.69,19.2,30.09,nasa,0.75
1991-01-23,7.24,24.39,19.44,29.2,nasa,0.75
1991-01-24,6.04,23.59,20.33,27.86,nasa,0.75
1991-01-25,16.47,22.49,18.13,27.3,nasa,0.76
1991-01-26,27.15,21.38,18.45,23.49,nasa,0.79
1991-01-27,41.26,21.86,18.45,26.19,nasa,0.83
1991-01-28,14.19,21.83,20.15,25.1,nasa,0.84
1991-01-29,18.69,21.81,19.1,24.97,nasa,0.84
1991-01-30,4.11,22.0,18.85,25.74,nasa,0.84
1991-01-31,5.7,22.64,18.5,27.24,nasa,0.82
1991-02-01,10.57,21.91,19.29,24.8,nasa,0.82
1991-02-02,8.45,21.42,18.58,24.29,nasa,0.82
1991-02-03,8.74,21.78,16.86,27.05,nasa,0.82
1991-02-04,7.93,22.22,17.02,27.22,nasa,0.83
1991-02-05,13.95,21.85,18.18,25.5,nasa,0.83
1991-02-06,11.45,21.34,16.96,25.0,nasa,0.84
1991-02-07,13.43,21.22,18.03,24.73,nasa,0.84
1991-02-08,9.29,21.07,18.5,24.15,nasa,0.85
1991-02-09,28.54,21.58,19.04,24.74,nasa,0.86
1991-02-10,13.32,22.21,19.26,25.96,nasa,0.88
1991-02-11,1.94,22.06,17.75,27.72,nasa,0.87
1991-02-12,10.24,22.54,16.54,28.48,nasa,0.86
1991-02-13,0.69,23.38,18.53,28.46,nasa,0.85
1991-02-14,1.11,24.27,18.74,29.21,nasa,0.85
1991-02-15,6.38,23.59,20.52,26.68,nasa,0.84
1991-02-16,6.95,22.85,20.02,26.47,nasa,0.85
1991-02-17,9.47,23.17,19.7,27.3,nasa,0.85
1991-02-18,21.89,22.81,18.64,27.05,nasa,0.86
1991-02-19,6.41,23.01,19.79,27.0,nasa,0.88
1991-02-20,0.96,21.31,17.38,26.33,nasa,0.86
1991-02-21,0.4,21.62,16.74,27.01,nasa,0.85
1991-02-22,3.12,23.38,18.21,27.93,nasa,0.84
1991-02-23,1.14,23.1,17.59,28.86,nasa,0.84
1991-02-24,3.88,20.36,15.39,26.26,nasa,0.84
1991-02-25,0.2,19.79,14.19,25.37,nasa,0.83
1991-02-26,0.66,21.23,16.7,25.96,nasa,0.83
1991-02-27,1.86,20.18,17.51,22.73,nasa,0.83
1991-02-28,11.51,19.95,16.82,24.08,nasa,0.83
1991-03-01,4.45,21.44,16.29,26.45,nasa,0.84
1991-03-02,4.64,21.19,17.55,24.71,nasa,0.84
1991-03-03,30.56,20.88,18.41,24.19,nasa,0.86
1991-03-04,29.96,20.7,18.15,24.24,nasa,0.88
1991-03-05,31.04,19.27,16.76,21.92,nasa,0.9
1991-03-06,11.93,20.66,17.86,23.8,nasa,0.91
1991-03-07,1.57,21.17,17.49,26.6,nasa,0.9
1991-03-08,1.04,20.98,16.37,26.34,nasa,0.88
1991-03-09,0.26,21.28,17.18,26.41,nasa,0.87
1991-03-10,1.44,21.72,17.0,26.24,nasa,0.87
1991-03-11,5.32,22.44,18.05,26.57,nasa,0.87
1991-03-12,9.21,22.5,19.53,26.33,nasa,0.87
1991-03-13,10.23,22.44,19.27,26.84,nasa,0.88
1991-03-14,0.85,22.65,19.1,27.45,nasa,0.88
1991-03-15,0.94,21.25,17.15,26.6,nasa,0.87
1991-03-16,0.15,19.37,14.48,25.53,nasa,0.86
1991-03-17,0.25,20.41,14.9,26.21,nasa,0.85
1991-03-18,1.56,20.94,15.18,26.6,nasa,0.85
1991-03-19,8.58,22.72,18.17,27.69,nasa,0.85
1991-03-20,5.8,23.21,19.11,28.06,nasa,0.86
1991-03-21,13.9,22.91,20.69,26.44,nasa,0.86
1991-03-22,4.53,20.33,18.53,23.03,nasa,0.87
1991-03-23,2.88,20.33,17.31,24.75,nasa,0.87
1991-03-24,12.78,20.42,17.61,23.67,nasa,0.86
1991-03-25,17.55,21.45,19.39,24.83,nasa,0.88
1991-03-26,24.08,20.22,18.29,23.38,nasa,0.9
1991-03-27,16.69,18.23,15.83,21.26,nasa,0.9
1991-03-28,41.99,17.26,15.27,19.52,nasa,0.93
1991-03-29,31.22,18.26,15.25,21.6,nasa,0.94
1991-03-30,21.08,19.59,17.14,23.12,nasa,0.95
1991-03-31,13.74,20.54,18.06,24.12,nasa,0.96
1991-04-01,6.86,20.27,18.44,23.77,nasa,0.96
1991-04-02,6.12,21.31,18.07,25.43,nasa,0.96
1991-04-03,0.5,20.01,16.36,23.94,nasa,0.96
1991-04-04,1.1,20.04,16.3,23.79,nasa,0.95
1991-04-05,0.26,19.83,16.45,24.71,nasa,0.95
1991-04-06,0.13,18.8,13.7,24.06,nasa,0.94
1991-04-07,0.22,18.45,15.15,22.49,nasa,0.93
1991-04-08,0.7,19.13,16.73,21.97,nasa,0.93
1991-04-09,2.36,20.14,17.71,23.83,nasa,0.93
1991-04-10,1.23,20.59,16.42,25.69,nasa,0.93
1991-04-11,1.47,21.29,16.35,26.29,nasa,0.92
1991-04-12,0.38,21.17,16.85,25.67,nasa,0.92
1991-04-13,1.84,20.58,16.77,24.64,nasa,0.91
1991-04-14,1.38,21.47,16.48,26.28,nasa,0.91
1991-04-15,0.72,20.74,16.73,25.57,nasa,0.91
1991-04-16,0.2,20.74,16.8,25.35,nasa,0.9
1991-04-17,0.86,20.7,16.25,25.84,nasa,0.9
1991-04-18,3.14,21.41,18.28,25.56,nasa,0.9
1991-04-19,6.04,21.27,18.48,25.04,nasa,0.9
1991-04-20,0.32,18.05,13.77,22.17,nasa,0.9
1991-04-21,0.57,16.18,11.77,22.48,nasa,0.89
1991-04-22,0.5,15.63,10.89,22.11,nasa,0.89
1991-04-23,0.07,16.75,10.87,22.01,nasa,0.88
1991-04-24,3.72,17.95,11.38,23.72,nasa,0.88
1991-04-25,35.19,19.26,16.15,23.66,nasa,0.9
1991-04-26,26.28,19.53,16.15,23.12,nasa,0.93
1991-04-27,10.67,19.2,14.65,22.92,nasa,0.93
1991-04-28,0.12,16.81,12.11,22.74,nasa,0.92
1991-04-29,0.37,16.93,12.34,23.03,nasa,0.91
1991-04-30,0.26,17.34,12.43,23.61,nasa,0.91
1991-05-01,0.01,16.57,11.98,22.48,nasa,0.9
1991-05-02,0.04,17.47,12.74,22.85,nasa,0.9
1991-05-03,0.0,17.07,11.56,22.28,nasa,0.89
1991-05-04,0.01,18.05,11.47,23.15,nasa,0.89
1991-05-05,0.0,18.48,13.91,23.79,nasa,0.89
1991-05-06,1.62,17.82,13.02,23.59,nasa,0.88
1991-05-07,5.15,17.31,14.39,21.24,nasa,0.88
1991-05-08,2.48,18.2,14.3,23.36,nasa,0.89
1991-05-09,0.04,17.22,11.98,23.08,nasa,0.88
1991-05-10,0.12,16.97,12.43,22.11,nasa,0.88
1991-05-11,0.0,17.71,13.45,22.84,nasa,0.88
1991-05-12,0.02,17.5,14.19,22.41,nasa,0.87
1991-05-13,0.03,16.98,13.1,21.83,nasa,0.87
1991-05-14,0.6,16.76,13.36,21.14,nasa,0.87
1991-05-15,3.81,17.09,13.15,21.65,nasa,0.87
1991-05-16,2.41,18.05,15.44,22.38,nasa,0.87
1991-05-17,0.06,16.48,14.27,20.04,nasa,0.87
1991-05-18,0.03,17.02,12.77,22.52,nasa,0.87
1991-05-19,0.41,17.48,13.97,22.78,nasa,0.86
1991-05-20,0.32,16.58,13.54,20.91,nasa,0.86
1991-05-21,0.97,17.39,12.84,22.68,nasa,0.86
1991-05-22,1.7,18.19,14.38,23.38,nasa,0.86
1991-05-23,0.28,18.46,14.48,24.11,nasa,0.86
1991-05-24,0.0,17.14,12.19,23.14,nasa,0.85
1991-05-25,0.02,18.14,13.1,23.33,nasa,0.85
1991-05-26,0.04,18.12,13.34,24.1,nasa,0.85
1991-05-27,0.04,17.34,12.82,22.94,nasa,0.84
1991-05-28,0.0,16.97,12.99,22.7,nasa,0.84
1991-05-29,0.01,16.4,12.7,21.87,nasa,0.84
1991-05-30,0.0,15.79,11.24,22.1,nasa,0.84
1991-05-31,0.0,15.62,11.05,21.45,nasa,0.83
1991-06-01,0.07,15.56,11.16,21.63,nasa,0.83
1991-06-02,0.24,15.1,8.64,21.39,nasa,0.83
1991-06-03,0.0,15.72,9.05,21.73,nasa,0.83
1991-06-04,0.0,16.57,10.63,22.07,nasa,0.83
1991-06-05,0.0,15.98,9.78,22.38,nasa,0.82
1991-06-06,0.0,17.59,12.91,22.87,nasa,0.82
1991-06-07,0.0,18.17,13.19,23.07,nasa,0.82
1991-06-08,0.37,17.5,13.31,23.0,nasa,0.82
1991-06-09,0.02,16.07,12.12,21.95,nasa,0.82
1991-06-10,0.0,14.34,11.02,18.74,nasa,0.81
1991-06-11,0.01,14.48,9.93,20.13,nasa,0.81
1991-06-12,0.02,15.27,10.8,20.37,nasa,0.81
1991-06-13,0.0,15.14,9.65,20.82,nasa,0.81
1991-06-14,0.0,16.21,10.7,21.67,nasa,0.81
1991-06-15,0.05,16.49,12.43,21.77,nasa,0.8
1991-06-16,0.07,17.07,12.6,22.68,nasa,0.8
1991-06-17,0.0,17.54,11.27,23.56,nasa,0.8
1991-06-18,0.0,17.95,12.7,24.21,nasa,0.8
1991-06-19,0.0,18.19,13.52,23.89,nasa,0.8
1991-06-20,0.04,18.29,14.7,22.83,nasa,0.79
1991-06-21,0.09,17.77,15.06,21.2,nasa,0.79
1991-06-22,0.01,16.85,12.43,21.52,nasa,0.79
1991-06-23,0.11,17.79,14.46,22.42,nasa,0.79
1991-06-24,0.95,16.46,13.36,20.25,nasa,0.79
1991-06-25,0.13,17.46,12.98,22.66,nasa,0.79
1991-06-26,0.02,17.14,12.45,23.68,nasa,0.79
1991-06-27,0.0,16.91,12.35,22.35,nasa,0.79
1991-06-28,0.0,16.22,11.57,22.13,nasa,0.78
1991-06-29,0.13,16.83,12.31,22.39,nasa,0.78
1991-06-30,2.87,16.64,12.84,21.02,nasa,0.78
1991-07-01,6.11,15.39,10.84,20.95,nasa,0.78
1991-07-02,2.04,15.91,11.96,21.25,nasa,0.79
1991-07-03,0.04,16.84,12.54,22.84,nasa,0.79
1991-07-04,0.0,15.17,10.7,21.91,nasa,0.78
1991-07-05,0.0,13.93,9.31,19.72,nasa,0.78
1991-07-06,0.04,14.93,9.89,20.09,nasa,0.78
1991-07-07,0.02,16.48,11.03,21.83,nasa,0.78
1991-07-08,0.0,15.77,10.76,21.21,nasa,0.77
1991-07-09,0.0,15.85,9.79,21.58,nasa,0.77
1991-07-10,0.0,16.36,10.26,22.59,nasa,0.77
1991-07-11,0.24,17.05,11.03,23.77,nasa,0.77
1991-07-12,3.31,17.7,13.37,22.82,nasa,0.77
1991-07-13,4.06,17.79,13.56,22.66,nasa,0.77
1991-07-14,1.66,15.16,11.36,19.7,nasa,0.77
1991-07-15,0.25,14.43,12.36,17.82,nasa,0.77
1991-07-16,2.68,14.99,11.15,19.71,nasa,0.77
1991-07-17,0.3,16.99,12.8,22.34,nasa,0.77
1991-07-18,0.01,17.09,12.36,22.86,nasa,0.77
1991-07-19,0.01,16.76,12.05,22.36,nasa,0.76
1991-07-20,0.0,16.02,10.54,22.24,nasa,0.76
1991-07-21,0.01,15.33,10.43,21.04,nasa,0.76
1991-07-22,0.0,15.12,10.36,21.14,nasa,0.76
1991-07-23,0.01,15.0,10.19,19.86,nasa,0.75
1991-07-24,0.0,16.05,10.37,21.42,nasa,0.75
1991-07-25,0.0,16.38,11.15,22.63,nasa,0.75
1991-07-26,0.0,15.93,11.28,22.33,nasa,0.75
1991-07-27,0.0,15.48,11.03,22.32,nasa,0.74
1991-07-28,0.0,15.32,10.41,22.37,nasa,0.74
1991-07-29,0.01,15.45,10.94,22.33,nasa,0.74
1991-07-30,0.02,15.36,10.85,21.99,nasa,0.73
1991-07-31,0.03,15.33,9.49,22.23,nasa,0.73
1991-08-01,0.0,16.88,10.28,23.51,nasa,0.73
1991-08-02,0.0,15.48,9.87,22.22,nasa,0.73
1991-08-03,0.01,10.44,7.95,14.06,nasa,0.73
1991-08-04,0.0,13.98,7.99,20.38,nasa,0.73
1991-08-05,0.0,15.14,8.37,22.15,nasa,0.73
1991-08-06,0.0,17.2,10.53,23.88,nasa,0.72
1991-08-07,0.07,18.97,12.23,25.76,nasa,0.72
1991-08-08,0.0,19.62,14.84,25.79,nasa,0.72
1991-08-09,0.0,18.75,12.49,26.29,nasa,0.71
1991-08-10,0.0,20.41,13.96,28.04,nasa,0.71
1991-08-11,0.0,21.05,15.96,27.12,nasa,0.71
1991-08-12,0.0,19.14,13.66,25.99,nasa,0.7
1991-08-13,0.0,18.68,13.2,24.92,nasa,0.7
1991-08-14,0.0,18.49,14.16,24.68,nasa,0.7
1991-08-15,0.0,15.11,10.09,21.68,nasa,0.7
1991-08-16,0.0,13.38,8.25,20.4,nasa,0.69
1991-08-17,0.0,13.34,7.33,21.19,nasa,0.69
1991-08-18,0.0,13.83,7.33,22.14,nasa,0.69
1991-08-19,0.0,15.39,9.89,22.29,nasa,0.69
1991-08-20,0.0,17.07,11.93,23.41,nasa,0.69
1991-08-21,0.0,16.02,9.55,23.99,nasa,0.68
1991-08-22,0.0,16.75,10.91,24.68,nasa,0.68
1991-08-23,0.03,17.71,12.43,24.42,nasa,0.68
1991-08-24,0.01,17.25,11.19,24.31,nasa,0.68
1991-08-25,0.0,17.87,10.82,24.67,nasa,0.67
1991-08-26,0.0,18.5,11.31,24.87,nasa,0.67
1991-08-27,0.0,19.88,12.65,26.51,nasa,0.67
1991-08-28,0.0,19.71,12.79,26.46,nasa,0.67
1991-08-29,0.57,19.48,12.88,26.25,nasa,0.67
1991-08-30,0.0,19.44,12.5,27.35,nasa,0.66
1991-08-31,0.01,18.56,11.6,27.24,nasa,0.66
1991-09-01,0.1,17.41,11.71,25.17,nasa,0.66
1991-09-02,0.07,15.32,12.23,20.05,nasa,0.66
1991-09-03,0.1,14.84,10.24,20.54,nasa,0.66
1991-09-04,0.03,15.38,8.89,23.59,nasa,0.66
1991-09-05,0.0,15.45,7.78,23.97,nasa,0.66
1991-09-06,0.0,15.86,7.64,25.12,nasa,0.65
1991-09-07,0.0,15.89,8.21,24.53,nasa,0.65
1991-09-08,0.0,17.33,8.28,25.66,nasa,0.65
1991-09-09,0.0,17.67,9.41,26.88,nasa,0.65
1991-09-10,0.0,18.99,12.55,25.39,nasa,0.65
1991-09-11,0.0,20.52,12.79,28.06,nasa,0.64
1991-09-12,0.0,19.78,13.65,28.45,nasa,0.64
1991-09-13,0.0,20.19,11.86,28.93,nasa,0.64
1991-09-14,0.0,22.32,13.96,30.67,nasa,0.64
1991-09-15,0.01,22.59,15.12,31.42,nasa,0.63
1991-09-16,0.0,21.45,15.34,28.95,nasa,0.63
1991-09-17,0.1,22.59,15.28,29.92,nasa,0.63
1991-09-18,0.93,23.32,16.17,31.15,nasa,0.63
1991-09-19,6.78,20.56,16.0,25.4,nasa,0.63
1991-09-20,0.18,18.36,13.17,24.86,nasa,0.64
1991-09-21,0.04,18.69,13.34,25.23,nasa,0.64
1991-09-22,0.06,19.98,13.24,27.1,nasa,0.64
1991-09-23,0.68,21.81,14.39,28.82,nasa,0.63
1991-09-24,5.75,20.83,14.93,27.93,nasa,0.64
1991-09-25,7.86,20.0,14.1,26.44,nasa,0.64
1991-09-26,1.11,19.58,14.63,26.15,nasa,0.65
1991-09-27,0.49,19.3,12.05,27.28,nasa,0.65
1991-09-28,15.09,20.61,13.72,27.53,nasa,0.66
1991-09-29,6.98,20.76,17.33,24.69,nasa,0.67
1991-09-30,28.58,21.65,17.92,25.64,nasa,0.7
1991-10-01,0.69,22.05,16.61,28.31,nasa,0.71
1991-10-02,17.54,19.47,14.91,24.38,nasa,0.71
1991-10-03,6.58,21.53,15.39,27.1,nasa,0.72
1991-10-04,0.4,18.38,13.47,23.98,nasa,0.71
1991-10-05,1.82,19.95,14.41,25.87,nasa,0.69
1991-10-06,10.66,20.67,16.91,25.55,nasa,0.7
1991-10-07,26.43,18.76,13.0,21.78,nasa,0.73
1991-10-08,2.15,15.2,12.13,18.71,nasa,0.73
1991-10-09,6.19,17.21,12.79,22.28,nasa,0.72
1991-10-10,4.17,19.99,15.99,25.49,nasa,0.72
1991-10-11,0.07,19.79,13.94,26.79,nasa,0.71
1991-10-12,0.01,19.04,12.32,26.11,nasa,0.7
1991-10-13,0.73,19.39,13.53,26.58,nasa,0.69
1991-10-14,2.55,20.4,13.99,27.27,nasa,0.69
1991-10-15,1.42,21.55,14.76,28.43,nasa,0.68
1991-10-16,5.68,22.06,16.48,28.53,nasa,0.68
1991-10-17,10.1,22.3,17.13,27.62,nasa,0.69
1991-10-18,2.68,22.18,18.07,27.27,nasa,0.69
1991-10-19,1.37,21.62,16.03,27.37,nasa,0.69
1991-10-20,1.07,21.21,16.97,27.18,nasa,0.69
1991-10-21,0.02,20.16,14.45,27.75,nasa,0.68
1991-10-22,0.08,19.85,13.18,27.63,nasa,0.67
1991-10-23,0.01,21.63,13.81,28.35,nasa,0.66
1991-10-24,0.11,21.8,14.91,28.18,nasa,0.66
1991-10-25,0.71,21.06,14.36,28.44,nasa,0.65
1991-10-26,1.4,21.38,14.43,28.07,nasa,0.65
1991-10-27,1.33,21.58,14.71,28.63,nasa,0.65
1991-10-28,0.05,22.25,13.7,29.71,nasa,0.65
1991-10-29,1.21,23.35,15.84,30.25,nasa,0.64
1991-10-30,0.73,24.56,17.27,31.04,nasa,0.64
1991-10-31,8.86,23.67,19.21,27.99,nasa,0.65
1991-11-01,21.66,21.23,17.07,25.43,nasa,0.67
1991-11-02,10.56,20.68,16.69,25.87,nasa,0.7
1991-11-03,4.17,21.11,15.3,27.24,nasa,0.7
1991-11-04,1.88,21.15,15.57,27.33,nasa,0.69
1991-11-05,0.0,21.09,13.93,27.96,nasa,0.68
1991-11-06,0.03,21.94,15.45,27.9,nasa,0.67
1991-11-07,0.24,23.02,16.61,30.51,nasa,0.66
1991-11-08,8.9,24.61,16.93,30.84,nasa,0.67
1991-11-09,2.01,23.07,19.42,28.38,nasa,0.67
1991-11-10,2.32,22.54,17.86,29.0,nasa,0.67
1991-11-11,0.49,21.59,15.19,27.48,nasa,0.66
1991-11-12,3.91,21.42,18.12,26.33,nasa,0.66
1991-11-13,2.71,22.78,16.63,28.94,nasa,0.66
1991-11-14,1.08,23.57,17.61,29.93,nasa,0.66
1991-11-15,2.29,23.81,19.01,29.46,nasa,0.65
1991-11-16,0.55,24.51,18.44,31.24,nasa,0.65
1991-11-17,1.52,24.03,17.93,30.36,nasa,0.65
1991-11-18,1.7,24.35,17.24,30.95,nasa,0.64
1991-11-19,0.64,24.87,17.87,33.02,nasa,0.64
1991-11-20,0.01,24.33,18.04,32.16,nasa,0.63
1991-11-21,0.0,22.47,16.05,30.44,nasa,0.63
1991-11-22,0.0,22.2,15.8,29.69,nasa,0.63
1991-11-23,0.2,22.93,16.28,30.62,nasa,0.62
1991-11-24,0.87,23.01,17.21,30.01,nasa,0.62
1991-11-25,0.28,23.3,15.68,30.71,nasa,0.62
1991-11-26,0.03,24.76,16.53,32.78,nasa,0.62
1991-11-27,1.28,25.01,19.34,31.99,nasa,0.62
1991-11-28,5.73,22.2,17.5,28.18,nasa,0.62
1991-11-29,7.11,21.89,17.14,27.6,nasa,0.63
1991-11-30,2.3,23.63,19.21,28.8,nasa,0.64
1991-12-01,6.44,21.34,16.1,25.69,nasa,0.65
1991-12-02,0.02,21.32,14.18,29.57,nasa,0.64
1991-12-03,0.34,21.71,13.59,29.83,nasa,0.64
1991-12-04,1.08,21.98,14.76,29.54,nasa,0.63
1991-12-05,0.68,23.53,16.47,31.02,nasa,0.63
1991-12-06,1.2,23.13,19.48,27.38,nasa,0.62
1991-12-07,12.2,23.59,19.49,28.79,nasa,0.64
1991-12-08,14.7,23.52,20.11,29.22,nasa,0.65
1991-12-09,10.4,24.85,20.3,30.69,nasa,0.67
1991-12-10,16.05,23.23,20.86,26.07,nasa,0.69
1991-12-11,11.99,23.23,19.67,28.24,nasa,0.7
1991-12-12,9.34,23.49,20.26,27.23,nasa,0.7
1991-12-13,1.99,23.9,19.75,27.7,nasa,0.7
1991-12-14,6.05,22.6,19.6,25.67,nasa,0.69
1991-12-15,10.17,23.1,19.2,27.9,nasa,0.69
1991-12-16,4.47,23.88,19.56,29.45,nasa,0.69
1991-12-17,8.41,23.48,18.13,29.18,nasa,0.69
1991-12-18,17.83,21.63,18.41,25.05,nasa,0.7
1991-12-19,15.09,21.11,17.67,24.87,nasa,0.72
1991-12-20,3.44,23.49,19.42,27.97,nasa,0.72
1991-12-21,11.96,23.82,17.92,29.31,nasa,0.71
1991-12-22,3.12,22.97,19.79,27.3,nasa,0.71
1991-12-23,2.65,22.33,19.73,25.46,nasa,0.71
1991-12-24,3.7,22.22,18.25,25.58,nasa,0.7
1991-12-25,5.24,23.14,18.6,27.12,nasa,0.7
1991-12-26,4.83,23.01,18.57,28.29,nasa,0.7
1991-12-27,12.71,22.61,18.82,27.98,nasa,0.7
1991-12-28,5.27,22.19,18.5,27.73,nasa,0.71
1991-12-29,8.34,22.59,18.74,27.5,nasa,0.71
1991-12-30,10.68,21.48,18.64,24.61,nasa,0.72
1991-12-31,9.3,21.1,17.6,25.9,nasa,0.72
1992-01-01,4.2,21.13,17.66,25.24,nasa,0.72
1992-01-02,6.23,21.93,17.27,26.22,nasa,0.72
1992-01-03,5.67,23.47,19.74,27.86,nasa,0.72
1992-01-04,12.99,22.84,19.57,26.98,nasa,0.72
1992-01-05,6.13,22.84,18.62,27.52,nasa,0.73
1992-01-06,0.05,21.54,15.49,28.48,nasa,0.72
1992-01-07,0.28,21.77,15.16,27.57,nasa,0.71
1992-01-08,0.03,22.91,16.79,28.63,nasa,0.7
1992-01-09,1.01,22.18,18.51,27.24,nasa,0.69
1992-01-10,0.55,22.98,17.73,28.82,nasa,0.68
1992-01-11,1.04,21.47,18.13,25.36,nasa,0.68
1992-01-12,10.21,20.94,16.86,25.74,nasa,0.69
1992-01-13,7.54,21.79,16.1,27.67,nasa,0.7
1992-01-14,9.96,23.46,19.73,28.68,nasa,0.71
1992-01-15,10.62,24.2,18.58,29.96,nasa,0.71
1992-01-16,15.13,23.08,19.83,27.79,nasa,0.72
1992-01-17,42.37,21.7,20.16,23.83,nasa,0.77
1992-01-18,24.95,21.55,19.09,24.76,nasa,0.79
1992-01-19,19.15,22.55,19.05,26.86,nasa,0.81
1992-01-20,8.66,22.51,19.14,27.04,nasa,0.8
1992-01-21,32.09,20.02,18.39,22.27,nasa,0.8
1992-01-22,59.18,19.7,18.17,22.18,nasa,0.85
1992-01-23,26.35,22.55,18.47,26.61,nasa,0.88
1992-01-24,12.76,21.09,19.35,24.11,nasa,0.87
1992-01-25,5.77,22.31,18.25,27.35,nasa,0.85
1992-01-26,3.17,22.58,19.18,27.09,nasa,0.84
1992-01-27,4.81,22.08,19.29,25.85,nasa,0.83
1992-01-28,4.84,23.13,18.97,27.04,nasa,0.83
1992-01-29,14.12,23.2,19.18,27.0,nasa,0.83
1992-01-30,20.63,22.48,19.43,26.6,nasa,0.85
1992-01-31,10.88,22.24,18.97,25.82,nasa,0.86
1992-02-01,13.15,21.39,19.27,24.93,nasa,0.86
1992-02-02,21.93,20.29,17.94,23.03,nasa,0.87
1992-02-03,24.22,19.11,16.82,21.72,nasa,0.89
1992-02-04,14.79,19.88,17.48,23.68,nasa,0.9
1992-02-05,16.27,20.43,18.78,22.53,nasa,0.89
1992-02-06,20.34,20.4,17.87,23.59,nasa,0.9
1992-02-07,10.97,19.75,17.72,22.89,nasa,0.91
1992-02-08,11.9,19.14,17.71,20.79,nasa,0.91
1992-02-09,7.14,20.52,16.86,25.0,nasa,0.91
1992-02-10,1.41,20.55,16.79,25.4,nasa,0.91
1992-02-11,1.41,20.65,15.87,25.79,nasa,0.9
1992-02-12,0.04,20.63,16.81,25.09,nasa,0.89
1992-02-13,0.09,21.12,16.31,26.63,nasa,0.88
1992-02-14,0.38,20.77,15.87,26.24,nasa,0.88
1992-02-15,0.44,20.63,14.71,25.66,nasa,0.87
1992-02-16,1.04,21.25,15.46,26.66,nasa,0.87
1992-02-17,0.23,21.05,16.22,26.54,nasa,0.86
1992-02-18,0.29,20.74,14.46,26.4,nasa,0.86
1992-02-19,0.59,20.92,14.1,27.12,nasa,0.85
1992-02-20,0.34,21.28,15.37,26.98,nasa,0.84
1992-02-21,0.82,22.09,15.67,27.18,nasa,0.84
1992-02-22,1.53,22.38,16.53,26.87,nasa,0.83
1992-02-23,0.94,22.24,19.63,25.07,nasa,0.83
1992-02-24,0.06,21.3,17.28,25.93,nasa,0.83
1992-02-25,7.89,21.7,16.8,26.22,nasa,0.83
1992-02-26,8.11,21.41,18.96,23.81,nasa,0.84
1992-02-27,3.56,21.55,17.59,25.76,nasa,0.84
1992-02-28,5.89,21.5,18.55,25.73,nasa,0.84
1992-02-29,9.24,20.47,16.51,25.17,nasa,0.85
1992-03-01,5.59,19.56,15.86,24.03,nasa,0.85
1992-03-02,19.34,18.91,16.85,20.79,nasa,0.87
1992-03-03,6.47,20.41,17.07,24.48,nasa,0.87
1992-03-04,2.55,21.1,17.98,25.91,nasa,0.87
1992-03-05,0.25,21.35,17.18,25.81,nasa,0.86
1992-03-06,2.34,21.95,16.75,26.48,nasa,0.85
1992-03-07,1.69,21.21,16.68,26.32,nasa,0.85
1992-03-08,10.86,20.53,18.26,23.83,nasa,0.85
1992-03-09,10.89,19.74,17.48,22.49,nasa,0.87
1992-03-10,2.29,20.64,17.69,24.55,nasa,0.86
1992-03-11,9.57,21.01,16.38,26.14,nasa,0.86
1992-03-12,4.07,20.97,16.92,25.95,nasa,0.86
1992-03-13,4.61,20.75,16.45,25.7,nasa,0.86
1992-03-14,0.52,20.76,16.33,26.1,nasa,0.85
1992-03-15,1.17,20.99,16.17,25.99,nasa,0.85
1992-03-16,8.32,21.22,19.07,24.99,nasa,0.85
1992-03-17,14.06,20.24,17.76,23.05,nasa,0.86
1992-03-18,18.62,21.39,16.64,26.85,nasa,0.88
1992-03-19,6.35,20.41,16.84,25.17,nasa,0.88
1992-03-20,2.05,19.86,16.52,23.21,nasa,0.88
1992-03-21,1.08,21.07,16.71,25.98,nasa,0.87
1992-03-22,3.46,20.73,16.46,24.92,nasa,0.87
1992-03-23,0.68,20.5,17.75,24.08,nasa,0.86
1992-03-24,2.27,20.22,15.46,25.15,nasa,0.86
1992-03-25,10.06,19.42,16.75,23.15,nasa,0.86
1992-03-26,4.93,20.04,15.77,25.2,nasa,0.87
1992-03-27,2.46,19.97,16.52,24.81,nasa,0.87
1992-03-28,0.31,19.91,16.76,23.95,nasa,0.86
1992-03-29,1.4,20.38,17.21,23.88,nasa,0.86
1992-03-30,2.78,20.67,16.54,25.13,nasa,0.86
1992-03-31,4.71,20.36,16.65,24.41,nasa,0.86
1992-04-01,4.22,20.59,17.38,24.6,nasa,0.86
1992-04-02,6.33,20.55,18.23,24.27,nasa,0.86
1992-04-03,0.48,21.24,17.46,25.77,nasa,0.86
1992-04-04,0.01,22.33,18.02,27.12,nasa,0.85
1992-04-05,0.0,21.56,17.59,25.4,nasa,0.85
1992-04-06,0.01,22.21,18.27,26.03,nasa,0.85
1992-04-07,1.9,22.83,19.06,26.68,nasa,0.85
1992-04-08,2.85,22.35,18.12,27.37,nasa,0.84
1992-04-09,1.1,19.14,16.59,22.12,nasa,0.84
1992-04-10,0.92,18.5,15.22,23.21,nasa,0.84
1992-04-11,0.14,19.54,14.5,25.18,nasa,0.84
1992-04-12,1.69,20.53,16.79,25.42,nasa,0.83
1992-04-13,6.7,20.21,16.61,24.5,nasa,0.83
1992-04-14,17.73,20.69,18.23,24.78,nasa,0.85
1992-04-15,12.61,20.39,16.57,24.63,nasa,0.87
1992-04-16,10.23,19.63,14.97,24.79,nasa,0.87
1992-04-17,2.0,18.17,12.41,24.32,nasa,0.86
1992-04-18,0.0,17.68,11.92,24.16,nasa,0.85
1992-04-19,0.38,18.1,11.36,24.17,nasa,0.85
1992-04-20,1.1,19.65,14.62,24.97,nasa,0.84
1992-04-21,1.73,19.49,16.61,23.35,nasa,0.84
1992-04-22,1.18,20.51,16.37,25.09,nasa,0.84
1992-04-23,1.52,21.05,17.54,25.71,nasa,0.84
1992-04-24,2.58,21.27,18.61,24.97,nasa,0.84
1992-04-25,1.82,21.05,17.9,25.1,nasa,0.84
1992-04-26,9.35,21.13,17.77,25.62,nasa,0.85
1992-04-27,0.82,20.79,16.31,25.75,nasa,0.85
1992-04-28,0.11,18.67,14.48,23.66,nasa,0.84
1992-04-29,2.81,19.18,15.87,23.18,nasa,0.84
1992-04-30,2.13,21.65,17.64,26.19,nasa,0.84
1992-05-01,12.43,21.08,16.69,25.69,nasa,0.84
1992-05-02,8.67,21.39,18.47,25.7,nasa,0.85
1992-05-03,14.82,19.29,17.2,22.12,nasa,0.85
1992-05-04,19.75,19.21,16.33,23.28,nasa,0.88
1992-05-05,4.03,20.1,16.74,24.04,nasa,0.88
1992-05-06,1.88,19.1,15.25,24.53,nasa,0.87
1992-05-07,0.57,18.89,14.0,24.12,nasa,0.86
1992-05-08,0.14,18.69,13.89,24.12,nasa,0.86
1992-05-09,0.09,18.8,14.62,23.82,nasa,0.85
1992-05-10,0.1,18.73,14.62,23.52,nasa,0.85
1992-05-11,0.62,19.69,16.13,24.72,nasa,0.85
1992-05-12,0.57,20.3,16.53,25.35,nasa,0.85
1992-05-13,0.7,20.73,16.93,25.41,nasa,0.84
1992-05-14,2.09,19.45,16.37,23.21,nasa,0.84
1992-05-15,0.1,19.2,13.74,24.66,nasa,0.84
1992-05-16,0.01,18.9,14.49,25.0,nasa,0.84
1992-05-17,0.03,19.04,14.52,25.12,nasa,0.83
1992-05-18,0.04,19.59,15.98,25.46,nasa,0.83
1992-05-19,1.12,19.33,15.56,24.58,nasa,0.83
1992-05-20,2.91,18.27,14.97,22.77,nasa,0.83
1992-05-21,0.44,16.63,13.39,21.0,nasa,0.83
1992-05-22,4.33,18.9,15.56,23.74,nasa,0.83
1992-05-23,5.48,19.38,16.01,22.73,nasa,0.84
1992-05-24,1.34,17.67,14.27,22.69,nasa,0.84
1992-05-25,0.01,17.76,12.8,22.97,nasa,0.83
1992-05-26,0.08,17.54,12.66,23.13,nasa,0.83
1992-05-27,0.01,17.67,12.5,23.44,nasa,0.83
1992-05-28,0.0,18.73,15.48,23.64,nasa,0.82
1992-05-29,0.06,18.82,15.14,24.05,nasa,0.82
1992-05-30,0.03,19.61,15.16,24.71,nasa,0.82
1992-05-31,0.0,20.0,15.61,25.04,nasa,0.81
1992-06-01,0.01,18.5,15.25,23.04,nasa,0.81
1992-06-02,0.0,18.39,13.77,23.58,nasa,0.81
1992-06-03,0.0,18.37,13.06,24.19,nasa,0.81
1992-06-04,0.0,19.48,14.47,24.77,nasa,0.8
1992-06-05,0.0,19.06,14.17,24.21,nasa,0.8
1992-06-06,0.0,20.44,16.84,25.13,nasa,0.8
1992-06-07,0.0,20.5,16.0,25.21,nasa,0.8
1992-06-08,0.0,18.81,14.84,24.1,nasa,0.79
1992-06-09,0.0,16.81,12.6,22.75,nasa,0.79
1992-06-10,0.05,17.31,12.83,22.44,nasa,0.79
1992-06-11,0.01,17.64,11.91,23.53,nasa,0.79
1992-06-12,0.02,17.36,13.5,23.13,nasa,0.79
1992-06-13,0.01,15.56,11.4,21.64,nasa,0.79
1992-06-14,0.05,13.76,9.83,19.92,nasa,0.78
1992-06-15,0.0,14.02,9.38,20.69,nasa,0.78
1992-06-16,0.0,13.73,9.0,19.54,nasa,0.78
1992-06-17,0.0,14.45,10.59,20.15,nasa,0.78
1992-06-18,0.0,13.93,10.2,20.02,nasa,0.78
1992-06-19,0.0,14.18,9.35,20.76,nasa,0.77
1992-06-20,0.31,15.17,11.27,19.71,nasa,0.77
1992-06-21,0.06,16.71,13.78,21.04,nasa,0.77
1992-06-22,0.0,16.29,11.25,21.74,nasa,0.77
1992-06-23,0.0,16.96,10.23,22.43,nasa,0.77
1992-06-24,0.0,17.08,10.71,22.82,nasa,0.77
1992-06-25,0.0,16.19,10.26,22.6,nasa,0.77
1992-06-26,0.0,15.58,11.46,21.32,nasa,0.76
1992-06-27,0.0,16.09,10.97,22.62,nasa,0.76
1992-06-28,0.0,16.77,11.21,22.87,nasa,0.76
1992-06-29,0.02,17.98,12.55,23.69,nasa,0.76
1992-06-30,0.0,18.68,12.23,23.99,nasa,0.76
1992-07-01,0.0,18.42,12.57,24.4,nasa,0.75
1992-07-02,0.0,19.51,14.69,25.27,nasa,0.75
1992-07-03,0.0,18.18,14.9,23.3,nasa,0.75
1992-07-04,0.0,17.37,12.94,23.25,nasa,0.75
1992-07-05,0.06,16.72,13.11,22.7,nasa,0.74
1992-07-06,0.22,16.01,10.11,22.4,nasa,0.74
1992-07-07,6.5,15.69,11.44,20.82,nasa,0.75
1992-07-08,14.51,13.78,10.43,18.22,nasa,0.76
1992-07-09,16.9,14.69,12.3,18.12,nasa,0.8
1992-07-10,0.25,16.3,13.27,20.89,nasa,0.79
1992-07-11,0.01,15.99,12.32,21.7,nasa,0.78
1992-07-12,0.01,16.24,11.69,21.84,nasa,0.77
1992-07-13,0.04,16.81,12.64,21.55,nasa,0.77
1992-07-14,0.0,15.91,11.71,21.86,nasa,0.76
1992-07-15,0.0,16.79,10.38,24.06,nasa,0.76
1992-07-16,0.0,18.26,13.49,24.54,nasa,0.76
1992-07-17,0.0,18.43,13.53,23.82,nasa,0.75
1992-07-18,0.0,17.57,13.21,24.02,nasa,0.75
1992-07-19,0.01,16.46,10.22,22.45,nasa,0.75
1992-07-20,0.02,16.84,11.8,22.8,nasa,0.74
1992-07-21,0.0,16.46,12.66,21.39,nasa,0.74
1992-07-22,0.01,15.81,11.14,21.11,nasa,0.74
1992-07-23,0.04,13.75,10.25,18.57,nasa,0.74
1992-07-24,0.11,12.19,8.59,16.72,nasa,0.74
1992-07-25,0.01,12.72,8.39,17.8,nasa,0.74
1992-07-26,0.0,12.96,7.8,19.55,nasa,0.74
1992-07-27,0.0,12.55,8.31,17.9,nasa,0.73
1992-07-28,0.0,14.59,7.93,20.94,nasa,0.73
1992-07-29,0.0,16.54,10.14,22.52,nasa,0.73
1992-07-30,0.0,16.68,10.17,23.57,nasa,0.73
1992-07-31,0.0,18.22,12.85,24.94,nasa,0.72
1992-08-01,0.08,19.21,14.02,25.53,nasa,0.72
1992-08-02,0.17,16.41,11.39,23.36,nasa,0.72
1992-08-03,0.47,14.12,9.61,20.29,nasa,0.72
1992-08-04,0.32,16.13,10.48,23.01,nasa,0.72
1992-08-05,0.05,16.79,11.32,22.35,nasa,0.71
1992-08-06,0.03,16.7,11.79,22.81,nasa,0.71
1992-08-07,0.0,16.84,11.84,22.82,nasa,0.71
1992-08-08,0.0,17.12,11.61,22.84,nasa,0.71
1992-08-09,0.0,16.27,12.01,21.38,nasa,0.71
1992-08-10,0.0,16.36,12.62,21.99,nasa,0.7
1992-08-11,0.01,16.28,9.91,23.07,nasa,0.7
1992-08-12,0.51,17.51,10.89,23.43,nasa,0.7
1992-08-13,0.87,16.8,11.04,23.01,nasa,0.7
1992-08-14,0.7,15.07,9.8,22.53,nasa,0.7
1992-08-15,0.03,15.19,9.95,22.26,nasa,0.7
1992-08-16,0.03,16.44,10.65,23.47,nasa,0.69
1992-08-17,0.07,17.03,10.67,24.07,nasa,0.69
1992-08-18,0.79,17.29,12.9,22.29,nasa,0.69
1992-08-19,0.76,18.57,14.1,24.31,nasa,0.69
1992-08-20,0.39,17.4,13.73,22.96,nasa,0.69
1992-08-21,0.36,16.64,13.0,21.5,nasa,0.69
1992-08-22,2.11,19.01,14.54,24.37,nasa,0.69
1992-08-23,2.13,19.74,15.86,25.06,nasa,0.69
1992-08-24,0.01,17.5,11.28,24.87,nasa,0.69
1992-08-25,0.04,15.39,7.33,24.25,nasa,0.68
1992-08-26,0.01,16.89,9.61,24.01,nasa,0.68
1992-08-27,0.0,18.83,13.22,24.76,nasa,0.68
1992-08-28,2.75,19.34,12.32,26.04,nasa,0.68
1992-08-29,0.9,20.0,13.21,26.74,nasa,0.68
1992-08-30,0.06,20.62,14.58,27.46,nasa,0.68
1992-08-31,0.46,20.84,14.41,26.92,nasa,0.67
1992-09-01,1.5,19.93,14.43,26.1,nasa,0.67
1992-09-02,0.31,20.18,13.61,26.3,nasa,0.67
1992-09-03,3.54,20.89,16.11,26.25,nasa,0.67
1992-09-04,8.97,20.56,15.36,26.91,nasa,0.68
1992-09-05,7.6,19.85,15.59,25.08,nasa,0.69
1992-09-06,19.44,17.21,14.11,19.91,nasa,0.7
1992-09-07,9.05,15.89,12.04,19.74,nasa,0.73
1992-09-08,0.02,16.15,10.45,23.65,nasa,0.72
1992-09-09,0.02,15.46,10.16,22.42,nasa,0.71
1992-09-10,0.88,16.09,10.1,23.34,nasa,0.71
1992-09-11,4.08,16.11,11.31,22.9,nasa,0.7
1992-09-12,8.13,14.86,11.93,18.98,nasa,0.7
1992-09-13,0.88,17.22,12.06,22.34,nasa,0.71
1992-09-14,5.52,18.13,13.94,22.93,nasa,0.71
1992-09-15,17.04,17.77,14.6,21.87,nasa,0.72
1992-09-16,4.96,19.05,16.16,23.07,nasa,0.74
1992-09-17,27.62,18.42,16.28,21.62,nasa,0.75
1992-09-18,7.06,19.66,15.14,24.93,nasa,0.76
1992-09-19,0.77,19.84,16.56,23.96,nasa,0.76
1992-09-20,0.27,19.92,14.6,26.41,nasa,0.74
1992-09-21,0.21,20.16,15.1,26.34,nasa,0.73
1992-09-22,0.09,19.92,14.64,26.2,nasa,0.72
1992-09-23,0.11,20.51,13.84,26.8,nasa,0.71
1992-09-24,0.87,20.82,15.12,27.01,nasa,0.71
1992-09-25,3.54,20.82,15.74,26.65,nasa,0.71
1992-09-26,11.34,18.37,14.3,22.72,nasa,0.72
1992-09-27,22.55,16.15,12.98,19.69,nasa,0.74
1992-09-28,1.22,19.18,14.19,25.56,nasa,0.76
1992-09-29,0.47,18.54,11.99,25.45,nasa,0.74
1992-09-30,0.42,19.01,13.22,24.93,nasa,0.73
1992-10-01,11.1,19.91,15.42,24.65,nasa,0.73
1992-10-02,8.82,20.33,17.04,24.1,nasa,0.74
1992-10-03,0.96,20.64,16.71,25.31,nasa,0.74
1992-10-04,2.5,20.11,15.14,25.77,nasa,0.74
1992-10-05,1.04,19.08,13.89,24.63,nasa,0.73
1992-10-06,1.52,20.39,14.97,25.89,nasa,0.73
1992-10-07,8.58,20.56,16.09,26.41,nasa,0.73
1992-10-08,14.19,18.67,14.73,23.68,nasa,0.74
1992-10-09,2.66,17.99,13.49,23.99,nasa,0.75
1992-10-10,1.07,17.35,11.45,23.85,nasa,0.74
1992-10-11,11.74,18.12,12.23,23.93,nasa,0.74
1992-10-12,8.76,19.77,16.25,23.64,nasa,0.75
1992-10-13,0.05,21.25,17.37,26.2,nasa,0.75
1992-10-14,0.64,21.04,13.92,27.71,nasa,0.74
1992-10-15,0.01,21.67,16.3,27.55,nasa,0.73
1992-10-16,1.08,21.89,17.26,27.31,nasa,0.73
1992-10-17,3.81,20.98,19.0,23.63,nasa,0.72
1992-10-18,10.63,20.89,16.0,26.25,nasa,0.74
1992-10-19,3.05,22.07,16.59,27.89,nasa,0.74
1992-10-20,0.9,22.81,17.0,28.61,nasa,0.73
1992-10-21,2.62,21.0,15.38,25.86,nasa,0.73
1992-10-22,0.5,20.03,13.94,26.48,nasa,0.72
1992-10-23,2.12,19.53,15.06,25.17,nasa,0.72
1992-10-24,1.37,21.5,17.13,26.67,nasa,0.72
1992-10-25,0.4,21.99,16.86,27.5,nasa,0.71
1992-10-26,4.48,22.02,16.99,27.15,nasa,0.71
1992-10-27,26.38,20.82,18.46,23.66,nasa,0.73
1992-10-28,41.88,21.55,18.95,25.42,nasa,0.77
1992-10-29,10.5,21.57,17.94,25.37,nasa,0.79
1992-10-30,15.44,21.19,18.53,24.0,nasa,0.8
1992-10-31,12.16,21.8,16.82,27.19,nasa,0.8
1992-11-01,2.56,20.25,16.73,24.54,nasa,0.79
1992-11-02,8.49,22.49,18.24,27.91,nasa,0.79
1992-11-03,2.75,22.73,18.58,27.6,nasa,0.78
1992-11-04,12.8,20.34,16.23,23.39,nasa,0.79
1992-11-05,12.21,15.92,13.8,18.28,nasa,0.8
1992-11-06,7.08,16.2,13.07,20.36,nasa,0.8
1992-11-07,6.06,17.63,12.31,23.28,nasa,0.8
1992-11-08,8.13,21.69,17.89,26.17,nasa,0.8
1992-11-09,10.73,22.52,18.3,27.46,nasa,0.8
1992-11-10,2.88,20.92,18.49,23.59,nasa,0.81
1992-11-11,0.61,21.84,16.62,27.16,nasa,0.8
1992-11-12,1.95,21.9,17.04,26.75,nasa,0.79
1992-11-13,2.03,22.28,17.79,26.36,nasa,0.78
1992-11-14,0.52,22.56,17.1,28.16,nasa,0.78
1992-11-15,1.1,22.41,16.48,28.33,nasa,0.77
1992-11-16,2.68,22.62,16.59,28.55,nasa,0.76
1992-11-17,8.95,21.85,17.87,26.87,nasa,0.77
1992-11-18,0.29,21.83,16.01,28.01,nasa,0.77
1992-11-19,0.68,21.68,15.55,27.31,nasa,0.76
1992-11-20,3.9,22.4,17.11,28.1,nasa,0.75
1992-11-21,11.6,22.26,18.01,27.02,nasa,0.76
1992-11-22,3.76,21.39,16.98,26.64,nasa,0.76
1992-11-23,10.03,21.02,17.76,24.64,nasa,0.77
1992-11-24,21.86,19.83,16.96,22.95,nasa,0.79
1992-11-25,4.26,21.11,18.79,24.74,nasa,0.8
1992-11-26,7.5,20.58,17.47,23.48,nasa,0.8
1992-11-27,1.18,19.43,15.59,24.56,nasa,0.8
1992-11-28,0.54,19.07,13.85,25.13,nasa,0.79
1992-11-29,0.34,19.0,13.5,25.49,nasa,0.78
1992-11-30,2.05,19.11,12.18,25.6,nasa,0.77
1992-12-01,16.77,20.01,16.45,24.82,nasa,0.78
1992-12-02,4.03,21.28,16.44,26.6,nasa,0.79
1992-12-03,0.6,21.2,14.74,27.26,nasa,0.78
1992-12-04,1.38,20.86,17.6,25.62,nasa,0.78
1992-12-05,1.03,21.3,16.3,26.53,nasa,0.77
1992-12-06,0.84,21.67,17.27,26.77,nasa,0.76
1992-12-07,4.22,21.95,17.24,26.29,nasa,0.76
1992-12-08,5.28,22.22,16.87,27.12,nasa,0.76
1992-12-09,5.53,20.54,16.34,24.73,nasa,0.76
1992-12-10,22.87,21.2,17.77,25.57,nasa,0.78
1992-12-11,17.92,21.7,18.98,25.07,nasa,0.81
1992-12-12,13.17,22.0,17.71,27.68,nasa,0.82
1992-12-13,0.7,20.17,14.57,26.44,nasa,0.81
1992-12-14,0.18,18.07,11.64,25.55,nasa,0.79
1992-12-15,0.17,19.81,12.84,26.69,nasa,0.78
1992-12-16,2.37,21.48,15.37,27.09,nasa,0.77
1992-12-17,32.62,21.97,18.63,26.24,nasa,0.79
1992-12-18,13.73,21.55,18.73,25.59,nasa,0.82
1992-12-19,2.16,22.85,18.37,27.92,nasa,0.82
1992-12-20,3.54,23.12,17.33,28.63,nasa,0.8
1992-12-21,6.16,23.24,17.77,27.72,nasa,0.8
1992-12-22,0.04,22.14,17.29,27.81,nasa,0.79
1992-12-23,0.07,20.93,15.11,27.74,nasa,0.78
1992-12-24,0.64,21.39,15.24,27.57,nasa,0.77
1992-12-25,3.19,21.24,16.09,26.53,nasa,0.76
1992-12-26,6.78,21.33,16.27,27.31,nasa,0.77
1992-12-27,0.2,20.77,14.33,27.08,nasa,0.76
1992-12-28,2.38,20.67,14.95,26.55,nasa,0.76
1992-12-29,0.73,21.99,16.17,27.44,nasa,0.75
1992-12-30,0.62,22.0,18.22,26.68,nasa,0.75
1992-12-31,0.06,22.19,16.76,28.58,nasa,0.74
1993-01-01,0.11,23.2,15.88,29.83,nasa,0.73
1993-01-02,7.69,23.74,16.93,29.12,nasa,0.73
1993-01-03,12.69,23.96,20.51,28.27,nasa,0.74
1993-01-04,11.18,21.7,19.04,25.3,nasa,0.76
1993-01-05,12.8,21.71,18.94,25.51,nasa,0.78
1993-01-06,5.54,21.84,19.59,24.92,nasa,0.78
1993-01-07,4.7,22.63,18.07,27.11,nasa,0.78
1993-01-08,9.19,21.7,20.02,24.2,nasa,0.78
1993-01-09,13.7,20.72,18.91,22.75,nasa,0.79
1993-01-10,8.13,21.0,18.04,24.97,nasa,0.8
1993-01-11,9.43,20.03,17.44,23.02,nasa,0.8
1993-01-12,17.6,20.11,17.9,22.99,nasa,0.81
1993-01-13,1.75,22.15,16.42,28.17,nasa,0.81
1993-01-14,0.05,21.8,16.82,27.87,nasa,0.79
1993-01-15,2.5,21.62,15.36,27.34,nasa,0.78
1993-01-16,3.77,22.89,17.1,27.62,nasa,0.78
1993-01-17,7.93,23.42,18.68,28.11,nasa,0.78
1993-01-18,4.15,21.52,18.89,24.49,nasa,0.78
1993-01-19,14.8,19.42,16.64,22.7,nasa,0.79
1993-01-20,10.21,19.41,16.61,22.88,nasa,0.81
1993-01-21,5.14,21.49,16.3,26.97,nasa,0.81
1993-01-22,6.4,21.81,15.81,27.55,nasa,0.8
1993-01-23,5.09,21.45,17.38,25.93,nasa,0.8
1993-01-24,5.12,21.26,18.68,23.78,nasa,0.8
1993-01-25,5.27,23.14,17.78,28.02,nasa,0.8
1993-01-26,13.5,22.86,18.6,27.06,nasa,0.8
1993-01-27,2.11,21.97,17.03,26.27,nasa,0.81
1993-01-28,5.97,22.02,16.51,27.34,nasa,0.8
1993-01-29,6.5,22.96,18.09,27.2,nasa,0.8
1993-01-30,2.96,22.72,18.44,26.58,nasa,0.8
1993-01-31,1.62,21.74,16.19,27.17,nasa,0.8
1993-02-01,2.62,21.9,17.21,26.35,nasa,0.79
1993-02-02,5.0,21.63,18.33,25.48,nasa,0.79
1993-02-03,13.3,20.52,17.69,23.73,nasa,0.8
1993-02-04,20.75,20.42,16.86,24.34,nasa,0.81
1993-02-05,28.92,20.64,19.1,23.0,nasa,0.84
1993-02-06,14.65,20.84,18.39,24.81,nasa,0.86
1993-02-07,6.98,21.39,17.94,25.82,nasa,0.85
1993-02-08,4.32,21.52,19.14,24.43,nasa,0.84
1993-02-09,4.2,22.76,18.51,27.65,nasa,0.84
1993-02-10,13.25,22.53,18.37,27.23,nasa,0.84
1993-02-11,5.61,21.05,18.35,24.67,nasa,0.85
1993-02-12,4.33,20.03,17.15,23.94,nasa,0.84
1993-02-13,5.21,19.92,16.3,25.02,nasa,0.84
1993-02-14,20.63,20.46,17.57,23.57,nasa,0.85
1993-02-15,24.4,20.79,18.5,24.71,nasa,0.87
1993-02-16,11.18,19.59,16.82,23.05,nasa,0.89
1993-02-17,1.2,20.13,16.61,23.47,nasa,0.87
1993-02-18,2.4,22.04,17.32,26.67,nasa,0.86
1993-02-19,1.61,21.84,18.18,26.99,nasa,0.86
1993-02-20,5.18,20.51,17.29,24.12,nasa,0.86
1993-02-21,6.98,21.03,17.21,25.01,nasa,0.86
1993-02-22,6.65,20.33,16.65,25.08,nasa,0.86
1993-02-23,16.94,19.2,16.63,22.77,nasa,0.87
1993-02-24,11.53,19.78,16.62,23.74,nasa,0.89
1993-02-25,6.97,21.73,17.84,25.88,nasa,0.88
1993-02-26,8.95,20.18,18.04,24.01,nasa,0.89
1993-02-27,7.11,20.34,17.62,23.11,nasa,0.89
1993-02-28,3.8,19.75,16.95,24.34,nasa,0.89
1993-03-01,7.91,20.51,16.18,25.16,nasa,0.89
1993-03-02,4.47,20.94,17.9,25.14,nasa,0.89
1993-03-03,2.53,21.48,16.39,26.23,nasa,0.88
1993-03-04,1.52,22.06,18.26,25.88,nasa,0.88
1993-03-05,0.5,22.03,19.08,25.42,nasa,0.87
1993-03-06,0.03,21.69,17.11,26.65,nasa,0.87
1993-03-07,0.26,22.26,15.8,27.65,nasa,0.86
1993-03-08,0.23,22.81,16.99,27.96,nasa,0.85
1993-03-09,1.93,23.8,19.51,28.12,nasa,0.85
1993-03-10,9.4,21.76,18.65,25.51,nasa,0.85
1993-03-11,7.07,22.21,18.88,26.03,nasa,0.86
1993-03-12,6.82,21.54,18.9,25.89,nasa,0.87
1993-03-13,0.23,21.37,18.13,25.24,nasa,0.86
1993-03-14,0.01,22.56,17.3,27.35,nasa,0.86
1993-03-15,1.38,22.43,18.23,27.2,nasa,0.85
1993-03-16,1.05,21.72,17.67,24.99,nasa,0.85
1993-03-17,7.08,20.96,18.29,24.63,nasa,0.85
1993-03-18,10.0,21.11,16.76,25.77,nasa,0.86
1993-03-19,8.22,21.3,17.54,25.18,nasa,0.87
1993-03-20,4.91,20.96,18.19,25.06,nasa,0.86
1993-03-21,3.43,19.77,17.42,22.9,nasa,0.86
1993-03-22,2.67,19.89,16.82,23.37,nasa,0.86
1993-03-23,4.38,21.53,17.2,25.97,nasa,0.86
1993-03-24,8.16,21.45,18.0,25.64,nasa,0.86
1993-03-25,2.45,20.48,18.71,22.99,nasa,0.87
1993-03-26,12.49,21.25,17.84,24.94,nasa,0.87
1993-03-27,13.78,20.53,17.96,23.33,nasa,0.88
1993-03-28,7.72,20.24,17.81,23.49,nasa,0.89
1993-03-29,7.23,21.36,17.67,25.77,nasa,0.89
1993-03-30,7.97,21.93,18.05,26.43,nasa,0.89
1993-03-31,1.25,22.74,18.4,26.9,nasa,0.88
1993-04-01,1.96,20.79,18.14,24.15,nasa,0.88
1993-04-02,8.97,20.69,17.97,24.41,nasa,0.88
1993-04-03,4.3,21.28,16.75,26.41,nasa,0.89
1993-04-04,0.76,21.92,17.13,26.75,nasa,0.88
1993-04-05,6.17,21.47,16.95,26.17,nasa,0.88
1993-04-06,3.19,22.25,17.85,26.86,nasa,0.88
1993-04-07,3.72,23.2,20.63,27.57,nasa,0.88
1993-04-08,16.97,21.49,18.94,23.42,nasa,0.89
1993-04-09,0.83,21.15,18.82,24.51,nasa,0.89
1993-04-10,0.05,19.49,16.26,24.03,nasa,0.88
1993-04-11,0.03,18.93,14.99,24.15,nasa,0.88
1993-04-12,0.09,19.59,15.78,24.52,nasa,0.87
1993-04-13,0.1,19.97,15.37,24.9,nasa,0.87
1993-04-14,1.21,21.33,16.48,26.24,nasa,0.86
1993-04-15,2.58,21.55,17.54,25.86,nasa,0.86
1993-04-16,1.2,21.64,18.0,25.49,nasa,0.86
1993-04-17,1.25,21.31,17.54,25.65,nasa,0.86
1993-04-18,0.32,21.23,18.04,26.1,nasa,0.85
1993-04-19,0.14,20.2,15.89,25.74,nasa,0.85
1993-04-20,0.12,20.41,15.46,25.81,nasa,0.85
1993-04-21,0.1,21.09,15.77,25.88,nasa,0.84
1993-04-22,0.62,20.08,15.9,25.18,nasa,0.84
1993-04-23,3.56,20.41,15.82,24.68,nasa,0.84
1993-04-24,2.29,19.81,15.19,24.59,nasa,0.84
1993-04-25,0.17,19.9,14.96,25.08,nasa,0.84
1993-04-26,0.04,19.91,14.18,25.47,nasa,0.83
1993-04-27,0.02,19.83,15.66,25.19,nasa,0.83
1993-04-28,0.03,20.07,16.1,25.56,nasa,0.82
1993-04-29,0.23,19.54,15.23,25.24,nasa,0.82
1993-04-30,0.33,19.33,15.06,24.91,nasa,0.82
1993-05-01,0.14,19.7,15.55,24.36,nasa,0.81
1993-05-02,4.46,19.89,15.66,24.33,nasa,0.81
1993-05-03,4.59,18.9,15.69,23.21,nasa,0.82
1993-05-04,2.39,19.2,15.16,24.16,nasa,0.82
1993-05-05,4.67,19.91,16.81,24.55,nasa,0.82
1993-05-06,3.91,19.99,16.24,24.89,nasa,0.83
1993-05-07,0.05,18.52,13.7,24.64,nasa,0.82
1993-05-08,0.05,16.95,12.92,22.88,nasa,0.82
1993-05-09,0.01,16.47,11.38,22.8,nasa,0.81
1993-05-10,0.13,16.38,10.86,22.89,nasa,0.81
1993-05-11,0.0,16.77,10.58,23.33,nasa,0.8
1993-05-12,0.07,16.71,11.43,23.69,nasa,0.8
1993-05-13,0.11,17.96,11.58,24.31,nasa,0.8
1993-05-14,1.69,19.69,15.62,25.83,nasa,0.8
1993-05-15,3.99,16.37,13.42,20.96,nasa,0.8
1993-05-16,0.08,15.85,12.69,19.57,nasa,0.8
1993-05-17,0.03,16.84,13.45,21.18,nasa,0.8
1993-05-18,0.0,16.63,12.52,22.29,nasa,0.79
1993-05-19,0.0,16.3,12.0,21.91,nasa,0.79
1993-05-20,0.0,15.38,11.4,20.7,nasa,0.79
1993-05-21,0.0,13.81,9.27,20.1,nasa,0.78
1993-05-22,0.0,14.07,9.22,19.93,nasa,0.78
1993-05-23,0.0,14.73,10.16,20.33,nasa,0.78
1993-05-24,0.0,15.08,9.7,20.53,nasa,0.78
1993-05-25,0.01,15.88,10.58,21.36,nasa,0.78
1993-05-26,0.02,16.77,12.25,22.16,nasa,0.77
1993-05-27,0.01,16.75,11.25,22.97,nasa,0.77
1993-05-28,0.03,15.87,11.88,21.42,nasa,0.77
1993-05-29,1.53,15.51,11.05,20.21,nasa,0.77
1993-05-30,16.56,16.52,13.04,20.77,nasa,0.78
1993-05-31,13.42,18.35,15.69,22.44,nasa,0.81
1993-06-01,1.51,17.94,13.98,23.32,nasa,0.81
1993-06-02,0.4,16.09,12.29,21.14,nasa,0.8
1993-06-03,0.22,16.9,12.29,22.52,nasa,0.79
1993-06-04,1.5,17.11,13.23,22.43,nasa,0.79
1993-06-05,12.39,17.91,15.37,21.76,nasa,0.79
1993-06-06,3.91,18.25,15.43,22.45,nasa,0.81
1993-06-07,0.99,17.55,14.0,22.37,nasa,0.8
1993-06-08,2.05,17.39,12.2,22.8,nasa,0.8
1993-06-09,1.47,17.85,13.72,22.95,nasa,0.8
1993-06-10,4.1,18.36,13.71,23.31,nasa,0.79
1993-06-11,3.21,14.26,12.84,15.88,nasa,0.8
1993-06-12,0.08,14.97,11.46,19.58,nasa,0.8
1993-06-13,0.05,14.44,10.37,19.56,nasa,0.79
1993-06-14,0.03,13.81,9.78,19.27,nasa,0.79
1993-06-15,0.18,13.3,9.62,19.09,nasa,0.79
1993-06-16,0.39,13.23,9.08,19.3,nasa,0.78
1993-06-17,0.71,13.29,7.83,19.51,nasa,0.78
1993-06-18,4.25,13.72,11.05,16.42,nasa,0.78
1993-06-19,2.92,13.64,9.42,18.53,nasa,0.79
1993-06-20,0.16,13.09,8.45,19.06,nasa,0.79
1993-06-21,0.09,12.96,7.2,20.09,nasa,0.79
1993-06-22,0.01,14.62,8.0,20.95,nasa,0.78
1993-06-23,0.0,15.53,9.92,21.74,nasa,0.78
1993-06-24,0.05,16.02,10.14,21.86,nasa,0.78
1993-06-25,0.06,15.17,9.89,21.75,nasa,0.77
1993-06-26,0.01,14.88,8.97,22.13,nasa,0.77
1993-06-27,0.02,14.57,7.88,21.56,nasa,0.77
1993-06-28,0.04,15.41,9.91,22.64,nasa,0.77
1993-06-29,0.0,15.49,9.34,23.34,nasa,0.76
1993-06-30,0.0,16.62,10.43,23.42,nasa,0.76
1993-07-01,0.0,16.85,12.07,23.48,nasa,0.76
1993-07-02,0.0,17.39,11.31,25.31,nasa,0.75
1993-07-03,0.0,18.62,12.89,26.09,nasa,0.75
1993-07-04,0.0,19.43,13.73,25.88,nasa,0.75
1993-07-05,0.0,18.09,12.65,24.76,nasa,0.75
1993-07-06,0.0,17.45,11.95,24.16,nasa,0.74
1993-07-07,0.0,16.82,12.24,23.53,nasa,0.74
1993-07-08,0.0,15.55,10.81,21.33,nasa,0.74
1993-07-09,0.0,17.37,12.24,23.48,nasa,0.74
1993-07-10,0.0,17.92,12.56,23.81,nasa,0.74
1993-07-11,0.0,16.56,10.83,23.08,nasa,0.74
1993-07-12,0.07,17.75,13.26,24.14,nasa,0.73
1993-07-13,0.07,17.94,11.79,23.96,nasa,0.73
1993-07-14,0.27,17.56,12.89,23.14,nasa,0.73
1993-07-15,1.42,17.06,12.7,22.22,nasa,0.73
1993-07-16,0.14,16.81,12.96,22.11,nasa,0.73
1993-07-17,0.01,16.48,11.83,22.73,nasa,0.73
1993-07-18,0.0,16.77,12.29,22.18,nasa,0.72
1993-07-19,0.01,16.16,9.88,22.76,nasa,0.72
1993-07-20,0.03,15.97,8.68,23.46,nasa,0.72
1993-07-21,0.0,16.8,9.77,24.22,nasa,0.72
1993-07-22,0.0,16.69,9.62,23.71,nasa,0.71
1993-07-23,0.0,16.65,9.52,23.87,nasa,0.71
1993-07-24,0.07,17.45,10.67,23.85,nasa,0.71
1993-07-25,0.0,16.45,11.43,23.05,nasa,0.71
1993-07-26,0.0,15.01,10.35,21.3,nasa,0.71
1993-07-27,0.11,15.94,10.78,21.95,nasa,0.71
1993-07-28,0.01,17.41,12.95,23.29,nasa,0.7
1993-07-29,0.0,18.07,12.38,24.48,nasa,0.7
1993-07-30,0.0,18.51,12.5,24.6,nasa,0.7
1993-07-31,0.01,16.49,11.31,22.57,nasa,0.7
1993-08-01,0.0,14.34,7.85,19.67,nasa,0.7
1993-08-02,0.14,18.15,12.88,23.95,nasa,0.7
1993-08-03,0.02,19.25,13.86,25.66,nasa,0.69
1993-08-04,0.02,18.18,12.89,24.73,nasa,0.69
1993-08-05,0.0,17.59,12.66,24.02,nasa,0.69
1993-08-06,0.0,17.4,11.74,24.11,nasa,0.69
1993-08-07,0.0,17.67,10.07,24.83,nasa,0.68
1993-08-08,0.0,19.14,11.78,26.27,nasa,0.68
1993-08-09,0.01,19.92,12.9,26.91,nasa,0.68
1993-08-10,0.03,18.78,12.98,26.67,nasa,0.68
1993-08-11,0.06,16.37,10.26,23.29,nasa,0.67
1993-08-12,0.01,16.08,10.87,23.21,nasa,0.67
1993-08-13,0.1,15.4,8.98,22.84,nasa,0.67
1993-08-14,0.57,14.85,11.99,17.85,nasa,0.67
1993-08-15,2.22,16.21,12.39,22.36,nasa,0.68
1993-08-16,0.72,14.99,10.39,20.43,nasa,0.68
1993-08-17,0.14,16.76,11.24,22.75,nasa,0.68
1993-08-18,1.02,17.42,10.47,24.4,nasa,0.67
1993-08-19,5.26,16.23,10.07,23.29,nasa,0.67
1993-08-20,1.07,16.99,10.97,23.97,nasa,0.68
1993-08-21,0.01,14.99,12.05,18.86,nasa,0.68
1993-08-22,0.21,15.34,10.51,21.52,nasa,0.68
1993-08-23,0.48,16.07,11.07,21.79,nasa,0.67
1993-08-24,5.75,14.24,11.92,16.43,nasa,0.68
1993-08-25,0.37,17.34,11.61,22.71,nasa,0.68
1993-08-26,0.0,19.34,12.18,25.7,nasa,0.68
1993-08-27,0.0,19.01,12.35,27.33,nasa,0.67
1993-08-28,0.0,18.29,10.31,27.13,nasa,0.67
1993-08-29,0.0,19.01,9.31,28.0,nasa,0.66
1993-08-30,0.0,20.98,12.95,29.04,nasa,0.66
1993-08-31,0.0,22.88,14.24,30.94,nasa,0.66
1993-09-01,0.02,22.79,14.58,32.49,nasa,0.65
1993-09-02,0.0,21.44,13.31,30.47,nasa,0.65
1993-09-03,0.01,21.79,14.76,30.27,nasa,0.65
1993-09-04,0.0,20.46,14.79,27.46,nasa,0.64
1993-09-05,0.0,21.79,15.37,28.61,nasa,0.64
1993-09-06,0.01,23.24,15.9,31.63,nasa,0.64
1993-09-07,0.12,24.38,17.23,32.38,nasa,0.64
1993-09-08,0.44,22.79,18.72,29.22,nasa,0.63
1993-09-09,0.19,22.72,16.64,30.78,nasa,0.63
1993-09-10,2.59,21.17,15.18,28.74,nasa,0.63
1993-09-11,3.81,18.01,14.76,21.7,nasa,0.64
1993-09-12,0.32,17.23,12.2,23.53,nasa,0.64
1993-09-13,0.07,17.21,10.88,25.49,nasa,0.64
1993-09-14,4.51,16.06,9.96,23.98,nasa,0.64
1993-09-15,1.5,16.99,10.53,22.95,nasa,0.64
1993-09-16,12.76,19.15,14.71,25.84,nasa,0.66
1993-09-17,0.0,19.03,12.8,27.71,nasa,0.66
1993-09-18,0.18,19.44,11.86,27.05,nasa,0.66
1993-09-19,0.59,21.52,11.42,29.72,nasa,0.65
1993-09-20,2.48,24.26,17.05,31.54,nasa,0.65
1993-09-21,7.58,25.13,20.63,31.05,nasa,0.65
1993-09-22,8.75,22.48,17.49,27.99,nasa,0.67
1993-09-23,15.26,22.05,17.17,27.12,nasa,0.68
1993-09-24,5.16,21.73,17.96,25.73,nasa,0.69
1993-09-25,2.24,20.66,15.09,26.89,nasa,0.68
1993-09-26,0.5,18.58,13.65,24.99,nasa,0.68
1993-09-27,19.05,18.52,13.72,23.57,nasa,0.7
1993-09-28,0.48,21.49,16.75,26.75,nasa,0.7
1993-09-29,5.62,19.99,16.62,23.79,nasa,0.69
1993-09-30,4.59,21.86,16.03,27.66,nasa,0.69
1993-10-01,7.91,22.88,17.02,28.38,nasa,0.69
1993-10-02,8.09,23.25,17.79,28.58,nasa,0.69
1993-10-03,2.22,23.55,17.15,29.09,nasa,0.69
1993-10-04,3.53,24.18,17.99,30.36,nasa,0.69
1993-10-05,8.33,21.89,19.29,25.09,nasa,0.69
1993-10-06,0.14,17.38,10.88,22.47,nasa,0.69
1993-10-07,0.08,15.21,6.97,23.77,nasa,0.68
1993-10-08,0.25,16.71,9.05,25.42,nasa,0.68
1993-10-09,0.0,18.06,8.79,26.9,nasa,0.67
1993-10-10,0.0,19.35,11.71,27.67,nasa,0.66
1993-10-11,0.2,20.96,12.41,28.81,nasa,0.66
1993-10-12,0.07,22.08,12.88,29.61,nasa,0.65
1993-10-13,0.0,22.91,14.46,30.41,nasa,0.65
1993-10-14,0.61,22.8,16.29,29.99,nasa,0.64
1993-10-15,0.76,23.26,16.74,29.86,nasa,0.64
1993-10-16,5.78,20.81,17.5,24.47,nasa,0.64
1993-10-17,2.23,22.62,17.98,29.68,nasa,0.65
1993-10-18,8.29,22.29,18.3,26.77,nasa,0.66
1993-10-19,4.33,22.66,15.83,29.52,nasa,0.66
1993-10-20,1.63,23.3,17.2,29.67,nasa,0.66
1993-10-21,3.33,24.13,19.19,29.55,nasa,0.66
1993-10-22,6.89,24.39,18.99,29.5,nasa,0.66
1993-10-23,6.12,23.68,20.0,27.71,nasa,0.67
1993-10-24,14.93,22.78,19.25,27.06,nasa,0.68
1993-10-25,7.11,21.89,16.39,27.56,nasa,0.69
1993-10-26,2.0,22.71,18.17,28.12,nasa,0.69
1993-10-27,1.84,20.14,15.68,25.76,nasa,0.68
1993-10-28,0.12,19.97,13.68,26.76,nasa,0.67
1993-10-29,0.0,20.84,14.35,27.88,nasa,0.67
1993-10-30,0.0,22.04,14.81,29.08,nasa,0.66
1993-10-31,0.0,22.48,14.43,29.73,nasa,0.65
1993-11-01,0.33,25.82,19.93,32.93,nasa,0.65
1993-11-02,2.81,24.15,18.02,32.18,nasa,0.64
1993-11-03,2.14,22.77,16.97,29.47,nasa,0.64
1993-11-04,0.67,23.02,16.94,30.03,nasa,0.64
1993-11-05,2.56,24.01,17.07,31.33,nasa,0.64
1993-11-06,9.59,24.77,19.22,30.75,nasa,0.64
1993-11-07,5.02,23.47,20.32,27.56,nasa,0.65
1993-11-08,18.3,22.99,17.27,28.23,nasa,0.67
1993-11-09,0.93,20.55,15.89,27.55,nasa,0.68
1993-11-10,0.18,21.78,15.41,29.09,nasa,0.67
1993-11-11,0.14,21.85,15.0,29.49,nasa,0.66
1993-11-12,0.01,22.65,15.98,30.08,nasa,0.65
1993-11-13,0.0,22.67,15.73,30.62,nasa,0.64
1993-11-14,0.0,24.12,15.42,31.7,nasa,0.64
1993-11-15,0.16,25.79,17.73,32.25,nasa,0.63
1993-11-16,0.09,25.6,19.05,32.93,nasa,0.63
1993-11-17,2.18,26.64,18.87,33.55,nasa,0.62
1993-11-18,4.32,25.34,20.55,30.94,nasa,0.62
1993-11-19,5.6,25.18,19.23,31.57,nasa,0.64
1993-11-20,2.81,24.82,18.82,31.78,nasa,0.64
1993-11-21,0.57,23.62,15.81,31.43,nasa,0.63
1993-11-22,0.56,24.52,16.91,31.56,nasa,0.63
1993-11-23,7.69,24.88,19.28,30.01,nasa,0.64
1993-11-24,1.22,24.21,19.76,29.88,nasa,0.63
1993-11-25,11.61,23.94,18.94,29.14,nasa,0.64
1993-11-26,14.7,22.73,19.91,26.22,nasa,0.67
1993-11-27,2.27,23.06,19.21,27.6,nasa,0.67
1993-11-28,0.0,24.34,18.98,30.68,nasa,0.66
1993-11-29,0.03,23.39,15.52,32.12,nasa,0.65
1993-11-30,0.26,24.37,14.76,33.05,nasa,0.64
1993-12-01,0.18,26.12,19.92,31.88,nasa,0.63
1993-12-02,6.8,24.73,20.24,29.38,nasa,0.64
1993-12-03,7.23,24.37,19.8,30.12,nasa,0.64
1993-12-04,3.63,22.6,19.39,27.48,nasa,0.65
1993-12-05,7.16,23.66,17.98,29.67,nasa,0.65
1993-12-06,3.72,23.74,18.75,28.7,nasa,0.65
1993-12-07,2.05,23.23,18.79,26.92,nasa,0.65
1993-12-08,4.45,24.97,19.85,29.9,nasa,0.65
1993-12-09,4.17,24.01,19.74,29.35,nasa,0.65
1993-12-10,8.45,23.24,18.14,30.04,nasa,0.65
1993-12-11,8.12,22.83,19.57,25.66,nasa,0.67
1993-12-12,1.48,22.51,16.35,29.27,nasa,0.66
1993-12-13,0.6,23.39,16.62,30.54,nasa,0.65
1993-12-14,4.24,24.54,18.38,31.13,nasa,0.65
1993-12-15,13.45,24.55,20.02,29.37,nasa,0.66
1993-12-16,6.21,24.63,20.38,30.09,nasa,0.66
1993-12-17,8.88,23.34,18.49,29.72,nasa,0.66
1993-12-18,10.86,20.85,17.5,24.97,nasa,0.68
1993-12-19,8.51,21.71,17.65,26.07,nasa,0.68
1993-12-20,13.82,23.91,20.01,28.95,nasa,0.69
1993-12-21,5.36,21.14,15.79,27.39,nasa,0.7
1993-12-22,1.42,19.75,14.0,26.35,nasa,0.68
1993-12-23,1.29,18.71,14.53,23.31,nasa,0.67
1993-12-24,12.61,17.58,15.47,20.0,nasa,0.68
1993-12-25,9.08,19.07,15.33,23.14,nasa,0.7
1993-12-26,0.59,19.46,16.51,23.14,nasa,0.69
1993-12-27,6.16,21.01,15.23,26.5,nasa,0.69
1993-12-28,25.04,21.9,18.11,26.22,nasa,0.7
1993-12-29,14.35,21.4,18.59,25.32,nasa,0.73
1993-12-30,6.74,21.51,17.78,25.25,nasa,0.73
1993-12-31,13.13,21.19,15.8,27.33,nasa,0.73
1994-01-01,25.54,21.99,19.11,26.8,nasa,0.74
1994-01-02,3.47,21.58,16.95,28.1,nasa,0.75
1994-01-03,25.36,20.03,15.38,24.56,nasa,0.75
1994-01-04,10.04,19.39,16.26,22.75,nasa,0.77
1994-01-05,3.32,19.7,15.73,24.1,nasa,0.76
1994-01-06,4.43,20.32,15.33,24.98,nasa,0.75
1994-01-07,3.08,21.54,16.92,26.36,nasa,0.74
1994-01-08,10.93,21.8,18.79,25.32,nasa,0.74
1994-01-09,21.06,21.95,19.28,25.24,nasa,0.76
1994-01-10,10.39,21.7,16.42,27.26,nasa,0.77
1994-01-11,1.36,20.69,13.81,26.66,nasa,0.76
1994-01-12,8.52,18.67,15.84,21.95,nasa,0.76
1994-01-13,10.22,20.46,17.06,24.86,nasa,0.76
1994-01-14,17.32,19.57,18.06,21.58,nasa,0.78
1994-01-15,5.74,20.62,17.41,24.68,nasa,0.79
1994-01-16,3.21,22.12,17.29,26.43,nasa,0.78
1994-01-17,1.65,22.01,17.41,26.26,nasa,0.77
1994-01-18,12.82,23.31,19.33,28.26,nasa,0.76
1994-01-19,15.6,22.15,19.83,24.69,nasa,0.78
1994-01-20,14.76,22.95,18.72,27.79,nasa,0.79
1994-01-21,20.65,21.53,18.73,25.36,nasa,0.81
1994-01-22,10.93,22.09,18.44,26.59,nasa,0.82
1994-01-23,11.98,20.95,18.62,23.7,nasa,0.82
1994-01-24,3.14,21.96,17.74,27.11,nasa,0.81
1994-01-25,6.12,23.11,18.9,28.13,nasa,0.81
1994-01-26,10.29,23.65,20.22,27.84,nasa,0.8
1994-01-27,4.83,23.44,19.68,27.64,nasa,0.8
1994-01-28,2.11,23.45,19.05,27.71,nasa,0.8
1994-01-29,6.41,22.8,19.76,25.32,nasa,0.8
1994-01-30,2.36,23.01,19.01,27.72,nasa,0.8
1994-01-31,0.86,23.15,18.18,27.96,nasa,0.79
1994-02-01,0.07,23.88,18.68,29.2,nasa,0.78
1994-02-02,0.26,24.05,18.38,29.43,nasa,0.77
1994-02-03,0.1,23.32,17.89,29.0,nasa,0.76
1994-02-04,10.18,23.82,18.65,28.5,nasa,0.77
1994-02-05,10.3,24.16,20.83,28.18,nasa,0.77
1994-02-06,5.87,23.79,20.01,28.4,nasa,0.78
1994-02-07,9.49,22.45,18.29,27.76,nasa,0.78
1994-02-08,1.81,22.45,16.66,27.97,nasa,0.78
1994-02-09,1.89,23.7,19.36,27.93,nasa,0.77
1994-02-10,7.37,23.7,18.78,27.58,nasa,0.77
1994-02-11,9.85,23.91,19.27,28.87,nasa,0.78
1994-02-12,5.65,23.33,19.4,27.57,nasa,0.78
1994-02-13,3.17,22.76,18.97,27.55,nasa,0.78
1994-02-14,4.01,23.36,19.11,27.96,nasa,0.78
1994-02-15,6.72,24.05,20.22,27.85,nasa,0.77
1994-02-16,4.05,23.72,19.79,27.76,nasa,0.78
1994-02-17,10.03,24.35,18.93,29.66,nasa,0.78
1994-02-18,5.48,24.1,17.14,29.3,nasa,0.78
1994-02-19,1.73,23.92,18.68,29.15,nasa,0.77
1994-02-20,0.13,23.3,18.7,28.63,nasa,0.76
1994-02-21,0.16,22.43,17.59,27.99,nasa,0.75
1994-02-22,0.15,22.58,18.14,27.38,nasa,0.74
1994-02-23,0.08,22.1,16.95,27.7,nasa,0.74
1994-02-24,0.68,22.36,17.82,27.34,nasa,0.73
1994-02-25,3.91,22.67,18.47,27.14,nasa,0.73
1994-02-26,6.17,22.09,19.24,25.15,nasa,0.74
1994-02-27,9.87,22.92,18.8,26.83,nasa,0.75
1994-02-28,9.28,22.83,18.68,26.96,nasa,0.76
1994-03-01,13.36,22.29,20.03,25.06,nasa,0.76
1994-03-02,18.81,20.9,18.49,23.74,nasa,0.79
1994-03-03,3.51,19.52,16.84,23.39,nasa,0.8
1994-03-04,0.58,19.1,15.04,24.07,nasa,0.78
1994-03-05,1.01,17.3,14.8,20.77,nasa,0.78
1994-03-06,15.11,17.4,15.14,20.78,nasa,0.79
1994-03-07,3.37,19.02,15.02,23.86,nasa,0.79
1994-03-08,1.1,20.95,16.38,26.15,nasa,0.78
1994-03-09,2.82,20.59,17.85,24.73,nasa,0.78
1994-03-10,10.56,21.12,17.48,25.61,nasa,0.78
1994-03-11,28.77,21.71,18.12,25.96,nasa,0.8
1994-03-12,11.39,21.19,17.39,25.48,nasa,0.82
1994-03-13,3.84,20.75,17.95,25.27,nasa,0.82
1994-03-14,2.7,21.1,16.63,26.44,nasa,0.8
1994-03-15,2.0,21.81,17.46,26.68,nasa,0.79
1994-03-16,0.54,21.57,16.26,27.18,nasa,0.79
1994-03-17,3.41,23.07,17.81,28.17,nasa,0.78
1994-03-18,8.79,23.42,20.02,27.9,nasa,0.79
1994-03-19,11.26,21.79,20.16,23.75,nasa,0.8
1994-03-20,18.31,22.05,18.98,26.1,nasa,0.82
1994-03-21,2.53,22.8,19.09,27.17,nasa,0.82
1994-03-22,2.82,22.55,18.76,26.65,nasa,0.81
1994-03-23,0.54,21.59,17.84,26.69,nasa,0.8
1994-03-24,13.44,21.16,16.36,26.49,nasa,0.8
1994-03-25,21.22,21.18,17.21,25.07,nasa,0.82
1994-03-26,12.76,21.0,18.33,24.92,nasa,0.84
1994-03-27,9.34,20.27,16.58,24.8,nasa,0.84
1994-03-28,0.88,20.2,15.33,25.5,nasa,0.83
1994-03-29,0.47,21.12,15.95,26.07,nasa,0.82
1994-03-30,2.04,21.8,17.85,26.44,nasa,0.81
1994-03-31,5.88,21.24,17.27,25.15,nasa,0.81
1994-04-01,3.59,21.25,18.47,24.96,nasa,0.82
1994-04-02,1.44,20.58,16.71,25.81,nasa,0.81
1994-04-03,0.16,18.56,14.23,24.77,nasa,0.8
1994-04-04,0.04,17.93,12.58,24.62,nasa,0.8
1994-04-05,0.14,18.28,11.98,25.08,nasa,0.79
1994-04-06,0.9,19.07,12.66,25.46,nasa,0.79
1994-04-07,2.1,20.8,15.01,26.56,nasa,0.79
1994-04-08,0.13,17.26,11.97,23.84,nasa,0.78
1994-04-09,0.14,17.03,11.94,22.37,nasa,0.78
1994-04-10,0.05,18.75,13.77,24.72,nasa,0.78
1994-04-11,0.07,20.17,14.14,26.37,nasa,0.77
1994-04-12,1.3,20.8,15.56,26.39,nasa,0.77
1994-04-13,1.9,20.7,16.87,25.33,nasa,0.77
1994-04-14,8.13,20.67,16.67,25.24,nasa,0.77
1994-04-15,5.99,20.37,17.5,25.08,nasa,0.78
1994-04-16,0.43,20.34,16.97,24.97,nasa,0.78
1994-04-17,1.48,20.49,16.33,25.07,nasa,0.77
1994-04-18,6.8,21.7,18.26,26.84,nasa,0.78
1994-04-19,4.0,20.78,17.64,24.97,nasa,0.78
1994-04-20,0.78,20.64,16.71,25.86,nasa,0.78
1994-04-21,0.34,21.31,17.25,26.01,nasa,0.77
1994-04-22,1.3,21.41,16.45,25.61,nasa,0.77
1994-04-23,1.42,20.21,17.12,24.89,nasa,0.77
1994-04-24,0.46,20.77,17.31,25.42,nasa,0.76
1994-04-25,0.33,20.52,16.69,25.21,nasa,0.76
1994-04-26,0.19,20.73,17.33,24.86,nasa,0.76
1994-04-27,0.05,21.21,16.47,25.87,nasa,0.75
1994-04-28,0.0,21.24,16.3,26.4,nasa,0.75
1994-04-29,0.0,20.25,16.31,25.42,nasa,0.74
1994-04-30,0.01,19.16,15.4,24.53,nasa,0.74
1994-05-01,0.03,18.73,14.34,24.59,nasa,0.73
1994-05-02,0.13,18.86,14.98,24.01,nasa,0.73
1994-05-03,0.03,18.52,13.82,24.13,nasa,0.73
1994-05-04,0.03,19.75,15.04,25.12,nasa,0.73
1994-05-05,0.06,19.67,13.82,25.51,nasa,0.72
1994-05-06,0.07,19.04,12.4,25.44,nasa,0.72
1994-05-07,0.03,20.02,15.76,25.01,nasa,0.72
1994-05-08,0.05,19.8,15.3,25.29,nasa,0.71
1994-05-09,0.03,19.72,15.53,23.72,nasa,0.71
1994-05-10,0.02,20.51,16.79,24.42,nasa,0.71
1994-05-11,0.33,20.2,15.82,25.6,nasa,0.71
1994-05-12,4.4,19.15,14.54,24.93,nasa,0.71
1994-05-13,11.85,19.13,15.52,24.24,nasa,0.72
1994-05-14,37.82,18.52,15.5,22.23,nasa,0.76
1994-05-15,30.29,17.02,14.96,20.32,nasa,0.81
1994-05-16,11.76,16.9,14.05,20.25,nasa,0.82
1994-05-17,0.2,17.53,13.46,23.23,nasa,0.81
1994-05-18,0.01,17.46,11.48,23.68,nasa,0.79
1994-05-19,0.0,18.21,13.25,23.83,nasa,0.78
1994-05-20,0.0,18.53,13.9,24.4,nasa,0.77
1994-05-21,1.66,18.24,12.19,24.27,nasa,0.77
1994-05-22,0.54,18.57,14.08,23.78,nasa,0.76
1994-05-23,0.6,18.16,15.14,21.9,nasa,0.76
1994-05-24,0.65,20.01,15.15,24.95,nasa,0.76
1994-05-25,0.01,20.61,16.06,25.84,nasa,0.76
1994-05-26,1.36,20.36,14.16,25.86,nasa,0.75
1994-05-27,9.24,19.83,14.95,24.29,nasa,0.76
1994-05-28,1.86,19.45,15.71,23.56,nasa,0.76
1994-05-29,0.03,18.56,14.48,23.41,nasa,0.76
1994-05-30,0.03,17.81,13.41,23.28,nasa,0.76
1994-05-31,0.03,17.43,13.29,22.73,nasa,0.75
1994-06-01,0.01,17.72,12.83,22.94,nasa,0.75
1994-06-02,0.0,19.15,13.9,24.22,nasa,0.74
1994-06-03,0.07,18.28,12.6,23.79,nasa,0.74
1994-06-04,0.04,18.56,14.11,23.63,nasa,0.74
1994-06-05,0.25,17.73,13.25,22.78,nasa,0.74
1994-06-06,0.01,17.03,12.48,23.13,nasa,0.73
1994-06-07,0.0,17.51,10.9,23.86,nasa,0.73
1994-06-08,0.04,17.17,12.05,23.56,nasa,0.73
1994-06-09,0.08,15.98,12.14,20.38,nasa,0.73
1994-06-10,0.01,14.8,10.52,20.75,nasa,0.72
1994-06-11,0.0,14.32,10.32,20.16,nasa,0.72
1994-06-12,0.0,13.84,7.69,19.9,nasa,0.72
1994-06-13,0.21,14.34,7.19,21.27,nasa,0.72
1994-06-14,0.0,15.4,9.56,21.41,nasa,0.72
1994-06-15,0.0,17.06,11.42,22.88,nasa,0.72
1994-06-16,0.0,17.04,11.32,23.12,nasa,0.71
1994-06-17,0.0,17.47,10.72,23.51,nasa,0.71
1994-06-18,0.0,17.22,11.3,23.52,nasa,0.71
1994-06-19,0.0,17.25,10.88,23.38,nasa,0.71
1994-06-20,0.01,16.34,9.72,23.28,nasa,0.71
1994-06-21,0.01,17.49,11.61,24.34,nasa,0.7
1994-06-22,10.79,17.08,14.53,21.51,nasa,0.71
1994-06-23,0.01,17.45,13.1,22.79,nasa,0.72
1994-06-24,1.65,17.52,12.69,23.59,nasa,0.72
1994-06-25,4.38,15.44,6.99,22.64,nasa,0.72
1994-06-26,0.0,8.24,0.48,16.14,nasa,0.72
1994-06-27,0.02,10.37,2.23,18.82,nasa,0.72
1994-06-28,0.0,11.56,3.02,20.76,nasa,0.71
1994-06-29,0.0,11.41,5.97,19.93,nasa,0.71
1994-06-30,0.0,14.01,7.35,21.55,nasa,0.71
1994-07-01,0.02,15.69,9.55,22.44,nasa,0.71
1994-07-02,0.0,16.09,8.59,23.31,nasa,0.7
1994-07-03,0.01,14.79,10.53,21.05,nasa,0.7
1994-07-04,0.02,14.83,9.97,21.14,nasa,0.7
1994-07-05,0.03,15.75,11.31,21.94,nasa,0.7
1994-07-06,0.01,16.07,11.26,22.28,nasa,0.7
1994-07-07,0.14,17.14,12.27,23.31,nasa,0.69
1994-07-08,1.38,17.7,13.33,24.07,nasa,0.69
1994-07-09,0.01,12.61,5.32,18.04,nasa,0.69
1994-07-10,0.09,8.44,1.57,16.86,nasa,0.69
1994-07-11,0.05,11.27,5.08,18.38,nasa,0.69
1994-07-12,0.03,12.85,8.01,18.94,nasa,0.69
1994-07-13,0.02,14.54,9.73,20.3,nasa,0.69
1994-07-14,0.03,15.9,10.66,21.11,nasa,0.68
1994-07-15,0.0,15.77,8.56,23.07,nasa,0.68
1994-07-16,0.0,15.48,8.21,23.64,nasa,0.68
1994-07-17,0.14,16.35,8.41,23.67,nasa,0.68
1994-07-18,0.0,17.18,9.45,24.1,nasa,0.68
1994-07-19,0.0,16.76,9.58,24.38,nasa,0.67
1994-07-20,0.0,16.9,11.14,25.02,nasa,0.67
1994-07-21,0.03,17.26,10.14,25.36,nasa,0.67
1994-07-22,1.43,18.31,12.64,24.73,nasa,0.67
1994-07-23,7.57,16.17,11.46,21.71,nasa,0.67
1994-07-24,0.46,13.94,8.64,21.58,nasa,0.68
1994-07-25,0.0,17.42,10.65,24.44,nasa,0.68
1994-07-26,0.0,17.98,10.23,25.7,nasa,0.68
1994-07-27,0.0,17.04,8.81,24.93,nasa,0.67
1994-07-28,0.0,17.9,10.43,25.45,nasa,0.67
1994-07-29,0.0,18.58,10.68,26.28,nasa,0.67
1994-07-30,0.0,18.45,10.96,26.47,nasa,0.66
1994-07-31,0.07,17.89,10.99,25.73,nasa,0.66
1994-08-01,0.0,17.42,10.53,25.26,nasa,0.66
1994-08-02,0.0,17.5,10.63,25.06,nasa,0.66
1994-08-03,0.0,19.6,13.76,26.73,nasa,0.65
1994-08-04,0.0,14.02,8.11,21.21,nasa,0.65
1994-08-05,0.0,12.69,6.64,21.98,nasa,0.65
1994-08-06,0.0,13.18,6.28,22.55,nasa,0.65
1994-08-07,0.0,13.7,7.74,22.47,nasa,0.65
1994-08-08,0.0,14.75,8.43,22.91,nasa,0.65
1994-08-09,0.0,16.65,7.12,25.78,nasa,0.65
1994-08-10,0.0,18.92,10.18,27.6,nasa,0.64
1994-08-11,0.0,17.92,12.24,25.59,nasa,0.64
1994-08-12,0.0,16.3,11.47,22.15,nasa,0.64
1994-08-13,0.0,17.97,12.1,25.34,nasa,0.64
1994-08-14,0.0,16.41,10.91,23.14,nasa,0.64
1994-08-15,0.0,17.21,8.42,25.44,nasa,0.64
1994-08-16,0.0,18.84,10.67,26.53,nasa,0.64
1994-08-17,0.04,17.96,10.72,26.75,nasa,0.63
1994-08-18,0.0,17.78,11.22,26.31,nasa,0.63
1994-08-19,0.0,18.58,12.03,26.17,nasa,0.63
1994-08-20,0.0,18.14,10.23,26.55,nasa,0.63
1994-08-21,0.0,18.96,10.22,28.23,nasa,0.63
1994-08-22,0.0,18.25,9.31,28.15,nasa,0.63
1994-08-23,0.0,20.05,13.09,29.59,nasa,0.62
1994-08-24,0.0,20.15,12.63,28.96,nasa,0.62
1994-08-25,0.0,20.15,12.8,27.83,nasa,0.62
1994-08-26,0.0,20.91,13.49,30.21,nasa,0.62
1994-08-27,0.0,20.7,12.68,29.84,nasa,0.62
1994-08-28,0.0,20.83,14.08,29.1,nasa,0.62
1994-08-29,0.1,21.39,12.92,30.33,nasa,0.62
1994-08-30,0.01,21.7,13.74,31.07,nasa,0.61
1994-08-31,0.0,21.62,13.49,30.85,nasa,0.61
1994-09-01,0.0,21.87,13.36,30.21,nasa,0.61
1994-09-02,0.0,22.27,12.61,30.71,nasa,0.61
1994-09-03,0.01,21.86,14.23,30.64,nasa,0.61
1994-09-04,0.79,21.03,14.72,29.28,nasa,0.61
1994-09-05,0.29,20.61,13.95,28.73,nasa,0.61
1994-09-06,0.05,21.44,13.82,28.83,nasa,0.6
1994-09-07,0.0,21.09,12.32,29.73,nasa,0.6
1994-09-08,0.0,20.67,12.31,30.72,nasa,0.6
1994-09-09,0.0,18.57,12.39,27.68,nasa,0.6
1994-09-10,0.0,18.04,11.48,26.92,nasa,0.6
1994-09-11,0.0,19.54,12.26,28.58,nasa,0.6
1994-09-12,0.0,20.16,10.73,30.58,nasa,0.6
1994-09-13,0.0,22.08,12.67,31.74,nasa,0.6
1994-09-14,0.0,23.2,13.46,32.35,nasa,0.6
1994-09-15,0.0,23.55,15.15,32.4,nasa,0.59
1994-09-16,0.01,22.59,17.39,29.38,nasa,0.59
1994-09-17,1.36,21.9,14.29,29.93,nasa,0.59
1994-09-18,0.03,21.67,14.4,29.97,nasa,0.59
1994-09-19,0.0,21.27,13.77,30.2,nasa,0.59
1994-09-20,0.01,21.46,12.83,31.08,nasa,0.59
1994-09-21,0.03,22.6,13.16,32.42,nasa,0.59
1994-09-22,0.0,23.64,13.93,33.64,nasa,0.59
1994-09-23,0.0,23.48,13.83,34.31,nasa,0.59
1994-09-24,0.0,23.77,14.04,33.04,nasa,0.59
1994-09-25,0.0,24.26,15.2,32.63,nasa,0.59
1994-09-26,0.01,24.72,15.05,35.1,nasa,0.59
1994-09-27,0.39,22.18,15.23,30.51,nasa,0.59
1994-09-28,0.02,20.26,14.76,27.83,nasa,0.59
1994-09-29,0.07,21.11,12.71,30.59,nasa,0.59
1994-09-30,0.35,22.13,12.19,32.03,nasa,0.59
1994-10-01,0.09,25.06,15.56,34.35,nasa,0.59
1994-10-02,0.0,25.44,16.05,34.86,nasa,0.59
1994-10-03,0.01,26.31,16.52,35.77,nasa,0.59
1994-10-04,0.13,23.37,17.06,30.41,nasa,0.59
1994-10-05,1.63,22.86,15.89,30.48,nasa,0.59
1994-10-06,12.01,22.43,17.2,28.4,nasa,0.6
1994-10-07,2.98,18.16,14.51,20.76,nasa,0.61
1994-10-08,0.13,20.54,13.28,28.63,nasa,0.62
1994-10-09,0.0,22.43,14.14,30.76,nasa,0.61
1994-10-10,0.02,24.15,15.85,31.81,nasa,0.61
1994-10-11,0.22,24.48,18.14,32.53,nasa,0.6
1994-10-12,0.06,22.16,15.35,30.48,nasa,0.6
1994-10-13,0.49,24.21,13.9,33.7,nasa,0.6
1994-10-14,5.08,25.67,18.96,33.34,nasa,0.59
1994-10-15,9.12,22.46,17.13,28.61,nasa,0.61
1994-10-16,3.43,23.07,17.57,29.91,nasa,0.62
1994-10-17,1.73,24.69,17.69,32.06,nasa,0.62
1994-10-18,1.24,25.55,18.92,32.25,nasa,0.61
1994-10-19,1.77,26.21,20.41,32.48,nasa,0.61
1994-10-20,6.61,26.38,20.63,33.04,nasa,0.61
1994-10-21,5.16,25.02,20.03,30.84,nasa,0.62
1994-10-22,6.25,25.09,18.58,32.56,nasa,0.62
1994-10-23,2.44,24.23,16.83,31.56,nasa,0.62
1994-10-24,2.92,24.16,15.84,32.49,nasa,0.62
1994-10-25,1.69,23.9,19.51,28.3,nasa,0.62
1994-10-26,7.03,23.65,19.68,28.55,nasa,0.62
1994-10-27,12.83,23.41,20.34,28.74,nasa,0.64
1994-10-28,6.84,22.92,18.75,27.97,nasa,0.65
1994-10-29,4.89,20.39,15.01,24.85,nasa,0.65
1994-10-30,0.84,17.21,13.71,21.68,nasa,0.65
1994-10-31,0.09,21.97,14.24,30.32,nasa,0.64
1994-11-01,0.52,24.28,16.35,31.77,nasa,0.63
1994-11-02,4.61,25.94,20.11,33.29,nasa,0.63
1994-11-03,0.79,23.49,17.29,30.6,nasa,0.63
1994-11-04,0.83,25.28,17.74,32.79,nasa,0.62
1994-11-05,2.4,25.13,19.32,32.06,nasa,0.62
1994-11-06,3.65,26.13,18.55,33.93,nasa,0.62
1994-11-07,3.4,25.73,18.9,32.21,nasa,0.62
1994-11-08,1.22,25.83,19.78,32.9,nasa,0.62
1994-11-09,4.28,26.09,20.07,34.14,nasa,0.62
1994-11-10,0.17,25.93,20.47,32.21,nasa,0.62
1994-11-11,0.2,26.85,18.46,35.68,nasa,0.61
1994-11-12,4.76,27.56,19.52,35.66,nasa,0.61
1994-11-13,6.96,24.39,21.58,28.3,nasa,0.62
1994-11-14,7.82,22.38,19.47,26.79,nasa,0.64
1994-11-15,5.3,23.06,19.06,27.5,nasa,0.64
1994-11-16,1.79,24.21,18.54,30.49,nasa,0.64
1994-11-17,2.09,24.55,19.43,31.31,nasa,0.63
1994-11-18,31.43,22.71,20.02,26.48,nasa,0.65
1994-11-19,26.7,21.68,16.62,26.45,nasa,0.71
1994-11-20,1.06,20.04,15.02,27.02,nasa,0.7
1994-11-21,0.52,19.0,12.76,25.48,nasa,0.68
1994-11-22,0.38,18.42,13.42,23.62,nasa,0.67
1994-11-23,0.39,16.59,13.84,19.96,nasa,0.66
1994-11-24,0.3,17.46,11.88,23.28,nasa,0.66
1994-11-25,0.25,19.38,13.19,25.34,nasa,0.65
1994-11-26,0.31,20.04,15.98,25.13,nasa,0.65
1994-11-27,1.97,21.94,14.69,29.47,nasa,0.64
1994-11-28,8.79,22.29,16.72,27.18,nasa,0.65
1994-11-29,4.97,22.67,17.05,28.38,nasa,0.65
1994-11-30,0.6,22.84,17.92,28.23,nasa,0.65
1994-12-01,0.24,23.24,14.89,31.55,nasa,0.65
1994-12-02,4.46,23.31,17.6,29.99,nasa,0.64
1994-12-03,0.33,22.93,15.5,30.25,nasa,0.64
1994-12-04,0.65,24.7,16.35,32.18,nasa,0.63
1994-12-05,2.52,23.83,19.17,28.67,nasa,0.63
1994-12-06,8.5,24.29,19.73,29.56,nasa,0.64
1994-12-07,7.39,23.86,20.16,29.1,nasa,0.64
1994-12-08,3.05,22.95,18.58,28.96,nasa,0.65
1994-12-09,1.93,23.24,16.38,30.12,nasa,0.65
1994-12-10,5.43,23.73,18.5,29.49,nasa,0.65
1994-12-11,11.52,22.95,19.43,26.17,nasa,0.66
1994-12-12,1.79,23.3,19.27,28.51,nasa,0.66
1994-12-13,5.4,24.11,19.16,29.77,nasa,0.66
1994-12-14,4.4,25.54,20.17,30.59,nasa,0.66
1994-12-15,10.58,24.11,20.51,27.71,nasa,0.66
1994-12-16,14.65,23.41,20.12,27.85,nasa,0.68
1994-12-17,21.88,22.53,20.35,25.54,nasa,0.69
1994-12-18,14.69,22.9,20.23,27.25,nasa,0.71
1994-12-19,6.98,22.12,16.82,28.61,nasa,0.72
1994-12-20,0.87,21.74,15.42,28.68,nasa,0.7
1994-12-21,8.61,21.14,16.64,25.63,nasa,0.69
1994-12-22,55.23,21.93,20.12,24.12,nasa,0.72
1994-12-23,32.04,22.25,19.27,26.85,nasa,0.79
1994-12-24,2.78,22.42,16.99,28.39,nasa,0.78
1994-12-25,5.58,22.13,16.19,27.48,nasa,0.76
1994-12-26,15.81,22.75,20.27,26.13,nasa,0.75
1994-12-27,7.09,22.27,19.01,25.36,nasa,0.76
1994-12-28,2.04,22.56,18.35,26.74,nasa,0.75
1994-12-29,0.47,23.07,18.06,28.29,nasa,0.74
1994-12-30,0.7,22.98,18.24,27.62,nasa,0.72
1994-12-31,11.97,23.03,19.22,26.36,nasa,0.73
1995-01-01,9.12,22.64,18.88,26.66,nasa,0.74
1995-01-02,15.76,21.41,18.54,24.45,nasa,0.75
1995-01-03,23.41,21.58,18.97,24.73,nasa,0.77
1995-01-04,10.78,21.83,19.2,25.09,nasa,0.79
1995-01-05,2.59,22.48,19.21,26.64,nasa,0.78
1995-01-06,0.51,23.41,19.32,28.02,nasa,0.76
1995-01-07,1.38,23.84,19.49,27.96,nasa,0.75
1995-01-08,1.19,24.34,19.56,29.17,nasa,0.74
1995-01-09,1.22,24.27,20.05,28.43,nasa,0.73
1995-01-10,3.41,24.87,19.91,29.41,nasa,0.72
1995-01-11,4.79,24.77,20.97,28.28,nasa,0.72
1995-01-12,1.83,23.03,19.93,26.43,nasa,0.72
1995-01-13,2.58,23.66,19.49,28.25,nasa,0.72
1995-01-14,0.14,23.97,17.41,29.54,nasa,0.72
1995-01-15,0.29,24.61,18.93,29.94,nasa,0.71
1995-01-16,0.53,25.13,18.85,30.99,nasa,0.7
1995-01-17,1.56,25.94,20.55,31.61,nasa,0.69
1995-01-18,10.76,24.29,20.45,28.79,nasa,0.69
1995-01-19,4.01,24.68,19.81,28.87,nasa,0.7
1995-01-20,7.59,23.69,21.06,26.77,nasa,0.71
1995-01-21,4.71,23.88,20.31,28.27,nasa,0.71
1995-01-22,8.14,22.21,19.62,26.24,nasa,0.72
1995-01-23,0.68,22.88,18.62,28.4,nasa,0.72
1995-01-24,0.53,23.88,18.0,29.38,nasa,0.71
1995-01-25,7.75,24.33,18.75,29.42,nasa,0.71
1995-01-26,16.12,23.8,20.0,27.8,nasa,0.72
1995-01-27,4.55,23.02,20.86,26.2,nasa,0.73
1995-01-28,8.78,23.35,20.66,27.57,nasa,0.73
1995-01-29,14.31,22.43,19.56,25.59,nasa,0.74
1995-01-30,17.41,23.14,20.12,27.47,nasa,0.75
1995-01-31,19.73,21.48,19.59,24.27,nasa,0.78
1995-02-01,10.37,21.82,19.23,25.03,nasa,0.78
1995-02-02,24.14,22.38,19.66,26.13,nasa,0.79
1995-02-03,51.02,22.11,19.63,25.33,nasa,0.83
1995-02-04,23.04,22.72,19.78,26.53,nasa,0.86
1995-02-05,3.92,22.35,18.45,27.31,nasa,0.84
1995-02-06,13.12,20.69,17.43,24.38,nasa,0.83
1995-02-07,46.39,20.1,18.24,22.52,nasa,0.86
1995-02-08,30.61,19.97,18.35,21.79,nasa,0.89
1995-02-09,12.12,21.37,18.52,25.45,nasa,0.89
1995-02-10,12.6,22.51,19.82,26.06,nasa,0.88
1995-02-11,13.64,21.98,18.56,25.03,nasa,0.88
1995-02-12,12.47,22.66,19.1,27.1,nasa,0.88
1995-02-13,11.03,22.29,19.94,25.51,nasa,0.88
1995-02-14,18.94,22.4,20.53,25.04,nasa,0.89
1995-02-15,23.98,23.16,18.89,27.27,nasa,0.91
1995-02-16,13.53,21.68,19.22,24.73,nasa,0.91
1995-02-17,9.9,22.63,18.61,27.19,nasa,0.91
1995-02-18,6.56,22.62,19.89,25.68,nasa,0.91
1995-02-19,21.21,21.9,19.21,24.77,nasa,0.91
1995-02-20,8.43,20.22,17.22,23.85,nasa,0.93
1995-02-21,2.47,21.97,18.67,25.86,nasa,0.93
1995-02-22,0.04,22.08,15.51,27.75,nasa,0.92
1995-02-23,0.03,23.29,16.78,28.6,nasa,0.91
1995-02-24,0.01,23.77,16.63,29.12,nasa,0.9
1995-02-25,0.14,24.33,18.01,29.57,nasa,0.89
1995-02-26,0.0,23.3,17.46,29.12,nasa,0.88
1995-02-27,0.16,22.71,17.54,28.04,nasa,0.88
1995-02-28,0.36,23.31,17.34,28.53,nasa,0.87
1995-03-01,0.98,24.02,18.57,28.69,nasa,0.86
1995-03-02,0.6,23.07,16.98,28.34,nasa,0.86
1995-03-03,7.95,23.0,17.35,27.45,nasa,0.86
1995-03-04,4.87,22.16,19.8,24.69,nasa,0.87
1995-03-05,2.53,23.76,19.9,27.44,nasa,0.87
1995-03-06,8.26,21.68,19.43,24.46,nasa,0.87
1995-03-07,10.62,21.38,17.99,25.42,nasa,0.88
1995-03-08,7.67,22.04,18.39,26.49,nasa,0.88
1995-03-09,1.36,22.23,17.46,27.38,nasa,0.87
1995-03-10,0.91,21.83,16.14,27.11,nasa,0.87
1995-03-11,0.31,22.07,16.59,27.74,nasa,0.86
1995-03-12,2.58,21.99,16.42,27.17,nasa,0.85
1995-03-13,10.79,20.71,17.89,23.63,nasa,0.86
1995-03-14,3.43,19.73,16.43,23.16,nasa,0.87
1995-03-15,4.51,20.84,15.94,25.89,nasa,0.87
1995-03-16,0.02,19.64,13.48,25.65,nasa,0.86
1995-03-17,0.18,20.18,13.5,26.29,nasa,0.85
1995-03-18,0.33,20.84,15.38,26.82,nasa,0.85
1995-03-19,2.3,21.3,16.82,26.3,nasa,0.84
1995-03-20,3.78,21.09,17.23,25.6,nasa,0.84
1995-03-21,6.54,20.35,18.3,23.21,nasa,0.84
1995-03-22,1.53,20.74,17.26,25.83,nasa,0.85
1995-03-23,5.22,21.47,17.58,26.15,nasa,0.85
1995-03-24,3.45,21.72,19.3,24.65,nasa,0.85
1995-03-25,17.99,22.28,18.76,26.78,nasa,0.86
1995-03-26,0.2,20.82,15.78,26.51,nasa,0.85
1995-03-27,0.83,18.43,13.4,25.18,nasa,0.84
1995-03-28,0.88,20.18,14.28,26.41,nasa,0.84
1995-03-29,4.02,22.29,16.61,27.25,nasa,0.83
1995-03-30,30.58,22.74,19.06,26.98,nasa,0.85
1995-03-31,41.14,22.48,20.48,24.69,nasa,0.89
1995-04-01,8.66,22.86,19.72,27.28,nasa,0.91
1995-04-02,0.38,22.76,20.15,26.1,nasa,0.89
1995-04-03,0.44,21.12,16.34,26.81,nasa,0.88
1995-04-04,0.29,19.66,14.58,25.62,nasa,0.87
1995-04-05,0.12,20.15,15.51,25.38,nasa,0.86
1995-04-06,0.09,19.96,15.72,25.22,nasa,0.86
1995-04-07,0.04,19.94,16.77,23.63,nasa,0.85
1995-04-08,0.13,20.16,17.45,24.51,nasa,0.85
1995-04-09,1.46,20.11,17.19,23.97,nasa,0.85
1995-04-10,0.62,20.44,16.2,25.67,nasa,0.85
1995-04-11,3.96,20.47,16.07,25.54,nasa,0.84
1995-04-12,9.23,20.68,15.38,26.18,nasa,0.85
1995-04-13,0.05,16.24,10.13,22.95,nasa,0.85
1995-04-14,0.08,17.34,11.71,23.53,nasa,0.85
1995-04-15,0.02,18.5,12.66,24.07,nasa,0.84
1995-04-16,0.0,19.31,14.38,24.85,nasa,0.84
1995-04-17,0.01,19.94,14.84,24.64,nasa,0.83
1995-04-18,0.29,20.52,15.36,25.39,nasa,0.83
1995-04-19,0.38,21.41,16.28,26.26,nasa,0.82
1995-04-20,2.88,21.3,17.29,25.77,nasa,0.82
1995-04-21,0.15,21.0,17.51,26.0,nasa,0.82
1995-04-22,0.29,20.6,15.78,25.4,nasa,0.82
1995-04-23,0.05,20.62,17.4,25.21,nasa,0.82
1995-04-24,0.06,21.33,16.47,26.67,nasa,0.81
1995-04-25,0.1,20.44,16.32,25.4,nasa,0.81
1995-04-26,0.09,20.08,15.84,24.79,nasa,0.8
1995-04-27,0.01,19.44,14.71,24.18,nasa,0.8
1995-04-28,0.42,18.08,13.27,24.18,nasa,0.8
1995-04-29,0.03,19.02,12.07,25.01,nasa,0.79
1995-04-30,0.0,20.87,14.66,26.31,nasa,0.79
1995-05-01,0.0,19.66,12.86,26.29,nasa,0.79
1995-05-02,0.0,19.3,12.67,25.71,nasa,0.78
1995-05-03,0.0,19.53,14.37,25.34,nasa,0.78
1995-05-04,1.4,19.66,15.26,24.61,nasa,0.78
1995-05-05,10.31,19.57,16.12,24.01,nasa,0.78
1995-05-06,28.46,18.66,16.3,19.92,nasa,0.82
1995-05-07,2.95,20.07,18.24,23.13,nasa,0.83
1995-05-08,1.12,20.3,16.93,24.88,nasa,0.83
1995-05-09,0.49,20.18,16.99,24.4,nasa,0.82
1995-05-10,11.45,18.15,16.16,20.68,nasa,0.82
1995-05-11,2.56,18.92,15.38,24.12,nasa,0.83
1995-05-12,0.45,18.96,15.31,23.96,nasa,0.82
1995-05-13,0.03,18.84,14.76,24.01,nasa,0.81
1995-05-14,0.08,19.5,15.03,24.35,nasa,0.81
1995-05-15,0.14,20.04,15.72,24.9,nasa,0.8
1995-05-16,0.85,20.13,15.81,25.1,nasa,0.8
1995-05-17,1.3,20.36,15.19,24.82,nasa,0.8
1995-05-18,3.23,18.98,13.72,24.76,nasa,0.8
1995-05-19,0.26,15.28,11.88,19.97,nasa,0.8
1995-05-20,0.35,15.05,10.42,20.58,nasa,0.8
1995-05-21,0.02,15.83,12.85,19.71,nasa,0.79
1995-05-22,0.02,16.92,12.75,22.03,nasa,0.79
1995-05-23,0.01,15.65,12.93,19.18,nasa,0.79
1995-05-24,0.04,17.6,12.95,23.13,nasa,0.79
1995-05-25,0.83,18.67,14.06,23.66,nasa,0.79
1995-05-26,0.45,16.0,12.81,19.85,nasa,0.79
1995-05-27,0.04,16.07,10.78,21.85,nasa,0.78
1995-05-28,0.0,17.43,12.14,22.66,nasa,0.78
1995-05-29,0.0,16.52,10.26,22.53,nasa,0.78
1995-05-30,0.0,17.03,13.06,22.17,nasa,0.78
1995-05-31,0.0,16.47,11.86,21.64,nasa,0.77
1995-06-01,0.0,16.78,11.97,22.86,nasa,0.77
1995-06-02,0.0,16.93,11.96,23.49,nasa,0.77
1995-06-03,0.0,15.81,10.84,21.96,nasa,0.77
1995-06-04,0.0,14.67,9.95,22.14,nasa,0.76
1995-06-05,0.0,14.3,8.93,21.25,nasa,0.76
1995-06-06,0.01,13.73,6.86,21.19,nasa,0.76
1995-06-07,0.0,14.68,8.94,21.22,nasa,0.76
1995-06-08,0.0,15.71,9.26,22.2,nasa,0.76
1995-06-09,0.3,15.17,8.14,22.04,nasa,0.75
1995-06-10,0.1,15.15,7.39,22.41,nasa,0.75
1995-06-11,0.05,16.83,9.76,24.02,nasa,0.75
1995-06-12,0.0,16.17,10.88,22.78,nasa,0.75
1995-06-13,0.03,16.8,11.11,22.71,nasa,0.74
1995-06-14,0.06,17.46,11.15,22.87,nasa,0.74
1995-06-15,0.0,16.68,9.51,23.15,nasa,0.74
1995-06-16,0.03,16.6,9.85,23.18,nasa,0.74
1995-06-17,0.0,17.22,12.22,23.53,nasa,0.73
1995-06-18,0.66,17.61,12.65,23.88,nasa,0.73
1995-06-19,0.2,16.46,12.29,21.83,nasa,0.73
1995-06-20,0.05,14.5,10.81,18.87,nasa,0.73
1995-06-21,0.59,14.54,11.65,18.29,nasa,0.73
1995-06-22,0.13,16.37,11.68,21.17,nasa,0.73
1995-06-23,0.02,17.18,10.94,22.31,nasa,0.73
1995-06-24,0.4,16.85,11.49,22.64,nasa,0.73
1995-06-25,4.07,17.03,12.84,20.78,nasa,0.73
1995-06-26,2.7,19.01,14.7,24.1,nasa,0.74
1995-06-27,0.07,18.93,14.32,24.74,nasa,0.73
1995-06-28,0.02,17.32,11.5,23.76,nasa,0.73
1995-06-29,0.0,16.43,10.95,23.15,nasa,0.73
1995-06-30,0.0,16.07,11.64,22.48,nasa,0.72
1995-07-01,0.0,16.38,10.6,22.47,nasa,0.72
1995-07-02,0.0,17.07,12.03,22.72,nasa,0.72
1995-07-03,0.09,16.7,9.83,23.15,nasa,0.71
1995-07-04,0.0,17.05,10.48,24.29,nasa,0.71
1995-07-05,0.01,17.0,12.9,23.38,nasa,0.71
1995-07-06,0.09,17.38,12.0,23.32,nasa,0.71
1995-07-07,0.38,19.24,13.15,24.75,nasa,0.71
1995-07-08,0.93,18.58,14.09,24.48,nasa,0.7
1995-07-09,3.23,16.85,12.49,22.41,nasa,0.71
1995-07-10,2.94,16.65,13.81,20.81,nasa,0.71
1995-07-11,0.27,16.52,11.23,23.6,nasa,0.71
1995-07-12,0.0,17.18,12.1,23.87,nasa,0.71
1995-07-13,0.0,17.72,12.81,23.89,nasa,0.7
1995-07-14,0.0,17.46,12.22,23.86,nasa,0.7
1995-07-15,0.0,17.24,10.43,23.44,nasa,0.7
1995-07-16,0.0,17.59,11.08,23.81,nasa,0.7
1995-07-17,0.0,16.82,9.88,23.62,nasa,0.69
1995-07-18,0.0,16.13,10.64,22.07,nasa,0.69
1995-07-19,0.16,15.7,10.0,21.83,nasa,0.69
1995-07-20,0.56,16.4,9.39,22.8,nasa,0.69
1995-07-21,3.42,16.72,11.67,22.8,nasa,0.69
1995-07-22,2.77,17.09,12.09,22.64,nasa,0.69
1995-07-23,0.0,18.01,13.22,23.68,nasa,0.69
1995-07-24,0.0,17.52,11.13,24.65,nasa,0.69
1995-07-25,0.15,18.15,12.31,24.67,nasa,0.69
1995-07-26,0.08,18.33,13.32,24.15,nasa,0.68
1995-07-27,0.0,17.62,11.54,24.71,nasa,0.68
1995-07-28,0.0,17.62,11.94,24.03,nasa,0.68
1995-07-29,0.0,18.51,11.39,24.95,nasa,0.67
1995-07-30,0.0,17.78,11.89,24.88,nasa,0.67
1995-07-31,0.0,17.15,10.48,24.99,nasa,0.67
1995-08-01,0.0,17.27,9.41,25.08,nasa,0.67
1995-08-02,0.0,18.94,10.53,26.12,nasa,0.66
1995-08-03,0.0,20.7,16.64,26.93,nasa,0.66
1995-08-04,0.0,20.65,15.49,28.06,nasa,0.66
1995-08-05,0.16,17.38,13.33,23.91,nasa,0.66
1995-08-06,0.05,17.68,13.04,23.74,nasa,0.66
1995-08-07,0.0,19.96,13.33,27.1,nasa,0.66
1995-08-08,0.0,20.72,14.0,27.31,nasa,0.65
1995-08-09,0.0,21.14,14.31,27.97,nasa,0.65
1995-08-10,0.0,21.8,14.9,28.33,nasa,0.65
1995-08-11,0.0,20.88,13.86,29.61,nasa,0.65
1995-08-12,0.0,20.18,12.75,28.13,nasa,0.65
1995-08-13,0.0,19.8,11.56,28.99,nasa,0.64
1995-08-14,0.0,20.67,11.79,29.3,nasa,0.64
1995-08-15,0.07,22.06,13.62,30.45,nasa,0.64
1995-08-16,0.0,21.18,13.34,30.8,nasa,0.64
1995-08-17,0.0,19.99,13.86,28.97,nasa,0.64
1995-08-18,0.0,19.69,12.88,27.2,nasa,0.63
1995-08-19,0.0,19.42,12.63,27.05,nasa,0.63
1995-08-20,0.05,18.53,12.6,25.71,nasa,0.63
1995-08-21,0.09,19.03,13.66,25.97,nasa,0.63
1995-08-22,0.01,19.21,13.08,26.48,nasa,0.63
1995-08-23,0.0,19.47,12.24,27.9,nasa,0.63
1995-08-24,0.0,19.18,11.5,28.0,nasa,0.63
1995-08-25,0.0,18.74,10.77,27.88,nasa,0.62
1995-08-26,0.0,19.38,10.25,28.66,nasa,0.62
1995-08-27,0.0,19.46,11.76,28.45,nasa,0.62
1995-08-28,0.0,20.77,11.56,29.39,nasa,0.62
1995-08-29,0.0,21.02,12.11,31.15,nasa,0.62
1995-08-30,0.0,20.92,11.75,30.97,nasa,0.62
1995-08-31,0.0,21.67,12.33,31.92,nasa,0.61
1995-09-01,0.0,20.95,12.0,30.79,nasa,0.61
1995-09-02,0.0,21.65,12.43,32.27,nasa,0.61
1995-09-03,0.01,20.83,14.0,29.94,nasa,0.61
1995-09-04,0.0,18.57,12.5,27.0,nasa,0.61
1995-09-05,0.0,16.6,9.17,26.06,nasa,0.61
1995-09-06,0.0,16.83,8.1,27.02,nasa,0.61
1995-09-07,0.0,18.1,9.12,27.69,nasa,0.6
1995-09-08,0.0,19.01,9.89,28.69,nasa,0.6
1995-09-09,0.0,20.5,10.72,29.44,nasa,0.6
1995-09-10,0.0,21.79,11.68,30.86,nasa,0.6
1995-09-11,0.0,23.44,15.11,31.61,nasa,0.6
1995-09-12,0.0,22.14,13.6,33.04,nasa,0.6
1995-09-13,0.0,20.52,13.79,29.45,nasa,0.6
1995-09-14,0.0,22.48,13.98,30.45,nasa,0.6
1995-09-15,0.04,23.9,17.18,32.56,nasa,0.6
1995-09-16,1.36,21.21,14.69,29.94,nasa,0.6
1995-09-17,3.03,21.2,14.79,29.13,nasa,0.6
1995-09-18,2.32,22.56,17.4,29.4,nasa,0.61
1995-09-19,1.76,23.5,17.2,30.45,nasa,0.61
1995-09-20,0.52,20.24,13.88,28.47,nasa,0.61
1995-09-21,0.12,16.94,13.18,22.36,nasa,0.6
1995-09-22,0.07,19.83,12.82,28.51,nasa,0.6
1995-09-23,1.5,19.96,14.12,26.04,nasa,0.6
1995-09-24,1.55,21.76,15.83,28.57,nasa,0.6
1995-09-25,1.79,22.99,17.26,29.68,nasa,0.6
1995-09-26,15.99,22.74,15.35,29.21,nasa,0.62
1995-09-27,0.74,23.15,17.16,29.86,nasa,0.63
1995-09-28,4.01,22.93,16.64,29.81,nasa,0.63
1995-09-29,1.08,22.09,17.33,28.45,nasa,0.63
1995-09-30,0.2,22.77,17.81,29.17,nasa,0.62
1995-10-01,1.71,23.13,16.67,29.91,nasa,0.62
1995-10-02,1.31,23.87,16.54,31.54,nasa,0.62
1995-10-03,0.26,23.6,16.78,31.84,nasa,0.62
1995-10-04,0.15,23.93,15.76,32.26,nasa,0.61
1995-10-05,0.32,24.57,16.06,33.74,nasa,0.61
1995-10-06,5.43,21.9,17.99,26.5,nasa,0.61
1995-10-07,0.36,23.84,16.64,31.64,nasa,0.61
1995-10-08,0.24,22.45,17.1,27.81,nasa,0.61
1995-10-09,6.01,22.49,18.6,27.98,nasa,0.61
1995-10-10,1.58,21.82,16.6,28.47,nasa,0.62
1995-10-11,0.27,22.97,15.1,31.06,nasa,0.62
1995-10-12,5.21,23.46,16.8,30.91,nasa,0.61
1995-10-13,19.42,23.47,18.57,29.37,nasa,0.64
1995-10-14,55.74,20.63,18.16,23.81,nasa,0.7
1995-10-15,7.01,20.19,16.72,23.73,nasa,0.72
1995-10-16,17.78,19.75,17.32,21.43,nasa,0.72
1995-10-17,6.63,20.3,17.11,25.8,nasa,0.72
1995-10-18,1.95,21.14,15.96,26.61,nasa,0.71
1995-10-19,10.85,21.28,17.79,26.19,nasa,0.7
1995-10-20,15.25,20.63,16.93,25.0,nasa,0.71
1995-10-21,1.19,20.78,16.58,25.81,nasa,0.71
1995-10-22,0.02,17.85,12.1,24.61,nasa,0.7
1995-10-23,0.0,18.41,11.45,26.3,nasa,0.68
1995-10-24,0.08,20.02,11.62,28.62,nasa,0.67
1995-10-25,0.1,21.87,13.96,29.77,nasa,0.67
1995-10-26,0.45,22.88,14.37,30.44,nasa,0.66
1995-10-27,0.15,23.95,14.38,31.74,nasa,0.65
1995-10-28,1.94,23.81,17.44,31.52,nasa,0.65
1995-10-29,4.89,18.62,13.29,25.83,nasa,0.65
1995-10-30,12.5,15.91,12.48,21.43,nasa,0.66
1995-10-31,15.91,16.19,11.86,21.12,nasa,0.69
1995-11-01,7.82,16.91,13.84,21.06,nasa,0.7
1995-11-02,4.25,18.42,14.8,23.74,nasa,0.7
1995-11-03,3.82,17.79,15.54,21.05,nasa,0.7
1995-11-04,1.14,18.04,16.17,20.4,nasa,0.7
1995-11-05,0.04,19.38,14.09,24.44,nasa,0.69
1995-11-06,0.22,21.57,16.26,27.78,nasa,0.68
1995-11-07,1.27,22.55,16.17,28.95,nasa,0.67
1995-11-08,0.07,23.51,15.86,30.14,nasa,0.67
1995-11-09,0.0,23.07,14.62,30.68,nasa,0.66
1995-11-10,0.85,24.78,15.89,32.22,nasa,0.65
1995-11-11,8.67,24.41,18.52,30.98,nasa,0.65
1995-11-12,10.14,21.44,18.35,25.88,nasa,0.66
1995-11-13,11.28,19.9,16.65,24.56,nasa,0.69
1995-11-14,4.72,20.96,14.9,27.39,nasa,0.69
1995-11-15,7.02,22.77,19.19,27.08,nasa,0.69
1995-11-16,3.69,22.86,18.33,27.87,nasa,0.7
1995-11-17,1.84,23.1,17.64,28.18,nasa,0.69
1995-11-18,4.58,22.85,17.3,28.21,nasa,0.68
1995-11-19,0.06,20.36,13.87,27.93,nasa,0.68
1995-11-20,0.15,19.42,12.93,26.89,nasa,0.67
1995-11-21,0.24,19.3,13.04,26.31,nasa,0.66
1995-11-22,0.77,19.83,12.58,27.02,nasa,0.65
1995-11-23,21.54,18.1,15.18,21.46,nasa,0.67
1995-11-24,9.72,21.36,16.29,27.22,nasa,0.69
1995-11-25,3.16,22.29,16.68,28.56,nasa,0.7
1995-11-26,0.34,22.56,16.64,28.48,nasa,0.68
1995-11-27,6.24,23.53,17.36,29.27,nasa,0.68
1995-11-28,3.17,22.94,17.04,28.16,nasa,0.68
1995-11-29,0.15,20.78,14.77,27.32,nasa,0.67
1995-11-30,0.27,21.81,16.31,27.78,nasa,0.67
1995-12-01,3.4,22.09,17.86,27.62,nasa,0.66
1995-12-02,0.35,24.14,17.93,30.23,nasa,0.66
1995-12-03,3.2,24.48,18.29,30.94,nasa,0.65
1995-12-04,2.62,23.74,19.21,29.76,nasa,0.65
1995-12-05,7.46,22.8,18.1,29.36,nasa,0.65
1995-12-06,0.94,21.99,15.89,29.16,nasa,0.65
1995-12-07,1.45,22.71,15.61,29.56,nasa,0.65
1995-12-08,1.23,23.52,17.66,30.13,nasa,0.65
1995-12-09,0.82,22.48,15.39,29.91,nasa,0.64
1995-12-10,5.4,22.2,15.37,29.74,nasa,0.64
1995-12-11,6.47,22.87,16.6,30.11,nasa,0.65
1995-12-12,15.85,22.43,19.83,26.31,nasa,0.66
1995-12-13,42.67,21.43,16.5,25.56,nasa,0.71
1995-12-14,7.31,19.85,16.13,25.07,nasa,0.74
1995-12-15,0.98,21.19,14.42,27.41,nasa,0.72
1995-12-16,2.03,22.87,16.52,28.6,nasa,0.7
1995-12-17,4.17,23.73,18.47,29.59,nasa,0.69
1995-12-18,7.36,22.42,19.07,27.26,nasa,0.69
1995-12-19,22.05,21.38,17.52,25.07,nasa,0.71
1995-12-20,2.47,22.4,17.69,28.39,nasa,0.72
1995-12-21,5.25,21.58,17.68,26.0,nasa,0.71
1995-12-22,2.74,21.88,18.09,26.52,nasa,0.71
1995-12-23,4.72,21.53,18.65,24.69,nasa,0.71
1995-12-24,12.83,22.09,18.68,26.26,nasa,0.71
1995-12-25,13.32,22.91,18.18,27.6,nasa,0.73
1995-12-26,11.33,23.92,20.2,28.32,nasa,0.73
1995-12-27,13.39,23.69,20.08,28.0,nasa,0.73
1995-12-28,18.44,23.62,20.73,27.85,nasa,0.75
1995-12-29,8.39,22.94,19.77,27.19,nasa,0.75
1995-12-30,3.85,22.29,18.27,27.28,nasa,0.74
1995-12-31,6.25,22.01,16.99,28.04,nasa,0.74
1996-01-01,23.51,20.17,15.94,24.19,nasa,0.75
1996-01-02,22.64,21.33,19.37,24.59,nasa,0.78
1996-01-03,31.03,20.87,19.21,23.33,nasa,0.8
1996-01-04,6.74,21.74,18.44,25.13,nasa,0.81
1996-01-05,8.29,22.01,19.41,25.06,nasa,0.8
1996-01-06,14.87,20.92,18.0,23.54,nasa,0.8
1996-01-07,13.0,20.44,17.86,23.3,nasa,0.82
1996-01-08,18.19,21.08,18.24,23.73,nasa,0.82
1996-01-09,16.99,21.43,18.0,25.41,nasa,0.83
1996-01-10,10.78,22.41,18.46,26.85,nasa,0.83
1996-01-11,27.91,22.94,18.99,26.93,nasa,0.84
1996-01-12,14.88,22.8,19.04,26.98,nasa,0.85
1996-01-13,1.99,21.61,17.57,26.57,nasa,0.84
1996-01-14,0.01,21.91,15.92,27.98,nasa,0.83
1996-01-15,0.12,22.34,17.13,27.76,nasa,0.81
1996-01-16,0.24,22.44,17.21,27.36,nasa,0.8
1996-01-17,0.61,22.92,17.92,28.0,nasa,0.79
1996-01-18,13.36,23.39,17.85,28.46,nasa,0.79
1996-01-19,5.22,24.26,19.83,28.34,nasa,0.8
1996-01-20,19.9,23.37,19.84,27.32,nasa,0.82
1996-01-21,11.55,22.32,19.85,25.58,nasa,0.84
1996-01-22,2.22,23.4,18.95,27.09,nasa,0.84
1996-01-23,4.54,24.81,19.67,28.91,nasa,0.83
1996-01-24,2.39,23.73,19.64,28.7,nasa,0.82
1996-01-25,1.56,24.46,17.81,30.01,nasa,0.81
1996-01-26,1.7,24.56,18.89,29.48,nasa,0.8
1996-01-27,1.29,24.45,19.64,29.66,nasa,0.8
1996-01-28,0.24,23.29,18.22,29.41,nasa,0.79
1996-01-29,0.05,22.85,16.21,29.23,nasa,0.78
1996-01-30,0.18,23.75,18.53,28.53,nasa,0.77
1996-01-31,0.96,24.22,18.64,29.29,nasa,0.77
1996-02-01,2.24,24.27,19.5,29.12,nasa,0.77
1996-02-02,3.36,22.94,19.71,26.48,nasa,0.77
1996-02-03,19.29,21.83,19.33,24.97,nasa,0.78
1996-02-04,19.14,21.05,18.47,23.54,nasa,0.81
1996-02-05,10.16,21.49,19.18,24.5,nasa,0.83
1996-02-06,17.62,22.2,19.17,26.12,nasa,0.83
1996-02-07,4.59,22.96,19.91,26.31,nasa,0.84
1996-02-08,3.15,23.15,19.87,26.05,nasa,0.83
1996-02-09,10.66,23.54,19.86,27.24,nasa,0.83
1996-02-10,16.02,24.07,19.63,27.86,nasa,0.84
1996-02-11,9.34,23.72,19.86,28.11,nasa,0.84
1996-02-12,6.35,23.11,18.49,29.14,nasa,0.84
1996-02-13,5.41,20.65,17.98,23.86,nasa,0.84
1996-02-14,5.31,21.85,18.54,26.33,nasa,0.84
1996-02-15,0.69,21.74,17.49,27.25,nasa,0.83
1996-02-16,0.65,22.07,16.49,27.8,nasa,0.82
1996-02-17,1.02,22.98,18.0,27.57,nasa,0.81
1996-02-18,2.2,22.46,17.13,28.12,nasa,0.81
1996-02-19,4.72,22.81,17.99,27.57,nasa,0.8
1996-02-20,13.78,22.5,17.49,26.84,nasa,0.81
1996-02-21,4.26,22.66,19.27,25.84,nasa,0.82
1996-02-22,3.71,23.45,18.74,28.32,nasa,0.82
1996-02-23,4.7,22.8,19.0,27.54,nasa,0.82
1996-02-24,1.83,23.37,19.42,27.92,nasa,0.81
1996-02-25,6.59,22.6,20.22,25.52,nasa,0.81
1996-02-26,8.96,22.5,20.39,25.05,nasa,0.82
1996-02-27,7.43,21.76,18.67,25.74,nasa,0.83
1996-02-28,0.68,22.66,18.23,27.13,nasa,0.83
1996-02-29,0.68,22.77,17.62,27.37,nasa,0.82
1996-03-01,5.35,22.07,18.68,25.79,nasa,0.81
1996-03-02,2.58,21.61,17.32,25.86,nasa,0.82
1996-03-03,7.4,21.88,18.34,25.69,nasa,0.82
1996-03-04,11.79,21.94,18.91,24.99,nasa,0.83
1996-03-05,11.67,22.08,17.95,26.46,nasa,0.84
1996-03-06,12.34,21.6,18.68,25.21,nasa,0.84
1996-03-07,18.13,22.26,18.8,26.44,nasa,0.85
1996-03-08,10.42,22.0,19.88,25.06,nasa,0.86
1996-03-09,10.36,22.91,18.91,27.5,nasa,0.86
1996-03-10,4.47,20.77,17.79,23.92,nasa,0.86
1996-03-11,11.04,18.51,15.6,21.8,nasa,0.86
1996-03-12,18.09,18.18,15.71,21.03,nasa,0.88
1996-03-13,5.1,19.81,16.92,24.07,nasa,0.88
1996-03-14,5.05,21.11,16.99,25.71,nasa,0.87
1996-03-15,8.21,21.77,18.61,26.05,nasa,0.87
1996-03-16,5.32,21.1,17.99,24.78,nasa,0.88
1996-03-17,4.18,21.12,17.32,24.93,nasa,0.88
1996-03-18,12.9,22.13,17.46,27.2,nasa,0.88
1996-03-19,3.63,22.43,18.09,26.54,nasa,0.88
1996-03-20,9.52,21.88,18.49,26.27,nasa,0.88
1996-03-21,6.4,21.84,17.35,27.11,nasa,0.88
1996-03-22,2.37,21.01,17.59,25.55,nasa,0.88
1996-03-23,2.26,21.65,18.28,26.05,nasa,0.87
1996-03-24,1.74,22.12,17.28,27.2,nasa,0.87
1996-03-25,0.15,23.09,18.6,28.02,nasa,0.87
1996-03-26,0.82,23.25,18.08,28.73,nasa,0.86
1996-03-27,5.4,23.72,19.35,28.37,nasa,0.86
1996-03-28,1.73,23.17,19.05,27.6,nasa,0.86
1996-03-29,0.36,22.12,18.06,27.31,nasa,0.85
1996-03-30,0.22,22.66,17.56,27.66,nasa,0.85
1996-03-31,4.61,24.12,19.52,28.59,nasa,0.85
1996-04-01,1.15,22.93,18.66,28.34,nasa,0.84
1996-04-02,0.02,22.3,18.4,27.77,nasa,0.84
1996-04-03,0.0,22.32,16.17,28.6,nasa,0.83
1996-04-04,0.0,22.41,17.36,28.38,nasa,0.83
1996-04-05,0.05,21.45,17.17,27.08,nasa,0.82
1996-04-06,0.07,21.15,15.36,26.77,nasa,0.82
1996-04-07,0.14,22.84,17.32,28.65,nasa,0.81
1996-04-08,0.23,22.18,18.03,27.52,nasa,0.81
1996-04-09,2.1,22.22,17.22,27.03,nasa,0.8
1996-04-10,2.72,22.47,17.56,26.49,nasa,0.8
1996-04-11,6.95,20.71,18.39,23.54,nasa,0.81
1996-04-12,2.78,20.55,17.06,25.24,nasa,0.82
1996-04-13,5.66,20.33,16.68,25.29,nasa,0.82
1996-04-14,3.48,19.9,17.36,23.31,nasa,0.82
1996-04-15,8.6,20.88,18.05,25.58,nasa,0.82
1996-04-16,17.63,21.16,17.2,25.68,nasa,0.83
1996-04-17,4.24,21.21,17.11,25.42,nasa,0.84
1996-04-18,0.15,16.51,13.12,20.25,nasa,0.83
1996-04-19,0.05,16.12,9.92,22.79,nasa,0.83
1996-04-20,0.01,16.54,11.89,22.51,nasa,0.82
1996-04-21,0.0,16.43,11.19,22.79,nasa,0.81
1996-04-22,0.0,16.69,10.69,22.7,nasa,0.81
1996-04-23,0.0,17.04,9.51,23.87,nasa,0.8
1996-04-24,0.0,18.65,12.64,24.83,nasa,0.8
1996-04-25,0.0,19.32,13.6,25.85,nasa,0.79
1996-04-26,0.02,18.81,13.89,24.64,nasa,0.79
1996-04-27,0.03,17.91,14.27,22.98,nasa,0.79
1996-04-28,0.01,17.47,12.12,23.39,nasa,0.79
1996-04-29,0.01,17.94,12.99,23.82,nasa,0.78
1996-04-30,0.0,18.93,13.95,24.42,nasa,0.78
1996-05-01,0.02,19.37,14.69,24.25,nasa,0.78
1996-05-02,0.15,18.85,15.05,24.09,nasa,0.77
1996-05-03,0.02,17.78,12.97,23.95,nasa,0.77
1996-05-04,0.06,17.3,12.27,23.31,nasa,0.77
1996-05-05,0.0,17.86,12.92,23.58,nasa,0.77
1996-05-06,0.0,17.65,12.8,23.21,nasa,0.76
1996-05-07,0.0,18.45,12.55,24.22,nasa,0.76
1996-05-08,0.0,17.81,11.7,24.69,nasa,0.76
1996-05-09,3.24,17.92,12.45,24.15,nasa,0.76
1996-05-10,3.51,16.82,13.43,21.07,nasa,0.76
1996-05-11,0.32,16.51,11.75,21.63,nasa,0.76
1996-05-12,0.23,15.65,9.41,22.73,nasa,0.76
1996-05-13,0.75,16.32,10.08,22.87,nasa,0.76
1996-05-14,4.82,19.23,15.07,24.85,nasa,0.76
1996-05-15,12.89,18.54,13.84,23.83,nasa,0.77
1996-05-16,6.64,18.39,14.95,23.25,nasa,0.78
1996-05-17,1.73,17.72,14.44,22.37,nasa,0.78
1996-05-18,5.15,17.51,14.69,20.55,nasa,0.78
1996-05-19,0.38,19.41,15.63,24.98,nasa,0.78
1996-05-20,0.18,19.14,14.1,24.36,nasa,0.77
1996-05-21,1.65,18.16,15.66,20.79,nasa,0.77
1996-05-22,14.69,18.9,16.1,22.92,nasa,0.78
1996-05-23,1.11,18.83,14.51,24.22,nasa,0.79
1996-05-24,0.02,16.11,11.52,22.34,nasa,0.78
1996-05-25,0.0,14.94,10.71,20.4,nasa,0.78
1996-05-26,0.0,14.54,9.85,20.65,nasa,0.77
1996-05-27,0.0,15.59,9.11,22.04,nasa,0.77
1996-05-28,0.0,16.03,9.75,22.36,nasa,0.76
1996-05-29,0.0,15.67,10.16,22.42,nasa,0.76
1996-05-30,0.0,16.34,10.65,22.3,nasa,0.76
1996-05-31,0.0,16.13,10.92,22.31,nasa,0.75
1996-06-01,0.0,16.46,9.02,23.19,nasa,0.75
1996-06-02,0.06,15.73,11.77,21.14,nasa,0.75
1996-06-03,0.02,14.07,10.56,18.65,nasa,0.75
1996-06-04,0.0,14.32,9.94,20.33,nasa,0.74
1996-06-05,0.01,14.7,10.21,21.36,nasa,0.74
1996-06-06,0.09,15.92,10.25,21.8,nasa,0.74
1996-06-07,0.01,16.82,11.47,22.57,nasa,0.74
1996-06-08,0.0,15.97,10.1,22.99,nasa,0.73
1996-06-09,0.0,15.3,10.47,21.68,nasa,0.73
1996-06-10,0.0,14.04,9.77,20.07,nasa,0.73
1996-06-11,0.0,12.96,7.85,19.77,nasa,0.73
1996-06-12,0.0,14.34,9.74,20.95,nasa,0.73
1996-06-13,0.0,15.51,10.86,21.65,nasa,0.72
1996-06-14,0.0,15.45,10.42,21.23,nasa,0.72
1996-06-15,0.0,15.37,7.67,22.21,nasa,0.72
1996-06-16,0.0,15.96,9.36,22.93,nasa,0.72
1996-06-17,0.0,16.87,9.53,23.91,nasa,0.72
1996-06-18,0.0,18.36,12.31,24.94,nasa,0.71
1996-06-19,0.0,18.15,11.63,25.9,nasa,0.71
1996-06-20,0.0,17.2,11.92,24.53,nasa,0.71
1996-06-21,0.0,16.8,12.47,22.6,nasa,0.71
1996-06-22,0.0,17.47,10.34,23.89,nasa,0.71
1996-06-23,0.0,17.31,11.47,24.35,nasa,0.71
1996-06-24,0.0,17.73,12.45,24.14,nasa,0.7
1996-06-25,0.0,18.27,13.07,24.52,nasa,0.7
1996-06-26,0.09,18.91,13.58,25.66,nasa,0.7
1996-06-27,0.24,17.77,13.73,23.77,nasa,0.7
1996-06-28,19.63,14.02,12.07,16.21,nasa,0.71
1996-06-29,0.57,10.84,7.07,15.48,nasa,0.73
1996-06-30,0.09,11.85,6.69,16.76,nasa,0.73
1996-07-01,0.01,14.8,10.3,20.31,nasa,0.72
1996-07-02,0.02,16.24,11.31,22.24,nasa,0.72
1996-07-03,0.15,16.16,9.44,24.21,nasa,0.71
1996-07-04,0.16,16.31,11.57,22.71,nasa,0.71
1996-07-05,0.09,16.61,11.42,22.58,nasa,0.71
1996-07-06,0.01,17.11,12.8,23.28,nasa,0.71
1996-07-07,0.21,15.54,13.07,19.99,nasa,0.7
1996-07-08,0.18,17.48,12.34,23.62,nasa,0.7
1996-07-09,0.02,18.09,13.17,23.61,nasa,0.7
1996-07-10,0.0,18.49,13.4,24.73,nasa,0.7
1996-07-11,0.0,15.05,7.69,22.49,nasa,0.69
1996-07-12,0.0,11.76,6.16,19.28,nasa,0.69
1996-07-13,0.0,13.47,5.17,21.85,nasa,0.69
1996-07-14,0.0,14.98,7.07,23.67,nasa,0.69
1996-07-15,0.0,14.49,8.74,23.29,nasa,0.69
1996-07-16,0.0,15.42,10.17,22.49,nasa,0.68
1996-07-17,0.0,17.06,10.81,23.65,nasa,0.68
1996-07-18,0.0,17.53,11.29,23.88,nasa,0.68
1996-07-19,0.0,16.63,11.14,23.5,nasa,0.68
1996-07-20,0.0,17.64,11.35,25.13,nasa,0.67
1996-07-21,0.0,16.98,9.55,24.48,nasa,0.67
1996-07-22,0.0,10.92,4.62,18.82,nasa,0.67
1996-07-23,0.0,11.54,5.2,20.08,nasa,0.67
1996-07-24,0.0,12.9,6.27,20.22,nasa,0.67
1996-07-25,0.0,13.9,5.97,21.4,nasa,0.67
1996-07-26,0.0,14.51,5.75,22.61,nasa,0.67
1996-07-27,0.0,16.67,7.98,25.14,nasa,0.66
1996-07-28,0.0,17.03,12.17,24.1,nasa,0.66
1996-07-29,0.13,17.23,13.3,23.31,nasa,0.66
1996-07-30,0.02,14.81,11.21,18.8,nasa,0.66
1996-07-31,0.0,15.19,10.12,21.25,nasa,0.66
1996-08-01,0.0,15.53,9.92,23.05,nasa,0.66
1996-08-02,0.0,15.26,9.59,23.79,nasa,0.66
1996-08-03,0.0,14.97,9.25,23.39,nasa,0.66
1996-08-04,0.0,14.43,7.14,23.2,nasa,0.65
1996-08-05,0.0,15.79,6.81,24.79,nasa,0.65
1996-08-06,0.0,16.75,8.1,25.51,nasa,0.65
1996-08-07,0.01,17.33,9.67,26.62,nasa,0.65
1996-08-08,0.0,18.18,11.22,27.31,nasa,0.65
1996-08-09,0.19,20.53,12.5,28.66,nasa,0.64
1996-08-10,1.84,20.58,14.71,28.47,nasa,0.64
1996-08-11,2.18,17.79,12.79,24.9,nasa,0.65
1996-08-12,1.96,18.62,13.37,25.21,nasa,0.65
1996-08-13,2.25,19.29,13.13,26.6,nasa,0.65
1996-08-14,17.39,19.46,12.39,27.83,nasa,0.66
1996-08-15,0.0,18.32,12.79,25.61,nasa,0.67
1996-08-16,0.0,15.16,8.56,24.42,nasa,0.67
1996-08-17,0.0,14.23,6.55,24.32,nasa,0.66
1996-08-18,0.0,14.9,9.13,24.35,nasa,0.66
1996-08-19,0.0,15.62,9.46,24.64,nasa,0.65
1996-08-20,0.0,16.51,8.93,24.84,nasa,0.65
1996-08-21,0.0,16.21,9.6,24.31,nasa,0.65
1996-08-22,0.0,16.98,8.78,25.68,nasa,0.65
1996-08-23,0.0,17.88,9.88,26.42,nasa,0.64
1996-08-24,0.0,17.45,10.88,25.52,nasa,0.64
1996-08-25,0.0,17.46,9.85,25.35,nasa,0.64
1996-08-26,0.0,19.14,10.26,27.23,nasa,0.63
1996-08-27,0.0,21.88,12.88,29.64,nasa,0.63
1996-08-28,0.02,21.83,14.57,30.14,nasa,0.63
1996-08-29,3.24,19.27,15.9,23.6,nasa,0.63
1996-08-30,1.15,19.85,14.4,26.83,nasa,0.64
1996-08-31,0.03,20.19,13.92,28.26,nasa,0.63
1996-09-01,2.03,19.78,14.76,27.48,nasa,0.63
1996-09-02,0.2,19.87,13.57,27.13,nasa,0.63
1996-09-03,39.05,20.77,15.98,25.81,nasa,0.66
1996-09-04,0.07,19.17,16.14,24.48,nasa,0.69
1996-09-05,15.33,18.38,14.72,23.09,nasa,0.69
1996-09-06,11.4,15.5,10.75,18.15,nasa,0.71
1996-09-07,0.19,16.0,10.35,22.02,nasa,0.71
1996-09-08,0.47,19.34,13.79,26.88,nasa,0.69
1996-09-09,9.17,19.59,13.9,25.41,nasa,0.69
1996-09-10,17.3,18.13,12.54,23.65,nasa,0.7
1996-09-11,18.92,13.28,10.53,17.53,nasa,0.73
1996-09-12,15.37,15.53,10.26,21.47,nasa,0.75
1996-09-13,1.54,17.66,13.25,23.87,nasa,0.74
1996-09-14,0.06,18.23,13.66,24.41,nasa,0.72
1996-09-15,0.17,17.79,12.92,23.91,nasa,0.71
1996-09-16,6.27,18.45,12.75,24.35,nasa,0.71
1996-09-17,3.27,19.06,14.2,24.81,nasa,0.71
1996-09-18,0.04,16.07,11.3,21.59,nasa,0.71
1996-09-19,0.0,16.84,10.93,24.04,nasa,0.7
1996-09-20,0.1,18.3,11.42,25.97,nasa,0.69
1996-09-21,0.0,18.92,11.01,26.99,nasa,0.69
1996-09-22,0.0,20.21,11.3,28.65,nasa,0.68
1996-09-23,0.03,21.4,13.27,29.62,nasa,0.67
1996-09-24,0.16,22.1,13.82,30.24,nasa,0.67
1996-09-25,0.36,21.95,16.87,29.24,nasa,0.66
1996-09-26,0.62,21.47,17.57,26.36,nasa,0.66
1996-09-27,0.16,20.16,14.0,27.3,nasa,0.66
1996-09-28,0.4,19.08,14.03,24.69,nasa,0.66
1996-09-29,4.79,20.49,13.88,28.62,nasa,0.66
1996-09-30,0.6,21.21,15.6,28.09,nasa,0.66
1996-10-01,0.0,19.89,13.81,28.05,nasa,0.66
1996-10-02,0.01,19.93,12.45,28.22,nasa,0.65
1996-10-03,16.75,18.64,15.98,23.7,nasa,0.66
1996-10-04,6.35,20.96,16.07,27.1,nasa,0.69
1996-10-05,0.01,22.05,16.19,28.36,nasa,0.68
1996-10-06,1.5,23.81,16.98,30.18,nasa,0.67
1996-10-07,8.22,21.66,16.63,27.38,nasa,0.68
1996-10-08,0.09,19.95,14.59,27.05,nasa,0.68
1996-10-09,0.22,20.02,13.86,27.4,nasa,0.67
1996-10-10,16.5,20.61,13.28,27.61,nasa,0.68
1996-10-11,1.08,22.36,15.68,28.59,nasa,0.69
1996-10-12,1.26,23.29,17.16,29.82,nasa,0.68
1996-10-13,7.78,23.63,17.8,29.13,nasa,0.68
1996-10-14,17.59,21.81,19.34,25.11,nasa,0.7
1996-10-15,0.16,19.4,14.94,25.39,nasa,0.7
1996-10-16,0.0,18.31,12.94,24.44,nasa,0.69
1996-10-17,0.05,20.53,12.39,27.62,nasa,0.68
1996-10-18,0.13,22.38,15.32,28.8,nasa,0.67
1996-10-19,0.43,22.87,15.76,29.91,nasa,0.67
1996-10-20,5.64,23.25,16.65,30.78,nasa,0.66
1996-10-21,6.99,22.28,17.7,27.7,nasa,0.67
1996-10-22,0.82,21.19,16.26,27.68,nasa,0.67
1996-10-23,6.27,23.02,16.66,28.95,nasa,0.67
1996-10-24,2.67,22.62,17.85,27.84,nasa,0.67
1996-10-25,11.66,21.17,18.35,25.67,nasa,0.68
1996-10-26,3.08,21.16,18.41,24.78,nasa,0.69
1996-10-27,3.93,20.64,18.04,24.79,nasa,0.69
1996-10-28,2.58,20.53,16.96,25.5,nasa,0.69
1996-10-29,0.2,22.43,16.1,29.04,nasa,0.68
1996-10-30,0.39,22.74,15.09,29.37,nasa,0.67
1996-10-31,12.07,22.12,17.83,27.26,nasa,0.68
1996-11-01,14.52,21.15,18.21,24.94,nasa,0.7
1996-11-02,14.02,21.42,17.65,26.44,nasa,0.71
1996-11-03,22.71,21.21,19.25,23.85,nasa,0.73
1996-11-04,4.38,21.01,17.93,25.76,nasa,0.74
1996-11-05,0.01,20.07,14.08,27.46,nasa,0.73
1996-11-06,0.0,20.16,12.94,27.05,nasa,0.71
1996-11-07,0.1,21.34,15.7,27.52,nasa,0.7
1996-11-08,0.06,21.77,16.99,27.56,nasa,0.69
1996-11-09,0.01,21.37,15.27,27.91,nasa,0.68
1996-11-10,0.18,21.96,16.15,27.51,nasa,0.67
1996-11-11,0.11,23.2,15.97,29.74,nasa,0.67
1996-11-12,1.53,23.18,17.2,29.38,nasa,0.66
1996-11-13,12.65,21.85,18.68,25.78,nasa,0.67
1996-11-14,7.71,21.76,18.42,26.0,nasa,0.69
1996-11-15,15.71,21.18,19.15,24.51,nasa,0.71
1996-11-16,10.67,20.67,18.58,23.89,nasa,0.72
1996-11-17,15.21,21.83,19.32,25.48,nasa,0.74
1996-11-18,18.04,22.31,17.87,26.69,nasa,0.75
1996-11-19,10.2,20.26,16.08,25.59,nasa,0.75
1996-11-20,45.04,19.51,17.02,21.92,nasa,0.78
1996-11-21,61.04,17.94,15.48,20.9,nasa,0.85
1996-11-22,3.52,18.55,14.84,23.14,nasa,0.85
1996-11-23,1.57,19.26,13.73,25.05,nasa,0.82
1996-11-24,0.2,20.58,14.9,26.81,nasa,0.79
1996-11-25,0.11,21.31,14.84,27.65,nasa,0.78
1996-11-26,0.19,20.38,15.7,26.08,nasa,0.77
1996-11-27,0.17,18.78,13.06,25.41,nasa,0.76
1996-11-28,0.15,17.28,12.22,22.35,nasa,0.75
1996-11-29,0.78,18.94,14.01,24.16,nasa,0.74
1996-11-30,4.35,19.03,14.69,23.56,nasa,0.74
1996-12-01,5.08,19.76,14.4,24.7,nasa,0.74
1996-12-02,11.95,19.04,14.66,23.38,nasa,0.75
1996-12-03,20.41,20.27,16.7,23.85,nasa,0.77
1996-12-04,10.29,19.88,16.49,23.96,nasa,0.79
1996-12-05,4.04,20.92,16.06,26.39,nasa,0.79
1996-12-06,6.44,22.05,17.85,26.62,nasa,0.78
1996-12-07,11.42,22.27,19.07,26.67,nasa,0.78
1996-12-08,1.63,22.59,18.49,26.32,nasa,0.78
1996-12-09,2.98,23.02,17.52,28.97,nasa,0.78
1996-12-10,4.58,22.63,17.89,27.66,nasa,0.77
1996-12-11,11.73,21.65,18.0,26.06,nasa,0.78
1996-12-12,18.99,21.6,18.08,25.21,nasa,0.79
1996-12-13,12.39,22.31,19.14,26.12,nasa,0.81
1996-12-14,13.92,22.44,19.6,25.83,nasa,0.82
1996-12-15,5.34,21.68,16.8,27.45,nasa,0.82
1996-12-16,21.18,22.06,15.76,27.26,nasa,0.82
1996-12-17,13.46,22.45,19.94,25.47,nasa,0.83
1996-12-18,1.31,22.54,19.48,27.57,nasa,0.83
1996-12-19,4.97,23.64,17.3,28.41,nasa,0.82
1996-12-20,7.86,23.55,20.55,27.32,nasa,0.81
1996-12-21,12.25,22.76,19.04,26.48,nasa,0.83
1996-12-22,20.53,22.72,19.55,26.04,nasa,0.83
1996-12-23,16.64,21.5,19.69,23.55,nasa,0.85
1996-12-24,11.98,22.7,18.57,27.5,nasa,0.85
1996-12-25,8.77,22.41,19.52,26.55,nasa,0.85
1996-12-26,8.26,22.58,18.64,26.99,nasa,0.85
1996-12-27,5.86,23.1,19.87,27.63,nasa,0.85
1996-12-28,5.06,22.88,18.82,27.48,nasa,0.84
1996-12-29,21.98,23.25,20.58,27.04,nasa,0.85
1996-12-30,13.39,22.34,20.03,25.1,nasa,0.87
1996-12-31,10.91,23.09,19.79,27.5,nasa,0.87
1997-01-01,14.9,21.43,18.02,25.12,nasa,0.87
1997-01-02,37.79,19.38,17.04,21.63,nasa,0.9
1997-01-03,22.72,17.39,15.46,19.31,nasa,0.92
1997-01-04,23.61,19.31,15.89,22.72,nasa,0.93
1997-01-05,22.23,19.47,17.13,22.19,nasa,0.94
1997-01-06,11.42,19.93,16.97,23.34,nasa,0.94
1997-01-07,2.05,22.07,16.62,27.21,nasa,0.94
1997-01-08,15.58,22.84,19.68,26.15,nasa,0.93
1997-01-09,3.27,23.22,20.32,25.98,nasa,0.94
1997-01-10,8.04,22.08,19.96,25.01,nasa,0.94
1997-01-11,12.18,22.29,19.29,25.67,nasa,0.94
1997-01-12,13.66,21.99,18.97,24.97,nasa,0.95
1997-01-13,8.23,22.1,19.32,24.98,nasa,0.95
1997-01-14,10.2,22.59,19.55,26.06,nasa,0.96
1997-01-15,11.63,23.0,19.93,27.12,nasa,0.96
1997-01-16,17.49,22.74,19.38,25.8,nasa,0.97
1997-01-17,16.84,21.4,19.4,24.69,nasa,0.97
1997-01-18,2.13,21.45,17.19,25.65,nasa,0.97
1997-01-19,6.43,21.78,18.46,25.87,nasa,0.96
1997-01-20,5.09,22.52,19.6,26.1,nasa,0.96
1997-01-21,3.6,22.37,19.64,25.98,nasa,0.96
1997-01-22,4.57,22.24,19.98,24.93,nasa,0.96
1997-01-23,10.99,22.49,19.61,25.95,nasa,0.96
1997-01-24,13.34,21.22,19.02,23.67,nasa,0.96
1997-01-25,21.96,21.86,18.57,25.21,nasa,0.98
1997-01-26,14.83,21.26,18.97,24.48,nasa,0.98
1997-01-27,30.54,20.81,19.62,22.8,nasa,0.99
1997-01-28,18.51,21.36,19.03,24.57,nasa,0.99
1997-01-29,2.47,21.44,17.82,25.32,nasa,0.99
1997-01-30,6.16,21.95,18.63,26.26,nasa,0.99
1997-01-31,9.51,21.35,19.23,23.99,nasa,0.99
1997-02-01,9.47,21.14,18.34,24.55,nasa,0.99
1997-02-02,6.67,21.22,17.69,25.27,nasa,0.99
1997-02-03,1.56,22.55,17.28,27.14,nasa,0.98
1997-02-04,0.08,22.1,17.74,26.6,nasa,0.97
1997-02-05,0.02,21.4,17.4,26.65,nasa,0.96
1997-02-06,0.05,21.12,17.3,26.18,nasa,0.96
1997-02-07,0.23,21.49,16.62,26.55,nasa,0.95
1997-02-08,0.54,21.63,17.12,26.21,nasa,0.94
1997-02-09,2.7,21.59,17.38,26.39,nasa,0.93
1997-02-10,1.39,21.39,16.97,26.66,nasa,0.92
1997-02-11,1.06,21.23,16.54,26.16,nasa,0.92
1997-02-12,4.32,21.33,17.09,26.39,nasa,0.91
1997-02-13,1.05,20.99,17.81,25.98,nasa,0.91
1997-02-14,0.58,21.5,17.18,26.02,nasa,0.9
1997-02-15,0.63,21.7,18.08,25.67,nasa,0.9
1997-02-16,5.09,21.0,18.61,24.13,nasa,0.9
1997-02-17,17.16,21.38,18.13,25.08,nasa,0.91
1997-02-18,14.97,21.2,18.25,24.74,nasa,0.92
1997-02-19,2.38,21.79,18.19,25.98,nasa,0.92
1997-02-20,1.47,22.98,18.58,26.61,nasa,0.91
1997-02-21,1.63,23.25,18.88,27.25,nasa,0.91
1997-02-22,1.28,23.82,19.91,27.44,nasa,0.9
1997-02-23,3.06,23.38,19.92,27.41,nasa,0.9
1997-02-24,9.07,22.72,19.86,25.49,nasa,0.9
1997-02-25,2.21,23.73,19.35,27.81,nasa,0.9
1997-02-26,6.75,22.46,19.76,26.74,nasa,0.9
1997-02-27,1.96,22.22,19.19,26.41,nasa,0.9
1997-02-28,2.93,22.42,19.49,27.49,nasa,0.9
1997-03-01,11.87,19.84,17.44,24.08,nasa,0.9
1997-03-02,10.27,20.34,17.1,25.48,nasa,0.91
1997-03-03,5.53,21.19,17.67,25.41,nasa,0.91
1997-03-04,12.95,21.23,18.27,25.01,nasa,0.91
1997-03-05,9.39,20.97,18.55,24.28,nasa,0.92
1997-03-06,9.41,21.77,19.46,25.07,nasa,0.92
1997-03-07,9.8,21.99,17.8,26.46,nasa,0.92
1997-03-08,3.07,21.16,18.26,24.5,nasa,0.92
1997-03-09,1.04,20.79,17.47,25.29,nasa,0.92
1997-03-10,0.48,20.69,17.1,25.33,nasa,0.91
1997-03-11,0.02,20.44,15.15,26.48,nasa,0.91
1997-03-12,0.48,21.2,15.47,26.54,nasa,0.9
1997-03-13,3.55,21.8,16.88,26.31,nasa,0.9
1997-03-14,2.21,21.59,19.0,25.77,nasa,0.9
1997-03-15,6.18,20.41,18.27,23.54,nasa,0.9
1997-03-16,5.34,19.71,17.15,22.46,nasa,0.9
1997-03-17,2.11,19.95,16.72,24.28,nasa,0.9
1997-03-18,1.1,19.49,14.86,24.52,nasa,0.9
1997-03-19,0.06,19.57,14.23,25.15,nasa,0.89
1997-03-20,0.64,20.56,15.84,25.92,nasa,0.88
1997-03-21,1.25,20.37,16.0,25.46,nasa,0.88
1997-03-22,0.14,20.41,15.38,26.33,nasa,0.88
1997-03-23,0.39,21.05,15.41,26.65,nasa,0.87
1997-03-24,0.23,21.96,17.0,27.48,nasa,0.86
1997-03-25,0.08,21.3,17.04,26.34,nasa,0.86
1997-03-26,1.48,19.91,16.28,24.16,nasa,0.86
1997-03-27,0.17,19.44,14.8,24.51,nasa,0.86
1997-03-28,0.21,19.09,14.96,24.23,nasa,0.85
1997-03-29,1.67,17.72,14.37,22.07,nasa,0.85
1997-03-30,1.88,17.0,14.93,19.53,nasa,0.85
1997-03-31,28.89,17.87,15.79,20.08,nasa,0.87
1997-04-01,19.38,19.37,16.86,22.53,nasa,0.9
1997-04-02,11.09,20.0,17.77,22.66,nasa,0.91
1997-04-03,0.1,21.27,17.57,26.17,nasa,0.89
1997-04-04,3.35,20.95,15.78,26.69,nasa,0.88
1997-04-05,0.26,21.11,15.66,26.68,nasa,0.88
1997-04-06,0.19,19.6,15.52,24.61,nasa,0.87
1997-04-07,0.03,18.4,13.51,24.15,nasa,0.87
1997-04-08,0.0,17.99,12.58,23.69,nasa,0.86
1997-04-09,0.0,17.23,12.6,22.9,nasa,0.86
1997-04-10,0.0,16.8,12.16,22.46,nasa,0.86
1997-04-11,0.0,17.39,11.81,22.84,nasa,0.85
1997-04-12,0.0,18.68,14.78,23.63,nasa,0.85
1997-04-13,0.46,19.34,12.48,24.87,nasa,0.85
1997-04-14,0.44,19.29,12.66,25.58,nasa,0.84
1997-04-15,0.19,19.88,15.22,25.13,nasa,0.84
1997-04-16,0.57,19.63,16.28,23.84,nasa,0.84
1997-04-17,1.8,19.24,16.15,22.79,nasa,0.84
1997-04-18,0.37,18.81,15.8,22.92,nasa,0.84
1997-04-19,5.51,19.22,14.27,24.56,nasa,0.84
1997-04-20,4.78,20.59,16.13,25.31,nasa,0.84
1997-04-21,1.82,20.48,17.8,23.88,nasa,0.84
1997-04-22,2.4,20.33,16.27,25.04,nasa,0.84
1997-04-23,4.31,19.47,15.54,24.01,nasa,0.84
1997-04-24,0.87,19.91,15.66,24.55,nasa,0.84
1997-04-25,0.15,19.73,14.96,25.2,nasa,0.83
1997-04-26,0.63,19.99,14.9,25.13,nasa,0.83
1997-04-27,2.92,21.05,16.58,25.38,nasa,0.83
1997-04-28,1.35,19.89,16.88,23.66,nasa,0.83
1997-04-29,0.0,19.83,15.43,25.45,nasa,0.82
1997-04-30,0.16,19.89,13.1,25.75,nasa,0.82
1997-05-01,0.52,20.9,16.99,25.22,nasa,0.81
1997-05-02,0.07,19.9,15.39,25.19,nasa,0.81
1997-05-03,0.0,19.03,14.01,25.37,nasa,0.81
1997-05-04,0.01,17.23,12.04,23.75,nasa,0.8
1997-05-05,0.25,18.03,13.23,23.33,nasa,0.8
1997-05-06,0.0,18.98,14.51,23.58,nasa,0.8
1997-05-07,0.0,18.35,14.36,23.09,nasa,0.8
1997-05-08,0.0,18.08,13.93,23.09,nasa,0.79
1997-05-09,0.0,17.66,12.64,23.51,nasa,0.79
1997-05-10,0.0,17.77,13.41,22.67,nasa,0.79
1997-05-11,0.0,18.14,15.1,22.46,nasa,0.79
1997-05-12,0.12,17.6,12.91,23.17,nasa,0.79
1997-05-13,0.02,18.13,14.49,23.67,nasa,0.78
1997-05-14,0.02,16.33,11.54,21.16,nasa,0.78
1997-05-15,0.12,15.32,11.64,20.12,nasa,0.78
1997-05-16,0.51,15.26,10.36,20.94,nasa,0.78
1997-05-17,0.22,16.34,11.88,21.94,nasa,0.78
1997-05-18,0.0,16.48,11.88,22.13,nasa,0.77
1997-05-19,0.03,16.96,12.77,22.55,nasa,0.77
1997-05-20,0.05,17.58,12.54,22.87,nasa,0.77
1997-05-21,0.06,16.97,11.74,22.64,nasa,0.77
1997-05-22,6.6,18.08,14.34,23.2,nasa,0.77
1997-05-23,0.47,18.37,14.28,23.35,nasa,0.77
1997-05-24,26.43,16.05,14.07,19.49,nasa,0.78
1997-05-25,4.65,16.83,12.82,21.8,nasa,0.81
1997-05-26,0.05,15.68,10.79,21.13,nasa,0.8
1997-05-27,1.49,15.89,11.35,21.6,nasa,0.79
1997-05-28,10.9,16.45,12.23,21.53,nasa,0.8
1997-05-29,0.48,15.67,9.66,21.12,nasa,0.8
1997-05-30,0.03,13.16,8.93,19.53,nasa,0.79
1997-05-31,0.03,12.41,8.35,18.6,nasa,0.79
1997-06-01,0.0,12.24,6.78,19.08,nasa,0.78
1997-06-02,0.05,13.01,8.42,18.97,nasa,0.78
1997-06-03,2.96,13.76,7.85,20.3,nasa,0.78
1997-06-04,18.64,16.0,12.36,20.65,nasa,0.8
1997-06-05,26.68,18.17,13.77,23.02,nasa,0.82
1997-06-06,1.11,17.9,14.06,21.58,nasa,0.84
1997-06-07,0.01,14.36,8.74,20.29,nasa,0.82
1997-06-08,0.02,8.82,3.5,15.22,nasa,0.81
1997-06-09,0.02,9.94,2.5,17.46,nasa,0.81
1997-06-10,0.04,12.21,5.68,19.22,nasa,0.8
1997-06-11,2.31,14.29,6.77,21.69,nasa,0.8
1997-06-12,4.5,16.85,13.59,21.9,nasa,0.81
1997-06-13,0.0,17.7,12.48,23.03,nasa,0.8
1997-06-14,6.31,16.72,13.46,20.7,nasa,0.8
1997-06-15,15.08,17.96,14.98,22.23,nasa,0.82
1997-06-16,3.31,16.01,10.68,20.8,nasa,0.83
1997-06-17,0.0,14.79,8.67,21.8,nasa,0.82
1997-06-18,0.0,17.06,10.93,23.64,nasa,0.81
1997-06-19,0.07,17.0,12.09,22.84,nasa,0.81
1997-06-20,3.97,18.16,14.73,22.79,nasa,0.81
1997-06-21,0.53,18.97,14.88,24.6,nasa,0.81
1997-06-22,0.01,18.54,14.59,24.02,nasa,0.8
1997-06-23,0.0,17.93,13.87,24.41,nasa,0.8
1997-06-24,0.0,17.77,12.63,24.26,nasa,0.79
1997-06-25,0.0,17.36,12.39,23.6,nasa,0.79
1997-06-26,0.0,17.24,12.37,24.0,nasa,0.79
1997-06-27,0.0,16.76,11.52,23.57,nasa,0.79
1997-06-28,0.0,17.16,12.88,23.65,nasa,0.78
1997-06-29,0.0,17.23,12.15,23.52,nasa,0.78
1997-06-30,0.0,17.42,11.71,23.31,nasa,0.78
1997-07-01,0.0,16.57,12.58,22.35,nasa,0.78
1997-07-02,0.0,16.5,12.79,22.47,nasa,0.77
1997-07-03,0.0,17.1,12.27,23.8,nasa,0.77
1997-07-04,0.0,17.04,12.72,23.94,nasa,0.77
1997-07-05,0.0,16.09,10.2,22.9,nasa,0.77
1997-07-06,0.0,15.93,11.35,21.73,nasa,0.76
1997-07-07,0.0,16.36,9.93,22.39,nasa,0.76
1997-07-08,0.0,16.43,11.83,22.39,nasa,0.76
1997-07-09,0.0,16.2,10.8,22.83,nasa,0.76
1997-07-10,0.0,16.35,10.66,22.48,nasa,0.76
1997-07-11,0.0,17.07,11.15,23.55,nasa,0.76
1997-07-12,0.0,16.11,11.08,22.55,nasa,0.75
1997-07-13,0.02,16.64,11.06,22.89,nasa,0.75
1997-07-14,0.0,17.3,11.25,23.39,nasa,0.75
1997-07-15,0.01,17.68,12.34,23.95,nasa,0.74
1997-07-16,0.0,17.36,10.02,23.82,nasa,0.74
1997-07-17,0.0,17.01,10.87,23.27,nasa,0.74
1997-07-18,0.0,16.21,11.04,23.8,nasa,0.74
1997-07-19,0.23,16.51,10.75,22.83,nasa,0.74
1997-07-20,0.31,16.69,12.03,22.64,nasa,0.73
1997-07-21,10.13,15.68,11.59,20.95,nasa,0.74
1997-07-22,1.08,16.81,11.72,22.23,nasa,0.75
1997-07-23,0.0,16.01,10.29,22.63,nasa,0.75
1997-07-24,0.02,15.47,10.96,22.0,nasa,0.74
1997-07-25,0.04,14.29,9.4,21.44,nasa,0.74
1997-07-26,0.2,14.53,10.01,21.33,nasa,0.74
1997-07-27,0.0,14.39,8.6,21.3,nasa,0.73
1997-07-28,0.0,14.69,6.27,22.16,nasa,0.73
1997-07-29,0.0,15.84,9.04,22.75,nasa,0.73
1997-07-30,0.0,16.81,9.9,23.74,nasa,0.72
1997-07-31,0.0,18.1,11.0,23.88,nasa,0.72
1997-08-01,0.0,18.73,11.69,25.23,nasa,0.72
1997-08-02,0.0,18.93,11.6,26.47,nasa,0.71
1997-08-03,0.0,17.15,10.52,24.67,nasa,0.71
1997-08-04,0.0,18.38,12.36,26.16,nasa,0.71
1997-08-05,0.07,17.27,13.44,23.01,nasa,0.71
1997-08-06,0.01,17.81,11.6,24.65,nasa,0.71
1997-08-07,0.04,17.86,11.71,23.95,nasa,0.7
1997-08-08,0.27,16.96,11.31,23.25,nasa,0.7
1997-08-09,0.0,12.72,7.33,18.88,nasa,0.7
1997-08-10,0.0,11.53,6.22,19.4,nasa,0.7
1997-08-11,0.0,13.16,6.25,21.14,nasa,0.7
1997-08-12,0.0,14.95,6.29,23.32,nasa,0.69
1997-08-13,0.0,16.11,8.22,25.26,nasa,0.69
1997-08-14,0.0,16.49,9.44,25.44,nasa,0.69
1997-08-15,0.0,15.59,7.83,24.48,nasa,0.69
1997-08-16,0.0,16.35,7.96,24.72,nasa,0.68
1997-08-17,0.0,16.2,8.27,24.0,nasa,0.68
1997-08-18,0.0,16.67,8.56,24.48,nasa,0.68
1997-08-19,0.0,16.98,8.63,24.99,nasa,0.68
1997-08-20,0.0,17.78,9.47,25.81,nasa,0.67
1997-08-21,0.0,19.68,12.44,26.6,nasa,0.67
1997-08-22,0.01,19.45,13.36,26.64,nasa,0.67
1997-08-23,0.01,19.42,12.2,27.34,nasa,0.67
1997-08-24,0.71,18.82,11.46,27.61,nasa,0.66
1997-08-25,0.28,18.7,12.9,26.12,nasa,0.66
1997-08-26,0.03,18.98,12.13,26.93,nasa,0.66
1997-08-27,0.01,19.24,11.64,28.14,nasa,0.66
1997-08-28,0.0,18.48,10.32,28.41,nasa,0.66
1997-08-29,0.0,18.54,9.86,28.26,nasa,0.65
1997-08-30,0.0,18.75,10.31,28.33,nasa,0.65
1997-08-31,0.0,18.65,10.37,27.6,nasa,0.65
1997-09-01,0.0,18.96,10.38,28.05,nasa,0.65
1997-09-02,0.0,19.97,11.09,28.54,nasa,0.64
1997-09-03,0.0,20.31,11.72,28.73,nasa,0.64
1997-09-04,0.0,22.25,15.69,29.99,nasa,0.64
1997-09-05,0.18,23.34,16.49,31.16,nasa,0.64
1997-09-06,0.14,21.86,15.58,30.14,nasa,0.63
1997-09-07,0.45,20.87,13.13,29.91,nasa,0.63
1997-09-08,0.0,21.07,11.93,31.15,nasa,0.63
1997-09-09,0.0,23.6,14.32,34.02,nasa,0.63
1997-09-10,0.06,25.11,18.14,34.35,nasa,0.63
1997-09-11,0.06,21.41,14.57,31.31,nasa,0.62
1997-09-12,0.88,20.32,12.02,28.95,nasa,0.62
1997-09-13,4.76,23.06,15.8,30.82,nasa,0.62
1997-09-14,1.72,25.34,18.73,32.41,nasa,0.63
1997-09-15,7.99,24.36,18.26,31.17,nasa,0.64
1997-09-16,0.18,21.62,15.54,28.7,nasa,0.64
1997-09-17,0.05,21.92,15.22,29.78,nasa,0.64
1997-09-18,0.0,21.94,14.95,30.2,nasa,0.63
1997-09-19,0.88,21.35,14.59,29.06,nasa,0.63
1997-09-20,22.41,22.07,16.41,28.37,nasa,0.65
1997-09-21,0.33,21.7,18.2,24.82,nasa,0.67
1997-09-22,0.24,20.88,15.76,27.59,nasa,0.66
1997-09-23,0.42,20.78,14.15,27.93,nasa,0.65
1997-09-24,1.45,22.35,15.27,29.69,nasa,0.65
1997-09-25,3.58,23.97,17.31,30.05,nasa,0.65
1997-09-26,1.17,23.13,17.86,29.41,nasa,0.65
1997-09-27,0.16,21.37,15.45,28.04,nasa,0.64
1997-09-28,0.35,21.86,15.8,28.04,nasa,0.64
1997-09-29,12.48,23.87,17.53,30.14,nasa,0.64
1997-09-30,7.11,22.85,19.17,26.72,nasa,0.66
1997-10-01,10.84,22.86,18.78,27.61,nasa,0.67
1997-10-02,0.02,22.96,17.55,29.85,nasa,0.67
1997-10-03,0.0,19.36,12.65,27.22,nasa,0.66
1997-10-04,0.01,19.86,10.93,28.89,nasa,0.65
1997-10-05,1.8,22.85,15.43,30.53,nasa,0.65
1997-10-06,7.39,24.54,16.69,31.66,nasa,0.65
1997-10-07,2.72,22.32,17.19,29.12,nasa,0.65
1997-10-08,1.85,22.26,14.85,30.26,nasa,0.65
1997-10-09,0.03,22.47,14.86,31.29,nasa,0.65
1997-10-10,0.0,23.01,14.65,31.87,nasa,0.64
1997-10-11,0.0,23.95,13.57,32.73,nasa,0.63
1997-10-12,0.1,25.7,16.75,34.15,nasa,0.63
1997-10-13,0.05,25.85,17.14,34.68,nasa,0.62
1997-10-14,0.18,25.83,17.22,34.39,nasa,0.62
1997-10-15,1.24,26.08,18.54,34.68,nasa,0.62
1997-10-16,4.0,26.97,19.82,35.22,nasa,0.62
1997-10-17,1.0,21.51,16.28,29.35,nasa,0.62
1997-10-18,0.41,19.69,14.49,25.96,nasa,0.62
1997-10-19,1.37,20.64,14.39,28.53,nasa,0.62
1997-10-20,30.63,21.34,16.98,26.61,nasa,0.64
1997-10-21,12.71,21.95,18.0,27.49,nasa,0.68
1997-10-22,1.42,21.61,16.0,29.12,nasa,0.68
1997-10-23,0.03,20.66,13.31,29.17,nasa,0.67
1997-10-24,0.11,21.56,13.84,29.49,nasa,0.66
1997-10-25,0.86,21.9,16.01,27.93,nasa,0.65
1997-10-26,19.57,22.22,18.14,26.75,nasa,0.67
1997-10-27,0.07,23.46,17.19,29.81,nasa,0.67
1997-10-28,0.0,23.7,17.03,30.52,nasa,0.66
1997-10-29,0.36,25.59,17.98,32.32,nasa,0.65
1997-10-30,1.78,26.51,19.14,33.37,nasa,0.64
1997-10-31,7.14,25.37,19.8,31.25,nasa,0.64
1997-11-01,1.27,25.61,19.05,32.19,nasa,0.65
1997-11-02,0.84,25.97,20.07,31.26,nasa,0.64
1997-11-03,0.23,26.68,18.73,34.29,nasa,0.64
1997-11-04,5.15,26.28,20.24,34.06,nasa,0.63
1997-11-05,15.48,24.48,19.71,30.68,nasa,0.65
1997-11-06,20.17,24.31,18.71,30.01,nasa,0.67
1997-11-07,4.98,23.98,19.87,29.0,nasa,0.68
1997-11-08,1.11,24.35,19.41,28.44,nasa,0.68
1997-11-09,0.22,25.34,19.08,31.42,nasa,0.67
1997-11-10,0.06,26.37,18.74,33.84,nasa,0.65
1997-11-11,0.56,27.07,19.17,33.8,nasa,0.65
1997-11-12,1.97,26.22,21.63,30.07,nasa,0.64
1997-11-13,4.08,25.76,21.52,29.64,nasa,0.64
1997-11-14,20.45,24.51,20.88,27.78,nasa,0.66
1997-11-15,22.22,22.67,19.76,26.17,nasa,0.7
1997-11-16,4.9,22.7,18.72,26.81,nasa,0.71
1997-11-17,7.66,23.63,18.44,28.76,nasa,0.7
1997-11-18,12.65,22.23,19.18,26.82,nasa,0.7
1997-11-19,11.12,22.04,18.02,27.13,nasa,0.71
1997-11-20,2.24,22.75,16.91,28.43,nasa,0.71
1997-11-21,5.11,23.48,17.55,29.05,nasa,0.69
1997-11-22,1.88,22.96,20.35,25.71,nasa,0.69
1997-11-23,12.61,22.74,19.68,25.69,nasa,0.7
1997-11-24,8.9,22.57,18.91,26.6,nasa,0.71
1997-11-25,10.27,21.31,17.83,25.22,nasa,0.71
1997-11-26,3.64,20.56,17.75,23.49,nasa,0.72
1997-11-27,12.61,23.43,17.56,29.16,nasa,0.71
1997-11-28,9.0,22.79,18.88,26.35,nasa,0.73
1997-11-29,16.24,19.56,16.16,24.09,nasa,0.74
1997-11-30,4.94,21.32,15.16,27.22,nasa,0.73
1997-12-01,11.14,21.06,17.24,24.19,nasa,0.73
1997-12-02,9.79,22.11,19.82,25.63,nasa,0.74
1997-12-03,0.69,22.9,17.56,28.65,nasa,0.73
1997-12-04,4.82,21.95,18.54,25.58,nasa,0.73
1997-12-05,0.81,23.44,19.2,29.11,nasa,0.72
1997-12-06,27.14,22.3,18.15,27.83,nasa,0.74
1997-12-07,13.6,21.92,17.25,27.13,nasa,0.75
1997-12-08,7.08,23.33,19.63,27.38,nasa,0.75
1997-12-09,0.43,22.91,19.4,27.57,nasa,0.74
1997-12-10,3.08,22.74,18.12,27.95,nasa,0.74
1997-12-11,2.79,21.74,16.34,27.3,nasa,0.73
1997-12-12,3.96,22.64,16.97,27.97,nasa,0.72
1997-12-13,9.44,22.53,18.1,27.69,nasa,0.72
1997-12-14,15.96,21.68,18.52,24.62,nasa,0.74
1997-12-15,14.37,22.6,20.55,25.45,nasa,0.76
1997-12-16,2.97,22.95,19.06,27.73,nasa,0.76
1997-12-17,11.71,21.02,17.83,25.04,nasa,0.76
1997-12-18,5.8,21.65,17.31,26.88,nasa,0.75
1997-12-19,6.22,21.76,15.73,27.38,nasa,0.75
1997-12-20,3.14,22.52,17.64,27.71,nasa,0.74
1997-12-21,2.16,23.53,18.75,27.73,nasa,0.74
1997-12-22,0.26,24.41,17.92,30.31,nasa,0.73
1997-12-23,1.07,25.24,19.45,30.75,nasa,0.72
1997-12-24,12.07,26.04,21.24,29.94,nasa,0.72
1997-12-25,9.44,22.61,20.54,24.39,nasa,0.73
1997-12-26,0.19,23.62,19.77,27.94,nasa,0.74
1997-12-27,1.95,24.17,19.65,28.75,nasa,0.73
1997-12-28,22.5,24.97,19.95,29.73,nasa,0.74
1997-12-29,1.11,24.71,20.88,28.1,nasa,0.75
1997-12-30,3.11,24.6,20.14,28.75,nasa,0.74
1997-12-31,0.49,24.18,20.9,27.72,nasa,0.74
1998-01-01,6.01,25.04,20.15,28.96,nasa,0.74
1998-01-02,1.27,24.3,21.28,27.5,nasa,0.74
1998-01-03,3.67,25.3,20.92,29.16,nasa,0.73
1998-01-04,8.51,24.5,20.82,29.13,nasa,0.73
1998-01-05,6.59,23.55,21.13,26.92,nasa,0.74
1998-01-06,10.29,24.63,20.68,28.71,nasa,0.74
1998-01-07,3.92,23.34,20.02,26.08,nasa,0.75
1998-01-08,19.11,22.1,18.16,26.8,nasa,0.76
1998-01-09,14.27,21.99,16.82,27.58,nasa,0.78
1998-01-10,1.19,21.23,17.21,25.5,nasa,0.77
1998-01-11,3.19,22.6,17.06,27.74,nasa,0.76
1998-01-12,6.69,22.92,19.69,27.17,nasa,0.75
1998-01-13,12.84,22.79,19.28,26.28,nasa,0.76
1998-01-14,7.01,24.03,20.06,28.17,nasa,0.77
1998-01-15,5.33,22.93,18.97,26.85,nasa,0.77
1998-01-16,17.44,21.79,18.55,25.52,nasa,0.78
1998-01-17,5.6,22.06,19.2,26.58,nasa,0.78
1998-01-18,5.99,23.43,18.03,28.77,nasa,0.78
1998-01-19,2.67,22.32,19.41,25.81,nasa,0.77
1998-01-20,2.14,22.42,18.19,27.3,nasa,0.77
1998-01-21,3.35,22.05,17.61,27.24,nasa,0.76
1998-01-22,10.87,22.88,17.19,27.76,nasa,0.76
1998-01-23,1.39,23.06,18.03,27.9,nasa,0.76
1998-01-24,15.3,22.92,18.68,27.0,nasa,0.76
1998-01-25,7.54,24.1,18.71,29.02,nasa,0.77
1998-01-26,0.44,23.94,20.29,27.56,nasa,0.77
1998-01-27,5.25,24.45,19.69,29.15,nasa,0.76
1998-01-28,13.11,24.78,20.55,28.54,nasa,0.76
1998-01-29,11.98,24.14,21.19,28.17,nasa,0.78
1998-01-30,0.99,23.69,19.39,29.01,nasa,0.78
1998-01-31,0.06,24.02,17.03,29.56,nasa,0.76
1998-02-01,0.05,25.12,20.34,29.3,nasa,0.75
1998-02-02,4.0,25.44,21.7,30.28,nasa,0.74
1998-02-03,7.36,24.42,20.13,28.72,nasa,0.74
1998-02-04,2.29,25.36,20.34,30.15,nasa,0.75
1998-02-05,2.87,25.09,21.28,29.06,nasa,0.74
1998-02-06,3.89,24.68,21.32,28.92,nasa,0.74
1998-02-07,3.4,25.27,20.86,29.62,nasa,0.74
1998-02-08,6.59,25.03,22.19,28.39,nasa,0.74
1998-02-09,7.4,24.7,21.8,27.77,nasa,0.75
1998-02-10,7.68,24.79,21.38,28.92,nasa,0.76
1998-02-11,7.56,24.75,19.8,30.18,nasa,0.76
1998-02-12,0.38,21.13,18.62,24.74,nasa,0.76
1998-02-13,7.81,21.5,17.25,25.39,nasa,0.76
1998-02-14,7.67,23.23,17.79,28.39,nasa,0.76
1998-02-15,27.73,22.07,20.09,25.25,nasa,0.78
1998-02-16,29.5,20.88,18.96,24.13,nasa,0.82
1998-02-17,6.26,22.52,18.08,27.61,nasa,0.83
1998-02-18,4.68,23.08,18.21,28.15,nasa,0.81
1998-02-19,7.77,23.67,18.43,28.72,nasa,0.8
1998-02-20,4.61,23.47,19.46,28.36,nasa,0.8
1998-02-21,5.76,23.55,19.76,28.32,nasa,0.79
1998-02-22,7.03,23.1,19.87,27.29,nasa,0.79
1998-02-23,7.52,22.29,19.48,25.66,nasa,0.8
1998-02-24,17.38,22.03,20.2,24.66,nasa,0.81
1998-02-25,21.92,22.33,19.79,25.57,nasa,0.83
1998-02-26,4.93,23.03,20.6,26.22,nasa,0.83
1998-02-27,4.49,23.9,20.17,28.76,nasa,0.82
1998-02-28,0.53,23.91,20.61,28.81,nasa,0.81
1998-03-01,1.44,23.99,18.75,29.35,nasa,0.8
1998-03-02,2.78,24.26,19.3,28.66,nasa,0.79
1998-03-03,3.53,25.01,19.71,29.01,nasa,0.79
1998-03-04,0.29,24.62,19.91,28.76,nasa,0.79
1998-03-05,0.82,24.09,19.32,28.5,nasa,0.78
1998-03-06,0.15,23.33,19.63,27.2,nasa,0.78
1998-03-07,0.22,23.14,17.41,28.29,nasa,0.77
1998-03-08,1.42,23.92,19.68,28.33,nasa,0.77
1998-03-09,0.02,23.97,18.11,29.59,nasa,0.76
1998-03-10,0.01,23.8,18.7,29.2,nasa,0.76
1998-03-11,0.59,24.92,19.62,29.81,nasa,0.75
1998-03-12,8.3,23.76,19.4,28.47,nasa,0.75
1998-03-13,6.76,23.63,19.85,27.7,nasa,0.76
1998-03-14,3.91,23.2,20.71,26.69,nasa,0.77
1998-03-15,1.4,22.65,19.65,26.36,nasa,0.77
1998-03-16,0.26,21.34,17.21,26.56,nasa,0.76
1998-03-17,0.08,20.44,15.9,25.88,nasa,0.76
1998-03-18,0.42,19.72,16.49,23.29,nasa,0.75
1998-03-19,4.45,20.77,18.48,23.74,nasa,0.75
1998-03-20,2.16,22.52,18.05,27.51,nasa,0.76
1998-03-21,10.57,23.5,19.56,28.02,nasa,0.76
1998-03-22,11.98,22.28,20.12,25.6,nasa,0.78
1998-03-23,1.18,22.05,18.39,26.91,nasa,0.78
1998-03-24,5.3,22.94,17.99,28.1,nasa,0.78
1998-03-25,11.5,22.18,19.26,25.98,nasa,0.79
1998-03-26,0.44,21.05,17.03,26.38,nasa,0.78
1998-03-27,0.36,20.7,15.84,26.35,nasa,0.77
1998-03-28,2.1,22.33,17.43,27.53,nasa,0.76
1998-03-29,7.73,22.93,19.1,27.08,nasa,0.77
1998-03-30,12.03,22.82,19.38,26.25,nasa,0.78
1998-03-31,3.89,23.25,19.13,27.26,nasa,0.79
1998-04-01,6.11,23.29,19.63,28.01,nasa,0.78
1998-04-02,0.8,20.44,16.4,25.25,nasa,0.78
1998-04-03,0.05,17.54,12.71,23.19,nasa,0.77
1998-04-04,0.0,16.49,11.59,22.99,nasa,0.76
1998-04-05,0.0,16.69,11.04,22.99,nasa,0.76
1998-04-06,0.0,18.82,12.88,24.96,nasa,0.75
1998-04-07,0.1,20.66,15.13,25.29,nasa,0.75
1998-04-08,1.05,22.16,19.1,25.35,nasa,0.75
1998-04-09,1.63,23.4,17.55,28.26,nasa,0.74
1998-04-10,0.13,23.35,18.77,28.41,nasa,0.74
1998-04-11,0.0,22.21,17.49,27.61,nasa,0.73
1998-04-12,0.0,22.47,17.76,27.82,nasa,0.73
1998-04-13,0.0,22.4,17.75,27.96,nasa,0.72
1998-04-14,0.0,22.8,18.04,27.56,nasa,0.72
1998-04-15,0.6,23.03,17.62,27.92,nasa,0.72
1998-04-16,1.62,23.15,17.93,28.04,nasa,0.71
1998-04-17,2.82,23.24,19.35,27.49,nasa,0.71
1998-04-18,7.91,22.15,19.08,25.53,nasa,0.72
1998-04-19,0.0,20.23,14.71,26.89,nasa,0.72
1998-04-20,0.04,20.24,12.73,27.13,nasa,0.72
1998-04-21,0.04,21.8,16.99,27.4,nasa,0.71
1998-04-22,0.01,22.22,17.54,27.85,nasa,0.71
1998-04-23,0.09,21.74,16.88,26.91,nasa,0.7
1998-04-24,0.36,22.09,16.09,27.67,nasa,0.7
1998-04-25,0.03,22.52,17.15,28.33,nasa,0.7
1998-04-26,0.09,21.83,17.91,26.97,nasa,0.69
1998-04-27,6.44,20.81,17.27,25.24,nasa,0.69
1998-04-28,17.2,20.83,17.33,25.28,nasa,0.71
1998-04-29,8.69,21.09,18.98,23.92,nasa,0.73
1998-04-30,0.49,19.12,12.16,24.58,nasa,0.74
1998-05-01,0.02,14.49,8.28,21.92,nasa,0.73
1998-05-02,0.01,15.8,8.15,22.98,nasa,0.72
1998-05-03,0.39,18.11,12.06,24.66,nasa,0.71
1998-05-04,20.66,19.71,15.58,24.47,nasa,0.73
1998-05-05,7.09,17.66,13.34,21.96,nasa,0.75
1998-05-06,0.03,16.93,12.08,22.72,nasa,0.74
1998-05-07,0.0,16.38,12.09,21.86,nasa,0.73
1998-05-08,0.0,15.84,11.25,21.98,nasa,0.73
1998-05-09,0.0,15.69,10.43,21.98,nasa,0.72
1998-05-10,0.0,15.23,7.45,21.38,nasa,0.72
1998-05-11,0.03,15.69,8.31,22.75,nasa,0.71
1998-05-12,0.0,17.55,9.93,24.14,nasa,0.71
1998-05-13,0.0,19.45,12.74,25.34,nasa,0.7
1998-05-14,0.3,18.87,11.96,25.48,nasa,0.7
1998-05-15,0.23,20.45,16.56,25.45,nasa,0.7
1998-05-16,0.79,20.28,16.87,24.84,nasa,0.69
1998-05-17,0.0,16.07,14.26,17.64,nasa,0.69
1998-05-18,0.0,15.35,12.61,18.46,nasa,0.69
1998-05-19,0.07,16.29,12.95,20.01,nasa,0.7
1998-05-20,0.03,17.84,13.05,23.21,nasa,0.69
1998-05-21,0.0,19.16,13.47,24.68,nasa,0.69
1998-05-22,0.0,18.81,13.78,24.22,nasa,0.69
1998-05-23,0.0,18.95,12.47,25.3,nasa,0.68
1998-05-24,0.01,19.94,12.09,26.26,nasa,0.68
1998-05-25,0.35,19.36,13.84,25.68,nasa,0.68
1998-05-26,0.0,17.6,14.07,22.62,nasa,0.68
1998-05-27,9.31,18.38,14.45,23.43,nasa,0.69
1998-05-28,2.57,17.79,13.53,23.56,nasa,0.7
1998-05-29,30.52,17.34,13.08,21.95,nasa,0.71
1998-05-30,9.22,17.14,13.88,22.34,nasa,0.74
1998-05-31,0.01,14.55,9.75,20.24,nasa,0.73
1998-06-01,0.0,14.2,8.98,20.92,nasa,0.72
1998-06-02,0.01,15.19,9.78,20.79,nasa,0.72
1998-06-03,0.03,17.09,13.46,21.94,nasa,0.71
1998-06-04,0.02,16.12,12.27,21.64,nasa,0.71
1998-06-05,0.0,14.68,10.21,20.83,nasa,0.71
1998-06-06,0.0,15.24,10.4,21.74,nasa,0.7
1998-06-07,0.0,14.73,7.44,21.49,nasa,0.7
1998-06-08,0.0,15.0,7.18,20.92,nasa,0.69
1998-06-09,0.0,14.37,7.0,21.96,nasa,0.69
1998-06-10,0.0,16.18,9.23,23.3,nasa,0.69
1998-06-11,0.0,16.79,10.22,25.08,nasa,0.68
1998-06-12,0.0,15.91,11.84,22.07,nasa,0.68
1998-06-13,0.0,15.74,11.13,21.66,nasa,0.68
1998-06-14,0.0,15.22,11.66,20.53,nasa,0.68
1998-06-15,0.0,14.29,9.73,20.95,nasa,0.68
1998-06-16,0.0,13.95,8.96,21.26,nasa,0.68
1998-06-17,0.0,15.54,10.45,23.13,nasa,0.68
1998-06-18,0.02,17.9,12.52,25.15,nasa,0.67
1998-06-19,0.28,17.7,11.15,25.62,nasa,0.67
1998-06-20,0.55,17.85,13.06,24.22,nasa,0.67
1998-06-21,0.04,16.22,11.3,22.77,nasa,0.67
1998-06-22,0.06,17.07,11.54,23.54,nasa,0.67
1998-06-23,0.04,17.03,11.83,23.86,nasa,0.67
1998-06-24,0.03,18.41,12.87,24.89,nasa,0.66
1998-06-25,0.13,13.97,8.94,18.4,nasa,0.66
1998-06-26,0.0,13.45,7.81,20.46,nasa,0.66
1998-06-27,0.0,16.06,11.31,21.37,nasa,0.66
1998-06-28,0.01,17.85,12.4,23.94,nasa,0.66
1998-06-29,0.01,17.11,12.06,24.08,nasa,0.66
1998-06-30,0.0,16.2,10.91,23.4,nasa,0.66
1998-07-01,0.0,15.49,9.29,22.92,nasa,0.66
1998-07-02,0.0,18.09,11.1,24.84,nasa,0.66
1998-07-03,0.0,17.54,11.72,25.29,nasa,0.65
1998-07-04,0.03,16.98,11.66,24.25,nasa,0.65
1998-07-05,0.09,17.44,12.36,23.56,nasa,0.65
1998-07-06,0.0,16.37,10.36,24.49,nasa,0.65
1998-07-07,0.0,17.33,9.25,25.71,nasa,0.65
1998-07-08,0.0,19.44,14.04,26.93,nasa,0.65
1998-07-09,0.06,18.58,12.52,26.43,nasa,0.65
1998-07-10,0.01,14.59,11.09,19.97,nasa,0.64
1998-07-11,0.0,13.79,9.26,19.16,nasa,0.64
1998-07-12,0.0,13.2,8.39,21.2,nasa,0.64
1998-07-13,0.0,13.07,8.14,20.79,nasa,0.64
1998-07-14,0.0,14.23,8.37,21.29,nasa,0.64
1998-07-15,0.0,15.22,7.42,23.29,nasa,0.64
1998-07-16,0.0,16.29,8.12,24.41,nasa,0.64
1998-07-17,0.0,15.78,8.01,24.5,nasa,0.64
1998-07-18,0.0,17.35,10.23,26.19,nasa,0.64
1998-07-19,0.0,18.07,10.17,26.47,nasa,0.63
1998-07-20,0.02,19.13,12.47,26.08,nasa,0.63
1998-07-21,0.0,19.91,12.24,27.43,nasa,0.63
1998-07-22,0.0,20.14,14.92,27.9,nasa,0.63
1998-07-23,0.0,19.55,13.24,26.87,nasa,0.63
1998-07-24,0.0,18.51,13.24,25.37,nasa,0.63
1998-07-25,0.0,18.35,12.83,25.1,nasa,0.63
1998-07-26,0.0,18.8,11.52,26.06,nasa,0.63
1998-07-27,0.0,20.25,13.79,27.12,nasa,0.62
1998-07-28,0.0,19.24,11.21,27.77,nasa,0.62
1998-07-29,0.0,19.33,12.41,28.1,nasa,0.62
1998-07-30,0.22,18.15,12.21,25.6,nasa,0.62
1998-07-31,0.13,18.73,13.35,25.86,nasa,0.62
1998-08-01,0.05,18.2,12.06,25.25,nasa,0.62
1998-08-02,1.46,18.36,11.65,25.74,nasa,0.62
1998-08-03,0.18,19.85,13.51,26.79,nasa,0.62
1998-08-04,0.43,20.38,14.69,27.75,nasa,0.62
1998-08-05,2.4,20.26,15.25,26.67,nasa,0.62
1998-08-06,11.74,18.5,14.27,24.55,nasa,0.63
1998-08-07,1.71,17.81,14.41,23.67,nasa,0.65
1998-08-08,1.58,19.44,14.85,25.16,nasa,0.64
1998-08-09,10.34,18.92,15.45,24.17,nasa,0.65
1998-08-10,0.47,20.26,14.91,25.77,nasa,0.66
1998-08-11,0.01,20.71,14.15,27.67,nasa,0.65
1998-08-12,0.0,21.19,14.59,28.58,nasa,0.65
1998-08-13,0.02,23.04,15.91,30.32,nasa,0.64
1998-08-14,0.02,21.89,15.71,29.2,nasa,0.64
1998-08-15,0.0,21.13,13.68,29.24,nasa,0.63
1998-08-16,0.0,22.68,14.74,31.32,nasa,0.63
1998-08-17,0.0,20.65,14.6,29.02,nasa,0.63
1998-08-18,0.0,19.62,12.6,27.59,nasa,0.62
1998-08-19,0.02,21.54,13.53,30.4,nasa,0.62
1998-08-20,0.0,23.57,17.35,30.27,nasa,0.62
1998-08-21,0.0,22.53,14.91,30.61,nasa,0.62
1998-08-22,0.1,22.24,15.22,30.46,nasa,0.61
1998-08-23,0.01,21.48,15.1,29.04,nasa,0.61
1998-08-24,0.0,21.86,15.78,29.1,nasa,0.61
1998-08-25,0.0,22.72,14.79,30.27,nasa,0.61
1998-08-26,0.0,22.67,14.48,31.32,nasa,0.61
1998-08-27,0.0,22.27,14.18,31.13,nasa,0.6
1998-08-28,0.01,21.61,14.42,29.71,nasa,0.6
1998-08-29,0.2,22.13,15.12,29.98,nasa,0.6
1998-08-30,2.25,20.43,13.84,27.99,nasa,0.6
1998-08-31,9.92,16.06,12.79,21.94,nasa,0.62
1998-09-01,0.41,18.28,11.99,26.36,nasa,0.62
1998-09-02,0.64,18.85,11.53,26.69,nasa,0.62
1998-09-03,0.0,19.76,12.48,27.55,nasa,0.62
1998-09-04,0.02,21.42,13.61,29.57,nasa,0.61
1998-09-05,0.1,22.63,14.41,30.73,nasa,0.61
1998-09-06,1.68,23.29,17.67,30.47,nasa,0.61
1998-09-07,0.35,23.21,16.65,31.65,nasa,0.61
1998-09-08,0.44,24.33,17.5,32.93,nasa,0.61
1998-09-09,1.23,22.73,16.35,31.96,nasa,0.61
1998-09-10,0.05,21.15,14.81,28.22,nasa,0.6
1998-09-11,0.0,22.78,16.51,31.13,nasa,0.6
1998-09-12,0.0,23.13,15.12,31.95,nasa,0.6
1998-09-13,0.06,23.8,14.71,32.62,nasa,0.6
1998-09-14,0.09,23.98,15.64,32.81,nasa,0.6
1998-09-15,2.43,23.64,17.7,32.13,nasa,0.6
1998-09-16,1.45,22.93,16.31,31.87,nasa,0.6
1998-09-17,0.25,22.41,14.26,31.76,nasa,0.6
1998-09-18,1.03,25.7,16.06,34.39,nasa,0.6
1998-09-19,0.99,26.49,19.57,34.5,nasa,0.6
1998-09-20,8.99,22.95,17.29,31.62,nasa,0.6
1998-09-21,0.75,21.0,16.07,28.73,nasa,0.61
1998-09-22,0.02,19.69,13.56,28.34,nasa,0.61
1998-09-23,0.0,19.38,12.86,28.08,nasa,0.6
1998-09-24,0.23,20.89,12.92,29.44,nasa,0.6
1998-09-25,6.57,20.28,14.28,26.4,nasa,0.6
1998-09-26,1.35,23.65,15.48,30.87,nasa,0.61
1998-09-27,4.39,24.88,16.92,32.64,nasa,0.61
1998-09-28,3.22,25.78,18.53,32.79,nasa,0.61
1998-09-29,3.01,24.62,19.49,31.14,nasa,0.62
1998-09-30,3.63,23.24,17.65,30.19,nasa,0.62
1998-10-01,5.72,21.04,17.01,26.65,nasa,0.62
1998-10-02,0.6,21.06,14.63,28.42,nasa,0.62
1998-10-03,9.35,22.31,14.93,29.55,nasa,0.62
1998-10-04,1.05,24.38,16.7,32.2,nasa,0.63
1998-10-05,3.19,25.02,18.41,33.17,nasa,0.63
1998-10-06,0.2,26.3,19.46,33.17,nasa,0.62
1998-10-07,16.82,23.77,19.61,28.56,nasa,0.64
1998-10-08,18.01,21.36,17.67,25.13,nasa,0.66
1998-10-09,7.83,22.6,16.91,28.89,nasa,0.67
1998-10-10,0.06,21.01,13.49,28.87,nasa,0.66
1998-10-11,19.03,21.77,15.81,26.79,nasa,0.67
1998-10-12,6.91,23.43,19.18,28.03,nasa,0.67
1998-10-13,9.42,22.15,17.55,27.78,nasa,0.68
1998-10-14,0.23,21.96,16.03,28.62,nasa,0.67
1998-10-15,2.69,22.58,14.54,29.53,nasa,0.66
1998-10-16,17.14,21.71,18.88,25.01,nasa,0.67
1998-10-17,2.42,21.79,15.78,28.05,nasa,0.68
1998-10-18,0.68,19.85,14.53,26.32,nasa,0.67
1998-10-19,0.03,20.22,13.99,26.74,nasa,0.66
1998-10-20,0.01,20.92,14.93,27.92,nasa,0.65
1998-10-21,0.0,20.43,12.18,28.75,nasa,0.65
1998-10-22,0.0,20.62,11.79,29.18,nasa,0.64
1998-10-23,0.46,22.71,14.29,29.75,nasa,0.64
1998-10-24,3.75,23.4,17.83,29.83,nasa,0.63
1998-10-25,2.16,22.26,17.06,29.16,nasa,0.63
1998-10-26,2.48,20.73,18.64,24.4,nasa,0.64
1998-10-27,6.59,22.35,17.77,29.22,nasa,0.64
1998-10-28,4.55,23.35,19.21,29.06,nasa,0.65
1998-10-29,7.88,21.66,16.76,26.07,nasa,0.65
1998-10-30,16.42,19.54,16.17,24.55,nasa,0.67
1998-10-31,6.78,17.19,14.48,21.2,nasa,0.69
1998-11-01,1.46,18.69,13.06,23.86,nasa,0.68
1998-11-02,2.64,19.08,15.36,23.07,nasa,0.68
1998-11-03,11.34,19.5,15.09,25.41,nasa,0.68
1998-11-04,1.36,21.14,18.07,25.62,nasa,0.69
1998-11-05,0.24,21.61,16.54,27.11,nasa,0.68
1998-11-06,0.08,22.19,16.97,28.32,nasa,0.67
1998-11-07,1.35,22.45,16.8,28.39,nasa,0.66
1998-11-08,6.81,22.84,18.86,27.96,nasa,0.66
1998-11-09,3.78,23.17,17.48,29.68,nasa,0.66
1998-11-10,6.87,20.75,15.82,26.43,nasa,0.66
1998-11-11,13.66,20.0,15.82,25.73,nasa,0.68
1998-11-12,0.37,19.31,13.16,25.18,nasa,0.68
1998-11-13,10.44,19.34,14.89,25.08,nasa,0.68
1998-11-14,3.89,19.29,15.67,24.45,nasa,0.69
1998-11-15,0.14,20.62,14.14,27.12,nasa,0.68
1998-11-16,0.04,22.08,15.54,28.76,nasa,0.67
1998-11-17,1.32,24.26,17.63,30.47,nasa,0.66
1998-11-18,2.24,25.88,19.63,33.05,nasa,0.65
1998-11-19,0.35,22.6,16.49,30.52,nasa,0.65
1998-11-20,0.11,22.87,15.4,29.87,nasa,0.64
1998-11-21,0.63,23.75,17.57,30.34,nasa,0.64
1998-11-22,2.72,22.51,17.49,28.99,nasa,0.64
1998-11-23,0.53,21.93,15.37,28.82,nasa,0.64
1998-11-24,0.15,22.8,14.71,30.67,nasa,0.63
1998-11-25,0.61,24.25,17.3,31.25,nasa,0.63
1998-11-26,14.76,24.72,18.1,30.6,nasa,0.64
1998-11-27,6.14,22.64,18.61,27.4,nasa,0.65
1998-11-28,1.36,22.72,16.78,29.43,nasa,0.65
1998-11-29,2.37,23.59,17.94,29.61,nasa,0.65
1998-11-30,2.0,24.48,18.28,31.61,nasa,0.65
1998-12-01,0.09,23.72,17.2,30.27,nasa,0.64
1998-12-02,0.16,24.83,19.79,31.07,nasa,0.63
1998-12-03,0.03,25.83,18.7,34.02,nasa,0.63
1998-12-04,2.64,24.29,18.62,30.91,nasa,0.62
1998-12-05,32.95,23.33,20.39,27.37,nasa,0.65
1998-12-06,35.31,22.35,19.59,25.98,nasa,0.71
1998-12-07,7.38,22.93,17.4,28.38,nasa,0.73
1998-12-08,8.34,22.96,19.12,28.16,nasa,0.72
1998-12-09,8.13,22.73,19.39,26.24,nasa,0.71
1998-12-10,8.68,23.74,19.82,28.07,nasa,0.71
1998-12-11,13.32,23.04,19.89,26.49,nasa,0.71
1998-12-12,7.52,22.89,19.26,27.33,nasa,0.72
1998-12-13,1.89,23.94,20.0,28.27,nasa,0.71
1998-12-14,20.59,24.16,18.11,29.79,nasa,0.72
1998-12-15,21.01,22.96,19.45,26.4,nasa,0.74
1998-12-16,12.11,22.37,17.21,26.9,nasa,0.75
1998-12-17,21.26,22.32,18.87,26.28,nasa,0.76
1998-12-18,6.32,23.3,20.39,28.03,nasa,0.77
1998-12-19,0.02,22.16,17.27,27.69,nasa,0.75
1998-12-20,0.46,21.92,16.28,27.61,nasa,0.73
1998-12-21,0.99,22.21,15.95,27.78,nasa,0.72
1998-12-22,5.89,23.14,20.24,26.45,nasa,0.72
1998-12-23,7.59,22.68,19.34,26.52,nasa,0.72
1998-12-24,8.34,22.02,17.69,26.8,nasa,0.73
1998-12-25,18.94,20.5,17.62,24.25,nasa,0.74
1998-12-26,1.82,21.01,17.23,25.77,nasa,0.75
1998-12-27,7.01,19.59,17.4,22.32,nasa,0.74
1998-12-28,6.32,20.76,17.11,24.98,nasa,0.75
1998-12-29,4.14,22.68,18.9,27.2,nasa,0.74
1998-12-30,4.83,23.39,19.29,27.75,nasa,0.74
1998-12-31,13.49,24.0,19.03,28.4,nasa,0.74
1999-01-01,29.73,22.0,18.92,25.24,nasa,0.77
1999-01-02,8.37,22.79,17.53,28.17,nasa,0.78
1999-01-03,10.49,23.51,19.43,27.78,nasa,0.78
1999-01-04,7.96,23.01,19.61,26.22,nasa,0.78
1999-01-05,19.99,22.28,20.05,24.42,nasa,0.79
1999-01-06,40.68,22.04,19.87,24.4,nasa,0.82
1999-01-07,25.33,23.04,19.48,26.7,nasa,0.86
1999-01-08,6.76,23.6,19.23,27.28,nasa,0.85
1999-01-09,16.83,23.64,20.21,27.76,nasa,0.84
1999-01-10,4.96,23.68,18.9,28.61,nasa,0.84
1999-01-11,5.36,22.83,18.98,27.39,nasa,0.82
1999-01-12,0.96,22.38,17.73,27.07,nasa,0.82
1999-01-13,5.63,22.5,18.13,27.14,nasa,0.81
1999-01-14,6.81,22.28,18.22,27.16,nasa,0.81
1999-01-15,10.69,22.33,19.58,25.77,nasa,0.81
1999-01-16,8.74,22.65,20.06,25.2,nasa,0.82
1999-01-17,3.65,23.56,18.8,28.32,nasa,0.82
1999-01-18,0.14,24.02,19.34,29.03,nasa,0.82
1999-01-19,0.32,23.84,17.44,29.95,nasa,0.8
1999-01-20,1.73,25.29,19.49,30.15,nasa,0.79
1999-01-21,5.05,24.69,18.59,29.48,nasa,0.79
1999-01-22,3.17,23.7,20.7,27.53,nasa,0.79
1999-01-23,5.09,23.57,19.34,27.44,nasa,0.79
1999-01-24,4.09,24.05,20.12,28.17,nasa,0.79
1999-01-25,3.68,23.41,19.5,27.91,nasa,0.79
1999-01-26,18.55,23.21,19.82,26.78,nasa,0.8
1999-01-27,8.52,22.59,19.98,25.36,nasa,0.82
1999-01-28,9.45,22.67,18.83,27.12,nasa,0.82
1999-01-29,10.6,22.46,19.96,25.87,nasa,0.82
1999-01-30,25.34,22.92,19.88,26.33,nasa,0.84
1999-01-31,2.37,21.61,19.52,24.4,nasa,0.85
1999-02-01,7.39,23.34,18.95,27.87,nasa,0.84
1999-02-02,2.23,22.7,20.04,26.03,nasa,0.83
1999-02-03,7.61,23.14,18.56,27.73,nasa,0.83
1999-02-04,2.32,23.46,19.04,28.63,nasa,0.82
1999-02-05,1.5,23.12,17.39,28.86,nasa,0.81
1999-02-06,14.99,22.86,19.98,26.23,nasa,0.82
1999-02-07,13.19,22.7,17.72,27.51,nasa,0.83
1999-02-08,2.69,23.05,18.99,26.67,nasa,0.83
1999-02-09,7.29,22.5,19.72,25.72,nasa,0.83
1999-02-10,3.2,23.06,19.34,28.12,nasa,0.83
1999-02-11,9.04,22.31,19.92,24.87,nasa,0.83
1999-02-12,3.1,22.35,18.92,26.69,nasa,0.83
1999-02-13,18.01,23.01,19.22,27.01,nasa,0.84
1999-02-14,4.94,23.63,19.31,27.79,nasa,0.85
1999-02-15,9.35,23.36,19.04,27.45,nasa,0.84
1999-02-16,7.57,22.46,19.89,25.42,nasa,0.85
1999-02-17,9.37,22.2,18.89,26.5,nasa,0.85
1999-02-18,4.76,22.57,18.67,26.74,nasa,0.85
1999-02-19,10.71,22.84,18.97,26.41,nasa,0.85
1999-02-20,1.72,22.99,18.35,27.5,nasa,0.85
1999-02-21,1.11,22.44,17.0,27.18,nasa,0.84
1999-02-22,3.34,21.85,18.27,25.35,nasa,0.83
1999-02-23,13.95,20.75,18.12,23.47,nasa,0.84
1999-02-24,9.77,21.72,17.01,26.44,nasa,0.85
1999-02-25,6.07,21.83,18.93,25.75,nasa,0.85
1999-02-26,12.33,21.04,19.21,23.24,nasa,0.86
1999-02-27,29.95,20.94,19.24,23.52,nasa,0.88
1999-02-28,21.56,20.29,18.79,22.06,nasa,0.9
1999-03-01,20.11,20.64,17.7,23.23,nasa,0.91
1999-03-02,10.36,21.0,18.33,24.67,nasa,0.92
1999-03-03,0.67,22.48,17.39,27.92,nasa,0.9
1999-03-04,0.62,22.16,16.95,27.81,nasa,0.89
1999-03-05,4.49,22.34,16.75,27.85,nasa,0.89
1999-03-06,11.6,22.55,17.97,27.42,nasa,0.89
1999-03-07,6.77,21.22,19.81,23.35,nasa,0.9
1999-03-08,2.78,22.4,19.41,26.05,nasa,0.89
1999-03-09,6.71,22.89,18.84,27.73,nasa,0.89
1999-03-10,22.26,22.18,20.1,24.98,nasa,0.9
1999-03-11,10.7,22.27,20.28,25.33,nasa,0.92
1999-03-12,6.62,22.31,19.82,26.17,nasa,0.92
1999-03-13,0.34,20.91,16.66,26.04,nasa,0.91
1999-03-14,0.17,19.74,14.43,26.04,nasa,0.9
1999-03-15,0.11,19.52,14.18,25.46,nasa,0.9
1999-03-16,0.11,20.64,15.75,25.89,nasa,0.89
1999-03-17,1.18,21.01,16.7,25.84,nasa,0.88
1999-03-18,0.34,20.6,16.58,25.97,nasa,0.88
1999-03-19,0.14,20.02,15.91,25.86,nasa,0.87
1999-03-20,0.88,21.03,15.66,26.41,nasa,0.87
1999-03-21,3.74,21.93,17.52,26.76,nasa,0.86
1999-03-22,5.08,22.74,18.28,27.58,nasa,0.87
1999-03-23,15.56,22.22,18.56,26.26,nasa,0.87
1999-03-24,4.78,21.33,19.8,24.01,nasa,0.88
1999-03-25,0.74,23.15,19.59,28.04,nasa,0.88
1999-03-26,0.11,22.93,17.89,28.47,nasa,0.87
1999-03-27,0.07,23.18,17.89,28.28,nasa,0.86
1999-03-28,1.65,23.29,18.66,27.78,nasa,0.86
1999-03-29,2.34,23.3,20.3,27.29,nasa,0.86
1999-03-30,0.68,23.52,19.68,27.63,nasa,0.86
1999-03-31,7.23,22.38,20.27,24.99,nasa,0.86
1999-04-01,0.77,22.19,18.19,26.79,nasa,0.86
1999-04-02,0.04,21.36,15.64,26.55,nasa,0.85
1999-04-03,0.74,23.03,17.27,28.33,nasa,0.85
1999-04-04,0.3,22.12,17.43,27.06,nasa,0.84
1999-04-05,0.19,22.27,17.76,27.05,nasa,0.84
1999-04-06,0.09,22.59,18.38,26.99,nasa,0.83
1999-04-07,0.36,22.19,18.43,26.42,nasa,0.83
1999-04-08,0.42,20.01,16.55,25.3,nasa,0.83
1999-04-09,0.45,20.46,15.45,26.25,nasa,0.83
1999-04-10,0.05,19.58,15.14,24.94,nasa,0.82
1999-04-11,0.01,18.03,14.09,23.5,nasa,0.82
1999-04-12,0.0,19.33,14.93,24.59,nasa,0.81
1999-04-13,0.89,20.79,14.79,25.72,nasa,0.81
1999-04-14,11.24,21.84,17.85,25.78,nasa,0.82
1999-04-15,2.61,21.16,17.98,24.49,nasa,0.83
1999-04-16,1.2,20.8,17.6,24.8,nasa,0.83
1999-04-17,2.39,19.42,12.75,24.84,nasa,0.82
1999-04-18,0.0,15.8,10.35,22.66,nasa,0.82
1999-04-19,0.0,17.95,9.13,24.95,nasa,0.81
1999-04-20,0.1,20.51,15.81,25.54,nasa,0.81
1999-04-21,0.06,20.78,15.7,26.36,nasa,0.8
1999-04-22,0.71,20.29,16.5,25.23,nasa,0.8
1999-04-23,0.13,19.22,15.45,23.89,nasa,0.8
1999-04-24,0.25,18.92,14.33,23.81,nasa,0.79
1999-04-25,0.04,18.75,13.54,24.72,nasa,0.79
1999-04-26,0.0,18.43,13.15,24.58,nasa,0.79
1999-04-27,0.0,18.42,14.26,23.64,nasa,0.78
1999-04-28,0.0,18.12,13.66,23.1,nasa,0.78
1999-04-29,0.0,17.78,12.8,22.98,nasa,0.78
1999-04-30,0.0,18.55,13.13,24.12,nasa,0.78
1999-05-01,0.0,18.3,12.19,24.86,nasa,0.77
1999-05-02,0.0,17.64,13.0,23.64,nasa,0.77
1999-05-03,0.01,18.25,13.17,24.1,nasa,0.77
1999-05-04,0.06,18.43,12.7,24.2,nasa,0.76
1999-05-05,0.83,18.29,12.27,24.38,nasa,0.76
1999-05-06,0.68,19.29,14.01,25.13,nasa,0.76
1999-05-07,15.64,19.46,16.72,23.88,nasa,0.78
1999-05-08,0.02,18.25,13.81,23.89,nasa,0.78
1999-05-09,0.0,16.6,12.28,22.63,nasa,0.77
1999-05-10,0.0,16.85,12.44,22.55,nasa,0.77
1999-05-11,0.18,17.94,12.62,23.08,nasa,0.76
1999-05-12,0.05,18.2,13.17,23.42,nasa,0.76
1999-05-13,0.03,17.13,12.04,23.02,nasa,0.76
1999-05-14,0.0,14.39,10.09,20.64,nasa,0.75
1999-05-15,0.0,13.62,9.36,20.12,nasa,0.75
1999-05-16,0.0,14.3,9.94,20.54,nasa,0.75
1999-05-17,0.0,15.64,9.79,21.23,nasa,0.74
1999-05-18,0.0,17.02,10.0,22.46,nasa,0.74
1999-05-19,0.0,17.32,12.65,23.17,nasa,0.74
1999-05-20,0.0,13.72,8.08,19.93,nasa,0.74
1999-05-21,0.0,12.13,5.23,19.34,nasa,0.73
1999-05-22,0.0,12.44,7.72,19.52,nasa,0.73
1999-05-23,0.0,12.72,5.36,20.8,nasa,0.73
1999-05-24,0.0,14.78,7.49,23.46,nasa,0.73
1999-05-25,0.0,15.32,9.56,22.53,nasa,0.73
1999-05-26,0.0,16.56,11.56,22.79,nasa,0.72
1999-05-27,0.0,17.03,11.07,22.89,nasa,0.72
1999-05-28,0.01,16.82,12.52,22.46,nasa,0.72
1999-05-29,0.31,17.91,13.45,23.07,nasa,0.72
1999-05-30,0.01,16.91,9.65,24.3,nasa,0.72
1999-05-31,0.0,11.77,5.73,18.5,nasa,0.72
1999-06-01,0.01,13.48,8.11,20.09,nasa,0.72
1999-06-02,0.0,16.11,8.58,22.99,nasa,0.71
1999-06-03,0.0,16.81,10.14,23.64,nasa,0.71
1999-06-04,0.09,18.15,12.28,23.76,nasa,0.71
1999-06-05,0.92,17.27,12.32,22.41,nasa,0.71
1999-06-06,0.61,16.62,12.89,21.7,nasa,0.71
1999-06-07,0.23,15.83,12.17,20.91,nasa,0.71
1999-06-08,0.04,16.43,12.9,21.86,nasa,0.71
1999-06-09,0.02,16.98,12.83,22.76,nasa,0.7
1999-06-10,0.02,16.79,12.75,22.28,nasa,0.7
1999-06-11,0.19,18.27,14.04,22.96,nasa,0.7
1999-06-12,6.16,17.33,13.08,22.56,nasa,0.71
1999-06-13,2.4,17.3,12.72,22.79,nasa,0.71
1999-06-14,10.71,16.49,12.26,21.46,nasa,0.72
1999-06-15,2.91,16.73,13.29,21.37,nasa,0.73
1999-06-16,0.03,16.29,11.85,21.73,nasa,0.72
1999-06-17,0.0,15.64,10.13,22.17,nasa,0.72
1999-06-18,0.02,15.71,8.73,22.85,nasa,0.71
1999-06-19,0.04,18.31,13.81,23.96,nasa,0.71
1999-06-20,10.85,17.12,13.68,20.91,nasa,0.72
1999-06-21,0.12,17.55,12.78,22.98,nasa,0.72
1999-06-22,0.07,15.19,9.29,21.04,nasa,0.72
1999-06-23,0.01,14.63,6.76,21.26,nasa,0.71
1999-06-24,0.0,14.48,6.81,21.61,nasa,0.71
1999-06-25,0.0,15.76,8.26,23.58,nasa,0.71
1999-06-26,0.0,16.59,10.26,24.03,nasa,0.7
1999-06-27,0.0,16.63,11.05,22.7,nasa,0.7
1999-06-28,0.0,16.23,9.3,23.4,nasa,0.7
1999-06-29,0.04,17.34,10.57,25.29,nasa,0.69
1999-06-30,1.32,18.04,13.49,24.73,nasa,0.69
1999-07-01,0.05,16.54,11.48,22.41,nasa,0.69
1999-07-02,0.0,17.29,12.36,23.27,nasa,0.69
1999-07-03,0.0,17.1,10.64,23.88,nasa,0.69
1999-07-04,0.05,18.53,11.24,25.03,nasa,0.68
1999-07-05,1.93,17.18,13.87,22.0,nasa,0.68
1999-07-06,0.08,16.31,11.26,22.56,nasa,0.68
1999-07-07,0.08,17.14,11.87,23.52,nasa,0.68
1999-07-08,3.66,17.51,11.08,23.99,nasa,0.68
1999-07-09,1.42,17.03,12.77,23.57,nasa,0.68
1999-07-10,0.03,15.37,10.5,22.32,nasa,0.68
1999-07-11,0.0,15.21,10.91,21.71,nasa,0.68
1999-07-12,0.0,14.07,10.05,20.78,nasa,0.68
1999-07-13,0.0,14.76,8.56,22.06,nasa,0.68
1999-07-14,0.0,15.69,10.19,22.81,nasa,0.67
1999-07-15,0.11,16.62,9.25,23.83,nasa,0.67
1999-07-16,0.06,18.15,12.61,24.5,nasa,0.67
1999-07-17,0.01,19.16,13.75,25.51,nasa,0.67
1999-07-18,0.01,19.38,14.24,25.52,nasa,0.66
1999-07-19,0.0,19.26,14.06,24.78,nasa,0.66
1999-07-20,0.0,18.34,12.21,25.38,nasa,0.66
1999-07-21,0.04,19.84,13.4,27.05,nasa,0.66
1999-07-22,0.81,19.25,14.16,25.42,nasa,0.66
1999-07-23,2.44,16.89,12.86,22.51,nasa,0.66
1999-07-24,1.91,18.22,13.3,23.98,nasa,0.66
1999-07-25,0.03,18.81,13.76,24.87,nasa,0.66
1999-07-26,0.07,19.0,12.43,25.49,nasa,0.66
1999-07-27,0.0,18.79,11.97,25.49,nasa,0.66
1999-07-28,0.0,19.1,13.26,26.69,nasa,0.65
1999-07-29,0.0,18.37,13.06,25.1,nasa,0.65
1999-07-30,0.0,18.87,12.18,25.65,nasa,0.65
1999-07-31,0.0,17.84,11.87,24.74,nasa,0.65
1999-08-01,0.0,16.19,9.24,24.07,nasa,0.65
1999-08-02,0.0,17.52,10.75,24.71,nasa,0.65
1999-08-03,0.0,16.65,10.66,25.21,nasa,0.64
1999-08-04,0.0,16.03,10.29,24.42,nasa,0.64
1999-08-05,0.0,16.69,10.4,24.07,nasa,0.64
1999-08-06,0.0,15.98,7.67,24.2,nasa,0.64
1999-08-07,0.0,16.07,8.05,25.15,nasa,0.64
1999-08-08,0.0,18.04,11.78,26.79,nasa,0.64
1999-08-09,0.0,17.62,11.13,25.58,nasa,0.63
1999-08-10,0.0,19.19,10.52,27.6,nasa,0.63
1999-08-11,0.0,19.32,10.68,28.33,nasa,0.63
1999-08-12,0.0,19.87,10.67,28.24,nasa,0.63
1999-08-13,0.0,19.88,10.88,28.5,nasa,0.63
1999-08-14,0.01,18.81,10.89,28.49,nasa,0.63
1999-08-15,0.0,10.86,7.91,15.33,nasa,0.63
1999-08-16,0.0,11.59,7.2,18.1,nasa,0.63
1999-08-17,0.0,13.73,7.66,20.89,nasa,0.63
1999-08-18,0.0,15.74,9.23,23.41,nasa,0.62
1999-08-19,0.0,17.12,9.6,24.99,nasa,0.62
1999-08-20,0.0,17.8,12.01,26.23,nasa,0.62
1999-08-21,0.0,17.78,12.55,25.64,nasa,0.62
1999-08-22,0.0,17.67,9.58,25.72,nasa,0.62
1999-08-23,0.0,17.19,8.74,26.0,nasa,0.62
1999-08-24,0.0,17.86,10.94,26.63,nasa,0.62
1999-08-25,0.0,17.89,9.39,26.73,nasa,0.61
1999-08-26,0.0,18.76,9.54,27.62,nasa,0.61
1999-08-27,0.0,20.42,12.52,28.94,nasa,0.61
1999-08-28,0.0,20.74,11.88,30.0,nasa,0.61
1999-08-29,0.0,21.94,13.08,31.26,nasa,0.61
1999-08-30,0.0,21.85,14.38,31.46,nasa,0.61
1999-08-31,0.0,21.57,13.3,30.97,nasa,0.61
1999-09-01,0.0,20.79,13.21,29.73,nasa,0.6
1999-09-02,0.0,21.11,10.93,29.69,nasa,0.6
1999-09-03,0.0,21.54,11.96,29.74,nasa,0.6
1999-09-04,0.37,20.68,11.63,31.08,nasa,0.6
1999-09-05,0.36,21.81,12.8,31.29,nasa,0.6
1999-09-06,0.36,22.34,14.71,31.14,nasa,0.6
1999-09-07,0.0,23.07,13.49,33.38,nasa,0.6
1999-09-08,0.37,24.22,14.81,33.77,nasa,0.6
1999-09-09,4.69,24.16,16.06,32.49,nasa,0.6
1999-09-10,17.65,21.21,16.05,27.65,nasa,0.62
1999-09-11,0.34,19.02,13.89,26.49,nasa,0.63
1999-09-12,5.93,19.98,13.59,27.52,nasa,0.63
1999-09-13,0.86,20.76,15.11,27.15,nasa,0.63
1999-09-14,4.95,22.61,14.42,30.12,nasa,0.63
1999-09-15,7.09,22.24,16.99,28.11,nasa,0.64
1999-09-16,1.15,21.59,16.57,28.24,nasa,0.64
1999-09-17,0.94,20.45,14.07,28.26,nasa,0.63
1999-09-18,0.5,20.67,14.06,28.74,nasa,0.63
1999-09-19,0.24,21.13,15.62,27.69,nasa,0.62
1999-09-20,0.56,22.11,15.85,28.32,nasa,0.62
1999-09-21,2.11,21.08,15.77,27.23,nasa,0.62
1999-09-22,0.6,19.86,13.25,27.47,nasa,0.62
1999-09-23,0.73,15.79,10.15,23.79,nasa,0.62
1999-09-24,0.34,14.43,6.75,23.62,nasa,0.62
1999-09-25,0.63,16.03,7.35,25.1,nasa,0.61
1999-09-26,0.36,18.59,7.49,28.29,nasa,0.61
1999-09-27,0.37,20.61,11.76,30.45,nasa,0.61
1999-09-28,0.72,20.66,12.07,29.93,nasa,0.61
1999-09-29,0.48,23.77,16.19,33.77,nasa,0.6
1999-09-30,1.25,22.96,15.31,31.61,nasa,0.6
1999-10-01,0.16,25.09,16.42,33.53,nasa,0.6
1999-10-02,2.47,26.41,19.43,34.92,nasa,0.6
1999-10-03,0.28,20.03,14.32,26.75,nasa,0.6
1999-10-04,0.12,16.95,12.79,22.64,nasa,0.6
1999-10-05,0.01,18.37,11.78,25.66,nasa,0.6
1999-10-06,0.0,19.93,12.11,28.35,nasa,0.6
1999-10-07,0.13,21.7,13.48,29.99,nasa,0.6
1999-10-08,0.66,21.79,14.18,30.28,nasa,0.59
1999-10-09,0.02,22.81,15.46,31.86,nasa,0.59
1999-10-10,0.02,20.23,11.23,30.78,nasa,0.59
1999-10-11,0.0,22.34,12.72,32.45,nasa,0.59
1999-10-12,0.0,22.78,14.68,31.64,nasa,0.59
1999-10-13,0.0,23.6,14.27,33.31,nasa,0.59
1999-10-14,0.01,24.71,15.86,34.25,nasa,0.59
1999-10-15,0.12,25.64,16.8,34.88,nasa,0.59
1999-10-16,2.0,27.08,18.52,36.2,nasa,0.59
1999-10-17,4.0,25.55,18.47,35.0,nasa,0.59
1999-10-18,3.76,23.62,18.91,30.51,nasa,0.6
1999-10-19,11.29,19.84,15.44,25.67,nasa,0.61
1999-10-20,2.86,21.15,13.58,29.52,nasa,0.62
1999-10-21,0.29,22.43,15.39,30.51,nasa,0.62
1999-10-22,0.44,21.84,15.56,30.22,nasa,0.61
1999-10-23,0.55,21.12,13.87,29.87,nasa,0.61
1999-10-24,0.06,21.0,12.11,30.94,nasa,0.6
1999-10-25,10.61,19.01,14.14,24.87,nasa,0.61
1999-10-26,5.85,17.07,14.35,20.92,nasa,0.62
1999-10-27,1.41,17.4,14.96,20.67,nasa,0.63
1999-10-28,0.32,21.2,14.65,28.07,nasa,0.63
1999-10-29,0.4,22.64,15.65,30.23,nasa,0.62
1999-10-30,1.57,22.2,17.08,28.93,nasa,0.62
1999-10-31,0.16,20.0,14.04,26.7,nasa,0.61
1999-11-01,0.03,19.65,12.68,27.55,nasa,0.61
1999-11-02,0.0,21.15,13.26,29.42,nasa,0.61
1999-11-03,0.0,23.02,15.07,30.94,nasa,0.6
1999-11-04,0.08,24.46,17.1,31.62,nasa,0.6
1999-11-05,6.79,23.6,19.22,28.94,nasa,0.6
1999-11-06,1.97,22.83,16.79,30.09,nasa,0.61
1999-11-07,2.0,22.16,15.36,29.72,nasa,0.61
1999-11-08,4.24,23.31,16.72,30.63,nasa,0.61
1999-11-09,22.72,21.35,19.08,24.48,nasa,0.63
1999-11-10,6.95,17.13,12.63,20.55,nasa,0.66
1999-11-11,2.0,17.72,11.76,23.73,nasa,0.65
1999-11-12,13.39,17.68,13.71,21.66,nasa,0.65
1999-11-13,5.3,20.38,17.72,23.59,nasa,0.67
1999-11-14,3.72,21.5,15.95,28.38,nasa,0.66
1999-11-15,0.64,19.61,13.43,26.85,nasa,0.65
1999-11-16,0.04,19.53,12.01,26.87,nasa,0.64
1999-11-17,0.23,19.74,13.88,26.19,nasa,0.64
1999-11-18,0.35,21.05,13.93,28.19,nasa,0.63
1999-11-19,7.68,21.93,16.35,27.69,nasa,0.63
1999-11-20,7.48,22.06,19.24,26.79,nasa,0.64
1999-11-21,1.93,20.09,17.07,23.01,nasa,0.65
1999-11-22,2.36,21.77,16.99,27.47,nasa,0.65
1999-11-23,0.52,23.21,15.24,31.0,nasa,0.64
1999-11-24,2.98,23.6,18.01,30.17,nasa,0.63
1999-11-25,0.16,25.1,17.8,32.57,nasa,0.63
1999-11-26,2.59,24.42,18.98,29.98,nasa,0.63
1999-11-27,0.13,24.74,17.72,32.26,nasa,0.62
1999-11-28,0.3,24.07,17.46,31.42,nasa,0.62
1999-11-29,1.62,23.4,15.76,31.29,nasa,0.62
1999-11-30,0.55,23.53,17.62,31.05,nasa,0.61
1999-12-01,0.09,23.47,16.49,31.46,nasa,0.61
1999-12-02,0.63,23.49,16.84,30.63,nasa,0.61
1999-12-03,8.5,23.42,18.9,30.2,nasa,0.61
1999-12-04,22.37,22.79,18.89,27.75,nasa,0.64
1999-12-05,8.03,21.72,18.69,25.68,nasa,0.66
1999-12-06,8.98,23.19,17.96,29.06,nasa,0.66
1999-12-07,12.13,22.35,19.13,26.57,nasa,0.67
1999-12-08,19.57,22.77,18.46,27.83,nasa,0.69
1999-12-09,16.25,22.56,20.11,26.67,nasa,0.71
1999-12-10,30.78,21.54,19.1,25.22,nasa,0.72
1999-12-11,10.23,20.96,18.04,24.94,nasa,0.75
1999-12-12,8.23,21.12,18.51,24.81,nasa,0.73
1999-12-13,10.78,20.12,16.86,23.67,nasa,0.74
1999-12-14,15.31,21.92,19.54,25.78,nasa,0.74
1999-12-15,2.36,22.31,18.1,27.35,nasa,0.74
1999-12-16,0.11,21.51,15.06,27.93,nasa,0.72
1999-12-17,0.04,22.42,16.12,28.92,nasa,0.7
1999-12-18,0.22,22.92,16.75,28.78,nasa,0.69
1999-12-19,0.13,23.8,16.86,30.41,nasa,0.68
1999-12-20,3.38,23.92,18.23,29.75,nasa,0.67
1999-12-21,1.28,22.24,18.32,27.64,nasa,0.67
1999-12-22,7.83,23.51,17.91,29.07,nasa,0.67
1999-12-23,20.56,21.81,18.5,25.69,nasa,0.69
1999-12-24,1.32,19.74,16.68,23.33,nasa,0.7
1999-12-25,0.96,20.48,16.95,24.34,nasa,0.7
1999-12-26,2.69,22.81,17.2,28.89,nasa,0.69
1999-12-27,4.68,22.5,18.18,27.46,nasa,0.69
1999-12-28,4.94,22.97,19.82,28.3,nasa,0.69
1999-12-29,4.89,23.3,18.09,28.41,nasa,0.69
1999-12-30,3.52,23.75,19.21,28.66,nasa,0.69
1999-12-31,26.54,23.05,19.92,27.11,nasa,0.7
2000-01-01,41.47,21.56,19.88,23.25,nasa,0.75
2000-01-02,119.45,20.87,19.07,22.69,nasa,0.82
2000-01-03,65.46,20.69,19.16,23.14,nasa,0.87
2000-01-04,43.42,21.4,19.93,23.65,nasa,0.91
2000-01-05,8.7,22.43,18.64,26.2,nasa,0.88
2000-01-06,7.54,23.14,19.45,26.98,nasa,0.86
2000-01-07,1.45,22.43,18.51,26.64,nasa,0.84
2000-01-08,0.33,21.69,15.86,27.29,nasa,0.82
2000-01-09,0.01,21.61,17.21,27.49,nasa,0.8
2000-01-10,0.01,22.22,16.13,28.06,nasa,0.79
2000-01-11,0.5,22.93,16.99,27.85,nasa,0.78
2000-01-12,1.09,22.78,18.42,27.02,nasa,0.78
2000-01-13,0.86,23.72,19.69,27.35,nasa,0.77
2000-01-14,1.61,24.78,20.68,28.4,nasa,0.77
2000-01-15,1.76,24.85,20.27,29.38,nasa,0.77
2000-01-16,12.5,23.93,20.46,27.17,nasa,0.78
2000-01-17,8.16,24.07,21.42,28.6,nasa,0.79
2000-01-18,2.22,25.02,20.6,30.42,nasa,0.79
2000-01-19,6.03,23.78,20.14,27.7,nasa,0.78
2000-01-20,3.96,22.86,18.02,28.25,nasa,0.78
2000-01-21,0.45,22.99,18.04,28.08,nasa,0.78
2000-01-22,0.21,21.67,18.61,24.91,nasa,0.77
2000-01-23,3.55,23.86,19.35,29.47,nasa,0.77
2000-01-24,16.41,23.12,20.17,27.18,nasa,0.78
2000-01-25,6.6,23.4,19.17,27.69,nasa,0.79
2000-01-26,30.46,22.68,20.56,26.77,nasa,0.8
2000-01-27,20.21,20.74,16.62,23.75,nasa,0.84
2000-01-28,2.99,19.32,15.03,23.69,nasa,0.83
2000-01-29,1.97,20.3,14.12,26.07,nasa,0.82
2000-01-30,8.01,22.57,16.3,28.34,nasa,0.81
2000-01-31,21.63,22.43,18.64,26.89,nasa,0.82
2000-02-01,12.88,21.88,20.28,24.51,nasa,0.84
2000-02-02,6.13,23.54,19.85,28.41,nasa,0.84
2000-02-03,0.59,23.39,18.17,28.79,nasa,0.83
2000-02-04,3.46,23.22,20.14,26.94,nasa,0.82
2000-02-05,7.7,22.84,20.82,25.71,nasa,0.82
2000-02-06,14.53,23.92,20.1,28.37,nasa,0.83
2000-02-07,15.38,21.98,18.77,26.14,nasa,0.84
2000-02-08,28.77,21.68,19.27,24.95,nasa,0.87
2000-02-09,11.32,21.5,18.99,25.44,nasa,0.87
2000-02-10,11.21,20.62,18.35,24.2,nasa,0.87
2000-02-11,19.32,20.64,17.42,23.93,nasa,0.88
2000-02-12,9.28,21.05,18.09,24.22,nasa,0.88
2000-02-13,2.78,21.6,18.66,25.59,nasa,0.88
2000-02-14,1.19,22.19,17.18,26.6,nasa,0.87
2000-02-15,0.89,22.96,18.38,27.35,nasa,0.86
2000-02-16,7.87,22.87,18.22,27.65,nasa,0.86
2000-02-17,14.66,19.96,17.61,22.9,nasa,0.87
2000-02-18,2.94,20.12,16.88,25.15,nasa,0.88
2000-02-19,0.57,20.69,15.48,26.04,nasa,0.86
2000-02-20,0.11,21.1,16.24,26.31,nasa,0.86
2000-02-21,0.1,21.62,16.35,26.86,nasa,0.85
2000-02-22,0.13,22.25,17.25,27.16,nasa,0.84
2000-02-23,0.44,23.01,19.05,27.3,nasa,0.84
2000-02-24,3.86,22.75,18.22,27.54,nasa,0.83
2000-02-25,6.23,23.24,18.65,27.84,nasa,0.84
2000-02-26,13.23,22.93,19.53,27.3,nasa,0.84
2000-02-27,7.79,22.51,19.25,26.62,nasa,0.85
2000-02-28,10.1,23.03,18.89,27.68,nasa,0.85
2000-02-29,5.71,22.69,20.11,26.6,nasa,0.86
2000-03-01,0.44,22.0,19.11,26.12,nasa,0.85
2000-03-02,0.04,21.57,17.2,26.5,nasa,0.84
2000-03-03,0.01,21.8,16.84,26.5,nasa,0.83
2000-03-04,0.25,22.58,17.93,27.48,nasa,0.83
2000-03-05,0.24,22.41,17.89,27.44,nasa,0.82
2000-03-06,0.38,22.57,17.24,27.67,nasa,0.82
2000-03-07,8.55,22.91,18.16,27.78,nasa,0.81
2000-03-08,6.66,21.37,17.26,26.25,nasa,0.82
2000-03-09,4.81,19.91,15.44,24.79,nasa,0.82
2000-03-10,8.51,19.98,16.45,24.34,nasa,0.83
2000-03-11,25.89,20.55,17.95,24.44,nasa,0.85
2000-03-12,7.3,20.52,16.07,25.36,nasa,0.86
2000-03-13,0.33,20.71,16.41,26.15,nasa,0.85
2000-03-14,0.07,20.77,15.54,25.93,nasa,0.84
2000-03-15,1.84,20.87,16.93,25.32,nasa,0.83
2000-03-16,5.37,21.09,19.04,24.25,nasa,0.83
2000-03-17,7.2,21.9,19.48,25.87,nasa,0.84
2000-03-18,21.62,22.22,19.77,25.87,nasa,0.85
2000-03-19,22.23,21.8,18.68,25.98,nasa,0.87
2000-03-20,18.63,20.87,17.08,25.2,nasa,0.89
2000-03-21,3.85,21.29,17.64,25.48,nasa,0.89
2000-03-22,1.41,21.41,18.16,25.26,nasa,0.87
2000-03-23,0.25,21.38,18.34,25.25,nasa,0.87
2000-03-24,0.97,22.42,18.1,26.96,nasa,0.86
2000-03-25,9.94,22.4,18.63,27.14,nasa,0.86
2000-03-26,2.1,21.47,17.83,25.87,nasa,0.87
2000-03-27,0.81,21.83,18.48,25.28,nasa,0.86
2000-03-28,13.27,22.12,17.73,26.31,nasa,0.87
2000-03-29,10.78,20.82,17.22,25.9,nasa,0.87
2000-03-30,6.05,19.48,16.6,23.47,nasa,0.88
2000-03-31,2.04,20.74,16.94,25.1,nasa,0.88
2000-04-01,1.33,21.51,16.68,26.46,nasa,0.87
2000-04-02,0.84,21.0,16.87,26.0,nasa,0.86
2000-04-03,0.79,19.54,15.26,24.69,nasa,0.86
2000-04-04,0.04,18.16,13.84,23.9,nasa,0.85
2000-04-05,0.0,18.57,13.53,24.47,nasa,0.85
2000-04-06,0.05,19.66,14.98,25.57,nasa,0.84
2000-04-07,0.01,19.88,15.26,25.52,nasa,0.84
2000-04-08,0.02,20.12,15.38,25.7,nasa,0.84
2000-04-09,0.02,21.03,16.11,26.45,nasa,0.83
2000-04-10,0.03,20.94,15.52,26.06,nasa,0.83
2000-04-11,0.06,21.59,15.3,26.06,nasa,0.82
2000-04-12,3.25,21.95,17.38,26.12,nasa,0.82
2000-04-13,1.14,22.07,17.73,26.86,nasa,0.82
2000-04-14,0.53,22.08,16.92,27.67,nasa,0.82
2000-04-15,1.67,21.33,16.67,26.76,nasa,0.81
2000-04-16,0.0,21.26,16.9,26.01,nasa,0.81
2000-04-17,0.07,20.36,16.01,25.22,nasa,0.81
2000-04-18,3.13,20.89,16.72,25.41,nasa,0.81
2000-04-19,8.52,21.86,18.47,26.2,nasa,0.81
2000-04-20,0.15,21.03,15.84,26.09,nasa,0.81
2000-04-21,0.0,16.57,12.0,22.84,nasa,0.81
2000-04-22,0.02,16.71,11.38,23.12,nasa,0.8
2000-04-23,0.03,17.71,11.98,23.81,nasa,0.8
2000-04-24,0.0,18.64,13.25,24.52,nasa,0.79
2000-04-25,0.0,17.95,12.65,24.78,nasa,0.79
2000-04-26,0.0,17.1,10.82,23.96,nasa,0.79
2000-04-27,0.0,16.99,10.48,23.73,nasa,0.78
2000-04-28,0.0,17.71,12.26,24.01,nasa,0.78
2000-04-29,0.04,18.41,11.82,24.8,nasa,0.78
2000-04-30,0.63,19.36,14.34,24.97,nasa,0.77
2000-05-01,1.21,19.89,15.9,24.97,nasa,0.77
2000-05-02,0.29,20.55,15.92,25.24,nasa,0.77
2000-05-03,0.2,20.8,15.18,25.84,nasa,0.77
2000-05-04,0.01,20.18,15.99,24.87,nasa,0.76
2000-05-05,0.0,18.98,13.48,25.03,nasa,0.76
2000-05-06,2.66,19.38,13.49,25.83,nasa,0.76
2000-05-07,0.01,19.93,15.75,25.1,nasa,0.76
2000-05-08,0.25,19.24,14.86,24.56,nasa,0.76
2000-05-09,0.0,18.4,13.62,25.0,nasa,0.75
2000-05-10,0.01,16.01,11.84,21.99,nasa,0.75
2000-05-11,0.0,14.97,10.91,21.0,nasa,0.75
2000-05-12,0.0,15.04,9.81,21.6,nasa,0.74
2000-05-13,0.0,16.15,10.79,22.03,nasa,0.74
2000-05-14,0.0,16.69,10.68,22.67,nasa,0.74
2000-05-15,0.0,16.45,11.15,21.95,nasa,0.74
2000-05-16,0.0,17.67,12.32,24.43,nasa,0.74
2000-05-17,0.0,17.99,12.76,23.93,nasa,0.73
2000-05-18,0.0,14.91,9.87,21.04,nasa,0.73
2000-05-19,0.04,14.51,7.59,20.99,nasa,0.73
2000-05-20,0.01,15.72,11.29,21.16,nasa,0.73
2000-05-21,0.0,15.53,11.88,20.1,nasa,0.73
2000-05-22,0.0,16.3,11.83,21.78,nasa,0.72
2000-05-23,0.0,15.81,10.49,22.21,nasa,0.72
2000-05-24,0.01,15.69,9.98,22.37,nasa,0.72
2000-05-25,0.0,14.36,7.85,21.66,nasa,0.72
2000-05-26,0.01,16.09,9.24,23.55,nasa,0.72
2000-05-27,4.86,17.34,11.67,24.13,nasa,0.71
2000-05-28,0.98,16.23,9.73,23.46,nasa,0.72
2000-05-29,0.3,13.4,7.8,20.86,nasa,0.72
2000-05-30,0.01,13.9,6.83,23.03,nasa,0.71
2000-05-31,0.06,15.87,8.67,23.28,nasa,0.71
2000-06-01,1.21,16.92,12.5,23.48,nasa,0.71
2000-06-02,0.14,16.05,11.66,22.17,nasa,0.71
2000-06-03,0.01,17.17,12.43,23.17,nasa,0.71
2000-06-04,0.0,17.0,12.03,22.77,nasa,0.7
2000-06-05,0.0,15.3,10.25,21.48,nasa,0.7
2000-06-06,0.0,14.99,9.04,21.46,nasa,0.7
2000-06-07,0.0,15.39,8.74,22.19,nasa,0.7
2000-06-08,0.0,16.11,9.03,22.8,nasa,0.7
2000-06-09,0.0,17.45,12.22,23.88,nasa,0.69
2000-06-10,0.0,16.17,9.17,23.41,nasa,0.69
2000-06-11,0.0,15.8,8.57,22.43,nasa,0.69
2000-06-12,0.0,17.54,11.37,23.13,nasa,0.69
2000-06-13,0.0,17.87,11.06,24.03,nasa,0.69
2000-06-14,0.0,17.71,11.48,24.53,nasa,0.68
2000-06-15,0.0,17.28,11.7,24.19,nasa,0.68
2000-06-16,0.0,16.73,10.52,23.69,nasa,0.68
2000-06-17,0.0,16.24,8.64,23.44,nasa,0.68
2000-06-18,0.0,16.42,9.09,23.94,nasa,0.68
2000-06-19,0.0,18.14,11.65,24.49,nasa,0.68
2000-06-20,0.0,18.96,14.54,25.0,nasa,0.67
2000-06-21,0.05,16.14,9.85,22.23,nasa,0.67
2000-06-22,0.02,12.52,7.91,20.81,nasa,0.67
2000-06-23,0.0,13.81,5.35,23.01,nasa,0.67
2000-06-24,0.0,14.25,7.11,22.84,nasa,0.67
2000-06-25,0.0,15.31,7.87,24.29,nasa,0.67
2000-06-26,0.0,18.23,11.74,26.29,nasa,0.67
2000-06-27,0.0,18.53,11.46,25.8,nasa,0.66
2000-06-28,0.0,17.25,12.15,25.69,nasa,0.66
2000-06-29,0.0,16.02,9.22,23.9,nasa,0.66
2000-06-30,0.01,17.61,11.49,25.65,nasa,0.66
2000-07-01,0.01,18.37,12.64,25.55,nasa,0.66
2000-07-02,0.01,17.09,11.29,24.26,nasa,0.66
2000-07-03,0.0,17.9,13.57,23.65,nasa,0.65
2000-07-04,0.01,16.33,12.36,22.4,nasa,0.65
2000-07-05,0.0,16.56,11.56,23.23,nasa,0.65
2000-07-06,0.0,17.01,12.08,23.93,nasa,0.65
2000-07-07,0.0,16.38,10.55,23.4,nasa,0.65
2000-07-08,0.0,17.11,9.37,24.44,nasa,0.65
2000-07-09,0.0,17.29,10.17,24.87,nasa,0.65
2000-07-10,0.0,16.87,9.98,24.8,nasa,0.65
2000-07-11,0.0,17.65,11.71,25.07,nasa,0.65
2000-07-12,0.29,17.84,13.43,24.92,nasa,0.64
2000-07-13,0.0,15.53,11.91,19.67,nasa,0.64
2000-07-14,0.44,16.8,12.0,23.2,nasa,0.65
2000-07-15,8.91,16.3,10.42,23.74,nasa,0.65
2000-07-16,1.7,15.09,7.43,20.18,nasa,0.66
2000-07-17,0.62,9.61,2.41,17.17,nasa,0.66
2000-07-18,0.04,10.51,1.45,19.83,nasa,0.66
2000-07-19,0.02,13.89,6.61,23.23,nasa,0.65
2000-07-20,0.01,12.7,7.27,19.16,nasa,0.65
2000-07-21,0.24,14.3,5.43,23.67,nasa,0.65
2000-07-22,9.32,18.02,11.76,25.3,nasa,0.66
2000-07-23,2.03,17.0,11.39,23.42,nasa,0.66
2000-07-24,4.75,13.53,9.58,19.96,nasa,0.67
2000-07-25,0.4,15.32,8.76,22.52,nasa,0.67
2000-07-26,0.0,17.31,12.24,24.24,nasa,0.66
2000-07-27,0.0,15.86,9.96,23.75,nasa,0.66
2000-07-28,0.0,15.82,10.01,23.56,nasa,0.66
2000-07-29,0.0,15.29,6.54,23.13,nasa,0.65
2000-07-30,0.0,15.78,7.1,24.06,nasa,0.65
2000-07-31,0.0,16.3,7.51,25.78,nasa,0.65
2000-08-01,0.0,17.01,9.82,24.83,nasa,0.64
2000-08-02,0.48,17.57,10.57,24.73,nasa,0.64
2000-08-03,5.88,17.86,12.41,24.07,nasa,0.64
2000-08-04,2.45,16.21,10.17,23.02,nasa,0.65
2000-08-05,0.0,14.26,6.37,22.71,nasa,0.65
2000-08-06,0.12,14.67,7.81,22.36,nasa,0.65
2000-08-07,0.03,18.81,12.37,25.33,nasa,0.65
2000-08-08,0.0,20.84,14.26,27.38,nasa,0.64
2000-08-09,0.0,20.97,13.34,27.79,nasa,0.64
2000-08-10,0.01,20.65,13.94,28.74,nasa,0.64
2000-08-11,0.16,16.56,10.64,23.5,nasa,0.63
2000-08-12,0.01,12.28,7.3,20.2,nasa,0.63
2000-08-13,0.0,13.48,6.59,22.38,nasa,0.63
2000-08-14,0.0,15.77,7.15,25.35,nasa,0.63
2000-08-15,0.05,17.4,8.37,26.54,nasa,0.63
2000-08-16,2.26,19.8,12.97,27.43,nasa,0.63
2000-08-17,13.63,18.0,13.11,24.21,nasa,0.64
2000-08-18,1.38,18.54,12.83,25.27,nasa,0.65
2000-08-19,0.02,18.76,12.24,26.15,nasa,0.65
2000-08-20,0.0,19.35,12.39,26.83,nasa,0.65
2000-08-21,0.0,19.05,11.39,27.19,nasa,0.64
2000-08-22,0.11,19.28,11.34,27.11,nasa,0.64
2000-08-23,0.0,20.11,11.45,27.61,nasa,0.63
2000-08-24,0.0,21.5,13.88,29.31,nasa,0.63
2000-08-25,0.0,21.83,13.03,30.53,nasa,0.63
2000-08-26,0.16,23.87,16.12,32.87,nasa,0.62
2000-08-27,0.0,23.59,16.78,32.11,nasa,0.62
2000-08-28,6.24,22.95,15.13,31.22,nasa,0.62
2000-08-29,0.41,18.83,14.35,25.35,nasa,0.63
2000-08-30,0.05,20.0,14.47,27.28,nasa,0.63
2000-08-31,2.77,20.55,14.32,27.7,nasa,0.62
2000-09-01,4.87,22.18,17.86,28.72,nasa,0.63
2000-09-02,38.59,19.38,15.65,23.65,nasa,0.67
2000-09-03,8.21,16.84,12.92,20.03,nasa,0.7
2000-09-04,0.69,15.83,12.4,20.84,nasa,0.69
2000-09-05,1.86,14.86,11.49,20.12,nasa,0.68
2000-09-06,12.21,16.04,12.58,20.86,nasa,0.69
2000-09-07,0.57,16.51,11.76,22.68,nasa,0.69
2000-09-08,3.15,17.71,11.74,24.53,nasa,0.68
2000-09-09,3.04,18.44,13.93,24.21,nasa,0.68
2000-09-10,0.61,20.08,14.88,26.15,nasa,0.67
2000-09-11,0.44,21.19,16.08,27.19,nasa,0.67
2000-09-12,7.56,21.39,16.75,27.6,nasa,0.66
2000-09-13,4.87,20.89,16.7,26.04,nasa,0.67
2000-09-14,1.69,21.34,17.35,25.51,nasa,0.67
2000-09-15,9.4,22.16,17.29,27.65,nasa,0.67
2000-09-16,17.8,21.0,18.27,25.07,nasa,0.69
2000-09-17,0.81,20.79,15.7,26.85,nasa,0.7
2000-09-18,0.16,20.55,14.22,27.87,nasa,0.69
2000-09-19,0.01,21.13,15.01,27.97,nasa,0.68
2000-09-20,0.01,21.92,15.16,28.77,nasa,0.67
2000-09-21,0.0,21.03,13.56,28.69,nasa,0.66
2000-09-22,0.01,22.55,15.23,29.38,nasa,0.66
2000-09-23,0.12,22.34,14.54,30.07,nasa,0.65
2000-09-24,0.0,22.74,15.98,30.04,nasa,0.65
2000-09-25,1.14,20.07,14.04,27.7,nasa,0.64
2000-09-26,1.15,15.33,11.65,20.09,nasa,0.64
2000-09-27,0.27,15.9,11.16,21.05,nasa,0.64
2000-09-28,0.23,19.63,13.13,26.77,nasa,0.64
2000-09-29,1.71,20.46,13.41,27.44,nasa,0.64
2000-09-30,3.23,20.91,14.81,27.67,nasa,0.64
2000-10-01,3.21,20.19,15.58,25.31,nasa,0.64
2000-10-02,0.01,22.8,14.33,30.2,nasa,0.64
2000-10-03,0.23,24.39,16.33,31.85,nasa,0.64
2000-10-04,0.51,25.15,19.0,33.42,nasa,0.63
2000-10-05,9.36,23.39,19.27,29.88,nasa,0.64
2000-10-06,2.36,22.3,17.68,27.58,nasa,0.65
2000-10-07,0.04,22.06,14.85,30.64,nasa,0.65
2000-10-08,0.01,22.37,15.99,29.74,nasa,0.64
2000-10-09,0.01,23.42,15.75,30.94,nasa,0.64
2000-10-10,0.11,25.0,16.43,32.5,nasa,0.63
2000-10-11,0.28,25.47,17.76,33.83,nasa,0.63
2000-10-12,0.0,25.06,15.4,33.97,nasa,0.62
2000-10-13,0.0,25.7,16.56,34.21,nasa,0.62
2000-10-14,0.01,25.73,16.82,35.03,nasa,0.61
2000-10-15,0.22,25.46,17.38,34.68,nasa,0.61
2000-10-16,0.88,25.27,18.37,33.46,nasa,0.61
2000-10-17,0.55,25.12,17.34,33.01,nasa,0.61
2000-10-18,0.5,26.0,18.69,34.06,nasa,0.61
2000-10-19,0.39,26.28,19.13,33.97,nasa,0.6
2000-10-20,2.17,26.13,19.48,33.54,nasa,0.6
2000-10-21,1.48,25.36,19.92,32.58,nasa,0.61
2000-10-22,3.64,26.21,18.5,33.64,nasa,0.61
2000-10-23,2.16,26.07,20.46,33.07,nasa,0.61
2000-10-24,2.27,25.94,18.85,33.48,nasa,0.61
2000-10-25,6.04,24.62,20.66,30.44,nasa,0.61
2000-10-26,1.07,25.28,18.5,32.44,nasa,0.62
2000-10-27,0.16,24.55,16.14,33.29,nasa,0.61
2000-10-28,16.77,23.89,17.43,30.63,nasa,0.62
2000-10-29,1.07,19.71,15.34,25.31,nasa,0.64
2000-10-30,0.06,18.85,14.62,23.3,nasa,0.64
2000-10-31,0.04,22.04,15.0,29.07,nasa,0.63
2000-11-01,0.02,23.31,17.68,29.66,nasa,0.63
2000-11-02,0.52,23.95,16.59,30.51,nasa,0.62
2000-11-03,5.12,24.58,19.16,30.54,nasa,0.62
2000-11-04,10.98,23.02,18.96,27.79,nasa,0.63
2000-11-05,2.82,21.86,18.4,25.83,nasa,0.65
2000-11-06,0.93,21.3,18.45,25.76,nasa,0.64
2000-11-07,1.32,21.25,17.1,27.07,nasa,0.64
2000-11-08,0.27,21.85,15.12,29.64,nasa,0.63
2000-11-09,0.08,22.61,14.88,31.1,nasa,0.63
2000-11-10,0.4,23.69,16.09,31.9,nasa,0.62
2000-11-11,4.9,24.09,18.92,30.15,nasa,0.62
2000-11-12,10.42,23.19,19.35,28.97,nasa,0.63
2000-11-13,9.02,23.12,20.13,27.84,nasa,0.65
2000-11-14,24.2,22.9,19.4,27.74,nasa,0.67
2000-11-15,1.94,20.92,15.67,27.6,nasa,0.68
2000-11-16,2.66,20.99,13.9,28.01,nasa,0.66
2000-11-17,4.51,21.06,16.78,26.2,nasa,0.66
2000-11-18,36.88,20.11,17.55,23.48,nasa,0.68
2000-11-19,23.52,18.98,16.71,21.84,nasa,0.73
2000-11-20,2.35,20.84,16.15,24.66,nasa,0.74
2000-11-21,31.82,22.33,17.05,26.68,nasa,0.74
2000-11-22,1.92,21.44,18.28,24.7,nasa,0.75
2000-11-23,6.39,22.0,18.84,25.59,nasa,0.74
2000-11-24,1.42,22.26,18.45,26.86,nasa,0.73
2000-11-25,10.79,22.47,18.16,27.06,nasa,0.72
2000-11-26,4.33,20.36,17.86,23.09,nasa,0.73
2000-11-27,3.08,20.73,17.35,24.85,nasa,0.72
2000-11-28,10.22,20.96,17.54,24.88,nasa,0.72
2000-11-29,14.04,21.95,18.21,26.29,nasa,0.73
2000-11-30,11.26,22.52,19.03,27.37,nasa,0.74
2000-12-01,3.71,21.94,17.34,28.02,nasa,0.74
2000-12-02,2.06,21.45,15.41,27.07,nasa,0.73
2000-12-03,2.14,23.44,18.36,28.43,nasa,0.72
2000-12-04,10.03,23.13,20.2,27.15,nasa,0.72
2000-12-05,10.53,23.25,18.73,28.25,nasa,0.73
2000-12-06,2.17,22.2,17.47,28.31,nasa,0.73
2000-12-07,0.01,21.86,15.07,28.16,nasa,0.71
2000-12-08,0.27,22.49,16.49,28.78,nasa,0.7
2000-12-09,4.37,23.88,17.98,29.28,nasa,0.7
2000-12-10,5.26,22.64,19.66,26.72,nasa,0.7
2000-12-11,0.79,22.75,16.69,28.67,nasa,0.7
2000-12-12,1.53,23.79,18.35,29.32,nasa,0.69
2000-12-13,2.2,22.46,19.69,26.61,nasa,0.69
2000-12-14,2.39,22.81,19.15,27.45,nasa,0.69
2000-12-15,1.51,21.85,18.97,25.66,nasa,0.68
2000-12-16,5.66,23.53,19.61,27.91,nasa,0.68
2000-12-17,28.33,20.21,16.42,24.1,nasa,0.71
2000-12-18,37.03,18.19,15.4,21.22,nasa,0.77
2000-12-19,22.3,20.45,16.52,24.83,nasa,0.79
2000-12-20,0.27,22.23,17.5,27.48,nasa,0.78
2000-12-21,0.91,23.0,16.87,28.15,nasa,0.76
2000-12-22,3.37,23.77,18.46,28.94,nasa,0.74
2000-12-23,5.81,24.12,19.19,28.55,nasa,0.74
2000-12-24,14.75,22.96,19.38,26.93,nasa,0.74
2000-12-25,8.08,22.3,18.14,27.53,nasa,0.76
2000-12-26,11.32,22.52,19.34,25.66,nasa,0.76
2000-12-27,13.73,21.28,18.49,24.95,nasa,0.77
2000-12-28,8.5,21.49,17.0,26.01,nasa,0.78
2000-12-29,5.97,21.76,18.47,25.34,nasa,0.78
2000-12-30,7.6,23.22,19.86,27.57,nasa,0.78
2000-12-31,8.11,23.42,19.37,28.66,nasa,0.77
2001-01-01,3.89,22.52,17.77,28.36,nasa,0.77
2001-01-02,7.78,21.46,16.75,26.69,nasa,0.76
2001-01-03,11.92,23.3,18.69,28.19,nasa,0.77
2001-01-04,2.92,22.11,19.32,25.06,nasa,0.77
2001-01-05,0.58,23.54,17.89,28.27,nasa,0.76
2001-01-06,0.1,23.65,18.24,29.24,nasa,0.75
2001-01-07,0.59,23.72,17.92,29.34,nasa,0.74
2001-01-08,4.47,23.24,18.63,28.33,nasa,0.74
2001-01-09,8.27,22.91,18.38,27.91,nasa,0.74
2001-01-10,2.45,22.26,18.68,27.16,nasa,0.74
2001-01-11,3.37,22.38,18.0,26.88,nasa,0.74
2001-01-12,5.96,22.64,16.97,27.45,nasa,0.74
2001-01-13,14.12,22.33,18.39,26.27,nasa,0.75
2001-01-14,3.59,21.64,17.51,26.54,nasa,0.76
2001-01-15,0.12,21.93,16.87,27.18,nasa,0.74
2001-01-16,0.08,22.34,17.19,27.83,nasa,0.73
2001-01-17,0.0,22.44,17.22,27.87,nasa,0.72
2001-01-18,0.4,22.91,17.44,28.17,nasa,0.71
2001-01-19,7.43,23.52,18.86,28.48,nasa,0.71
2001-01-20,2.26,22.35,19.97,25.63,nasa,0.72
2001-01-21,10.49,21.66,16.51,27.51,nasa,0.73
2001-01-22,5.02,21.69,17.72,26.57,nasa,0.73
2001-01-23,6.48,21.25,19.4,23.5,nasa,0.74
2001-01-24,7.25,22.3,18.51,25.84,nasa,0.75
2001-01-25,6.37,22.87,19.93,27.41,nasa,0.75
2001-01-26,4.19,21.93,19.75,24.78,nasa,0.75
2001-01-27,5.93,23.38,19.05,27.3,nasa,0.75
2001-01-28,14.3,23.7,19.7,27.44,nasa,0.76
2001-01-29,1.58,23.96,19.67,29.08,nasa,0.76
2001-01-30,10.18,23.91,20.3,28.19,nasa,0.76
2001-01-31,3.18,24.03,20.62,27.22,nasa,0.76
2001-02-01,2.17,23.88,20.49,27.44,nasa,0.75
2001-02-02,2.05,24.39,18.9,29.51,nasa,0.75
2001-02-03,3.31,24.81,20.43,28.39,nasa,0.74
2001-02-04,2.49,25.03,20.38,28.86,nasa,0.74
2001-02-05,15.44,24.28,20.63,28.06,nasa,0.75
2001-02-06,3.36,23.0,19.77,26.55,nasa,0.76
2001-02-07,3.6,22.88,17.54,28.26,nasa,0.75
2001-02-08,11.04,22.34,19.85,24.93,nasa,0.76
2001-02-09,4.86,21.35,18.95,24.56,nasa,0.77
2001-02-10,8.55,22.11,18.91,26.34,nasa,0.77
2001-02-11,2.45,24.32,18.41,29.49,nasa,0.77
2001-02-12,5.82,23.47,17.83,27.83,nasa,0.76
2001-02-13,6.45,22.83,19.96,25.72,nasa,0.76
2001-02-14,2.22,22.6,19.35,27.09,nasa,0.76
2001-02-15,4.56,23.0,18.34,27.62,nasa,0.75
2001-02-16,9.7,23.87,18.77,28.63,nasa,0.75
2001-02-17,3.9,22.3,19.9,25.88,nasa,0.76
2001-02-18,0.71,23.69,18.34,28.93,nasa,0.76
2001-02-19,0.2,23.66,16.49,29.35,nasa,0.74
2001-02-20,0.52,23.62,17.53,28.97,nasa,0.73
2001-02-21,0.06,23.33,18.89,27.62,nasa,0.73
2001-02-22,0.1,22.67,17.88,27.73,nasa,0.72
2001-02-23,2.09,23.71,18.33,28.14,nasa,0.72
2001-02-24,1.68,22.16,19.75,25.16,nasa,0.72
2001-02-25,1.31,22.97,17.11,28.03,nasa,0.72
2001-02-26,0.34,23.46,18.38,28.71,nasa,0.71
2001-02-27,0.36,22.66,17.99,28.57,nasa,0.7
2001-02-28,0.13,21.97,16.68,27.42,nasa,0.7
2001-03-01,0.11,22.41,18.05,27.83,nasa,0.69
2001-03-02,1.52,22.24,16.69,27.85,nasa,0.69
2001-03-03,6.67,21.59,16.55,26.37,nasa,0.69
2001-03-04,3.57,22.81,16.34,28.02,nasa,0.69
2001-03-05,10.49,22.44,17.87,27.57,nasa,0.7
2001-03-06,3.36,21.58,17.56,26.12,nasa,0.71
2001-03-07,12.31,22.86,19.44,26.58,nasa,0.71
2001-03-08,6.08,22.92,18.93,27.25,nasa,0.73
2001-03-09,7.71,22.13,19.29,26.59,nasa,0.73
2001-03-10,8.97,21.03,18.46,25.07,nasa,0.74
2001-03-11,17.64,22.4,18.27,27.18,nasa,0.75
2001-03-12,5.2,21.87,18.97,25.24,nasa,0.76
2001-03-13,0.09,21.87,16.97,27.26,nasa,0.74
2001-03-14,0.03,22.29,17.48,27.35,nasa,0.73
2001-03-15,0.01,23.0,18.05,28.12,nasa,0.72
2001-03-16,0.12,23.19,16.97,28.42,nasa,0.71
2001-03-17,2.05,23.75,18.11,28.55,nasa,0.71
2001-03-18,1.51,23.18,20.46,27.81,nasa,0.7
2001-03-19,5.74,22.79,19.7,26.61,nasa,0.71
2001-03-20,10.88,22.28,17.13,27.38,nasa,0.72
2001-03-21,1.31,23.02,17.77,28.42,nasa,0.72
2001-03-22,0.14,23.0,17.35,27.55,nasa,0.71
2001-03-23,0.55,23.37,16.79,28.98,nasa,0.71
2001-03-24,1.88,22.86,18.75,27.01,nasa,0.7
2001-03-25,3.85,22.93,18.48,27.71,nasa,0.7
2001-03-26,2.27,22.64,17.2,27.44,nasa,0.7
2001-03-27,6.38,22.67,18.24,27.54,nasa,0.7
2001-03-28,27.11,23.07,17.13,27.14,nasa,0.73
2001-03-29,4.41,21.53,18.7,25.37,nasa,0.74
2001-03-30,9.48,19.79,18.03,22.81,nasa,0.74
2001-03-31,1.05,20.69,17.39,24.55,nasa,0.75
2001-04-01,0.91,21.58,17.67,25.72,nasa,0.74
2001-04-02,0.53,21.39,16.77,26.02,nasa,0.73
2001-04-03,0.86,21.05,16.39,25.72,nasa,0.72
2001-04-04,1.58,21.59,17.18,26.7,nasa,0.72
2001-04-05,0.45,21.88,18.19,26.92,nasa,0.72
2001-04-06,0.95,22.93,17.73,28.12,nasa,0.71
2001-04-07,0.48,22.55,18.45,27.54,nasa,0.7
2001-04-08,0.81,22.49,17.18,27.9,nasa,0.7
2001-04-09,0.46,22.5,18.62,27.15,nasa,0.7
2001-04-10,3.16,22.43,19.05,26.31,nasa,0.69
2001-04-11,0.22,23.96,19.67,29.12,nasa,0.69
2001-04-12,0.08,21.54,15.88,27.82,nasa,0.69
2001-04-13,0.02,18.44,12.78,25.42,nasa,0.68
2001-04-14,0.0,18.17,12.3,25.61,nasa,0.68
2001-04-15,1.16,19.59,14.84,25.22,nasa,0.67
2001-04-16,0.91,20.2,15.82,25.61,nasa,0.67
2001-04-17,0.36,20.3,15.72,25.84,nasa,0.67
2001-04-18,0.06,20.63,14.5,26.88,nasa,0.67
2001-04-19,0.0,21.34,15.17,27.35,nasa,0.66
2001-04-20,0.0,22.27,17.21,28.26,nasa,0.66
2001-04-21,0.12,22.99,16.31,29.55,nasa,0.66
2001-04-22,1.86,23.33,18.41,28.95,nasa,0.66
2001-04-23,0.05,23.53,16.71,30.36,nasa,0.65
2001-04-24,0.0,22.42,16.09,29.25,nasa,0.65
2001-04-25,0.0,21.43,15.41,28.49,nasa,0.65
2001-04-26,0.0,20.84,13.55,27.97,nasa,0.65
2001-04-27,0.0,21.32,13.95,29.19,nasa,0.64
2001-04-28,0.0,21.95,14.37,29.23,nasa,0.64
2001-04-29,0.0,21.66,15.1,29.14,nasa,0.64
2001-04-30,0.0,20.82,14.91,28.35,nasa,0.64
2001-05-01,0.0,21.84,15.67,28.68,nasa,0.64
2001-05-02,0.02,22.99,17.22,29.51,nasa,0.64
2001-05-03,0.0,22.38,14.8,29.81,nasa,0.63
2001-05-04,0.37,21.43,14.02,29.91,nasa,0.63
2001-05-05,0.11,18.88,11.24,25.93,nasa,0.63
2001-05-06,0.0,14.64,7.19,23.48,nasa,0.63
2001-05-07,0.01,15.87,9.6,24.3,nasa,0.63
2001-05-08,0.37,16.76,10.59,25.31,nasa,0.63
2001-05-09,0.0,18.07,11.55,27.74,nasa,0.63
2001-05-10,0.19,20.1,11.71,28.55,nasa,0.63
2001-05-11,3.19,21.39,15.45,28.87,nasa,0.63
2001-05-12,7.99,20.81,16.1,27.25,nasa,0.63
2001-05-13,4.97,19.67,16.95,23.32,nasa,0.65
2001-05-14,1.19,17.36,13.25,23.45,nasa,0.65
2001-05-15,4.46,17.4,12.63,22.53,nasa,0.65
2001-05-16,23.27,17.08,15.12,19.79,nasa,0.67
2001-05-17,2.44,19.01,12.68,24.92,nasa,0.7
2001-05-18,0.0,12.98,8.01,20.94,nasa,0.68
2001-05-19,0.0,13.56,6.11,22.45,nasa,0.68
2001-05-20,0.01,15.46,10.15,23.6,nasa,0.67
2001-05-21,0.0,16.15,10.96,23.63,nasa,0.66
2001-05-22,0.28,16.98,10.28,23.51,nasa,0.66
2001-05-23,0.11,18.49,12.98,24.54,nasa,0.66
2001-05-24,1.71,17.89,14.22,23.42,nasa,0.65
2001-05-25,0.3,18.1,13.48,24.24,nasa,0.65
2001-05-26,0.28,19.0,13.75,24.86,nasa,0.65
2001-05-27,1.43,17.77,15.25,21.8,nasa,0.65
2001-05-28,1.54,19.49,14.21,24.89,nasa,0.65
2001-05-29,3.05,19.97,15.29,25.81,nasa,0.65
2001-05-30,0.03,19.28,14.23,26.67,nasa,0.65
2001-05-31,0.0,19.97,13.64,26.75,nasa,0.65
2001-06-01,0.0,20.17,14.66,26.31,nasa,0.65
2001-06-02,0.0,19.76,13.6,26.51,nasa,0.64
2001-06-03,0.0,20.22,13.03,27.99,nasa,0.64
2001-06-04,0.0,21.08,16.28,27.96,nasa,0.64
2001-06-05,0.0,18.98,14.23,25.31,nasa,0.64
2001-06-06,0.0,20.04,12.54,27.04,nasa,0.63
2001-06-07,0.0,19.6,13.2,27.46,nasa,0.63
2001-06-08,0.0,19.65,13.85,26.86,nasa,0.63
2001-06-09,0.0,19.06,13.29,25.81,nasa,0.63
2001-06-10,0.01,18.09,10.69,25.77,nasa,0.63
2001-06-11,0.05,18.2,13.56,24.59,nasa,0.63
2001-06-12,0.01,18.11,12.53,24.9,nasa,0.63
2001-06-13,0.02,18.14,12.56,24.89,nasa,0.62
2001-06-14,0.0,18.57,10.67,25.81,nasa,0.62
2001-06-15,0.0,19.64,12.42,26.96,nasa,0.62
2001-06-16,0.0,19.38,14.07,27.45,nasa,0.62
2001-06-17,0.0,19.7,12.6,27.85,nasa,0.62
2001-06-18,0.0,18.9,13.99,26.25,nasa,0.62
2001-06-19,0.02,18.45,12.7,24.32,nasa,0.62
2001-06-20,0.0,17.15,12.77,22.48,nasa,0.62
2001-06-21,0.0,12.35,8.35,17.88,nasa,0.62
2001-06-22,0.03,15.38,7.12,23.95,nasa,0.62
2001-06-23,0.15,18.67,12.58,25.47,nasa,0.62
2001-06-24,0.03,19.5,14.3,26.21,nasa,0.62
2001-06-25,0.12,19.67,13.88,27.22,nasa,0.62
2001-06-26,0.19,18.31,11.76,26.64,nasa,0.61
2001-06-27,0.88,14.58,8.9,22.28,nasa,0.61
2001-06-28,0.01,13.61,6.23,22.92,nasa,0.61
2001-06-29,0.0,15.74,9.68,23.71,nasa,0.61
2001-06-30,0.0,17.07,11.7,24.96,nasa,0.61
2001-07-01,0.0,16.93,10.64,25.49,nasa,0.61
2001-07-02,0.0,17.15,9.74,25.89,nasa,0.61
2001-07-03,0.0,17.72,8.65,27.7,nasa,0.61
2001-07-04,0.0,17.47,9.0,27.28,nasa,0.61
2001-07-05,0.0,18.21,12.33,28.31,nasa,0.61
2001-07-06,0.0,16.48,9.19,26.55,nasa,0.61
2001-07-07,0.0,17.87,11.27,26.48,nasa,0.61
2001-07-08,0.0,18.04,11.83,26.17,nasa,0.6
2001-07-09,0.0,17.67,10.76,24.98,nasa,0.6
2001-07-10,0.0,18.47,10.8,26.11,nasa,0.6
2001-07-11,0.0,18.11,10.49,26.53,nasa,0.6
2001-07-12,0.0,18.45,12.89,25.89,nasa,0.6
2001-07-13,0.0,15.72,10.83,23.36,nasa,0.6
2001-07-14,0.0,16.4,10.2,24.41,nasa,0.6
2001-07-15,0.0,17.45,9.19,25.77,nasa,0.6
2001-07-16,0.0,17.67,9.7,26.33,nasa,0.6
2001-07-17,0.0,17.29,8.56,26.23,nasa,0.6
2001-07-18,0.12,18.36,10.45,27.14,nasa,0.6
2001-07-19,1.81,20.32,13.56,28.44,nasa,0.6
2001-07-20,1.93,20.52,14.13,29.32,nasa,0.6
2001-07-21,0.12,21.3,13.61,29.83,nasa,0.6
2001-07-22,0.49,20.8,14.64,29.05,nasa,0.6
2001-07-23,0.48,18.03,12.74,24.69,nasa,0.6
2001-07-24,3.21,19.56,14.2,26.24,nasa,0.6
2001-07-25,0.33,20.34,14.38,27.41,nasa,0.6
2001-07-26,0.06,20.53,13.66,28.57,nasa,0.6
2001-07-27,0.09,20.46,12.61,28.67,nasa,0.6
2001-07-28,0.26,16.31,11.33,23.87,nasa,0.6
2001-07-29,0.01,14.65,9.6,21.45,nasa,0.6
2001-07-30,0.0,17.66,10.38,26.81,nasa,0.6
2001-07-31,0.0,18.04,10.19,26.71,nasa,0.6
2001-08-01,0.0,18.07,10.09,27.17,nasa,0.6
2001-08-02,0.0,18.15,9.97,27.89,nasa,0.59
2001-08-03,0.0,18.93,11.6,28.19,nasa,0.59
2001-08-04,0.0,19.23,12.82,29.09,nasa,0.59
2001-08-05,0.0,18.48,9.75,28.78,nasa,0.59
2001-08-06,0.0,18.58,9.99,28.89,nasa,0.59
2001-08-07,0.0,18.4,9.93,28.01,nasa,0.59
2001-08-08,0.0,17.73,9.39,27.04,nasa,0.59
2001-08-09,0.0,17.78,9.48,26.47,nasa,0.59
2001-08-10,0.0,18.17,9.82,26.22,nasa,0.59
2001-08-11,0.0,19.5,12.71,26.08,nasa,0.59
2001-08-12,0.0,19.25,12.67,26.06,nasa,0.59
2001-08-13,0.0,18.78,12.05,27.05,nasa,0.59
2001-08-14,0.0,17.86,10.01,27.1,nasa,0.59
2001-08-15,0.0,17.75,9.41,27.31,nasa,0.59
2001-08-16,0.0,17.72,10.25,26.47,nasa,0.59
2001-08-17,0.0,18.03,10.37,26.59,nasa,0.59
2001-08-18,0.12,19.93,13.36,27.95,nasa,0.59
2001-08-19,0.05,20.57,13.18,29.22,nasa,0.59
2001-08-20,0.0,20.39,11.74,29.44,nasa,0.59
2001-08-21,0.19,19.91,11.74,27.33,nasa,0.59
2001-08-22,0.56,20.82,12.7,29.39,nasa,0.59
2001-08-23,5.18,21.3,15.96,28.6,nasa,0.59
2001-08-24,6.28,20.49,15.68,26.82,nasa,0.6
2001-08-25,0.02,21.79,15.16,28.24,nasa,0.61
2001-08-26,2.65,22.99,15.26,30.37,nasa,0.6
2001-08-27,1.43,22.88,15.22,30.07,nasa,0.61
2001-08-28,1.8,22.52,15.96,29.44,nasa,0.6
2001-08-29,7.92,21.36,15.95,28.13,nasa,0.61
2001-08-30,0.41,21.46,15.56,28.09,nasa,0.61
2001-08-31,0.76,22.05,15.15,29.34,nasa,0.61
2001-09-01,0.19,22.3,15.99,28.97,nasa,0.61
2001-09-02,0.04,22.02,14.75,28.72,nasa,0.6
2001-09-03,0.0,22.08,14.64,29.03,nasa,0.6
2001-09-04,0.0,22.17,13.65,30.19,nasa,0.6
2001-09-05,0.0,21.54,13.88,30.7,nasa,0.59
2001-09-06,0.02,20.75,13.71,28.68,nasa,0.59
2001-09-07,0.0,20.52,15.07,27.7,nasa,0.59
2001-09-08,0.0,20.59,11.3,30.45,nasa,0.59
2001-09-09,0.0,23.21,14.31,33.22,nasa,0.59
2001-09-10,0.0,22.57,13.93,30.45,nasa,0.59
2001-09-11,0.01,23.81,16.32,32.36,nasa,0.59
2001-09-12,0.26,19.93,12.84,26.97,nasa,0.59
2001-09-13,5.09,21.69,14.5,30.84,nasa,0.59
2001-09-14,21.9,19.83,17.46,22.69,nasa,0.62
2001-09-15,16.04,21.59,17.22,27.82,nasa,0.65
2001-09-16,1.61,18.74,11.91,25.73,nasa,0.65
2001-09-17,0.03,13.76,6.46,22.15,nasa,0.64
2001-09-18,0.0,15.58,8.16,24.77,nasa,0.63
2001-09-19,0.0,16.42,8.82,25.65,nasa,0.63
2001-09-20,0.01,18.78,11.46,27.32,nasa,0.62
2001-09-21,0.06,18.93,12.44,26.97,nasa,0.62
2001-09-22,1.94,18.56,13.95,24.94,nasa,0.61
2001-09-23,0.66,19.46,13.54,27.64,nasa,0.61
2001-09-24,0.1,22.55,15.19,29.84,nasa,0.61
2001-09-25,1.44,23.42,16.33,29.96,nasa,0.61
2001-09-26,3.16,23.25,17.72,31.07,nasa,0.61
2001-09-27,4.39,22.36,17.44,28.72,nasa,0.61
2001-09-28,0.44,21.39,15.42,28.16,nasa,0.62
2001-09-29,0.36,21.31,15.27,28.76,nasa,0.61
2001-09-30,1.09,18.08,15.0,21.15,nasa,0.61
2001-10-01,19.84,21.7,15.75,28.03,nasa,0.63
2001-10-02,29.09,22.03,18.79,28.1,nasa,0.67
2001-10-03,2.42,21.01,16.75,27.04,nasa,0.68
2001-10-04,0.0,21.22,13.83,29.96,nasa,0.66
2001-10-05,0.6,22.09,14.87,30.82,nasa,0.65
2001-10-06,0.71,21.74,13.8,30.58,nasa,0.64
2001-10-07,6.1,20.37,14.48,26.7,nasa,0.64
2001-10-08,14.32,19.22,15.69,23.62,nasa,0.65
2001-10-09,0.95,20.91,14.81,27.68,nasa,0.66
2001-10-10,0.12,21.23,16.89,26.41,nasa,0.65
2001-10-11,2.77,20.28,17.16,23.53,nasa,0.65
2001-10-12,0.39,22.3,15.48,29.37,nasa,0.65
2001-10-13,0.08,22.4,16.57,29.05,nasa,0.64
2001-10-14,0.12,21.44,15.97,27.13,nasa,0.64
2001-10-15,1.3,22.07,14.74,28.6,nasa,0.63
2001-10-16,0.85,21.97,15.97,28.67,nasa,0.63
2001-10-17,1.94,20.53,15.14,27.94,nasa,0.63
2001-10-18,0.77,22.54,16.08,29.01,nasa,0.62
2001-10-19,31.97,20.2,17.55,23.78,nasa,0.64
2001-10-20,9.21,21.14,17.13,26.67,nasa,0.69
2001-10-21,1.31,21.9,15.12,29.43,nasa,0.67
2001-10-22,8.53,21.01,17.37,26.37,nasa,0.67
2001-10-23,0.09,21.5,15.86,28.89,nasa,0.67
2001-10-24,0.01,21.64,14.83,29.24,nasa,0.66
2001-10-25,0.0,21.56,15.32,29.64,nasa,0.65
2001-10-26,0.06,20.85,13.68,29.08,nasa,0.64
2001-10-27,0.07,20.81,12.05,29.69,nasa,0.63
2001-10-28,0.0,22.46,12.15,31.52,nasa,0.63
2001-10-29,0.01,23.67,13.39,32.08,nasa,0.62
2001-10-30,0.3,24.08,15.97,32.21,nasa,0.62
2001-10-31,2.62,25.01,18.43,32.4,nasa,0.62
2001-11-01,3.58,23.91,16.85,31.69,nasa,0.62
2001-11-02,3.74,22.63,16.16,29.68,nasa,0.62
2001-11-03,13.74,20.24,16.22,25.31,nasa,0.64
2001-11-04,21.98,18.78,15.66,22.22,nasa,0.67
2001-11-05,2.55,21.72,16.94,28.07,nasa,0.68
2001-11-06,0.12,23.12,16.43,30.48,nasa,0.67
2001-11-07,0.01,24.59,17.15,31.4,nasa,0.65
2001-11-08,0.92,25.08,18.13,31.83,nasa,0.65
2001-11-09,8.72,24.6,19.29,31.0,nasa,0.65
2001-11-10,1.97,24.18,17.75,31.03,nasa,0.65
2001-11-11,17.67,23.62,18.68,29.9,nasa,0.66
2001-11-12,13.81,23.1,19.84,28.1,nasa,0.68
2001-11-13,11.92,22.94,19.67,27.95,nasa,0.69
2001-11-14,11.3,21.58,18.07,25.5,nasa,0.7
2001-11-15,1.99,21.48,18.96,25.32,nasa,0.7
2001-11-16,1.71,23.33,18.23,28.63,nasa,0.69
2001-11-17,9.97,22.16,18.76,25.53,nasa,0.69
2001-11-18,2.69,22.67,18.11,27.57,nasa,0.69
2001-11-19,27.54,22.98,17.87,27.34,nasa,0.7
2001-11-20,6.63,21.32,18.81,24.37,nasa,0.72
2001-11-21,4.41,22.3,17.64,27.89,nasa,0.71
2001-11-22,1.79,22.73,17.47,27.94,nasa,0.7
2001-11-23,3.78,22.77,19.32,25.93,nasa,0.7
2001-11-24,2.59,23.95,19.41,28.69,nasa,0.69
2001-11-25,2.52,23.93,18.78,29.7,nasa,0.69
2001-11-26,0.14,22.72,16.48,29.12,nasa,0.68
2001-11-27,1.68,23.7,17.59,29.39,nasa,0.67
2001-11-28,14.48,22.02,19.32,25.84,nasa,0.68
2001-11-29,0.49,21.88,18.09,26.31,nasa,0.69
2001-11-30,36.9,21.61,18.63,25.11,nasa,0.72
2001-12-01,5.23,21.46,15.32,26.22,nasa,0.74
2001-12-02,0.0,19.23,11.55,26.48,nasa,0.72
2001-12-03,0.0,20.11,13.27,27.2,nasa,0.7
2001-12-04,0.0,19.62,14.29,26.04,nasa,0.69
2001-12-05,0.4,21.99,15.69,28.31,nasa,0.68
2001-12-06,9.64,22.14,18.84,26.25,nasa,0.68
2001-12-07,11.47,21.81,18.88,25.62,nasa,0.7
2001-12-08,1.52,22.49,17.81,27.42,nasa,0.7
2001-12-09,1.11,23.17,16.98,28.89,nasa,0.7
2001-12-10,3.33,23.33,18.2,28.53,nasa,0.68
2001-12-11,0.69,23.32,18.58,28.32,nasa,0.68
2001-12-12,0.23,23.64,17.48,29.66,nasa,0.67
2001-12-13,12.25,21.69,19.13,24.69,nasa,0.68
2001-12-14,12.24,21.06,18.29,24.01,nasa,0.7
2001-12-15,26.02,21.91,19.42,25.07,nasa,0.72
2001-12-16,17.04,22.79,19.27,27.22,nasa,0.75
2001-12-17,11.8,23.65,20.13,28.44,nasa,0.75
2001-12-18,5.48,23.71,19.15,28.64,nasa,0.74
2001-12-19,5.47,24.6,19.82,30.34,nasa,0.73
2001-12-20,7.93,22.31,19.69,24.93,nasa,0.73
2001-12-21,6.41,22.22,19.89,24.98,nasa,0.74
2001-12-22,11.96,21.76,19.91,23.94,nasa,0.74
2001-12-23,11.75,22.78,18.97,26.78,nasa,0.75
2001-12-24,12.7,19.55,17.09,22.82,nasa,0.76
2001-12-25,2.38,19.23,15.23,24.09,nasa,0.76
2001-12-26,3.7,19.38,16.45,22.82,nasa,0.75
2001-12-27,6.64,20.29,16.95,25.25,nasa,0.75
2001-12-28,17.63,20.28,18.07,23.38,nasa,0.76
2001-12-29,28.52,20.03,17.56,22.68,nasa,0.79
2001-12-30,18.99,21.74,16.55,26.68,nasa,0.81
2001-12-31,2.83,22.71,17.94,28.41,nasa,0.8
2002-01-01,5.74,22.0,17.31,26.39,nasa,0.79
2002-01-02,1.08,23.26,18.07,28.55,nasa,0.78
2002-01-03,0.17,23.43,18.06,28.38,nasa,0.77
2002-01-04,0.8,23.58,18.78,28.51,nasa,0.75
2002-01-05,3.4,23.12,17.91,28.21,nasa,0.75
2002-01-06,6.34,22.97,18.48,27.99,nasa,0.75
2002-01-07,6.46,22.8,18.99,26.63,nasa,0.75
2002-01-08,8.2,20.52,18.29,22.94,nasa,0.76
2002-01-09,0.46,21.36,18.2,24.76,nasa,0.76
2002-01-10,0.23,21.26,17.51,24.86,nasa,0.76
2002-01-11,2.83,20.49,17.73,23.92,nasa,0.75
2002-01-12,11.85,21.55,17.81,25.77,nasa,0.76
2002-01-13,34.24,21.32,18.64,24.83,nasa,0.78
2002-01-14,11.44,21.72,20.01,24.15,nasa,0.82
2002-01-15,4.94,22.89,18.45,28.33,nasa,0.8
2002-01-16,0.55,21.83,17.01,28.03,nasa,0.79
2002-01-17,0.74,21.09,14.87,27.17,nasa,0.78
2002-01-18,2.39,19.63,15.99,23.53,nasa,0.77
2002-01-19,9.52,19.84,16.09,23.69,nasa,0.77
2002-01-20,3.89,21.43,18.73,24.72,nasa,0.78
2002-01-21,0.44,23.45,16.97,28.58,nasa,0.78
2002-01-22,1.07,24.15,18.48,29.36,nasa,0.77
2002-01-23,6.36,23.92,20.3,27.8,nasa,0.76
2002-01-24,10.15,23.35,19.08,28.05,nasa,0.77
2002-01-25,12.85,23.42,19.47,27.73,nasa,0.78
2002-01-26,1.88,24.43,19.37,30.52,nasa,0.78
2002-01-27,4.52,23.98,20.33,28.43,nasa,0.77
2002-01-28,3.53,23.98,20.99,27.62,nasa,0.77
2002-01-29,11.06,23.12,20.46,26.52,nasa,0.78
2002-01-30,5.88,22.96,20.94,26.34,nasa,0.79
2002-01-31,5.09,23.73,19.42,28.25,nasa,0.78
2002-02-01,15.56,23.24,20.57,26.3,nasa,0.79
2002-02-02,4.7,23.12,19.27,27.42,nasa,0.8
2002-02-03,3.5,21.03,17.33,26.14,nasa,0.79
2002-02-04,0.08,20.74,14.95,26.33,nasa,0.78
2002-02-05,2.64,21.49,15.05,27.08,nasa,0.77
2002-02-06,20.09,21.84,16.42,27.16,nasa,0.78
2002-02-07,12.53,21.45,18.74,24.39,nasa,0.8
2002-02-08,13.08,20.88,18.82,22.76,nasa,0.81
2002-02-09,60.6,20.62,19.02,22.71,nasa,0.84
2002-02-10,19.7,22.41,18.9,26.61,nasa,0.87
2002-02-11,6.26,21.31,19.05,25.07,nasa,0.86
2002-02-12,0.87,22.16,18.0,27.01,nasa,0.84
2002-02-13,0.16,22.21,16.92,27.44,nasa,0.83
2002-02-14,7.71,21.57,18.01,25.85,nasa,0.82
2002-02-15,3.14,22.18,18.17,26.8,nasa,0.82
2002-02-16,9.12,21.46,17.73,25.65,nasa,0.82
2002-02-17,11.01,21.89,18.37,25.66,nasa,0.84
2002-02-18,3.93,20.14,17.54,24.41,nasa,0.84
2002-02-19,4.79,19.72,16.82,23.5,nasa,0.83
2002-02-20,26.12,20.48,17.76,23.2,nasa,0.85
2002-02-21,10.82,21.36,18.91,24.91,nasa,0.87
2002-02-22,14.48,21.71,19.76,24.61,nasa,0.87
2002-02-23,11.79,21.88,19.93,24.57,nasa,0.88
2002-02-24,9.9,22.94,18.57,28.19,nasa,0.88
2002-02-25,0.72,20.97,16.71,25.8,nasa,0.86
2002-02-26,4.98,20.55,16.45,24.75,nasa,0.86
2002-02-27,5.01,20.11,18.21,22.27,nasa,0.86
2002-02-28,0.44,20.66,18.14,23.67,nasa,0.86
2002-03-01,5.67,21.07,18.14,24.51,nasa,0.86
2002-03-02,4.37,22.85,18.15,27.9,nasa,0.86
2002-03-03,8.92,21.82,18.67,26.49,nasa,0.87
2002-03-04,3.68,21.49,16.93,27.11,nasa,0.86
2002-03-05,1.21,22.22,16.45,27.87,nasa,0.86
2002-03-06,0.8,22.74,16.9,27.65,nasa,0.85
2002-03-07,0.56,23.4,17.88,28.21,nasa,0.84
2002-03-08,2.88,23.41,18.27,27.9,nasa,0.84
2002-03-09,0.64,23.8,19.12,28.31,nasa,0.84
2002-03-10,0.07,22.75,18.28,27.61,nasa,0.83
2002-03-11,0.02,22.48,17.96,27.25,nasa,0.82
2002-03-12,0.24,22.79,18.07,27.27,nasa,0.82
2002-03-13,0.86,23.19,18.37,27.46,nasa,0.82
2002-03-14,6.47,22.86,19.71,25.88,nasa,0.82
2002-03-15,3.17,22.47,18.89,27.39,nasa,0.82
2002-03-16,5.78,22.2,17.35,27.27,nasa,0.82
2002-03-17,3.48,23.26,18.46,28.26,nasa,0.82
2002-03-18,5.66,23.36,20.36,27.65,nasa,0.82
2002-03-19,4.33,23.52,19.47,27.55,nasa,0.82
2002-03-20,2.52,22.52,19.98,25.61,nasa,0.82
2002-03-21,5.18,21.66,18.65,24.3,nasa,0.83
2002-03-22,0.32,20.66,16.59,25.47,nasa,0.83
2002-03-23,1.09,20.96,15.81,26.22,nasa,0.82
2002-03-24,12.2,20.88,18.3,24.35,nasa,0.82
2002-03-25,6.52,20.93,19.46,23.34,nasa,0.83
2002-03-26,2.82,23.06,18.68,28.23,nasa,0.83
2002-03-27,15.36,22.31,19.39,26.48,nasa,0.84
2002-03-28,0.94,22.22,18.26,26.81,nasa,0.84
2002-03-29,0.07,22.3,17.89,27.25,nasa,0.83
2002-03-30,0.0,21.69,16.24,26.78,nasa,0.82
2002-03-31,0.0,22.44,16.75,28.08,nasa,0.81
2002-04-01,0.0,22.22,17.25,27.92,nasa,0.81
2002-04-02,0.05,22.77,16.21,28.33,nasa,0.8
2002-04-03,1.81,22.31,17.5,27.27,nasa,0.8
2002-04-04,3.31,21.81,17.81,26.41,nasa,0.8
2002-04-05,0.54,20.77,16.25,26.1,nasa,0.79
2002-04-06,1.44,20.59,15.88,25.47,nasa,0.79
2002-04-07,4.9,20.53,17.52,24.89,nasa,0.79
2002-04-08,1.8,20.58,16.14,25.83,nasa,0.79
2002-04-09,1.09,20.6,16.04,25.63,nasa,0.79
2002-04-10,0.07,20.94,16.59,25.77,nasa,0.79
2002-04-11,0.21,21.45,16.26,26.33,nasa,0.78
2002-04-12,0.0,23.14,19.04,28.41,nasa,0.78
2002-04-13,0.03,21.59,16.66,27.64,nasa,0.77
2002-04-14,0.31,21.35,16.5,26.78,nasa,0.77
2002-04-15,0.2,21.32,16.72,26.52,nasa,0.76
2002-04-16,0.02,21.31,16.82,26.81,nasa,0.76
2002-04-17,0.0,21.5,15.83,26.82,nasa,0.76
2002-04-18,0.0,23.03,17.47,28.56,nasa,0.75
2002-04-19,0.0,20.99,16.11,27.04,nasa,0.75
2002-04-20,0.03,20.94,14.65,26.64,nasa,0.74
2002-04-21,0.01,22.55,17.23,27.99,nasa,0.74
2002-04-22,0.01,21.33,17.15,26.68,nasa,0.74
2002-04-23,0.0,20.68,16.54,25.75,nasa,0.73
2002-04-24,0.0,20.47,13.76,26.36,nasa,0.73
2002-04-25,0.0,20.73,14.37,26.81,nasa,0.73
2002-04-26,0.0,21.8,15.7,27.43,nasa,0.72
2002-04-27,0.01,21.24,15.53,27.73,nasa,0.72
2002-04-28,0.01,21.31,16.59,26.37,nasa,0.72
2002-04-29,0.0,20.69,16.82,26.06,nasa,0.71
2002-04-30,0.17,21.53,16.42,27.4,nasa,0.71
2002-05-01,0.26,22.19,17.38,27.24,nasa,0.71
2002-05-02,0.35,22.13,17.75,26.91,nasa,0.71
2002-05-03,1.33,22.08,17.21,27.88,nasa,0.7
2002-05-04,2.47,20.97,17.87,24.88,nasa,0.71
2002-05-05,1.33,21.2,16.72,26.06,nasa,0.71
2002-05-06,10.02,20.73,17.88,24.29,nasa,0.72
2002-05-07,1.81,21.4,17.25,25.48,nasa,0.72
2002-05-08,0.87,20.98,15.92,25.74,nasa,0.72
2002-05-09,1.58,19.94,16.19,24.06,nasa,0.72
2002-05-10,0.35,19.59,14.78,25.36,nasa,0.72
2002-05-11,0.02,19.96,15.46,25.48,nasa,0.71
2002-05-12,0.0,19.97,15.07,25.61,nasa,0.71
2002-05-13,0.03,20.5,15.7,25.38,nasa,0.7
2002-05-14,0.0,19.9,15.43,25.64,nasa,0.7
2002-05-15,0.0,19.24,14.18,25.08,nasa,0.7
2002-05-16,0.0,20.13,14.63,26.18,nasa,0.69
2002-05-17,0.15,19.66,14.55,26.5,nasa,0.69
2002-05-18,0.09,19.66,14.39,25.65,nasa,0.69
2002-05-19,5.29,20.91,14.77,26.6,nasa,0.69
2002-05-20,2.03,21.37,16.27,26.72,nasa,0.69
2002-05-21,12.64,19.56,17.3,22.15,nasa,0.71
2002-05-22,2.88,18.03,14.5,23.01,nasa,0.71
2002-05-23,0.32,16.32,12.7,21.42,nasa,0.71
2002-05-24,0.1,14.36,10.17,20.04,nasa,0.71
2002-05-25,0.01,14.36,9.37,21.07,nasa,0.7
2002-05-26,0.0,14.57,9.94,20.84,nasa,0.7
2002-05-27,0.0,14.39,8.83,22.43,nasa,0.7
2002-05-28,0.0,15.87,10.07,23.12,nasa,0.69
2002-05-29,0.0,17.13,12.06,22.93,nasa,0.69
2002-05-30,0.0,18.19,11.64,23.96,nasa,0.68
2002-05-31,0.0,19.56,13.1,24.87,nasa,0.68
2002-06-01,0.0,18.81,13.75,25.04,nasa,0.68
2002-06-02,0.0,18.89,14.15,24.81,nasa,0.68
2002-06-03,0.0,18.72,13.5,24.28,nasa,0.67
2002-06-04,0.0,18.51,12.27,25.52,nasa,0.67
2002-06-05,0.0,18.21,11.95,25.27,nasa,0.67
2002-06-06,0.0,18.98,12.12,25.62,nasa,0.67
2002-06-07,0.0,18.38,12.2,25.41,nasa,0.67
2002-06-08,0.0,19.78,13.89,26.17,nasa,0.66
2002-06-09,0.0,19.02,12.29,26.29,nasa,0.66
2002-06-10,0.0,20.27,14.88,26.74,nasa,0.66
2002-06-11,0.0,19.67,14.86,26.24,nasa,0.66
2002-06-12,0.0,19.25,12.73,26.16,nasa,0.66
2002-06-13,0.0,19.95,12.28,27.04,nasa,0.65
2002-06-14,0.0,19.72,14.25,27.45,nasa,0.65
2002-06-15,0.0,19.16,14.26,25.89,nasa,0.65
2002-06-16,0.0,18.86,13.99,25.36,nasa,0.65
2002-06-17,0.0,17.88,11.97,25.66,nasa,0.65
2002-06-18,0.0,17.12,9.93,24.39,nasa,0.65
2002-06-19,0.0,18.83,12.79,25.82,nasa,0.65
2002-06-20,0.0,18.23,12.72,25.39,nasa,0.65
2002-06-21,0.0,17.03,10.95,24.16,nasa,0.64
2002-06-22,0.01,17.24,10.69,24.74,nasa,0.64
2002-06-23,0.02,16.22,13.22,21.28,nasa,0.64
2002-06-24,0.02,17.05,11.53,23.92,nasa,0.64
2002-06-25,0.02,17.63,12.34,24.23,nasa,0.64
2002-06-26,0.0,17.36,11.94,24.02,nasa,0.64
2002-06-27,0.0,17.58,12.18,24.84,nasa,0.64
2002-06-28,0.0,18.71,13.37,24.52,nasa,0.64
2002-06-29,0.0,18.66,12.22,24.65,nasa,0.64
2002-06-30,0.0,18.76,11.53,25.72,nasa,0.64
2002-07-01,0.0,17.77,11.09,26.59,nasa,0.64
2002-07-02,0.0,17.12,11.08,25.72,nasa,0.63
2002-07-03,0.0,18.16,12.83,25.54,nasa,0.63
2002-07-04,0.0,18.3,12.65,25.96,nasa,0.63
2002-07-05,0.0,18.16,13.38,24.56,nasa,0.63
2002-07-06,0.0,17.01,9.95,25.2,nasa,0.63
2002-07-07,0.05,18.41,12.23,26.17,nasa,0.63
2002-07-08,0.0,15.02,8.79,21.82,nasa,0.63
2002-07-09,0.06,14.62,5.82,23.99,nasa,0.63
2002-07-10,0.22,17.23,11.5,23.42,nasa,0.63
2002-07-11,2.75,19.36,13.7,25.47,nasa,0.63
2002-07-12,2.42,18.66,15.76,23.33,nasa,0.63
2002-07-13,2.49,17.48,12.39,24.74,nasa,0.64
2002-07-14,0.0,16.58,10.53,24.17,nasa,0.64
2002-07-15,0.0,16.37,9.02,24.57,nasa,0.63
2002-07-16,0.0,16.9,9.43,25.46,nasa,0.63
2002-07-17,0.0,15.53,7.83,25.46,nasa,0.63
2002-07-18,0.0,15.79,9.96,23.87,nasa,0.63
2002-07-19,0.01,17.05,11.31,24.01,nasa,0.63
2002-07-20,0.0,17.04,11.41,23.17,nasa,0.63
2002-07-21,0.03,16.28,11.86,21.46,nasa,0.63
2002-07-22,0.26,17.39,11.73,24.26,nasa,0.62
2002-07-23,0.0,18.02,13.86,24.56,nasa,0.62
2002-07-24,0.0,18.65,11.55,27.63,nasa,0.62
2002-07-25,0.03,17.86,9.59,27.17,nasa,0.62
2002-07-26,0.0,18.01,9.76,27.81,nasa,0.62
2002-07-27,2.9,18.53,10.83,26.64,nasa,0.62
2002-07-28,0.02,18.91,11.87,27.14,nasa,0.62
2002-07-29,0.05,17.37,11.44,24.96,nasa,0.62
2002-07-30,0.0,17.91,11.59,26.45,nasa,0.62
2002-07-31,0.03,18.89,11.07,27.2,nasa,0.62
2002-08-01,5.84,20.69,14.84,28.51,nasa,0.62
2002-08-02,4.49,20.58,15.14,27.23,nasa,0.63
2002-08-03,0.4,20.85,15.28,28.49,nasa,0.63
2002-08-04,0.0,21.17,14.49,30.15,nasa,0.63
2002-08-05,0.72,22.79,15.54,29.97,nasa,0.62
2002-08-06,0.99,23.06,17.29,30.26,nasa,0.62
2002-08-07,0.04,22.25,15.44,30.76,nasa,0.62
2002-08-08,0.0,21.91,14.92,30.07,nasa,0.62
2002-08-09,0.0,21.07,14.24,29.06,nasa,0.61
2002-08-10,0.0,21.58,15.12,29.35,nasa,0.61
2002-08-11,0.02,21.89,14.63,29.03,nasa,0.61
2002-08-12,0.0,21.98,14.57,29.7,nasa,0.61
2002-08-13,0.0,21.75,13.52,29.46,nasa,0.61
2002-08-14,0.0,21.43,14.03,29.59,nasa,0.6
2002-08-15,0.0,20.66,12.9,29.63,nasa,0.6
2002-08-16,0.0,20.52,14.58,28.98,nasa,0.6
2002-08-17,0.0,20.29,13.05,28.6,nasa,0.6
2002-08-18,0.0,20.09,13.16,28.15,nasa,0.6
2002-08-19,0.0,20.48,13.55,28.38,nasa,0.6
2002-08-20,0.0,19.52,12.64,28.29,nasa,0.6
2002-08-21,0.0,20.24,12.01,28.39,nasa,0.59
2002-08-22,0.0,20.6,13.94,27.27,nasa,0.59
2002-08-23,0.0,22.05,14.49,29.55,nasa,0.59
2002-08-24,0.28,21.6,13.96,29.6,nasa,0.59
2002-08-25,0.13,21.51,13.45,29.24,nasa,0.59
2002-08-26,2.22,20.38,13.82,27.67,nasa,0.59
2002-08-27,0.01,20.1,14.08,28.22,nasa,0.59
2002-08-28,0.6,20.2,12.82,28.28,nasa,0.59
2002-08-29,0.0,21.19,14.94,28.68,nasa,0.59
2002-08-30,4.11,21.91,15.66,29.21,nasa,0.6
2002-08-31,11.56,21.23,15.89,28.12,nasa,0.61
2002-09-01,2.83,17.11,13.84,20.14,nasa,0.62
2002-09-02,0.04,14.24,7.96,21.69,nasa,0.62
2002-09-03,0.09,14.82,5.1,25.24,nasa,0.62
2002-09-04,0.0,18.28,7.2,28.59,nasa,0.61
2002-09-05,2.23,20.32,13.5,28.57,nasa,0.61
2002-09-06,11.98,21.46,17.63,27.22,nasa,0.62
2002-09-07,0.59,21.06,15.15,28.85,nasa,0.63
2002-09-08,0.03,18.07,12.49,25.38,nasa,0.63
2002-09-09,0.72,20.39,14.0,28.04,nasa,0.62
2002-09-10,0.01,21.22,14.82,28.83,nasa,0.62
2002-09-11,0.0,20.99,15.39,29.03,nasa,0.62
2002-09-12,0.0,19.42,12.91,27.15,nasa,0.61
2002-09-13,0.08,22.56,14.19,31.55,nasa,0.61
2002-09-14,0.15,22.6,18.04,30.88,nasa,0.61
2002-09-15,0.01,22.21,15.04,30.54,nasa,0.6
2002-09-16,0.0,21.29,15.78,28.84,nasa,0.6
2002-09-17,0.0,22.54,14.1,31.71,nasa,0.6
2002-09-18,0.01,23.0,15.5,31.26,nasa,0.6
2002-09-19,0.32,22.51,14.15,31.26,nasa,0.59
2002-09-20,3.85,23.87,17.2,31.05,nasa,0.59
2002-09-21,5.52,22.12,16.24,29.46,nasa,0.61
2002-09-22,3.66,17.95,14.62,22.77,nasa,0.61
2002-09-23,3.81,19.11,14.34,25.73,nasa,0.61
2002-09-24,14.17,16.35,12.22,20.3,nasa,0.63
2002-09-25,0.32,17.56,9.92,25.49,nasa,0.64
2002-09-26,0.0,19.31,11.91,27.54,nasa,0.63
2002-09-27,0.0,20.22,12.35,28.38,nasa,0.62
2002-09-28,0.0,21.16,13.7,29.16,nasa,0.62
2002-09-29,0.06,21.73,13.85,29.98,nasa,0.61
2002-09-30,1.14,22.89,14.36,31.33,nasa,0.61
2002-10-01,1.91,24.33,16.4,33.36,nasa,0.61
2002-10-02,2.42,23.28,17.87,30.49,nasa,0.61
2002-10-03,0.19,23.39,15.96,32.51,nasa,0.61
2002-10-04,0.36,24.62,15.22,33.29,nasa,0.6
2002-10-05,0.04,25.89,17.48,33.74,nasa,0.6
2002-10-06,0.02,25.84,18.64,33.65,nasa,0.6
2002-10-07,0.0,24.97,16.34,33.96,nasa,0.59
2002-10-08,0.03,26.49,17.0,35.16,nasa,0.59
2002-10-09,0.0,26.66,17.74,35.52,nasa,0.59
2002-10-10,0.0,26.41,16.9,35.36,nasa,0.59
2002-10-11,0.0,26.78,16.28,36.36,nasa,0.59
2002-10-12,0.02,27.26,16.54,37.01,nasa,0.59
2002-10-13,0.0,27.48,17.63,37.34,nasa,0.59
2002-10-14,0.01,26.87,17.28,36.89,nasa,0.59
2002-10-15,0.0,26.18,16.07,36.53,nasa,0.58
2002-10-16,0.0,26.99,17.08,36.19,nasa,0.58
2002-10-17,0.0,26.78,16.61,36.86,nasa,0.58
2002-10-18,1.11,26.23,18.72,34.45,nasa,0.58
2002-10-19,0.17,26.4,18.88,34.09,nasa,0.59
2002-10-20,0.05,27.03,19.35,34.97,nasa,0.59
2002-10-21,4.89,28.12,21.64,36.15,nasa,0.59
2002-10-22,0.81,26.24,18.6,34.53,nasa,0.59
2002-10-23,0.1,22.6,16.36,29.89,nasa,0.59
2002-10-24,0.26,24.55,15.29,33.47,nasa,0.59
2002-10-25,2.43,26.13,17.68,34.87,nasa,0.59
2002-10-26,1.1,26.59,20.42,33.76,nasa,0.59
2002-10-27,0.26,26.21,18.27,35.91,nasa,0.59
2002-10-28,13.65,26.13,17.65,35.5,nasa,0.6
2002-10-29,13.99,24.42,20.27,28.77,nasa,0.62
2002-10-30,11.94,22.78,20.29,26.02,nasa,0.65
2002-10-31,8.82,22.92,17.92,28.47,nasa,0.65
2002-11-01,5.55,20.98,17.29,26.51,nasa,0.66
2002-11-02,1.22,22.58,15.7,29.99,nasa,0.65
2002-11-03,0.87,23.43,16.72,31.15,nasa,0.64
2002-11-04,2.54,25.07,17.99,32.64,nasa,0.63
2002-11-05,8.96,22.61,17.32,28.4,nasa,0.64
2002-11-06,2.31,18.58,14.0,23.32,nasa,0.64
2002-11-07,0.04,18.27,12.69,24.98,nasa,0.64
2002-11-08,0.01,19.67,12.68,28.06,nasa,0.63
2002-11-09,0.09,22.13,13.0,30.86,nasa,0.62
2002-11-10,3.82,25.07,17.84,32.69,nasa,0.62
2002-11-11,6.26,23.17,20.13,26.19,nasa,0.63
2002-11-12,4.09,23.1,18.63,28.85,nasa,0.63
2002-11-13,30.7,20.55,16.88,25.54,nasa,0.65
2002-11-14,17.58,20.82,17.41,24.45,nasa,0.71
2002-11-15,9.89,21.91,17.67,27.17,nasa,0.7
2002-11-16,7.73,23.52,19.29,28.23,nasa,0.7
2002-11-17,6.17,23.57,18.77,28.56,nasa,0.69
2002-11-18,12.17,23.78,20.48,28.48,nasa,0.7
2002-11-19,5.27,23.67,19.82,28.61,nasa,0.7
2002-11-20,2.54,24.6,18.93,29.47,nasa,0.68
2002-11-21,10.38,24.91,20.27,29.61,nasa,0.68
2002-11-22,9.4,23.54,18.89,28.93,nasa,0.69
2002-11-23,4.1,22.6,18.97,28.01,nasa,0.69
2002-11-24,5.6,22.95,20.02,27.16,nasa,0.69
2002-11-25,0.69,23.46,19.36,27.94,nasa,0.68
2002-11-26,7.27,22.26,19.98,25.71,nasa,0.68
2002-11-27,6.51,22.37,18.94,26.99,nasa,0.69
2002-11-28,0.41,23.63,18.18,29.73,nasa,0.68
2002-11-29,0.35,24.27,18.29,30.29,nasa,0.67
2002-11-30,1.93,24.13,19.31,28.6,nasa,0.66
2002-12-01,1.24,25.82,19.04,32.27,nasa,0.66
2002-12-02,5.74,24.26,20.17,31.1,nasa,0.66
2002-12-03,6.7,24.4,18.9,30.89,nasa,0.66
2002-12-04,13.16,24.68,19.27,29.72,nasa,0.67
2002-12-05,1.51,24.56,20.42,29.61,nasa,0.68
2002-12-06,7.05,24.53,20.53,31.0,nasa,0.67
2002-12-07,4.6,23.52,20.42,27.47,nasa,0.68
2002-12-08,7.3,24.22,19.75,29.51,nasa,0.68
2002-12-09,2.4,22.94,18.61,29.63,nasa,0.68
2002-12-10,7.95,21.35,17.67,26.22,nasa,0.67
2002-12-11,21.48,21.52,17.82,26.2,nasa,0.7
2002-12-12,26.69,21.7,19.05,25.88,nasa,0.73
2002-12-13,15.96,22.19,19.07,25.67,nasa,0.76
2002-12-14,10.02,21.91,17.62,25.47,nasa,0.76
2002-12-15,9.23,21.63,18.94,25.47,nasa,0.75
2002-12-16,33.7,21.0,18.9,23.66,nasa,0.77
2002-12-17,8.07,22.7,17.47,28.15,nasa,0.78
2002-12-18,1.23,22.82,18.03,28.88,nasa,0.76
2002-12-19,3.52,22.35,16.74,28.04,nasa,0.74
2002-12-20,9.17,24.09,18.68,29.44,nasa,0.74
2002-12-21,9.64,24.09,21.11,29.01,nasa,0.74
2002-12-22,11.37,23.75,20.18,28.01,nasa,0.75
2002-12-23,6.44,23.61,20.05,27.79,nasa,0.75
2002-12-24,3.73,23.87,20.57,28.52,nasa,0.75
2002-12-25,12.72,23.62,19.92,28.05,nasa,0.74
2002-12-26,3.07,21.11,17.28,25.04,nasa,0.76
2002-12-27,0.1,19.33,14.84,25.89,nasa,0.75
2002-12-28,0.32,21.72,14.51,28.74,nasa,0.73
2002-12-29,1.57,23.72,18.19,29.64,nasa,0.72
2002-12-30,3.25,23.73,19.08,28.99,nasa,0.72
2002-12-31,1.68,23.81,20.21,28.36,nasa,0.71
2003-01-01,9.57,25.27,20.83,29.33,nasa,0.71
2003-01-02,10.84,24.98,21.06,29.02,nasa,0.72
2003-01-03,8.35,23.12,21.43,25.58,nasa,0.74
2003-01-04,12.69,22.62,20.41,26.5,nasa,0.75
2003-01-05,22.87,22.4,20.32,24.89,nasa,0.77
2003-01-06,17.26,23.35,19.17,27.87,nasa,0.78
2003-01-07,4.18,21.77,17.18,27.85,nasa,0.78
2003-01-08,0.6,21.97,15.7,27.69,nasa,0.76
2003-01-09,2.83,23.81,18.92,28.86,nasa,0.75
2003-01-10,16.93,24.77,20.73,28.58,nasa,0.76
2003-01-11,6.75,24.54,20.95,30.06,nasa,0.77
2003-01-12,3.9,22.74,19.97,26.5,nasa,0.77
2003-01-13,9.83,21.85,19.33,24.83,nasa,0.77
2003-01-14,8.86,22.76,19.15,26.69,nasa,0.78
2003-01-15,4.51,23.42,19.46,27.52,nasa,0.77
2003-01-16,21.31,22.74,19.35,26.58,nasa,0.78
2003-01-17,18.7,23.28,20.92,26.28,nasa,0.8
2003-01-18,12.33,23.34,19.9,27.94,nasa,0.81
2003-01-19,10.32,23.24,20.28,26.64,nasa,0.81
2003-01-20,7.94,23.69,20.16,28.3,nasa,0.81
2003-01-21,15.12,22.47,19.97,25.66,nasa,0.81
2003-01-22,13.52,22.62,19.88,26.19,nasa,0.82
2003-01-23,11.04,22.05,20.04,25.15,nasa,0.83
2003-01-24,2.46,23.34,19.04,27.85,nasa,0.82
2003-01-25,13.9,22.87,18.48,27.14,nasa,0.81
2003-01-26,12.39,21.77,18.61,25.86,nasa,0.82
2003-01-27,28.9,21.22,17.73,24.58,nasa,0.84
2003-01-28,18.24,20.97,19.14,23.28,nasa,0.86
2003-01-29,32.58,21.28,18.84,25.25,nasa,0.88
2003-01-30,22.72,20.44,17.4,23.65,nasa,0.9
2003-01-31,7.34,21.82,18.17,25.76,nasa,0.9
2003-02-01,0.14,22.76,17.26,28.38,nasa,0.88
2003-02-02,0.09,22.49,17.32,28.15,nasa,0.86
2003-02-03,0.25,22.8,17.76,27.75,nasa,0.86
2003-02-04,4.57,23.57,19.17,27.9,nasa,0.85
2003-02-05,8.13,22.92,20.21,25.97,nasa,0.86
2003-02-06,1.88,22.86,19.31,26.47,nasa,0.86
2003-02-07,0.99,22.68,19.72,25.92,nasa,0.86
2003-02-08,0.02,23.18,18.34,28.07,nasa,0.85
2003-02-09,0.02,24.33,17.98,29.0,nasa,0.84
2003-02-10,0.01,23.67,17.49,29.28,nasa,0.83
2003-02-11,0.72,24.37,17.46,29.74,nasa,0.83
2003-02-12,0.09,24.12,19.23,28.1,nasa,0.82
2003-02-13,0.08,23.11,18.93,27.04,nasa,0.82
2003-02-14,2.67,22.63,18.46,25.76,nasa,0.81
2003-02-15,15.37,20.92,18.52,23.52,nasa,0.83
2003-02-16,2.01,21.74,17.74,26.39,nasa,0.83
2003-02-17,16.19,21.28,19.81,24.0,nasa,0.84
2003-02-18,9.07,22.82,18.89,27.19,nasa,0.85
2003-02-19,10.05,22.97,20.04,27.11,nasa,0.85
2003-02-20,3.58,23.57,19.15,27.77,nasa,0.85
2003-02-21,5.55,23.36,19.41,27.65,nasa,0.84
2003-02-22,1.45,23.12,18.36,28.52,nasa,0.84
2003-02-23,0.06,22.63,18.0,28.13,nasa,0.83
2003-02-24,0.0,22.83,17.46,28.23,nasa,0.82
2003-02-25,0.01,23.65,17.28,28.96,nasa,0.81
2003-02-26,1.41,24.27,20.39,29.5,nasa,0.81
2003-02-27,0.01,23.65,18.12,29.51,nasa,0.8
2003-02-28,0.13,24.12,18.42,29.23,nasa,0.79
2003-03-01,3.06,23.71,18.77,28.75,nasa,0.79
2003-03-02,2.11,24.0,19.37,28.24,nasa,0.79
2003-03-03,5.13,24.16,19.8,28.72,nasa,0.79
2003-03-04,2.21,24.17,18.33,29.71,nasa,0.79
2003-03-05,0.92,23.07,19.57,26.73,nasa,0.79
2003-03-06,4.13,22.61,18.79,26.45,nasa,0.79
2003-03-07,5.57,23.17,17.77,27.67,nasa,0.79
2003-03-08,17.4,20.92,18.85,23.61,nasa,0.81
2003-03-09,16.94,20.52,18.11,24.14,nasa,0.82
2003-03-10,8.12,20.49,18.26,23.51,nasa,0.83
2003-03-11,13.57,21.04,18.26,24.98,nasa,0.83
2003-03-12,20.65,21.89,19.26,25.46,nasa,0.85
2003-03-13,11.36,21.16,18.72,24.32,nasa,0.86
2003-03-14,0.88,22.79,19.52,27.73,nasa,0.85
2003-03-15,3.64,23.38,18.3,28.48,nasa,0.84
2003-03-16,11.91,22.99,19.71,26.99,nasa,0.84
2003-03-17,3.54,22.53,19.26,27.02,nasa,0.84
2003-03-18,4.33,20.38,17.85,24.13,nasa,0.84
2003-03-19,2.72,21.22,16.77,25.65,nasa,0.84
2003-03-20,7.03,22.16,17.31,27.06,nasa,0.83
2003-03-21,11.66,20.87,19.41,22.79,nasa,0.84
2003-03-22,2.58,21.84,17.94,27.12,nasa,0.85
2003-03-23,1.55,21.19,16.22,26.69,nasa,0.84
2003-03-24,0.47,20.65,15.9,25.9,nasa,0.83
2003-03-25,0.51,21.32,16.22,26.57,nasa,0.82
2003-03-26,2.75,19.51,16.46,22.8,nasa,0.82
2003-03-27,1.61,20.62,16.9,25.18,nasa,0.82
2003-03-28,0.44,20.91,16.96,25.89,nasa,0.82
2003-03-29,0.03,20.36,15.4,25.55,nasa,0.81
2003-03-30,0.0,21.35,15.77,26.9,nasa,0.8
2003-03-31,0.0,21.68,14.16,27.28,nasa,0.8
2003-04-01,0.27,21.86,16.68,27.39,nasa,0.79
2003-04-02,0.75,21.25,15.7,26.92,nasa,0.79
2003-04-03,0.47,21.35,16.57,26.72,nasa,0.79
2003-04-04,11.6,20.38,17.22,23.03,nasa,0.8
2003-04-05,0.7,22.14,19.36,26.83,nasa,0.8
2003-04-06,2.61,21.48,18.1,25.99,nasa,0.8
2003-04-07,1.64,20.37,16.56,25.26,nasa,0.8
2003-04-08,1.17,20.57,15.84,25.56,nasa,0.79
2003-04-09,20.17,20.42,17.37,24.01,nasa,0.8
2003-04-10,25.38,20.32,17.98,23.06,nasa,0.84
2003-04-11,3.14,20.22,17.86,23.64,nasa,0.85
2003-04-12,0.17,20.21,16.48,26.07,nasa,0.83
2003-04-13,0.0,18.01,13.35,23.35,nasa,0.82
2003-04-14,0.13,18.45,13.27,23.99,nasa,0.81
2003-04-15,0.94,18.8,15.55,22.98,nasa,0.81
2003-04-16,0.16,19.84,15.62,24.76,nasa,0.8
2003-04-17,0.0,19.61,14.48,25.03,nasa,0.8
2003-04-18,0.05,19.63,14.21,25.82,nasa,0.79
2003-04-19,3.02,20.97,16.36,26.21,nasa,0.79
2003-04-20,0.64,21.7,17.78,26.01,nasa,0.79
2003-04-21,0.13,21.17,16.76,25.29,nasa,0.79
2003-04-22,0.02,20.77,17.39,25.35,nasa,0.79
2003-04-23,0.04,19.95,15.66,26.04,nasa,0.78
2003-04-24,0.08,19.66,14.37,25.31,nasa,0.78
2003-04-25,0.36,21.01,15.7,26.3,nasa,0.77
2003-04-26,0.0,21.5,15.03,26.82,nasa,0.77
2003-04-27,0.0,21.23,13.68,27.47,nasa,0.77
2003-04-28,0.0,21.52,14.24,27.31,nasa,0.76
2003-04-29,0.13,21.4,14.63,26.89,nasa,0.76
2003-04-30,0.03,20.85,14.95,26.76,nasa,0.75
2003-05-01,0.01,21.35,16.84,26.98,nasa,0.75
2003-05-02,8.37,19.73,14.44,25.78,nasa,0.75
2003-05-03,0.58,16.09,11.46,21.9,nasa,0.76
2003-05-04,0.68,15.23,10.56,20.2,nasa,0.76
2003-05-05,26.25,17.97,13.7,22.24,nasa,0.77
2003-05-06,11.52,17.71,13.65,21.92,nasa,0.8
2003-05-07,0.0,13.66,8.3,19.58,nasa,0.8
2003-05-08,0.03,11.75,5.07,19.92,nasa,0.79
2003-05-09,0.04,13.11,6.42,20.85,nasa,0.78
2003-05-10,0.04,15.37,9.96,21.83,nasa,0.77
2003-05-11,0.0,15.97,11.61,21.78,nasa,0.77
2003-05-12,0.0,15.32,10.61,21.85,nasa,0.77
2003-05-13,0.0,15.89,9.5,22.66,nasa,0.76
2003-05-14,0.0,16.98,12.03,23.15,nasa,0.76
2003-05-15,0.0,19.02,14.6,24.49,nasa,0.76
2003-05-16,0.01,18.74,13.97,24.14,nasa,0.75
2003-05-17,0.04,17.68,13.01,23.06,nasa,0.75
2003-05-18,0.0,17.04,11.15,23.32,nasa,0.75
2003-05-19,0.0,17.19,12.07,24.02,nasa,0.74
2003-05-20,0.0,17.73,12.63,22.99,nasa,0.74
2003-05-21,0.0,18.82,13.48,23.88,nasa,0.74
2003-05-22,0.16,18.62,13.08,24.82,nasa,0.74
2003-05-23,6.04,19.29,13.45,25.66,nasa,0.74
2003-05-24,1.7,17.3,10.59,21.73,nasa,0.74
2003-05-25,0.0,13.29,7.72,20.5,nasa,0.74
2003-05-26,0.0,13.44,6.14,20.85,nasa,0.74
2003-05-27,0.01,14.4,6.68,21.4,nasa,0.73
2003-05-28,0.0,15.92,8.48,22.69,nasa,0.73
2003-05-29,0.01,17.43,12.62,23.03,nasa,0.73
2003-05-30,0.0,17.76,13.22,23.27,nasa,0.73
2003-05-31,0.0,17.23,12.29,23.15,nasa,0.72
2003-06-01,0.0,18.77,14.17,23.99,nasa,0.72
2003-06-02,0.0,16.5,11.01,23.39,nasa,0.72
2003-06-03,0.01,18.43,11.96,25.07,nasa,0.72
2003-06-04,0.17,20.3,14.15,25.68,nasa,0.71
2003-06-05,1.3,19.92,15.96,25.26,nasa,0.71
2003-06-06,0.0,20.2,15.87,25.35,nasa,0.71
2003-06-07,0.01,20.94,15.94,26.08,nasa,0.71
2003-06-08,0.24,19.65,14.93,25.44,nasa,0.71
2003-06-09,0.04,19.52,15.08,24.6,nasa,0.71
2003-06-10,0.0,18.75,14.43,24.61,nasa,0.7
2003-06-11,0.0,18.39,12.34,24.32,nasa,0.7
2003-06-12,0.0,18.67,12.09,25.42,nasa,0.7
2003-06-13,0.0,18.47,11.6,25.39,nasa,0.7
2003-06-14,0.0,18.13,12.14,25.36,nasa,0.69
2003-06-15,0.0,18.15,12.28,24.67,nasa,0.69
2003-06-16,0.0,17.71,11.14,24.87,nasa,0.69
2003-06-17,0.0,17.51,10.09,24.28,nasa,0.69
2003-06-18,0.0,18.21,11.48,24.37,nasa,0.69
2003-06-19,0.01,17.06,10.28,24.03,nasa,0.68
2003-06-20,0.0,17.91,10.94,23.98,nasa,0.68
2003-06-21,0.01,16.26,10.19,23.98,nasa,0.68
2003-06-22,0.0,15.6,8.77,23.17,nasa,0.68
2003-06-23,0.0,16.08,8.66,24.0,nasa,0.68
2003-06-24,0.0,17.25,9.62,24.31,nasa,0.67
2003-06-25,0.0,16.17,8.37,24.67,nasa,0.67
2003-06-26,0.0,16.58,8.82,24.22,nasa,0.67
2003-06-27,0.0,15.86,8.41,23.5,nasa,0.67
2003-06-28,0.0,15.63,9.3,24.07,nasa,0.67
2003-06-29,0.0,15.37,8.52,23.58,nasa,0.67
2003-06-30,0.0,14.53,9.8,22.71,nasa,0.67
2003-07-01,0.0,14.78,9.33,21.89,nasa,0.66
2003-07-02,0.0,15.7,10.47,22.88,nasa,0.66
2003-07-03,0.0,14.42,7.35,22.57,nasa,0.66
2003-07-04,0.0,14.6,7.61,22.75,nasa,0.66
2003-07-05,0.0,15.99,9.24,23.77,nasa,0.66
2003-07-06,0.0,15.83,9.13,24.79,nasa,0.66
2003-07-07,0.0,16.92,10.86,24.7,nasa,0.66
2003-07-08,0.0,17.57,10.72,25.64,nasa,0.65
2003-07-09,0.0,17.82,9.54,26.31,nasa,0.65
2003-07-10,0.37,18.19,11.82,25.79,nasa,0.65
2003-07-11,4.96,17.08,11.99,23.27,nasa,0.66
2003-07-12,6.08,12.71,9.99,16.07,nasa,0.67
2003-07-13,1.58,13.83,9.74,18.84,nasa,0.67
2003-07-14,0.13,15.76,11.46,22.23,nasa,0.67
2003-07-15,0.0,15.78,10.18,22.53,nasa,0.67
2003-07-16,0.0,15.58,10.22,23.08,nasa,0.66
2003-07-17,0.0,16.08,10.11,23.61,nasa,0.66
2003-07-18,0.0,17.02,12.0,23.68,nasa,0.66
2003-07-19,0.0,16.52,9.21,24.15,nasa,0.66
2003-07-20,0.0,18.99,12.28,25.76,nasa,0.65
2003-07-21,0.0,17.68,8.55,25.68,nasa,0.65
2003-07-22,0.0,17.84,9.67,27.31,nasa,0.65
2003-07-23,0.0,16.98,8.99,25.2,nasa,0.65
2003-07-24,0.0,17.64,10.37,25.33,nasa,0.64
2003-07-25,0.0,17.89,11.03,25.38,nasa,0.64
2003-07-26,0.0,18.01,11.85,25.58,nasa,0.64
2003-07-27,0.0,16.87,11.91,22.98,nasa,0.64
2003-07-28,0.0,17.31,11.32,24.29,nasa,0.64
2003-07-29,0.0,18.02,13.21,23.97,nasa,0.64
2003-07-30,0.0,18.66,12.24,25.06,nasa,0.64
2003-07-31,0.0,18.24,11.25,24.77,nasa,0.63
2003-08-01,0.0,18.21,11.99,25.69,nasa,0.63
2003-08-02,0.0,18.47,13.04,25.71,nasa,0.63
2003-08-03,0.0,17.76,12.53,25.46,nasa,0.63
2003-08-04,0.0,17.55,10.41,24.92,nasa,0.63
2003-08-05,0.01,18.16,9.73,25.73,nasa,0.63
2003-08-06,0.0,21.13,14.48,28.71,nasa,0.63
2003-08-07,0.01,20.75,15.23,27.61,nasa,0.62
2003-08-08,3.76,20.28,14.73,26.82,nasa,0.63
2003-08-09,3.08,20.03,16.82,25.65,nasa,0.63
2003-08-10,0.3,17.19,13.35,22.81,nasa,0.64
2003-08-11,0.38,15.89,11.29,23.14,nasa,0.63
2003-08-12,0.16,15.96,10.17,23.29,nasa,0.63
2003-08-13,0.1,17.63,9.81,26.23,nasa,0.63
2003-08-14,0.0,18.09,10.0,27.51,nasa,0.63
2003-08-15,1.13,18.41,10.48,26.91,nasa,0.63
2003-08-16,0.07,18.25,13.04,25.74,nasa,0.63
2003-08-17,0.07,14.48,8.9,22.65,nasa,0.62
2003-08-18,0.02,14.7,6.14,24.53,nasa,0.62
2003-08-19,0.0,16.66,8.21,26.15,nasa,0.62
2003-08-20,0.0,17.18,8.14,26.62,nasa,0.62
2003-08-21,0.0,17.9,8.49,27.94,nasa,0.62
2003-08-22,0.0,19.01,8.92,28.54,nasa,0.61
2003-08-23,0.03,19.66,10.47,29.19,nasa,0.61
2003-08-24,0.01,19.85,12.04,28.78,nasa,0.61
2003-08-25,7.14,20.27,13.93,29.78,nasa,0.61
2003-08-26,0.71,15.8,12.3,19.7,nasa,0.62
2003-08-27,0.25,17.44,9.26,25.47,nasa,0.62
2003-08-28,1.5,17.59,13.72,22.84,nasa,0.62
2003-08-29,0.18,16.83,11.73,24.38,nasa,0.62
2003-08-30,0.38,17.84,11.75,24.69,nasa,0.62
2003-08-31,0.01,20.23,14.34,28.22,nasa,0.62
2003-09-01,0.81,20.34,13.07,29.62,nasa,0.62
2003-09-02,0.01,20.21,12.98,28.81,nasa,0.61
2003-09-03,0.08,19.12,13.67,26.27,nasa,0.61
2003-09-04,0.0,19.79,13.49,27.67,nasa,0.61
2003-09-05,0.0,19.12,10.61,27.47,nasa,0.61
2003-09-06,0.0,19.44,11.02,28.51,nasa,0.61
2003-09-07,0.0,19.96,12.06,28.6,nasa,0.6
2003-09-08,0.0,20.62,13.05,28.88,nasa,0.6
2003-09-09,0.02,21.29,13.34,29.3,nasa,0.6
2003-09-10,0.31,22.67,15.05,30.46,nasa,0.6
2003-09-11,0.18,20.23,15.14,26.8,nasa,0.6
2003-09-12,2.82,20.22,12.72,28.64,nasa,0.6
2003-09-13,3.18,19.89,16.71,23.67,nasa,0.6
2003-09-14,0.27,18.73,13.76,25.96,nasa,0.61
2003-09-15,0.6,20.26,12.71,28.74,nasa,0.61
2003-09-16,5.94,20.54,14.26,28.14,nasa,0.61
2003-09-17,0.29,20.38,13.12,27.99,nasa,0.61
2003-09-18,0.04,20.16,14.26,27.24,nasa,0.61
2003-09-19,0.0,21.15,14.01,29.46,nasa,0.61
2003-09-20,0.0,22.49,13.26,31.73,nasa,0.6
2003-09-21,0.0,23.11,14.6,32.3,nasa,0.6
2003-09-22,0.0,22.46,13.34,31.9,nasa,0.6
2003-09-23,0.0,23.0,13.46,32.6,nasa,0.6
2003-09-24,0.0,25.12,16.48,35.01,nasa,0.59
2003-09-25,0.14,24.74,15.27,34.95,nasa,0.59
2003-09-26,2.0,24.98,17.23,34.02,nasa,0.59
2003-09-27,0.37,22.95,17.85,29.35,nasa,0.59
2003-09-28,2.87,23.12,18.53,28.26,nasa,0.59
2003-09-29,2.1,23.74,18.26,31.0,nasa,0.6
2003-09-30,0.17,22.44,15.49,30.52,nasa,0.6
2003-10-01,0.0,22.0,15.09,29.67,nasa,0.6
2003-10-02,0.01,23.66,15.99,31.19,nasa,0.59
2003-10-03,0.0,24.61,15.94,33.18,nasa,0.59
2003-10-04,0.02,25.53,18.46,33.15,nasa,0.59
2003-10-05,0.2,25.64,17.15,33.47,nasa,0.59
2003-10-06,1.08,25.15,21.1,31.15,nasa,0.59
2003-10-07,9.6,24.59,19.69,32.0,nasa,0.59
2003-10-08,10.75,20.82,18.42,24.16,nasa,0.62
2003-10-09,19.61,22.06,17.65,27.21,nasa,0.64
2003-10-10,2.85,21.81,18.78,26.59,nasa,0.66
2003-10-11,8.63,19.7,14.77,23.54,nasa,0.66
2003-10-12,0.71,19.0,13.5,26.05,nasa,0.65
2003-10-13,0.17,19.87,12.93,27.9,nasa,0.64
2003-10-14,0.89,19.0,13.65,25.8,nasa,0.64
2003-10-15,2.65,18.36,12.6,26.46,nasa,0.63
2003-10-16,0.45,18.45,12.31,27.63,nasa,0.63
2003-10-17,0.08,19.0,8.99,29.46,nasa,0.62
2003-10-18,0.11,20.87,9.76,30.04,nasa,0.62
2003-10-19,0.03,23.09,12.64,31.22,nasa,0.61
2003-10-20,0.04,25.11,16.55,32.64,nasa,0.61
2003-10-21,1.5,24.96,17.67,34.37,nasa,0.61
2003-10-22,5.53,23.04,18.73,29.43,nasa,0.61
2003-10-23,17.66,20.18,16.69,24.15,nasa,0.64
2003-10-24,0.47,21.66,15.1,28.75,nasa,0.64
2003-10-25,0.01,23.38,15.44,30.42,nasa,0.64
2003-10-26,0.57,24.33,16.82,31.81,nasa,0.63
2003-10-27,6.2,23.51,19.18,28.73,nasa,0.62
2003-10-28,3.79,23.51,17.93,30.46,nasa,0.63
2003-10-29,2.27,22.23,17.88,26.94,nasa,0.63
2003-10-30,1.29,23.0,17.84,29.44,nasa,0.63
2003-10-31,1.18,23.59,17.08,29.95,nasa,0.63
2003-11-01,2.51,24.07,18.04,30.03,nasa,0.62
2003-11-02,4.23,20.9,14.96,24.94,nasa,0.63
2003-11-03,2.78,18.31,12.63,25.85,nasa,0.63
2003-11-04,0.73,18.52,11.03,27.8,nasa,0.63
2003-11-05,5.73,19.52,12.41,27.36,nasa,0.63
2003-11-06,18.13,17.61,13.86,21.03,nasa,0.64
2003-11-07,15.05,20.38,16.05,26.01,nasa,0.67
2003-11-08,0.01,21.75,14.95,28.27,nasa,0.67
2003-11-09,0.23,22.76,13.8,30.53,nasa,0.65
2003-11-10,0.06,24.28,15.77,32.7,nasa,0.64
2003-11-11,0.51,24.65,17.46,31.82,nasa,0.64
2003-11-12,1.91,25.47,18.13,33.06,nasa,0.63
2003-11-13,9.37,23.37,20.09,27.33,nasa,0.63
2003-11-14,2.13,23.56,18.86,30.13,nasa,0.64
2003-11-15,9.08,22.06,16.6,28.32,nasa,0.65
2003-11-16,13.41,21.11,18.27,24.58,nasa,0.66
2003-11-17,9.86,21.66,18.7,25.55,nasa,0.67
2003-11-18,6.17,21.29,18.19,25.91,nasa,0.68
2003-11-19,11.18,21.73,16.85,27.42,nasa,0.68
2003-11-20,0.94,21.58,19.27,25.33,nasa,0.68
2003-11-21,5.88,20.9,16.3,26.28,nasa,0.68
2003-11-22,0.13,21.96,16.55,27.54,nasa,0.67
2003-11-23,0.37,20.7,17.46,24.19,nasa,0.66
2003-11-24,2.35,22.3,17.13,27.05,nasa,0.66
2003-11-25,8.01,23.14,17.16,29.43,nasa,0.66
2003-11-26,4.48,23.08,18.97,27.1,nasa,0.66
2003-11-27,9.65,23.38,19.68,28.0,nasa,0.67
2003-11-28,2.98,23.03,19.31,27.68,nasa,0.67
2003-11-29,16.67,22.43,18.01,28.05,nasa,0.68
2003-11-30,29.51,21.52,18.64,24.66,nasa,0.71
2003-12-01,21.58,22.17,19.56,25.75,nasa,0.75
2003-12-02,10.38,23.12,18.6,27.78,nasa,0.74
2003-12-03,13.61,23.96,19.56,28.46,nasa,0.74
2003-12-04,30.08,22.7,20.74,25.06,nasa,0.76
2003-12-05,12.05,22.41,20.11,25.18,nasa,0.78
2003-12-06,6.49,22.92,19.71,27.27,nasa,0.77
2003-12-07,3.17,19.85,16.51,23.73,nasa,0.76
2003-12-08,5.77,22.1,17.49,27.74,nasa,0.74
2003-12-09,5.76,21.92,18.6,25.9,nasa,0.74
2003-12-10,10.63,23.94,19.12,28.32,nasa,0.74
2003-12-11,4.46,23.6,19.3,27.63,nasa,0.74
2003-12-12,2.8,23.45,19.99,27.63,nasa,0.74
2003-12-13,2.87,23.91,18.69,28.81,nasa,0.73
2003-12-14,2.92,23.07,19.43,26.89,nasa,0.73
2003-12-15,0.3,24.76,19.99,29.31,nasa,0.72
2003-12-16,4.84,24.9,18.14,30.92,nasa,0.71
2003-12-17,8.11,23.67,18.56,28.71,nasa,0.71
2003-12-18,1.18,20.81,16.59,25.65,nasa,0.71
2003-12-19,0.25,21.64,17.12,26.99,nasa,0.71
2003-12-20,2.31,22.87,16.87,27.37,nasa,0.7
2003-12-21,19.04,22.75,18.6,26.82,nasa,0.72
2003-12-22,3.56,22.6,19.39,25.93,nasa,0.73
2003-12-23,6.27,23.19,19.11,28.13,nasa,0.73
2003-12-24,1.17,21.41,16.93,27.31,nasa,0.73
2003-12-25,0.96,21.38,15.53,27.54,nasa,0.71
2003-12-26,1.27,21.96,16.65,27.42,nasa,0.71
2003-12-27,5.08,21.11,18.12,24.83,nasa,0.71
2003-12-28,8.88,21.72,16.72,26.6,nasa,0.71
2003-12-29,2.87,21.95,18.52,26.43,nasa,0.71
2003-12-30,0.88,22.84,19.36,26.77,nasa,0.71
2003-12-31,4.69,22.38,19.99,26.0,nasa,0.71
2004-01-01,9.88,22.75,18.84,27.63,nasa,0.71
2004-01-02,13.06,21.22,17.38,26.42,nasa,0.73
2004-01-03,2.47,20.87,16.44,26.37,nasa,0.73
2004-01-04,1.05,21.19,15.75,27.08,nasa,0.72
2004-01-05,0.58,22.04,16.52,27.38,nasa,0.71
2004-01-06,2.85,21.97,18.33,26.38,nasa,0.71
2004-01-07,6.97,20.95,16.42,25.94,nasa,0.71
2004-01-08,25.55,21.73,18.67,26.08,nasa,0.72
2004-01-09,59.24,20.92,19.14,23.61,nasa,0.79
2004-01-10,7.51,23.0,18.65,27.74,nasa,0.81
2004-01-11,1.14,24.13,18.49,28.93,nasa,0.79
2004-01-12,5.3,24.79,19.47,29.85,nasa,0.77
2004-01-13,8.26,23.77,18.82,28.57,nasa,0.76
2004-01-14,14.76,22.91,19.27,26.81,nasa,0.77
2004-01-15,6.83,23.75,18.81,29.42,nasa,0.77
2004-01-16,1.48,23.34,18.94,28.92,nasa,0.77
2004-01-17,0.09,21.61,16.16,28.12,nasa,0.75
2004-01-18,0.03,20.88,14.29,27.24,nasa,0.74
2004-01-19,0.06,21.1,14.17,27.64,nasa,0.73
2004-01-20,0.07,21.28,15.57,27.21,nasa,0.72
2004-01-21,0.04,21.81,15.31,27.41,nasa,0.71
2004-01-22,3.99,22.38,18.45,26.48,nasa,0.71
2004-01-23,6.64,21.79,18.44,26.03,nasa,0.72
2004-01-24,2.94,21.43,18.37,25.59,nasa,0.72
2004-01-25,13.47,20.02,18.08,22.59,nasa,0.73
2004-01-26,25.5,20.08,17.65,23.63,nasa,0.76
2004-01-27,10.72,22.01,18.16,26.48,nasa,0.78
2004-01-28,0.22,22.49,17.55,26.92,nasa,0.77
2004-01-29,2.0,22.76,19.23,26.81,nasa,0.76
2004-01-30,1.9,23.09,18.31,28.07,nasa,0.75
2004-01-31,4.06,23.12,17.71,28.4,nasa,0.74
2004-02-01,4.25,22.42,18.86,26.25,nasa,0.74
2004-02-02,9.83,22.63,19.08,26.83,nasa,0.74
2004-02-03,7.21,23.0,18.89,27.29,nasa,0.75
2004-02-04,3.16,22.93,20.4,26.97,nasa,0.75
2004-02-05,6.13,23.58,18.94,28.21,nasa,0.75
2004-02-06,18.77,22.15,16.96,25.38,nasa,0.76
2004-02-07,4.04,20.44,15.18,27.13,nasa,0.77
2004-02-08,1.13,18.71,14.82,22.49,nasa,0.76
2004-02-09,1.61,19.2,14.01,23.98,nasa,0.75
2004-02-10,3.19,19.31,15.83,23.47,nasa,0.75
2004-02-11,1.54,20.37,16.26,25.46,nasa,0.74
2004-02-12,1.94,20.4,16.94,25.05,nasa,0.74
2004-02-13,3.19,21.31,15.68,26.56,nasa,0.73
2004-02-14,30.68,20.74,16.32,24.41,nasa,0.75
2004-02-15,27.36,22.22,19.57,26.03,nasa,0.8
2004-02-16,6.19,22.77,18.89,27.69,nasa,0.8
2004-02-17,2.79,22.11,16.98,27.56,nasa,0.79
2004-02-18,2.47,23.25,17.63,28.53,nasa,0.78
2004-02-19,6.67,22.39,19.6,25.85,nasa,0.77
2004-02-20,18.65,22.41,18.44,26.95,nasa,0.78
2004-02-21,29.25,20.93,18.48,22.99,nasa,0.81
2004-02-22,17.74,21.02,18.67,24.68,nasa,0.83
2004-02-23,20.73,21.18,18.44,25.23,nasa,0.84
2004-02-24,35.82,20.29,17.1,24.09,nasa,0.86
2004-02-25,12.22,21.6,18.47,25.54,nasa,0.86
2004-02-26,21.1,21.77,17.08,26.98,nasa,0.87
2004-02-27,5.99,21.62,16.63,27.53,nasa,0.86
2004-02-28,2.93,20.28,16.97,25.38,nasa,0.85
2004-02-29,3.54,21.47,15.34,26.35,nasa,0.84
2004-03-01,1.33,22.98,16.09,27.8,nasa,0.83
2004-03-02,3.42,23.15,17.61,27.65,nasa,0.83
2004-03-03,3.26,23.88,17.85,29.48,nasa,0.82
2004-03-04,5.56,21.23,18.74,24.92,nasa,0.82
2004-03-05,9.58,19.65,17.8,22.37,nasa,0.83
2004-03-06,8.74,20.12,17.32,24.52,nasa,0.84
2004-03-07,3.67,20.66,17.79,25.55,nasa,0.84
2004-03-08,0.02,21.58,16.11,26.66,nasa,0.83
2004-03-09,0.54,22.44,17.74,26.97,nasa,0.83
2004-03-10,4.51,22.94,18.72,27.46,nasa,0.82
2004-03-11,1.12,22.62,18.21,27.89,nasa,0.82
2004-03-12,0.96,21.12,16.65,26.53,nasa,0.81
2004-03-13,1.32,20.59,16.22,25.93,nasa,0.81
2004-03-14,8.68,19.66,16.88,22.96,nasa,0.81
2004-03-15,10.94,21.9,18.27,26.17,nasa,0.83
2004-03-16,1.01,22.08,17.4,27.89,nasa,0.82
2004-03-17,0.45,20.45,15.14,26.37,nasa,0.81
2004-03-18,3.25,21.12,15.34,26.42,nasa,0.81
2004-03-19,9.69,21.11,17.05,26.01,nasa,0.81
2004-03-20,8.07,20.33,14.68,25.44,nasa,0.82
2004-03-21,1.5,19.29,13.72,25.68,nasa,0.82
2004-03-22,0.52,18.55,13.84,24.92,nasa,0.81
2004-03-23,0.18,18.17,12.07,24.57,nasa,0.8
2004-03-24,0.11,18.97,13.66,24.66,nasa,0.8
2004-03-25,0.61,19.44,14.27,24.66,nasa,0.79
2004-03-26,5.82,19.51,14.4,24.72,nasa,0.79
2004-03-27,3.45,20.63,16.39,25.36,nasa,0.8
2004-03-28,1.26,20.29,17.26,24.44,nasa,0.79
2004-03-29,3.99,20.5,15.19,25.04,nasa,0.79
2004-03-30,2.97,20.42,15.91,25.76,nasa,0.79
2004-03-31,2.09,20.24,15.2,25.26,nasa,0.79
2004-04-01,0.03,20.57,15.2,25.68,nasa,0.79
2004-04-02,0.07,20.48,15.1,25.87,nasa,0.78
2004-04-03,3.49,21.23,15.24,26.08,nasa,0.78
2004-04-04,18.89,20.96,16.49,25.12,nasa,0.79
2004-04-05,4.89,21.52,18.13,25.69,nasa,0.81
2004-04-06,5.68,21.35,17.44,25.59,nasa,0.8
2004-04-07,3.16,21.65,17.71,25.91,nasa,0.8
2004-04-08,0.67,22.12,16.98,26.78,nasa,0.8
2004-04-09,7.64,21.97,17.72,26.53,nasa,0.8
2004-04-10,4.12,21.08,17.68,25.47,nasa,0.8
2004-04-11,4.34,20.33,16.78,24.82,nasa,0.8
2004-04-12,3.7,19.6,17.44,22.24,nasa,0.8
2004-04-13,3.85,20.0,17.47,24.5,nasa,0.8
2004-04-14,5.27,19.21,17.49,21.64,nasa,0.8
2004-04-15,8.28,20.18,17.17,24.56,nasa,0.81
2004-04-16,2.99,20.31,17.09,24.89,nasa,0.81
2004-04-17,9.94,21.05,17.41,25.16,nasa,0.82
2004-04-18,3.48,22.6,18.47,26.85,nasa,0.81
2004-04-19,2.83,21.66,17.04,26.01,nasa,0.81
2004-04-20,5.52,22.42,19.18,25.77,nasa,0.81
2004-04-21,5.56,21.2,18.5,25.25,nasa,0.81
2004-04-22,2.75,20.16,15.89,25.39,nasa,0.81
2004-04-23,0.04,19.99,14.25,25.57,nasa,0.8
2004-04-24,0.25,21.69,16.72,26.81,nasa,0.8
2004-04-25,8.56,20.33,15.25,25.57,nasa,0.8
2004-04-26,0.91,17.96,13.91,22.17,nasa,0.8
2004-04-27,0.42,17.94,15.91,21.58,nasa,0.8
2004-04-28,0.03,18.09,14.33,23.2,nasa,0.8
2004-04-29,0.03,16.95,12.94,23.07,nasa,0.79
2004-04-30,0.75,17.06,11.98,22.26,nasa,0.79
2004-05-01,0.94,16.78,11.05,22.57,nasa,0.78
2004-05-02,0.08,17.5,11.6,22.67,nasa,0.78
2004-05-03,0.01,19.53,13.2,26.27,nasa,0.78
2004-05-04,1.04,20.41,15.12,25.49,nasa,0.77
2004-05-05,2.41,19.81,15.87,24.13,nasa,0.77
2004-05-06,4.56,19.77,16.99,22.99,nasa,0.78
2004-05-07,5.03,19.93,16.72,23.92,nasa,0.78
2004-05-08,0.25,18.56,14.09,23.94,nasa,0.78
2004-05-09,0.0,16.04,11.27,21.39,nasa,0.78
2004-05-10,2.63,16.76,11.08,22.57,nasa,0.78
2004-05-11,1.51,18.05,12.45,23.94,nasa,0.78
2004-05-12,1.78,18.61,13.57,24.37,nasa,0.77
2004-05-13,0.71,19.28,14.92,24.18,nasa,0.77
2004-05-14,3.94,19.39,15.88,23.89,nasa,0.77
2004-05-15,29.51,19.57,16.01,23.87,nasa,0.79
2004-05-16,0.0,16.95,12.81,22.11,nasa,0.8
2004-05-17,0.35,17.03,11.41,22.92,nasa,0.79
2004-05-18,1.64,18.57,15.02,23.69,nasa,0.79
2004-05-19,3.03,18.16,13.26,23.37,nasa,0.78
2004-05-20,0.33,18.65,14.32,23.81,nasa,0.78
2004-05-21,3.27,18.03,14.21,22.37,nasa,0.78
2004-05-22,1.44,17.67,13.64,22.19,nasa,0.78
2004-05-23,0.03,17.76,14.19,22.79,nasa,0.78
2004-05-24,5.7,18.21,14.04,23.41,nasa,0.77
2004-05-25,8.19,18.7,15.0,23.5,nasa,0.78
2004-05-26,2.83,16.46,8.64,20.79,nasa,0.79
2004-05-27,0.0,12.14,6.44,18.62,nasa,0.79
2004-05-28,0.38,13.56,6.6,20.57,nasa,0.78
2004-05-29,1.56,15.66,11.67,20.77,nasa,0.78
2004-05-30,2.76,16.85,12.41,22.55,nasa,0.78
2004-05-31,9.87,18.3,13.84,23.0,nasa,0.78
2004-06-01,3.37,17.77,14.08,22.23,nasa,0.79
2004-06-02,9.76,17.88,13.44,22.35,nasa,0.79
2004-06-03,6.11,17.0,14.85,19.94,nasa,0.8
2004-06-04,6.78,14.33,9.13,18.9,nasa,0.81
2004-06-05,0.04,13.84,8.65,20.5,nasa,0.8
2004-06-06,0.03,14.11,9.05,20.18,nasa,0.79
2004-06-07,0.03,15.02,8.94,21.05,nasa,0.79
2004-06-08,0.01,14.04,7.48,21.08,nasa,0.78
2004-06-09,0.0,16.03,10.83,22.13,nasa,0.78
2004-06-10,0.28,17.31,12.38,23.36,nasa,0.78
2004-06-11,0.0,16.72,12.99,22.83,nasa,0.78
2004-06-12,0.3,16.79,10.62,23.63,nasa,0.77
2004-06-13,0.55,14.85,10.96,19.53,nasa,0.77
2004-06-14,0.46,14.39,9.61,20.33,nasa,0.77
2004-06-15,5.5,15.8,12.01,20.26,nasa,0.77
2004-06-16,0.0,16.84,11.37,22.22,nasa,0.78
2004-06-17,0.1,16.11,9.54,21.94,nasa,0.77
2004-06-18,0.02,16.3,11.46,22.93,nasa,0.77
2004-06-19,0.0,14.46,8.82,21.83,nasa,0.77
2004-06-20,0.37,15.17,10.17,21.8,nasa,0.76
2004-06-21,0.0,15.42,10.51,21.5,nasa,0.76
2004-06-22,0.0,15.95,9.38,22.05,nasa,0.76
2004-06-23,0.5,16.77,9.07,22.89,nasa,0.76
2004-06-24,0.09,16.34,11.45,22.06,nasa,0.75
2004-06-25,0.0,16.26,10.97,22.01,nasa,0.75
2004-06-26,0.0,17.46,12.28,23.28,nasa,0.75
2004-06-27,0.0,17.31,11.74,23.01,nasa,0.75
2004-06-28,0.0,18.9,13.49,23.65,nasa,0.75
2004-06-29,0.0,17.22,14.77,21.21,nasa,0.75
2004-06-30,0.0,17.88,13.22,23.34,nasa,0.74
2004-07-01,0.0,17.28,12.27,23.0,nasa,0.74
2004-07-02,0.0,18.13,11.51,23.65,nasa,0.74
2004-07-03,0.0,18.25,12.12,24.16,nasa,0.74
2004-07-04,0.0,18.65,13.0,24.38,nasa,0.73
2004-07-05,0.0,17.48,12.45,23.41,nasa,0.73
2004-07-06,0.0,17.95,13.13,23.51,nasa,0.73
2004-07-07,0.0,17.51,13.42,23.44,nasa,0.73
2004-07-08,0.04,17.68,13.41,23.69,nasa,0.73
2004-07-09,3.24,17.46,14.42,22.26,nasa,0.73
2004-07-10,10.26,18.36,13.98,23.77,nasa,0.74
2004-07-11,0.76,16.85,12.31,21.71,nasa,0.74
2004-07-12,0.02,15.23,10.6,21.09,nasa,0.74
2004-07-13,0.0,16.16,11.68,22.83,nasa,0.74
2004-07-14,0.76,17.04,12.06,21.79,nasa,0.73
2004-07-15,0.02,17.98,12.49,23.94,nasa,0.73
2004-07-16,0.69,18.33,12.23,23.96,nasa,0.73
2004-07-17,1.04,16.65,12.99,22.18,nasa,0.73
2004-07-18,1.68,15.23,12.66,18.97,nasa,0.73
2004-07-19,11.75,15.39,12.18,19.67,nasa,0.73
2004-07-20,1.76,14.2,10.56,18.55,nasa,0.75
2004-07-21,0.04,13.08,8.7,18.93,nasa,0.74
2004-07-22,0.0,11.86,7.6,18.15,nasa,0.74
2004-07-23,0.0,11.78,7.51,18.19,nasa,0.73
2004-07-24,0.0,11.34,6.5,18.99,nasa,0.73
2004-07-25,0.0,11.5,6.59,18.83,nasa,0.73
2004-07-26,0.0,11.79,7.05,19.27,nasa,0.72
2004-07-27,0.0,13.33,7.26,21.49,nasa,0.72
2004-07-28,0.0,13.04,7.91,20.43,nasa,0.72
2004-07-29,0.0,13.83,7.29,20.73,nasa,0.71
2004-07-30,0.0,14.01,8.18,20.58,nasa,0.71
2004-07-31,0.0,14.94,7.87,22.1,nasa,0.71
2004-08-01,0.0,16.74,9.73,23.98,nasa,0.71
2004-08-02,0.0,16.79,9.13,24.78,nasa,0.7
2004-08-03,0.0,17.47,10.47,25.75,nasa,0.7
2004-08-04,0.0,17.22,12.41,23.54,nasa,0.7
2004-08-05,0.0,16.07,11.16,23.24,nasa,0.7
2004-08-06,0.0,16.7,11.35,23.46,nasa,0.69
2004-08-07,0.0,16.85,10.57,23.6,nasa,0.69
2004-08-08,0.01,16.12,9.92,23.96,nasa,0.69
2004-08-09,0.0,13.23,8.61,20.56,nasa,0.69
2004-08-10,0.05,14.26,9.05,21.96,nasa,0.69
2004-08-11,0.09,14.63,8.0,22.88,nasa,0.68
2004-08-12,0.0,14.21,8.97,22.38,nasa,0.68
2004-08-13,0.0,13.19,7.58,20.93,nasa,0.68
2004-08-14,0.0,14.44,8.65,22.21,nasa,0.68
2004-08-15,0.0,15.47,9.85,23.14,nasa,0.68
2004-08-16,0.0,16.24,10.43,23.52,nasa,0.67
2004-08-17,0.02,16.9,10.23,24.59,nasa,0.67
2004-08-18,0.0,17.7,10.0,25.51,nasa,0.67
2004-08-19,0.03,18.72,10.52,27.27,nasa,0.67
2004-08-20,0.13,18.95,10.55,27.27,nasa,0.66
2004-08-21,0.0,19.76,11.12,27.99,nasa,0.66
2004-08-22,0.0,20.15,11.56,28.57,nasa,0.66
2004-08-23,0.0,20.99,12.41,29.24,nasa,0.66
2004-08-24,0.0,21.11,13.41,29.4,nasa,0.65
2004-08-25,0.02,22.02,15.57,28.89,nasa,0.65
2004-08-26,0.01,22.57,17.06,30.05,nasa,0.65
2004-08-27,1.21,21.53,16.45,27.71,nasa,0.65
2004-08-28,1.58,20.62,17.14,27.14,nasa,0.65
2004-08-29,0.01,18.67,13.6,23.79,nasa,0.65
2004-08-30,0.09,18.68,10.2,28.06,nasa,0.65
2004-08-31,0.0,18.9,10.06,28.89,nasa,0.65
2004-09-01,0.0,19.5,11.2,29.27,nasa,0.65
2004-09-02,0.0,20.44,11.11,29.2,nasa,0.64
2004-09-03,0.01,21.54,13.46,30.56,nasa,0.64
2004-09-04,0.0,20.66,14.63,29.16,nasa,0.64
2004-09-05,0.0,21.25,14.26,29.54,nasa,0.63
2004-09-06,0.0,21.63,13.95,30.44,nasa,0.63
2004-09-07,0.0,21.36,13.05,30.53,nasa,0.63
2004-09-08,0.0,21.72,13.18,31.74,nasa,0.63
2004-09-09,0.0,20.73,11.83,30.0,nasa,0.63
2004-09-10,0.0,20.85,12.03,30.66,nasa,0.62
2004-09-11,0.0,21.2,12.68,30.52,nasa,0.62
2004-09-12,0.09,20.45,14.1,27.99,nasa,0.62
2004-09-13,0.0,20.98,15.37,28.75,nasa,0.62
2004-09-14,0.26,20.97,13.18,29.86,nasa,0.62
2004-09-15,0.04,21.95,16.32,30.5,nasa,0.62
2004-09-16,0.03,21.8,14.7,31.18,nasa,0.62
2004-09-17,11.82,21.4,14.54,29.14,nasa,0.62
2004-09-18,6.92,21.84,17.62,27.45,nasa,0.65
2004-09-19,1.38,21.43,14.8,28.12,nasa,0.65
2004-09-20,0.02,22.17,14.44,29.36,nasa,0.64
2004-09-21,0.0,22.6,14.85,30.24,nasa,0.64
2004-09-22,0.0,22.82,14.35,30.87,nasa,0.63
2004-09-23,0.0,24.4,15.82,32.29,nasa,0.63
2004-09-24,0.0,24.52,14.8,33.02,nasa,0.62
2004-09-25,0.0,25.05,15.59,34.03,nasa,0.62
2004-09-26,0.16,24.61,16.68,31.87,nasa,0.62
2004-09-27,0.02,25.13,16.47,33.38,nasa,0.61
2004-09-28,0.0,24.9,17.03,33.88,nasa,0.61
2004-09-29,0.02,24.17,14.91,33.62,nasa,0.61
2004-09-30,2.5,21.08,16.17,28.58,nasa,0.61
2004-10-01,4.99,20.87,14.39,28.41,nasa,0.61
2004-10-02,7.87,21.98,16.82,28.84,nasa,0.62
2004-10-03,22.44,18.54,13.24,23.83,nasa,0.65
2004-10-04,4.17,17.28,12.7,23.26,nasa,0.67
2004-10-05,0.51,19.89,14.02,27.82,nasa,0.66
2004-10-06,0.22,18.45,12.36,27.04,nasa,0.65
2004-10-07,0.04,16.3,10.06,25.34,nasa,0.65
2004-10-08,0.0,17.17,8.48,27.19,nasa,0.64
2004-10-09,0.01,20.37,10.73,30.89,nasa,0.63
2004-10-10,22.35,24.26,14.21,33.82,nasa,0.64
2004-10-11,0.65,21.82,18.59,25.69,nasa,0.67
2004-10-12,4.85,21.27,17.56,26.28,nasa,0.66
2004-10-13,17.62,21.7,18.24,26.56,nasa,0.68
2004-10-14,1.0,21.71,19.26,25.87,nasa,0.68
2004-10-15,7.82,21.22,18.24,24.78,nasa,0.68
2004-10-16,0.92,20.97,18.36,24.79,nasa,0.68
2004-10-17,0.95,22.45,17.41,28.3,nasa,0.67
2004-10-18,17.56,22.98,18.01,27.75,nasa,0.68
2004-10-19,3.33,22.2,18.49,27.51,nasa,0.69
2004-10-20,0.43,19.97,15.11,26.47,nasa,0.68
2004-10-21,0.41,17.85,14.02,23.05,nasa,0.67
2004-10-22,0.78,20.5,14.13,27.81,nasa,0.67
2004-10-23,1.09,19.13,14.5,24.51,nasa,0.66
2004-10-24,8.44,20.73,14.58,27.29,nasa,0.66
2004-10-25,7.69,21.91,17.21,27.6,nasa,0.67
2004-10-26,3.08,22.68,18.81,28.07,nasa,0.68
2004-10-27,0.09,22.21,17.71,27.56,nasa,0.67
2004-10-28,0.04,20.75,14.69,27.78,nasa,0.67
2004-10-29,0.16,21.25,12.51,29.4,nasa,0.66
2004-10-30,0.03,22.32,14.52,30.22,nasa,0.65
2004-10-31,0.12,25.16,15.82,31.7,nasa,0.65
2004-11-01,5.66,24.69,18.35,30.99,nasa,0.64
2004-11-02,5.41,23.74,18.85,28.82,nasa,0.65
2004-11-03,0.06,24.1,18.94,29.25,nasa,0.65
2004-11-04,3.4,24.33,17.49,31.59,nasa,0.65
2004-11-05,7.84,23.56,20.13,28.61,nasa,0.65
2004-11-06,5.87,23.09,19.1,28.18,nasa,0.66
2004-11-07,13.05,21.31,16.4,26.88,nasa,0.67
2004-11-08,0.32,20.77,15.22,27.3,nasa,0.67
2004-11-09,0.0,22.04,15.0,28.93,nasa,0.66
2004-11-10,0.06,23.39,16.14,30.25,nasa,0.65
2004-11-11,0.27,24.19,19.25,29.65,nasa,0.65
2004-11-12,0.17,22.96,17.33,29.01,nasa,0.64
2004-11-13,0.0,21.97,13.75,31.2,nasa,0.64
2004-11-14,0.16,22.8,14.3,31.48,nasa,0.63
2004-11-15,10.31,21.66,16.56,26.65,nasa,0.64
2004-11-16,12.65,21.3,19.05,24.84,nasa,0.66
2004-11-17,23.73,21.23,18.36,26.54,nasa,0.68
2004-11-18,11.49,22.04,18.4,26.23,nasa,0.71
2004-11-19,8.4,20.85,17.8,24.24,nasa,0.71
2004-11-20,2.06,21.03,15.99,27.14,nasa,0.71
2004-11-21,1.18,20.12,15.2,25.99,nasa,0.69
2004-11-22,0.32,20.54,13.84,27.27,nasa,0.68
2004-11-23,0.02,21.74,15.03,28.75,nasa,0.67
2004-11-24,0.11,22.07,13.84,29.42,nasa,0.66
2004-11-25,0.16,23.15,13.92,30.35,nasa,0.65
2004-11-26,2.31,24.32,16.42,30.85,nasa,0.65
2004-11-27,10.35,23.75,19.09,28.47,nasa,0.65
2004-11-28,30.64,21.86,19.57,24.5,nasa,0.68
2004-11-29,21.6,21.7,18.21,25.86,nasa,0.73
2004-11-30,2.37,21.21,15.84,26.76,nasa,0.73
2004-12-01,5.17,21.38,16.62,26.63,nasa,0.71
2004-12-02,4.39,19.13,16.8,22.4,nasa,0.71
2004-12-03,17.02,18.67,15.92,22.62,nasa,0.72
2004-12-04,9.69,20.69,17.18,25.02,nasa,0.73
2004-12-05,2.05,23.82,18.48,29.27,nasa,0.72
2004-12-06,11.55,22.88,19.22,27.34,nasa,0.72
2004-12-07,10.92,23.16,18.92,27.55,nasa,0.73
2004-12-08,7.92,22.91,19.2,27.12,nasa,0.73
2004-12-09,16.59,22.75,19.23,27.71,nasa,0.73
2004-12-10,13.55,21.29,18.72,23.54,nasa,0.75
2004-12-11,7.54,19.79,14.18,23.78,nasa,0.76
2004-12-12,3.16,19.43,13.74,26.51,nasa,0.75
2004-12-13,0.22,21.41,14.82,27.08,nasa,0.74
2004-12-14,0.2,21.98,15.59,27.93,nasa,0.72
2004-12-15,0.43,22.54,17.06,28.16,nasa,0.71
2004-12-16,1.24,23.0,18.56,27.78,nasa,0.71
2004-12-17,1.62,23.96,19.59,28.22,nasa,0.7
2004-12-18,9.38,23.04,18.6,27.16,nasa,0.7
2004-12-19,35.17,21.7,19.92,23.81,nasa,0.73
2004-12-20,12.08,21.29,19.03,24.72,nasa,0.77
2004-12-21,20.7,21.33,19.03,24.29,nasa,0.79
2004-12-22,14.93,19.2,15.99,22.38,nasa,0.79
2004-12-23,16.92,19.74,15.55,24.64,nasa,0.8
2004-12-24,12.21,22.49,19.19,26.79,nasa,0.8
2004-12-25,3.62,22.32,18.52,26.67,nasa,0.8
2004-12-26,4.62,23.06,19.38,27.99,nasa,0.78
2004-12-27,0.9,21.18,17.64,25.36,nasa,0.78
2004-12-28,0.21,22.58,18.13,27.1,nasa,0.77
2004-12-29,2.09,23.63,17.69,28.71,nasa,0.76
2004-12-30,6.39,23.96,18.75,29.28,nasa,0.76
2004-12-31,2.0,24.73,20.17,29.64,nasa,0.75
2005-01-01,4.0,23.34,18.76,28.25,nasa,0.75
2005-01-02,12.55,22.48,19.69,26.51,nasa,0.75
2005-01-03,5.41,22.36,18.46,27.0,nasa,0.76
2005-01-04,10.29,20.91,18.59,23.69,nasa,0.77
2005-01-05,11.25,21.57,19.38,25.41,nasa,0.78
2005-01-06,5.45,22.9,19.23,27.47,nasa,0.78
2005-01-07,2.86,23.47,20.61,28.07,nasa,0.78
2005-01-08,2.9,23.32,20.0,27.28,nasa,0.77
2005-01-09,1.64,23.23,19.13,28.23,nasa,0.77
2005-01-10,1.15,23.8,19.53,28.63,nasa,0.76
2005-01-11,3.83,22.37,20.52,24.88,nasa,0.75
2005-01-12,3.99,23.14,18.44,28.11,nasa,0.76
2005-01-13,0.15,21.99,15.76,28.83,nasa,0.75
2005-01-14,0.14,21.92,16.15,28.14,nasa,0.74
2005-01-15,0.06,23.66,17.58,29.43,nasa,0.73
2005-01-16,3.19,25.01,19.83,29.95,nasa,0.72
2005-01-17,7.47,22.7,20.31,25.78,nasa,0.73
2005-01-18,27.21,22.78,20.99,26.08,nasa,0.75
2005-01-19,24.33,22.26,20.21,25.39,nasa,0.8
2005-01-20,17.21,22.24,19.64,24.96,nasa,0.8
2005-01-21,3.92,22.04,20.17,24.69,nasa,0.81
2005-01-22,1.03,23.65,19.49,28.78,nasa,0.79
2005-01-23,1.3,22.73,19.31,27.6,nasa,0.78
2005-01-24,13.23,23.88,18.78,28.37,nasa,0.78
2005-01-25,16.7,23.95,20.0,27.97,nasa,0.79
2005-01-26,29.58,22.11,17.93,26.4,nasa,0.82
2005-01-27,22.89,19.71,16.35,23.37,nasa,0.84
2005-01-28,19.24,20.61,16.7,24.85,nasa,0.85
2005-01-29,11.58,19.99,17.47,23.19,nasa,0.85
2005-01-30,7.67,20.62,18.08,24.39,nasa,0.85
2005-01-31,0.47,21.92,16.25,27.99,nasa,0.84
2005-02-01,2.88,21.2,16.47,25.3,nasa,0.83
2005-02-02,2.62,21.61,17.3,26.11,nasa,0.82
2005-02-03,31.8,22.62,18.53,27.04,nasa,0.83
2005-02-04,9.12,23.12,19.05,27.65,nasa,0.85
2005-02-05,2.67,21.59,18.15,25.61,nasa,0.85
2005-02-06,0.47,20.53,15.76,25.76,nasa,0.84
2005-02-07,0.03,18.87,13.13,25.46,nasa,0.83
2005-02-08,0.5,18.36,13.11,24.51,nasa,0.82
2005-02-09,0.74,19.0,13.77,24.94,nasa,0.81
2005-02-10,4.3,19.98,14.88,24.79,nasa,0.81
2005-02-11,1.1,21.19,14.24,26.68,nasa,0.8
2005-02-12,2.71,20.67,16.61,27.11,nasa,0.8
2005-02-13,0.9,20.89,15.98,26.71,nasa,0.8
2005-02-14,1.35,21.27,15.66,26.96,nasa,0.79
2005-02-15,0.17,21.9,15.49,27.25,nasa,0.79
2005-02-16,0.21,22.04,16.63,27.26,nasa,0.78
2005-02-17,0.44,23.2,18.28,28.32,nasa,0.78
2005-02-18,3.99,23.75,18.9,28.67,nasa,0.77
2005-02-19,3.39,23.89,18.57,29.67,nasa,0.77
2005-02-20,0.66,22.63,16.95,28.37,nasa,0.77
2005-02-21,0.01,20.74,14.32,27.23,nasa,0.76
2005-02-22,0.0,21.79,15.51,28.45,nasa,0.76
2005-02-23,0.19,23.79,17.14,29.71,nasa,0.75
2005-02-24,2.11,25.25,19.67,30.29,nasa,0.75
2005-02-25,24.03,24.46,20.74,28.24,nasa,0.77
2005-02-26,2.88,22.8,20.06,25.84,nasa,0.78
2005-02-27,8.38,22.51,19.49,26.29,nasa,0.78
2005-02-28,3.92,23.1,19.13,27.51,nasa,0.78
2005-03-01,4.31,23.85,20.09,28.84,nasa,0.78
2005-03-02,17.13,21.62,18.27,25.77,nasa,0.78
2005-03-03,11.19,19.56,18.03,22.0,nasa,0.81
2005-03-04,3.39,19.76,16.86,24.16,nasa,0.8
2005-03-05,1.08,21.21,16.02,27.24,nasa,0.79
2005-03-06,0.04,21.36,16.25,26.79,nasa,0.78
2005-03-07,0.38,21.97,16.67,27.48,nasa,0.78
2005-03-08,0.13,23.15,17.5,29.05,nasa,0.77
2005-03-09,1.95,23.51,18.51,28.88,nasa,0.76
2005-03-10,3.02,23.9,18.56,28.73,nasa,0.76
2005-03-11,1.11,24.34,19.08,30.39,nasa,0.75
2005-03-12,0.23,23.66,19.01,28.49,nasa,0.75
2005-03-13,0.46,22.9,17.62,28.34,nasa,0.74
2005-03-14,0.57,22.65,18.11,26.87,nasa,0.74
2005-03-15,5.72,23.53,19.62,27.83,nasa,0.74
2005-03-16,13.71,22.13,20.72,24.31,nasa,0.76
2005-03-17,40.14,22.03,19.56,25.5,nasa,0.79
2005-03-18,8.97,22.69,19.3,27.24,nasa,0.81
2005-03-19,1.81,22.36,19.39,26.28,nasa,0.8
2005-03-20,5.92,21.61,19.22,24.7,nasa,0.79
2005-03-21,9.34,21.5,17.81,26.07,nasa,0.8
2005-03-22,3.42,21.07,19.1,24.13,nasa,0.8
2005-03-23,5.83,21.99,18.47,26.16,nasa,0.8
2005-03-24,14.97,21.57,19.72,23.74,nasa,0.8
2005-03-25,17.85,21.73,18.7,25.9,nasa,0.82
2005-03-26,1.05,21.19,17.95,25.86,nasa,0.82
2005-03-27,0.65,21.27,17.32,26.18,nasa,0.81
2005-03-28,1.2,21.11,16.25,26.17,nasa,0.8
2005-03-29,0.32,21.1,16.63,26.17,nasa,0.79
2005-03-30,0.08,21.49,16.48,26.95,nasa,0.79
2005-03-31,0.04,21.69,16.54,26.78,nasa,0.78
2005-04-01,0.06,21.99,17.43,27.08,nasa,0.77
2005-04-02,0.28,22.19,18.05,26.96,nasa,0.77
2005-04-03,0.07,22.44,17.23,27.7,nasa,0.76
2005-04-04,5.9,23.28,18.12,28.19,nasa,0.76
2005-04-05,8.99,22.16,19.22,25.21,nasa,0.78
2005-04-06,0.2,22.71,19.27,26.71,nasa,0.78
2005-04-07,0.01,22.84,19.07,27.44,nasa,0.77
2005-04-08,1.03,23.46,18.17,28.43,nasa,0.76
2005-04-09,1.31,22.82,17.79,28.16,nasa,0.76
2005-04-10,0.01,22.33,18.21,27.13,nasa,0.76
2005-04-11,0.0,21.97,17.0,27.33,nasa,0.75
2005-04-12,0.09,22.49,17.15,27.11,nasa,0.74
2005-04-13,0.01,21.81,16.22,28.01,nasa,0.74
2005-04-14,0.0,21.19,15.92,26.79,nasa,0.73
2005-04-15,0.0,21.33,16.48,26.91,nasa,0.73
2005-04-16,0.0,22.8,16.93,28.02,nasa,0.73
2005-04-17,4.83,22.37,17.5,27.29,nasa,0.73
2005-04-18,0.3,21.27,16.98,26.2,nasa,0.73
2005-04-19,0.01,21.49,17.18,26.12,nasa,0.72
2005-04-20,2.01,21.1,17.08,25.36,nasa,0.72
2005-04-21,3.94,21.6,17.85,26.16,nasa,0.73
2005-04-22,7.32,20.91,15.79,25.98,nasa,0.73
2005-04-23,1.24,20.66,16.25,26.02,nasa,0.74
2005-04-24,0.07,21.09,16.15,26.5,nasa,0.73
2005-04-25,0.27,21.01,16.55,26.23,nasa,0.73
2005-04-26,6.51,18.5,13.62,22.2,nasa,0.73
2005-04-27,10.76,16.27,12.14,20.26,nasa,0.74
2005-04-28,6.34,17.91,14.05,22.43,nasa,0.75
2005-04-29,3.98,19.11,16.01,24.41,nasa,0.75
2005-04-30,1.64,18.51,13.51,24.41,nasa,0.75
2005-05-01,0.08,16.42,11.76,23.01,nasa,0.74
2005-05-02,0.0,16.19,10.8,21.97,nasa,0.74
2005-05-03,0.0,16.14,12.0,22.03,nasa,0.73
2005-05-04,0.0,15.8,10.68,22.17,nasa,0.73
2005-05-05,0.0,16.22,11.18,22.49,nasa,0.72
2005-05-06,0.0,17.33,11.5,22.87,nasa,0.72
2005-05-07,0.0,18.35,12.19,23.46,nasa,0.71
2005-05-08,0.01,17.68,11.19,24.06,nasa,0.71
2005-05-09,0.01,19.3,15.49,23.63,nasa,0.71
2005-05-10,0.0,18.41,13.85,23.25,nasa,0.71
2005-05-11,0.0,19.68,12.77,25.91,nasa,0.71
2005-05-12,0.0,19.95,13.55,26.02,nasa,0.7
2005-05-13,0.0,19.63,14.13,26.0,nasa,0.7
2005-05-14,0.0,19.43,13.44,25.48,nasa,0.7
2005-05-15,0.0,19.6,13.82,25.11,nasa,0.69
2005-05-16,0.0,19.3,12.99,25.35,nasa,0.69
2005-05-17,0.0,20.88,15.36,26.13,nasa,0.69
2005-05-18,0.0,20.33,13.73,26.45,nasa,0.68
2005-05-19,0.0,21.11,15.14,26.77,nasa,0.68
2005-05-20,0.0,20.97,16.29,26.62,nasa,0.68
2005-05-21,0.06,20.59,15.42,26.96,nasa,0.68
2005-05-22,20.74,18.9,16.2,23.11,nasa,0.69
2005-05-23,4.99,17.88,15.61,21.18,nasa,0.72
2005-05-24,36.07,19.56,16.41,23.49,nasa,0.73
2005-05-25,16.83,18.43,14.26,23.78,nasa,0.75
2005-05-26,5.74,17.45,13.33,22.72,nasa,0.76
2005-05-27,0.0,16.44,12.38,22.43,nasa,0.74
2005-05-28,0.0,15.35,10.73,21.6,nasa,0.73
2005-05-29,0.03,17.06,12.33,22.93,nasa,0.73
2005-05-30,1.7,18.22,13.57,24.1,nasa,0.73
2005-05-31,0.56,18.79,15.41,24.32,nasa,0.72
2005-06-01,0.0,18.91,15.01,23.95,nasa,0.72
2005-06-02,0.0,18.6,15.29,23.32,nasa,0.71
2005-06-03,0.0,17.63,13.6,23.21,nasa,0.71
2005-06-04,0.0,17.78,13.45,23.98,nasa,0.71
2005-06-05,0.0,17.81,13.04,23.89,nasa,0.7
2005-06-06,0.0,17.19,12.42,23.37,nasa,0.7
2005-06-07,0.0,17.35,12.63,22.76,nasa,0.7
2005-06-08,0.03,18.03,12.29,23.68,nasa,0.7
2005-06-09,0.0,17.5,11.49,23.42,nasa,0.69
2005-06-10,0.0,17.3,12.28,23.2,nasa,0.69
2005-06-11,0.0,16.99,11.51,22.66,nasa,0.69
2005-06-12,0.0,17.01,10.55,23.39,nasa,0.69
2005-06-13,0.01,16.94,11.16,23.56,nasa,0.69
2005-06-14,0.0,18.4,11.88,24.54,nasa,0.68
2005-06-15,0.0,18.51,11.06,24.71,nasa,0.68
2005-06-16,0.0,17.4,11.08,24.14,nasa,0.68
2005-06-17,0.0,18.27,12.06,24.98,nasa,0.68
2005-06-18,0.0,18.61,13.57,25.64,nasa,0.68
2005-06-19,3.71,17.58,12.65,23.5,nasa,0.68
2005-06-20,3.9,18.33,13.69,23.65,nasa,0.68
2005-06-21,4.49,15.91,12.69,19.19,nasa,0.69
2005-06-22,0.5,15.51,12.09,20.07,nasa,0.69
2005-06-23,0.0,15.8,11.88,21.11,nasa,0.69
2005-06-24,0.0,15.8,10.14,22.2,nasa,0.69
2005-06-25,0.01,15.76,9.77,22.28,nasa,0.68
2005-06-26,0.01,15.15,9.27,22.1,nasa,0.68
2005-06-27,0.0,15.58,8.52,21.98,nasa,0.68
2005-06-28,0.21,17.18,12.69,22.49,nasa,0.68
2005-06-29,0.47,18.73,15.44,24.28,nasa,0.68
2005-06-30,0.0,19.32,13.41,26.13,nasa,0.67
2005-07-01,0.0,18.91,14.1,24.95,nasa,0.67
2005-07-02,0.0,18.27,12.74,24.69,nasa,0.67
2005-07-03,0.0,17.9,11.06,24.52,nasa,0.67
2005-07-04,0.0,17.08,9.94,24.78,nasa,0.66
2005-07-05,0.01,17.78,10.5,25.06,nasa,0.66
2005-07-06,2.39,18.33,13.25,24.35,nasa,0.66
2005-07-07,3.66,13.49,10.69,16.25,nasa,0.67
2005-07-08,0.0,13.29,8.57,18.54,nasa,0.67
2005-07-09,0.0,12.09,6.52,20.3,nasa,0.67
2005-07-10,0.0,13.87,8.7,20.96,nasa,0.67
2005-07-11,0.12,14.93,10.4,21.37,nasa,0.66
2005-07-12,0.0,15.44,9.83,22.93,nasa,0.66
2005-07-13,0.0,14.43,8.06,22.51,nasa,0.66
2005-07-14,0.32,14.28,8.92,21.88,nasa,0.66
2005-07-15,0.67,14.97,9.0,22.27,nasa,0.66
2005-07-16,0.0,16.42,9.54,23.73,nasa,0.66
2005-07-17,0.0,18.03,10.92,26.8,nasa,0.65
2005-07-18,0.59,17.55,13.15,24.14,nasa,0.65
2005-07-19,1.88,14.75,12.03,18.79,nasa,0.65
2005-07-20,0.23,15.59,12.06,21.05,nasa,0.65
2005-07-21,0.04,17.4,11.77,24.38,nasa,0.65
2005-07-22,0.0,18.29,12.0,24.94,nasa,0.65
2005-07-23,0.0,19.54,12.82,26.84,nasa,0.65
2005-07-24,0.16,18.98,11.81,26.07,nasa,0.65
2005-07-25,0.71,18.07,12.38,24.75,nasa,0.65
2005-07-26,0.21,17.88,11.3,25.37,nasa,0.65
2005-07-27,1.23,17.46,12.62,23.73,nasa,0.64
2005-07-28,0.16,18.55,12.49,25.62,nasa,0.64
2005-07-29,0.01,18.73,11.26,26.61,nasa,0.64
2005-07-30,0.0,17.85,10.24,25.68,nasa,0.64
2005-07-31,0.0,18.08,9.89,25.64,nasa,0.64
2005-08-01,0.0,17.36,9.46,25.18,nasa,0.64
2005-08-02,0.0,16.66,8.12,25.25,nasa,0.63
2005-08-03,0.0,16.79,8.28,25.11,nasa,0.63
2005-08-04,0.0,17.59,9.47,25.7,nasa,0.63
2005-08-05,0.0,17.54,9.16,26.1,nasa,0.63
2005-08-06,0.0,17.85,9.73,25.59,nasa,0.63
2005-08-07,0.0,18.18,10.04,25.91,nasa,0.63
2005-08-08,0.0,18.15,11.48,25.4,nasa,0.63
2005-08-09,1.73,18.5,13.6,25.34,nasa,0.63
2005-08-10,0.0,17.41,10.81,25.25,nasa,0.63
2005-08-11,0.0,16.66,8.29,25.39,nasa,0.62
2005-08-12,0.0,17.86,9.01,26.2,nasa,0.62
2005-08-13,0.0,18.73,9.7,27.68,nasa,0.62
2005-08-14,0.02,20.24,13.07,28.06,nasa,0.62
2005-08-15,0.03,21.1,13.56,28.56,nasa,0.62
2005-08-16,0.02,20.17,12.88,27.65,nasa,0.62
2005-08-17,0.17,19.8,13.62,26.56,nasa,0.62
2005-08-18,0.03,21.03,13.24,28.59,nasa,0.61
2005-08-19,0.24,20.03,14.11,26.75,nasa,0.61
2005-08-20,0.02,20.14,13.92,27.54,nasa,0.61
2005-08-21,0.0,20.11,14.04,27.78,nasa,0.61
2005-08-22,0.0,19.54,11.75,27.51,nasa,0.61
2005-08-23,0.0,19.01,11.14,27.44,nasa,0.61
2005-08-24,0.48,20.48,12.39,28.97,nasa,0.61
2005-08-25,0.07,21.16,14.61,29.69,nasa,0.61
2005-08-26,1.83,20.47,13.69,28.15,nasa,0.61
2005-08-27,0.6,21.53,16.52,28.26,nasa,0.61
2005-08-28,0.0,21.96,14.13,30.28,nasa,0.61
2005-08-29,0.0,21.99,13.45,31.47,nasa,0.6
2005-08-30,0.0,23.54,15.01,32.49,nasa,0.6
2005-08-31,0.06,25.51,18.6,33.38,nasa,0.6
2005-09-01,8.25,23.8,15.79,31.82,nasa,0.6
2005-09-02,1.32,23.07,18.0,29.15,nasa,0.62
2005-09-03,0.22,22.64,14.91,30.84,nasa,0.61
2005-09-04,10.91,20.99,16.5,28.04,nasa,0.62
2005-09-05,2.63,22.34,16.41,29.68,nasa,0.63
2005-09-06,6.74,22.0,18.13,27.93,nasa,0.63
2005-09-07,4.48,20.68,15.16,27.22,nasa,0.64
2005-09-08,0.18,20.4,14.09,27.16,nasa,0.64
2005-09-09,0.13,20.86,14.91,28.49,nasa,0.63
2005-09-10,0.24,21.2,14.16,28.92,nasa,0.63
2005-09-11,0.0,22.57,15.11,29.69,nasa,0.62
2005-09-12,1.57,22.81,16.58,29.46,nasa,0.62
2005-09-13,0.66,19.73,14.43,27.25,nasa,0.62
2005-09-14,0.28,19.24,14.02,25.06,nasa,0.62
2005-09-15,0.41,18.82,15.51,23.3,nasa,0.62
2005-09-16,0.24,23.35,16.22,30.85,nasa,0.61
2005-09-17,2.47,21.41,16.57,28.67,nasa,0.61
2005-09-18,9.09,18.35,15.9,21.32,nasa,0.63
2005-09-19,6.64,21.0,15.74,26.9,nasa,0.64
2005-09-20,0.0,21.13,13.79,30.33,nasa,0.64
2005-09-21,0.0,19.22,11.29,28.25,nasa,0.63
2005-09-22,0.0,20.19,13.01,27.94,nasa,0.63
2005-09-23,0.49,20.49,15.54,26.64,nasa,0.62
2005-09-24,1.47,21.02,14.52,27.63,nasa,0.62
2005-09-25,11.8,21.76,16.33,27.98,nasa,0.63
2005-09-26,7.28,19.9,15.88,23.77,nasa,0.65
2005-09-27,7.3,16.86,14.11,20.84,nasa,0.65
2005-09-28,0.77,17.1,12.57,22.4,nasa,0.65
2005-09-29,0.0,19.26,12.53,26.82,nasa,0.65
2005-09-30,0.0,20.02,13.37,27.75,nasa,0.64
2005-10-01,0.54,21.41,12.77,29.92,nasa,0.63
2005-10-02,1.24,21.86,17.32,28.02,nasa,0.63
2005-10-03,0.01,22.07,16.06,29.26,nasa,0.63
2005-10-04,0.0,23.42,14.4,31.38,nasa,0.62
2005-10-05,0.5,25.0,19.01,31.35,nasa,0.62
2005-10-06,16.89,24.46,19.71,29.93,nasa,0.63
2005-10-07,2.7,23.08,19.14,27.93,nasa,0.65
2005-10-08,0.02,24.57,17.31,31.95,nasa,0.64
2005-10-09,0.15,24.28,15.42,32.49,nasa,0.63
2005-10-10,0.06,24.95,17.13,32.65,nasa,0.63
2005-10-11,1.16,25.82,19.47,33.48,nasa,0.62
2005-10-12,0.01,25.61,18.01,33.43,nasa,0.62
2005-10-13,0.0,25.59,15.69,34.43,nasa,0.61
2005-10-14,1.18,26.67,17.16,35.15,nasa,0.61
2005-10-15,2.26,25.96,19.66,33.39,nasa,0.61
2005-10-16,0.35,25.8,18.3,33.96,nasa,0.61
2005-10-17,0.11,27.31,19.26,34.91,nasa,0.6
2005-10-18,8.23,25.99,19.49,32.87,nasa,0.6
2005-10-19,10.42,20.08,16.35,25.2,nasa,0.63
2005-10-20,11.71,21.73,16.21,28.43,nasa,0.64
2005-10-21,3.98,21.55,17.1,27.09,nasa,0.65
2005-10-22,8.6,22.1,18.59,27.83,nasa,0.65
2005-10-23,0.67,20.88,17.46,24.85,nasa,0.65
2005-10-24,6.63,23.27,17.24,30.11,nasa,0.65
2005-10-25,6.08,23.02,18.65,29.28,nasa,0.66
2005-10-26,5.2,23.68,18.77,29.72,nasa,0.66
2005-10-27,1.44,25.42,18.56,31.5,nasa,0.65
2005-10-28,11.91,24.58,19.81,30.23,nasa,0.65
2005-10-29,4.41,23.78,17.95,30.48,nasa,0.66
2005-10-30,11.89,21.74,17.13,27.64,nasa,0.66
2005-10-31,4.94,21.61,17.52,27.17,nasa,0.67
2005-11-01,2.29,21.77,15.3,28.51,nasa,0.67
2005-11-02,10.6,20.15,16.57,24.9,nasa,0.67
2005-11-03,4.57,22.06,16.59,27.83,nasa,0.67
2005-11-04,6.48,21.66,17.21,27.22,nasa,0.67
2005-11-05,1.62,23.4,18.87,28.45,nasa,0.67
2005-11-06,2.7,23.85,18.69,29.0,nasa,0.66
2005-11-07,0.78,24.22,18.28,30.4,nasa,0.66
2005-11-08,0.62,22.12,16.58,28.5,nasa,0.65
2005-11-09,3.77,21.07,16.04,27.43,nasa,0.65
2005-11-10,8.42,19.21,15.37,24.18,nasa,0.65
2005-11-11,1.74,17.91,14.19,22.28,nasa,0.66
2005-11-12,1.33,19.94,13.66,26.36,nasa,0.66
2005-11-13,1.55,21.82,15.08,27.93,nasa,0.65
2005-11-14,1.34,22.5,15.99,28.38,nasa,0.65
2005-11-15,3.83,23.36,16.7,29.06,nasa,0.64
2005-11-16,5.59,24.16,17.08,30.57,nasa,0.65
2005-11-17,17.71,23.74,18.4,28.77,nasa,0.66
2005-11-18,5.45,22.97,19.53,27.28,nasa,0.67
2005-11-19,15.36,22.95,20.02,27.12,nasa,0.68
2005-11-20,5.11,22.93,17.92,27.75,nasa,0.69
2005-11-21,0.26,22.34,14.94,29.14,nasa,0.68
2005-11-22,0.68,22.11,16.53,28.15,nasa,0.67
2005-11-23,1.35,23.31,17.39,30.18,nasa,0.66
2005-11-24,2.03,23.17,19.8,27.6,nasa,0.66
2005-11-25,21.99,22.3,20.0,25.92,nasa,0.67
2005-11-26,14.21,20.5,17.21,24.45,nasa,0.71
2005-11-27,0.01,20.33,14.1,27.3,nasa,0.7
2005-11-28,0.12,20.8,13.53,27.55,nasa,0.68
2005-11-29,3.54,21.28,17.86,25.24,nasa,0.68
2005-11-30,5.33,21.17,18.53,25.69,nasa,0.68
2005-12-01,6.24,21.23,17.92,25.17,nasa,0.68
2005-12-02,16.62,21.47,17.47,26.11,nasa,0.7
2005-12-03,0.12,19.93,15.29,25.14,nasa,0.7
2005-12-04,0.0,20.39,13.26,27.34,nasa,0.69
2005-12-05,1.76,22.4,16.97,27.55,nasa,0.68
2005-12-06,18.27,22.66,19.1,26.61,nasa,0.68
2005-12-07,17.9,19.28,15.55,22.83,nasa,0.71
2005-12-08,7.04,18.36,14.24,23.41,nasa,0.73
2005-12-09,0.8,21.03,15.07,27.35,nasa,0.72
2005-12-10,8.39,21.68,18.57,24.8,nasa,0.71
2005-12-11,19.4,20.04,17.09,22.86,nasa,0.74
2005-12-12,8.4,18.86,16.15,21.81,nasa,0.74
2005-12-13,2.08,20.18,15.5,25.86,nasa,0.73
2005-12-14,4.44,19.18,16.36,22.47,nasa,0.72
2005-12-15,2.9,20.19,14.43,25.64,nasa,0.72
2005-12-16,6.32,21.23,17.31,25.8,nasa,0.72
2005-12-17,7.31,22.31,18.68,27.03,nasa,0.72
2005-12-18,24.86,20.99,18.2,24.48,nasa,0.73
2005-12-19,5.59,21.22,19.29,24.44,nasa,0.76
2005-12-20,5.63,22.43,16.9,27.17,nasa,0.75
2005-12-21,1.04,23.06,19.5,28.39,nasa,0.74
2005-12-22,10.54,21.34,18.73,24.67,nasa,0.73
2005-12-23,0.03,21.4,17.57,26.06,nasa,0.74
2005-12-24,2.55,22.36,17.99,27.28,nasa,0.73
2005-12-25,13.3,21.86,17.77,26.86,nasa,0.73
2005-12-26,0.81,20.62,15.62,25.87,nasa,0.74
2005-12-27,1.89,20.85,17.12,25.25,nasa,0.73
2005-12-28,2.9,20.88,15.87,26.41,nasa,0.72
2005-12-29,1.66,20.99,15.23,26.74,nasa,0.71
2005-12-30,1.54,22.42,18.57,27.01,nasa,0.71
2005-12-31,12.69,21.69,19.28,25.6,nasa,0.71
2006-01-01,8.51,21.68,18.18,26.1,nasa,0.72
2006-01-02,19.23,20.64,19.05,22.59,nasa,0.75
2006-01-03,9.52,22.11,19.13,25.67,nasa,0.76
2006-01-04,13.99,21.22,19.09,25.81,nasa,0.76
2006-01-05,13.67,20.19,18.31,22.35,nasa,0.77
2006-01-06,2.54,20.52,17.97,23.6,nasa,0.77
2006-01-07,0.71,22.2,17.56,26.8,nasa,0.76
2006-01-08,0.31,23.12,18.46,27.93,nasa,0.75
2006-01-09,0.69,22.56,19.04,27.11,nasa,0.74
2006-01-10,0.36,22.2,17.07,27.92,nasa,0.73
2006-01-11,0.01,21.28,17.15,25.86,nasa,0.72
2006-01-12,0.0,21.79,17.82,26.27,nasa,0.71
2006-01-13,0.01,22.53,17.65,28.0,nasa,0.71
2006-01-14,0.0,22.96,16.72,29.14,nasa,0.7
2006-01-15,0.0,23.9,18.22,28.53,nasa,0.69
2006-01-16,0.0,23.88,19.78,28.13,nasa,0.69
2006-01-17,0.5,24.45,20.16,29.11,nasa,0.68
2006-01-18,3.14,22.41,19.81,25.73,nasa,0.68
2006-01-19,0.99,23.12,18.01,28.68,nasa,0.68
2006-01-20,0.0,23.21,17.14,29.37,nasa,0.68
2006-01-21,0.0,23.17,17.31,29.87,nasa,0.67
2006-01-22,0.0,23.69,16.21,30.78,nasa,0.66
2006-01-23,1.13,25.02,19.43,30.93,nasa,0.66
2006-01-24,2.8,25.65,19.2,31.3,nasa,0.66
2006-01-25,2.99,26.45,20.74,32.6,nasa,0.66
2006-01-26,1.41,25.96,19.78,32.41,nasa,0.65
2006-01-27,13.03,23.94,19.91,28.67,nasa,0.66
2006-01-28,1.5,22.95,19.81,27.82,nasa,0.68
2006-01-29,18.98,21.42,19.96,23.72,nasa,0.69
2006-01-30,7.13,20.89,18.0,24.89,nasa,0.71
2006-01-31,1.68,21.87,18.08,26.41,nasa,0.71
2006-02-01,9.6,21.71,18.51,26.09,nasa,0.71
2006-02-02,3.75,22.66,17.88,27.72,nasa,0.71
2006-02-03,5.48,22.58,18.88,27.41,nasa,0.71
2006-02-04,0.27,23.51,18.6,27.88,nasa,0.7
2006-02-05,0.07,23.4,19.48,27.74,nasa,0.7
2006-02-06,0.04,23.72,17.92,30.14,nasa,0.69
2006-02-07,0.64,25.33,18.88,31.2,nasa,0.68
2006-02-08,6.42,24.76,19.79,29.83,nasa,0.67
2006-02-09,2.12,23.85,20.75,29.39,nasa,0.68
2006-02-10,14.08,22.97,19.76,26.98,nasa,0.69
2006-02-11,21.46,21.06,18.94,24.33,nasa,0.71
2006-02-12,23.23,20.89,18.41,23.92,nasa,0.75
2006-02-13,4.43,22.54,19.26,27.35,nasa,0.75
2006-02-14,2.71,23.53,18.92,28.38,nasa,0.74
2006-02-15,24.35,22.79,20.6,25.88,nasa,0.74
2006-02-16,2.55,22.09,19.97,24.52,nasa,0.76
2006-02-17,0.92,22.69,18.9,26.88,nasa,0.75
2006-02-18,0.59,24.5,19.55,28.71,nasa,0.73
2006-02-19,2.47,24.52,19.09,29.05,nasa,0.72
2006-02-20,0.52,23.18,18.61,27.5,nasa,0.72
2006-02-21,18.63,22.09,19.68,25.5,nasa,0.73
2006-02-22,4.27,22.04,18.7,26.03,nasa,0.74
2006-02-23,6.13,22.48,18.73,27.12,nasa,0.74
2006-02-24,7.42,23.1,19.58,27.15,nasa,0.74
2006-02-25,5.47,23.2,19.66,27.34,nasa,0.74
2006-02-26,4.37,23.05,20.06,26.55,nasa,0.74
2006-02-27,17.28,23.68,19.68,27.9,nasa,0.75
2006-02-28,3.85,24.02,19.52,29.08,nasa,0.76
2006-03-01,9.03,23.3,17.74,28.6,nasa,0.75
2006-03-02,0.96,23.8,19.8,28.41,nasa,0.75
2006-03-03,0.33,24.12,20.53,28.72,nasa,0.74
2006-03-04,35.57,23.66,19.58,28.29,nasa,0.74
2006-03-05,9.57,23.56,20.91,27.43,nasa,0.78
2006-03-06,43.22,22.19,19.67,24.32,nasa,0.8
2006-03-07,12.62,22.54,19.29,27.16,nasa,0.83
2006-03-08,0.8,23.46,18.12,28.2,nasa,0.81
2006-03-09,0.12,23.97,18.58,28.79,nasa,0.79
2006-03-10,13.06,23.26,18.2,28.55,nasa,0.78
2006-03-11,5.78,21.34,17.7,26.13,nasa,0.79
2006-03-12,0.18,21.1,15.66,26.8,nasa,0.78
2006-03-13,11.7,21.8,17.11,26.52,nasa,0.77
2006-03-14,19.96,21.13,17.9,24.02,nasa,0.8
2006-03-15,11.49,21.28,19.02,23.93,nasa,0.81
2006-03-16,7.51,20.77,17.63,25.33,nasa,0.81
2006-03-17,1.26,21.79,17.15,27.17,nasa,0.8
2006-03-18,11.99,21.8,17.41,26.27,nasa,0.8
2006-03-19,2.43,21.38,17.51,26.23,nasa,0.8
2006-03-20,13.95,21.85,17.44,26.66,nasa,0.8
2006-03-21,3.34,22.28,18.14,26.63,nasa,0.81
2006-03-22,4.25,22.29,18.33,26.35,nasa,0.8
2006-03-23,0.89,21.47,18.49,25.57,nasa,0.8
2006-03-24,8.08,21.95,17.1,26.87,nasa,0.79
2006-03-25,4.38,22.4,19.66,25.79,nasa,0.8
2006-03-26,2.35,22.04,18.61,26.71,nasa,0.8
2006-03-27,0.68,20.91,17.31,25.35,nasa,0.79
2006-03-28,0.6,20.65,14.64,26.92,nasa,0.79
2006-03-29,4.74,20.66,17.2,24.59,nasa,0.78
2006-03-30,2.6,22.57,18.73,27.01,nasa,0.79
2006-03-31,0.04,21.28,16.9,26.68,nasa,0.78
2006-04-01,0.03,20.72,15.07,26.29,nasa,0.78
2006-04-02,0.04,21.18,15.83,26.68,nasa,0.77
2006-04-03,0.2,21.03,16.25,26.21,nasa,0.76
2006-04-04,0.02,19.9,15.8,24.96,nasa,0.76
2006-04-05,0.02,19.82,15.19,24.72,nasa,0.75
2006-04-06,3.52,20.61,16.09,25.32,nasa,0.75
2006-04-07,0.52,20.88,17.6,25.54,nasa,0.75
2006-04-08,1.13,21.22,18.57,25.86,nasa,0.75
2006-04-09,10.79,21.99,18.6,26.34,nasa,0.76
2006-04-10,3.9,21.92,18.49,26.69,nasa,0.77
2006-04-11,1.72,21.1,16.93,26.24,nasa,0.76
2006-04-12,0.12,20.91,16.07,26.68,nasa,0.76
2006-04-13,0.11,20.03,14.68,26.57,nasa,0.75
2006-04-14,0.04,19.74,13.54,26.12,nasa,0.74
2006-04-15,0.0,20.9,14.14,27.01,nasa,0.74
2006-04-16,0.2,21.3,14.99,27.33,nasa,0.73
2006-04-17,6.91,19.34,15.56,24.53,nasa,0.73
2006-04-18,4.62,17.01,13.89,20.66,nasa,0.74
2006-04-19,4.18,17.74,14.02,22.61,nasa,0.75
2006-04-20,0.11,17.75,13.27,23.12,nasa,0.74
2006-04-21,0.0,17.67,11.55,24.37,nasa,0.74
2006-04-22,0.02,19.75,13.18,26.05,nasa,0.73
2006-04-23,0.4,21.07,17.05,27.11,nasa,0.73
2006-04-24,0.69,20.52,14.09,27.1,nasa,0.72
2006-04-25,0.0,20.6,16.17,25.84,nasa,0.72
2006-04-26,0.18,20.76,15.54,26.45,nasa,0.72
2006-04-27,0.02,19.66,15.11,25.78,nasa,0.71
2006-04-28,0.0,19.46,14.49,24.92,nasa,0.71
2006-04-29,0.0,20.01,14.39,25.21,nasa,0.71
2006-04-30,0.0,19.94,14.48,25.98,nasa,0.7
2006-05-01,0.01,19.22,13.59,26.0,nasa,0.7
2006-05-02,0.44,18.62,13.04,25.41,nasa,0.7
2006-05-03,0.54,16.65,10.32,24.41,nasa,0.69
2006-05-04,0.0,14.07,6.97,22.25,nasa,0.69
2006-05-05,0.0,13.94,6.84,22.15,nasa,0.69
2006-05-06,0.0,15.04,9.18,23.16,nasa,0.69
2006-05-07,0.0,16.47,11.31,22.5,nasa,0.68
2006-05-08,2.9,17.18,12.49,22.49,nasa,0.69
2006-05-09,0.34,17.91,13.35,23.34,nasa,0.69
2006-05-10,11.96,17.06,14.48,21.58,nasa,0.7
2006-05-11,0.04,15.74,11.24,22.2,nasa,0.71
2006-05-12,0.04,15.37,9.58,22.03,nasa,0.7
2006-05-13,0.01,15.87,11.06,22.21,nasa,0.7
2006-05-14,0.0,15.08,9.77,22.09,nasa,0.69
2006-05-15,0.0,15.44,9.92,22.68,nasa,0.69
2006-05-16,0.0,15.71,10.55,22.77,nasa,0.68
2006-05-17,0.0,15.72,10.76,22.7,nasa,0.68
2006-05-18,0.0,15.53,8.84,22.36,nasa,0.68
2006-05-19,0.0,15.63,8.27,22.59,nasa,0.68
2006-05-20,0.0,15.67,8.9,22.48,nasa,0.67
2006-05-21,0.08,17.89,11.18,23.82,nasa,0.67
2006-05-22,1.42,17.69,14.35,21.99,nasa,0.67
2006-05-23,5.39,16.24,14.02,18.62,nasa,0.68
2006-05-24,1.25,16.06,13.22,20.65,nasa,0.69
2006-05-25,0.19,16.24,11.78,20.91,nasa,0.68
2006-05-26,0.0,17.62,12.12,23.64,nasa,0.68
2006-05-27,0.0,17.87,11.4,24.77,nasa,0.68
2006-05-28,0.01,17.7,11.36,25.6,nasa,0.67
2006-05-29,0.0,17.81,9.65,25.24,nasa,0.67
2006-05-30,0.0,18.15,10.64,25.33,nasa,0.67
2006-05-31,0.0,18.52,13.3,25.98,nasa,0.67
2006-06-01,0.0,17.52,12.06,25.38,nasa,0.66
2006-06-02,0.0,15.91,10.79,23.63,nasa,0.66
2006-06-03,0.0,16.1,10.96,23.12,nasa,0.66
2006-06-04,0.0,15.56,9.57,22.06,nasa,0.66
2006-06-05,0.0,16.5,8.52,23.07,nasa,0.66
2006-06-06,0.0,16.88,10.48,23.71,nasa,0.65
2006-06-07,0.0,17.28,12.23,23.93,nasa,0.65
2006-06-08,0.0,17.25,11.82,23.91,nasa,0.65
2006-06-09,0.0,17.58,11.26,24.46,nasa,0.65
2006-06-10,0.0,17.8,13.02,23.73,nasa,0.65
2006-06-11,0.0,19.13,14.09,24.36,nasa,0.65
2006-06-12,0.01,17.89,13.11,24.5,nasa,0.65
2006-06-13,0.0,17.29,12.77,24.28,nasa,0.65
2006-06-14,0.0,16.44,10.75,23.37,nasa,0.64
2006-06-15,0.0,16.73,9.74,24.44,nasa,0.64
2006-06-16,0.0,15.54,9.34,23.96,nasa,0.64
2006-06-17,0.0,15.31,8.95,23.53,nasa,0.64
2006-06-18,0.0,16.73,10.38,23.88,nasa,0.64
2006-06-19,0.0,17.34,11.95,23.57,nasa,0.64
2006-06-20,0.0,16.97,11.09,23.47,nasa,0.64
2006-06-21,0.0,16.35,9.02,23.74,nasa,0.64
2006-06-22,0.02,18.06,12.68,25.31,nasa,0.64
2006-06-23,0.06,18.01,11.89,25.31,nasa,0.63
2006-06-24,0.0,16.97,11.73,24.5,nasa,0.63
2006-06-25,0.07,17.17,11.46,24.07,nasa,0.63
2006-06-26,6.83,18.08,14.34,23.3,nasa,0.64
2006-06-27,0.0,16.74,9.51,23.61,nasa,0.64
2006-06-28,0.01,13.0,7.91,21.17,nasa,0.64
2006-06-29,4.45,14.56,7.94,21.32,nasa,0.64
2006-06-30,0.02,16.5,12.89,22.12,nasa,0.65
2006-07-01,0.0,16.41,9.57,23.67,nasa,0.64
2006-07-02,0.89,15.98,10.41,22.05,nasa,0.64
2006-07-03,0.1,16.8,11.71,22.02,nasa,0.64
2006-07-04,0.01,16.51,9.3,23.7,nasa,0.64
2006-07-05,0.0,16.52,11.33,24.59,nasa,0.64
2006-07-06,0.0,16.25,7.66,24.65,nasa,0.64
2006-07-07,0.0,16.7,8.5,24.29,nasa,0.63
2006-07-08,0.0,18.55,9.96,26.39,nasa,0.63
2006-07-09,0.0,19.46,13.58,27.7,nasa,0.63
2006-07-10,0.06,19.86,12.03,27.56,nasa,0.63
2006-07-11,2.09,20.17,13.91,27.85,nasa,0.63
2006-07-12,0.0,18.55,12.68,26.57,nasa,0.63
2006-07-13,0.0,16.89,9.23,25.06,nasa,0.63
2006-07-14,0.03,15.94,8.64,24.37,nasa,0.62
2006-07-15,0.0,15.8,8.69,23.97,nasa,0.62
2006-07-16,0.0,15.78,10.43,23.71,nasa,0.62
2006-07-17,0.03,15.96,9.43,23.97,nasa,0.62
2006-07-18,0.0,16.31,8.97,24.68,nasa,0.62
2006-07-19,0.0,16.66,9.59,25.54,nasa,0.62
2006-07-20,0.18,17.4,9.68,25.93,nasa,0.62
2006-07-21,0.0,18.0,8.44,26.82,nasa,0.62
2006-07-22,0.0,18.6,9.35,26.92,nasa,0.61
2006-07-23,0.0,18.8,10.25,27.27,nasa,0.61
2006-07-24,0.0,18.42,10.34,28.01,nasa,0.61
2006-07-25,0.0,18.06,8.8,28.19,nasa,0.61
2006-07-26,0.0,19.02,10.79,27.83,nasa,0.61
2006-07-27,0.0,20.11,12.62,28.37,nasa,0.61
2006-07-28,0.33,21.48,14.3,29.72,nasa,0.61
2006-07-29,1.74,20.54,14.16,28.21,nasa,0.61
2006-07-30,2.46,17.56,13.52,22.97,nasa,0.61
2006-07-31,5.01,17.27,12.3,23.99,nasa,0.61
2006-08-01,2.05,18.32,12.93,24.98,nasa,0.62
2006-08-02,0.44,18.74,13.56,25.69,nasa,0.62
2006-08-03,0.17,19.11,13.25,25.48,nasa,0.62
2006-08-04,0.02,19.01,12.35,27.56,nasa,0.62
2006-08-05,0.32,18.94,12.36,27.52,nasa,0.62
2006-08-06,0.0,19.51,11.6,27.87,nasa,0.61
2006-08-07,0.0,20.25,12.02,29.0,nasa,0.61
2006-08-08,0.0,19.26,11.61,28.89,nasa,0.61
2006-08-09,0.0,18.62,10.74,27.4,nasa,0.61
2006-08-10,0.0,20.75,12.64,29.53,nasa,0.6
2006-08-11,0.01,20.66,12.73,30.26,nasa,0.6
2006-08-12,0.0,20.08,12.48,27.91,nasa,0.6
2006-08-13,0.0,20.4,12.81,28.31,nasa,0.6
2006-08-14,0.0,20.33,12.4,28.92,nasa,0.6
2006-08-15,0.0,21.42,13.09,29.89,nasa,0.6
2006-08-16,0.0,21.28,12.98,30.46,nasa,0.6
2006-08-17,0.0,22.91,15.73,32.1,nasa,0.59
2006-08-18,0.0,22.65,15.47,30.85,nasa,0.59
2006-08-19,1.15,21.91,14.13,30.84,nasa,0.59
2006-08-20,2.85,21.23,16.56,28.67,nasa,0.6
2006-08-21,0.05,17.52,10.82,26.31,nasa,0.6
2006-08-22,0.0,16.64,8.22,26.08,nasa,0.6
2006-08-23,0.0,18.79,9.56,27.83,nasa,0.6
2006-08-24,0.0,20.11,11.06,29.41,nasa,0.59
2006-08-25,0.0,20.88,12.51,29.01,nasa,0.59
2006-08-26,2.05,20.89,14.93,28.71,nasa,0.59
2006-08-27,5.28,20.95,14.54,28.49,nasa,0.6
2006-08-28,3.35,18.08,15.28,22.22,nasa,0.61
2006-08-29,0.34,17.51,9.51,25.66,nasa,0.61
2006-08-30,0.07,15.52,6.93,25.42,nasa,0.61
2006-08-31,0.06,17.67,8.65,26.9,nasa,0.6
2006-09-01,9.34,20.44,12.93,28.95,nasa,0.61
2006-09-02,3.02,20.3,15.22,27.27,nasa,0.62
2006-09-03,1.57,20.7,15.09,27.96,nasa,0.62
2006-09-04,0.7,18.55,12.77,27.22,nasa,0.62
2006-09-05,0.02,15.13,8.83,23.59,nasa,0.62
2006-09-06,0.01,14.69,6.83,23.59,nasa,0.61
2006-09-07,0.0,17.28,10.48,25.13,nasa,0.61
2006-09-08,0.0,18.45,11.0,27.21,nasa,0.61
2006-09-09,0.0,17.95,10.74,26.48,nasa,0.6
2006-09-10,0.03,20.29,13.59,27.95,nasa,0.6
2006-09-11,0.0,21.86,12.66,31.09,nasa,0.6
2006-09-12,0.03,22.6,13.18,31.6,nasa,0.6
2006-09-13,0.04,22.48,12.86,32.08,nasa,0.59
2006-09-14,0.09,22.27,12.64,31.61,nasa,0.59
2006-09-15,0.04,23.39,13.96,33.25,nasa,0.59
2006-09-16,0.12,24.62,17.18,33.42,nasa,0.59
2006-09-17,3.96,23.61,16.41,32.15,nasa,0.59
2006-09-18,6.09,21.0,15.63,27.23,nasa,0.6
2006-09-19,0.14,21.1,13.96,28.69,nasa,0.61
2006-09-20,33.47,21.68,16.38,27.72,nasa,0.63
2006-09-21,4.55,21.97,18.02,26.79,nasa,0.66
2006-09-22,1.04,21.75,15.95,28.77,nasa,0.65
2006-09-23,5.11,22.95,15.6,30.34,nasa,0.65
2006-09-24,2.4,21.99,16.98,28.05,nasa,0.65
2006-09-25,0.1,19.73,15.27,25.72,nasa,0.64
2006-09-26,2.25,19.58,13.93,26.8,nasa,0.64
2006-09-27,0.01,19.57,13.23,27.83,nasa,0.63
2006-09-28,0.0,19.21,10.39,27.15,nasa,0.63
2006-09-29,0.04,22.16,14.04,29.97,nasa,0.62
2006-09-30,1.89,21.51,15.73,28.41,nasa,0.62
2006-10-01,3.81,19.33,16.73,22.32,nasa,0.62
2006-10-02,6.5,19.97,16.67,23.58,nasa,0.63
2006-10-03,2.83,21.18,17.21,25.52,nasa,0.64
2006-10-04,4.81,23.48,17.64,29.57,nasa,0.64
2006-10-05,2.51,21.11,19.1,24.13,nasa,0.64
2006-10-06,19.64,21.98,18.65,27.93,nasa,0.65
2006-10-07,19.58,20.14,18.63,22.44,nasa,0.7
2006-10-08,0.67,20.73,18.28,24.42,nasa,0.69
2006-10-09,0.81,20.85,16.4,26.0,nasa,0.68
2006-10-10,2.69,20.16,16.02,25.96,nasa,0.67
2006-10-11,0.38,20.75,13.86,27.18,nasa,0.66
2006-10-12,8.74,21.65,17.33,27.17,nasa,0.66
2006-10-13,8.83,21.31,18.22,24.95,nasa,0.68
2006-10-14,0.83,22.14,17.72,26.39,nasa,0.67
2006-10-15,0.53,23.46,18.04,29.26,nasa,0.66
2006-10-16,4.76,24.18,18.63,29.82,nasa,0.66
2006-10-17,4.38,23.45,19.06,29.24,nasa,0.66
2006-10-18,2.16,21.98,18.71,26.13,nasa,0.66
2006-10-19,8.47,21.17,17.78,24.72,nasa,0.66
2006-10-20,1.47,20.76,15.43,27.95,nasa,0.67
2006-10-21,0.07,19.69,12.42,27.28,nasa,0.66
2006-10-22,0.41,19.2,13.83,25.59,nasa,0.65
2006-10-23,0.03,19.12,12.3,26.31,nasa,0.65
2006-10-24,0.06,19.61,14.5,25.57,nasa,0.64
2006-10-25,0.15,21.54,14.7,28.18,nasa,0.64
2006-10-26,0.04,23.29,16.64,30.46,nasa,0.63
2006-10-27,1.08,24.02,18.24,31.26,nasa,0.63
2006-10-28,0.24,22.26,15.65,30.38,nasa,0.63
2006-10-29,0.0,21.18,11.75,30.82,nasa,0.63
2006-10-30,0.0,23.57,13.31,32.38,nasa,0.62
2006-10-31,0.9,24.53,17.87,31.33,nasa,0.62
2006-11-01,8.88,24.28,18.77,30.76,nasa,0.62
2006-11-02,21.0,21.79,19.46,23.8,nasa,0.66
2006-11-03,6.63,23.12,18.26,28.37,nasa,0.67
2006-11-04,12.9,22.64,18.34,27.28,nasa,0.68
2006-11-05,0.11,21.99,16.52,28.28,nasa,0.68
2006-11-06,0.59,21.63,16.93,26.42,nasa,0.67
2006-11-07,3.3,22.71,16.26,27.96,nasa,0.66
2006-11-08,0.57,20.8,14.08,28.91,nasa,0.66
2006-11-09,4.88,18.44,14.91,22.74,nasa,0.65
2006-11-10,15.96,16.4,13.83,18.74,nasa,0.68
2006-11-11,4.56,15.76,11.75,20.74,nasa,0.68
2006-11-12,11.51,17.18,10.93,24.04,nasa,0.68
2006-11-13,9.62,18.28,12.35,24.0,nasa,0.69
2006-11-14,7.59,19.58,14.29,25.26,nasa,0.69
2006-11-15,0.88,19.73,15.75,25.42,nasa,0.69
2006-11-16,0.02,22.75,16.51,28.49,nasa,0.68
2006-11-17,0.22,23.96,18.73,29.64,nasa,0.67
2006-11-18,3.03,25.15,19.35,31.56,nasa,0.66
2006-11-19,19.75,23.04,19.55,27.59,nasa,0.67
2006-11-20,8.98,22.4,20.3,25.51,nasa,0.69
2006-11-21,2.1,23.25,18.42,28.32,nasa,0.7
2006-11-22,0.52,23.15,17.15,29.35,nasa,0.68
2006-11-23,0.24,23.67,17.76,30.14,nasa,0.67
2006-11-24,0.09,23.89,18.23,30.25,nasa,0.66
2006-11-25,21.21,22.95,19.11,26.46,nasa,0.67
2006-11-26,6.98,22.17,20.16,26.03,nasa,0.7
2006-11-27,13.86,23.36,19.65,28.28,nasa,0.7
2006-11-28,11.16,21.86,18.88,25.55,nasa,0.71
2006-11-29,5.52,22.99,19.18,27.93,nasa,0.71
2006-11-30,8.8,22.9,19.23,27.19,nasa,0.72
2006-12-01,0.02,22.31,17.41,28.37,nasa,0.71
2006-12-02,0.01,20.57,15.74,25.27,nasa,0.7
2006-12-03,0.27,22.48,16.0,28.62,nasa,0.68
2006-12-04,10.21,22.99,19.0,27.95,nasa,0.68
2006-12-05,9.29,21.64,19.42,24.99,nasa,0.7
2006-12-06,3.34,22.61,18.93,27.16,nasa,0.7
2006-12-07,2.66,23.07,19.5,27.7,nasa,0.7
2006-12-08,6.99,23.03,17.22,28.53,nasa,0.7
2006-12-09,8.15,21.74,17.99,25.24,nasa,0.7
2006-12-10,5.73,21.34,18.76,25.64,nasa,0.71
2006-12-11,5.7,22.22,17.66,27.35,nasa,0.71
2006-12-12,1.19,22.29,16.74,28.27,nasa,0.7
2006-12-13,5.59,22.1,18.12,26.69,nasa,0.69
2006-12-14,34.85,21.6,19.83,24.63,nasa,0.71
2006-12-15,30.75,20.63,18.49,23.61,nasa,0.77
2006-12-16,18.43,21.5,17.68,25.84,nasa,0.79
2006-12-17,2.4,23.07,18.29,28.01,nasa,0.78
2006-12-18,14.59,23.08,19.85,27.15,nasa,0.76
2006-12-19,1.8,23.34,18.85,28.12,nasa,0.76
2006-12-20,13.52,22.8,19.43,27.11,nasa,0.75
2006-12-21,12.98,22.89,19.75,26.78,nasa,0.77
2006-12-22,8.65,23.28,19.04,27.78,nasa,0.77
2006-12-23,9.85,24.13,19.15,28.7,nasa,0.77
2006-12-24,28.11,23.15,20.96,25.92,nasa,0.78
2006-12-25,13.57,24.04,19.37,29.39,nasa,0.8
2006-12-26,2.95,23.39,19.36,27.99,nasa,0.79
2006-12-27,12.04,22.56,19.46,25.76,nasa,0.78
2006-12-28,2.37,21.99,18.9,26.0,nasa,0.79
2006-12-29,0.43,22.08,17.37,27.04,nasa,0.78
2006-12-30,16.86,20.84,19.15,23.27,nasa,0.78
2006-12-31,35.62,20.58,18.61,23.33,nasa,0.81
2007-01-01,30.89,19.79,18.07,21.83,nasa,0.86
2007-01-02,14.98,20.31,17.74,23.58,nasa,0.86
2007-01-03,18.9,21.01,18.5,24.71,nasa,0.86
2007-01-04,34.61,21.34,18.68,24.83,nasa,0.87
2007-01-05,16.22,21.19,19.88,23.06,nasa,0.89
2007-01-06,9.64,20.15,18.51,21.96,nasa,0.89
2007-01-07,2.74,22.21,17.42,27.28,nasa,0.87
2007-01-08,2.12,22.05,19.43,25.71,nasa,0.86
2007-01-09,6.26,22.86,19.31,27.23,nasa,0.86
2007-01-10,2.1,24.18,19.36,29.78,nasa,0.86
2007-01-11,0.45,24.07,18.85,29.47,nasa,0.85
2007-01-12,2.1,23.63,18.95,28.64,nasa,0.84
2007-01-13,36.62,22.38,20.72,24.67,nasa,0.85
2007-01-14,49.07,23.03,19.52,27.43,nasa,0.9
2007-01-15,22.87,21.15,17.11,25.07,nasa,0.92
2007-01-16,14.6,21.52,18.81,25.13,nasa,0.92
2007-01-17,18.66,20.94,17.94,23.8,nasa,0.92
2007-01-18,38.89,21.82,19.81,24.16,nasa,0.94
2007-01-19,0.74,24.01,19.42,28.87,nasa,0.93
2007-01-20,8.69,23.7,20.35,27.32,nasa,0.92
2007-01-21,12.67,23.56,20.28,27.7,nasa,0.93
2007-01-22,11.23,20.71,18.54,23.92,nasa,0.94
2007-01-23,4.71,20.71,17.56,24.21,nasa,0.94
2007-01-24,4.65,21.94,17.55,26.58,nasa,0.93
2007-01-25,7.05,21.84,19.92,23.84,nasa,0.93
2007-01-26,7.02,22.53,20.09,26.26,nasa,0.93
2007-01-27,14.42,22.6,20.34,26.1,nasa,0.94
2007-01-28,17.46,22.79,19.63,26.62,nasa,0.94
2007-01-29,14.72,22.79,20.15,26.01,nasa,0.95
2007-01-30,15.67,22.73,20.66,25.29,nasa,0.96
2007-01-31,18.32,22.81,18.86,26.87,nasa,0.97
2007-02-01,4.48,22.95,20.34,26.94,nasa,0.97
2007-02-02,15.5,22.77,20.12,25.44,nasa,0.96
2007-02-03,1.84,22.16,18.17,25.92,nasa,0.97
2007-02-04,0.14,22.19,17.91,26.89,nasa,0.96
2007-02-05,6.29,21.89,17.86,26.47,nasa,0.95
2007-02-06,6.39,21.57,19.9,23.89,nasa,0.95
2007-02-07,6.1,22.24,19.05,25.89,nasa,0.95
2007-02-08,4.14,22.11,19.96,25.28,nasa,0.95
2007-02-09,0.27,22.57,18.32,27.32,nasa,0.95
2007-02-10,0.02,22.78,17.92,27.55,nasa,0.93
2007-02-11,7.61,22.63,19.46,26.01,nasa,0.93
2007-02-12,6.14,20.16,16.58,24.96,nasa,0.94
2007-02-13,0.45,19.81,14.56,25.27,nasa,0.93
2007-02-14,0.09,19.19,15.87,22.63,nasa,0.92
2007-02-15,0.11,21.37,16.31,26.94,nasa,0.92
2007-02-16,0.02,22.18,16.64,27.77,nasa,0.91
2007-02-17,1.63,23.27,17.26,28.38,nasa,0.9
2007-02-18,5.05,23.4,19.28,28.13,nasa,0.9
2007-02-19,5.13,21.6,18.66,24.11,nasa,0.9
2007-02-20,1.0,22.46,19.32,26.3,nasa,0.9
2007-02-21,0.0,22.15,18.02,27.58,nasa,0.89
2007-02-22,0.0,21.3,15.16,27.53,nasa,0.89
2007-02-23,0.0,21.15,15.16,26.87,nasa,0.88
2007-02-24,3.38,21.79,16.83,26.67,nasa,0.88
2007-02-25,3.84,21.59,17.42,26.41,nasa,0.88
2007-02-26,1.22,20.75,16.57,25.77,nasa,0.87
2007-02-27,2.02,21.0,18.82,23.49,nasa,0.87
2007-02-28,0.14,22.11,17.82,26.77,nasa,0.87
2007-03-01,0.01,20.48,15.53,24.43,nasa,0.86
2007-03-02,0.0,21.97,17.26,27.58,nasa,0.86
2007-03-03,0.0,22.14,17.44,27.41,nasa,0.85
2007-03-04,0.0,21.54,16.79,27.05,nasa,0.85
2007-03-05,0.0,21.7,16.13,27.11,nasa,0.84
2007-03-06,1.08,22.62,16.43,28.17,nasa,0.84
2007-03-07,0.34,23.12,18.71,27.55,nasa,0.83
2007-03-08,0.02,22.64,17.37,27.57,nasa,0.83
2007-03-09,0.21,22.76,17.55,27.81,nasa,0.82
2007-03-10,0.05,23.4,17.81,27.8,nasa,0.82
2007-03-11,0.15,22.37,16.18,27.5,nasa,0.81
2007-03-12,0.02,22.64,16.09,27.85,nasa,0.8
2007-03-13,0.11,22.74,17.9,27.19,nasa,0.8
2007-03-14,0.72,21.63,17.19,25.96,nasa,0.8
2007-03-15,0.1,22.33,17.37,26.77,nasa,0.79
2007-03-16,14.66,22.93,19.23,27.2,nasa,0.8
2007-03-17,10.34,21.62,19.11,24.82,nasa,0.82
2007-03-18,14.78,21.86,19.17,25.83,nasa,0.83
2007-03-19,6.99,21.53,18.98,25.18,nasa,0.84
2007-03-20,5.94,21.37,18.72,25.19,nasa,0.83
2007-03-21,10.41,21.9,19.07,25.77,nasa,0.84
2007-03-22,1.39,23.16,18.44,27.6,nasa,0.84
2007-03-23,0.23,23.03,19.76,27.7,nasa,0.83
2007-03-24,0.34,22.56,18.77,26.18,nasa,0.82
2007-03-25,0.34,22.17,19.41,25.72,nasa,0.82
2007-03-26,0.01,22.73,18.19,27.08,nasa,0.81
2007-03-27,0.03,23.08,17.84,28.0,nasa,0.81
2007-03-28,0.03,23.32,17.69,28.73,nasa,0.8
2007-03-29,0.22,22.84,17.39,28.54,nasa,0.79
2007-03-30,0.74,22.65,17.27,27.94,nasa,0.79
2007-03-31,0.01,22.99,16.74,28.66,nasa,0.79
2007-04-01,0.0,22.71,17.13,29.19,nasa,0.78
2007-04-02,0.02,22.05,16.06,28.16,nasa,0.77
2007-04-03,0.04,22.38,16.86,27.78,nasa,0.77
2007-04-04,1.07,23.14,18.93,28.25,nasa,0.77
2007-04-05,1.13,22.4,18.89,26.95,nasa,0.77
2007-04-06,0.21,20.36,18.07,24.18,nasa,0.77
2007-04-07,0.43,20.14,17.36,24.23,nasa,0.77
2007-04-08,19.16,20.92,17.58,25.82,nasa,0.78
2007-04-09,4.88,21.15,17.03,25.62,nasa,0.79
2007-04-10,0.84,21.49,17.42,26.44,nasa,0.79
2007-04-11,0.16,21.34,16.47,26.62,nasa,0.78
2007-04-12,0.03,21.48,16.61,26.34,nasa,0.78
2007-04-13,3.92,21.03,15.32,26.74,nasa,0.77
2007-04-14,1.15,20.86,16.19,26.19,nasa,0.77
2007-04-15,0.08,21.45,17.04,26.03,nasa,0.76
2007-04-16,1.3,21.1,16.69,26.07,nasa,0.76
2007-04-17,1.52,20.2,16.48,24.91,nasa,0.76
2007-04-18,0.19,20.57,15.88,25.98,nasa,0.76
2007-04-19,0.1,20.89,16.3,26.22,nasa,0.75
2007-04-20,8.11,21.31,16.55,26.34,nasa,0.75
2007-04-21,3.98,20.16,17.66,23.16,nasa,0.76
2007-04-22,4.52,21.01,17.13,25.16,nasa,0.76
2007-04-23,0.06,21.97,18.3,25.9,nasa,0.76
2007-04-24,0.07,21.46,16.41,26.11,nasa,0.76
2007-04-25,0.52,22.09,16.86,26.72,nasa,0.75
2007-04-26,3.63,21.82,16.75,26.57,nasa,0.75
2007-04-27,0.93,20.74,15.77,24.65,nasa,0.75
2007-04-28,0.2,18.35,14.85,23.12,nasa,0.74
2007-04-29,0.02,17.59,15.61,20.57,nasa,0.74
2007-04-30,1.45,19.33,15.34,24.9,nasa,0.74
2007-05-01,0.41,18.1,13.34,24.48,nasa,0.74
2007-05-02,0.0,17.73,11.72,23.75,nasa,0.73
2007-05-03,0.01,18.6,11.77,25.86,nasa,0.73
2007-05-04,0.01,19.11,14.48,25.68,nasa,0.72
2007-05-05,0.0,17.87,13.3,24.01,nasa,0.72
2007-05-06,2.38,17.9,11.55,23.51,nasa,0.72
2007-05-07,13.4,19.43,14.16,24.68,nasa,0.74
2007-05-08,0.05,20.23,13.59,26.24,nasa,0.73
2007-05-09,0.9,17.09,10.32,23.67,nasa,0.73
2007-05-10,0.07,14.23,8.82,21.0,nasa,0.73
2007-05-11,5.01,14.85,8.58,21.57,nasa,0.73
2007-05-12,0.0,16.5,9.64,23.0,nasa,0.73
2007-05-13,0.0,17.98,12.24,23.86,nasa,0.72
2007-05-14,0.05,18.26,11.75,25.23,nasa,0.72
2007-05-15,0.03,19.49,14.83,24.77,nasa,0.71
2007-05-16,0.03,19.33,13.73,25.24,nasa,0.71
2007-05-17,0.01,20.82,14.68,26.33,nasa,0.71
2007-05-18,0.05,20.22,15.25,26.09,nasa,0.7
2007-05-19,0.72,19.45,16.03,23.54,nasa,0.7
2007-05-20,0.53,18.93,14.36,24.52,nasa,0.7
2007-05-21,0.04,18.99,14.93,23.37,nasa,0.7
2007-05-22,5.02,16.98,14.06,20.37,nasa,0.7
2007-05-23,29.1,17.44,14.94,21.18,nasa,0.73
2007-05-24,2.73,15.11,9.7,19.77,nasa,0.76
2007-05-25,0.0,12.12,6.65,19.72,nasa,0.74
2007-05-26,0.0,13.93,9.05,20.68,nasa,0.74
2007-05-27,5.06,14.64,10.28,19.52,nasa,0.73
2007-05-28,0.22,16.08,11.28,21.57,nasa,0.74
2007-05-29,0.1,15.69,11.23,21.1,nasa,0.73
2007-05-30,0.0,12.57,7.56,18.48,nasa,0.73
2007-05-31,0.0,13.09,7.46,20.66,nasa,0.72
2007-06-01,0.0,15.0,9.48,21.68,nasa,0.72
2007-06-02,3.3,17.65,12.12,24.25,nasa,0.72
2007-06-03,2.47,17.31,10.16,22.02,nasa,0.72
2007-06-04,0.0,12.67,6.66,19.19,nasa,0.72
2007-06-05,0.0,12.67,5.33,20.13,nasa,0.71
2007-06-06,0.0,14.82,7.27,21.8,nasa,0.71
2007-06-07,0.0,17.4,10.84,24.5,nasa,0.71
2007-06-08,0.0,18.13,12.15,25.01,nasa,0.71
2007-06-09,0.0,17.6,11.27,24.94,nasa,0.7
2007-06-10,0.0,17.13,10.61,23.77,nasa,0.7
2007-06-11,0.0,16.92,10.4,23.91,nasa,0.7
2007-06-12,0.0,16.76,10.39,23.84,nasa,0.69
2007-06-13,0.3,16.67,9.72,23.66,nasa,0.69
2007-06-14,0.01,17.97,11.93,24.9,nasa,0.69
2007-06-15,0.0,17.93,10.91,25.07,nasa,0.69
2007-06-16,0.0,18.78,12.92,26.31,nasa,0.68
2007-06-17,0.07,17.85,12.43,24.88,nasa,0.68
2007-06-18,0.0,17.83,11.31,25.23,nasa,0.68
2007-06-19,0.0,17.1,10.11,24.77,nasa,0.68
2007-06-20,0.07,16.05,9.34,22.93,nasa,0.68
2007-06-21,0.0,15.85,8.58,23.16,nasa,0.67
2007-06-22,0.0,16.74,10.52,23.72,nasa,0.67
2007-06-23,0.0,16.18,8.7,23.4,nasa,0.67
2007-06-24,0.0,17.62,12.37,24.58,nasa,0.67
2007-06-25,0.0,17.01,10.1,25.2,nasa,0.67
2007-06-26,0.0,17.38,12.81,23.98,nasa,0.67
2007-06-27,0.0,17.04,9.89,24.36,nasa,0.67
2007-06-28,0.0,18.4,11.42,24.95,nasa,0.66
2007-06-29,0.0,18.55,13.22,24.59,nasa,0.66
2007-06-30,0.0,17.86,13.0,24.36,nasa,0.66
2007-07-01,0.0,16.51,9.52,24.2,nasa,0.66
2007-07-02,0.0,16.09,9.03,23.43,nasa,0.66
2007-07-03,0.0,16.51,8.32,23.97,nasa,0.66
2007-07-04,0.0,16.44,8.14,24.21,nasa,0.65
2007-07-05,0.0,17.06,9.15,24.63,nasa,0.65
2007-07-06,0.0,17.77,10.6,24.65,nasa,0.65
2007-07-07,0.0,17.63,9.65,24.56,nasa,0.65
2007-07-08,0.0,17.49,9.25,25.16,nasa,0.65
2007-07-09,0.0,18.25,10.93,26.04,nasa,0.65
2007-07-10,0.0,18.06,10.41,25.81,nasa,0.65
2007-07-11,0.0,18.77,12.88,26.81,nasa,0.65
2007-07-12,0.0,17.65,12.23,24.87,nasa,0.64
2007-07-13,0.0,18.04,11.99,24.35,nasa,0.64
2007-07-14,0.0,19.29,11.88,25.57,nasa,0.64
2007-07-15,0.01,20.13,13.79,27.34,nasa,0.64
2007-07-16,1.14,19.23,13.34,26.0,nasa,0.64
2007-07-17,1.31,18.64,13.02,25.78,nasa,0.64
2007-07-18,4.08,18.05,13.51,24.47,nasa,0.65
2007-07-19,0.05,14.56,9.04,22.77,nasa,0.65
2007-07-20,0.0,15.84,6.89,24.62,nasa,0.65
2007-07-21,0.0,18.21,10.47,27.05,nasa,0.64
2007-07-22,0.0,18.69,10.2,27.64,nasa,0.64
2007-07-23,4.86,20.97,15.25,29.0,nasa,0.64
2007-07-24,23.83,19.67,15.34,24.36,nasa,0.67
2007-07-25,15.68,18.36,13.38,23.57,nasa,0.7
2007-07-26,0.16,13.77,9.72,19.85,nasa,0.7
2007-07-27,1.72,15.44,10.14,20.29,nasa,0.69
2007-07-28,1.86,16.15,11.1,23.21,nasa,0.69
2007-07-29,0.01,12.4,7.55,17.91,nasa,0.68
2007-07-30,0.0,11.42,4.96,19.59,nasa,0.68
2007-07-31,0.0,13.11,6.19,19.63,nasa,0.67
2007-08-01,0.0,15.75,8.38,23.3,nasa,0.67
2007-08-02,0.01,16.47,9.89,24.36,nasa,0.67
2007-08-03,0.0,16.54,8.99,24.42,nasa,0.66
2007-08-04,0.0,17.13,8.98,24.67,nasa,0.66
2007-08-05,0.0,18.58,12.72,25.86,nasa,0.65
2007-08-06,0.0,18.0,11.75,25.83,nasa,0.65
2007-08-07,0.0,18.15,10.36,26.28,nasa,0.65
2007-08-08,0.0,19.33,11.12,28.42,nasa,0.65
2007-08-09,0.0,18.72,11.43,26.92,nasa,0.64
2007-08-10,0.0,18.23,11.21,26.06,nasa,0.64
2007-08-11,0.0,18.65,10.54,26.96,nasa,0.64
2007-08-12,0.0,18.77,12.71,27.01,nasa,0.64
2007-08-13,0.0,18.81,13.04,26.46,nasa,0.64
2007-08-14,0.0,17.88,11.02,26.86,nasa,0.63
2007-08-15,0.0,17.98,10.75,26.44,nasa,0.63
2007-08-16,0.0,17.1,9.33,25.7,nasa,0.63
2007-08-17,0.0,17.28,9.06,26.74,nasa,0.63
2007-08-18,0.0,17.66,10.41,26.95,nasa,0.63
2007-08-19,0.0,18.58,10.84,26.88,nasa,0.63
2007-08-20,0.0,18.46,10.32,27.46,nasa,0.62
2007-08-21,0.0,18.59,11.36,27.45,nasa,0.62
2007-08-22,0.0,18.34,10.28,26.92,nasa,0.62
2007-08-23,0.0,18.9,10.64,27.72,nasa,0.62
2007-08-24,0.0,19.52,10.26,28.32,nasa,0.62
2007-08-25,0.0,20.49,11.39,29.65,nasa,0.62
2007-08-26,0.0,21.82,12.08,30.84,nasa,0.61
2007-08-27,0.0,23.23,16.99,32.37,nasa,0.61
2007-08-28,0.0,21.5,14.43,30.4,nasa,0.61
2007-08-29,0.0,21.33,14.06,29.88,nasa,0.61
2007-08-30,0.0,21.14,14.71,29.13,nasa,0.61
2007-08-31,0.0,21.14,14.72,29.07,nasa,0.61
2007-09-01,0.0,21.28,13.76,28.98,nasa,0.61
2007-09-02,0.52,23.1,16.04,30.18,nasa,0.61
2007-09-03,4.68,22.75,17.1,30.42,nasa,0.61
2007-09-04,0.32,21.83,15.48,29.91,nasa,0.61
2007-09-05,0.0,21.09,13.76,29.08,nasa,0.61
2007-09-06,0.6,21.45,14.26,28.98,nasa,0.61
2007-09-07,0.05,21.71,14.54,29.41,nasa,0.61
2007-09-08,0.0,21.06,13.69,29.52,nasa,0.6
2007-09-09,0.0,20.71,12.88,29.18,nasa,0.6
2007-09-10,0.0,20.53,12.65,29.31,nasa,0.6
2007-09-11,0.0,20.53,12.62,29.04,nasa,0.6
2007-09-12,0.0,20.6,12.64,28.58,nasa,0.6
2007-09-13,0.0,21.28,13.97,29.15,nasa,0.6
2007-09-14,0.0,21.52,12.34,29.8,nasa,0.6
2007-09-15,0.0,22.23,12.57,31.15,nasa,0.59
2007-09-16,0.0,22.78,13.64,32.37,nasa,0.59
2007-09-17,0.0,21.71,13.41,31.25,nasa,0.59
2007-09-18,0.0,22.3,14.03,31.46,nasa,0.59
2007-09-19,0.03,23.43,14.75,32.49,nasa,0.59
2007-09-20,0.01,25.36,16.53,34.97,nasa,0.59
2007-09-21,0.0,24.69,16.6,33.2,nasa,0.59
2007-09-22,0.0,25.0,16.3,33.91,nasa,0.59
2007-09-23,0.0,25.1,16.05,34.45,nasa,0.59
2007-09-24,0.01,26.01,16.73,36.7,nasa,0.59
2007-09-25,0.0,20.53,14.64,28.5,nasa,0.59
2007-09-26,0.06,19.85,12.59,28.27,nasa,0.59
2007-09-27,0.0,22.18,14.42,31.08,nasa,0.59
2007-09-28,0.3,23.75,16.18,32.62,nasa,0.59
2007-09-29,0.05,24.31,17.71,31.86,nasa,0.59
2007-09-30,1.3,21.98,15.98,29.08,nasa,0.59
2007-10-01,0.0,21.82,14.8,29.68,nasa,0.59
2007-10-02,0.0,21.42,13.21,29.87,nasa,0.59
2007-10-03,0.0,21.86,13.39,30.16,nasa,0.59
2007-10-04,0.0,22.46,13.0,31.4,nasa,0.59
2007-10-05,0.0,23.59,14.54,32.18,nasa,0.59
2007-10-06,0.0,24.63,15.45,33.0,nasa,0.59
2007-10-07,0.05,25.45,16.57,33.86,nasa,0.59
2007-10-08,0.02,25.76,18.76,33.68,nasa,0.59
2007-10-09,0.0,24.57,16.26,32.84,nasa,0.59
2007-10-10,0.0,24.61,16.31,33.15,nasa,0.59
2007-10-11,0.0,24.55,15.48,33.78,nasa,0.58
2007-10-12,0.0,24.97,16.4,33.59,nasa,0.58
2007-10-13,0.0,26.4,18.18,34.66,nasa,0.58
2007-10-14,0.33,27.42,21.99,34.25,nasa,0.58
2007-10-15,0.29,25.82,19.57,32.01,nasa,0.58
2007-10-16,0.0,27.46,19.44,35.2,nasa,0.58
2007-10-17,5.24,27.9,20.87,36.3,nasa,0.59
2007-10-18,6.05,23.09,19.51,27.28,nasa,0.6
2007-10-19,4.15,21.57,18.05,25.3,nasa,0.61
2007-10-20,0.01,24.73,17.54,32.67,nasa,0.61
2007-10-21,0.36,27.04,19.24,34.25,nasa,0.6
2007-10-22,11.02,23.67,20.25,28.12,nasa,0.61
2007-10-23,3.48,20.38,17.6,24.24,nasa,0.62
2007-10-24,27.35,18.81,17.19,21.36,nasa,0.64
2007-10-25,6.61,19.33,16.83,22.46,nasa,0.67
2007-10-26,0.39,22.5,16.82,28.75,nasa,0.66
2007-10-27,2.25,24.46,17.43,32.01,nasa,0.65
2007-10-28,1.29,23.63,18.81,29.78,nasa,0.64
2007-10-29,1.12,25.34,18.68,32.64,nasa,0.64
2007-10-30,3.26,25.83,19.96,32.84,nasa,0.63
2007-10-31,3.39,24.17,20.57,28.19,nasa,0.64
2007-11-01,8.86,25.74,19.76,33.94,nasa,0.64
2007-11-02,1.18,25.6,20.57,32.25,nasa,0.64
2007-11-03,7.33,24.76,19.69,29.71,nasa,0.64
2007-11-04,27.33,21.35,18.98,23.4,nasa,0.67
2007-11-05,12.25,20.95,16.43,26.75,nasa,0.69
2007-11-06,15.14,19.58,17.76,22.12,nasa,0.7
2007-11-07,2.86,21.58,16.8,26.53,nasa,0.7
2007-11-08,6.54,21.61,18.2,25.67,nasa,0.69
2007-11-09,11.51,20.34,18.27,23.7,nasa,0.7
2007-11-10,9.89,22.72,18.36,28.48,nasa,0.7
2007-11-11,2.53,23.8,17.63,29.23,nasa,0.69
2007-11-12,16.79,21.5,17.37,24.71,nasa,0.7
2007-11-13,0.68,20.37,16.22,25.87,nasa,0.7
2007-11-14,2.42,21.73,16.79,27.45,nasa,0.69
2007-11-15,1.64,21.73,18.55,25.51,nasa,0.69
2007-11-16,1.14,19.18,15.65,24.17,nasa,0.68
2007-11-17,0.05,20.86,14.48,27.84,nasa,0.67
2007-11-18,0.0,22.52,15.3,29.25,nasa,0.66
2007-11-19,9.28,22.15,17.52,26.6,nasa,0.66
2007-11-20,2.48,23.33,18.6,29.11,nasa,0.67
2007-11-21,0.07,22.37,16.26,29.63,nasa,0.66
2007-11-22,3.73,18.02,13.38,22.21,nasa,0.66
2007-11-23,1.01,20.8,13.81,27.76,nasa,0.66
2007-11-24,8.72,23.18,16.1,29.18,nasa,0.66
2007-11-25,4.04,21.97,19.09,25.85,nasa,0.67
2007-11-26,15.55,23.0,18.79,27.45,nasa,0.68
2007-11-27,2.48,23.48,18.26,29.29,nasa,0.69
2007-11-28,0.0,21.76,14.76,29.44,nasa,0.67
2007-11-29,2.36,20.98,13.79,28.09,nasa,0.66
2007-11-30,0.25,22.17,14.78,29.17,nasa,0.66
2007-12-01,0.0,23.51,16.14,30.96,nasa,0.65
2007-12-02,0.0,24.42,17.63,31.86,nasa,0.64
2007-12-03,0.2,24.92,17.83,32.18,nasa,0.64
2007-12-04,5.92,25.15,18.44,32.45,nasa,0.64
2007-12-05,4.92,23.88,20.93,27.41,nasa,0.65
2007-12-06,2.83,24.24,20.08,30.05,nasa,0.65
2007-12-07,7.79,24.11,19.68,29.4,nasa,0.65
2007-12-08,4.95,24.28,19.51,29.7,nasa,0.66
2007-12-09,7.02,24.7,20.24,29.51,nasa,0.66
2007-12-10,11.16,23.58,19.85,28.31,nasa,0.67
2007-12-11,2.32,22.86,19.39,27.39,nasa,0.68
2007-12-12,7.89,23.6,18.81,29.56,nasa,0.67
2007-12-13,17.8,21.64,17.85,26.95,nasa,0.69
2007-12-14,11.45,20.83,17.26,25.7,nasa,0.7
2007-12-15,1.24,22.36,16.34,28.57,nasa,0.7
2007-12-16,0.92,22.53,16.0,29.01,nasa,0.68
2007-12-17,0.52,22.82,17.55,28.87,nasa,0.67
2007-12-18,1.79,22.91,16.58,29.08,nasa,0.66
2007-12-19,38.96,21.56,17.8,25.05,nasa,0.69
2007-12-20,5.57,21.88,18.64,24.74,nasa,0.72
2007-12-21,4.77,20.28,17.81,23.05,nasa,0.72
2007-12-22,5.18,20.75,18.32,23.36,nasa,0.71
2007-12-23,8.71,20.88,18.35,23.36,nasa,0.72
2007-12-24,2.29,20.51,17.75,23.82,nasa,0.72
2007-12-25,0.08,21.79,17.77,26.4,nasa,0.71
2007-12-26,0.0,21.72,16.66,26.36,nasa,0.7
2007-12-27,0.0,22.4,14.59,28.88,nasa,0.69
2007-12-28,1.93,23.73,17.49,29.56,nasa,0.68
2007-12-29,0.02,23.68,16.67,30.63,nasa,0.67
2007-12-30,0.0,24.02,16.0,31.35,nasa,0.66
2007-12-31,0.02,26.12,18.53,32.87,nasa,0.65
2008-01-01,0.11,25.63,19.51,32.03,nasa,0.65
2008-01-02,0.01,23.87,17.26,30.16,nasa,0.64
2008-01-03,0.26,25.48,17.2,32.86,nasa,0.64
2008-01-04,0.02,25.01,17.11,32.02,nasa,0.64
2008-01-05,13.97,23.65,20.38,27.2,nasa,0.64
2008-01-06,16.72,22.38,20.03,25.95,nasa,0.67
2008-01-07,3.95,21.66,18.1,26.22,nasa,0.69
2008-01-08,2.87,22.76,17.75,28.46,nasa,0.68
2008-01-09,4.97,22.74,17.27,27.91,nasa,0.68
2008-01-10,6.88,23.84,19.05,29.15,nasa,0.68
2008-01-11,25.54,22.75,20.17,26.7,nasa,0.69
2008-01-12,13.9,23.13,19.76,27.25,nasa,0.73
2008-01-13,8.99,21.56,19.73,23.89,nasa,0.73
2008-01-14,6.35,21.13,17.7,24.97,nasa,0.73
2008-01-15,0.16,20.54,16.63,25.87,nasa,0.72
2008-01-16,1.59,21.23,15.93,26.24,nasa,0.71
2008-01-17,12.76,22.85,16.48,27.9,nasa,0.7
2008-01-18,11.92,23.06,19.13,27.06,nasa,0.72
2008-01-19,5.89,23.66,19.84,28.34,nasa,0.72
2008-01-20,3.98,22.55,20.0,25.78,nasa,0.72
2008-01-21,25.92,20.98,18.71,24.32,nasa,0.73
2008-01-22,13.75,20.14,17.05,23.77,nasa,0.75
2008-01-23,2.16,19.44,16.3,23.36,nasa,0.76
2008-01-24,3.77,20.41,16.76,25.53,nasa,0.75
2008-01-25,4.35,21.85,16.97,26.38,nasa,0.74
2008-01-26,4.12,20.59,17.68,24.76,nasa,0.74
2008-01-27,6.03,19.42,16.43,23.44,nasa,0.73
2008-01-28,7.69,18.95,16.66,21.9,nasa,0.74
2008-01-29,26.83,20.25,16.65,24.66,nasa,0.75
2008-01-30,21.72,21.7,17.93,26.45,nasa,0.79
2008-01-31,1.78,23.09,18.96,27.58,nasa,0.78
2008-02-01,0.05,24.21,18.79,29.06,nasa,0.76
2008-02-02,7.33,23.65,18.9,27.94,nasa,0.75
2008-02-03,12.06,22.19,20.36,24.55,nasa,0.76
2008-02-04,25.79,21.61,18.32,24.33,nasa,0.79
2008-02-05,7.83,19.91,16.54,24.14,nasa,0.8
2008-02-06,17.2,19.62,17.15,22.94,nasa,0.8
2008-02-07,16.88,20.53,17.54,23.55,nasa,0.82
2008-02-08,0.3,22.68,18.02,27.88,nasa,0.81
2008-02-09,5.28,22.89,17.13,27.61,nasa,0.8
2008-02-10,0.82,22.75,20.4,25.06,nasa,0.79
2008-02-11,0.28,23.07,18.15,28.12,nasa,0.79
2008-02-12,2.76,23.3,18.11,27.88,nasa,0.78
2008-02-13,4.4,23.92,19.06,27.47,nasa,0.78
2008-02-14,1.79,23.4,18.28,27.57,nasa,0.78
2008-02-15,1.02,22.8,18.9,27.28,nasa,0.77
2008-02-16,1.9,21.82,17.32,25.86,nasa,0.77
2008-02-17,0.23,22.0,17.08,26.74,nasa,0.76
2008-02-18,3.23,23.43,20.11,27.01,nasa,0.76
2008-02-19,2.24,23.38,19.88,27.49,nasa,0.75
2008-02-20,10.74,23.32,18.18,28.47,nasa,0.76
2008-02-21,10.04,21.56,19.44,24.07,nasa,0.77
2008-02-22,6.48,22.62,18.05,27.32,nasa,0.78
2008-02-23,9.79,22.77,19.54,26.68,nasa,0.78
2008-02-24,21.08,21.75,18.38,25.89,nasa,0.8
2008-02-25,9.92,21.33,17.73,25.59,nasa,0.81
2008-02-26,0.95,22.14,17.43,27.13,nasa,0.8
2008-02-27,1.23,21.54,17.24,26.16,nasa,0.79
2008-02-28,0.06,20.11,16.66,24.49,nasa,0.78
2008-02-29,5.09,20.26,16.61,24.33,nasa,0.78
2008-03-01,24.27,22.05,19.21,26.15,nasa,0.8
2008-03-02,1.2,22.33,17.49,27.8,nasa,0.81
2008-03-03,2.55,22.54,17.21,28.52,nasa,0.79
2008-03-04,0.79,22.13,16.39,28.3,nasa,0.78
2008-03-05,1.4,22.49,16.29,28.66,nasa,0.78
2008-03-06,0.01,23.05,16.59,28.63,nasa,0.77
2008-03-07,5.16,23.15,18.41,27.88,nasa,0.76
2008-03-08,1.11,23.1,20.04,27.95,nasa,0.76
2008-03-09,1.09,22.64,19.26,26.51,nasa,0.76
2008-03-10,1.43,23.31,18.79,27.73,nasa,0.76
2008-03-11,8.22,21.65,18.95,25.76,nasa,0.76
2008-03-12,11.86,22.45,19.04,26.59,nasa,0.77
2008-03-13,17.09,22.53,19.41,26.7,nasa,0.78
2008-03-14,23.57,20.4,17.16,24.58,nasa,0.81
2008-03-15,42.94,18.4,16.35,21.22,nasa,0.84
2008-03-16,33.48,19.55,16.65,22.23,nasa,0.88
2008-03-17,14.41,20.62,17.06,25.1,nasa,0.89
2008-03-18,2.1,21.51,18.03,26.62,nasa,0.86
2008-03-19,0.04,20.74,16.1,25.91,nasa,0.85
2008-03-20,1.76,21.26,16.81,25.61,nasa,0.83
2008-03-21,0.1,21.23,16.82,26.09,nasa,0.83
2008-03-22,0.08,20.75,17.15,25.13,nasa,0.82
2008-03-23,1.06,21.79,18.49,26.05,nasa,0.82
2008-03-24,0.53,22.25,18.43,26.49,nasa,0.82
2008-03-25,0.72,21.97,17.65,26.81,nasa,0.81
2008-03-26,20.81,21.12,17.41,25.47,nasa,0.82
2008-03-27,8.41,21.4,18.15,25.65,nasa,0.84
2008-03-28,0.25,21.57,16.54,26.61,nasa,0.83
2008-03-29,0.51,21.26,16.16,27.17,nasa,0.82
2008-03-30,0.14,20.36,15.94,25.71,nasa,0.81
2008-03-31,0.0,19.15,13.74,24.72,nasa,0.81
2008-04-01,0.0,19.95,14.42,25.54,nasa,0.8
2008-04-02,0.07,19.87,14.96,25.01,nasa,0.8
2008-04-03,4.28,21.09,17.53,25.83,nasa,0.8
2008-04-04,8.94,19.97,17.17,24.14,nasa,0.8
2008-04-05,6.5,19.3,16.34,23.38,nasa,0.81
2008-04-06,26.67,19.23,16.52,22.13,nasa,0.83
2008-04-07,11.11,20.37,18.27,22.91,nasa,0.85
2008-04-08,7.39,22.35,18.74,25.87,nasa,0.85
2008-04-09,0.65,22.08,18.67,25.86,nasa,0.85
2008-04-10,13.09,22.54,18.24,26.85,nasa,0.84
2008-04-11,0.09,22.01,18.45,26.84,nasa,0.85
2008-04-12,1.15,21.74,17.35,26.41,nasa,0.84
2008-04-13,2.24,22.22,18.22,27.54,nasa,0.83
2008-04-14,13.27,20.97,18.99,23.88,nasa,0.84
2008-04-15,13.5,20.24,17.46,23.78,nasa,0.86
2008-04-16,3.61,20.41,15.96,25.64,nasa,0.86
2008-04-17,2.17,21.33,17.51,26.34,nasa,0.85
2008-04-18,1.53,21.03,16.83,26.38,nasa,0.85
2008-04-19,1.79,18.97,15.97,23.11,nasa,0.84
2008-04-20,10.96,19.05,16.55,22.63,nasa,0.85
2008-04-21,11.02,19.76,16.58,24.42,nasa,0.86
2008-04-22,5.26,19.82,16.48,24.52,nasa,0.86
2008-04-23,1.33,19.78,15.44,25.04,nasa,0.86
2008-04-24,0.09,19.77,15.88,25.04,nasa,0.85
2008-04-25,0.05,19.1,14.23,24.49,nasa,0.84
2008-04-26,0.0,19.28,13.27,24.77,nasa,0.84
2008-04-27,0.0,20.24,14.17,25.18,nasa,0.83
2008-04-28,10.06,19.57,13.04,25.67,nasa,0.84
2008-04-29,3.16,20.99,14.9,26.75,nasa,0.84
2008-04-30,1.22,19.36,14.7,24.03,nasa,0.84
2008-05-01,1.52,15.72,14.16,17.52,nasa,0.84
2008-05-02,15.73,16.98,13.82,20.54,nasa,0.84
2008-05-03,8.84,18.57,12.81,23.12,nasa,0.86
2008-05-04,0.19,15.61,10.15,22.13,nasa,0.85
2008-05-05,6.53,15.95,12.09,21.1,nasa,0.85
2008-05-06,0.0,14.51,9.92,20.44,nasa,0.85
2008-05-07,3.7,13.69,7.11,20.96,nasa,0.85
2008-05-08,1.57,13.9,7.87,21.24,nasa,0.84
2008-05-09,0.0,15.62,9.14,22.36,nasa,0.84
2008-05-10,0.11,16.7,12.77,21.66,nasa,0.84
2008-05-11,0.03,16.99,13.25,21.86,nasa,0.83
2008-05-12,0.04,15.8,13.24,19.05,nasa,0.83
2008-05-13,0.03,15.45,13.3,18.53,nasa,0.83
2008-05-14,0.0,16.52,10.67,21.89,nasa,0.83
2008-05-15,0.0,17.61,13.14,22.53,nasa,0.83
2008-05-16,0.0,18.04,13.97,23.37,nasa,0.82
2008-05-17,0.01,17.21,14.46,20.88,nasa,0.82
2008-05-18,0.01,18.55,13.88,23.65,nasa,0.82
2008-05-19,0.0,18.69,13.85,24.23,nasa,0.82
2008-05-20,0.0,18.34,12.19,24.44,nasa,0.81
2008-05-21,15.5,18.09,11.7,23.85,nasa,0.81
2008-05-22,0.14,18.88,14.0,23.68,nasa,0.83
2008-05-23,0.0,17.73,11.37,23.64,nasa,0.82
2008-05-24,0.0,17.25,11.97,23.45,nasa,0.82
2008-05-25,0.0,16.82,11.19,22.99,nasa,0.81
2008-05-26,0.0,17.77,11.98,23.86,nasa,0.81
2008-05-27,0.0,17.95,10.93,23.97,nasa,0.8
2008-05-28,0.0,17.3,11.69,23.71,nasa,0.8
2008-05-29,0.28,18.5,12.96,24.51,nasa,0.8
2008-05-30,0.75,18.04,13.92,22.35,nasa,0.8
2008-05-31,3.91,14.89,11.24,19.63,nasa,0.8
2008-06-01,4.82,13.44,10.89,17.24,nasa,0.81
2008-06-02,0.97,14.95,11.31,20.45,nasa,0.81
2008-06-03,0.57,15.96,11.98,21.56,nasa,0.81
2008-06-04,1.42,16.84,12.74,22.05,nasa,0.8
2008-06-05,0.16,18.45,13.01,23.61,nasa,0.8
2008-06-06,0.0,18.35,11.98,24.32,nasa,0.8
2008-06-07,0.0,19.1,13.21,24.16,nasa,0.79
2008-06-08,0.0,17.74,12.74,23.61,nasa,0.79
2008-06-09,0.0,17.25,10.55,23.44,nasa,0.79
2008-06-10,0.0,17.97,13.03,24.22,nasa,0.79
2008-06-11,0.0,18.87,13.66,24.48,nasa,0.78
2008-06-12,0.0,18.42,13.82,23.56,nasa,0.78
2008-06-13,0.0,18.8,14.19,23.77,nasa,0.78
2008-06-14,0.0,17.22,12.1,23.36,nasa,0.78
2008-06-15,0.02,18.39,12.76,24.74,nasa,0.77
2008-06-16,0.08,15.94,11.59,20.18,nasa,0.77
2008-06-17,0.0,14.98,10.16,20.72,nasa,0.77
2008-06-18,0.0,16.96,12.0,23.16,nasa,0.77
2008-06-19,0.0,17.65,13.09,23.35,nasa,0.77
2008-06-20,0.0,17.89,11.79,23.7,nasa,0.76
2008-06-21,0.05,18.91,13.68,25.25,nasa,0.76
2008-06-22,0.1,17.87,14.54,22.28,nasa,0.76
2008-06-23,2.31,16.13,13.02,20.95,nasa,0.76
2008-06-24,1.89,15.81,12.02,20.35,nasa,0.76
2008-06-25,0.1,15.84,12.81,20.84,nasa,0.77
2008-06-26,0.0,14.91,10.33,21.05,nasa,0.76
2008-06-27,0.0,15.69,11.24,20.84,nasa,0.76
2008-06-28,0.0,15.35,9.88,21.4,nasa,0.76
2008-06-29,0.0,15.5,10.13,21.44,nasa,0.75
2008-06-30,0.0,16.3,9.79,22.19,nasa,0.75
2008-07-01,0.0,16.55,8.94,23.35,nasa,0.75
2008-07-02,0.0,16.25,8.67,23.14,nasa,0.75
2008-07-03,0.03,16.21,11.12,22.35,nasa,0.74
2008-07-04,0.01,15.01,10.52,22.19,nasa,0.74
2008-07-05,2.69,15.05,9.92,21.6,nasa,0.74
2008-07-06,2.71,14.66,8.81,21.84,nasa,0.75
2008-07-07,0.0,14.7,8.46,21.68,nasa,0.74
2008-07-08,0.0,14.04,7.48,21.44,nasa,0.74
2008-07-09,0.0,13.42,6.22,20.81,nasa,0.74
2008-07-10,0.0,14.05,8.34,21.03,nasa,0.74
2008-07-11,0.0,14.46,9.69,21.25,nasa,0.73
2008-07-12,0.0,14.83,10.77,21.6,nasa,0.73
2008-07-13,0.0,13.5,8.93,20.83,nasa,0.73
2008-07-14,0.0,12.11,6.39,19.82,nasa,0.73
2008-07-15,0.0,13.03,6.18,21.27,nasa,0.73
2008-07-16,0.0,12.83,6.0,20.63,nasa,0.72
2008-07-17,0.0,13.47,5.82,21.08,nasa,0.72
2008-07-18,0.0,16.68,10.51,23.15,nasa,0.72
2008-07-19,0.0,17.03,10.91,23.76,nasa,0.72
2008-07-20,0.0,15.98,9.17,23.36,nasa,0.71
2008-07-21,0.06,15.88,7.7,23.75,nasa,0.71
2008-07-22,1.22,16.06,9.08,23.51,nasa,0.71
2008-07-23,0.0,17.7,10.93,25.34,nasa,0.71
2008-07-24,0.0,18.08,11.41,25.04,nasa,0.71
2008-07-25,0.0,18.17,12.27,25.76,nasa,0.7
2008-07-26,0.0,16.45,11.69,23.59,nasa,0.7
2008-07-27,0.0,16.5,9.79,23.72,nasa,0.7
2008-07-28,0.0,17.55,9.59,24.98,nasa,0.7
2008-07-29,0.0,16.55,9.13,24.41,nasa,0.69
2008-07-30,0.0,15.59,7.74,23.84,nasa,0.69
2008-07-31,0.0,17.04,10.45,24.88,nasa,0.69
2008-08-01,0.0,18.44,10.8,25.62,nasa,0.69
2008-08-02,0.0,18.47,11.78,26.09,nasa,0.68
2008-08-03,0.71,19.3,13.01,26.83,nasa,0.68
2008-08-04,0.25,18.47,14.01,22.69,nasa,0.68
2008-08-05,2.49,18.85,14.23,25.16,nasa,0.68
2008-08-06,0.09,19.94,14.72,26.57,nasa,0.68
2008-08-07,7.92,20.11,14.06,26.21,nasa,0.68
2008-08-08,0.3,20.29,15.74,25.91,nasa,0.69
2008-08-09,12.51,19.16,15.07,23.7,nasa,0.7
2008-08-10,0.5,19.08,14.89,25.01,nasa,0.71
2008-08-11,0.01,18.82,13.02,25.67,nasa,0.7
2008-08-12,0.0,19.41,12.34,26.11,nasa,0.7
2008-08-13,0.0,19.39,12.93,26.43,nasa,0.69
2008-08-14,0.03,18.22,11.34,25.48,nasa,0.68
2008-08-15,0.01,18.47,11.5,25.58,nasa,0.68
2008-08-16,0.0,19.13,11.16,26.3,nasa,0.68
2008-08-17,0.0,19.17,11.87,26.2,nasa,0.67
2008-08-18,0.03,18.98,11.27,26.87,nasa,0.67
2008-08-19,0.11,18.42,11.24,26.71,nasa,0.67
2008-08-20,0.0,18.18,10.84,26.23,nasa,0.66
2008-08-21,0.0,18.7,10.51,26.08,nasa,0.66
2008-08-22,0.0,18.96,11.78,27.04,nasa,0.66
2008-08-23,0.02,18.9,13.49,25.84,nasa,0.66
2008-08-24,0.0,19.33,13.99,26.1,nasa,0.65
2008-08-25,0.0,20.09,12.81,26.53,nasa,0.65
2008-08-26,0.0,20.59,14.42,28.77,nasa,0.65
2008-08-27,0.0,18.99,13.02,28.03,nasa,0.65
2008-08-28,0.0,19.05,10.95,28.87,nasa,0.64
2008-08-29,0.28,21.45,14.39,30.3,nasa,0.64
2008-08-30,8.86,16.95,11.37,25.45,nasa,0.65
2008-08-31,0.19,15.99,10.09,23.85,nasa,0.66
2008-09-01,0.01,17.95,10.88,26.13,nasa,0.65
2008-09-02,0.03,18.78,9.07,27.59,nasa,0.65
2008-09-03,0.0,19.84,9.89,28.88,nasa,0.65
2008-09-04,0.0,22.09,13.36,29.98,nasa,0.64
2008-09-05,0.0,21.39,12.49,31.29,nasa,0.64
2008-09-06,0.0,21.76,13.05,31.94,nasa,0.64
2008-09-07,1.39,21.82,16.05,29.77,nasa,0.63
2008-09-08,1.71,22.08,18.13,28.1,nasa,0.64
2008-09-09,0.1,21.75,15.0,29.51,nasa,0.64
2008-09-10,0.09,22.54,15.52,30.9,nasa,0.63
2008-09-11,0.0,23.77,14.96,32.23,nasa,0.63
2008-09-12,0.0,23.54,14.8,31.94,nasa,0.63
2008-09-13,0.03,22.41,14.31,30.23,nasa,0.62
2008-09-14,0.94,21.24,15.92,28.9,nasa,0.62
2008-09-15,0.68,21.32,14.7,28.77,nasa,0.62
2008-09-16,1.34,19.61,14.81,25.0,nasa,0.62
2008-09-17,0.48,17.93,12.69,25.29,nasa,0.63
2008-09-18,0.05,17.19,12.39,24.36,nasa,0.62
2008-09-19,0.0,18.05,10.88,26.34,nasa,0.62
2008-09-20,21.93,18.88,11.47,27.44,nasa,0.63
2008-09-21,16.18,18.58,15.21,23.25,nasa,0.68
2008-09-22,0.0,15.52,10.99,21.38,nasa,0.68
2008-09-23,0.0,15.96,7.64,24.42,nasa,0.67
2008-09-24,0.0,16.89,9.61,25.31,nasa,0.66
2008-09-25,0.39,18.56,11.13,26.43,nasa,0.65
2008-09-26,14.41,17.25,12.91,23.38,nasa,0.66
2008-09-27,3.14,17.71,12.09,24.59,nasa,0.68
2008-09-28,0.08,17.34,11.15,25.18,nasa,0.67
2008-09-29,0.0,18.27,9.94,26.5,nasa,0.66
2008-09-30,0.0,21.15,12.24,29.2,nasa,0.65
2008-10-01,9.39,24.61,18.33,31.99,nasa,0.65
2008-10-02,3.31,20.54,17.8,24.09,nasa,0.66
2008-10-03,0.16,22.87,16.51,29.24,nasa,0.66
2008-10-04,2.59,22.26,18.15,26.4,nasa,0.66
2008-10-05,3.18,22.98,17.49,29.3,nasa,0.66
2008-10-06,1.73,22.36,17.27,29.63,nasa,0.66
2008-10-07,5.25,20.42,15.99,26.14,nasa,0.66
2008-10-08,1.05,19.55,14.99,24.98,nasa,0.66
2008-10-09,0.55,17.06,13.19,21.72,nasa,0.66
2008-10-10,0.05,18.94,12.17,26.4,nasa,0.65
2008-10-11,0.1,20.16,12.91,27.82,nasa,0.65
2008-10-12,0.01,21.87,14.98,29.2,nasa,0.64
2008-10-13,0.0,24.03,16.06,31.12,nasa,0.64
2008-10-14,0.0,25.04,18.3,31.78,nasa,0.63
2008-10-15,0.01,26.43,18.98,33.81,nasa,0.63
2008-10-16,0.23,26.82,19.71,34.86,nasa,0.62
2008-10-17,4.52,22.9,19.49,27.54,nasa,0.62
2008-10-18,5.28,23.31,18.06,29.32,nasa,0.63
2008-10-19,18.21,20.72,18.19,25.0,nasa,0.65
2008-10-20,3.32,20.41,15.82,26.19,nasa,0.67
2008-10-21,1.18,20.37,16.36,24.62,nasa,0.66
2008-10-22,1.02,22.33,16.54,28.67,nasa,0.66
2008-10-23,0.22,23.8,16.04,30.4,nasa,0.65
2008-10-24,0.0,24.27,16.43,31.83,nasa,0.64
2008-10-25,0.02,25.26,17.46,32.94,nasa,0.64
2008-10-26,0.0,25.8,16.77,34.16,nasa,0.63
2008-10-27,2.08,26.43,18.44,35.14,nasa,0.62
2008-10-28,4.94,25.0,20.13,30.81,nasa,0.63
2008-10-29,27.27,23.68,18.65,29.04,nasa,0.65
2008-10-30,3.67,23.65,20.37,28.69,nasa,0.68
2008-10-31,0.23,22.89,18.61,28.15,nasa,0.67
2008-11-01,0.03,22.17,16.51,28.39,nasa,0.66
2008-11-02,3.78,23.47,18.55,27.96,nasa,0.66
2008-11-03,1.96,24.72,19.82,31.17,nasa,0.65
2008-11-04,36.29,23.62,18.68,28.71,nasa,0.67
2008-11-05,5.32,22.5,19.45,26.1,nasa,0.71
2008-11-06,10.21,23.94,18.79,30.13,nasa,0.7
2008-11-07,2.1,22.0,19.18,25.43,nasa,0.7
2008-11-08,2.26,23.54,18.99,28.96,nasa,0.69
2008-11-09,3.25,24.31,19.11,30.64,nasa,0.68
2008-11-10,10.79,22.33,18.23,27.2,nasa,0.68
2008-11-11,3.66,21.38,15.98,27.29,nasa,0.69
2008-11-12,7.85,20.24,16.92,24.32,nasa,0.69
2008-11-13,6.74,21.02,16.7,25.1,nasa,0.69
2008-11-14,11.47,21.84,18.87,26.57,nasa,0.7
2008-11-15,1.36,23.91,18.03,29.14,nasa,0.7
2008-11-16,0.29,23.61,18.01,29.17,nasa,0.69
2008-11-17,6.33,22.24,17.96,26.03,nasa,0.68
2008-11-18,5.14,20.53,17.91,23.66,nasa,0.68
2008-11-19,3.74,20.67,16.04,26.7,nasa,0.69
2008-11-20,0.1,19.63,13.23,26.33,nasa,0.68
2008-11-21,2.24,19.47,13.23,25.92,nasa,0.67
2008-11-22,0.73,19.64,14.69,25.28,nasa,0.67
2008-11-23,0.76,20.51,15.06,26.41,nasa,0.66
2008-11-24,4.38,21.04,16.22,26.67,nasa,0.66
2008-11-25,2.88,21.17,16.22,27.33,nasa,0.66
2008-11-26,3.47,21.26,15.85,27.66,nasa,0.66
2008-11-27,9.21,21.66,17.65,27.04,nasa,0.66
2008-11-28,4.3,21.86,15.98,27.87,nasa,0.67
2008-11-29,4.23,21.45,16.65,26.85,nasa,0.67
2008-11-30,7.21,21.76,16.67,27.69,nasa,0.67
2008-12-01,0.43,23.18,16.47,29.19,nasa,0.67
2008-12-02,5.51,24.79,17.64,31.17,nasa,0.66
2008-12-03,4.67,22.92,16.33,28.46,nasa,0.67
2008-12-04,0.0,20.77,12.84,27.71,nasa,0.66
2008-12-05,0.0,21.4,14.2,28.85,nasa,0.65
2008-12-06,0.72,21.94,15.34,28.68,nasa,0.65
2008-12-07,2.85,23.28,16.11,30.18,nasa,0.64
2008-12-08,3.42,23.62,18.49,30.3,nasa,0.64
2008-12-09,0.06,24.44,17.07,32.92,nasa,0.64
2008-12-10,1.19,24.43,17.22,32.48,nasa,0.64
2008-12-11,3.57,22.8,19.23,27.32,nasa,0.63
2008-12-12,10.01,22.86,17.69,29.34,nasa,0.64
2008-12-13,1.69,21.24,15.97,27.06,nasa,0.65
2008-12-14,12.87,21.6,16.65,26.8,nasa,0.66
2008-12-15,24.06,21.23,18.51,25.38,nasa,0.69
2008-12-16,31.94,19.61,16.39,22.86,nasa,0.73
2008-12-17,5.33,20.93,16.51,26.18,nasa,0.75
2008-12-18,2.1,21.25,17.21,25.47,nasa,0.73
2008-12-19,3.12,21.11,17.35,24.41,nasa,0.72
2008-12-20,17.94,19.39,16.49,22.19,nasa,0.72
2008-12-21,6.63,20.37,15.59,25.89,nasa,0.73
2008-12-22,13.23,20.27,17.28,23.46,nasa,0.73
2008-12-23,6.12,20.91,16.85,25.85,nasa,0.74
2008-12-24,8.24,21.76,18.04,26.03,nasa,0.73
2008-12-25,16.21,21.1,18.11,23.82,nasa,0.74
2008-12-26,20.56,20.51,16.68,24.81,nasa,0.75
2008-12-27,19.53,19.78,17.44,22.82,nasa,0.79
2008-12-28,8.75,22.8,17.87,27.92,nasa,0.78
2008-12-29,11.38,23.57,18.0,29.19,nasa,0.78
2008-12-30,5.67,23.91,18.89,29.05,nasa,0.77
2008-12-31,19.4,22.2,19.76,24.45,nasa,0.78
2009-01-01,0.21,22.76,19.86,26.3,nasa,0.78
2009-01-02,2.6,21.64,18.0,26.01,nasa,0.77
2009-01-03,8.32,22.4,19.34,26.46,nasa,0.77
2009-01-04,16.68,21.0,16.66,24.45,nasa,0.78
2009-01-05,1.79,19.21,15.91,23.51,nasa,0.78
2009-01-06,0.14,20.96,15.22,26.44,nasa,0.77
2009-01-07,0.2,21.76,15.92,26.73,nasa,0.76
2009-01-08,0.04,22.7,16.51,28.1,nasa,0.74
2009-01-09,2.57,23.5,18.41,28.49,nasa,0.74
2009-01-10,0.95,21.85,18.58,25.31,nasa,0.74
2009-01-11,0.0,22.13,17.22,28.08,nasa,0.73
2009-01-12,0.0,23.01,16.74,28.51,nasa,0.72
2009-01-13,0.91,23.98,17.83,29.47,nasa,0.71
2009-01-14,9.68,22.15,19.99,24.66,nasa,0.72
2009-01-15,16.59,23.25,18.36,27.96,nasa,0.74
2009-01-16,10.48,21.98,19.32,25.78,nasa,0.75
2009-01-17,14.8,22.01,18.83,26.14,nasa,0.77
2009-01-18,7.91,21.86,19.06,25.45,nasa,0.78
2009-01-19,1.56,22.88,19.1,27.45,nasa,0.77
2009-01-20,25.8,22.47,19.16,26.17,nasa,0.78
2009-01-21,18.35,21.93,18.61,25.48,nasa,0.8
2009-01-22,7.34,21.41,18.44,25.47,nasa,0.81
2009-01-23,6.42,20.24,16.64,24.12,nasa,0.8
2009-01-24,6.76,20.95,16.69,25.5,nasa,0.8
2009-01-25,5.35,21.47,17.98,25.37,nasa,0.79
2009-01-26,15.51,20.74,19.13,22.84,nasa,0.8
2009-01-27,12.11,20.4,18.75,23.22,nasa,0.82
2009-01-28,15.96,21.8,18.71,25.65,nasa,0.82
2009-01-29,15.06,22.1,19.42,25.68,nasa,0.84
2009-01-30,10.79,23.38,19.39,27.19,nasa,0.84
2009-01-31,8.9,23.07,19.67,26.62,nasa,0.84
2009-02-01,4.18,24.45,19.6,29.94,nasa,0.83
2009-02-02,11.15,22.47,19.9,26.15,nasa,0.83
2009-02-03,6.77,22.29,19.82,25.88,nasa,0.83
2009-02-04,4.8,23.01,18.38,26.79,nasa,0.83
2009-02-05,3.79,23.74,19.17,28.08,nasa,0.83
2009-02-06,10.98,24.29,18.83,28.93,nasa,0.83
2009-02-07,2.52,24.36,19.51,28.71,nasa,0.83
2009-02-08,19.43,23.2,19.57,27.43,nasa,0.83
2009-02-09,20.0,23.6,20.37,27.37,nasa,0.86
2009-02-10,34.87,23.0,19.31,27.0,nasa,0.87
2009-02-11,12.83,22.72,20.29,25.55,nasa,0.89
2009-02-12,21.31,22.0,17.48,25.46,nasa,0.89
2009-02-13,21.72,19.68,16.86,22.96,nasa,0.91
2009-02-14,39.56,20.57,18.08,24.15,nasa,0.92
2009-02-15,18.71,20.98,18.87,23.45,nasa,0.93
2009-02-16,0.22,21.44,18.31,26.2,nasa,0.92
2009-02-17,0.21,22.44,17.28,27.59,nasa,0.9
2009-02-18,3.02,22.24,17.28,27.46,nasa,0.9
2009-02-19,0.43,21.81,17.51,27.02,nasa,0.89
2009-02-20,0.0,22.16,16.88,26.86,nasa,0.88
2009-02-21,0.0,22.47,18.27,26.54,nasa,0.88
2009-02-22,10.6,23.38,19.56,26.18,nasa,0.88
2009-02-23,3.67,23.27,18.33,27.8,nasa,0.89
2009-02-24,14.89,22.2,20.4,25.36,nasa,0.89
2009-02-25,5.77,22.55,19.03,26.29,nasa,0.9
2009-02-26,5.46,22.21,18.84,25.55,nasa,0.9
2009-02-27,0.41,23.04,18.57,26.44,nasa,0.89
2009-02-28,0.01,23.93,18.63,28.32,nasa,0.89
2009-03-01,0.0,24.09,19.11,28.9,nasa,0.88
2009-03-02,0.0,23.74,17.56,29.47,nasa,0.87
2009-03-03,0.19,25.12,19.96,29.96,nasa,0.86
2009-03-04,1.91,25.03,20.77,29.2,nasa,0.86
2009-03-05,4.77,25.07,20.43,29.67,nasa,0.86
2009-03-06,0.91,25.17,22.25,28.73,nasa,0.86
2009-03-07,2.04,23.93,20.72,27.49,nasa,0.86
2009-03-08,0.14,22.44,18.14,27.08,nasa,0.85
2009-03-09,5.35,22.36,19.25,26.34,nasa,0.85
2009-03-10,0.43,22.12,19.22,25.95,nasa,0.85
2009-03-11,2.7,21.83,18.71,24.94,nasa,0.85
2009-03-12,2.4,22.69,18.37,26.47,nasa,0.85
2009-03-13,2.79,23.06,19.93,27.01,nasa,0.85
2009-03-14,1.25,22.69,19.67,26.51,nasa,0.85
2009-03-15,2.64,21.9,18.76,26.35,nasa,0.84
2009-03-16,1.81,21.61,17.66,26.62,nasa,0.84
2009-03-17,6.79,20.57,17.96,24.91,nasa,0.84
2009-03-18,4.3,22.09,17.62,27.08,nasa,0.85
2009-03-19,2.25,21.55,18.52,26.12,nasa,0.85
2009-03-20,0.01,21.49,16.64,26.37,nasa,0.84
2009-03-21,5.48,21.21,17.85,24.76,nasa,0.83
2009-03-22,5.72,21.07,18.05,25.98,nasa,0.84
2009-03-23,3.59,21.46,17.77,26.49,nasa,0.84
2009-03-24,5.75,20.87,18.71,24.16,nasa,0.85
2009-03-25,9.47,20.72,17.39,24.6,nasa,0.85
2009-03-26,2.13,20.48,15.48,25.52,nasa,0.85
2009-03-27,4.69,20.4,17.39,22.71,nasa,0.85
2009-03-28,19.79,21.12,19.01,24.6,nasa,0.86
2009-03-29,4.55,22.03,18.5,26.38,nasa,0.87
2009-03-30,11.66,21.75,18.65,25.44,nasa,0.86
2009-03-31,5.76,21.47,18.69,26.21,nasa,0.87
2009-04-01,0.37,21.45,16.38,27.11,nasa,0.86
2009-04-02,3.73,20.7,16.29,26.07,nasa,0.86
2009-04-03,0.17,19.6,15.28,24.95,nasa,0.85
2009-04-04,0.25,20.09,16.85,23.8,nasa,0.85
2009-04-05,4.2,21.7,18.29,25.56,nasa,0.85
2009-04-06,45.57,20.84,18.78,23.91,nasa,0.87
2009-04-07,6.28,21.48,18.62,25.39,nasa,0.88
2009-04-08,2.04,20.95,16.15,26.19,nasa,0.87
2009-04-09,0.1,20.67,15.74,25.65,nasa,0.86
2009-04-10,0.14,21.32,16.56,26.46,nasa,0.86
2009-04-11,0.46,21.24,16.48,26.36,nasa,0.85
2009-04-12,1.27,20.59,18.04,24.2,nasa,0.85
2009-04-13,35.57,20.81,18.16,24.32,nasa,0.86
2009-04-14,21.17,19.64,18.11,21.84,nasa,0.9
2009-04-15,4.87,19.08,16.59,21.62,nasa,0.89
2009-04-16,0.11,19.02,14.36,24.3,nasa,0.89
2009-04-17,0.01,18.46,13.87,24.16,nasa,0.88
2009-04-18,0.05,18.61,13.85,24.29,nasa,0.87
2009-04-19,0.03,18.15,11.43,24.5,nasa,0.87
2009-04-20,0.07,19.44,13.4,25.2,nasa,0.86
2009-04-21,0.06,18.77,14.6,23.76,nasa,0.86
2009-04-22,0.01,18.88,14.92,23.7,nasa,0.85
2009-04-23,1.32,18.42,12.45,23.91,nasa,0.85
2009-04-24,0.0,18.66,14.23,24.46,nasa,0.85
2009-04-25,0.0,18.68,13.58,23.79,nasa,0.84
2009-04-26,0.0,18.98,14.66,24.41,nasa,0.84
2009-04-27,0.0,18.93,14.3,24.44,nasa,0.84
2009-04-28,0.0,19.18,14.46,24.24,nasa,0.83
2009-04-29,0.0,19.16,14.3,24.16,nasa,0.83
2009-04-30,0.05,19.52,13.7,25.11,nasa,0.83
2009-05-01,2.26,17.87,13.07,23.56,nasa,0.82
2009-05-02,1.65,17.57,13.38,22.55,nasa,0.82
2009-05-03,0.7,17.72,13.95,22.65,nasa,0.82
2009-05-04,16.1,17.86,13.19,22.45,nasa,0.83
2009-05-05,3.39,18.4,14.46,22.64,nasa,0.85
2009-05-06,0.03,18.52,15.06,23.84,nasa,0.84
2009-05-07,0.0,18.98,13.58,24.63,nasa,0.83
2009-05-08,0.0,18.86,13.95,24.19,nasa,0.83
2009-05-09,1.7,19.01,14.02,24.32,nasa,0.82
2009-05-10,2.11,20.76,17.0,25.49,nasa,0.82
2009-05-11,0.56,19.66,14.59,25.15,nasa,0.82
2009-05-12,0.03,19.61,13.54,25.27,nasa,0.82
2009-05-13,0.0,18.73,12.6,24.81,nasa,0.81
2009-05-14,3.15,18.29,13.39,23.39,nasa,0.81
2009-05-15,4.8,19.02,16.16,23.34,nasa,0.82
2009-05-16,0.11,17.14,12.93,22.23,nasa,0.82
2009-05-17,0.0,17.3,11.96,23.0,nasa,0.81
2009-05-18,0.0,18.19,12.64,23.51,nasa,0.81
2009-05-19,0.0,17.35,12.04,23.56,nasa,0.8
2009-05-20,0.0,17.6,12.67,23.26,nasa,0.8
2009-05-21,0.0,17.27,13.4,22.61,nasa,0.8
2009-05-22,0.0,16.15,12.01,22.05,nasa,0.8
2009-05-23,0.0,16.11,10.04,22.11,nasa,0.79
2009-05-24,0.0,17.21,10.39,23.29,nasa,0.79
2009-05-25,0.01,17.68,12.1,23.88,nasa,0.79
2009-05-26,1.59,19.35,14.13,24.75,nasa,0.79
2009-05-27,0.27,20.33,15.56,25.42,nasa,0.79
2009-05-28,0.55,20.35,15.05,24.91,nasa,0.78
2009-05-29,0.26,19.18,15.78,23.92,nasa,0.78
2009-05-30,0.04,18.08,14.58,23.12,nasa,0.78
2009-05-31,0.74,18.43,15.96,22.73,nasa,0.78
2009-06-01,0.18,16.43,8.77,21.4,nasa,0.78
2009-06-02,0.0,10.73,5.64,17.74,nasa,0.78
2009-06-03,0.0,10.14,4.71,17.63,nasa,0.78
2009-06-04,0.0,12.78,5.94,20.58,nasa,0.77
2009-06-05,1.81,16.01,11.15,22.2,nasa,0.77
2009-06-06,0.87,16.47,10.37,23.57,nasa,0.77
2009-06-07,0.0,15.77,11.31,21.4,nasa,0.77
2009-06-08,0.02,14.38,11.52,18.2,nasa,0.77
2009-06-09,0.01,15.56,11.19,20.43,nasa,0.77
2009-06-10,3.05,16.68,12.28,22.05,nasa,0.77
2009-06-11,5.12,17.13,12.46,22.72,nasa,0.78
2009-06-12,4.68,16.12,13.14,19.77,nasa,0.78
2009-06-13,0.52,13.43,9.07,18.75,nasa,0.78
2009-06-14,0.0,13.1,8.91,19.28,nasa,0.78
2009-06-15,0.0,13.15,7.37,20.3,nasa,0.77
2009-06-16,0.03,15.12,8.84,22.06,nasa,0.77
2009-06-17,0.11,16.85,12.26,22.55,nasa,0.77
2009-06-18,0.0,14.07,8.4,20.32,nasa,0.77
2009-06-19,0.0,14.26,6.4,21.74,nasa,0.76
2009-06-20,0.0,15.73,9.28,22.62,nasa,0.76
2009-06-21,0.0,15.66,10.89,22.14,nasa,0.76
2009-06-22,0.0,15.22,7.74,21.86,nasa,0.75
2009-06-23,0.0,15.82,10.64,21.8,nasa,0.75
2009-06-24,0.01,17.5,10.34,23.65,nasa,0.75
2009-06-25,1.21,17.36,12.2,22.87,nasa,0.75
2009-06-26,2.35,17.48,13.67,22.59,nasa,0.75
2009-06-27,10.1,16.82,12.89,20.87,nasa,0.76
2009-06-28,2.25,18.06,13.17,23.1,nasa,0.77
2009-06-29,0.07,16.79,11.78,22.93,nasa,0.76
2009-06-30,0.0,16.83,11.09,23.54,nasa,0.76
2009-07-01,0.01,18.29,12.34,24.89,nasa,0.75
2009-07-02,0.04,19.28,15.09,24.78,nasa,0.75
2009-07-03,1.31,18.66,14.65,23.38,nasa,0.75
2009-07-04,0.01,17.9,12.71,23.68,nasa,0.74
2009-07-05,0.0,16.98,12.88,22.61,nasa,0.74
2009-07-06,0.0,17.13,12.85,21.93,nasa,0.74
2009-07-07,0.0,16.76,11.82,22.24,nasa,0.74
2009-07-08,0.0,17.0,10.89,22.58,nasa,0.73
2009-07-09,0.0,17.66,13.21,22.67,nasa,0.73
2009-07-10,0.06,17.97,13.29,24.01,nasa,0.73
2009-07-11,7.56,18.36,14.06,24.46,nasa,0.73
2009-07-12,3.57,14.08,8.71,18.79,nasa,0.74
2009-07-13,0.0,13.26,5.15,20.78,nasa,0.74
2009-07-14,0.0,15.66,8.82,23.55,nasa,0.74
2009-07-15,0.0,15.86,10.52,22.4,nasa,0.73
2009-07-16,0.0,16.49,11.47,22.75,nasa,0.73
2009-07-17,0.0,16.51,9.11,23.09,nasa,0.73
2009-07-18,0.38,17.87,10.94,24.39,nasa,0.72
2009-07-19,1.36,17.19,11.78,23.61,nasa,0.72
2009-07-20,0.0,14.77,9.29,21.54,nasa,0.72
2009-07-21,0.0,16.32,10.51,23.0,nasa,0.72
2009-07-22,0.0,18.36,12.14,25.1,nasa,0.72
2009-07-23,0.04,19.45,14.31,25.39,nasa,0.71
2009-07-24,1.77,18.46,14.98,23.51,nasa,0.71
2009-07-25,0.61,18.45,14.52,23.75,nasa,0.71
2009-07-26,0.15,19.94,16.14,24.74,nasa,0.71
2009-07-27,0.26,20.89,16.53,25.93,nasa,0.71
2009-07-28,0.06,20.22,16.06,26.19,nasa,0.71
2009-07-29,0.04,20.2,14.29,27.78,nasa,0.7
2009-07-30,0.1,20.17,14.71,26.79,nasa,0.7
2009-07-31,0.01,18.86,13.06,25.28,nasa,0.7
2009-08-01,0.0,18.13,12.42,24.7,nasa,0.69
2009-08-02,0.0,18.42,11.8,25.87,nasa,0.69
2009-08-03,0.01,18.95,13.53,25.11,nasa,0.69
2009-08-04,0.0,20.22,13.29,26.8,nasa,0.69
2009-08-05,0.0,19.45,14.49,26.01,nasa,0.68
2009-08-06,0.0,19.7,13.53,26.74,nasa,0.68
2009-08-07,0.0,20.84,14.63,27.59,nasa,0.68
2009-08-08,0.0,19.44,12.66,26.5,nasa,0.68
2009-08-09,0.0,17.82,11.12,25.22,nasa,0.67
2009-08-10,0.0,18.73,11.82,27.11,nasa,0.67
2009-08-11,0.0,16.58,10.41,24.08,nasa,0.67
2009-08-12,0.0,17.25,10.8,25.02,nasa,0.67
2009-08-13,0.0,17.28,11.05,25.65,nasa,0.67
2009-08-14,0.0,16.6,8.65,24.71,nasa,0.66
2009-08-15,0.0,17.55,10.62,24.98,nasa,0.66
2009-08-16,0.0,18.08,11.88,24.98,nasa,0.66
2009-08-17,0.0,18.94,14.24,25.17,nasa,0.66
2009-08-18,1.3,18.56,13.4,25.33,nasa,0.66
2009-08-19,14.31,20.17,14.08,27.62,nasa,0.67
2009-08-20,5.58,20.66,15.72,27.0,nasa,0.69
2009-08-21,1.26,18.06,11.49,23.94,nasa,0.69
2009-08-22,0.03,16.12,10.09,23.37,nasa,0.68
2009-08-23,22.35,17.46,11.77,23.99,nasa,0.68
2009-08-24,4.41,18.94,16.13,23.26,nasa,0.72
2009-08-25,2.29,18.13,14.92,22.2,nasa,0.71
2009-08-26,0.07,16.76,13.25,21.55,nasa,0.71
2009-08-27,0.0,17.64,12.6,23.46,nasa,0.7
2009-08-28,0.0,18.46,12.08,25.32,nasa,0.69
2009-08-29,0.0,18.67,12.62,26.75,nasa,0.69
2009-08-30,0.0,18.09,11.64,27.49,nasa,0.68
2009-08-31,0.0,17.9,9.67,25.55,nasa,0.67
2009-09-01,0.01,21.16,14.91,27.5,nasa,0.67
2009-09-02,0.0,23.13,16.49,29.14,nasa,0.67
2009-09-03,0.2,22.91,15.14,29.64,nasa,0.66
2009-09-04,2.92,22.26,18.13,27.9,nasa,0.66
2009-09-05,1.32,21.89,16.75,28.59,nasa,0.66
2009-09-06,12.93,20.48,17.38,24.98,nasa,0.67
2009-09-07,0.06,22.02,17.36,28.48,nasa,0.68
2009-09-08,27.73,22.33,17.29,28.07,nasa,0.7
2009-09-09,5.6,21.29,17.29,25.69,nasa,0.72
2009-09-10,0.05,21.15,16.22,28.05,nasa,0.71
2009-09-11,0.0,20.54,14.3,27.16,nasa,0.7
2009-09-12,0.0,20.64,14.49,26.72,nasa,0.69
2009-09-13,0.0,22.18,14.79,28.03,nasa,0.68
2009-09-14,0.19,21.28,15.0,27.44,nasa,0.68
2009-09-15,5.02,21.39,16.43,27.92,nasa,0.67
2009-09-16,0.52,21.34,14.47,28.42,nasa,0.67
2009-09-17,0.0,21.5,14.09,29.12,nasa,0.67
2009-09-18,0.02,23.12,15.27,30.36,nasa,0.66
2009-09-19,0.26,24.15,17.66,30.79,nasa,0.66
2009-09-20,0.08,23.08,18.52,28.35,nasa,0.65
2009-09-21,21.71,21.23,18.86,24.36,nasa,0.67
2009-09-22,0.75,20.53,18.42,23.43,nasa,0.7
2009-09-23,11.77,20.7,17.9,24.06,nasa,0.7
2009-09-24,1.68,21.02,14.57,26.9,nasa,0.7
2009-09-25,0.02,18.69,12.42,25.56,nasa,0.69
2009-09-26,0.0,20.73,12.63,28.48,nasa,0.68
2009-09-27,0.0,22.73,15.4,30.05,nasa,0.68
2009-09-28,0.5,23.78,16.18,31.64,nasa,0.67
2009-09-29,5.97,23.04,16.23,29.26,nasa,0.67
2009-09-30,0.05,18.92,14.44,25.35,nasa,0.67
2009-10-01,0.03,19.97,12.55,27.68,nasa,0.66
2009-10-02,0.02,21.48,16.55,26.08,nasa,0.66
2009-10-03,9.47,22.97,17.29,28.94,nasa,0.66
2009-10-04,0.16,22.31,16.64,28.65,nasa,0.67
2009-10-05,0.0,21.78,17.92,26.09,nasa,0.67
2009-10-06,4.31,22.72,17.28,27.2,nasa,0.67
2009-10-07,3.7,23.17,19.11,27.97,nasa,0.67
2009-10-08,12.65,20.48,16.09,25.22,nasa,0.68
2009-10-09,6.77,18.56,14.75,23.96,nasa,0.69
2009-10-10,1.15,19.07,12.24,26.13,nasa,0.69
2009-10-11,0.14,20.46,13.59,27.37,nasa,0.68
2009-10-12,0.32,22.8,15.62,29.93,nasa,0.67
2009-10-13,0.05,23.18,18.81,28.05,nasa,0.67
2009-10-14,10.26,22.46,19.15,26.39,nasa,0.67
2009-10-15,4.16,22.39,18.47,28.21,nasa,0.68
2009-10-16,0.39,23.28,17.34,29.0,nasa,0.68
2009-10-17,6.12,20.67,17.21,25.35,nasa,0.67
2009-10-18,3.6,22.73,18.14,28.64,nasa,0.68
2009-10-19,20.7,22.22,18.96,26.42,nasa,0.69
2009-10-20,3.45,22.61,19.13,27.17,nasa,0.71
2009-10-21,14.29,23.07,18.13,28.85,nasa,0.71
2009-10-22,6.11,21.93,18.63,25.24,nasa,0.72
2009-10-23,0.06,23.09,17.29,29.67,nasa,0.71
2009-10-24,0.86,23.69,16.43,29.89,nasa,0.7
2009-10-25,8.9,21.78,19.03,26.36,nasa,0.69
2009-10-26,4.64,21.82,18.02,26.22,nasa,0.7
2009-10-27,3.63,21.24,18.61,25.41,nasa,0.71
2009-10-28,1.13,21.98,16.99,27.96,nasa,0.7
2009-10-29,9.63,21.14,17.05,26.33,nasa,0.7
2009-10-30,0.31,21.86,16.74,27.78,nasa,0.7
2009-10-31,0.1,21.83,16.19,28.2,nasa,0.69
2009-11-01,1.9,22.7,16.81,29.35,nasa,0.68
2009-11-02,0.3,24.49,17.55,31.53,nasa,0.67
2009-11-03,4.72,25.33,19.1,31.62,nasa,0.67
2009-11-04,2.48,24.2,19.08,30.11,nasa,0.67
2009-11-05,1.43,24.07,19.48,29.7,nasa,0.67
2009-11-06,0.08,23.21,19.33,27.51,nasa,0.66
2009-11-07,2.03,24.13,18.64,29.96,nasa,0.66
2009-11-08,3.6,22.59,19.31,27.41,nasa,0.66
2009-11-09,9.09,22.72,19.16,27.44,nasa,0.67
2009-11-10,9.01,24.43,19.44,29.94,nasa,0.68
2009-11-11,3.82,23.91,20.08,28.94,nasa,0.68
2009-11-12,2.23,23.83,19.71,28.43,nasa,0.68
2009-11-13,0.19,24.78,20.05,29.54,nasa,0.67
2009-11-14,0.0,25.23,20.22,30.44,nasa,0.67
2009-11-15,10.11,25.04,20.65,30.17,nasa,0.67
2009-11-16,0.58,24.26,19.94,30.08,nasa,0.67
2009-11-17,0.08,22.97,16.92,29.51,nasa,0.67
2009-11-18,0.0,23.48,16.46,30.74,nasa,0.66
2009-11-19,0.18,25.41,18.39,31.76,nasa,0.65
2009-11-20,1.86,25.25,20.29,30.58,nasa,0.65
2009-11-21,0.4,25.67,19.75,32.47,nasa,0.64
2009-11-22,0.02,25.34,18.44,31.62,nasa,0.64
2009-11-23,0.38,23.41,20.24,27.28,nasa,0.64
2009-11-24,1.08,22.57,19.49,26.25,nasa,0.64
2009-11-25,2.17,24.24,18.85,29.73,nasa,0.64
2009-11-26,1.26,24.58,19.44,30.56,nasa,0.64
2009-11-27,4.67,24.17,19.93,29.25,nasa,0.64
2009-11-28,10.58,23.03,20.65,26.26,nasa,0.65
2009-11-29,4.57,22.9,20.77,26.46,nasa,0.66
2009-11-30,4.93,23.0,19.81,27.89,nasa,0.67
2009-12-01,13.11,23.42,20.95,26.8,nasa,0.67
2009-12-02,11.74,23.74,19.4,28.49,nasa,0.69
2009-12-03,8.94,23.16,19.81,27.38,nasa,0.69
2009-12-04,9.59,21.79,17.17,26.11,nasa,0.7
2009-12-05,5.41,20.38,15.92,25.31,nasa,0.7
2009-12-06,16.9,20.26,15.67,24.05,nasa,0.7
2009-12-07,25.33,21.52,18.88,25.36,nasa,0.73
2009-12-08,20.09,21.95,19.03,25.82,nasa,0.75
2009-12-09,26.99,22.45,19.03,26.52,nasa,0.78
2009-12-10,8.35,21.87,19.62,25.27,nasa,0.78
2009-12-11,9.89,22.3,17.87,26.46,nasa,0.77
2009-12-12,0.41,23.06,17.93,28.24,nasa,0.76
2009-12-13,5.26,22.73,19.9,26.74,nasa,0.74
2009-12-14,4.01,19.9,18.28,22.53,nasa,0.74
2009-12-15,0.14,21.25,18.02,25.57,nasa,0.74
2009-12-16,2.91,21.58,17.96,25.76,nasa,0.73
2009-12-17,3.38,21.45,17.67,25.8,nasa,0.73
2009-12-18,1.26,21.87,17.38,26.7,nasa,0.73
2009-12-19,0.98,22.03,16.55,27.45,nasa,0.72
2009-12-20,1.44,22.9,16.29,28.45,nasa,0.71
2009-12-21,9.78,23.7,19.09,28.61,nasa,0.71
2009-12-22,6.89,23.31,19.46,27.26,nasa,0.72
2009-12-23,3.55,23.72,18.98,28.18,nasa,0.72
2009-12-24,9.48,23.06,19.53,26.85,nasa,0.72
2009-12-25,19.38,22.94,19.16,27.92,nasa,0.73
2009-12-26,20.32,23.52,19.38,28.1,nasa,0.76
2009-12-27,11.12,23.25,19.99,26.67,nasa,0.77
2009-12-28,17.57,22.75,20.49,25.99,nasa,0.77
2009-12-29,22.66,22.5,19.85,26.91,nasa,0.8
2009-12-30,11.94,22.75,20.36,26.44,nasa,0.8
2009-12-31,4.26,23.58,19.23,28.85,nasa,0.79
2010-01-01,8.39,21.54,19.04,25.26,nasa,0.79
2010-01-02,0.27,23.01,18.74,27.86,nasa,0.78
2010-01-03,0.0,23.23,17.92,28.85,nasa,0.76
2010-01-04,0.02,23.71,17.12,29.42,nasa,0.75
2010-01-05,2.16,23.49,19.68,27.64,nasa,0.74
2010-01-06,2.33,22.99,19.39,27.52,nasa,0.74
2010-01-07,13.12,23.14,19.48,26.98,nasa,0.75
2010-01-08,2.83,22.94,19.49,27.16,nasa,0.76
2010-01-09,0.26,23.78,19.43,28.14,nasa,0.75
2010-01-10,0.03,23.96,19.53,28.52,nasa,0.74
2010-01-11,0.08,24.19,18.22,29.92,nasa,0.73
2010-01-12,2.69,23.45,19.43,27.28,nasa,0.73
2010-01-13,1.53,23.81,19.79,27.55,nasa,0.73
2010-01-14,20.18,23.22,20.21,26.02,nasa,0.74
2010-01-15,13.59,22.11,19.67,24.8,nasa,0.77
2010-01-16,4.05,22.12,19.32,26.23,nasa,0.78
2010-01-17,1.03,22.73,18.82,26.51,nasa,0.77
2010-01-18,7.39,23.31,19.47,26.57,nasa,0.76
2010-01-19,1.74,23.25,18.61,28.17,nasa,0.76
2010-01-20,3.16,23.96,19.76,28.91,nasa,0.75
2010-01-21,14.85,22.9,19.39,26.86,nasa,0.76
2010-01-22,6.23,22.86,18.72,27.6,nasa,0.77
2010-01-23,5.58,21.06,18.4,25.2,nasa,0.77
2010-01-24,14.54,22.15,17.62,26.17,nasa,0.77
2010-01-25,8.23,22.03,20.18,24.99,nasa,0.78
2010-01-26,12.76,21.05,18.51,24.06,nasa,0.8
2010-01-27,2.85,21.36,18.41,25.39,nasa,0.79
2010-01-28,8.36,21.92,18.36,26.16,nasa,0.79
2010-01-29,0.33,22.4,19.52,26.32,nasa,0.79
2010-01-30,0.0,22.61,18.69,26.51,nasa,0.78
2010-01-31,0.07,22.75,19.0,26.21,nasa,0.77
2010-02-01,0.36,23.57,19.55,28.37,nasa,0.77
2010-02-02,13.87,23.45,17.7,28.32,nasa,0.77
2010-02-03,1.22,23.43,18.05,28.07,nasa,0.77
2010-02-04,8.53,23.89,18.82,28.94,nasa,0.77
2010-02-05,3.54,23.11,17.99,28.46,nasa,0.77
2010-02-06,0.58,22.27,17.25,27.27,nasa,0.76
2010-02-07,1.01,22.33,17.13,27.54,nasa,0.75
2010-02-08,0.26,23.17,17.07,28.87,nasa,0.74
2010-02-09,3.33,23.24,17.82,27.76,nasa,0.74
2010-02-10,3.81,23.01,18.55,27.36,nasa,0.74
2010-02-11,0.12,22.8,19.48,27.25,nasa,0.74
2010-02-12,0.0,22.99,19.21,28.53,nasa,0.73
2010-02-13,0.0,22.57,17.65,28.69,nasa,0.72
2010-02-14,0.01,23.66,18.15,29.5,nasa,0.72
2010-02-15,0.0,23.67,18.23,28.81,nasa,0.71
2010-02-16,0.1,24.5,18.22,30.18,nasa,0.71
2010-02-17,1.66,24.66,20.35,28.62,nasa,0.7
2010-02-18,14.87,21.74,19.24,24.31,nasa,0.72
2010-02-19,2.95,21.58,18.08,26.6,nasa,0.73
2010-02-20,3.45,22.56,17.41,28.1,nasa,0.72
2010-02-21,0.15,23.56,17.32,29.36,nasa,0.72
2010-02-22,1.4,23.84,18.98,29.3,nasa,0.71
2010-02-23,2.01,24.69,18.69,29.85,nasa,0.71
2010-02-24,4.36,25.28,21.13,29.89,nasa,0.7
2010-02-25,14.71,23.24,18.97,27.7,nasa,0.71
2010-02-26,7.96,21.62,18.12,26.53,nasa,0.73
2010-02-27,0.59,21.77,17.57,26.62,nasa,0.73
2010-02-28,12.46,20.8,18.14,24.68,nasa,0.73
2010-03-01,20.18,21.09,18.13,25.04,nasa,0.75
2010-03-02,9.79,19.9,16.78,24.28,nasa,0.77
2010-03-03,6.66,20.86,17.38,25.13,nasa,0.77
2010-03-04,5.56,22.5,18.68,27.38,nasa,0.76
2010-03-05,2.12,21.48,18.0,26.23,nasa,0.76
2010-03-06,11.08,21.47,17.77,26.33,nasa,0.76
2010-03-07,0.84,22.2,17.26,27.61,nasa,0.76
2010-03-08,0.0,21.55,15.78,27.64,nasa,0.74
2010-03-09,0.08,22.33,16.7,28.47,nasa,0.73
2010-03-10,0.07,22.68,17.65,29.12,nasa,0.72
2010-03-11,0.0,22.62,15.99,29.17,nasa,0.71
2010-03-12,0.38,23.62,17.19,29.89,nasa,0.7
2010-03-13,2.35,24.22,19.89,29.49,nasa,0.7
2010-03-14,14.28,23.59,19.9,27.5,nasa,0.71
2010-03-15,2.1,22.71,20.09,25.5,nasa,0.73
2010-03-16,5.24,21.61,18.21,24.57,nasa,0.73
2010-03-17,0.58,21.3,17.56,26.22,nasa,0.73
2010-03-18,0.11,21.6,17.05,26.95,nasa,0.72
2010-03-19,13.52,22.06,17.76,26.66,nasa,0.72
2010-03-20,10.51,22.52,17.19,27.87,nasa,0.74
2010-03-21,11.61,22.85,18.78,27.43,nasa,0.75
2010-03-22,6.89,22.62,18.97,27.67,nasa,0.75
2010-03-23,0.29,23.26,19.76,28.06,nasa,0.75
2010-03-24,2.67,23.22,19.35,27.91,nasa,0.74
2010-03-25,1.85,22.68,18.16,27.63,nasa,0.73
2010-03-26,0.22,22.28,18.95,26.23,nasa,0.73
2010-03-27,0.32,22.61,17.79,27.82,nasa,0.72
2010-03-28,0.77,22.42,17.27,27.57,nasa,0.71
2010-03-29,4.09,22.82,17.44,28.02,nasa,0.71
2010-03-30,1.98,22.46,18.85,26.2,nasa,0.71
2010-03-31,3.55,22.25,19.02,25.66,nasa,0.71
2010-04-01,1.04,21.33,18.94,24.34,nasa,0.72
2010-04-02,3.36,21.42,18.54,25.9,nasa,0.72
2010-04-03,8.25,19.91,18.34,22.2,nasa,0.72
2010-04-04,22.04,21.03,18.27,24.8,nasa,0.75
2010-04-05,14.66,21.76,17.73,26.47,nasa,0.77
2010-04-06,5.25,18.52,13.21,23.72,nasa,0.77
2010-04-07,0.07,16.17,11.29,22.62,nasa,0.76
2010-04-08,0.05,15.42,11.04,21.69,nasa,0.74
2010-04-09,0.03,16.17,11.36,22.63,nasa,0.74
2010-04-10,0.0,17.0,11.56,23.05,nasa,0.73
2010-04-11,0.1,17.51,12.54,23.44,nasa,0.72
2010-04-12,0.08,17.49,12.86,23.16,nasa,0.72
2010-04-13,0.0,18.24,13.59,23.68,nasa,0.71
2010-04-14,0.0,18.54,13.29,25.06,nasa,0.71
2010-04-15,0.0,19.17,14.14,24.83,nasa,0.7
2010-04-16,0.01,19.91,14.08,25.49,nasa,0.7
2010-04-17,0.0,20.09,13.53,26.45,nasa,0.7
2010-04-18,0.0,19.59,14.26,25.45,nasa,0.69
2010-04-19,0.0,21.13,15.54,27.01,nasa,0.69
2010-04-20,0.0,21.22,14.19,27.08,nasa,0.68
2010-04-21,0.0,21.37,15.54,26.18,nasa,0.68
2010-04-22,0.0,22.41,18.85,27.39,nasa,0.68
2010-04-23,0.1,23.47,17.94,29.39,nasa,0.68
2010-04-24,0.6,22.7,19.64,26.18,nasa,0.68
2010-04-25,0.01,23.34,19.15,28.5,nasa,0.67
2010-04-26,0.0,21.88,16.11,27.77,nasa,0.67
2010-04-27,0.3,22.69,16.53,29.54,nasa,0.67
2010-04-28,0.41,21.82,18.26,27.34,nasa,0.67
2010-04-29,3.3,20.54,15.88,26.36,nasa,0.67
2010-04-30,1.2,19.48,15.6,25.55,nasa,0.67
2010-05-01,0.03,18.1,13.75,24.91,nasa,0.67
2010-05-02,0.0,19.29,13.4,26.03,nasa,0.66
2010-05-03,0.0,20.05,14.2,26.86,nasa,0.66
2010-05-04,0.0,19.64,12.91,26.21,nasa,0.66
2010-05-05,0.0,20.24,14.07,27.26,nasa,0.66
2010-05-06,0.41,22.05,16.28,28.26,nasa,0.65
2010-05-07,0.21,21.78,14.65,28.73,nasa,0.65
2010-05-08,6.31,21.05,14.62,28.44,nasa,0.65
2010-05-09,6.39,18.21,14.28,21.77,nasa,0.66
2010-05-10,0.38,16.2,13.06,20.86,nasa,0.67
2010-05-11,2.56,16.61,11.77,21.62,nasa,0.67
2010-05-12,0.07,15.81,9.22,21.71,nasa,0.67
2010-05-13,0.0,13.27,5.55,21.8,nasa,0.66
2010-05-14,0.0,15.74,9.49,23.88,nasa,0.66
2010-05-15,0.0,18.21,11.94,25.74,nasa,0.66
2010-05-16,0.0,18.76,12.94,27.37,nasa,0.65
2010-05-17,0.0,18.14,12.7,25.12,nasa,0.65
2010-05-18,0.24,19.12,13.88,26.89,nasa,0.65
2010-05-19,12.24,18.29,15.12,22.22,nasa,0.66
2010-05-20,0.43,15.04,10.58,21.14,nasa,0.67
2010-05-21,0.0,15.32,8.62,22.45,nasa,0.67
2010-05-22,0.0,16.79,11.37,24.28,nasa,0.66
2010-05-23,0.0,17.04,10.89,24.87,nasa,0.66
2010-05-24,0.0,19.07,12.31,26.56,nasa,0.66
2010-05-25,0.52,20.59,15.24,25.9,nasa,0.65
2010-05-26,0.1,19.7,14.51,26.56,nasa,0.65
2010-05-27,0.03,18.05,13.4,24.55,nasa,0.65
2010-05-28,0.0,18.08,12.98,24.5,nasa,0.65
2010-05-29,0.0,18.88,13.67,24.66,nasa,0.64
2010-05-30,0.21,19.63,15.35,25.64,nasa,0.64
2010-05-31,0.24,18.27,12.81,25.21,nasa,0.64
2010-06-01,0.02,16.31,11.68,23.26,nasa,0.64
2010-06-02,0.7,15.47,12.21,20.94,nasa,0.64
2010-06-03,0.04,16.02,11.67,21.94,nasa,0.64
2010-06-04,0.22,17.18,12.42,23.92,nasa,0.64
2010-06-05,8.33,16.35,11.6,22.87,nasa,0.65
2010-06-06,0.25,14.05,9.63,21.25,nasa,0.65
2010-06-07,0.0,14.22,6.76,23.11,nasa,0.65
2010-06-08,0.0,14.56,8.22,23.65,nasa,0.65
2010-06-09,0.01,15.47,9.48,23.85,nasa,0.64
2010-06-10,1.12,16.46,11.85,23.52,nasa,0.64
2010-06-11,0.13,16.18,12.0,22.83,nasa,0.64
2010-06-12,0.13,14.11,8.22,21.19,nasa,0.64
2010-06-13,0.06,12.12,6.49,20.81,nasa,0.64
2010-06-14,0.09,14.01,8.09,21.71,nasa,0.64
2010-06-15,0.15,14.44,7.3,22.66,nasa,0.64
2010-06-16,0.0,16.26,8.71,24.57,nasa,0.64
2010-06-17,0.0,17.3,10.66,27.38,nasa,0.63
2010-06-18,0.0,17.54,8.11,27.4,nasa,0.63
2010-06-19,0.0,16.57,8.59,26.33,nasa,0.63
2010-06-20,0.0,17.95,11.22,27.6,nasa,0.63
2010-06-21,0.0,19.5,11.66,28.96,nasa,0.63
2010-06-22,0.03,19.34,11.52,28.68,nasa,0.62
2010-06-23,0.03,18.65,13.96,24.54,nasa,0.62
2010-06-24,0.0,19.01,13.38,26.25,nasa,0.62
2010-06-25,0.0,17.99,11.39,25.97,nasa,0.62
2010-06-26,0.0,17.08,9.86,26.67,nasa,0.62
2010-06-27,0.0,16.21,10.41,24.24,nasa,0.62
2010-06-28,0.0,17.51,11.18,25.3,nasa,0.62
2010-06-29,0.0,16.57,8.69,26.25,nasa,0.62
2010-06-30,0.0,15.23,9.47,24.02,nasa,0.62
2010-07-01,0.0,15.68,8.09,25.27,nasa,0.62
2010-07-02,0.0,15.72,9.21,24.8,nasa,0.62
2010-07-03,0.0,16.17,9.25,25.18,nasa,0.61
2010-07-04,0.0,17.04,10.81,25.21,nasa,0.61
2010-07-05,0.0,17.39,10.98,25.33,nasa,0.61
2010-07-06,0.0,18.53,12.79,26.27,nasa,0.61
2010-07-07,0.0,15.53,8.11,23.66,nasa,0.61
2010-07-08,0.0,17.08,8.62,24.9,nasa,0.61
2010-07-09,0.0,17.87,10.11,25.53,nasa,0.61
2010-07-10,0.0,18.5,12.44,25.95,nasa,0.61
2010-07-11,0.02,18.73,13.16,25.72,nasa,0.61
2010-07-12,5.52,20.18,15.39,26.26,nasa,0.61
2010-07-13,0.48,20.19,15.19,26.77,nasa,0.62
2010-07-14,6.57,20.4,15.44,26.81,nasa,0.62
2010-07-15,0.46,18.43,13.37,25.34,nasa,0.63
2010-07-16,0.01,19.37,13.81,26.57,nasa,0.62
2010-07-17,0.0,18.74,14.47,25.51,nasa,0.62
2010-07-18,0.0,18.91,13.92,25.57,nasa,0.62
2010-07-19,0.0,18.3,13.24,25.01,nasa,0.62
2010-07-20,0.0,19.16,11.71,27.24,nasa,0.62
2010-07-21,0.0,19.57,12.21,27.63,nasa,0.61
2010-07-22,0.14,18.43,11.3,27.21,nasa,0.61
2010-07-23,0.0,20.26,13.09,28.87,nasa,0.61
2010-07-24,0.0,19.57,13.88,27.87,nasa,0.61
2010-07-25,0.0,17.42,12.05,25.42,nasa,0.61
2010-07-26,0.0,18.25,10.7,25.76,nasa,0.61
2010-07-27,0.0,18.62,13.36,26.37,nasa,0.6
2010-07-28,0.0,18.95,12.81,26.07,nasa,0.6
2010-07-29,0.0,19.33,13.07,26.55,nasa,0.6
2010-07-30,0.0,18.54,10.69,26.43,nasa,0.6
2010-07-31,0.0,18.47,10.91,26.84,nasa,0.6
2010-08-01,0.0,19.53,11.37,28.57,nasa,0.6
2010-08-02,0.0,19.82,12.31,28.44,nasa,0.6
2010-08-03,0.0,18.52,10.64,27.22,nasa,0.6
2010-08-04,0.0,19.13,12.01,26.85,nasa,0.6
2010-08-05,0.0,19.23,12.81,27.29,nasa,0.6
2010-08-06,0.0,16.6,10.86,25.42,nasa,0.59
2010-08-07,0.0,17.35,8.78,27.17,nasa,0.59
2010-08-08,0.0,19.49,11.2,29.82,nasa,0.59
2010-08-09,0.0,19.57,11.76,29.65,nasa,0.59
2010-08-10,0.0,18.29,12.07,27.27,nasa,0.59
2010-08-11,0.0,18.07,10.98,26.46,nasa,0.59
2010-08-12,0.0,18.2,11.19,26.92,nasa,0.59
2010-08-13,0.0,19.93,11.54,29.35,nasa,0.59
2010-08-14,0.0,19.61,12.52,28.19,nasa,0.59
2010-08-15,0.0,16.38,8.56,24.94,nasa,0.59
2010-08-16,0.0,13.19,6.73,22.17,nasa,0.59
2010-08-17,0.02,13.87,7.26,23.34,nasa,0.59
2010-08-18,0.0,14.34,6.25,24.69,nasa,0.59
2010-08-19,0.0,15.89,6.37,24.9,nasa,0.59
2010-08-20,0.0,17.83,7.93,26.96,nasa,0.59
2010-08-21,0.0,18.94,9.32,29.79,nasa,0.59
2010-08-22,0.0,19.37,9.28,29.89,nasa,0.59
2010-08-23,0.0,20.04,9.93,29.91,nasa,0.59
2010-08-24,0.0,20.82,10.77,30.29,nasa,0.59
2010-08-25,0.0,22.12,11.85,31.45,nasa,0.59
2010-08-26,0.0,21.93,12.61,31.45,nasa,0.59
2010-08-27,0.0,23.35,14.25,31.98,nasa,0.59
2010-08-28,0.0,22.59,13.26,32.16,nasa,0.59
2010-08-29,0.0,22.83,13.39,32.25,nasa,0.59
2010-08-30,0.0,22.67,14.09,31.8,nasa,0.58
2010-08-31,0.0,21.63,13.35,30.88,nasa,0.58
2010-09-01,0.0,20.92,13.67,29.89,nasa,0.58
2010-09-02,0.0,21.81,12.77,30.72,nasa,0.58
2010-09-03,0.57,22.67,13.17,32.42,nasa,0.59
2010-09-04,0.0,22.21,12.88,31.69,nasa,0.58
2010-09-05,0.0,23.5,14.61,33.51,nasa,0.58
2010-09-06,0.07,22.42,15.81,30.59,nasa,0.58
2010-09-07,1.93,20.74,14.94,28.67,nasa,0.59
2010-09-08,0.74,19.98,14.04,27.5,nasa,0.59
2010-09-09,0.0,19.63,11.36,28.53,nasa,0.59
2010-09-10,0.0,20.04,12.85,29.14,nasa,0.59
2010-09-11,0.0,19.81,11.76,30.05,nasa,0.59
2010-09-12,0.0,20.63,10.37,30.98,nasa,0.59
2010-09-13,0.0,20.95,11.73,31.42,nasa,0.59
2010-09-14,0.0,22.47,14.07,32.14,nasa,0.59
2010-09-15,0.01,24.3,15.03,33.21,nasa,0.58
2010-09-16,0.15,23.94,16.3,32.48,nasa,0.58
2010-09-17,0.32,25.69,16.24,34.22,nasa,0.58
2010-09-18,0.37,24.54,17.18,33.65,nasa,0.58
2010-09-19,0.03,21.29,13.94,30.36,nasa,0.58
2010-09-20,7.76,21.24,13.91,30.13,nasa,0.59
2010-09-21,0.03,21.79,15.68,29.91,nasa,0.6
2010-09-22,0.0,23.14,15.45,31.32,nasa,0.6
2010-09-23,0.07,24.06,15.89,32.1,nasa,0.59
2010-09-24,3.48,24.01,16.67,31.8,nasa,0.59
2010-09-25,3.07,22.71,17.97,29.35,nasa,0.6
2010-09-26,13.87,22.55,16.81,28.78,nasa,0.6
2010-09-27,9.84,22.33,17.5,30.07,nasa,0.64
2010-09-28,3.52,21.57,18.72,27.21,nasa,0.63
2010-09-29,1.15,22.53,18.18,28.08,nasa,0.63
2010-09-30,0.33,22.26,19.04,26.04,nasa,0.63
2010-10-01,11.37,22.71,19.55,27.53,nasa,0.63
2010-10-02,0.31,22.74,19.82,27.15,nasa,0.64
2010-10-03,0.09,20.98,16.27,27.0,nasa,0.63
2010-10-04,3.16,20.96,14.2,28.52,nasa,0.63
2010-10-05,3.51,22.96,17.71,28.99,nasa,0.63
2010-10-06,1.02,24.49,16.72,32.49,nasa,0.63
2010-10-07,16.47,21.73,18.7,24.88,nasa,0.63
2010-10-08,0.54,22.18,15.14,28.71,nasa,0.65
2010-10-09,0.0,19.05,11.61,27.83,nasa,0.64
2010-10-10,0.01,18.5,12.25,25.89,nasa,0.63
2010-10-11,0.97,17.95,12.39,24.44,nasa,0.63
2010-10-12,0.03,17.51,10.54,27.41,nasa,0.62
2010-10-13,0.0,19.4,10.45,28.63,nasa,0.62
2010-10-14,1.49,23.19,13.79,31.27,nasa,0.62
2010-10-15,0.24,22.33,18.67,26.2,nasa,0.62
2010-10-16,2.0,24.13,17.43,30.24,nasa,0.61
2010-10-17,3.65,24.79,18.85,30.78,nasa,0.62
2010-10-18,8.96,22.94,16.56,29.24,nasa,0.63
2010-10-19,0.18,20.69,13.73,29.53,nasa,0.63
2010-10-20,0.0,21.05,12.13,30.26,nasa,0.62
2010-10-21,0.0,22.11,12.53,31.78,nasa,0.62
2010-10-22,0.74,24.04,14.59,32.68,nasa,0.61
2010-10-23,1.72,23.58,20.54,28.16,nasa,0.61
2010-10-24,0.79,24.52,18.93,30.94,nasa,0.61
2010-10-25,7.66,24.57,19.19,30.49,nasa,0.61
2010-10-26,5.81,23.83,16.56,30.53,nasa,0.63
2010-10-27,0.02,20.85,12.93,29.96,nasa,0.62
2010-10-28,0.0,22.25,12.21,31.51,nasa,0.62
2010-10-29,0.0,24.11,13.82,33.97,nasa,0.61
2010-10-30,13.88,24.77,19.02,32.24,nasa,0.62
2010-10-31,6.44,23.51,20.92,27.86,nasa,0.63
2010-11-01,18.29,22.4,19.18,26.36,nasa,0.65
2010-11-02,7.53,20.09,16.8,24.26,nasa,0.67
2010-11-03,0.12,21.54,15.72,27.6,nasa,0.66
2010-11-04,0.72,22.89,15.39,29.85,nasa,0.65
2010-11-05,7.81,23.0,17.32,28.73,nasa,0.64
2010-11-06,20.82,21.48,18.46,25.21,nasa,0.67
2010-11-07,2.0,21.84,15.55,28.42,nasa,0.68
2010-11-08,4.83,22.83,16.36,29.32,nasa,0.66
2010-11-09,6.38,22.62,18.67,28.18,nasa,0.67
2010-11-10,4.22,21.94,17.4,26.64,nasa,0.66
2010-11-11,4.04,20.15,15.4,26.57,nasa,0.66
2010-11-12,5.03,19.98,13.9,27.13,nasa,0.66
2010-11-13,2.62,19.68,14.28,26.6,nasa,0.66
2010-11-14,4.36,18.68,13.97,25.31,nasa,0.66
2010-11-15,15.61,20.01,15.88,24.87,nasa,0.67
2010-11-16,12.03,19.44,16.76,22.4,nasa,0.69
2010-11-17,4.26,20.56,17.25,24.71,nasa,0.69
2010-11-18,0.13,21.32,15.85,28.12,nasa,0.68
2010-11-19,0.0,21.58,12.84,29.92,nasa,0.67
2010-11-20,0.34,25.07,18.08,32.74,nasa,0.65
2010-11-21,23.59,23.67,19.92,27.46,nasa,0.67
2010-11-22,11.89,21.04,18.97,23.56,nasa,0.7
2010-11-23,10.69,22.52,17.42,27.92,nasa,0.7
2010-11-24,4.77,23.42,18.27,28.88,nasa,0.7
2010-11-25,8.2,24.25,18.67,30.06,nasa,0.69
2010-11-26,2.79,23.93,18.23,28.97,nasa,0.69
2010-11-27,1.12,23.88,17.9,30.22,nasa,0.68
2010-11-28,0.49,23.8,17.38,30.61,nasa,0.67
2010-11-29,1.85,23.51,19.04,28.84,nasa,0.66
2010-11-30,8.07,23.17,19.67,27.15,nasa,0.66
2010-12-01,14.37,23.18,20.46,26.55,nasa,0.68
2010-12-02,13.58,23.28,20.8,27.33,nasa,0.7
2010-12-03,4.52,23.55,20.43,27.22,nasa,0.7
2010-12-04,1.37,24.69,20.1,30.16,nasa,0.7
2010-12-05,15.35,24.1,20.47,28.23,nasa,0.7
2010-12-06,1.25,22.94,20.74,26.07,nasa,0.71
2010-12-07,1.54,24.39,19.74,29.74,nasa,0.7
2010-12-08,3.18,24.19,20.3,29.35,nasa,0.69
2010-12-09,0.22,24.36,19.64,30.64,nasa,0.68
2010-12-10,0.06,23.9,17.1,30.28,nasa,0.67
2010-12-11,0.04,24.33,19.09,29.38,nasa,0.66
2010-12-12,5.77,25.38,20.14,30.42,nasa,0.66
2010-12-13,3.91,24.38,20.7,28.58,nasa,0.67
2010-12-14,16.83,23.5,19.4,28.51,nasa,0.67
2010-12-15,25.59,21.79,17.53,26.92,nasa,0.71
2010-12-16,24.53,21.71,18.86,26.2,nasa,0.76
2010-12-17,0.67,23.17,17.98,28.41,nasa,0.74
2010-12-18,3.38,22.7,18.58,26.86,nasa,0.72
2010-12-19,4.46,23.38,19.14,27.37,nasa,0.72
2010-12-20,0.13,24.61,19.6,29.91,nasa,0.71
2010-12-21,0.19,25.41,19.5,30.43,nasa,0.69
2010-12-22,8.67,23.95,19.64,28.44,nasa,0.69
2010-12-23,9.8,23.12,20.45,26.9,nasa,0.7
2010-12-24,6.87,21.92,19.59,25.22,nasa,0.71
2010-12-25,3.5,23.34,19.48,28.15,nasa,0.71
2010-12-26,3.71,23.74,20.16,27.98,nasa,0.71
2010-12-27,12.54,22.9,19.85,27.3,nasa,0.71
2010-12-28,6.57,22.78,19.22,27.09,nasa,0.72
2010-12-29,0.75,22.47,16.66,28.49,nasa,0.71
2010-12-30,1.13,22.27,17.57,27.85,nasa,0.7
2010-12-31,20.51,21.1,17.18,25.4,nasa,0.71
2011-01-01,8.25,21.34,18.98,24.21,nasa,0.73
2011-01-02,18.37,21.23,18.74,24.24,nasa,0.74
2011-01-03,35.91,20.87,19.17,24.12,nasa,0.77
2011-01-04,21.52,21.51,18.83,24.98,nasa,0.81
2011-01-05,14.6,22.68,19.91,26.8,nasa,0.81
2011-01-06,30.74,21.67,19.88,23.69,nasa,0.82
2011-01-07,21.07,20.81,19.13,22.74,nasa,0.84
2011-01-08,11.44,21.6,18.29,25.41,nasa,0.84
2011-01-09,0.66,21.44,17.98,26.33,nasa,0.82
2011-01-10,8.88,21.9,16.73,27.34,nasa,0.8
2011-01-11,11.54,22.01,19.35,25.4,nasa,0.81
2011-01-12,31.29,22.6,19.8,25.28,nasa,0.83
2011-01-13,61.45,22.34,20.16,24.82,nasa,0.88
2011-01-14,15.21,23.03,19.98,26.59,nasa,0.88
2011-01-15,5.84,23.96,20.61,27.83,nasa,0.87
2011-01-16,16.23,22.9,20.08,26.05,nasa,0.86
2011-01-17,5.85,22.34,20.02,24.61,nasa,0.87
2011-01-18,5.38,23.29,19.71,26.82,nasa,0.86
2011-01-19,1.49,22.49,19.82,25.04,nasa,0.86
2011-01-20,1.2,23.17,19.32,27.25,nasa,0.85
2011-01-21,0.12,23.56,19.45,28.99,nasa,0.85
2011-01-22,1.06,23.23,19.04,27.9,nasa,0.84
2011-01-23,0.21,23.67,18.62,28.41,nasa,0.83
2011-01-24,0.32,23.98,20.18,28.92,nasa,0.82
2011-01-25,0.05,22.58,17.38,27.8,nasa,0.82
2011-01-26,0.02,22.81,17.73,28.07,nasa,0.81
2011-01-27,0.03,23.52,18.08,27.96,nasa,0.8
2011-01-28,1.46,24.81,18.48,29.57,nasa,0.8
2011-01-29,0.58,24.91,21.05,28.92,nasa,0.79
2011-01-30,2.02,24.68,21.28,29.72,nasa,0.79
2011-01-31,6.15,23.22,20.39,26.46,nasa,0.79
2011-02-01,0.59,22.55,19.8,24.81,nasa,0.8
2011-02-02,4.1,22.94,18.85,26.49,nasa,0.8
2011-02-03,0.32,22.54,19.56,25.6,nasa,0.8
2011-02-04,0.06,22.83,18.57,27.41,nasa,0.8
2011-02-05,0.0,22.84,16.77,28.69,nasa,0.79
2011-02-06,0.0,23.25,17.9,28.0,nasa,0.78
2011-02-07,0.14,23.56,18.78,27.91,nasa,0.77
2011-02-08,0.0,23.0,18.31,27.89,nasa,0.77
2011-02-09,0.0,22.88,17.22,28.41,nasa,0.76
2011-02-10,0.02,23.21,17.5,28.72,nasa,0.75
2011-02-11,3.91,22.6,19.13,26.28,nasa,0.75
2011-02-12,11.5,22.29,19.24,24.77,nasa,0.77
2011-02-13,3.82,22.68,19.35,26.45,nasa,0.78
2011-02-14,7.02,23.74,19.06,28.39,nasa,0.78
2011-02-15,0.65,22.78,19.12,26.19,nasa,0.78
2011-02-16,17.3,22.72,18.52,27.01,nasa,0.78
2011-02-17,1.32,21.66,18.84,25.93,nasa,0.79
2011-02-18,0.37,21.47,18.02,25.43,nasa,0.78
2011-02-19,0.09,21.86,16.96,26.67,nasa,0.78
2011-02-20,0.17,22.49,17.3,27.68,nasa,0.77
2011-02-21,0.35,23.61,17.87,28.66,nasa,0.76
2011-02-22,10.87,23.4,18.98,27.25,nasa,0.76
2011-02-23,8.23,23.2,19.38,27.53,nasa,0.77
2011-02-24,2.16,22.76,19.33,26.41,nasa,0.78
2011-02-25,3.78,23.45,20.03,27.25,nasa,0.77
2011-02-26,14.47,23.7,19.06,27.99,nasa,0.78
2011-02-27,9.88,23.42,20.73,27.63,nasa,0.79
2011-02-28,14.8,22.6,20.77,25.27,nasa,0.79
2011-03-01,7.55,21.65,19.12,25.32,nasa,0.81
2011-03-02,17.67,20.37,17.47,24.14,nasa,0.81
2011-03-03,20.75,19.52,17.98,21.74,nasa,0.83
2011-03-04,28.43,19.44,17.0,22.72,nasa,0.85
2011-03-05,21.77,19.26,17.13,22.03,nasa,0.87
2011-03-06,17.74,19.43,17.08,22.74,nasa,0.88
2011-03-07,22.98,20.21,16.96,24.44,nasa,0.88
2011-03-08,9.11,19.32,16.92,22.0,nasa,0.89
2011-03-09,14.98,21.11,17.56,24.66,nasa,0.89
2011-03-10,1.25,22.08,17.22,27.39,nasa,0.88
2011-03-11,0.6,21.67,18.27,25.93,nasa,0.87
2011-03-12,18.75,21.83,19.19,24.9,nasa,0.88
2011-03-13,15.82,22.37,19.44,26.24,nasa,0.9
2011-03-14,16.21,22.69,18.58,27.36,nasa,0.9
2011-03-15,12.28,23.04,19.0,27.63,nasa,0.91
2011-03-16,2.69,22.24,19.62,26.36,nasa,0.9
2011-03-17,2.06,21.22,17.88,25.4,nasa,0.89
2011-03-18,1.45,21.91,17.93,26.33,nasa,0.89
2011-03-19,0.2,22.07,18.45,26.75,nasa,0.88
2011-03-20,0.01,20.1,16.6,24.73,nasa,0.88
2011-03-21,0.05,18.85,16.27,22.22,nasa,0.88
2011-03-22,0.02,19.37,16.99,22.67,nasa,0.87
2011-03-23,0.12,19.52,16.87,22.74,nasa,0.87
2011-03-24,0.18,20.6,17.13,24.23,nasa,0.87
2011-03-25,1.83,22.45,18.02,26.92,nasa,0.86
2011-03-26,0.65,23.14,17.55,28.18,nasa,0.86
2011-03-27,3.21,22.5,19.71,26.42,nasa,0.86
2011-03-28,2.67,21.44,19.58,23.26,nasa,0.86
2011-03-29,4.46,22.73,18.73,26.92,nasa,0.86
2011-03-30,7.12,22.55,19.85,25.87,nasa,0.87
2011-03-31,5.59,22.17,18.92,26.77,nasa,0.87
2011-04-01,0.08,22.12,16.99,27.49,nasa,0.87
2011-04-02,14.47,21.88,17.44,26.45,nasa,0.87
2011-04-03,11.4,21.17,19.04,24.35,nasa,0.88
2011-04-04,5.07,20.53,17.39,24.37,nasa,0.88
2011-04-05,8.68,21.17,18.45,24.16,nasa,0.88
2011-04-06,0.87,20.47,15.99,25.89,nasa,0.88
2011-04-07,0.01,19.74,14.59,25.44,nasa,0.87
2011-04-08,0.03,20.62,16.31,24.8,nasa,0.87
2011-04-09,3.45,19.75,15.3,23.67,nasa,0.86
2011-04-10,1.48,19.7,16.16,23.89,nasa,0.86
2011-04-11,0.91,20.57,16.47,25.18,nasa,0.86
2011-04-12,0.57,20.09,17.02,23.37,nasa,0.86
2011-04-13,0.1,20.58,17.94,23.96,nasa,0.86
2011-04-14,0.13,22.21,17.33,26.75,nasa,0.86
2011-04-15,0.01,21.53,18.8,24.91,nasa,0.85
2011-04-16,0.0,21.73,16.92,26.26,nasa,0.85
2011-04-17,0.0,21.43,16.64,26.52,nasa,0.85
2011-04-18,0.0,21.35,16.87,25.95,nasa,0.84
2011-04-19,0.01,20.63,16.19,25.93,nasa,0.84
2011-04-20,0.49,19.91,15.91,25.12,nasa,0.83
2011-04-21,0.05,20.29,13.75,25.88,nasa,0.83
2011-04-22,0.01,21.17,14.84,25.97,nasa,0.83
2011-04-23,0.0,21.15,15.69,26.23,nasa,0.82
2011-04-24,0.01,20.66,18.52,23.97,nasa,0.82
2011-04-25,0.44,20.29,17.66,24.39,nasa,0.82
2011-04-26,3.78,17.93,15.63,19.84,nasa,0.82
2011-04-27,2.28,17.27,14.54,20.73,nasa,0.83
2011-04-28,5.04,17.77,14.71,21.58,nasa,0.83
2011-04-29,1.51,18.95,15.27,23.51,nasa,0.83
2011-04-30,0.01,19.1,14.52,24.7,nasa,0.83
2011-05-01,3.37,19.64,14.05,24.9,nasa,0.82
2011-05-02,0.46,19.93,15.27,24.59,nasa,0.82
2011-05-03,0.11,18.81,14.81,23.94,nasa,0.82
2011-05-04,0.02,19.23,13.76,24.88,nasa,0.81
2011-05-05,0.06,19.73,14.98,25.21,nasa,0.81
2011-05-06,0.0,19.65,14.13,26.16,nasa,0.8
2011-05-07,0.01,18.94,14.17,24.83,nasa,0.8
2011-05-08,0.02,18.92,14.25,23.89,nasa,0.8
2011-05-09,0.0,19.0,13.36,24.97,nasa,0.79
2011-05-10,0.01,19.12,14.17,24.27,nasa,0.79
2011-05-11,0.0,19.59,15.1,23.58,nasa,0.79
2011-05-12,0.0,19.83,15.49,25.2,nasa,0.79
2011-05-13,0.02,18.62,14.66,23.5,nasa,0.78
2011-05-14,0.0,18.24,14.0,22.94,nasa,0.78
2011-05-15,4.52,18.17,14.35,23.0,nasa,0.78
2011-05-16,0.18,16.51,11.98,21.83,nasa,0.79
2011-05-17,0.05,15.53,11.76,20.89,nasa,0.78
2011-05-18,0.01,15.2,11.12,20.45,nasa,0.78
2011-05-19,0.11,15.84,11.29,20.92,nasa,0.78
2011-05-20,0.05,16.08,11.36,21.81,nasa,0.78
2011-05-21,0.0,16.12,12.34,21.74,nasa,0.77
2011-05-22,0.0,15.42,10.66,21.25,nasa,0.77
2011-05-23,0.0,15.9,10.49,21.3,nasa,0.77
2011-05-24,0.0,16.97,10.44,22.95,nasa,0.76
2011-05-25,0.0,16.44,9.67,22.88,nasa,0.76
2011-05-26,0.0,18.04,12.92,23.35,nasa,0.76
2011-05-27,0.0,17.63,13.88,22.21,nasa,0.76
2011-05-28,0.0,16.11,12.45,20.8,nasa,0.76
2011-05-29,0.04,15.24,10.5,21.47,nasa,0.75
2011-05-30,0.01,15.28,9.71,21.47,nasa,0.75
2011-05-31,0.0,15.91,9.94,22.57,nasa,0.75
2011-06-01,0.0,17.4,11.68,22.84,nasa,0.75
2011-06-02,0.01,18.18,11.89,23.24,nasa,0.75
2011-06-03,0.0,18.4,13.98,23.54,nasa,0.74
2011-06-04,0.0,16.45,11.05,22.38,nasa,0.74
2011-06-05,0.0,12.02,6.68,18.79,nasa,0.74
2011-06-06,0.06,13.64,7.75,20.77,nasa,0.74
2011-06-07,5.39,16.92,12.32,21.67,nasa,0.74
2011-06-08,1.55,14.13,8.98,20.25,nasa,0.74
2011-06-09,12.31,15.7,7.98,21.73,nasa,0.75
2011-06-10,0.26,17.21,13.93,20.4,nasa,0.76
2011-06-11,0.0,14.36,9.27,21.36,nasa,0.76
2011-06-12,0.11,15.58,9.88,21.94,nasa,0.75
2011-06-13,0.11,16.06,9.49,22.12,nasa,0.75
2011-06-14,0.01,14.32,8.59,21.39,nasa,0.74
2011-06-15,0.01,14.65,10.6,20.72,nasa,0.74
2011-06-16,0.01,14.45,9.46,20.43,nasa,0.74
2011-06-17,0.03,14.65,8.6,20.98,nasa,0.74
2011-06-18,0.0,16.66,11.46,22.1,nasa,0.73
2011-06-19,0.0,16.52,8.95,23.16,nasa,0.73
2011-06-20,0.07,16.43,10.71,23.07,nasa,0.73
2011-06-21,0.0,17.64,11.55,23.78,nasa,0.72
2011-06-22,0.01,17.36,11.28,24.3,nasa,0.72
2011-06-23,0.01,17.57,12.5,23.76,nasa,0.72
2011-06-24,0.0,17.43,11.87,23.53,nasa,0.72
2011-06-25,0.01,17.2,11.63,23.39,nasa,0.72
2011-06-26,0.62,17.28,11.89,22.79,nasa,0.71
2011-06-27,0.22,14.81,8.71,19.7,nasa,0.71
2011-06-28,0.0,12.31,4.67,19.98,nasa,0.71
2011-06-29,0.15,15.11,8.46,22.94,nasa,0.71
2011-06-30,0.01,16.93,10.85,23.51,nasa,0.71
2011-07-01,0.02,17.89,11.48,24.23,nasa,0.71
2011-07-02,0.01,18.27,11.46,24.19,nasa,0.71
2011-07-03,0.0,18.19,11.98,24.56,nasa,0.7
2011-07-04,0.0,16.83,12.86,23.04,nasa,0.7
2011-07-05,0.02,16.14,10.2,23.2,nasa,0.7
2011-07-06,0.0,15.94,10.69,22.85,nasa,0.7
2011-07-07,0.01,14.83,9.12,22.14,nasa,0.7
2011-07-08,0.0,12.73,7.87,20.29,nasa,0.69
2011-07-09,0.0,13.6,5.67,21.82,nasa,0.69
2011-07-10,0.21,14.88,8.49,21.37,nasa,0.69
2011-07-11,0.0,17.3,9.32,24.6,nasa,0.69
2011-07-12,0.01,16.51,9.12,24.52,nasa,0.69
2011-07-13,0.0,15.77,7.92,23.49,nasa,0.69
2011-07-14,0.01,17.2,10.75,24.29,nasa,0.68
2011-07-15,0.01,16.5,9.3,23.84,nasa,0.68
2011-07-16,0.0,16.51,8.13,24.39,nasa,0.68
2011-07-17,0.01,18.79,12.36,25.34,nasa,0.68
2011-07-18,0.0,19.37,13.14,25.39,nasa,0.67
2011-07-19,0.0,20.66,15.45,26.49,nasa,0.67
2011-07-20,0.0,19.65,14.16,26.31,nasa,0.67
2011-07-21,0.0,18.1,11.62,24.98,nasa,0.67
2011-07-22,0.0,18.8,12.38,26.46,nasa,0.67
2011-07-23,0.02,17.33,14.37,22.03,nasa,0.67
2011-07-24,0.01,16.67,12.46,22.57,nasa,0.66
2011-07-25,0.01,16.19,9.79,24.04,nasa,0.66
2011-07-26,0.0,16.44,10.63,22.96,nasa,0.66
2011-07-27,0.0,16.55,9.19,23.51,nasa,0.66
2011-07-28,0.0,16.7,9.35,23.72,nasa,0.66
2011-07-29,0.0,18.08,11.27,25.58,nasa,0.66
2011-07-30,0.01,18.91,12.12,26.47,nasa,0.65
2011-07-31,0.0,19.69,13.31,27.13,nasa,0.65
2011-08-01,0.0,19.58,13.01,28.01,nasa,0.65
2011-08-02,0.17,19.54,14.22,26.16,nasa,0.65
2011-08-03,5.3,16.21,11.87,20.17,nasa,0.65
2011-08-04,0.0,11.92,5.68,20.51,nasa,0.66
2011-08-05,0.0,14.02,3.5,24.99,nasa,0.66
2011-08-06,0.06,19.25,11.98,26.95,nasa,0.65
2011-08-07,0.0,21.19,14.42,29.31,nasa,0.65
2011-08-08,0.0,21.7,13.45,29.14,nasa,0.65
2011-08-09,0.02,21.59,15.39,28.83,nasa,0.64
2011-08-10,0.11,19.46,14.07,26.16,nasa,0.64
2011-08-11,0.01,17.96,11.69,25.65,nasa,0.64
2011-08-12,0.01,18.73,12.07,26.33,nasa,0.64
2011-08-13,0.0,20.29,11.28,28.75,nasa,0.64
2011-08-14,0.0,20.53,12.19,30.01,nasa,0.64
2011-08-15,0.0,19.7,13.85,27.88,nasa,0.63
2011-08-16,0.0,18.63,12.62,27.67,nasa,0.63
2011-08-17,0.0,19.55,10.35,28.53,nasa,0.63
2011-08-18,0.0,20.12,11.5,28.55,nasa,0.63
2011-08-19,0.0,19.31,11.44,29.2,nasa,0.63
2011-08-20,0.29,20.71,12.82,30.12,nasa,0.62
2011-08-21,0.11,18.77,13.87,24.81,nasa,0.62
2011-08-22,0.09,17.38,12.65,23.86,nasa,0.62
2011-08-23,0.17,20.07,13.96,27.6,nasa,0.62
2011-08-24,0.1,20.48,16.88,26.42,nasa,0.62
2011-08-25,0.0,21.02,14.15,28.1,nasa,0.62
2011-08-26,0.01,21.51,15.42,28.78,nasa,0.62
2011-08-27,0.01,21.62,15.04,28.9,nasa,0.62
2011-08-28,0.0,21.86,14.77,29.07,nasa,0.62
2011-08-29,0.0,21.82,13.59,30.03,nasa,0.61
2011-08-30,0.0,22.45,13.7,31.59,nasa,0.61
2011-08-31,0.93,21.29,13.67,29.9,nasa,0.61
2011-09-01,0.08,17.4,11.11,27.28,nasa,0.61
2011-09-02,0.01,15.01,8.87,24.77,nasa,0.61
2011-09-03,0.01,16.08,6.28,26.97,nasa,0.61
2011-09-04,0.0,18.55,7.86,28.59,nasa,0.61
2011-09-05,0.0,20.42,9.55,30.42,nasa,0.61
2011-09-06,0.0,22.35,13.17,32.05,nasa,0.6
2011-09-07,0.0,21.03,12.95,31.22,nasa,0.6
2011-09-08,0.0,21.47,12.18,31.88,nasa,0.6
2011-09-09,0.0,22.2,13.95,31.91,nasa,0.6
2011-09-10,0.03,23.25,14.1,32.01,nasa,0.6
2011-09-11,0.19,22.96,18.74,30.0,nasa,0.6
2011-09-12,0.0,21.66,16.9,28.24,nasa,0.6
2011-09-13,0.03,23.42,15.56,31.17,nasa,0.6
2011-09-14,0.12,21.84,16.87,28.87,nasa,0.6
2011-09-15,0.0,20.71,14.71,27.94,nasa,0.6
2011-09-16,0.0,19.79,14.44,26.83,nasa,0.59
2011-09-17,0.0,18.95,11.47,27.4,nasa,0.59
2011-09-18,0.0,19.26,12.21,28.26,nasa,0.59
2011-09-19,0.0,19.39,11.6,29.0,nasa,0.59
2011-09-20,0.0,19.85,10.23,29.18,nasa,0.59
2011-09-21,0.03,22.54,13.1,31.76,nasa,0.59
2011-09-22,0.08,23.99,16.9,32.17,nasa,0.59
2011-09-23,0.02,25.25,18.36,33.59,nasa,0.59
2011-09-24,0.3,22.77,17.19,29.64,nasa,0.59
2011-09-25,0.08,19.91,13.43,27.92,nasa,0.59
2011-09-26,0.01,20.32,11.79,29.65,nasa,0.59
2011-09-27,0.0,21.93,12.08,31.64,nasa,0.59
2011-09-28,0.0,23.31,15.93,32.05,nasa,0.59
2011-09-29,0.0,24.03,14.42,33.37,nasa,0.59
2011-09-30,0.04,25.25,15.75,34.35,nasa,0.59
2011-10-01,0.0,25.84,17.37,35.13,nasa,0.59
2011-10-02,15.69,23.26,18.51,30.28,nasa,0.6
2011-10-03,8.37,21.88,17.22,28.22,nasa,0.63
2011-10-04,0.06,21.33,14.3,29.51,nasa,0.63
2011-10-05,0.13,20.31,13.74,27.94,nasa,0.62
2011-10-06,0.38,21.55,15.76,28.04,nasa,0.62
2011-10-07,0.0,23.92,15.47,32.29,nasa,0.61
2011-10-08,0.03,23.81,16.11,31.56,nasa,0.61
2011-10-09,8.28,23.59,17.45,29.98,nasa,0.61
2011-10-10,0.13,24.23,19.33,29.23,nasa,0.62
2011-10-11,19.75,23.07,19.42,27.6,nasa,0.63
2011-10-12,2.2,23.77,18.05,30.48,nasa,0.65
2011-10-13,10.84,21.13,19.29,23.56,nasa,0.65
2011-10-14,24.29,21.59,18.99,24.92,nasa,0.67
2011-10-15,4.64,21.82,19.38,25.37,nasa,0.69
2011-10-16,11.98,22.58,19.88,27.09,nasa,0.69
2011-10-17,3.56,20.24,15.49,26.34,nasa,0.69
2011-10-18,1.2,19.27,13.43,26.97,nasa,0.67
2011-10-19,0.13,18.4,10.06,26.8,nasa,0.66
2011-10-20,0.01,19.03,12.74,26.2,nasa,0.65
2011-10-21,0.0,18.62,12.66,25.92,nasa,0.65
2011-10-22,1.33,17.73,13.63,22.43,nasa,0.64
2011-10-23,1.92,19.18,14.56,25.38,nasa,0.64
2011-10-24,2.55,21.39,15.48,28.31,nasa,0.64
2011-10-25,2.13,22.25,15.62,29.21,nasa,0.64
2011-10-26,1.06,23.08,18.08,28.83,nasa,0.64
2011-10-27,0.66,24.8,18.54,31.34,nasa,0.63
2011-10-28,0.01,25.39,18.4,32.15,nasa,0.63
2011-10-29,4.33,25.68,17.98,32.68,nasa,0.63
2011-10-30,4.95,23.0,19.85,26.82,nasa,0.63
2011-10-31,3.52,18.97,13.2,24.11,nasa,0.64
2011-11-01,0.31,17.86,11.91,25.6,nasa,0.64
2011-11-02,0.01,18.23,11.51,25.73,nasa,0.63
2011-11-03,0.0,19.19,10.88,27.24,nasa,0.63
2011-11-04,0.05,20.11,11.11,28.8,nasa,0.62
2011-11-05,0.01,22.56,13.08,30.86,nasa,0.62
2011-11-06,0.97,21.91,16.49,27.47,nasa,0.62
2011-11-07,9.68,21.38,17.02,26.9,nasa,0.62
2011-11-08,0.83,22.87,15.99,29.38,nasa,0.63
2011-11-09,0.17,23.64,17.73,29.97,nasa,0.63
2011-11-10,0.15,24.19,16.57,31.12,nasa,0.62
2011-11-11,0.81,24.12,19.22,30.97,nasa,0.62
2011-11-12,3.2,23.9,19.21,31.24,nasa,0.62
2011-11-13,6.41,22.43,18.54,27.56,nasa,0.62
2011-11-14,20.53,21.2,18.94,24.53,nasa,0.64
2011-11-15,27.12,20.82,17.52,24.53,nasa,0.69
2011-11-16,1.87,20.12,14.88,25.99,nasa,0.69
2011-11-17,0.49,20.14,15.01,26.51,nasa,0.68
2011-11-18,0.28,20.58,14.48,27.33,nasa,0.66
2011-11-19,0.6,19.83,14.44,26.59,nasa,0.66
2011-11-20,0.05,21.28,14.11,27.86,nasa,0.65
2011-11-21,0.69,21.91,15.93,28.26,nasa,0.64
2011-11-22,15.29,22.83,17.38,29.02,nasa,0.65
2011-11-23,11.12,22.84,18.6,27.93,nasa,0.67
2011-11-24,0.15,22.71,15.87,29.57,nasa,0.66
2011-11-25,0.02,23.41,15.79,30.27,nasa,0.65
2011-11-26,5.92,20.97,18.19,24.06,nasa,0.65
2011-11-27,7.51,19.9,17.09,23.83,nasa,0.67
2011-11-28,5.92,21.26,16.67,27.07,nasa,0.67
2011-11-29,5.45,21.53,16.53,27.08,nasa,0.67
2011-11-30,4.67,21.32,17.85,26.15,nasa,0.67
2011-12-01,3.26,23.34,17.74,28.89,nasa,0.67
2011-12-02,3.08,22.23,17.36,27.75,nasa,0.66
2011-12-03,0.43,20.36,14.95,26.1,nasa,0.66
2011-12-04,0.49,21.93,15.13,28.5,nasa,0.65
2011-12-05,0.1,23.48,17.71,29.44,nasa,0.65
2011-12-06,7.98,23.45,18.78,28.87,nasa,0.65
2011-12-07,11.9,21.7,18.99,25.41,nasa,0.66
2011-12-08,14.68,21.46,17.95,25.24,nasa,0.68
2011-12-09,30.09,21.45,19.38,24.18,nasa,0.71
2011-12-10,17.77,21.45,17.88,25.39,nasa,0.75
2011-12-11,0.47,21.29,15.28,27.12,nasa,0.73
2011-12-12,1.87,21.98,15.62,27.77,nasa,0.71
2011-12-13,6.41,22.16,18.47,27.04,nasa,0.7
2011-12-14,4.54,21.59,18.78,25.92,nasa,0.7
2011-12-15,6.37,20.95,18.2,23.96,nasa,0.7
2011-12-16,1.39,23.18,18.76,28.45,nasa,0.7
2011-12-17,1.5,23.17,16.61,28.71,nasa,0.69
2011-12-18,26.5,22.38,19.83,25.39,nasa,0.7
2011-12-19,1.18,22.16,18.56,25.91,nasa,0.72
2011-12-20,3.0,23.33,17.31,28.47,nasa,0.71
2011-12-21,5.04,24.37,19.43,29.13,nasa,0.7
2011-12-22,2.99,23.52,18.53,28.9,nasa,0.7
2011-12-23,0.27,22.7,17.19,28.31,nasa,0.69
2011-12-24,10.64,24.1,18.14,29.12,nasa,0.68
2011-12-25,2.43,23.74,20.11,28.56,nasa,0.69
2011-12-26,6.27,22.14,18.14,27.82,nasa,0.69
2011-12-27,2.56,19.9,17.53,23.53,nasa,0.69
2011-12-28,6.16,22.48,17.05,28.27,nasa,0.69
2011-12-29,6.05,21.84,17.46,26.67,nasa,0.69
2011-12-30,6.47,23.02,17.34,28.35,nasa,0.7
2011-12-31,19.93,21.44,19.29,24.04,nasa,0.71
2012-01-01,25.85,21.24,18.28,23.99,nasa,0.74
2012-01-02,19.52,21.08,17.55,26.55,nasa,0.77
2012-01-03,1.86,21.66,15.48,27.48,nasa,0.76
2012-01-04,2.16,23.54,17.94,28.48,nasa,0.74
2012-01-05,0.61,22.42,17.13,27.67,nasa,0.73
2012-01-06,5.94,20.89,17.02,24.28,nasa,0.72
2012-01-07,3.0,21.78,16.03,27.19,nasa,0.72
2012-01-08,23.03,21.69,18.18,26.15,nasa,0.73
2012-01-09,12.15,19.67,17.37,23.69,nasa,0.75
2012-01-10,27.85,18.5,16.41,21.23,nasa,0.77
2012-01-11,5.63,18.33,16.05,21.72,nasa,0.78
2012-01-12,1.26,19.87,15.46,24.64,nasa,0.76
2012-01-13,2.26,21.32,16.43,26.54,nasa,0.75
2012-01-14,14.56,22.07,17.99,26.48,nasa,0.75
2012-01-15,2.77,22.49,19.45,27.25,nasa,0.76
2012-01-16,12.86,22.55,18.53,26.39,nasa,0.75
2012-01-17,20.54,21.36,18.63,23.77,nasa,0.77
2012-01-18,9.04,21.57,18.95,24.39,nasa,0.79
2012-01-19,15.62,20.15,18.22,22.32,nasa,0.79
2012-01-20,0.23,20.36,15.94,24.1,nasa,0.79
2012-01-21,2.56,21.13,17.52,24.44,nasa,0.78
2012-01-22,0.44,21.66,18.03,25.62,nasa,0.78
2012-01-23,4.28,20.9,18.03,23.98,nasa,0.77
2012-01-24,0.73,21.78,17.14,26.54,nasa,0.77
2012-01-25,0.11,22.53,18.41,26.9,nasa,0.76
2012-01-26,2.33,22.06,18.17,25.92,nasa,0.75
2012-01-27,20.28,21.23,16.35,26.88,nasa,0.77
2012-01-28,6.82,20.9,16.81,26.59,nasa,0.78
2012-01-29,7.08,20.82,16.75,27.4,nasa,0.78
2012-01-30,0.95,20.74,14.27,27.24,nasa,0.77
2012-01-31,7.77,21.13,14.87,26.85,nasa,0.77
2012-02-01,6.43,21.71,17.61,26.23,nasa,0.77
2012-02-02,1.59,21.99,18.55,26.75,nasa,0.77
2012-02-03,0.0,22.16,17.65,27.81,nasa,0.76
2012-02-04,0.01,21.47,16.34,27.28,nasa,0.75
2012-02-05,0.0,21.75,15.53,27.64,nasa,0.74
2012-02-06,0.0,22.73,16.48,28.01,nasa,0.73
2012-02-07,1.58,24.78,19.16,30.23,nasa,0.72
2012-02-08,0.81,24.47,18.84,30.29,nasa,0.72
2012-02-09,5.52,24.01,18.99,28.78,nasa,0.71
2012-02-10,12.53,23.12,20.21,26.93,nasa,0.73
2012-02-11,10.84,22.01,19.44,24.67,nasa,0.74
2012-02-12,10.33,21.33,19.53,24.56,nasa,0.76
2012-02-13,11.15,20.87,18.77,23.87,nasa,0.78
2012-02-14,0.58,21.47,17.89,26.01,nasa,0.77
2012-02-15,0.0,21.8,16.97,27.02,nasa,0.76
2012-02-16,0.0,21.42,16.77,26.89,nasa,0.75
2012-02-17,1.16,21.5,17.23,26.63,nasa,0.74
2012-02-18,0.05,21.99,17.3,27.65,nasa,0.73
2012-02-19,0.03,21.37,17.72,24.63,nasa,0.72
2012-02-20,0.09,21.08,17.88,24.24,nasa,0.72
2012-02-21,0.09,19.71,17.39,22.27,nasa,0.72
2012-02-22,3.37,21.63,17.13,26.14,nasa,0.72
2012-02-23,3.09,22.07,18.37,26.18,nasa,0.73
2012-02-24,3.14,23.59,18.59,28.23,nasa,0.73
2012-02-25,0.53,23.57,20.02,27.89,nasa,0.72
2012-02-26,2.39,23.2,18.58,27.99,nasa,0.71
2012-02-27,2.4,23.93,20.13,28.52,nasa,0.71
2012-02-28,0.1,23.37,17.09,29.4,nasa,0.71
2012-02-29,0.0,23.81,17.19,29.95,nasa,0.7
2012-03-01,0.04,24.05,17.16,30.53,nasa,0.69
2012-03-02,0.8,24.97,18.58,30.58,nasa,0.68
2012-03-03,1.09,23.06,19.01,28.03,nasa,0.68
2012-03-04,0.04,21.9,17.57,26.55,nasa,0.68
2012-03-05,0.0,22.11,18.01,26.96,nasa,0.68
2012-03-06,0.13,22.38,17.42,28.34,nasa,0.67
2012-03-07,0.01,21.67,16.3,28.05,nasa,0.67
2012-03-08,0.06,22.43,17.71,27.83,nasa,0.66
2012-03-09,0.86,22.86,16.82,28.53,nasa,0.66
2012-03-10,2.8,20.84,18.36,24.17,nasa,0.66
2012-03-11,9.17,21.6,17.27,27.19,nasa,0.67
2012-03-12,2.36,22.75,18.1,27.86,nasa,0.68
2012-03-13,4.94,22.51,19.68,26.96,nasa,0.68
2012-03-14,1.87,23.02,19.04,28.24,nasa,0.68
2012-03-15,22.35,22.75,19.17,27.38,nasa,0.69
2012-03-16,6.84,21.34,18.77,24.19,nasa,0.72
2012-03-17,5.85,20.62,17.63,24.61,nasa,0.72
2012-03-18,0.02,19.69,15.3,25.39,nasa,0.71
2012-03-19,0.21,19.61,14.4,25.45,nasa,0.7
2012-03-20,0.04,20.72,16.46,26.65,nasa,0.7
2012-03-21,0.02,22.22,17.08,28.18,nasa,0.69
2012-03-22,0.99,23.2,18.17,28.29,nasa,0.68
2012-03-23,8.05,21.57,18.71,25.51,nasa,0.68
2012-03-24,3.58,21.59,17.84,26.16,nasa,0.69
2012-03-25,0.54,23.46,19.1,28.59,nasa,0.69
2012-03-26,0.17,23.25,17.73,29.07,nasa,0.68
2012-03-27,4.33,22.63,18.14,27.72,nasa,0.68
2012-03-28,7.36,21.95,17.95,26.64,nasa,0.69
2012-03-29,0.15,20.71,15.71,26.35,nasa,0.68
2012-03-30,5.4,21.61,17.5,26.13,nasa,0.68
2012-03-31,4.53,21.16,16.69,26.6,nasa,0.69
2012-04-01,0.8,20.7,15.71,26.47,nasa,0.68
2012-04-02,0.08,21.26,16.06,27.41,nasa,0.68
2012-04-03,0.01,21.65,16.51,27.65,nasa,0.67
2012-04-04,0.03,22.3,17.48,27.96,nasa,0.66
2012-04-05,0.19,23.45,16.81,29.69,nasa,0.66
2012-04-06,5.16,22.75,18.96,27.85,nasa,0.66
2012-04-07,0.43,22.25,18.28,27.79,nasa,0.66
2012-04-08,1.18,21.21,17.36,25.2,nasa,0.66
2012-04-09,3.8,21.19,17.35,26.25,nasa,0.67
2012-04-10,1.06,21.72,17.6,26.61,nasa,0.66
2012-04-11,0.13,21.93,17.08,27.42,nasa,0.66
2012-04-12,0.0,22.02,18.2,26.96,nasa,0.66
2012-04-13,0.78,22.35,18.28,27.52,nasa,0.65
2012-04-14,0.39,22.65,18.26,28.43,nasa,0.65
2012-04-15,3.37,22.85,18.02,29.07,nasa,0.65
2012-04-16,4.32,20.87,17.54,25.15,nasa,0.65
2012-04-17,0.31,20.73,15.7,27.62,nasa,0.66
2012-04-18,0.0,21.0,15.85,27.55,nasa,0.65
2012-04-19,0.0,21.39,16.36,27.5,nasa,0.65
2012-04-20,0.35,21.45,14.77,27.83,nasa,0.65
2012-04-21,9.56,21.8,18.85,27.02,nasa,0.65
2012-04-22,1.16,20.51,17.13,25.06,nasa,0.66
2012-04-23,0.25,20.51,14.89,26.95,nasa,0.65
2012-04-24,0.01,20.9,15.71,27.7,nasa,0.65
2012-04-25,0.01,21.71,15.99,28.67,nasa,0.65
2012-04-26,9.69,21.34,18.64,25.28,nasa,0.65
2012-04-27,1.1,22.43,18.75,27.13,nasa,0.66
2012-04-28,4.77,22.07,18.36,27.14,nasa,0.66
2012-04-29,8.49,21.13,19.11,24.86,nasa,0.67
2012-04-30,15.85,19.76,17.15,22.96,nasa,0.69
2012-05-01,1.84,16.6,10.74,21.89,nasa,0.7
2012-05-02,0.01,14.56,8.13,22.64,nasa,0.68
2012-05-03,0.02,17.01,11.47,24.55,nasa,0.68
2012-05-04,0.02,18.13,12.3,24.9,nasa,0.67
2012-05-05,0.01,18.55,13.9,24.79,nasa,0.66
2012-05-06,0.29,18.36,13.71,24.34,nasa,0.66
2012-05-07,0.09,18.35,14.48,24.91,nasa,0.66
2012-05-08,0.0,17.99,13.7,24.86,nasa,0.65
2012-05-09,0.03,18.47,13.38,24.14,nasa,0.65
2012-05-10,0.0,18.73,12.11,24.81,nasa,0.65
2012-05-11,0.0,19.89,14.07,26.65,nasa,0.64
2012-05-12,1.37,19.63,13.82,27.47,nasa,0.64
2012-05-13,1.05,18.97,16.29,23.25,nasa,0.64
2012-05-14,16.71,17.15,15.26,20.06,nasa,0.66
2012-05-15,5.27,15.99,13.5,19.19,nasa,0.68
2012-05-16,0.07,15.91,12.65,20.78,nasa,0.68
2012-05-17,0.01,16.29,11.79,22.35,nasa,0.67
2012-05-18,0.0,15.62,10.79,22.29,nasa,0.67
2012-05-19,0.01,16.28,11.72,22.04,nasa,0.66
2012-05-20,0.01,16.83,12.63,22.46,nasa,0.66
2012-05-21,0.03,16.58,11.88,22.67,nasa,0.65
2012-05-22,0.03,16.48,11.35,23.07,nasa,0.65
2012-05-23,0.0,17.37,11.88,23.49,nasa,0.65
2012-05-24,5.02,17.87,13.43,22.81,nasa,0.65
2012-05-25,5.33,18.09,13.41,24.14,nasa,0.66
2012-05-26,2.47,18.28,14.71,24.25,nasa,0.66
2012-05-27,0.07,18.27,13.01,25.04,nasa,0.66
2012-05-28,1.52,20.29,14.61,25.69,nasa,0.66
2012-05-29,0.0,20.91,15.25,26.66,nasa,0.66
2012-05-30,0.04,20.55,14.87,27.3,nasa,0.65
2012-05-31,0.05,20.29,14.06,26.92,nasa,0.65
2012-06-01,0.45,20.1,15.19,26.65,nasa,0.65
2012-06-02,0.04,20.24,14.69,26.86,nasa,0.64
2012-06-03,0.1,20.69,15.21,27.81,nasa,0.64
2012-06-04,3.31,20.7,14.35,27.98,nasa,0.64
2012-06-05,11.99,19.09,16.06,22.68,nasa,0.65
2012-06-06,4.6,18.42,16.53,21.05,nasa,0.67
2012-06-07,3.1,17.83,14.21,22.68,nasa,0.67
2012-06-08,6.15,15.87,12.87,21.6,nasa,0.67
2012-06-09,0.46,16.72,12.73,22.78,nasa,0.68
2012-06-10,0.02,18.12,13.28,24.06,nasa,0.67
2012-06-11,6.59,18.07,13.76,23.54,nasa,0.67
2012-06-12,0.06,19.37,13.7,24.53,nasa,0.67
2012-06-13,0.02,19.01,13.22,24.53,nasa,0.67
2012-06-14,0.01,18.45,12.23,24.2,nasa,0.66
2012-06-15,0.0,17.82,11.47,24.23,nasa,0.66
2012-06-16,0.02,17.47,10.81,23.53,nasa,0.65
2012-06-17,0.0,18.48,12.15,24.69,nasa,0.65
2012-06-18,0.0,17.52,10.21,25.32,nasa,0.65
2012-06-19,0.06,18.77,12.9,24.82,nasa,0.65
2012-06-20,25.43,19.28,15.68,23.52,nasa,0.67
2012-06-21,31.78,20.17,18.06,24.06,nasa,0.72
2012-06-22,2.98,19.49,14.56,23.51,nasa,0.73
2012-06-23,0.5,16.93,12.4,23.0,nasa,0.72
2012-06-24,0.37,17.63,12.76,22.8,nasa,0.71
2012-06-25,0.05,17.48,13.03,22.92,nasa,0.7
2012-06-26,0.01,16.9,12.65,22.4,nasa,0.69
2012-06-27,0.0,16.26,10.39,22.79,nasa,0.69
2012-06-28,0.05,16.73,12.39,22.54,nasa,0.68
2012-06-29,0.0,17.58,12.16,23.49,nasa,0.68
2012-06-30,0.0,18.42,12.88,23.97,nasa,0.68
2012-07-01,0.01,18.26,11.3,24.93,nasa,0.67
2012-07-02,0.0,18.22,11.3,24.74,nasa,0.67
2012-07-03,0.04,17.81,10.72,24.2,nasa,0.67
2012-07-04,0.02,16.32,9.59,23.64,nasa,0.66
2012-07-05,0.03,16.8,9.92,23.97,nasa,0.66
2012-07-06,0.01,16.48,9.75,24.03,nasa,0.66
2012-07-07,0.0,17.83,12.02,25.2,nasa,0.66
2012-07-08,1.13,15.69,10.44,21.91,nasa,0.66
2012-07-09,0.44,14.38,9.79,22.4,nasa,0.66
2012-07-10,0.02,14.79,8.93,22.36,nasa,0.65
2012-07-11,0.01,17.37,10.49,24.74,nasa,0.65
2012-07-12,7.5,18.74,12.77,25.98,nasa,0.65
2012-07-13,0.54,15.92,11.07,22.28,nasa,0.66
2012-07-14,0.99,13.8,6.84,22.7,nasa,0.66
2012-07-15,0.0,14.4,6.22,23.69,nasa,0.66
2012-07-16,1.87,16.0,11.93,21.78,nasa,0.66
2012-07-17,8.57,15.61,12.88,19.49,nasa,0.66
2012-07-18,4.16,14.15,7.55,19.64,nasa,0.68
2012-07-19,0.0,12.17,4.65,20.27,nasa,0.68
2012-07-20,0.0,13.81,6.42,21.53,nasa,0.67
2012-07-21,0.02,16.08,8.87,25.2,nasa,0.67
2012-07-22,0.0,18.87,12.59,26.54,nasa,0.66
2012-07-23,0.01,20.89,15.15,26.96,nasa,0.66
2012-07-24,0.0,19.47,12.52,26.24,nasa,0.65
2012-07-25,0.0,19.08,12.23,26.71,nasa,0.65
2012-07-26,0.0,19.03,11.68,26.74,nasa,0.65
2012-07-27,0.02,19.24,11.81,26.95,nasa,0.65
2012-07-28,0.0,19.06,11.12,27.9,nasa,0.64
2012-07-29,0.01,19.26,11.84,26.97,nasa,0.64
2012-07-30,0.0,18.68,11.58,26.83,nasa,0.64
2012-07-31,0.0,17.13,12.61,24.78,nasa,0.64
2012-08-01,0.0,17.27,11.21,24.85,nasa,0.64
2012-08-02,0.02,18.66,13.01,25.63,nasa,0.64
2012-08-03,0.0,18.86,11.96,25.98,nasa,0.63
2012-08-04,0.0,18.68,10.66,26.28,nasa,0.63
2012-08-05,0.0,19.14,12.08,26.85,nasa,0.63
2012-08-06,0.02,17.23,11.77,25.05,nasa,0.63
2012-08-07,0.0,16.72,9.85,25.93,nasa,0.63
2012-08-08,0.0,16.92,8.87,26.19,nasa,0.63
2012-08-09,0.01,17.35,9.86,25.51,nasa,0.63
2012-08-10,0.0,17.75,9.71,25.84,nasa,0.62
2012-08-11,0.01,17.32,9.77,25.95,nasa,0.62
2012-08-12,0.02,17.58,9.93,26.13,nasa,0.62
2012-08-13,0.1,18.31,11.06,26.12,nasa,0.62
2012-08-14,0.48,19.02,13.68,26.25,nasa,0.62
2012-08-15,0.07,18.3,12.92,25.01,nasa,0.62
2012-08-16,0.0,18.26,13.99,24.53,nasa,0.62
2012-08-17,0.0,18.52,12.68,26.32,nasa,0.62
2012-08-18,0.01,18.37,12.97,26.33,nasa,0.62
2012-08-19,0.0,18.54,13.3,26.13,nasa,0.61
2012-08-20,0.0,17.85,10.98,26.52,nasa,0.61
2012-08-21,0.0,18.39,10.94,26.18,nasa,0.61
2012-08-22,0.0,19.21,12.92,28.25,nasa,0.61
2012-08-23,0.0,17.86,10.6,26.76,nasa,0.61
2012-08-24,0.0,19.0,12.93,27.11,nasa,0.61
2012-08-25,0.0,18.9,12.0,26.93,nasa,0.61
2012-08-26,0.01,19.24,10.41,27.42,nasa,0.61
2012-08-27,0.01,20.0,13.74,26.7,nasa,0.6
2012-08-28,3.16,18.94,13.05,26.04,nasa,0.6
2012-08-29,1.03,19.18,13.73,27.12,nasa,0.61
2012-08-30,0.02,18.03,11.94,26.69,nasa,0.61
2012-08-31,0.0,18.23,10.3,27.76,nasa,0.61
2012-09-01,0.02,19.71,10.09,30.18,nasa,0.6
2012-09-02,0.0,20.82,11.23,30.7,nasa,0.6
2012-09-03,0.0,20.72,12.34,30.89,nasa,0.6
2012-09-04,0.0,20.59,12.91,29.11,nasa,0.6
2012-09-05,0.0,21.24,12.47,29.45,nasa,0.6
2012-09-06,0.0,22.57,13.32,30.52,nasa,0.6
2012-09-07,0.0,22.53,13.67,30.36,nasa,0.6
2012-09-08,0.0,23.8,17.03,30.67,nasa,0.59
2012-09-09,0.0,24.59,17.13,32.35,nasa,0.59
2012-09-10,0.0,24.24,15.88,32.8,nasa,0.59
2012-09-11,0.0,24.36,16.79,33.51,nasa,0.59
2012-09-12,0.0,25.01,15.89,34.77,nasa,0.59
2012-09-13,0.0,25.23,17.89,34.4,nasa,0.59
2012-09-14,0.0,23.89,16.65,32.46,nasa,0.59
2012-09-15,0.0,24.63,16.44,32.86,nasa,0.59
2012-09-16,0.0,25.14,16.81,32.62,nasa,0.59
2012-09-17,0.0,25.09,17.47,33.06,nasa,0.59
2012-09-18,0.0,25.49,17.86,34.09,nasa,0.59
2012-09-19,0.14,26.51,18.23,35.56,nasa,0.59
2012-09-20,2.94,23.25,19.72,29.62,nasa,0.59
2012-09-21,13.89,22.48,18.17,28.15,nasa,0.6
2012-09-22,0.75,21.95,15.68,29.06,nasa,0.62
2012-09-23,0.06,20.2,12.96,27.95,nasa,0.61
2012-09-24,7.56,20.65,14.21,27.35,nasa,0.61
2012-09-25,2.84,20.34,17.44,26.28,nasa,0.62
2012-09-26,2.38,16.48,7.97,23.52,nasa,0.63
2012-09-27,0.0,14.33,6.7,23.82,nasa,0.62
2012-09-28,0.0,15.64,6.95,25.48,nasa,0.62
2012-09-29,0.0,16.52,8.07,25.98,nasa,0.61
2012-09-30,0.0,18.25,9.98,27.63,nasa,0.61
2012-10-01,0.0,21.06,10.24,31.02,nasa,0.61
2012-10-02,0.0,23.5,13.32,32.83,nasa,0.6
2012-10-03,0.0,25.39,18.98,32.53,nasa,0.6
2012-10-04,0.01,25.43,18.14,33.02,nasa,0.6
2012-10-05,0.07,25.12,17.13,33.05,nasa,0.59
2012-10-06,0.0,25.22,17.68,33.03,nasa,0.59
2012-10-07,0.0,24.8,16.06,33.17,nasa,0.59
2012-10-08,0.0,24.44,17.02,31.44,nasa,0.59
2012-10-09,0.0,23.67,16.32,31.05,nasa,0.59
2012-10-10,0.0,24.75,17.17,32.26,nasa,0.59
2012-10-11,0.59,25.17,17.31,33.44,nasa,0.59
2012-10-12,11.64,23.32,17.98,29.68,nasa,0.59
2012-10-13,4.32,19.92,16.03,25.28,nasa,0.62
2012-10-14,2.79,17.49,14.44,20.95,nasa,0.62
2012-10-15,0.02,19.62,10.88,28.63,nasa,0.62
2012-10-16,1.3,21.63,12.83,30.14,nasa,0.61
2012-10-17,6.83,19.55,17.06,23.59,nasa,0.62
2012-10-18,0.1,23.43,15.06,31.78,nasa,0.62
2012-10-19,2.74,23.69,15.53,31.89,nasa,0.61
2012-10-20,3.41,21.95,17.69,28.82,nasa,0.62
2012-10-21,1.16,24.29,17.94,29.93,nasa,0.62
2012-10-22,0.8,25.14,17.73,32.41,nasa,0.61
2012-10-23,20.46,24.8,19.48,31.89,nasa,0.63
2012-10-24,0.6,23.58,20.09,28.15,nasa,0.64
2012-10-25,0.19,24.29,19.59,29.36,nasa,0.64
2012-10-26,0.03,25.19,19.21,32.96,nasa,0.63
2012-10-27,0.0,26.34,17.17,35.14,nasa,0.62
2012-10-28,2.03,27.49,20.39,35.68,nasa,0.61
2012-10-29,0.41,27.36,20.85,33.89,nasa,0.61
2012-10-30,0.19,28.17,20.77,35.66,nasa,0.61
2012-10-31,0.76,29.02,22.18,36.84,nasa,0.6
2012-11-01,6.16,26.56,20.71,35.3,nasa,0.6
2012-11-02,2.63,24.68,18.63,32.04,nasa,0.61
2012-11-03,25.63,22.07,18.2,26.59,nasa,0.63
2012-11-04,3.29,22.32,17.74,28.35,nasa,0.66
2012-11-05,0.04,22.83,16.9,29.44,nasa,0.64
2012-11-06,0.15,22.95,16.78,29.57,nasa,0.63
2012-11-07,6.93,23.49,18.73,29.24,nasa,0.63
2012-11-08,0.48,22.02,17.8,27.04,nasa,0.63
2012-11-09,28.54,20.34,18.59,22.58,nasa,0.65
2012-11-10,15.63,19.81,17.93,22.68,nasa,0.69
2012-11-11,5.14,22.11,17.63,27.63,nasa,0.7
2012-11-12,5.28,22.73,19.15,27.7,nasa,0.68
2012-11-13,13.24,22.93,16.6,28.57,nasa,0.69
2012-11-14,0.58,20.36,15.15,26.66,nasa,0.68
2012-11-15,4.62,19.87,14.81,25.39,nasa,0.67
2012-11-16,3.23,21.42,15.42,28.82,nasa,0.67
2012-11-17,0.0,20.62,13.19,28.52,nasa,0.66
2012-11-18,0.0,20.95,13.59,27.96,nasa,0.65
2012-11-19,5.46,21.62,15.55,27.85,nasa,0.65
2012-11-20,5.76,23.1,19.16,27.66,nasa,0.65
2012-11-21,0.04,23.4,15.49,31.55,nasa,0.65
2012-11-22,0.01,23.47,15.11,31.27,nasa,0.64
2012-11-23,1.16,24.83,15.92,32.81,nasa,0.64
2012-11-24,14.74,24.31,20.42,28.16,nasa,0.64
2012-11-25,9.69,22.36,18.54,25.59,nasa,0.67
2012-11-26,1.22,21.88,16.26,27.74,nasa,0.66
2012-11-27,3.83,23.59,17.47,29.76,nasa,0.66
2012-11-28,5.89,24.78,20.14,30.87,nasa,0.66
2012-11-29,0.2,24.9,18.1,32.81,nasa,0.65
2012-11-30,0.01,24.11,17.16,31.67,nasa,0.64
2012-12-01,1.44,22.85,17.95,28.62,nasa,0.64
2012-12-02,25.49,22.76,19.23,26.87,nasa,0.66
2012-12-03,1.14,24.02,19.75,29.53,nasa,0.68
2012-12-04,0.12,23.97,19.53,29.3,nasa,0.67
2012-12-05,10.92,22.55,20.2,25.37,nasa,0.67
2012-12-06,9.51,23.35,20.31,27.53,nasa,0.68
2012-12-07,7.92,25.15,18.99,30.67,nasa,0.68
2012-12-08,3.02,26.23,21.3,32.21,nasa,0.68
2012-12-09,10.82,23.14,20.32,25.63,nasa,0.68
2012-12-10,5.05,23.52,19.31,28.16,nasa,0.68
2012-12-11,3.54,23.93,20.57,28.0,nasa,0.68
2012-12-12,7.62,23.6,20.08,26.78,nasa,0.68
2012-12-13,5.29,23.51,19.83,27.9,nasa,0.69
2012-12-14,15.74,22.88,21.04,25.61,nasa,0.7
2012-12-15,14.51,21.58,19.73,23.77,nasa,0.71
2012-12-16,7.53,22.96,18.52,27.03,nasa,0.72
2012-12-17,5.94,22.28,19.6,25.54,nasa,0.72
2012-12-18,0.2,24.0,19.05,29.59,nasa,0.71
2012-12-19,3.79,22.16,19.12,25.71,nasa,0.7
2012-12-20,8.02,23.68,18.19,28.29,nasa,0.7
2012-12-21,6.09,25.23,20.0,31.18,nasa,0.7
2012-12-22,2.73,24.43,19.67,29.18,nasa,0.7
2012-12-23,3.95,24.39,19.86,29.02,nasa,0.69
2012-12-24,1.69,24.69,19.91,29.91,nasa,0.69
2012-12-25,0.5,25.62,18.48,31.65,nasa,0.68
2012-12-26,0.27,25.89,20.88,31.79,nasa,0.67
2012-12-27,4.67,25.65,20.62,31.09,nasa,0.66
2012-12-28,19.01,24.32,21.05,28.05,nasa,0.68
2012-12-29,16.92,23.71,20.62,27.7,nasa,0.7
2012-12-30,6.13,23.33,19.58,26.63,nasa,0.72
2012-12-31,1.03,24.17,20.09,27.15,nasa,0.71
2013-01-01,1.95,24.29,18.63,29.43,nasa,0.7
2013-01-02,1.97,24.21,20.53,29.28,nasa,0.69
2013-01-03,8.92,22.34,18.6,26.43,nasa,0.69
2013-01-04,5.59,22.2,19.02,26.77,nasa,0.7
2013-01-05,0.41,22.95,18.95,26.94,nasa,0.7
2013-01-06,2.08,24.15,19.62,28.68,nasa,0.69
2013-01-07,0.59,22.88,20.63,26.13,nasa,0.68
2013-01-08,32.44,23.24,19.88,27.52,nasa,0.7
2013-01-09,10.73,22.85,20.08,26.5,nasa,0.74
2013-01-10,33.53,21.19,19.6,23.32,nasa,0.75
2013-01-11,22.68,21.09,18.04,25.67,nasa,0.78
2013-01-12,23.04,19.56,16.45,22.56,nasa,0.8
2013-01-13,40.65,20.47,16.57,25.42,nasa,0.82
2013-01-14,8.39,19.46,16.9,22.06,nasa,0.83
2013-01-15,13.25,19.88,16.29,24.0,nasa,0.82
2013-01-16,17.47,20.33,18.06,23.15,nasa,0.83
2013-01-17,4.92,21.36,17.96,25.46,nasa,0.82
2013-01-18,1.64,22.81,18.3,27.77,nasa,0.8
2013-01-19,1.21,23.04,18.13,27.76,nasa,0.79
2013-01-20,2.28,21.89,17.99,26.93,nasa,0.78
2013-01-21,0.8,20.81,16.45,26.3,nasa,0.77
2013-01-22,3.11,21.01,15.34,26.79,nasa,0.77
2013-01-23,1.22,21.33,15.9,26.83,nasa,0.76
2013-01-24,0.94,22.26,17.12,27.62,nasa,0.75
2013-01-25,12.74,22.4,18.97,27.13,nasa,0.76
2013-01-26,33.05,22.85,20.82,25.65,nasa,0.8
2013-01-27,24.56,22.6,19.03,27.59,nasa,0.82
2013-01-28,5.25,21.18,17.54,25.05,nasa,0.83
2013-01-29,11.25,21.81,17.07,26.67,nasa,0.82
2013-01-30,26.13,22.49,18.87,27.1,nasa,0.83
2013-01-31,12.36,22.16,19.24,25.93,nasa,0.85
2013-02-01,12.46,22.78,18.08,26.82,nasa,0.84
2013-02-02,16.81,23.01,19.64,26.19,nasa,0.85
2013-02-03,12.83,22.04,19.2,25.55,nasa,0.85
2013-02-04,5.62,22.23,20.16,25.38,nasa,0.86
2013-02-05,8.64,21.78,17.81,26.7,nasa,0.85
2013-02-06,15.97,20.4,16.62,24.47,nasa,0.85
2013-02-07,8.45,20.54,18.19,23.93,nasa,0.87
2013-02-08,1.15,20.95,16.92,25.71,nasa,0.86
2013-02-09,0.49,21.96,17.71,25.81,nasa,0.85
2013-02-10,10.08,21.24,18.87,24.61,nasa,0.85
2013-02-11,1.47,22.47,18.25,26.77,nasa,0.86
2013-02-12,0.21,23.41,18.4,27.5,nasa,0.85
2013-02-13,1.84,23.4,18.2,27.66,nasa,0.85
2013-02-14,0.17,23.56,19.14,27.5,nasa,0.84
2013-02-15,0.65,22.97,20.57,25.59,nasa,0.84
2013-02-16,1.77,22.95,19.61,26.26,nasa,0.84
2013-02-17,2.16,22.97,20.32,25.67,nasa,0.84
2013-02-18,1.45,23.29,19.41,26.81,nasa,0.84
2013-02-19,2.24,22.65,18.93,25.88,nasa,0.84
2013-02-20,0.21,22.18,17.89,26.91,nasa,0.84
2013-02-21,0.06,21.88,16.04,26.99,nasa,0.83
2013-02-22,4.47,22.71,16.83,27.27,nasa,0.82
2013-02-23,1.18,23.17,20.39,26.66,nasa,0.82
2013-02-24,0.01,22.76,18.04,27.29,nasa,0.82
2013-02-25,3.11,22.29,18.32,26.96,nasa,0.81
2013-02-26,8.61,23.33,18.82,28.2,nasa,0.81
2013-02-27,5.39,23.05,19.63,26.72,nasa,0.82
2013-02-28,5.75,21.72,17.67,25.33,nasa,0.82
2013-03-01,16.27,20.54,18.52,23.29,nasa,0.84
2013-03-02,16.75,20.44,17.39,25.16,nasa,0.86
2013-03-03,3.13,21.68,16.71,26.73,nasa,0.85
2013-03-04,0.99,23.16,18.32,27.65,nasa,0.84
2013-03-05,0.57,23.7,19.64,28.33,nasa,0.83
2013-03-06,7.21,24.44,20.39,28.86,nasa,0.83
2013-03-07,8.59,24.13,19.02,28.91,nasa,0.83
2013-03-08,3.07,23.39,20.6,26.46,nasa,0.84
2013-03-09,7.89,22.9,19.46,26.78,nasa,0.84
2013-03-10,6.16,22.72,19.68,26.94,nasa,0.84
2013-03-11,19.57,23.08,19.94,27.16,nasa,0.85
2013-03-12,2.49,23.92,19.82,28.23,nasa,0.86
2013-03-13,2.93,23.8,20.85,27.38,nasa,0.85
2013-03-14,5.43,22.78,19.61,26.91,nasa,0.85
2013-03-15,0.35,21.61,18.03,26.89,nasa,0.85
2013-03-16,0.14,22.97,18.81,27.66,nasa,0.84
2013-03-17,1.53,22.51,19.56,26.28,nasa,0.83
2013-03-18,1.55,19.71,16.41,23.68,nasa,0.83
2013-03-19,1.15,18.37,14.75,22.64,nasa,0.83
2013-03-20,5.87,19.31,15.18,23.91,nasa,0.83
2013-03-21,4.27,19.74,17.56,22.81,nasa,0.84
2013-03-22,1.91,21.56,17.56,25.97,nasa,0.84
2013-03-23,1.72,22.31,18.89,27.24,nasa,0.83
2013-03-24,10.46,20.79,17.18,24.4,nasa,0.83
2013-03-25,2.49,20.69,18.18,24.25,nasa,0.84
2013-03-26,14.95,20.22,17.71,22.86,nasa,0.84
2013-03-27,20.96,20.44,17.53,24.24,nasa,0.87
2013-03-28,0.27,19.78,16.41,24.69,nasa,0.87
2013-03-29,0.02,19.63,14.04,25.84,nasa,0.85
2013-03-30,0.19,19.59,15.47,24.36,nasa,0.84
2013-03-31,0.42,21.43,16.62,26.2,nasa,0.84
2013-04-01,0.05,22.38,17.11,27.07,nasa,0.83
2013-04-02,10.36,20.91,17.93,24.48,nasa,0.84
2013-04-03,4.26,20.96,17.23,25.63,nasa,0.84
2013-04-04,1.54,21.74,18.14,26.02,nasa,0.84
2013-04-05,10.0,21.41,19.73,25.17,nasa,0.85
2013-04-06,2.59,22.54,18.83,27.35,nasa,0.85
2013-04-07,0.85,21.95,18.39,26.69,nasa,0.84
2013-04-08,11.72,21.3,17.88,24.89,nasa,0.84
2013-04-09,0.48,20.52,17.94,24.04,nasa,0.85
2013-04-10,0.18,20.23,17.44,23.95,nasa,0.84
2013-04-11,4.98,19.69,16.79,23.76,nasa,0.84
2013-04-12,2.65,20.87,17.12,25.65,nasa,0.84
2013-04-13,6.36,20.74,18.85,22.77,nasa,0.84
2013-04-14,0.46,19.2,16.29,23.03,nasa,0.84
2013-04-15,0.09,19.21,15.13,24.69,nasa,0.84
2013-04-16,0.0,17.42,11.3,24.37,nasa,0.83
2013-04-17,0.03,16.85,12.25,23.44,nasa,0.83
2013-04-18,0.01,17.89,11.8,23.79,nasa,0.82
2013-04-19,0.02,18.98,12.72,24.71,nasa,0.82
2013-04-20,0.02,18.99,14.84,24.47,nasa,0.81
2013-04-21,0.0,17.49,13.1,23.23,nasa,0.81
2013-04-22,0.02,16.55,12.01,22.1,nasa,0.81
2013-04-23,0.01,16.5,11.57,21.16,nasa,0.8
2013-04-24,0.02,17.6,13.1,22.41,nasa,0.8
2013-04-25,0.01,17.55,12.84,23.28,nasa,0.8
2013-04-26,0.0,17.87,11.91,23.43,nasa,0.79
2013-04-27,0.0,17.89,11.44,23.88,nasa,0.79
2013-04-28,0.01,18.05,13.15,23.84,nasa,0.79
2013-04-29,0.0,17.65,13.36,22.44,nasa,0.79
2013-04-30,0.0,19.59,12.63,25.85,nasa,0.79
2013-05-01,0.03,19.91,13.62,26.41,nasa,0.78
2013-05-02,0.01,19.99,14.65,25.28,nasa,0.78
2013-05-03,0.01,19.54,14.16,25.09,nasa,0.77
2013-05-04,0.02,20.05,14.94,25.39,nasa,0.77
2013-05-05,0.11,20.07,15.94,25.55,nasa,0.77
2013-05-06,0.13,18.21,13.99,23.27,nasa,0.77
2013-05-07,0.02,17.49,12.41,23.81,nasa,0.76
2013-05-08,0.01,14.79,9.55,21.36,nasa,0.76
2013-05-09,0.03,15.17,9.67,22.37,nasa,0.76
2013-05-10,0.0,16.36,10.47,23.48,nasa,0.76
2013-05-11,0.05,16.6,10.76,22.89,nasa,0.75
2013-05-12,0.01,16.93,11.16,22.91,nasa,0.75
2013-05-13,0.04,17.78,10.33,24.05,nasa,0.75
2013-05-14,0.01,19.54,13.5,25.03,nasa,0.75
2013-05-15,0.01,19.81,13.43,25.67,nasa,0.74
2013-05-16,0.06,20.83,14.86,25.47,nasa,0.74
2013-05-17,0.1,18.11,14.25,21.32,nasa,0.74
2013-05-18,0.09,17.45,13.03,21.85,nasa,0.74
2013-05-19,0.03,18.89,13.23,24.22,nasa,0.74
2013-05-20,0.0,19.67,14.72,25.14,nasa,0.73
2013-05-21,0.22,19.72,14.88,25.31,nasa,0.73
2013-05-22,3.4,19.64,15.77,24.54,nasa,0.73
2013-05-23,0.25,18.28,15.26,23.36,nasa,0.73
2013-05-24,5.64,15.8,13.83,18.54,nasa,0.73
2013-05-25,0.18,15.83,11.54,21.55,nasa,0.74
2013-05-26,0.01,16.7,11.64,22.53,nasa,0.74
2013-05-27,16.08,17.2,13.75,21.55,nasa,0.74
2013-05-28,29.79,18.85,15.76,23.52,nasa,0.77
2013-05-29,0.94,18.51,15.71,23.0,nasa,0.79
2013-05-30,0.88,17.95,15.8,21.16,nasa,0.78
2013-05-31,0.03,18.61,15.35,23.32,nasa,0.77
2013-06-01,0.1,18.67,13.43,24.12,nasa,0.76
2013-06-02,11.48,19.05,14.14,23.53,nasa,0.77
2013-06-03,2.63,18.61,16.31,21.6,nasa,0.77
2013-06-04,0.1,17.38,13.65,22.27,nasa,0.77
2013-06-05,0.03,16.87,11.8,22.18,nasa,0.76
2013-06-06,0.02,17.45,10.6,23.33,nasa,0.76
2013-06-07,0.0,18.23,12.27,24.58,nasa,0.75
2013-06-08,0.0,17.81,12.35,24.14,nasa,0.75
2013-06-09,0.0,17.88,13.67,23.32,nasa,0.75
2013-06-10,0.01,17.32,12.14,22.41,nasa,0.74
2013-06-11,0.08,18.12,12.11,23.27,nasa,0.74
2013-06-12,0.27,18.18,12.64,23.95,nasa,0.74
2013-06-13,0.03,18.02,12.8,23.48,nasa,0.74
2013-06-14,0.0,18.05,12.21,23.29,nasa,0.73
2013-06-15,0.01,17.22,11.1,22.78,nasa,0.73
2013-06-16,5.95,17.04,12.91,22.74,nasa,0.73
2013-06-17,3.53,16.92,13.33,22.53,nasa,0.74
2013-06-18,0.03,17.08,12.15,23.26,nasa,0.74
2013-06-19,0.02,16.7,11.0,23.37,nasa,0.74
2013-06-20,0.0,16.94,11.93,22.82,nasa,0.73
2013-06-21,0.0,17.71,11.81,23.94,nasa,0.73
2013-06-22,0.09,18.79,15.34,24.43,nasa,0.73
2013-06-23,0.14,18.83,14.77,23.37,nasa,0.73
2013-06-24,1.45,18.3,14.63,23.04,nasa,0.72
2013-06-25,0.01,17.84,12.93,23.07,nasa,0.72
2013-06-26,0.87,18.4,14.08,22.83,nasa,0.72
2013-06-27,1.85,19.46,14.56,24.26,nasa,0.72
2013-06-28,0.34,19.85,14.46,24.42,nasa,0.72
2013-06-29,0.0,19.82,13.96,25.47,nasa,0.72
2013-06-30,0.21,19.92,14.29,25.78,nasa,0.71
2013-07-01,5.7,18.86,14.3,23.96,nasa,0.71
2013-07-02,0.24,17.78,13.93,23.04,nasa,0.72
2013-07-03,0.0,16.63,12.43,22.75,nasa,0.72
2013-07-04,0.0,16.26,11.0,23.04,nasa,0.71
2013-07-05,0.01,16.35,11.45,23.19,nasa,0.71
2013-07-06,0.02,16.04,8.29,23.08,nasa,0.71
2013-07-07,0.0,17.65,11.75,23.67,nasa,0.7
2013-07-08,0.04,16.06,9.68,23.19,nasa,0.7
2013-07-09,0.03,16.87,12.26,22.9,nasa,0.7
2013-07-10,0.0,15.68,11.67,21.56,nasa,0.7
2013-07-11,0.0,15.64,11.15,21.76,nasa,0.7
2013-07-12,0.0,15.47,9.6,21.93,nasa,0.69
2013-07-13,0.0,17.08,10.09,23.48,nasa,0.69
2013-07-14,0.72,19.03,12.34,24.25,nasa,0.69
2013-07-15,0.06,18.65,14.21,25.06,nasa,0.69
2013-07-16,0.04,17.29,12.08,24.44,nasa,0.69
2013-07-17,0.0,17.23,9.72,24.43,nasa,0.68
2013-07-18,0.09,18.37,10.98,26.01,nasa,0.68
2013-07-19,3.67,19.56,13.58,26.35,nasa,0.68
2013-07-20,0.83,19.26,14.32,24.85,nasa,0.68
2013-07-21,0.02,20.46,14.25,27.52,nasa,0.68
2013-07-22,0.21,20.88,14.38,28.18,nasa,0.68
2013-07-23,0.25,17.12,11.99,21.53,nasa,0.68
2013-07-24,9.88,14.04,11.43,17.27,nasa,0.68
2013-07-25,13.52,12.75,9.72,15.88,nasa,0.72
2013-07-26,0.03,12.4,6.29,19.89,nasa,0.71
2013-07-27,0.12,13.82,8.39,21.41,nasa,0.71
2013-07-28,0.0,14.42,7.71,22.1,nasa,0.7
2013-07-29,0.01,14.63,6.99,23.43,nasa,0.7
2013-07-30,0.39,15.06,8.68,23.77,nasa,0.69
2013-07-31,0.0,15.3,7.65,24.06,nasa,0.69
2013-08-01,0.0,16.33,8.61,24.65,nasa,0.68
2013-08-02,0.0,18.09,9.91,25.35,nasa,0.68
2013-08-03,0.0,19.64,12.63,26.26,nasa,0.68
2013-08-04,0.0,19.09,9.9,27.21,nasa,0.67
2013-08-05,0.0,19.56,11.55,27.91,nasa,0.67
2013-08-06,0.0,18.01,12.39,25.96,nasa,0.67
2013-08-07,0.0,18.19,12.57,26.82,nasa,0.66
2013-08-08,0.0,18.52,11.37,25.77,nasa,0.66
2013-08-09,0.0,19.14,12.49,25.65,nasa,0.66
2013-08-10,0.0,19.23,12.33,26.68,nasa,0.66
2013-08-11,0.0,17.26,12.64,24.7,nasa,0.66
2013-08-12,0.0,18.75,11.33,25.81,nasa,0.65
2013-08-13,0.04,21.32,15.37,27.59,nasa,0.65
2013-08-14,0.23,20.03,13.13,26.8,nasa,0.65
2013-08-15,0.05,13.43,8.41,20.83,nasa,0.65
2013-08-16,0.05,15.29,7.96,23.9,nasa,0.65
2013-08-17,0.4,17.76,10.88,24.92,nasa,0.65
2013-08-18,4.77,17.21,13.36,22.68,nasa,0.65
2013-08-19,0.8,15.76,12.56,20.21,nasa,0.66
2013-08-20,0.1,16.81,10.1,24.49,nasa,0.65
2013-08-21,0.0,18.18,12.49,24.95,nasa,0.65
2013-08-22,0.0,19.62,12.64,26.15,nasa,0.65
2013-08-23,0.0,20.61,13.7,27.86,nasa,0.65
2013-08-24,0.0,20.61,13.05,28.34,nasa,0.64
2013-08-25,0.0,19.87,11.27,27.74,nasa,0.64
2013-08-26,0.11,21.9,13.38,30.36,nasa,0.64
2013-08-27,0.0,17.54,10.67,23.42,nasa,0.64
2013-08-28,0.0,14.41,8.66,23.41,nasa,0.63
2013-08-29,0.0,15.82,6.64,26.18,nasa,0.63
2013-08-30,0.0,17.74,9.22,27.04,nasa,0.63
2013-08-31,0.0,18.17,9.8,26.95,nasa,0.63
2013-09-01,0.0,20.13,13.01,27.69,nasa,0.63
2013-09-02,0.0,20.24,10.53,28.82,nasa,0.63
2013-09-03,1.25,20.5,13.56,29.22,nasa,0.62
2013-09-04,9.19,17.41,13.47,21.89,nasa,0.64
2013-09-05,0.04,18.09,12.17,25.75,nasa,0.64
2013-09-06,0.0,18.9,13.23,26.64,nasa,0.64
2013-09-07,0.0,19.3,12.52,26.81,nasa,0.63
2013-09-08,0.0,19.73,11.85,27.52,nasa,0.63
2013-09-09,0.0,20.24,11.75,28.82,nasa,0.63
2013-09-10,0.0,20.99,12.82,29.51,nasa,0.63
2013-09-11,0.0,20.78,14.8,27.7,nasa,0.62
2013-09-12,0.08,19.83,12.54,27.83,nasa,0.62
2013-09-13,0.0,20.41,11.88,27.87,nasa,0.62
2013-09-14,0.0,21.8,13.97,29.0,nasa,0.62
2013-09-15,0.0,23.2,14.99,30.12,nasa,0.61
2013-09-16,3.58,23.56,16.8,31.29,nasa,0.61
2013-09-17,14.68,23.73,18.26,31.26,nasa,0.63
2013-09-18,0.0,23.14,19.77,28.03,nasa,0.64
2013-09-19,3.33,23.46,17.44,29.7,nasa,0.64
2013-09-20,0.14,24.0,18.18,31.35,nasa,0.64
2013-09-21,0.0,23.39,15.91,31.76,nasa,0.63
2013-09-22,1.02,24.86,16.92,33.53,nasa,0.63
2013-09-23,0.21,23.41,19.98,28.59,nasa,0.63
2013-09-24,8.11,22.1,16.94,27.42,nasa,0.64
2013-09-25,0.0,18.11,11.52,26.32,nasa,0.64
2013-09-26,0.01,16.87,9.3,26.38,nasa,0.63
2013-09-27,0.0,18.62,9.28,28.68,nasa,0.63
2013-09-28,6.3,21.02,10.98,30.59,nasa,0.62
2013-09-29,11.05,21.26,15.62,28.49,nasa,0.65
2013-09-30,4.87,21.23,17.47,25.32,nasa,0.65
2013-10-01,2.54,21.92,18.46,27.36,nasa,0.65
2013-10-02,14.03,20.91,16.86,25.89,nasa,0.66
2013-10-03,12.58,22.15,16.94,27.27,nasa,0.67
2013-10-04,5.7,20.74,17.97,24.93,nasa,0.69
2013-10-05,0.19,20.91,15.22,27.05,nasa,0.68
2013-10-06,0.0,18.28,11.8,26.37,nasa,0.67
2013-10-07,0.04,16.8,11.87,22.4,nasa,0.66
2013-10-08,2.42,16.5,11.81,21.66,nasa,0.66
2013-10-09,0.08,18.05,11.36,25.18,nasa,0.65
2013-10-10,0.03,18.86,11.8,26.53,nasa,0.65
2013-10-11,0.02,19.31,12.05,27.05,nasa,0.64
2013-10-12,0.12,19.21,13.47,26.05,nasa,0.64
2013-10-13,0.41,21.29,12.68,28.93,nasa,0.63
2013-10-14,0.28,22.88,14.31,30.35,nasa,0.63
2013-10-15,5.87,22.0,18.54,28.02,nasa,0.63
2013-10-16,8.35,19.97,17.52,23.5,nasa,0.64
2013-10-17,12.21,19.72,16.68,24.17,nasa,0.66
2013-10-18,6.18,21.41,15.81,28.11,nasa,0.67
2013-10-19,0.5,21.96,15.29,28.57,nasa,0.67
2013-10-20,0.0,23.45,14.67,31.0,nasa,0.66
2013-10-21,5.18,25.14,17.48,31.47,nasa,0.65
2013-10-22,0.6,23.65,19.46,28.33,nasa,0.65
2013-10-23,1.0,23.62,18.68,29.7,nasa,0.65
2013-10-24,0.01,24.64,17.34,32.18,nasa,0.64
2013-10-25,0.0,24.57,17.24,32.06,nasa,0.64
2013-10-26,0.0,24.25,17.24,31.77,nasa,0.63
2013-10-27,1.54,25.46,19.82,32.94,nasa,0.63
2013-10-28,0.27,22.2,15.76,31.11,nasa,0.62
2013-10-29,0.14,22.22,14.97,30.48,nasa,0.62
2013-10-30,4.92,20.9,16.24,25.49,nasa,0.62
2013-10-31,2.22,22.03,16.32,29.39,nasa,0.63
2013-11-01,0.38,21.56,15.37,28.48,nasa,0.63
2013-11-02,0.03,22.52,14.75,30.24,nasa,0.62
2013-11-03,0.0,23.43,14.74,31.23,nasa,0.62
2013-11-04,2.69,22.81,15.91,30.83,nasa,0.62
2013-11-05,11.89,21.98,17.64,27.82,nasa,0.63
2013-11-06,24.89,18.83,15.89,23.13,nasa,0.65
2013-11-07,9.14,19.18,14.93,24.54,nasa,0.68
2013-11-08,0.44,21.32,15.27,27.88,nasa,0.68
2013-11-09,0.01,22.62,15.99,29.64,nasa,0.66
2013-11-10,0.0,24.43,16.57,31.8,nasa,0.65
2013-11-11,0.16,26.57,18.07,33.72,nasa,0.64
2013-11-12,0.4,26.54,21.57,32.85,nasa,0.64
2013-11-13,0.18,24.31,17.5,31.19,nasa,0.63
2013-11-14,0.0,22.6,13.3,31.87,nasa,0.63
2013-11-15,0.52,22.88,14.26,30.95,nasa,0.62
2013-11-16,5.04,23.91,17.35,30.36,nasa,0.62
2013-11-17,12.85,21.12,18.75,23.51,nasa,0.64
2013-11-18,3.68,22.19,16.06,28.28,nasa,0.65
2013-11-19,0.97,23.74,18.74,29.75,nasa,0.65
2013-11-20,0.02,25.42,16.94,32.52,nasa,0.64
2013-11-21,0.78,25.24,17.33,33.2,nasa,0.63
2013-11-22,5.87,24.17,20.02,29.4,nasa,0.63
2013-11-23,16.74,21.85,17.84,26.49,nasa,0.65
2013-11-24,15.1,20.2,17.76,23.25,nasa,0.67
2013-11-25,27.2,20.02,17.91,23.28,nasa,0.7
2013-11-26,12.97,20.57,17.22,25.0,nasa,0.73
2013-11-27,1.82,22.15,17.77,27.63,nasa,0.72
2013-11-28,0.74,23.5,17.71,28.94,nasa,0.7
2013-11-29,6.91,24.31,18.73,29.5,nasa,0.69
2013-11-30,7.47,22.0,19.87,25.33,nasa,0.69
2013-12-01,7.42,21.61,19.55,24.86,nasa,0.69
2013-12-02,5.77,22.32,19.35,26.02,nasa,0.7
2013-12-03,2.46,24.26,19.48,29.84,nasa,0.69
2013-12-04,1.41,25.14,18.77,30.98,nasa,0.68
2013-12-05,7.85,25.15,20.39,30.06,nasa,0.68
2013-12-06,0.08,24.62,18.83,30.77,nasa,0.68
2013-12-07,4.8,22.28,18.74,26.55,nasa,0.67
2013-12-08,6.09,23.08,19.33,27.71,nasa,0.68
2013-12-09,1.01,24.47,19.1,30.26,nasa,0.67
2013-12-10,9.25,23.43,20.81,26.52,nasa,0.67
2013-12-11,13.07,22.34,18.49,26.29,nasa,0.69
2013-12-12,2.57,21.2,17.55,25.96,nasa,0.7
2013-12-13,0.04,21.95,15.63,27.9,nasa,0.69
2013-12-14,0.82,22.36,16.41,28.26,nasa,0.67
2013-12-15,6.15,23.51,18.64,29.25,nasa,0.67
2013-12-16,3.4,23.08,18.46,28.72,nasa,0.67
2013-12-17,2.16,22.11,16.55,27.76,nasa,0.67
2013-12-18,1.32,22.91,16.11,30.12,nasa,0.66
2013-12-19,3.32,23.24,16.66,29.79,nasa,0.65
2013-12-20,13.1,23.44,18.38,29.11,nasa,0.66
2013-12-21,13.26,21.81,19.2,25.49,nasa,0.68
2013-12-22,2.76,21.62,18.22,26.23,nasa,0.69
2013-12-23,3.78,21.35,17.9,24.8,nasa,0.69
2013-12-24,5.52,22.79,19.07,27.26,nasa,0.69
2013-12-25,1.65,24.02,19.36,29.21,nasa,0.68
2013-12-26,1.89,25.09,19.79,31.08,nasa,0.67
2013-12-27,3.6,25.4,18.8,32.01,nasa,0.67
2013-12-28,3.71,24.02,20.24,28.91,nasa,0.67
2013-12-29,4.34,23.8,19.88,28.24,nasa,0.66
2013-12-30,10.25,22.72,20.87,25.42,nasa,0.68
2013-12-31,3.94,23.66,20.24,28.55,nasa,0.68
2014-01-01,0.62,24.42,20.35,29.09,nasa,0.68
2014-01-02,0.6,25.43,20.27,31.03,nasa,0.67
2014-01-03,0.02,26.99,20.47,33.02,nasa,0.66
2014-01-04,0.0,27.35,20.64,33.89,nasa,0.65
2014-01-05,0.7,25.96,20.33,32.69,nasa,0.64
2014-01-06,0.05,25.06,18.27,32.32,nasa,0.64
2014-01-07,0.04,25.1,19.18,32.26,nasa,0.63
2014-01-08,0.02,24.78,17.21,31.12,nasa,0.63
2014-01-09,1.64,25.72,18.56,33.08,nasa,0.62
2014-01-10,1.08,24.37,18.89,29.6,nasa,0.62
2014-01-11,2.81,25.32,20.32,30.55,nasa,0.63
2014-01-12,0.5,24.35,20.7,28.56,nasa,0.63
2014-01-13,0.3,25.1,20.99,30.02,nasa,0.63
2014-01-14,0.04,26.27,19.11,32.9,nasa,0.62
2014-01-15,0.37,26.9,19.77,34.24,nasa,0.62
2014-01-16,5.93,24.63,20.13,29.36,nasa,0.62
2014-01-17,10.64,23.56,20.3,29.08,nasa,0.64
2014-01-18,2.3,23.54,19.58,28.31,nasa,0.65
2014-01-19,0.26,24.41,18.27,30.32,nasa,0.64
2014-01-20,12.14,24.58,18.73,30.87,nasa,0.64
2014-01-21,2.64,24.16,19.38,29.95,nasa,0.65
2014-01-22,9.39,24.28,19.88,29.09,nasa,0.65
2014-01-23,7.03,24.07,20.58,28.67,nasa,0.66
2014-01-24,23.03,23.37,19.16,28.84,nasa,0.68
2014-01-25,0.55,24.12,16.97,29.77,nasa,0.69
2014-01-26,0.01,24.63,19.45,30.23,nasa,0.67
2014-01-27,0.01,24.34,18.41,30.8,nasa,0.66
2014-01-28,0.0,23.72,17.7,31.18,nasa,0.65
2014-01-29,0.02,23.84,15.21,31.93,nasa,0.64
2014-01-30,0.01,25.08,17.17,33.08,nasa,0.63
2014-01-31,0.0,25.44,17.46,33.17,nasa,0.63
2014-02-01,0.0,25.44,17.26,33.42,nasa,0.62
2014-02-02,0.13,26.06,18.85,33.29,nasa,0.62
2014-02-03,0.01,26.48,19.8,34.16,nasa,0.61
2014-02-04,0.05,26.53,18.35,34.4,nasa,0.61
2014-02-05,0.0,27.24,20.57,35.45,nasa,0.61
2014-02-06,0.0,25.66,17.82,34.46,nasa,0.61
2014-02-07,5.18,25.77,18.52,32.95,nasa,0.61
2014-02-08,0.19,26.3,18.3,33.75,nasa,0.61
2014-02-09,0.67,26.26,17.3,34.31,nasa,0.61
2014-02-10,0.0,26.73,18.69,34.47,nasa,0.6
2014-02-11,0.0,25.97,19.43,32.86,nasa,0.6
2014-02-12,0.0,26.09,19.85,32.73,nasa,0.6
2014-02-13,0.02,27.27,19.61,34.3,nasa,0.6
2014-02-14,5.24,26.59,21.49,32.92,nasa,0.6
2014-02-15,16.05,23.69,19.99,29.24,nasa,0.61
2014-02-16,7.5,22.11,19.2,26.4,nasa,0.64
2014-02-17,4.12,22.61,18.67,27.87,nasa,0.65
2014-02-18,0.27,23.12,17.22,30.37,nasa,0.64
2014-02-19,0.01,23.31,16.09,30.41,nasa,0.63
2014-02-20,0.0,24.63,17.19,31.52,nasa,0.63
2014-02-21,1.4,24.63,18.97,30.22,nasa,0.62
2014-02-22,0.36,24.53,19.55,30.35,nasa,0.62
2014-02-23,0.01,25.17,19.13,31.15,nasa,0.62
2014-02-24,0.07,23.77,20.43,27.53,nasa,0.61
2014-02-25,3.82,23.67,20.19,28.21,nasa,0.61
2014-02-26,0.02,25.46,16.56,33.44,nasa,0.62
2014-02-27,3.26,26.14,18.82,33.35,nasa,0.61
2014-02-28,10.69,24.04,19.78,28.79,nasa,0.62
2014-03-01,1.76,22.37,19.66,25.98,nasa,0.63
2014-03-02,1.76,24.2,17.76,31.53,nasa,0.63
2014-03-03,0.8,24.44,19.25,31.19,nasa,0.63
2014-03-04,0.19,24.42,19.02,30.88,nasa,0.62
2014-03-05,0.77,23.69,18.94,29.74,nasa,0.62
2014-03-06,21.11,23.32,19.79,27.16,nasa,0.63
2014-03-07,4.6,21.55,18.47,25.21,nasa,0.66
2014-03-08,3.36,20.56,17.96,23.3,nasa,0.66
2014-03-09,0.25,23.35,17.03,30.44,nasa,0.65
2014-03-10,0.06,24.12,18.13,30.85,nasa,0.64
2014-03-11,0.18,24.68,17.62,31.54,nasa,0.63
2014-03-12,0.03,24.65,19.76,30.93,nasa,0.63
2014-03-13,0.2,23.33,19.04,28.13,nasa,0.62
2014-03-14,1.0,24.17,18.24,30.76,nasa,0.62
2014-03-15,0.01,25.21,17.04,32.7,nasa,0.62
2014-03-16,0.05,25.84,18.28,32.94,nasa,0.61
2014-03-17,0.1,25.3,18.17,32.32,nasa,0.61
2014-03-18,0.43,24.91,19.12,30.24,nasa,0.61
2014-03-19,4.52,24.55,20.08,30.3,nasa,0.61
2014-03-20,7.3,24.93,20.65,31.15,nasa,0.61
2014-03-21,19.46,23.81,20.68,28.39,nasa,0.64
2014-03-22,2.78,23.36,19.67,28.65,nasa,0.65
2014-03-23,1.92,22.43,18.11,28.77,nasa,0.65
2014-03-24,0.15,21.49,16.81,27.09,nasa,0.64
2014-03-25,1.38,22.16,15.6,29.4,nasa,0.64
2014-03-26,1.18,22.4,15.95,29.11,nasa,0.63
2014-03-27,0.15,23.59,18.27,30.58,nasa,0.63
2014-03-28,0.11,23.65,18.15,30.64,nasa,0.62
2014-03-29,0.01,24.19,17.87,31.0,nasa,0.62
2014-03-30,6.09,23.07,19.96,27.69,nasa,0.62
2014-03-31,3.02,23.62,19.12,29.5,nasa,0.63
2014-04-01,13.06,22.95,20.42,27.8,nasa,0.64
2014-04-02,6.25,23.43,19.58,28.76,nasa,0.65
2014-04-03,3.32,22.92,19.1,28.45,nasa,0.65
2014-04-04,0.11,22.84,17.34,29.49,nasa,0.65
2014-04-05,0.01,22.1,16.6,29.63,nasa,0.64
2014-04-06,0.02,22.17,15.45,30.2,nasa,0.63
2014-04-07,0.0,22.91,14.11,31.04,nasa,0.63
2014-04-08,0.08,23.75,16.29,31.26,nasa,0.62
2014-04-09,0.09,24.03,16.6,32.52,nasa,0.62
2014-04-10,3.51,24.51,18.3,31.69,nasa,0.62
2014-04-11,0.95,22.44,19.19,26.38,nasa,0.62
2014-04-12,9.76,24.17,20.07,29.6,nasa,0.62
2014-04-13,3.13,23.03,20.05,27.19,nasa,0.64
2014-04-14,11.24,22.42,18.18,27.75,nasa,0.64
2014-04-15,6.19,19.28,16.16,23.58,nasa,0.65
2014-04-16,6.71,19.85,17.11,24.07,nasa,0.66
2014-04-17,0.05,21.69,17.12,27.29,nasa,0.66
2014-04-18,0.03,21.88,16.34,28.16,nasa,0.65
2014-04-19,1.21,23.23,16.3,29.14,nasa,0.64
2014-04-20,0.12,23.66,18.67,29.51,nasa,0.64
2014-04-21,0.02,23.12,18.06,29.36,nasa,0.64
2014-04-22,7.12,22.19,17.97,27.0,nasa,0.64
2014-04-23,1.96,21.06,18.82,24.43,nasa,0.64
2014-04-24,1.79,20.84,16.98,25.91,nasa,0.64
2014-04-25,2.86,19.22,14.44,25.2,nasa,0.64
2014-04-26,0.49,18.22,13.52,25.4,nasa,0.64
2014-04-27,0.0,17.89,12.16,25.81,nasa,0.64
2014-04-28,0.0,17.7,12.65,24.99,nasa,0.63
2014-04-29,0.0,16.18,9.51,24.32,nasa,0.63
2014-04-30,0.0,16.29,8.16,25.53,nasa,0.63
2014-05-01,0.0,18.36,10.26,26.73,nasa,0.62
2014-05-02,0.02,20.74,12.82,28.77,nasa,0.62
2014-05-03,0.0,18.39,13.44,25.4,nasa,0.62
2014-05-04,0.02,19.44,13.48,27.55,nasa,0.62
2014-05-05,0.0,20.64,12.53,28.08,nasa,0.62
2014-05-06,0.0,21.69,13.31,29.1,nasa,0.61
2014-05-07,0.03,20.69,14.97,26.02,nasa,0.61
2014-05-08,0.02,21.48,15.02,28.68,nasa,0.61
2014-05-09,0.0,20.68,14.25,28.72,nasa,0.61
2014-05-10,0.01,18.56,13.27,26.04,nasa,0.61
2014-05-11,0.01,17.55,12.06,25.66,nasa,0.61
2014-05-12,0.39,17.04,10.07,24.63,nasa,0.61
2014-05-13,0.42,17.5,9.48,24.88,nasa,0.61
2014-05-14,0.0,18.38,11.02,26.12,nasa,0.61
2014-05-15,0.01,18.98,11.13,26.97,nasa,0.6
2014-05-16,0.0,20.19,12.58,27.45,nasa,0.6
2014-05-17,0.01,19.05,12.91,25.77,nasa,0.6
2014-05-18,0.23,19.64,15.75,25.37,nasa,0.6
2014-05-19,0.0,19.62,13.91,27.35,nasa,0.6
2014-05-20,0.02,19.38,13.33,27.29,nasa,0.6
2014-05-21,0.0,19.3,11.75,27.91,nasa,0.6
2014-05-22,0.25,20.83,12.99,29.62,nasa,0.6
2014-05-23,4.91,21.08,16.39,27.14,nasa,0.61
2014-05-24,1.78,20.58,16.14,27.3,nasa,0.61
2014-05-25,3.78,19.52,14.92,25.56,nasa,0.61
2014-05-26,4.58,20.54,15.49,26.67,nasa,0.62
2014-05-27,0.0,15.9,10.08,23.52,nasa,0.62
2014-05-28,0.06,16.76,11.35,24.73,nasa,0.62
2014-05-29,0.01,17.1,12.2,24.4,nasa,0.62
2014-05-30,0.03,16.98,11.35,24.35,nasa,0.61
2014-05-31,0.02,16.79,10.45,23.93,nasa,0.61
2014-06-01,5.17,18.28,11.22,25.73,nasa,0.61
2014-06-02,0.41,18.42,12.68,25.2,nasa,0.62
2014-06-03,0.01,16.36,10.29,24.36,nasa,0.62
2014-06-04,0.04,16.49,8.12,25.33,nasa,0.61
2014-06-05,0.0,18.46,10.33,27.32,nasa,0.61
2014-06-06,0.0,19.61,12.5,28.62,nasa,0.61
2014-06-07,0.0,20.15,13.15,28.7,nasa,0.61
2014-06-08,0.03,19.36,12.67,27.57,nasa,0.61
2014-06-09,0.0,19.9,12.32,28.03,nasa,0.6
2014-06-10,0.02,19.24,14.52,25.84,nasa,0.6
2014-06-11,0.01,19.27,14.08,25.75,nasa,0.6
2014-06-12,0.06,18.68,13.27,26.23,nasa,0.6
2014-06-13,0.03,18.79,12.42,26.23,nasa,0.6
2014-06-14,0.04,19.75,13.99,26.38,nasa,0.6
2014-06-15,0.31,20.18,14.61,27.05,nasa,0.6
2014-06-16,0.18,19.71,14.09,26.37,nasa,0.6
2014-06-17,0.0,19.75,12.42,27.39,nasa,0.6
2014-06-18,1.65,18.93,12.54,26.38,nasa,0.6
2014-06-19,1.48,17.6,12.74,25.06,nasa,0.6
2014-06-20,0.0,16.84,11.46,22.93,nasa,0.6
2014-06-21,0.02,17.71,12.42,24.29,nasa,0.6
2014-06-22,0.01,18.05,13.63,24.33,nasa,0.6
2014-06-23,0.03,17.3,11.79,23.84,nasa,0.6
2014-06-24,0.0,18.67,10.82,25.8,nasa,0.6
2014-06-25,0.01,18.61,9.91,26.29,nasa,0.59
2014-06-26,0.02,19.68,11.52,27.35,nasa,0.59
2014-06-27,0.0,20.16,11.9,27.87,nasa,0.59
2014-06-28,0.0,19.66,11.66,27.79,nasa,0.59
2014-06-29,0.0,20.17,13.51,27.01,nasa,0.59
2014-06-30,0.0,18.48,13.8,24.6,nasa,0.59
2014-07-01,0.01,17.63,10.71,26.4,nasa,0.59
2014-07-02,0.0,20.34,11.69,28.39,nasa,0.59
2014-07-03,0.01,21.79,14.14,29.3,nasa,0.59
2014-07-04,0.0,21.03,13.41,29.14,nasa,0.59
2014-07-05,0.0,19.81,12.52,28.1,nasa,0.59
2014-07-06,0.0,18.19,11.56,25.67,nasa,0.59
2014-07-07,0.02,19.52,12.9,26.0,nasa,0.59
2014-07-08,0.11,19.39,14.91,25.41,nasa,0.59
2014-07-09,9.58,17.95,12.78,24.42,nasa,0.6
2014-07-10,4.17,16.73,13.46,21.5,nasa,0.61
2014-07-11,0.04,16.8,12.73,23.46,nasa,0.61
2014-07-12,0.0,16.77,11.34,24.03,nasa,0.61
2014-07-13,0.0,16.85,12.31,23.89,nasa,0.61
2014-07-14,0.0,16.15,10.54,23.31,nasa,0.6
2014-07-15,0.01,16.22,8.99,23.62,nasa,0.6
2014-07-16,0.0,17.13,9.54,24.4,nasa,0.6
2014-07-17,0.0,17.98,10.57,25.73,nasa,0.6
2014-07-18,0.0,19.0,11.72,26.54,nasa,0.6
2014-07-19,0.0,17.27,10.94,24.8,nasa,0.6
2014-07-20,0.0,15.7,8.67,24.65,nasa,0.6
2014-07-21,0.0,16.54,9.72,25.64,nasa,0.59
2014-07-22,0.0,17.53,10.44,25.93,nasa,0.59
2014-07-23,0.0,16.72,8.77,25.32,nasa,0.59
2014-07-24,3.63,18.72,11.48,26.41,nasa,0.59
2014-07-25,8.61,16.43,13.62,20.18,nasa,0.61
2014-07-26,5.29,14.81,12.43,19.0,nasa,0.62
2014-07-27,4.5,15.69,13.34,19.43,nasa,0.63
2014-07-28,0.18,16.82,11.9,22.53,nasa,0.62
2014-07-29,0.0,16.34,12.25,22.36,nasa,0.62
2014-07-30,0.0,16.47,10.36,23.74,nasa,0.62
2014-07-31,0.0,16.59,8.97,24.05,nasa,0.61
2014-08-01,0.01,18.4,11.49,25.86,nasa,0.61
2014-08-02,0.0,19.92,12.82,27.95,nasa,0.61
2014-08-03,0.0,20.64,14.09,28.44,nasa,0.6
2014-08-04,0.0,20.31,13.52,29.26,nasa,0.6
2014-08-05,0.02,18.41,12.0,26.04,nasa,0.6
2014-08-06,0.0,15.22,8.02,25.65,nasa,0.6
2014-08-07,0.0,15.92,6.87,25.62,nasa,0.6
2014-08-08,0.15,17.35,8.59,27.4,nasa,0.59
2014-08-09,0.0,17.74,9.62,26.56,nasa,0.59
2014-08-10,0.0,18.27,12.62,26.01,nasa,0.59
2014-08-11,0.0,18.23,10.24,27.12,nasa,0.59
2014-08-12,0.0,20.02,11.78,29.5,nasa,0.59
2014-08-13,0.32,20.61,13.74,30.14,nasa,0.59
2014-08-14,1.38,16.0,11.96,21.71,nasa,0.59
2014-08-15,0.02,17.67,11.97,24.75,nasa,0.59
2014-08-16,0.02,19.36,13.11,27.05,nasa,0.59
2014-08-17,2.86,19.06,13.34,26.39,nasa,0.59
2014-08-18,0.95,19.36,14.16,25.62,nasa,0.6
2014-08-19,0.0,19.54,12.6,27.52,nasa,0.59
2014-08-20,0.0,19.47,12.94,28.16,nasa,0.59
2014-08-21,0.0,20.46,12.76,28.77,nasa,0.59
2014-08-22,0.0,21.24,11.8,29.86,nasa,0.59
2014-08-23,0.0,21.29,11.85,30.91,nasa,0.59
2014-08-24,0.0,20.74,11.17,30.43,nasa,0.59
2014-08-25,0.0,20.95,11.38,30.34,nasa,0.59
2014-08-26,0.0,22.57,13.58,31.86,nasa,0.59
2014-08-27,0.0,22.81,17.27,30.67,nasa,0.59
2014-08-28,0.48,21.83,14.72,29.73,nasa,0.59
2014-08-29,0.24,21.01,13.17,30.13,nasa,0.59
2014-08-30,0.0,21.9,13.64,31.72,nasa,0.59
2014-08-31,1.36,22.1,14.71,30.82,nasa,0.59
2014-09-01,0.45,22.37,16.16,31.0,nasa,0.59
2014-09-02,3.06,24.44,15.65,32.52,nasa,0.59
2014-09-03,7.79,23.75,18.54,30.63,nasa,0.61
2014-09-04,0.0,19.98,13.24,28.53,nasa,0.6
2014-09-05,0.0,17.8,12.02,26.09,nasa,0.6
2014-09-06,0.0,17.11,9.06,26.42,nasa,0.6
2014-09-07,0.0,19.23,9.69,28.27,nasa,0.6
2014-09-08,0.0,20.4,12.84,29.4,nasa,0.59
2014-09-09,0.0,20.74,13.18,30.34,nasa,0.59
2014-09-10,0.0,21.34,12.94,30.37,nasa,0.59
2014-09-11,0.0,23.12,13.5,32.38,nasa,0.59
2014-09-12,0.0,22.58,13.44,32.66,nasa,0.59
2014-09-13,0.0,21.82,13.96,31.45,nasa,0.59
2014-09-14,0.0,22.34,13.03,31.48,nasa,0.59
2014-09-15,0.03,23.03,14.33,31.91,nasa,0.58
2014-09-16,0.12,24.92,17.08,33.06,nasa,0.58
2014-09-17,0.0,24.59,16.39,32.73,nasa,0.58
2014-09-18,0.0,24.8,17.13,32.78,nasa,0.58
2014-09-19,1.05,25.2,17.98,33.24,nasa,0.58
2014-09-20,1.09,25.2,18.61,32.94,nasa,0.59
2014-09-21,9.5,22.04,16.8,27.83,nasa,0.6
2014-09-22,0.01,19.95,13.17,29.38,nasa,0.6
2014-09-23,0.01,20.78,10.12,30.99,nasa,0.6
2014-09-24,0.01,22.59,13.29,31.85,nasa,0.59
2014-09-25,0.65,23.88,16.15,32.45,nasa,0.59
2014-09-26,5.35,22.34,18.59,29.31,nasa,0.59
2014-09-27,0.1,22.42,17.63,28.95,nasa,0.6
2014-09-28,2.06,23.24,18.12,29.32,nasa,0.6
2014-09-29,3.15,25.18,18.28,31.87,nasa,0.6
2014-09-30,1.46,25.02,20.96,30.7,nasa,0.6
2014-10-01,0.22,25.85,20.72,32.86,nasa,0.6
2014-10-02,0.01,22.78,15.05,31.82,nasa,0.6
2014-10-03,0.0,19.12,12.48,29.13,nasa,0.59
2014-10-04,0.0,17.55,9.56,26.93,nasa,0.59
2014-10-05,0.0,17.47,10.31,26.15,nasa,0.59
2014-10-06,0.0,18.25,9.57,27.96,nasa,0.59
2014-10-07,0.0,19.71,11.7,27.61,nasa,0.59
2014-10-08,0.0,21.59,12.16,30.16,nasa,0.59
2014-10-09,0.0,23.4,13.74,31.86,nasa,0.59
2014-10-10,0.0,24.79,15.13,33.57,nasa,0.58
2014-10-11,0.0,26.37,16.25,35.05,nasa,0.58
2014-10-12,0.0,26.57,16.55,35.79,nasa,0.58
2014-10-13,0.0,27.64,18.15,36.63,nasa,0.58
2014-10-14,0.0,28.2,18.32,37.77,nasa,0.58
2014-10-15,0.0,28.4,20.34,37.58,nasa,0.58
2014-10-16,0.0,28.1,19.82,36.28,nasa,0.58
2014-10-17,4.21,29.12,21.67,36.59,nasa,0.59
2014-10-18,1.29,29.52,21.02,37.56,nasa,0.59
2014-10-19,3.68,28.23,21.45,36.43,nasa,0.59
2014-10-20,2.13,26.34,19.62,35.16,nasa,0.59
2014-10-21,1.66,23.48,18.72,30.41,nasa,0.59
2014-10-22,0.63,21.91,16.49,28.72,nasa,0.59
2014-10-23,0.03,23.85,15.35,31.67,nasa,0.59
2014-10-24,4.96,25.49,17.9,33.07,nasa,0.59
2014-10-25,11.54,21.22,18.45,23.71,nasa,0.61
2014-10-26,7.88,20.81,17.31,25.58,nasa,0.62
2014-10-27,1.5,23.48,17.84,30.46,nasa,0.62
2014-10-28,0.0,21.77,14.31,29.72,nasa,0.62
2014-10-29,0.0,22.99,14.78,30.89,nasa,0.61
2014-10-30,2.45,24.17,16.64,30.96,nasa,0.61
2014-10-31,2.16,23.54,19.35,29.35,nasa,0.61
2014-11-01,8.83,24.11,19.37,29.44,nasa,0.61
2014-11-02,7.33,23.7,20.11,28.48,nasa,0.62
2014-11-03,3.85,23.18,19.73,27.77,nasa,0.63
2014-11-04,0.65,23.94,20.12,29.9,nasa,0.62
2014-11-05,3.37,22.2,19.75,26.24,nasa,0.62
2014-11-06,5.76,23.56,18.26,30.69,nasa,0.62
2014-11-07,6.89,24.46,19.83,29.61,nasa,0.63
2014-11-08,0.3,24.77,19.91,32.07,nasa,0.63
2014-11-09,3.81,24.34,18.98,31.29,nasa,0.63
2014-11-10,0.11,24.17,16.32,31.85,nasa,0.62
2014-11-11,0.1,24.32,16.78,31.51,nasa,0.62
2014-11-12,13.16,23.03,18.39,29.21,nasa,0.62
2014-11-13,7.76,23.51,19.18,29.54,nasa,0.64
2014-11-14,7.8,23.58,18.2,29.78,nasa,0.65
2014-11-15,2.0,20.98,15.64,27.67,nasa,0.64
2014-11-16,0.02,21.93,13.91,29.82,nasa,0.63
2014-11-17,0.0,22.02,13.15,30.57,nasa,0.63
2014-11-18,0.0,21.8,13.02,30.43,nasa,0.62
2014-11-19,0.0,23.18,13.87,31.32,nasa,0.61
2014-11-20,0.13,23.43,16.41,31.05,nasa,0.61
2014-11-21,0.04,25.42,16.31,33.38,nasa,0.6
2014-11-22,4.39,24.85,20.78,29.7,nasa,0.6
2014-11-23,6.78,23.63,20.02,28.28,nasa,0.61
2014-11-24,21.26,22.99,19.84,27.6,nasa,0.64
2014-11-25,12.91,21.7,19.94,24.82,nasa,0.66
2014-11-26,18.01,21.9,19.68,24.58,nasa,0.68
2014-11-27,16.35,22.92,20.19,27.18,nasa,0.69
2014-11-28,14.25,22.61,18.13,27.35,nasa,0.71
2014-11-29,3.56,20.92,17.35,25.04,nasa,0.7
2014-11-30,11.73,21.04,17.3,26.19,nasa,0.69
2014-12-01,6.74,21.9,17.14,27.53,nasa,0.7
2014-12-02,0.21,20.64,13.98,26.73,nasa,0.68
2014-12-03,0.05,22.71,16.41,28.5,nasa,0.67
2014-12-04,3.01,24.4,19.65,30.35,nasa,0.66
2014-12-05,14.1,22.27,17.31,28.65,nasa,0.67
2014-12-06,1.39,21.98,16.82,27.49,nasa,0.67
2014-12-07,0.08,21.8,17.5,26.91,nasa,0.66
2014-12-08,0.11,22.3,17.53,26.45,nasa,0.66
2014-12-09,4.36,21.49,18.39,24.67,nasa,0.66
2014-12-10,9.02,21.7,18.46,25.06,nasa,0.66
2014-12-11,10.72,20.93,18.58,24.07,nasa,0.68
2014-12-12,12.56,20.97,17.82,24.11,nasa,0.69
2014-12-13,8.52,21.18,18.38,24.74,nasa,0.7
2014-12-14,7.44,23.58,19.0,29.68,nasa,0.7
2014-12-15,0.04,22.65,16.95,28.47,nasa,0.69
2014-12-16,0.0,22.43,15.36,28.72,nasa,0.67
2014-12-17,0.0,22.98,15.95,29.35,nasa,0.66
2014-12-18,7.33,23.84,19.91,28.75,nasa,0.66
2014-12-19,13.41,24.25,20.83,28.27,nasa,0.67
2014-12-20,4.48,23.68,20.77,28.05,nasa,0.69
2014-12-21,11.16,23.62,19.52,28.57,nasa,0.68
2014-12-22,27.13,23.33,20.78,27.25,nasa,0.71
2014-12-23,20.97,22.52,20.38,25.72,nasa,0.75
2014-12-24,4.06,22.84,18.45,27.12,nasa,0.74
2014-12-25,0.23,23.87,19.15,28.97,nasa,0.72
2014-12-26,0.0,23.99,18.51,30.05,nasa,0.71
2014-12-27,0.0,24.3,17.44,30.48,nasa,0.69
2014-12-28,0.25,25.06,18.47,30.86,nasa,0.68
2014-12-29,5.54,24.07,19.24,29.84,nasa,0.68
2014-12-30,0.98,23.83,19.42,27.71,nasa,0.67
2014-12-31,0.3,23.66,20.82,27.6,nasa,0.67
2015-01-01,0.19,25.08,20.47,29.79,nasa,0.67
2015-01-02,0.3,25.16,21.44,30.03,nasa,0.66
2015-01-03,7.44,25.86,20.49,31.82,nasa,0.66
2015-01-04,1.79,23.68,20.82,27.46,nasa,0.67
2015-01-05,4.99,22.72,19.82,26.86,nasa,0.67
2015-01-06,2.44,22.78,19.69,27.19,nasa,0.67
2015-01-07,0.54,23.87,18.84,29.09,nasa,0.67
2015-01-08,0.01,25.19,18.35,31.22,nasa,0.66
2015-01-09,0.0,25.08,18.11,31.97,nasa,0.65
2015-01-10,0.18,26.1,19.74,32.7,nasa,0.65
2015-01-11,0.4,26.83,18.05,34.57,nasa,0.64
2015-01-12,0.64,26.63,18.09,35.15,nasa,0.63
2015-01-13,0.22,27.54,20.7,34.83,nasa,0.63
2015-01-14,0.93,27.24,21.33,33.75,nasa,0.63
2015-01-15,0.1,27.28,20.4,34.64,nasa,0.62
2015-01-16,0.0,27.05,19.55,34.6,nasa,0.62
2015-01-17,0.0,27.39,19.63,35.04,nasa,0.62
2015-01-18,0.0,27.86,19.11,36.04,nasa,0.61
2015-01-19,0.0,27.84,18.85,36.74,nasa,0.61
2015-01-20,0.57,27.31,18.59,36.03,nasa,0.61
2015-01-21,1.12,27.16,19.76,34.48,nasa,0.61
2015-01-22,15.02,23.42,20.83,26.88,nasa,0.62
2015-01-23,8.05,21.89,19.41,25.22,nasa,0.65
2015-01-24,10.21,21.57,17.86,26.76,nasa,0.66
2015-01-25,6.17,22.27,16.3,27.54,nasa,0.67
2015-01-26,7.04,23.08,19.33,26.33,nasa,0.67
2015-01-27,2.92,22.86,18.09,27.47,nasa,0.67
2015-01-28,0.58,22.22,19.67,25.97,nasa,0.67
2015-01-29,0.09,24.09,19.57,28.93,nasa,0.66
2015-01-30,1.03,24.96,19.96,30.64,nasa,0.65
2015-01-31,19.16,23.9,20.87,27.84,nasa,0.66
2015-02-01,9.2,23.57,20.16,28.11,nasa,0.69
2015-02-02,19.91,22.14,19.6,25.12,nasa,0.7
2015-02-03,9.13,22.52,18.47,26.72,nasa,0.72
2015-02-04,7.62,21.32,18.29,25.07,nasa,0.71
2015-02-05,9.0,21.36,18.13,25.09,nasa,0.71
2015-02-06,4.49,21.37,18.93,24.53,nasa,0.71
2015-02-07,0.7,22.3,18.29,27.57,nasa,0.7
2015-02-08,13.37,22.84,17.86,28.25,nasa,0.7
2015-02-09,11.6,22.41,20.24,25.74,nasa,0.72
2015-02-10,5.57,23.22,19.79,27.26,nasa,0.71
2015-02-11,3.69,22.7,20.23,26.81,nasa,0.71
2015-02-12,1.44,23.85,18.31,29.2,nasa,0.7
2015-02-13,0.59,24.82,18.59,30.04,nasa,0.69
2015-02-14,1.69,24.47,19.11,29.35,nasa,0.68
2015-02-15,2.52,23.49,20.72,27.04,nasa,0.68
2015-02-16,8.67,21.82,19.22,24.87,nasa,0.69
2015-02-17,9.04,21.03,18.34,24.38,nasa,0.69
2015-02-18,14.18,20.77,18.87,23.48,nasa,0.71
2015-02-19,4.61,21.4,17.82,25.26,nasa,0.72
2015-02-20,0.71,21.8,19.04,25.38,nasa,0.71
2015-02-21,0.0,23.24,17.12,29.09,nasa,0.7
2015-02-22,0.0,22.57,16.98,28.55,nasa,0.69
2015-02-23,0.02,23.09,17.31,29.16,nasa,0.68
2015-02-24,1.62,22.73,17.0,27.95,nasa,0.67
2015-02-25,0.68,21.64,18.52,25.46,nasa,0.67
2015-02-26,2.71,23.29,17.81,28.68,nasa,0.67
2015-02-27,5.9,23.51,18.76,29.11,nasa,0.67
2015-02-28,1.07,23.55,18.34,30.15,nasa,0.67
2015-03-01,0.06,22.52,17.61,29.43,nasa,0.66
2015-03-02,0.06,22.22,15.29,29.32,nasa,0.66
2015-03-03,0.01,23.53,17.48,29.95,nasa,0.65
2015-03-04,1.52,24.27,18.55,29.59,nasa,0.65
2015-03-05,0.52,24.13,18.37,30.08,nasa,0.65
2015-03-06,0.1,24.22,19.77,28.67,nasa,0.64
2015-03-07,6.1,22.87,20.38,26.36,nasa,0.64
2015-03-08,6.93,21.64,19.06,24.89,nasa,0.66
2015-03-09,22.08,20.98,18.99,23.42,nasa,0.68
2015-03-10,3.08,21.61,18.07,25.82,nasa,0.7
2015-03-11,5.38,21.55,19.86,24.22,nasa,0.7
2015-03-12,3.44,21.31,19.13,24.72,nasa,0.7
2015-03-13,0.52,21.75,18.06,26.31,nasa,0.7
2015-03-14,0.8,22.46,18.54,27.54,nasa,0.69
2015-03-15,0.51,22.24,19.2,25.41,nasa,0.68
2015-03-16,7.95,21.43,17.4,26.3,nasa,0.68
2015-03-17,11.24,20.03,16.69,24.62,nasa,0.7
2015-03-18,7.23,20.22,17.11,23.47,nasa,0.71
2015-03-19,0.54,20.56,17.79,23.71,nasa,0.71
2015-03-20,11.42,19.73,17.32,22.86,nasa,0.71
2015-03-21,5.66,20.37,16.16,24.35,nasa,0.71
2015-03-22,37.21,20.43,17.81,23.88,nasa,0.75
2015-03-23,9.86,21.84,17.63,26.32,nasa,0.77
2015-03-24,0.09,21.62,16.13,27.03,nasa,0.75
2015-03-25,0.0,21.19,15.65,26.89,nasa,0.73
2015-03-26,0.0,21.89,15.84,27.57,nasa,0.72
2015-03-27,0.03,23.13,17.17,28.85,nasa,0.71
2015-03-28,1.45,23.8,18.91,28.24,nasa,0.7
2015-03-29,3.08,22.41,19.21,27.26,nasa,0.7
2015-03-30,5.01,23.05,19.14,27.25,nasa,0.7
2015-03-31,4.46,22.86,19.86,26.61,nasa,0.71
2015-04-01,0.13,23.21,18.97,28.69,nasa,0.71
2015-04-02,0.06,22.06,18.32,27.05,nasa,0.7
2015-04-03,0.01,21.04,16.26,26.89,nasa,0.69
2015-04-04,0.01,21.25,16.1,27.11,nasa,0.68
2015-04-05,6.01,21.2,18.67,25.09,nasa,0.68
2015-04-06,2.05,22.68,17.59,28.26,nasa,0.69
2015-04-07,0.04,19.83,14.49,26.34,nasa,0.68
2015-04-08,0.02,18.94,13.21,24.97,nasa,0.68
2015-04-09,0.01,20.42,15.17,25.8,nasa,0.67
2015-04-10,0.0,21.24,15.81,26.93,nasa,0.67
2015-04-11,0.01,21.21,16.09,26.52,nasa,0.67
2015-04-12,0.15,22.08,16.19,27.6,nasa,0.66
2015-04-13,1.57,21.59,16.31,26.89,nasa,0.66
2015-04-14,0.92,21.26,16.3,26.71,nasa,0.66
2015-04-15,0.34,21.29,15.83,26.94,nasa,0.66
2015-04-16,1.06,21.5,19.01,25.4,nasa,0.66
2015-04-17,1.04,22.09,16.92,28.06,nasa,0.66
2015-04-18,0.07,22.51,17.65,27.65,nasa,0.66
2015-04-19,0.95,23.43,18.76,28.5,nasa,0.65
2015-04-20,3.2,22.84,20.1,26.68,nasa,0.65
2015-04-21,2.29,23.32,18.9,28.85,nasa,0.66
2015-04-22,10.42,21.27,18.56,25.67,nasa,0.68
2015-04-23,3.25,21.93,18.54,26.8,nasa,0.68
2015-04-24,0.14,22.68,18.47,28.47,nasa,0.67
2015-04-25,0.02,20.9,14.56,27.07,nasa,0.67
2015-04-26,0.01,18.82,12.59,26.05,nasa,0.66
2015-04-27,0.02,19.82,14.66,26.2,nasa,0.66
2015-04-28,0.1,19.89,14.53,25.67,nasa,0.65
2015-04-29,0.15,19.87,15.72,24.79,nasa,0.65
2015-04-30,0.33,19.55,14.39,25.25,nasa,0.65
2015-05-01,0.26,19.15,13.9,24.96,nasa,0.65
2015-05-02,0.18,18.83,14.16,24.01,nasa,0.65
2015-05-03,0.05,20.38,15.71,26.77,nasa,0.64
2015-05-04,2.45,19.65,14.82,25.41,nasa,0.64
2015-05-05,7.06,21.26,16.91,26.7,nasa,0.65
2015-05-06,0.87,20.01,15.75,25.36,nasa,0.66
2015-05-07,0.07,19.93,14.0,26.63,nasa,0.65
2015-05-08,0.03,17.72,13.11,24.54,nasa,0.65
2015-05-09,0.01,18.21,12.6,25.25,nasa,0.65
2015-05-10,19.01,19.12,12.98,25.59,nasa,0.64
2015-05-11,10.71,18.91,16.3,21.84,nasa,0.69
2015-05-12,0.35,17.34,12.82,22.83,nasa,0.68
2015-05-13,0.02,17.12,10.92,23.54,nasa,0.68
2015-05-14,0.0,17.7,13.54,23.39,nasa,0.67
2015-05-15,0.0,16.9,12.77,22.37,nasa,0.67
2015-05-16,0.0,17.08,11.32,23.38,nasa,0.66
2015-05-17,0.0,18.15,13.78,23.58,nasa,0.66
2015-05-18,1.49,18.01,14.54,22.8,nasa,0.66
2015-05-19,1.23,17.91,15.39,22.57,nasa,0.66
2015-05-20,0.06,18.13,13.99,23.59,nasa,0.66
2015-05-21,0.0,18.86,14.16,24.59,nasa,0.65
2015-05-22,0.0,18.37,13.43,24.52,nasa,0.65
2015-05-23,0.0,18.07,13.22,23.62,nasa,0.65
2015-05-24,0.01,19.88,13.36,26.71,nasa,0.65
2015-05-25,0.02,20.96,14.48,28.23,nasa,0.64
2015-05-26,0.19,20.64,14.4,28.13,nasa,0.64
2015-05-27,0.17,19.38,14.02,26.64,nasa,0.64
2015-05-28,0.31,19.69,14.18,26.5,nasa,0.64
2015-05-29,2.39,17.13,12.98,23.56,nasa,0.64
2015-05-30,0.24,17.41,10.9,24.75,nasa,0.64
2015-05-31,3.07,19.5,13.95,26.47,nasa,0.64
2015-06-01,2.0,20.21,15.67,26.0,nasa,0.64
2015-06-02,6.05,18.24,14.82,23.07,nasa,0.64
2015-06-03,0.54,16.89,14.52,20.23,nasa,0.65
2015-06-04,0.0,18.49,12.56,25.04,nasa,0.65
2015-06-05,0.05,17.88,11.39,25.09,nasa,0.65
2015-06-06,0.01,18.62,13.4,25.23,nasa,0.64
2015-06-07,0.03,18.68,12.1,25.45,nasa,0.64
2015-06-08,0.0,18.84,12.79,25.97,nasa,0.64
2015-06-09,0.01,18.5,12.53,25.47,nasa,0.64
2015-06-10,0.01,18.76,12.63,25.61,nasa,0.63
2015-06-11,0.0,18.77,13.01,26.83,nasa,0.63
2015-06-12,0.02,19.15,13.01,26.93,nasa,0.63
2015-06-13,0.01,19.24,13.09,26.71,nasa,0.63
2015-06-14,0.01,19.49,12.31,27.12,nasa,0.63
2015-06-15,1.11,20.26,14.61,27.61,nasa,0.63
2015-06-16,0.17,18.67,15.0,22.89,nasa,0.63
2015-06-17,0.01,20.79,14.24,27.76,nasa,0.63
2015-06-18,0.28,20.51,14.29,27.38,nasa,0.62
2015-06-19,3.28,16.41,13.98,18.49,nasa,0.63
2015-06-20,0.94,16.58,12.17,23.46,nasa,0.63
2015-06-21,0.61,16.98,11.46,23.4,nasa,0.63
2015-06-22,0.34,17.51,10.98,25.14,nasa,0.63
2015-06-23,0.12,17.76,12.07,24.26,nasa,0.63
2015-06-24,0.18,17.1,12.31,22.91,nasa,0.63
2015-06-25,0.02,16.18,10.96,22.55,nasa,0.62
2015-06-26,0.0,15.6,10.06,22.82,nasa,0.62
2015-06-27,0.0,14.64,9.86,22.48,nasa,0.62
2015-06-28,0.2,14.83,8.24,22.24,nasa,0.62
2015-06-29,0.31,16.41,11.26,23.3,nasa,0.62
2015-06-30,0.01,17.42,12.61,23.88,nasa,0.62
2015-07-01,0.22,18.72,12.19,25.29,nasa,0.62
2015-07-02,0.07,19.0,13.8,24.65,nasa,0.62
2015-07-03,0.36,18.9,13.92,25.02,nasa,0.62
2015-07-04,0.09,19.7,14.92,26.56,nasa,0.62
2015-07-05,0.06,17.68,14.34,22.23,nasa,0.62
2015-07-06,0.02,18.39,13.8,24.93,nasa,0.61
2015-07-07,0.0,18.13,13.82,24.19,nasa,0.61
2015-07-08,0.03,16.94,14.78,20.23,nasa,0.61
2015-07-09,0.05,17.96,13.92,24.15,nasa,0.61
2015-07-10,0.0,19.24,12.51,26.74,nasa,0.61
2015-07-11,0.02,19.26,12.08,26.66,nasa,0.61
2015-07-12,0.02,19.81,12.68,27.92,nasa,0.61
2015-07-13,0.0,19.87,12.56,28.22,nasa,0.61
2015-07-14,0.02,19.69,12.17,27.47,nasa,0.61
2015-07-15,0.01,20.83,14.14,27.87,nasa,0.61
2015-07-16,0.01,18.56,13.52,26.09,nasa,0.61
2015-07-17,0.01,18.01,12.76,25.01,nasa,0.6
2015-07-18,0.0,18.02,12.74,23.18,nasa,0.6
2015-07-19,0.0,17.9,10.69,25.74,nasa,0.6
2015-07-20,0.0,18.4,12.79,25.24,nasa,0.6
2015-07-21,0.04,19.24,12.61,27.0,nasa,0.6
2015-07-22,0.12,18.77,14.33,24.7,nasa,0.6
2015-07-23,0.02,18.22,13.97,23.97,nasa,0.6
2015-07-24,0.18,18.97,13.04,25.62,nasa,0.6
2015-07-25,0.91,20.03,14.43,26.43,nasa,0.6
2015-07-26,0.48,19.58,13.81,26.55,nasa,0.6
2015-07-27,0.02,19.7,13.75,27.04,nasa,0.6
2015-07-28,0.0,19.37,11.7,28.44,nasa,0.6
2015-07-29,0.01,19.75,12.45,28.58,nasa,0.6
2015-07-30,0.01,19.98,13.07,28.22,nasa,0.6
2015-07-31,0.0,19.48,11.47,27.44,nasa,0.59
2015-08-01,0.0,20.06,12.12,27.63,nasa,0.59
2015-08-02,0.0,19.29,11.71,27.07,nasa,0.59
2015-08-03,0.04,20.2,11.74,28.17,nasa,0.59
2015-08-04,0.04,21.17,14.1,28.78,nasa,0.59
2015-08-05,0.0,19.94,11.74,28.03,nasa,0.59
2015-08-06,0.0,20.44,12.18,28.18,nasa,0.59
2015-08-07,0.01,21.05,12.56,28.95,nasa,0.59
2015-08-08,0.0,20.74,12.58,29.06,nasa,0.59
2015-08-09,0.01,20.41,13.89,28.36,nasa,0.59
2015-08-10,0.0,20.55,13.72,28.77,nasa,0.59
2015-08-11,0.01,19.24,11.83,28.23,nasa,0.59
2015-08-12,0.0,18.52,10.87,27.25,nasa,0.59
2015-08-13,0.01,18.76,10.3,27.48,nasa,0.59
2015-08-14,0.08,19.02,11.05,27.89,nasa,0.59
2015-08-15,1.92,19.73,12.29,26.82,nasa,0.59
2015-08-16,0.01,21.09,12.91,28.58,nasa,0.59
2015-08-17,0.0,19.98,12.71,28.52,nasa,0.59
2015-08-18,0.0,20.4,15.07,26.51,nasa,0.59
2015-08-19,0.11,21.5,13.78,29.17,nasa,0.59
2015-08-20,0.02,20.06,13.07,28.82,nasa,0.59
2015-08-21,0.01,19.06,11.16,27.94,nasa,0.59
2015-08-22,0.02,20.71,11.71,29.07,nasa,0.59
2015-08-23,0.0,21.26,11.98,30.91,nasa,0.59
2015-08-24,0.52,21.84,13.4,31.65,nasa,0.59
2015-08-25,16.31,20.38,14.35,29.08,nasa,0.6
2015-08-26,3.05,21.28,15.35,28.81,nasa,0.62
2015-08-27,0.06,21.18,14.43,29.65,nasa,0.62
2015-08-28,0.01,19.74,14.38,25.46,nasa,0.61
2015-08-29,0.01,20.37,11.91,28.63,nasa,0.61
2015-08-30,0.01,22.09,12.87,30.58,nasa,0.61
2015-08-31,0.0,22.78,13.8,31.33,nasa,0.6
2015-09-01,0.0,23.73,15.98,33.27,nasa,0.6
2015-09-02,0.0,21.88,14.38,30.03,nasa,0.6
2015-09-03,0.0,22.73,14.56,30.66,nasa,0.59
2015-09-04,0.0,23.69,15.89,33.08,nasa,0.59
2015-09-05,3.66,21.0,16.32,28.69,nasa,0.59
2015-09-06,10.63,20.32,14.61,27.66,nasa,0.61
2015-09-07,7.74,21.26,17.33,28.46,nasa,0.62
2015-09-08,24.68,21.04,18.17,25.41,nasa,0.64
2015-09-09,6.18,20.85,16.89,26.63,nasa,0.66
2015-09-10,12.83,18.82,14.96,23.03,nasa,0.66
2015-09-11,18.42,20.25,16.65,26.63,nasa,0.68
2015-09-12,13.2,19.96,13.5,26.15,nasa,0.7
2015-09-13,6.39,17.97,14.23,23.29,nasa,0.7
2015-09-14,0.02,19.37,13.03,26.1,nasa,0.68
2015-09-15,0.0,21.67,15.34,28.83,nasa,0.67
2015-09-16,0.02,22.89,15.57,30.49,nasa,0.66
2015-09-17,0.0,23.36,14.98,31.52,nasa,0.65
2015-09-18,0.0,24.29,15.04,32.42,nasa,0.64
2015-09-19,0.0,24.22,16.33,33.5,nasa,0.64
2015-09-20,0.0,22.74,13.5,32.08,nasa,0.63
2015-09-21,0.0,22.4,13.54,32.13,nasa,0.63
2015-09-22,0.0,23.41,12.93,32.32,nasa,0.62
2015-09-23,0.0,26.19,18.71,33.6,nasa,0.62
2015-09-24,0.0,27.4,20.43,35.38,nasa,0.61
2015-09-25,0.07,27.23,21.68,35.72,nasa,0.61
2015-09-26,0.0,26.65,18.85,34.71,nasa,0.61
2015-09-27,3.42,26.11,18.36,33.86,nasa,0.61
2015-09-28,0.74,22.63,20.05,26.41,nasa,0.61
2015-09-29,0.07,22.06,19.45,26.47,nasa,0.61
2015-09-30,0.62,21.9,18.45,27.62,nasa,0.61
2015-10-01,1.08,23.96,16.82,31.77,nasa,0.61
2015-10-02,0.53,25.88,18.39,33.49,nasa,0.61
2015-10-03,0.58,25.38,19.72,33.08,nasa,0.61
2015-10-04,0.1,23.88,19.95,28.66,nasa,0.61
2015-10-05,0.0,23.76,16.78,32.58,nasa,0.6
2015-10-06,0.0,23.08,14.73,32.29,nasa,0.6
2015-10-07,0.01,24.28,15.53,33.35,nasa,0.6
2015-10-08,0.0,24.82,16.17,33.89,nasa,0.6
2015-10-09,0.0,24.98,15.9,33.06,nasa,0.6
2015-10-10,0.0,25.89,17.97,34.18,nasa,0.59
2015-10-11,0.0,25.52,17.91,33.5,nasa,0.59
2015-10-12,0.0,25.9,17.98,34.45,nasa,0.59
2015-10-13,0.06,27.14,19.84,34.92,nasa,0.59
2015-10-14,0.0,27.23,18.57,35.92,nasa,0.59
2015-10-15,0.0,27.91,18.19,37.02,nasa,0.59
2015-10-16,0.0,29.32,19.36,37.43,nasa,0.59
2015-10-17,0.0,29.28,20.62,38.2,nasa,0.59
2015-10-18,0.05,26.82,19.11,35.33,nasa,0.59
2015-10-19,0.0,26.69,18.06,35.55,nasa,0.59
2015-10-20,0.72,28.92,19.45,37.42,nasa,0.59
2015-10-21,1.17,29.48,22.48,37.19,nasa,0.59
2015-10-22,12.23,26.94,21.21,35.82,nasa,0.6
2015-10-23,2.14,26.39,20.26,34.69,nasa,0.61
2015-10-24,0.01,26.14,18.78,34.16,nasa,0.61
2015-10-25,0.01,25.65,17.27,33.85,nasa,0.6
2015-10-26,3.33,24.43,19.07,31.58,nasa,0.6
2015-10-27,3.33,25.42,20.29,32.47,nasa,0.6
2015-10-28,7.42,23.62,20.22,28.77,nasa,0.62
2015-10-29,0.98,24.55,17.94,32.39,nasa,0.62
2015-10-30,0.02,24.09,16.64,32.71,nasa,0.61
2015-10-31,0.57,25.38,18.06,32.55,nasa,0.61
2015-11-01,5.92,22.94,19.97,27.34,nasa,0.61
2015-11-02,28.51,23.12,19.71,28.22,nasa,0.65
2015-11-03,1.5,24.09,20.46,28.24,nasa,0.66
2015-11-04,0.4,24.81,20.86,29.82,nasa,0.65
2015-11-05,0.07,25.48,19.77,32.96,nasa,0.64
2015-11-06,1.49,25.68,19.61,32.73,nasa,0.63
2015-11-07,20.02,23.4,17.58,30.18,nasa,0.64
2015-11-08,8.53,23.24,17.93,28.44,nasa,0.66
2015-11-09,10.52,23.54,19.42,27.38,nasa,0.67
2015-11-10,0.18,25.31,19.0,30.75,nasa,0.66
2015-11-11,0.34,25.12,20.9,29.92,nasa,0.65
2015-11-12,4.92,25.56,21.45,30.09,nasa,0.65
2015-11-13,5.4,24.7,20.2,29.72,nasa,0.65
2015-11-14,3.37,25.66,20.21,31.55,nasa,0.65
2015-11-15,1.17,25.44,21.92,30.43,nasa,0.65
2015-11-16,12.16,23.39,20.62,26.95,nasa,0.65
2015-11-17,20.62,24.15,19.11,29.59,nasa,0.67
2015-11-18,5.5,24.88,20.16,30.53,nasa,0.69
2015-11-19,13.47,25.04,20.38,30.14,nasa,0.69
2015-11-20,9.08,23.07,21.17,26.28,nasa,0.7
2015-11-21,2.48,24.29,20.0,29.15,nasa,0.69
2015-11-22,3.61,23.05,17.06,29.0,nasa,0.68
2015-11-23,7.88,23.77,20.27,28.11,nasa,0.68
2015-11-24,8.13,22.38,20.25,25.71,nasa,0.69
2015-11-25,0.75,22.83,19.64,28.27,nasa,0.69
2015-11-26,0.76,23.83,19.29,28.77,nasa,0.67
2015-11-27,0.08,24.06,17.97,30.03,nasa,0.67
2015-11-28,2.98,23.12,19.33,27.07,nasa,0.66
2015-11-29,9.35,24.02,20.45,29.11,nasa,0.67
2015-11-30,14.33,24.36,20.31,29.19,nasa,0.68
2015-12-01,6.88,21.74,18.15,25.98,nasa,0.69
2015-12-02,22.87,22.9,19.15,27.31,nasa,0.7
2015-12-03,3.76,22.89,19.15,27.39,nasa,0.72
2015-12-04,5.24,22.7,18.18,26.86,nasa,0.71
2015-12-05,1.97,23.15,19.96,27.5,nasa,0.7
2015-12-06,10.0,23.17,19.65,27.32,nasa,0.7
2015-12-07,7.87,23.35,20.45,26.99,nasa,0.71
2015-12-08,5.09,23.56,19.36,28.06,nasa,0.7
2015-12-09,3.63,23.72,20.41,28.04,nasa,0.7
2015-12-10,10.72,23.04,20.2,26.46,nasa,0.71
2015-12-11,1.95,23.83,19.6,27.78,nasa,0.7
2015-12-12,9.92,24.1,20.29,28.73,nasa,0.7
2015-12-13,7.39,22.66,20.11,26.26,nasa,0.71
2015-12-14,2.06,23.44,18.84,28.31,nasa,0.71
2015-12-15,4.78,23.79,19.83,28.66,nasa,0.7
2015-12-16,10.24,22.56,18.93,25.84,nasa,0.71
2015-12-17,9.87,23.24,19.67,27.48,nasa,0.72
2015-12-18,4.95,23.95,19.14,28.85,nasa,0.72
2015-12-19,6.83,23.73,20.65,28.09,nasa,0.71
2015-12-20,2.91,23.34,19.13,27.1,nasa,0.71
2015-12-21,3.78,22.4,18.94,26.06,nasa,0.71
2015-12-22,2.1,23.31,18.67,28.34,nasa,0.71
2015-12-23,0.51,24.13,18.79,28.82,nasa,0.7
2015-12-24,0.01,24.82,20.13,29.66,nasa,0.69
2015-12-25,10.97,22.72,20.81,26.36,nasa,0.68
2015-12-26,11.45,21.62,19.96,24.46,nasa,0.71
2015-12-27,2.97,22.61,19.27,26.87,nasa,0.71
2015-12-28,3.75,21.76,19.96,24.56,nasa,0.71
2015-12-29,5.71,21.38,19.33,24.45,nasa,0.71
2015-12-30,2.2,22.35,18.24,27.03,nasa,0.71
2015-12-31,0.92,22.81,19.36,26.77,nasa,0.71
2016-01-01,3.4,22.9,20.2,26.03,nasa,0.7
2016-01-02,6.16,23.06,19.69,26.72,nasa,0.7
2016-01-03,38.35,22.34,19.27,26.23,nasa,0.74
2016-01-04,5.75,22.21,17.34,27.53,nasa,0.76
2016-01-05,0.21,21.94,16.39,27.51,nasa,0.74
2016-01-06,0.28,22.51,16.31,28.36,nasa,0.72
2016-01-07,5.11,21.5,16.9,25.51,nasa,0.72
2016-01-08,4.97,23.71,18.62,28.87,nasa,0.72
2016-01-09,8.91,23.64,20.95,28.37,nasa,0.72
2016-01-10,6.26,22.72,20.5,25.47,nasa,0.73
2016-01-11,15.87,22.8,20.69,25.35,nasa,0.74
2016-01-12,12.79,22.67,20.65,25.71,nasa,0.76
2016-01-13,11.6,23.64,20.68,27.83,nasa,0.76
2016-01-14,22.19,23.03,21.22,25.75,nasa,0.77
2016-01-15,48.05,23.44,21.3,26.67,nasa,0.8
2016-01-16,41.35,22.38,18.17,26.18,nasa,0.85
2016-01-17,4.54,20.71,16.57,25.88,nasa,0.84
2016-01-18,1.54,20.74,16.91,25.15,nasa,0.81
2016-01-19,12.26,21.47,17.98,25.1,nasa,0.8
2016-01-20,15.46,21.46,17.71,25.75,nasa,0.82
2016-01-21,0.17,22.31,17.19,28.79,nasa,0.81
2016-01-22,0.07,21.74,15.37,28.28,nasa,0.79
2016-01-23,1.46,22.96,16.47,28.32,nasa,0.78
2016-01-24,2.16,21.93,18.85,25.51,nasa,0.78
2016-01-25,3.51,22.7,18.68,26.91,nasa,0.78
2016-01-26,2.11,25.25,20.02,30.09,nasa,0.77
2016-01-27,19.41,24.47,20.36,28.98,nasa,0.77
2016-01-28,22.19,22.78,20.91,25.21,nasa,0.81
2016-01-29,16.58,21.85,20.16,23.43,nasa,0.84
2016-01-30,0.19,23.03,19.46,28.03,nasa,0.82
2016-01-31,0.01,23.56,17.52,28.66,nasa,0.8
2016-02-01,0.0,24.33,17.23,29.18,nasa,0.79
2016-02-02,0.03,24.67,18.2,30.01,nasa,0.78
2016-02-03,1.99,24.27,19.85,29.26,nasa,0.77
2016-02-04,0.63,23.92,18.64,29.6,nasa,0.77
2016-02-05,0.37,24.39,18.32,29.38,nasa,0.76
2016-02-06,2.31,23.36,20.96,25.9,nasa,0.76
2016-02-07,3.51,22.91,19.6,27.37,nasa,0.76
2016-02-08,2.53,22.68,19.86,26.44,nasa,0.76
2016-02-09,0.38,24.19,18.61,29.07,nasa,0.76
2016-02-10,0.1,25.24,18.69,30.12,nasa,0.75
2016-02-11,9.97,23.77,20.82,26.58,nasa,0.75
2016-02-12,0.14,23.47,19.34,28.2,nasa,0.76
2016-02-13,0.08,23.82,19.57,28.75,nasa,0.75
2016-02-14,0.48,24.41,20.41,29.24,nasa,0.74
2016-02-15,10.54,23.2,21.16,26.29,nasa,0.74
2016-02-16,8.71,22.88,20.95,25.5,nasa,0.76
2016-02-17,6.58,23.81,20.76,27.88,nasa,0.77
2016-02-18,9.05,23.34,19.87,27.3,nasa,0.77
2016-02-19,4.86,23.52,20.38,27.52,nasa,0.78
2016-02-20,17.55,23.28,19.89,27.47,nasa,0.78
2016-02-21,8.37,22.45,20.02,25.39,nasa,0.79
2016-02-22,11.67,22.44,19.52,26.06,nasa,0.79
2016-02-23,2.42,22.09,19.28,25.35,nasa,0.8
2016-02-24,1.09,22.6,18.22,26.61,nasa,0.79
2016-02-25,4.28,22.05,18.53,26.13,nasa,0.78
2016-02-26,4.54,22.99,18.48,28.44,nasa,0.78
2016-02-27,1.97,23.52,19.8,27.27,nasa,0.78
2016-02-28,5.03,23.72,19.64,27.66,nasa,0.78
2016-02-29,15.61,22.4,18.84,25.98,nasa,0.78
2016-03-01,5.78,21.01,17.12,25.46,nasa,0.8
2016-03-02,3.7,20.92,18.97,23.54,nasa,0.8
2016-03-03,11.18,21.49,19.08,24.65,nasa,0.8
2016-03-04,15.56,22.27,19.5,25.46,nasa,0.81
2016-03-05,3.9,21.67,19.43,24.67,nasa,0.82
2016-03-06,3.02,23.2,19.14,27.16,nasa,0.81
2016-03-07,3.85,23.16,19.33,26.58,nasa,0.8
2016-03-08,1.85,23.39,20.26,27.49,nasa,0.8
2016-03-09,0.01,22.97,18.99,27.28,nasa,0.79
2016-03-10,13.97,22.34,19.0,26.4,nasa,0.79
2016-03-11,7.22,21.88,20.16,24.71,nasa,0.81
2016-03-12,3.48,23.31,20.44,27.67,nasa,0.8
2016-03-13,2.76,22.88,19.44,27.7,nasa,0.8
2016-03-14,0.36,22.27,17.26,27.57,nasa,0.79
2016-03-15,0.44,22.11,18.35,26.42,nasa,0.78
2016-03-16,1.02,21.16,18.08,25.04,nasa,0.78
2016-03-17,1.45,21.41,18.28,25.84,nasa,0.78
2016-03-18,0.41,22.15,17.27,26.98,nasa,0.77
2016-03-19,0.03,22.73,17.7,28.43,nasa,0.77
2016-03-20,0.03,22.63,17.6,27.67,nasa,0.76
2016-03-21,0.02,22.66,18.53,27.15,nasa,0.75
2016-03-22,0.9,23.26,17.64,28.54,nasa,0.75
2016-03-23,7.66,23.05,19.67,27.29,nasa,0.75
2016-03-24,5.48,22.49,18.92,25.72,nasa,0.77
2016-03-25,9.17,22.33,19.15,26.54,nasa,0.77
2016-03-26,10.18,21.69,18.98,24.44,nasa,0.79
2016-03-27,1.33,22.08,18.88,25.65,nasa,0.79
2016-03-28,4.39,22.97,18.75,27.38,nasa,0.78
2016-03-29,6.98,22.1,20.0,25.4,nasa,0.78
2016-03-30,0.31,23.14,19.26,27.49,nasa,0.79
2016-03-31,0.1,22.3,18.39,25.76,nasa,0.78
2016-04-01,2.32,22.81,17.57,27.25,nasa,0.78
2016-04-02,0.53,22.78,17.95,27.49,nasa,0.77
2016-04-03,0.01,23.24,16.53,28.88,nasa,0.76
2016-04-04,0.07,23.05,18.0,28.97,nasa,0.76
2016-04-05,0.0,21.59,16.89,27.23,nasa,0.75
2016-04-06,0.01,21.75,16.06,26.98,nasa,0.74
2016-04-07,0.0,23.05,16.43,28.29,nasa,0.74
2016-04-08,0.0,22.62,16.65,29.15,nasa,0.73
2016-04-09,0.01,22.68,15.61,29.08,nasa,0.73
2016-04-10,0.0,22.2,15.43,28.99,nasa,0.72
2016-04-11,0.0,22.36,17.65,27.68,nasa,0.72
2016-04-12,0.0,22.2,17.26,27.64,nasa,0.71
2016-04-13,0.0,22.14,16.49,27.51,nasa,0.71
2016-04-14,0.0,22.5,17.05,27.53,nasa,0.71
2016-04-15,0.0,22.25,16.25,28.45,nasa,0.7
2016-04-16,0.0,21.79,15.06,28.2,nasa,0.7
2016-04-17,0.01,22.51,16.82,28.46,nasa,0.7
2016-04-18,0.0,22.35,17.21,28.12,nasa,0.69
2016-04-19,0.0,22.46,17.47,27.48,nasa,0.69
2016-04-20,0.0,22.48,16.88,27.55,nasa,0.69
2016-04-21,0.0,22.12,16.42,26.75,nasa,0.68
2016-04-22,0.0,22.68,17.03,28.71,nasa,0.68
2016-04-23,0.0,22.04,16.41,27.75,nasa,0.68
2016-04-24,0.0,22.06,15.64,27.79,nasa,0.67
2016-04-25,0.0,21.78,15.6,28.15,nasa,0.67
2016-04-26,2.72,22.05,18.27,26.85,nasa,0.67
2016-04-27,4.52,19.52,15.32,22.99,nasa,0.68
2016-04-28,1.65,18.16,13.57,23.77,nasa,0.68
2016-04-29,8.63,16.35,14.27,18.86,nasa,0.69
2016-04-30,0.53,17.09,12.02,23.58,nasa,0.7
2016-05-01,0.11,15.1,9.86,22.68,nasa,0.69
2016-05-02,0.0,14.73,7.94,23.2,nasa,0.69
2016-05-03,0.0,17.73,10.71,24.78,nasa,0.68
2016-05-04,0.0,18.19,11.53,25.48,nasa,0.68
2016-05-05,0.0,18.32,12.16,25.65,nasa,0.67
2016-05-06,0.0,19.12,12.33,25.63,nasa,0.67
2016-05-07,0.01,19.92,13.4,26.3,nasa,0.67
2016-05-08,0.0,21.03,14.58,26.98,nasa,0.67
2016-05-09,0.01,21.17,16.29,27.5,nasa,0.66
2016-05-10,0.07,20.73,15.62,27.36,nasa,0.66
2016-05-11,0.33,20.47,16.05,26.2,nasa,0.66
2016-05-12,0.14,20.4,16.79,26.13,nasa,0.66
2016-05-13,0.03,18.97,14.73,24.01,nasa,0.66
2016-05-14,0.01,18.53,14.43,23.75,nasa,0.65
2016-05-15,0.05,18.71,13.16,25.22,nasa,0.65
2016-05-16,0.19,20.77,14.61,27.48,nasa,0.65
2016-05-17,0.54,21.2,17.7,26.51,nasa,0.65
2016-05-18,1.94,19.88,15.86,26.33,nasa,0.65
2016-05-19,2.83,19.88,15.34,26.51,nasa,0.65
2016-05-20,1.46,20.14,14.77,26.77,nasa,0.65
2016-05-21,1.99,20.01,15.49,25.53,nasa,0.66
2016-05-22,0.16,21.07,15.01,27.55,nasa,0.65
2016-05-23,0.1,18.9,13.41,25.5,nasa,0.65
2016-05-24,0.0,15.06,7.83,23.32,nasa,0.65
2016-05-25,0.0,17.56,11.41,24.38,nasa,0.65
2016-05-26,0.0,18.14,12.86,24.03,nasa,0.65
2016-05-27,0.0,18.23,12.21,24.96,nasa,0.65
2016-05-28,0.0,18.25,13.09,24.67,nasa,0.64
2016-05-29,0.0,18.33,13.05,24.95,nasa,0.64
2016-05-30,8.82,19.39,13.59,25.67,nasa,0.65
2016-05-31,0.57,19.67,14.54,25.37,nasa,0.66
2016-06-01,15.46,20.18,16.24,25.51,nasa,0.66
2016-06-02,6.28,19.77,16.57,23.86,nasa,0.68
2016-06-03,13.68,18.62,16.96,22.12,nasa,0.7
2016-06-04,7.06,18.8,16.44,22.25,nasa,0.71
2016-06-05,4.27,20.5,16.46,26.15,nasa,0.7
2016-06-06,6.01,21.3,17.82,27.0,nasa,0.7
2016-06-07,5.03,18.82,15.82,22.0,nasa,0.7
2016-06-08,0.9,16.15,13.68,19.95,nasa,0.7
2016-06-09,0.02,14.22,9.47,20.25,nasa,0.69
2016-06-10,0.01,14.12,8.6,22.19,nasa,0.69
2016-06-11,0.0,12.77,7.96,19.73,nasa,0.68
2016-06-12,0.01,10.98,5.54,19.04,nasa,0.68
2016-06-13,0.0,10.89,4.72,20.12,nasa,0.68
2016-06-14,0.0,12.72,6.57,21.07,nasa,0.67
2016-06-15,0.0,14.67,7.67,21.94,nasa,0.67
2016-06-16,0.0,16.03,8.35,23.15,nasa,0.67
2016-06-17,0.0,16.11,8.17,23.6,nasa,0.66
2016-06-18,0.0,17.43,10.32,24.57,nasa,0.66
2016-06-19,0.0,16.3,9.48,24.16,nasa,0.66
2016-06-20,0.0,15.63,8.16,24.05,nasa,0.66
2016-06-21,0.04,16.08,10.43,22.96,nasa,0.66
2016-06-22,0.0,16.74,12.03,22.51,nasa,0.65
2016-06-23,0.24,17.54,13.07,23.57,nasa,0.65
2016-06-24,0.2,17.0,11.9,24.09,nasa,0.65
2016-06-25,0.27,16.58,11.74,23.24,nasa,0.65
2016-06-26,0.01,15.09,11.25,22.11,nasa,0.65
2016-06-27,0.0,15.35,9.99,22.37,nasa,0.65
2016-06-28,0.0,16.73,10.63,23.51,nasa,0.65
2016-06-29,0.0,17.19,11.58,24.25,nasa,0.65
2016-06-30,0.0,16.79,11.24,23.64,nasa,0.65
2016-07-01,0.01,18.51,13.26,24.32,nasa,0.64
2016-07-02,0.0,18.22,12.57,24.69,nasa,0.64
2016-07-03,0.01,18.55,12.33,25.3,nasa,0.64
2016-07-04,0.0,17.48,11.1,24.92,nasa,0.64
2016-07-05,0.01,17.82,12.63,23.62,nasa,0.64
2016-07-06,0.0,17.96,11.68,25.04,nasa,0.64
2016-07-07,0.0,17.22,11.29,25.49,nasa,0.64
2016-07-08,0.0,14.66,7.72,23.86,nasa,0.64
2016-07-09,0.0,16.08,7.9,25.01,nasa,0.63
2016-07-10,0.0,19.57,12.37,27.26,nasa,0.63
2016-07-11,0.0,20.26,13.45,27.84,nasa,0.63
2016-07-12,0.0,20.61,14.17,28.55,nasa,0.63
2016-07-13,0.0,20.78,14.22,28.0,nasa,0.63
2016-07-14,0.0,19.18,11.47,27.49,nasa,0.63
2016-07-15,0.0,20.09,13.65,28.37,nasa,0.63
2016-07-16,0.01,20.09,12.4,28.91,nasa,0.62
2016-07-17,0.03,15.27,8.58,23.3,nasa,0.62
2016-07-18,0.0,13.18,4.87,23.08,nasa,0.62
2016-07-19,0.0,14.09,6.79,23.92,nasa,0.62
2016-07-20,0.0,15.56,8.11,24.95,nasa,0.62
2016-07-21,0.0,15.76,9.93,23.95,nasa,0.62
2016-07-22,0.0,15.85,9.79,24.27,nasa,0.62
2016-07-23,0.0,17.54,11.17,25.47,nasa,0.62
2016-07-24,0.01,18.82,11.5,26.51,nasa,0.62
2016-07-25,0.0,19.05,11.19,27.13,nasa,0.62
2016-07-26,0.0,18.14,10.64,26.02,nasa,0.62
2016-07-27,0.0,20.43,13.08,28.8,nasa,0.61
2016-07-28,0.02,18.89,12.28,26.55,nasa,0.61
2016-07-29,0.0,17.85,12.73,24.51,nasa,0.61
2016-07-30,0.0,18.24,12.52,25.6,nasa,0.61
2016-07-31,0.0,18.39,12.27,26.06,nasa,0.61
2016-08-01,0.0,17.61,10.57,24.92,nasa,0.61
2016-08-02,0.0,19.12,13.72,26.93,nasa,0.61
2016-08-03,0.0,18.77,12.88,26.37,nasa,0.61
2016-08-04,0.0,19.13,13.01,25.78,nasa,0.61
2016-08-05,0.0,19.82,12.16,26.54,nasa,0.61
2016-08-06,0.0,19.5,12.2,27.3,nasa,0.6
2016-08-07,0.0,21.65,12.87,29.77,nasa,0.6
2016-08-08,0.0,21.77,15.43,30.0,nasa,0.6
2016-08-09,0.0,21.29,13.54,30.52,nasa,0.6
2016-08-10,0.3,19.12,14.59,26.62,nasa,0.6
2016-08-11,0.0,15.24,9.07,23.89,nasa,0.6
2016-08-12,0.01,14.95,7.87,25.31,nasa,0.6
2016-08-13,0.0,17.4,9.11,26.87,nasa,0.6
2016-08-14,0.0,20.0,10.76,30.12,nasa,0.6
2016-08-15,6.41,22.5,14.21,31.5,nasa,0.6
2016-08-16,0.8,22.01,15.73,28.57,nasa,0.61
2016-08-17,0.0,22.68,16.9,30.67,nasa,0.61
2016-08-18,0.01,23.02,15.75,31.39,nasa,0.6
2016-08-19,0.06,22.54,15.65,31.08,nasa,0.6
2016-08-20,9.56,22.43,17.32,29.3,nasa,0.61
2016-08-21,8.04,18.55,12.25,21.89,nasa,0.63
2016-08-22,0.12,13.97,8.61,22.11,nasa,0.63
2016-08-23,0.01,16.57,8.89,25.63,nasa,0.63
2016-08-24,0.0,17.95,10.86,26.87,nasa,0.62
2016-08-25,0.01,18.1,9.83,27.45,nasa,0.62
2016-08-26,0.0,18.34,9.59,27.58,nasa,0.61
2016-08-27,0.0,19.54,10.25,28.24,nasa,0.61
2016-08-28,0.0,21.24,12.08,29.04,nasa,0.61
2016-08-29,0.0,22.73,13.77,30.71,nasa,0.61
2016-08-30,0.03,22.07,13.76,29.88,nasa,0.6
2016-08-31,4.73,22.18,17.45,28.69,nasa,0.6
2016-09-01,2.86,21.49,15.61,28.32,nasa,0.61
2016-09-02,0.06,22.41,15.76,29.72,nasa,0.61
2016-09-03,0.0,20.57,15.03,28.04,nasa,0.61
2016-09-04,0.0,20.41,14.52,27.28,nasa,0.61
2016-09-05,0.1,22.09,15.82,29.0,nasa,0.6
2016-09-06,0.01,21.12,16.17,27.98,nasa,0.6
2016-09-07,0.26,21.98,16.32,29.43,nasa,0.6
2016-09-08,0.0,20.78,12.85,30.55,nasa,0.6
2016-09-09,0.01,21.01,12.78,29.51,nasa,0.6
2016-09-10,0.0,22.41,14.39,30.21,nasa,0.6
2016-09-11,0.0,23.75,16.92,31.05,nasa,0.59
2016-09-12,0.06,24.43,17.1,32.07,nasa,0.59
2016-09-13,0.0,24.69,18.16,32.14,nasa,0.59
2016-09-14,0.01,25.93,18.1,34.68,nasa,0.59
2016-09-15,0.1,24.95,17.66,33.06,nasa,0.59
2016-09-16,0.81,24.83,17.38,33.17,nasa,0.59
2016-09-17,1.23,25.37,18.18,33.19,nasa,0.59
2016-09-18,0.86,26.7,18.39,35.05,nasa,0.59
2016-09-19,0.81,26.47,18.52,34.77,nasa,0.59
2016-09-20,1.13,22.31,15.08,28.13,nasa,0.59
2016-09-21,0.0,18.34,9.72,28.01,nasa,0.59
2016-09-22,0.0,20.07,11.21,30.12,nasa,0.59
2016-09-23,0.0,22.0,11.91,31.91,nasa,0.59
2016-09-24,0.07,24.16,16.46,33.4,nasa,0.59
2016-09-25,2.71,22.41,16.62,30.89,nasa,0.59
2016-09-26,0.92,20.24,14.09,28.28,nasa,0.59
2016-09-27,0.09,20.92,13.59,29.77,nasa,0.59
2016-09-28,0.0,22.06,13.07,30.44,nasa,0.59
2016-09-29,0.0,24.64,16.57,33.97,nasa,0.59
2016-09-30,0.01,22.3,13.5,32.29,nasa,0.59
2016-10-01,0.44,21.97,15.33,30.61,nasa,0.59
2016-10-02,0.06,21.67,15.38,29.41,nasa,0.59
2016-10-03,15.66,21.41,15.24,28.45,nasa,0.59
2016-10-04,8.23,20.03,15.76,23.46,nasa,0.63
2016-10-05,0.04,20.51,13.64,27.49,nasa,0.63
2016-10-06,0.41,20.95,15.09,28.4,nasa,0.62
2016-10-07,0.0,18.96,10.91,27.19,nasa,0.61
2016-10-08,0.0,21.73,12.15,30.14,nasa,0.61
2016-10-09,0.01,23.18,13.38,32.11,nasa,0.61
2016-10-10,0.06,22.3,14.82,30.56,nasa,0.6
2016-10-11,8.74,22.44,15.34,29.52,nasa,0.6
2016-10-12,3.63,22.89,16.99,28.9,nasa,0.62
2016-10-13,17.75,22.8,18.59,29.4,nasa,0.62
2016-10-14,18.4,22.26,18.44,26.86,nasa,0.67
2016-10-15,8.85,23.24,17.16,28.72,nasa,0.66
2016-10-16,1.38,24.46,18.33,30.32,nasa,0.66
2016-10-17,0.75,25.25,19.21,32.08,nasa,0.65
2016-10-18,0.39,25.95,19.91,32.66,nasa,0.64
2016-10-19,1.3,27.81,20.74,34.97,nasa,0.63
2016-10-20,6.69,26.77,21.8,32.74,nasa,0.63
2016-10-21,14.91,23.97,20.03,28.12,nasa,0.65
2016-10-22,0.89,21.75,18.59,25.7,nasa,0.65
2016-10-23,0.85,22.38,17.33,27.77,nasa,0.65
2016-10-24,8.41,24.49,18.18,30.59,nasa,0.64
2016-10-25,5.59,23.48,19.45,29.47,nasa,0.65
2016-10-26,2.45,24.4,18.9,30.01,nasa,0.65
2016-10-27,4.53,24.14,19.85,29.83,nasa,0.65
2016-10-28,0.06,21.82,15.87,29.83,nasa,0.65
2016-10-29,0.04,20.39,12.32,29.2,nasa,0.64
2016-10-30,0.01,21.97,13.42,30.4,nasa,0.63
2016-10-31,0.01,23.5,15.03,31.08,nasa,0.62
2016-11-01,1.72,23.0,17.48,28.74,nasa,0.62
2016-11-02,0.42,23.71,18.48,30.11,nasa,0.62
2016-11-03,9.75,23.04,19.09,27.63,nasa,0.62
2016-11-04,11.7,20.72,17.95,23.65,nasa,0.66
2016-11-05,2.87,20.8,16.12,26.6,nasa,0.65
2016-11-06,0.82,20.63,16.45,25.98,nasa,0.65
2016-11-07,6.97,20.75,14.64,26.94,nasa,0.65
2016-11-08,3.62,22.03,17.84,27.79,nasa,0.65
2016-11-09,2.71,23.09,18.13,29.46,nasa,0.65
2016-11-10,4.26,24.7,19.02,31.05,nasa,0.65
2016-11-11,5.26,25.5,19.71,30.93,nasa,0.65
2016-11-12,14.58,22.23,18.73,25.3,nasa,0.66
2016-11-13,21.97,19.73,17.18,23.5,nasa,0.68
2016-11-14,42.91,19.51,17.06,22.58,nasa,0.74
2016-11-15,1.09,21.75,15.54,28.47,nasa,0.74
2016-11-16,1.55,23.15,17.01,29.13,nasa,0.71
2016-11-17,3.4,23.89,18.95,28.97,nasa,0.7
2016-11-18,5.52,22.07,13.93,27.42,nasa,0.69
2016-11-19,0.05,17.27,10.14,25.06,nasa,0.69
2016-11-20,0.0,18.32,9.99,26.44,nasa,0.67
2016-11-21,0.0,21.35,13.15,28.55,nasa,0.67
2016-11-22,5.85,22.44,18.9,26.79,nasa,0.66
2016-11-23,7.29,21.55,18.33,25.86,nasa,0.68
2016-11-24,2.53,23.6,18.14,29.67,nasa,0.68
2016-11-25,0.31,22.99,17.48,28.35,nasa,0.67
2016-11-26,0.02,22.21,19.63,25.47,nasa,0.66
2016-11-27,2.7,23.48,19.41,26.88,nasa,0.66
2016-11-28,14.27,23.92,20.01,29.21,nasa,0.67
2016-11-29,17.47,23.52,19.0,28.29,nasa,0.7
2016-11-30,2.66,19.68,16.48,24.05,nasa,0.7
2016-12-01,0.53,19.2,14.95,23.25,nasa,0.69
2016-12-02,0.88,22.06,16.47,28.07,nasa,0.69
2016-12-03,4.33,20.91,17.53,24.77,nasa,0.68
2016-12-04,12.9,22.64,20.14,27.12,nasa,0.69
2016-12-05,4.77,22.73,18.81,28.17,nasa,0.7
2016-12-06,0.38,22.91,15.4,30.07,nasa,0.69
2016-12-07,0.96,24.98,17.98,31.29,nasa,0.67
2016-12-08,4.52,24.29,20.79,28.94,nasa,0.67
2016-12-09,16.9,23.61,19.92,28.26,nasa,0.68
2016-12-10,10.78,23.59,20.81,27.26,nasa,0.71
2016-12-11,8.57,23.53,19.59,28.18,nasa,0.71
2016-12-12,15.69,23.48,19.83,27.63,nasa,0.71
2016-12-13,10.62,23.92,21.06,27.63,nasa,0.73
2016-12-14,7.74,22.9,20.72,25.03,nasa,0.73
2016-12-15,12.1,19.7,14.65,23.59,nasa,0.73
2016-12-16,0.55,18.77,13.66,24.7,nasa,0.73
2016-12-17,0.2,20.98,15.11,26.28,nasa,0.72
2016-12-18,0.86,21.15,17.0,25.81,nasa,0.71
2016-12-19,6.3,20.86,17.38,24.73,nasa,0.7
2016-12-20,1.93,22.02,17.13,27.13,nasa,0.71
2016-12-21,0.53,22.46,17.3,27.1,nasa,0.7
2016-12-22,3.35,22.31,18.39,26.06,nasa,0.69
2016-12-23,3.92,23.03,18.8,27.08,nasa,0.7
2016-12-24,0.35,23.67,18.32,29.17,nasa,0.69
2016-12-25,3.4,24.13,18.56,29.94,nasa,0.69
2016-12-26,1.33,24.16,19.38,29.54,nasa,0.68
2016-12-27,9.61,24.73,20.32,29.42,nasa,0.69
2016-12-28,1.53,25.02,19.38,29.62,nasa,0.69
2016-12-29,0.63,24.86,20.04,30.75,nasa,0.68
2016-12-30,0.31,24.77,18.86,30.22,nasa,0.67
2016-12-31,0.2,25.76,20.11,31.02,nasa,0.66
2017-01-01,0.24,25.97,20.36,31.67,nasa,0.65
2017-01-02,0.39,26.18,19.83,32.77,nasa,0.65
2017-01-03,11.38,24.63,20.81,29.19,nasa,0.66
2017-01-04,6.21,23.05,20.1,26.57,nasa,0.67
2017-01-05,1.97,24.73,19.82,29.68,nasa,0.67
2017-01-06,1.17,24.87,19.88,30.83,nasa,0.67
2017-01-07,17.59,24.35,20.4,27.73,nasa,0.68
2017-01-08,19.05,23.56,20.34,27.48,nasa,0.71
2017-01-09,4.35,22.96,19.83,26.18,nasa,0.71
2017-01-10,4.77,23.94,20.69,28.08,nasa,0.71
2017-01-11,9.97,23.51,19.96,27.44,nasa,0.71
2017-01-12,7.38,22.34,19.45,26.35,nasa,0.72
2017-01-13,8.61,21.57,18.33,24.71,nasa,0.72
2017-01-14,0.84,23.26,19.92,27.95,nasa,0.72
2017-01-15,15.27,23.0,19.32,27.73,nasa,0.71
2017-01-16,8.26,21.61,19.33,25.25,nasa,0.73
2017-01-17,2.41,21.65,19.13,24.93,nasa,0.73
2017-01-18,4.8,21.36,18.6,23.72,nasa,0.73
2017-01-19,5.14,20.56,18.8,22.91,nasa,0.72
2017-01-20,4.27,20.77,17.15,24.17,nasa,0.73
2017-01-21,1.29,22.49,18.17,27.57,nasa,0.72
2017-01-22,3.25,21.56,18.77,25.22,nasa,0.72
2017-01-23,4.32,20.57,17.78,23.98,nasa,0.72
2017-01-24,7.43,21.29,16.62,26.15,nasa,0.72
2017-01-25,5.29,22.16,18.86,26.21,nasa,0.73
2017-01-26,1.61,23.08,20.26,25.88,nasa,0.73
2017-01-27,1.8,23.82,19.34,28.02,nasa,0.72
2017-01-28,0.04,23.26,18.72,29.04,nasa,0.71
2017-01-29,1.36,22.73,17.04,28.09,nasa,0.7
2017-01-30,1.41,23.16,18.23,28.44,nasa,0.69
2017-01-31,2.0,21.92,18.22,25.76,nasa,0.69
2017-02-01,3.34,21.17,17.83,25.05,nasa,0.69
2017-02-02,5.93,21.92,19.15,26.48,nasa,0.69
2017-02-03,5.26,22.79,19.03,26.49,nasa,0.7
2017-02-04,11.64,22.94,19.07,27.12,nasa,0.71
2017-02-05,7.81,23.76,19.81,28.67,nasa,0.72
2017-02-06,6.69,23.78,20.29,27.97,nasa,0.73
2017-02-07,2.1,23.44,20.16,26.78,nasa,0.72
2017-02-08,0.4,24.04,20.23,28.65,nasa,0.71
2017-02-09,0.07,22.81,17.17,28.68,nasa,0.7
2017-02-10,0.3,22.83,18.45,28.35,nasa,0.69
2017-02-11,0.97,23.15,17.9,28.69,nasa,0.68
2017-02-12,0.23,22.5,18.39,27.32,nasa,0.68
2017-02-13,0.0,22.64,18.17,28.11,nasa,0.67
2017-02-14,0.0,22.75,17.65,29.18,nasa,0.67
2017-02-15,0.0,23.67,19.24,29.54,nasa,0.66
2017-02-16,0.0,24.16,17.24,30.3,nasa,0.66
2017-02-17,0.09,24.02,17.78,30.47,nasa,0.65
2017-02-18,0.34,25.99,19.04,31.82,nasa,0.65
2017-02-19,0.28,25.51,19.68,32.76,nasa,0.64
2017-02-20,0.04,24.87,18.34,32.47,nasa,0.64
2017-02-21,0.02,24.45,18.22,31.81,nasa,0.64
2017-02-22,0.0,23.83,18.28,30.24,nasa,0.63
2017-02-23,0.15,24.36,17.77,30.61,nasa,0.63
2017-02-24,1.6,23.97,18.39,30.39,nasa,0.63
2017-02-25,3.85,19.97,17.57,23.58,nasa,0.64
2017-02-26,7.54,21.77,17.12,26.96,nasa,0.64
2017-02-27,6.66,22.37,18.08,27.84,nasa,0.66
2017-02-28,12.58,21.99,19.68,26.17,nasa,0.67
2017-03-01,4.26,22.98,19.17,27.76,nasa,0.68
2017-03-02,3.07,23.1,20.28,27.42,nasa,0.68
2017-03-03,6.08,22.98,19.41,27.18,nasa,0.68
2017-03-04,10.86,22.55,19.57,25.94,nasa,0.69
2017-03-05,4.5,22.71,19.39,26.56,nasa,0.69
2017-03-06,2.28,21.55,19.38,24.71,nasa,0.69
2017-03-07,0.57,23.69,18.63,29.55,nasa,0.68
2017-03-08,3.24,23.43,20.27,27.97,nasa,0.68
2017-03-09,0.06,23.9,19.48,29.05,nasa,0.67
2017-03-10,8.39,24.67,18.94,30.56,nasa,0.67
2017-03-11,0.72,24.29,19.36,29.66,nasa,0.67
2017-03-12,0.01,24.5,18.85,29.84,nasa,0.66
2017-03-13,0.17,24.72,20.65,30.64,nasa,0.66
2017-03-14,4.37,23.58,18.44,28.84,nasa,0.65
2017-03-15,0.17,22.68,18.56,29.04,nasa,0.65
2017-03-16,0.05,23.62,17.23,29.99,nasa,0.65
2017-03-17,0.09,24.78,18.03,30.88,nasa,0.64
2017-03-18,23.16,22.96,19.31,27.73,nasa,0.66
2017-03-19,31.8,19.53,17.72,22.48,nasa,0.72
2017-03-20,0.86,20.93,15.79,26.78,nasa,0.72
2017-03-21,0.01,20.3,14.28,27.18,nasa,0.7
2017-03-22,0.0,20.56,14.18,27.54,nasa,0.69
2017-03-23,0.0,20.35,15.86,25.33,nasa,0.68
2017-03-24,0.0,21.74,15.65,27.44,nasa,0.67
2017-03-25,0.27,22.42,15.97,29.01,nasa,0.66
2017-03-26,0.03,22.79,17.42,29.11,nasa,0.66
2017-03-27,1.56,21.73,17.39,26.64,nasa,0.65
2017-03-28,0.47,20.43,16.63,24.99,nasa,0.65
2017-03-29,0.06,19.9,14.43,27.01,nasa,0.65
2017-03-30,0.01,20.06,13.4,27.93,nasa,0.65
2017-03-31,0.0,20.23,15.13,27.45,nasa,0.64
2017-04-01,0.0,18.97,12.26,27.04,nasa,0.64
2017-04-02,0.0,19.79,13.3,27.61,nasa,0.64
2017-04-03,0.0,20.94,14.42,28.77,nasa,0.63
2017-04-04,0.0,22.32,15.34,29.67,nasa,0.63
2017-04-05,0.0,22.92,15.26,30.38,nasa,0.63
2017-04-06,3.0,22.04,18.76,26.97,nasa,0.63
2017-04-07,22.3,23.09,19.01,27.43,nasa,0.65
2017-04-08,1.04,22.63,18.96,27.01,nasa,0.67
2017-04-09,0.56,22.08,19.52,26.4,nasa,0.67
2017-04-10,0.26,22.5,19.52,26.97,nasa,0.66
2017-04-11,0.21,23.29,18.93,28.74,nasa,0.66
2017-04-12,6.5,21.92,18.13,26.17,nasa,0.65
2017-04-13,0.91,20.69,16.64,26.29,nasa,0.66
2017-04-14,0.43,21.84,16.37,28.34,nasa,0.66
2017-04-15,0.19,21.84,16.85,28.43,nasa,0.65
2017-04-16,0.0,22.26,16.43,29.24,nasa,0.65
2017-04-17,0.34,22.41,16.97,28.77,nasa,0.64
2017-04-18,0.74,20.8,16.03,27.44,nasa,0.64
2017-04-19,0.03,20.26,14.64,26.47,nasa,0.64
2017-04-20,0.0,21.32,15.26,28.37,nasa,0.63
2017-04-21,0.6,21.37,14.79,28.08,nasa,0.63
2017-04-22,2.35,21.33,16.21,27.11,nasa,0.63
2017-04-23,0.43,20.59,14.34,28.47,nasa,0.63
2017-04-24,0.01,21.59,14.69,28.97,nasa,0.63
2017-04-25,0.0,22.22,16.48,28.95,nasa,0.63
2017-04-26,12.03,20.93,18.35,24.64,nasa,0.64
2017-04-27,2.58,20.75,17.81,25.15,nasa,0.65
2017-04-28,1.85,18.36,15.67,21.99,nasa,0.65
2017-04-29,0.41,18.1,14.65,23.21,nasa,0.65
2017-04-30,0.05,18.12,14.25,22.81,nasa,0.65
2017-05-01,0.0,18.9,14.07,24.99,nasa,0.65
2017-05-02,0.25,17.74,14.36,23.04,nasa,0.64
2017-05-03,0.08,19.74,13.85,26.72,nasa,0.64
2017-05-04,0.01,19.86,13.78,26.42,nasa,0.64
2017-05-05,3.58,20.27,16.19,25.78,nasa,0.64
2017-05-06,2.38,19.74,15.66,25.47,nasa,0.64
2017-05-07,0.01,19.2,14.14,26.11,nasa,0.64
2017-05-08,0.01,19.99,13.68,26.56,nasa,0.64
2017-05-09,0.0,19.69,13.72,27.56,nasa,0.63
2017-05-10,0.0,19.56,13.27,27.35,nasa,0.63
2017-05-11,0.01,19.07,14.12,26.11,nasa,0.63
2017-05-12,0.0,19.48,13.6,25.97,nasa,0.62
2017-05-13,0.01,19.61,11.85,27.65,nasa,0.62
2017-05-14,0.36,20.85,14.63,28.73,nasa,0.62
2017-05-15,0.13,20.8,16.08,28.4,nasa,0.62
2017-05-16,0.33,19.33,14.39,25.62,nasa,0.62
2017-05-17,0.05,19.24,15.13,25.56,nasa,0.62
2017-05-18,4.24,18.84,14.29,24.99,nasa,0.62
2017-05-19,24.63,18.62,14.08,23.14,nasa,0.65
2017-05-20,6.88,19.95,17.74,23.2,nasa,0.68
2017-05-21,9.02,20.46,17.0,25.33,nasa,0.67
2017-05-22,1.95,20.77,16.39,26.06,nasa,0.68
2017-05-23,0.01,18.53,14.01,24.99,nasa,0.67
2017-05-24,0.0,17.85,12.98,23.72,nasa,0.66
2017-05-25,0.02,19.68,13.35,25.92,nasa,0.66
2017-05-26,0.02,20.44,14.75,26.56,nasa,0.65
2017-05-27,0.02,20.43,14.9,26.66,nasa,0.65
2017-05-28,0.0,19.17,12.57,26.35,nasa,0.65
2017-05-29,0.0,18.89,12.53,26.04,nasa,0.64
2017-05-30,0.0,18.73,12.47,26.2,nasa,0.64
2017-05-31,0.0,19.15,13.66,25.66,nasa,0.64
2017-06-01,0.11,19.51,13.36,26.78,nasa,0.63
2017-06-02,0.01,17.35,11.79,25.21,nasa,0.63
2017-06-03,0.0,18.42,10.2,26.89,nasa,0.63
2017-06-04,0.02,20.21,13.51,27.87,nasa,0.63
2017-06-05,0.02,20.79,14.46,28.33,nasa,0.63
2017-06-06,0.0,21.42,14.15,29.05,nasa,0.62
2017-06-07,0.0,21.69,14.08,29.0,nasa,0.62
2017-06-08,0.02,20.34,13.04,28.37,nasa,0.62
2017-06-09,0.63,20.39,14.7,28.52,nasa,0.62
2017-06-10,0.05,15.34,10.81,23.96,nasa,0.62
2017-06-11,0.0,17.31,7.14,26.27,nasa,0.62
2017-06-12,3.67,19.89,14.98,26.62,nasa,0.62
2017-06-13,8.22,19.58,15.3,25.58,nasa,0.63
2017-06-14,13.96,19.05,14.41,24.55,nasa,0.66
2017-06-15,0.01,17.31,12.74,24.17,nasa,0.66
2017-06-16,0.01,17.46,12.14,23.84,nasa,0.65
2017-06-17,0.04,17.39,9.97,24.67,nasa,0.65
2017-06-18,0.0,18.01,10.11,23.84,nasa,0.64
2017-06-19,0.0,19.57,14.36,24.63,nasa,0.64
2017-06-20,0.01,17.3,11.76,23.96,nasa,0.64
2017-06-21,0.02,17.13,12.16,23.58,nasa,0.63
2017-06-22,0.01,17.21,12.45,24.71,nasa,0.63
2017-06-23,0.02,16.68,11.96,24.23,nasa,0.63
2017-06-24,0.0,16.64,11.82,23.74,nasa,0.63
2017-06-25,0.0,15.91,11.48,23.53,nasa,0.63
2017-06-26,0.01,16.03,9.35,24.24,nasa,0.62
2017-06-27,0.01,16.62,10.38,24.31,nasa,0.62
2017-06-28,0.0,17.82,12.11,25.55,nasa,0.62
2017-06-29,0.0,17.72,11.47,24.7,nasa,0.62
2017-06-30,0.0,17.32,9.44,24.34,nasa,0.62
2017-07-01,0.0,17.36,10.71,24.63,nasa,0.62
2017-07-02,0.17,15.09,10.56,21.04,nasa,0.62
2017-07-03,0.05,13.02,8.41,19.81,nasa,0.62
2017-07-04,0.0,12.43,6.32,20.22,nasa,0.62
2017-07-05,0.0,13.15,8.08,20.94,nasa,0.62
2017-07-06,0.0,15.25,9.88,22.46,nasa,0.61
2017-07-07,0.0,15.82,10.92,22.9,nasa,0.61
2017-07-08,0.0,15.95,9.87,23.38,nasa,0.61
2017-07-09,0.0,16.36,11.12,23.67,nasa,0.61
2017-07-10,0.0,17.46,12.16,23.82,nasa,0.61
2017-07-11,0.0,17.6,10.68,24.95,nasa,0.61
2017-07-12,0.0,17.33,10.67,25.84,nasa,0.61
2017-07-13,0.0,17.32,11.86,25.84,nasa,0.61
2017-07-14,0.0,16.87,11.26,25.11,nasa,0.61
2017-07-15,0.0,16.78,12.38,24.69,nasa,0.61
2017-07-16,0.0,16.29,10.82,23.25,nasa,0.6
2017-07-17,0.0,17.75,10.63,25.24,nasa,0.6
2017-07-18,0.02,16.87,9.7,24.94,nasa,0.6
2017-07-19,0.08,15.33,9.53,23.07,nasa,0.6
2017-07-20,0.02,16.83,11.88,23.73,nasa,0.6
2017-07-21,0.01,18.54,11.25,25.12,nasa,0.6
2017-07-22,0.0,17.88,10.8,25.86,nasa,0.6
2017-07-23,0.0,16.98,11.59,25.6,nasa,0.6
2017-07-24,0.0,16.92,9.29,25.84,nasa,0.6
2017-07-25,0.0,17.68,11.48,25.74,nasa,0.6
2017-07-26,0.0,16.82,9.1,25.51,nasa,0.6
2017-07-27,0.0,16.05,8.4,25.29,nasa,0.6
2017-07-28,0.0,16.06,8.75,25.19,nasa,0.6
2017-07-29,0.01,17.14,10.06,25.41,nasa,0.59
2017-07-30,0.0,16.39,11.99,23.93,nasa,0.59
2017-07-31,0.0,16.34,9.78,23.53,nasa,0.59
2017-08-01,0.0,15.96,7.95,23.67,nasa,0.59
2017-08-02,0.0,16.76,8.56,25.36,nasa,0.59
2017-08-03,0.03,18.46,11.25,26.64,nasa,0.59
2017-08-04,0.03,16.3,10.27,24.23,nasa,0.59
2017-08-05,0.01,16.61,10.63,25.04,nasa,0.59
2017-08-06,0.01,16.72,10.83,25.24,nasa,0.59
2017-08-07,0.0,17.2,9.1,26.2,nasa,0.59
2017-08-08,0.0,19.57,10.58,28.17,nasa,0.59
2017-08-09,0.0,22.26,14.39,31.06,nasa,0.59
2017-08-10,0.0,21.65,13.58,31.59,nasa,0.59
2017-08-11,0.0,20.12,12.58,28.93,nasa,0.59
2017-08-12,0.0,20.19,11.77,29.25,nasa,0.59
2017-08-13,0.0,20.54,12.08,29.31,nasa,0.59
2017-08-14,0.0,22.85,15.74,31.03,nasa,0.59
2017-08-15,1.73,22.08,15.47,29.73,nasa,0.59
2017-08-16,1.03,21.48,14.29,29.46,nasa,0.59
2017-08-17,3.18,19.68,16.26,26.23,nasa,0.59
2017-08-18,3.16,19.69,15.87,25.72,nasa,0.6
2017-08-19,0.24,20.95,15.05,28.15,nasa,0.6
2017-08-20,1.17,21.9,15.24,30.71,nasa,0.6
2017-08-21,1.19,16.88,13.25,20.37,nasa,0.6
2017-08-22,0.02,17.56,12.5,25.07,nasa,0.6
2017-08-23,0.01,18.68,11.17,27.59,nasa,0.6
2017-08-24,0.0,18.72,12.3,26.73,nasa,0.6
2017-08-25,0.0,18.57,11.23,27.56,nasa,0.59
2017-08-26,0.0,19.13,9.81,28.11,nasa,0.59
2017-08-27,0.0,20.14,9.95,29.31,nasa,0.59
2017-08-28,0.0,20.69,10.41,30.7,nasa,0.59
2017-08-29,0.0,21.54,11.98,30.79,nasa,0.59
2017-08-30,0.0,22.55,12.22,32.21,nasa,0.59
2017-08-31,0.0,22.71,14.04,32.5,nasa,0.59
2017-09-01,0.0,21.14,12.82,30.01,nasa,0.59
2017-09-02,0.0,19.58,12.65,28.77,nasa,0.59
2017-09-03,0.0,18.63,10.63,28.5,nasa,0.59
2017-09-04,0.0,19.19,10.42,28.86,nasa,0.59
2017-09-05,0.0,20.01,10.8,28.83,nasa,0.59
2017-09-06,0.0,21.81,12.61,30.76,nasa,0.58
2017-09-07,0.0,21.59,11.68,31.19,nasa,0.58
2017-09-08,0.0,21.84,12.56,30.72,nasa,0.58
2017-09-09,0.0,21.54,12.84,29.63,nasa,0.58
2017-09-10,0.0,22.5,14.23,31.57,nasa,0.58
2017-09-11,0.0,23.36,15.11,31.47,nasa,0.58
2017-09-12,0.0,23.35,15.2,32.88,nasa,0.58
2017-09-13,0.0,22.47,13.93,32.36,nasa,0.58
2017-09-14,0.0,22.81,14.35,32.71,nasa,0.58
2017-09-15,0.0,23.53,13.19,33.83,nasa,0.58
2017-09-16,0.0,23.21,14.29,33.43,nasa,0.58
2017-09-17,0.0,23.5,14.12,33.05,nasa,0.58
2017-09-18,0.0,23.65,15.17,32.34,nasa,0.58
2017-09-19,0.0,23.52,14.98,32.5,nasa,0.58
2017-09-20,0.02,23.33,15.25,32.2,nasa,0.58
2017-09-21,0.0,22.83,14.44,31.53,nasa,0.58
2017-09-22,0.0,22.15,14.81,30.27,nasa,0.58
2017-09-23,0.0,23.41,16.45,31.24,nasa,0.58
2017-09-24,0.0,23.69,15.93,31.86,nasa,0.58
2017-09-25,0.0,22.75,15.85,30.8,nasa,0.58
2017-09-26,0.0,22.28,14.14,29.94,nasa,0.58
2017-09-27,3.05,24.11,17.87,31.24,nasa,0.58
2017-09-28,0.59,25.77,18.49,32.91,nasa,0.59
2017-09-29,3.76,24.44,18.07,31.3,nasa,0.59
2017-09-30,31.86,19.62,17.85,21.92,nasa,0.63
2017-10-01,1.18,22.4,16.6,29.58,nasa,0.64
2017-10-02,16.63,22.17,17.09,27.6,nasa,0.63
2017-10-03,34.41,20.14,15.27,26.2,nasa,0.69
2017-10-04,0.22,18.82,14.51,23.07,nasa,0.68
2017-10-05,0.04,21.8,13.91,29.73,nasa,0.66
2017-10-06,0.03,23.83,15.43,31.38,nasa,0.65
2017-10-07,1.08,22.73,16.37,29.8,nasa,0.64
2017-10-08,1.1,23.45,17.58,30.59,nasa,0.63
2017-10-09,0.2,24.74,17.81,32.21,nasa,0.63
2017-10-10,1.86,25.57,18.04,33.73,nasa,0.62
2017-10-11,1.22,26.02,18.64,34.05,nasa,0.62
2017-10-12,0.34,26.89,18.65,34.96,nasa,0.62
2017-10-13,0.43,26.07,17.86,33.73,nasa,0.61
2017-10-14,0.16,26.09,16.68,34.13,nasa,0.61
2017-10-15,0.28,25.23,18.89,33.71,nasa,0.6
2017-10-16,0.0,23.66,16.16,32.25,nasa,0.6
2017-10-17,0.0,23.39,16.56,31.31,nasa,0.6
2017-10-18,0.0,23.96,15.79,32.39,nasa,0.6
2017-10-19,0.0,24.05,15.21,32.53,nasa,0.59
2017-10-20,0.0,26.49,19.64,34.36,nasa,0.59
2017-10-21,0.38,25.02,19.54,30.59,nasa,0.59
2017-10-22,3.4,23.29,19.2,28.17,nasa,0.59
2017-10-23,3.73,21.88,18.63,27.33,nasa,0.6
2017-10-24,0.2,22.17,16.29,29.29,nasa,0.6
2017-10-25,0.62,22.63,17.9,28.63,nasa,0.6
2017-10-26,1.79,23.49,17.5,30.71,nasa,0.6
2017-10-27,22.15,24.87,18.87,33.55,nasa,0.61
2017-10-28,2.5,23.34,19.47,28.27,nasa,0.64
2017-10-29,3.15,22.43,19.66,26.22,nasa,0.64
2017-10-30,14.3,22.96,18.26,28.35,nasa,0.65
2017-10-31,1.04,23.31,18.31,29.34,nasa,0.65
2017-11-01,0.48,21.86,15.58,28.52,nasa,0.64
2017-11-02,0.05,21.63,13.72,29.74,nasa,0.63
2017-11-03,0.0,23.07,14.18,31.18,nasa,0.63
2017-11-04,0.84,23.64,18.58,29.23,nasa,0.62
2017-11-05,3.13,23.02,19.77,27.04,nasa,0.63
2017-11-06,0.31,20.52,18.08,24.58,nasa,0.62
2017-11-07,0.06,20.13,15.57,25.37,nasa,0.62
2017-11-08,0.03,22.12,13.98,29.99,nasa,0.62
2017-11-09,0.11,22.62,17.14,28.86,nasa,0.62
2017-11-10,8.58,23.03,17.49,29.36,nasa,0.62
2017-11-11,8.16,22.72,16.75,29.24,nasa,0.63
2017-11-12,2.73,21.84,15.07,30.6,nasa,0.64
2017-11-13,0.0,22.45,12.9,31.9,nasa,0.63
2017-11-14,0.0,23.15,13.6,31.78,nasa,0.62
2017-11-15,0.0,24.01,15.24,31.96,nasa,0.62
2017-11-16,0.53,25.03,17.36,32.06,nasa,0.61
2017-11-17,0.42,25.62,18.24,32.94,nasa,0.61
2017-11-18,6.67,24.04,20.04,29.21,nasa,0.61
2017-11-19,7.48,23.93,19.95,29.04,nasa,0.62
2017-11-20,23.73,23.39,20.85,26.63,nasa,0.66
2017-11-21,23.1,22.3,19.04,26.37,nasa,0.68
2017-11-22,12.54,22.44,19.8,26.3,nasa,0.7
2017-11-23,2.31,21.86,15.99,27.35,nasa,0.7
2017-11-24,0.02,22.76,16.31,29.65,nasa,0.68
2017-11-25,2.86,23.52,17.94,29.06,nasa,0.66
2017-11-26,6.16,21.28,18.98,24.15,nasa,0.67
2017-11-27,1.58,23.39,18.6,28.66,nasa,0.66
2017-11-28,12.81,23.74,18.58,29.84,nasa,0.67
2017-11-29,0.89,22.82,16.04,29.54,nasa,0.66
2017-11-30,12.01,21.13,16.73,25.85,nasa,0.66
2017-12-01,27.26,19.53,16.94,21.91,nasa,0.71
2017-12-02,3.03,21.64,15.86,27.05,nasa,0.71
2017-12-03,22.03,22.82,17.76,28.12,nasa,0.7
2017-12-04,7.12,24.55,20.24,30.17,nasa,0.72
2017-12-05,3.35,24.1,18.54,29.23,nasa,0.71
2017-12-06,5.69,22.88,18.69,27.18,nasa,0.7
2017-12-07,12.42,21.34,17.65,25.62,nasa,0.7
2017-12-08,16.52,22.91,18.98,27.57,nasa,0.72
2017-12-09,0.51,23.29,18.01,29.14,nasa,0.71
2017-12-10,0.17,23.29,17.77,28.92,nasa,0.7
2017-12-11,0.12,23.9,19.06,29.02,nasa,0.69
2017-12-12,0.16,22.35,17.47,27.64,nasa,0.68
2017-12-13,0.15,22.17,16.35,28.57,nasa,0.67
2017-12-14,0.04,22.24,16.31,28.16,nasa,0.66
2017-12-15,1.77,23.46,18.1,28.89,nasa,0.66
2017-12-16,4.76,23.25,18.04,28.64,nasa,0.66
2017-12-17,3.89,23.39,18.9,28.84,nasa,0.66
2017-12-18,0.61,23.88,18.21,29.13,nasa,0.66
2017-12-19,1.32,24.21,19.9,29.35,nasa,0.65
2017-12-20,0.11,23.89,17.57,30.33,nasa,0.65
2017-12-21,4.1,23.06,20.15,27.09,nasa,0.65
2017-12-22,6.9,22.01,19.37,26.23,nasa,0.66
2017-12-23,1.82,23.94,17.61,29.37,nasa,0.66
2017-12-24,0.52,25.09,19.58,30.12,nasa,0.65
2017-12-25,1.76,25.0,20.34,29.8,nasa,0.65
2017-12-26,3.15,24.23,20.42,28.35,nasa,0.65
2017-12-27,10.67,24.24,19.82,28.79,nasa,0.66
2017-12-28,11.47,22.81,19.85,25.99,nasa,0.68
2017-12-29,12.56,21.19,18.67,24.29,nasa,0.69
2017-12-30,33.75,21.35,19.75,23.83,nasa,0.74
2017-12-31,5.84,21.73,18.7,26.5,nasa,0.74
2018-01-01,6.95,22.78,18.67,27.6,nasa,0.73
2018-01-02,8.75,22.9,20.52,26.57,nasa,0.73
2018-01-03,5.35,22.72,20.27,26.75,nasa,0.72
2018-01-04,8.62,22.59,19.42,26.5,nasa,0.72
2018-01-05,16.44,20.94,17.78,23.87,nasa,0.74
2018-01-06,29.02,20.6,19.17,22.45,nasa,0.76
2018-01-07,14.75,20.99,18.54,24.31,nasa,0.78
2018-01-08,21.39,20.95,17.9,25.01,nasa,0.79
2018-01-09,0.78,22.21,17.96,27.27,nasa,0.78
2018-01-10,0.0,22.87,18.73,27.67,nasa,0.76
2018-01-11,0.64,22.26,17.66,26.25,nasa,0.75
2018-01-12,3.16,21.48,19.48,23.83,nasa,0.74
2018-01-13,0.84,22.21,17.87,25.99,nasa,0.74
2018-01-14,9.48,22.5,18.95,26.38,nasa,0.74
2018-01-15,9.33,22.35,18.9,26.6,nasa,0.75
2018-01-16,4.94,23.28,19.16,26.84,nasa,0.76
2018-01-17,0.22,23.43,20.19,26.86,nasa,0.75
2018-01-18,0.05,23.47,18.88,28.59,nasa,0.74
2018-01-19,0.11,24.2,18.38,29.34,nasa,0.73
2018-01-20,0.13,24.0,19.99,28.19,nasa,0.72
2018-01-21,0.09,23.27,18.35,27.97,nasa,0.71
2018-01-22,0.48,23.79,18.64,28.16,nasa,0.71
2018-01-23,6.64,23.03,19.55,26.64,nasa,0.71
2018-01-24,2.15,23.43,19.44,27.34,nasa,0.71
2018-01-25,4.02,22.68,19.43,26.75,nasa,0.71
2018-01-26,5.45,23.25,19.38,27.76,nasa,0.71
2018-01-27,2.46,22.56,19.2,26.66,nasa,0.71
2018-01-28,1.5,23.6,18.99,28.23,nasa,0.71
2018-01-29,9.01,23.11,19.53,26.45,nasa,0.71
2018-01-30,23.44,23.4,19.3,27.94,nasa,0.73
2018-01-31,0.37,21.53,16.78,27.19,nasa,0.75
2018-02-01,0.05,21.84,14.94,28.32,nasa,0.73
2018-02-02,0.45,22.66,17.4,28.02,nasa,0.72
2018-02-03,0.74,21.31,18.11,24.82,nasa,0.71
2018-02-04,5.77,21.0,17.11,25.73,nasa,0.71
2018-02-05,7.73,19.46,16.13,24.01,nasa,0.72
2018-02-06,14.17,20.64,16.84,24.54,nasa,0.73
2018-02-07,3.13,22.29,18.24,28.17,nasa,0.74
2018-02-08,0.0,22.55,16.75,28.62,nasa,0.72
2018-02-09,0.15,23.4,17.42,29.08,nasa,0.71
2018-02-10,0.98,22.71,19.17,26.56,nasa,0.71
2018-02-11,1.09,22.66,19.32,26.07,nasa,0.71
2018-02-12,1.04,23.31,20.62,26.57,nasa,0.71
2018-02-13,1.99,22.58,20.46,25.75,nasa,0.71
2018-02-14,4.39,23.07,19.5,27.26,nasa,0.71
2018-02-15,5.18,22.22,19.04,26.2,nasa,0.71
2018-02-16,0.38,22.41,16.96,27.86,nasa,0.71
2018-02-17,0.97,22.07,18.64,26.17,nasa,0.7
2018-02-18,1.67,21.87,18.36,26.13,nasa,0.7
2018-02-19,46.64,21.86,18.67,26.66,nasa,0.71
2018-02-20,36.36,23.02,19.89,27.04,nasa,0.77
2018-02-21,7.04,22.75,20.22,26.2,nasa,0.76
2018-02-22,11.62,22.89,19.16,26.98,nasa,0.76
2018-02-23,2.61,22.84,18.79,27.7,nasa,0.76
2018-02-24,2.94,21.27,17.46,26.29,nasa,0.75
2018-02-25,0.78,20.45,17.36,23.59,nasa,0.74
2018-02-26,7.6,20.76,18.32,23.54,nasa,0.74
2018-02-27,7.76,22.56,18.92,27.24,nasa,0.75
2018-02-28,8.1,23.25,19.15,27.86,nasa,0.75
2018-03-01,2.08,23.43,19.38,27.73,nasa,0.75
2018-03-02,8.13,23.8,19.66,28.61,nasa,0.74
2018-03-03,6.26,23.86,19.95,28.9,nasa,0.75
2018-03-04,1.34,23.61,19.59,28.28,nasa,0.75
2018-03-05,2.96,23.7,18.85,29.05,nasa,0.73
2018-03-06,1.61,24.27,19.21,29.83,nasa,0.73
2018-03-07,5.67,23.93,20.62,28.14,nasa,0.73
2018-03-08,11.39,23.15,20.56,26.08,nasa,0.74
2018-03-09,4.51,22.13,19.08,26.53,nasa,0.75
2018-03-10,9.7,22.65,18.98,27.1,nasa,0.75
2018-03-11,0.43,23.09,18.31,28.98,nasa,0.75
2018-03-12,0.0,23.82,18.54,29.39,nasa,0.74
2018-03-13,0.11,25.04,20.1,30.16,nasa,0.72
2018-03-14,4.62,24.46,19.13,30.03,nasa,0.72
2018-03-15,0.48,23.72,20.66,27.12,nasa,0.72
2018-03-16,5.53,23.93,21.31,27.25,nasa,0.72
2018-03-17,1.14,23.38,20.22,27.59,nasa,0.73
2018-03-18,0.1,23.5,18.69,28.76,nasa,0.72
2018-03-19,0.23,24.2,18.79,29.22,nasa,0.71
2018-03-20,4.13,23.55,20.17,27.93,nasa,0.71
2018-03-21,7.27,23.98,20.02,28.15,nasa,0.71
2018-03-22,2.64,23.86,19.23,28.44,nasa,0.72
2018-03-23,0.49,23.35,19.37,28.4,nasa,0.71
2018-03-24,0.06,22.26,18.54,27.3,nasa,0.7
2018-03-25,0.0,22.0,16.97,27.41,nasa,0.7
2018-03-26,0.56,22.7,18.37,27.6,nasa,0.69
2018-03-27,0.14,21.97,17.73,27.5,nasa,0.68
2018-03-28,0.02,21.6,16.43,27.36,nasa,0.68
2018-03-29,0.03,21.99,19.12,26.81,nasa,0.68
2018-03-30,0.2,21.81,16.72,27.66,nasa,0.67
2018-03-31,0.13,22.17,17.6,27.47,nasa,0.67
2018-04-01,0.9,21.29,18.17,25.64,nasa,0.67
2018-04-02,1.83,22.47,19.31,27.18,nasa,0.67
2018-04-03,4.98,22.55,18.51,28.23,nasa,0.67
2018-04-04,2.18,22.71,19.32,27.31,nasa,0.68
2018-04-05,0.27,22.73,18.24,28.07,nasa,0.67
2018-04-06,0.8,22.63,18.24,27.66,nasa,0.67
2018-04-07,0.25,22.54,17.82,27.71,nasa,0.67
2018-04-08,0.07,22.47,17.61,28.3,nasa,0.66
2018-04-09,0.55,22.09,18.02,27.48,nasa,0.66
2018-04-10,0.05,21.54,16.88,27.64,nasa,0.66
2018-04-11,0.0,20.65,15.62,27.13,nasa,0.65
2018-04-12,0.05,19.54,16.46,24.86,nasa,0.65
2018-04-13,0.0,21.96,15.21,28.18,nasa,0.65
2018-04-14,0.02,21.63,17.47,26.71,nasa,0.65
2018-04-15,2.21,20.49,17.69,24.52,nasa,0.65
2018-04-16,0.3,19.71,15.98,25.45,nasa,0.65
2018-04-17,0.02,18.92,14.16,25.56,nasa,0.65
2018-04-18,0.0,18.46,13.22,25.7,nasa,0.65
2018-04-19,0.0,19.18,12.32,26.25,nasa,0.64
2018-04-20,0.0,19.83,15.1,26.02,nasa,0.64
2018-04-21,0.0,19.48,14.82,24.74,nasa,0.64
2018-04-22,0.0,19.77,14.99,25.77,nasa,0.64
2018-04-23,0.01,20.68,15.77,26.7,nasa,0.64
2018-04-24,0.02,20.91,16.15,26.75,nasa,0.64
2018-04-25,0.02,21.34,15.96,27.61,nasa,0.63
2018-04-26,0.03,21.52,15.47,28.43,nasa,0.63
2018-04-27,0.76,21.49,15.88,28.37,nasa,0.63
2018-04-28,0.71,21.35,16.52,28.42,nasa,0.63
2018-04-29,0.01,20.91,15.12,28.0,nasa,0.63
2018-04-30,0.0,20.89,12.8,28.29,nasa,0.63
2018-05-01,0.0,21.3,15.42,28.7,nasa,0.62
2018-05-02,0.0,20.89,14.76,28.74,nasa,0.62
2018-05-03,0.01,21.09,15.26,28.67,nasa,0.62
2018-05-04,0.0,21.47,14.7,29.5,nasa,0.62
2018-05-05,0.68,21.61,15.96,29.32,nasa,0.62
2018-05-06,0.15,21.18,15.55,28.76,nasa,0.62
2018-05-07,0.13,19.65,14.3,26.29,nasa,0.62
2018-05-08,0.44,19.82,14.57,26.94,nasa,0.62
2018-05-09,0.04,19.18,13.8,26.75,nasa,0.62
2018-05-10,0.0,19.46,13.48,26.82,nasa,0.62
2018-05-11,0.01,19.6,12.6,27.28,nasa,0.62
2018-05-12,0.0,20.81,14.61,28.16,nasa,0.61
2018-05-13,0.03,21.05,16.13,27.03,nasa,0.61
2018-05-14,0.1,20.59,15.71,26.68,nasa,0.61
2018-05-15,0.04,20.35,16.1,26.45,nasa,0.61
2018-05-16,3.53,20.58,14.41,27.84,nasa,0.61
2018-05-17,4.27,20.36,14.97,26.73,nasa,0.62
2018-05-18,0.86,20.52,15.96,26.66,nasa,0.62
2018-05-19,13.74,20.47,16.32,25.94,nasa,0.63
2018-05-20,0.91,14.3,8.57,20.69,nasa,0.65
2018-05-21,0.04,13.67,6.25,21.56,nasa,0.64
2018-05-22,0.01,15.61,6.27,23.97,nasa,0.64
2018-05-23,0.0,16.83,10.65,25.05,nasa,0.64
2018-05-24,0.0,16.48,10.33,25.14,nasa,0.63
2018-05-25,0.0,17.45,12.12,25.14,nasa,0.63
2018-05-26,0.02,17.75,12.76,24.58,nasa,0.63
2018-05-27,0.0,17.49,12.51,24.62,nasa,0.62
2018-05-28,0.0,16.8,12.18,24.62,nasa,0.62
2018-05-29,0.0,16.76,10.97,24.06,nasa,0.62
2018-05-30,0.0,17.14,10.48,23.88,nasa,0.62
2018-05-31,0.0,18.1,12.48,23.85,nasa,0.62
2018-06-01,0.0,18.0,10.5,25.31,nasa,0.62
2018-06-02,0.0,19.73,13.13,27.08,nasa,0.61
2018-06-03,0.01,19.89,14.76,26.69,nasa,0.61
2018-06-04,0.0,18.22,13.2,25.0,nasa,0.61
2018-06-05,7.25,18.54,13.29,25.24,nasa,0.61
2018-06-06,1.94,19.42,14.69,25.43,nasa,0.63
2018-06-07,2.11,20.26,15.87,26.24,nasa,0.63
2018-06-08,0.29,18.55,14.18,24.8,nasa,0.63
2018-06-09,0.0,18.92,13.62,25.34,nasa,0.63
2018-06-10,0.01,19.29,15.33,24.75,nasa,0.62
2018-06-11,0.0,20.33,14.6,27.12,nasa,0.62
2018-06-12,0.0,21.05,14.8,27.8,nasa,0.62
2018-06-13,0.0,22.01,16.98,28.88,nasa,0.62
2018-06-14,3.08,21.39,16.67,27.8,nasa,0.62
2018-06-15,4.26,17.32,14.5,20.8,nasa,0.63
2018-06-16,0.56,17.8,14.92,24.03,nasa,0.63
2018-06-17,0.01,18.11,13.92,23.83,nasa,0.63
2018-06-18,0.0,18.3,13.51,24.25,nasa,0.62
2018-06-19,0.0,18.06,14.03,24.09,nasa,0.62
2018-06-20,0.03,18.06,11.32,24.51,nasa,0.62
2018-06-21,0.01,18.19,10.76,25.39,nasa,0.62
2018-06-22,0.0,19.56,13.44,25.74,nasa,0.62
2018-06-23,0.0,18.87,12.11,26.25,nasa,0.61
2018-06-24,0.0,20.27,13.19,26.98,nasa,0.61
2018-06-25,0.0,19.61,13.16,26.6,nasa,0.61
2018-06-26,0.0,20.06,13.23,27.32,nasa,0.61
2018-06-27,0.0,19.43,13.31,26.52,nasa,0.61
2018-06-28,0.0,18.65,11.49,26.96,nasa,0.61
2018-06-29,0.0,18.14,10.77,25.09,nasa,0.6
2018-06-30,0.01,19.4,11.54,25.96,nasa,0.6
2018-07-01,0.0,20.09,12.33,27.23,nasa,0.6
2018-07-02,0.0,19.67,11.83,26.83,nasa,0.6
2018-07-03,0.0,20.38,12.52,28.14,nasa,0.6
2018-07-04,0.0,20.4,14.41,27.55,nasa,0.6
2018-07-05,0.01,19.56,12.17,26.84,nasa,0.6
2018-07-06,0.0,20.13,12.61,27.38,nasa,0.6
2018-07-07,0.0,19.04,11.78,26.59,nasa,0.6
2018-07-08,0.0,19.69,12.9,27.68,nasa,0.6
2018-07-09,0.0,19.92,12.77,28.02,nasa,0.59
2018-07-10,2.67,16.4,12.47,21.19,nasa,0.59
2018-07-11,0.44,14.36,9.1,22.53,nasa,0.6
2018-07-12,0.0,15.24,8.59,23.39,nasa,0.6
2018-07-13,0.0,16.41,8.39,24.98,nasa,0.6
2018-07-14,0.0,18.5,10.43,26.72,nasa,0.6
2018-07-15,0.0,19.05,10.27,27.35,nasa,0.6
2018-07-16,0.0,19.67,11.65,27.63,nasa,0.59
2018-07-17,0.0,18.75,10.69,27.85,nasa,0.59
2018-07-18,0.0,19.09,11.45,26.78,nasa,0.59
2018-07-19,0.0,19.38,11.38,27.48,nasa,0.59
2018-07-20,0.0,19.43,11.28,27.91,nasa,0.59
2018-07-21,0.01,20.42,12.7,29.05,nasa,0.59
2018-07-22,0.0,19.63,13.26,27.75,nasa,0.59
2018-07-23,0.0,19.74,13.68,26.39,nasa,0.59
2018-07-24,0.0,19.06,11.5,26.38,nasa,0.59
2018-07-25,0.02,18.96,13.33,24.74,nasa,0.59
2018-07-26,0.0,18.86,11.71,26.33,nasa,0.59
2018-07-27,0.0,19.06,11.21,26.81,nasa,0.59
2018-07-28,0.0,19.62,11.6,27.47,nasa,0.59
2018-07-29,0.0,20.23,12.6,28.43,nasa,0.59
2018-07-30,0.01,20.43,12.67,29.13,nasa,0.59
2018-07-31,1.28,19.74,14.19,26.47,nasa,0.59
2018-08-01,6.96,18.67,12.33,26.21,nasa,0.59
2018-08-02,2.05,18.29,13.83,24.51,nasa,0.61
2018-08-03,30.35,18.55,13.6,23.99,nasa,0.62
2018-08-04,2.65,18.53,15.93,23.2,nasa,0.66
2018-08-05,0.75,19.02,14.12,25.59,nasa,0.65
2018-08-06,6.48,18.66,15.47,23.64,nasa,0.65
2018-08-07,2.29,19.12,15.5,24.96,nasa,0.65
2018-08-08,0.03,19.58,13.5,27.28,nasa,0.64
2018-08-09,1.96,20.21,14.17,27.29,nasa,0.64
2018-08-10,0.01,16.3,9.66,24.88,nasa,0.63
2018-08-11,0.0,14.18,6.23,25.72,nasa,0.63
2018-08-12,0.0,15.08,6.58,25.54,nasa,0.62
2018-08-13,0.0,16.67,9.13,26.48,nasa,0.62
2018-08-14,0.0,18.06,10.38,26.82,nasa,0.62
2018-08-15,0.0,19.07,9.25,28.51,nasa,0.62
2018-08-16,0.02,17.38,13.45,22.5,nasa,0.61
2018-08-17,4.08,17.48,13.94,23.0,nasa,0.61
2018-08-18,0.36,16.51,13.51,21.39,nasa,0.62
2018-08-19,0.02,18.29,12.22,25.77,nasa,0.62
2018-08-20,0.0,19.67,11.01,27.24,nasa,0.62
2018-08-21,0.0,19.26,11.12,27.16,nasa,0.61
2018-08-22,0.0,19.09,12.68,26.09,nasa,0.61
2018-08-23,0.0,20.86,13.12,28.67,nasa,0.61
2018-08-24,0.12,20.85,13.59,27.92,nasa,0.61
2018-08-25,0.72,20.21,15.83,25.47,nasa,0.61
2018-08-26,1.35,20.14,14.6,26.07,nasa,0.61
2018-08-27,0.09,18.6,12.7,26.4,nasa,0.61
2018-08-28,0.0,18.19,13.52,25.63,nasa,0.6
2018-08-29,0.0,19.32,12.4,27.44,nasa,0.6
2018-08-30,0.0,20.5,14.0,27.67,nasa,0.6
2018-08-31,0.0,20.5,12.4,28.67,nasa,0.6
2018-09-01,0.0,22.51,14.12,30.38,nasa,0.6
2018-09-02,0.0,22.18,14.07,30.92,nasa,0.59
2018-09-03,3.56,22.21,14.95,31.35,nasa,0.59
2018-09-04,0.84,16.67,10.48,24.53,nasa,0.6
2018-09-05,0.04,16.27,10.0,24.72,nasa,0.6
2018-09-06,0.0,17.45,9.33,27.45,nasa,0.6
2018-09-07,0.0,19.63,11.17,29.24,nasa,0.6
2018-09-08,0.0,19.9,9.91,29.89,nasa,0.59
2018-09-09,0.0,20.05,10.04,30.18,nasa,0.59
2018-09-10,0.0,20.57,12.14,29.3,nasa,0.59
2018-09-11,0.0,21.19,12.41,30.1,nasa,0.59
2018-09-12,0.0,21.45,14.43,29.69,nasa,0.59
2018-09-13,0.12,21.78,13.98,29.78,nasa,0.59
2018-09-14,16.97,21.62,16.47,28.81,nasa,0.6
2018-09-15,4.8,20.94,16.55,26.6,nasa,0.63
2018-09-16,7.26,20.58,15.45,26.08,nasa,0.63
2018-09-17,5.15,20.05,15.55,25.87,nasa,0.64
2018-09-18,4.2,21.2,17.73,26.82,nasa,0.64
2018-09-19,0.79,22.44,17.4,28.67,nasa,0.64
2018-09-20,4.97,22.23,18.55,28.16,nasa,0.64
2018-09-21,4.39,21.76,16.49,27.43,nasa,0.64
2018-09-22,0.0,23.07,15.09,31.35,nasa,0.63
2018-09-23,0.0,23.73,15.69,31.44,nasa,0.63
2018-09-24,0.0,24.58,16.3,33.09,nasa,0.62
2018-09-25,0.0,24.78,16.14,33.11,nasa,0.62
2018-09-26,0.1,24.24,17.07,32.27,nasa,0.61
2018-09-27,0.07,25.25,18.96,32.94,nasa,0.61
2018-09-28,1.08,23.22,19.3,29.22,nasa,0.61
2018-09-29,1.48,22.16,18.74,26.9,nasa,0.61
2018-09-30,14.43,22.26,19.15,27.18,nasa,0.62
2018-10-01,1.89,22.02,19.24,25.7,nasa,0.63
2018-10-02,0.04,24.98,17.23,32.16,nasa,0.63
2018-10-03,1.5,25.88,19.12,33.46,nasa,0.62
2018-10-04,0.59,24.35,21.03,28.62,nasa,0.62
2018-10-05,2.52,21.52,18.29,26.86,nasa,0.62
2018-10-06,4.41,21.27,15.75,27.97,nasa,0.62
2018-10-07,8.02,19.74,16.31,25.23,nasa,0.64
2018-10-08,8.28,21.84,17.86,27.14,nasa,0.64
2018-10-09,6.99,22.78,18.07,29.46,nasa,0.65
2018-10-10,1.58,23.87,19.21,29.63,nasa,0.65
2018-10-11,5.71,22.3,19.34,27.0,nasa,0.65
2018-10-12,2.16,23.77,18.63,30.06,nasa,0.65
2018-10-13,2.92,24.7,18.16,32.21,nasa,0.64
2018-10-14,3.66,23.96,20.26,28.75,nasa,0.64
2018-10-15,4.53,24.08,19.77,29.56,nasa,0.64
2018-10-16,0.76,24.12,17.69,30.97,nasa,0.64
2018-10-17,8.27,22.64,20.26,25.63,nasa,0.64
2018-10-18,27.99,23.24,19.43,27.96,nasa,0.67
2018-10-19,16.02,22.46,18.78,27.42,nasa,0.69
2018-10-20,0.97,20.45,14.62,26.9,nasa,0.7
2018-10-21,0.0,19.22,11.77,26.6,nasa,0.68
2018-10-22,0.0,20.59,12.62,27.63,nasa,0.67
2018-10-23,0.66,22.81,14.91,29.45,nasa,0.66
2018-10-24,16.04,21.83,18.3,26.44,nasa,0.66
2018-10-25,29.65,21.3,18.19,25.76,nasa,0.7
2018-10-26,11.42,22.06,18.23,26.34,nasa,0.73
2018-10-27,5.19,22.83,19.59,27.19,nasa,0.72
2018-10-28,0.22,21.75,16.3,27.65,nasa,0.71
2018-10-29,0.16,20.26,14.11,26.3,nasa,0.69
2018-10-30,0.02,22.87,16.67,28.82,nasa,0.68
2018-10-31,0.8,23.38,17.46,28.81,nasa,0.67
2018-11-01,2.74,23.85,19.68,28.24,nasa,0.67
2018-11-02,0.57,24.71,19.39,30.77,nasa,0.67
2018-11-03,6.12,23.94,18.37,29.41,nasa,0.66
2018-11-04,9.24,23.72,20.28,28.13,nasa,0.67
2018-11-05,2.96,20.97,16.25,26.76,nasa,0.68
2018-11-06,0.23,21.3,15.21,27.76,nasa,0.67
2018-11-07,10.5,21.78,17.34,27.11,nasa,0.67
2018-11-08,14.99,18.8,16.89,22.55,nasa,0.69
2018-11-09,6.63,18.28,15.77,20.97,nasa,0.71
2018-11-10,5.95,20.5,16.26,25.64,nasa,0.71
2018-11-11,0.62,20.38,16.73,24.41,nasa,0.7
2018-11-12,0.58,23.1,18.14,28.5,nasa,0.69
2018-11-13,0.4,23.54,17.95,29.41,nasa,0.68
2018-11-14,0.2,24.23,18.53,30.07,nasa,0.67
2018-11-15,2.43,23.55,20.47,27.05,nasa,0.67
2018-11-16,1.97,22.93,20.44,26.7,nasa,0.67
2018-11-17,0.07,22.06,17.7,26.65,nasa,0.67
2018-11-18,3.92,22.46,17.75,27.86,nasa,0.66
2018-11-19,24.43,20.92,16.41,25.23,nasa,0.69
2018-11-20,37.76,18.85,15.34,23.4,nasa,0.74
2018-11-21,16.7,18.54,15.47,21.75,nasa,0.76
2018-11-22,4.97,19.69,16.11,22.83,nasa,0.76
2018-11-23,2.91,21.31,16.24,26.54,nasa,0.74
2018-11-24,13.87,19.69,17.47,22.38,nasa,0.75
2018-11-25,3.9,21.14,16.41,26.42,nasa,0.74
2018-11-26,9.57,21.46,16.92,26.79,nasa,0.74
2018-11-27,0.75,21.34,16.17,26.73,nasa,0.73
2018-11-28,0.05,21.66,16.51,27.56,nasa,0.72
2018-11-29,1.04,21.65,15.21,27.64,nasa,0.71
2018-11-30,17.65,23.09,17.34,28.99,nasa,0.7
2018-12-01,37.8,21.8,18.89,24.47,nasa,0.75
2018-12-02,13.03,22.74,18.4,27.54,nasa,0.76
2018-12-03,2.3,21.24,17.73,25.82,nasa,0.76
2018-12-04,0.47,22.46,16.8,27.85,nasa,0.74
2018-12-05,3.99,23.98,18.49,28.9,nasa,0.73
2018-12-06,4.05,24.32,19.34,29.34,nasa,0.73
2018-12-07,19.67,23.71,17.9,29.85,nasa,0.74
2018-12-08,0.56,19.52,13.99,24.95,nasa,0.74
2018-12-09,0.04,18.74,11.9,25.47,nasa,0.73
2018-12-10,0.11,20.62,14.33,26.67,nasa,0.72
2018-12-11,0.03,22.27,15.51,27.69,nasa,0.71
2018-12-12,2.46,23.47,17.35,28.46,nasa,0.7
2018-12-13,10.92,23.29,19.32,28.59,nasa,0.71
2018-12-14,2.49,23.37,18.01,27.98,nasa,0.71
2018-12-15,1.52,25.13,18.54,30.29,nasa,0.7
2018-12-16,8.87,24.55,20.38,29.18,nasa,0.7
2018-12-17,1.45,24.6,20.41,29.44,nasa,0.7
2018-12-18,7.65,25.74,20.63,31.22,nasa,0.7
2018-12-19,10.06,23.28,20.57,26.39,nasa,0.71
2018-12-20,5.83,24.29,19.7,28.06,nasa,0.72
2018-12-21,1.38,25.23,21.76,28.84,nasa,0.72
2018-12-22,8.71,25.47,20.64,30.48,nasa,0.71
2018-12-23,4.26,24.02,20.14,28.31,nasa,0.72
2018-12-24,11.11,23.18,20.57,26.94,nasa,0.72
2018-12-25,2.82,21.79,18.57,25.46,nasa,0.73
2018-12-26,20.14,21.05,18.31,24.14,nasa,0.74
2018-12-27,11.16,21.22,17.96,24.63,nasa,0.76
2018-12-28,5.12,23.23,19.11,28.28,nasa,0.76
2018-12-29,1.32,23.45,18.17,28.34,nasa,0.74
2018-12-30,3.25,24.19,19.01,29.1,nasa,0.74
2018-12-31,5.8,24.01,19.61,28.78,nasa,0.73
2019-01-01,5.77,23.3,19.75,28.42,nasa,0.73
2019-01-02,1.81,24.01,19.66,28.84,nasa,0.72
2019-01-03,13.33,22.76,20.96,25.41,nasa,0.72
2019-01-04,16.06,21.15,18.95,22.87,nasa,0.75
2019-01-05,10.24,21.82,19.0,25.49,nasa,0.77
2019-01-06,0.45,23.11,17.72,28.18,nasa,0.76
2019-01-07,0.04,24.03,18.11,29.32,nasa,0.74
2019-01-08,0.66,25.03,19.65,29.51,nasa,0.73
2019-01-09,0.14,24.09,19.77,29.14,nasa,0.72
2019-01-10,0.01,22.84,16.43,28.51,nasa,0.71
2019-01-11,0.34,23.62,19.06,28.56,nasa,0.7
2019-01-12,0.35,23.84,19.97,27.75,nasa,0.7
2019-01-13,0.38,24.03,19.0,28.39,nasa,0.69
2019-01-14,0.21,24.07,18.77,29.08,nasa,0.69
2019-01-15,1.06,24.58,20.71,28.47,nasa,0.69
2019-01-16,2.8,24.92,20.38,29.37,nasa,0.69
2019-01-17,2.79,25.03,19.1,30.47,nasa,0.69
2019-01-18,9.29,25.23,19.14,30.68,nasa,0.69
2019-01-19,5.24,25.56,20.67,30.32,nasa,0.69
2019-01-20,1.68,26.05,21.88,30.09,nasa,0.69
2019-01-21,3.37,25.27,22.17,28.45,nasa,0.69
2019-01-22,2.48,25.59,21.1,30.49,nasa,0.69
2019-01-23,0.85,25.41,20.58,30.28,nasa,0.68
2019-01-24,0.5,25.34,19.2,30.77,nasa,0.68
2019-01-25,10.81,24.01,19.87,29.3,nasa,0.67
2019-01-26,12.08,21.23,18.78,23.98,nasa,0.7
2019-01-27,0.3,22.94,18.27,27.93,nasa,0.7
2019-01-28,0.0,24.16,16.61,29.86,nasa,0.69
2019-01-29,3.58,25.01,18.56,30.5,nasa,0.68
2019-01-30,0.11,25.07,18.39,30.14,nasa,0.68
2019-01-31,0.1,25.93,18.2,32.38,nasa,0.67
2019-02-01,0.01,26.11,18.19,32.49,nasa,0.66
2019-02-02,1.0,26.99,19.99,33.01,nasa,0.65
2019-02-03,25.23,25.82,20.65,31.51,nasa,0.67
2019-02-04,11.02,22.69,18.91,27.61,nasa,0.7
2019-02-05,3.7,22.97,17.9,28.4,nasa,0.7
2019-02-06,13.92,21.11,18.25,24.82,nasa,0.7
2019-02-07,17.66,22.42,18.53,27.13,nasa,0.73
2019-02-08,0.11,23.28,16.83,29.61,nasa,0.72
2019-02-09,0.11,23.87,18.07,29.57,nasa,0.71
2019-02-10,4.03,23.83,18.67,28.63,nasa,0.69
2019-02-11,1.15,23.85,19.8,28.35,nasa,0.69
2019-02-12,2.56,23.69,20.68,27.69,nasa,0.68
2019-02-13,7.21,22.35,18.61,25.28,nasa,0.69
2019-02-14,2.89,20.72,16.26,25.61,nasa,0.7
2019-02-15,2.95,22.42,17.84,28.33,nasa,0.69
2019-02-16,17.75,21.49,19.37,23.88,nasa,0.71
2019-02-17,2.43,22.18,18.79,26.81,nasa,0.72
2019-02-18,9.02,22.8,18.97,27.14,nasa,0.71
2019-02-19,6.07,23.07,19.04,27.81,nasa,0.72
2019-02-20,4.06,23.33,18.93,28.76,nasa,0.71
2019-02-21,13.44,22.61,19.73,27.51,nasa,0.72
2019-02-22,1.96,23.59,19.16,27.61,nasa,0.72
2019-02-23,0.39,24.46,19.04,29.2,nasa,0.71
2019-02-24,0.1,25.68,20.16,30.76,nasa,0.7
2019-02-25,1.71,24.62,21.71,29.58,nasa,0.69
2019-02-26,5.51,23.1,19.59,27.43,nasa,0.69
2019-02-27,12.43,23.12,18.18,28.65,nasa,0.71
2019-02-28,8.32,22.6,20.23,26.03,nasa,0.72
2019-03-01,18.34,21.75,19.76,24.58,nasa,0.73
2019-03-02,12.06,20.91,19.72,23.2,nasa,0.75
2019-03-03,14.7,21.67,19.26,25.76,nasa,0.75
2019-03-04,11.23,20.58,18.75,22.92,nasa,0.77
2019-03-05,2.26,20.52,17.35,24.08,nasa,0.76
2019-03-06,2.85,22.49,18.41,27.29,nasa,0.75
2019-03-07,5.95,23.19,19.11,27.48,nasa,0.74
2019-03-08,0.92,24.07,18.2,28.53,nasa,0.74
2019-03-09,0.67,24.96,19.58,29.91,nasa,0.73
2019-03-10,2.72,24.19,19.96,28.94,nasa,0.72
2019-03-11,8.33,22.46,19.42,25.87,nasa,0.72
2019-03-12,10.38,22.12,18.43,25.68,nasa,0.74
2019-03-13,7.86,22.23,18.33,26.25,nasa,0.75
2019-03-14,9.11,22.26,19.55,25.7,nasa,0.75
2019-03-15,2.95,23.29,19.25,28.51,nasa,0.75
2019-03-16,3.6,22.45,18.89,26.11,nasa,0.75
2019-03-17,17.99,23.29,20.04,26.68,nasa,0.76
2019-03-18,8.3,23.21,20.78,26.97,nasa,0.77
2019-03-19,0.93,23.96,19.97,28.4,nasa,0.76
2019-03-20,9.75,23.07,19.86,27.1,nasa,0.76
2019-03-21,5.14,20.85,17.96,24.72,nasa,0.77
2019-03-22,0.57,19.93,17.23,23.8,nasa,0.76
2019-03-23,0.11,20.82,14.95,26.53,nasa,0.75
2019-03-24,0.14,22.39,16.62,27.84,nasa,0.74
2019-03-25,0.11,22.8,18.0,27.8,nasa,0.73
2019-03-26,0.06,23.07,17.96,27.64,nasa,0.73
2019-03-27,0.0,22.14,17.19,28.09,nasa,0.72
2019-03-28,0.55,21.7,16.87,26.65,nasa,0.71
2019-03-29,0.36,21.25,17.82,26.14,nasa,0.71
2019-03-30,0.02,20.52,15.67,25.55,nasa,0.71
2019-03-31,0.0,21.54,17.07,26.43,nasa,0.7
2019-04-01,1.1,21.47,17.0,26.07,nasa,0.7
2019-04-02,4.79,21.67,16.48,26.62,nasa,0.7
2019-04-03,1.88,22.45,16.91,28.52,nasa,0.7
2019-04-04,0.01,22.88,16.92,28.76,nasa,0.7
2019-04-05,2.99,22.69,19.33,25.22,nasa,0.7
2019-04-06,9.93,23.8,20.88,27.85,nasa,0.7
2019-04-07,13.19,22.16,19.69,25.65,nasa,0.73
2019-04-08,17.07,21.36,19.99,24.16,nasa,0.74
2019-04-09,9.04,21.84,18.25,27.03,nasa,0.76
2019-04-10,0.5,20.68,16.72,25.6,nasa,0.75
2019-04-11,0.36,21.52,16.55,26.2,nasa,0.74
2019-04-12,0.0,22.28,16.66,27.25,nasa,0.73
2019-04-13,0.77,22.13,16.92,26.56,nasa,0.72
2019-04-14,13.33,20.54,18.8,22.84,nasa,0.73
2019-04-15,5.44,21.69,18.84,25.98,nasa,0.74
2019-04-16,10.46,21.42,18.91,24.27,nasa,0.74
2019-04-17,2.08,22.18,18.38,27.21,nasa,0.75
2019-04-18,0.02,20.37,15.84,26.47,nasa,0.74
2019-04-19,0.03,20.29,14.39,25.98,nasa,0.73
2019-04-20,0.0,20.58,15.56,25.83,nasa,0.72
2019-04-21,0.0,21.28,14.03,27.19,nasa,0.72
2019-04-22,0.1,21.91,15.87,27.27,nasa,0.71
2019-04-23,0.14,22.07,16.33,27.5,nasa,0.71
2019-04-24,0.55,22.01,17.75,26.88,nasa,0.7
2019-04-25,0.05,22.23,16.83,27.51,nasa,0.7
2019-04-26,0.13,22.27,17.18,27.27,nasa,0.69
2019-04-27,0.0,21.12,15.39,26.93,nasa,0.69
2019-04-28,1.04,22.21,17.14,27.98,nasa,0.69
2019-04-29,1.91,21.37,16.89,27.14,nasa,0.69
2019-04-30,0.01,21.01,16.32,26.39,nasa,0.68
2019-05-01,0.03,21.55,16.07,26.72,nasa,0.68
2019-05-02,0.05,21.88,16.58,26.77,nasa,0.68
2019-05-03,0.1,22.5,17.26,28.1,nasa,0.68
2019-05-04,2.87,22.51,18.39,27.12,nasa,0.68
2019-05-05,0.33,21.78,18.78,25.17,nasa,0.68
2019-05-06,0.02,21.2,16.47,26.5,nasa,0.68
2019-05-07,0.28,22.51,16.73,27.96,nasa,0.67
2019-05-08,0.54,20.88,17.91,25.58,nasa,0.67
2019-05-09,0.01,20.21,15.6,25.38,nasa,0.67
2019-05-10,0.0,20.67,16.1,26.08,nasa,0.67
2019-05-11,0.0,21.91,17.22,27.05,nasa,0.67
2019-05-12,0.18,22.66,16.95,28.38,nasa,0.66
2019-05-13,0.1,22.69,17.38,28.32,nasa,0.66
2019-05-14,3.08,22.43,18.82,26.81,nasa,0.66
2019-05-15,9.64,19.78,17.18,23.86,nasa,0.67
2019-05-16,0.8,18.77,16.43,22.08,nasa,0.68
2019-05-17,15.39,17.73,15.42,21.07,nasa,0.69
2019-05-18,3.68,17.84,14.93,22.06,nasa,0.71
2019-05-19,0.31,18.61,14.19,23.83,nasa,0.7
2019-05-20,0.02,18.94,14.05,24.18,nasa,0.69
2019-05-21,0.0,18.32,12.63,24.5,nasa,0.69
2019-05-22,0.0,18.69,12.54,24.98,nasa,0.68
2019-05-23,0.01,20.17,14.56,25.67,nasa,0.68
2019-05-24,0.03,20.77,16.25,26.65,nasa,0.67
2019-05-25,0.0,16.49,10.76,22.45,nasa,0.67
2019-05-26,0.0,15.86,9.34,23.64,nasa,0.67
2019-05-27,0.0,16.98,8.02,24.95,nasa,0.66
2019-05-28,0.08,19.03,10.92,26.46,nasa,0.66
2019-05-29,0.06,21.31,15.26,27.43,nasa,0.66
2019-05-30,0.0,20.33,14.93,27.07,nasa,0.66
2019-05-31,0.0,20.23,14.0,27.65,nasa,0.65
2019-06-01,0.0,20.48,14.29,27.45,nasa,0.65
2019-06-02,0.06,20.11,14.88,27.23,nasa,0.65
2019-06-03,7.59,19.01,14.79,25.54,nasa,0.65
2019-06-04,0.94,16.12,9.35,22.58,nasa,0.66
2019-06-05,0.02,14.01,7.69,21.95,nasa,0.66
2019-06-06,0.03,15.53,11.0,22.41,nasa,0.66
2019-06-07,0.0,15.11,8.72,22.36,nasa,0.65
2019-06-08,0.0,17.0,10.9,23.88,nasa,0.65
2019-06-09,0.0,16.2,10.05,24.12,nasa,0.65
2019-06-10,0.0,17.19,11.68,23.69,nasa,0.65
2019-06-11,0.0,17.24,10.6,24.17,nasa,0.65
2019-06-12,0.0,18.21,11.73,24.83,nasa,0.65
2019-06-13,0.0,19.34,12.74,26.17,nasa,0.64
2019-06-14,0.0,18.84,12.61,25.77,nasa,0.64
2019-06-15,0.0,18.32,11.74,25.1,nasa,0.64
2019-06-16,0.0,18.39,11.19,25.11,nasa,0.64
2019-06-17,0.03,18.4,12.05,24.94,nasa,0.64
2019-06-18,0.03,18.17,12.26,24.55,nasa,0.64
2019-06-19,0.0,19.36,13.21,25.67,nasa,0.64
2019-06-20,0.0,18.49,11.99,26.13,nasa,0.63
2019-06-21,0.01,18.48,13.51,24.82,nasa,0.63
2019-06-22,0.0,18.14,13.51,24.56,nasa,0.63
2019-06-23,0.0,16.9,10.3,24.18,nasa,0.63
2019-06-24,0.0,18.35,11.85,25.4,nasa,0.63
2019-06-25,0.01,19.55,13.1,26.69,nasa,0.63
2019-06-26,0.22,20.41,14.31,27.33,nasa,0.63
2019-06-27,0.05,20.94,15.06,27.68,nasa,0.63
2019-06-28,0.0,19.91,13.5,27.16,nasa,0.63
2019-06-29,0.0,18.84,11.99,25.61,nasa,0.62
2019-06-30,0.01,19.08,12.03,26.19,nasa,0.62
2019-07-01,0.0,20.1,14.66,27.17,nasa,0.62
2019-07-02,0.01,18.86,12.2,27.38,nasa,0.62
2019-07-03,0.04,19.23,12.58,27.11,nasa,0.62
2019-07-04,4.4,19.49,13.39,25.45,nasa,0.62
2019-07-05,5.3,17.94,12.68,22.77,nasa,0.64
2019-07-06,0.18,12.82,7.06,19.31,nasa,0.64
2019-07-07,0.0,10.42,3.98,19.57,nasa,0.63
2019-07-08,0.01,12.71,5.12,21.77,nasa,0.63
2019-07-09,0.01,13.58,5.38,22.61,nasa,0.63
2019-07-10,0.02,14.8,6.69,22.71,nasa,0.63
2019-07-11,0.0,16.64,8.88,23.79,nasa,0.63
2019-07-12,0.01,17.36,7.76,25.51,nasa,0.63
2019-07-13,0.0,19.54,12.48,27.29,nasa,0.62
2019-07-14,0.0,20.28,13.4,27.42,nasa,0.62
2019-07-15,0.02,19.8,13.37,26.95,nasa,0.62
2019-07-16,0.14,17.64,11.13,24.35,nasa,0.62
2019-07-17,0.0,13.25,6.49,22.22,nasa,0.62
2019-07-18,0.0,15.02,9.27,23.18,nasa,0.62
2019-07-19,0.01,15.02,9.37,22.72,nasa,0.62
2019-07-20,0.0,16.01,9.72,23.34,nasa,0.61
2019-07-21,0.0,16.32,9.62,23.75,nasa,0.61
2019-07-22,0.0,17.15,10.48,24.62,nasa,0.61
2019-07-23,0.0,17.6,9.81,25.57,nasa,0.61
2019-07-24,0.0,18.1,10.42,26.43,nasa,0.61
2019-07-25,0.0,18.24,10.87,26.35,nasa,0.61
2019-07-26,0.01,18.95,12.42,26.25,nasa,0.61
2019-07-27,0.0,17.7,9.52,26.41,nasa,0.61
2019-07-28,0.01,17.63,9.79,26.65,nasa,0.61
2019-07-29,0.0,18.42,12.21,25.72,nasa,0.6
2019-07-30,0.87,19.37,11.7,25.88,nasa,0.6
2019-07-31,0.06,19.96,14.92,27.12,nasa,0.6
2019-08-01,0.01,19.19,11.29,28.3,nasa,0.6
2019-08-02,0.03,20.93,12.63,29.39,nasa,0.6
2019-08-03,0.75,17.84,13.78,24.43,nasa,0.6
2019-08-04,2.0,14.02,10.08,18.35,nasa,0.6
2019-08-05,2.57,15.72,9.89,24.04,nasa,0.61
2019-08-06,0.02,17.51,11.42,24.87,nasa,0.61
2019-08-07,0.01,19.67,13.34,27.08,nasa,0.61
2019-08-08,0.0,19.61,12.77,27.56,nasa,0.61
2019-08-09,0.0,20.64,12.75,28.31,nasa,0.6
2019-08-10,0.01,22.8,15.66,29.32,nasa,0.6
2019-08-11,0.0,22.7,15.24,30.84,nasa,0.6
2019-08-12,0.0,21.9,14.26,30.1,nasa,0.6
2019-08-13,0.0,21.15,13.1,30.57,nasa,0.6
2019-08-14,0.0,17.83,12.14,24.71,nasa,0.6
2019-08-15,0.0,16.67,10.11,25.51,nasa,0.59
2019-08-16,0.01,16.85,8.19,25.4,nasa,0.59
2019-08-17,0.0,17.13,8.96,26.12,nasa,0.59
2019-08-18,0.01,20.22,11.26,28.96,nasa,0.59
2019-08-19,0.34,20.61,13.71,26.06,nasa,0.59
2019-08-20,4.79,20.61,15.14,27.06,nasa,0.59
2019-08-21,0.3,19.84,13.16,27.95,nasa,0.6
2019-08-22,0.01,18.79,12.43,27.02,nasa,0.6
2019-08-23,1.37,17.8,12.08,25.76,nasa,0.6
2019-08-24,0.18,17.57,11.35,26.18,nasa,0.6
2019-08-25,0.0,18.31,11.2,27.7,nasa,0.6
2019-08-26,0.01,19.38,11.46,27.92,nasa,0.59
2019-08-27,0.0,20.59,13.55,28.51,nasa,0.59
2019-08-28,0.0,18.31,14.5,23.49,nasa,0.59
2019-08-29,0.0,18.99,12.2,26.57,nasa,0.59
2019-08-30,0.0,20.96,12.3,29.7,nasa,0.59
2019-08-31,0.19,24.05,15.34,31.95,nasa,0.59
2019-09-01,2.99,25.22,18.75,32.19,nasa,0.59
2019-09-02,5.09,22.97,18.67,29.0,nasa,0.6
2019-09-03,1.33,23.9,16.53,32.57,nasa,0.6
2019-09-04,0.09,24.73,19.12,32.75,nasa,0.6
2019-09-05,0.65,22.44,15.79,30.4,nasa,0.6
2019-09-06,0.06,20.88,13.95,29.3,nasa,0.6
2019-09-07,0.0,22.3,14.13,30.94,nasa,0.59
2019-09-08,0.0,24.31,16.14,33.31,nasa,0.59
2019-09-09,0.0,23.28,15.56,32.55,nasa,0.59
2019-09-10,0.0,24.96,14.46,34.0,nasa,0.59
2019-09-11,0.0,26.84,17.15,35.43,nasa,0.59
2019-09-12,0.0,27.31,17.74,36.15,nasa,0.59
2019-09-13,0.0,28.08,19.62,36.88,nasa,0.59
2019-09-14,0.0,26.46,19.45,34.41,nasa,0.59
2019-09-15,0.0,25.97,18.12,34.33,nasa,0.58
2019-09-16,0.0,26.41,18.01,34.82,nasa,0.58
2019-09-17,0.0,26.46,18.04,35.39,nasa,0.58
2019-09-18,0.0,27.96,19.28,36.31,nasa,0.58
2019-09-19,0.0,28.64,21.96,36.6,nasa,0.58
2019-09-20,0.0,28.08,20.27,36.74,nasa,0.58
2019-09-21,0.02,26.16,19.67,33.64,nasa,0.58
2019-09-22,0.33,23.89,17.92,33.55,nasa,0.58
2019-09-23,0.03,20.86,15.42,28.27,nasa,0.58
2019-09-24,0.73,21.85,13.89,29.62,nasa,0.58
2019-09-25,22.12,19.36,17.34,21.96,nasa,0.61
2019-09-26,29.16,17.91,16.35,20.36,nasa,0.66
2019-09-27,0.1,19.94,14.12,27.06,nasa,0.67
2019-09-28,0.0,20.41,13.28,28.11,nasa,0.65
2019-09-29,0.0,20.8,14.57,28.61,nasa,0.64
2019-09-30,0.0,21.57,14.4,29.71,nasa,0.63
2019-10-01,0.0,22.55,14.84,30.83,nasa,0.62
2019-10-02,0.09,23.23,14.3,32.48,nasa,0.62
2019-10-03,0.01,22.37,12.4,32.71,nasa,0.61
2019-10-04,0.0,22.89,14.83,31.18,nasa,0.61
2019-10-05,0.0,24.24,16.85,32.01,nasa,0.61
2019-10-06,0.04,25.36,18.8,32.64,nasa,0.6
2019-10-07,5.4,24.54,18.53,32.18,nasa,0.6
2019-10-08,3.9,22.89,19.45,27.57,nasa,0.61
2019-10-09,11.08,20.04,17.07,23.59,nasa,0.62
2019-10-10,2.95,19.96,15.74,24.48,nasa,0.63
2019-10-11,2.82,21.94,17.29,27.8,nasa,0.64
2019-10-12,0.04,24.14,15.56,31.99,nasa,0.63
2019-10-13,0.0,25.77,16.63,33.6,nasa,0.62
2019-10-14,0.0,25.09,15.93,33.94,nasa,0.62
2019-10-15,1.25,24.35,16.49,32.26,nasa,0.61
2019-10-16,1.83,24.16,17.96,31.15,nasa,0.61
2019-10-17,0.01,25.27,19.23,32.32,nasa,0.61
2019-10-18,0.05,25.75,17.69,32.56,nasa,0.6
2019-10-19,4.75,25.48,19.01,32.04,nasa,0.6
2019-10-20,0.23,24.03,18.13,31.07,nasa,0.61
2019-10-21,4.18,22.66,16.93,30.09,nasa,0.6
2019-10-22,0.42,22.85,19.01,28.59,nasa,0.61
2019-10-23,0.23,24.05,17.01,31.55,nasa,0.61
2019-10-24,0.2,23.39,17.5,31.23,nasa,0.6
2019-10-25,0.12,26.85,19.41,34.06,nasa,0.6
2019-10-26,1.21,25.91,19.18,33.42,nasa,0.6
2019-10-27,3.46,24.36,19.05,30.99,nasa,0.6
2019-10-28,16.3,23.88,18.66,30.65,nasa,0.61
2019-10-29,4.32,22.39,19.14,25.68,nasa,0.63
2019-10-30,2.51,23.69,18.18,29.68,nasa,0.63
2019-10-31,7.64,23.83,18.93,29.21,nasa,0.63
2019-11-01,3.18,24.16,18.8,30.53,nasa,0.64
2019-11-02,0.07,23.8,17.14,30.81,nasa,0.63
2019-11-03,0.0,25.21,18.29,32.55,nasa,0.62
2019-11-04,0.01,27.96,20.62,35.17,nasa,0.62
2019-11-05,0.32,26.56,21.7,31.38,nasa,0.61
2019-11-06,6.89,25.05,20.38,31.05,nasa,0.61
2019-11-07,16.28,23.07,18.66,28.06,nasa,0.63
2019-11-08,6.84,22.16,20.4,24.37,nasa,0.65
2019-11-09,2.66,23.87,18.85,29.98,nasa,0.65
2019-11-10,0.95,22.73,20.1,27.02,nasa,0.65
2019-11-11,3.98,25.07,18.93,32.36,nasa,0.64
2019-11-12,1.43,23.73,18.43,30.46,nasa,0.64
2019-11-13,3.99,23.44,17.61,30.19,nasa,0.63
2019-11-14,40.95,21.82,19.88,25.23,nasa,0.68
2019-11-15,5.22,22.3,19.83,25.77,nasa,0.7
2019-11-16,2.6,22.76,17.62,28.83,nasa,0.69
2019-11-17,2.53,22.26,15.89,28.92,nasa,0.67
2019-11-18,2.24,23.35,16.72,30.21,nasa,0.66
2019-11-19,4.95,22.22,17.73,26.94,nasa,0.66
2019-11-20,4.39,21.93,18.71,26.98,nasa,0.66
2019-11-21,0.84,23.12,17.7,29.39,nasa,0.66
2019-11-22,3.7,22.96,18.17,27.93,nasa,0.65
2019-11-23,12.32,23.62,19.27,28.7,nasa,0.66
2019-11-24,5.92,20.94,16.77,25.49,nasa,0.67
2019-11-25,0.17,20.62,14.09,27.35,nasa,0.67
2019-11-26,0.0,22.75,15.49,30.27,nasa,0.66
2019-11-27,2.72,23.47,16.99,29.89,nasa,0.65
2019-11-28,10.22,23.31,17.49,27.85,nasa,0.66
2019-11-29,4.28,21.43,16.0,26.96,nasa,0.67
2019-11-30,1.69,22.1,19.08,25.32,nasa,0.66
2019-12-01,5.04,23.47,19.99,29.46,nasa,0.66
2019-12-02,0.39,23.81,19.07,30.18,nasa,0.66
2019-12-03,0.11,21.72,16.82,26.93,nasa,0.65
2019-12-04,4.1,22.45,17.49,28.07,nasa,0.65
2019-12-05,17.3,22.37,19.84,25.9,nasa,0.67
2019-12-06,9.97,23.2,20.43,27.17,nasa,0.68
2019-12-07,0.58,23.16,18.12,29.35,nasa,0.68
2019-12-08,0.01,22.78,15.35,29.85,nasa,0.67
2019-12-09,0.93,22.02,17.82,27.11,nasa,0.66
2019-12-10,9.64,22.35,19.71,26.42,nasa,0.66
2019-12-11,9.73,22.63,19.36,27.2,nasa,0.67
2019-12-12,9.69,22.4,18.17,27.33,nasa,0.68
2019-12-13,10.34,23.8,20.34,28.26,nasa,0.69
2019-12-14,2.01,22.76,19.34,26.66,nasa,0.69
2019-12-15,0.54,23.89,19.71,29.69,nasa,0.68
2019-12-16,0.0,23.6,17.15,30.42,nasa,0.67
2019-12-17,0.02,24.34,16.85,30.75,nasa,0.66
2019-12-18,1.08,23.53,19.56,29.37,nasa,0.65
2019-12-19,8.43,22.09,19.1,27.22,nasa,0.65
2019-12-20,2.21,21.99,19.04,25.12,nasa,0.66
2019-12-21,2.01,22.25,19.66,25.57,nasa,0.66
2019-12-22,5.06,24.14,18.53,30.68,nasa,0.66
2019-12-23,7.5,22.16,20.01,24.5,nasa,0.67
2019-12-24,8.29,22.9,19.67,27.36,nasa,0.68
2019-12-25,0.06,24.04,17.6,30.39,nasa,0.67
2019-12-26,0.09,25.22,18.71,31.28,nasa,0.66
2019-12-27,0.08,23.59,21.19,26.5,nasa,0.65
2019-12-28,0.29,25.22,20.11,30.91,nasa,0.65
2019-12-29,0.58,25.07,19.55,31.43,nasa,0.64
2019-12-30,0.17,25.03,19.11,31.67,nasa,0.64
2019-12-31,1.16,25.59,18.65,32.24,nasa,0.63
2020-01-01,4.64,25.29,20.78,31.74,nasa,0.63
2020-01-02,12.45,23.64,20.36,29.31,nasa,0.64
2020-01-03,3.78,23.45,20.04,27.54,nasa,0.66
2020-01-04,7.7,23.17,19.59,28.05,nasa,0.66
2020-01-05,11.03,24.19,19.2,29.47,nasa,0.67
2020-01-06,10.42,24.65,20.46,29.82,nasa,0.68
2020-01-07,1.53,25.82,19.16,31.82,nasa,0.67
2020-01-08,8.03,24.88,21.98,28.4,nasa,0.67
2020-01-09,2.79,24.6,21.29,28.8,nasa,0.67
2020-01-10,2.61,24.7,21.06,29.39,nasa,0.67
2020-01-11,5.09,24.97,22.18,28.91,nasa,0.67
2020-01-12,9.06,24.71,21.89,28.42,nasa,0.67
2020-01-13,11.79,24.62,21.12,28.94,nasa,0.69
2020-01-14,1.82,24.06,19.14,29.15,nasa,0.69
2020-01-15,0.03,25.22,19.02,30.82,nasa,0.67
2020-01-16,1.87,26.49,21.29,32.06,nasa,0.66
2020-01-17,4.45,23.12,19.3,26.96,nasa,0.66
2020-01-18,1.81,22.29,17.73,27.28,nasa,0.67
2020-01-19,1.79,23.67,18.73,29.02,nasa,0.66
2020-01-20,5.96,22.02,18.63,25.72,nasa,0.66
2020-01-21,0.44,23.42,17.41,29.51,nasa,0.66
2020-01-22,3.25,23.12,18.23,29.85,nasa,0.65
2020-01-23,8.22,21.34,18.66,24.61,nasa,0.66
2020-01-24,18.58,22.38,17.78,29.2,nasa,0.69
2020-01-25,1.05,21.96,15.52,28.19,nasa,0.68
2020-01-26,4.16,23.12,16.94,29.33,nasa,0.68
2020-01-27,3.41,24.04,18.57,29.9,nasa,0.67
2020-01-28,5.96,24.17,18.39,30.43,nasa,0.67
2020-01-29,9.91,23.54,20.59,28.34,nasa,0.68
2020-01-30,1.6,23.55,20.27,28.14,nasa,0.68
2020-01-31,0.79,24.16,20.17,28.61,nasa,0.67
2020-02-01,7.09,24.44,19.89,29.86,nasa,0.67
2020-02-02,5.45,24.92,19.63,30.42,nasa,0.68
2020-02-03,11.24,23.24,19.77,27.05,nasa,0.69
2020-02-04,9.82,22.69,19.18,26.47,nasa,0.69
2020-02-05,23.56,22.06,19.67,24.73,nasa,0.72
2020-02-06,32.62,21.31,19.04,23.89,nasa,0.75
2020-02-07,0.89,20.36,17.38,23.96,nasa,0.76
2020-02-08,3.06,21.3,16.48,26.8,nasa,0.74
2020-02-09,4.93,21.25,18.23,25.84,nasa,0.73
2020-02-10,15.42,22.42,19.06,26.55,nasa,0.73
2020-02-11,48.41,21.89,17.91,25.52,nasa,0.77
2020-02-12,41.59,20.17,16.32,24.56,nasa,0.81
2020-02-13,13.7,21.98,16.6,27.28,nasa,0.83
2020-02-14,0.41,23.15,17.88,28.3,nasa,0.8
2020-02-15,0.3,23.77,19.25,28.63,nasa,0.78
2020-02-16,18.26,24.29,21.43,28.29,nasa,0.77
2020-02-17,11.63,23.64,20.22,27.87,nasa,0.79
2020-02-18,18.47,23.5,20.29,27.69,nasa,0.8
2020-02-19,1.48,23.54,19.17,28.14,nasa,0.79
2020-02-20,5.52,23.68,19.4,27.88,nasa,0.78
2020-02-21,23.61,23.04,20.43,26.67,nasa,0.79
2020-02-22,5.41,22.47,17.22,28.47,nasa,0.8
2020-02-23,2.17,20.83,16.05,25.66,nasa,0.79
2020-02-24,10.0,19.89,17.11,22.92,nasa,0.79
2020-02-25,6.17,22.83,19.27,26.42,nasa,0.8
2020-02-26,5.07,23.08,20.31,26.48,nasa,0.8
2020-02-27,34.11,22.3,18.86,25.23,nasa,0.81
2020-02-28,8.47,21.41,17.95,25.33,nasa,0.83
2020-02-29,7.28,23.17,19.86,27.36,nasa,0.82
2020-03-01,12.77,21.54,17.9,26.53,nasa,0.82
2020-03-02,5.77,19.94,16.94,24.2,nasa,0.83
2020-03-03,2.61,21.35,15.54,26.91,nasa,0.82
2020-03-04,3.52,22.05,17.71,27.34,nasa,0.81
2020-03-05,0.09,21.36,16.44,27.45,nasa,0.8
2020-03-06,0.07,20.32,15.38,26.23,nasa,0.8
2020-03-07,0.2,20.24,15.64,25.51,nasa,0.79
2020-03-08,4.36,21.35,17.14,26.21,nasa,0.79
2020-03-09,4.79,21.82,17.42,26.46,nasa,0.79
2020-03-10,0.65,22.33,17.03,27.7,nasa,0.79
2020-03-11,0.23,22.59,18.23,27.75,nasa,0.78
2020-03-12,0.26,22.63,17.45,28.13,nasa,0.77
2020-03-13,0.8,22.78,17.9,28.29,nasa,0.77
2020-03-14,2.46,22.74,17.99,27.94,nasa,0.76
2020-03-15,8.55,22.28,19.15,25.85,nasa,0.76
2020-03-16,3.18,23.02,19.41,26.55,nasa,0.77
2020-03-17,6.88,23.79,19.4,28.28,nasa,0.78
2020-03-18,2.76,23.19,18.52,28.37,nasa,0.78
2020-03-19,7.71,22.59,18.83,27.16,nasa,0.77
2020-03-20,9.63,22.97,19.34,27.31,nasa,0.78
2020-03-21,17.78,22.69,19.25,26.21,nasa,0.8
2020-03-22,1.15,21.08,17.59,25.8,nasa,0.8
2020-03-23,0.09,19.72,15.23,25.18,nasa,0.79
2020-03-24,0.01,18.15,13.01,24.39,nasa,0.78
2020-03-25,0.04,18.83,13.67,24.65,nasa,0.77
2020-03-26,0.06,19.3,14.2,24.93,nasa,0.77
2020-03-27,0.06,19.92,15.73,24.6,nasa,0.76
2020-03-28,0.1,20.72,16.46,25.69,nasa,0.76
2020-03-29,4.83,20.79,18.42,23.92,nasa,0.76
2020-03-30,14.61,21.63,18.41,25.67,nasa,0.78
2020-03-31,9.17,22.39,18.85,27.24,nasa,0.79
2020-04-01,5.58,21.92,18.17,26.38,nasa,0.79
2020-04-02,3.3,22.44,17.92,27.68,nasa,0.78
2020-04-03,4.37,22.47,18.97,27.31,nasa,0.78
2020-04-04,0.15,20.52,15.04,26.53,nasa,0.78
2020-04-05,0.56,21.01,14.62,27.15,nasa,0.77
2020-04-06,0.89,22.6,16.97,28.26,nasa,0.76
2020-04-07,2.08,22.71,18.32,27.3,nasa,0.76
2020-04-08,1.93,21.62,17.83,26.73,nasa,0.76
2020-04-09,0.04,20.05,15.5,26.0,nasa,0.75
2020-04-10,0.25,19.5,13.34,25.5,nasa,0.75
2020-04-11,2.98,19.9,14.28,25.98,nasa,0.75
2020-04-12,1.19,20.09,15.15,25.55,nasa,0.74
2020-04-13,0.4,19.69,14.78,25.0,nasa,0.74
2020-04-14,2.66,20.16,16.11,25.19,nasa,0.74
2020-04-15,2.47,21.04,18.14,25.17,nasa,0.74
2020-04-16,1.71,20.88,18.52,24.9,nasa,0.74
2020-04-17,3.19,21.3,17.41,26.01,nasa,0.74
2020-04-18,0.01,19.06,16.13,22.59,nasa,0.74
2020-04-19,0.01,19.73,15.8,24.09,nasa,0.74
2020-04-20,0.02,20.0,16.53,24.37,nasa,0.74
2020-04-21,0.0,19.84,15.77,24.9,nasa,0.73
2020-04-22,0.03,20.01,15.13,25.1,nasa,0.73
2020-04-23,0.01,19.75,14.7,25.53,nasa,0.72
2020-04-24,0.01,19.79,15.23,25.48,nasa,0.72
2020-04-25,0.0,19.01,14.34,25.16,nasa,0.72
2020-04-26,0.02,18.84,12.05,25.71,nasa,0.71
2020-04-27,0.03,18.38,13.76,24.57,nasa,0.71
2020-04-28,0.04,17.28,13.36,23.1,nasa,0.71
2020-04-29,0.08,17.78,11.35,23.58,nasa,0.7
2020-04-30,0.01,19.28,13.3,24.72,nasa,0.7
2020-05-01,0.02,20.51,15.38,26.22,nasa,0.7
2020-05-02,0.01,19.86,13.33,26.49,nasa,0.69
2020-05-03,0.01,18.44,14.55,24.05,nasa,0.69
2020-05-04,0.0,17.94,13.25,23.83,nasa,0.69
2020-05-05,0.01,19.64,13.74,25.61,nasa,0.69
2020-05-06,0.09,20.77,16.59,26.36,nasa,0.68
2020-05-07,1.17,18.06,13.6,22.98,nasa,0.68
2020-05-08,0.12,16.04,10.85,22.13,nasa,0.68
2020-05-09,0.01,15.72,11.07,22.43,nasa,0.68
2020-05-10,0.0,15.68,10.26,22.2,nasa,0.68
2020-05-11,0.02,16.31,10.24,23.04,nasa,0.68
2020-05-12,0.76,16.94,10.22,24.16,nasa,0.68
2020-05-13,0.02,18.43,11.93,24.92,nasa,0.67
2020-05-14,2.3,19.34,16.13,23.62,nasa,0.68
2020-05-15,1.46,18.19,15.63,22.27,nasa,0.68
2020-05-16,0.57,18.89,15.0,24.48,nasa,0.68
2020-05-17,0.34,18.49,13.3,24.27,nasa,0.68
2020-05-18,0.13,17.9,11.5,24.82,nasa,0.67
2020-05-19,0.05,18.36,13.4,24.74,nasa,0.67
2020-05-20,0.02,18.21,13.75,23.68,nasa,0.67
2020-05-21,0.03,17.88,12.81,24.11,nasa,0.67
2020-05-22,0.04,18.75,13.36,24.94,nasa,0.66
2020-05-23,0.54,20.49,16.74,26.01,nasa,0.66
2020-05-24,14.81,14.49,11.5,17.23,nasa,0.67
2020-05-25,0.2,13.17,8.24,20.79,nasa,0.69
2020-05-26,0.08,12.23,6.29,20.35,nasa,0.68
2020-05-27,1.85,12.71,4.37,21.79,nasa,0.68
2020-05-28,0.0,13.27,5.91,21.86,nasa,0.68
2020-05-29,0.06,14.41,8.41,22.54,nasa,0.68
2020-05-30,0.02,14.73,8.55,22.05,nasa,0.67
2020-05-31,0.12,15.76,9.8,23.04,nasa,0.67
2020-06-01,0.03,16.57,10.36,23.95,nasa,0.67
2020-06-02,0.12,17.23,10.18,24.64,nasa,0.66
2020-06-03,0.09,19.39,13.22,25.38,nasa,0.66
2020-06-04,0.07,20.23,14.89,25.67,nasa,0.66
2020-06-05,0.1,19.59,15.49,24.9,nasa,0.66
2020-06-06,2.41,19.23,14.05,25.56,nasa,0.66
2020-06-07,3.41,19.84,15.38,25.46,nasa,0.66
2020-06-08,0.39,20.13,15.84,26.55,nasa,0.66
2020-06-09,0.19,19.62,14.19,26.35,nasa,0.66
2020-06-10,0.56,19.79,15.22,26.27,nasa,0.66
2020-06-11,0.21,20.39,14.5,27.81,nasa,0.66
2020-06-12,0.05,20.92,14.19,27.37,nasa,0.65
2020-06-13,0.01,20.76,14.62,26.97,nasa,0.65
2020-06-14,0.04,19.89,14.22,27.1,nasa,0.65
2020-06-15,0.03,18.08,12.61,25.27,nasa,0.65
2020-06-16,0.1,18.37,13.88,24.86,nasa,0.64
2020-06-17,0.04,17.47,12.81,24.51,nasa,0.64
2020-06-18,0.04,16.26,11.07,23.39,nasa,0.64
2020-06-19,0.06,17.89,10.9,24.79,nasa,0.64
2020-06-20,0.65,19.28,12.48,26.43,nasa,0.64
2020-06-21,0.03,19.16,14.57,25.71,nasa,0.64
2020-06-22,0.04,18.42,10.65,25.52,nasa,0.64
2020-06-23,0.04,17.84,10.93,24.85,nasa,0.64
2020-06-24,0.09,17.42,11.56,25.11,nasa,0.64
2020-06-25,0.07,18.41,11.95,26.17,nasa,0.63
2020-06-26,0.14,19.78,14.22,26.08,nasa,0.63
2020-06-27,0.42,18.59,13.73,25.63,nasa,0.63
2020-06-28,0.04,16.46,11.64,23.83,nasa,0.63
2020-06-29,0.07,16.43,12.0,22.44,nasa,0.63
2020-06-30,0.06,17.47,13.27,23.1,nasa,0.63
2020-07-01,0.14,16.66,10.47,23.11,nasa,0.63
2020-07-02,0.0,14.85,7.83,24.15,nasa,0.63
2020-07-03,0.0,16.24,9.85,24.76,nasa,0.63
2020-07-04,0.0,17.49,9.68,25.78,nasa,0.63
2020-07-05,0.02,18.1,12.27,25.49,nasa,0.63
2020-07-06,0.12,19.5,12.14,27.42,nasa,0.63
2020-07-07,0.05,18.46,11.72,27.71,nasa,0.62
2020-07-08,0.0,18.35,11.37,26.65,nasa,0.62
2020-07-09,1.88,18.88,13.25,26.12,nasa,0.62
2020-07-10,0.06,18.89,12.85,26.04,nasa,0.62
2020-07-11,0.0,18.78,13.7,25.47,nasa,0.62
2020-07-12,0.0,18.64,11.94,26.07,nasa,0.62
2020-07-13,0.0,20.95,13.65,28.77,nasa,0.62
2020-07-14,0.09,21.74,16.46,28.64,nasa,0.62
2020-07-15,0.03,19.96,14.47,26.62,nasa,0.62
2020-07-16,0.03,19.36,13.38,26.18,nasa,0.62
2020-07-17,0.23,19.04,12.93,26.03,nasa,0.62
2020-07-18,0.02,18.72,13.31,26.33,nasa,0.61
2020-07-19,0.11,17.43,11.62,25.32,nasa,0.61
2020-07-20,0.01,18.03,10.34,25.8,nasa,0.61
2020-07-21,0.04,19.26,11.47,26.73,nasa,0.61
2020-07-22,0.0,20.25,12.42,27.26,nasa,0.61
2020-07-23,0.05,19.22,11.57,26.83,nasa,0.61
2020-07-24,0.01,17.87,10.08,26.27,nasa,0.61
2020-07-25,0.48,18.72,12.31,26.76,nasa,0.61
2020-07-26,0.01,19.33,12.21,27.87,nasa,0.61
2020-07-27,0.01,19.09,12.65,26.56,nasa,0.61
2020-07-28,0.0,20.03,13.14,27.49,nasa,0.61
2020-07-29,0.03,21.74,16.37,28.91,nasa,0.6
2020-07-30,0.03,19.25,13.99,26.32,nasa,0.6
2020-07-31,0.02,18.55,13.65,25.21,nasa,0.6
2020-08-01,0.0,18.08,12.58,24.44,nasa,0.6
2020-08-02,0.01,17.37,11.32,25.54,nasa,0.6
2020-08-03,0.08,16.59,9.08,24.99,nasa,0.6
2020-08-04,0.02,16.72,8.47,25.68,nasa,0.6
2020-08-05,0.06,16.44,8.89,26.1,nasa,0.6
2020-08-06,0.95,16.9,9.07,25.82,nasa,0.6
2020-08-07,0.0,17.17,8.46,25.39,nasa,0.6
2020-08-08,0.06,18.37,10.13,26.11,nasa,0.6
2020-08-09,0.06,18.77,10.58,25.71,nasa,0.6
2020-08-10,0.02,18.84,11.0,26.4,nasa,0.6
2020-08-11,0.57,19.73,12.09,26.39,nasa,0.6
2020-08-12,0.02,20.0,12.52,28.01,nasa,0.6
2020-08-13,0.01,21.31,15.18,29.14,nasa,0.59
2020-08-14,0.0,21.47,14.77,29.65,nasa,0.59
2020-08-15,0.0,21.36,15.04,28.93,nasa,0.59
2020-08-16,0.0,21.19,15.08,27.96,nasa,0.59
2020-08-17,0.45,21.71,16.88,28.02,nasa,0.59
2020-08-18,0.1,22.65,16.2,30.03,nasa,0.59
2020-08-19,0.01,23.58,17.53,31.69,nasa,0.59
2020-08-20,5.39,23.41,16.51,32.02,nasa,0.59
2020-08-21,6.82,15.16,10.98,19.08,nasa,0.61
2020-08-22,3.82,13.42,10.23,18.42,nasa,0.62
2020-08-23,0.03,15.12,8.75,23.37,nasa,0.62
2020-08-24,0.05,15.47,9.87,24.34,nasa,0.61
2020-08-25,0.02,14.55,8.12,24.2,nasa,0.61
2020-08-26,0.02,15.58,7.4,26.67,nasa,0.61
2020-08-27,0.06,18.49,10.65,28.32,nasa,0.61
2020-08-28,0.0,20.32,12.79,29.13,nasa,0.6
2020-08-29,0.0,20.89,12.84,29.18,nasa,0.6
2020-08-30,0.0,21.91,13.88,29.71,nasa,0.6
2020-08-31,0.05,23.14,14.7,31.69,nasa,0.6
2020-09-01,0.06,22.33,15.86,30.53,nasa,0.59
2020-09-02,1.06,21.53,15.36,29.44,nasa,0.59
2020-09-03,0.06,21.0,13.93,29.11,nasa,0.59
2020-09-04,0.25,22.68,13.41,31.89,nasa,0.59
2020-09-05,0.55,22.71,13.83,32.46,nasa,0.59
2020-09-06,0.0,22.43,13.65,31.46,nasa,0.59
2020-09-07,0.0,24.22,15.96,32.94,nasa,0.59
2020-09-08,0.0,24.05,15.56,33.33,nasa,0.59
2020-09-09,0.0,25.18,16.3,34.07,nasa,0.59
2020-09-10,0.01,24.99,16.74,33.7,nasa,0.59
2020-09-11,0.05,26.61,18.79,34.45,nasa,0.59
2020-09-12,0.0,26.98,19.17,34.73,nasa,0.59
2020-09-13,0.0,24.93,17.43,33.76,nasa,0.58
2020-09-14,0.0,24.41,15.85,32.46,nasa,0.58
2020-09-15,0.01,24.13,16.18,31.79,nasa,0.58
2020-09-16,0.01,24.0,17.17,32.0,nasa,0.58
2020-09-17,0.0,25.0,16.66,33.56,nasa,0.58
2020-09-18,0.0,26.56,17.47,34.98,nasa,0.58
2020-09-19,0.83,27.82,22.3,36.09,nasa,0.58
2020-09-20,2.94,23.8,20.04,31.22,nasa,0.59
2020-09-21,13.65,20.65,16.21,24.54,nasa,0.61
2020-09-22,8.52,17.86,15.19,22.41,nasa,0.62
2020-09-23,0.3,17.38,14.49,22.65,nasa,0.63
2020-09-24,0.01,21.31,12.77,29.53,nasa,0.62
2020-09-25,0.02,22.98,15.75,30.63,nasa,0.62
2020-09-26,0.08,23.67,15.59,32.22,nasa,0.61
2020-09-27,0.0,25.29,16.54,34.56,nasa,0.61
2020-09-28,0.02,26.86,18.67,36.15,nasa,0.6
2020-09-29,1.34,26.99,19.97,36.26,nasa,0.6
2020-09-30,4.92,26.67,18.76,35.63,nasa,0.6
2020-10-01,0.29,27.35,19.01,35.52,nasa,0.6
2020-10-02,0.0,28.57,20.86,36.92,nasa,0.6
2020-10-03,0.16,29.54,21.79,38.57,nasa,0.59
2020-10-04,0.24,28.17,21.57,36.28,nasa,0.59
2020-10-05,0.03,28.0,19.95,36.76,nasa,0.59
2020-10-06,0.42,30.44,23.01,38.36,nasa,0.59
2020-10-07,1.66,29.14,22.96,36.81,nasa,0.59
2020-10-08,0.25,29.31,21.04,37.94,nasa,0.59
2020-10-09,10.36,27.23,22.9,33.76,nasa,0.59
2020-10-10,1.98,24.64,18.05,33.96,nasa,0.61
2020-10-11,0.32,22.0,15.18,29.96,nasa,0.6
2020-10-12,0.52,23.73,15.25,31.83,nasa,0.6
2020-10-13,1.16,24.99,19.81,31.89,nasa,0.6
2020-10-14,1.32,26.02,19.76,33.0,nasa,0.6
2020-10-15,2.98,24.09,19.47,29.31,nasa,0.6
2020-10-16,0.26,21.28,17.42,27.87,nasa,0.6
2020-10-17,0.54,20.43,15.52,25.93,nasa,0.6
2020-10-18,0.76,20.17,15.41,25.43,nasa,0.6
2020-10-19,0.27,20.92,16.68,27.16,nasa,0.6
2020-10-20,0.79,20.37,17.8,23.98,nasa,0.59
2020-10-21,3.42,21.71,18.08,27.81,nasa,0.6
2020-10-22,1.13,22.46,17.65,29.55,nasa,0.6
2020-10-23,0.14,22.47,16.47,29.43,nasa,0.6
2020-10-24,4.41,20.21,17.36,23.91,nasa,0.6
2020-10-25,8.57,23.32,18.12,31.25,nasa,0.61
2020-10-26,0.2,23.98,16.54,31.14,nasa,0.61
2020-10-27,0.22,25.41,17.46,32.91,nasa,0.61
2020-10-28,0.06,26.07,18.2,34.77,nasa,0.6
2020-10-29,3.27,24.58,18.51,31.64,nasa,0.6
2020-10-30,6.57,23.79,17.99,30.01,nasa,0.6
2020-10-31,1.76,21.6,15.49,28.86,nasa,0.61
2020-11-01,2.29,19.16,13.86,25.6,nasa,0.61
2020-11-02,0.13,19.33,11.49,28.14,nasa,0.61
2020-11-03,12.15,19.16,13.11,26.69,nasa,0.61
2020-11-04,2.41,21.01,13.79,29.32,nasa,0.63
2020-11-05,0.2,21.64,14.02,29.76,nasa,0.62
2020-11-06,0.06,22.76,14.43,32.0,nasa,0.61
2020-11-07,0.07,24.95,15.49,33.65,nasa,0.61
2020-11-08,6.91,26.15,18.47,34.36,nasa,0.61
2020-11-09,6.54,25.96,19.5,34.17,nasa,0.61
2020-11-10,16.66,23.27,20.77,28.02,nasa,0.63
2020-11-11,14.12,23.02,19.78,27.21,nasa,0.65
2020-11-12,8.32,23.36,19.39,27.67,nasa,0.66
2020-11-13,9.89,22.24,20.02,25.85,nasa,0.67
2020-11-14,1.49,22.7,19.64,27.34,nasa,0.67
2020-11-15,2.34,25.21,18.85,31.6,nasa,0.65
2020-11-16,8.94,24.28,19.28,29.85,nasa,0.65
2020-11-17,10.22,24.92,19.87,30.32,nasa,0.66
2020-11-18,8.49,23.14,19.86,27.34,nasa,0.67
2020-11-19,9.24,22.67,16.41,27.97,nasa,0.67
2020-11-20,1.0,21.42,14.98,28.24,nasa,0.67
2020-11-21,0.14,21.74,15.62,28.35,nasa,0.66
2020-11-22,3.15,22.45,16.65,29.06,nasa,0.65
2020-11-23,0.93,22.61,16.21,29.33,nasa,0.65
2020-11-24,0.26,23.27,16.65,30.52,nasa,0.64
2020-11-25,0.38,23.3,17.52,30.14,nasa,0.63
2020-11-26,2.41,23.84,18.54,29.9,nasa,0.63
2020-11-27,0.15,25.51,18.62,32.0,nasa,0.63
2020-11-28,0.06,24.97,17.94,32.64,nasa,0.62
2020-11-29,0.02,24.93,18.34,32.0,nasa,0.62
2020-11-30,4.86,24.86,18.59,31.75,nasa,0.61
2020-12-01,3.42,25.43,19.74,33.12,nasa,0.62
2020-12-02,3.58,24.16,19.98,28.29,nasa,0.63
2020-12-03,10.3,24.02,20.05,27.55,nasa,0.63
2020-12-04,6.99,25.35,20.36,32.97,nasa,0.64
2020-12-05,13.6,25.01,20.78,29.61,nasa,0.65
2020-12-06,21.33,22.48,19.29,26.48,nasa,0.69
2020-12-07,23.31,22.33,20.66,24.73,nasa,0.7
2020-12-08,8.12,23.28,20.13,27.39,nasa,0.72
2020-12-09,7.91,22.12,19.73,25.09,nasa,0.71
2020-12-10,7.04,23.44,18.75,28.33,nasa,0.71
2020-12-11,3.34,22.08,19.47,26.2,nasa,0.7
2020-12-12,24.82,22.47,18.44,26.02,nasa,0.7
2020-12-13,8.42,22.71,20.3,25.64,nasa,0.73
2020-12-14,4.98,24.43,20.2,27.54,nasa,0.72
2020-12-15,1.31,24.71,20.21,29.79,nasa,0.71
2020-12-16,3.57,24.44,20.35,28.14,nasa,0.7
2020-12-17,3.62,23.92,20.42,27.86,nasa,0.7
2020-12-18,9.5,24.63,19.35,29.26,nasa,0.7
2020-12-19,2.04,25.22,20.21,30.22,nasa,0.7
2020-12-20,2.87,23.32,19.86,26.68,nasa,0.7
2020-12-21,1.31,24.01,17.75,29.31,nasa,0.69
2020-12-22,5.93,23.57,20.56,27.76,nasa,0.69
2020-12-23,5.52,23.88,19.01,28.71,nasa,0.69
2020-12-24,9.49,21.41,17.25,26.82,nasa,0.7
2020-12-25,13.65,20.26,17.62,24.0,nasa,0.71
2020-12-26,6.6,21.68,17.83,26.25,nasa,0.72
2020-12-27,11.94,20.76,18.51,23.28,nasa,0.72
2020-12-28,6.19,20.7,17.45,23.88,nasa,0.73
2020-12-29,4.54,21.61,18.44,25.44,nasa,0.73
2020-12-30,1.41,22.25,18.45,26.73,nasa,0.72
2020-12-31,3.6,23.7,19.0,28.32,nasa,0.71
2021-01-01,15.89,22.89,19.75,27.2,nasa,0.72
2021-01-02,23.88,22.63,18.92,27.54,nasa,0.73
2021-01-03,9.69,22.23,17.2,27.08,nasa,0.75
2021-01-04,21.13,23.03,18.54,27.14,nasa,0.77
2021-01-05,3.72,23.87,18.85,28.82,nasa,0.76
2021-01-06,5.71,23.96,19.76,28.46,nasa,0.75
2021-01-07,17.74,24.19,20.56,29.02,nasa,0.75
2021-01-08,4.88,23.65,19.41,28.48,nasa,0.76
2021-01-09,10.07,23.96,19.81,28.19,nasa,0.76
2021-01-10,12.26,22.19,20.83,23.85,nasa,0.77
2021-01-11,14.74,23.94,20.89,27.07,nasa,0.78
2021-01-12,5.69,23.96,21.56,26.72,nasa,0.78
2021-01-13,6.05,22.56,20.81,24.77,nasa,0.78
2021-01-14,4.41,23.39,19.91,27.45,nasa,0.78
2021-01-15,10.94,22.16,18.91,26.21,nasa,0.77
2021-01-16,3.98,22.5,18.99,27.28,nasa,0.78
2021-01-17,4.48,21.84,19.14,24.94,nasa,0.77
2021-01-18,1.41,23.68,19.28,28.18,nasa,0.77
2021-01-19,0.08,24.48,19.14,29.02,nasa,0.75
2021-01-20,0.11,23.98,17.75,28.44,nasa,0.74
2021-01-21,0.19,23.04,17.79,28.06,nasa,0.73
2021-01-22,0.64,22.78,17.75,27.7,nasa,0.72
2021-01-23,0.87,22.75,17.43,28.02,nasa,0.72
2021-01-24,0.73,23.24,18.01,27.76,nasa,0.71
2021-01-25,0.18,23.37,19.7,28.65,nasa,0.71
2021-01-26,0.26,23.31,17.51,28.14,nasa,0.7
2021-01-27,0.02,24.12,20.2,28.14,nasa,0.7
2021-01-28,0.0,23.43,18.21,27.93,nasa,0.7
2021-01-29,0.0,23.58,16.4,29.22,nasa,0.69
2021-01-30,0.0,25.78,19.67,30.73,nasa,0.68
2021-01-31,0.56,25.52,20.67,30.06,nasa,0.68
2021-02-01,13.21,22.46,19.36,26.41,nasa,0.68
2021-02-02,1.28,23.28,18.23,27.94,nasa,0.7
2021-02-03,6.05,23.73,17.74,28.65,nasa,0.7
2021-02-04,7.55,23.95,19.7,28.66,nasa,0.7
2021-02-05,10.67,24.41,20.57,28.84,nasa,0.71
2021-02-06,27.01,23.34,17.95,27.58,nasa,0.74
2021-02-07,1.27,20.71,15.22,25.98,nasa,0.74
2021-02-08,12.65,20.67,16.26,25.31,nasa,0.74
2021-02-09,6.05,21.22,15.98,26.02,nasa,0.74
2021-02-10,2.39,22.24,16.95,26.94,nasa,0.74
2021-02-11,8.25,21.22,18.06,25.5,nasa,0.73
2021-02-12,11.17,20.72,17.94,23.61,nasa,0.75
2021-02-13,12.25,20.95,18.61,24.81,nasa,0.76
2021-02-14,2.29,22.12,17.8,26.29,nasa,0.76
2021-02-15,6.67,22.43,18.96,26.33,nasa,0.75
2021-02-16,0.26,23.19,17.02,28.56,nasa,0.75
2021-02-17,2.73,23.32,18.94,28.13,nasa,0.74
2021-02-18,8.04,23.67,18.69,28.3,nasa,0.74
2021-02-19,2.82,24.04,18.63,28.93,nasa,0.74
2021-02-20,3.2,23.34,17.95,28.56,nasa,0.73
2021-02-21,5.41,23.16,18.45,28.68,nasa,0.73
2021-02-22,6.1,22.98,18.74,28.15,nasa,0.73
2021-02-23,0.15,22.92,17.89,28.34,nasa,0.72
2021-02-24,0.23,23.77,16.84,29.62,nasa,0.71
2021-02-25,3.21,23.1,19.64,27.66,nasa,0.71
2021-02-26,19.02,21.13,19.1,23.46,nasa,0.72
2021-02-27,10.03,20.37,17.65,24.76,nasa,0.75
2021-02-28,1.27,20.02,17.28,22.82,nasa,0.75
2021-03-01,0.03,21.02,17.92,25.18,nasa,0.74
2021-03-02,0.07,21.27,16.5,27.02,nasa,0.73
2021-03-03,0.06,22.04,17.4,26.85,nasa,0.72
2021-03-04,0.48,22.01,17.63,25.62,nasa,0.71
2021-03-05,4.43,22.36,18.26,26.62,nasa,0.71
2021-03-06,14.49,21.63,19.03,25.45,nasa,0.72
2021-03-07,17.16,21.7,18.98,25.56,nasa,0.75
2021-03-08,5.99,21.23,17.15,25.53,nasa,0.76
2021-03-09,3.9,21.52,17.6,25.85,nasa,0.75
2021-03-10,0.32,22.12,16.63,26.93,nasa,0.74
2021-03-11,2.68,22.89,18.01,28.14,nasa,0.73
2021-03-12,1.92,24.27,19.13,29.04,nasa,0.73
2021-03-13,5.26,22.89,18.18,26.71,nasa,0.73
2021-03-14,16.97,20.94,18.72,23.09,nasa,0.74
2021-03-15,0.48,22.74,17.7,26.99,nasa,0.75
2021-03-16,0.89,22.84,17.91,27.03,nasa,0.74
2021-03-17,1.7,22.13,17.09,27.38,nasa,0.73
2021-03-18,0.84,22.33,17.78,27.14,nasa,0.72
2021-03-19,1.11,22.1,18.06,26.78,nasa,0.72
2021-03-20,0.08,21.94,17.07,27.31,nasa,0.71
2021-03-21,0.63,21.96,16.49,26.91,nasa,0.71
2021-03-22,0.33,22.94,15.98,28.58,nasa,0.7
2021-03-23,0.16,23.52,17.02,28.77,nasa,0.69
2021-03-24,0.08,24.01,18.18,29.28,nasa,0.69
2021-03-25,0.8,23.84,18.18,29.32,nasa,0.68
2021-03-26,2.34,23.58,18.27,28.25,nasa,0.68
2021-03-27,0.49,24.55,18.69,29.72,nasa,0.68
2021-03-28,2.24,24.99,21.55,28.72,nasa,0.68
2021-03-29,5.11,25.04,20.24,29.5,nasa,0.68
2021-03-30,2.85,24.02,18.45,30.11,nasa,0.68
2021-03-31,3.39,21.77,16.71,28.03,nasa,0.68
2021-04-01,0.31,20.04,14.94,27.47,nasa,0.68
2021-04-02,0.02,20.4,14.32,27.34,nasa,0.67
2021-04-03,0.01,21.66,16.0,28.46,nasa,0.67
2021-04-04,0.0,21.97,17.09,27.85,nasa,0.66
2021-04-05,0.01,21.27,17.18,26.69,nasa,0.66
2021-04-06,1.03,20.12,16.76,25.24,nasa,0.66
2021-04-07,1.46,20.61,17.31,25.63,nasa,0.66
2021-04-08,0.25,20.33,15.45,27.17,nasa,0.66
2021-04-09,0.63,19.78,14.65,26.44,nasa,0.66
2021-04-10,0.08,19.97,12.54,26.62,nasa,0.65
2021-04-11,0.01,20.7,14.12,27.05,nasa,0.65
2021-04-12,0.31,21.17,13.92,28.8,nasa,0.65
2021-04-13,0.66,20.94,14.74,27.9,nasa,0.65
2021-04-14,0.54,20.17,15.25,26.9,nasa,0.64
2021-04-15,0.02,19.94,14.1,26.71,nasa,0.64
2021-04-16,0.13,20.07,13.16,26.82,nasa,0.64
2021-04-17,1.33,20.1,13.53,26.62,nasa,0.64
2021-04-18,4.42,20.87,15.49,26.84,nasa,0.64
2021-04-19,0.67,20.3,15.57,26.88,nasa,0.65
2021-04-20,0.07,19.27,14.14,26.91,nasa,0.64
2021-04-21,1.05,18.9,13.11,26.56,nasa,0.64
2021-04-22,1.07,18.98,13.92,26.22,nasa,0.64
2021-04-23,0.05,20.03,13.02,27.23,nasa,0.64
2021-04-24,0.01,20.64,12.26,28.34,nasa,0.64
2021-04-25,0.01,21.56,14.61,29.01,nasa,0.63
2021-04-26,0.01,21.83,14.75,28.4,nasa,0.63
2021-04-27,1.21,22.16,17.24,28.02,nasa,0.63
2021-04-28,0.21,20.5,15.19,28.0,nasa,0.63
2021-04-29,0.04,19.4,14.3,26.59,nasa,0.63
2021-04-30,0.0,19.24,13.29,26.49,nasa,0.63
2021-05-01,0.04,18.2,13.22,25.23,nasa,0.63
2021-05-02,0.53,18.3,12.52,25.57,nasa,0.63
2021-05-03,1.69,18.66,12.05,26.56,nasa,0.63
2021-05-04,0.04,19.42,12.73,26.63,nasa,0.63
2021-05-05,0.0,21.3,15.58,27.67,nasa,0.62
2021-05-06,0.01,20.4,13.55,28.23,nasa,0.62
2021-05-07,0.02,20.58,13.92,28.56,nasa,0.62
2021-05-08,0.01,19.73,14.99,26.87,nasa,0.62
2021-05-09,0.01,18.85,13.27,25.65,nasa,0.62
2021-05-10,0.01,19.03,13.27,25.69,nasa,0.62
2021-05-11,0.04,19.8,11.74,27.31,nasa,0.62
2021-05-12,0.15,20.84,14.26,27.67,nasa,0.62
2021-05-13,1.39,18.36,15.32,23.58,nasa,0.62
2021-05-14,0.05,19.02,13.02,25.14,nasa,0.62
2021-05-15,3.14,19.45,15.03,24.37,nasa,0.62
2021-05-16,0.3,19.44,13.34,25.99,nasa,0.62
2021-05-17,0.11,18.47,12.36,26.65,nasa,0.62
2021-05-18,0.01,18.47,11.65,26.62,nasa,0.62
2021-05-19,0.06,18.61,11.6,27.06,nasa,0.62
2021-05-20,0.02,18.99,11.47,27.56,nasa,0.61
2021-05-21,0.03,19.71,12.82,27.84,nasa,0.61
2021-05-22,0.18,20.28,14.47,28.49,nasa,0.61
2021-05-23,2.12,20.41,15.67,27.19,nasa,0.61
2021-05-24,0.03,18.2,10.82,26.16,nasa,0.61
2021-05-25,0.0,17.49,9.04,26.11,nasa,0.61
2021-05-26,0.01,19.58,12.84,28.75,nasa,0.61
2021-05-27,0.01,20.8,14.12,29.07,nasa,0.61
2021-05-28,0.04,20.99,13.86,28.78,nasa,0.61
2021-05-29,2.96,21.88,17.1,28.76,nasa,0.61
2021-05-30,3.46,21.96,16.03,28.24,nasa,0.61
2021-05-31,13.97,20.95,17.38,25.45,nasa,0.63
2021-06-01,0.72,19.13,14.4,25.86,nasa,0.64
2021-06-02,0.55,19.49,13.28,25.98,nasa,0.64
2021-06-03,0.05,20.72,15.04,27.58,nasa,0.63
2021-06-04,0.05,19.23,12.89,27.38,nasa,0.63
2021-06-05,0.31,18.97,13.68,25.58,nasa,0.63
2021-06-06,0.45,19.38,13.71,24.53,nasa,0.62
2021-06-07,0.61,19.81,13.85,25.64,nasa,0.62
2021-06-08,0.48,19.9,12.94,26.93,nasa,0.62
2021-06-09,4.32,19.47,15.45,25.74,nasa,0.63
2021-06-10,2.27,19.39,14.9,25.36,nasa,0.63
2021-06-11,1.84,18.41,14.1,23.71,nasa,0.63
2021-06-12,0.1,17.38,11.86,24.34,nasa,0.63
2021-06-13,0.05,16.29,10.27,24.06,nasa,0.63
2021-06-14,0.05,16.52,10.23,23.89,nasa,0.62
2021-06-15,0.16,17.07,9.46,24.52,nasa,0.62
2021-06-16,0.02,16.92,10.06,25.16,nasa,0.62
2021-06-17,0.06,16.12,10.88,23.66,nasa,0.62
2021-06-18,0.11,16.88,10.44,25.2,nasa,0.62
2021-06-19,0.05,17.16,11.39,24.8,nasa,0.61
2021-06-20,0.04,18.16,11.98,26.65,nasa,0.61
2021-06-21,0.13,16.8,11.14,25.22,nasa,0.61
2021-06-22,3.59,17.42,12.53,24.83,nasa,0.61
2021-06-23,1.07,16.63,11.93,23.2,nasa,0.62
2021-06-24,0.25,16.77,11.24,24.03,nasa,0.62
2021-06-25,0.02,19.7,12.39,27.53,nasa,0.61
2021-06-26,0.09,18.84,12.36,26.76,nasa,0.61
2021-06-27,0.28,18.0,11.87,24.93,nasa,0.61
2021-06-28,0.08,17.66,9.73,25.07,nasa,0.61
2021-06-29,0.06,16.4,10.38,23.89,nasa,0.61
2021-06-30,0.01,11.04,4.71,18.57,nasa,0.61
2021-07-01,0.0,12.74,4.1,23.08,nasa,0.61
2021-07-02,0.01,15.37,7.14,23.32,nasa,0.61
2021-07-03,0.03,16.94,9.39,24.02,nasa,0.6
2021-07-04,0.02,15.79,8.31,23.49,nasa,0.6
2021-07-05,0.0,16.21,10.11,22.99,nasa,0.6
2021-07-06,0.13,16.1,11.1,22.68,nasa,0.6
2021-07-07,0.13,16.15,10.85,22.76,nasa,0.6
2021-07-08,0.0,16.08,8.44,23.74,nasa,0.6
2021-07-09,0.05,16.43,8.89,24.46,nasa,0.6
2021-07-10,0.15,16.63,9.22,24.3,nasa,0.6
2021-07-11,0.17,17.8,9.23,24.94,nasa,0.6
2021-07-12,0.03,17.56,9.76,25.25,nasa,0.6
2021-07-13,0.0,17.04,9.28,25.35,nasa,0.6
2021-07-14,0.07,16.91,9.97,25.0,nasa,0.6
2021-07-15,0.0,18.82,12.17,26.88,nasa,0.6
2021-07-16,0.13,19.39,12.3,28.1,nasa,0.59
2021-07-17,0.15,20.0,12.02,28.77,nasa,0.59
2021-07-18,0.04,19.83,12.82,27.16,nasa,0.59
2021-07-19,0.0,13.4,6.7,24.15,nasa,0.59
2021-07-20,0.26,13.01,3.05,23.54,nasa,0.59
2021-07-21,0.0,14.61,7.89,23.42,nasa,0.59
2021-07-22,0.0,17.3,8.64,27.6,nasa,0.59
2021-07-23,0.02,16.33,9.63,26.66,nasa,0.59
2021-07-24,0.02,16.46,8.49,26.0,nasa,0.59
2021-07-25,0.01,17.23,8.34,26.55,nasa,0.59
2021-07-26,0.0,16.63,8.29,25.96,nasa,0.59
2021-07-27,0.26,18.39,9.5,27.95,nasa,0.59
2021-07-28,1.89,17.98,12.67,25.82,nasa,0.59
2021-07-29,0.0,11.86,5.26,20.35,nasa,0.59
2021-07-30,0.1,11.31,3.19,21.68,nasa,0.59
2021-07-31,0.3,13.37,5.82,24.09,nasa,0.59
2021-08-01,0.01,15.77,7.83,24.32,nasa,0.59
2021-08-02,0.0,16.62,8.34,24.78,nasa,0.59
2021-08-03,0.17,17.15,9.53,25.11,nasa,0.59
2021-08-04,0.36,17.39,12.22,24.44,nasa,0.59
2021-08-05,0.08,17.11,10.02,24.59,nasa,0.59
2021-08-06,0.2,17.78,11.79,24.7,nasa,0.59
2021-08-07,0.03,17.65,11.77,25.38,nasa,0.59
2021-08-08,0.0,17.43,9.44,25.3,nasa,0.59
2021-08-09,0.0,18.45,10.79,25.97,nasa,0.59
2021-08-10,0.12,19.8,11.93,28.04,nasa,0.59
2021-08-11,0.01,20.92,14.24,30.23,nasa,0.59
2021-08-12,0.01,20.1,12.32,28.17,nasa,0.59
2021-08-13,0.29,21.32,15.17,28.58,nasa,0.59
2021-08-14,0.2,21.0,15.25,28.82,nasa,0.59
2021-08-15,0.08,21.35,13.73,29.67,nasa,0.59
2021-08-16,2.25,21.77,14.03,30.2,nasa,0.59
2021-08-17,1.23,22.17,15.29,30.17,nasa,0.59
2021-08-18,0.3,22.42,14.67,30.81,nasa,0.59
2021-08-19,0.0,21.33,13.75,30.26,nasa,0.59
2021-08-20,0.0,21.23,13.69,29.2,nasa,0.59
2021-08-21,0.0,22.09,13.65,30.1,nasa,0.59
2021-08-22,0.0,20.79,12.34,29.45,nasa,0.59
2021-08-23,0.0,21.19,12.94,29.87,nasa,0.59
2021-08-24,0.0,22.47,14.11,31.48,nasa,0.59
2021-08-25,0.0,22.14,13.65,31.34,nasa,0.59
2021-08-26,0.0,22.75,13.92,31.62,nasa,0.58
2021-08-27,0.0,24.5,17.05,32.34,nasa,0.58
2021-08-28,0.0,21.94,16.96,27.99,nasa,0.58
2021-08-29,0.02,21.48,15.79,27.84,nasa,0.58
2021-08-30,0.18,20.73,15.54,26.98,nasa,0.58
2021-08-31,0.05,19.21,12.42,27.09,nasa,0.58
2021-09-01,0.02,20.16,13.97,27.62,nasa,0.58
2021-09-02,0.03,21.0,13.82,28.68,nasa,0.58
2021-09-03,0.0,22.68,15.87,29.6,nasa,0.58
2021-09-04,0.34,24.56,17.75,32.27,nasa,0.58
2021-09-05,0.06,24.58,15.63,33.1,nasa,0.58
2021-09-06,0.15,25.2,16.84,34.8,nasa,0.58
2021-09-07,1.54,23.36,15.21,32.28,nasa,0.59
2021-09-08,1.75,24.89,17.52,33.8,nasa,0.59
2021-09-09,0.19,26.83,18.23,35.23,nasa,0.59
2021-09-10,2.55,24.74,20.25,30.72,nasa,0.59
2021-09-11,12.61,23.34,19.44,30.14,nasa,0.6
2021-09-12,3.9,24.62,18.48,32.81,nasa,0.62
2021-09-13,0.17,24.6,17.6,33.27,nasa,0.61
2021-09-14,0.0,25.56,17.46,34.42,nasa,0.61
2021-09-15,0.53,24.44,18.33,31.9,nasa,0.6
2021-09-16,2.39,23.35,16.88,31.68,nasa,0.6
2021-09-17,0.14,23.19,17.05,30.17,nasa,0.6
2021-09-18,0.2,25.14,16.99,32.5,nasa,0.6
2021-09-19,0.07,26.26,17.97,34.21,nasa,0.6
2021-09-20,0.02,26.56,18.51,34.31,nasa,0.59
2021-09-21,0.52,27.87,19.94,37.13,nasa,0.59
2021-09-22,0.15,21.06,14.94,29.64,nasa,0.59
2021-09-23,0.01,20.48,12.26,29.7,nasa,0.59
2021-09-24,0.41,20.97,12.65,29.16,nasa,0.59
2021-09-25,1.82,23.48,16.23,32.28,nasa,0.59
2021-09-26,5.47,24.38,17.84,30.91,nasa,0.6
2021-09-27,0.35,24.88,17.39,31.62,nasa,0.6
2021-09-28,0.01,25.03,17.87,32.34,nasa,0.59
2021-09-29,1.83,25.9,19.11,33.17,nasa,0.59
2021-09-30,1.72,25.0,18.03,32.84,nasa,0.59
2021-10-01,3.46,25.29,17.15,34.52,nasa,0.59
2021-10-02,8.69,23.83,19.12,31.52,nasa,0.61
2021-10-03,7.21,25.3,17.83,32.32,nasa,0.61
2021-10-04,3.19,25.34,19.72,31.47,nasa,0.62
2021-10-05,0.63,24.35,19.52,31.03,nasa,0.61
2021-10-06,12.26,23.34,16.61,30.25,nasa,0.62
2021-10-07,11.12,23.79,18.38,29.47,nasa,0.64
2021-10-08,0.57,22.24,15.44,29.47,nasa,0.64
2021-10-09,10.97,22.95,17.0,29.8,nasa,0.63
2021-10-10,25.06,19.75,16.72,23.7,nasa,0.67
2021-10-11,17.01,18.31,15.12,22.48,nasa,0.69
2021-10-12,0.2,20.18,14.05,26.76,nasa,0.69
2021-10-13,0.5,21.13,15.99,27.08,nasa,0.67
2021-10-14,3.16,22.92,15.94,28.92,nasa,0.66
2021-10-15,11.28,23.81,19.34,27.99,nasa,0.66
2021-10-16,2.11,23.54,19.75,28.03,nasa,0.67
2021-10-17,9.25,23.9,18.46,29.26,nasa,0.67
2021-10-18,10.21,21.92,16.99,28.82,nasa,0.67
2021-10-19,18.71,19.81,16.31,25.52,nasa,0.69
2021-10-20,1.66,17.46,13.82,21.79,nasa,0.69
2021-10-21,0.25,18.82,12.48,24.57,nasa,0.68
2021-10-22,0.16,20.7,12.74,27.7,nasa,0.67
2021-10-23,0.67,22.3,14.74,29.6,nasa,0.66
2021-10-24,3.5,22.69,19.17,27.3,nasa,0.66
2021-10-25,6.08,20.6,16.27,25.17,nasa,0.66
2021-10-26,5.09,21.06,17.18,25.19,nasa,0.67
2021-10-27,5.83,22.03,19.09,25.96,nasa,0.67
2021-10-28,1.94,21.22,18.28,25.38,nasa,0.67
2021-10-29,1.02,20.96,17.58,26.12,nasa,0.67
2021-10-30,0.55,21.91,16.32,27.89,nasa,0.66
2021-10-31,21.37,19.51,17.76,22.03,nasa,0.67
2021-11-01,27.34,21.48,17.37,26.49,nasa,0.72
2021-11-02,1.36,21.68,16.11,27.83,nasa,0.72
2021-11-03,0.29,21.98,15.26,27.76,nasa,0.7
2021-11-04,0.15,23.2,17.04,30.22,nasa,0.68
2021-11-05,0.06,23.02,16.58,30.34,nasa,0.67
2021-11-06,0.97,23.15,15.41,31.72,nasa,0.66
2021-11-07,2.8,22.94,15.58,30.18,nasa,0.66
2021-11-08,10.03,23.35,16.37,30.17,nasa,0.66
2021-11-09,7.6,23.04,16.83,29.07,nasa,0.67
2021-11-10,5.26,22.65,15.93,29.11,nasa,0.67
2021-11-11,8.13,19.99,17.03,24.75,nasa,0.68
2021-11-12,2.76,18.2,13.85,22.78,nasa,0.68
2021-11-13,0.12,18.67,12.13,25.69,nasa,0.68
2021-11-14,2.81,19.23,13.06,26.13,nasa,0.67
2021-11-15,1.68,20.3,13.28,27.43,nasa,0.67
2021-11-16,0.01,21.4,15.01,27.96,nasa,0.66
2021-11-17,0.03,22.77,16.39,29.45,nasa,0.65
2021-11-18,13.0,21.85,18.13,25.46,nasa,0.65
2021-11-19,24.18,21.84,19.25,24.62,nasa,0.69
2021-11-20,2.51,21.45,16.91,26.97,nasa,0.7
2021-11-21,0.42,21.37,14.51,27.6,nasa,0.69
2021-11-22,0.02,22.65,15.89,29.42,nasa,0.68
2021-11-23,0.05,24.03,15.59,32.3,nasa,0.67
2021-11-24,0.09,24.64,16.47,32.01,nasa,0.66
2021-11-25,1.92,23.9,18.06,30.08,nasa,0.65
2021-11-26,14.89,21.8,19.16,25.22,nasa,0.66
2021-11-27,2.34,23.21,18.39,28.83,nasa,0.67
2021-11-28,0.04,23.07,15.91,30.21,nasa,0.66
2021-11-29,0.43,24.54,16.82,32.27,nasa,0.66
2021-11-30,24.92,22.62,19.49,27.21,nasa,0.67
2021-12-01,3.94,23.43,17.83,29.26,nasa,0.69
2021-12-02,2.49,23.82,17.37,29.93,nasa,0.68
2021-12-03,11.51,22.38,17.43,28.11,nasa,0.69
2021-12-04,1.08,21.9,16.04,28.19,nasa,0.68
2021-12-05,6.02,22.99,17.45,28.22,nasa,0.67
2021-12-06,26.17,22.37,19.38,26.29,nasa,0.71
2021-12-07,8.91,20.19,16.34,24.27,nasa,0.72
2021-12-08,14.08,17.93,14.4,21.43,nasa,0.72
2021-12-09,0.24,19.81,13.47,25.62,nasa,0.72
2021-12-10,0.11,21.13,14.59,27.32,nasa,0.7
2021-12-11,0.16,22.59,14.93,28.76,nasa,0.69
2021-12-12,17.97,23.39,20.38,27.87,nasa,0.69
2021-12-13,8.01,22.59,19.88,25.95,nasa,0.72
2021-12-14,15.19,23.03,18.71,27.52,nasa,0.71
2021-12-15,11.9,22.02,20.23,25.04,nasa,0.74
2021-12-16,5.51,22.88,19.36,27.22,nasa,0.73
2021-12-17,49.69,22.02,20.26,24.48,nasa,0.76
2021-12-18,4.4,22.68,18.87,27.36,nasa,0.78
2021-12-19,0.47,20.62,17.4,24.44,nasa,0.76
2021-12-20,0.01,20.89,15.59,26.42,nasa,0.74
2021-12-21,0.19,21.13,16.11,26.21,nasa,0.73
2021-12-22,2.05,22.74,16.8,27.7,nasa,0.72
2021-12-23,4.1,21.58,16.55,25.1,nasa,0.72
2021-12-24,0.12,20.15,12.38,26.51,nasa,0.71
2021-12-25,0.2,20.5,14.46,26.06,nasa,0.71
2021-12-26,0.85,22.11,15.95,27.82,nasa,0.7
2021-12-27,6.24,23.38,17.47,28.93,nasa,0.69
2021-12-28,7.6,23.5,18.11,28.38,nasa,0.7
2021-12-29,10.83,22.43,17.59,25.84,nasa,0.7
2021-12-30,18.49,20.57,18.21,23.5,nasa,0.73
2021-12-31,31.57,20.08,18.43,22.32,nasa,0.77
2022-01-01,32.91,20.64,17.83,24.25,nasa,0.81
2022-01-02,11.72,21.44,18.73,24.6,nasa,0.81
2022-01-03,18.34,22.01,19.21,25.53,nasa,0.81
2022-01-04,13.71,22.08,19.7,25.09,nasa,0.81
2022-01-05,36.03,22.34,19.56,25.77,nasa,0.83
2022-01-06,18.19,21.77,18.94,26.6,nasa,0.84
2022-01-07,32.57,21.25,18.41,24.98,nasa,0.85
2022-01-08,10.37,20.88,17.76,25.19,nasa,0.86
2022-01-09,10.8,19.88,16.51,23.28,nasa,0.85
2022-01-10,4.99,21.01,17.88,24.56,nasa,0.85
2022-01-11,20.92,20.32,17.19,23.63,nasa,0.86
2022-01-12,2.64,22.49,18.43,26.88,nasa,0.85
2022-01-13,3.74,24.1,19.29,27.85,nasa,0.84
2022-01-14,1.38,23.92,20.15,27.9,nasa,0.84
2022-01-15,4.55,22.15,19.98,25.42,nasa,0.83
2022-01-16,10.17,21.44,17.9,25.26,nasa,0.84
2022-01-17,7.87,22.65,18.22,26.88,nasa,0.84
2022-01-18,3.1,23.44,18.38,27.36,nasa,0.84
2022-01-19,11.14,23.52,19.32,27.33,nasa,0.85
2022-01-20,2.18,24.02,19.17,28.22,nasa,0.84
2022-01-21,2.32,23.85,19.54,29.01,nasa,0.84
2022-01-22,0.53,24.2,19.31,28.79,nasa,0.83
2022-01-23,1.78,22.74,20.25,25.59,nasa,0.82
2022-01-24,0.78,23.95,19.73,28.29,nasa,0.82
2022-01-25,0.66,24.08,19.61,28.29,nasa,0.81
2022-01-26,6.98,22.66,19.61,27.02,nasa,0.81
2022-01-27,1.59,23.05,18.95,27.43,nasa,0.81
2022-01-28,1.65,23.09,18.92,27.03,nasa,0.8
2022-01-29,28.34,21.65,19.92,23.64,nasa,0.83
2022-01-30,35.43,21.23,19.18,23.42,nasa,0.87
2022-01-31,15.84,20.97,19.1,23.34,nasa,0.89
2022-02-01,6.19,22.01,18.46,26.01,nasa,0.88
2022-02-02,5.0,22.11,19.05,25.85,nasa,0.87
2022-02-03,13.02,21.9,18.89,25.49,nasa,0.87
2022-02-04,2.38,22.15,19.45,26.0,nasa,0.87
2022-02-05,19.97,23.35,19.48,28.07,nasa,0.87
2022-02-06,20.68,22.29,20.03,25.92,nasa,0.89
2022-02-07,40.71,21.58,20.0,24.14,nasa,0.92
2022-02-08,22.6,21.94,17.44,25.79,nasa,0.92
2022-02-09,9.62,20.98,15.87,26.28,nasa,0.93
2022-02-10,5.13,20.77,16.3,25.45,nasa,0.92
2022-02-11,6.97,21.2,18.43,25.36,nasa,0.92
2022-02-12,3.85,21.25,16.86,25.8,nasa,0.91
2022-02-13,2.8,22.25,18.43,26.82,nasa,0.91
2022-02-14,2.99,23.33,18.92,27.43,nasa,0.9
2022-02-15,3.36,24.09,19.19,29.21,nasa,0.9
2022-02-16,3.1,22.73,17.52,27.11,nasa,0.9
2022-02-17,7.36,22.47,19.25,26.54,nasa,0.89
2022-02-18,5.06,21.42,18.2,25.1,nasa,0.9
2022-02-19,12.71,21.97,18.58,26.27,nasa,0.9
2022-02-20,3.93,21.39,18.2,25.08,nasa,0.9
2022-02-21,5.87,22.25,18.44,26.25,nasa,0.9
2022-02-22,5.29,23.04,18.91,28.09,nasa,0.9
2022-02-23,0.63,23.3,18.34,28.06,nasa,0.89
2022-02-24,3.48,24.6,20.64,28.52,nasa,0.88
2022-02-25,3.62,23.55,18.65,28.48,nasa,0.89
2022-02-26,0.17,23.51,19.08,27.82,nasa,0.88
2022-02-27,0.39,23.09,19.39,28.06,nasa,0.87
2022-02-28,1.1,23.0,18.39,27.39,nasa,0.87
2022-03-01,4.34,23.09,19.05,27.59,nasa,0.86
2022-03-02,4.42,23.02,17.04,27.64,nasa,0.86
2022-03-03,0.03,23.14,17.76,28.14,nasa,0.86
2022-03-04,1.27,22.51,17.14,27.3,nasa,0.85
2022-03-05,1.36,22.86,19.81,26.29,nasa,0.85
2022-03-06,0.76,23.38,19.01,27.54,nasa,0.85
2022-03-07,0.07,23.31,18.09,27.85,nasa,0.84
2022-03-08,0.31,23.59,18.61,28.31,nasa,0.83
2022-03-09,0.59,22.95,19.06,28.0,nasa,0.83
2022-03-10,0.53,22.29,17.97,26.71,nasa,0.82
2022-03-11,4.99,22.48,17.71,26.79,nasa,0.82
2022-03-12,2.94,23.6,19.41,27.91,nasa,0.83
2022-03-13,8.7,23.14,19.84,26.87,nasa,0.83
2022-03-14,11.3,22.44,19.68,25.68,nasa,0.84
2022-03-15,12.85,22.47,20.45,25.93,nasa,0.85
2022-03-16,9.4,23.17,18.98,27.68,nasa,0.86
2022-03-17,0.04,22.69,18.29,26.23,nasa,0.85
2022-03-18,0.28,24.41,20.01,29.03,nasa,0.84
2022-03-19,0.14,23.39,18.71,27.75,nasa,0.83
2022-03-20,3.74,22.46,19.95,26.11,nasa,0.83
2022-03-21,1.65,20.26,16.4,24.57,nasa,0.83
2022-03-22,0.02,19.66,14.13,25.35,nasa,0.82
2022-03-23,0.62,20.53,15.15,26.15,nasa,0.82
2022-03-24,0.38,21.47,16.28,26.66,nasa,0.81
2022-03-25,1.98,22.8,18.7,27.14,nasa,0.81
2022-03-26,2.7,23.28,19.07,27.14,nasa,0.81
2022-03-27,2.59,23.5,19.06,27.98,nasa,0.8
2022-03-28,13.0,22.43,18.45,26.36,nasa,0.81
2022-03-29,5.62,21.76,18.38,26.04,nasa,0.83
2022-03-30,0.17,22.42,17.28,26.96,nasa,0.82
2022-03-31,6.19,22.74,18.03,27.77,nasa,0.81
2022-04-01,8.88,20.6,17.24,25.5,nasa,0.83
2022-04-02,1.8,21.62,17.25,26.62,nasa,0.82
2022-04-03,0.75,21.86,18.38,26.44,nasa,0.82
2022-04-04,3.49,22.36,17.97,26.52,nasa,0.81
2022-04-05,3.62,24.09,20.21,28.88,nasa,0.81
2022-04-06,1.37,22.64,19.37,26.85,nasa,0.81
2022-04-07,0.11,22.58,17.99,27.22,nasa,0.8
2022-04-08,2.92,22.59,17.88,27.24,nasa,0.8
2022-04-09,5.45,21.66,19.26,24.08,nasa,0.8
2022-04-10,1.14,22.38,17.95,27.1,nasa,0.81
2022-04-11,0.02,22.09,18.18,26.25,nasa,0.8
2022-04-12,3.76,22.0,17.37,26.26,nasa,0.8
2022-04-13,0.5,22.93,19.26,27.69,nasa,0.8
2022-04-14,1.79,21.52,17.9,26.09,nasa,0.79
2022-04-15,0.14,18.13,12.41,23.93,nasa,0.79
2022-04-16,0.02,16.02,9.77,22.78,nasa,0.78
2022-04-17,0.04,17.5,12.1,23.79,nasa,0.78
2022-04-18,0.11,18.25,12.65,24.17,nasa,0.77
2022-04-19,0.05,19.11,13.69,24.65,nasa,0.77
2022-04-20,0.02,19.64,13.7,25.1,nasa,0.77
2022-04-21,0.2,19.98,14.62,25.3,nasa,0.76
2022-04-22,0.03,20.33,15.19,25.9,nasa,0.76
2022-04-23,0.0,20.61,16.3,26.33,nasa,0.75
2022-04-24,0.0,21.06,15.98,27.1,nasa,0.75
2022-04-25,0.07,21.03,16.88,25.42,nasa,0.75
2022-04-26,0.13,21.29,16.29,26.68,nasa,0.74
2022-04-27,0.26,20.74,16.15,25.45,nasa,0.74
2022-04-28,0.01,20.39,14.21,25.67,nasa,0.74
2022-04-29,0.05,20.84,14.57,27.47,nasa,0.73
2022-04-30,0.32,19.86,16.39,24.18,nasa,0.73
2022-05-01,0.32,19.64,14.91,24.62,nasa,0.73
2022-05-02,0.12,21.3,17.12,25.84,nasa,0.73
2022-05-03,0.01,20.16,14.84,25.74,nasa,0.72
2022-05-04,4.48,19.18,14.86,24.79,nasa,0.72
2022-05-05,0.08,15.39,10.29,21.81,nasa,0.73
2022-05-06,0.05,16.56,10.49,23.7,nasa,0.72
2022-05-07,0.01,17.78,11.7,24.9,nasa,0.72
2022-05-08,0.03,18.28,13.36,24.16,nasa,0.72
2022-05-09,0.02,18.19,13.93,23.67,nasa,0.71
2022-05-10,0.03,17.39,12.21,23.04,nasa,0.71
2022-05-11,0.09,17.64,11.25,23.44,nasa,0.71
2022-05-12,0.06,18.62,14.39,23.6,nasa,0.71
2022-05-13,0.02,18.28,13.19,24.31,nasa,0.71
2022-05-14,0.4,18.31,12.5,24.56,nasa,0.7
2022-05-15,9.19,18.09,13.71,23.26,nasa,0.71
2022-05-16,2.13,18.45,14.94,23.43,nasa,0.72
2022-05-17,0.06,13.94,6.66,19.48,nasa,0.71
2022-05-18,0.02,8.62,3.47,15.07,nasa,0.71
2022-05-19,0.0,9.79,3.59,16.97,nasa,0.71
2022-05-20,0.02,10.88,5.5,18.2,nasa,0.71
2022-05-21,0.02,12.55,5.61,20.13,nasa,0.7
2022-05-22,0.0,13.92,7.47,21.27,nasa,0.7
2022-05-23,0.04,14.88,7.64,21.75,nasa,0.7
2022-05-24,0.0,15.5,9.08,22.51,nasa,0.7
2022-05-25,0.15,16.11,11.44,22.68,nasa,0.69
2022-05-26,0.69,15.91,10.09,22.27,nasa,0.69
2022-05-27,0.01,16.31,10.8,22.37,nasa,0.69
2022-05-28,0.0,16.46,11.82,21.49,nasa,0.69
2022-05-29,0.04,16.59,10.89,23.59,nasa,0.69
2022-05-30,0.02,17.65,12.0,24.98,nasa,0.69
2022-05-31,0.25,17.29,13.07,22.38,nasa,0.68
2022-06-01,0.0,20.38,15.41,25.43,nasa,0.68
2022-06-02,0.0,20.19,14.54,25.06,nasa,0.68
2022-06-03,0.01,19.15,14.85,25.3,nasa,0.68
2022-06-04,0.0,17.33,12.8,23.83,nasa,0.68
2022-06-05,0.02,16.64,11.4,23.12,nasa,0.68
2022-06-06,0.03,15.75,9.11,22.58,nasa,0.67
2022-06-07,0.01,17.21,11.01,24.51,nasa,0.67
2022-06-08,0.57,18.01,12.32,24.68,nasa,0.67
2022-06-09,1.4,19.54,15.13,24.4,nasa,0.67
2022-06-10,2.71,18.78,15.11,23.97,nasa,0.67
2022-06-11,0.71,17.35,14.19,21.96,nasa,0.67
2022-06-12,0.0,15.56,10.82,22.22,nasa,0.67
2022-06-13,0.01,12.2,6.77,19.16,nasa,0.67
2022-06-14,0.04,13.39,7.88,20.78,nasa,0.67
2022-06-15,0.01,15.63,9.55,22.95,nasa,0.67
2022-06-16,0.05,16.23,7.66,23.79,nasa,0.67
2022-06-17,0.01,15.72,8.27,23.86,nasa,0.66
2022-06-18,0.14,16.47,11.08,24.04,nasa,0.66
2022-06-19,0.19,17.23,12.04,23.54,nasa,0.66
2022-06-20,0.46,17.35,11.93,23.61,nasa,0.66
2022-06-21,0.01,18.29,11.78,24.97,nasa,0.66
2022-06-22,0.04,17.66,10.4,24.84,nasa,0.66
2022-06-23,0.02,18.11,11.4,25.34,nasa,0.66
2022-06-24,0.01,17.76,11.22,25.74,nasa,0.65
2022-06-25,0.0,17.8,11.1,25.86,nasa,0.65
2022-06-26,0.01,17.02,12.05,23.17,nasa,0.65
2022-06-27,0.01,16.3,10.0,22.74,nasa,0.65
2022-06-28,0.05,15.79,9.21,22.94,nasa,0.65
2022-06-29,0.18,17.04,10.52,25.4,nasa,0.65
2022-06-30,0.01,17.61,10.17,24.5,nasa,0.65
2022-07-01,0.01,16.6,8.83,24.49,nasa,0.65
2022-07-02,0.01,17.32,9.95,24.97,nasa,0.64
2022-07-03,0.03,18.05,10.35,26.2,nasa,0.64
2022-07-04,0.06,17.12,9.77,24.84,nasa,0.64
2022-07-05,0.05,16.69,9.02,24.14,nasa,0.64
2022-07-06,0.06,17.23,9.66,24.54,nasa,0.64
2022-07-07,0.07,17.53,9.91,24.31,nasa,0.64
2022-07-08,0.04,18.18,10.87,25.15,nasa,0.64
2022-07-09,0.06,17.36,10.32,24.66,nasa,0.64
2022-07-10,0.03,16.99,10.55,24.44,nasa,0.63
2022-07-11,0.08,16.33,10.42,23.81,nasa,0.63
2022-07-12,0.03,17.6,10.41,25.66,nasa,0.63
2022-07-13,0.07,18.86,12.31,26.33,nasa,0.63
2022-07-14,0.08,18.51,13.8,25.73,nasa,0.63
2022-07-15,0.12,17.95,12.1,25.15,nasa,0.63
2022-07-16,0.01,18.5,11.85,26.17,nasa,0.63
2022-07-17,0.07,20.6,12.63,28.86,nasa,0.63
2022-07-18,0.07,19.87,13.22,27.8,nasa,0.63
2022-07-19,0.01,18.46,10.97,26.18,nasa,0.62
2022-07-20,0.07,19.05,12.5,26.89,nasa,0.62
2022-07-21,0.21,18.55,13.66,25.29,nasa,0.62
2022-07-22,0.06,18.12,10.83,25.76,nasa,0.62
2022-07-23,0.11,18.68,11.1,26.2,nasa,0.62
2022-07-24,0.1,18.51,10.82,26.54,nasa,0.62
2022-07-25,0.11,18.25,10.67,26.18,nasa,0.62
2022-07-26,0.11,18.41,10.68,26.39,nasa,0.62
2022-07-27,0.09,18.0,11.38,25.33,nasa,0.62
2022-07-28,0.09,17.98,10.72,26.0,nasa,0.62
2022-07-29,0.41,19.11,10.88,27.83,nasa,0.61
2022-07-30,0.34,18.27,12.98,26.41,nasa,0.61
2022-07-31,0.14,17.75,8.83,26.51,nasa,0.61
2022-08-01,0.28,18.73,10.25,26.97,nasa,0.61
2022-08-02,0.0,20.52,12.91,28.36,nasa,0.61
2022-08-03,0.0,19.4,10.94,27.46,nasa,0.61
2022-08-04,0.29,18.63,12.24,25.36,nasa,0.61
2022-08-05,0.01,20.79,13.11,29.84,nasa,0.61
2022-08-06,0.18,20.21,14.0,27.73,nasa,0.61
2022-08-07,0.03,20.41,15.28,26.39,nasa,0.61
2022-08-08,0.53,20.69,16.69,26.6,nasa,0.61
2022-08-09,5.03,19.51,13.73,25.19,nasa,0.61
2022-08-10,8.06,15.22,8.59,19.59,nasa,0.63
2022-08-11,0.11,13.9,7.78,22.25,nasa,0.63
2022-08-12,1.09,15.34,9.44,23.62,nasa,0.63
2022-08-13,1.01,16.49,9.16,24.47,nasa,0.63
2022-08-14,1.31,16.94,8.69,25.36,nasa,0.63
2022-08-15,1.08,16.59,9.07,25.32,nasa,0.63
2022-08-16,2.25,18.73,10.54,27.69,nasa,0.62
2022-08-17,0.0,21.14,12.99,28.79,nasa,0.62
2022-08-18,1.13,20.28,12.89,28.43,nasa,0.62
2022-08-19,2.05,17.86,11.79,25.56,nasa,0.62
2022-08-20,1.41,14.85,10.34,21.0,nasa,0.62
2022-08-21,0.55,16.73,10.58,24.23,nasa,0.62
2022-08-22,0.93,16.03,9.05,24.43,nasa,0.62
2022-08-23,1.51,16.87,9.15,24.75,nasa,0.62
2022-08-24,1.28,17.93,10.92,24.71,nasa,0.62
2022-08-25,1.78,18.8,13.79,25.59,nasa,0.62
2022-08-26,1.99,18.99,13.64,25.28,nasa,0.62
2022-08-27,1.49,19.59,12.66,26.92,nasa,0.62
2022-08-28,0.04,21.81,15.07,29.69,nasa,0.61
2022-08-29,2.05,17.93,11.31,26.15,nasa,0.61
2022-08-30,0.46,15.4,9.67,22.97,nasa,0.61
2022-08-31,1.15,15.24,9.05,24.26,nasa,0.61
2022-09-01,1.09,15.53,7.81,24.72,nasa,0.61
2022-09-02,1.43,16.69,7.81,26.28,nasa,0.61
2022-09-03,0.99,20.18,10.68,29.64,nasa,0.61
2022-09-04,0.62,19.98,13.51,27.82,nasa,0.61
2022-09-05,2.03,18.64,11.66,26.39,nasa,0.61
2022-09-06,1.46,19.4,13.51,27.34,nasa,0.61
2022-09-07,0.05,19.05,12.68,26.65,nasa,0.61
2022-09-08,0.55,20.56,12.22,29.5,nasa,0.61
2022-09-09,0.42,22.74,15.08,31.03,nasa,0.61
2022-09-10,0.06,24.66,17.45,33.59,nasa,0.61
2022-09-11,2.28,23.37,15.45,31.79,nasa,0.61
2022-09-12,2.7,22.49,16.95,30.05,nasa,0.61
2022-09-13,1.02,24.19,17.64,31.67,nasa,0.61
2022-09-14,1.83,24.47,18.12,32.05,nasa,0.61
2022-09-15,4.97,20.88,16.06,27.82,nasa,0.62
2022-09-16,7.34,18.02,14.9,22.12,nasa,0.63
2022-09-17,0.14,18.26,12.74,26.01,nasa,0.63
2022-09-18,0.15,17.63,9.87,26.56,nasa,0.62
2022-09-19,1.82,19.5,10.04,29.41,nasa,0.62
2022-09-20,0.01,22.52,14.21,31.24,nasa,0.62
2022-09-21,1.89,23.41,16.38,30.28,nasa,0.62
2022-09-22,27.87,21.84,18.94,24.5,nasa,0.64
2022-09-23,0.27,19.37,12.74,27.39,nasa,0.66
2022-09-24,0.36,17.97,9.07,27.52,nasa,0.65
2022-09-25,0.01,19.82,10.46,29.24,nasa,0.64
2022-09-26,14.71,20.31,16.45,25.08,nasa,0.64
2022-09-27,26.37,20.01,17.42,24.41,nasa,0.69
2022-09-28,14.22,19.82,16.13,24.79,nasa,0.69
2022-09-29,0.27,19.16,14.16,25.35,nasa,0.7
2022-09-30,7.0,18.75,13.52,24.67,nasa,0.69
2022-10-01,6.87,20.16,14.06,25.67,nasa,0.69
2022-10-02,3.22,21.95,16.19,29.11,nasa,0.68
2022-10-03,12.12,21.86,15.52,27.3,nasa,0.68
2022-10-04,12.85,21.99,16.84,27.73,nasa,0.7
2022-10-05,0.59,22.18,15.48,28.98,nasa,0.7
2022-10-06,2.84,22.4,16.55,28.13,nasa,0.68
2022-10-07,24.93,21.14,15.28,26.69,nasa,0.71
2022-10-08,0.0,19.26,14.4,24.83,nasa,0.7
2022-10-09,4.38,20.57,17.15,24.21,nasa,0.69
2022-10-10,1.47,21.77,17.06,27.0,nasa,0.69
2022-10-11,0.26,23.13,18.17,29.37,nasa,0.69
2022-10-12,0.04,23.27,16.98,30.38,nasa,0.68
2022-10-13,0.0,23.18,14.97,30.54,nasa,0.67
2022-10-14,0.01,23.13,15.1,30.61,nasa,0.66
2022-10-15,0.15,22.28,15.56,29.4,nasa,0.66
2022-10-16,0.01,21.13,15.2,26.78,nasa,0.65
2022-10-17,2.16,22.45,14.65,29.76,nasa,0.65
2022-10-18,1.7,22.72,17.5,28.78,nasa,0.65
2022-10-19,6.27,20.9,17.39,25.98,nasa,0.65
2022-10-20,2.84,22.18,15.21,29.28,nasa,0.66
2022-10-21,5.05,21.58,18.47,25.91,nasa,0.66
2022-10-22,0.61,23.25,17.29,29.38,nasa,0.66
2022-10-23,0.82,22.64,15.95,29.56,nasa,0.66
2022-10-24,1.04,22.84,16.92,29.2,nasa,0.65
2022-10-25,0.45,22.86,16.11,29.87,nasa,0.65
2022-10-26,0.06,22.63,16.49,29.74,nasa,0.64
2022-10-27,0.76,23.93,16.12,31.08,nasa,0.64
2022-10-28,3.71,23.81,19.19,29.9,nasa,0.64
2022-10-29,17.69,24.17,17.47,29.72,nasa,0.65
2022-10-30,1.59,23.59,19.97,28.6,nasa,0.67
2022-10-31,7.82,24.13,19.48,29.52,nasa,0.67
2022-11-01,3.64,21.6,15.17,27.83,nasa,0.67
2022-11-02,1.31,16.92,12.35,22.67,nasa,0.67
2022-11-03,0.63,15.54,11.72,19.97,nasa,0.66
2022-11-04,0.17,17.02,10.53,23.9,nasa,0.66
2022-11-05,0.74,18.28,11.03,25.09,nasa,0.65
2022-11-06,3.09,18.58,12.54,24.88,nasa,0.65
2022-11-07,8.92,19.07,14.25,24.89,nasa,0.66
2022-11-08,11.22,19.84,13.68,26.08,nasa,0.67
2022-11-09,8.19,20.56,14.32,26.28,nasa,0.68
2022-11-10,0.65,22.55,16.22,28.07,nasa,0.68
2022-11-11,5.22,23.66,16.45,29.59,nasa,0.67
2022-11-12,1.1,23.61,18.69,29.65,nasa,0.67
2022-11-13,6.89,23.54,17.32,30.52,nasa,0.66
2022-11-14,21.94,22.44,18.99,25.63,nasa,0.69
2022-11-15,5.5,22.64,19.44,26.41,nasa,0.7
2022-11-16,7.33,22.45,16.34,28.12,nasa,0.7
2022-11-17,5.93,20.82,13.74,27.55,nasa,0.7
2022-11-18,0.07,21.21,14.28,28.44,nasa,0.68
2022-11-19,0.13,19.75,13.62,26.28,nasa,0.67
2022-11-20,0.35,21.56,14.5,27.74,nasa,0.67
2022-11-21,0.05,23.13,17.46,29.13,nasa,0.66
2022-11-22,0.03,23.35,17.82,29.22,nasa,0.65
2022-11-23,8.94,22.22,18.89,25.81,nasa,0.66
2022-11-24,9.07,22.94,19.08,28.01,nasa,0.68
2022-11-25,4.38,21.08,16.53,26.6,nasa,0.67
2022-11-26,3.7,20.77,14.84,26.34,nasa,0.67
2022-11-27,0.74,22.59,15.37,29.05,nasa,0.67
2022-11-28,9.69,22.44,17.56,27.9,nasa,0.67
2022-11-29,4.76,21.87,17.93,27.34,nasa,0.68
2022-11-30,6.63,22.48,17.24,27.2,nasa,0.68
2022-12-01,9.91,22.87,18.76,27.52,nasa,0.68
2022-12-02,2.49,22.98,18.7,28.33,nasa,0.68
2022-12-03,12.38,22.21,18.85,26.03,nasa,0.69
2022-12-04,14.77,21.51,18.77,24.34,nasa,0.7
2022-12-05,18.81,20.66,18.81,23.53,nasa,0.72
2022-12-06,31.76,20.87,18.5,24.47,nasa,0.75
2022-12-07,16.96,22.9,18.92,26.71,nasa,0.78
2022-12-08,1.97,22.32,16.96,28.35,nasa,0.76
2022-12-09,0.02,22.55,14.55,29.81,nasa,0.74
2022-12-10,3.59,23.74,15.6,29.75,nasa,0.72
2022-12-11,3.31,24.43,19.38,29.05,nasa,0.71
2022-12-12,8.34,23.71,20.61,27.16,nasa,0.71
2022-12-13,16.38,21.94,16.89,24.48,nasa,0.73
2022-12-14,0.12,20.05,15.13,25.41,nasa,0.73
2022-12-15,1.41,20.68,14.63,26.22,nasa,0.72
2022-12-16,4.08,21.88,16.73,26.88,nasa,0.72
2022-12-17,7.08,22.39,17.6,27.3,nasa,0.71
2022-12-18,0.57,21.63,16.75,26.81,nasa,0.71
2022-12-19,6.57,21.54,17.35,26.94,nasa,0.71
2022-12-20,22.71,21.95,18.09,26.94,nasa,0.72
2022-12-21,1.66,21.31,16.12,27.27,nasa,0.73
2022-12-22,7.2,20.93,15.55,26.26,nasa,0.73
2022-12-23,0.5,20.37,15.47,24.56,nasa,0.72
2022-12-24,1.25,21.6,16.16,26.98,nasa,0.71
2022-12-25,13.47,22.38,18.07,26.95,nasa,0.71
2022-12-26,25.15,20.61,19.02,22.76,nasa,0.75
2022-12-27,4.64,22.36,18.59,26.81,nasa,0.76
2022-12-28,31.64,21.32,18.89,24.05,nasa,0.78
2022-12-29,12.88,20.9,19.16,23.51,nasa,0.78
2022-12-30,15.81,21.42,18.94,24.45,nasa,0.79
2022-12-31,11.88,23.08,18.85,28.06,nasa,0.79
2023-01-01,6.53,22.66,18.92,27.3,nasa,0.79
2023-01-02,5.93,21.52,18.81,25.48,nasa,0.78
2023-01-03,11.58,21.93,18.77,25.78,nasa,0.78
2023-01-04,18.4,21.58,19.26,24.46,nasa,0.8
2023-01-05,18.99,21.72,18.64,25.95,nasa,0.81
2023-01-06,44.54,19.92,17.4,23.09,nasa,0.85
2023-01-07,4.92,19.25,16.26,22.57,nasa,0.86
2023-01-08,12.82,19.99,15.53,25.55,nasa,0.84
2023-01-09,28.03,21.28,18.08,25.46,nasa,0.85
2023-01-10,10.86,21.52,17.74,25.65,nasa,0.86
2023-01-11,19.99,21.89,18.65,25.63,nasa,0.86
2023-01-12,8.95,22.35,19.52,25.9,nasa,0.86
2023-01-13,10.35,22.04,19.84,25.05,nasa,0.86
2023-01-14,7.01,23.28,19.71,27.75,nasa,0.87
2023-01-15,4.9,24.72,21.38,28.15,nasa,0.85
2023-01-16,12.57,23.68,19.58,27.45,nasa,0.86
2023-01-17,1.27,23.04,18.09,27.52,nasa,0.86
2023-01-18,5.18,23.63,18.28,28.25,nasa,0.85
2023-01-19,15.36,22.1,19.97,24.86,nasa,0.86
2023-01-20,27.88,20.26,18.18,22.26,nasa,0.88
2023-01-21,10.73,21.71,17.63,26.77,nasa,0.89
2023-01-22,11.36,22.16,18.83,26.1,nasa,0.89
2023-01-23,7.71,22.3,18.84,26.81,nasa,0.88
2023-01-24,15.17,22.62,19.23,27.0,nasa,0.89
2023-01-25,1.96,23.05,17.17,28.51,nasa,0.89
2023-01-26,0.02,21.9,16.02,27.96,nasa,0.88
2023-01-27,6.72,22.19,17.16,27.15,nasa,0.87
2023-01-28,13.52,22.29,20.31,25.19,nasa,0.88
2023-01-29,9.59,21.03,19.44,23.16,nasa,0.89
2023-01-30,11.24,22.0,18.9,25.68,nasa,0.89
2023-01-31,5.66,22.39,19.05,26.38,nasa,0.89
2023-02-01,7.1,22.72,20.43,26.07,nasa,0.89
2023-02-02,14.79,21.82,18.96,24.98,nasa,0.9
2023-02-03,4.6,23.07,19.43,26.89,nasa,0.9
2023-02-04,1.98,22.38,20.13,24.64,nasa,0.9
2023-02-05,5.72,22.03,19.46,25.23,nasa,0.9
2023-02-06,3.35,23.39,19.12,28.31,nasa,0.89
2023-02-07,2.39,23.25,18.06,28.48,nasa,0.89
2023-02-08,8.18,22.25,18.92,27.14,nasa,0.89
2023-02-09,3.21,22.7,17.56,27.83,nasa,0.89
2023-02-10,9.5,22.89,18.92,27.1,nasa,0.89
2023-02-11,28.55,22.28,19.83,25.34,nasa,0.91
2023-02-12,15.04,21.08,18.75,24.26,nasa,0.92
2023-02-13,15.79,21.64,18.2,24.68,nasa,0.93
2023-02-14,2.91,22.88,18.76,27.92,nasa,0.92
2023-02-15,9.22,23.25,19.05,27.41,nasa,0.91
2023-02-16,4.4,23.67,20.33,27.58,nasa,0.92
2023-02-17,1.95,22.89,19.96,26.29,nasa,0.91
2023-02-18,3.43,22.52,18.75,27.23,nasa,0.91
2023-02-19,11.03,21.56,18.26,26.04,nasa,0.92
2023-02-20,6.93,22.02,18.4,26.17,nasa,0.91
2023-02-21,9.43,21.9,18.52,25.57,nasa,0.92
2023-02-22,7.32,22.73,19.75,25.98,nasa,0.92
2023-02-23,16.2,22.42,17.8,26.53,nasa,0.93
2023-02-24,4.0,21.97,19.19,25.27,nasa,0.93
2023-02-25,5.87,22.04,20.0,24.72,nasa,0.92
2023-02-26,1.09,22.57,20.17,25.38,nasa,0.93
2023-02-27,2.2,23.44,19.47,28.04,nasa,0.92
2023-02-28,1.86,23.13,18.99,27.66,nasa,0.92
2023-03-01,0.18,22.16,17.21,26.82,nasa,0.91
2023-03-02,3.74,22.79,18.44,26.68,nasa,0.91
2023-03-03,3.17,23.49,18.82,27.85,nasa,0.9
2023-03-04,1.56,23.61,19.19,27.72,nasa,0.9
2023-03-05,17.49,23.3,20.02,26.67,nasa,0.9
2023-03-06,8.57,22.85,19.3,26.57,nasa,0.91
2023-03-07,8.76,21.62,18.58,24.85,nasa,0.92
2023-03-08,5.08,21.35,18.36,24.14,nasa,0.92
2023-03-09,2.27,22.42,18.2,26.03,nasa,0.91
2023-03-10,5.08,22.3,18.59,25.87,nasa,0.91
2023-03-11,13.7,20.55,18.6,23.02,nasa,0.92
2023-03-12,6.32,21.75,18.7,25.65,nasa,0.92
2023-03-13,1.98,20.54,18.82,22.59,nasa,0.92
2023-03-14,0.85,21.29,18.14,25.46,nasa,0.92
2023-03-15,0.15,21.99,17.35,26.83,nasa,0.91
2023-03-16,0.63,21.63,18.12,26.25,nasa,0.9
2023-03-17,0.12,20.89,16.69,26.11,nasa,0.9
2023-03-18,0.01,21.3,16.21,26.44,nasa,0.89
2023-03-19,0.52,21.84,17.87,26.31,nasa,0.89
2023-03-20,5.43,22.0,19.62,25.73,nasa,0.89
2023-03-21,2.49,23.15,17.94,28.18,nasa,0.89
2023-03-22,3.55,22.02,17.63,27.02,nasa,0.89
2023-03-23,0.54,21.36,16.66,26.9,nasa,0.88
2023-03-24,0.09,22.21,16.66,27.13,nasa,0.87
2023-03-25,0.04,23.75,19.02,28.04,nasa,0.87
2023-03-26,0.24,23.48,17.94,28.11,nasa,0.86
2023-03-27,1.23,23.99,19.92,28.23,nasa,0.86
2023-03-28,1.92,22.26,18.44,26.2,nasa,0.86
2023-03-29,3.68,21.84,18.93,25.54,nasa,0.86
2023-03-30,1.35,22.54,20.09,26.02,nasa,0.86
2023-03-31,1.83,23.06,20.25,26.92,nasa,0.86
2023-04-01,0.19,22.23,18.01,27.33,nasa,0.85
2023-04-02,0.26,21.36,16.8,26.75,nasa,0.85
2023-04-03,0.14,21.11,16.39,25.96,nasa,0.84
2023-04-04,0.02,21.67,17.53,25.7,nasa,0.84
2023-04-05,0.11,21.61,15.95,26.65,nasa,0.83
2023-04-06,0.61,21.44,16.83,25.98,nasa,0.83
2023-04-07,7.55,20.76,17.8,24.06,nasa,0.83
2023-04-08,2.91,21.8,17.53,26.36,nasa,0.84
2023-04-09,3.86,20.49,17.35,24.29,nasa,0.84
2023-04-10,0.08,19.94,14.47,25.54,nasa,0.84
2023-04-11,0.05,19.85,15.13,24.81,nasa,0.83
2023-04-12,0.11,19.63,16.67,23.36,nasa,0.83
2023-04-13,2.57,21.38,17.64,25.49,nasa,0.83
2023-04-14,17.37,20.98,18.73,24.38,nasa,0.84
2023-04-15,0.31,21.58,17.9,26.54,nasa,0.84
2023-04-16,0.0,20.83,15.97,26.13,nasa,0.83
2023-04-17,1.12,20.8,16.3,25.74,nasa,0.83
2023-04-18,15.11,21.27,18.09,25.02,nasa,0.84
2023-04-19,0.4,21.0,15.31,25.55,nasa,0.84
2023-04-20,0.03,16.64,11.27,22.42,nasa,0.83
2023-04-21,0.01,17.09,12.36,23.32,nasa,0.83
2023-04-22,0.01,17.84,13.13,23.44,nasa,0.82
2023-04-23,0.03,18.45,14.28,23.91,nasa,0.82
2023-04-24,0.03,18.29,13.44,24.0,nasa,0.81
2023-04-25,0.04,18.72,13.24,24.0,nasa,0.81
2023-04-26,2.87,19.55,14.15,24.92,nasa,0.81
2023-04-27,0.6,20.19,15.8,24.83,nasa,0.81
2023-04-28,1.4,21.19,17.69,25.44,nasa,0.8
2023-04-29,0.37,20.39,16.12,24.58,nasa,0.8
2023-04-30,0.65,19.45,14.45,24.19,nasa,0.8
2023-05-01,2.97,19.27,15.03,22.89,nasa,0.8
2023-05-02,0.36,19.2,14.07,23.96,nasa,0.8
2023-05-03,0.02,19.31,12.67,24.97,nasa,0.79
2023-05-04,0.02,20.01,13.55,25.52,nasa,0.79
2023-05-05,0.02,20.6,15.38,25.61,nasa,0.79
2023-05-06,0.02,19.97,15.22,25.49,nasa,0.78
2023-05-07,0.01,19.28,14.76,24.47,nasa,0.78
2023-05-08,0.03,19.47,14.31,24.72,nasa,0.78
2023-05-09,0.01,20.73,15.62,25.69,nasa,0.78
2023-05-10,0.35,20.2,16.66,24.69,nasa,0.77
2023-05-11,0.02,19.11,14.95,24.08,nasa,0.77
2023-05-12,0.01,17.36,13.21,23.14,nasa,0.77
2023-05-13,0.02,15.96,11.25,21.94,nasa,0.77
2023-05-14,0.01,15.67,9.67,21.78,nasa,0.76
2023-05-15,0.03,15.54,8.68,22.33,nasa,0.76
2023-05-16,0.03,14.52,8.17,22.12,nasa,0.76
2023-05-17,0.02,14.48,9.68,21.73,nasa,0.76
2023-05-18,0.02,14.63,9.29,21.27,nasa,0.75
2023-05-19,0.03,14.04,9.14,20.95,nasa,0.75
2023-05-20,0.06,14.01,8.78,21.38,nasa,0.75
2023-05-21,0.03,14.67,7.55,21.9,nasa,0.75
2023-05-22,0.01,16.06,10.57,21.81,nasa,0.74
2023-05-23,0.0,16.72,11.22,22.86,nasa,0.74
2023-05-24,0.01,17.46,12.37,23.31,nasa,0.74
2023-05-25,0.01,17.87,13.13,23.42,nasa,0.74
2023-05-26,0.0,17.48,13.34,23.16,nasa,0.73
2023-05-27,0.02,17.54,12.69,22.91,nasa,0.73
2023-05-28,0.13,18.36,13.81,23.78,nasa,0.73
2023-05-29,0.05,18.05,14.13,23.15,nasa,0.73
2023-05-30,1.14,16.91,13.54,20.77,nasa,0.73
2023-05-31,9.96,15.9,14.24,18.7,nasa,0.74
2023-06-01,0.09,16.58,12.38,22.32,nasa,0.75
2023-06-02,0.02,16.16,11.46,22.67,nasa,0.74
2023-06-03,0.03,16.05,11.08,22.64,nasa,0.74
2023-06-04,0.05,14.9,9.23,21.63,nasa,0.73
2023-06-05,0.05,15.63,8.65,22.3,nasa,0.73
2023-06-06,0.03,15.52,10.18,22.35,nasa,0.73
2023-06-07,0.1,15.06,9.41,21.41,nasa,0.72
2023-06-08,0.06,15.74,9.07,22.21,nasa,0.72
2023-06-09,0.04,16.47,10.54,22.52,nasa,0.72
2023-06-10,0.05,17.11,11.77,23.32,nasa,0.72
2023-06-11,0.08,17.99,11.29,23.95,nasa,0.71
2023-06-12,0.0,18.54,13.2,24.19,nasa,0.71
2023-06-13,0.02,17.39,11.33,24.33,nasa,0.71
2023-06-14,8.91,17.32,12.78,22.33,nasa,0.71
2023-06-15,1.82,17.3,13.8,22.07,nasa,0.72
2023-06-16,0.43,16.79,14.14,20.96,nasa,0.72
2023-06-17,0.03,14.86,9.23,21.18,nasa,0.72
2023-06-18,0.03,13.45,6.53,21.08,nasa,0.72
2023-06-19,0.06,14.12,8.91,21.54,nasa,0.71
2023-06-20,0.13,14.67,9.51,21.26,nasa,0.71
2023-06-21,0.53,14.94,8.29,21.44,nasa,0.71
2023-06-22,0.58,14.99,7.86,21.41,nasa,0.71
2023-06-23,0.09,15.6,9.23,21.62,nasa,0.71
2023-06-24,0.03,16.52,10.71,21.82,nasa,0.7
2023-06-25,0.01,16.67,11.95,22.78,nasa,0.7
2023-06-26,0.05,16.33,10.3,23.46,nasa,0.7
2023-06-27,0.05,16.34,9.45,23.15,nasa,0.7
2023-06-28,0.01,17.48,11.02,23.23,nasa,0.69
2023-06-29,0.02,16.4,9.79,23.69,nasa,0.69
2023-06-30,0.03,16.31,11.42,22.84,nasa,0.69
2023-07-01,0.03,16.26,11.43,22.17,nasa,0.69
2023-07-02,0.04,15.72,11.08,23.04,nasa,0.69
2023-07-03,0.1,14.52,10.04,21.12,nasa,0.68
2023-07-04,0.01,13.49,8.46,20.68,nasa,0.68
2023-07-05,0.03,13.59,7.53,20.55,nasa,0.68
2023-07-06,0.01,14.03,6.66,20.8,nasa,0.68
2023-07-07,0.0,15.03,8.04,21.8,nasa,0.68
2023-07-08,0.05,16.62,10.04,23.58,nasa,0.68
2023-07-09,0.2,16.28,11.83,20.96,nasa,0.68
2023-07-10,0.03,18.36,11.49,25.1,nasa,0.68
2023-07-11,0.0,19.87,13.7,26.12,nasa,0.67
2023-07-12,0.0,19.08,11.91,26.43,nasa,0.67
2023-07-13,0.03,18.9,13.1,26.44,nasa,0.67
2023-07-14,3.26,14.39,8.77,20.84,nasa,0.67
2023-07-15,0.0,13.98,7.01,22.08,nasa,0.67
2023-07-16,0.0,17.35,9.82,24.82,nasa,0.67
2023-07-17,0.0,18.83,13.06,26.11,nasa,0.67
2023-07-18,0.04,19.57,13.39,26.3,nasa,0.66
2023-07-19,0.04,18.7,14.2,25.18,nasa,0.66
2023-07-20,0.0,17.79,12.46,24.58,nasa,0.66
2023-07-21,0.0,17.35,12.05,23.93,nasa,0.66
2023-07-22,0.0,16.94,11.38,23.74,nasa,0.66
2023-07-23,0.0,16.62,10.43,24.31,nasa,0.66
2023-07-24,0.0,18.11,11.81,24.93,nasa,0.65
2023-07-25,0.0,19.14,14.55,24.4,nasa,0.65
2023-07-26,0.0,18.63,11.33,25.3,nasa,0.65
2023-07-27,0.0,19.29,12.77,26.28,nasa,0.65
2023-07-28,0.07,19.64,12.58,26.17,nasa,0.65
2023-07-29,0.36,18.46,13.08,25.02,nasa,0.65
2023-07-30,0.07,17.68,11.57,24.43,nasa,0.64
2023-07-31,0.01,18.49,11.6,25.46,nasa,0.64
2023-08-01,0.15,18.59,10.33,26.64,nasa,0.64
2023-08-02,0.02,17.88,10.34,26.2,nasa,0.64
2023-08-03,0.0,19.47,12.24,27.74,nasa,0.64
2023-08-04,0.0,19.03,10.49,27.5,nasa,0.64
2023-08-05,0.01,19.56,10.7,28.03,nasa,0.64
2023-08-06,0.0,19.88,11.92,28.46,nasa,0.63
2023-08-07,0.0,19.81,11.42,27.6,nasa,0.63
2023-08-08,0.01,20.16,12.3,28.32,nasa,0.63
2023-08-09,0.0,19.93,13.89,27.98,nasa,0.63
2023-08-10,0.0,20.47,13.85,27.63,nasa,0.63
2023-08-11,0.01,20.92,12.99,28.98,nasa,0.63
2023-08-12,0.06,22.44,15.22,30.59,nasa,0.62
2023-08-13,0.08,21.31,15.21,28.84,nasa,0.62
2023-08-14,0.15,20.75,15.09,26.73,nasa,0.62
2023-08-15,0.32,20.48,16.0,25.13,nasa,0.62
2023-08-16,0.03,20.55,16.36,25.82,nasa,0.62
2023-08-17,0.17,20.63,14.99,27.01,nasa,0.62
2023-08-18,0.03,20.37,13.42,28.04,nasa,0.62
2023-08-19,0.12,20.96,13.75,29.49,nasa,0.62
2023-08-20,5.61,20.39,13.7,28.39,nasa,0.62
2023-08-21,0.03,20.75,14.01,28.25,nasa,0.63
2023-08-22,0.0,21.24,14.48,29.26,nasa,0.62
2023-08-23,0.0,21.72,12.8,31.31,nasa,0.62
2023-08-24,0.06,23.96,15.73,33.21,nasa,0.62
2023-08-25,1.12,24.03,18.0,31.36,nasa,0.62
2023-08-26,3.41,19.84,13.92,26.79,nasa,0.61
2023-08-27,7.88,16.17,12.67,21.47,nasa,0.62
2023-08-28,2.33,15.43,11.92,20.34,nasa,0.64
2023-08-29,0.58,18.43,12.7,25.85,nasa,0.64
2023-08-30,0.12,19.67,13.69,26.81,nasa,0.63
2023-08-31,0.04,20.67,13.63,28.71,nasa,0.63
2023-09-01,0.01,21.71,15.04,29.48,nasa,0.63
2023-09-02,4.19,22.74,16.5,29.31,nasa,0.63
2023-09-03,0.38,24.37,17.27,30.92,nasa,0.63
2023-09-04,0.02,25.87,18.92,32.74,nasa,0.62
2023-09-05,0.29,24.86,20.35,30.79,nasa,0.62
2023-09-06,0.01,22.09,16.19,29.99,nasa,0.62
2023-09-07,0.0,20.42,14.88,27.91,nasa,0.62
2023-09-08,0.0,21.52,14.47,29.12,nasa,0.61
2023-09-09,0.0,22.29,13.69,29.93,nasa,0.61
2023-09-10,0.0,22.58,14.95,30.58,nasa,0.61
2023-09-11,0.0,22.33,14.99,31.28,nasa,0.61
2023-09-12,0.0,22.31,14.17,29.66,nasa,0.6
2023-09-13,0.0,23.62,15.56,32.02,nasa,0.6
2023-09-14,0.95,23.48,18.21,30.6,nasa,0.6
2023-09-15,0.26,22.34,15.95,30.2,nasa,0.6
2023-09-16,0.02,23.02,14.59,31.76,nasa,0.6
2023-09-17,0.0,25.21,17.62,32.43,nasa,0.6
2023-09-18,0.0,25.14,17.67,33.19,nasa,0.6
2023-09-19,0.0,25.32,16.6,34.04,nasa,0.59
2023-09-20,0.26,25.49,16.84,34.37,nasa,0.59
2023-09-21,0.21,25.28,17.31,33.61,nasa,0.59
2023-09-22,0.0,26.6,18.15,34.32,nasa,0.59
2023-09-23,0.0,27.98,19.57,35.66,nasa,0.59
2023-09-24,0.0,29.04,19.39,37.36,nasa,0.59
2023-09-25,0.23,29.69,21.93,38.25,nasa,0.59
2023-09-26,0.54,29.85,21.9,38.64,nasa,0.59
2023-09-27,17.66,26.03,22.35,30.0,nasa,0.6
2023-09-28,2.72,24.34,18.74,31.64,nasa,0.63
2023-09-29,0.01,23.15,16.56,31.51,nasa,0.62
2023-09-30,2.13,24.64,16.92,32.63,nasa,0.62
2023-10-01,31.0,23.32,19.59,27.59,nasa,0.65
2023-10-02,6.29,24.22,19.65,30.17,nasa,0.67
2023-10-03,8.23,24.7,19.07,30.4,nasa,0.67
2023-10-04,2.52,25.18,19.33,31.83,nasa,0.66
2023-10-05,5.22,26.64,20.26,33.51,nasa,0.65
2023-10-06,4.18,26.59,21.66,32.52,nasa,0.66
2023-10-07,7.07,25.31,21.86,30.12,nasa,0.66
2023-10-08,6.56,25.14,20.99,29.94,nasa,0.66
2023-10-09,5.0,24.94,20.52,30.46,nasa,0.66
2023-10-10,0.02,24.2,17.44,31.39,nasa,0.65
2023-10-11,0.05,25.56,18.15,32.88,nasa,0.64
2023-10-12,4.42,27.36,21.71,33.83,nasa,0.64
2023-10-13,7.75,24.6,20.38,30.08,nasa,0.65
2023-10-14,0.02,23.33,18.37,30.07,nasa,0.65
2023-10-15,0.0,24.57,17.51,32.12,nasa,0.64
2023-10-16,11.65,25.2,19.06,30.85,nasa,0.65
2023-10-17,3.71,25.25,19.48,32.22,nasa,0.65
2023-10-18,2.98,24.59,18.76,31.36,nasa,0.65
2023-10-19,1.1,23.35,17.19,30.24,nasa,0.64
2023-10-20,1.75,23.08,16.96,30.15,nasa,0.64
2023-10-21,0.23,23.47,17.73,30.97,nasa,0.64
2023-10-22,0.03,24.19,16.34,32.07,nasa,0.63
2023-10-23,0.35,25.22,16.02,33.08,nasa,0.63
2023-10-24,0.45,26.84,20.81,34.24,nasa,0.62
2023-10-25,0.68,25.99,20.75,32.15,nasa,0.62
2023-10-26,11.64,25.65,20.01,31.92,nasa,0.62
2023-10-27,6.46,23.18,20.88,25.82,nasa,0.64
2023-10-28,0.77,25.34,19.69,31.9,nasa,0.65
2023-10-29,7.09,25.24,20.52,31.48,nasa,0.65
2023-10-30,1.57,26.15,20.56,33.48,nasa,0.65
2023-10-31,13.3,25.54,21.31,30.76,nasa,0.65
2023-11-01,0.34,24.68,20.2,31.06,nasa,0.66
2023-11-02,2.36,23.59,17.67,29.71,nasa,0.65
2023-11-03,12.85,25.25,19.74,31.57,nasa,0.65
2023-11-04,3.1,24.17,18.04,30.09,nasa,0.66
2023-11-05,0.05,21.88,12.68,31.04,nasa,0.65
2023-11-06,0.39,22.71,14.64,31.61,nasa,0.64
2023-11-07,0.0,22.73,13.56,31.97,nasa,0.64
2023-11-08,0.0,23.06,13.71,31.95,nasa,0.63
2023-11-09,0.16,25.38,15.27,33.84,nasa,0.62
2023-11-10,0.77,27.56,19.94,34.82,nasa,0.62
2023-11-11,0.22,26.81,18.07,35.13,nasa,0.61
2023-11-12,0.0,28.85,19.47,37.09,nasa,0.61
2023-11-13,0.0,29.88,20.94,38.01,nasa,0.61
2023-11-14,0.06,31.25,22.65,39.12,nasa,0.6
2023-11-15,0.33,29.66,20.41,39.15,nasa,0.6
2023-11-16,1.04,29.48,21.5,37.75,nasa,0.6
2023-11-17,0.93,30.83,23.51,38.62,nasa,0.6
2023-11-18,2.81,30.96,25.26,38.04,nasa,0.6
2023-11-19,7.43,28.77,23.13,35.35,nasa,0.6
2023-11-20,12.16,24.47,21.75,29.52,nasa,0.63
2023-11-21,3.59,25.74,21.12,31.23,nasa,0.63
2023-11-22,2.1,26.23,21.56,31.64,nasa,0.63
2023-11-23,4.31,26.29,21.19,32.18,nasa,0.63
2023-11-24,4.9,24.76,18.57,32.29,nasa,0.63
2023-11-25,1.89,21.1,16.31,27.01,nasa,0.63
2023-11-26,1.44,23.56,16.5,31.14,nasa,0.63
2023-11-27,1.75,23.59,18.09,29.99,nasa,0.63
2023-11-28,8.04,24.86,19.78,30.87,nasa,0.63
2023-11-29,9.59,22.86,19.81,25.52,nasa,0.65
2023-11-30,1.88,24.71,18.38,31.3,nasa,0.65
2023-12-01,0.14,26.83,19.02,33.72,nasa,0.64
2023-12-02,0.11,28.15,21.22,35.47,nasa,0.63
2023-12-03,2.75,28.3,20.28,35.6,nasa,0.62
2023-12-04,6.32,27.7,23.17,33.12,nasa,0.63
2023-12-05,3.76,27.45,21.66,33.61,nasa,0.63
2023-12-06,12.34,26.56,21.69,31.97,nasa,0.64
2023-12-07,11.6,26.69,23.12,31.27,nasa,0.65
2023-12-08,4.03,26.03,21.11,31.58,nasa,0.65
2023-12-09,6.38,24.91,19.47,31.18,nasa,0.65
2023-12-10,2.8,23.45,18.21,29.2,nasa,0.65
2023-12-11,24.01,23.51,19.76,28.88,nasa,0.65
2023-12-12,5.19,23.72,18.72,30.17,nasa,0.68
2023-12-13,1.15,23.67,17.15,30.51,nasa,0.67
2023-12-14,8.9,24.82,18.6,31.13,nasa,0.66
2023-12-15,5.44,25.38,18.47,31.41,nasa,0.66
2023-12-16,2.3,25.42,18.28,31.72,nasa,0.65
2023-12-17,15.03,24.62,19.26,31.23,nasa,0.66
2023-12-18,5.73,24.87,19.46,30.59,nasa,0.67
2023-12-19,4.46,24.27,18.61,30.42,nasa,0.66
2023-12-20,0.43,23.86,18.35,30.28,nasa,0.65
2023-12-21,4.43,23.74,18.06,30.27,nasa,0.65
2023-12-22,3.09,23.88,20.07,28.47,nasa,0.65
2023-12-23,15.9,24.33,21.29,29.42,nasa,0.67
2023-12-24,3.34,24.68,20.9,29.04,nasa,0.67
2023-12-25,3.62,25.46,19.3,31.42,nasa,0.66
2023-12-26,4.72,25.95,20.68,32.13,nasa,0.66
2023-12-27,4.03,24.72,19.1,31.22,nasa,0.66
2023-12-28,1.31,23.96,16.69,31.38,nasa,0.65
2023-12-29,3.98,26.72,19.86,34.36,nasa,0.65
2023-12-30,6.05,26.2,20.42,32.89,nasa,0.64
2023-12-31,6.51,22.78,18.28,27.79,nasa,0.65
2024-01-01,7.59,20.96,18.08,24.82,nasa,0.66
2024-01-02,6.12,22.66,17.67,28.86,nasa,0.66
2024-01-03,14.4,22.75,19.77,25.95,nasa,0.67
2024-01-04,18.86,23.01,19.97,27.59,nasa,0.71
2024-01-05,1.9,23.65,18.24,30.21,nasa,0.7
2024-01-06,2.84,24.0,18.43,29.43,nasa,0.68
2024-01-07,2.81,24.73,18.87,30.51,nasa,0.67
2024-01-08,11.16,24.01,20.63,28.44,nasa,0.67
2024-01-09,3.07,23.19,19.99,26.94,nasa,0.68
2024-01-10,3.47,24.55,19.2,30.05,nasa,0.67
2024-01-11,3.95,25.45,20.81,29.96,nasa,0.67
2024-01-12,3.33,25.52,20.1,31.17,nasa,0.67
2024-01-13,19.23,24.23,21.02,28.79,nasa,0.68
2024-01-14,11.69,23.09,20.16,26.69,nasa,0.7
2024-01-15,13.29,23.79,20.36,28.17,nasa,0.71
2024-01-16,2.2,25.31,20.15,30.34,nasa,0.71
2024-01-17,1.79,26.45,20.24,31.34,nasa,0.69
2024-01-18,6.59,26.86,21.86,31.44,nasa,0.68
2024-01-19,11.87,26.56,22.72,30.18,nasa,0.69
2024-01-20,11.48,24.91,21.68,29.18,nasa,0.7
2024-01-21,3.61,24.26,19.98,28.59,nasa,0.7
2024-01-22,3.35,23.32,17.99,29.24,nasa,0.69
2024-01-23,3.16,22.01,18.85,24.99,nasa,0.69
2024-01-24,4.77,22.91,17.58,28.55,nasa,0.69
2024-01-25,3.47,22.65,17.13,28.45,nasa,0.68
2024-01-26,1.89,22.72,17.32,28.6,nasa,0.68
2024-01-27,2.49,22.14,16.59,27.25,nasa,0.67
2024-01-28,6.35,24.22,19.01,29.49,nasa,0.67
2024-01-29,3.07,24.52,18.58,31.19,nasa,0.67
2024-01-30,1.61,24.68,17.57,31.1,nasa,0.67
2024-01-31,6.03,24.0,19.33,29.4,nasa,0.67
2024-02-01,6.52,23.61,17.45,29.87,nasa,0.67
2024-02-02,7.99,22.47,19.14,25.85,nasa,0.67
2024-02-03,4.45,23.37,19.4,27.95,nasa,0.68
2024-02-04,3.44,23.27,19.96,27.09,nasa,0.68
2024-02-05,5.4,22.6,19.58,26.37,nasa,0.68
2024-02-06,1.36,23.9,19.2,28.71,nasa,0.68
2024-02-07,3.7,23.0,20.02,26.45,nasa,0.68
2024-02-08,4.33,23.17,19.94,27.85,nasa,0.68
2024-02-09,4.29,23.86,18.71,29.89,nasa,0.68
2024-02-10,0.64,23.27,17.86,29.44,nasa,0.68
2024-02-11,4.32,23.7,18.37,29.47,nasa,0.67
2024-02-12,2.01,24.37,19.02,29.89,nasa,0.67
2024-02-13,1.19,25.01,19.32,30.45,nasa,0.66
2024-02-14,5.59,24.22,19.54,30.22,nasa,0.66
2024-02-15,10.88,22.52,20.07,28.07,nasa,0.67
2024-02-16,0.64,22.96,18.17,27.83,nasa,0.68
2024-02-17,2.81,24.76,20.08,29.95,nasa,0.67
2024-02-18,3.01,24.73,20.09,30.47,nasa,0.67
2024-02-19,3.02,23.91,18.35,29.93,nasa,0.66
2024-02-20,11.65,23.39,19.83,27.84,nasa,0.67
2024-02-21,3.91,22.63,19.76,25.97,nasa,0.68
2024-02-22,8.57,23.98,19.85,29.18,nasa,0.68
2024-02-23,16.36,23.17,20.51,26.9,nasa,0.7
2024-02-24,1.97,24.09,20.16,28.17,nasa,0.7
2024-02-25,1.88,23.75,20.4,28.21,nasa,0.7
2024-02-26,2.42,24.29,18.88,29.53,nasa,0.69
2024-02-27,0.75,24.43,19.84,29.54,nasa,0.68
2024-02-28,0.53,26.43,20.11,32.68,nasa,0.67
2024-02-29,3.5,26.45,22.2,32.02,nasa,0.67
2024-03-01,6.42,26.28,21.66,32.62,nasa,0.67
2024-03-02,0.96,24.86,20.41,30.37,nasa,0.66
2024-03-03,0.86,24.3,17.58,30.34,nasa,0.66
2024-03-04,1.84,24.8,17.93,31.19,nasa,0.65
2024-03-05,4.27,24.63,21.42,29.02,nasa,0.65
2024-03-06,8.59,24.81,19.9,30.1,nasa,0.66
2024-03-07,4.17,24.85,19.9,29.99,nasa,0.67
2024-03-08,13.12,24.86,21.02,28.91,nasa,0.67
2024-03-09,7.89,24.68,21.05,28.76,nasa,0.69
2024-03-10,2.12,24.79,21.0,29.6,nasa,0.69
2024-03-11,2.54,24.89,19.73,30.47,nasa,0.68
2024-03-12,0.49,25.33,20.24,31.37,nasa,0.67
2024-03-13,0.17,25.52,20.34,31.89,nasa,0.66
2024-03-14,0.17,25.52,19.34,32.24,nasa,0.66
2024-03-15,0.21,26.17,19.73,33.13,nasa,0.65
2024-03-16,0.27,26.84,21.29,33.0,nasa,0.64
2024-03-17,0.14,27.51,22.95,33.44,nasa,0.64
2024-03-18,3.66,26.74,21.24,32.54,nasa,0.64
2024-03-19,2.7,27.05,22.14,32.92,nasa,0.64
2024-03-20,4.75,25.27,22.18,29.32,nasa,0.65
2024-03-21,4.07,25.54,21.97,30.82,nasa,0.65
2024-03-22,8.68,23.07,19.22,25.91,nasa,0.66
2024-03-23,0.69,20.52,18.19,24.47,nasa,0.66
2024-03-24,1.92,20.27,17.15,24.69,nasa,0.66
2024-03-25,6.52,21.95,18.17,27.2,nasa,0.67
2024-03-26,4.54,22.33,19.7,26.26,nasa,0.67
2024-03-27,12.63,20.07,18.12,22.31,nasa,0.68
2024-03-28,24.41,19.88,17.55,22.7,nasa,0.71
2024-03-29,4.23,21.71,17.71,25.45,nasa,0.72
2024-03-30,6.83,22.22,19.06,26.3,nasa,0.72
2024-03-31,0.45,22.46,17.86,28.49,nasa,0.71
2024-04-01,1.4,22.18,17.18,27.4,nasa,0.7
2024-04-02,0.43,23.03,17.42,27.86,nasa,0.69
2024-04-03,0.12,24.19,18.52,29.56,nasa,0.68
2024-04-04,0.94,24.12,18.95,29.66,nasa,0.67
2024-04-05,0.03,24.35,18.26,30.57,nasa,0.67
2024-04-06,0.04,23.17,17.34,29.99,nasa,0.66
2024-04-07,0.1,22.48,17.22,29.1,nasa,0.65
2024-04-08,0.01,22.21,15.76,28.68,nasa,0.65
2024-04-09,0.42,23.26,18.54,28.05,nasa,0.65
2024-04-10,0.13,23.68,17.6,29.79,nasa,0.65
2024-04-11,1.6,24.06,17.83,30.32,nasa,0.64
2024-04-12,1.5,23.05,17.89,29.58,nasa,0.64
2024-04-13,0.31,22.86,17.98,29.3,nasa,0.64
2024-04-14,0.24,22.48,16.93,28.22,nasa,0.64
2024-04-15,0.04,23.27,18.3,29.28,nasa,0.64
2024-04-16,0.1,23.01,17.92,29.82,nasa,0.64
2024-04-17,0.17,23.64,16.6,30.96,nasa,0.63
2024-04-18,7.16,22.73,18.69,28.25,nasa,0.64
2024-04-19,0.79,21.5,16.21,28.02,nasa,0.64
2024-04-20,0.12,21.13,15.57,28.18,nasa,0.64
2024-04-21,0.28,20.57,14.64,27.64,nasa,0.64
2024-04-22,1.72,21.1,14.63,27.98,nasa,0.63
2024-04-23,0.18,22.05,16.89,29.13,nasa,0.63
2024-04-24,1.14,23.0,17.31,30.34,nasa,0.63
2024-04-25,0.05,23.16,16.38,30.61,nasa,0.63
2024-04-26,0.03,23.24,18.19,29.82,nasa,0.63
2024-04-27,0.01,22.28,16.57,29.37,nasa,0.62
2024-04-28,0.02,23.77,17.01,30.66,nasa,0.62
2024-04-29,0.01,23.54,16.76,30.86,nasa,0.62
2024-04-30,0.01,22.6,15.4,30.49,nasa,0.62
2024-05-01,0.0,23.96,18.52,31.16,nasa,0.62
2024-05-02,0.01,23.68,17.31,31.43,nasa,0.61
2024-05-03,0.02,24.03,18.27,30.88,nasa,0.61
2024-05-04,0.0,23.93,15.65,31.33,nasa,0.61
2024-05-05,0.02,22.09,15.3,30.82,nasa,0.61
2024-05-06,0.04,22.77,15.61,30.36,nasa,0.61
2024-05-07,0.03,22.53,16.27,29.95,nasa,0.61
2024-05-08,0.03,21.53,14.33,29.08,nasa,0.61
2024-05-09,0.0,23.17,16.19,29.58,nasa,0.61
2024-05-10,0.01,22.2,14.88,29.69,nasa,0.61
2024-05-11,0.01,23.35,18.32,30.59,nasa,0.61
2024-05-12,0.01,22.86,16.77,30.6,nasa,0.6
2024-05-13,0.0,21.99,14.92,30.92,nasa,0.6
2024-05-14,0.01,21.98,13.98,30.83,nasa,0.6
2024-05-15,0.08,22.53,16.39,29.76,nasa,0.6
2024-05-16,1.23,22.49,16.97,29.2,nasa,0.6
2024-05-17,0.01,22.33,15.69,29.78,nasa,0.6
2024-05-18,0.0,22.84,17.9,29.87,nasa,0.6
2024-05-19,0.01,22.7,16.08,30.1,nasa,0.6
2024-05-20,0.01,22.69,14.46,30.45,nasa,0.6
2024-05-21,0.04,22.29,16.9,29.46,nasa,0.6
2024-05-22,0.15,21.55,16.46,28.5,nasa,0.6
2024-05-23,0.01,20.24,12.98,28.32,nasa,0.6
2024-05-24,0.04,21.92,14.64,29.89,nasa,0.6
2024-05-25,0.15,21.45,14.4,28.62,nasa,0.6
2024-05-26,5.85,20.72,15.8,26.63,nasa,0.6
2024-05-27,9.76,20.11,16.48,25.42,nasa,0.62
2024-05-28,0.26,19.7,14.37,26.81,nasa,0.62
2024-05-29,0.02,17.41,11.46,26.28,nasa,0.62
2024-05-30,0.13,15.19,9.06,23.97,nasa,0.62
2024-05-31,0.11,15.9,9.77,24.78,nasa,0.62
2024-06-01,0.08,16.83,10.83,25.21,nasa,0.61
2024-06-02,0.06,18.09,11.79,25.15,nasa,0.61
2024-06-03,0.02,18.84,11.62,25.72,nasa,0.61
2024-06-04,0.01,18.58,11.71,26.39,nasa,0.61
2024-06-05,0.01,18.66,13.05,25.94,nasa,0.61
2024-06-06,0.01,18.93,12.6,25.86,nasa,0.61
2024-06-07,0.02,19.56,11.75,27.08,nasa,0.6
2024-06-08,0.01,19.81,11.87,27.41,nasa,0.6
2024-06-09,0.0,19.43,11.88,27.17,nasa,0.6
2024-06-10,0.04,19.74,11.51,27.27,nasa,0.6
2024-06-11,0.02,20.3,12.51,28.17,nasa,0.6
2024-06-12,0.04,19.09,10.87,27.82,nasa,0.6
2024-06-13,1.85,17.97,9.9,26.3,nasa,0.6
2024-06-14,0.0,18.39,10.08,26.84,nasa,0.6
2024-06-15,0.05,18.64,10.54,26.96,nasa,0.6
2024-06-16,1.47,19.26,11.3,26.57,nasa,0.6
2024-06-17,0.1,18.16,11.24,26.09,nasa,0.6
2024-06-18,0.04,18.85,10.93,26.09,nasa,0.6
2024-06-19,0.2,19.89,12.64,27.24,nasa,0.6
2024-06-20,0.2,19.58,11.97,27.31,nasa,0.6
2024-06-21,0.1,18.39,10.66,26.69,nasa,0.6
2024-06-22,0.02,18.81,11.37,26.17,nasa,0.6
2024-06-23,0.13,19.42,13.22,26.76,nasa,0.6
2024-06-24,0.03,19.89,13.16,28.02,nasa,0.59
2024-06-25,0.0,21.39,14.46,29.08,nasa,0.59
2024-06-26,0.02,21.16,15.36,28.33,nasa,0.59
2024-06-27,0.03,21.45,14.26,28.29,nasa,0.59
2024-06-28,0.0,21.25,15.19,29.21,nasa,0.59
2024-06-29,0.02,20.64,13.6,28.42,nasa,0.59
2024-06-30,0.89,19.42,13.97,26.88,nasa,0.59
2024-07-01,3.09,18.59,14.57,24.0,nasa,0.59
2024-07-02,0.36,18.94,12.57,25.94,nasa,0.6
2024-07-03,1.51,18.71,11.97,25.83,nasa,0.6
2024-07-04,0.45,20.02,13.96,26.95,nasa,0.6
2024-07-05,0.08,20.22,15.07,26.49,nasa,0.6
2024-07-06,0.26,20.46,14.97,26.71,nasa,0.6
2024-07-07,0.72,18.75,11.93,26.8,nasa,0.6
2024-07-08,0.9,20.73,14.51,29.09,nasa,0.6
2024-07-09,1.59,20.34,15.16,27.42,nasa,0.6
2024-07-10,1.33,21.15,13.62,28.49,nasa,0.6
2024-07-11,0.25,22.33,15.33,29.85,nasa,0.6
2024-07-12,0.0,20.55,14.01,27.99,nasa,0.6
2024-07-13,0.08,19.82,15.08,26.4,nasa,0.6
2024-07-14,0.31,19.12,14.94,25.66,nasa,0.6
2024-07-15,0.0,19.52,12.92,26.35,nasa,0.6
2024-07-16,0.03,19.27,12.24,26.44,nasa,0.59
2024-07-17,0.02,19.36,11.7,27.08,nasa,0.59
2024-07-18,0.0,19.36,11.64,27.68,nasa,0.59
2024-07-19,0.0,18.66,10.51,27.49,nasa,0.59
2024-07-20,0.03,18.48,10.48,27.65,nasa,0.59
2024-07-21,0.42,17.92,9.86,26.34,nasa,0.59
2024-07-22,0.19,19.45,10.89,28.03,nasa,0.59
2024-07-23,0.0,18.96,9.86,28.05,nasa,0.59
2024-07-24,0.0,18.22,9.56,27.47,nasa,0.59
2024-07-25,0.14,17.62,9.98,25.85,nasa,0.59
2024-07-26,0.01,20.02,13.91,27.04,nasa,0.59
2024-07-27,0.0,20.09,12.93,27.96,nasa,0.59
2024-07-28,0.3,20.73,13.01,29.47,nasa,0.59
2024-07-29,0.0,21.21,13.45,28.9,nasa,0.59
2024-07-30,0.14,19.82,13.93,27.66,nasa,0.59
2024-07-31,0.03,19.34,12.89,27.23,nasa,0.59
2024-08-01,0.0,19.47,12.93,27.57,nasa,0.59
2024-08-02,0.02,19.63,12.36,27.74,nasa,0.59
2024-08-03,0.06,20.23,12.68,28.57,nasa,0.59
2024-08-04,0.13,21.07,14.8,27.84,nasa,0.59
2024-08-05,0.03,21.18,12.97,28.75,nasa,0.59
2024-08-06,0.03,21.92,14.53,29.02,nasa,0.59
2024-08-07,0.01,20.17,12.65,28.22,nasa,0.58
2024-08-08,0.03,21.77,14.31,29.8,nasa,0.58
2024-08-09,0.1,22.74,16.54,30.04,nasa,0.58
2024-08-10,3.42,15.97,9.51,21.08,nasa,0.59
2024-08-11,0.01,14.94,7.62,24.09,nasa,0.59
2024-08-12,0.01,15.02,6.43,25.61,nasa,0.59
2024-08-13,0.22,14.9,5.3,24.95,nasa,0.59
2024-08-14,0.0,17.35,7.47,27.99,nasa,0.59
2024-08-15,0.19,20.97,11.72,30.16,nasa,0.59
2024-08-16,0.0,23.96,15.44,32.05,nasa,0.59
2024-08-17,0.01,22.87,13.19,32.28,nasa,0.59
2024-08-18,0.0,23.0,13.56,32.9,nasa,0.59
2024-08-19,0.0,22.64,13.25,31.96,nasa,0.58
2024-08-20,0.0,24.08,17.51,32.92,nasa,0.58
2024-08-21,0.06,22.52,13.59,32.54,nasa,0.58
2024-08-22,0.04,22.03,13.36,31.56,nasa,0.58
2024-08-23,0.0,23.51,15.02,32.65,nasa,0.58
2024-08-24,0.0,24.23,15.72,33.66,nasa,0.58
2024-08-25,2.06,20.52,15.03,28.34,nasa,0.58
2024-08-26,1.09,18.22,12.46,26.58,nasa,0.59
2024-08-27,0.01,17.47,8.47,27.73,nasa,0.59
2024-08-28,0.0,19.53,9.93,29.76,nasa,0.59
2024-08-29,0.0,20.9,11.95,30.5,nasa,0.59
2024-08-30,0.05,21.8,12.17,31.47,nasa,0.59
2024-08-31,0.12,22.64,12.67,32.23,nasa,0.58
2024-09-01,0.1,22.47,12.39,32.56,nasa,0.58
2024-09-02,0.0,24.25,16.14,34.24,nasa,0.58
2024-09-03,0.14,25.02,17.23,34.49,nasa,0.58
2024-09-04,0.0,25.68,16.9,34.87,nasa,0.58
2024-09-05,0.0,25.93,16.99,34.64,nasa,0.58
2024-09-06,0.08,24.74,15.59,34.38,nasa,0.58
2024-09-07,0.08,26.09,17.75,34.06,nasa,0.58
2024-09-08,0.0,26.18,19.19,34.39,nasa,0.58
2024-09-09,0.05,24.72,16.07,33.91,nasa,0.58
2024-09-10,0.0,24.25,15.49,33.06,nasa,0.58
2024-09-11,0.0,24.5,15.5,33.28,nasa,0.58
2024-09-12,0.0,24.08,15.62,33.04,nasa,0.58
2024-09-13,0.0,24.21,15.52,32.88,nasa,0.58
2024-09-14,0.0,25.28,17.67,33.43,nasa,0.58
2024-09-15,0.0,24.93,17.03,32.89,nasa,0.58
2024-09-16,0.04,24.19,16.64,32.42,nasa,0.58
2024-09-17,0.06,22.51,14.89,31.53,nasa,0.58
2024-09-18,0.02,23.02,15.23,31.87,nasa,0.58
2024-09-19,0.02,24.18,16.27,32.99,nasa,0.58
2024-09-20,0.23,26.81,19.94,34.54,nasa,0.58
2024-09-21,3.68,26.81,21.25,33.62,nasa,0.58
2024-09-22,4.29,25.11,18.11,32.57,nasa,0.59
2024-09-23,0.0,26.11,18.06,33.95,nasa,0.59
2024-09-24,0.0,26.02,17.94,34.04,nasa,0.59
2024-09-25,0.0,25.89,17.89,34.24,nasa,0.59
2024-09-26,0.0,25.85,17.52,34.37,nasa,0.59
2024-09-27,0.32,27.2,18.17,35.77,nasa,0.59
2024-09-28,0.14,25.5,18.36,33.48,nasa,0.58
2024-09-29,0.0,25.48,17.4,33.82,nasa,0.58
2024-09-30,0.0,25.42,17.82,33.63,nasa,0.58
2024-10-01,0.17,25.81,18.38,33.85,nasa,0.58
2024-10-02,0.01,27.62,18.18,36.55,nasa,0.58
2024-10-03,0.28,27.3,19.03,36.18,nasa,0.58
2024-10-04,0.23,24.51,17.99,33.51,nasa,0.58
2024-10-05,0.02,24.44,16.55,33.25,nasa,0.58
2024-10-06,0.02,25.01,15.84,35.27,nasa,0.58
2024-10-07,0.33,25.36,15.53,35.23,nasa,0.58
2024-10-08,0.05,27.37,17.97,37.86,nasa,0.58
2024-10-09,1.94,27.01,17.59,38.31,nasa,0.58
2024-10-10,16.33,21.89,18.37,25.74,nasa,0.6
2024-10-11,10.32,24.19,18.2,30.2,nasa,0.62
2024-10-12,0.07,25.33,20.71,30.73,nasa,0.62
2024-10-13,0.02,24.89,18.17,32.65,nasa,0.62
2024-10-14,0.01,24.35,17.13,32.42,nasa,0.61
2024-10-15,0.0,22.65,16.15,29.36,nasa,0.6
2024-10-16,4.76,25.39,19.74,30.37,nasa,0.6
2024-10-17,0.11,26.99,20.46,33.58,nasa,0.6
2024-10-18,2.25,26.4,19.97,33.65,nasa,0.6
2024-10-19,25.72,21.94,19.2,25.07,nasa,0.63
2024-10-20,13.41,20.41,18.21,23.47,nasa,0.67
2024-10-21,0.24,22.31,17.7,27.88,nasa,0.66
2024-10-22,0.81,24.17,18.48,30.24,nasa,0.65
2024-10-23,2.37,25.23,20.06,31.51,nasa,0.64
2024-10-24,21.66,24.48,20.78,28.9,nasa,0.65
2024-10-25,7.51,23.21,20.54,26.61,nasa,0.67
2024-10-26,1.62,24.48,19.91,29.29,nasa,0.66
2024-10-27,8.76,22.95,19.66,27.14,nasa,0.66
2024-10-28,9.05,21.62,16.64,27.53,nasa,0.67
2024-10-29,0.28,22.25,18.15,27.37,nasa,0.66
2024-10-30,0.14,23.21,17.95,29.36,nasa,0.65
2024-10-31,0.03,22.77,16.07,29.43,nasa,0.64
2024-11-01,0.0,23.41,16.65,30.68,nasa,0.64
2024-11-02,0.57,23.18,18.1,27.94,nasa,0.63
2024-11-03,4.12,21.71,19.37,25.25,nasa,0.63
2024-11-04,13.85,20.59,18.81,23.01,nasa,0.65
2024-11-05,55.8,21.19,18.18,24.84,nasa,0.69
2024-11-06,8.16,22.41,18.52,27.03,nasa,0.73
2024-11-07,7.21,21.9,18.75,25.98,nasa,0.72
2024-11-08,11.15,21.91,19.69,25.84,nasa,0.72
2024-11-09,7.71,22.04,18.44,26.53,nasa,0.72
2024-11-10,0.19,22.24,16.31,28.37,nasa,0.71
2024-11-11,0.12,23.02,16.72,29.53,nasa,0.69
2024-11-12,0.07,24.65,17.52,31.31,nasa,0.68
2024-11-13,12.5,22.02,19.25,25.38,nasa,0.68
2024-11-14,1.45,22.47,16.98,28.44,nasa,0.68
2024-11-15,21.1,21.76,16.84,27.14,nasa,0.69
2024-11-16,40.04,20.02,17.3,22.4,nasa,0.73
2024-11-17,3.26,22.0,17.17,27.27,nasa,0.76
2024-11-18,0.19,22.77,17.02,27.93,nasa,0.73
2024-11-19,0.53,24.39,17.68,29.52,nasa,0.71
2024-11-20,0.59,24.33,18.66,29.9,nasa,0.7
2024-11-21,1.1,24.88,19.63,31.06,nasa,0.69
2024-11-22,2.14,22.18,18.25,27.4,nasa,0.68
2024-11-23,0.79,22.35,17.25,29.06,nasa,0.68
2024-11-24,0.07,20.69,16.49,25.94,nasa,0.67
2024-11-25,0.01,21.44,15.47,27.77,nasa,0.66
2024-11-26,0.02,22.35,15.33,28.86,nasa,0.66
2024-11-27,0.0,24.29,16.17,31.02,nasa,0.65
2024-11-28,1.27,26.2,19.73,32.76,nasa,0.65
2024-11-29,2.16,23.56,21.15,26.47,nasa,0.65
2024-11-30,1.07,25.08,19.99,30.63,nasa,0.65
2024-12-01,0.34,25.46,20.27,31.43,nasa,0.65
2024-12-02,5.72,24.66,21.57,28.78,nasa,0.65
2024-12-03,20.36,23.6,21.19,27.14,nasa,0.67
2024-12-04,8.91,23.35,19.36,27.26,nasa,0.69
2024-12-05,6.46,22.06,18.11,26.97,nasa,0.7
2024-12-06,0.09,24.12,19.41,29.23,nasa,0.69
2024-12-07,0.41,24.33,18.79,29.07,nasa,0.68
2024-12-08,0.11,24.91,18.86,31.93,nasa,0.67
2024-12-09,3.52,24.26,19.74,29.39,nasa,0.67
2024-12-10,7.21,23.42,20.54,26.46,nasa,0.68
2024-12-11,0.36,23.37,17.27,29.64,nasa,0.67
2024-12-12,0.28,22.86,16.91,28.7,nasa,0.66
2024-12-13,0.1,23.04,18.05,28.35,nasa,0.66
2024-12-14,8.5,22.52,20.08,25.38,nasa,0.66
2024-12-15,5.36,22.74,19.11,27.22,nasa,0.67
2024-12-16,3.18,23.51,19.63,28.51,nasa,0.67
2024-12-17,1.23,23.21,17.05,29.76,nasa,0.67
2024-12-18,0.51,23.24,16.2,29.95,nasa,0.66
2024-12-19,0.69,24.94,18.06,31.37,nasa,0.65
2024-12-20,14.83,24.19,20.45,28.18,nasa,0.65
2024-12-21,4.78,22.93,20.39,26.19,nasa,0.68
2024-12-22,11.62,23.64,20.46,28.3,nasa,0.69
2024-12-23,1.28,23.98,20.45,29.39,nasa,0.68
2024-12-24,0.61,23.68,19.13,29.52,nasa,0.68
2024-12-25,3.61,24.02,18.29,30.0,nasa,0.67
2024-12-26,23.26,22.34,20.48,25.11,nasa,0.68
2024-12-27,7.3,23.13,20.57,26.36,nasa,0.71
2024-12-28,8.5,24.19,20.4,28.43,nasa,0.7
2024-12-29,12.5,23.14,20.25,27.46,nasa,0.71
2024-12-30,1.97,23.4,18.77,28.34,nasa,0.71
2024-12-31,3.37,23.44,18.31,28.56,nasa,0.69
2025-01-01,2.38,23.53,20.32,27.28,nasa,0.69
2025-01-02,1.52,23.86,18.69,28.88,nasa,0.68
2025-01-03,2.27,24.27,19.16,30.13,nasa,0.67
2025-01-04,3.38,21.88,17.63,25.94,nasa,0.67
2025-01-05,2.24,23.4,17.21,29.73,nasa,0.67
2025-01-06,0.56,24.13,18.03,30.87,nasa,0.66
2025-01-07,1.7,23.59,18.91,29.48,nasa,0.66
2025-01-08,2.11,24.15,18.54,30.34,nasa,0.66
2025-01-09,6.34,24.07,19.13,30.28,nasa,0.65
2025-01-10,0.51,22.93,17.27,29.32,nasa,0.65
2025-01-11,0.29,24.0,17.42,31.61,nasa,0.65
2025-01-12,4.06,23.85,18.32,30.72,nasa,0.64
2025-01-13,1.66,23.21,17.14,30.0,nasa,0.65
2025-01-14,5.81,22.04,18.06,26.72,nasa,0.64
2025-01-15,0.75,21.65,18.14,25.74,nasa,0.65
2025-01-16,5.1,22.07,19.76,25.73,nasa,0.65
2025-01-17,3.62,23.63,19.8,28.1,nasa,0.66
2025-01-18,0.11,25.37,19.47,31.61,nasa,0.66
2025-01-19,2.45,25.75,20.97,31.01,nasa,0.65
2025-01-20,2.13,25.58,20.9,31.24,nasa,0.65
2025-01-21,0.19,26.66,20.95,33.01,nasa,0.64
2025-01-22,1.37,26.1,21.08,30.49,nasa,0.64
2025-01-23,1.19,25.4,20.94,30.48,nasa,0.64
2025-01-24,0.51,24.99,20.62,30.05,nasa,0.64
2025-01-25,1.75,25.04,19.31,30.4,nasa,0.63
2025-01-26,3.08,24.26,21.13,27.95,nasa,0.64
2025-01-27,3.7,24.36,20.75,29.16,nasa,0.64
2025-01-28,3.25,24.83,20.45,30.63,nasa,0.64
2025-01-29,5.29,24.26,20.33,29.91,nasa,0.64
2025-01-30,12.4,22.89,20.96,26.56,nasa,0.66
2025-01-31,9.27,21.91,20.02,24.56,nasa,0.67
2025-02-01,12.29,22.55,20.08,26.65,nasa,0.68
2025-02-02,10.72,22.37,19.48,25.57,nasa,0.69
2025-02-03,2.51,23.21,19.55,27.13,nasa,0.69
2025-02-04,0.92,24.04,18.79,29.28,nasa,0.68
2025-02-05,2.3,23.84,19.51,28.47,nasa,0.67
2025-02-06,0.04,24.97,20.27,30.64,nasa,0.66
2025-02-07,1.09,25.29,19.4,31.75,nasa,0.65
2025-02-08,0.22,23.93,17.6,31.03,nasa,0.65
2025-02-09,0.64,23.75,17.7,30.5,nasa,0.64
2025-02-10,0.95,23.69,18.99,29.66,nasa,0.64
2025-02-11,0.14,23.8,18.76,28.41,nasa,0.64
2025-02-12,0.01,25.12,19.66,31.23,nasa,0.63
2025-02-13,0.01,24.7,19.21,30.29,nasa,0.63
2025-02-14,0.98,24.72,20.74,29.08,nasa,0.63
2025-02-15,0.54,26.0,19.58,32.08,nasa,0.63
2025-02-16,0.0,26.25,19.23,33.47,nasa,0.62
2025-02-17,0.0,26.94,20.87,34.66,nasa,0.62
2025-02-18,0.05,27.67,20.4,35.24,nasa,0.61
2025-02-19,0.05,27.37,20.26,34.68,nasa,0.61
2025-02-20,0.08,27.49,20.0,34.94,nasa,0.61
2025-02-21,0.95,27.28,22.03,34.59,nasa,0.61
2025-02-22,0.19,25.54,19.89,32.39,nasa,0.61
2025-02-23,1.06,24.81,18.3,31.81,nasa,0.6
2025-02-24,0.23,25.31,17.61,32.93,nasa,0.6
2025-02-25,0.0,25.74,18.84,32.93,nasa,0.6
2025-02-26,0.0,26.36,18.06,33.99,nasa,0.6
2025-02-27,0.96,26.4,18.92,33.37,nasa,0.6
2025-02-28,0.32,26.02,18.75,33.77,nasa,0.6
2025-03-01,0.16,25.74,18.8,34.38,nasa,0.6
2025-03-02,0.08,25.74,18.8,34.11,nasa,0.6
2025-03-03,0.11,26.46,19.81,33.78,nasa,0.6
2025-03-04,0.05,26.2,18.75,33.93,nasa,0.59
2025-03-05,0.01,25.31,20.23,31.9,nasa,0.59
2025-03-06,0.02,25.04,16.46,34.09,nasa,0.59
2025-03-07,0.01,25.89,18.24,34.26,nasa,0.59
2025-03-08,0.45,26.23,19.12,33.75,nasa,0.59
2025-03-09,2.24,27.0,20.54,33.71,nasa,0.59
2025-03-10,0.44,27.65,20.68,34.96,nasa,0.59
2025-03-11,1.05,26.33,19.62,33.72,nasa,0.59
2025-03-12,1.97,26.79,19.98,34.37,nasa,0.59
2025-03-13,2.58,26.52,19.81,33.82,nasa,0.6
2025-03-14,1.2,26.35,19.57,33.82,nasa,0.6
2025-03-15,1.19,26.74,20.71,34.23,nasa,0.6
2025-03-16,10.49,25.9,20.88,32.72,nasa,0.6
2025-03-17,20.94,24.13,20.22,29.5,nasa,0.64
2025-03-18,2.73,24.44,20.02,29.35,nasa,0.65
2025-03-19,4.19,23.49,20.0,27.53,nasa,0.64
2025-03-20,0.12,23.32,18.19,29.68,nasa,0.64
2025-03-21,0.12,23.64,17.15,30.65,nasa,0.63
2025-03-22,0.47,24.5,18.68,30.76,nasa,0.62
2025-03-23,22.09,24.02,19.8,29.34,nasa,0.63
2025-03-24,15.99,21.76,19.98,25.23,nasa,0.67
2025-03-25,5.76,23.83,19.19,29.07,nasa,0.68
2025-03-26,1.88,23.12,18.26,29.04,nasa,0.67
2025-03-27,0.23,23.16,18.39,29.02,nasa,0.66
2025-03-28,0.46,23.31,17.46,29.92,nasa,0.65
2025-03-29,0.44,23.94,18.09,30.09,nasa,0.64
2025-03-30,1.88,24.68,19.69,30.16,nasa,0.64
2025-03-31,2.52,23.15,19.86,27.55,nasa,0.63
2025-04-01,22.91,23.97,19.41,29.3,nasa,0.65
2025-04-02,3.49,23.47,19.91,28.27,nasa,0.67
2025-04-03,6.15,24.05,20.19,29.02,nasa,0.66
2025-04-04,29.68,23.05,18.52,28.25,nasa,0.68
2025-04-05,14.55,20.95,16.14,25.11,nasa,0.72
2025-04-06,0.03,19.3,14.53,25.16,nasa,0.71
2025-04-07,0.0,19.14,14.28,25.46,nasa,0.69
2025-04-08,0.09,19.76,13.76,25.98,nasa,0.68
2025-04-09,7.12,22.11,15.88,27.66,nasa,0.67
2025-04-10,3.39,22.23,17.74,27.36,nasa,0.68
2025-04-11,0.06,21.58,16.88,27.72,nasa,0.67
2025-04-12,0.01,21.14,16.25,27.03,nasa,0.66
2025-04-13,0.12,20.99,16.45,26.84,nasa,0.66
2025-04-14,0.51,22.72,17.51,28.34,nasa,0.65
2025-04-15,3.67,22.09,16.86,27.78,nasa,0.65
2025-04-16,5.75,21.5,16.82,27.19,nasa,0.66
2025-04-17,0.16,22.98,18.53,29.01,nasa,0.65
2025-04-18,0.07,23.12,17.73,28.38,nasa,0.65
2025-04-19,4.57,22.07,18.31,26.02,nasa,0.65
2025-04-20,0.32,22.06,17.54,28.5,nasa,0.65
2025-04-21,0.51,21.53,16.83,27.41,nasa,0.65
2025-04-22,0.52,21.1,16.38,27.02,nasa,0.64
2025-04-23,0.59,20.76,16.92,26.24,nasa,0.64
2025-04-24,6.62,21.26,16.52,26.58,nasa,0.64
2025-04-25,5.91,21.24,18.98,24.44,nasa,0.66
2025-04-26,2.19,22.16,17.77,27.24,nasa,0.66
2025-04-27,0.11,22.82,18.01,28.26,nasa,0.65
2025-04-28,0.71,21.79,18.62,26.39,nasa,0.65
2025-04-29,0.18,21.29,16.51,27.36,nasa,0.65
2025-04-30,0.07,20.41,15.68,26.68,nasa,0.64
2025-05-01,0.02,19.72,14.68,26.6,nasa,0.64
2025-05-02,0.03,19.25,13.89,26.39,nasa,0.64
2025-05-03,0.0,19.29,12.75,26.32,nasa,0.63
2025-05-04,0.0,19.0,13.32,25.59,nasa,0.63
2025-05-05,0.21,18.39,14.52,24.47,nasa,0.63
2025-05-06,0.44,19.81,14.16,26.01,nasa,0.63
2025-05-07,0.57,20.39,14.13,26.83,nasa,0.63
2025-05-08,0.28,21.08,13.97,28.08,nasa,0.63
2025-05-09,0.44,20.57,13.74,28.35,nasa,0.63
2025-05-10,0.21,22.39,15.5,30.21,nasa,0.62
2025-05-11,1.82,20.91,14.75,28.16,nasa,0.62
2025-05-12,0.97,18.35,14.68,23.7,nasa,0.62
2025-05-13,0.21,19.79,14.72,25.99,nasa,0.62
2025-05-14,0.84,18.42,14.59,23.79,nasa,0.62
2025-05-15,0.52,18.11,12.84,25.58,nasa,0.62
2025-05-16,0.15,18.35,11.88,25.65,nasa,0.62
2025-05-17,0.49,18.83,11.64,26.38,nasa,0.62
2025-05-18,0.04,19.49,12.06,26.47,nasa,0.62
2025-05-19,0.05,19.7,11.75,26.95,nasa,0.62
2025-05-20,0.01,20.0,12.95,26.76,nasa,0.62
2025-05-21,1.31,20.0,13.06,27.45,nasa,0.62
2025-05-22,1.3,19.58,11.55,27.03,nasa,0.62
2025-05-23,0.9,19.12,11.94,26.92,nasa,0.62
2025-05-24,0.44,19.35,14.03,26.23,nasa,0.62
2025-05-25,0.09,19.28,13.75,25.63,nasa,0.62
2025-05-26,0.01,19.07,12.35,26.3,nasa,0.61
2025-05-27,1.25,19.33,14.18,26.08,nasa,0.62
2025-05-28,0.01,19.65,14.38,27.3,nasa,0.62
2025-05-29,0.39,17.65,13.29,23.11,nasa,0.61
2025-05-30,0.09,17.4,11.37,24.49,nasa,0.61
2025-05-31,1.56,18.63,11.64,26.15,nasa,0.61
2025-06-01,0.37,19.13,11.25,27.59,nasa,0.61
2025-06-02,0.66,18.62,12.05,26.81,nasa,0.61
2025-06-03,1.08,18.75,14.47,24.61,nasa,0.61
2025-06-04,0.18,19.94,13.61,27.58,nasa,0.61
2025-06-05,0.36,20.98,15.19,27.79,nasa,0.61
2025-06-06,1.27,19.98,15.23,27.29,nasa,0.61
2025-06-07,2.73,19.59,14.59,26.6,nasa,0.61
2025-06-08,3.75,19.34,14.12,26.48,nasa,0.62
2025-06-09,39.24,18.24,14.53,23.8,nasa,0.64
2025-06-10,11.07,16.92,11.81,22.59,nasa,0.69
2025-06-11,0.04,14.43,10.14,21.36,nasa,0.68
2025-06-12,0.02,12.83,8.15,20.32,nasa,0.66
2025-06-13,0.0,13.34,8.08,20.88,nasa,0.66
2025-06-14,0.0,13.27,7.6,21.05,nasa,0.65
2025-06-15,0.0,13.67,6.99,20.87,nasa,0.65
2025-06-16,0.0,16.83,9.34,24.66,nasa,0.64
2025-06-17,0.27,15.75,8.83,23.34,nasa,0.64
2025-06-18,0.53,16.33,9.59,23.21,nasa,0.64
2025-06-19,0.55,17.43,10.53,23.36,nasa,0.64
2025-06-20,0.32,17.42,11.01,24.64,nasa,0.64
2025-06-21,0.06,18.36,10.77,25.68,nasa,0.63
2025-06-22,0.0,18.98,11.97,26.5,nasa,0.63
2025-06-23,0.03,19.69,13.29,27.63,nasa,0.63
2025-06-24,0.27,14.86,7.49,18.58,nasa,0.63
2025-06-25,0.0,13.74,3.72,23.76,nasa,0.63
2025-06-26,0.04,16.86,10.82,25.13,nasa,0.62
2025-06-27,0.01,19.11,11.44,26.85,nasa,0.62
2025-06-28,0.0,18.68,12.74,26.92,nasa,0.62
2025-06-29,0.01,18.67,11.87,26.0,nasa,0.62
2025-06-30,0.0,20.19,13.14,26.94,nasa,0.62
2025-07-01,0.0,18.2,11.13,26.03,nasa,0.62
2025-07-02,0.0,17.72,12.02,24.59,nasa,0.62
2025-07-03,0.0,16.43,10.97,22.88,nasa,0.61
2025-07-04,0.0,16.52,11.82,22.58,nasa,0.61
2025-07-05,0.0,16.0,10.32,22.71,nasa,0.61
2025-07-06,0.0,16.9,10.5,24.23,nasa,0.61
2025-07-07,0.0,16.05,9.61,23.55,nasa,0.61
2025-07-08,0.0,16.33,8.47,23.61,nasa,0.61
2025-07-09,0.0,16.56,9.03,23.97,nasa,0.61
2025-07-10,0.0,16.18,10.21,23.59,nasa,0.61
2025-07-11,0.0,17.23,10.99,24.04,nasa,0.61
2025-07-12,0.0,16.19,10.47,21.85,nasa,0.61
2025-07-13,0.0,16.59,10.52,23.09,nasa,0.61
2025-07-14,0.0,16.88,10.05,23.19,nasa,0.61
2025-07-15,0.0,17.12,9.62,24.3,nasa,0.61
2025-07-16,0.0,16.57,8.33,24.46,nasa,0.6
2025-07-17,0.0,16.74,8.67,25.1,nasa,0.6
2025-07-18,0.0,17.66,10.23,26.29,nasa,0.6
2025-07-19,0.0,17.92,10.22,25.93,nasa,0.6
2025-07-20,0.0,17.16,9.75,25.48,nasa,0.6
2025-07-21,0.0,18.2,10.43,26.03,nasa,0.6
2025-07-22,0.0,20.2,13.43,27.81,nasa,0.6
2025-07-23,0.0,19.12,11.0,27.52,nasa,0.6
2025-07-24,0.0,18.39,11.25,26.54,nasa,0.6
2025-07-25,4.6,19.02,14.04,25.76,nasa,0.6
2025-07-26,0.26,18.73,12.1,26.48,nasa,0.6
2025-07-27,0.01,18.29,10.26,27.02,nasa,0.6
2025-07-28,1.42,19.77,12.76,27.88,nasa,0.6
2025-07-29,0.15,16.98,9.31,24.57,nasa,0.6
2025-07-30,0.0,13.28,4.62,23.3,nasa,0.6
2025-07-31,0.0,14.32,6.0,24.66,nasa,0.6
2025-08-01,0.01,15.95,7.21,25.6,nasa,0.6
2025-08-02,0.01,16.38,7.11,25.12,nasa,0.6
2025-08-03,0.26,17.29,8.72,25.36,nasa,0.6
2025-08-04,0.03,17.51,9.53,25.77,nasa,0.6
2025-08-05,0.02,16.56,12.54,22.62,nasa,0.59
2025-08-06,0.26,17.21,10.27,24.6,nasa,0.59
2025-08-07,0.14,18.73,10.13,26.32,nasa,0.59
2025-08-08,0.83,20.85,15.59,28.17,nasa,0.59
2025-08-09,0.57,16.72,11.05,22.87,nasa,0.59
2025-08-10,0.0,13.9,6.12,22.89,nasa,0.59
2025-08-11,0.0,14.68,8.35,23.01,nasa,0.59
2025-08-12,0.01,15.27,8.24,23.62,nasa,0.59
2025-08-13,0.01,17.13,7.28,26.26,nasa,0.59
2025-08-14,0.01,19.11,10.04,28.42,nasa,0.59
2025-08-15,0.3,18.04,10.33,26.92,nasa,0.59
2025-08-16,0.01,19.25,11.3,27.63,nasa,0.59
2025-08-17,0.02,19.88,11.59,28.02,nasa,0.59
2025-08-18,0.0,20.31,12.2,29.14,nasa,0.59
2025-08-19,0.03,19.57,11.84,28.17,nasa,0.59
2025-08-20,0.32,20.89,12.79,29.55,nasa,0.59
2025-08-21,0.0,22.88,15.23,30.91,nasa,0.59
2025-08-22,0.0,23.03,15.39,32.41,nasa,0.59
2025-08-23,0.01,21.32,13.63,30.3,nasa,0.59
2025-08-24,0.25,22.6,14.23,31.51,nasa,0.59
2025-08-25,0.01,22.97,14.36,31.24,nasa,0.59
2025-08-26,0.02,22.95,15.58,30.84,nasa,0.59
2025-08-27,0.69,21.92,14.67,28.94,nasa,0.59
2025-08-28,0.03,22.34,14.59,29.81,nasa,0.59
2025-08-29,1.62,19.52,15.69,24.53,nasa,0.59
2025-08-30,0.45,19.28,13.47,26.14,nasa,0.59
2025-08-31,0.08,19.92,13.14,27.5,nasa,0.59
2025-09-01,0.15,20.58,13.52,27.94,nasa,0.59
2025-09-02,0.04,20.46,14.11,27.47,nasa,0.59
2025-09-03,0.01,20.17,14.18,27.81,nasa,0.59
2025-09-04,0.0,20.38,12.33,28.21,nasa,0.59
2025-09-05,0.0,21.91,13.64,30.03,nasa,0.59
2025-09-06,0.0,22.77,13.65,31.7,nasa,0.59
2025-09-07,0.0,23.07,15.21,30.86,nasa,0.59
2025-09-08,0.0,23.86,17.64,30.98,nasa,0.59
2025-09-09,0.0,24.08,16.79,33.02,nasa,0.58
2025-09-10,0.0,23.29,14.24,32.32,nasa,0.58
2025-09-11,0.0,22.04,12.94,32.87,nasa,0.58
2025-09-12,0.0,22.47,12.69,32.58,nasa,0.58
2025-09-13,0.02,21.65,14.92,30.05,nasa,0.58
2025-09-14,0.0,21.92,14.38,30.33,nasa,0.58
2025-09-15,0.0,23.0,14.57,31.42,nasa,0.58
2025-09-16,2.57,23.44,15.92,31.67,nasa,0.58
2025-09-17,0.01,23.43,16.47,31.88,nasa,0.59
2025-09-18,0.0,22.14,13.33,31.36,nasa,0.59
2025-09-19,0.72,23.71,16.22,31.63,nasa,0.59
2025-09-20,0.65,25.2,19.17,31.96,nasa,0.59
2025-09-21,0.02,26.77,20.46,34.12,nasa,0.59
2025-09-22,9.12,26.2,20.1,31.71,nasa,0.59
2025-09-23,0.08,22.95,16.46,30.82,nasa,0.6
2025-09-24,0.18,21.79,16.21,29.48,nasa,0.6
2025-09-25,0.02,19.81,14.33,26.96,nasa,0.6
2025-09-26,0.19,18.66,12.5,26.9,nasa,0.59
2025-09-27,0.02,18.94,9.8,27.89,nasa,0.59
2025-09-28,0.0,20.93,10.76,30.48,nasa,0.59
2025-09-29,0.01,24.47,15.37,32.65,nasa,0.59
2025-09-30,0.0,25.54,16.08,34.5,nasa,0.59
2025-10-01,0.23,25.19,16.44,33.95,nasa,0.59
2025-10-02,0.39,25.05,16.55,33.48,nasa,0.59
2025-10-03,0.0,24.74,17.53,32.39,nasa,0.58
2025-10-04,0.0,23.62,18.28,29.12,nasa,0.58
2025-10-05,0.0,25.5,17.07,33.43,nasa,0.58
2025-10-06,0.0,26.53,18.37,34.45,nasa,0.58
2025-10-07,0.02,28.57,22.08,36.57,nasa,0.58
2025-10-08,4.49,24.85,19.0,33.25,nasa,0.58
2025-10-09,11.79,20.95,15.51,27.44,nasa,0.61
2025-10-10,3.05,20.73,15.69,27.18,nasa,0.61
2025-10-11,1.26,23.16,16.76,29.77,nasa,0.61
2025-10-12,5.33,24.43,17.95,31.45,nasa,0.61
2025-10-13,2.32,24.85,18.25,32.35,nasa,0.61
2025-10-14,0.92,24.84,19.26,31.33,nasa,0.61
2025-10-15,0.02,24.32,16.7,32.02,nasa,0.6
2025-10-16,0.0,25.36,16.78,32.41,nasa,0.6
2025-10-17,0.01,26.47,18.03,34.1,nasa,0.6
2025-10-18,3.71,24.67,21.1,31.16,nasa,0.59
2025-10-19,2.33,19.89,13.23,26.46,nasa,0.6
2025-10-20,0.0,18.09,11.73,26.83,nasa,0.6
2025-10-21,0.11,17.28,8.95,26.47,nasa,0.6
2025-10-22,0.17,17.86,9.74,26.69,nasa,0.59
2025-10-23,0.33,18.9,11.32,28.06,nasa,0.59
2025-10-24,0.21,19.79,10.98,28.23,nasa,0.59
2025-10-25,0.44,22.45,13.31,29.58,nasa,0.59
2025-10-26,0.14,24.98,15.96,32.46,nasa,0.59
2025-10-27,2.85,25.43,18.47,32.47,nasa,0.59
2025-10-28,2.78,24.71,18.28,30.82,nasa,0.6
2025-10-29,0.49,25.58,19.77,32.65,nasa,0.59
2025-10-30,2.49,24.47,19.71,31.49,nasa,0.59
2025-10-31,6.41,24.18,18.06,30.95,nasa,0.6
2025-11-01,3.75,24.62,18.39,30.35,nasa,0.61
2025-11-02,10.95,23.8,19.31,28.68,nasa,0.61
2025-11-03,1.5,23.42,19.69,27.89,nasa,0.62
2025-11-04,4.91,25.33,18.52,31.58,nasa,0.62
2025-11-05,1.74,25.47,20.02,32.9,nasa,0.62
2025-11-06,0.27,24.55,17.83,32.81,nasa,0.61
2025-11-07,2.59,24.17,14.45,33.31,nasa,0.61
2025-11-08,18.87,25.09,20.74,31.98,nasa,0.63
2025-11-09,5.32,22.24,15.12,30.49,nasa,0.64
2025-11-10,0.67,21.52,14.26,29.54,nasa,0.63
2025-11-11,0.0,21.47,12.52,30.28,nasa,0.62
2025-11-12,0.0,22.86,14.25,31.42,nasa,0.62
2025-11-13,0.01,24.68,15.97,32.45,nasa,0.61
2025-11-14,1.09,24.41,19.17,31.07,nasa,0.61
2025-11-15,0.76,24.62,18.76,31.72,nasa,0.6
2025-11-16,10.32,21.36,19.11,24.16,nasa,0.61
2025-11-17,4.98,21.88,18.63,26.82,nasa,0.63
2025-11-18,2.72,23.5,18.43,29.97,nasa,0.62
2025-11-19,0.01,21.89,13.06,30.32,nasa,0.62
2025-11-20,0.0,22.26,13.85,30.84,nasa,0.61
2025-11-21,0.0,22.94,13.01,31.72,nasa,0.61
2025-11-22,2.7,25.5,19.06,31.35,nasa,0.61
2025-11-23,4.52,22.14,17.21,28.26,nasa,0.61
2025-11-24,4.63,21.95,17.14,27.89,nasa,0.62
2025-11-25,0.22,22.74,16.51,30.89,nasa,0.61
2025-11-26,0.0,21.98,12.62,31.21,nasa,0.61
2025-11-27,0.0,23.18,13.27,31.78,nasa,0.6
2025-11-28,0.64,25.05,18.4,33.51,nasa,0.6
2025-11-29,0.06,25.68,16.08,34.78,nasa,0.6
2025-11-30,0.0,26.25,16.3,35.04,nasa,0.59
2025-12-01,0.18,26.68,17.01,35.16,nasa,0.59
2025-12-02,0.74,26.68,20.6,33.11,nasa,0.59
2025-12-03,7.29,25.02,19.73,31.07,nasa,0.59
2025-12-04,1.46,24.13,19.28,30.91,nasa,0.6
2025-12-05,0.05,24.99,16.84,32.73,nasa,0.6
2025-12-06,0.09,26.26,17.96,33.75,nasa,0.6
2025-12-07,0.0,26.17,19.38,32.86,nasa,0.59
2025-12-08,2.08,24.84,20.47,30.31,nasa,0.59
2025-12-09,14.38,21.64,19.62,24.26,nasa,0.6
2025-12-10,11.65,22.95,19.62,28.69,nasa,0.64
2025-12-11,0.79,24.33,18.8,31.16,nasa,0.63
2025-12-12,0.23,25.38,18.01,33.45,nasa,0.62
2025-12-13,22.07,23.88,21.17,27.4,nasa,0.65
2025-12-14,4.75,24.03,20.16,29.58,nasa,0.66
2025-12-15,5.43,24.16,19.45,29.63,nasa,0.65
2025-12-16,3.41,25.46,19.91,32.35,nasa,0.64
2025-12-17,5.9,21.62,17.35,25.22,nasa,0.65
2025-12-18,2.61,22.13,16.5,28.81,nasa,0.64
2025-12-19,8.22,23.31,19.16,28.99,nasa,0.64
2025-12-20,2.7,23.39,19.38,29.17,nasa,0.65
2025-12-21,0.03,24.58,19.27,31.18,nasa,0.64
2025-12-22,0.02,24.07,17.06,31.24,nasa,0.63
2025-12-23,0.0,25.11,17.75,32.54,nasa,0.62
2025-12-24,0.0,27.61,19.99,34.58,nasa,0.62
2025-12-25,4.76,28.45,20.39,36.25,nasa,0.61
2025-12-26,1.42,28.17,20.08,36.51,nasa,0.62
2025-12-27,1.19,27.56,21.48,35.04,nasa,0.61
2025-12-28,2.64,28.94,21.24,36.87,nasa,0.61
2025-12-29,1.01,28.79,22.13,36.31,nasa,0.61
2025-12-30,17.98,27.46,22.34,32.44,nasa,0.62
2025-12-31,2.65,26.65,21.04,32.86,nasa,0.63
2026-01-01,7.07,26.03,20.68,32.81,nasa,0.63
2026-01-02,3.4,24.1,21.3,27.78,nasa,0.64
2026-01-03,6.78,23.58,20.37,27.94,nasa,0.64
2026-01-04,1.73,25.22,19.5,32.16,nasa,0.64
2026-01-05,3.25,23.24,18.35,30.17,nasa,0.63
2026-01-06,0.53,21.9,15.88,28.72,nasa,0.63
2026-01-07,1.27,21.61,17.61,26.93,nasa,0.63
2026-01-08,0.04,24.29,18.12,31.64,nasa,0.62
2026-01-09,0.04,24.7,19.24,30.1,nasa,0.62
2026-01-10,0.02,25.99,18.22,34.04,nasa,0.61
2026-01-11,0.0,25.62,17.12,34.0,nasa,0.61
2026-01-12,0.01,26.79,18.04,34.65,nasa,0.6
2026-01-13,6.01,25.36,20.45,30.8,nasa,0.61
2026-01-14,1.93,25.16,19.67,31.86,nasa,0.61
2026-01-15,9.64,22.59,19.88,25.84,nasa,0.62
2026-01-16,2.17,24.72,17.75,31.64,nasa,0.62
2026-01-17,5.48,23.78,18.97,29.75,nasa,0.62
2026-01-18,10.46,22.6,19.7,26.3,nasa,0.64
2026-01-19,5.35,23.33,19.45,27.72,nasa,0.64
2026-01-20,0.49,21.37,17.55,26.77,nasa,0.64
2026-01-21,0.87,21.51,16.26,28.3,nasa,0.64
2026-01-22,12.15,19.64,15.88,24.08,nasa,0.64
2026-01-23,17.12,20.94,16.9,26.88,nasa,0.66
2026-01-24,13.57,21.3,17.99,25.3,nasa,0.69
2026-01-25,9.52,22.05,18.92,26.48,nasa,0.68
2026-01-26,3.39,23.07,19.27,27.61,nasa,0.69
2026-01-27,15.75,22.07,18.14,25.59,nasa,0.68
2026-01-28,6.88,22.82,18.18,27.64,nasa,0.69
2026-01-29,10.83,23.12,19.56,27.88,nasa,0.69
2026-01-30,7.75,21.5,19.43,24.0,nasa,0.7
2026-01-31,0.74,23.26,18.94,28.28,nasa,0.69
2026-02-01,6.91,23.75,18.31,28.97,nasa,0.68
2026-02-02,10.34,22.95,19.89,26.48,nasa,0.68
2026-02-03,5.89,23.03,19.17,27.24,nasa,0.69
2026-02-04,1.7,23.23,20.05,27.61,nasa,0.68
2026-02-05,0.93,24.05,19.27,28.91,nasa,0.68
2026-02-06,2.07,24.36,19.85,29.26,nasa,0.67
2026-02-07,11.65,23.92,20.17,28.55,nasa,0.67
2026-02-08,7.54,22.3,20.17,24.73,nasa,0.68
2026-02-09,13.24,20.74,18.57,23.16,nasa,0.69
2026-02-10,10.08,20.82,18.69,23.17,nasa,0.71
2026-02-11,3.66,22.34,18.7,26.38,nasa,0.71
2026-02-12,0.59,23.04,18.83,27.56,nasa,0.7
2026-02-13,0.3,23.41,18.45,28.68,nasa,0.69
2026-02-14,0.01,24.04,17.51,30.19,nasa,0.68
2026-02-15,0.01,24.06,18.02,30.21,nasa,0.67
2026-02-16,0.02,24.69,18.91,31.09,nasa,0.66
2026-02-17,1.18,24.96,18.39,31.16,nasa,0.65
2026-02-18,2.14,25.17,19.75,31.19,nasa,0.65
2026-02-19,1.8,24.66,19.59,30.12,nasa,0.65
2026-02-20,6.21,24.78,19.19,30.61,nasa,0.65
2026-02-21,1.65,24.56,20.26,30.33,nasa,0.65
2026-02-22,1.86,24.0,20.7,28.35,nasa,0.65
2026-02-23,12.44,23.3,19.82,28.22,nasa,0.66
2026-02-24,9.02,23.43,21.02,27.68,nasa,0.68
2026-02-25,3.61,23.93,19.86,28.97,nasa,0.67
2026-02-26,4.87,24.24,20.31,29.69,nasa,0.67
2026-02-27,1.27,23.5,18.33,30.2,nasa,0.67
2026-02-28,0.13,22.38,16.41,29.7,nasa,0.66
2026-03-01,0.01,21.59,15.22,29.07,nasa,0.65
2026-03-02,0.01,22.23,14.9,29.49,nasa,0.65
2026-03-03,0.87,23.24,16.8,29.88,nasa,0.64
2026-03-04,1.1,23.7,18.04,29.79,nasa,0.64
2026-03-05,1.02,23.94,19.63,29.53,nasa,0.64
2026-03-06,1.76,24.64,18.99,30.76,nasa,0.63
2026-03-07,6.7,23.69,19.67,29.33,nasa,0.64
2026-03-08,1.23,24.43,18.36,31.48,nasa,0.64
2026-03-09,11.82,23.03,19.26,27.12,nasa,0.65
2026-03-10,2.26,21.84,18.87,26.1,nasa,0.66
2026-03-11,5.74,21.45,19.27,24.36,nasa,0.67
2026-03-12,8.67,21.16,18.92,24.74,nasa,0.67
2026-03-13,8.48,21.67,18.47,26.09,nasa,0.68
2026-03-14,1.54,22.97,18.9,27.35,nasa,0.68
2026-03-15,0.48,23.68,17.02,29.85,nasa,0.67
2026-03-16,0.04,24.07,17.61,30.1,nasa,0.66
2026-03-17,0.05,23.6,17.72,29.79,nasa,0.65
2026-03-18,10.41,23.91,20.58,28.88,nasa,0.65
2026-03-19,13.62,22.47,19.94,26.55,nasa,0.67
2026-03-20,3.56,23.16,18.65,28.87,nasa,0.68
2026-03-21,0.21,22.66,16.85,29.19,nasa,0.67
2026-03-22,0.01,22.76,16.33,30.65,nasa,0.66
2026-03-23,0.0,22.02,15.72,29.08,nasa,0.65
2026-03-24,0.8,21.54,15.44,27.85,nasa,0.65
2026-03-25,0.46,22.04,16.42,27.52,nasa,0.65
2026-03-26,0.35,22.82,17.68,28.32,nasa,0.64
2026-03-27,0.0,23.01,16.18,30.12,nasa,0.64
2026-03-28,0.01,22.73,16.22,30.31,nasa,0.63
2026-03-29,0.1,23.37,16.74,30.39,nasa,0.63
2026-03-30,0.27,23.62,16.38,30.55,nasa,0.63
2026-03-31,19.5,21.44,17.89,25.86,nasa,0.64
2026-04-01,1.52,21.78,18.23,26.72,nasa,0.66
2026-04-02,1.14,22.58,17.67,27.88,nasa,0.66
2026-04-03,3.42,22.2,18.73,27.01,nasa,0.65
2026-04-04,4.13,23.4,18.64,28.95,nasa,0.66
2026-04-05,1.01,23.38,18.47,28.7,nasa,0.65
2026-04-06,4.32,22.23,19.38,25.93,nasa,0.65
2026-04-07,1.18,22.28,18.94,26.79,nasa,0.66
2026-04-08,8.59,22.67,19.25,27.6,nasa,0.66
2026-04-09,1.19,22.89,17.8,29.4,nasa,0.66
2026-04-10,0.79,22.52,18.29,28.49,nasa,0.66
2026-04-11,2.57,20.29,16.18,25.74,nasa,0.65
2026-04-12,0.2,20.67,15.55,27.13,nasa,0.65
2026-04-13,0.0,21.39,15.69,27.07,nasa,0.65
2026-04-14,0.01,21.47,15.16,27.74,nasa,0.64
2026-04-15,0.01,21.06,14.78,28.24,nasa,0.64
2026-04-16,0.09,20.13,13.23,27.85,nasa,0.63
2026-04-17,0.0,21.81,15.66,29.12,nasa,0.63
2026-04-18,0.0,22.78,17.2,30.31,nasa,0.63
2026-04-19,0.02,22.86,16.4,30.81,nasa,0.62
2026-04-20,0.92,20.83,14.14,29.88,nasa,0.62
2026-04-21,0.0,20.91,13.45,29.12,nasa,0.62
2026-04-22,0.03,21.72,14.13,29.18,nasa,0.62
2026-04-23,0.01,21.12,15.42,28.24,nasa,0.62
2026-04-24,0.0,20.86,14.83,27.93,nasa,0.62
2026-04-25,0.0,22.23,16.05,29.08,nasa,0.61
2026-04-26,0.0,22.9,16.52,30.32,nasa,0.61
2026-04-27,0.01,23.64,17.66,31.33,nasa,0.61
2026-04-28,0.22,24.49,17.42,31.7,nasa,0.61
2026-04-29,0.68,23.53,18.03,29.98,nasa,0.61
2026-04-30,0.03,23.7,16.32,31.02,nasa,0.61
2026-05-01,0.05,22.96,17.69,30.02,nasa,0.61
2026-05-02,0.0,21.87,14.95,30.09,nasa,0.61
2026-05-03,0.0,21.84,16.03,29.47,nasa,0.6
2026-05-04,0.01,20.45,14.07,28.07,nasa,0.6
2026-05-05,0.01,22.5,14.96,30.09,nasa,0.6
2026-05-06,0.02,21.97,14.66,30.57,nasa,0.6
2026-05-07,0.0,21.32,14.72,29.32,nasa,0.6
2026-05-08,0.0,21.57,16.67,29.07,nasa,0.6
2026-05-09,0.01,21.23,15.42,29.38,nasa,0.6
2026-05-10,0.24,21.6,14.98,28.95,nasa,0.6
2026-05-11,0.75,18.94,13.05,26.69,nasa,0.6
2026-05-12,0.1,18.81,10.8,27.19,nasa,0.6
2026-05-13,0.09,20.07,13.14,29.1,nasa,0.6
2026-05-14,0.08,20.33,14.38,26.51,nasa,0.6
2026-05-15,0.38,21.01,15.84,28.42,nasa,0.6
2026-05-16,0.07,21.6,15.51,27.6,nasa,0.6
2026-05-17,0.61,22.0,15.85,29.96,nasa,0.6
2026-05-18,0.29,21.38,17.12,27.84,nasa,0.6
2026-05-19,1.67,20.69,16.58,26.48,nasa,0.6
2026-05-20,14.81,19.28,15.98,23.75,nasa,0.61
2026-05-21,1.05,19.19,14.65,25.72,nasa,0.63
2026-05-22,0.03,18.34,13.91,23.57,nasa,0.63
2026-05-23,0.01,19.54,14.57,26.37,nasa,0.62
2026-05-24,0.02,19.62,14.58,25.84,nasa,0.62
2026-05-25,0.01,20.3,15.46,27.26,nasa,0.62
2026-05-26,0.02,20.28,14.97,27.32,nasa,0.62
2026-05-27,0.01,21.67,16.55,28.75,nasa,0.61
2026-05-28,0.0,19.93,14.35,27.22,nasa,0.61
2026-05-29,0.04,18.65,11.84,26.49,nasa,0.61
2026-05-30,0.24,19.63,14.81,25.52,nasa,0.61
2026-05-31,0.09,19.66,13.04,27.1,nasa,0.61
2026-06-01,0.17,18.88,11.26,26.67,nasa,0.6
2026-06-02,0.51,18.16,12.73,25.81,nasa,0.6
2026-06-03,0.03,18.3,13.09,24.98,nasa,0.6
2026-06-04,0.01,17.7,12.8,25.41,nasa,0.6
2026-06-05,0.01,16.41,11.41,23.73,nasa,0.6
2026-06-06,0.02,15.2,8.94,23.53,nasa,0.6
2026-06-07,0.02,16.4,9.19,24.59,nasa,0.6
2026-06-08,0.0,17.24,9.87,25.21,nasa,0.6
2026-06-09,0.01,17.95,11.46,25.88,nasa,0.6
2026-06-10,0.01,18.87,12.17,27.09,nasa,0.6
2026-06-11,10.04,17.77,14.58,22.94,nasa,0.6
2026-06-12,2.88,17.33,12.74,22.88,nasa,0.62
2026-06-13,2.67,19.59,15.86,25.99,nasa,0.62
2026-06-14,0.06,19.8,15.78,26.36,nasa,0.62
2026-06-15,4.55,18.75,14.87,24.28,nasa,0.62
2026-06-16,0.07,17.88,12.68,25.51,nasa,0.62
2026-06-17,0.04,15.94,10.41,24.37,nasa,0.62
2026-06-18,0.05,15.07,8.75,23.89,nasa,0.62
2026-06-19,0.02,15.51,8.35,23.95,nasa,0.61
2026-06-20,0.01,17.85,10.64,25.91,nasa,0.61
2026-06-21,0.02,19.31,13.94,25.8,nasa,0.61
2026-06-22,0.01,18.15,10.97,26.17,nasa,0.61
2026-06-23,0.02,19.56,12.28,27.15,nasa,0.61
2026-06-24,14.34,17.68,13.0,23.44,nasa,0.62
2026-06-25,10.62,16.9,12.77,22.46,nasa,0.64
2026-06-26,3.15,17.77,14.29,23.13,nasa,0.65
2026-06-27,0.01,18.72,12.32,25.54,nasa,0.64
2026-06-28,0.01,18.51,12.44,25.62,nasa,0.64
2026-06-29,0.01,18.96,11.7,25.84,nasa,0.63
2026-06-30,0.15,18.74,11.51,25.76,nasa,0.63
2026-07-01,0.01,19.84,12.15,26.88,nasa,0.62
2026-07-02,0.04,19.72,12.99,26.59,nasa,0.62
2026-07-03,0.21,19.72,13.57,27.15,nasa,0.62
2026-07-04,0.33,19.19,11.26,26.78,nasa,0.62
2026-07-05,0.23,19.32,13.81,25.78,nasa,0.62
2026-07-06,0.58,18.09,12.55,25.69,nasa,0.61
2026-07-07,0.01,17.56,11.0,25.12,nasa,0.61
2026-07-08,0.03,17.47,12.18,24.65,nasa,0.61
2026-07-09,0.13,17.74,9.91,25.72,nasa,0.61
2026-07-10,0.03,19.23,13.1,27.22,nasa,0.61
2026-07-11,0.02,19.06,12.27,27.92,nasa,0.61
2026-07-12,0.23,19.33,13.31,27.38,nasa,0.6
2026-07-13,0.81,16.93,10.18,24.65,nasa,0.6
2026-07-14,0.02,13.99,6.98,23.26,nasa,0.6
2026-07-15,0.38,15.3,8.89,23.87,nasa,0.6
2026-07-16,0.0,15.3,6.71,24.25,nasa,0.6
2026-07-17,0.02,14.87,7.24,23.77,nasa,0.6
2026-07-18,0.03,15.66,8.22,24.0,nasa,0.6
2026-07-19,0.05,17.46,10.02,25.82,nasa,0.6
2026-07-20,0.09,17.48,10.04,25.37,nasa,0.6
2026-07-21,0.07,18.34,11.03,26.04,nasa,0.6
2026-07-22,0.51,19.51,12.56,27.01,nasa,0.6
2026-07-23,0.03,20.41,14.45,28.38,nasa,0.6
2026-07-24,13.04,18.27,13.02,27.05,nasa,0.6
2026-07-25,1.03,18.38,13.63,26.08,nasa,0.62
2026-07-26,0.12,18.69,12.85,26.3,nasa,0.62
2026-07-27,0.08,19.24,10.93,27.32,nasa,0.61
2026-07-28,0.12,20.26,11.64,28.04,nasa,0.61
2026-07-29,0.01,20.64,13.36,29.44,nasa,0.61
2026-07-30,0.02,20.43,13.65,29.21,nasa,0.61
2026-07-31,0.14,18.63,12.92,27.68,nasa,0.6
2026-08-01,0.01,18.44,11.46,26.11,nasa,0.6
2026-08-02,0.01,18.32,9.9,26.76,nasa,0.6
2026-08-03,0.03,18.59,10.8,26.74,nasa,0.6
2026-08-04,0.01,19.7,11.81,27.01,nasa,0.6
2026-08-05,0.11,20.72,13.8,27.84,nasa,0.59
2026-08-06,0.04,21.64,14.47,29.45,nasa,0.59
2026-08-07,1.32,22.39,16.87,30.21,nasa,0.59
2026-08-08,0.01,23.71,16.65,31.74,nasa,0.59
2026-08-09,0.0,24.37,17.05,33.01,nasa,0.59
2026-08-10,0.02,23.05,15.64,32.51,nasa,0.59
2026-08-11,0.02,21.42,15.05,29.05,nasa,0.59
2026-08-12,0.0,21.07,14.33,28.41,nasa,0.59
2026-08-13,0.0,23.82,16.11,32.43,nasa,0.59
2026-08-14,0.0,24.88,17.79,31.55,nasa,0.59
2026-08-15,0.12,23.05,15.67,31.13,nasa,0.59
2026-08-16,0.1,22.62,16.63,30.58,nasa,0.59
2026-08-17,0.01,22.38,15.46,31.06,nasa,0.59
2026-08-18,0.0,22.48,14.27,31.39,nasa,0.59
2026-08-19,0.01,23.25,14.9,32.14,nasa,0.59
2026-08-20,0.01,23.09,14.7,32.44,nasa,0.59
2026-08-21,0.01,22.33,15.4,29.18,nasa,0.59
2026-08-22,0.0,20.39,12.95,29.92,nasa,0.59
2026-08-23,0.0,19.98,11.44,29.84,nasa,0.59
2026-08-24,0.08,21.24,13.01,30.2,nasa,0.59
2026-08-25,0.23,22.24,14.87,30.81,nasa,0.59
2026-08-26,0.12,21.8,17.88,28.81,nasa,0.59
2026-08-27,6.93,21.27,16.91,27.7,nasa,0.6
2026-08-28,0.09,23.03,15.6,31.42,nasa,0.6
2026-08-29,0.01,26.12,18.76,33.95,nasa,0.59
2026-08-30,3.48,27.41,20.58,35.64,nasa,0.59
2026-08-31,5.16,25.59,19.08,33.01,nasa,0.6
2026-09-01,10.97,24.32,19.17,33.14,nasa,0.37
2026-09-02,1.55,21.36,16.21,27.93,nasa,0.39
2026-09-03,0.02,20.82,13.93,28.8,nasa,0.38
2026-09-04,0.0,23.49,15.11,31.73,nasa,0.38
2026-09-05,0.85,24.81,17.39,33.04,nasa,0.38
2026-09-06,22.81,18.94,14.38,22.11,nasa,0.39
2026-09-07,0.58,16.98,12.78,21.8,nasa,0.41
2026-09-08,1.36,19.21,13.59,25.85,nasa,0.4
2026-09-09,4.56,20.4,16.6,26.87,nasa,0.4
2026-09-10,10.39,22.47,17.8,28.15,nasa,0.41
2026-09-11,1.22,23.94,17.76,30.58,nasa,0.41
2026-09-12,2.69,23.46,18.56,29.14,nasa,0.41
2026-09-13,2.51,22.45,16.87,29.78,nasa,0.4
2026-09-14,9.35,18.41,16.55,22.14,nasa,0.41
2026-09-15,7.57,20.54,15.66,27.9,nasa,0.42
2026-09-16,0.57,21.21,14.59,28.8,nasa,0.42
2026-09-17,0.13,20.05,14.21,26.52,nasa,0.41
2026-09-18,0.19,21.01,14.65,28.41,nasa,0.41
2026-09-19,0.11,21.8,16.14,29.22,nasa,0.4
2026-09-20,1.95,22.72,16.1,28.96,nasa,0.4
2026-09-21,2.13,23.79,17.83,30.91,nasa,0.4
2026-09-22,,,,,missing,
2026-09-23,,,,,missing,
