date,rain_mm,tmean_c,tmin_c,tmax_c,status,gwetroot_fraction
1981-01-01,5.83,20.38,17.8,24.28,nasa,0.79
1981-01-02,0.74,19.67,17.53,22.73,nasa,0.78
1981-01-03,0.44,20.74,16.78,25.56,nasa,0.76
1981-01-04,1.18,22.93,16.85,28.89,nasa,0.75
1981-01-05,0.3,22.88,17.47,28.96,nasa,0.74
1981-01-06,0.3,22.42,16.85,28.47,nasa,0.73
1981-01-07,1.32,23.21,18.53,28.42,nasa,0.72
1981-01-08,14.74,22.26,18.73,26.46,nasa,0.73
1981-01-09,12.16,20.42,18.38,23.16,nasa,0.74
1981-01-10,5.6,21.38,17.83,26.02,nasa,0.76
1981-01-11,5.02,21.38,16.73,26.31,nasa,0.75
1981-01-12,8.55,20.5,18.76,23.08,nasa,0.76
1981-01-13,8.15,21.15,18.8,24.88,nasa,0.76
1981-01-14,1.99,20.72,18.08,24.39,nasa,0.76
1981-01-15,2.01,21.04,17.98,24.84,nasa,0.75
1981-01-16,1.25,22.49,18.03,27.65,nasa,0.75
1981-01-17,0.49,22.74,18.33,28.04,nasa,0.74
1981-01-18,0.04,21.54,16.78,27.41,nasa,0.73
1981-01-19,0.1,21.54,16.18,27.4,nasa,0.72
1981-01-20,1.23,21.05,15.73,26.65,nasa,0.71
1981-01-21,4.91,22.67,16.18,28.5,nasa,0.71
1981-01-22,16.52,21.11,18.65,24.9,nasa,0.72
1981-01-23,5.85,20.4,18.23,23.72,nasa,0.74
1981-01-24,10.78,21.72,17.85,26.88,nasa,0.74
1981-01-25,14.93,21.05,17.58,26.49,nasa,0.76
1981-01-26,6.98,20.22,16.45,25.34,nasa,0.76
1981-01-27,5.86,19.09,16.45,22.1,nasa,0.76
1981-01-28,4.42,19.84,15.37,24.99,nasa,0.76
1981-01-29,6.78,20.75,15.51,26.45,nasa,0.76
1981-01-30,1.17,21.83,17.11,27.06,nasa,0.75
1981-01-31,4.18,21.53,17.83,25.86,nasa,0.75
1981-02-01,0.66,21.38,16.57,26.7,nasa,0.74
1981-02-02,0.07,22.29,16.97,28.28,nasa,0.73
1981-02-03,0.11,23.08,17.9,28.88,nasa,0.72
1981-02-04,0.11,22.91,17.52,29.15,nasa,0.71
1981-02-05,0.4,23.1,17.15,29.11,nasa,0.7
1981-02-06,3.6,22.33,17.98,28.08,nasa,0.7
1981-02-07,0.74,21.2,17.91,25.47,nasa,0.7
1981-02-08,0.16,21.85,17.83,27.12,nasa,0.7
1981-02-09,8.49,21.47,18.7,25.01,nasa,0.7
1981-02-10,18.66,20.82,17.64,24.14,nasa,0.72
1981-02-11,4.37,21.5,17.38,26.48,nasa,0.74
1981-02-12,1.92,21.37,17.15,26.81,nasa,0.73
1981-02-13,0.47,21.46,17.08,27.14,nasa,0.72
1981-02-14,0.15,21.14,16.12,27.03,nasa,0.71
1981-02-15,2.98,20.5,14.84,26.73,nasa,0.71
1981-02-16,1.16,21.3,17.31,26.82,nasa,0.7
1981-02-17,1.42,20.26,15.97,26.09,nasa,0.7
1981-02-18,4.03,20.55,16.6,26.42,nasa,0.69
1981-02-19,1.45,20.73,16.85,26.21,nasa,0.69
1981-02-20,4.89,20.57,16.88,26.1,nasa,0.69
1981-02-21,2.81,20.44,16.06,26.44,nasa,0.69
1981-02-22,4.64,20.45,17.21,25.49,nasa,0.7
1981-02-23,2.82,19.73,15.95,25.12,nasa,0.7
1981-02-24,5.02,19.81,15.66,25.43,nasa,0.7
1981-02-25,3.67,20.48,15.94,26.75,nasa,0.7
1981-02-26,2.44,20.26,15.5,26.75,nasa,0.69
1981-02-27,4.29,20.52,15.27,26.51,nasa,0.69
1981-02-28,0.78,21.32,16.2,27.29,nasa,0.69
1981-03-01,2.94,21.5,16.89,27.95,nasa,0.68
1981-03-02,1.09,21.28,16.1,27.95,nasa,0.68
1981-03-03,0.31,23.12,17.01,29.87,nasa,0.67
1981-03-04,0.76,23.66,17.94,30.38,nasa,0.67
1981-03-05,6.03,21.38,19.04,25.23,nasa,0.67
1981-03-06,7.94,22.37,17.93,27.84,nasa,0.68
1981-03-07,15.54,21.51,18.38,25.55,nasa,0.69
1981-03-08,15.52,22.15,19.49,26.75,nasa,0.72
1981-03-09,21.14,22.05,18.71,26.78,nasa,0.74
1981-03-10,5.3,21.18,17.63,25.47,nasa,0.75
1981-03-11,1.38,22.33,18.09,27.55,nasa,0.74
1981-03-12,3.63,22.74,19.01,28.39,nasa,0.73
1981-03-13,0.76,22.09,17.11,28.04,nasa,0.72
1981-03-14,0.36,21.61,17.86,27.36,nasa,0.71
1981-03-15,0.49,22.63,16.19,28.96,nasa,0.7
1981-03-16,0.3,23.34,18.23,29.12,nasa,0.69
1981-03-17,1.24,23.22,19.04,27.91,nasa,0.68
1981-03-18,13.87,22.06,19.57,25.65,nasa,0.69
1981-03-19,22.51,20.59,17.57,24.7,nasa,0.72
1981-03-20,6.37,21.2,18.09,25.76,nasa,0.74
1981-03-21,11.6,21.08,19.16,23.69,nasa,0.74
1981-03-22,7.15,20.22,17.32,24.74,nasa,0.75
1981-03-23,1.06,18.64,15.6,23.73,nasa,0.74
1981-03-24,3.93,19.02,14.98,24.09,nasa,0.73
1981-03-25,2.19,20.5,16.91,25.32,nasa,0.73
1981-03-26,3.75,19.84,16.98,24.16,nasa,0.73
1981-03-27,9.66,19.63,16.06,24.29,nasa,0.74
1981-03-28,2.33,19.35,16.74,23.44,nasa,0.73
1981-03-29,4.19,18.71,16.35,21.64,nasa,0.73
1981-03-30,6.39,19.99,16.77,23.81,nasa,0.74
1981-03-31,9.12,21.72,18.54,25.33,nasa,0.74
1981-04-01,6.31,20.39,16.82,24.9,nasa,0.75
1981-04-02,1.69,19.02,14.51,24.51,nasa,0.74
1981-04-03,3.19,18.54,14.87,24.36,nasa,0.73
1981-04-04,1.18,18.88,13.82,25.19,nasa,0.73
1981-04-05,4.85,19.29,14.49,26.01,nasa,0.73
1981-04-06,1.81,19.37,14.4,25.56,nasa,0.72
1981-04-07,2.33,19.3,15.49,24.89,nasa,0.72
1981-04-08,5.22,18.97,15.15,24.2,nasa,0.72
1981-04-09,7.93,18.32,14.13,23.87,nasa,0.72
1981-04-10,0.98,17.94,14.36,23.22,nasa,0.73
1981-04-11,0.74,17.45,13.4,22.75,nasa,0.72
1981-04-12,1.34,17.49,12.9,23.25,nasa,0.71
1981-04-13,0.17,17.47,13.84,23.29,nasa,0.71
1981-04-14,0.11,18.25,13.54,24.18,nasa,0.7
1981-04-15,0.05,20.06,14.42,25.93,nasa,0.7
1981-04-16,3.4,20.28,15.56,25.72,nasa,0.7
1981-04-17,6.9,18.64,15.08,23.49,nasa,0.7
1981-04-18,3.06,15.56,11.3,19.99,nasa,0.71
1981-04-19,0.46,14.72,11.05,19.74,nasa,0.71
1981-04-20,0.12,16.19,10.78,21.96,nasa,0.7
1981-04-21,0.29,17.23,12.84,23.02,nasa,0.7
1981-04-22,0.21,17.99,13.37,23.82,nasa,0.69
1981-04-23,0.28,19.07,14.4,24.69,nasa,0.69
1981-04-24,0.09,19.48,15.05,25.59,nasa,0.68
1981-04-25,0.1,18.97,14.79,24.56,nasa,0.68
1981-04-26,0.17,18.75,14.38,24.19,nasa,0.68
1981-04-27,0.14,19.91,16.26,25.6,nasa,0.67
1981-04-28,0.71,20.57,16.16,26.55,nasa,0.67
1981-04-29,3.76,18.97,15.5,24.02,nasa,0.67
1981-04-30,6.39,19.22,15.95,24.45,nasa,0.68
1981-05-01,1.21,16.51,14.7,20.42,nasa,0.69
1981-05-02,0.38,17.31,14.45,21.77,nasa,0.69
1981-05-03,0.04,17.61,14.78,22.5,nasa,0.68
1981-05-04,0.31,18.64,13.39,24.85,nasa,0.68
1981-05-05,0.24,18.98,15.19,24.43,nasa,0.68
1981-05-06,0.7,18.11,14.18,24.12,nasa,0.67
1981-05-07,0.81,17.53,13.1,23.86,nasa,0.67
1981-05-08,1.16,17.77,14.28,23.13,nasa,0.67
1981-05-09,1.3,18.2,14.49,23.84,nasa,0.67
1981-05-10,0.47,17.68,13.31,24.21,nasa,0.67
1981-05-11,0.21,17.52,12.66,24.7,nasa,0.66
1981-05-12,0.05,17.94,12.57,25.86,nasa,0.66
1981-05-13,0.0,17.69,12.6,25.24,nasa,0.66
1981-05-14,0.0,18.4,12.3,26.1,nasa,0.65
1981-05-15,0.0,19.49,12.78,27.22,nasa,0.65
1981-05-16,0.17,18.99,14.63,25.45,nasa,0.65
1981-05-17,1.3,18.51,13.84,24.77,nasa,0.65
1981-05-18,4.26,18.21,15.08,23.9,nasa,0.65
1981-05-19,0.78,17.77,13.89,23.85,nasa,0.66
1981-05-20,0.1,17.8,13.0,24.41,nasa,0.65
1981-05-21,0.11,17.7,13.55,23.68,nasa,0.65
1981-05-22,0.84,17.28,13.05,23.38,nasa,0.65
1981-05-23,0.51,17.28,13.36,23.32,nasa,0.65
1981-05-24,0.51,16.74,13.58,21.41,nasa,0.65
1981-05-25,4.16,17.18,13.8,22.68,nasa,0.65
1981-05-26,0.43,17.54,13.49,23.99,nasa,0.65
1981-05-27,1.44,17.26,13.49,22.86,nasa,0.65
1981-05-28,3.74,17.74,13.59,23.56,nasa,0.65
1981-05-29,6.32,16.85,13.79,22.15,nasa,0.66
1981-05-30,3.17,16.06,13.13,21.18,nasa,0.67
1981-05-31,0.57,15.9,12.36,21.36,nasa,0.67
1981-06-01,0.69,16.68,12.55,22.65,nasa,0.67
1981-06-02,3.07,17.03,13.62,22.15,nasa,0.66
1981-06-03,2.78,17.56,14.58,22.65,nasa,0.67
1981-06-04,3.36,17.38,14.16,22.74,nasa,0.67
1981-06-05,1.53,16.8,13.84,22.32,nasa,0.67
1981-06-06,3.1,16.73,13.89,21.44,nasa,0.67
1981-06-07,3.48,17.23,15.25,20.48,nasa,0.67
1981-06-08,0.0,16.14,10.63,21.68,nasa,0.67
1981-06-09,0.19,14.18,9.4,21.47,nasa,0.67
1981-06-10,0.26,15.41,10.8,21.6,nasa,0.67
1981-06-11,0.01,16.14,10.73,23.18,nasa,0.66
1981-06-12,0.06,16.91,12.13,23.14,nasa,0.66
1981-06-13,0.02,16.91,12.72,22.09,nasa,0.66
1981-06-14,0.01,18.11,13.31,23.72,nasa,0.65
1981-06-15,0.15,17.97,13.96,23.36,nasa,0.65
1981-06-16,0.04,16.96,12.5,23.84,nasa,0.65
1981-06-17,2.07,17.83,13.03,24.47,nasa,0.65
1981-06-18,2.84,18.48,14.38,23.91,nasa,0.65
1981-06-19,3.82,16.53,13.53,20.8,nasa,0.66
1981-06-20,4.31,16.73,13.91,22.2,nasa,0.66
1981-06-21,1.76,16.14,12.8,21.53,nasa,0.67
1981-06-22,0.4,15.61,12.69,20.53,nasa,0.66
1981-06-23,0.32,13.97,11.98,17.36,nasa,0.66
1981-06-24,0.33,15.05,11.61,20.53,nasa,0.66
1981-06-25,0.11,14.92,11.72,20.2,nasa,0.66
1981-06-26,0.36,15.73,11.35,21.32,nasa,0.66
1981-06-27,0.18,16.28,11.73,22.58,nasa,0.65
1981-06-28,0.02,16.6,12.04,23.45,nasa,0.65
1981-06-29,0.0,16.39,10.85,24.32,nasa,0.65
1981-06-30,0.04,16.4,10.67,24.81,nasa,0.65
1981-07-01,0.0,17.13,10.96,25.19,nasa,0.64
1981-07-02,0.07,17.33,11.91,24.23,nasa,0.64
1981-07-03,0.56,14.0,9.8,19.04,nasa,0.64
1981-07-04,0.86,11.93,8.33,17.19,nasa,0.64
1981-07-05,0.97,11.0,8.13,15.73,nasa,0.64
1981-07-06,1.96,11.2,8.15,16.44,nasa,0.64
1981-07-07,1.85,11.77,7.45,16.72,nasa,0.64
1981-07-08,1.96,12.01,9.37,16.48,nasa,0.65
1981-07-09,1.61,13.05,10.51,17.14,nasa,0.65
1981-07-10,1.54,14.59,10.1,20.57,nasa,0.65
1981-07-11,0.46,16.07,11.05,22.8,nasa,0.65
1981-07-12,0.02,16.7,11.18,23.49,nasa,0.65
1981-07-13,0.0,17.35,12.12,23.89,nasa,0.64
1981-07-14,0.01,17.53,13.08,24.36,nasa,0.64
1981-07-15,0.08,16.67,11.87,24.11,nasa,0.64
1981-07-16,0.1,16.39,11.37,23.69,nasa,0.64
1981-07-17,0.03,16.71,11.86,24.36,nasa,0.64
1981-07-18,0.09,17.2,10.53,25.56,nasa,0.63
1981-07-19,0.15,16.13,12.49,21.38,nasa,0.63
1981-07-20,0.04,17.5,12.6,24.67,nasa,0.63
1981-07-21,0.03,18.07,13.99,24.49,nasa,0.63
1981-07-22,0.02,16.66,10.71,25.28,nasa,0.63
1981-07-23,0.01,16.97,11.62,24.91,nasa,0.63
1981-07-24,0.04,17.09,13.24,23.04,nasa,0.63
1981-07-25,0.0,17.96,13.19,24.73,nasa,0.63
1981-07-26,0.0,17.85,12.95,25.28,nasa,0.62
1981-07-27,0.13,16.7,12.33,23.39,nasa,0.62
1981-07-28,0.06,16.18,12.29,21.99,nasa,0.62
1981-07-29,0.12,15.91,11.34,23.42,nasa,0.62
1981-07-30,0.0,15.28,10.73,23.77,nasa,0.62
1981-07-31,0.0,15.88,10.66,23.92,nasa,0.62
1981-08-01,0.39,16.96,12.39,24.41,nasa,0.62
1981-08-02,0.56,17.24,12.25,24.88,nasa,0.62
1981-08-03,0.79,17.29,12.86,24.96,nasa,0.62
1981-08-04,0.21,17.08,12.13,25.33,nasa,0.62
1981-08-05,0.05,17.08,11.9,25.52,nasa,0.62
1981-08-06,0.06,17.06,12.08,25.16,nasa,0.62
1981-08-07,0.09,16.49,11.12,24.86,nasa,0.61
1981-08-08,0.01,16.42,10.01,25.39,nasa,0.61
1981-08-09,0.0,17.9,11.64,26.67,nasa,0.61
1981-08-10,0.09,17.25,12.28,24.04,nasa,0.61
1981-08-11,0.12,17.75,13.7,24.55,nasa,0.61
1981-08-12,0.28,18.8,13.86,26.34,nasa,0.61
1981-08-13,9.21,19.83,14.19,26.95,nasa,0.62
1981-08-14,10.01,19.45,13.94,27.39,nasa,0.63
1981-08-15,3.59,18.6,14.62,25.57,nasa,0.65
1981-08-16,0.54,18.09,13.82,25.37,nasa,0.64
1981-08-17,1.12,19.34,13.17,26.75,nasa,0.64
1981-08-18,16.85,17.89,14.79,22.04,nasa,0.65
1981-08-19,5.99,15.95,10.99,21.98,nasa,0.67
1981-08-20,0.35,14.05,10.26,20.85,nasa,0.67
1981-08-21,0.4,12.95,9.64,18.36,nasa,0.66
1981-08-22,0.06,13.35,9.19,20.04,nasa,0.65
1981-08-23,0.01,14.97,9.76,21.15,nasa,0.65
1981-08-24,0.0,16.27,12.07,21.61,nasa,0.65
1981-08-25,0.0,17.81,11.7,26.29,nasa,0.64
1981-08-26,0.21,18.68,12.38,27.32,nasa,0.64
1981-08-27,0.03,19.87,12.1,28.61,nasa,0.64
1981-08-28,0.15,19.98,12.79,29.13,nasa,0.63
1981-08-29,0.0,20.73,13.75,29.6,nasa,0.63
1981-08-30,0.01,20.77,14.16,29.45,nasa,0.63
1981-08-31,1.56,19.02,14.53,26.09,nasa,0.62
1981-09-01,1.74,16.55,13.05,22.99,nasa,0.63
1981-09-02,0.16,18.71,12.62,27.0,nasa,0.63
1981-09-03,0.0,20.67,14.51,29.03,nasa,0.62
1981-09-04,0.0,21.95,15.68,29.74,nasa,0.62
1981-09-05,0.0,19.12,12.29,26.85,nasa,0.62
1981-09-06,0.0,16.13,11.63,23.67,nasa,0.62
1981-09-07,0.07,16.85,11.6,25.49,nasa,0.62
1981-09-08,0.14,16.59,10.8,26.05,nasa,0.61
1981-09-09,0.05,17.06,10.17,26.94,nasa,0.61
1981-09-10,0.07,18.16,9.77,28.96,nasa,0.61
1981-09-11,0.14,19.33,10.61,31.0,nasa,0.61
1981-09-12,0.0,18.73,12.18,28.48,nasa,0.61
1981-09-13,0.0,20.1,11.04,31.56,nasa,0.61
1981-09-14,0.0,20.45,12.74,30.61,nasa,0.6
1981-09-15,0.0,21.09,14.07,30.86,nasa,0.6
1981-09-16,0.01,18.97,14.17,27.08,nasa,0.6
1981-09-17,0.05,19.28,14.17,26.88,nasa,0.6
1981-09-18,0.01,21.85,14.62,30.94,nasa,0.6
1981-09-19,0.0,21.96,14.8,31.77,nasa,0.6
1981-09-20,0.0,21.24,13.76,31.32,nasa,0.6
1981-09-21,0.0,22.68,14.44,33.22,nasa,0.6
1981-09-22,0.0,21.36,14.8,30.66,nasa,0.6
1981-09-23,0.01,21.02,14.92,30.37,nasa,0.6
1981-09-24,0.05,21.15,13.78,30.95,nasa,0.6
1981-09-25,0.17,21.55,15.11,30.68,nasa,0.6
1981-09-26,0.13,20.97,15.29,27.51,nasa,0.6
1981-09-27,5.95,22.01,16.15,30.24,nasa,0.6
1981-09-28,0.28,23.14,15.49,32.09,nasa,0.61
1981-09-29,1.49,24.34,17.41,33.68,nasa,0.61
1981-09-30,23.97,21.63,15.61,29.5,nasa,0.63
1981-10-01,1.93,15.48,12.91,19.19,nasa,0.65
1981-10-02,1.62,15.93,12.02,22.22,nasa,0.65
1981-10-03,0.72,18.32,12.8,24.36,nasa,0.64
1981-10-04,0.19,20.7,16.14,26.91,nasa,0.64
1981-10-05,0.32,21.66,15.7,28.93,nasa,0.63
1981-10-06,3.39,23.12,16.74,31.15,nasa,0.63
1981-10-07,2.2,23.81,18.12,31.42,nasa,0.63
1981-10-08,11.57,20.38,16.6,26.11,nasa,0.64
1981-10-09,3.11,18.15,13.34,24.91,nasa,0.65
1981-10-10,4.09,16.74,12.66,23.06,nasa,0.65
1981-10-11,9.57,18.55,13.27,25.47,nasa,0.65
1981-10-12,5.27,19.04,14.75,24.16,nasa,0.66
1981-10-13,5.57,21.45,18.17,26.41,nasa,0.67
1981-10-14,2.48,19.32,15.22,25.61,nasa,0.66
1981-10-15,1.42,19.71,14.4,26.39,nasa,0.66
1981-10-16,0.67,21.58,16.82,27.94,nasa,0.65
1981-10-17,0.24,20.19,14.77,26.48,nasa,0.65
1981-10-18,1.5,16.52,12.85,22.27,nasa,0.64
1981-10-19,6.3,15.6,12.54,19.24,nasa,0.65
1981-10-20,7.26,18.45,13.65,24.28,nasa,0.66
1981-10-21,0.43,19.59,11.98,28.17,nasa,0.66
1981-10-22,0.26,19.22,13.4,26.53,nasa,0.65
1981-10-23,0.02,18.38,14.48,24.49,nasa,0.65
1981-10-24,0.67,20.0,14.42,27.12,nasa,0.64
1981-10-25,3.61,20.79,16.46,27.54,nasa,0.64
1981-10-26,2.37,22.65,16.44,30.55,nasa,0.64
1981-10-27,17.34,20.09,17.44,25.65,nasa,0.65
1981-10-28,19.83,19.18,16.33,23.96,nasa,0.68
1981-10-29,9.51,18.4,16.57,21.09,nasa,0.7
1981-10-30,17.39,17.97,15.44,21.47,nasa,0.72
1981-10-31,2.19,18.0,13.91,23.93,nasa,0.72
1981-11-01,2.07,18.03,12.04,25.48,nasa,0.7
1981-11-02,2.73,19.55,14.34,26.02,nasa,0.69
1981-11-03,1.87,19.88,16.6,24.71,nasa,0.69
1981-11-04,7.66,21.04,17.68,25.96,nasa,0.68
1981-11-05,2.78,22.47,18.39,28.87,nasa,0.69
1981-11-06,0.32,22.05,17.04,27.94,nasa,0.68
1981-11-07,1.19,23.35,18.33,28.98,nasa,0.67
1981-11-08,5.3,22.91,19.37,28.91,nasa,0.67
1981-11-09,15.11,22.2,18.96,26.24,nasa,0.68
1981-11-10,41.95,21.1,18.34,24.47,nasa,0.72
1981-11-11,26.25,20.43,17.63,24.11,nasa,0.78
1981-11-12,57.84,20.07,16.97,23.3,nasa,0.83
1981-11-13,40.99,19.0,17.31,20.96,nasa,0.85
1981-11-14,47.33,18.5,17.16,20.33,nasa,0.88
1981-11-15,9.2,21.62,16.95,26.63,nasa,0.87
1981-11-16,23.94,21.69,17.22,26.35,nasa,0.86
1981-11-17,20.95,21.51,19.15,24.74,nasa,0.86
1981-11-18,3.54,22.23,18.17,27.65,nasa,0.85
1981-11-19,1.75,21.82,17.75,27.13,nasa,0.83
1981-11-20,23.22,20.83,18.04,24.54,nasa,0.83
1981-11-21,14.66,20.24,17.86,23.25,nasa,0.85
1981-11-22,8.61,19.89,16.9,23.76,nasa,0.86
1981-11-23,8.76,20.79,16.18,26.25,nasa,0.85
1981-11-24,7.91,21.23,16.85,26.69,nasa,0.85
1981-11-25,27.26,20.84,16.81,24.87,nasa,0.86
1981-11-26,6.71,20.46,18.13,23.6,nasa,0.87
1981-11-27,5.15,19.93,17.08,24.25,nasa,0.87
1981-11-28,0.62,21.18,15.26,26.98,nasa,0.85
1981-11-29,6.5,22.18,17.58,27.23,nasa,0.85
1981-11-30,6.8,22.63,18.86,27.12,nasa,0.85
1981-12-01,3.77,22.3,19.32,25.79,nasa,0.85
1981-12-02,14.51,22.68,19.54,26.59,nasa,0.86
1981-12-03,15.2,21.08,18.95,24.47,nasa,0.88
1981-12-04,2.22,20.14,17.62,24.23,nasa,0.88
1981-12-05,0.4,21.48,16.67,26.95,nasa,0.86
1981-12-06,0.33,22.11,17.77,26.94,nasa,0.85
1981-12-07,7.99,22.28,18.13,26.46,nasa,0.85
1981-12-08,13.56,21.42,19.38,24.58,nasa,0.87
1981-12-09,7.76,20.87,17.64,25.43,nasa,0.87
1981-12-10,7.85,20.43,17.58,24.18,nasa,0.87
1981-12-11,1.63,21.38,18.58,25.45,nasa,0.87
1981-12-12,0.92,21.01,18.09,24.47,nasa,0.86
1981-12-13,1.99,20.82,17.17,25.11,nasa,0.86
1981-12-14,0.98,20.24,17.27,24.02,nasa,0.85
1981-12-15,0.68,21.33,17.84,25.5,nasa,0.85
1981-12-16,17.38,21.37,18.3,25.32,nasa,0.86
1981-12-17,8.65,20.87,17.94,24.75,nasa,0.87
1981-12-18,1.74,20.92,17.63,26.0,nasa,0.87
1981-12-19,0.14,21.49,16.75,26.99,nasa,0.86
1981-12-20,0.35,21.36,16.82,27.21,nasa,0.85
1981-12-21,0.4,20.97,15.04,27.23,nasa,0.84
1981-12-22,1.7,21.68,15.56,28.07,nasa,0.83
1981-12-23,1.83,22.32,16.8,28.61,nasa,0.83
1981-12-24,14.67,22.91,17.75,28.36,nasa,0.83
1981-12-25,5.25,21.32,17.2,26.89,nasa,0.84
1981-12-26,2.38,18.41,15.14,21.66,nasa,0.84
1981-12-27,15.94,17.57,14.17,22.15,nasa,0.84
1981-12-28,19.49,17.02,15.03,19.97,nasa,0.88
1981-12-29,5.07,18.56,14.59,24.19,nasa,0.88
1981-12-30,3.15,18.06,14.17,23.48,nasa,0.86
1981-12-31,3.72,20.06,13.9,26.21,nasa,0.85
1982-01-01,3.98,21.43,17.4,26.07,nasa,0.85
1982-01-02,5.03,21.34,18.01,25.58,nasa,0.85
1982-01-03,12.61,20.61,18.63,23.75,nasa,0.85
1982-01-04,38.77,18.99,16.78,21.35,nasa,0.89
1982-01-05,9.78,19.44,15.7,24.23,nasa,0.9
1982-01-06,2.65,19.73,15.82,25.06,nasa,0.89
1982-01-07,1.7,20.16,15.34,26.02,nasa,0.88
1982-01-08,0.44,20.41,16.22,25.29,nasa,0.87
1982-01-09,0.48,20.57,16.91,25.13,nasa,0.86
1982-01-10,1.24,20.53,16.65,25.47,nasa,0.86
1982-01-11,10.35,20.32,16.77,24.11,nasa,0.86
1982-01-12,20.63,21.69,18.61,25.39,nasa,0.87
1982-01-13,17.76,20.65,16.86,25.67,nasa,0.9
1982-01-14,4.96,19.06,15.54,24.67,nasa,0.9
1982-01-15,19.43,20.26,16.2,25.22,nasa,0.9
1982-01-16,4.54,20.24,18.11,23.23,nasa,0.91
1982-01-17,0.36,20.25,16.71,24.24,nasa,0.9
1982-01-18,1.97,20.93,16.4,26.1,nasa,0.89
1982-01-19,3.22,19.9,17.44,23.23,nasa,0.88
1982-01-20,7.02,18.14,15.42,21.92,nasa,0.89
1982-01-21,3.88,19.42,14.18,24.62,nasa,0.89
1982-01-22,2.98,20.16,16.76,25.03,nasa,0.88
1982-01-23,8.91,20.65,16.4,25.53,nasa,0.88
1982-01-24,18.65,20.71,18.1,24.28,nasa,0.9
1982-01-25,13.33,19.99,17.23,24.06,nasa,0.91
1982-01-26,4.12,19.66,16.05,24.32,nasa,0.9
1982-01-27,7.12,19.27,16.08,23.97,nasa,0.9
1982-01-28,3.27,19.54,15.74,24.47,nasa,0.9
1982-01-29,3.02,19.46,15.98,24.03,nasa,0.9
1982-01-30,2.79,18.9,16.24,22.84,nasa,0.89
1982-01-31,4.78,18.63,15.89,22.8,nasa,0.89
1982-02-01,3.66,18.88,14.65,23.95,nasa,0.89
1982-02-02,1.12,19.07,15.67,23.72,nasa,0.89
1982-02-03,0.67,19.84,14.8,25.42,nasa,0.88
1982-02-04,0.06,20.45,17.23,24.38,nasa,0.88
1982-02-05,0.01,21.15,16.71,26.02,nasa,0.87
1982-02-06,0.01,21.81,17.66,26.61,nasa,0.87
1982-02-07,0.02,21.42,17.83,26.55,nasa,0.86
1982-02-08,0.15,21.16,16.53,26.56,nasa,0.85
1982-02-09,0.26,19.83,15.79,25.4,nasa,0.85
1982-02-10,0.26,19.55,14.81,25.87,nasa,0.85
1982-02-11,0.01,19.66,14.84,26.01,nasa,0.84
1982-02-12,0.06,20.01,16.03,25.8,nasa,0.84
1982-02-13,0.04,19.37,15.49,24.64,nasa,0.83
1982-02-14,0.16,20.17,16.41,24.32,nasa,0.83
1982-02-15,0.27,21.35,16.58,26.91,nasa,0.83
1982-02-16,0.37,20.76,16.86,26.15,nasa,0.82
1982-02-17,2.04,20.22,15.91,25.38,nasa,0.82
1982-02-18,1.47,20.0,16.27,25.51,nasa,0.81
1982-02-19,4.89,19.55,14.76,25.74,nasa,0.81
1982-02-20,1.3,20.18,14.79,26.34,nasa,0.81
1982-02-21,0.0,21.0,16.37,26.51,nasa,0.81
1982-02-22,0.0,21.01,16.87,26.75,nasa,0.8
1982-02-23,0.44,21.18,16.23,27.09,nasa,0.79
1982-02-24,2.92,21.57,17.15,26.84,nasa,0.79
1982-02-25,8.43,21.23,18.35,24.84,nasa,0.79
1982-02-26,5.2,21.95,18.65,26.79,nasa,0.8
1982-02-27,5.14,20.87,16.45,26.33,nasa,0.8
1982-02-28,13.4,20.73,16.51,26.47,nasa,0.81
1982-03-01,12.37,20.93,16.57,26.08,nasa,0.82
1982-03-02,34.5,19.93,18.27,22.63,nasa,0.85
1982-03-03,14.23,19.56,16.79,23.43,nasa,0.87
1982-03-04,6.64,18.7,15.54,23.52,nasa,0.87
1982-03-05,0.7,18.59,15.19,23.4,nasa,0.85
1982-03-06,3.68,19.17,16.1,24.16,nasa,0.85
1982-03-07,9.7,19.37,15.97,23.91,nasa,0.85
1982-03-08,7.25,18.03,15.06,22.15,nasa,0.86
1982-03-09,1.88,19.5,16.78,23.18,nasa,0.85
1982-03-10,1.78,20.96,17.61,26.03,nasa,0.85
1982-03-11,9.1,20.71,18.21,23.68,nasa,0.85
1982-03-12,40.72,21.84,17.75,27.28,nasa,0.87
1982-03-13,34.31,20.55,17.93,24.51,nasa,0.91
1982-03-14,8.19,19.46,16.73,22.53,nasa,0.92
1982-03-15,2.98,20.28,17.57,24.84,nasa,0.9
1982-03-16,14.52,21.14,17.49,25.28,nasa,0.9
1982-03-17,17.94,22.21,19.82,26.04,nasa,0.91
1982-03-18,8.98,22.01,19.05,26.7,nasa,0.92
1982-03-19,12.97,21.2,17.54,25.87,nasa,0.92
1982-03-20,14.59,21.18,19.19,24.4,nasa,0.92
1982-03-21,2.85,21.17,18.82,24.54,nasa,0.93
1982-03-22,11.91,20.6,18.28,24.69,nasa,0.93
1982-03-23,6.76,19.8,17.82,22.21,nasa,0.93
1982-03-24,15.85,21.05,17.95,25.08,nasa,0.94
1982-03-25,4.71,20.21,17.4,24.16,nasa,0.95
1982-03-26,3.72,20.78,18.92,23.58,nasa,0.94
1982-03-27,0.37,20.43,18.01,23.17,nasa,0.94
1982-03-28,5.28,21.11,18.42,24.85,nasa,0.94
1982-03-29,1.01,20.24,16.35,25.51,nasa,0.94
1982-03-30,0.43,19.68,16.24,24.49,nasa,0.93
1982-03-31,3.04,20.42,16.9,25.14,nasa,0.93
1982-04-01,3.3,20.42,16.96,25.04,nasa,0.92
1982-04-02,7.43,20.12,16.56,24.79,nasa,0.93
1982-04-03,3.17,19.96,16.27,25.05,nasa,0.93
1982-04-04,2.27,20.36,16.04,25.65,nasa,0.92
1982-04-05,22.46,19.57,17.66,23.4,nasa,0.93
1982-04-06,15.79,19.1,16.44,23.11,nasa,0.95
1982-04-07,2.6,18.43,15.25,23.27,nasa,0.95
1982-04-08,2.88,18.84,14.15,24.37,nasa,0.94
1982-04-09,3.31,18.47,15.58,22.77,nasa,0.94
1982-04-10,2.52,17.31,15.15,21.42,nasa,0.94
1982-04-11,0.75,17.78,14.61,22.63,nasa,0.93
1982-04-12,0.19,18.4,14.59,23.34,nasa,0.93
1982-04-13,0.16,19.27,15.76,24.66,nasa,0.92
1982-04-14,2.82,18.57,16.4,21.99,nasa,0.92
1982-04-15,6.02,19.81,17.33,22.55,nasa,0.92
1982-04-16,6.93,19.23,16.76,23.22,nasa,0.93
1982-04-17,0.88,18.03,15.95,21.5,nasa,0.93
1982-04-18,1.79,17.34,14.99,21.4,nasa,0.92
1982-04-19,2.07,15.99,12.49,20.38,nasa,0.92
1982-04-20,0.24,14.76,10.86,20.3,nasa,0.92
1982-04-21,0.0,15.15,10.19,20.84,nasa,0.91
1982-04-22,0.0,16.81,10.47,23.32,nasa,0.91
1982-04-23,0.45,17.35,13.36,21.51,nasa,0.9
1982-04-24,0.24,17.04,13.91,21.85,nasa,0.9
1982-04-25,0.16,16.65,13.38,21.57,nasa,0.9
1982-04-26,0.07,16.22,11.96,21.27,nasa,0.89
1982-04-27,0.31,16.42,12.86,21.61,nasa,0.89
1982-04-28,5.6,15.73,12.61,19.75,nasa,0.89
1982-04-29,2.88,14.81,11.61,18.64,nasa,0.89
1982-04-30,1.58,13.72,11.21,17.86,nasa,0.89
1982-05-01,2.33,15.09,12.11,19.61,nasa,0.89
1982-05-02,0.16,16.47,11.56,21.4,nasa,0.89
1982-05-03,0.12,16.51,12.73,21.63,nasa,0.88
1982-05-04,1.37,14.52,11.97,17.89,nasa,0.88
1982-05-05,0.49,13.27,10.19,17.19,nasa,0.88
1982-05-06,0.41,13.16,9.29,18.27,nasa,0.88
1982-05-07,0.9,14.38,10.18,19.2,nasa,0.88
1982-05-08,0.41,15.12,10.79,20.65,nasa,0.88
1982-05-09,0.18,14.91,9.91,20.84,nasa,0.87
1982-05-10,0.0,15.8,11.39,21.19,nasa,0.87
1982-05-11,0.2,16.82,12.7,22.08,nasa,0.87
1982-05-12,2.83,16.85,13.7,21.57,nasa,0.86
1982-05-13,0.3,16.73,13.0,21.83,nasa,0.86
1982-05-14,0.21,16.61,12.92,21.93,nasa,0.86
1982-05-15,0.09,17.31,12.87,22.35,nasa,0.86
1982-05-16,0.43,17.3,13.25,22.7,nasa,0.86
1982-05-17,0.28,18.02,14.95,23.09,nasa,0.85
1982-05-18,0.1,17.14,14.16,21.81,nasa,0.85
1982-05-19,0.24,17.42,14.18,22.44,nasa,0.85
1982-05-20,1.43,17.52,15.08,21.12,nasa,0.85
1982-05-21,1.64,18.82,15.18,23.55,nasa,0.85
1982-05-22,2.65,17.25,14.86,21.21,nasa,0.85
1982-05-23,0.98,16.97,14.39,21.27,nasa,0.85
1982-05-24,0.74,16.86,13.64,21.77,nasa,0.85
1982-05-25,1.66,18.25,15.08,22.43,nasa,0.85
1982-05-26,5.22,18.88,16.71,21.6,nasa,0.85
1982-05-27,1.26,17.46,14.92,21.94,nasa,0.85
1982-05-28,1.41,15.2,13.43,18.26,nasa,0.85
1982-05-29,0.12,14.61,12.38,18.44,nasa,0.85
1982-05-30,0.11,14.02,11.78,16.81,nasa,0.85
1982-05-31,0.05,15.44,12.73,19.53,nasa,0.85
1982-06-01,0.12,15.8,12.13,21.05,nasa,0.84
1982-06-02,1.68,15.21,11.6,20.03,nasa,0.84
1982-06-03,0.86,15.22,11.34,20.54,nasa,0.84
1982-06-04,0.01,15.76,11.35,21.39,nasa,0.84
1982-06-05,0.01,17.15,13.42,21.96,nasa,0.83
1982-06-06,0.53,18.08,14.29,23.18,nasa,0.83
1982-06-07,5.37,17.8,14.95,22.21,nasa,0.83
1982-06-08,0.52,17.49,13.95,22.79,nasa,0.84
1982-06-09,0.0,17.82,14.12,23.31,nasa,0.83
1982-06-10,0.0,17.32,13.61,22.34,nasa,0.83
1982-06-11,0.01,17.65,14.48,22.3,nasa,0.82
1982-06-12,0.02,18.07,14.65,22.94,nasa,0.82
1982-06-13,0.0,17.95,15.41,22.12,nasa,0.82
1982-06-14,0.0,17.3,14.0,21.96,nasa,0.82
1982-06-15,0.04,16.88,13.61,22.27,nasa,0.82
1982-06-16,0.12,17.51,13.2,23.07,nasa,0.81
1982-06-17,0.56,16.95,14.18,21.01,nasa,0.81
1982-06-18,0.4,15.95,11.67,21.36,nasa,0.81
1982-06-19,0.0,15.4,10.92,21.63,nasa,0.81
1982-06-20,0.02,17.31,12.9,22.57,nasa,0.81
1982-06-21,0.01,18.13,14.23,23.24,nasa,0.8
1982-06-22,0.03,17.57,14.45,22.27,nasa,0.8
1982-06-23,0.0,18.76,15.18,23.44,nasa,0.8
1982-06-24,0.0,18.48,15.73,23.16,nasa,0.8
1982-06-25,0.04,18.07,15.41,22.71,nasa,0.8
1982-06-26,1.05,18.94,16.04,23.45,nasa,0.8
1982-06-27,1.19,18.18,13.86,23.38,nasa,0.8
1982-06-28,0.31,17.33,13.76,22.81,nasa,0.8
1982-06-29,0.0,17.69,14.51,23.27,nasa,0.79
1982-06-30,0.04,17.26,14.27,22.74,nasa,0.79
1982-07-01,0.0,18.37,14.41,23.85,nasa,0.79
1982-07-02,0.37,16.67,13.65,21.27,nasa,0.79
1982-07-03,0.54,16.39,12.78,21.8,nasa,0.79
1982-07-04,0.18,16.86,12.5,22.6,nasa,0.78
1982-07-05,0.2,17.38,13.6,22.92,nasa,0.78
1982-07-06,0.1,16.74,13.19,22.15,nasa,0.78
1982-07-07,0.04,16.6,13.04,22.51,nasa,0.78
1982-07-08,0.0,16.88,11.62,23.4,nasa,0.77
1982-07-09,0.0,17.03,13.43,22.51,nasa,0.77
1982-07-10,0.0,17.67,12.83,23.92,nasa,0.77
1982-07-11,0.0,17.62,13.83,22.77,nasa,0.77
1982-07-12,0.01,17.1,12.9,22.69,nasa,0.76
1982-07-13,3.53,17.41,13.83,22.58,nasa,0.76
1982-07-14,2.54,16.48,11.61,21.38,nasa,0.77
1982-07-15,0.11,14.32,10.87,19.19,nasa,0.77
1982-07-16,0.15,15.44,12.27,20.45,nasa,0.77
1982-07-17,0.09,16.05,11.62,21.54,nasa,0.76
1982-07-18,0.01,16.51,12.97,21.96,nasa,0.76
1982-07-19,0.04,17.04,12.64,22.27,nasa,0.76
1982-07-20,0.01,17.19,14.49,21.87,nasa,0.76
1982-07-21,0.02,16.69,12.63,21.87,nasa,0.75
1982-07-22,0.2,16.04,11.6,22.24,nasa,0.75
1982-07-23,0.2,16.02,11.78,22.39,nasa,0.75
1982-07-24,0.0,15.9,11.3,22.22,nasa,0.74
1982-07-25,0.03,15.88,11.71,21.88,nasa,0.74
1982-07-26,0.02,15.57,11.03,21.73,nasa,0.74
1982-07-27,0.0,15.84,11.26,21.75,nasa,0.74
1982-07-28,0.05,15.32,11.39,21.22,nasa,0.73
1982-07-29,0.04,15.96,11.5,22.17,nasa,0.73
1982-07-30,9.84,13.72,11.34,16.83,nasa,0.74
1982-07-31,1.24,13.01,9.57,18.53,nasa,0.75
1982-08-01,0.2,14.77,8.9,20.93,nasa,0.75
1982-08-02,0.13,16.9,11.41,23.58,nasa,0.74
1982-08-03,0.3,18.72,14.1,25.22,nasa,0.74
1982-08-04,0.21,15.19,13.2,18.91,nasa,0.74
1982-08-05,0.09,15.86,12.09,21.24,nasa,0.74
1982-08-06,0.05,17.02,13.33,22.63,nasa,0.73
1982-08-07,0.01,17.42,12.1,24.08,nasa,0.73
1982-08-08,0.0,18.0,14.14,23.8,nasa,0.73
1982-08-09,0.0,17.91,14.02,23.97,nasa,0.72
1982-08-10,0.0,18.65,13.42,25.01,nasa,0.72
1982-08-11,2.39,16.89,13.39,21.65,nasa,0.72
1982-08-12,13.5,16.61,14.0,21.43,nasa,0.73
1982-08-13,17.1,16.15,14.39,19.12,nasa,0.76
1982-08-14,2.93,17.11,14.12,22.25,nasa,0.77
1982-08-15,0.28,17.33,13.03,23.38,nasa,0.76
1982-08-16,0.09,17.67,13.03,23.25,nasa,0.75
1982-08-17,0.1,18.05,13.77,24.04,nasa,0.74
1982-08-18,3.56,18.51,14.52,23.64,nasa,0.74
1982-08-19,2.24,18.02,13.76,23.36,nasa,0.74
1982-08-20,0.17,13.93,10.78,17.85,nasa,0.74
1982-08-21,0.01,15.65,10.45,22.17,nasa,0.74
1982-08-22,0.12,19.09,13.68,25.48,nasa,0.73
1982-08-23,0.54,18.78,15.12,24.18,nasa,0.73
1982-08-24,0.07,18.77,14.51,24.63,nasa,0.73
1982-08-25,0.19,18.61,14.54,24.06,nasa,0.72
1982-08-26,0.39,18.33,15.15,23.9,nasa,0.72
1982-08-27,0.12,18.04,15.18,22.91,nasa,0.72
1982-08-28,0.05,18.53,14.57,24.94,nasa,0.72
1982-08-29,0.02,17.99,13.86,24.42,nasa,0.71
1982-08-30,0.01,17.8,13.73,24.2,nasa,0.71
1982-08-31,0.67,19.16,13.94,25.43,nasa,0.7
1982-09-01,5.12,18.76,15.08,24.34,nasa,0.7
1982-09-02,1.54,18.5,15.14,24.1,nasa,0.71
1982-09-03,0.51,18.0,13.57,23.91,nasa,0.71
1982-09-04,0.11,18.36,13.95,24.82,nasa,0.7
1982-09-05,0.06,19.04,13.12,25.79,nasa,0.7
1982-09-06,0.83,18.14,12.55,24.69,nasa,0.7
1982-09-07,1.13,14.29,8.68,20.29,nasa,0.69
1982-09-08,0.04,12.96,7.04,20.69,nasa,0.69
1982-09-09,0.0,13.78,7.47,21.19,nasa,0.69
1982-09-10,0.03,16.22,10.09,23.87,nasa,0.69
1982-09-11,0.11,17.51,11.61,25.49,nasa,0.68
1982-09-12,0.08,18.31,12.4,26.11,nasa,0.68
1982-09-13,0.06,19.33,13.31,27.28,nasa,0.67
1982-09-14,0.01,20.07,14.8,27.54,nasa,0.67
1982-09-15,0.67,19.13,14.65,25.65,nasa,0.67
1982-09-16,0.69,17.75,12.93,24.7,nasa,0.67
1982-09-17,1.28,18.29,12.85,25.42,nasa,0.67
1982-09-18,0.88,20.68,15.32,27.58,nasa,0.67
1982-09-19,2.57,21.57,16.06,28.57,nasa,0.66
1982-09-20,2.05,15.9,10.62,21.35,nasa,0.67
1982-09-21,0.5,15.18,10.45,22.92,nasa,0.67
1982-09-22,2.39,15.3,11.51,20.83,nasa,0.67
1982-09-23,2.11,15.81,12.36,21.89,nasa,0.67
1982-09-24,0.24,15.39,11.11,22.05,nasa,0.67
1982-09-25,0.06,16.06,9.76,24.6,nasa,0.67
1982-09-26,0.0,18.14,9.61,27.09,nasa,0.66
1982-09-27,0.28,21.38,14.67,29.37,nasa,0.66
1982-09-28,0.37,21.03,15.12,28.44,nasa,0.66
1982-09-29,0.45,15.99,12.27,21.93,nasa,0.65
1982-09-30,0.12,14.87,11.36,20.64,nasa,0.65
1982-10-01,0.03,15.7,11.64,22.48,nasa,0.65
1982-10-02,0.16,17.85,11.2,25.67,nasa,0.65
1982-10-03,5.71,17.84,14.08,21.82,nasa,0.65
1982-10-04,4.4,20.04,15.81,26.81,nasa,0.67
1982-10-05,0.01,22.28,15.57,29.19,nasa,0.66
1982-10-06,0.33,21.44,17.18,28.71,nasa,0.66
1982-10-07,0.03,21.25,16.49,28.19,nasa,0.66
1982-10-08,0.89,21.97,16.47,28.77,nasa,0.65
1982-10-09,6.9,20.56,16.58,25.91,nasa,0.65
1982-10-10,3.0,20.39,16.26,26.62,nasa,0.66
1982-10-11,6.67,19.4,16.43,24.42,nasa,0.67
1982-10-12,7.77,19.96,16.34,24.57,nasa,0.68
1982-10-13,8.99,20.4,17.65,23.85,nasa,0.68
1982-10-14,1.07,16.29,11.87,23.08,nasa,0.69
1982-10-15,0.5,16.27,11.41,23.96,nasa,0.69
1982-10-16,0.28,16.57,12.34,23.87,nasa,0.68
1982-10-17,0.06,17.97,11.74,26.24,nasa,0.67
1982-10-18,0.02,20.51,13.53,28.19,nasa,0.67
1982-10-19,0.27,17.23,11.7,20.18,nasa,0.66
1982-10-20,0.08,19.53,11.65,28.16,nasa,0.66
1982-10-21,0.03,21.09,15.49,28.12,nasa,0.65
1982-10-22,0.01,21.21,15.26,29.29,nasa,0.65
1982-10-23,0.0,22.22,15.96,30.36,nasa,0.65
1982-10-24,0.01,23.33,16.95,30.65,nasa,0.64
1982-10-25,0.28,23.59,16.88,31.74,nasa,0.64
1982-10-26,0.1,23.6,17.68,31.36,nasa,0.64
1982-10-27,0.03,23.74,16.87,32.12,nasa,0.63
1982-10-28,0.12,23.66,16.31,32.82,nasa,0.63
1982-10-29,2.38,23.58,17.59,32.37,nasa,0.63
1982-10-30,3.3,24.19,19.07,31.04,nasa,0.63
1982-10-31,2.69,20.43,14.28,28.58,nasa,0.63
1982-11-01,1.01,20.8,12.7,29.33,nasa,0.63
1982-11-02,0.07,22.6,16.95,30.97,nasa,0.63
1982-11-03,0.04,22.65,16.01,30.96,nasa,0.63
1982-11-04,0.07,23.0,15.51,32.29,nasa,0.62
1982-11-05,0.09,23.21,16.2,32.55,nasa,0.62
1982-11-06,0.49,22.98,16.7,29.8,nasa,0.62
1982-11-07,8.73,23.36,18.28,30.7,nasa,0.62
1982-11-08,1.26,22.68,18.73,28.36,nasa,0.63
1982-11-09,1.95,22.55,17.58,29.89,nasa,0.63
1982-11-10,0.66,23.25,17.43,30.72,nasa,0.63
1982-11-11,0.08,24.49,17.22,32.97,nasa,0.63
1982-11-12,2.84,22.4,18.34,30.17,nasa,0.63
1982-11-13,2.47,20.42,17.34,26.29,nasa,0.63
1982-11-14,0.76,22.23,17.27,30.31,nasa,0.63
1982-11-15,0.39,23.18,17.32,30.59,nasa,0.63
1982-11-16,11.49,22.51,17.89,29.93,nasa,0.63
1982-11-17,7.66,19.86,16.9,24.1,nasa,0.65
1982-11-18,0.76,20.74,16.14,27.35,nasa,0.66
1982-11-19,0.32,23.41,17.12,30.33,nasa,0.65
1982-11-20,0.31,24.07,18.91,30.1,nasa,0.65
1982-11-21,0.11,25.26,19.04,33.01,nasa,0.64
1982-11-22,0.0,24.88,17.91,33.87,nasa,0.63
1982-11-23,0.0,24.48,16.08,34.04,nasa,0.63
1982-11-24,2.35,24.66,17.52,33.82,nasa,0.62
1982-11-25,9.95,24.76,16.88,34.21,nasa,0.63
1982-11-26,0.33,24.75,17.0,33.96,nasa,0.64
1982-11-27,5.4,24.37,16.79,32.88,nasa,0.64
1982-11-28,6.29,24.39,17.24,33.19,nasa,0.64
1982-11-29,1.39,24.02,17.76,32.04,nasa,0.64
1982-11-30,6.49,23.11,18.06,30.13,nasa,0.65
1982-12-01,1.26,24.56,17.38,32.18,nasa,0.64
1982-12-02,3.03,24.21,17.57,32.59,nasa,0.64
1982-12-03,17.49,20.97,17.28,25.68,nasa,0.66
1982-12-04,18.79,16.64,14.36,20.66,nasa,0.68
1982-12-05,4.38,19.98,14.33,26.73,nasa,0.7
1982-12-06,0.25,22.94,17.75,29.54,nasa,0.68
1982-12-07,13.07,22.74,17.49,29.93,nasa,0.67
1982-12-08,31.91,19.82,16.49,24.85,nasa,0.7
1982-12-09,13.3,18.12,16.46,20.5,nasa,0.74
1982-12-10,2.56,19.06,16.39,22.84,nasa,0.73
1982-12-11,1.31,20.34,16.24,26.25,nasa,0.72
1982-12-12,0.15,20.87,15.56,27.19,nasa,0.7
1982-12-13,1.1,21.41,16.7,27.41,nasa,0.69
1982-12-14,0.81,21.8,16.81,27.88,nasa,0.68
1982-12-15,0.74,21.85,17.63,27.3,nasa,0.67
1982-12-16,4.81,22.03,17.7,28.07,nasa,0.67
1982-12-17,1.39,22.42,17.78,28.02,nasa,0.67
1982-12-18,2.2,22.15,18.01,27.3,nasa,0.67
1982-12-19,1.04,22.87,18.19,27.95,nasa,0.66
1982-12-20,14.18,22.13,19.08,26.8,nasa,0.67
1982-12-21,9.74,20.72,18.37,24.2,nasa,0.69
1982-12-22,24.86,21.05,18.14,24.88,nasa,0.72
1982-12-23,4.4,22.24,19.64,26.03,nasa,0.73
1982-12-24,12.65,21.06,18.72,25.22,nasa,0.72
1982-12-25,13.85,18.78,16.91,21.64,nasa,0.75
1982-12-26,13.98,19.83,16.95,23.9,nasa,0.75
1982-12-27,11.7,20.33,16.53,25.32,nasa,0.75
1982-12-28,14.74,19.25,15.91,23.58,nasa,0.75
1982-12-29,7.45,19.52,13.79,25.49,nasa,0.76
1982-12-30,3.39,19.38,16.62,23.72,nasa,0.75
1982-12-31,12.23,19.39,17.33,21.94,nasa,0.75
1983-01-01,18.83,21.23,18.38,24.96,nasa,0.77
1983-01-02,18.54,21.28,18.33,26.04,nasa,0.78
1983-01-03,22.09,21.27,18.3,24.76,nasa,0.8
1983-01-04,20.9,19.89,16.66,23.65,nasa,0.83
1983-01-05,12.4,19.22,16.16,23.46,nasa,0.82
1983-01-06,6.72,20.12,16.74,24.22,nasa,0.82
1983-01-07,3.97,21.1,18.89,23.75,nasa,0.81
1983-01-08,18.82,21.14,18.32,24.03,nasa,0.81
1983-01-09,17.87,21.96,19.22,25.33,nasa,0.83
1983-01-10,12.7,21.91,19.0,26.06,nasa,0.84
1983-01-11,12.75,22.63,19.38,27.29,nasa,0.83
1983-01-12,9.93,21.72,19.2,25.07,nasa,0.83
1983-01-13,9.24,20.76,18.95,23.2,nasa,0.84
1983-01-14,13.69,20.71,18.14,24.12,nasa,0.85
1983-01-15,2.74,20.97,17.7,25.58,nasa,0.84
1983-01-16,1.02,21.68,16.99,26.98,nasa,0.83
1983-01-17,0.93,21.85,18.34,27.19,nasa,0.82
1983-01-18,17.12,21.86,18.46,25.63,nasa,0.83
1983-01-19,3.42,21.53,19.51,24.66,nasa,0.83
1983-01-20,12.98,21.36,19.16,25.33,nasa,0.84
1983-01-21,5.16,22.4,18.57,27.17,nasa,0.84
1983-01-22,12.48,22.49,17.63,28.61,nasa,0.84
1983-01-23,39.05,20.13,16.42,24.47,nasa,0.86
1983-01-24,19.38,20.34,17.88,23.93,nasa,0.89
1983-01-25,3.32,18.15,16.01,21.84,nasa,0.89
1983-01-26,4.14,17.96,15.13,21.77,nasa,0.87
1983-01-27,1.03,19.79,16.05,23.63,nasa,0.87
1983-01-28,1.71,21.14,16.71,26.83,nasa,0.86
1983-01-29,1.25,21.03,16.5,26.38,nasa,0.85
1983-01-30,0.18,21.41,17.54,26.44,nasa,0.85
1983-01-31,1.21,21.05,17.56,25.62,nasa,0.84
1983-02-01,0.11,20.8,18.36,24.44,nasa,0.83
1983-02-02,6.31,20.89,18.26,24.8,nasa,0.83
1983-02-03,6.23,19.94,16.75,23.72,nasa,0.84
1983-02-04,5.37,20.84,16.43,26.15,nasa,0.84
1983-02-05,6.66,21.37,16.92,26.48,nasa,0.84
1983-02-06,3.19,21.31,17.5,26.43,nasa,0.84
1983-02-07,6.94,21.02,16.94,25.7,nasa,0.84
1983-02-08,13.06,20.18,18.54,23.0,nasa,0.85
1983-02-09,16.74,19.82,17.74,23.29,nasa,0.86
1983-02-10,13.19,19.56,17.25,21.88,nasa,0.87
1983-02-11,9.0,21.36,19.79,24.14,nasa,0.88
1983-02-12,16.34,21.45,19.6,24.09,nasa,0.88
1983-02-13,6.45,21.25,19.31,24.9,nasa,0.89
1983-02-14,0.42,21.47,17.58,26.32,nasa,0.88
1983-02-15,0.21,21.86,17.15,27.29,nasa,0.87
1983-02-16,0.05,22.68,17.61,28.33,nasa,0.86
1983-02-17,0.04,22.94,17.88,28.74,nasa,0.85
1983-02-18,0.64,22.01,17.67,27.13,nasa,0.84
1983-02-19,2.89,20.79,17.13,26.2,nasa,0.84
1983-02-20,1.58,20.54,16.82,25.29,nasa,0.84
1983-02-21,2.59,21.48,17.14,26.52,nasa,0.84
1983-02-22,1.53,21.73,17.85,26.24,nasa,0.83
1983-02-23,1.3,21.71,17.84,27.09,nasa,0.83
1983-02-24,0.19,21.54,16.77,26.95,nasa,0.83
1983-02-25,0.05,22.02,18.18,27.35,nasa,0.82
1983-02-26,1.86,21.98,17.71,27.31,nasa,0.81
1983-02-27,6.04,21.64,18.65,25.41,nasa,0.81
1983-02-28,9.94,21.76,19.28,24.81,nasa,0.82
1983-03-01,11.48,21.71,19.78,24.69,nasa,0.83
1983-03-02,5.15,21.68,19.21,25.17,nasa,0.84
1983-03-03,0.38,21.69,17.68,26.39,nasa,0.84
1983-03-04,1.13,20.95,16.8,26.09,nasa,0.83
1983-03-05,1.88,21.16,17.72,26.25,nasa,0.82
1983-03-06,0.45,21.48,17.77,26.47,nasa,0.82
1983-03-07,0.24,21.3,18.24,24.67,nasa,0.81
1983-03-08,0.66,21.27,16.73,26.55,nasa,0.81
1983-03-09,0.48,21.53,17.22,26.8,nasa,0.8
1983-03-10,0.23,22.39,17.63,27.84,nasa,0.79
1983-03-11,0.03,22.76,18.0,28.36,nasa,0.79
1983-03-12,3.33,22.06,17.9,27.56,nasa,0.78
1983-03-13,9.37,22.38,17.1,27.95,nasa,0.79
1983-03-14,30.46,19.78,16.72,22.88,nasa,0.83
1983-03-15,5.48,18.8,16.3,24.22,nasa,0.84
1983-03-16,0.74,19.48,15.91,24.41,nasa,0.83
1983-03-17,4.28,20.99,16.77,26.17,nasa,0.82
1983-03-18,2.21,21.79,18.63,26.46,nasa,0.82
1983-03-19,4.98,21.88,18.81,26.51,nasa,0.81
1983-03-20,15.43,20.62,18.12,24.25,nasa,0.82
1983-03-21,11.87,19.56,17.36,22.58,nasa,0.85
1983-03-22,8.05,18.14,15.07,21.12,nasa,0.84
1983-03-23,10.61,17.7,14.08,22.69,nasa,0.85
1983-03-24,1.93,18.22,14.97,22.91,nasa,0.85
1983-03-25,3.3,18.66,15.25,22.94,nasa,0.84
1983-03-26,3.23,19.49,15.89,23.76,nasa,0.84
1983-03-27,2.38,19.06,16.96,21.85,nasa,0.84
1983-03-28,6.45,19.87,16.06,24.13,nasa,0.84
1983-03-29,6.51,20.68,15.85,25.77,nasa,0.84
1983-03-30,3.14,21.08,16.84,26.25,nasa,0.84
1983-03-31,1.09,20.15,17.09,24.93,nasa,0.84
1983-04-01,2.45,20.29,16.6,25.53,nasa,0.83
1983-04-02,1.75,18.76,15.55,23.76,nasa,0.83
1983-04-03,0.44,17.01,12.16,22.51,nasa,0.82
1983-04-04,0.01,16.83,10.85,23.31,nasa,0.82
1983-04-05,0.25,18.37,11.6,24.47,nasa,0.81
1983-04-06,34.24,20.23,16.01,25.6,nasa,0.82
1983-04-07,21.8,19.67,17.54,23.24,nasa,0.86
1983-04-08,1.99,19.67,15.96,24.69,nasa,0.87
1983-04-09,1.43,18.04,15.49,21.18,nasa,0.85
1983-04-10,0.53,18.66,15.09,23.87,nasa,0.85
1983-04-11,0.58,18.2,15.25,22.16,nasa,0.84
1983-04-12,2.79,18.26,15.57,21.64,nasa,0.84
1983-04-13,10.09,19.09,15.2,24.03,nasa,0.84
1983-04-14,1.63,20.35,15.47,25.67,nasa,0.85
1983-04-15,0.66,20.99,16.64,25.93,nasa,0.84
1983-04-16,2.52,21.16,16.66,26.22,nasa,0.83
1983-04-17,11.42,19.74,17.64,23.71,nasa,0.85
1983-04-18,2.21,20.48,17.25,25.5,nasa,0.85
1983-04-19,0.39,20.74,17.23,25.8,nasa,0.84
1983-04-20,0.68,20.63,16.03,26.13,nasa,0.83
1983-04-21,19.41,21.18,16.78,26.05,nasa,0.84
1983-04-22,9.24,18.93,15.73,22.99,nasa,0.86
1983-04-23,2.85,17.88,15.12,22.49,nasa,0.85
1983-04-24,1.29,18.13,14.3,23.0,nasa,0.85
1983-04-25,0.66,20.24,16.39,24.69,nasa,0.84
1983-04-26,9.82,21.05,18.39,25.57,nasa,0.84
1983-04-27,16.37,20.34,18.06,23.77,nasa,0.86
1983-04-28,2.75,18.25,15.51,21.85,nasa,0.87
1983-04-29,1.63,18.31,14.53,22.88,nasa,0.86
1983-04-30,0.1,19.35,15.09,24.88,nasa,0.85
1983-05-01,0.23,19.02,14.57,24.26,nasa,0.85
1983-05-02,0.11,18.6,13.14,25.02,nasa,0.84
1983-05-03,8.52,18.94,15.09,24.04,nasa,0.84
1983-05-04,3.33,17.94,15.63,22.46,nasa,0.85
1983-05-05,0.46,18.6,15.01,23.62,nasa,0.85
1983-05-06,0.23,19.47,14.73,25.45,nasa,0.84
1983-05-07,0.2,19.19,16.53,23.36,nasa,0.84
1983-05-08,0.29,19.04,16.15,23.41,nasa,0.83
1983-05-09,1.74,19.97,16.63,24.68,nasa,0.83
1983-05-10,0.13,19.88,16.11,25.15,nasa,0.83
1983-05-11,0.17,19.47,16.03,24.29,nasa,0.82
1983-05-12,1.58,19.71,16.16,24.53,nasa,0.82
1983-05-13,4.7,19.65,16.37,24.04,nasa,0.82
1983-05-14,5.23,18.85,15.86,22.97,nasa,0.83
1983-05-15,0.9,18.35,15.04,22.78,nasa,0.83
1983-05-16,0.53,19.63,15.95,24.69,nasa,0.83
1983-05-17,0.33,19.69,16.45,24.1,nasa,0.82
1983-05-18,0.54,19.71,16.06,24.71,nasa,0.82
1983-05-19,0.17,18.94,15.43,24.07,nasa,0.81
1983-05-20,0.31,19.04,14.41,23.88,nasa,0.81
1983-05-21,0.17,18.84,15.05,23.58,nasa,0.81
1983-05-22,0.25,17.15,14.16,22.09,nasa,0.81
1983-05-23,0.0,18.26,13.99,23.84,nasa,0.8
1983-05-24,0.49,19.7,15.2,24.67,nasa,0.8
1983-05-25,13.47,18.21,15.14,20.98,nasa,0.81
1983-05-26,5.53,15.56,14.12,18.17,nasa,0.83
1983-05-27,0.96,16.36,14.18,20.64,nasa,0.83
1983-05-28,2.25,19.08,15.08,24.39,nasa,0.82
1983-05-29,1.44,20.4,17.57,24.85,nasa,0.82
1983-05-30,6.4,19.53,16.42,23.97,nasa,0.82
1983-05-31,3.32,19.23,16.83,23.12,nasa,0.82
1983-06-01,1.68,19.67,16.2,23.83,nasa,0.82
1983-06-02,7.71,19.08,15.35,23.91,nasa,0.82
1983-06-03,2.81,18.96,15.03,24.25,nasa,0.83
1983-06-04,0.39,18.49,14.13,24.19,nasa,0.82
1983-06-05,0.1,17.36,12.86,23.07,nasa,0.82
1983-06-06,0.67,17.78,14.4,23.0,nasa,0.81
1983-06-07,1.57,17.65,14.02,23.02,nasa,0.81
1983-06-08,0.78,16.12,13.55,20.68,nasa,0.81
1983-06-09,1.07,17.67,14.04,22.82,nasa,0.81
1983-06-10,0.21,19.25,14.88,25.26,nasa,0.8
1983-06-11,0.1,19.1,16.11,23.84,nasa,0.8
1983-06-12,0.0,17.31,14.55,20.96,nasa,0.8
1983-06-13,0.01,18.07,14.27,23.2,nasa,0.8
1983-06-14,0.01,17.27,12.73,22.58,nasa,0.79
1983-06-15,0.33,18.03,13.56,23.14,nasa,0.79
1983-06-16,0.25,15.53,12.55,19.61,nasa,0.79
1983-06-17,0.01,14.88,11.46,19.8,nasa,0.79
1983-06-18,0.0,15.53,11.2,21.38,nasa,0.79
1983-06-19,0.0,15.5,11.23,21.01,nasa,0.79
1983-06-20,0.0,15.72,11.19,21.42,nasa,0.78
1983-06-21,0.01,16.36,12.13,21.93,nasa,0.78
1983-06-22,0.0,17.59,13.31,23.62,nasa,0.78
1983-06-23,0.09,17.34,13.38,23.09,nasa,0.78
1983-06-24,0.1,16.87,12.99,22.77,nasa,0.77
1983-06-25,0.11,17.19,12.43,23.09,nasa,0.77
1983-06-26,0.07,17.55,12.57,22.96,nasa,0.77
1983-06-27,0.03,18.3,14.5,23.6,nasa,0.77
1983-06-28,0.6,18.46,14.43,23.7,nasa,0.77
1983-06-29,0.62,17.75,14.97,22.51,nasa,0.77
1983-06-30,0.17,17.17,13.62,22.29,nasa,0.76
1983-07-01,0.01,17.98,13.86,23.37,nasa,0.76
1983-07-02,0.0,17.89,14.32,22.94,nasa,0.76
1983-07-03,1.46,18.9,14.44,24.83,nasa,0.76
1983-07-04,0.18,15.05,10.97,19.56,nasa,0.76
1983-07-05,0.15,16.19,10.44,22.74,nasa,0.76
1983-07-06,0.03,17.84,13.95,22.99,nasa,0.75
1983-07-07,0.03,17.58,14.04,22.57,nasa,0.75
1983-07-08,0.0,17.86,13.85,23.31,nasa,0.75
1983-07-09,0.0,17.46,13.39,23.66,nasa,0.74
1983-07-10,0.0,16.54,11.11,23.38,nasa,0.74
1983-07-11,0.0,17.32,12.05,24.22,nasa,0.74
1983-07-12,0.0,18.02,11.47,24.75,nasa,0.74
1983-07-13,0.0,16.43,11.8,21.76,nasa,0.73
1983-07-14,0.0,17.2,12.97,22.53,nasa,0.73
1983-07-15,0.0,16.19,10.96,22.33,nasa,0.73
1983-07-16,0.01,16.61,12.36,22.01,nasa,0.73
1983-07-17,0.03,17.25,13.66,22.32,nasa,0.73
1983-07-18,0.14,18.07,13.74,23.38,nasa,0.72
1983-07-19,3.85,18.11,14.93,23.34,nasa,0.73
1983-07-20,14.83,17.07,14.39,21.53,nasa,0.74
1983-07-21,5.75,15.16,11.2,20.88,nasa,0.76
1983-07-22,0.54,15.35,10.89,21.81,nasa,0.76
1983-07-23,0.07,16.88,11.77,23.0,nasa,0.75
1983-07-24,0.01,17.87,12.39,23.76,nasa,0.75
1983-07-25,0.0,18.39,13.98,24.23,nasa,0.74
1983-07-26,0.69,16.64,12.24,22.15,nasa,0.74
1983-07-27,4.58,15.8,13.24,20.37,nasa,0.74
1983-07-28,0.63,15.97,12.38,21.37,nasa,0.74
1983-07-29,0.04,15.99,11.32,22.13,nasa,0.74
1983-07-30,0.0,16.08,11.88,21.63,nasa,0.73
1983-07-31,0.01,16.81,12.79,22.48,nasa,0.73
1983-08-01,0.05,17.1,12.6,23.5,nasa,0.73
1983-08-02,0.24,17.01,10.94,23.05,nasa,0.72
1983-08-03,0.0,11.6,7.56,17.49,nasa,0.72
1983-08-04,0.04,11.92,7.72,17.48,nasa,0.72
1983-08-05,0.03,12.0,7.0,19.17,nasa,0.72
1983-08-06,0.05,11.26,6.3,18.99,nasa,0.71
1983-08-07,0.0,14.03,6.48,21.38,nasa,0.71
1983-08-08,0.0,15.47,7.58,22.52,nasa,0.71
1983-08-09,0.0,16.16,9.16,24.1,nasa,0.71
1983-08-10,0.1,15.33,11.48,21.26,nasa,0.7
1983-08-11,0.34,16.47,12.06,22.44,nasa,0.7
1983-08-12,0.05,16.58,12.32,22.47,nasa,0.7
1983-08-13,0.0,17.11,11.7,23.45,nasa,0.7
1983-08-14,0.0,19.55,14.22,25.73,nasa,0.69
1983-08-15,0.02,19.22,14.31,25.69,nasa,0.69
1983-08-16,0.07,19.51,13.85,26.71,nasa,0.69
1983-08-17,0.08,18.05,14.02,24.37,nasa,0.68
1983-08-18,0.04,18.08,13.11,24.99,nasa,0.68
1983-08-19,0.0,18.68,12.45,26.02,nasa,0.68
1983-08-20,0.03,18.95,14.48,24.92,nasa,0.68
1983-08-21,1.13,15.6,10.7,20.69,nasa,0.68
1983-08-22,0.12,13.36,9.38,19.41,nasa,0.68
1983-08-23,0.0,14.59,10.51,21.41,nasa,0.68
1983-08-24,0.0,15.45,9.57,23.67,nasa,0.67
1983-08-25,0.0,16.6,9.17,25.39,nasa,0.67
1983-08-26,0.0,18.44,11.78,26.82,nasa,0.67
1983-08-27,0.0,19.34,14.5,26.48,nasa,0.66
1983-08-28,0.0,19.53,14.19,27.49,nasa,0.66
1983-08-29,0.0,18.52,13.64,26.13,nasa,0.66
1983-08-30,0.0,19.19,13.42,27.17,nasa,0.66
1983-08-31,0.0,20.61,12.36,29.28,nasa,0.65
1983-09-01,0.0,21.77,14.25,30.37,nasa,0.65
1983-09-02,0.16,20.32,14.86,29.01,nasa,0.65
1983-09-03,0.3,18.71,13.32,26.87,nasa,0.65
1983-09-04,0.54,20.21,14.25,27.79,nasa,0.65
1983-09-05,0.89,21.12,16.27,27.82,nasa,0.65
1983-09-06,0.36,21.73,15.99,28.99,nasa,0.65
1983-09-07,5.9,21.93,16.88,29.03,nasa,0.65
1983-09-08,5.49,20.1,13.32,28.77,nasa,0.66
1983-09-09,5.57,13.74,11.69,17.23,nasa,0.67
1983-09-10,2.06,15.19,11.76,20.7,nasa,0.67
1983-09-11,2.23,15.71,12.33,21.21,nasa,0.67
1983-09-12,2.78,17.54,12.51,23.99,nasa,0.67
1983-09-13,5.44,17.81,13.79,22.72,nasa,0.68
1983-09-14,1.34,19.14,14.76,25.98,nasa,0.68
1983-09-15,0.95,20.56,14.04,28.12,nasa,0.68
1983-09-16,2.79,22.21,17.27,28.49,nasa,0.67
1983-09-17,0.55,20.13,15.47,26.96,nasa,0.67
1983-09-18,0.97,20.75,14.62,28.31,nasa,0.67
1983-09-19,0.48,21.82,16.07,29.65,nasa,0.66
1983-09-20,4.94,16.29,12.34,19.82,nasa,0.66
1983-09-21,3.24,14.5,11.71,19.61,nasa,0.67
1983-09-22,2.29,17.44,12.41,24.23,nasa,0.67
1983-09-23,5.9,19.73,14.39,26.29,nasa,0.67
1983-09-24,3.98,21.2,17.11,27.55,nasa,0.68
1983-09-25,5.22,20.53,17.34,25.08,nasa,0.68
1983-09-26,4.36,18.77,15.22,23.91,nasa,0.68
1983-09-27,5.1,18.17,14.86,23.71,nasa,0.69
1983-09-28,10.65,17.78,15.31,21.52,nasa,0.69
1983-09-29,12.7,18.52,15.08,24.54,nasa,0.71
1983-09-30,3.09,18.46,13.72,24.96,nasa,0.71
1983-10-01,1.24,19.0,13.49,25.85,nasa,0.7
1983-10-02,0.51,20.11,15.18,26.39,nasa,0.69
1983-10-03,0.32,19.57,15.2,25.64,nasa,0.69
1983-10-04,0.53,18.85,14.5,25.0,nasa,0.68
1983-10-05,0.14,19.44,14.29,26.2,nasa,0.67
1983-10-06,0.09,18.06,15.0,21.8,nasa,0.67
1983-10-07,0.26,18.22,15.28,22.15,nasa,0.67
1983-10-08,0.05,20.27,15.15,26.96,nasa,0.67
1983-10-09,0.0,21.73,15.48,28.52,nasa,0.66
1983-10-10,6.27,21.17,16.61,27.63,nasa,0.66
1983-10-11,10.59,19.39,16.35,23.22,nasa,0.67
1983-10-12,19.33,19.27,15.64,24.91,nasa,0.7
1983-10-13,16.12,17.87,15.69,20.99,nasa,0.73
1983-10-14,24.22,17.11,14.79,19.43,nasa,0.75
1983-10-15,9.63,19.17,16.7,23.16,nasa,0.77
1983-10-16,0.77,21.84,16.85,27.3,nasa,0.75
1983-10-17,1.85,23.06,17.59,28.8,nasa,0.73
1983-10-18,2.66,22.71,19.46,27.15,nasa,0.72
1983-10-19,20.05,20.37,17.58,23.69,nasa,0.74
1983-10-20,10.88,19.26,16.84,22.4,nasa,0.76
1983-10-21,1.61,20.33,17.31,24.83,nasa,0.75
1983-10-22,3.47,21.03,16.77,26.3,nasa,0.74
1983-10-23,8.48,21.71,18.27,27.22,nasa,0.74
1983-10-24,21.38,16.11,11.77,19.55,nasa,0.76
1983-10-25,3.44,13.95,11.7,17.1,nasa,0.77
1983-10-26,2.73,15.74,12.96,20.37,nasa,0.76
1983-10-27,4.8,17.48,13.85,22.72,nasa,0.76
1983-10-28,10.59,18.63,14.81,24.36,nasa,0.76
1983-10-29,7.24,18.23,13.96,23.71,nasa,0.76
1983-10-30,3.98,18.29,13.86,24.27,nasa,0.76
1983-10-31,3.09,18.47,13.6,24.93,nasa,0.75
1983-11-01,5.42,19.25,14.27,24.8,nasa,0.75
1983-11-02,9.67,20.14,16.31,24.74,nasa,0.75
1983-11-03,19.37,19.81,17.25,23.83,nasa,0.78
1983-11-04,20.83,20.13,16.95,24.49,nasa,0.8
1983-11-05,6.16,21.04,17.69,25.8,nasa,0.8
1983-11-06,10.98,21.16,16.77,26.61,nasa,0.8
1983-11-07,4.33,21.44,15.88,27.09,nasa,0.79
1983-11-08,3.08,21.88,16.3,28.2,nasa,0.79
1983-11-09,5.16,21.87,18.72,25.82,nasa,0.78
1983-11-10,2.01,20.68,17.73,24.66,nasa,0.78
1983-11-11,1.71,21.29,17.47,25.92,nasa,0.78
1983-11-12,9.33,20.76,18.81,24.34,nasa,0.78
1983-11-13,6.25,22.36,18.62,27.33,nasa,0.79
1983-11-14,6.09,22.44,19.34,26.84,nasa,0.79
1983-11-15,22.66,21.93,18.92,25.84,nasa,0.8
1983-11-16,12.28,21.84,19.21,25.51,nasa,0.82
1983-11-17,8.51,22.16,18.36,27.2,nasa,0.82
1983-11-18,5.0,20.46,15.61,25.97,nasa,0.81
1983-11-19,0.58,21.8,18.58,26.98,nasa,0.8
1983-11-20,0.75,21.41,17.87,25.77,nasa,0.79
1983-11-21,9.29,21.16,17.85,24.72,nasa,0.79
1983-11-22,17.22,21.55,18.26,25.69,nasa,0.8
1983-11-23,4.02,17.73,14.58,22.65,nasa,0.82
1983-11-24,1.32,19.57,13.81,25.83,nasa,0.81
1983-11-25,1.57,21.2,16.94,25.69,nasa,0.8
1983-11-26,1.82,20.62,17.8,24.12,nasa,0.8
1983-11-27,1.17,19.9,16.48,24.43,nasa,0.8
1983-11-28,1.12,17.31,15.29,20.6,nasa,0.8
1983-11-29,4.81,16.77,14.14,19.85,nasa,0.8
1983-11-30,4.58,18.51,12.49,24.96,nasa,0.8
1983-12-01,1.69,20.05,16.3,24.84,nasa,0.8
1983-12-02,26.04,20.15,17.34,24.34,nasa,0.81
1983-12-03,29.8,19.25,17.07,22.76,nasa,0.85
1983-12-04,13.01,19.5,17.45,22.5,nasa,0.87
1983-12-05,6.95,20.56,17.28,24.61,nasa,0.86
1983-12-06,24.34,20.45,18.2,23.66,nasa,0.86
1983-12-07,15.46,20.17,18.73,22.71,nasa,0.88
1983-12-08,19.41,20.48,18.05,22.58,nasa,0.89
1983-12-09,35.03,20.49,17.54,24.6,nasa,0.91
1983-12-10,17.27,20.03,18.08,23.54,nasa,0.92
1983-12-11,22.26,20.11,17.92,22.8,nasa,0.92
1983-12-12,7.94,20.65,18.68,23.81,nasa,0.93
1983-12-13,7.74,21.26,18.05,25.06,nasa,0.92
1983-12-14,7.95,22.34,18.3,26.6,nasa,0.92
1983-12-15,8.93,22.51,18.46,25.84,nasa,0.92
1983-12-16,3.88,21.22,18.82,23.88,nasa,0.92
1983-12-17,0.26,20.76,17.12,25.15,nasa,0.91
1983-12-18,0.69,21.28,17.15,26.26,nasa,0.9
1983-12-19,0.21,21.03,17.43,25.68,nasa,0.9
1983-12-20,0.57,21.42,17.35,26.85,nasa,0.89
1983-12-21,6.65,22.2,16.72,27.61,nasa,0.89
1983-12-22,0.67,22.27,18.37,27.57,nasa,0.89
1983-12-23,8.02,22.0,18.22,26.6,nasa,0.88
1983-12-24,8.3,21.33,18.11,25.43,nasa,0.89
1983-12-25,3.6,21.03,17.47,25.9,nasa,0.89
1983-12-26,14.72,20.17,17.67,24.14,nasa,0.89
1983-12-27,13.47,19.93,16.21,24.27,nasa,0.9
1983-12-28,6.52,20.1,16.97,24.13,nasa,0.91
1983-12-29,3.46,20.23,16.02,25.47,nasa,0.9
1983-12-30,2.57,20.37,15.63,25.37,nasa,0.9
1983-12-31,3.88,19.93,15.86,23.79,nasa,0.89
1984-01-01,1.63,20.12,16.2,24.89,nasa,0.89
1984-01-02,5.41,20.48,16.26,24.79,nasa,0.89
1984-01-03,0.63,20.79,15.8,25.94,nasa,0.89
1984-01-04,0.88,21.76,16.38,27.57,nasa,0.88
1984-01-05,4.08,22.98,17.75,28.22,nasa,0.87
1984-01-06,10.98,22.67,18.23,26.47,nasa,0.88
1984-01-07,7.45,22.64,19.21,27.94,nasa,0.89
1984-01-08,3.09,21.67,18.22,26.37,nasa,0.88
1984-01-09,0.66,21.38,17.38,26.85,nasa,0.88
1984-01-10,1.14,21.83,16.83,27.85,nasa,0.87
1984-01-11,0.07,21.93,15.84,28.52,nasa,0.86
1984-01-12,0.02,21.54,15.23,28.2,nasa,0.85
1984-01-13,0.0,21.8,15.3,28.26,nasa,0.84
1984-01-14,0.0,22.02,15.28,28.5,nasa,0.83
1984-01-15,0.73,21.75,15.18,28.0,nasa,0.83
1984-01-16,0.07,22.11,15.09,28.39,nasa,0.82
1984-01-17,0.28,22.94,16.18,28.78,nasa,0.82
1984-01-18,4.81,22.7,17.77,28.0,nasa,0.81
1984-01-19,1.06,22.29,18.45,26.99,nasa,0.81
1984-01-20,4.72,22.63,18.47,27.66,nasa,0.81
1984-01-21,12.07,21.75,17.35,25.59,nasa,0.82
1984-01-22,17.24,20.84,17.93,24.57,nasa,0.84
1984-01-23,25.29,19.59,18.3,21.71,nasa,0.86
1984-01-24,16.87,19.41,18.14,20.86,nasa,0.88
1984-01-25,16.68,19.16,16.77,21.38,nasa,0.89
1984-01-26,6.38,20.98,16.39,25.98,nasa,0.89
1984-01-27,2.23,21.77,18.07,26.8,nasa,0.88
1984-01-28,0.82,22.12,17.59,27.61,nasa,0.86
1984-01-29,0.48,22.39,18.08,28.38,nasa,0.86
1984-01-30,0.78,21.95,16.94,28.17,nasa,0.85
1984-01-31,0.04,22.17,16.98,27.73,nasa,0.84
1984-02-01,0.38,23.05,17.98,28.97,nasa,0.83
1984-02-02,0.19,22.44,18.28,27.79,nasa,0.83
1984-02-03,0.4,22.29,17.66,27.8,nasa,0.82
1984-02-04,0.35,22.38,18.26,27.24,nasa,0.82
1984-02-05,1.54,22.52,18.1,27.78,nasa,0.81
1984-02-06,0.83,22.6,18.3,28.15,nasa,0.81
1984-02-07,4.16,21.97,18.68,27.0,nasa,0.81
1984-02-08,5.31,20.82,18.45,23.97,nasa,0.81
1984-02-09,3.07,21.34,17.89,25.3,nasa,0.82
1984-02-10,6.34,21.63,17.84,26.5,nasa,0.82
1984-02-11,2.13,20.44,17.02,24.52,nasa,0.82
1984-02-12,2.29,20.48,15.34,25.91,nasa,0.82
1984-02-13,1.32,21.05,17.06,25.84,nasa,0.81
1984-02-14,1.45,21.32,16.55,27.15,nasa,0.8
1984-02-15,4.67,21.58,17.12,26.81,nasa,0.8
1984-02-16,2.8,22.12,17.44,27.82,nasa,0.8
1984-02-17,4.14,22.45,18.05,27.82,nasa,0.79
1984-02-18,1.74,21.1,18.15,25.15,nasa,0.8
1984-02-19,1.14,21.5,17.81,26.3,nasa,0.79
1984-02-20,1.11,21.42,16.56,27.34,nasa,0.79
1984-02-21,1.31,22.22,17.17,28.23,nasa,0.78
1984-02-22,1.4,22.65,17.96,28.52,nasa,0.78
1984-02-23,0.74,22.44,18.14,27.99,nasa,0.77
1984-02-24,0.11,22.22,18.36,27.29,nasa,0.76
1984-02-25,0.01,22.43,18.1,27.76,nasa,0.76
1984-02-26,0.16,22.36,18.58,26.94,nasa,0.75
1984-02-27,0.42,22.44,18.02,28.11,nasa,0.75
1984-02-28,1.81,21.91,18.23,25.8,nasa,0.75
1984-02-29,0.89,21.82,19.12,25.89,nasa,0.75
1984-03-01,1.38,22.28,18.56,27.19,nasa,0.75
1984-03-02,0.58,22.03,17.49,27.28,nasa,0.74
1984-03-03,6.4,21.34,18.41,25.59,nasa,0.74
1984-03-04,3.92,21.85,17.4,27.35,nasa,0.75
1984-03-05,5.39,21.8,16.64,27.65,nasa,0.75
1984-03-06,16.96,21.62,18.39,26.73,nasa,0.76
1984-03-07,9.75,22.47,18.07,26.94,nasa,0.78
1984-03-08,8.12,21.49,19.54,23.78,nasa,0.78
1984-03-09,6.28,21.83,17.97,25.64,nasa,0.79
1984-03-10,9.8,22.64,19.28,27.24,nasa,0.79
1984-03-11,5.24,22.25,19.87,26.16,nasa,0.79
1984-03-12,3.06,20.26,18.16,23.99,nasa,0.79
1984-03-13,4.15,18.46,16.49,21.77,nasa,0.79
1984-03-14,3.3,18.33,14.35,23.51,nasa,0.79
1984-03-15,0.44,17.29,12.82,23.6,nasa,0.78
1984-03-16,0.17,17.93,12.68,24.33,nasa,0.77
1984-03-17,0.15,19.43,14.35,25.17,nasa,0.76
1984-03-18,1.21,20.91,15.76,26.71,nasa,0.76
1984-03-19,1.56,21.87,16.69,27.62,nasa,0.75
1984-03-20,1.81,22.8,18.25,27.43,nasa,0.75
1984-03-21,13.19,21.98,18.25,26.76,nasa,0.76
1984-03-22,24.8,20.68,17.44,25.1,nasa,0.79
1984-03-23,0.44,18.76,14.34,23.91,nasa,0.79
1984-03-24,0.05,17.26,12.72,23.62,nasa,0.78
1984-03-25,0.04,18.56,12.24,25.82,nasa,0.77
1984-03-26,0.97,19.7,14.36,26.42,nasa,0.76
1984-03-27,1.87,19.41,15.19,25.81,nasa,0.76
1984-03-28,4.36,20.05,14.01,26.55,nasa,0.75
1984-03-29,4.08,21.56,17.42,26.9,nasa,0.75
1984-03-30,18.03,21.43,18.57,25.26,nasa,0.76
1984-03-31,9.3,17.68,13.83,21.36,nasa,0.79
1984-04-01,0.65,16.65,13.5,22.11,nasa,0.78
1984-04-02,0.21,18.08,12.81,24.24,nasa,0.77
1984-04-03,0.08,20.24,15.26,25.14,nasa,0.77
1984-04-04,4.6,21.26,18.63,25.44,nasa,0.76
1984-04-05,16.92,20.06,17.29,22.68,nasa,0.78
1984-04-06,12.16,19.25,16.93,23.36,nasa,0.8
1984-04-07,3.89,18.37,15.5,23.48,nasa,0.8
1984-04-08,1.15,18.17,15.02,23.13,nasa,0.79
1984-04-09,1.6,17.88,15.97,21.4,nasa,0.79
1984-04-10,2.26,17.18,14.71,21.98,nasa,0.78
1984-04-11,6.66,17.38,14.45,21.84,nasa,0.78
1984-04-12,4.51,18.28,15.69,22.93,nasa,0.79
1984-04-13,0.21,17.04,14.56,21.47,nasa,0.78
1984-04-14,0.12,18.31,14.5,23.96,nasa,0.78
1984-04-15,0.24,18.69,14.72,23.55,nasa,0.77
1984-04-16,0.04,19.27,15.05,24.91,nasa,0.76
1984-04-17,0.03,19.71,15.19,25.56,nasa,0.76
1984-04-18,1.65,20.35,16.15,25.72,nasa,0.75
1984-04-19,1.39,20.09,16.08,25.77,nasa,0.75
1984-04-20,0.61,19.83,15.25,25.63,nasa,0.75
1984-04-21,0.21,19.84,15.61,25.82,nasa,0.74
1984-04-22,0.29,18.99,15.02,25.0,nasa,0.74
1984-04-23,0.02,19.88,15.28,25.92,nasa,0.73
1984-04-24,0.19,20.58,15.38,26.46,nasa,0.73
1984-04-25,7.21,18.8,15.18,23.15,nasa,0.73
1984-04-26,0.88,17.75,14.68,22.73,nasa,0.74
1984-04-27,0.6,19.99,14.98,25.67,nasa,0.74
1984-04-28,5.33,20.21,16.64,25.0,nasa,0.74
1984-04-29,0.99,19.6,16.18,25.02,nasa,0.74
1984-04-30,0.16,19.47,15.32,25.08,nasa,0.73
1984-05-01,0.0,19.44,15.31,25.04,nasa,0.73
1984-05-02,0.12,19.06,14.44,24.43,nasa,0.72
1984-05-03,0.26,18.6,14.16,24.36,nasa,0.72
1984-05-04,0.4,17.87,14.09,23.26,nasa,0.72
1984-05-05,0.82,19.05,15.01,24.77,nasa,0.71
1984-05-06,0.14,19.21,14.85,25.13,nasa,0.71
1984-05-07,0.03,19.93,14.94,25.43,nasa,0.71
1984-05-08,0.02,20.26,15.63,25.73,nasa,0.71
1984-05-09,0.4,19.92,16.24,25.35,nasa,0.7
1984-05-10,0.14,19.85,15.52,26.03,nasa,0.7
1984-05-11,0.0,20.24,15.18,26.28,nasa,0.7
1984-05-12,0.0,20.1,14.84,26.36,nasa,0.69
1984-05-13,0.05,19.84,15.28,26.03,nasa,0.69
1984-05-14,0.12,20.26,16.06,26.12,nasa,0.69
1984-05-15,4.65,20.41,16.71,25.76,nasa,0.69
1984-05-16,1.88,19.05,17.26,22.6,nasa,0.69
1984-05-17,0.97,19.87,17.04,24.85,nasa,0.7
1984-05-18,0.22,19.99,15.59,25.63,nasa,0.69
1984-05-19,0.08,20.23,16.53,25.71,nasa,0.69
1984-05-20,0.83,19.49,15.86,25.75,nasa,0.69
1984-05-21,0.29,18.61,14.08,25.06,nasa,0.68
1984-05-22,0.01,19.03,14.18,24.69,nasa,0.68
1984-05-23,0.0,18.34,13.17,24.21,nasa,0.68
1984-05-24,0.0,18.66,13.59,24.71,nasa,0.68
1984-05-25,0.0,18.68,13.23,25.98,nasa,0.67
1984-05-26,0.0,18.94,13.1,25.17,nasa,0.67
1984-05-27,0.06,18.82,12.36,26.61,nasa,0.67
1984-05-28,0.05,19.66,14.39,26.46,nasa,0.67
1984-05-29,0.05,18.45,14.12,25.72,nasa,0.66
1984-05-30,0.04,18.98,13.61,26.1,nasa,0.66
1984-05-31,0.3,18.81,14.68,26.05,nasa,0.66
1984-06-01,1.38,17.46,14.06,23.41,nasa,0.66
1984-06-02,1.17,17.55,13.31,24.45,nasa,0.66
1984-06-03,0.03,17.93,13.7,24.34,nasa,0.66
1984-06-04,0.04,17.59,12.73,24.91,nasa,0.66
1984-06-05,0.02,18.22,11.82,25.46,nasa,0.66
1984-06-06,0.0,19.17,13.62,25.6,nasa,0.66
1984-06-07,0.0,19.08,13.62,25.19,nasa,0.65
1984-06-08,0.04,19.4,14.52,26.49,nasa,0.65
1984-06-09,0.02,18.72,13.65,25.54,nasa,0.65
1984-06-10,0.02,19.35,14.46,26.27,nasa,0.65
1984-06-11,0.08,17.08,13.11,24.07,nasa,0.65
1984-06-12,0.08,17.15,11.7,25.02,nasa,0.65
1984-06-13,0.0,18.72,12.06,26.62,nasa,0.65
1984-06-14,0.29,18.68,13.76,24.94,nasa,0.64
1984-06-15,0.01,19.76,14.9,26.47,nasa,0.64
1984-06-16,0.0,20.16,13.62,27.66,nasa,0.64
1984-06-17,0.0,20.27,13.8,27.15,nasa,0.64
1984-06-18,0.0,17.89,12.74,24.21,nasa,0.64
1984-06-19,0.0,18.84,13.22,26.58,nasa,0.64
1984-06-20,0.0,19.42,13.95,26.33,nasa,0.64
1984-06-21,0.0,18.11,12.6,26.23,nasa,0.64
1984-06-22,0.0,17.9,12.41,25.83,nasa,0.64
1984-06-23,0.0,18.93,13.45,26.77,nasa,0.64
1984-06-24,0.0,18.23,12.92,26.33,nasa,0.63
1984-06-25,0.0,18.32,13.24,25.94,nasa,0.63
1984-06-26,0.0,17.86,12.89,25.91,nasa,0.63
1984-06-27,0.02,19.15,12.61,28.28,nasa,0.63
1984-06-28,0.27,16.47,12.98,22.05,nasa,0.63
1984-06-29,0.24,15.16,12.3,20.77,nasa,0.63
1984-06-30,0.43,15.48,12.33,21.31,nasa,0.63
1984-07-01,1.52,15.92,11.84,22.15,nasa,0.63
1984-07-02,0.09,17.08,12.17,24.85,nasa,0.63
1984-07-03,0.03,18.05,13.34,24.92,nasa,0.63
1984-07-04,0.0,19.27,14.18,26.68,nasa,0.63
1984-07-05,0.0,18.36,13.89,25.77,nasa,0.63
1984-07-06,0.0,18.48,13.52,26.5,nasa,0.63
1984-07-07,0.0,19.13,12.76,28.03,nasa,0.63
1984-07-08,0.0,18.06,12.6,25.79,nasa,0.63
1984-07-09,0.14,17.16,12.38,25.22,nasa,0.62
1984-07-10,0.02,17.58,12.35,25.28,nasa,0.62
1984-07-11,0.06,18.24,13.01,26.27,nasa,0.62
1984-07-12,0.06,18.4,13.09,26.89,nasa,0.62
1984-07-13,0.0,19.44,12.16,28.05,nasa,0.62
1984-07-14,0.09,18.82,14.87,25.32,nasa,0.62
1984-07-15,0.34,18.87,14.8,24.88,nasa,0.62
1984-07-16,0.01,20.17,15.16,26.9,nasa,0.62
1984-07-17,0.07,18.36,13.67,25.02,nasa,0.62
1984-07-18,1.13,18.63,13.66,26.24,nasa,0.62
1984-07-19,0.0,18.88,13.12,26.49,nasa,0.62
1984-07-20,0.0,19.01,14.14,26.14,nasa,0.62
1984-07-21,0.0,18.32,13.42,25.28,nasa,0.62
1984-07-22,0.14,17.88,12.01,25.57,nasa,0.62
1984-07-23,0.11,14.58,10.37,20.7,nasa,0.61
1984-07-24,0.01,16.32,11.92,22.92,nasa,0.61
1984-07-25,0.04,18.02,13.16,24.68,nasa,0.61
1984-07-26,0.1,18.36,13.86,25.03,nasa,0.61
1984-07-27,0.09,17.83,13.34,24.61,nasa,0.61
1984-07-28,0.01,18.35,12.17,26.56,nasa,0.61
1984-07-29,2.74,14.95,12.06,18.06,nasa,0.61
1984-07-30,1.64,13.04,9.56,18.33,nasa,0.62
1984-07-31,0.09,12.53,9.25,18.47,nasa,0.62
1984-08-01,0.01,15.32,8.27,23.87,nasa,0.62
1984-08-02,0.04,19.08,13.08,27.73,nasa,0.62
1984-08-03,0.14,20.44,15.62,27.79,nasa,0.61
1984-08-04,0.1,20.91,16.04,28.75,nasa,0.61
1984-08-05,0.01,21.0,16.13,27.61,nasa,0.61
1984-08-06,0.0,20.22,15.53,28.49,nasa,0.61
1984-08-07,0.02,20.83,15.01,29.5,nasa,0.61
1984-08-08,0.07,20.05,14.02,28.72,nasa,0.61
1984-08-09,0.0,19.03,13.16,28.0,nasa,0.61
1984-08-10,0.0,19.61,13.81,28.67,nasa,0.61
1984-08-11,0.33,19.23,13.88,28.11,nasa,0.6
1984-08-12,0.03,19.77,13.75,28.98,nasa,0.6
1984-08-13,0.0,21.05,13.64,31.08,nasa,0.6
1984-08-14,0.11,21.28,15.3,29.9,nasa,0.6
1984-08-15,3.88,18.7,14.71,25.03,nasa,0.6
1984-08-16,12.46,18.06,14.16,26.08,nasa,0.62
1984-08-17,5.61,14.81,12.54,19.43,nasa,0.64
1984-08-18,1.66,13.47,10.96,17.36,nasa,0.64
1984-08-19,0.48,12.78,10.01,17.18,nasa,0.64
1984-08-20,0.14,14.49,9.49,21.02,nasa,0.63
1984-08-21,0.09,16.31,11.06,23.47,nasa,0.63
1984-08-22,0.1,16.78,11.84,23.13,nasa,0.63
1984-08-23,0.32,18.85,14.24,25.96,nasa,0.63
1984-08-24,0.87,20.02,14.66,26.95,nasa,0.63
1984-08-25,9.16,20.16,16.39,26.4,nasa,0.63
1984-08-26,7.97,14.29,9.99,17.17,nasa,0.65
1984-08-27,5.84,11.5,9.18,14.41,nasa,0.66
1984-08-28,7.7,12.72,10.01,16.19,nasa,0.66
1984-08-29,3.26,14.21,11.03,19.74,nasa,0.67
1984-08-30,6.37,14.94,12.31,20.24,nasa,0.67
1984-08-31,6.87,14.89,11.96,19.97,nasa,0.67
1984-09-01,1.05,14.87,11.08,20.47,nasa,0.67
1984-09-02,0.23,14.94,10.05,21.81,nasa,0.66
1984-09-03,0.13,16.14,9.52,24.59,nasa,0.65
1984-09-04,0.46,17.01,10.23,25.2,nasa,0.65
1984-09-05,0.12,18.21,12.3,25.82,nasa,0.65
1984-09-06,0.64,18.56,13.62,26.06,nasa,0.64
1984-09-07,0.38,19.28,14.47,26.81,nasa,0.64
1984-09-08,3.59,19.04,14.19,25.34,nasa,0.64
1984-09-09,3.42,17.9,11.73,24.06,nasa,0.64
1984-09-10,0.07,15.06,10.19,22.35,nasa,0.64
1984-09-11,0.03,15.17,9.74,23.35,nasa,0.64
1984-09-12,0.0,17.59,10.83,25.78,nasa,0.64
1984-09-13,0.16,19.95,13.03,27.89,nasa,0.63
1984-09-14,0.11,21.28,15.86,29.23,nasa,0.63
1984-09-15,0.1,21.48,14.88,28.94,nasa,0.63
1984-09-16,3.42,23.0,16.9,30.06,nasa,0.63
1984-09-17,1.66,19.08,13.85,26.2,nasa,0.63
1984-09-18,0.97,14.85,12.28,18.49,nasa,0.63
1984-09-19,0.33,17.96,11.28,26.53,nasa,0.63
1984-09-20,11.21,19.72,13.95,26.5,nasa,0.64
1984-09-21,3.9,19.89,17.08,24.35,nasa,0.65
1984-09-22,1.62,19.66,14.73,27.95,nasa,0.65
1984-09-23,0.88,18.02,14.46,24.77,nasa,0.65
1984-09-24,0.26,19.81,13.81,28.59,nasa,0.64
1984-09-25,0.22,20.04,13.86,28.49,nasa,0.64
1984-09-26,2.55,22.59,14.64,31.47,nasa,0.64
1984-09-27,7.82,23.01,19.25,28.67,nasa,0.65
1984-09-28,16.38,21.32,18.22,26.63,nasa,0.66
1984-09-29,8.28,19.38,13.89,26.07,nasa,0.68
1984-09-30,1.16,17.25,13.03,23.59,nasa,0.67
1984-10-01,0.03,18.64,13.24,26.07,nasa,0.66
1984-10-02,0.0,20.48,13.8,28.61,nasa,0.66
1984-10-03,0.0,21.82,15.23,30.01,nasa,0.65
1984-10-04,0.0,22.3,16.38,30.62,nasa,0.64
1984-10-05,0.01,22.02,16.4,29.94,nasa,0.64
1984-10-06,0.0,23.01,16.31,31.59,nasa,0.63
1984-10-07,0.03,22.39,17.24,30.53,nasa,0.63
1984-10-08,0.16,20.09,15.99,27.33,nasa,0.63
1984-10-09,0.08,21.72,16.01,28.56,nasa,0.62
1984-10-10,0.87,23.93,16.88,33.21,nasa,0.62
1984-10-11,3.48,20.69,15.18,27.7,nasa,0.62
1984-10-12,1.04,19.28,13.38,29.04,nasa,0.63
1984-10-13,0.17,19.83,13.25,29.92,nasa,0.62
1984-10-14,0.02,21.03,13.6,31.42,nasa,0.62
1984-10-15,0.04,20.85,14.44,30.55,nasa,0.62
1984-10-16,0.06,20.93,14.8,29.71,nasa,0.61
1984-10-17,0.03,22.09,15.31,30.4,nasa,0.61
1984-10-18,0.6,23.05,16.89,31.09,nasa,0.61
1984-10-19,31.99,21.4,17.82,26.37,nasa,0.62
1984-10-20,36.78,18.14,14.81,20.16,nasa,0.71
1984-10-21,25.02,18.19,14.05,23.9,nasa,0.74
1984-10-22,9.71,18.88,12.92,24.92,nasa,0.75
1984-10-23,1.59,21.31,15.42,27.56,nasa,0.73
1984-10-24,0.38,19.62,17.39,22.67,nasa,0.72
1984-10-25,6.32,18.68,15.56,22.65,nasa,0.71
1984-10-26,1.01,18.56,14.19,25.26,nasa,0.71
1984-10-27,0.08,16.99,12.02,24.43,nasa,0.69
1984-10-28,0.02,18.61,12.07,26.65,nasa,0.68
1984-10-29,0.0,20.78,13.98,28.4,nasa,0.67
1984-10-30,0.0,22.17,16.04,29.64,nasa,0.66
1984-10-31,1.0,23.2,17.65,30.89,nasa,0.66
1984-11-01,1.22,22.16,17.31,28.55,nasa,0.65
1984-11-02,0.42,21.36,15.42,28.82,nasa,0.65
1984-11-03,0.07,22.16,15.54,30.31,nasa,0.65
1984-11-04,0.31,23.69,17.38,31.63,nasa,0.64
1984-11-05,0.6,23.37,17.83,31.4,nasa,0.64
1984-11-06,2.91,22.07,16.52,30.4,nasa,0.64
1984-11-07,0.43,21.69,16.1,29.87,nasa,0.64
1984-11-08,0.07,21.92,16.87,29.24,nasa,0.63
1984-11-09,0.49,23.69,18.4,30.7,nasa,0.63
1984-11-10,2.46,23.97,17.7,33.05,nasa,0.63
1984-11-11,17.25,21.33,17.35,27.62,nasa,0.65
1984-11-12,1.81,21.07,17.83,25.77,nasa,0.66
1984-11-13,10.29,21.13,17.34,26.37,nasa,0.67
1984-11-14,5.36,19.79,15.36,25.03,nasa,0.68
1984-11-15,0.72,18.52,14.22,25.45,nasa,0.67
1984-11-16,0.19,20.03,14.17,27.42,nasa,0.67
1984-11-17,0.62,21.63,14.83,29.33,nasa,0.66
1984-11-18,26.36,19.67,17.09,22.9,nasa,0.67
1984-11-19,16.19,20.02,16.36,25.63,nasa,0.71
1984-11-20,37.97,18.57,16.18,22.01,nasa,0.74
1984-11-21,17.99,19.22,15.87,21.8,nasa,0.78
1984-11-22,10.89,21.12,18.67,25.15,nasa,0.77
1984-11-23,18.68,20.4,18.56,23.04,nasa,0.79
1984-11-24,0.81,20.95,17.76,26.16,nasa,0.77
1984-11-25,2.16,21.66,17.66,26.86,nasa,0.75
1984-11-26,25.64,20.92,18.02,24.49,nasa,0.76
1984-11-27,26.38,19.37,16.45,23.84,nasa,0.79
1984-11-28,16.0,18.61,15.94,23.45,nasa,0.82
1984-11-29,3.8,18.91,15.86,22.8,nasa,0.8
1984-11-30,15.82,19.23,16.73,23.23,nasa,0.8
1984-12-01,3.42,20.57,16.53,25.62,nasa,0.8
1984-12-02,9.69,21.24,18.23,25.59,nasa,0.79
1984-12-03,23.27,21.1,17.84,25.72,nasa,0.8
1984-12-04,13.77,20.04,17.42,23.41,nasa,0.82
1984-12-05,6.95,19.45,17.23,22.83,nasa,0.82
1984-12-06,9.36,20.32,16.31,24.79,nasa,0.82
1984-12-07,4.39,20.58,17.01,24.92,nasa,0.81
1984-12-08,19.22,20.56,18.21,24.73,nasa,0.81
1984-12-09,18.97,21.34,18.1,25.4,nasa,0.84
1984-12-10,8.22,21.97,18.17,26.9,nasa,0.84
1984-12-11,5.17,21.51,18.76,24.91,nasa,0.83
1984-12-12,15.4,20.98,18.15,25.3,nasa,0.84
1984-12-13,13.17,21.75,16.95,26.63,nasa,0.85
1984-12-14,32.34,22.57,20.45,25.53,nasa,0.86
1984-12-15,20.64,20.45,17.27,24.56,nasa,0.89
1984-12-16,35.96,19.31,17.14,22.39,nasa,0.91
1984-12-17,5.62,22.13,18.21,26.46,nasa,0.91
1984-12-18,19.33,22.71,19.27,26.48,nasa,0.9
1984-12-19,5.28,18.52,15.37,22.97,nasa,0.9
1984-12-20,1.18,18.35,14.71,22.63,nasa,0.89
1984-12-21,7.36,20.75,15.9,25.4,nasa,0.89
1984-12-22,5.95,20.41,16.16,25.9,nasa,0.89
1984-12-23,1.96,18.24,14.96,23.52,nasa,0.89
1984-12-24,0.78,20.25,14.67,26.44,nasa,0.88
1984-12-25,5.27,21.45,16.44,26.61,nasa,0.88
1984-12-26,9.62,21.08,17.99,24.75,nasa,0.88
1984-12-27,13.38,21.12,18.05,24.84,nasa,0.89
1984-12-28,10.29,20.39,17.9,24.32,nasa,0.9
1984-12-29,15.4,19.96,17.49,23.26,nasa,0.9
1984-12-30,19.71,20.45,16.75,24.72,nasa,0.91
1984-12-31,16.34,20.95,18.54,24.73,nasa,0.93
1985-01-01,14.89,21.27,18.59,24.54,nasa,0.93
1985-01-02,12.25,20.9,17.35,25.42,nasa,0.94
1985-01-03,2.74,19.0,15.95,23.71,nasa,0.93
1985-01-04,4.64,19.86,16.15,24.99,nasa,0.93
1985-01-05,5.48,19.19,16.98,22.32,nasa,0.93
1985-01-06,6.84,20.16,16.53,25.05,nasa,0.93
1985-01-07,18.76,20.4,17.42,23.56,nasa,0.93
1985-01-08,30.86,21.13,19.23,24.45,nasa,0.96
1985-01-09,29.94,20.11,17.25,24.35,nasa,0.97
1985-01-10,7.29,18.89,15.8,23.64,nasa,0.98
1985-01-11,2.53,19.66,14.58,25.64,nasa,0.97
1985-01-12,18.64,21.05,17.6,24.91,nasa,0.97
1985-01-13,25.41,20.56,18.65,23.76,nasa,0.98
1985-01-14,28.34,19.13,17.02,21.63,nasa,0.99
1985-01-15,17.38,19.05,15.72,23.84,nasa,1.0
1985-01-16,5.52,20.17,16.28,24.76,nasa,0.99
1985-01-17,17.72,19.94,17.56,23.42,nasa,0.99
1985-01-18,32.65,19.0,17.5,20.91,nasa,1.0
1985-01-19,27.62,20.44,17.73,24.02,nasa,1.0
1985-01-20,14.01,19.42,17.92,20.83,nasa,1.0
1985-01-21,13.32,19.15,17.4,20.62,nasa,1.0
1985-01-22,10.09,19.9,17.33,23.52,nasa,1.0
1985-01-23,19.9,20.93,17.95,24.77,nasa,1.0
1985-01-24,10.21,20.42,18.66,22.48,nasa,1.0
1985-01-25,31.77,20.47,17.53,23.97,nasa,1.0
1985-01-26,23.24,20.55,18.37,22.55,nasa,1.0
1985-01-27,27.18,20.95,18.71,23.29,nasa,1.0
1985-01-28,25.53,22.04,18.84,25.36,nasa,1.0
1985-01-29,13.85,21.67,19.46,24.45,nasa,1.0
1985-01-30,9.74,21.79,19.65,24.45,nasa,1.0
1985-01-31,5.59,22.61,19.56,26.51,nasa,1.0
1985-02-01,0.76,21.78,17.46,26.56,nasa,0.99
1985-02-02,0.79,21.07,15.46,27.16,nasa,0.99
1985-02-03,0.34,20.9,15.35,27.04,nasa,0.98
1985-02-04,0.33,21.1,15.14,27.07,nasa,0.97
1985-02-05,8.13,22.52,16.71,28.37,nasa,0.97
1985-02-06,16.74,21.76,18.82,25.25,nasa,0.97
1985-02-07,3.85,20.98,16.49,26.35,nasa,0.98
1985-02-08,1.96,20.19,14.2,26.13,nasa,0.97
1985-02-09,3.04,20.62,17.28,24.54,nasa,0.97
1985-02-10,1.38,21.36,18.72,25.26,nasa,0.96
1985-02-11,1.03,22.13,17.81,27.19,nasa,0.96
1985-02-12,0.52,22.34,17.9,27.82,nasa,0.95
1985-02-13,0.08,22.5,17.96,28.14,nasa,0.94
1985-02-14,0.25,22.02,17.63,27.83,nasa,0.93
1985-02-15,1.35,21.27,16.7,26.53,nasa,0.92
1985-02-16,0.18,21.32,17.37,26.65,nasa,0.91
1985-02-17,0.0,21.2,16.69,26.44,nasa,0.91
1985-02-18,0.0,20.78,16.81,25.92,nasa,0.9
1985-02-19,0.04,20.94,15.97,26.76,nasa,0.89
1985-02-20,0.65,21.24,17.02,26.67,nasa,0.89
1985-02-21,2.32,21.95,17.85,26.82,nasa,0.89
1985-02-22,14.01,21.35,18.77,25.25,nasa,0.89
1985-02-23,28.03,21.22,18.11,24.84,nasa,0.92
1985-02-24,24.13,21.6,19.16,25.36,nasa,0.93
1985-02-25,13.16,21.8,19.0,25.61,nasa,0.94
1985-02-26,4.5,21.49,18.15,25.4,nasa,0.94
1985-02-27,11.39,22.12,17.31,26.56,nasa,0.94
1985-02-28,22.57,20.87,18.43,24.62,nasa,0.95
1985-03-01,4.29,21.35,18.31,26.35,nasa,0.96
1985-03-02,1.17,21.03,16.22,26.21,nasa,0.94
1985-03-03,4.84,21.22,17.35,26.38,nasa,0.94
1985-03-04,9.51,20.95,17.34,25.64,nasa,0.94
1985-03-05,1.53,21.37,17.04,26.42,nasa,0.94
1985-03-06,0.13,22.09,18.43,26.62,nasa,0.93
1985-03-07,2.25,21.82,18.72,26.36,nasa,0.92
1985-03-08,22.52,22.15,18.74,26.74,nasa,0.93
1985-03-09,18.1,21.32,19.07,24.49,nasa,0.95
1985-03-10,5.56,21.44,18.71,25.47,nasa,0.95
1985-03-11,5.04,20.93,19.03,23.27,nasa,0.95
1985-03-12,15.34,20.38,16.61,23.88,nasa,0.96
1985-03-13,3.54,20.1,15.75,26.19,nasa,0.96
1985-03-14,7.8,21.23,18.7,24.64,nasa,0.96
1985-03-15,8.33,20.78,18.53,23.5,nasa,0.96
1985-03-16,5.02,21.01,18.01,24.6,nasa,0.96
1985-03-17,5.34,21.41,18.15,25.23,nasa,0.96
1985-03-18,9.32,21.12,19.51,23.8,nasa,0.97
1985-03-19,22.2,21.41,19.19,24.83,nasa,0.97
1985-03-20,4.87,20.34,18.21,23.56,nasa,0.98
1985-03-21,1.08,20.81,16.71,25.85,nasa,0.97
1985-03-22,0.38,21.2,17.0,26.42,nasa,0.97
1985-03-23,0.11,21.46,17.51,26.4,nasa,0.96
1985-03-24,0.03,21.96,16.75,27.97,nasa,0.95
1985-03-25,0.32,22.47,18.22,28.14,nasa,0.94
1985-03-26,3.7,21.37,18.56,25.42,nasa,0.94
1985-03-27,1.6,21.8,17.73,26.85,nasa,0.94
1985-03-28,1.28,22.18,18.23,27.26,nasa,0.93
1985-03-29,0.99,21.82,17.82,26.78,nasa,0.92
1985-03-30,3.39,21.73,18.27,27.01,nasa,0.92
1985-03-31,0.97,21.29,17.42,25.89,nasa,0.92
1985-04-01,4.55,21.48,17.92,26.55,nasa,0.91
1985-04-02,0.87,21.58,18.15,26.73,nasa,0.91
1985-04-03,1.65,20.86,17.03,25.78,nasa,0.91
1985-04-04,1.66,19.7,16.78,23.22,nasa,0.9
1985-04-05,1.86,19.45,15.81,24.33,nasa,0.9
1985-04-06,0.69,19.3,13.95,25.28,nasa,0.9
1985-04-07,3.78,19.83,15.12,25.47,nasa,0.89
1985-04-08,7.21,20.52,16.15,25.83,nasa,0.89
1985-04-09,1.69,20.67,17.15,25.19,nasa,0.9
1985-04-10,1.25,20.51,18.11,24.1,nasa,0.89
1985-04-11,0.8,21.34,17.3,26.18,nasa,0.89
1985-04-12,5.17,20.47,18.13,23.66,nasa,0.89
1985-04-13,2.23,20.19,17.53,24.0,nasa,0.89
1985-04-14,0.59,19.32,16.08,23.64,nasa,0.89
1985-04-15,0.53,20.15,15.62,25.13,nasa,0.88
1985-04-16,0.27,20.46,16.86,24.87,nasa,0.88
1985-04-17,1.42,20.81,17.57,25.33,nasa,0.87
1985-04-18,2.72,20.51,17.02,24.72,nasa,0.87
1985-04-19,5.09,19.79,17.25,23.39,nasa,0.87
1985-04-20,4.86,17.66,13.54,21.38,nasa,0.88
1985-04-21,1.29,15.82,12.01,20.9,nasa,0.88
1985-04-22,0.58,16.48,11.97,21.45,nasa,0.87
1985-04-23,0.15,16.9,12.71,22.42,nasa,0.87
1985-04-24,0.43,15.46,10.1,21.28,nasa,0.86
1985-04-25,0.22,16.31,11.95,21.96,nasa,0.86
1985-04-26,1.65,17.56,12.69,23.12,nasa,0.86
1985-04-27,0.3,19.2,14.61,24.69,nasa,0.86
1985-04-28,0.08,19.63,16.31,24.85,nasa,0.85
1985-04-29,0.13,20.18,15.95,25.18,nasa,0.85
1985-04-30,0.15,20.87,16.89,25.93,nasa,0.85
1985-05-01,5.2,17.37,13.49,20.23,nasa,0.85
1985-05-02,1.42,16.29,12.22,21.5,nasa,0.85
1985-05-03,6.25,16.45,13.42,20.53,nasa,0.85
1985-05-04,3.53,17.17,14.76,21.42,nasa,0.86
1985-05-05,2.38,15.38,13.24,17.92,nasa,0.86
1985-05-06,0.14,15.11,11.03,20.46,nasa,0.85
1985-05-07,0.07,15.99,10.39,21.69,nasa,0.85
1985-05-08,0.06,17.55,11.09,24.36,nasa,0.85
1985-05-09,0.32,17.41,12.46,23.52,nasa,0.84
1985-05-10,2.12,17.73,11.96,24.35,nasa,0.84
1985-05-11,5.23,17.13,14.27,21.53,nasa,0.84
1985-05-12,7.93,16.39,14.43,20.38,nasa,0.85
1985-05-13,5.19,17.56,14.44,21.46,nasa,0.86
1985-05-14,1.61,19.22,16.53,23.61,nasa,0.86
1985-05-15,0.93,19.22,15.47,24.46,nasa,0.85
1985-05-16,0.26,18.84,15.58,23.38,nasa,0.85
1985-05-17,0.09,17.83,14.0,23.6,nasa,0.84
1985-05-18,0.02,16.41,11.92,22.55,nasa,0.84
1985-05-19,0.0,15.66,10.59,22.37,nasa,0.83
1985-05-20,0.01,16.36,10.22,22.91,nasa,0.83
1985-05-21,0.36,18.28,14.66,23.3,nasa,0.83
1985-05-22,0.01,19.02,15.39,24.55,nasa,0.82
1985-05-23,0.19,17.79,15.02,22.47,nasa,0.82
1985-05-24,0.16,17.28,13.6,22.06,nasa,0.82
1985-05-25,0.05,16.91,13.56,21.76,nasa,0.82
1985-05-26,0.52,18.34,14.63,23.6,nasa,0.82
1985-05-27,0.07,18.71,14.52,23.93,nasa,0.81
1985-05-28,0.01,18.61,14.78,23.84,nasa,0.81
1985-05-29,0.02,18.13,12.96,23.7,nasa,0.81
1985-05-30,0.26,17.13,13.78,22.11,nasa,0.8
1985-05-31,0.3,16.66,13.63,21.18,nasa,0.8
1985-06-01,0.2,17.11,13.55,22.5,nasa,0.8
1985-06-02,0.15,17.35,13.16,22.82,nasa,0.8
1985-06-03,1.16,17.01,14.57,20.42,nasa,0.8
1985-06-04,0.99,17.22,14.23,21.97,nasa,0.8
1985-06-05,0.06,16.71,11.7,22.38,nasa,0.8
1985-06-06,0.0,14.75,9.2,20.75,nasa,0.79
1985-06-07,0.12,13.63,7.44,21.12,nasa,0.79
1985-06-08,0.0,13.19,7.78,20.27,nasa,0.79
1985-06-09,0.0,10.8,6.81,16.44,nasa,0.79
1985-06-10,0.0,10.21,5.96,15.8,nasa,0.78
1985-06-11,0.0,11.05,5.44,16.85,nasa,0.78
1985-06-12,0.01,11.08,5.52,18.37,nasa,0.78
1985-06-13,0.0,12.27,7.51,18.64,nasa,0.78
1985-06-14,0.0,13.73,8.3,20.02,nasa,0.78
1985-06-15,0.0,14.35,8.07,22.0,nasa,0.78
1985-06-16,0.01,14.74,8.51,22.04,nasa,0.77
1985-06-17,0.08,15.64,8.85,22.55,nasa,0.77
1985-06-18,0.01,14.71,9.14,20.75,nasa,0.77
1985-06-19,0.01,13.54,10.33,18.72,nasa,0.77
1985-06-20,0.0,13.56,9.38,19.46,nasa,0.77
1985-06-21,0.0,13.99,8.78,20.52,nasa,0.76
1985-06-22,0.0,16.0,9.19,22.27,nasa,0.76
1985-06-23,0.0,16.09,11.18,22.3,nasa,0.76
1985-06-24,0.0,15.28,11.29,21.42,nasa,0.76
1985-06-25,0.0,15.6,11.54,20.63,nasa,0.75
1985-06-26,0.0,15.7,11.97,21.01,nasa,0.75
1985-06-27,0.0,14.9,10.59,20.99,nasa,0.75
1985-06-28,0.0,15.55,11.06,20.87,nasa,0.75
1985-06-29,0.0,15.41,9.72,22.05,nasa,0.75
1985-06-30,0.08,14.9,9.7,21.35,nasa,0.74
1985-07-01,0.05,15.68,11.02,22.37,nasa,0.74
1985-07-02,0.11,16.3,11.11,22.74,nasa,0.74
1985-07-03,0.02,17.49,11.59,23.87,nasa,0.74
1985-07-04,0.0,17.3,13.05,23.46,nasa,0.73
1985-07-05,0.0,16.84,12.97,22.55,nasa,0.73
1985-07-06,0.04,16.21,12.65,21.75,nasa,0.73
1985-07-07,0.08,17.46,13.08,22.47,nasa,0.73
1985-07-08,0.11,15.85,13.25,19.98,nasa,0.73
1985-07-09,0.12,17.02,12.04,23.12,nasa,0.73
1985-07-10,0.02,17.98,13.44,23.98,nasa,0.72
1985-07-11,0.06,14.01,10.32,16.43,nasa,0.72
1985-07-12,0.52,11.62,7.8,16.72,nasa,0.72
1985-07-13,1.79,12.11,9.47,16.45,nasa,0.72
1985-07-14,2.14,13.14,10.56,16.43,nasa,0.73
1985-07-15,2.07,13.39,10.21,18.49,nasa,0.73
1985-07-16,1.0,13.05,9.75,18.7,nasa,0.73
1985-07-17,0.61,12.54,9.37,17.58,nasa,0.73
1985-07-18,3.57,12.35,9.41,16.87,nasa,0.73
1985-07-19,1.31,12.64,9.61,16.77,nasa,0.73
1985-07-20,0.78,13.76,10.45,19.26,nasa,0.73
1985-07-21,0.18,14.09,10.05,19.54,nasa,0.73
1985-07-22,0.03,14.76,10.32,20.67,nasa,0.72
1985-07-23,0.21,13.97,9.84,19.23,nasa,0.72
1985-07-24,1.03,12.8,9.14,17.97,nasa,0.72
1985-07-25,0.78,11.19,6.96,16.53,nasa,0.72
1985-07-26,0.28,11.35,6.23,18.29,nasa,0.72
1985-07-27,0.08,12.26,7.5,19.47,nasa,0.72
1985-07-28,0.0,12.95,6.92,20.63,nasa,0.71
1985-07-29,0.01,14.01,7.3,21.44,nasa,0.71
1985-07-30,0.28,15.41,10.56,21.8,nasa,0.71
1985-07-31,0.19,16.08,11.5,22.22,nasa,0.7
1985-08-01,0.03,15.8,11.33,22.2,nasa,0.7
1985-08-02,0.16,15.82,10.75,22.04,nasa,0.7
1985-08-03,0.45,15.44,11.1,21.51,nasa,0.7
1985-08-04,0.05,15.11,10.33,21.73,nasa,0.7
1985-08-05,0.04,15.39,10.89,21.49,nasa,0.69
1985-08-06,0.02,15.78,10.81,22.46,nasa,0.69
1985-08-07,0.06,16.11,10.95,22.9,nasa,0.69
1985-08-08,0.01,16.93,12.09,23.59,nasa,0.69
1985-08-09,0.0,17.55,12.57,24.36,nasa,0.68
1985-08-10,0.06,17.5,13.07,23.95,nasa,0.68
1985-08-11,0.0,17.32,12.69,24.2,nasa,0.68
1985-08-12,0.02,18.4,12.9,25.47,nasa,0.68
1985-08-13,0.01,17.4,12.72,24.39,nasa,0.67
1985-08-14,0.04,15.52,11.59,22.34,nasa,0.67
1985-08-15,0.1,15.77,11.16,22.69,nasa,0.67
1985-08-16,0.02,16.32,11.36,23.82,nasa,0.67
1985-08-17,0.05,16.34,10.96,23.91,nasa,0.67
1985-08-18,0.33,17.04,10.28,24.85,nasa,0.66
1985-08-19,0.01,18.13,13.32,24.78,nasa,0.66
1985-08-20,0.01,18.59,13.11,26.04,nasa,0.66
1985-08-21,1.0,19.72,14.73,26.43,nasa,0.66
1985-08-22,23.35,17.64,13.57,21.71,nasa,0.68
1985-08-23,3.66,14.29,10.7,19.33,nasa,0.71
1985-08-24,0.52,14.28,7.38,22.17,nasa,0.7
1985-08-25,0.05,16.19,9.7,24.22,nasa,0.7
1985-08-26,0.01,19.09,12.45,26.9,nasa,0.69
1985-08-27,0.52,20.34,13.5,28.51,nasa,0.68
1985-08-28,0.35,19.73,14.32,28.01,nasa,0.68
1985-08-29,0.04,15.85,12.97,20.44,nasa,0.67
1985-08-30,0.01,18.89,12.1,26.63,nasa,0.67
1985-08-31,0.02,20.41,15.21,28.01,nasa,0.67
1985-09-01,0.21,20.57,13.83,29.26,nasa,0.66
1985-09-02,4.45,16.87,11.54,23.08,nasa,0.66
1985-09-03,1.47,13.95,10.76,19.15,nasa,0.67
1985-09-04,0.42,17.07,11.18,24.08,nasa,0.67
1985-09-05,4.34,20.09,13.41,27.72,nasa,0.67
1985-09-06,22.2,17.18,13.78,21.17,nasa,0.69
1985-09-07,3.05,15.37,12.42,20.75,nasa,0.71
1985-09-08,2.39,15.93,11.52,21.93,nasa,0.7
1985-09-09,6.28,16.33,13.28,21.16,nasa,0.7
1985-09-10,1.56,15.37,10.55,21.42,nasa,0.7
1985-09-11,0.14,13.91,9.45,20.16,nasa,0.7
1985-09-12,0.0,14.31,7.28,22.96,nasa,0.69
1985-09-13,0.0,15.99,7.57,25.31,nasa,0.69
1985-09-14,0.0,17.05,10.98,25.68,nasa,0.68
1985-09-15,0.4,16.98,10.82,24.99,nasa,0.67
1985-09-16,0.26,18.36,12.09,26.6,nasa,0.67
1985-09-17,0.16,20.95,15.56,28.69,nasa,0.67
1985-09-18,0.14,20.3,14.61,28.01,nasa,0.66
1985-09-19,0.03,18.9,14.02,26.25,nasa,0.66
1985-09-20,0.03,21.47,14.51,29.76,nasa,0.65
1985-09-21,0.03,21.16,14.92,29.55,nasa,0.65
1985-09-22,0.03,17.56,12.36,25.75,nasa,0.65
1985-09-23,0.19,17.99,11.66,27.54,nasa,0.65
1985-09-24,2.26,17.54,13.6,22.45,nasa,0.65
1985-09-25,5.33,20.54,16.72,27.16,nasa,0.65
1985-09-26,3.99,20.42,15.09,27.68,nasa,0.66
1985-09-27,2.34,19.77,15.35,26.74,nasa,0.66
1985-09-28,14.83,18.62,14.38,24.59,nasa,0.67
1985-09-29,3.31,18.55,15.44,22.99,nasa,0.69
1985-09-30,5.34,20.75,16.16,25.98,nasa,0.69
1985-10-01,5.24,19.39,15.8,25.24,nasa,0.69
1985-10-02,22.66,18.51,14.61,23.18,nasa,0.71
1985-10-03,2.43,19.8,15.27,25.67,nasa,0.72
1985-10-04,0.38,19.81,16.01,25.73,nasa,0.71
1985-10-05,0.31,20.1,14.12,27.64,nasa,0.7
1985-10-06,4.17,21.11,15.4,28.19,nasa,0.69
1985-10-07,2.73,22.22,17.55,27.86,nasa,0.69
1985-10-08,1.64,21.24,12.69,29.81,nasa,0.69
1985-10-09,1.12,15.13,11.51,20.46,nasa,0.68
1985-10-10,0.44,18.16,12.25,25.7,nasa,0.68
1985-10-11,0.0,18.32,14.3,23.76,nasa,0.68
1985-10-12,0.18,18.75,14.71,24.54,nasa,0.67
1985-10-13,0.04,19.45,14.06,26.7,nasa,0.67
1985-10-14,0.01,20.48,14.33,27.71,nasa,0.66
1985-10-15,0.64,22.14,16.14,29.64,nasa,0.66
1985-10-16,2.08,23.06,17.05,30.89,nasa,0.66
1985-10-17,2.61,22.44,17.69,29.35,nasa,0.66
1985-10-18,0.38,21.73,16.39,29.42,nasa,0.65
1985-10-19,0.19,21.26,14.86,29.76,nasa,0.65
1985-10-20,0.47,22.05,15.11,30.46,nasa,0.65
1985-10-21,9.29,22.64,15.77,32.28,nasa,0.64
1985-10-22,10.74,19.16,15.51,22.89,nasa,0.67
1985-10-23,5.58,19.69,13.84,27.55,nasa,0.68
1985-10-24,16.85,19.24,15.74,24.66,nasa,0.69
1985-10-25,5.36,18.59,13.73,23.82,nasa,0.71
1985-10-26,6.84,19.55,16.79,23.31,nasa,0.71
1985-10-27,0.9,20.55,16.34,26.32,nasa,0.71
1985-10-28,2.06,20.69,16.52,26.09,nasa,0.7
1985-10-29,13.39,20.14,15.97,26.21,nasa,0.7
1985-10-30,8.41,20.05,15.38,26.38,nasa,0.71
1985-10-31,1.66,20.85,16.27,27.23,nasa,0.71
1985-11-01,5.0,21.91,17.5,27.49,nasa,0.7
1985-11-02,2.63,22.06,17.9,27.14,nasa,0.7
1985-11-03,31.81,21.65,19.03,25.47,nasa,0.72
1985-11-04,20.23,21.61,17.74,26.23,nasa,0.76
1985-11-05,13.83,18.87,14.74,22.55,nasa,0.78
1985-11-06,6.41,17.18,13.96,21.95,nasa,0.77
1985-11-07,0.27,17.03,12.64,23.68,nasa,0.75
1985-11-08,0.11,16.84,11.22,24.6,nasa,0.73
1985-11-09,0.01,16.74,12.0,24.12,nasa,0.72
1985-11-10,0.01,18.39,11.94,25.97,nasa,0.71
1985-11-11,0.24,20.15,14.2,26.5,nasa,0.71
1985-11-12,0.05,20.76,15.61,27.51,nasa,0.7
1985-11-13,0.02,19.39,14.48,26.62,nasa,0.69
1985-11-14,0.0,19.48,13.4,27.3,nasa,0.68
1985-11-15,0.02,19.74,12.97,28.33,nasa,0.68
1985-11-16,0.13,20.91,14.34,29.61,nasa,0.67
1985-11-17,0.22,21.45,14.65,30.25,nasa,0.66
1985-11-18,0.52,21.33,15.01,30.25,nasa,0.66
1985-11-19,0.29,21.26,15.18,29.38,nasa,0.65
1985-11-20,10.61,21.9,16.18,29.62,nasa,0.66
1985-11-21,10.38,20.95,16.63,26.88,nasa,0.67
1985-11-22,20.39,20.39,17.31,24.17,nasa,0.69
1985-11-23,5.18,20.78,18.26,24.5,nasa,0.72
1985-11-24,11.69,21.25,18.28,25.27,nasa,0.72
1985-11-25,4.01,20.53,17.88,23.37,nasa,0.73
1985-11-26,11.14,22.13,17.96,26.67,nasa,0.73
1985-11-27,34.99,22.15,18.53,27.56,nasa,0.75
1985-11-28,6.41,18.26,14.57,22.82,nasa,0.78
1985-11-29,16.08,17.86,14.2,23.2,nasa,0.77
1985-11-30,10.18,19.43,15.71,24.6,nasa,0.78
1985-12-01,1.19,20.08,15.56,25.3,nasa,0.77
1985-12-02,1.35,19.21,15.24,24.63,nasa,0.75
1985-12-03,5.49,18.34,15.17,23.56,nasa,0.75
1985-12-04,14.53,16.8,14.75,20.26,nasa,0.76
1985-12-05,12.96,17.24,14.37,20.28,nasa,0.78
1985-12-06,6.16,19.9,16.37,25.96,nasa,0.78
1985-12-07,7.25,19.95,15.21,25.56,nasa,0.77
1985-12-08,1.15,20.41,14.67,27.03,nasa,0.77
1985-12-09,3.92,20.65,15.46,27.07,nasa,0.75
1985-12-10,0.46,21.53,15.56,28.16,nasa,0.75
1985-12-11,0.02,22.16,17.15,27.74,nasa,0.74
1985-12-12,0.68,21.81,16.8,27.24,nasa,0.73
1985-12-13,0.16,22.39,17.04,28.79,nasa,0.72
1985-12-14,10.0,22.56,16.85,28.68,nasa,0.72
1985-12-15,21.22,22.89,17.19,28.45,nasa,0.74
1985-12-16,12.77,21.25,18.82,23.78,nasa,0.77
1985-12-17,3.85,20.22,15.71,26.83,nasa,0.77
1985-12-18,0.13,19.21,13.33,26.14,nasa,0.76
1985-12-19,0.23,19.52,14.71,25.67,nasa,0.74
1985-12-20,1.54,20.12,14.86,25.91,nasa,0.74
1985-12-21,15.42,20.38,17.28,24.64,nasa,0.74
1985-12-22,3.42,19.79,18.43,21.68,nasa,0.76
1985-12-23,7.37,20.84,17.65,24.14,nasa,0.76
1985-12-24,7.28,20.05,17.27,24.14,nasa,0.77
1985-12-25,3.93,19.12,17.25,21.96,nasa,0.77
1985-12-26,4.22,19.96,17.35,24.14,nasa,0.77
1985-12-27,25.54,19.88,18.77,21.83,nasa,0.77
1985-12-28,8.31,20.25,18.17,23.26,nasa,0.8
1985-12-29,15.12,19.42,17.23,22.57,nasa,0.8
1985-12-30,7.86,20.27,16.69,24.61,nasa,0.8
1985-12-31,14.22,21.35,16.92,26.4,nasa,0.8
1986-01-01,5.86,20.43,18.59,23.45,nasa,0.81
1986-01-02,12.92,22.08,17.52,27.27,nasa,0.81
1986-01-03,4.19,20.97,17.02,25.75,nasa,0.81
1986-01-04,1.18,21.42,14.84,27.86,nasa,0.8
1986-01-05,21.32,21.46,19.69,23.79,nasa,0.8
1986-01-06,22.34,20.15,17.84,23.04,nasa,0.84
1986-01-07,13.15,20.31,17.69,24.4,nasa,0.85
1986-01-08,11.27,19.52,17.19,21.73,nasa,0.85
1986-01-09,8.92,20.82,18.05,24.23,nasa,0.85
1986-01-10,6.97,21.08,18.5,23.89,nasa,0.85
1986-01-11,17.37,21.94,19.29,25.41,nasa,0.85
1986-01-12,4.78,21.14,18.13,24.77,nasa,0.85
1986-01-13,4.64,20.48,18.05,24.18,nasa,0.85
1986-01-14,1.74,20.2,17.36,24.87,nasa,0.85
1986-01-15,1.54,20.59,17.46,25.53,nasa,0.84
1986-01-16,0.5,20.85,16.79,25.67,nasa,0.83
1986-01-17,0.04,21.12,17.18,26.44,nasa,0.82
1986-01-18,0.0,22.08,17.64,27.89,nasa,0.81
1986-01-19,0.0,22.53,17.62,28.57,nasa,0.8
1986-01-20,0.77,21.8,17.55,26.66,nasa,0.79
1986-01-21,0.86,21.71,17.33,26.76,nasa,0.79
1986-01-22,1.0,21.64,17.64,27.17,nasa,0.79
1986-01-23,0.74,21.19,17.28,26.73,nasa,0.78
1986-01-24,0.05,21.46,16.14,27.15,nasa,0.78
1986-01-25,0.65,22.08,16.59,28.09,nasa,0.77
1986-01-26,1.15,22.09,17.47,27.39,nasa,0.77
1986-01-27,2.85,21.58,17.65,26.44,nasa,0.77
1986-01-28,4.12,21.41,17.85,25.83,nasa,0.77
1986-01-29,3.77,20.12,17.3,23.3,nasa,0.77
1986-01-30,1.15,20.8,16.52,26.84,nasa,0.77
1986-01-31,0.51,20.28,14.19,26.69,nasa,0.76
1986-02-01,0.35,20.88,14.51,27.41,nasa,0.76
1986-02-02,1.86,20.92,16.56,26.98,nasa,0.75
1986-02-03,9.15,20.7,15.6,25.98,nasa,0.75
1986-02-04,16.33,21.13,16.38,27.05,nasa,0.77
1986-02-05,5.58,20.66,16.91,25.68,nasa,0.78
1986-02-06,1.41,21.52,16.51,27.14,nasa,0.77
1986-02-07,2.25,22.04,17.62,26.72,nasa,0.77
1986-02-08,0.77,22.52,18.43,27.74,nasa,0.76
1986-02-09,0.21,22.22,17.88,28.0,nasa,0.75
1986-02-10,0.07,21.76,17.26,27.23,nasa,0.74
1986-02-11,1.12,22.22,17.8,26.39,nasa,0.74
1986-02-12,12.04,21.31,18.14,25.49,nasa,0.75
1986-02-13,13.9,20.81,17.73,25.97,nasa,0.77
1986-02-14,16.87,21.14,16.49,26.52,nasa,0.78
1986-02-15,3.17,21.25,18.4,24.95,nasa,0.79
1986-02-16,2.32,21.84,19.03,25.69,nasa,0.79
1986-02-17,3.99,21.85,19.75,24.96,nasa,0.78
1986-02-18,7.24,22.3,18.79,27.54,nasa,0.78
1986-02-19,3.6,21.95,18.83,25.7,nasa,0.78
1986-02-20,0.62,21.54,17.24,27.2,nasa,0.78
1986-02-21,0.2,21.28,16.44,27.5,nasa,0.77
1986-02-22,0.61,21.54,17.45,27.26,nasa,0.76
1986-02-23,1.57,21.35,16.74,27.47,nasa,0.75
1986-02-24,3.04,21.4,15.93,27.58,nasa,0.74
1986-02-25,1.23,21.87,18.41,26.53,nasa,0.74
1986-02-26,0.7,22.39,17.39,28.02,nasa,0.73
1986-02-27,0.69,22.19,17.98,28.14,nasa,0.73
1986-02-28,2.86,21.41,17.87,26.11,nasa,0.73
1986-03-01,4.99,21.03,16.9,25.93,nasa,0.73
1986-03-02,2.33,20.86,15.56,26.29,nasa,0.73
1986-03-03,1.22,21.3,16.47,26.75,nasa,0.73
1986-03-04,3.31,21.0,17.37,25.54,nasa,0.72
1986-03-05,1.09,21.61,16.35,27.73,nasa,0.72
1986-03-06,1.05,22.06,17.88,27.37,nasa,0.72
1986-03-07,5.22,22.62,17.15,27.68,nasa,0.72
1986-03-08,2.83,22.11,19.46,26.07,nasa,0.72
1986-03-09,1.47,21.58,18.34,26.28,nasa,0.72
1986-03-10,0.17,21.35,17.08,26.78,nasa,0.71
1986-03-11,0.03,21.76,16.93,27.34,nasa,0.71
1986-03-12,0.99,22.11,17.41,27.88,nasa,0.7
1986-03-13,0.47,22.07,18.2,27.58,nasa,0.7
1986-03-14,0.49,22.43,17.33,28.79,nasa,0.69
1986-03-15,0.03,22.76,18.1,28.43,nasa,0.69
1986-03-16,0.0,23.19,18.12,28.85,nasa,0.68
1986-03-17,0.13,23.38,18.07,29.62,nasa,0.68
1986-03-18,0.11,23.13,18.18,29.48,nasa,0.67
1986-03-19,0.58,21.87,17.98,26.8,nasa,0.67
1986-03-20,9.84,21.97,16.97,28.83,nasa,0.67
1986-03-21,10.09,20.88,16.96,26.18,nasa,0.7
1986-03-22,0.55,20.61,16.48,26.21,nasa,0.7
1986-03-23,6.41,20.68,16.38,26.15,nasa,0.69
1986-03-24,6.34,21.13,17.34,26.17,nasa,0.7
1986-03-25,0.25,21.16,17.04,27.11,nasa,0.7
1986-03-26,0.28,21.99,16.45,28.0,nasa,0.69
1986-03-27,10.91,22.04,17.06,28.3,nasa,0.69
1986-03-28,6.49,21.21,18.18,26.1,nasa,0.71
1986-03-29,3.77,20.64,16.9,26.0,nasa,0.7
1986-03-30,0.78,21.57,16.56,27.03,nasa,0.7
1986-03-31,0.8,22.32,18.08,27.57,nasa,0.69
1986-04-01,2.69,21.49,16.71,27.47,nasa,0.69
1986-04-02,0.15,21.72,17.19,28.13,nasa,0.68
1986-04-03,0.0,21.96,16.53,28.64,nasa,0.68
1986-04-04,0.0,22.47,17.69,28.72,nasa,0.67
1986-04-05,0.01,22.51,17.92,28.75,nasa,0.66
1986-04-06,0.06,22.72,17.64,29.21,nasa,0.66
1986-04-07,0.15,22.11,17.54,28.89,nasa,0.66
1986-04-08,3.57,21.43,17.12,27.56,nasa,0.65
1986-04-09,1.19,22.02,17.41,28.3,nasa,0.66
1986-04-10,0.21,22.25,17.52,28.44,nasa,0.65
1986-04-11,2.58,22.65,17.24,29.38,nasa,0.65
1986-04-12,2.68,22.2,17.81,28.41,nasa,0.65
1986-04-13,0.17,22.29,17.49,29.48,nasa,0.65
1986-04-14,0.05,23.47,18.23,30.72,nasa,0.65
1986-04-15,2.31,23.57,18.42,30.19,nasa,0.65
1986-04-16,5.16,19.09,15.28,22.58,nasa,0.66
1986-04-17,2.08,17.14,12.51,23.08,nasa,0.66
1986-04-18,0.11,16.31,11.66,23.48,nasa,0.65
1986-04-19,0.05,17.48,11.44,24.66,nasa,0.65
1986-04-20,0.89,19.3,14.7,26.08,nasa,0.65
1986-04-21,0.12,19.71,14.42,25.32,nasa,0.65
1986-04-22,3.88,21.09,17.11,26.96,nasa,0.65
1986-04-23,8.57,19.75,16.73,24.18,nasa,0.66
1986-04-24,1.83,18.63,15.51,23.31,nasa,0.67
1986-04-25,2.01,19.58,14.37,25.75,nasa,0.67
1986-04-26,1.4,20.31,15.81,26.4,nasa,0.66
1986-04-27,10.17,20.15,17.16,24.48,nasa,0.66
1986-04-28,1.49,18.39,13.75,23.08,nasa,0.68
1986-04-29,0.49,15.53,11.09,21.13,nasa,0.67
1986-04-30,0.02,14.79,9.27,21.44,nasa,0.67
1986-05-01,0.01,16.4,11.96,23.29,nasa,0.66
1986-05-02,0.01,17.13,11.32,25.25,nasa,0.66
1986-05-03,0.0,17.41,11.76,26.15,nasa,0.65
1986-05-04,0.08,16.99,11.01,25.93,nasa,0.65
1986-05-05,0.0,17.92,9.8,25.82,nasa,0.65
1986-05-06,0.09,20.44,11.83,27.82,nasa,0.64
1986-05-07,2.42,20.81,15.63,27.22,nasa,0.64
1986-05-08,0.51,20.41,16.39,27.08,nasa,0.64
1986-05-09,0.08,21.26,16.21,28.19,nasa,0.64
1986-05-10,0.14,21.7,16.3,27.93,nasa,0.64
1986-05-11,0.85,21.06,16.89,26.81,nasa,0.64
1986-05-12,9.55,20.59,16.37,26.56,nasa,0.64
1986-05-13,3.3,20.39,17.34,25.13,nasa,0.66
1986-05-14,0.53,21.17,17.6,27.01,nasa,0.66
1986-05-15,0.28,18.85,16.84,22.13,nasa,0.66
1986-05-16,1.33,20.22,15.63,26.78,nasa,0.65
1986-05-17,0.13,20.25,15.58,26.94,nasa,0.65
1986-05-18,0.01,20.63,16.13,27.11,nasa,0.65
1986-05-19,0.0,21.4,16.32,27.75,nasa,0.64
1986-05-20,0.04,21.03,16.4,26.98,nasa,0.64
1986-05-21,1.35,21.43,16.45,27.61,nasa,0.64
1986-05-22,4.2,19.64,15.81,25.66,nasa,0.64
1986-05-23,2.05,18.35,14.95,23.8,nasa,0.65
1986-05-24,2.25,18.62,14.97,25.17,nasa,0.65
1986-05-25,1.34,18.74,14.36,25.63,nasa,0.65
1986-05-26,0.45,19.13,14.48,25.66,nasa,0.64
1986-05-27,0.25,18.84,13.94,26.22,nasa,0.64
1986-05-28,0.11,18.12,13.05,25.62,nasa,0.64
1986-05-29,0.23,18.92,13.93,26.0,nasa,0.64
1986-05-30,0.34,18.39,14.05,25.6,nasa,0.64
1986-05-31,2.99,19.3,14.56,26.02,nasa,0.63
1986-06-01,6.19,16.66,13.5,21.31,nasa,0.65
1986-06-02,0.07,14.89,10.01,22.12,nasa,0.65
1986-06-03,0.09,14.0,9.31,21.17,nasa,0.65
1986-06-04,0.0,13.06,8.85,20.11,nasa,0.64
1986-06-05,0.0,12.89,7.1,21.23,nasa,0.64
1986-06-06,0.0,14.46,7.32,22.06,nasa,0.64
1986-06-07,0.02,15.99,10.1,24.06,nasa,0.64
1986-06-08,0.25,16.28,11.3,23.38,nasa,0.64
1986-06-09,0.26,16.42,12.65,22.95,nasa,0.63
1986-06-10,0.51,17.32,12.13,23.76,nasa,0.63
1986-06-11,0.53,18.44,13.8,25.57,nasa,0.63
1986-06-12,0.36,18.69,14.0,26.67,nasa,0.63
1986-06-13,0.0,17.67,12.43,25.6,nasa,0.63
1986-06-14,0.0,17.5,12.16,25.39,nasa,0.63
1986-06-15,0.0,17.83,12.36,25.24,nasa,0.63
1986-06-16,0.3,17.58,12.52,24.27,nasa,0.62
1986-06-17,1.1,17.73,13.91,24.9,nasa,0.62
1986-06-18,0.21,17.57,13.14,25.14,nasa,0.62
1986-06-19,0.67,17.29,12.28,24.55,nasa,0.62
1986-06-20,0.46,16.74,12.64,23.53,nasa,0.62
1986-06-21,0.18,15.84,10.94,22.73,nasa,0.62
1986-06-22,0.19,15.43,10.83,22.83,nasa,0.62
1986-06-23,0.37,16.11,11.0,23.51,nasa,0.62
1986-06-24,0.14,15.36,10.1,22.8,nasa,0.62
1986-06-25,0.15,16.29,11.4,23.41,nasa,0.62
1986-06-26,0.2,17.76,12.67,24.93,nasa,0.62
1986-06-27,1.17,17.04,12.71,23.96,nasa,0.62
1986-06-28,0.08,17.69,12.78,25.31,nasa,0.62
1986-06-29,0.0,18.16,12.53,25.7,nasa,0.62
1986-06-30,0.0,18.65,12.2,26.55,nasa,0.62
1986-07-01,0.0,18.72,13.05,26.55,nasa,0.62
1986-07-02,0.02,18.04,13.64,24.16,nasa,0.61
1986-07-03,0.2,17.06,13.87,22.86,nasa,0.61
1986-07-04,0.71,16.7,12.91,23.02,nasa,0.61
1986-07-05,1.65,17.09,12.39,23.65,nasa,0.61
1986-07-06,1.75,16.36,13.33,22.0,nasa,0.62
1986-07-07,4.44,13.46,11.11,17.0,nasa,0.62
1986-07-08,2.04,12.04,9.58,15.85,nasa,0.63
1986-07-09,1.6,12.05,8.37,16.24,nasa,0.63
1986-07-10,0.81,12.16,8.04,17.22,nasa,0.63
1986-07-11,0.5,13.18,9.13,19.34,nasa,0.63
1986-07-12,0.11,14.08,9.53,21.1,nasa,0.63
1986-07-13,0.0,15.14,10.09,23.11,nasa,0.62
1986-07-14,0.0,15.32,10.31,23.07,nasa,0.62
1986-07-15,0.06,15.44,10.35,23.62,nasa,0.62
1986-07-16,0.12,16.69,10.11,25.32,nasa,0.62
1986-07-17,0.15,17.9,11.52,25.58,nasa,0.62
1986-07-18,0.11,18.31,13.23,25.15,nasa,0.62
1986-07-19,0.16,19.01,11.92,27.03,nasa,0.61
1986-07-20,0.18,19.01,12.81,27.18,nasa,0.61
1986-07-21,4.88,19.37,14.13,27.74,nasa,0.61
1986-07-22,4.23,14.93,12.97,17.49,nasa,0.62
1986-07-23,5.58,14.31,12.58,17.29,nasa,0.63
1986-07-24,10.86,16.29,12.74,21.74,nasa,0.65
1986-07-25,0.58,17.47,13.4,23.63,nasa,0.65
1986-07-26,0.29,18.1,13.79,24.55,nasa,0.65
1986-07-27,0.03,18.64,12.87,25.92,nasa,0.64
1986-07-28,0.0,17.08,12.66,24.89,nasa,0.64
1986-07-29,0.0,15.52,11.5,23.07,nasa,0.63
1986-07-30,0.01,16.8,10.84,25.27,nasa,0.63
1986-07-31,0.0,17.86,11.3,25.43,nasa,0.63
1986-08-01,0.03,17.89,11.25,25.56,nasa,0.63
1986-08-02,0.01,18.75,12.48,26.91,nasa,0.62
1986-08-03,0.0,18.95,13.33,26.78,nasa,0.62
1986-08-04,0.0,19.5,14.11,27.31,nasa,0.62
1986-08-05,0.0,18.23,13.07,26.56,nasa,0.62
1986-08-06,0.0,17.71,12.08,26.24,nasa,0.62
1986-08-07,0.01,17.76,11.89,26.0,nasa,0.61
1986-08-08,0.0,17.93,12.58,25.85,nasa,0.61
1986-08-09,0.0,17.63,12.62,25.6,nasa,0.61
1986-08-10,0.0,17.39,12.75,25.04,nasa,0.61
1986-08-11,0.21,18.34,12.95,25.82,nasa,0.61
1986-08-12,0.09,19.77,13.96,27.86,nasa,0.61
1986-08-13,0.0,19.97,14.32,28.42,nasa,0.61
1986-08-14,0.01,20.34,14.22,28.93,nasa,0.6
1986-08-15,0.02,20.23,15.04,28.33,nasa,0.6
1986-08-16,0.18,20.25,14.49,28.07,nasa,0.6
1986-08-17,0.41,22.21,15.74,30.2,nasa,0.6
1986-08-18,2.55,21.55,16.3,28.51,nasa,0.6
1986-08-19,3.01,19.68,15.81,27.13,nasa,0.61
1986-08-20,17.9,19.92,15.27,26.53,nasa,0.62
1986-08-21,33.98,18.23,15.68,21.18,nasa,0.66
1986-08-22,2.01,18.33,14.67,24.28,nasa,0.7
1986-08-23,0.42,18.75,15.42,22.95,nasa,0.69
1986-08-24,0.88,19.83,16.16,24.89,nasa,0.67
1986-08-25,20.39,19.13,15.74,23.46,nasa,0.68
1986-08-26,5.35,19.28,15.48,24.47,nasa,0.7
1986-08-27,0.97,18.41,14.1,23.29,nasa,0.69
1986-08-28,0.19,16.1,12.56,22.04,nasa,0.68
1986-08-29,0.0,15.09,9.92,21.99,nasa,0.67
1986-08-30,0.21,15.53,10.37,23.06,nasa,0.67
1986-08-31,1.11,14.82,10.58,20.97,nasa,0.66
1986-09-01,0.24,12.46,9.01,18.6,nasa,0.66
1986-09-02,0.62,11.93,8.5,17.32,nasa,0.66
1986-09-03,0.42,12.77,8.99,18.57,nasa,0.66
1986-09-04,0.25,14.98,9.59,22.47,nasa,0.65
1986-09-05,0.13,16.78,11.35,24.06,nasa,0.65
1986-09-06,0.52,16.97,13.15,22.6,nasa,0.65
1986-09-07,0.39,16.74,13.11,22.94,nasa,0.65
1986-09-08,0.22,15.7,11.73,21.98,nasa,0.64
1986-09-09,1.77,14.88,11.14,21.35,nasa,0.64
1986-09-10,0.33,14.76,10.84,21.65,nasa,0.64
1986-09-11,0.5,15.58,10.63,22.77,nasa,0.64
1986-09-12,0.11,17.23,11.13,25.8,nasa,0.64
1986-09-13,0.02,18.6,11.14,26.59,nasa,0.63
1986-09-14,0.33,20.57,14.84,28.61,nasa,0.63
1986-09-15,0.02,21.56,15.36,29.77,nasa,0.63
1986-09-16,0.0,21.89,16.26,30.66,nasa,0.63
1986-09-17,0.0,21.66,15.13,30.89,nasa,0.62
1986-09-18,0.02,22.11,14.82,32.08,nasa,0.62
1986-09-19,0.04,21.24,15.93,29.48,nasa,0.62
1986-09-20,0.21,20.61,14.91,28.55,nasa,0.62
1986-09-21,1.52,19.63,14.71,26.93,nasa,0.62
1986-09-22,1.99,19.48,14.49,27.27,nasa,0.62
1986-09-23,0.51,20.45,14.44,28.82,nasa,0.62
1986-09-24,0.02,21.59,14.92,30.46,nasa,0.62
1986-09-25,0.33,22.57,15.01,32.07,nasa,0.61
1986-09-26,5.63,21.35,16.2,30.52,nasa,0.61
1986-09-27,3.21,16.5,10.5,22.94,nasa,0.63
1986-09-28,1.37,14.77,10.12,22.58,nasa,0.63
1986-09-29,1.03,16.44,10.78,23.88,nasa,0.63
1986-09-30,0.46,17.83,12.03,25.43,nasa,0.62
1986-10-01,0.04,18.49,13.45,26.22,nasa,0.62
1986-10-02,0.0,18.53,12.41,27.21,nasa,0.62
1986-10-03,0.0,19.78,12.61,29.14,nasa,0.62
1986-10-04,0.0,21.04,13.66,30.8,nasa,0.61
1986-10-05,0.0,21.63,13.78,31.43,nasa,0.61
1986-10-06,0.0,22.2,15.24,31.75,nasa,0.61
1986-10-07,0.0,23.28,15.61,33.23,nasa,0.61
1986-10-08,0.1,23.63,15.05,34.12,nasa,0.6
1986-10-09,0.03,22.57,15.26,32.26,nasa,0.6
1986-10-10,0.04,22.74,14.81,32.77,nasa,0.6
1986-10-11,0.26,22.61,16.82,32.55,nasa,0.6
1986-10-12,1.46,18.35,15.18,23.46,nasa,0.6
1986-10-13,1.64,18.28,14.61,25.65,nasa,0.6
1986-10-14,0.98,17.45,14.24,24.55,nasa,0.61
1986-10-15,0.39,17.33,14.02,21.74,nasa,0.61
1986-10-16,0.07,20.48,13.51,29.53,nasa,0.6
1986-10-17,0.01,22.73,14.68,32.53,nasa,0.6
1986-10-18,0.01,24.21,15.6,34.12,nasa,0.6
1986-10-19,1.28,20.76,15.45,29.08,nasa,0.6
1986-10-20,1.22,18.64,14.55,24.83,nasa,0.6
1986-10-21,0.34,21.59,14.61,30.14,nasa,0.6
1986-10-22,1.57,22.73,16.05,32.12,nasa,0.6
1986-10-23,6.82,19.68,13.52,27.36,nasa,0.61
1986-10-24,4.36,14.13,10.82,18.75,nasa,0.62
1986-10-25,0.11,15.5,9.45,24.44,nasa,0.62
1986-10-26,0.1,15.13,8.83,23.06,nasa,0.62
1986-10-27,0.17,16.87,10.64,24.77,nasa,0.62
1986-10-28,0.41,18.53,13.03,25.16,nasa,0.61
1986-10-29,0.07,21.59,13.99,30.42,nasa,0.61
1986-10-30,0.09,23.11,16.63,31.73,nasa,0.61
1986-10-31,0.27,22.87,16.46,31.34,nasa,0.61
1986-11-01,0.61,22.62,16.03,31.48,nasa,0.6
1986-11-02,0.82,23.04,16.48,31.88,nasa,0.6
1986-11-03,0.09,24.24,16.4,33.5,nasa,0.6
1986-11-04,0.06,24.9,17.58,33.77,nasa,0.6
1986-11-05,0.17,25.05,17.13,34.48,nasa,0.6
1986-11-06,1.54,25.2,17.52,34.0,nasa,0.6
1986-11-07,14.63,21.77,16.54,28.6,nasa,0.61
1986-11-08,6.82,20.98,15.31,29.36,nasa,0.63
1986-11-09,3.95,20.97,15.05,28.9,nasa,0.64
1986-11-10,0.91,22.04,15.72,30.55,nasa,0.63
1986-11-11,20.65,20.01,13.97,26.55,nasa,0.64
1986-11-12,28.42,13.85,11.38,17.29,nasa,0.69
1986-11-13,17.6,12.64,10.8,15.16,nasa,0.73
1986-11-14,4.45,13.42,10.14,17.41,nasa,0.72
1986-11-15,1.11,15.87,10.88,22.14,nasa,0.71
1986-11-16,6.85,17.87,11.45,25.55,nasa,0.69
1986-11-17,2.13,19.41,13.22,27.14,nasa,0.68
1986-11-18,0.71,20.13,13.86,27.84,nasa,0.67
1986-11-19,0.15,21.46,15.46,28.73,nasa,0.66
1986-11-20,0.2,22.1,16.44,29.48,nasa,0.65
1986-11-21,0.27,22.8,16.99,30.4,nasa,0.65
1986-11-22,0.23,22.66,16.11,30.5,nasa,0.64
1986-11-23,0.3,24.33,16.85,32.65,nasa,0.64
1986-11-24,4.9,23.17,17.67,30.31,nasa,0.64
1986-11-25,0.4,24.43,17.66,32.94,nasa,0.64
1986-11-26,3.2,24.19,19.17,31.09,nasa,0.63
1986-11-27,6.42,22.4,19.02,27.45,nasa,0.64
1986-11-28,6.24,20.25,17.09,23.53,nasa,0.65
1986-11-29,2.64,20.08,15.64,26.42,nasa,0.65
1986-11-30,0.3,20.47,15.87,26.07,nasa,0.65
1986-12-01,0.65,22.19,18.0,27.9,nasa,0.65
1986-12-02,2.25,23.16,18.69,29.34,nasa,0.64
1986-12-03,0.72,24.63,19.0,31.42,nasa,0.64
1986-12-04,1.2,24.6,19.69,31.89,nasa,0.64
1986-12-05,0.47,24.77,19.78,32.01,nasa,0.64
1986-12-06,12.48,23.39,18.66,29.57,nasa,0.64
1986-12-07,12.26,21.45,19.1,24.22,nasa,0.66
1986-12-08,25.59,22.81,19.2,27.13,nasa,0.69
1986-12-09,24.95,20.88,17.76,25.12,nasa,0.72
1986-12-10,12.03,20.8,17.66,24.89,nasa,0.74
1986-12-11,19.17,22.24,19.26,26.44,nasa,0.75
1986-12-12,10.39,20.67,18.42,24.27,nasa,0.75
1986-12-13,13.67,20.78,17.46,24.95,nasa,0.75
1986-12-14,4.39,21.33,18.27,25.46,nasa,0.75
1986-12-15,0.65,21.26,17.74,26.15,nasa,0.73
1986-12-16,0.34,21.54,17.96,26.84,nasa,0.72
1986-12-17,0.29,21.88,17.57,27.63,nasa,0.71
1986-12-18,0.01,21.97,16.7,28.35,nasa,0.7
1986-12-19,1.32,22.41,17.13,28.73,nasa,0.68
1986-12-20,3.64,21.32,17.81,26.53,nasa,0.68
1986-12-21,1.98,21.33,16.86,26.32,nasa,0.68
1986-12-22,4.86,20.22,17.22,24.17,nasa,0.68
1986-12-23,17.09,20.02,18.01,24.14,nasa,0.7
1986-12-24,4.75,19.65,16.85,22.86,nasa,0.71
1986-12-25,8.55,19.25,16.75,23.31,nasa,0.72
1986-12-26,8.09,19.12,16.35,22.76,nasa,0.72
1986-12-27,4.24,19.56,16.32,23.67,nasa,0.72
1986-12-28,13.38,19.69,17.45,22.9,nasa,0.72
1986-12-29,19.29,20.72,18.34,23.55,nasa,0.75
1986-12-30,24.87,19.47,17.19,22.21,nasa,0.77
1986-12-31,11.12,20.08,17.53,23.51,nasa,0.79
1987-01-01,2.47,21.13,18.39,25.28,nasa,0.78
1987-01-02,0.86,21.14,18.11,25.27,nasa,0.76
1987-01-03,0.61,21.78,18.23,26.0,nasa,0.75
1987-01-04,0.67,21.79,17.56,27.24,nasa,0.74
1987-01-05,1.93,21.81,16.59,27.33,nasa,0.73
1987-01-06,3.26,21.73,17.6,27.04,nasa,0.73
1987-01-07,1.68,21.79,16.93,27.18,nasa,0.72
1987-01-08,0.23,22.42,17.65,27.95,nasa,0.71
1987-01-09,1.37,23.33,18.3,29.07,nasa,0.71
1987-01-10,2.77,23.76,18.6,29.89,nasa,0.7
1987-01-11,0.41,23.12,18.42,29.14,nasa,0.7
1987-01-12,0.16,23.03,17.83,29.19,nasa,0.69
1987-01-13,0.35,23.97,18.14,30.71,nasa,0.68
1987-01-14,0.12,23.69,18.48,30.69,nasa,0.67
1987-01-15,0.35,22.98,16.79,30.47,nasa,0.67
1987-01-16,6.99,23.27,16.35,29.94,nasa,0.66
1987-01-17,12.8,21.24,18.36,24.67,nasa,0.68
1987-01-18,19.1,20.77,19.09,23.26,nasa,0.71
1987-01-19,35.27,20.12,18.33,22.32,nasa,0.76
1987-01-20,19.19,19.64,17.95,21.77,nasa,0.79
1987-01-21,5.28,20.08,16.44,24.6,nasa,0.79
1987-01-22,6.41,20.71,17.8,24.45,nasa,0.78
1987-01-23,8.61,21.42,18.51,24.8,nasa,0.78
1987-01-24,7.73,20.47,18.16,23.36,nasa,0.78
1987-01-25,8.78,22.09,18.66,26.31,nasa,0.78
1987-01-26,14.69,22.38,19.87,26.27,nasa,0.78
1987-01-27,11.11,22.16,19.0,25.95,nasa,0.79
1987-01-28,22.08,20.87,18.4,24.08,nasa,0.8
1987-01-29,7.53,21.76,18.63,26.5,nasa,0.81
1987-01-30,0.98,21.43,17.5,26.74,nasa,0.8
1987-01-31,0.08,21.21,16.81,26.68,nasa,0.79
1987-02-01,0.13,20.6,15.7,26.84,nasa,0.77
1987-02-02,1.38,22.6,17.07,27.53,nasa,0.76
1987-02-03,1.29,23.0,18.57,28.37,nasa,0.76
1987-02-04,1.63,22.38,18.41,26.67,nasa,0.75
1987-02-05,1.67,22.2,17.21,28.04,nasa,0.75
1987-02-06,1.96,22.59,17.41,27.64,nasa,0.75
1987-02-07,0.22,22.71,18.01,28.21,nasa,0.74
1987-02-08,0.08,21.58,17.35,26.66,nasa,0.73
1987-02-09,0.09,21.71,16.94,27.49,nasa,0.73
1987-02-10,8.76,19.09,15.78,23.99,nasa,0.73
1987-02-11,1.79,17.89,15.63,21.55,nasa,0.74
1987-02-12,3.54,18.87,14.72,24.29,nasa,0.74
1987-02-13,4.46,19.9,15.76,25.12,nasa,0.74
1987-02-14,2.09,20.92,16.48,26.13,nasa,0.74
1987-02-15,5.09,21.08,17.07,26.22,nasa,0.74
1987-02-16,1.59,20.61,16.99,26.0,nasa,0.73
1987-02-17,5.04,20.72,17.6,25.3,nasa,0.73
1987-02-18,1.28,21.63,17.26,27.07,nasa,0.73
1987-02-19,0.32,21.25,17.34,26.59,nasa,0.73
1987-02-20,0.25,21.06,16.41,27.33,nasa,0.72
1987-02-21,0.23,20.92,16.19,26.42,nasa,0.71
1987-02-22,0.67,21.71,18.3,26.34,nasa,0.71
1987-02-23,0.8,21.42,17.87,26.06,nasa,0.71
1987-02-24,1.67,20.5,17.21,24.45,nasa,0.71
1987-02-25,5.21,21.09,17.14,25.99,nasa,0.71
1987-02-26,1.86,20.75,17.37,25.56,nasa,0.71
1987-02-27,2.78,20.76,16.36,26.07,nasa,0.71
1987-02-28,0.51,21.18,16.1,27.77,nasa,0.71
1987-03-01,0.47,21.6,16.77,28.27,nasa,0.7
1987-03-02,0.62,21.65,16.96,28.04,nasa,0.69
1987-03-03,1.46,21.84,17.27,28.16,nasa,0.68
1987-03-04,6.11,22.04,17.18,27.86,nasa,0.68
1987-03-05,9.03,22.48,18.35,28.13,nasa,0.69
1987-03-06,7.26,22.09,18.93,27.02,nasa,0.71
1987-03-07,3.39,21.79,18.59,27.01,nasa,0.71
1987-03-08,19.37,21.64,19.01,25.74,nasa,0.72
1987-03-09,6.98,21.34,19.14,25.05,nasa,0.74
1987-03-10,8.57,21.85,19.83,24.77,nasa,0.74
1987-03-11,37.79,20.72,17.63,22.91,nasa,0.77
1987-03-12,18.86,19.71,16.39,23.84,nasa,0.81
1987-03-13,9.75,19.71,16.68,23.41,nasa,0.81
1987-03-14,5.25,20.27,16.28,25.34,nasa,0.8
1987-03-15,6.66,19.98,16.44,24.71,nasa,0.79
1987-03-16,8.08,19.25,15.63,24.04,nasa,0.78
1987-03-17,6.61,19.41,16.31,24.22,nasa,0.78
1987-03-18,4.4,19.27,15.77,24.3,nasa,0.78
1987-03-19,4.81,19.52,17.05,24.02,nasa,0.78
1987-03-20,11.11,19.55,16.18,24.03,nasa,0.78
1987-03-21,8.47,20.74,16.72,26.08,nasa,0.79
1987-03-22,6.05,21.69,17.9,26.12,nasa,0.79
1987-03-23,1.49,21.98,19.05,27.05,nasa,0.79
1987-03-24,2.2,20.77,17.6,25.37,nasa,0.78
1987-03-25,1.17,20.14,16.39,25.78,nasa,0.77
1987-03-26,0.05,19.81,14.25,26.73,nasa,0.76
1987-03-27,0.02,20.71,15.47,26.67,nasa,0.75
1987-03-28,0.92,20.21,15.88,25.43,nasa,0.75
1987-03-29,2.32,20.61,17.32,25.41,nasa,0.74
1987-03-30,4.46,20.39,16.91,25.15,nasa,0.74
1987-03-31,1.46,20.65,16.4,26.04,nasa,0.74
1987-04-01,0.23,21.42,16.98,26.97,nasa,0.74
1987-04-02,1.29,22.8,17.83,27.79,nasa,0.73
1987-04-03,15.87,21.99,19.26,26.29,nasa,0.74
1987-04-04,38.59,19.76,17.3,22.46,nasa,0.8
1987-04-05,11.72,19.47,17.56,22.58,nasa,0.82
1987-04-06,3.64,20.48,17.33,24.47,nasa,0.81
1987-04-07,17.63,20.08,17.6,23.31,nasa,0.81
1987-04-08,1.43,21.35,17.88,25.7,nasa,0.82
1987-04-09,2.63,22.27,17.41,27.69,nasa,0.8
1987-04-10,0.83,22.11,17.32,27.23,nasa,0.79
1987-04-11,0.09,21.34,17.47,26.82,nasa,0.79
1987-04-12,0.31,21.09,16.95,26.35,nasa,0.78
1987-04-13,0.16,21.57,17.76,26.8,nasa,0.77
1987-04-14,0.02,20.93,17.27,26.19,nasa,0.77
1987-04-15,0.67,20.43,16.6,25.84,nasa,0.76
1987-04-16,1.9,19.69,15.72,24.86,nasa,0.76
1987-04-17,0.57,19.94,16.85,24.88,nasa,0.76
1987-04-18,0.12,19.41,15.27,24.94,nasa,0.75
1987-04-19,0.14,19.65,16.19,24.72,nasa,0.75
1987-04-20,0.13,20.51,15.66,26.09,nasa,0.74
1987-04-21,0.68,20.12,15.53,25.5,nasa,0.74
1987-04-22,0.43,20.15,16.32,25.57,nasa,0.74
1987-04-23,1.69,20.24,16.05,24.76,nasa,0.74
1987-04-24,5.75,19.91,17.13,22.72,nasa,0.74
1987-04-25,2.09,18.68,15.46,23.17,nasa,0.75
1987-04-26,0.41,17.86,13.12,23.45,nasa,0.74
1987-04-27,0.07,18.81,15.48,23.66,nasa,0.74
1987-04-28,0.2,18.48,15.58,22.44,nasa,0.73
1987-04-29,1.07,18.48,16.51,21.68,nasa,0.73
1987-04-30,4.79,17.32,15.42,19.48,nasa,0.74
1987-05-01,1.35,18.12,14.44,22.85,nasa,0.74
1987-05-02,0.39,19.56,14.93,24.42,nasa,0.74
1987-05-03,0.87,20.66,15.47,25.69,nasa,0.73
1987-05-04,0.7,20.74,16.24,25.91,nasa,0.73
1987-05-05,1.84,21.48,16.97,25.93,nasa,0.73
1987-05-06,2.8,21.12,18.37,25.46,nasa,0.73
1987-05-07,0.11,21.37,17.14,26.78,nasa,0.73
1987-05-08,0.02,21.26,17.21,26.68,nasa,0.72
1987-05-09,4.18,20.2,14.83,24.99,nasa,0.72
1987-05-10,1.34,15.54,13.38,19.24,nasa,0.72
1987-05-11,1.37,15.92,12.81,20.47,nasa,0.72
1987-05-12,0.48,18.08,14.04,23.39,nasa,0.72
1987-05-13,0.31,19.37,14.51,25.51,nasa,0.72
1987-05-14,0.05,20.45,16.4,25.93,nasa,0.71
1987-05-15,1.8,20.68,17.25,25.72,nasa,0.71
1987-05-16,2.59,20.48,17.86,24.34,nasa,0.71
1987-05-17,3.78,18.71,16.17,23.23,nasa,0.72
1987-05-18,1.48,18.91,15.97,23.9,nasa,0.72
1987-05-19,3.22,19.38,15.2,24.09,nasa,0.72
1987-05-20,2.9,20.37,16.71,24.87,nasa,0.72
1987-05-21,0.02,21.33,16.8,26.56,nasa,0.72
1987-05-22,0.2,20.28,14.81,24.6,nasa,0.71
1987-05-23,2.6,15.97,12.98,19.76,nasa,0.71
1987-05-24,5.4,18.64,15.66,23.45,nasa,0.72
1987-05-25,5.29,15.67,11.45,19.1,nasa,0.73
1987-05-26,0.36,12.73,9.02,17.02,nasa,0.73
1987-05-27,0.88,12.64,7.28,19.43,nasa,0.72
1987-05-28,1.94,14.98,8.49,21.37,nasa,0.72
1987-05-29,5.79,16.69,11.51,22.6,nasa,0.72
1987-05-30,0.51,14.0,10.02,18.95,nasa,0.72
1987-05-31,0.24,14.45,10.1,20.38,nasa,0.72
1987-06-01,0.0,15.7,9.73,22.51,nasa,0.72
1987-06-02,0.02,16.67,11.83,22.3,nasa,0.71
1987-06-03,0.04,17.52,13.58,22.14,nasa,0.71
1987-06-04,0.01,17.94,15.03,22.23,nasa,0.71
1987-06-05,0.01,17.95,14.07,23.55,nasa,0.7
1987-06-06,0.07,18.49,13.58,23.84,nasa,0.7
1987-06-07,3.22,17.9,14.62,22.25,nasa,0.7
1987-06-08,7.13,17.79,14.69,22.06,nasa,0.7
1987-06-09,3.93,16.92,14.21,19.52,nasa,0.72
1987-06-10,0.66,16.1,12.28,22.06,nasa,0.72
1987-06-11,0.01,16.49,12.18,22.53,nasa,0.71
1987-06-12,0.12,17.46,12.41,23.31,nasa,0.71
1987-06-13,0.0,19.28,14.77,24.99,nasa,0.7
1987-06-14,0.01,20.09,16.04,25.52,nasa,0.7
1987-06-15,0.34,18.67,14.89,24.14,nasa,0.7
1987-06-16,1.86,17.97,12.15,24.52,nasa,0.69
1987-06-17,1.21,14.46,11.76,18.67,nasa,0.69
1987-06-18,0.58,14.95,12.64,19.34,nasa,0.69
1987-06-19,0.17,16.94,12.48,23.22,nasa,0.69
1987-06-20,0.26,16.4,13.18,21.8,nasa,0.69
1987-06-21,0.08,16.45,11.68,22.36,nasa,0.69
1987-06-22,0.02,17.37,14.41,21.5,nasa,0.69
1987-06-23,1.57,18.83,14.86,23.58,nasa,0.69
1987-06-24,4.28,12.98,10.41,15.37,nasa,0.69
1987-06-25,2.32,12.49,10.34,16.23,nasa,0.7
1987-06-26,0.25,13.73,9.56,20.43,nasa,0.7
1987-06-27,0.24,12.88,9.77,18.8,nasa,0.7
1987-06-28,0.49,13.94,9.79,19.57,nasa,0.69
1987-06-29,0.68,15.05,12.03,20.17,nasa,0.69
1987-06-30,0.19,15.63,11.0,22.04,nasa,0.69
1987-07-01,0.03,16.68,11.87,23.03,nasa,0.68
1987-07-02,0.07,17.08,12.42,23.7,nasa,0.68
1987-07-03,0.04,17.75,13.0,24.12,nasa,0.68
1987-07-04,0.1,18.38,13.57,24.38,nasa,0.68
1987-07-05,0.09,16.83,13.06,22.1,nasa,0.67
1987-07-06,0.06,16.08,12.86,21.36,nasa,0.67
1987-07-07,0.0,17.42,12.65,23.16,nasa,0.67
1987-07-08,0.05,18.3,14.33,24.68,nasa,0.67
1987-07-09,2.27,18.37,13.98,23.86,nasa,0.67
1987-07-10,0.52,17.31,12.45,23.17,nasa,0.67
1987-07-11,0.15,17.39,11.89,24.38,nasa,0.67
1987-07-12,0.02,18.62,13.49,25.3,nasa,0.66
1987-07-13,0.21,19.13,14.32,25.47,nasa,0.66
1987-07-14,0.07,19.6,14.07,26.87,nasa,0.66
1987-07-15,0.1,19.09,14.15,26.6,nasa,0.66
1987-07-16,0.06,18.51,14.09,26.1,nasa,0.65
1987-07-17,0.05,18.4,14.24,25.9,nasa,0.65
1987-07-18,0.1,18.2,13.63,25.22,nasa,0.65
1987-07-19,0.0,18.55,12.51,26.64,nasa,0.65
1987-07-20,0.0,18.23,14.49,24.31,nasa,0.65
1987-07-21,0.18,18.61,14.49,24.73,nasa,0.65
1987-07-22,1.19,15.95,12.34,21.5,nasa,0.65
1987-07-23,0.34,14.54,11.33,20.19,nasa,0.65
1987-07-24,0.06,15.03,10.09,22.19,nasa,0.65
1987-07-25,0.32,15.46,10.3,23.01,nasa,0.65
1987-07-26,0.22,15.85,10.58,23.19,nasa,0.64
1987-07-27,0.06,17.07,11.45,24.55,nasa,0.64
1987-07-28,0.05,18.09,12.87,25.27,nasa,0.64
1987-07-29,0.28,17.79,13.12,25.18,nasa,0.64
1987-07-30,2.24,19.16,13.84,26.24,nasa,0.64
1987-07-31,2.88,14.81,11.08,19.48,nasa,0.65
1987-08-01,0.27,13.06,8.99,18.94,nasa,0.65
1987-08-02,0.0,12.88,8.0,20.9,nasa,0.64
1987-08-03,0.0,14.33,7.71,23.62,nasa,0.64
1987-08-04,0.0,15.32,9.82,23.03,nasa,0.64
1987-08-05,0.0,17.1,10.53,25.61,nasa,0.64
1987-08-06,0.14,18.89,12.42,27.12,nasa,0.64
1987-08-07,0.72,17.68,14.27,21.38,nasa,0.64
1987-08-08,1.31,17.2,12.15,23.15,nasa,0.64
1987-08-09,0.21,15.42,10.16,24.64,nasa,0.64
1987-08-10,0.03,16.27,10.1,25.57,nasa,0.64
1987-08-11,0.06,18.58,10.96,27.35,nasa,0.64
1987-08-12,0.1,20.35,13.11,29.86,nasa,0.63
1987-08-13,0.0,20.91,14.23,30.41,nasa,0.63
1987-08-14,0.0,20.05,14.17,28.84,nasa,0.63
1987-08-15,0.0,20.58,15.11,29.15,nasa,0.63
1987-08-16,0.0,21.1,14.6,30.87,nasa,0.62
1987-08-17,0.02,20.95,14.65,30.06,nasa,0.62
1987-08-18,0.77,17.82,13.46,24.97,nasa,0.62
1987-08-19,0.28,18.66,13.08,26.76,nasa,0.62
1987-08-20,0.77,20.4,15.16,28.8,nasa,0.62
1987-08-21,2.78,16.5,11.98,24.86,nasa,0.62
1987-08-22,0.8,13.76,11.17,17.82,nasa,0.63
1987-08-23,0.04,13.89,9.31,20.56,nasa,0.63
1987-08-24,0.02,13.99,8.55,22.36,nasa,0.62
1987-08-25,0.01,16.19,10.36,24.83,nasa,0.62
1987-08-26,0.0,18.11,11.05,26.88,nasa,0.62
1987-08-27,0.0,19.84,13.26,28.89,nasa,0.62
1987-08-28,0.0,20.81,14.39,29.64,nasa,0.62
1987-08-29,0.0,21.13,15.1,30.16,nasa,0.62
1987-08-30,0.01,21.03,15.29,29.98,nasa,0.61
1987-08-31,0.1,19.23,14.79,26.85,nasa,0.61
1987-09-01,1.08,17.2,14.22,23.31,nasa,0.61
1987-09-02,0.82,18.34,13.22,26.41,nasa,0.61
1987-09-03,0.36,20.5,14.02,29.81,nasa,0.61
1987-09-04,0.86,16.9,12.92,23.73,nasa,0.61
1987-09-05,0.72,19.04,12.16,28.06,nasa,0.61
1987-09-06,0.21,21.23,15.0,30.67,nasa,0.61
1987-09-07,1.29,18.1,14.12,25.32,nasa,0.61
1987-09-08,4.23,16.38,13.89,20.71,nasa,0.61
1987-09-09,1.12,19.18,13.87,26.83,nasa,0.62
1987-09-10,0.26,20.93,14.74,29.59,nasa,0.62
1987-09-11,2.19,22.22,15.99,32.19,nasa,0.62
1987-09-12,3.34,18.32,14.67,25.62,nasa,0.62
1987-09-13,2.12,19.05,14.12,26.6,nasa,0.62
1987-09-14,0.33,21.36,15.15,29.81,nasa,0.62
1987-09-15,0.38,22.25,16.22,30.75,nasa,0.62
1987-09-16,0.2,22.99,16.28,33.29,nasa,0.62
1987-09-17,7.06,20.72,16.09,28.15,nasa,0.62
1987-09-18,9.92,21.41,16.81,27.88,nasa,0.63
1987-09-19,9.02,21.91,16.55,29.58,nasa,0.65
1987-09-20,2.99,16.51,13.23,21.33,nasa,0.65
1987-09-21,2.28,17.8,13.11,24.25,nasa,0.65
1987-09-22,11.21,18.87,15.72,24.0,nasa,0.66
1987-09-23,15.8,18.33,16.42,22.41,nasa,0.68
1987-09-24,7.34,16.48,14.1,19.22,nasa,0.69
1987-09-25,0.05,15.9,12.69,21.57,nasa,0.69
1987-09-26,0.0,17.98,11.45,26.49,nasa,0.67
1987-09-27,0.16,20.11,13.27,28.09,nasa,0.66
1987-09-28,1.89,21.64,15.57,28.83,nasa,0.66
1987-09-29,0.27,20.91,16.39,28.07,nasa,0.65
1987-09-30,0.17,21.54,15.44,29.93,nasa,0.65
1987-10-01,0.01,21.86,15.49,30.58,nasa,0.64
1987-10-02,4.57,19.68,13.86,27.95,nasa,0.64
1987-10-03,2.06,14.83,12.72,18.86,nasa,0.65
1987-10-04,0.81,15.63,12.35,20.94,nasa,0.65
1987-10-05,0.42,18.67,10.94,27.83,nasa,0.64
1987-10-06,0.87,20.17,13.87,27.56,nasa,0.64
1987-10-07,1.53,21.61,16.04,29.52,nasa,0.64
1987-10-08,0.57,20.86,14.35,29.93,nasa,0.64
1987-10-09,1.91,21.78,14.73,30.09,nasa,0.63
1987-10-10,2.62,23.09,17.27,31.19,nasa,0.63
1987-10-11,0.14,22.7,16.91,31.94,nasa,0.63
1987-10-12,0.01,23.45,15.71,34.38,nasa,0.63
1987-10-13,0.17,24.0,16.81,34.46,nasa,0.62
1987-10-14,0.66,21.62,17.05,29.36,nasa,0.62
1987-10-15,0.15,22.29,16.12,30.72,nasa,0.62
1987-10-16,0.09,24.19,16.97,33.34,nasa,0.61
1987-10-17,3.45,23.75,17.33,34.06,nasa,0.61
1987-10-18,1.3,23.65,16.07,32.73,nasa,0.62
1987-10-19,11.73,25.23,18.42,34.54,nasa,0.62
1987-10-20,13.86,21.02,17.14,26.46,nasa,0.65
1987-10-21,7.65,20.35,16.74,25.9,nasa,0.66
1987-10-22,4.56,22.98,18.24,28.21,nasa,0.67
1987-10-23,4.06,19.97,17.24,24.36,nasa,0.67
1987-10-24,0.34,21.85,17.15,28.36,nasa,0.66
1987-10-25,0.13,23.27,17.22,31.51,nasa,0.65
1987-10-26,0.0,24.06,17.4,31.51,nasa,0.65
1987-10-27,0.07,23.59,17.26,31.6,nasa,0.64
1987-10-28,2.88,23.73,17.07,31.52,nasa,0.64
1987-10-29,8.18,23.65,17.57,32.37,nasa,0.64
1987-10-30,20.93,21.1,16.97,27.06,nasa,0.67
1987-10-31,2.82,18.58,15.74,23.58,nasa,0.68
1987-11-01,0.4,19.57,15.27,26.47,nasa,0.67
1987-11-02,0.23,18.89,14.09,25.98,nasa,0.66
1987-11-03,0.13,18.86,12.98,27.15,nasa,0.65
1987-11-04,0.11,20.96,14.27,29.48,nasa,0.65
1987-11-05,0.18,23.07,15.27,31.78,nasa,0.64
1987-11-06,1.78,24.11,18.73,30.8,nasa,0.64
1987-11-07,4.13,25.13,19.2,31.12,nasa,0.64
1987-11-08,4.66,23.68,20.06,29.13,nasa,0.64
1987-11-09,9.57,23.35,20.05,28.19,nasa,0.65
1987-11-10,11.36,20.57,16.71,24.49,nasa,0.67
1987-11-11,8.89,20.08,16.74,25.52,nasa,0.68
1987-11-12,10.43,20.0,17.05,25.13,nasa,0.68
1987-11-13,9.32,20.29,16.23,26.18,nasa,0.69
1987-11-14,5.76,20.97,16.86,26.31,nasa,0.69
1987-11-15,9.52,21.31,17.46,27.03,nasa,0.69
1987-11-16,14.52,20.01,18.37,22.03,nasa,0.71
1987-11-17,8.7,22.59,18.42,27.93,nasa,0.72
1987-11-18,2.88,22.17,19.18,27.42,nasa,0.71
1987-11-19,0.39,22.34,18.13,28.42,nasa,0.7
1987-11-20,0.24,21.8,16.61,28.72,nasa,0.68
1987-11-21,1.43,22.54,16.47,29.53,nasa,0.67
1987-11-22,6.28,22.94,18.29,28.96,nasa,0.67
1987-11-23,7.2,20.51,14.95,27.06,nasa,0.68
1987-11-24,0.16,19.32,14.12,26.27,nasa,0.68
1987-11-25,1.71,21.78,16.24,28.12,nasa,0.67
1987-11-26,15.4,21.95,19.51,25.93,nasa,0.68
1987-11-27,25.67,22.06,19.13,26.38,nasa,0.71
1987-11-28,28.54,19.53,16.89,23.09,nasa,0.75
1987-11-29,7.28,19.15,17.0,22.71,nasa,0.77
1987-11-30,2.61,21.28,17.24,26.76,nasa,0.75
1987-12-01,2.77,21.29,17.42,25.57,nasa,0.74
1987-12-02,4.66,21.73,17.61,26.36,nasa,0.73
1987-12-03,2.58,20.0,17.03,23.88,nasa,0.72
1987-12-04,3.81,20.59,16.94,25.28,nasa,0.72
1987-12-05,11.46,21.92,18.83,26.0,nasa,0.72
1987-12-06,24.36,21.55,19.11,24.73,nasa,0.75
1987-12-07,25.55,21.77,18.78,25.76,nasa,0.78
1987-12-08,7.11,20.74,18.48,23.86,nasa,0.79
1987-12-09,2.06,21.17,18.56,25.78,nasa,0.78
1987-12-10,13.04,21.6,19.44,24.47,nasa,0.77
1987-12-11,9.02,21.54,18.82,25.95,nasa,0.78
1987-12-12,4.15,21.13,18.15,25.44,nasa,0.78
1987-12-13,37.33,20.27,18.53,22.73,nasa,0.79
1987-12-14,32.73,20.94,18.5,24.43,nasa,0.85
1987-12-15,4.62,20.52,17.71,24.57,nasa,0.84
1987-12-16,1.69,20.72,16.65,25.52,nasa,0.82
1987-12-17,1.87,21.24,16.84,26.42,nasa,0.8
1987-12-18,5.61,21.16,17.57,25.89,nasa,0.79
1987-12-19,13.27,20.39,18.45,22.86,nasa,0.8
1987-12-20,9.89,20.44,18.11,24.56,nasa,0.81
1987-12-21,8.51,21.66,18.81,25.11,nasa,0.82
1987-12-22,17.2,22.33,19.16,27.48,nasa,0.82
1987-12-23,6.7,20.81,16.86,25.99,nasa,0.83
1987-12-24,4.27,20.01,15.97,25.54,nasa,0.82
1987-12-25,4.93,19.58,16.12,24.08,nasa,0.82
1987-12-26,3.93,20.38,16.9,25.39,nasa,0.81
1987-12-27,0.5,22.14,18.83,26.29,nasa,0.81
1987-12-28,0.35,22.72,19.02,27.19,nasa,0.8
1987-12-29,0.5,22.72,18.96,27.8,nasa,0.79
1987-12-30,0.63,23.18,19.41,27.81,nasa,0.79
1987-12-31,9.63,23.25,19.77,27.66,nasa,0.78
1988-01-01,24.03,22.39,20.54,25.55,nasa,0.81
1988-01-02,13.05,22.52,18.54,27.95,nasa,0.83
1988-01-03,15.8,21.68,17.9,27.1,nasa,0.84
1988-01-04,3.38,21.9,19.24,25.4,nasa,0.84
1988-01-05,10.65,22.17,19.87,25.15,nasa,0.84
1988-01-06,10.67,22.21,19.44,26.8,nasa,0.84
1988-01-07,13.26,22.32,19.56,26.0,nasa,0.85
1988-01-08,17.58,20.94,18.68,24.3,nasa,0.86
1988-01-09,9.7,20.59,18.05,25.09,nasa,0.87
1988-01-10,12.72,19.54,18.23,21.68,nasa,0.87
1988-01-11,18.93,20.35,17.41,24.04,nasa,0.88
1988-01-12,12.79,20.96,18.0,25.05,nasa,0.88
1988-01-13,1.28,21.16,17.62,25.79,nasa,0.88
1988-01-14,0.0,21.93,17.29,27.53,nasa,0.86
1988-01-15,0.0,22.06,16.19,28.22,nasa,0.85
1988-01-16,0.17,22.54,16.57,28.95,nasa,0.84
1988-01-17,0.78,23.01,17.76,28.75,nasa,0.83
1988-01-18,0.67,22.84,18.63,27.79,nasa,0.83
1988-01-19,0.21,23.55,17.88,29.18,nasa,0.82
1988-01-20,1.26,23.52,18.35,29.27,nasa,0.81
1988-01-21,0.26,22.47,18.18,27.93,nasa,0.81
1988-01-22,0.02,22.76,17.2,28.72,nasa,0.8
1988-01-23,0.19,22.67,17.61,28.54,nasa,0.79
1988-01-24,0.03,22.38,17.88,27.38,nasa,0.79
1988-01-25,0.58,22.12,17.65,27.26,nasa,0.78
1988-01-26,1.05,22.07,17.41,27.47,nasa,0.78
1988-01-27,0.43,22.05,17.6,27.93,nasa,0.78
1988-01-28,0.0,22.37,17.21,28.0,nasa,0.77
1988-01-29,0.68,23.19,17.19,29.16,nasa,0.76
1988-01-30,3.26,23.72,18.48,29.0,nasa,0.76
1988-01-31,2.22,23.14,18.64,28.18,nasa,0.76
1988-02-01,7.66,23.3,18.97,27.93,nasa,0.76
1988-02-02,5.15,21.54,19.42,24.53,nasa,0.77
1988-02-03,10.64,21.53,18.87,24.84,nasa,0.78
1988-02-04,5.4,21.99,18.22,26.92,nasa,0.79
1988-02-05,7.99,21.96,18.08,26.6,nasa,0.79
1988-02-06,10.98,21.27,18.78,24.48,nasa,0.79
1988-02-07,19.03,21.38,18.39,24.81,nasa,0.82
1988-02-08,4.62,22.01,19.01,26.32,nasa,0.82
1988-02-09,1.62,22.04,18.58,26.76,nasa,0.81
1988-02-10,2.76,21.11,17.43,26.14,nasa,0.8
1988-02-11,23.54,21.53,18.49,25.32,nasa,0.81
1988-02-12,8.29,21.12,18.55,24.7,nasa,0.83
1988-02-13,9.88,21.43,17.95,26.71,nasa,0.83
1988-02-14,0.86,21.87,17.97,26.88,nasa,0.82
1988-02-15,1.27,21.63,18.08,26.38,nasa,0.81
1988-02-16,3.08,22.48,17.99,27.59,nasa,0.8
1988-02-17,4.29,22.31,18.33,26.77,nasa,0.8
1988-02-18,1.81,22.06,18.59,27.01,nasa,0.8
1988-02-19,1.59,22.55,19.31,27.5,nasa,0.79
1988-02-20,3.0,21.66,17.97,25.98,nasa,0.79
1988-02-21,3.81,22.15,18.64,27.09,nasa,0.79
1988-02-22,12.19,21.77,18.38,26.57,nasa,0.8
1988-02-23,3.06,21.63,17.96,26.83,nasa,0.8
1988-02-24,1.04,21.33,17.46,26.82,nasa,0.79
1988-02-25,0.42,21.11,16.15,27.03,nasa,0.79
1988-02-26,0.44,21.31,16.84,27.43,nasa,0.78
1988-02-27,0.99,21.63,16.83,26.94,nasa,0.77
1988-02-28,1.31,22.02,17.76,27.18,nasa,0.77
1988-02-29,0.12,21.58,17.67,26.1,nasa,0.76
1988-03-01,0.14,23.02,18.96,26.92,nasa,0.76
1988-03-02,5.58,22.81,18.82,27.46,nasa,0.76
1988-03-03,5.44,22.34,19.0,25.9,nasa,0.76
1988-03-04,20.52,22.58,18.74,26.48,nasa,0.78
1988-03-05,24.8,22.02,20.48,23.79,nasa,0.82
1988-03-06,11.0,22.76,20.47,26.08,nasa,0.83
1988-03-07,3.12,22.47,18.95,26.88,nasa,0.83
1988-03-08,1.87,20.31,16.35,25.36,nasa,0.81
1988-03-09,5.24,19.93,16.32,25.01,nasa,0.81
1988-03-10,2.9,19.52,17.04,24.36,nasa,0.8
1988-03-11,2.8,19.45,16.02,24.04,nasa,0.8
1988-03-12,1.23,19.93,16.44,25.45,nasa,0.79
1988-03-13,0.5,19.93,16.36,25.01,nasa,0.79
1988-03-14,1.35,20.6,15.92,26.39,nasa,0.78
1988-03-15,2.12,21.34,17.62,26.44,nasa,0.78
1988-03-16,2.0,22.06,17.34,27.45,nasa,0.78
1988-03-17,3.64,22.4,18.87,26.77,nasa,0.77
1988-03-18,10.85,22.37,18.99,26.63,nasa,0.78
1988-03-19,13.01,22.38,19.54,26.58,nasa,0.79
1988-03-20,7.21,19.38,16.12,24.16,nasa,0.81
1988-03-21,0.37,18.04,14.23,23.43,nasa,0.8
1988-03-22,0.41,18.18,13.76,24.33,nasa,0.79
1988-03-23,0.42,19.41,13.68,26.29,nasa,0.78
1988-03-24,0.05,19.71,14.25,25.75,nasa,0.77
1988-03-25,0.05,20.29,15.15,26.31,nasa,0.77
1988-03-26,0.41,20.55,16.06,25.91,nasa,0.76
1988-03-27,2.0,20.97,16.32,26.69,nasa,0.76
1988-03-28,0.9,21.96,17.67,26.93,nasa,0.75
1988-03-29,0.86,22.19,17.99,27.27,nasa,0.75
1988-03-30,0.57,21.86,17.71,26.9,nasa,0.75
1988-03-31,0.01,21.94,17.03,27.44,nasa,0.74
1988-04-01,4.19,22.46,17.71,27.49,nasa,0.74
1988-04-02,26.17,21.82,18.42,26.42,nasa,0.75
1988-04-03,11.1,20.15,18.47,22.67,nasa,0.8
1988-04-04,1.02,20.87,16.86,25.79,nasa,0.79
1988-04-05,8.32,21.34,17.73,26.44,nasa,0.78
1988-04-06,2.29,20.66,17.58,25.87,nasa,0.79
1988-04-07,0.04,21.38,17.62,26.37,nasa,0.78
1988-04-08,0.36,21.3,17.6,26.14,nasa,0.77
1988-04-09,2.96,18.06,14.4,21.26,nasa,0.76
1988-04-10,1.12,17.43,13.84,23.19,nasa,0.76
1988-04-11,0.16,19.46,13.75,26.08,nasa,0.76
1988-04-12,0.22,20.53,15.01,26.73,nasa,0.75
1988-04-13,7.53,20.94,17.75,25.17,nasa,0.75
1988-04-14,5.96,20.62,16.56,25.17,nasa,0.76
1988-04-15,0.94,18.21,15.12,23.02,nasa,0.76
1988-04-16,0.51,19.21,14.68,24.46,nasa,0.75
1988-04-17,1.09,19.51,16.88,23.52,nasa,0.75
1988-04-18,1.88,19.75,17.04,23.9,nasa,0.75
1988-04-19,1.04,20.43,17.83,24.64,nasa,0.75
1988-04-20,0.28,20.3,16.95,25.25,nasa,0.74
1988-04-21,0.13,20.91,16.65,25.98,nasa,0.74
1988-04-22,0.98,21.76,16.11,26.74,nasa,0.73
1988-04-23,3.98,21.97,18.2,26.86,nasa,0.73
1988-04-24,4.29,20.56,16.87,24.77,nasa,0.74
1988-04-25,0.16,20.8,15.85,26.77,nasa,0.74
1988-04-26,0.25,21.21,16.78,27.01,nasa,0.73
1988-04-27,2.01,21.55,16.76,27.12,nasa,0.73
1988-04-28,11.79,19.81,16.71,23.54,nasa,0.74
1988-04-29,3.35,17.21,14.8,21.34,nasa,0.75
1988-04-30,2.42,15.99,13.34,19.86,nasa,0.75
1988-05-01,0.24,14.9,11.32,19.12,nasa,0.74
1988-05-02,0.05,16.78,10.74,23.45,nasa,0.74
1988-05-03,0.1,19.07,13.91,25.09,nasa,0.73
1988-05-04,0.07,19.8,13.67,25.88,nasa,0.73
1988-05-05,0.5,20.25,16.1,25.86,nasa,0.72
1988-05-06,2.34,19.43,16.52,24.18,nasa,0.72
1988-05-07,1.41,18.73,16.14,23.54,nasa,0.72
1988-05-08,2.14,19.66,16.06,24.89,nasa,0.72
1988-05-09,0.92,19.2,15.79,24.31,nasa,0.72
1988-05-10,0.28,17.24,13.75,22.77,nasa,0.72
1988-05-11,0.01,18.59,14.48,23.95,nasa,0.71
1988-05-12,0.17,19.51,15.64,24.72,nasa,0.71
1988-05-13,0.27,19.62,15.81,24.85,nasa,0.71
1988-05-14,0.21,20.16,16.26,25.34,nasa,0.7
1988-05-15,2.15,20.78,15.91,25.76,nasa,0.7
1988-05-16,0.89,20.88,16.34,25.44,nasa,0.7
1988-05-17,9.5,19.2,17.06,22.46,nasa,0.71
1988-05-18,10.63,19.34,16.52,24.08,nasa,0.74
1988-05-19,1.01,19.22,15.5,24.59,nasa,0.73
1988-05-20,0.62,19.89,15.31,24.83,nasa,0.73
1988-05-21,0.45,20.66,16.43,25.15,nasa,0.72
1988-05-22,0.53,19.96,14.91,25.1,nasa,0.72
1988-05-23,0.11,20.2,16.13,25.52,nasa,0.71
1988-05-24,3.69,20.3,15.86,25.65,nasa,0.71
1988-05-25,5.02,17.39,15.77,19.9,nasa,0.72
1988-05-26,20.05,15.62,14.19,17.37,nasa,0.74
1988-05-27,5.17,14.99,13.05,17.55,nasa,0.76
1988-05-28,0.27,16.47,12.17,22.06,nasa,0.75
1988-05-29,1.21,18.21,14.4,23.33,nasa,0.74
1988-05-30,3.91,18.68,15.47,23.55,nasa,0.74
1988-05-31,0.63,18.25,14.14,23.29,nasa,0.74
1988-06-01,0.14,12.8,8.58,18.1,nasa,0.73
1988-06-02,0.2,12.45,7.61,17.64,nasa,0.73
1988-06-03,0.05,15.56,10.33,21.56,nasa,0.73
1988-06-04,0.02,17.2,12.87,21.96,nasa,0.72
1988-06-05,0.07,16.22,10.72,19.92,nasa,0.72
1988-06-06,0.09,12.85,9.61,17.44,nasa,0.72
1988-06-07,0.2,16.76,11.7,23.5,nasa,0.72
1988-06-08,0.11,17.9,13.16,24.07,nasa,0.71
1988-06-09,0.0,17.9,13.74,23.8,nasa,0.71
1988-06-10,0.14,16.79,12.93,23.29,nasa,0.71
1988-06-11,2.13,16.34,12.89,21.38,nasa,0.7
1988-06-12,1.22,15.93,12.3,20.66,nasa,0.7
1988-06-13,0.66,17.15,11.43,23.2,nasa,0.7
1988-06-14,9.06,17.85,14.37,22.16,nasa,0.7
1988-06-15,5.87,14.55,11.87,17.47,nasa,0.73
1988-06-16,0.88,12.68,9.83,17.05,nasa,0.72
1988-06-17,1.41,11.6,8.62,15.81,nasa,0.72
1988-06-18,0.39,12.69,9.17,16.89,nasa,0.72
1988-06-19,0.05,13.46,9.12,19.33,nasa,0.72
1988-06-20,0.16,14.45,8.68,20.98,nasa,0.71
1988-06-21,0.04,17.96,11.98,24.65,nasa,0.71
1988-06-22,0.05,17.89,12.14,25.36,nasa,0.7
1988-06-23,0.24,17.49,12.43,24.24,nasa,0.7
1988-06-24,0.18,17.79,12.28,24.97,nasa,0.7
1988-06-25,1.31,17.23,13.12,22.47,nasa,0.69
1988-06-26,3.62,14.16,11.92,16.85,nasa,0.7
1988-06-27,1.23,13.23,11.09,16.9,nasa,0.7
1988-06-28,0.12,15.04,9.98,21.39,nasa,0.7
1988-06-29,0.0,16.12,11.23,22.77,nasa,0.7
1988-06-30,0.0,15.17,10.47,22.18,nasa,0.69
1988-07-01,0.06,15.38,10.06,21.37,nasa,0.69
1988-07-02,0.05,15.58,11.49,21.92,nasa,0.69
1988-07-03,0.16,15.57,11.42,21.57,nasa,0.69
1988-07-04,0.64,16.45,11.97,22.35,nasa,0.68
1988-07-05,0.21,15.81,11.68,21.87,nasa,0.68
1988-07-06,0.11,15.95,11.28,22.36,nasa,0.68
1988-07-07,0.09,16.77,11.26,23.3,nasa,0.68
1988-07-08,1.26,16.15,12.67,21.81,nasa,0.68
1988-07-09,2.68,15.5,12.99,19.98,nasa,0.68
1988-07-10,0.7,16.64,13.19,22.53,nasa,0.68
1988-07-11,0.26,16.64,12.8,22.04,nasa,0.68
1988-07-12,0.98,13.39,10.15,17.04,nasa,0.68
1988-07-13,0.34,10.85,7.81,15.95,nasa,0.68
1988-07-14,0.4,10.88,7.72,15.78,nasa,0.68
1988-07-15,0.23,11.01,8.02,16.3,nasa,0.68
1988-07-16,0.86,11.85,8.81,16.36,nasa,0.68
1988-07-17,0.59,11.99,9.06,16.9,nasa,0.68
1988-07-18,0.36,12.02,7.9,17.11,nasa,0.68
1988-07-19,0.12,13.06,7.71,19.91,nasa,0.68
1988-07-20,0.06,15.06,10.91,21.38,nasa,0.67
1988-07-21,0.1,14.72,11.24,20.46,nasa,0.67
1988-07-22,0.17,15.42,10.45,22.57,nasa,0.67
1988-07-23,0.02,16.82,11.34,23.9,nasa,0.67
1988-07-24,0.04,17.45,13.0,24.41,nasa,0.66
1988-07-25,0.62,12.37,6.12,15.68,nasa,0.66
1988-07-26,0.21,11.55,6.33,17.87,nasa,0.66
1988-07-27,0.31,11.27,7.35,17.16,nasa,0.66
1988-07-28,0.18,10.42,6.25,15.95,nasa,0.66
1988-07-29,0.43,11.71,7.56,17.9,nasa,0.66
1988-07-30,0.44,11.2,7.81,16.24,nasa,0.66
1988-07-31,0.21,11.97,7.93,17.71,nasa,0.66
1988-08-01,0.28,12.9,8.14,19.86,nasa,0.66
1988-08-02,0.15,12.98,7.65,20.44,nasa,0.66
1988-08-03,0.05,13.72,7.0,21.4,nasa,0.66
1988-08-04,0.16,14.58,10.56,19.37,nasa,0.66
1988-08-05,0.19,15.88,11.19,22.3,nasa,0.65
1988-08-06,0.08,15.52,10.49,21.76,nasa,0.65
1988-08-07,0.1,16.08,10.46,22.87,nasa,0.65
1988-08-08,0.19,17.1,12.66,23.45,nasa,0.65
1988-08-09,0.06,18.7,12.96,26.51,nasa,0.65
1988-08-10,0.22,16.26,10.56,22.05,nasa,0.65
1988-08-11,0.22,13.01,9.92,17.87,nasa,0.65
1988-08-12,0.18,12.65,9.41,18.76,nasa,0.64
1988-08-13,0.21,12.65,8.1,19.32,nasa,0.64
1988-08-14,0.2,11.97,7.12,17.62,nasa,0.64
1988-08-15,0.13,13.23,8.68,20.5,nasa,0.64
1988-08-16,0.06,14.77,8.13,23.21,nasa,0.64
1988-08-17,0.01,15.11,8.56,24.58,nasa,0.64
1988-08-18,0.13,14.75,8.71,22.08,nasa,0.64
1988-08-19,0.3,16.24,10.82,23.79,nasa,0.64
1988-08-20,0.28,17.55,12.08,24.83,nasa,0.64
1988-08-21,0.24,18.9,12.63,26.76,nasa,0.64
1988-08-22,0.16,17.82,12.09,25.38,nasa,0.63
1988-08-23,0.15,16.8,11.91,25.1,nasa,0.63
1988-08-24,0.03,17.69,11.77,26.53,nasa,0.63
1988-08-25,0.0,18.83,12.56,28.0,nasa,0.63
1988-08-26,0.0,19.73,12.74,29.52,nasa,0.63
1988-08-27,0.0,19.09,12.46,28.82,nasa,0.62
1988-08-28,0.0,18.73,13.11,27.58,nasa,0.62
1988-08-29,0.0,18.54,13.07,27.2,nasa,0.62
1988-08-30,0.0,18.66,12.54,27.7,nasa,0.62
1988-08-31,0.0,19.73,12.92,29.59,nasa,0.62
1988-09-01,0.0,20.71,13.75,30.19,nasa,0.62
1988-09-02,0.68,18.73,13.33,27.31,nasa,0.62
1988-09-03,0.92,16.14,12.7,22.43,nasa,0.62
1988-09-04,0.7,15.93,12.09,22.83,nasa,0.62
1988-09-05,0.39,14.95,11.44,21.56,nasa,0.62
1988-09-06,0.15,14.5,8.49,22.25,nasa,0.62
1988-09-07,0.01,15.38,5.93,25.88,nasa,0.62
1988-09-08,0.0,17.94,8.84,28.69,nasa,0.61
1988-09-09,0.0,18.8,10.88,28.98,nasa,0.61
1988-09-10,0.0,19.81,13.43,29.42,nasa,0.61
1988-09-11,0.0,20.03,13.77,29.36,nasa,0.61
1988-09-12,0.0,21.36,14.39,31.39,nasa,0.61
1988-09-13,0.0,21.16,14.74,31.05,nasa,0.61
1988-09-14,0.0,21.46,12.84,32.3,nasa,0.61
1988-09-15,0.47,19.56,14.35,28.35,nasa,0.6
1988-09-16,0.73,18.01,13.48,25.94,nasa,0.61
1988-09-17,0.66,19.26,14.19,27.1,nasa,0.61
1988-09-18,0.64,20.64,14.68,28.6,nasa,0.61
1988-09-19,1.9,20.21,16.4,27.2,nasa,0.61
1988-09-20,2.79,19.94,15.55,27.38,nasa,0.61
1988-09-21,1.0,20.83,14.61,29.19,nasa,0.61
1988-09-22,0.03,22.34,15.78,30.96,nasa,0.61
1988-09-23,0.0,22.53,16.03,31.38,nasa,0.61
1988-09-24,0.0,22.3,15.77,31.73,nasa,0.61
1988-09-25,0.02,21.94,14.34,31.88,nasa,0.6
1988-09-26,0.14,22.49,15.51,32.28,nasa,0.6
1988-09-27,0.16,23.09,15.42,33.58,nasa,0.6
1988-09-28,0.96,22.54,15.36,32.78,nasa,0.6
1988-09-29,4.52,18.34,13.98,25.3,nasa,0.6
1988-09-30,1.04,16.55,13.91,22.05,nasa,0.61
1988-10-01,1.95,19.17,15.05,24.94,nasa,0.61
1988-10-02,2.84,20.09,16.62,25.25,nasa,0.61
1988-10-03,0.6,22.33,15.47,31.34,nasa,0.62
1988-10-04,1.98,22.8,15.92,30.95,nasa,0.61
1988-10-05,3.65,22.06,16.97,30.35,nasa,0.61
1988-10-06,16.95,19.0,15.07,22.49,nasa,0.63
1988-10-07,2.53,16.64,13.12,22.38,nasa,0.65
1988-10-08,1.14,17.91,12.89,25.63,nasa,0.65
1988-10-09,0.51,20.03,12.06,29.12,nasa,0.64
1988-10-10,9.01,18.98,14.75,26.83,nasa,0.64
1988-10-11,4.29,16.43,13.33,21.81,nasa,0.65
1988-10-12,12.53,17.87,12.61,25.31,nasa,0.65
1988-10-13,7.41,19.44,16.04,24.81,nasa,0.67
1988-10-14,2.45,20.49,14.88,26.98,nasa,0.67
1988-10-15,0.47,21.09,15.1,29.32,nasa,0.66
1988-10-16,11.27,21.34,15.4,29.12,nasa,0.66
1988-10-17,14.7,20.51,17.95,24.53,nasa,0.67
1988-10-18,4.79,19.32,16.49,23.35,nasa,0.69
1988-10-19,0.19,20.76,15.35,27.44,nasa,0.68
1988-10-20,0.36,21.85,15.74,28.9,nasa,0.67
1988-10-21,3.01,22.62,17.76,29.47,nasa,0.66
1988-10-22,2.8,19.11,16.84,22.79,nasa,0.66
1988-10-23,4.26,22.08,16.42,28.5,nasa,0.66
1988-10-24,1.21,22.03,16.6,29.68,nasa,0.66
1988-10-25,1.07,21.83,15.65,28.03,nasa,0.65
1988-10-26,9.07,23.28,19.24,28.6,nasa,0.65
1988-10-27,15.39,18.23,13.97,21.48,nasa,0.68
1988-10-28,3.95,17.43,14.0,23.18,nasa,0.68
1988-10-29,2.51,20.33,15.11,27.11,nasa,0.68
1988-10-30,4.01,21.51,16.91,27.68,nasa,0.67
1988-10-31,3.19,21.98,17.03,29.07,nasa,0.67
1988-11-01,12.13,21.6,16.54,28.35,nasa,0.67
1988-11-02,9.43,15.41,12.94,18.82,nasa,0.69
1988-11-03,11.25,14.58,12.55,17.9,nasa,0.7
1988-11-04,17.08,14.85,12.73,18.31,nasa,0.72
1988-11-05,10.34,17.06,12.91,22.46,nasa,0.73
1988-11-06,4.8,18.29,15.6,22.44,nasa,0.72
1988-11-07,6.83,18.05,15.66,22.04,nasa,0.73
1988-11-08,2.06,18.57,15.5,22.57,nasa,0.72
1988-11-09,4.04,20.76,16.57,25.78,nasa,0.71
1988-11-10,1.47,21.66,17.5,26.65,nasa,0.71
1988-11-11,0.2,21.49,17.22,26.92,nasa,0.7
1988-11-12,0.4,21.66,15.63,28.87,nasa,0.69
1988-11-13,0.44,22.99,16.31,30.51,nasa,0.68
1988-11-14,2.66,22.5,16.87,28.76,nasa,0.67
1988-11-15,3.07,21.37,17.29,27.02,nasa,0.67
1988-11-16,4.76,19.73,15.9,25.76,nasa,0.67
1988-11-17,1.79,19.2,15.42,25.84,nasa,0.68
1988-11-18,0.16,19.61,14.38,26.6,nasa,0.67
1988-11-19,0.2,21.39,14.53,29.51,nasa,0.66
1988-11-20,0.67,22.69,16.38,30.4,nasa,0.66
1988-11-21,4.73,20.4,17.5,24.31,nasa,0.65
1988-11-22,3.45,20.6,17.4,25.24,nasa,0.66
1988-11-23,18.71,19.94,16.3,24.2,nasa,0.68
1988-11-24,3.85,17.42,14.55,21.13,nasa,0.7
1988-11-25,0.88,16.53,13.58,21.19,nasa,0.7
1988-11-26,1.06,19.05,12.49,25.63,nasa,0.69
1988-11-27,9.63,20.62,15.09,25.65,nasa,0.69
1988-11-28,4.05,18.66,12.73,24.88,nasa,0.7
1988-11-29,0.4,15.66,11.74,21.47,nasa,0.69
1988-11-30,0.28,16.8,11.07,23.68,nasa,0.69
1988-12-01,1.63,18.56,12.69,25.51,nasa,0.68
1988-12-02,7.56,19.62,15.29,24.94,nasa,0.68
1988-12-03,4.61,18.24,15.8,21.26,nasa,0.69
1988-12-04,1.31,18.26,15.43,22.89,nasa,0.69
1988-12-05,4.02,19.22,15.39,25.04,nasa,0.69
1988-12-06,1.81,19.57,14.53,25.49,nasa,0.68
1988-12-07,1.86,19.2,14.64,25.59,nasa,0.68
1988-12-08,0.23,19.63,12.61,27.06,nasa,0.67
1988-12-09,2.61,21.83,15.36,29.16,nasa,0.66
1988-12-10,8.6,22.5,16.92,28.8,nasa,0.66
1988-12-11,5.7,21.3,18.2,25.62,nasa,0.68
1988-12-12,4.53,21.68,17.99,26.6,nasa,0.68
1988-12-13,4.22,22.65,17.82,28.04,nasa,0.68
1988-12-14,9.35,23.35,19.36,28.57,nasa,0.68
1988-12-15,14.29,21.94,19.49,26.02,nasa,0.7
1988-12-16,15.03,20.33,18.94,22.11,nasa,0.72
1988-12-17,14.0,19.32,17.42,21.96,nasa,0.73
1988-12-18,8.75,20.15,17.15,24.27,nasa,0.74
1988-12-19,0.78,21.17,16.66,27.15,nasa,0.73
1988-12-20,1.23,20.56,15.62,26.85,nasa,0.71
1988-12-21,7.57,20.92,15.79,27.13,nasa,0.71
1988-12-22,14.92,20.46,17.11,24.95,nasa,0.72
1988-12-23,8.47,20.17,17.55,23.59,nasa,0.73
1988-12-24,21.19,21.68,18.17,25.9,nasa,0.74
1988-12-25,7.97,22.01,18.78,25.71,nasa,0.76
1988-12-26,5.01,22.96,19.16,27.57,nasa,0.75
1988-12-27,0.76,22.59,18.1,28.2,nasa,0.74
1988-12-28,0.61,21.39,16.35,27.52,nasa,0.72
1988-12-29,0.82,22.43,15.43,29.5,nasa,0.71
1988-12-30,3.0,21.69,17.31,26.61,nasa,0.71
1988-12-31,2.86,22.36,17.62,28.53,nasa,0.7
1989-01-01,15.91,21.38,17.55,26.98,nasa,0.71
1989-01-02,30.21,19.98,16.82,23.47,nasa,0.75
1989-01-03,15.77,19.7,16.6,23.93,nasa,0.78
1989-01-04,1.88,20.47,17.11,25.14,nasa,0.78
1989-01-05,0.32,20.81,16.28,26.71,nasa,0.76
1989-01-06,2.14,21.08,16.14,26.62,nasa,0.74
1989-01-07,1.75,20.6,16.62,25.13,nasa,0.74
1989-01-08,0.58,20.53,17.37,24.87,nasa,0.73
1989-01-09,1.8,21.28,16.91,27.11,nasa,0.72
1989-01-10,1.69,22.13,17.4,27.76,nasa,0.72
1989-01-11,1.19,21.94,17.52,27.51,nasa,0.71
1989-01-12,3.32,22.04,16.76,28.43,nasa,0.71
1989-01-13,8.77,22.28,16.92,28.19,nasa,0.71
1989-01-14,13.04,22.5,17.78,27.54,nasa,0.72
1989-01-15,3.57,22.95,19.35,27.09,nasa,0.73
1989-01-16,2.34,22.16,19.64,25.63,nasa,0.73
1989-01-17,10.15,23.21,18.7,27.38,nasa,0.73
1989-01-18,27.49,22.13,19.97,25.31,nasa,0.76
1989-01-19,2.28,22.11,19.16,25.58,nasa,0.78
1989-01-20,0.16,22.19,17.23,27.27,nasa,0.76
1989-01-21,0.09,21.75,16.37,27.94,nasa,0.74
1989-01-22,1.17,21.96,16.78,27.49,nasa,0.73
1989-01-23,1.83,21.76,17.35,27.37,nasa,0.72
1989-01-24,1.81,20.42,17.17,24.82,nasa,0.72
1989-01-25,1.11,21.0,16.31,27.66,nasa,0.72
1989-01-26,0.77,21.09,16.21,26.82,nasa,0.71
1989-01-27,1.39,22.04,16.8,28.46,nasa,0.7
1989-01-28,0.89,21.23,16.92,27.2,nasa,0.7
1989-01-29,0.86,21.02,16.47,26.95,nasa,0.69
1989-01-30,0.67,21.11,15.94,27.37,nasa,0.69
1989-01-31,0.85,21.78,16.14,28.54,nasa,0.68
1989-02-01,1.54,22.86,17.47,29.56,nasa,0.68
1989-02-02,16.76,22.53,17.81,28.5,nasa,0.69
1989-02-03,10.04,21.68,18.99,25.7,nasa,0.71
1989-02-04,30.26,22.0,18.72,25.6,nasa,0.74
1989-02-05,26.09,21.05,19.64,23.31,nasa,0.77
1989-02-06,12.01,21.28,19.6,23.63,nasa,0.8
1989-02-07,6.84,21.5,19.0,25.47,nasa,0.79
1989-02-08,1.83,21.25,17.86,26.01,nasa,0.78
1989-02-09,0.6,21.12,17.21,26.11,nasa,0.76
1989-02-10,2.62,21.48,17.26,26.45,nasa,0.75
1989-02-11,1.42,21.68,18.0,26.76,nasa,0.74
1989-02-12,1.63,21.95,17.42,27.7,nasa,0.73
1989-02-13,3.66,22.35,17.27,27.75,nasa,0.73
1989-02-14,9.73,21.7,18.32,26.35,nasa,0.73
1989-02-15,2.77,21.57,18.24,26.05,nasa,0.74
1989-02-16,1.37,21.66,17.74,27.41,nasa,0.74
1989-02-17,1.21,22.14,17.71,28.13,nasa,0.73
1989-02-18,0.05,21.7,15.82,28.22,nasa,0.72
1989-02-19,2.55,22.01,16.62,28.02,nasa,0.71
1989-02-20,1.1,22.7,17.88,28.52,nasa,0.71
1989-02-21,0.5,23.32,18.09,28.74,nasa,0.7
1989-02-22,2.76,23.99,18.64,29.39,nasa,0.7
1989-02-23,2.3,23.14,18.89,27.47,nasa,0.7
1989-02-24,0.41,23.48,18.29,29.42,nasa,0.69
1989-02-25,0.54,23.67,18.81,28.75,nasa,0.69
1989-02-26,0.6,23.57,18.72,29.12,nasa,0.68
1989-02-27,0.3,23.49,19.2,29.1,nasa,0.68
1989-02-28,0.34,22.84,17.76,29.44,nasa,0.67
1989-03-01,2.3,21.75,18.25,27.73,nasa,0.67
1989-03-02,3.6,21.7,18.52,27.11,nasa,0.68
1989-03-03,1.12,22.22,17.48,27.91,nasa,0.67
1989-03-04,12.92,22.64,17.4,28.33,nasa,0.69
1989-03-05,10.44,22.19,18.61,27.4,nasa,0.69
1989-03-06,22.73,22.07,19.49,25.82,nasa,0.72
1989-03-07,11.5,21.63,19.26,24.86,nasa,0.74
1989-03-08,18.7,21.59,19.8,24.71,nasa,0.76
1989-03-09,14.86,22.02,19.34,25.75,nasa,0.78
1989-03-10,5.62,21.39,17.83,25.72,nasa,0.78
1989-03-11,0.71,20.15,17.24,24.82,nasa,0.76
1989-03-12,4.17,21.24,16.93,26.42,nasa,0.75
1989-03-13,5.29,20.71,18.82,23.48,nasa,0.75
1989-03-14,14.09,21.52,18.97,25.18,nasa,0.76
1989-03-15,20.37,21.52,18.87,25.12,nasa,0.78
1989-03-16,4.56,21.98,18.22,26.6,nasa,0.79
1989-03-17,0.19,21.11,17.08,26.46,nasa,0.78
1989-03-18,1.87,20.77,15.73,26.3,nasa,0.76
1989-03-19,3.23,20.76,16.77,25.86,nasa,0.76
1989-03-20,0.65,20.31,16.36,25.71,nasa,0.75
1989-03-21,0.29,20.42,16.48,25.86,nasa,0.74
1989-03-22,0.21,20.29,15.31,26.18,nasa,0.73
1989-03-23,0.13,20.36,15.79,26.16,nasa,0.73
1989-03-24,0.23,19.67,15.48,25.44,nasa,0.72
1989-03-25,0.26,20.02,15.33,26.26,nasa,0.72
1989-03-26,0.06,20.78,15.32,27.16,nasa,0.71
1989-03-27,0.99,21.47,15.65,27.99,nasa,0.71
1989-03-28,1.82,21.27,17.55,26.53,nasa,0.7
1989-03-29,2.53,20.38,16.91,25.09,nasa,0.7
1989-03-30,3.89,20.87,17.0,26.04,nasa,0.7
1989-03-31,1.13,21.26,16.39,27.28,nasa,0.7
1989-04-01,0.4,21.44,15.87,27.37,nasa,0.7
1989-04-02,0.03,22.11,16.75,28.23,nasa,0.69
1989-04-03,1.3,22.15,17.3,28.25,nasa,0.69
1989-04-04,4.29,22.0,17.89,27.34,nasa,0.69
1989-04-05,1.32,21.77,17.67,27.24,nasa,0.69
1989-04-06,0.05,21.77,16.62,28.36,nasa,0.68
1989-04-07,3.55,21.31,17.17,27.32,nasa,0.68
1989-04-08,2.72,20.72,16.23,27.01,nasa,0.68
1989-04-09,0.43,20.92,15.85,26.95,nasa,0.68
1989-04-10,0.06,21.93,17.62,27.7,nasa,0.68
1989-04-11,0.1,22.11,17.18,28.44,nasa,0.67
1989-04-12,0.01,21.79,17.46,27.96,nasa,0.67
1989-04-13,1.79,21.78,17.11,28.0,nasa,0.66
1989-04-14,3.81,21.52,17.37,27.61,nasa,0.67
1989-04-15,4.33,20.75,17.52,25.92,nasa,0.67
1989-04-16,1.79,19.87,16.43,25.21,nasa,0.67
1989-04-17,1.82,19.95,15.43,26.31,nasa,0.67
1989-04-18,1.56,20.62,15.81,26.71,nasa,0.67
1989-04-19,11.74,21.01,15.02,27.29,nasa,0.67
1989-04-20,10.92,17.93,16.11,21.12,nasa,0.7
1989-04-21,1.08,17.55,14.97,21.21,nasa,0.7
1989-04-22,0.39,17.36,14.28,22.12,nasa,0.7
1989-04-23,0.11,16.56,13.54,20.5,nasa,0.7
1989-04-24,1.32,16.61,12.42,22.33,nasa,0.69
1989-04-25,4.56,17.12,14.04,22.09,nasa,0.69
1989-04-26,3.56,17.81,14.75,22.84,nasa,0.69
1989-04-27,0.59,18.62,13.25,24.74,nasa,0.69
1989-04-28,0.35,20.02,14.13,26.43,nasa,0.68
1989-04-29,0.09,21.71,15.1,28.08,nasa,0.68
1989-04-30,0.06,21.73,16.5,28.43,nasa,0.67
1989-05-01,0.44,21.39,17.5,26.96,nasa,0.67
1989-05-02,1.82,21.64,17.54,27.33,nasa,0.67
1989-05-03,0.48,20.89,16.56,27.33,nasa,0.67
1989-05-04,0.13,22.04,16.35,28.48,nasa,0.66
1989-05-05,0.2,22.47,16.89,29.26,nasa,0.66
1989-05-06,3.05,22.2,16.81,28.76,nasa,0.66
1989-05-07,2.26,17.67,14.39,21.85,nasa,0.66
1989-05-08,1.61,15.21,13.27,17.9,nasa,0.66
1989-05-09,0.39,15.13,12.12,20.36,nasa,0.66
1989-05-10,0.61,15.13,12.02,20.36,nasa,0.66
1989-05-11,1.9,15.84,12.53,21.14,nasa,0.66
1989-05-12,2.77,16.24,13.79,20.99,nasa,0.66
1989-05-13,1.73,16.08,12.86,21.15,nasa,0.66
1989-05-14,2.03,16.61,13.02,22.66,nasa,0.66
1989-05-15,0.46,15.93,11.32,21.94,nasa,0.66
1989-05-16,0.22,15.04,10.94,21.12,nasa,0.66
1989-05-17,2.78,15.76,11.4,21.65,nasa,0.66
1989-05-18,2.57,16.43,13.42,21.49,nasa,0.66
1989-05-19,0.46,15.02,10.45,20.74,nasa,0.66
1989-05-20,0.35,15.38,10.07,21.65,nasa,0.66
1989-05-21,1.0,17.24,13.79,22.88,nasa,0.66
1989-05-22,0.39,16.46,12.98,22.24,nasa,0.66
1989-05-23,0.12,15.92,12.02,21.95,nasa,0.66
1989-05-24,0.65,17.7,11.64,24.74,nasa,0.65
1989-05-25,7.01,18.29,13.45,22.93,nasa,0.66
1989-05-26,1.88,17.95,12.58,24.6,nasa,0.67
1989-05-27,0.74,13.85,8.89,20.89,nasa,0.66
1989-05-28,0.92,13.25,9.22,20.4,nasa,0.66
1989-05-29,0.08,14.76,8.81,22.96,nasa,0.66
1989-05-30,0.07,16.41,10.66,23.55,nasa,0.66
1989-05-31,0.14,17.23,12.84,23.66,nasa,0.65
1989-06-01,0.14,16.95,13.26,22.68,nasa,0.65
1989-06-02,0.13,17.06,12.92,23.47,nasa,0.65
1989-06-03,0.42,18.22,12.84,24.59,nasa,0.65
1989-06-04,0.14,19.32,14.2,26.32,nasa,0.65
1989-06-05,0.18,17.67,14.62,23.04,nasa,0.64
1989-06-06,0.29,17.26,13.18,24.32,nasa,0.64
1989-06-07,0.41,17.61,12.87,25.18,nasa,0.64
1989-06-08,0.21,18.67,13.52,26.03,nasa,0.64
1989-06-09,0.89,19.49,14.24,26.05,nasa,0.64
1989-06-10,12.25,18.83,15.9,24.01,nasa,0.65
1989-06-11,15.96,15.55,11.91,17.69,nasa,0.67
1989-06-12,12.32,12.89,11.41,15.09,nasa,0.7
1989-06-13,0.34,12.7,7.22,17.78,nasa,0.7
1989-06-14,0.09,12.29,7.84,17.78,nasa,0.69
1989-06-15,0.17,12.33,8.1,15.96,nasa,0.68
1989-06-16,0.16,14.45,9.86,20.13,nasa,0.68
1989-06-17,0.17,16.17,11.37,21.81,nasa,0.68
1989-06-18,0.1,16.66,13.8,21.02,nasa,0.67
1989-06-19,0.39,17.24,13.87,22.5,nasa,0.67
1989-06-20,2.16,17.05,12.91,22.73,nasa,0.67
1989-06-21,5.83,16.98,13.89,21.87,nasa,0.67
1989-06-22,2.88,16.66,13.98,21.22,nasa,0.68
1989-06-23,0.69,17.19,13.49,22.53,nasa,0.68
1989-06-24,2.28,17.47,14.15,22.67,nasa,0.68
1989-06-25,17.17,17.05,13.34,22.62,nasa,0.69
1989-06-26,8.04,16.91,15.01,20.11,nasa,0.71
1989-06-27,0.43,16.77,12.92,22.37,nasa,0.71
1989-06-28,0.1,16.36,10.92,23.09,nasa,0.7
1989-06-29,0.23,18.14,12.84,25.11,nasa,0.69
1989-06-30,0.44,17.81,14.33,23.22,nasa,0.68
1989-07-01,0.09,17.59,14.9,22.28,nasa,0.68
1989-07-02,0.01,17.64,13.36,23.8,nasa,0.68
1989-07-03,0.21,18.07,13.57,24.26,nasa,0.67
1989-07-04,0.49,17.38,13.21,23.22,nasa,0.67
1989-07-05,0.02,16.95,12.48,23.62,nasa,0.67
1989-07-06,4.92,12.85,8.33,16.99,nasa,0.67
1989-07-07,4.04,10.13,7.87,13.18,nasa,0.67
1989-07-08,3.1,11.01,8.83,14.4,nasa,0.68
1989-07-09,0.5,11.52,8.85,16.69,nasa,0.68
1989-07-10,0.14,10.99,6.81,16.85,nasa,0.68
1989-07-11,0.16,11.13,6.74,17.17,nasa,0.68
1989-07-12,0.22,11.81,7.52,17.26,nasa,0.67
1989-07-13,0.04,13.16,8.57,19.47,nasa,0.67
1989-07-14,0.07,14.21,8.36,22.35,nasa,0.67
1989-07-15,0.1,13.61,8.06,20.07,nasa,0.67
1989-07-16,0.01,13.15,8.86,19.34,nasa,0.66
1989-07-17,0.02,11.84,7.35,18.74,nasa,0.66
1989-07-18,0.02,12.24,6.07,20.49,nasa,0.66
1989-07-19,0.03,12.53,7.54,20.41,nasa,0.66
1989-07-20,0.05,13.33,7.07,21.03,nasa,0.66
1989-07-21,0.0,14.57,9.49,22.1,nasa,0.65
1989-07-22,0.0,15.74,9.7,22.61,nasa,0.65
1989-07-23,0.01,16.43,9.35,24.81,nasa,0.65
1989-07-24,0.38,16.28,8.79,24.84,nasa,0.65
1989-07-25,0.1,18.47,11.25,26.79,nasa,0.65
1989-07-26,0.22,18.77,12.59,27.32,nasa,0.64
1989-07-27,0.2,20.92,13.54,29.14,nasa,0.64
1989-07-28,2.37,20.97,14.66,28.18,nasa,0.64
1989-07-29,2.56,20.05,15.63,27.34,nasa,0.64
1989-07-30,19.23,20.17,14.75,26.25,nasa,0.65
1989-07-31,4.07,19.03,14.03,23.16,nasa,0.68
1989-08-01,0.3,14.4,11.1,18.52,nasa,0.68
1989-08-02,0.0,12.88,8.46,19.84,nasa,0.68
1989-08-03,0.0,13.32,8.72,20.65,nasa,0.67
1989-08-04,0.0,13.77,6.51,22.31,nasa,0.67
1989-08-05,0.0,14.62,8.48,23.1,nasa,0.66
1989-08-06,0.31,14.8,9.52,21.25,nasa,0.66
1989-08-07,0.1,15.33,10.57,22.4,nasa,0.66
1989-08-08,0.07,16.1,10.37,23.63,nasa,0.65
1989-08-09,0.0,17.17,11.43,24.29,nasa,0.65
1989-08-10,0.0,17.66,11.09,25.51,nasa,0.65
1989-08-11,0.27,18.31,13.96,25.03,nasa,0.65
1989-08-12,4.95,14.22,12.36,17.11,nasa,0.65
1989-08-13,2.12,14.04,10.98,19.3,nasa,0.66
1989-08-14,0.34,13.84,8.9,20.91,nasa,0.65
1989-08-15,0.49,15.58,10.63,22.13,nasa,0.65
1989-08-16,1.14,16.85,12.43,23.29,nasa,0.65
1989-08-17,1.01,17.12,12.46,24.28,nasa,0.65
1989-08-18,1.21,16.34,11.71,23.5,nasa,0.65
1989-08-19,2.25,17.19,12.54,24.25,nasa,0.65
1989-08-20,0.41,17.82,12.28,25.0,nasa,0.65
1989-08-21,0.04,19.45,14.83,26.75,nasa,0.65
1989-08-22,0.01,20.18,14.92,27.58,nasa,0.64
1989-08-23,0.09,20.81,15.81,27.81,nasa,0.64
1989-08-24,0.02,19.88,16.18,25.91,nasa,0.64
1989-08-25,0.13,20.48,15.45,27.25,nasa,0.64
1989-08-26,0.6,19.3,15.59,24.28,nasa,0.63
1989-08-27,0.65,19.75,15.87,25.97,nasa,0.63
1989-08-28,5.33,15.99,11.67,19.36,nasa,0.64
1989-08-29,0.35,14.86,11.4,20.94,nasa,0.64
1989-08-30,0.18,17.0,12.13,24.19,nasa,0.64
1989-08-31,0.4,18.6,13.37,25.95,nasa,0.64
1989-09-01,0.29,20.23,14.27,27.71,nasa,0.64
1989-09-02,3.41,16.92,12.72,21.49,nasa,0.64
1989-09-03,0.64,15.0,10.47,22.44,nasa,0.64
1989-09-04,0.1,13.9,9.39,20.23,nasa,0.64
1989-09-05,0.09,16.14,9.59,23.67,nasa,0.64
1989-09-06,0.47,19.89,12.39,28.38,nasa,0.63
1989-09-07,2.57,22.1,16.03,30.94,nasa,0.63
1989-09-08,2.78,20.4,15.16,27.93,nasa,0.64
1989-09-09,0.08,21.84,16.52,29.87,nasa,0.64
1989-09-10,0.04,22.76,15.92,31.25,nasa,0.63
1989-09-11,1.31,22.23,16.17,30.84,nasa,0.63
1989-09-12,0.84,23.19,15.94,32.16,nasa,0.63
1989-09-13,6.59,24.1,16.48,32.89,nasa,0.63
1989-09-14,9.0,23.76,17.09,31.65,nasa,0.64
1989-09-15,4.8,23.49,17.46,31.62,nasa,0.65
1989-09-16,5.16,17.9,13.35,24.83,nasa,0.65
1989-09-17,4.15,14.69,10.27,21.29,nasa,0.66
1989-09-18,0.08,13.93,8.77,21.98,nasa,0.66
1989-09-19,0.2,14.82,7.02,24.0,nasa,0.65
1989-09-20,0.12,16.8,9.36,25.36,nasa,0.65
1989-09-21,0.0,18.52,11.89,26.77,nasa,0.64
1989-09-22,0.0,19.6,13.45,28.13,nasa,0.64
1989-09-23,0.01,20.15,14.17,29.15,nasa,0.63
1989-09-24,0.0,20.19,12.64,29.99,nasa,0.63
1989-09-25,1.14,20.5,13.62,31.38,nasa,0.63
1989-09-26,3.79,15.94,12.36,22.82,nasa,0.63
1989-09-27,2.16,18.62,12.97,25.72,nasa,0.63
1989-09-28,10.4,20.43,15.17,28.07,nasa,0.64
1989-09-29,4.25,20.35,16.31,27.71,nasa,0.65
1989-09-30,7.22,17.54,14.46,21.66,nasa,0.66
1989-10-01,1.9,14.72,12.86,18.48,nasa,0.66
1989-10-02,0.52,17.19,12.12,24.56,nasa,0.66
1989-10-03,2.08,18.79,12.7,25.31,nasa,0.65
1989-10-04,13.57,21.04,16.04,28.65,nasa,0.66
1989-10-05,7.97,17.87,14.33,23.54,nasa,0.68
1989-10-06,0.52,18.8,13.33,26.69,nasa,0.67
1989-10-07,0.24,19.96,13.87,27.63,nasa,0.66
1989-10-08,1.86,21.86,16.45,28.67,nasa,0.66
1989-10-09,10.46,20.63,16.55,27.46,nasa,0.66
1989-10-10,1.54,19.03,15.34,25.94,nasa,0.67
1989-10-11,4.62,20.53,14.49,27.93,nasa,0.67
1989-10-12,12.78,21.66,18.06,27.16,nasa,0.67
1989-10-13,3.46,20.97,14.12,26.94,nasa,0.68
1989-10-14,0.46,16.73,10.93,24.64,nasa,0.68
1989-10-15,0.51,16.15,10.34,23.5,nasa,0.67
1989-10-16,5.6,17.39,12.18,23.38,nasa,0.66
1989-10-17,8.18,19.01,14.97,23.83,nasa,0.67
1989-10-18,4.57,17.49,13.24,22.04,nasa,0.68
1989-10-19,0.89,16.43,11.5,23.24,nasa,0.68
1989-10-20,0.17,17.04,11.78,23.99,nasa,0.67
1989-10-21,0.42,17.76,12.21,25.1,nasa,0.66
1989-10-22,9.42,19.02,12.15,26.49,nasa,0.66
1989-10-23,8.43,18.67,14.59,24.24,nasa,0.68
1989-10-24,1.43,17.35,11.75,22.7,nasa,0.68
1989-10-25,0.26,18.76,11.4,26.81,nasa,0.67
1989-10-26,0.24,20.81,14.45,28.4,nasa,0.67
1989-10-27,0.69,21.36,15.95,28.43,nasa,0.66
1989-10-28,2.85,18.04,14.24,23.12,nasa,0.66
1989-10-29,1.1,18.91,13.14,26.84,nasa,0.66
1989-10-30,1.04,20.96,14.18,29.23,nasa,0.65
1989-10-31,2.0,22.6,15.61,30.65,nasa,0.65
1989-11-01,11.16,17.51,11.25,22.83,nasa,0.66
1989-11-02,0.81,15.96,9.14,23.15,nasa,0.66
1989-11-03,6.47,19.14,11.8,26.23,nasa,0.66
1989-11-04,3.83,21.41,17.42,25.28,nasa,0.67
1989-11-05,10.03,21.89,14.48,28.98,nasa,0.67
1989-11-06,5.65,17.97,13.6,24.33,nasa,0.68
1989-11-07,0.45,17.41,12.43,23.99,nasa,0.68
1989-11-08,0.55,19.77,14.51,27.25,nasa,0.67
1989-11-09,4.25,21.38,15.7,28.33,nasa,0.66
1989-11-10,11.38,19.51,17.24,23.05,nasa,0.67
1989-11-11,5.16,18.99,16.89,22.42,nasa,0.69
1989-11-12,6.37,20.65,17.57,24.98,nasa,0.69
1989-11-13,17.22,22.12,18.98,26.66,nasa,0.7
1989-11-14,24.05,20.97,16.13,24.85,nasa,0.73
1989-11-15,5.66,18.15,14.55,23.53,nasa,0.74
1989-11-16,2.44,19.04,14.36,24.74,nasa,0.72
1989-11-17,12.03,19.63,16.28,24.04,nasa,0.72
1989-11-18,6.37,19.91,16.92,25.2,nasa,0.73
1989-11-19,4.24,18.6,15.73,22.2,nasa,0.73
1989-11-20,0.67,19.23,16.6,22.76,nasa,0.72
1989-11-21,0.36,20.25,16.95,24.44,nasa,0.71
1989-11-22,3.07,21.65,17.68,27.02,nasa,0.71
1989-11-23,19.7,22.68,17.84,28.26,nasa,0.72
1989-11-24,9.26,22.65,19.4,26.84,nasa,0.73
1989-11-25,8.32,23.08,17.49,28.55,nasa,0.74
1989-11-26,2.08,20.15,14.93,26.7,nasa,0.73
1989-11-27,12.12,21.1,15.22,27.3,nasa,0.72
1989-11-28,17.36,21.89,17.49,27.62,nasa,0.74
1989-11-29,10.85,21.31,18.47,25.53,nasa,0.75
1989-11-30,3.88,20.3,17.18,25.35,nasa,0.75
1989-12-01,2.02,18.99,15.79,24.06,nasa,0.74
1989-12-02,0.97,18.41,14.84,23.34,nasa,0.73
1989-12-03,0.52,18.57,14.37,24.52,nasa,0.72
1989-12-04,1.17,19.14,13.53,25.04,nasa,0.71
1989-12-05,3.48,18.25,15.98,21.81,nasa,0.71
1989-12-06,1.35,19.59,16.8,24.69,nasa,0.71
1989-12-07,0.31,20.09,17.06,24.88,nasa,0.71
1989-12-08,0.49,21.96,16.46,28.28,nasa,0.7
1989-12-09,1.79,21.74,17.63,27.14,nasa,0.7
1989-12-10,3.78,20.72,17.45,24.07,nasa,0.7
1989-12-11,7.61,20.46,17.43,23.91,nasa,0.7
1989-12-12,4.84,19.82,17.27,23.92,nasa,0.71
1989-12-13,3.55,21.16,17.94,25.85,nasa,0.71
1989-12-14,8.53,21.64,18.55,26.81,nasa,0.71
1989-12-15,20.48,19.66,17.98,22.59,nasa,0.73
1989-12-16,6.6,18.91,16.6,21.73,nasa,0.75
1989-12-17,2.53,18.6,15.74,22.08,nasa,0.74
1989-12-18,3.03,19.79,15.74,24.77,nasa,0.73
1989-12-19,9.5,20.1,16.18,25.3,nasa,0.73
1989-12-20,33.87,20.28,17.98,23.13,nasa,0.76
1989-12-21,15.36,21.59,19.3,26.36,nasa,0.8
1989-12-22,4.26,19.18,14.44,23.25,nasa,0.79
1989-12-23,0.8,18.07,13.31,24.22,nasa,0.78
1989-12-24,1.03,18.62,15.56,23.45,nasa,0.76
1989-12-25,4.28,19.72,14.93,25.7,nasa,0.75
1989-12-26,5.27,20.16,17.05,24.64,nasa,0.75
1989-12-27,7.26,20.29,16.33,25.41,nasa,0.75
1989-12-28,1.09,19.17,16.05,22.68,nasa,0.75
1989-12-29,1.1,20.7,16.76,25.86,nasa,0.75
1989-12-30,0.03,20.91,16.85,26.52,nasa,0.74
1989-12-31,2.42,21.66,17.46,27.21,nasa,0.73
1990-01-01,3.46,20.52,17.45,24.69,nasa,0.73
1990-01-02,3.57,21.37,17.95,25.35,nasa,0.73
1990-01-03,3.65,21.18,18.52,24.11,nasa,0.73
1990-01-04,2.99,22.15,17.64,27.38,nasa,0.73
1990-01-05,0.79,21.86,18.14,26.72,nasa,0.73
1990-01-06,0.15,20.89,16.48,27.09,nasa,0.72
1990-01-07,0.0,20.6,15.89,26.41,nasa,0.71
1990-01-08,0.0,20.39,15.94,25.99,nasa,0.7
1990-01-09,0.0,21.3,15.74,27.37,nasa,0.69
1990-01-10,0.12,22.08,17.43,27.63,nasa,0.69
1990-01-11,0.06,22.1,17.96,27.78,nasa,0.68
1990-01-12,0.03,22.7,17.75,29.23,nasa,0.68
1990-01-13,0.0,22.49,17.27,29.56,nasa,0.67
1990-01-14,0.0,22.01,15.8,29.43,nasa,0.67
1990-01-15,0.0,22.95,16.52,30.62,nasa,0.66
1990-01-16,0.0,23.1,17.09,30.44,nasa,0.66
1990-01-17,0.0,23.04,17.27,30.48,nasa,0.65
1990-01-18,0.0,23.1,17.35,30.65,nasa,0.65
1990-01-19,0.0,23.11,17.13,30.8,nasa,0.65
1990-01-20,0.06,23.25,16.78,30.59,nasa,0.64
1990-01-21,0.0,24.27,17.79,31.34,nasa,0.64
1990-01-22,0.69,24.46,18.46,30.8,nasa,0.64
1990-01-23,4.64,25.14,18.83,32.3,nasa,0.64
1990-01-24,9.03,24.68,19.18,31.59,nasa,0.65
1990-01-25,1.66,24.88,19.95,30.34,nasa,0.66
1990-01-26,1.42,24.24,19.81,29.68,nasa,0.66
1990-01-27,0.57,21.47,17.48,26.09,nasa,0.66
1990-01-28,0.05,22.09,16.33,29.64,nasa,0.65
1990-01-29,0.0,22.49,16.75,30.75,nasa,0.65
1990-01-30,0.0,22.16,14.77,31.16,nasa,0.64
1990-01-31,0.01,23.32,16.37,32.07,nasa,0.64
1990-02-01,0.01,22.67,16.43,31.42,nasa,0.64
1990-02-02,0.08,22.06,16.05,29.8,nasa,0.63
1990-02-03,0.33,22.73,17.47,30.25,nasa,0.63
1990-02-04,2.64,22.28,17.33,29.38,nasa,0.63
1990-02-05,0.83,21.71,15.61,29.96,nasa,0.63
1990-02-06,0.1,21.31,15.59,29.38,nasa,0.63
1990-02-07,0.21,23.08,16.68,31.47,nasa,0.63
1990-02-08,0.51,24.07,17.08,32.18,nasa,0.63
1990-02-09,6.71,24.22,18.61,30.63,nasa,0.63
1990-02-10,8.63,23.54,19.22,28.61,nasa,0.65
1990-02-11,4.26,23.68,19.22,29.72,nasa,0.65
1990-02-12,1.2,23.82,18.74,30.14,nasa,0.65
1990-02-13,11.0,23.6,19.61,29.17,nasa,0.65
1990-02-14,22.27,22.35,19.55,25.88,nasa,0.68
1990-02-15,22.68,22.35,19.62,25.9,nasa,0.72
1990-02-16,6.65,23.48,19.34,28.77,nasa,0.72
1990-02-17,2.95,23.73,19.32,28.8,nasa,0.71
1990-02-18,6.26,24.32,19.75,30.13,nasa,0.7
1990-02-19,8.57,21.91,17.96,27.44,nasa,0.7
1990-02-20,0.22,20.48,17.19,26.16,nasa,0.7
1990-02-21,0.17,21.52,16.38,27.59,nasa,0.69
1990-02-22,1.64,22.11,17.55,27.31,nasa,0.68
1990-02-23,6.84,20.96,19.26,23.48,nasa,0.68
1990-02-24,5.7,21.01,18.03,25.84,nasa,0.69
1990-02-25,4.24,22.06,19.36,25.96,nasa,0.69
1990-02-26,3.64,22.5,18.66,27.03,nasa,0.69
1990-02-27,0.22,21.83,16.79,28.82,nasa,0.68
1990-02-28,0.46,21.62,16.29,28.04,nasa,0.67
1990-03-01,0.42,22.29,17.56,28.68,nasa,0.67
1990-03-02,3.54,22.17,16.61,28.47,nasa,0.66
1990-03-03,2.57,22.18,17.04,28.88,nasa,0.66
1990-03-04,1.37,22.31,17.53,29.23,nasa,0.66
1990-03-05,0.55,22.82,16.25,30.71,nasa,0.65
1990-03-06,4.57,24.15,18.2,30.5,nasa,0.65
1990-03-07,3.62,23.79,18.73,30.27,nasa,0.65
1990-03-08,1.85,22.73,17.67,30.19,nasa,0.65
1990-03-09,0.72,22.27,15.88,30.09,nasa,0.65
1990-03-10,1.04,22.77,17.88,29.69,nasa,0.64
1990-03-11,0.54,23.56,17.98,31.17,nasa,0.64
1990-03-12,0.78,23.99,18.5,31.34,nasa,0.64
1990-03-13,0.29,24.47,18.51,31.95,nasa,0.63
1990-03-14,0.07,24.95,19.65,32.01,nasa,0.63
1990-03-15,1.92,25.12,19.92,31.44,nasa,0.63
1990-03-16,2.49,25.34,19.75,32.71,nasa,0.63
1990-03-17,6.51,22.59,19.78,26.55,nasa,0.64
1990-03-18,1.44,23.36,18.36,29.67,nasa,0.64
1990-03-19,0.83,23.45,17.67,30.15,nasa,0.64
1990-03-20,8.66,22.82,18.51,29.86,nasa,0.64
1990-03-21,5.11,21.79,18.72,26.82,nasa,0.66
1990-03-22,9.14,21.37,18.69,25.96,nasa,0.66
1990-03-23,7.87,21.9,18.45,26.91,nasa,0.68
1990-03-24,1.65,20.96,18.71,24.99,nasa,0.68
1990-03-25,6.13,22.29,18.36,27.08,nasa,0.67
1990-03-26,5.91,21.9,19.28,25.9,nasa,0.68
1990-03-27,1.99,22.79,19.15,27.98,nasa,0.68
1990-03-28,1.55,21.81,17.85,27.2,nasa,0.67
1990-03-29,2.04,22.16,17.48,28.11,nasa,0.67
1990-03-30,0.52,21.2,16.52,27.59,nasa,0.66
1990-03-31,0.37,21.31,16.26,28.44,nasa,0.66
1990-04-01,0.56,21.61,16.63,28.76,nasa,0.65
1990-04-02,1.52,22.12,16.72,29.31,nasa,0.65
1990-04-03,1.22,22.83,17.59,29.78,nasa,0.64
1990-04-04,4.2,22.37,18.89,27.97,nasa,0.65
1990-04-05,0.66,23.99,18.33,30.85,nasa,0.65
1990-04-06,1.24,24.36,18.91,30.65,nasa,0.64
1990-04-07,0.42,24.39,18.97,31.44,nasa,0.64
1990-04-08,0.28,23.81,18.51,31.31,nasa,0.64
1990-04-09,2.06,24.14,18.53,31.35,nasa,0.63
1990-04-10,7.16,23.18,18.76,29.4,nasa,0.64
1990-04-11,13.84,22.82,18.39,29.04,nasa,0.65
1990-04-12,9.77,22.59,19.91,26.81,nasa,0.67
1990-04-13,1.03,21.47,18.24,27.1,nasa,0.67
1990-04-14,0.19,21.88,17.46,28.03,nasa,0.66
1990-04-15,0.38,21.46,16.61,27.69,nasa,0.66
1990-04-16,0.49,20.78,17.26,25.21,nasa,0.65
1990-04-17,0.24,20.37,16.44,26.7,nasa,0.65
1990-04-18,0.84,20.88,16.57,27.69,nasa,0.65
1990-04-19,7.14,20.57,17.17,26.23,nasa,0.65
1990-04-20,5.15,19.1,16.96,22.27,nasa,0.66
1990-04-21,1.5,20.08,16.39,25.55,nasa,0.66
1990-04-22,1.58,19.98,16.77,24.66,nasa,0.66
1990-04-23,0.73,21.35,17.31,27.17,nasa,0.65
1990-04-24,0.45,20.91,16.37,27.69,nasa,0.65
1990-04-25,1.07,20.41,15.41,27.41,nasa,0.65
1990-04-26,0.15,20.39,14.84,27.81,nasa,0.64
1990-04-27,0.05,21.19,15.93,28.4,nasa,0.64
1990-04-28,0.12,21.87,16.24,29.45,nasa,0.64
1990-04-29,0.11,22.39,17.19,29.83,nasa,0.63
1990-04-30,4.17,22.78,17.37,29.77,nasa,0.63
1990-05-01,8.3,19.4,16.23,25.12,nasa,0.65
1990-05-02,13.79,18.91,15.61,24.69,nasa,0.66
1990-05-03,4.83,17.63,15.48,21.09,nasa,0.68
1990-05-04,0.14,17.77,14.12,23.25,nasa,0.67
1990-05-05,0.06,17.62,13.52,23.66,nasa,0.66
1990-05-06,0.05,18.26,13.5,24.57,nasa,0.66
1990-05-07,0.08,19.41,14.96,25.73,nasa,0.65
1990-05-08,0.69,19.68,15.05,25.89,nasa,0.65
1990-05-09,1.38,18.65,15.67,24.16,nasa,0.65
1990-05-10,0.2,19.69,14.83,26.58,nasa,0.65
1990-05-11,3.27,20.88,15.45,27.31,nasa,0.64
1990-05-12,3.18,18.62,15.73,22.54,nasa,0.65
1990-05-13,1.03,17.35,14.52,22.49,nasa,0.65
1990-05-14,0.08,18.46,13.42,25.21,nasa,0.65
1990-05-15,0.07,19.79,14.07,26.51,nasa,0.64
1990-05-16,0.26,20.79,17.35,26.04,nasa,0.64
1990-05-17,0.24,21.8,18.51,26.79,nasa,0.64
1990-05-18,0.08,21.49,14.7,27.4,nasa,0.64
1990-05-19,0.03,14.06,8.18,22.6,nasa,0.64
1990-05-20,0.0,14.97,7.65,24.98,nasa,0.63
1990-05-21,0.0,17.28,10.91,25.42,nasa,0.63
1990-05-22,0.11,16.34,11.52,21.59,nasa,0.63
1990-05-23,0.08,14.35,9.54,20.62,nasa,0.63
1990-05-24,0.11,17.04,11.39,24.84,nasa,0.63
1990-05-25,0.02,18.4,12.58,26.85,nasa,0.63
1990-05-26,0.0,18.75,13.65,26.91,nasa,0.63
1990-05-27,0.01,19.08,13.72,27.44,nasa,0.62
1990-05-28,0.06,19.65,14.62,27.2,nasa,0.62
1990-05-29,0.05,19.61,14.73,26.92,nasa,0.62
1990-05-30,0.01,18.87,14.11,26.29,nasa,0.62
1990-05-31,0.01,18.6,13.46,26.46,nasa,0.62
1990-06-01,0.06,17.73,12.35,24.64,nasa,0.62
1990-06-02,0.42,18.37,13.36,25.38,nasa,0.62
1990-06-03,0.63,18.09,13.5,24.95,nasa,0.62
1990-06-04,0.11,18.46,13.05,25.38,nasa,0.62
1990-06-05,0.06,19.01,13.74,26.21,nasa,0.62
1990-06-06,0.07,20.67,15.01,27.85,nasa,0.62
1990-06-07,0.01,20.05,14.15,27.81,nasa,0.61
1990-06-08,0.0,19.93,15.36,27.22,nasa,0.61
1990-06-09,0.0,20.79,15.04,28.02,nasa,0.61
1990-06-10,0.02,20.64,14.88,27.73,nasa,0.61
1990-06-11,2.02,15.47,11.75,18.41,nasa,0.61
1990-06-12,1.06,14.03,10.39,20.32,nasa,0.62
1990-06-13,0.17,14.72,10.73,21.1,nasa,0.62
1990-06-14,0.01,15.7,9.24,23.66,nasa,0.61
1990-06-15,0.03,18.25,11.82,25.62,nasa,0.61
1990-06-16,0.85,17.15,13.21,23.09,nasa,0.61
1990-06-17,1.47,14.05,12.48,16.85,nasa,0.61
1990-06-18,0.32,14.63,11.46,20.13,nasa,0.62
1990-06-19,0.04,16.51,11.25,23.55,nasa,0.62
1990-06-20,0.11,17.9,12.86,24.94,nasa,0.61
1990-06-21,1.78,18.34,14.6,23.9,nasa,0.61
1990-06-22,0.51,19.79,15.35,26.06,nasa,0.62
1990-06-23,0.05,19.59,14.74,27.52,nasa,0.61
1990-06-24,0.13,18.74,13.39,26.34,nasa,0.61
1990-06-25,0.2,19.42,13.92,26.86,nasa,0.61
1990-06-26,0.0,19.27,13.34,26.71,nasa,0.61
1990-06-27,0.39,16.77,13.17,21.63,nasa,0.61
1990-06-28,0.23,16.26,11.45,23.62,nasa,0.61
1990-06-29,3.52,16.91,12.79,23.36,nasa,0.61
1990-06-30,6.7,17.09,14.31,22.01,nasa,0.62
1990-07-01,3.46,17.25,13.69,23.3,nasa,0.63
1990-07-02,4.99,17.69,13.55,24.03,nasa,0.63
1990-07-03,1.54,17.95,13.78,24.31,nasa,0.64
1990-07-04,0.8,18.19,14.01,24.06,nasa,0.63
1990-07-05,0.85,17.88,13.24,24.74,nasa,0.63
1990-07-06,8.34,16.94,13.86,22.44,nasa,0.64
1990-07-07,1.39,16.94,13.63,23.15,nasa,0.64
1990-07-08,0.22,17.44,12.78,24.05,nasa,0.64
1990-07-09,1.04,17.63,12.2,24.0,nasa,0.64
1990-07-10,0.17,18.17,11.86,25.88,nasa,0.63
1990-07-11,6.36,15.94,12.8,20.89,nasa,0.64
1990-07-12,3.78,12.94,11.22,15.89,nasa,0.64
1990-07-13,0.82,12.78,10.58,16.34,nasa,0.64
1990-07-14,0.33,15.16,11.48,20.88,nasa,0.64
1990-07-15,0.03,16.43,11.35,24.01,nasa,0.64
1990-07-16,0.05,17.86,12.45,25.3,nasa,0.64
1990-07-17,0.07,17.92,11.38,25.67,nasa,0.63
1990-07-18,0.24,20.97,13.99,28.78,nasa,0.63
1990-07-19,0.06,21.27,15.46,29.06,nasa,0.63
1990-07-20,0.17,20.79,15.71,28.28,nasa,0.62
1990-07-21,0.03,20.75,15.88,28.11,nasa,0.62
1990-07-22,0.07,17.14,13.33,23.12,nasa,0.62
1990-07-23,0.05,15.64,12.21,21.34,nasa,0.62
1990-07-24,0.04,18.56,13.26,25.91,nasa,0.62
1990-07-25,0.03,19.44,13.96,26.85,nasa,0.62
1990-07-26,0.1,18.96,13.38,26.49,nasa,0.61
1990-07-27,0.1,17.3,12.87,24.84,nasa,0.61
1990-07-28,0.38,14.66,10.73,20.05,nasa,0.61
1990-07-29,0.26,14.06,10.24,20.52,nasa,0.61
1990-07-30,0.53,13.89,10.99,18.63,nasa,0.61
1990-07-31,0.14,13.09,9.69,18.82,nasa,0.61
1990-08-01,0.13,12.86,9.66,17.95,nasa,0.61
1990-08-02,0.08,14.13,11.0,20.25,nasa,0.61
1990-08-03,0.1,15.71,8.78,23.75,nasa,0.61
1990-08-04,1.94,16.02,10.29,22.84,nasa,0.61
1990-08-05,1.19,15.08,12.48,19.99,nasa,0.61
1990-08-06,1.73,14.53,12.35,18.76,nasa,0.62
1990-08-07,0.52,15.03,10.52,22.09,nasa,0.62
1990-08-08,0.34,15.59,10.06,23.47,nasa,0.62
1990-08-09,3.76,16.22,10.09,24.17,nasa,0.61
1990-08-10,3.71,17.36,12.61,24.75,nasa,0.62
1990-08-11,0.7,16.7,11.9,24.16,nasa,0.62
1990-08-12,0.15,17.07,11.88,25.23,nasa,0.62
1990-08-13,0.06,17.77,12.16,26.44,nasa,0.62
1990-08-14,0.36,17.8,12.55,25.67,nasa,0.62
1990-08-15,0.17,18.05,12.54,25.63,nasa,0.61
1990-08-16,0.14,18.66,13.42,26.73,nasa,0.61
1990-08-17,0.29,20.37,14.7,28.27,nasa,0.61
1990-08-18,3.47,19.18,16.06,25.8,nasa,0.61
1990-08-19,0.51,20.36,15.41,27.67,nasa,0.61
1990-08-20,0.2,22.01,16.05,29.8,nasa,0.61
1990-08-21,0.71,19.4,15.46,23.65,nasa,0.61
1990-08-22,0.66,16.75,13.18,22.54,nasa,0.61
1990-08-23,1.7,13.85,11.1,17.79,nasa,0.61
1990-08-24,1.04,12.64,10.53,16.5,nasa,0.61
1990-08-25,0.87,13.32,9.41,18.6,nasa,0.61
1990-08-26,0.31,15.84,9.64,23.92,nasa,0.61
1990-08-27,0.56,18.81,12.49,26.79,nasa,0.61
1990-08-28,4.12,19.38,15.88,25.32,nasa,0.61
1990-08-29,12.38,14.22,10.61,18.88,nasa,0.63
1990-08-30,3.19,13.65,10.4,17.31,nasa,0.64
1990-08-31,2.59,18.19,12.62,25.9,nasa,0.64
1990-09-01,1.53,19.36,14.96,26.19,nasa,0.64
1990-09-02,1.38,18.7,14.72,23.42,nasa,0.64
1990-09-03,1.18,16.24,13.1,22.32,nasa,0.63
1990-09-04,1.65,15.5,12.44,21.3,nasa,0.63
1990-09-05,0.29,16.91,11.92,24.43,nasa,0.63
1990-09-06,0.29,17.49,12.34,24.75,nasa,0.63
1990-09-07,0.32,17.48,13.64,23.01,nasa,0.63
1990-09-08,0.08,18.75,13.82,24.7,nasa,0.63
1990-09-09,0.28,20.88,15.58,27.98,nasa,0.62
1990-09-10,0.03,18.09,12.51,24.73,nasa,0.62
1990-09-11,0.0,19.94,10.97,29.47,nasa,0.62
1990-09-12,0.21,22.33,16.44,30.28,nasa,0.62
1990-09-13,1.34,21.63,16.5,31.08,nasa,0.61
1990-09-14,15.42,17.14,12.88,23.14,nasa,0.62
1990-09-15,14.92,14.24,12.4,17.41,nasa,0.66
1990-09-16,0.68,16.77,11.76,24.8,nasa,0.66
1990-09-17,0.22,17.06,12.01,25.08,nasa,0.65
1990-09-18,0.07,17.79,11.99,26.47,nasa,0.65
1990-09-19,0.08,19.03,11.58,28.21,nasa,0.64
1990-09-20,0.01,20.44,14.31,29.65,nasa,0.63
1990-09-21,0.15,19.99,14.42,28.7,nasa,0.63
1990-09-22,0.21,19.22,14.47,26.3,nasa,0.63
1990-09-23,0.2,19.15,14.72,24.94,nasa,0.62
1990-09-24,6.68,17.11,11.68,24.76,nasa,0.62
1990-09-25,2.78,12.51,9.8,16.72,nasa,0.64
1990-09-26,0.19,13.91,9.01,21.56,nasa,0.64
1990-09-27,0.04,13.78,8.5,21.18,nasa,0.63
1990-09-28,0.22,13.79,6.96,21.52,nasa,0.63
1990-09-29,0.34,16.14,7.52,24.88,nasa,0.63
1990-09-30,0.7,18.61,12.34,26.73,nasa,0.62
1990-10-01,0.38,20.3,14.9,27.82,nasa,0.62
1990-10-02,0.1,19.57,15.32,26.3,nasa,0.62
1990-10-03,0.11,20.5,14.17,28.75,nasa,0.62
1990-10-04,0.13,20.21,14.95,27.96,nasa,0.61
1990-10-05,0.19,20.09,15.37,27.44,nasa,0.61
1990-10-06,4.49,19.21,13.69,26.45,nasa,0.61
1990-10-07,1.09,19.54,13.13,27.72,nasa,0.62
1990-10-08,0.67,21.06,15.15,29.09,nasa,0.62
1990-10-09,0.18,22.46,15.71,31.23,nasa,0.61
1990-10-10,0.21,23.1,16.66,31.96,nasa,0.61
1990-10-11,0.07,24.15,16.87,33.46,nasa,0.61
1990-10-12,0.42,23.57,17.69,31.35,nasa,0.6
1990-10-13,6.79,23.22,18.17,30.04,nasa,0.61
1990-10-14,5.38,23.05,17.62,30.9,nasa,0.62
1990-10-15,0.24,23.28,16.91,31.73,nasa,0.62
1990-10-16,2.68,19.9,16.2,25.22,nasa,0.62
1990-10-17,1.45,19.82,15.96,26.48,nasa,0.62
1990-10-18,0.24,21.97,16.41,29.38,nasa,0.62
1990-10-19,1.24,22.45,16.6,30.89,nasa,0.62
1990-10-20,10.7,20.97,16.97,27.3,nasa,0.62
1990-10-21,9.98,21.22,15.94,29.2,nasa,0.64
1990-10-22,1.35,16.53,13.03,21.25,nasa,0.65
1990-10-23,4.16,17.8,11.48,26.84,nasa,0.64
1990-10-24,21.6,18.61,12.23,26.76,nasa,0.65
1990-10-25,44.19,15.76,12.57,19.37,nasa,0.71
1990-10-26,5.5,16.83,12.3,22.99,nasa,0.74
1990-10-27,6.53,18.41,14.55,24.2,nasa,0.72
1990-10-28,3.31,19.52,14.81,25.39,nasa,0.71
1990-10-29,1.7,19.83,13.87,26.49,nasa,0.7
1990-10-30,0.88,21.11,15.78,28.18,nasa,0.68
1990-10-31,0.92,22.35,16.14,30.04,nasa,0.67
1990-11-01,1.68,23.6,17.1,31.1,nasa,0.66
1990-11-02,9.62,23.19,18.79,29.42,nasa,0.66
1990-11-03,10.18,21.96,19.47,26.01,nasa,0.68
1990-11-04,4.02,23.06,18.73,28.44,nasa,0.69
1990-11-05,5.65,23.49,19.25,29.0,nasa,0.68
1990-11-06,2.97,21.93,18.66,26.69,nasa,0.68
1990-11-07,0.24,22.1,16.98,28.87,nasa,0.68
1990-11-08,0.19,22.83,17.22,29.43,nasa,0.67
1990-11-09,0.32,23.67,17.34,31.25,nasa,0.66
1990-11-10,3.5,23.21,17.85,29.72,nasa,0.65
1990-11-11,3.24,23.26,18.67,29.78,nasa,0.66
1990-11-12,0.99,22.71,17.33,30.03,nasa,0.65
1990-11-13,1.32,22.99,18.48,30.04,nasa,0.65
1990-11-14,0.16,23.6,17.35,31.2,nasa,0.65
1990-11-15,0.0,23.11,17.34,31.01,nasa,0.64
1990-11-16,0.01,23.86,16.59,32.36,nasa,0.64
1990-11-17,0.33,23.93,17.23,31.81,nasa,0.63
1990-11-18,3.43,24.41,17.7,32.82,nasa,0.63
1990-11-19,5.63,24.07,17.83,32.2,nasa,0.63
1990-11-20,4.65,22.59,17.88,30.39,nasa,0.64
1990-11-21,2.36,22.35,17.12,29.8,nasa,0.64
1990-11-22,1.3,22.82,16.55,30.61,nasa,0.64
1990-11-23,10.81,22.54,17.41,29.26,nasa,0.64
1990-11-24,11.89,21.14,18.58,25.47,nasa,0.66
1990-11-25,21.15,21.2,18.5,24.73,nasa,0.69
1990-11-26,6.03,22.72,18.34,28.1,nasa,0.71
1990-11-27,7.71,23.2,18.62,27.9,nasa,0.7
1990-11-28,19.18,19.53,15.91,23.28,nasa,0.72
1990-11-29,1.53,16.94,14.93,19.96,nasa,0.72
1990-11-30,0.78,20.66,16.19,25.85,nasa,0.71
1990-12-01,0.13,21.84,17.03,28.59,nasa,0.69
1990-12-02,0.05,21.15,14.73,28.35,nasa,0.68
1990-12-03,2.58,22.11,16.79,28.88,nasa,0.67
1990-12-04,3.33,21.42,16.81,27.57,nasa,0.67
1990-12-05,1.93,21.05,15.99,27.22,nasa,0.67
1990-12-06,1.82,20.67,15.47,27.13,nasa,0.66
1990-12-07,1.05,21.81,15.89,28.76,nasa,0.66
1990-12-08,8.99,21.32,15.39,28.21,nasa,0.66
1990-12-09,1.86,18.79,14.42,25.55,nasa,0.67
1990-12-10,0.35,20.49,15.37,26.46,nasa,0.66
1990-12-11,2.86,22.89,16.68,29.59,nasa,0.66
1990-12-12,14.21,23.08,19.35,28.55,nasa,0.67
1990-12-13,3.84,22.22,18.24,27.06,nasa,0.68
1990-12-14,10.0,23.38,18.5,29.2,nasa,0.68
1990-12-15,6.81,19.83,17.37,24.49,nasa,0.7
1990-12-16,16.55,21.6,16.91,26.26,nasa,0.71
1990-12-17,9.69,21.71,17.66,26.58,nasa,0.72
1990-12-18,1.11,21.97,17.06,27.72,nasa,0.71
1990-12-19,4.82,22.2,17.43,27.7,nasa,0.7
1990-12-20,5.51,20.95,18.46,23.99,nasa,0.7
1990-12-21,6.22,21.13,17.45,25.37,nasa,0.7
1990-12-22,2.33,22.32,18.36,27.6,nasa,0.7
1990-12-23,1.25,22.82,18.65,27.91,nasa,0.69
1990-12-24,0.8,22.57,17.78,28.94,nasa,0.68
1990-12-25,24.58,21.46,17.76,26.45,nasa,0.69
1990-12-26,11.34,20.21,18.55,22.82,nasa,0.73
1990-12-27,6.66,20.48,18.24,23.56,nasa,0.73
1990-12-28,4.57,20.4,18.49,23.74,nasa,0.73
1990-12-29,18.94,19.31,13.5,25.26,nasa,0.74
1990-12-30,0.63,16.1,11.59,21.88,nasa,0.74
1990-12-31,0.65,16.51,11.24,22.67,nasa,0.73
1991-01-01,0.51,17.84,12.04,24.06,nasa,0.72
1991-01-02,3.2,20.24,13.59,26.63,nasa,0.71
1991-01-03,8.1,20.86,17.77,24.42,nasa,0.71
1991-01-04,16.36,21.11,18.6,24.63,nasa,0.73
1991-01-05,24.35,20.47,17.57,24.88,nasa,0.75
1991-01-06,5.11,19.65,16.25,24.92,nasa,0.77
1991-01-07,1.95,20.14,16.44,25.72,nasa,0.75
1991-01-08,6.15,21.7,17.04,27.6,nasa,0.74
1991-01-09,7.9,22.16,18.49,26.97,nasa,0.74
1991-01-10,14.88,22.38,18.76,27.09,nasa,0.74
1991-01-11,6.36,21.0,19.37,23.47,nasa,0.76
1991-01-12,17.98,20.92,19.5,24.11,nasa,0.77
1991-01-13,5.6,22.27,19.39,26.67,nasa,0.77
1991-01-14,12.61,21.44,19.9,24.53,nasa,0.77
1991-01-15,19.34,20.87,19.24,23.87,nasa,0.79
1991-01-16,14.27,21.58,19.14,24.76,nasa,0.8
1991-01-17,12.43,20.71,17.97,23.91,nasa,0.8
1991-01-18,13.61,19.36,17.34,22.69,nasa,0.81
1991-01-19,4.42,20.98,17.38,26.17,nasa,0.8
1991-01-20,5.49,21.02,17.02,26.19,nasa,0.79
1991-01-21,3.04,20.84,17.12,26.36,nasa,0.79
1991-01-22,3.97,22.18,16.96,28.11,nasa,0.78
1991-01-23,3.06,22.53,17.91,27.56,nasa,0.78
1991-01-24,13.13,21.8,18.69,25.18,nasa,0.78
1991-01-25,8.22,21.09,19.38,24.15,nasa,0.8
1991-01-26,12.27,21.07,19.52,23.9,nasa,0.8
1991-01-27,14.19,20.3,17.21,22.76,nasa,0.82
1991-01-28,8.99,20.56,17.09,24.15,nasa,0.83
1991-01-29,10.9,21.45,18.95,25.33,nasa,0.82
1991-01-30,3.53,21.54,18.01,26.24,nasa,0.82
1991-01-31,2.56,21.85,17.28,27.15,nasa,0.81
1991-02-01,1.79,21.91,17.67,27.53,nasa,0.8
1991-02-02,0.1,21.15,16.29,26.93,nasa,0.79
1991-02-03,8.09,21.47,17.23,26.21,nasa,0.79
1991-02-04,4.01,21.57,17.64,26.87,nasa,0.79
1991-02-05,0.65,21.14,16.96,26.32,nasa,0.78
1991-02-06,0.52,21.72,17.11,27.27,nasa,0.78
1991-02-07,1.18,21.55,17.76,26.24,nasa,0.77
1991-02-08,1.67,21.56,17.75,26.26,nasa,0.77
1991-02-09,2.31,22.18,18.96,26.6,nasa,0.76
1991-02-10,7.77,22.65,19.08,26.51,nasa,0.76
1991-02-11,7.86,22.74,18.65,26.65,nasa,0.77
1991-02-12,12.87,23.32,18.94,28.44,nasa,0.78
1991-02-13,22.09,23.62,19.9,27.52,nasa,0.8
1991-02-14,5.2,22.96,19.92,26.82,nasa,0.82
1991-02-15,7.32,22.81,18.87,27.6,nasa,0.81
1991-02-16,15.22,22.5,20.05,26.03,nasa,0.82
1991-02-17,14.77,21.74,19.58,24.6,nasa,0.83
1991-02-18,23.36,21.55,18.83,25.46,nasa,0.85
1991-02-19,5.3,21.82,18.2,26.84,nasa,0.85
1991-02-20,3.48,20.31,18.43,24.09,nasa,0.84
1991-02-21,1.71,21.15,18.41,25.08,nasa,0.83
1991-02-22,1.06,21.57,18.47,25.93,nasa,0.82
1991-02-23,24.24,22.7,18.43,28.14,nasa,0.83
1991-02-24,2.02,17.84,15.36,20.7,nasa,0.84
1991-02-25,4.69,17.6,14.14,21.8,nasa,0.84
1991-02-26,6.08,19.33,15.19,24.26,nasa,0.84
1991-02-27,5.93,19.9,17.97,22.57,nasa,0.84
1991-02-28,3.81,20.27,17.8,23.4,nasa,0.84
1991-03-01,2.22,21.01,16.97,26.16,nasa,0.84
1991-03-02,1.24,20.59,17.41,25.07,nasa,0.83
1991-03-03,0.34,20.82,16.46,26.09,nasa,0.82
1991-03-04,1.9,20.73,17.68,24.26,nasa,0.82
1991-03-05,1.85,20.69,18.07,24.16,nasa,0.82
1991-03-06,1.12,20.8,16.1,25.87,nasa,0.81
1991-03-07,1.01,20.31,15.14,26.12,nasa,0.81
1991-03-08,6.23,20.26,17.38,24.37,nasa,0.81
1991-03-09,2.78,20.76,16.75,25.74,nasa,0.81
1991-03-10,1.85,20.61,17.19,24.76,nasa,0.81
1991-03-11,0.7,20.21,16.71,25.24,nasa,0.81
1991-03-12,1.68,21.08,18.23,25.17,nasa,0.8
1991-03-13,7.37,21.23,18.06,25.68,nasa,0.8
1991-03-14,24.55,21.53,19.2,24.9,nasa,0.82
1991-03-15,2.76,20.03,17.23,24.41,nasa,0.84
1991-03-16,0.6,18.7,15.43,23.24,nasa,0.83
1991-03-17,0.19,18.63,13.69,24.45,nasa,0.82
1991-03-18,0.33,20.02,15.07,25.15,nasa,0.81
1991-03-19,4.76,20.9,17.72,24.76,nasa,0.81
1991-03-20,10.48,22.38,19.4,26.56,nasa,0.81
1991-03-21,19.17,21.61,20.02,23.83,nasa,0.83
1991-03-22,53.84,20.65,17.97,22.47,nasa,0.88
1991-03-23,44.5,18.81,15.61,22.54,nasa,0.92
1991-03-24,18.33,19.46,17.64,22.33,nasa,0.92
1991-03-25,3.76,21.57,18.44,26.3,nasa,0.9
1991-03-26,14.54,21.79,18.17,26.56,nasa,0.89
1991-03-27,18.21,18.02,16.25,20.61,nasa,0.91
1991-03-28,5.27,18.33,15.71,22.85,nasa,0.91
1991-03-29,4.54,19.59,14.62,24.83,nasa,0.9
1991-03-30,2.07,20.57,17.16,24.81,nasa,0.9
1991-03-31,0.98,20.7,17.89,25.18,nasa,0.89
1991-04-01,5.53,21.13,17.6,25.07,nasa,0.89
1991-04-02,5.62,21.15,17.93,25.3,nasa,0.89
1991-04-03,2.92,19.61,16.68,23.78,nasa,0.9
1991-04-04,0.23,19.52,15.74,24.43,nasa,0.89
1991-04-05,1.13,18.6,16.22,21.73,nasa,0.89
1991-04-06,0.46,17.09,14.12,21.8,nasa,0.89
1991-04-07,0.04,17.42,12.89,23.14,nasa,0.88
1991-04-08,0.0,19.05,14.13,24.86,nasa,0.88
1991-04-09,0.11,19.68,14.86,24.59,nasa,0.87
1991-04-10,0.1,20.36,16.07,25.57,nasa,0.87
1991-04-11,0.13,20.52,16.32,25.6,nasa,0.86
1991-04-12,1.24,20.61,16.51,25.55,nasa,0.86
1991-04-13,0.39,20.59,16.84,25.31,nasa,0.86
1991-04-14,0.01,21.04,16.88,25.84,nasa,0.85
1991-04-15,0.24,20.9,17.3,25.71,nasa,0.85
1991-04-16,0.42,20.39,16.79,25.35,nasa,0.85
1991-04-17,0.27,20.31,16.7,25.39,nasa,0.84
1991-04-18,0.75,20.48,17.14,25.56,nasa,0.84
1991-04-19,1.4,20.61,15.98,26.04,nasa,0.84
1991-04-20,4.98,18.06,14.32,22.16,nasa,0.84
1991-04-21,1.03,15.53,12.85,19.52,nasa,0.84
1991-04-22,0.37,15.75,12.29,20.72,nasa,0.84
1991-04-23,0.07,17.69,12.92,23.34,nasa,0.84
1991-04-24,0.22,19.39,15.5,24.55,nasa,0.83
1991-04-25,0.4,19.5,16.15,24.59,nasa,0.83
1991-04-26,1.2,19.58,16.18,24.16,nasa,0.82
1991-04-27,9.56,20.14,17.45,24.48,nasa,0.83
1991-04-28,10.39,19.58,17.19,23.62,nasa,0.84
1991-04-29,2.86,18.16,15.1,23.24,nasa,0.85
1991-04-30,0.07,17.34,13.18,22.72,nasa,0.84
1991-05-01,0.07,17.35,13.51,22.63,nasa,0.83
1991-05-02,0.04,16.88,13.27,22.49,nasa,0.83
1991-05-03,0.02,15.93,11.83,21.4,nasa,0.82
1991-05-04,0.08,16.56,10.36,22.29,nasa,0.82
1991-05-05,0.16,17.61,11.78,22.91,nasa,0.81
1991-05-06,0.26,18.63,15.44,23.89,nasa,0.81
1991-05-07,1.51,17.69,14.88,21.81,nasa,0.81
1991-05-08,4.37,18.7,14.27,23.76,nasa,0.81
1991-05-09,1.13,17.14,14.33,21.06,nasa,0.81
1991-05-10,0.24,16.15,13.04,20.87,nasa,0.81
1991-05-11,0.4,16.13,12.7,21.06,nasa,0.81
1991-05-12,0.64,15.27,12.68,19.03,nasa,0.81
1991-05-13,0.56,15.52,12.56,20.36,nasa,0.81
1991-05-14,0.06,16.37,11.8,21.31,nasa,0.8
1991-05-15,0.13,16.79,12.76,21.61,nasa,0.8
1991-05-16,0.8,17.78,14.29,22.47,nasa,0.8
1991-05-17,1.05,18.14,15.78,21.92,nasa,0.8
1991-05-18,1.69,17.29,15.52,20.12,nasa,0.8
1991-05-19,3.45,17.57,15.16,21.53,nasa,0.8
1991-05-20,5.0,16.72,14.87,19.95,nasa,0.8
1991-05-21,1.13,17.24,14.06,21.72,nasa,0.81
1991-05-22,0.13,18.03,13.88,23.32,nasa,0.8
1991-05-23,1.56,19.76,16.42,24.32,nasa,0.8
1991-05-24,0.25,17.45,14.94,21.69,nasa,0.8
1991-05-25,0.1,18.14,13.63,23.52,nasa,0.79
1991-05-26,0.11,17.76,13.62,23.02,nasa,0.79
1991-05-27,0.25,17.11,13.45,22.48,nasa,0.79
1991-05-28,0.43,16.95,12.97,21.84,nasa,0.78
1991-05-29,0.44,16.35,12.95,21.43,nasa,0.78
1991-05-30,0.16,16.45,12.61,21.9,nasa,0.78
1991-05-31,0.27,15.9,12.09,21.34,nasa,0.78
1991-06-01,0.04,15.89,10.72,21.52,nasa,0.77
1991-06-02,0.06,16.33,12.56,21.36,nasa,0.77
1991-06-03,0.06,16.39,11.63,22.01,nasa,0.77
1991-06-04,0.72,16.5,12.22,21.85,nasa,0.77
1991-06-05,1.03,16.81,13.19,22.12,nasa,0.76
1991-06-06,0.29,16.56,13.08,21.89,nasa,0.76
1991-06-07,0.02,17.35,11.66,22.77,nasa,0.76
1991-06-08,0.25,18.1,13.48,22.94,nasa,0.76
1991-06-09,3.61,16.63,14.45,20.55,nasa,0.76
1991-06-10,3.71,14.41,12.37,17.75,nasa,0.76
1991-06-11,1.32,13.88,11.46,17.06,nasa,0.77
1991-06-12,1.25,15.32,11.3,19.9,nasa,0.77
1991-06-13,3.45,15.8,12.69,20.19,nasa,0.77
1991-06-14,0.73,16.11,13.91,20.34,nasa,0.77
1991-06-15,1.26,16.57,12.98,21.79,nasa,0.77
1991-06-16,0.5,16.49,13.46,21.03,nasa,0.77
1991-06-17,0.02,17.95,13.33,23.48,nasa,0.76
1991-06-18,0.0,18.05,12.85,24.15,nasa,0.76
1991-06-19,0.0,16.46,12.2,22.41,nasa,0.75
1991-06-20,0.0,17.25,13.18,23.52,nasa,0.75
1991-06-21,0.13,17.6,12.6,22.75,nasa,0.75
1991-06-22,0.44,17.49,13.25,23.02,nasa,0.74
1991-06-23,0.24,17.86,13.75,22.86,nasa,0.74
1991-06-24,2.91,17.09,14.33,20.87,nasa,0.75
1991-06-25,0.1,16.59,13.09,21.58,nasa,0.75
1991-06-26,0.03,16.16,11.97,21.34,nasa,0.74
1991-06-27,0.28,16.08,11.1,21.55,nasa,0.74
1991-06-28,0.36,16.68,13.36,21.3,nasa,0.74
1991-06-29,0.06,15.67,12.13,20.89,nasa,0.74
1991-06-30,0.39,15.57,10.41,21.57,nasa,0.73
1991-07-01,1.64,15.11,12.02,19.79,nasa,0.73
1991-07-02,0.3,16.27,12.79,21.44,nasa,0.73
1991-07-03,0.08,17.01,11.52,23.08,nasa,0.73
1991-07-04,0.09,16.85,11.61,22.85,nasa,0.73
1991-07-05,0.09,13.94,10.42,17.4,nasa,0.73
1991-07-06,0.03,13.72,10.1,18.86,nasa,0.73
1991-07-07,0.01,15.24,10.34,21.24,nasa,0.72
1991-07-08,0.02,14.91,10.84,20.39,nasa,0.72
1991-07-09,0.0,15.27,10.75,19.87,nasa,0.72
1991-07-10,0.0,15.39,9.79,22.14,nasa,0.72
1991-07-11,0.0,16.7,10.19,23.43,nasa,0.71
1991-07-12,0.37,16.7,13.44,22.03,nasa,0.71
1991-07-13,1.14,17.69,13.26,23.24,nasa,0.71
1991-07-14,4.07,15.45,13.31,19.64,nasa,0.71
1991-07-15,7.81,14.33,12.92,18.07,nasa,0.72
1991-07-16,8.01,15.39,12.93,19.96,nasa,0.74
1991-07-17,0.89,16.07,12.72,21.69,nasa,0.74
1991-07-18,0.17,15.54,11.23,21.7,nasa,0.73
1991-07-19,0.39,15.73,12.13,20.92,nasa,0.73
1991-07-20,0.28,15.19,9.8,21.2,nasa,0.73
1991-07-21,0.34,13.99,9.05,20.35,nasa,0.72
1991-07-22,0.11,14.1,8.72,19.44,nasa,0.72
1991-07-23,0.16,15.2,11.2,20.16,nasa,0.72
1991-07-24,0.19,16.01,11.8,21.5,nasa,0.71
1991-07-25,0.7,15.57,12.61,18.83,nasa,0.71
1991-07-26,1.59,15.66,13.09,20.23,nasa,0.71
1991-07-27,0.89,15.27,12.29,20.63,nasa,0.71
1991-07-28,0.55,15.26,11.83,20.91,nasa,0.71
1991-07-29,1.13,15.05,11.68,20.77,nasa,0.71
1991-07-30,1.04,15.08,10.63,21.16,nasa,0.71
1991-07-31,3.33,15.88,12.17,21.85,nasa,0.71
1991-08-01,1.37,16.37,12.32,22.56,nasa,0.71
1991-08-02,1.01,15.02,10.22,19.94,nasa,0.71
1991-08-03,0.24,11.42,9.34,15.58,nasa,0.71
1991-08-04,0.11,12.46,8.97,17.51,nasa,0.71
1991-08-05,0.01,14.29,8.67,21.54,nasa,0.7
1991-08-06,0.08,15.54,9.04,23.03,nasa,0.7
1991-08-07,0.05,17.28,10.96,25.2,nasa,0.7
1991-08-08,0.19,17.91,12.23,26.06,nasa,0.69
1991-08-09,0.3,18.52,13.49,26.12,nasa,0.69
1991-08-10,0.99,19.67,13.54,28.02,nasa,0.69
1991-08-11,0.34,19.6,13.46,27.8,nasa,0.68
1991-08-12,1.95,18.59,15.2,24.54,nasa,0.68
1991-08-13,4.08,17.9,15.01,23.57,nasa,0.68
1991-08-14,2.95,15.6,11.83,20.63,nasa,0.69
1991-08-15,1.99,12.78,10.15,16.36,nasa,0.69
1991-08-16,1.37,12.7,9.63,16.81,nasa,0.69
1991-08-17,1.42,13.39,10.43,18.34,nasa,0.69
1991-08-18,3.61,14.13,10.76,19.18,nasa,0.69
1991-08-19,4.82,15.54,12.43,20.62,nasa,0.7
1991-08-20,1.13,15.58,11.02,20.73,nasa,0.7
1991-08-21,0.72,14.93,10.34,21.13,nasa,0.7
1991-08-22,0.72,15.77,11.47,22.13,nasa,0.69
1991-08-23,0.33,15.95,11.64,22.17,nasa,0.69
1991-08-24,0.31,16.01,10.9,22.72,nasa,0.69
1991-08-25,0.22,16.81,11.98,23.48,nasa,0.68
1991-08-26,0.23,17.39,12.9,23.98,nasa,0.68
1991-08-27,0.06,18.08,13.85,24.31,nasa,0.68
1991-08-28,0.05,18.13,13.37,24.74,nasa,0.67
1991-08-29,0.09,18.18,13.31,25.23,nasa,0.67
1991-08-30,0.06,17.13,11.63,25.01,nasa,0.67
1991-08-31,0.14,17.53,12.0,25.35,nasa,0.66
1991-09-01,4.33,16.86,10.89,23.0,nasa,0.66
1991-09-02,5.03,13.71,10.33,17.71,nasa,0.67
1991-09-03,0.61,12.92,8.92,18.45,nasa,0.68
1991-09-04,0.41,13.23,8.72,19.64,nasa,0.67
1991-09-05,0.09,13.71,8.45,21.6,nasa,0.67
1991-09-06,0.08,13.29,6.18,22.04,nasa,0.67
1991-09-07,0.16,14.61,9.76,22.35,nasa,0.66
1991-09-08,0.14,15.74,8.43,24.4,nasa,0.66
1991-09-09,0.3,17.64,11.32,25.97,nasa,0.66
1991-09-10,0.37,18.07,13.18,24.74,nasa,0.66
1991-09-11,0.04,18.91,13.0,25.9,nasa,0.65
1991-09-12,0.29,18.75,13.2,26.14,nasa,0.65
1991-09-13,0.2,18.73,12.89,26.74,nasa,0.65
1991-09-14,0.27,20.29,13.77,28.3,nasa,0.65
1991-09-15,5.47,20.58,16.28,26.59,nasa,0.65
1991-09-16,4.24,19.19,16.1,23.62,nasa,0.66
1991-09-17,2.55,19.96,15.07,26.75,nasa,0.66
1991-09-18,1.37,20.47,14.79,28.29,nasa,0.66
1991-09-19,23.08,20.12,15.5,25.75,nasa,0.67
1991-09-20,10.1,15.82,14.11,17.67,nasa,0.71
1991-09-21,2.13,16.52,13.87,20.33,nasa,0.71
1991-09-22,1.12,18.35,13.76,24.54,nasa,0.7
1991-09-23,1.26,19.78,14.76,25.72,nasa,0.7
1991-09-24,3.38,17.94,14.87,22.77,nasa,0.69
1991-09-25,12.83,17.01,13.91,22.55,nasa,0.7
1991-09-26,12.77,15.49,13.28,19.53,nasa,0.72
1991-09-27,2.74,15.82,12.3,21.28,nasa,0.72
1991-09-28,0.87,17.9,11.79,25.54,nasa,0.71
1991-09-29,1.6,20.11,14.0,25.35,nasa,0.7
1991-09-30,5.47,21.99,16.49,28.29,nasa,0.7
1991-10-01,6.82,21.06,15.55,26.33,nasa,0.71
1991-10-02,5.33,18.4,15.42,22.62,nasa,0.71
1991-10-03,5.84,20.32,15.01,26.82,nasa,0.71
1991-10-04,3.58,16.78,14.0,21.36,nasa,0.72
1991-10-05,0.79,18.35,13.12,25.42,nasa,0.71
1991-10-06,7.57,19.85,15.17,25.09,nasa,0.71
1991-10-07,12.08,19.1,13.53,25.49,nasa,0.72
1991-10-08,3.82,14.87,12.72,18.4,nasa,0.73
1991-10-09,0.25,16.81,12.4,22.82,nasa,0.72
1991-10-10,0.31,18.45,14.46,24.06,nasa,0.71
1991-10-11,3.2,19.59,14.25,26.31,nasa,0.71
1991-10-12,0.36,16.39,13.82,20.65,nasa,0.71
1991-10-13,0.29,17.31,12.89,23.52,nasa,0.7
1991-10-14,0.12,18.49,12.16,25.64,nasa,0.7
1991-10-15,1.03,19.7,14.85,26.32,nasa,0.69
1991-10-16,4.28,18.91,15.42,23.52,nasa,0.69
1991-10-17,0.9,20.53,15.92,26.67,nasa,0.69
1991-10-18,0.98,20.83,16.81,26.64,nasa,0.68
1991-10-19,0.26,20.27,16.13,26.09,nasa,0.68
1991-10-20,0.1,19.17,14.35,25.8,nasa,0.68
1991-10-21,0.07,18.43,13.3,25.02,nasa,0.67
1991-10-22,0.03,18.88,13.72,25.92,nasa,0.67
1991-10-23,0.13,19.49,13.42,26.81,nasa,0.66
1991-10-24,0.34,19.81,14.55,26.73,nasa,0.66
1991-10-25,1.18,18.95,14.6,25.36,nasa,0.66
1991-10-26,0.49,19.51,13.97,26.69,nasa,0.66
1991-10-27,0.09,20.71,14.95,27.69,nasa,0.65
1991-10-28,0.04,20.56,15.56,27.7,nasa,0.65
1991-10-29,0.08,21.01,15.06,28.52,nasa,0.65
1991-10-30,0.18,22.03,16.15,29.53,nasa,0.64
1991-10-31,8.65,22.31,16.78,30.79,nasa,0.64
1991-11-01,17.48,20.21,16.71,26.46,nasa,0.68
1991-11-02,12.68,19.7,16.67,24.62,nasa,0.7
1991-11-03,6.58,21.77,17.56,27.71,nasa,0.71
1991-11-04,6.37,21.29,17.32,26.84,nasa,0.71
1991-11-05,1.43,20.41,15.78,26.75,nasa,0.7
1991-11-06,1.89,19.98,15.67,25.75,nasa,0.69
1991-11-07,18.33,21.91,15.81,28.02,nasa,0.7
1991-11-08,3.85,22.94,19.2,28.24,nasa,0.71
1991-11-09,11.09,22.35,18.31,27.32,nasa,0.71
1991-11-10,4.48,19.86,16.12,22.18,nasa,0.72
1991-11-11,2.22,19.25,14.65,25.17,nasa,0.71
1991-11-12,3.72,20.34,14.89,27.25,nasa,0.71
1991-11-13,6.09,20.01,14.94,25.24,nasa,0.71
1991-11-14,27.46,20.2,17.04,24.86,nasa,0.73
1991-11-15,16.59,19.72,16.89,24.46,nasa,0.76
1991-11-16,6.45,21.61,16.91,26.99,nasa,0.76
1991-11-17,10.65,21.11,17.01,27.32,nasa,0.76
1991-11-18,1.45,20.99,15.87,27.95,nasa,0.75
1991-11-19,6.08,22.13,17.2,27.44,nasa,0.74
1991-11-20,12.69,20.83,16.18,26.25,nasa,0.75
1991-11-21,2.06,17.69,15.19,21.98,nasa,0.75
1991-11-22,2.19,17.73,14.4,21.97,nasa,0.74
1991-11-23,3.77,19.59,14.35,25.52,nasa,0.74
1991-11-24,0.58,19.94,15.54,25.84,nasa,0.73
1991-11-25,0.35,20.46,14.75,27.0,nasa,0.72
1991-11-26,0.12,21.11,15.95,27.66,nasa,0.71
1991-11-27,5.05,22.18,17.3,28.63,nasa,0.7
1991-11-28,0.89,18.71,15.7,24.44,nasa,0.71
1991-11-29,0.48,20.27,14.99,26.53,nasa,0.7
1991-11-30,4.02,21.42,17.06,26.27,nasa,0.7
1991-12-01,16.47,21.11,17.35,23.94,nasa,0.71
1991-12-02,3.92,18.66,14.84,24.19,nasa,0.73
1991-12-03,0.48,18.06,13.72,23.52,nasa,0.72
1991-12-04,0.73,18.36,13.6,24.19,nasa,0.71
1991-12-05,0.2,20.28,13.91,26.63,nasa,0.71
1991-12-06,0.76,21.36,17.86,26.02,nasa,0.7
1991-12-07,10.3,19.54,17.69,21.55,nasa,0.71
1991-12-08,6.11,21.68,17.88,26.0,nasa,0.72
1991-12-09,6.76,21.98,19.07,26.03,nasa,0.72
1991-12-10,17.28,22.13,20.47,24.89,nasa,0.74
1991-12-11,19.17,22.61,19.64,25.62,nasa,0.77
1991-12-12,5.3,22.34,19.85,25.35,nasa,0.78
1991-12-13,2.83,23.62,18.13,28.69,nasa,0.76
1991-12-14,6.56,23.06,20.26,26.05,nasa,0.76
1991-12-15,2.12,23.57,19.93,28.41,nasa,0.75
1991-12-16,1.17,23.91,19.29,29.09,nasa,0.74
1991-12-17,7.53,24.26,19.34,29.12,nasa,0.73
1991-12-18,9.51,23.26,19.08,27.69,nasa,0.74
1991-12-19,11.77,21.63,19.18,25.11,nasa,0.75
1991-12-20,5.04,22.42,18.82,26.93,nasa,0.76
1991-12-21,4.34,21.86,16.93,27.28,nasa,0.75
1991-12-22,0.31,21.34,15.56,27.78,nasa,0.74
1991-12-23,1.58,22.03,17.46,27.44,nasa,0.73
1991-12-24,0.44,22.46,17.5,28.29,nasa,0.72
1991-12-25,2.07,22.46,17.0,28.56,nasa,0.72
1991-12-26,4.13,22.6,16.97,28.68,nasa,0.71
1991-12-27,8.32,22.81,17.74,28.65,nasa,0.71
1991-12-28,18.02,20.37,18.72,22.39,nasa,0.73
1991-12-29,1.52,20.17,17.42,24.24,nasa,0.75
1991-12-30,5.92,21.36,17.5,26.58,nasa,0.74
1991-12-31,9.69,20.85,17.74,24.84,nasa,0.74
1992-01-01,6.41,20.73,17.84,24.79,nasa,0.75
1992-01-02,6.49,20.85,18.21,23.91,nasa,0.75
1992-01-03,11.17,21.84,19.42,25.25,nasa,0.75
1992-01-04,15.5,21.75,19.58,25.13,nasa,0.77
1992-01-05,17.46,21.36,18.71,24.93,nasa,0.79
1992-01-06,2.15,20.7,17.37,26.19,nasa,0.79
1992-01-07,2.43,20.35,16.16,26.54,nasa,0.77
1992-01-08,2.44,20.65,16.38,26.3,nasa,0.76
1992-01-09,10.83,20.64,17.08,24.42,nasa,0.76
1992-01-10,2.36,19.44,16.2,22.68,nasa,0.77
1992-01-11,0.43,19.88,15.83,25.23,nasa,0.76
1992-01-12,9.37,20.57,17.22,25.26,nasa,0.76
1992-01-13,14.76,19.75,17.71,22.5,nasa,0.78
1992-01-14,4.56,20.53,17.78,24.92,nasa,0.79
1992-01-15,6.44,21.2,18.53,25.41,nasa,0.78
1992-01-16,7.89,21.08,18.63,24.18,nasa,0.78
1992-01-17,6.18,21.11,19.3,24.37,nasa,0.79
1992-01-18,13.49,20.62,18.61,23.3,nasa,0.79
1992-01-19,14.23,22.19,18.02,26.69,nasa,0.8
1992-01-20,20.48,19.85,17.06,21.94,nasa,0.82
1992-01-21,7.3,19.96,17.21,23.81,nasa,0.83
1992-01-22,5.21,19.16,16.81,22.79,nasa,0.82
1992-01-23,19.85,19.11,16.91,21.57,nasa,0.83
1992-01-24,4.63,19.21,17.16,21.46,nasa,0.83
1992-01-25,12.05,19.29,17.39,22.15,nasa,0.84
1992-01-26,2.69,19.28,16.93,22.25,nasa,0.83
1992-01-27,4.36,20.64,18.04,24.09,nasa,0.83
1992-01-28,7.36,21.43,18.4,25.28,nasa,0.83
1992-01-29,3.84,20.83,18.51,23.74,nasa,0.83
1992-01-30,4.48,20.99,18.11,25.14,nasa,0.83
1992-01-31,5.32,21.04,17.92,25.43,nasa,0.82
1992-02-01,3.24,19.8,17.02,23.13,nasa,0.82
1992-02-02,7.44,19.02,15.7,22.28,nasa,0.82
1992-02-03,5.52,17.64,15.22,20.58,nasa,0.83
1992-02-04,7.26,18.93,16.63,22.28,nasa,0.83
1992-02-05,9.67,19.79,16.97,23.89,nasa,0.84
1992-02-06,4.61,19.29,16.18,23.06,nasa,0.84
1992-02-07,4.85,19.33,15.73,24.71,nasa,0.83
1992-02-08,3.5,19.08,15.98,23.04,nasa,0.83
1992-02-09,3.97,19.34,15.86,23.75,nasa,0.83
1992-02-10,9.84,18.9,15.26,23.89,nasa,0.83
1992-02-11,5.28,19.58,14.8,24.93,nasa,0.84
1992-02-12,1.56,20.06,15.95,24.77,nasa,0.83
1992-02-13,0.82,20.18,16.03,25.75,nasa,0.83
1992-02-14,3.45,20.07,15.08,25.97,nasa,0.82
1992-02-15,1.23,20.58,16.06,26.11,nasa,0.81
1992-02-16,0.39,20.71,15.68,26.9,nasa,0.81
1992-02-17,0.42,20.14,15.09,26.16,nasa,0.8
1992-02-18,1.76,19.89,14.11,25.61,nasa,0.79
1992-02-19,0.6,20.23,15.26,26.46,nasa,0.79
1992-02-20,0.53,20.52,16.01,26.24,nasa,0.78
1992-02-21,0.2,20.91,16.06,26.74,nasa,0.78
1992-02-22,0.05,21.24,16.39,26.86,nasa,0.77
1992-02-23,0.0,20.09,16.34,24.53,nasa,0.77
1992-02-24,0.15,20.19,16.0,25.72,nasa,0.77
1992-02-25,0.05,21.82,16.89,27.04,nasa,0.76
1992-02-26,4.86,21.48,17.48,25.97,nasa,0.76
1992-02-27,12.87,21.75,17.89,26.78,nasa,0.78
1992-02-28,12.81,22.52,18.9,26.21,nasa,0.79
1992-02-29,7.24,19.68,17.17,22.25,nasa,0.81
1992-03-01,1.53,18.71,16.18,21.53,nasa,0.8
1992-03-02,1.69,19.73,16.61,23.99,nasa,0.8
1992-03-03,1.99,21.33,17.69,26.34,nasa,0.79
1992-03-04,0.58,21.69,17.39,27.25,nasa,0.78
1992-03-05,1.07,21.25,16.97,27.14,nasa,0.78
1992-03-06,2.43,20.82,16.17,25.82,nasa,0.77
1992-03-07,1.86,20.58,17.45,24.72,nasa,0.77
1992-03-08,2.79,20.85,16.85,26.14,nasa,0.77
1992-03-09,16.1,20.34,17.87,23.43,nasa,0.78
1992-03-10,7.51,20.29,17.4,23.91,nasa,0.8
1992-03-11,10.77,19.91,16.61,24.01,nasa,0.8
1992-03-12,7.34,19.98,16.24,24.74,nasa,0.81
1992-03-13,6.75,19.32,15.56,24.19,nasa,0.81
1992-03-14,3.71,19.53,14.21,25.01,nasa,0.8
1992-03-15,1.19,20.29,15.64,25.53,nasa,0.8
1992-03-16,0.22,21.35,17.55,26.41,nasa,0.79
1992-03-17,0.26,22.01,18.08,26.67,nasa,0.78
1992-03-18,0.73,21.85,18.13,26.21,nasa,0.77
1992-03-19,1.37,21.57,18.42,25.9,nasa,0.77
1992-03-20,0.17,19.31,16.79,22.21,nasa,0.77
1992-03-21,0.09,20.42,16.45,25.93,nasa,0.77
1992-03-22,0.98,20.4,16.65,25.24,nasa,0.76
1992-03-23,0.76,19.59,15.55,24.95,nasa,0.76
1992-03-24,0.57,19.68,15.16,25.43,nasa,0.75
1992-03-25,0.26,20.41,15.77,25.62,nasa,0.75
1992-03-26,0.4,20.14,16.31,25.2,nasa,0.74
1992-03-27,2.86,20.28,15.94,25.25,nasa,0.74
1992-03-28,0.25,19.83,15.48,25.21,nasa,0.74
1992-03-29,0.03,19.03,13.78,25.23,nasa,0.73
1992-03-30,0.0,20.58,15.11,26.64,nasa,0.73
1992-03-31,0.41,20.87,16.82,25.19,nasa,0.72
1992-04-01,0.23,21.38,17.21,26.62,nasa,0.72
1992-04-02,2.01,20.87,16.49,26.21,nasa,0.72
1992-04-03,2.24,20.48,16.99,25.72,nasa,0.72
1992-04-04,1.03,20.31,16.09,26.55,nasa,0.72
1992-04-05,0.79,20.39,16.52,25.76,nasa,0.72
1992-04-06,1.25,21.37,16.32,26.36,nasa,0.72
1992-04-07,2.07,21.64,18.24,25.56,nasa,0.72
1992-04-08,8.91,22.57,18.3,27.5,nasa,0.72
1992-04-09,18.64,19.02,16.13,22.56,nasa,0.75
1992-04-10,4.4,17.15,15.04,19.89,nasa,0.76
1992-04-11,1.33,18.56,16.0,22.34,nasa,0.76
1992-04-12,0.37,19.69,16.07,24.28,nasa,0.75
1992-04-13,0.15,19.62,16.13,24.45,nasa,0.75
1992-04-14,0.25,20.21,16.56,25.23,nasa,0.74
1992-04-15,0.73,20.63,16.82,25.23,nasa,0.73
1992-04-16,2.67,19.92,18.1,23.46,nasa,0.73
1992-04-17,0.87,20.83,17.36,25.62,nasa,0.73
1992-04-18,2.8,20.45,16.98,25.68,nasa,0.73
1992-04-19,1.84,19.83,16.1,25.09,nasa,0.73
1992-04-20,1.07,19.62,14.83,25.64,nasa,0.72
1992-04-21,6.29,20.49,16.76,25.62,nasa,0.72
1992-04-22,8.18,19.87,17.29,23.42,nasa,0.73
1992-04-23,1.61,20.21,15.83,25.3,nasa,0.74
1992-04-24,4.1,19.96,17.92,22.71,nasa,0.74
1992-04-25,10.27,20.73,17.82,24.54,nasa,0.75
1992-04-26,5.14,21.08,18.25,25.14,nasa,0.76
1992-04-27,10.56,20.83,17.99,24.76,nasa,0.76
1992-04-28,2.08,18.21,16.02,21.71,nasa,0.76
1992-04-29,0.38,19.43,15.15,24.69,nasa,0.76
1992-04-30,0.07,21.71,18.06,26.51,nasa,0.75
1992-05-01,0.32,21.7,18.99,25.76,nasa,0.74
1992-05-02,2.45,20.5,18.14,24.27,nasa,0.74
1992-05-03,1.94,19.94,18.14,23.32,nasa,0.74
1992-05-04,0.99,18.97,16.9,22.11,nasa,0.74
1992-05-05,1.39,19.61,16.12,24.31,nasa,0.74
1992-05-06,9.29,19.36,16.84,23.61,nasa,0.74
1992-05-07,3.57,18.82,15.76,23.33,nasa,0.75
1992-05-08,3.9,19.53,15.66,24.71,nasa,0.75
1992-05-09,3.25,18.74,16.42,23.1,nasa,0.75
1992-05-10,1.47,18.23,14.86,23.83,nasa,0.75
1992-05-11,0.08,18.64,13.97,24.36,nasa,0.74
1992-05-12,0.07,19.79,15.61,25.47,nasa,0.74
1992-05-13,0.26,20.19,16.15,25.77,nasa,0.73
1992-05-14,1.29,20.59,16.23,25.69,nasa,0.73
1992-05-15,9.0,20.52,17.76,24.95,nasa,0.74
1992-05-16,0.25,20.72,16.88,25.0,nasa,0.74
1992-05-17,0.0,20.21,16.24,25.84,nasa,0.73
1992-05-18,0.15,19.81,15.69,25.49,nasa,0.73
1992-05-19,0.48,20.43,15.35,25.84,nasa,0.72
1992-05-20,5.8,17.96,14.95,22.78,nasa,0.72
1992-05-21,0.69,16.95,14.41,21.74,nasa,0.73
1992-05-22,0.24,19.01,15.34,24.52,nasa,0.72
1992-05-23,0.03,19.17,16.12,23.96,nasa,0.72
1992-05-24,0.17,18.08,15.57,22.31,nasa,0.72
1992-05-25,0.01,17.56,14.23,22.87,nasa,0.71
1992-05-26,0.31,18.16,13.78,23.38,nasa,0.71
1992-05-27,0.3,18.1,14.81,23.24,nasa,0.71
1992-05-28,0.15,18.51,15.15,23.61,nasa,0.71
1992-05-29,0.09,19.07,15.94,23.92,nasa,0.7
1992-05-30,0.0,19.63,15.47,24.73,nasa,0.7
1992-05-31,0.14,18.5,13.8,24.19,nasa,0.7
1992-06-01,0.03,18.02,14.23,23.73,nasa,0.69
1992-06-02,0.21,18.38,13.85,24.19,nasa,0.69
1992-06-03,0.13,19.43,14.95,24.53,nasa,0.69
1992-06-04,0.17,19.59,14.72,25.33,nasa,0.69
1992-06-05,0.14,18.69,14.86,24.52,nasa,0.69
1992-06-06,0.36,19.66,15.38,25.55,nasa,0.68
1992-06-07,0.14,19.1,14.4,25.82,nasa,0.68
1992-06-08,0.08,16.72,12.9,22.9,nasa,0.68
1992-06-09,0.0,17.04,12.15,23.57,nasa,0.68
1992-06-10,0.0,18.07,13.91,23.6,nasa,0.68
1992-06-11,0.05,18.3,14.22,24.17,nasa,0.67
1992-06-12,0.91,17.5,14.19,22.93,nasa,0.67
1992-06-13,0.17,15.09,11.81,19.98,nasa,0.67
1992-06-14,0.73,14.48,10.87,19.61,nasa,0.67
1992-06-15,0.51,14.6,11.17,19.01,nasa,0.67
1992-06-16,0.3,14.94,11.14,19.3,nasa,0.67
1992-06-17,1.14,14.99,12.67,17.99,nasa,0.67
1992-06-18,1.32,13.99,10.82,17.86,nasa,0.68
1992-06-19,1.15,15.04,10.89,20.82,nasa,0.68
1992-06-20,10.05,16.35,13.34,21.58,nasa,0.68
1992-06-21,0.98,15.82,12.41,20.97,nasa,0.69
1992-06-22,0.79,16.19,11.84,21.9,nasa,0.69
1992-06-23,0.1,16.76,12.75,22.55,nasa,0.69
1992-06-24,0.0,16.85,12.81,22.91,nasa,0.68
1992-06-25,0.11,16.26,12.42,22.67,nasa,0.68
1992-06-26,1.34,16.54,11.8,21.68,nasa,0.68
1992-06-27,0.6,17.08,13.54,22.24,nasa,0.68
1992-06-28,0.34,17.17,13.21,23.01,nasa,0.68
1992-06-29,0.03,17.98,13.37,24.3,nasa,0.67
1992-06-30,0.04,18.58,13.41,24.72,nasa,0.67
1992-07-01,0.12,17.92,13.28,24.48,nasa,0.67
1992-07-02,0.19,19.0,13.97,25.55,nasa,0.67
1992-07-03,5.46,17.37,14.45,22.1,nasa,0.67
1992-07-04,6.52,17.41,14.79,22.73,nasa,0.68
1992-07-05,0.84,16.38,11.77,22.2,nasa,0.68
1992-07-06,0.04,16.42,11.54,22.81,nasa,0.68
1992-07-07,1.85,14.96,12.41,19.3,nasa,0.68
1992-07-08,3.39,15.05,12.44,18.57,nasa,0.68
1992-07-09,5.39,16.39,14.04,19.38,nasa,0.69
1992-07-10,3.51,15.66,12.75,20.32,nasa,0.69
1992-07-11,2.8,15.17,12.45,19.89,nasa,0.69
1992-07-12,5.4,16.02,12.86,21.0,nasa,0.7
1992-07-13,1.28,16.73,13.1,21.57,nasa,0.7
1992-07-14,0.21,16.48,12.85,21.47,nasa,0.69
1992-07-15,0.01,17.02,12.78,23.55,nasa,0.69
1992-07-16,0.13,17.94,13.09,24.77,nasa,0.68
1992-07-17,0.0,17.95,14.05,23.77,nasa,0.68
1992-07-18,0.1,16.24,11.73,23.13,nasa,0.67
1992-07-19,0.24,16.1,11.14,22.5,nasa,0.67
1992-07-20,0.03,15.43,10.44,21.61,nasa,0.67
1992-07-21,0.23,15.23,8.79,21.75,nasa,0.67
1992-07-22,0.06,17.2,13.54,21.89,nasa,0.67
1992-07-23,3.01,14.54,10.55,18.06,nasa,0.67
1992-07-24,1.35,12.46,10.27,16.55,nasa,0.67
1992-07-25,0.69,12.53,9.35,17.66,nasa,0.67
1992-07-26,0.14,11.52,7.8,17.29,nasa,0.67
1992-07-27,0.11,11.54,7.87,17.25,nasa,0.67
1992-07-28,0.06,13.91,8.26,21.2,nasa,0.67
1992-07-29,0.08,15.99,10.44,22.27,nasa,0.66
1992-07-30,0.07,17.04,10.43,24.36,nasa,0.66
1992-07-31,0.02,18.11,11.37,25.61,nasa,0.66
1992-08-01,0.0,18.54,11.49,26.81,nasa,0.65
1992-08-02,0.62,16.68,12.87,22.53,nasa,0.65
1992-08-03,1.28,14.28,11.66,19.32,nasa,0.65
1992-08-04,0.64,15.6,11.96,21.77,nasa,0.65
1992-08-05,0.68,16.78,11.97,24.08,nasa,0.65
1992-08-06,2.13,16.09,12.32,21.82,nasa,0.65
1992-08-07,3.99,16.04,12.47,21.81,nasa,0.66
1992-08-08,0.87,16.31,11.83,22.64,nasa,0.66
1992-08-09,0.88,16.73,12.15,23.27,nasa,0.66
1992-08-10,0.54,15.76,12.68,21.29,nasa,0.65
1992-08-11,0.54,15.84,9.94,22.02,nasa,0.65
1992-08-12,1.09,15.78,12.27,21.2,nasa,0.65
1992-08-13,12.7,17.5,13.26,24.03,nasa,0.66
1992-08-14,3.75,15.92,12.57,21.07,nasa,0.68
1992-08-15,0.56,14.88,11.9,19.69,nasa,0.68
1992-08-16,0.28,14.61,11.39,20.68,nasa,0.67
1992-08-17,0.03,15.21,10.49,22.39,nasa,0.67
1992-08-18,0.12,15.82,10.35,22.85,nasa,0.66
1992-08-19,0.19,17.7,12.32,24.98,nasa,0.66
1992-08-20,0.49,17.27,13.8,23.65,nasa,0.66
1992-08-21,0.28,16.64,13.06,21.89,nasa,0.66
1992-08-22,0.17,18.5,13.36,25.4,nasa,0.65
1992-08-23,1.82,19.58,14.69,25.59,nasa,0.65
1992-08-24,0.26,18.38,12.3,24.55,nasa,0.65
1992-08-25,0.25,16.48,10.7,24.38,nasa,0.65
1992-08-26,0.04,15.98,11.93,22.03,nasa,0.65
1992-08-27,0.08,17.22,11.86,24.39,nasa,0.65
1992-08-28,0.08,18.93,12.29,27.15,nasa,0.64
1992-08-29,3.01,19.48,14.69,26.93,nasa,0.64
1992-08-30,1.66,19.11,14.99,26.41,nasa,0.65
1992-08-31,0.45,18.8,14.05,25.58,nasa,0.64
1992-09-01,0.11,18.61,14.02,25.85,nasa,0.64
1992-09-02,0.11,18.77,13.51,26.31,nasa,0.64
1992-09-03,0.13,20.37,14.41,27.98,nasa,0.64
1992-09-04,6.37,20.13,15.15,27.08,nasa,0.64
1992-09-05,4.28,19.83,15.75,26.59,nasa,0.65
1992-09-06,10.67,19.59,15.87,25.57,nasa,0.65
1992-09-07,13.14,17.03,14.39,20.26,nasa,0.68
1992-09-08,1.66,16.17,12.89,21.62,nasa,0.69
1992-09-09,0.96,15.08,12.36,20.23,nasa,0.68
1992-09-10,1.83,14.61,11.75,20.36,nasa,0.67
1992-09-11,1.07,14.55,10.72,19.98,nasa,0.67
1992-09-12,1.18,15.48,11.09,21.4,nasa,0.67
1992-09-13,1.61,17.29,12.83,23.85,nasa,0.67
1992-09-14,0.6,18.05,13.03,24.96,nasa,0.66
1992-09-15,0.26,18.76,13.89,25.39,nasa,0.66
1992-09-16,3.4,18.77,14.32,25.11,nasa,0.66
1992-09-17,2.98,17.37,15.45,20.82,nasa,0.66
1992-09-18,1.92,18.98,15.36,24.51,nasa,0.66
1992-09-19,9.26,19.5,15.42,25.3,nasa,0.66
1992-09-20,4.87,18.76,16.29,23.75,nasa,0.68
1992-09-21,3.56,18.46,14.68,24.22,nasa,0.68
1992-09-22,1.4,18.89,14.15,25.65,nasa,0.68
1992-09-23,3.15,19.22,14.39,25.69,nasa,0.67
1992-09-24,1.05,19.77,15.07,26.4,nasa,0.67
1992-09-25,0.96,20.96,15.87,27.85,nasa,0.66
1992-09-26,9.18,18.03,14.42,21.53,nasa,0.67
1992-09-27,15.55,17.63,13.84,22.07,nasa,0.69
1992-09-28,8.8,19.37,15.59,24.59,nasa,0.71
1992-09-29,0.45,15.91,12.79,20.43,nasa,0.7
1992-09-30,0.35,16.2,12.41,22.63,nasa,0.69
1992-10-01,0.13,18.22,11.71,26.11,nasa,0.68
1992-10-02,1.24,18.5,14.14,24.78,nasa,0.68
1992-10-03,5.08,19.49,16.18,24.78,nasa,0.68
1992-10-04,5.62,18.79,14.61,23.5,nasa,0.68
1992-10-05,3.01,17.37,13.85,23.66,nasa,0.69
1992-10-06,2.25,18.96,14.61,25.34,nasa,0.69
1992-10-07,18.98,20.09,16.14,26.23,nasa,0.69
1992-10-08,10.39,17.74,15.47,21.67,nasa,0.72
1992-10-09,9.08,18.85,12.75,25.38,nasa,0.72
1992-10-10,2.27,14.73,11.78,19.02,nasa,0.72
1992-10-11,1.58,16.7,11.4,23.16,nasa,0.71
1992-10-12,1.62,18.9,12.98,25.29,nasa,0.71
1992-10-13,4.57,20.95,15.99,27.61,nasa,0.7
1992-10-14,0.81,18.84,14.39,25.6,nasa,0.7
1992-10-15,0.25,20.03,14.05,27.15,nasa,0.69
1992-10-16,0.43,21.2,15.57,28.02,nasa,0.68
1992-10-17,0.28,21.27,16.63,27.28,nasa,0.68
1992-10-18,1.81,21.44,16.48,27.85,nasa,0.67
1992-10-19,2.4,20.96,16.73,26.04,nasa,0.67
1992-10-20,3.06,21.59,15.79,28.44,nasa,0.67
1992-10-21,12.69,19.85,14.16,27.66,nasa,0.68
1992-10-22,3.3,16.49,12.87,22.75,nasa,0.69
1992-10-23,1.17,18.73,13.72,25.67,nasa,0.69
1992-10-24,7.01,19.86,15.56,26.12,nasa,0.69
1992-10-25,4.33,21.0,16.97,26.64,nasa,0.69
1992-10-26,1.48,20.85,16.65,26.76,nasa,0.69
1992-10-27,1.23,21.02,16.64,27.15,nasa,0.68
1992-10-28,2.92,20.82,17.73,25.71,nasa,0.68
1992-10-29,11.93,20.96,18.23,24.52,nasa,0.69
1992-10-30,23.89,21.27,19.27,24.2,nasa,0.72
1992-10-31,16.37,20.82,18.38,24.25,nasa,0.74
1992-11-01,11.98,21.1,17.83,25.63,nasa,0.76
1992-11-02,7.96,20.34,18.18,23.78,nasa,0.76
1992-11-03,5.5,20.93,18.45,25.15,nasa,0.75
1992-11-04,8.19,21.19,18.03,25.77,nasa,0.75
1992-11-05,19.85,19.47,15.47,25.29,nasa,0.76
1992-11-06,17.56,18.5,15.35,23.51,nasa,0.77
1992-11-07,12.5,19.25,15.27,24.19,nasa,0.79
1992-11-08,22.18,20.41,17.44,25.06,nasa,0.79
1992-11-09,8.37,20.35,16.85,25.36,nasa,0.8
1992-11-10,20.49,19.48,17.7,22.25,nasa,0.8
1992-11-11,9.38,19.2,16.17,23.3,nasa,0.82
1992-11-12,5.88,19.68,14.89,25.39,nasa,0.8
1992-11-13,1.88,20.29,15.74,25.57,nasa,0.79
1992-11-14,1.27,21.0,16.14,27.54,nasa,0.78
1992-11-15,1.13,20.96,15.74,27.62,nasa,0.77
1992-11-16,2.22,21.86,16.86,27.86,nasa,0.76
1992-11-17,17.24,20.23,17.75,22.45,nasa,0.77
1992-11-18,11.52,19.02,16.28,22.65,nasa,0.8
1992-11-19,3.83,20.95,16.0,27.32,nasa,0.8
1992-11-20,1.81,20.42,17.18,24.48,nasa,0.79
1992-11-21,0.8,20.5,17.64,24.51,nasa,0.79
1992-11-22,1.35,21.48,17.0,26.88,nasa,0.78
1992-11-23,2.67,21.07,16.21,26.58,nasa,0.77
1992-11-24,8.06,21.03,17.92,25.07,nasa,0.78
1992-11-25,1.72,21.19,17.34,27.38,nasa,0.78
1992-11-26,14.91,21.25,16.61,26.74,nasa,0.77
1992-11-27,16.09,19.14,16.72,22.8,nasa,0.81
1992-11-28,6.1,17.33,14.86,20.91,nasa,0.81
1992-11-29,2.22,16.52,12.5,21.33,nasa,0.8
1992-11-30,0.59,17.68,10.51,24.61,nasa,0.79
1992-12-01,2.83,19.68,14.8,24.89,nasa,0.78
1992-12-02,16.44,20.14,18.46,22.51,nasa,0.8
1992-12-03,3.62,19.16,16.0,22.34,nasa,0.81
1992-12-04,1.15,17.6,14.73,21.36,nasa,0.8
1992-12-05,2.29,19.01,13.77,25.77,nasa,0.79
1992-12-06,0.55,20.29,14.89,26.44,nasa,0.79
1992-12-07,1.8,21.55,16.89,26.83,nasa,0.78
1992-12-08,4.82,20.36,17.73,24.62,nasa,0.78
1992-12-09,3.05,20.37,16.23,25.93,nasa,0.78
1992-12-10,8.05,20.74,15.86,25.2,nasa,0.78
1992-12-11,33.15,20.81,18.35,23.74,nasa,0.81
1992-12-12,22.98,21.19,17.81,24.56,nasa,0.84
1992-12-13,6.34,17.12,13.34,21.16,nasa,0.85
1992-12-14,1.82,16.14,12.32,21.14,nasa,0.83
1992-12-15,1.25,19.01,11.51,25.6,nasa,0.82
1992-12-16,7.24,19.88,16.75,23.11,nasa,0.82
1992-12-17,5.83,20.01,17.74,23.22,nasa,0.82
1992-12-18,8.11,20.28,17.53,24.04,nasa,0.83
1992-12-19,11.02,22.11,18.64,26.89,nasa,0.83
1992-12-20,8.83,22.12,18.33,26.96,nasa,0.84
1992-12-21,5.2,21.95,18.85,26.23,nasa,0.83
1992-12-22,1.08,21.03,17.48,25.92,nasa,0.83
1992-12-23,1.57,20.18,15.8,25.44,nasa,0.82
1992-12-24,1.6,19.33,14.54,25.78,nasa,0.81
1992-12-25,2.36,20.73,15.06,26.14,nasa,0.8
1992-12-26,18.54,19.16,16.2,21.69,nasa,0.82
1992-12-27,8.43,17.62,14.5,22.72,nasa,0.84
1992-12-28,20.26,18.76,14.93,24.49,nasa,0.85
1992-12-29,7.68,20.53,16.33,25.95,nasa,0.85
1992-12-30,0.45,20.46,16.21,25.1,nasa,0.84
1992-12-31,2.27,20.45,14.95,26.89,nasa,0.83
1993-01-01,2.55,20.56,14.62,27.54,nasa,0.83
1993-01-02,2.93,21.5,15.23,28.23,nasa,0.82
1993-01-03,18.04,22.59,16.09,28.32,nasa,0.82
1993-01-04,12.1,21.8,19.54,25.57,nasa,0.84
1993-01-05,13.45,21.89,18.21,26.04,nasa,0.85
1993-01-06,9.95,21.71,18.89,25.25,nasa,0.86
1993-01-07,1.54,21.66,18.04,25.72,nasa,0.85
1993-01-08,1.87,21.01,18.94,23.99,nasa,0.84
1993-01-09,1.12,20.62,18.04,24.24,nasa,0.84
1993-01-10,0.25,21.05,17.35,26.48,nasa,0.84
1993-01-11,0.74,21.1,15.84,25.97,nasa,0.83
1993-01-12,2.26,22.0,17.84,27.42,nasa,0.82
1993-01-13,1.95,20.55,15.9,26.08,nasa,0.82
1993-01-14,1.71,20.44,14.8,26.49,nasa,0.82
1993-01-15,0.6,21.0,16.24,26.61,nasa,0.81
1993-01-16,0.64,21.57,16.77,27.17,nasa,0.8
1993-01-17,10.03,22.32,17.34,27.39,nasa,0.8
1993-01-18,9.81,21.7,18.41,25.69,nasa,0.81
1993-01-19,19.48,20.99,18.16,25.09,nasa,0.83
1993-01-20,18.79,19.96,18.17,22.57,nasa,0.85
1993-01-21,22.53,20.06,18.01,22.8,nasa,0.87
1993-01-22,21.33,20.42,18.68,22.41,nasa,0.89
1993-01-23,8.24,21.29,18.43,25.6,nasa,0.89
1993-01-24,0.07,21.58,17.19,27.69,nasa,0.87
1993-01-25,0.21,19.88,15.18,25.43,nasa,0.86
1993-01-26,1.67,20.45,15.07,26.61,nasa,0.85
1993-01-27,0.66,20.51,15.53,26.67,nasa,0.85
1993-01-28,0.37,19.67,16.29,23.78,nasa,0.84
1993-01-29,0.17,20.7,16.07,26.86,nasa,0.84
1993-01-30,0.88,20.07,14.97,26.89,nasa,0.83
1993-01-31,0.79,20.66,15.78,26.17,nasa,0.82
1993-02-01,1.78,20.86,17.06,26.15,nasa,0.82
1993-02-02,2.41,20.38,16.9,24.92,nasa,0.81
1993-02-03,1.28,20.43,16.86,24.66,nasa,0.81
1993-02-04,0.23,20.65,17.82,24.56,nasa,0.81
1993-02-05,1.26,20.82,18.06,24.05,nasa,0.81
1993-02-06,0.35,20.73,17.48,24.91,nasa,0.81
1993-02-07,0.11,21.51,16.97,26.81,nasa,0.8
1993-02-08,0.21,21.61,17.69,26.39,nasa,0.79
1993-02-09,0.3,21.32,16.94,26.44,nasa,0.79
1993-02-10,2.87,21.7,17.65,26.69,nasa,0.78
1993-02-11,1.36,21.26,17.2,26.35,nasa,0.78
1993-02-12,2.92,20.64,17.59,24.81,nasa,0.78
1993-02-13,11.91,20.73,17.24,25.95,nasa,0.79
1993-02-14,2.35,20.36,16.08,25.18,nasa,0.79
1993-02-15,3.19,20.51,17.33,24.93,nasa,0.79
1993-02-16,0.32,20.77,15.82,26.66,nasa,0.79
1993-02-17,1.87,21.32,16.9,26.79,nasa,0.78
1993-02-18,1.17,21.18,17.01,26.57,nasa,0.78
1993-02-19,1.61,20.37,15.88,25.07,nasa,0.77
1993-02-20,2.39,21.1,17.21,25.92,nasa,0.77
1993-02-21,0.98,21.47,17.43,25.97,nasa,0.77
1993-02-22,3.58,21.68,16.8,26.95,nasa,0.77
1993-02-23,0.39,21.0,17.76,25.56,nasa,0.76
1993-02-24,0.3,21.41,15.95,26.75,nasa,0.76
1993-02-25,2.01,21.22,17.64,25.79,nasa,0.75
1993-02-26,2.5,20.17,17.24,24.9,nasa,0.75
1993-02-27,6.03,21.29,16.94,26.55,nasa,0.76
1993-02-28,3.14,21.26,17.2,26.48,nasa,0.76
1993-03-01,4.93,21.33,17.97,25.4,nasa,0.76
1993-03-02,1.89,21.19,18.34,25.14,nasa,0.76
1993-03-03,0.03,21.27,17.2,26.55,nasa,0.76
1993-03-04,0.0,21.04,16.48,26.65,nasa,0.75
1993-03-05,0.18,20.88,15.81,26.73,nasa,0.74
1993-03-06,0.37,20.78,15.91,26.6,nasa,0.73
1993-03-07,0.32,21.64,16.35,27.01,nasa,0.72
1993-03-08,1.21,22.42,16.27,27.83,nasa,0.72
1993-03-09,0.72,22.49,16.53,28.58,nasa,0.71
1993-03-10,1.86,22.42,16.25,28.28,nasa,0.71
1993-03-11,4.4,22.23,17.74,27.54,nasa,0.71
1993-03-12,22.66,21.9,17.71,26.55,nasa,0.73
1993-03-13,7.09,21.67,17.95,27.2,nasa,0.75
1993-03-14,2.16,22.41,17.52,27.05,nasa,0.75
1993-03-15,3.32,21.0,17.67,25.02,nasa,0.75
1993-03-16,1.62,21.79,17.88,26.38,nasa,0.74
1993-03-17,5.08,22.04,17.23,26.81,nasa,0.74
1993-03-18,1.27,21.43,17.6,26.63,nasa,0.74
1993-03-19,2.79,22.14,17.57,27.32,nasa,0.73
1993-03-20,9.42,21.4,17.89,26.03,nasa,0.73
1993-03-21,7.17,20.09,18.15,22.72,nasa,0.75
1993-03-22,2.22,20.51,16.49,25.35,nasa,0.75
1993-03-23,0.57,20.78,16.49,25.77,nasa,0.74
1993-03-24,0.07,21.28,16.82,26.42,nasa,0.73
1993-03-25,0.33,20.31,16.96,24.88,nasa,0.73
1993-03-26,0.09,21.58,16.65,27.19,nasa,0.72
1993-03-27,1.61,21.36,17.77,26.16,nasa,0.72
1993-03-28,0.45,21.85,17.61,27.17,nasa,0.71
1993-03-29,0.16,21.55,18.93,25.31,nasa,0.71
1993-03-30,1.12,21.35,18.3,24.86,nasa,0.71
1993-03-31,11.66,21.03,17.34,24.73,nasa,0.72
1993-04-01,3.63,21.16,18.43,24.65,nasa,0.73
1993-04-02,26.07,20.11,18.39,22.11,nasa,0.75
1993-04-03,4.86,19.82,18.23,22.24,nasa,0.77
1993-04-04,5.45,21.13,18.68,25.12,nasa,0.77
1993-04-05,2.81,21.44,18.64,25.73,nasa,0.76
1993-04-06,0.86,22.15,19.31,26.56,nasa,0.76
1993-04-07,2.14,22.74,18.41,27.8,nasa,0.75
1993-04-08,4.73,22.25,18.77,26.41,nasa,0.75
1993-04-09,4.82,21.67,19.23,25.22,nasa,0.75
1993-04-10,2.91,18.47,15.46,21.75,nasa,0.75
1993-04-11,2.92,16.87,14.56,19.45,nasa,0.75
1993-04-12,0.91,19.57,16.81,23.92,nasa,0.75
1993-04-13,0.37,20.69,16.83,25.84,nasa,0.74
1993-04-14,2.02,21.13,17.5,25.87,nasa,0.74
1993-04-15,3.46,21.22,17.64,25.71,nasa,0.74
1993-04-16,1.81,21.06,17.08,26.4,nasa,0.74
1993-04-17,5.05,20.39,17.16,25.09,nasa,0.74
1993-04-18,1.57,20.47,17.18,25.58,nasa,0.74
1993-04-19,0.83,19.52,16.08,24.84,nasa,0.73
1993-04-20,0.48,20.08,15.56,25.88,nasa,0.72
1993-04-21,0.36,20.55,16.03,26.3,nasa,0.72
1993-04-22,6.59,19.62,15.5,25.12,nasa,0.72
1993-04-23,2.32,19.63,15.3,24.95,nasa,0.72
1993-04-24,3.21,20.36,17.14,24.91,nasa,0.72
1993-04-25,2.2,20.51,16.3,25.69,nasa,0.72
1993-04-26,5.24,20.71,17.53,25.49,nasa,0.72
1993-04-27,1.19,20.01,17.01,24.78,nasa,0.72
1993-04-28,3.51,19.19,15.8,23.87,nasa,0.72
1993-04-29,4.97,19.07,15.32,23.59,nasa,0.72
1993-04-30,5.96,19.47,17.01,23.95,nasa,0.73
1993-05-01,5.52,19.45,16.19,24.35,nasa,0.73
1993-05-02,0.77,19.3,15.1,24.54,nasa,0.73
1993-05-03,0.49,19.57,16.05,24.11,nasa,0.73
1993-05-04,0.65,19.05,16.53,22.38,nasa,0.72
1993-05-05,0.56,20.02,17.25,24.44,nasa,0.72
1993-05-06,0.38,19.86,15.61,25.08,nasa,0.72
1993-05-07,0.52,18.5,14.74,23.23,nasa,0.71
1993-05-08,0.17,17.39,12.92,23.07,nasa,0.71
1993-05-09,0.13,16.98,13.19,22.6,nasa,0.71
1993-05-10,0.18,17.16,12.98,23.28,nasa,0.7
1993-05-11,0.08,16.96,11.73,23.49,nasa,0.7
1993-05-12,0.05,18.06,13.52,24.32,nasa,0.7
1993-05-13,0.23,18.51,13.45,24.87,nasa,0.69
1993-05-14,0.35,20.23,15.52,26.7,nasa,0.69
1993-05-15,5.23,17.84,14.76,21.22,nasa,0.69
1993-05-16,4.68,16.25,14.52,19.1,nasa,0.7
1993-05-17,2.35,16.11,14.74,18.09,nasa,0.71
1993-05-18,1.79,16.23,14.22,20.14,nasa,0.71
1993-05-19,1.63,16.11,13.08,20.8,nasa,0.71
1993-05-20,0.94,14.99,11.73,19.86,nasa,0.7
1993-05-21,1.26,14.63,11.68,19.63,nasa,0.7
1993-05-22,2.63,14.38,11.13,19.37,nasa,0.7
1993-05-23,2.45,14.51,11.41,19.58,nasa,0.7
1993-05-24,2.65,14.87,11.48,19.86,nasa,0.7
1993-05-25,0.72,16.58,12.7,21.76,nasa,0.7
1993-05-26,0.3,17.14,12.08,22.85,nasa,0.7
1993-05-27,0.1,18.55,13.08,24.55,nasa,0.7
1993-05-28,0.13,16.23,12.6,20.92,nasa,0.69
1993-05-29,0.13,14.96,11.66,19.28,nasa,0.69
1993-05-30,0.2,16.89,12.45,23.19,nasa,0.69
1993-05-31,1.89,18.46,14.18,24.35,nasa,0.69
1993-06-01,1.12,18.79,15.33,24.27,nasa,0.69
1993-06-02,4.38,15.72,13.3,20.35,nasa,0.69
1993-06-03,1.32,15.86,12.69,20.93,nasa,0.69
1993-06-04,0.92,16.99,12.72,22.76,nasa,0.69
1993-06-05,0.51,18.16,14.37,23.46,nasa,0.69
1993-06-06,0.12,17.81,13.91,23.23,nasa,0.69
1993-06-07,0.01,17.97,13.58,23.73,nasa,0.68
1993-06-08,0.02,17.63,13.86,23.81,nasa,0.68
1993-06-09,0.18,17.74,13.63,24.07,nasa,0.68
1993-06-10,3.55,18.22,14.36,24.45,nasa,0.68
1993-06-11,3.82,14.66,13.63,16.51,nasa,0.68
1993-06-12,4.75,14.82,12.68,17.76,nasa,0.69
1993-06-13,1.72,13.87,10.76,18.04,nasa,0.69
1993-06-14,1.98,13.04,9.93,16.85,nasa,0.69
1993-06-15,0.62,13.55,9.95,18.76,nasa,0.69
1993-06-16,0.22,14.31,10.22,19.98,nasa,0.69
1993-06-17,0.2,15.05,9.57,20.69,nasa,0.69
1993-06-18,0.24,15.93,12.54,21.62,nasa,0.68
1993-06-19,1.37,14.4,11.23,17.27,nasa,0.68
1993-06-20,0.04,13.96,10.02,20.21,nasa,0.68
1993-06-21,0.29,14.8,10.28,21.41,nasa,0.68
1993-06-22,0.11,14.84,9.74,21.61,nasa,0.68
1993-06-23,0.08,15.61,8.5,22.91,nasa,0.67
1993-06-24,0.0,15.33,8.54,22.86,nasa,0.67
1993-06-25,0.0,15.7,10.03,23.25,nasa,0.67
1993-06-26,0.0,16.53,11.87,23.08,nasa,0.67
1993-06-27,0.06,16.33,11.74,22.98,nasa,0.66
1993-06-28,0.12,17.42,10.65,24.47,nasa,0.66
1993-06-29,0.03,17.6,12.16,25.27,nasa,0.66
1993-06-30,0.0,17.3,11.6,25.55,nasa,0.66
1993-07-01,0.0,18.02,13.66,24.78,nasa,0.65
1993-07-02,0.11,18.97,13.53,26.42,nasa,0.65
1993-07-03,0.01,20.52,14.92,28.57,nasa,0.65
1993-07-04,0.15,20.4,14.93,28.3,nasa,0.65
1993-07-05,0.14,18.94,13.46,26.89,nasa,0.65
1993-07-06,0.03,18.32,12.46,26.46,nasa,0.65
1993-07-07,0.17,18.83,12.53,26.65,nasa,0.64
1993-07-08,0.1,16.15,12.51,21.78,nasa,0.64
1993-07-09,0.1,17.75,13.4,24.4,nasa,0.64
1993-07-10,0.0,17.82,13.54,24.18,nasa,0.64
1993-07-11,0.09,17.76,13.49,24.49,nasa,0.64
1993-07-12,0.04,18.52,12.42,26.07,nasa,0.64
1993-07-13,0.03,17.99,13.02,25.21,nasa,0.64
1993-07-14,0.14,18.18,14.54,24.09,nasa,0.64
1993-07-15,0.12,18.04,14.37,23.82,nasa,0.64
1993-07-16,0.23,16.14,13.55,20.32,nasa,0.64
1993-07-17,0.07,16.15,12.05,22.37,nasa,0.64
1993-07-18,0.03,16.0,10.85,23.75,nasa,0.64
1993-07-19,0.13,15.94,11.09,20.74,nasa,0.64
1993-07-20,0.01,17.51,12.98,24.16,nasa,0.64
1993-07-21,0.0,17.4,11.79,25.65,nasa,0.64
1993-07-22,0.0,17.62,10.72,25.74,nasa,0.63
1993-07-23,0.0,17.4,11.19,26.09,nasa,0.63
1993-07-24,0.0,18.28,11.28,26.73,nasa,0.63
1993-07-25,0.11,16.93,11.35,24.05,nasa,0.63
1993-07-26,0.32,15.6,12.23,21.59,nasa,0.63
1993-07-27,0.6,15.64,12.85,21.34,nasa,0.63
1993-07-28,0.16,17.02,13.32,23.62,nasa,0.63
1993-07-29,0.08,17.82,12.78,25.06,nasa,0.63
1993-07-30,0.02,17.95,12.52,25.31,nasa,0.63
1993-07-31,0.0,18.05,12.35,25.82,nasa,0.63
1993-08-01,0.11,18.22,13.03,25.42,nasa,0.63
1993-08-02,0.08,18.77,15.04,24.68,nasa,0.63
1993-08-03,0.0,18.03,13.54,24.83,nasa,0.62
1993-08-04,0.12,17.07,11.33,24.87,nasa,0.62
1993-08-05,0.71,16.89,12.21,23.37,nasa,0.62
1993-08-06,0.41,17.58,12.62,24.83,nasa,0.62
1993-08-07,0.42,18.03,13.18,25.83,nasa,0.62
1993-08-08,0.13,18.31,12.56,27.49,nasa,0.62
1993-08-09,0.05,19.31,11.13,28.79,nasa,0.62
1993-08-10,0.57,19.52,12.3,28.27,nasa,0.62
1993-08-11,0.73,16.61,12.94,23.0,nasa,0.62
1993-08-12,0.29,14.7,11.49,20.29,nasa,0.62
1993-08-13,0.02,15.1,11.02,21.64,nasa,0.62
1993-08-14,0.01,15.89,11.93,22.03,nasa,0.62
1993-08-15,0.12,14.87,11.94,20.35,nasa,0.62
1993-08-16,0.92,15.25,10.98,20.76,nasa,0.62
1993-08-17,0.98,15.95,11.83,22.2,nasa,0.62
1993-08-18,0.32,17.5,11.7,24.56,nasa,0.62
1993-08-19,5.72,16.0,12.53,21.64,nasa,0.62
1993-08-20,2.66,15.81,12.06,21.88,nasa,0.63
1993-08-21,2.18,14.22,12.1,18.63,nasa,0.63
1993-08-22,0.88,14.33,10.84,20.23,nasa,0.63
1993-08-23,0.56,14.59,10.82,20.41,nasa,0.63
1993-08-24,0.15,14.95,9.51,21.32,nasa,0.63
1993-08-25,0.15,17.92,13.21,25.01,nasa,0.63
1993-08-26,0.07,20.07,14.57,27.63,nasa,0.63
1993-08-27,0.54,21.32,14.92,28.62,nasa,0.62
1993-08-28,0.25,20.4,13.68,28.41,nasa,0.62
1993-08-29,0.01,20.05,12.26,29.71,nasa,0.62
1993-08-30,0.0,20.51,13.44,30.1,nasa,0.62
1993-08-31,0.0,21.23,13.43,31.6,nasa,0.61
1993-09-01,0.03,21.53,13.62,32.46,nasa,0.61
1993-09-02,0.0,20.12,12.99,29.94,nasa,0.61
1993-09-03,0.06,20.0,12.34,30.05,nasa,0.61
1993-09-04,0.4,18.4,15.03,24.12,nasa,0.61
1993-09-05,0.11,19.98,14.57,27.63,nasa,0.61
1993-09-06,0.07,22.8,14.43,32.16,nasa,0.6
1993-09-07,0.0,23.81,15.74,33.18,nasa,0.6
1993-09-08,0.1,23.56,17.29,32.78,nasa,0.6
1993-09-09,0.0,21.69,15.84,31.01,nasa,0.6
1993-09-10,0.45,21.38,14.69,30.71,nasa,0.6
1993-09-11,7.22,18.72,14.97,24.37,nasa,0.6
1993-09-12,0.86,15.74,12.14,20.97,nasa,0.61
1993-09-13,0.17,15.17,10.48,22.05,nasa,0.61
1993-09-14,0.02,15.27,9.52,23.37,nasa,0.61
1993-09-15,0.28,17.24,9.07,26.64,nasa,0.61
1993-09-16,2.2,20.19,13.2,29.19,nasa,0.61
1993-09-17,3.88,20.76,15.96,28.49,nasa,0.62
1993-09-18,0.16,19.74,13.5,28.8,nasa,0.61
1993-09-19,0.44,21.74,13.31,31.11,nasa,0.61
1993-09-20,0.79,24.57,16.23,33.74,nasa,0.61
1993-09-21,5.11,24.43,18.91,32.02,nasa,0.61
1993-09-22,10.66,22.17,18.36,28.67,nasa,0.63
1993-09-23,5.46,21.01,17.6,27.24,nasa,0.64
1993-09-24,2.23,22.94,17.39,29.37,nasa,0.64
1993-09-25,3.96,20.31,15.22,26.87,nasa,0.64
1993-09-26,1.88,15.8,12.92,20.04,nasa,0.64
1993-09-27,0.37,18.72,12.84,25.9,nasa,0.64
1993-09-28,0.42,19.22,15.84,24.43,nasa,0.63
1993-09-29,1.16,19.23,14.66,26.35,nasa,0.63
1993-09-30,0.23,21.9,16.38,29.14,nasa,0.63
1993-10-01,0.08,22.76,16.27,30.74,nasa,0.63
1993-10-02,1.81,22.83,16.74,30.67,nasa,0.62
1993-10-03,2.42,23.31,17.61,30.49,nasa,0.62
1993-10-04,1.34,23.9,17.76,32.05,nasa,0.62
1993-10-05,2.47,22.8,18.08,28.91,nasa,0.62
1993-10-06,2.35,19.19,13.54,23.57,nasa,0.63
1993-10-07,1.3,16.15,12.12,23.04,nasa,0.63
1993-10-08,0.21,15.7,9.14,24.3,nasa,0.62
1993-10-09,0.05,16.94,8.25,26.87,nasa,0.62
1993-10-10,0.16,19.33,12.16,28.51,nasa,0.62
1993-10-11,0.03,19.95,11.46,29.71,nasa,0.61
1993-10-12,0.0,21.84,14.68,30.55,nasa,0.61
1993-10-13,0.01,22.68,16.37,30.83,nasa,0.61
1993-10-14,0.1,22.31,16.63,30.03,nasa,0.61
1993-10-15,0.26,22.26,15.68,30.75,nasa,0.6
1993-10-16,0.13,23.02,17.3,30.7,nasa,0.6
1993-10-17,0.07,22.67,15.89,31.48,nasa,0.6
1993-10-18,0.21,23.44,16.88,32.07,nasa,0.6
1993-10-19,0.31,22.9,16.6,31.79,nasa,0.6
1993-10-20,0.2,22.86,15.73,31.94,nasa,0.6
1993-10-21,0.26,23.82,16.05,32.07,nasa,0.6
1993-10-22,0.66,24.38,18.54,31.65,nasa,0.6
1993-10-23,2.19,25.32,17.66,34.2,nasa,0.6
1993-10-24,22.75,22.98,17.61,29.43,nasa,0.62
1993-10-25,2.89,20.68,16.48,25.55,nasa,0.64
1993-10-26,16.02,20.88,19.19,23.82,nasa,0.65
1993-10-27,6.61,17.96,14.54,21.25,nasa,0.67
1993-10-28,1.89,17.24,13.64,22.64,nasa,0.67
1993-10-29,1.44,18.45,14.32,25.46,nasa,0.66
1993-10-30,0.39,19.86,13.37,28.28,nasa,0.65
1993-10-31,0.24,21.21,14.44,29.68,nasa,0.64
1993-11-01,0.16,23.33,15.29,32.07,nasa,0.64
1993-11-02,3.65,23.71,17.52,33.49,nasa,0.63
1993-11-03,9.14,19.2,16.12,22.69,nasa,0.64
1993-11-04,2.27,20.38,16.87,25.44,nasa,0.65
1993-11-05,0.72,22.51,17.08,29.05,nasa,0.65
1993-11-06,2.05,23.1,17.7,30.26,nasa,0.64
1993-11-07,5.19,23.52,17.62,29.68,nasa,0.64
1993-11-08,4.14,20.47,15.84,25.92,nasa,0.65
1993-11-09,0.04,19.68,15.35,26.44,nasa,0.65
1993-11-10,1.54,20.4,15.63,27.71,nasa,0.64
1993-11-11,0.74,20.86,16.54,27.89,nasa,0.64
1993-11-12,0.24,21.51,15.51,29.54,nasa,0.63
1993-11-13,0.48,21.53,16.32,28.92,nasa,0.63
1993-11-14,0.04,22.78,15.49,31.67,nasa,0.62
1993-11-15,0.01,23.63,16.11,33.05,nasa,0.62
1993-11-16,0.0,23.18,15.73,32.6,nasa,0.62
1993-11-17,0.23,25.34,18.33,34.0,nasa,0.61
1993-11-18,0.94,25.54,18.52,33.96,nasa,0.61
1993-11-19,12.08,23.78,18.21,31.25,nasa,0.61
1993-11-20,14.72,21.51,16.08,28.16,nasa,0.65
1993-11-21,0.52,20.39,15.07,28.87,nasa,0.65
1993-11-22,1.04,22.44,15.71,30.04,nasa,0.64
1993-11-23,0.42,23.74,17.34,31.24,nasa,0.64
1993-11-24,1.03,22.96,18.08,28.97,nasa,0.63
1993-11-25,0.96,24.67,17.94,32.41,nasa,0.63
1993-11-26,5.03,23.64,18.78,30.61,nasa,0.63
1993-11-27,8.23,21.89,18.49,26.82,nasa,0.64
1993-11-28,0.57,25.09,19.45,31.41,nasa,0.64
1993-11-29,0.05,25.75,18.31,34.53,nasa,0.64
1993-11-30,0.54,24.81,16.68,33.55,nasa,0.63
1993-12-01,7.2,25.5,19.93,32.07,nasa,0.63
1993-12-02,3.9,23.69,19.74,29.67,nasa,0.64
1993-12-03,3.49,22.44,18.71,27.98,nasa,0.64
1993-12-04,1.02,22.01,17.06,27.9,nasa,0.64
1993-12-05,2.14,22.65,17.25,29.58,nasa,0.64
1993-12-06,0.92,23.2,17.46,30.61,nasa,0.63
1993-12-07,1.19,23.54,17.29,31.56,nasa,0.63
1993-12-08,0.94,24.46,18.2,31.54,nasa,0.63
1993-12-09,12.94,22.96,18.51,28.84,nasa,0.63
1993-12-10,23.5,22.65,19.32,27.39,nasa,0.66
1993-12-11,28.13,21.26,18.34,25.54,nasa,0.71
1993-12-12,11.52,20.53,18.01,24.69,nasa,0.72
1993-12-13,6.62,22.11,17.41,28.06,nasa,0.72
1993-12-14,2.75,21.79,17.88,26.74,nasa,0.71
1993-12-15,1.13,22.36,17.98,27.77,nasa,0.69
1993-12-16,5.46,23.1,17.93,28.96,nasa,0.68
1993-12-17,30.9,23.71,19.44,29.02,nasa,0.7
1993-12-18,8.62,20.34,17.58,25.26,nasa,0.73
1993-12-19,4.89,21.64,17.77,25.77,nasa,0.72
1993-12-20,33.39,22.01,19.9,25.38,nasa,0.74
1993-12-21,16.38,19.95,15.69,23.8,nasa,0.77
1993-12-22,7.12,16.79,15.07,20.42,nasa,0.77
1993-12-23,4.62,17.21,14.9,20.52,nasa,0.76
1993-12-24,6.99,18.69,15.93,22.2,nasa,0.75
1993-12-25,4.13,20.68,17.48,25.14,nasa,0.75
1993-12-26,2.65,21.11,17.62,25.26,nasa,0.74
1993-12-27,2.36,21.04,17.93,25.68,nasa,0.73
1993-12-28,5.52,22.23,17.96,27.43,nasa,0.73
1993-12-29,12.42,22.67,18.78,27.08,nasa,0.73
1993-12-30,19.81,23.06,19.7,27.41,nasa,0.75
1993-12-31,21.52,19.57,17.72,21.99,nasa,0.78
1994-01-01,10.07,20.46,17.58,24.51,nasa,0.79
1994-01-02,14.85,20.44,18.55,23.34,nasa,0.79
1994-01-03,40.02,20.78,18.39,24.89,nasa,0.8
1994-01-04,29.45,19.39,17.0,23.1,nasa,0.84
1994-01-05,20.01,18.32,16.66,21.07,nasa,0.86
1994-01-06,3.08,19.68,16.02,25.28,nasa,0.84
1994-01-07,2.87,20.7,14.3,26.99,nasa,0.82
1994-01-08,6.97,21.24,17.42,25.53,nasa,0.81
1994-01-09,8.04,22.17,19.18,26.0,nasa,0.81
1994-01-10,13.12,22.05,19.47,25.95,nasa,0.82
1994-01-11,41.33,20.54,16.1,24.47,nasa,0.86
1994-01-12,22.5,19.91,15.81,24.74,nasa,0.88
1994-01-13,7.49,20.64,18.1,25.33,nasa,0.88
1994-01-14,7.92,20.93,17.71,24.91,nasa,0.86
1994-01-15,9.14,20.34,16.67,24.51,nasa,0.86
1994-01-16,4.22,20.08,16.48,24.99,nasa,0.86
1994-01-17,6.09,21.2,16.96,25.14,nasa,0.86
1994-01-18,4.52,22.32,19.19,26.67,nasa,0.85
1994-01-19,3.58,22.59,18.62,27.47,nasa,0.85
1994-01-20,13.74,22.13,18.86,26.64,nasa,0.85
1994-01-21,9.5,21.09,18.15,25.03,nasa,0.86
1994-01-22,9.39,21.65,17.3,26.66,nasa,0.87
1994-01-23,17.54,20.98,19.24,23.47,nasa,0.88
1994-01-24,8.52,22.04,18.57,27.15,nasa,0.88
1994-01-25,0.79,22.98,19.43,27.18,nasa,0.88
1994-01-26,0.29,23.3,19.22,28.4,nasa,0.87
1994-01-27,2.19,23.47,18.97,28.78,nasa,0.86
1994-01-28,0.53,23.15,18.69,28.13,nasa,0.85
1994-01-29,0.23,21.72,17.85,26.73,nasa,0.84
1994-01-30,1.44,21.45,17.0,26.94,nasa,0.84
1994-01-31,0.14,22.0,17.4,27.44,nasa,0.83
1994-02-01,0.0,21.53,17.33,27.57,nasa,0.83
1994-02-02,0.07,21.92,16.51,27.74,nasa,0.82
1994-02-03,0.08,21.87,16.76,27.81,nasa,0.81
1994-02-04,0.01,21.99,17.73,27.49,nasa,0.8
1994-02-05,0.08,22.17,17.67,27.51,nasa,0.8
1994-02-06,0.95,21.45,16.56,27.37,nasa,0.79
1994-02-07,3.82,20.86,14.52,26.89,nasa,0.79
1994-02-08,3.38,21.71,17.89,26.38,nasa,0.79
1994-02-09,1.0,22.24,18.26,27.19,nasa,0.79
1994-02-10,0.66,22.37,18.4,27.48,nasa,0.79
1994-02-11,1.04,22.71,17.64,28.5,nasa,0.78
1994-02-12,0.34,22.52,18.28,27.96,nasa,0.78
1994-02-13,0.31,22.77,17.61,28.19,nasa,0.77
1994-02-14,0.33,22.59,17.69,27.71,nasa,0.76
1994-02-15,0.39,22.67,18.51,28.13,nasa,0.76
1994-02-16,0.03,22.62,18.11,28.48,nasa,0.75
1994-02-17,0.04,22.42,17.25,28.43,nasa,0.74
1994-02-18,0.01,22.24,16.66,28.04,nasa,0.74
1994-02-19,0.07,21.86,16.45,27.79,nasa,0.73
1994-02-20,1.56,21.39,16.57,27.4,nasa,0.73
1994-02-21,6.29,21.41,17.03,26.81,nasa,0.73
1994-02-22,2.74,21.17,16.98,26.54,nasa,0.73
1994-02-23,0.69,21.38,17.36,26.64,nasa,0.73
1994-02-24,2.55,21.37,17.76,26.12,nasa,0.73
1994-02-25,0.24,22.03,18.44,26.38,nasa,0.73
1994-02-26,3.84,22.71,18.48,27.75,nasa,0.72
1994-02-27,2.71,22.72,18.57,27.26,nasa,0.72
1994-02-28,2.04,23.16,18.5,28.02,nasa,0.72
1994-03-01,1.09,22.39,17.59,27.37,nasa,0.72
1994-03-02,13.66,22.55,18.08,27.21,nasa,0.72
1994-03-03,25.23,20.24,16.73,22.33,nasa,0.76
1994-03-04,5.19,19.07,15.69,24.04,nasa,0.77
1994-03-05,12.1,17.28,15.39,18.82,nasa,0.78
1994-03-06,18.4,18.19,15.43,21.41,nasa,0.8
1994-03-07,38.19,18.59,17.05,21.29,nasa,0.83
1994-03-08,24.06,20.33,17.32,24.99,nasa,0.84
1994-03-09,17.95,20.44,18.49,24.33,nasa,0.86
1994-03-10,4.49,21.03,17.99,26.08,nasa,0.84
1994-03-11,2.92,21.27,17.49,25.99,nasa,0.83
1994-03-12,11.28,20.14,18.56,22.69,nasa,0.82
1994-03-13,13.29,19.38,15.98,22.66,nasa,0.84
1994-03-14,14.38,19.12,15.01,22.89,nasa,0.84
1994-03-15,20.2,20.01,17.96,23.42,nasa,0.87
1994-03-16,9.24,21.34,17.2,26.3,nasa,0.86
1994-03-17,9.54,22.0,18.68,26.78,nasa,0.86
1994-03-18,3.33,22.32,18.09,27.27,nasa,0.86
1994-03-19,5.97,22.23,19.41,25.77,nasa,0.85
1994-03-20,9.13,22.02,19.98,25.28,nasa,0.85
1994-03-21,2.15,22.48,19.58,26.45,nasa,0.85
1994-03-22,7.65,22.1,20.03,24.97,nasa,0.85
1994-03-23,6.21,22.86,19.11,27.32,nasa,0.86
1994-03-24,12.64,21.97,20.11,24.89,nasa,0.86
1994-03-25,2.56,21.3,17.84,26.19,nasa,0.86
1994-03-26,2.23,21.43,17.06,26.44,nasa,0.85
1994-03-27,10.24,20.68,17.81,24.97,nasa,0.85
1994-03-28,2.8,19.82,17.25,23.86,nasa,0.86
1994-03-29,1.88,20.87,17.26,25.57,nasa,0.86
1994-03-30,0.88,20.18,16.61,25.27,nasa,0.85
1994-03-31,1.32,21.05,16.99,26.09,nasa,0.85
1994-04-01,12.79,20.79,18.16,24.22,nasa,0.85
1994-04-02,7.45,19.69,16.45,23.39,nasa,0.87
1994-04-03,0.96,17.73,14.19,22.35,nasa,0.86
1994-04-04,0.19,16.64,12.27,22.57,nasa,0.85
1994-04-05,0.11,16.77,10.5,23.87,nasa,0.85
1994-04-06,0.35,17.27,11.66,23.95,nasa,0.84
1994-04-07,5.24,19.29,12.95,25.37,nasa,0.84
1994-04-08,5.5,18.62,14.4,22.88,nasa,0.85
1994-04-09,2.56,16.51,14.16,20.66,nasa,0.85
1994-04-10,1.26,17.98,14.87,23.08,nasa,0.84
1994-04-11,7.22,20.06,15.88,25.46,nasa,0.84
1994-04-12,0.95,20.31,16.84,25.48,nasa,0.84
1994-04-13,1.17,19.58,16.11,24.71,nasa,0.84
1994-04-14,3.49,18.34,16.04,22.07,nasa,0.84
1994-04-15,9.85,17.9,15.35,21.22,nasa,0.84
1994-04-16,4.26,18.99,15.47,23.84,nasa,0.85
1994-04-17,0.88,19.13,15.4,24.31,nasa,0.85
1994-04-18,7.64,20.21,15.7,25.48,nasa,0.84
1994-04-19,21.96,20.99,17.35,25.19,nasa,0.86
1994-04-20,7.77,20.3,18.12,23.69,nasa,0.87
1994-04-21,1.26,19.89,16.76,24.21,nasa,0.86
1994-04-22,1.56,20.61,16.17,25.18,nasa,0.85
1994-04-23,5.33,20.43,17.66,25.17,nasa,0.85
1994-04-24,8.24,19.76,17.14,24.35,nasa,0.86
1994-04-25,9.02,19.69,16.58,24.58,nasa,0.87
1994-04-26,1.26,19.96,16.33,24.66,nasa,0.86
1994-04-27,1.18,20.16,16.57,24.89,nasa,0.85
1994-04-28,0.65,19.55,16.09,24.77,nasa,0.85
1994-04-29,6.26,18.79,15.45,23.59,nasa,0.85
1994-04-30,1.48,17.67,15.05,21.85,nasa,0.85
1994-05-01,7.44,18.12,15.16,22.31,nasa,0.85
1994-05-02,2.16,17.32,14.51,21.63,nasa,0.86
1994-05-03,0.12,17.63,13.61,22.88,nasa,0.85
1994-05-04,0.29,18.86,14.41,24.55,nasa,0.84
1994-05-05,0.71,20.12,15.62,25.34,nasa,0.84
1994-05-06,1.86,19.43,16.1,24.36,nasa,0.84
1994-05-07,2.84,18.78,15.27,23.48,nasa,0.84
1994-05-08,0.6,18.2,14.74,23.6,nasa,0.84
1994-05-09,0.26,18.57,14.22,24.18,nasa,0.83
1994-05-10,0.29,18.73,13.15,24.72,nasa,0.83
1994-05-11,0.17,18.86,15.02,23.92,nasa,0.82
1994-05-12,0.14,18.31,14.43,24.07,nasa,0.82
1994-05-13,0.79,18.6,14.51,23.63,nasa,0.82
1994-05-14,23.62,18.86,16.06,23.13,nasa,0.83
1994-05-15,5.06,18.54,16.28,22.99,nasa,0.85
1994-05-16,1.54,18.64,15.94,23.21,nasa,0.85
1994-05-17,2.42,19.45,16.78,24.04,nasa,0.84
1994-05-18,1.1,19.55,16.34,23.93,nasa,0.84
1994-05-19,0.46,18.82,15.58,23.61,nasa,0.83
1994-05-20,3.72,19.42,15.15,24.4,nasa,0.83
1994-05-21,1.66,18.95,15.46,23.61,nasa,0.83
1994-05-22,4.39,18.67,15.56,23.05,nasa,0.83
1994-05-23,1.62,18.64,15.2,23.26,nasa,0.83
1994-05-24,1.51,19.75,15.91,24.21,nasa,0.83
1994-05-25,0.08,19.92,15.08,24.8,nasa,0.83
1994-05-26,0.57,19.72,14.82,25.03,nasa,0.82
1994-05-27,4.1,19.46,15.63,24.22,nasa,0.82
1994-05-28,2.75,19.26,15.61,23.8,nasa,0.82
1994-05-29,2.46,19.22,15.7,24.21,nasa,0.82
1994-05-30,0.98,16.73,14.13,21.09,nasa,0.82
1994-05-31,0.14,15.94,13.29,20.64,nasa,0.82
1994-06-01,0.05,17.38,12.05,22.7,nasa,0.82
1994-06-02,0.52,18.29,14.11,23.9,nasa,0.81
1994-06-03,0.41,18.28,14.52,23.65,nasa,0.81
1994-06-04,3.76,17.27,13.92,22.19,nasa,0.81
1994-06-05,3.04,17.55,13.99,22.36,nasa,0.81
1994-06-06,0.19,17.48,13.59,22.71,nasa,0.81
1994-06-07,0.53,17.85,14.1,22.81,nasa,0.81
1994-06-08,0.67,17.43,14.98,21.64,nasa,0.8
1994-06-09,2.12,15.68,13.08,19.07,nasa,0.81
1994-06-10,0.49,14.71,12.29,18.8,nasa,0.81
1994-06-11,0.37,13.96,11.28,18.42,nasa,0.8
1994-06-12,0.3,14.58,9.97,20.12,nasa,0.8
1994-06-13,0.87,16.69,12.45,21.74,nasa,0.8
1994-06-14,0.75,17.12,13.65,22.27,nasa,0.8
1994-06-15,1.57,17.39,13.65,22.77,nasa,0.79
1994-06-16,0.36,17.12,13.17,22.77,nasa,0.79
1994-06-17,0.32,17.14,13.61,22.58,nasa,0.79
1994-06-18,0.25,16.23,11.65,22.1,nasa,0.79
1994-06-19,0.2,16.33,10.98,22.08,nasa,0.79
1994-06-20,0.25,16.94,13.34,22.45,nasa,0.78
1994-06-21,0.33,17.42,14.13,22.93,nasa,0.78
1994-06-22,1.71,18.02,13.64,23.12,nasa,0.78
1994-06-23,9.13,18.25,15.05,22.27,nasa,0.8
1994-06-24,0.38,18.68,15.4,23.73,nasa,0.79
1994-06-25,3.56,18.86,16.04,22.88,nasa,0.79
1994-06-26,0.73,11.87,6.0,16.69,nasa,0.79
1994-06-27,0.01,11.74,5.36,19.38,nasa,0.79
1994-06-28,0.18,12.35,8.08,18.94,nasa,0.78
1994-06-29,0.0,12.44,8.46,18.53,nasa,0.78
1994-06-30,0.34,13.73,8.64,20.11,nasa,0.78
1994-07-01,0.33,15.29,10.94,21.78,nasa,0.78
1994-07-02,0.17,16.31,11.74,22.01,nasa,0.77
1994-07-03,0.1,16.05,12.14,20.66,nasa,0.77
1994-07-04,0.82,15.77,12.49,19.24,nasa,0.77
1994-07-05,0.97,16.21,13.44,20.94,nasa,0.77
1994-07-06,0.33,16.36,12.04,21.38,nasa,0.77
1994-07-07,0.08,16.29,11.88,22.49,nasa,0.77
1994-07-08,0.28,17.84,13.82,23.53,nasa,0.76
1994-07-09,1.31,15.21,7.63,21.52,nasa,0.76
1994-07-10,0.05,10.08,5.6,15.11,nasa,0.76
1994-07-11,0.22,11.88,9.58,15.95,nasa,0.76
1994-07-12,2.14,12.98,10.24,16.88,nasa,0.76
1994-07-13,1.02,13.78,11.26,18.19,nasa,0.76
1994-07-14,0.18,14.27,10.42,20.05,nasa,0.76
1994-07-15,0.06,14.97,9.99,22.09,nasa,0.76
1994-07-16,0.4,15.16,10.9,21.94,nasa,0.75
1994-07-17,0.34,16.0,11.2,22.27,nasa,0.75
1994-07-18,0.16,16.61,12.38,22.37,nasa,0.75
1994-07-19,0.11,15.6,11.43,22.24,nasa,0.75
1994-07-20,0.3,16.78,11.17,23.01,nasa,0.74
1994-07-21,0.06,17.41,13.68,23.5,nasa,0.74
1994-07-22,0.53,17.82,14.5,23.71,nasa,0.74
1994-07-23,2.84,18.23,14.72,23.08,nasa,0.74
1994-07-24,3.56,16.14,13.18,19.91,nasa,0.74
1994-07-25,0.19,16.18,11.82,22.89,nasa,0.74
1994-07-26,0.2,16.66,11.67,23.78,nasa,0.74
1994-07-27,0.21,16.81,11.62,23.04,nasa,0.73
1994-07-28,0.03,16.66,12.16,23.09,nasa,0.73
1994-07-29,0.08,17.21,11.92,24.15,nasa,0.73
1994-07-30,0.0,16.05,10.66,23.63,nasa,0.72
1994-07-31,0.0,15.04,9.66,22.61,nasa,0.72
1994-08-01,0.0,15.98,10.52,22.8,nasa,0.72
1994-08-02,0.01,16.45,11.29,23.01,nasa,0.72
1994-08-03,0.14,18.2,13.92,24.57,nasa,0.71
1994-08-04,0.89,13.38,7.82,16.58,nasa,0.71
1994-08-05,0.13,11.89,7.26,18.48,nasa,0.71
1994-08-06,0.05,11.58,5.43,19.06,nasa,0.71
1994-08-07,0.05,12.48,7.66,19.31,nasa,0.71
1994-08-08,0.06,13.4,7.93,20.78,nasa,0.71
1994-08-09,0.07,15.25,8.97,23.25,nasa,0.71
1994-08-10,0.07,16.04,9.39,24.85,nasa,0.7
1994-08-11,0.13,15.27,9.69,22.24,nasa,0.7
1994-08-12,0.07,15.0,11.05,21.33,nasa,0.7
1994-08-13,0.1,15.24,11.33,20.87,nasa,0.7
1994-08-14,0.03,15.53,10.87,22.44,nasa,0.7
1994-08-15,0.0,15.48,10.06,23.1,nasa,0.69
1994-08-16,0.0,16.43,9.57,23.92,nasa,0.69
1994-08-17,0.63,16.23,10.33,22.36,nasa,0.69
1994-08-18,0.37,16.04,12.43,22.17,nasa,0.69
1994-08-19,0.14,16.33,11.72,23.2,nasa,0.69
1994-08-20,0.04,16.48,10.92,24.22,nasa,0.68
1994-08-21,0.05,15.6,8.81,24.28,nasa,0.68
1994-08-22,0.0,16.58,10.72,24.51,nasa,0.68
1994-08-23,0.0,18.29,10.15,27.2,nasa,0.68
1994-08-24,0.19,18.4,13.63,25.53,nasa,0.67
1994-08-25,0.12,18.19,13.65,24.85,nasa,0.67
1994-08-26,0.02,20.47,13.63,27.79,nasa,0.67
1994-08-27,0.43,19.81,14.89,26.04,nasa,0.67
1994-08-28,0.18,16.68,13.21,22.93,nasa,0.67
1994-08-29,0.0,16.8,11.84,24.9,nasa,0.67
1994-08-30,0.0,18.02,12.19,26.74,nasa,0.66
1994-08-31,0.0,18.08,11.97,27.16,nasa,0.66
1994-09-01,0.0,17.86,12.02,26.35,nasa,0.66
1994-09-02,0.0,18.65,12.86,27.03,nasa,0.66
1994-09-03,0.0,18.76,13.33,26.84,nasa,0.65
1994-09-04,0.01,17.42,12.21,25.3,nasa,0.65
1994-09-05,1.28,18.1,12.71,25.48,nasa,0.65
1994-09-06,0.12,17.96,12.4,26.14,nasa,0.65
1994-09-07,0.0,19.13,13.08,27.56,nasa,0.65
1994-09-08,0.07,19.6,13.5,29.0,nasa,0.65
1994-09-09,1.11,17.13,13.24,23.76,nasa,0.64
1994-09-10,0.94,14.61,11.65,19.99,nasa,0.65
1994-09-11,0.11,14.25,9.62,21.23,nasa,0.65
1994-09-12,0.01,16.18,8.96,25.74,nasa,0.64
1994-09-13,0.0,17.99,10.63,27.56,nasa,0.64
1994-09-14,0.0,19.66,13.19,28.87,nasa,0.64
1994-09-15,0.04,20.35,14.49,29.01,nasa,0.64
1994-09-16,0.07,20.93,15.29,30.99,nasa,0.64
1994-09-17,1.41,18.45,15.33,25.16,nasa,0.64
1994-09-18,1.76,17.75,14.11,24.5,nasa,0.64
1994-09-19,0.2,17.56,12.71,24.85,nasa,0.64
1994-09-20,0.02,18.75,12.34,27.51,nasa,0.64
1994-09-21,0.05,20.23,14.11,28.98,nasa,0.63
1994-09-22,0.09,20.3,13.82,30.26,nasa,0.63
1994-09-23,0.07,19.65,12.01,29.95,nasa,0.63
1994-09-24,0.03,20.64,13.82,29.48,nasa,0.63
1994-09-25,0.0,20.71,15.0,28.95,nasa,0.62
1994-09-26,0.09,21.94,14.93,31.44,nasa,0.62
1994-09-27,1.06,19.47,14.53,28.05,nasa,0.62
1994-09-28,1.16,15.97,13.02,20.58,nasa,0.62
1994-09-29,0.25,16.05,9.73,24.01,nasa,0.62
1994-09-30,0.0,16.98,8.66,28.58,nasa,0.62
1994-10-01,0.0,18.99,10.64,30.15,nasa,0.62
1994-10-02,0.0,21.39,12.35,32.64,nasa,0.62
1994-10-03,0.11,22.92,13.87,33.69,nasa,0.62
1994-10-04,0.49,21.88,15.32,30.88,nasa,0.61
1994-10-05,1.18,20.86,16.35,27.89,nasa,0.61
1994-10-06,6.43,20.99,15.75,28.27,nasa,0.62
1994-10-07,4.21,19.54,16.36,24.8,nasa,0.63
1994-10-08,2.6,18.46,15.68,23.13,nasa,0.64
1994-10-09,0.54,20.47,14.8,27.83,nasa,0.64
1994-10-10,0.33,22.41,15.28,30.3,nasa,0.63
1994-10-11,2.66,21.75,15.84,30.2,nasa,0.63
1994-10-12,0.81,17.46,11.08,24.57,nasa,0.63
1994-10-13,0.13,18.08,9.87,29.03,nasa,0.63
1994-10-14,0.11,20.93,12.72,31.36,nasa,0.62
1994-10-15,0.51,20.27,15.32,27.73,nasa,0.62
1994-10-16,0.02,20.71,15.24,28.46,nasa,0.62
1994-10-17,0.11,21.2,16.08,28.96,nasa,0.62
1994-10-18,0.15,23.75,17.58,32.14,nasa,0.62
1994-10-19,0.0,24.34,18.19,32.27,nasa,0.61
1994-10-20,0.07,24.72,18.34,32.71,nasa,0.61
1994-10-21,0.9,24.24,17.88,32.3,nasa,0.61
1994-10-22,0.4,23.34,17.19,32.04,nasa,0.61
1994-10-23,0.01,22.33,15.35,31.37,nasa,0.61
1994-10-24,0.0,22.69,16.09,31.13,nasa,0.6
1994-10-25,0.51,24.11,16.59,32.97,nasa,0.6
1994-10-26,8.52,23.07,17.96,29.28,nasa,0.61
1994-10-27,12.86,23.23,18.67,28.77,nasa,0.64
1994-10-28,14.5,22.61,19.23,28.13,nasa,0.65
1994-10-29,13.97,20.18,15.99,24.58,nasa,0.67
1994-10-30,3.34,16.93,14.79,21.15,nasa,0.68
1994-10-31,1.16,19.28,14.7,25.89,nasa,0.67
1994-11-01,1.13,21.89,15.13,29.29,nasa,0.66
1994-11-02,12.0,23.31,17.2,31.88,nasa,0.66
1994-11-03,1.46,18.82,15.82,23.72,nasa,0.67
1994-11-04,0.25,22.19,15.73,29.99,nasa,0.66
1994-11-05,0.02,22.56,15.26,31.44,nasa,0.65
1994-11-06,0.02,23.27,16.06,32.23,nasa,0.65
1994-11-07,0.59,23.81,16.36,32.62,nasa,0.64
1994-11-08,0.46,23.96,17.13,31.37,nasa,0.63
1994-11-09,0.51,24.66,18.06,32.56,nasa,0.63
1994-11-10,1.29,24.84,17.14,33.39,nasa,0.63
1994-11-11,6.3,24.97,17.87,33.02,nasa,0.63
1994-11-12,5.11,23.47,18.23,30.39,nasa,0.64
1994-11-13,6.54,22.82,18.02,28.56,nasa,0.64
1994-11-14,4.05,21.6,17.93,26.97,nasa,0.65
1994-11-15,2.36,21.61,18.29,27.0,nasa,0.65
1994-11-16,0.59,22.99,17.97,29.5,nasa,0.65
1994-11-17,0.64,23.37,18.24,30.05,nasa,0.64
1994-11-18,5.37,22.58,18.26,27.46,nasa,0.64
1994-11-19,25.86,22.01,19.21,26.57,nasa,0.66
1994-11-20,12.72,17.71,13.7,20.87,nasa,0.7
1994-11-21,4.54,16.29,13.64,20.2,nasa,0.7
1994-11-22,4.02,16.4,14.0,20.5,nasa,0.69
1994-11-23,3.63,16.23,13.45,20.85,nasa,0.69
1994-11-24,2.48,15.82,13.04,20.44,nasa,0.69
1994-11-25,1.44,16.76,13.03,21.16,nasa,0.68
1994-11-26,2.2,19.05,13.67,24.31,nasa,0.68
1994-11-27,2.99,20.75,15.65,26.57,nasa,0.67
1994-11-28,25.12,20.86,17.95,25.34,nasa,0.69
1994-11-29,4.48,20.95,18.24,24.62,nasa,0.71
1994-11-30,7.33,20.67,18.01,24.41,nasa,0.71
1994-12-01,5.22,20.23,17.97,23.74,nasa,0.71
1994-12-02,2.6,19.71,16.94,23.66,nasa,0.7
1994-12-03,2.91,20.67,16.18,26.03,nasa,0.7
1994-12-04,0.89,21.56,16.77,27.65,nasa,0.69
1994-12-05,5.66,22.56,17.52,28.57,nasa,0.68
1994-12-06,7.56,22.82,18.78,27.71,nasa,0.69
1994-12-07,17.08,22.67,18.43,27.82,nasa,0.69
1994-12-08,15.38,21.09,18.93,24.07,nasa,0.73
1994-12-09,4.4,21.13,17.56,26.89,nasa,0.73
1994-12-10,2.11,21.34,16.4,27.67,nasa,0.71
1994-12-11,4.48,21.51,16.44,27.47,nasa,0.7
1994-12-12,2.78,21.5,16.48,27.8,nasa,0.7
1994-12-13,3.49,22.09,16.42,28.76,nasa,0.69
1994-12-14,4.53,22.1,17.87,27.5,nasa,0.69
1994-12-15,8.62,23.24,18.35,28.82,nasa,0.69
1994-12-16,11.96,22.03,19.27,25.78,nasa,0.71
1994-12-17,12.87,22.15,19.46,25.53,nasa,0.72
1994-12-18,6.58,23.18,19.71,27.82,nasa,0.72
1994-12-19,12.81,21.76,17.47,26.92,nasa,0.73
1994-12-20,2.12,20.6,15.88,27.39,nasa,0.72
1994-12-21,3.7,21.26,15.77,26.24,nasa,0.71
1994-12-22,9.64,21.74,19.81,25.08,nasa,0.71
1994-12-23,39.83,21.18,20.02,23.27,nasa,0.74
1994-12-24,19.02,21.24,18.94,25.25,nasa,0.79
1994-12-25,7.21,21.41,17.76,26.25,nasa,0.79
1994-12-26,3.89,21.93,17.89,27.73,nasa,0.77
1994-12-27,2.03,22.16,17.2,28.18,nasa,0.75
1994-12-28,0.47,21.94,17.54,27.37,nasa,0.74
1994-12-29,1.7,22.33,17.97,27.56,nasa,0.73
1994-12-30,0.58,22.48,18.05,28.12,nasa,0.72
1994-12-31,0.24,22.72,17.87,28.46,nasa,0.71
1995-01-01,0.08,23.09,18.49,28.47,nasa,0.7
1995-01-02,0.66,23.0,18.58,27.97,nasa,0.7
1995-01-03,0.52,23.28,18.56,28.44,nasa,0.69
1995-01-04,0.06,23.16,18.75,28.56,nasa,0.68
1995-01-05,0.03,22.93,18.28,28.27,nasa,0.68
1995-01-06,0.0,23.11,18.66,28.12,nasa,0.67
1995-01-07,0.21,24.35,18.81,30.62,nasa,0.67
1995-01-08,1.13,24.47,18.34,31.28,nasa,0.66
1995-01-09,0.73,24.05,17.93,31.29,nasa,0.66
1995-01-10,0.07,24.93,18.66,31.88,nasa,0.65
1995-01-11,2.7,25.09,19.1,31.36,nasa,0.65
1995-01-12,0.12,24.24,18.73,31.2,nasa,0.65
1995-01-13,1.14,23.16,17.3,30.69,nasa,0.65
1995-01-14,0.0,23.52,16.98,31.22,nasa,0.65
1995-01-15,0.0,24.78,17.35,32.34,nasa,0.64
1995-01-16,0.0,25.65,18.17,33.13,nasa,0.64
1995-01-17,0.0,26.89,18.77,34.89,nasa,0.64
1995-01-18,0.5,26.72,20.12,34.88,nasa,0.63
1995-01-19,0.22,25.74,18.28,34.58,nasa,0.63
1995-01-20,4.07,25.55,19.65,33.51,nasa,0.63
1995-01-21,22.58,24.85,19.99,31.52,nasa,0.64
1995-01-22,19.01,22.07,18.75,25.41,nasa,0.69
1995-01-23,2.28,21.87,17.73,25.97,nasa,0.7
1995-01-24,5.21,22.13,18.52,27.53,nasa,0.7
1995-01-25,1.14,23.43,18.01,29.39,nasa,0.69
1995-01-26,2.11,24.23,20.57,29.03,nasa,0.68
1995-01-27,1.47,23.5,19.76,27.6,nasa,0.68
1995-01-28,2.5,23.56,18.06,29.5,nasa,0.67
1995-01-29,5.73,22.85,19.86,28.83,nasa,0.67
1995-01-30,5.63,21.15,18.46,25.54,nasa,0.68
1995-01-31,9.6,21.22,18.47,25.38,nasa,0.69
1995-02-01,2.7,20.83,18.96,23.99,nasa,0.69
1995-02-02,1.17,22.06,18.06,27.54,nasa,0.68
1995-02-03,0.24,23.06,18.74,28.34,nasa,0.67
1995-02-04,0.02,21.76,17.79,26.86,nasa,0.67
1995-02-05,0.08,22.79,17.81,29.26,nasa,0.66
1995-02-06,0.58,23.4,17.29,30.77,nasa,0.65
1995-02-07,10.57,22.04,18.78,27.65,nasa,0.66
1995-02-08,17.21,21.13,18.83,24.32,nasa,0.68
1995-02-09,3.08,21.51,18.52,25.09,nasa,0.7
1995-02-10,5.89,22.04,19.11,25.93,nasa,0.7
1995-02-11,10.08,22.05,20.08,24.9,nasa,0.7
1995-02-12,5.97,21.75,19.24,24.97,nasa,0.71
1995-02-13,9.07,22.78,19.0,26.94,nasa,0.71
1995-02-14,9.57,22.57,19.74,25.93,nasa,0.72
1995-02-15,6.89,22.65,19.98,26.24,nasa,0.73
1995-02-16,1.93,23.24,18.93,26.8,nasa,0.72
1995-02-17,2.61,22.93,19.21,26.36,nasa,0.71
1995-02-18,2.56,22.62,17.34,27.65,nasa,0.71
1995-02-19,10.71,22.56,18.05,27.09,nasa,0.71
1995-02-20,0.3,21.73,16.89,27.92,nasa,0.71
1995-02-21,0.69,21.8,16.48,27.95,nasa,0.7
1995-02-22,0.06,22.46,17.34,28.61,nasa,0.69
1995-02-23,0.09,22.71,16.43,29.65,nasa,0.68
1995-02-24,1.14,23.84,17.35,30.75,nasa,0.67
1995-02-25,0.07,24.27,17.28,31.76,nasa,0.66
1995-02-26,0.07,23.66,17.28,31.78,nasa,0.66
1995-02-27,1.38,23.41,17.57,30.88,nasa,0.65
1995-02-28,0.21,23.1,17.24,30.5,nasa,0.65
1995-03-01,0.02,24.03,16.72,32.35,nasa,0.65
1995-03-02,0.55,24.21,17.45,32.04,nasa,0.64
1995-03-03,0.15,24.82,18.75,31.67,nasa,0.64
1995-03-04,2.29,24.89,20.04,32.2,nasa,0.64
1995-03-05,3.44,23.32,18.84,29.21,nasa,0.64
1995-03-06,21.51,21.88,18.88,27.03,nasa,0.66
1995-03-07,4.79,21.55,18.7,25.7,nasa,0.69
1995-03-08,0.2,21.83,15.96,28.5,nasa,0.68
1995-03-09,0.36,22.59,16.6,29.24,nasa,0.67
1995-03-10,0.3,22.52,17.08,29.64,nasa,0.66
1995-03-11,0.3,22.27,16.32,30.19,nasa,0.66
1995-03-12,3.25,22.13,16.47,28.88,nasa,0.65
1995-03-13,7.03,22.24,18.7,27.13,nasa,0.65
1995-03-14,13.61,20.55,18.18,23.9,nasa,0.67
1995-03-15,9.27,20.55,18.82,23.69,nasa,0.69
1995-03-16,1.53,22.37,18.37,27.64,nasa,0.69
1995-03-17,0.02,21.09,16.89,26.71,nasa,0.68
1995-03-18,0.06,21.04,15.28,27.72,nasa,0.67
1995-03-19,0.09,21.19,16.74,27.81,nasa,0.67
1995-03-20,0.19,21.61,15.78,29.16,nasa,0.66
1995-03-21,2.47,21.95,17.48,28.42,nasa,0.65
1995-03-22,9.85,20.36,17.19,24.71,nasa,0.66
1995-03-23,3.2,20.97,15.8,27.02,nasa,0.67
1995-03-24,15.56,21.14,17.67,25.4,nasa,0.68
1995-03-25,7.95,22.64,18.81,27.8,nasa,0.7
1995-03-26,4.35,20.69,16.17,25.88,nasa,0.7
1995-03-27,0.14,18.99,14.46,25.02,nasa,0.69
1995-03-28,0.84,21.49,16.37,27.75,nasa,0.68
1995-03-29,0.74,22.3,17.28,28.1,nasa,0.67
1995-03-30,2.34,23.32,18.8,28.94,nasa,0.67
1995-03-31,1.53,23.32,19.2,27.99,nasa,0.67
1995-04-01,2.03,23.26,20.12,27.88,nasa,0.66
1995-04-02,2.75,23.82,20.34,28.54,nasa,0.66
1995-04-03,7.55,20.66,17.56,25.0,nasa,0.67
1995-04-04,0.8,19.64,16.98,24.77,nasa,0.67
1995-04-05,0.92,19.66,16.59,25.66,nasa,0.67
1995-04-06,0.5,20.19,15.71,26.25,nasa,0.66
1995-04-07,0.83,21.03,17.7,26.43,nasa,0.66
1995-04-08,1.5,21.34,18.28,25.82,nasa,0.66
1995-04-09,3.27,20.39,16.86,24.43,nasa,0.66
1995-04-10,3.19,20.64,16.25,26.77,nasa,0.66
1995-04-11,0.89,21.55,16.75,27.62,nasa,0.66
1995-04-12,9.26,21.83,18.6,27.02,nasa,0.66
1995-04-13,17.02,18.46,15.02,23.31,nasa,0.69
1995-04-14,1.09,17.72,14.05,23.0,nasa,0.69
1995-04-15,0.16,18.38,12.97,25.11,nasa,0.68
1995-04-16,0.03,18.39,14.21,24.08,nasa,0.68
1995-04-17,0.06,19.26,14.12,25.71,nasa,0.67
1995-04-18,0.16,20.25,14.74,26.27,nasa,0.66
1995-04-19,1.44,21.28,16.3,27.34,nasa,0.66
1995-04-20,1.18,21.2,16.78,26.74,nasa,0.66
1995-04-21,10.46,21.57,17.09,27.72,nasa,0.66
1995-04-22,2.38,20.28,16.42,26.49,nasa,0.67
1995-04-23,2.16,19.88,17.8,23.82,nasa,0.67
1995-04-24,2.85,20.74,18.56,23.86,nasa,0.67
1995-04-25,2.97,20.21,17.42,25.15,nasa,0.68
1995-04-26,0.29,17.64,11.91,23.73,nasa,0.67
1995-04-27,0.0,16.37,10.95,24.06,nasa,0.67
1995-04-28,0.02,16.82,12.23,23.24,nasa,0.66
1995-04-29,0.02,20.0,13.18,26.98,nasa,0.66
1995-04-30,0.0,20.7,15.62,28.01,nasa,0.65
1995-05-01,0.28,19.94,14.15,28.57,nasa,0.65
1995-05-02,0.15,20.68,13.13,28.59,nasa,0.65
1995-05-03,0.94,20.63,16.23,27.81,nasa,0.64
1995-05-04,0.14,20.52,16.22,27.01,nasa,0.64
1995-05-05,0.45,21.21,15.97,28.25,nasa,0.64
1995-05-06,0.27,19.28,16.4,24.81,nasa,0.64
1995-05-07,1.25,20.3,17.38,25.63,nasa,0.64
1995-05-08,2.56,20.8,16.84,27.08,nasa,0.64
1995-05-09,0.55,19.26,15.94,24.32,nasa,0.64
1995-05-10,0.56,20.48,14.37,27.64,nasa,0.64
1995-05-11,3.34,19.15,16.09,22.46,nasa,0.64
1995-05-12,1.09,18.76,15.57,24.29,nasa,0.64
1995-05-13,1.33,19.43,16.27,25.19,nasa,0.64
1995-05-14,0.47,20.15,15.86,26.88,nasa,0.64
1995-05-15,0.26,20.46,16.49,26.21,nasa,0.64
1995-05-16,0.32,20.82,15.75,27.99,nasa,0.64
1995-05-17,1.46,21.27,16.49,27.89,nasa,0.64
1995-05-18,11.67,20.23,14.95,26.93,nasa,0.65
1995-05-19,0.8,16.29,13.73,20.67,nasa,0.66
1995-05-20,0.25,15.58,12.37,19.86,nasa,0.65
1995-05-21,8.15,15.11,13.02,18.89,nasa,0.66
1995-05-22,5.36,15.96,13.54,20.09,nasa,0.67
1995-05-23,1.54,17.29,14.59,21.82,nasa,0.67
1995-05-24,1.61,18.38,15.86,22.53,nasa,0.67
1995-05-25,1.01,18.67,15.75,23.07,nasa,0.67
1995-05-26,4.45,16.53,13.36,20.46,nasa,0.67
1995-05-27,0.78,15.31,12.82,20.15,nasa,0.67
1995-05-28,0.05,15.22,10.68,21.77,nasa,0.66
1995-05-29,0.0,16.08,10.19,23.78,nasa,0.66
1995-05-30,0.0,16.83,10.43,24.37,nasa,0.66
1995-05-31,0.0,16.74,12.35,23.1,nasa,0.65
1995-06-01,0.0,17.4,12.56,24.14,nasa,0.65
1995-06-02,0.0,18.21,12.66,25.37,nasa,0.65
1995-06-03,0.04,16.82,13.66,21.95,nasa,0.64
1995-06-04,0.03,15.72,10.08,23.1,nasa,0.64
1995-06-05,0.01,14.21,9.71,21.75,nasa,0.64
1995-06-06,0.02,14.63,9.47,22.64,nasa,0.64
1995-06-07,0.05,14.93,8.54,23.17,nasa,0.64
1995-06-08,0.0,16.31,9.05,24.51,nasa,0.64
1995-06-09,0.13,16.42,10.24,24.3,nasa,0.63
1995-06-10,0.37,16.92,11.02,24.66,nasa,0.63
1995-06-11,0.22,18.1,12.54,26.34,nasa,0.63
1995-06-12,0.0,18.4,13.59,25.2,nasa,0.63
1995-06-13,0.0,18.22,13.08,25.3,nasa,0.63
1995-06-14,0.0,18.64,12.89,25.62,nasa,0.63
1995-06-15,0.01,18.2,13.05,25.08,nasa,0.63
1995-06-16,0.01,18.59,13.8,25.66,nasa,0.63
1995-06-17,0.0,18.46,13.41,25.7,nasa,0.62
1995-06-18,0.15,19.1,13.17,26.28,nasa,0.62
1995-06-19,1.93,18.71,14.09,25.81,nasa,0.62
1995-06-20,0.77,14.77,12.69,17.83,nasa,0.63
1995-06-21,0.03,14.49,11.27,18.58,nasa,0.63
1995-06-22,0.02,16.01,10.62,23.35,nasa,0.63
1995-06-23,0.36,16.96,12.23,23.56,nasa,0.62
1995-06-24,0.04,17.57,13.19,24.34,nasa,0.62
1995-06-25,0.38,18.73,13.58,25.87,nasa,0.62
1995-06-26,0.25,19.14,15.46,24.81,nasa,0.62
1995-06-27,0.22,19.13,14.25,27.06,nasa,0.62
1995-06-28,0.6,17.96,13.3,25.32,nasa,0.62
1995-06-29,0.3,17.13,12.32,24.95,nasa,0.62
1995-06-30,0.89,15.72,11.59,21.51,nasa,0.62
1995-07-01,1.64,16.44,12.03,23.19,nasa,0.62
1995-07-02,0.45,17.11,12.37,24.42,nasa,0.62
1995-07-03,0.13,18.87,13.4,25.61,nasa,0.62
1995-07-04,0.1,18.22,13.54,25.37,nasa,0.62
1995-07-05,0.1,17.71,13.34,24.71,nasa,0.62
1995-07-06,0.09,17.8,13.68,24.73,nasa,0.62
1995-07-07,0.0,18.42,13.15,26.12,nasa,0.62
1995-07-08,0.12,19.91,14.02,27.21,nasa,0.62
1995-07-09,0.58,16.43,14.6,19.34,nasa,0.61
1995-07-10,0.72,19.07,13.84,26.01,nasa,0.61
1995-07-11,1.4,17.96,14.65,23.6,nasa,0.62
1995-07-12,1.61,17.36,13.18,23.78,nasa,0.62
1995-07-13,2.78,17.66,13.27,24.48,nasa,0.62
1995-07-14,0.53,16.97,11.73,24.92,nasa,0.62
1995-07-15,0.08,16.02,9.84,24.51,nasa,0.62
1995-07-16,0.01,15.79,9.22,24.36,nasa,0.62
1995-07-17,0.36,16.22,10.98,23.76,nasa,0.62
1995-07-18,0.06,16.29,10.52,24.3,nasa,0.61
1995-07-19,0.0,16.29,11.29,23.4,nasa,0.61
1995-07-20,0.04,17.08,12.18,24.39,nasa,0.61
1995-07-21,2.64,17.07,11.77,24.28,nasa,0.61
1995-07-22,1.23,17.25,13.14,24.07,nasa,0.62
1995-07-23,0.56,18.05,13.0,25.34,nasa,0.62
1995-07-24,0.49,18.89,14.49,25.57,nasa,0.61
1995-07-25,1.85,18.15,14.6,24.16,nasa,0.61
1995-07-26,0.54,17.36,12.66,24.07,nasa,0.62
1995-07-27,0.08,17.22,11.76,24.5,nasa,0.61
1995-07-28,0.03,17.71,13.2,25.02,nasa,0.61
1995-07-29,0.0,17.98,12.95,25.93,nasa,0.61
1995-07-30,0.0,17.85,12.6,26.38,nasa,0.61
1995-07-31,0.0,17.47,11.66,25.91,nasa,0.61
1995-08-01,0.0,17.58,11.86,25.61,nasa,0.61
1995-08-02,0.0,17.73,11.07,26.68,nasa,0.61
1995-08-03,0.0,18.88,13.84,26.99,nasa,0.6
1995-08-04,0.0,20.15,14.65,28.06,nasa,0.6
1995-08-05,0.38,17.92,14.03,25.28,nasa,0.6
1995-08-06,1.15,17.48,13.6,23.98,nasa,0.6
1995-08-07,0.58,19.44,14.57,26.78,nasa,0.6
1995-08-08,0.01,20.5,14.68,28.23,nasa,0.6
1995-08-09,0.0,20.99,14.35,29.67,nasa,0.6
1995-08-10,0.0,21.49,14.41,30.74,nasa,0.6
1995-08-11,0.0,20.36,14.14,29.69,nasa,0.6
1995-08-12,0.0,19.51,13.67,28.23,nasa,0.6
1995-08-13,0.0,20.59,13.63,30.56,nasa,0.6
1995-08-14,0.0,20.72,13.96,30.58,nasa,0.6
1995-08-15,0.0,21.61,14.5,31.93,nasa,0.6
1995-08-16,0.09,20.94,14.17,31.89,nasa,0.6
1995-08-17,0.22,19.15,13.86,27.77,nasa,0.6
1995-08-18,0.56,18.94,13.65,27.03,nasa,0.6
1995-08-19,0.08,19.79,13.47,28.58,nasa,0.6
1995-08-20,6.42,18.36,14.59,24.91,nasa,0.6
1995-08-21,7.3,17.46,14.55,22.83,nasa,0.62
1995-08-22,1.51,16.88,13.13,23.09,nasa,0.62
1995-08-23,0.07,17.17,11.49,25.81,nasa,0.62
1995-08-24,0.0,17.76,11.38,26.8,nasa,0.62
1995-08-25,0.01,18.22,11.67,27.32,nasa,0.61
1995-08-26,0.03,18.91,12.9,27.67,nasa,0.61
1995-08-27,0.0,18.9,12.78,27.98,nasa,0.61
1995-08-28,0.0,19.44,12.29,29.55,nasa,0.61
1995-08-29,0.0,20.56,13.29,30.76,nasa,0.6
1995-08-30,0.0,20.27,12.97,30.34,nasa,0.6
1995-08-31,0.0,20.15,13.15,30.37,nasa,0.6
1995-09-01,0.02,20.4,13.45,30.31,nasa,0.6
1995-09-02,0.08,21.46,13.46,32.31,nasa,0.6
1995-09-03,0.9,18.93,14.05,25.73,nasa,0.6
1995-09-04,0.87,15.21,12.14,20.21,nasa,0.6
1995-09-05,1.08,15.24,10.11,22.86,nasa,0.6
1995-09-06,0.38,16.06,10.9,24.6,nasa,0.6
1995-09-07,0.02,16.49,10.21,25.65,nasa,0.6
1995-09-08,0.0,17.22,8.74,27.44,nasa,0.6
1995-09-09,0.0,19.68,11.63,29.31,nasa,0.6
1995-09-10,0.01,21.82,15.31,30.96,nasa,0.6
1995-09-11,0.02,22.12,14.99,31.71,nasa,0.6
1995-09-12,0.8,22.61,15.27,34.16,nasa,0.6
1995-09-13,1.24,16.42,13.17,21.17,nasa,0.6
1995-09-14,0.71,20.45,12.81,29.4,nasa,0.6
1995-09-15,0.39,21.03,13.99,29.91,nasa,0.6
1995-09-16,1.38,18.28,13.95,26.93,nasa,0.6
1995-09-17,0.37,19.99,14.04,28.32,nasa,0.6
1995-09-18,0.02,22.01,16.56,29.74,nasa,0.6
1995-09-19,0.65,23.66,17.07,32.08,nasa,0.6
1995-09-20,7.44,19.06,13.74,25.33,nasa,0.6
1995-09-21,3.57,15.9,12.85,21.16,nasa,0.61
1995-09-22,2.56,17.59,14.32,23.92,nasa,0.62
1995-09-23,1.34,19.05,14.71,26.17,nasa,0.62
1995-09-24,0.46,20.65,14.81,28.35,nasa,0.62
1995-09-25,1.99,20.6,15.43,27.9,nasa,0.61
1995-09-26,0.57,21.86,16.02,29.47,nasa,0.61
1995-09-27,0.13,22.67,15.84,31.42,nasa,0.61
1995-09-28,0.65,22.49,16.59,30.14,nasa,0.61
1995-09-29,1.47,21.87,16.43,30.15,nasa,0.61
1995-09-30,1.65,21.35,17.09,28.65,nasa,0.61
1995-10-01,0.26,21.36,15.39,29.76,nasa,0.61
1995-10-02,2.39,22.58,15.64,31.38,nasa,0.6
1995-10-03,2.39,21.41,15.74,29.06,nasa,0.61
1995-10-04,0.18,21.43,14.64,30.65,nasa,0.61
1995-10-05,0.92,21.74,15.57,32.38,nasa,0.6
1995-10-06,3.27,20.71,15.25,30.59,nasa,0.6
1995-10-07,1.69,21.66,16.22,30.02,nasa,0.61
1995-10-08,7.73,23.05,17.25,30.29,nasa,0.61
1995-10-09,6.57,21.38,18.95,25.04,nasa,0.62
1995-10-10,10.22,19.77,17.29,23.83,nasa,0.64
1995-10-11,6.41,19.32,15.96,25.78,nasa,0.65
1995-10-12,0.83,21.05,15.35,29.08,nasa,0.64
1995-10-13,0.91,22.83,17.72,29.58,nasa,0.64
1995-10-14,4.15,22.19,17.83,28.53,nasa,0.63
1995-10-15,4.14,22.08,17.07,29.56,nasa,0.64
1995-10-16,1.55,22.5,16.37,30.78,nasa,0.63
1995-10-17,0.96,22.28,15.83,30.68,nasa,0.63
1995-10-18,1.77,21.09,17.23,26.82,nasa,0.63
1995-10-19,4.17,20.7,16.85,27.34,nasa,0.63
1995-10-20,5.41,22.13,16.72,29.12,nasa,0.63
1995-10-21,8.52,22.22,18.39,27.73,nasa,0.64
1995-10-22,17.79,16.98,13.7,19.89,nasa,0.67
1995-10-23,0.56,17.31,12.63,24.29,nasa,0.67
1995-10-24,0.77,19.57,13.16,28.37,nasa,0.66
1995-10-25,0.16,21.39,15.03,29.87,nasa,0.65
1995-10-26,1.9,22.1,15.66,30.23,nasa,0.64
1995-10-27,0.53,22.73,16.38,31.24,nasa,0.64
1995-10-28,3.65,23.45,16.77,32.06,nasa,0.63
1995-10-29,20.09,17.92,13.33,23.52,nasa,0.65
1995-10-30,17.11,15.02,13.23,18.31,nasa,0.68
1995-10-31,19.23,16.2,13.79,19.82,nasa,0.71
1995-11-01,21.69,18.49,15.41,22.88,nasa,0.73
1995-11-02,25.01,19.16,16.87,23.03,nasa,0.75
1995-11-03,26.77,18.99,16.53,21.97,nasa,0.78
1995-11-04,2.89,18.86,15.42,24.89,nasa,0.78
1995-11-05,2.06,19.75,14.85,25.9,nasa,0.75
1995-11-06,1.2,20.19,15.52,26.41,nasa,0.73
1995-11-07,0.23,20.23,14.76,26.79,nasa,0.72
1995-11-08,0.29,20.07,15.28,26.38,nasa,0.71
1995-11-09,0.02,19.6,13.5,26.8,nasa,0.69
1995-11-10,2.57,21.68,15.27,29.05,nasa,0.69
1995-11-11,3.71,22.7,17.04,29.72,nasa,0.68
1995-11-12,2.78,21.85,18.21,27.38,nasa,0.68
1995-11-13,14.69,20.34,18.21,23.42,nasa,0.69
1995-11-14,4.09,21.28,16.97,26.76,nasa,0.71
1995-11-15,18.36,21.57,18.24,26.57,nasa,0.71
1995-11-16,17.92,20.6,17.68,24.24,nasa,0.74
1995-11-17,9.84,21.91,17.43,26.65,nasa,0.75
1995-11-18,14.72,22.16,19.29,25.81,nasa,0.75
1995-11-19,4.26,17.82,14.56,21.54,nasa,0.76
1995-11-20,1.08,17.18,13.72,22.52,nasa,0.74
1995-11-21,0.53,16.69,12.98,22.14,nasa,0.73
1995-11-22,0.55,17.29,12.51,23.66,nasa,0.72
1995-11-23,5.69,18.16,13.42,22.64,nasa,0.72
1995-11-24,14.98,18.09,15.91,21.58,nasa,0.74
1995-11-25,6.19,20.01,14.86,25.88,nasa,0.74
1995-11-26,0.78,20.94,16.59,26.25,nasa,0.74
1995-11-27,1.75,22.38,17.99,27.96,nasa,0.73
1995-11-28,18.74,21.44,17.11,25.59,nasa,0.73
1995-11-29,2.16,18.04,14.96,22.7,nasa,0.75
1995-11-30,10.61,19.09,14.95,24.97,nasa,0.75
1995-12-01,7.4,20.62,16.19,26.01,nasa,0.75
1995-12-02,1.55,21.58,16.93,27.21,nasa,0.74
1995-12-03,4.8,21.92,17.07,27.07,nasa,0.74
1995-12-04,21.6,21.02,18.52,24.97,nasa,0.75
1995-12-05,6.92,20.86,17.95,25.52,nasa,0.77
1995-12-06,3.64,20.06,17.6,24.13,nasa,0.76
1995-12-07,4.66,20.76,18.16,25.15,nasa,0.76
1995-12-08,6.32,22.53,17.33,28.57,nasa,0.75
1995-12-09,6.31,20.78,16.42,25.46,nasa,0.76
1995-12-10,1.02,18.5,15.21,24.01,nasa,0.75
1995-12-11,0.34,20.14,14.23,26.7,nasa,0.74
1995-12-12,10.83,21.22,16.58,26.06,nasa,0.73
1995-12-13,26.63,21.94,19.31,25.7,nasa,0.76
1995-12-14,37.21,20.5,17.41,23.6,nasa,0.82
1995-12-15,9.56,18.07,16.29,21.08,nasa,0.84
1995-12-16,1.7,19.63,16.08,24.29,nasa,0.82
1995-12-17,2.23,22.09,17.26,28.15,nasa,0.8
1995-12-18,9.92,22.96,19.58,27.35,nasa,0.79
1995-12-19,16.59,22.73,19.58,26.92,nasa,0.81
1995-12-20,24.69,22.02,18.78,25.75,nasa,0.83
1995-12-21,8.21,20.76,19.22,22.8,nasa,0.84
1995-12-22,16.48,20.26,18.04,22.88,nasa,0.84
1995-12-23,15.01,21.14,18.04,24.96,nasa,0.85
1995-12-24,10.44,21.77,18.46,25.68,nasa,0.85
1995-12-25,17.76,21.17,19.24,24.66,nasa,0.85
1995-12-26,13.7,21.22,18.7,24.76,nasa,0.87
1995-12-27,4.57,21.33,18.93,23.8,nasa,0.86
1995-12-28,16.51,22.42,19.64,26.1,nasa,0.86
1995-12-29,12.16,22.59,20.16,27.03,nasa,0.87
1995-12-30,11.99,22.92,19.54,27.21,nasa,0.87
1995-12-31,44.86,22.51,18.87,27.07,nasa,0.89
1996-01-01,21.09,20.52,18.36,22.71,nasa,0.91
1996-01-02,5.58,20.65,18.8,23.13,nasa,0.91
1996-01-03,1.22,20.19,17.41,24.01,nasa,0.9
1996-01-04,0.43,21.18,17.93,25.35,nasa,0.89
1996-01-05,0.56,22.25,17.41,28.0,nasa,0.88
1996-01-06,0.62,21.58,18.04,26.5,nasa,0.88
1996-01-07,3.0,20.95,18.14,25.74,nasa,0.87
1996-01-08,5.47,21.03,17.9,24.51,nasa,0.88
1996-01-09,6.74,20.82,18.46,24.21,nasa,0.88
1996-01-10,14.91,20.72,18.49,24.15,nasa,0.89
1996-01-11,3.36,20.06,17.84,22.74,nasa,0.89
1996-01-12,3.67,19.82,15.96,22.92,nasa,0.89
1996-01-13,0.38,20.48,15.45,26.13,nasa,0.88
1996-01-14,1.73,21.05,15.88,26.73,nasa,0.88
1996-01-15,2.71,20.61,15.63,25.92,nasa,0.87
1996-01-16,0.36,20.6,15.64,26.67,nasa,0.87
1996-01-17,0.07,20.94,15.8,27.02,nasa,0.86
1996-01-18,0.7,22.47,17.12,27.8,nasa,0.85
1996-01-19,7.14,22.18,19.14,25.65,nasa,0.85
1996-01-20,6.26,22.17,18.79,27.0,nasa,0.86
1996-01-21,0.91,22.31,17.69,27.74,nasa,0.86
1996-01-22,0.07,21.78,17.56,27.21,nasa,0.85
1996-01-23,0.04,21.96,16.78,28.3,nasa,0.84
1996-01-24,3.03,21.99,16.13,28.35,nasa,0.83
1996-01-25,0.46,22.77,17.82,29.01,nasa,0.83
1996-01-26,0.11,22.8,17.84,28.84,nasa,0.82
1996-01-27,0.0,21.58,16.41,27.8,nasa,0.82
1996-01-28,0.0,21.42,15.13,28.09,nasa,0.81
1996-01-29,0.17,22.09,16.37,27.86,nasa,0.8
1996-01-30,0.19,22.23,17.58,28.09,nasa,0.79
1996-01-31,0.2,22.6,16.8,28.51,nasa,0.79
1996-02-01,0.8,23.4,17.72,29.04,nasa,0.78
1996-02-02,3.29,23.19,17.94,28.61,nasa,0.78
1996-02-03,3.29,22.33,18.82,26.67,nasa,0.78
1996-02-04,3.74,22.22,18.87,26.7,nasa,0.79
1996-02-05,2.05,21.7,17.5,27.22,nasa,0.78
1996-02-06,3.09,22.34,17.58,27.62,nasa,0.78
1996-02-07,6.73,22.06,18.97,26.34,nasa,0.78
1996-02-08,0.57,22.54,18.08,27.47,nasa,0.78
1996-02-09,3.38,22.72,18.52,27.29,nasa,0.78
1996-02-10,3.43,23.52,19.26,27.41,nasa,0.78
1996-02-11,6.54,23.6,18.38,28.5,nasa,0.78
1996-02-12,3.25,22.42,17.99,27.76,nasa,0.78
1996-02-13,0.51,21.53,17.26,27.29,nasa,0.78
1996-02-14,1.07,20.66,16.46,26.57,nasa,0.77
1996-02-15,1.6,20.88,16.67,26.28,nasa,0.76
1996-02-16,1.31,21.81,18.4,26.78,nasa,0.76
1996-02-17,0.97,21.82,16.58,27.83,nasa,0.75
1996-02-18,0.2,22.14,17.48,28.34,nasa,0.74
1996-02-19,0.6,21.8,16.74,27.96,nasa,0.74
1996-02-20,4.16,22.34,17.45,27.5,nasa,0.74
1996-02-21,7.38,21.75,17.7,26.39,nasa,0.74
1996-02-22,10.17,21.37,18.51,25.29,nasa,0.75
1996-02-23,5.99,21.41,18.51,24.59,nasa,0.77
1996-02-24,12.71,22.74,17.9,27.97,nasa,0.78
1996-02-25,2.03,23.28,19.13,28.32,nasa,0.78
1996-02-26,0.9,21.57,18.61,25.4,nasa,0.77
1996-02-27,0.68,21.02,16.14,27.24,nasa,0.77
1996-02-28,0.1,21.61,15.89,27.41,nasa,0.76
1996-02-29,0.07,22.12,17.2,27.69,nasa,0.74
1996-03-01,0.44,22.47,18.44,27.28,nasa,0.74
1996-03-02,4.58,22.23,18.78,27.17,nasa,0.74
1996-03-03,1.55,22.08,18.32,27.43,nasa,0.74
1996-03-04,1.07,22.32,18.64,27.0,nasa,0.73
1996-03-05,0.31,22.13,18.45,27.56,nasa,0.73
1996-03-06,0.06,22.35,17.86,27.95,nasa,0.72
1996-03-07,0.02,22.69,17.11,28.84,nasa,0.71
1996-03-08,2.23,23.3,17.97,29.18,nasa,0.71
1996-03-09,15.27,22.74,19.22,26.94,nasa,0.72
1996-03-10,11.06,19.99,17.34,22.39,nasa,0.75
1996-03-11,4.41,19.56,16.67,24.72,nasa,0.75
1996-03-12,10.33,19.34,16.24,22.86,nasa,0.76
1996-03-13,7.4,20.91,18.81,23.75,nasa,0.77
1996-03-14,2.1,21.47,18.64,25.53,nasa,0.77
1996-03-15,1.98,21.75,18.62,25.93,nasa,0.76
1996-03-16,0.63,22.38,17.55,27.86,nasa,0.75
1996-03-17,0.43,22.19,18.31,27.07,nasa,0.75
1996-03-18,0.14,21.94,17.34,27.89,nasa,0.74
1996-03-19,0.79,22.44,17.67,28.56,nasa,0.73
1996-03-20,4.66,22.4,17.67,28.38,nasa,0.72
1996-03-21,16.61,21.3,18.55,24.96,nasa,0.74
1996-03-22,7.94,20.68,18.64,23.85,nasa,0.76
1996-03-23,8.21,20.71,18.0,25.33,nasa,0.76
1996-03-24,7.67,22.03,18.7,27.27,nasa,0.77
1996-03-25,0.69,23.36,19.18,28.13,nasa,0.77
1996-03-26,0.81,23.04,19.17,28.12,nasa,0.76
1996-03-27,0.32,22.44,18.03,28.43,nasa,0.75
1996-03-28,1.85,21.78,17.11,27.68,nasa,0.74
1996-03-29,1.79,21.76,17.56,27.03,nasa,0.73
1996-03-30,0.11,22.45,17.45,27.99,nasa,0.73
1996-03-31,0.27,23.39,18.14,28.95,nasa,0.72
1996-04-01,0.45,22.53,17.63,28.65,nasa,0.71
1996-04-02,0.9,21.51,16.15,27.84,nasa,0.71
1996-04-03,0.16,22.21,17.44,28.7,nasa,0.7
1996-04-04,0.23,21.7,17.45,27.56,nasa,0.7
1996-04-05,0.06,19.82,15.39,26.06,nasa,0.69
1996-04-06,0.12,20.88,14.7,27.83,nasa,0.69
1996-04-07,0.38,22.13,15.75,29.29,nasa,0.69
1996-04-08,0.2,21.75,17.41,27.52,nasa,0.68
1996-04-09,0.39,21.53,17.45,27.17,nasa,0.68
1996-04-10,0.29,22.35,17.59,28.12,nasa,0.68
1996-04-11,1.38,22.22,17.93,27.55,nasa,0.68
1996-04-12,8.46,20.58,18.91,23.4,nasa,0.68
1996-04-13,6.79,19.59,17.33,22.98,nasa,0.7
1996-04-14,11.33,19.31,17.0,22.6,nasa,0.71
1996-04-15,2.03,19.7,16.71,24.61,nasa,0.72
1996-04-16,2.04,20.51,16.09,26.06,nasa,0.72
1996-04-17,21.98,21.5,17.66,26.7,nasa,0.72
1996-04-18,7.33,15.79,13.51,18.39,nasa,0.75
1996-04-19,1.45,16.12,12.8,21.1,nasa,0.74
1996-04-20,0.97,16.46,13.35,21.41,nasa,0.74
1996-04-21,0.16,15.25,11.26,20.42,nasa,0.73
1996-04-22,0.36,15.61,10.32,20.41,nasa,0.72
1996-04-23,0.13,18.25,13.55,24.04,nasa,0.72
1996-04-24,0.01,18.53,13.55,24.67,nasa,0.71
1996-04-25,0.0,19.96,13.63,26.02,nasa,0.71
1996-04-26,0.86,20.07,16.41,25.15,nasa,0.7
1996-04-27,2.57,17.33,14.33,22.14,nasa,0.7
1996-04-28,0.77,16.59,13.65,21.54,nasa,0.7
1996-04-29,0.67,17.37,13.11,23.32,nasa,0.69
1996-04-30,0.92,18.37,14.5,23.96,nasa,0.69
1996-05-01,0.39,18.45,14.6,23.96,nasa,0.69
1996-05-02,4.11,18.33,14.78,23.14,nasa,0.69
1996-05-03,2.31,17.88,14.3,23.59,nasa,0.69
1996-05-04,0.72,17.13,13.77,22.31,nasa,0.69
1996-05-05,0.21,17.16,13.28,23.12,nasa,0.69
1996-05-06,0.01,16.37,11.67,22.5,nasa,0.69
1996-05-07,0.0,15.8,10.59,22.97,nasa,0.68
1996-05-08,0.14,16.49,9.6,24.25,nasa,0.68
1996-05-09,0.21,16.94,10.88,24.27,nasa,0.68
1996-05-10,1.2,17.8,12.74,24.45,nasa,0.67
1996-05-11,4.7,15.22,11.66,17.48,nasa,0.68
1996-05-12,0.08,15.26,10.8,22.35,nasa,0.68
1996-05-13,0.0,17.77,11.05,24.41,nasa,0.68
1996-05-14,0.08,18.98,12.31,25.04,nasa,0.67
1996-05-15,2.4,19.97,16.76,25.43,nasa,0.67
1996-05-16,9.92,19.49,15.57,25.15,nasa,0.68
1996-05-17,3.47,16.64,14.93,19.58,nasa,0.69
1996-05-18,2.9,17.0,14.3,20.33,nasa,0.7
1996-05-19,0.96,17.22,15.24,20.24,nasa,0.7
1996-05-20,0.21,18.42,15.19,24.05,nasa,0.7
1996-05-21,0.53,17.6,14.11,22.96,nasa,0.69
1996-05-22,1.71,17.3,14.82,21.89,nasa,0.69
1996-05-23,1.37,18.04,13.94,23.67,nasa,0.69
1996-05-24,1.53,16.35,13.53,21.01,nasa,0.69
1996-05-25,0.29,14.19,10.39,19.0,nasa,0.69
1996-05-26,0.16,14.58,10.09,19.94,nasa,0.68
1996-05-27,0.07,15.68,11.63,21.62,nasa,0.68
1996-05-28,0.05,15.98,11.25,22.61,nasa,0.68
1996-05-29,0.04,15.9,11.4,21.97,nasa,0.67
1996-05-30,0.08,16.16,12.27,22.85,nasa,0.67
1996-05-31,0.0,16.41,10.46,23.86,nasa,0.67
1996-06-01,0.0,17.27,11.07,23.98,nasa,0.67
1996-06-02,0.31,16.83,12.61,23.56,nasa,0.66
1996-06-03,0.49,14.2,11.18,18.73,nasa,0.66
1996-06-04,0.72,13.8,9.31,19.08,nasa,0.66
1996-06-05,0.6,14.33,10.89,19.28,nasa,0.66
1996-06-06,0.23,16.17,11.23,22.65,nasa,0.66
1996-06-07,0.02,17.58,12.79,24.43,nasa,0.66
1996-06-08,0.09,17.48,12.86,24.19,nasa,0.66
1996-06-09,0.41,15.29,11.24,20.48,nasa,0.66
1996-06-10,0.2,13.73,10.2,18.39,nasa,0.66
1996-06-11,0.44,14.39,11.49,19.19,nasa,0.66
1996-06-12,1.14,15.34,12.13,20.26,nasa,0.66
1996-06-13,1.32,15.14,10.7,21.21,nasa,0.66
1996-06-14,0.18,15.29,10.47,21.99,nasa,0.66
1996-06-15,0.02,16.67,11.56,23.41,nasa,0.65
1996-06-16,0.08,16.99,10.98,24.34,nasa,0.65
1996-06-17,0.0,17.96,10.24,26.1,nasa,0.65
1996-06-18,0.03,19.25,11.32,27.72,nasa,0.65
1996-06-19,0.04,18.47,13.04,27.09,nasa,0.65
1996-06-20,0.14,17.81,13.66,24.18,nasa,0.64
1996-06-21,0.02,17.59,13.23,24.14,nasa,0.64
1996-06-22,0.0,17.78,12.53,25.24,nasa,0.64
1996-06-23,0.0,18.86,12.18,26.51,nasa,0.64
1996-06-24,0.0,18.16,14.3,24.19,nasa,0.64
1996-06-25,0.0,19.02,14.13,26.19,nasa,0.64
1996-06-26,0.0,19.33,12.65,27.25,nasa,0.64
1996-06-27,0.0,19.51,14.85,26.79,nasa,0.63
1996-06-28,3.1,17.52,12.44,23.58,nasa,0.63
1996-06-29,4.62,17.15,11.14,24.44,nasa,0.64
1996-06-30,0.82,12.25,9.68,15.63,nasa,0.65
1996-07-01,0.3,14.92,11.51,20.29,nasa,0.65
1996-07-02,0.07,15.8,11.47,22.25,nasa,0.64
1996-07-03,0.08,17.5,11.03,25.22,nasa,0.64
1996-07-04,0.17,18.09,14.1,24.43,nasa,0.64
1996-07-05,0.2,16.75,13.34,23.17,nasa,0.64
1996-07-06,0.11,18.07,12.85,24.93,nasa,0.64
1996-07-07,0.15,17.18,13.85,23.24,nasa,0.64
1996-07-08,0.08,16.75,13.45,22.49,nasa,0.64
1996-07-09,0.0,17.75,12.73,25.02,nasa,0.64
1996-07-10,0.0,18.61,14.06,26.03,nasa,0.63
1996-07-11,0.0,18.82,13.85,26.43,nasa,0.63
1996-07-12,0.0,15.84,10.68,23.04,nasa,0.63
1996-07-13,0.0,15.24,9.49,23.79,nasa,0.63
1996-07-14,0.0,17.42,10.91,25.47,nasa,0.63
1996-07-15,0.03,15.56,10.38,23.01,nasa,0.63
1996-07-16,0.03,15.42,11.8,22.24,nasa,0.63
1996-07-17,0.04,17.15,11.51,24.57,nasa,0.63
1996-07-18,0.01,17.96,12.48,25.52,nasa,0.62
1996-07-19,0.0,16.97,11.04,25.6,nasa,0.62
1996-07-20,0.04,18.31,11.0,26.46,nasa,0.62
1996-07-21,0.35,18.36,11.45,27.31,nasa,0.62
1996-07-22,0.21,11.47,8.34,16.65,nasa,0.62
1996-07-23,0.06,11.67,8.0,16.51,nasa,0.62
1996-07-24,0.27,12.91,8.78,18.88,nasa,0.62
1996-07-25,0.08,13.66,8.85,21.55,nasa,0.62
1996-07-26,0.13,14.47,7.9,23.12,nasa,0.62
1996-07-27,0.03,17.01,11.39,25.5,nasa,0.62
1996-07-28,0.45,18.1,12.56,26.19,nasa,0.62
1996-07-29,2.93,17.42,13.87,24.02,nasa,0.62
1996-07-30,0.93,14.6,12.37,19.23,nasa,0.62
1996-07-31,0.12,14.49,11.68,19.77,nasa,0.62
1996-08-01,0.0,16.24,10.01,24.07,nasa,0.62
1996-08-02,0.0,16.29,11.33,24.54,nasa,0.62
1996-08-03,0.0,14.51,8.95,22.11,nasa,0.62
1996-08-04,0.0,14.22,7.93,23.19,nasa,0.62
1996-08-05,0.0,15.58,8.76,25.31,nasa,0.62
1996-08-06,0.03,16.58,9.09,26.18,nasa,0.61
1996-08-07,0.15,17.35,10.71,27.14,nasa,0.61
1996-08-08,0.06,18.72,12.13,27.97,nasa,0.61
1996-08-09,0.67,19.84,14.05,27.74,nasa,0.61
1996-08-10,2.5,20.31,14.54,29.01,nasa,0.61
1996-08-11,3.82,16.79,13.7,22.71,nasa,0.62
1996-08-12,2.47,16.53,12.79,23.55,nasa,0.62
1996-08-13,1.25,15.75,12.32,22.04,nasa,0.62
1996-08-14,0.29,17.06,10.83,26.13,nasa,0.62
1996-08-15,3.32,17.26,11.88,24.61,nasa,0.63
1996-08-16,0.14,14.38,10.17,21.59,nasa,0.63
1996-08-17,0.23,13.99,10.09,21.56,nasa,0.62
1996-08-18,0.51,13.89,9.6,21.24,nasa,0.62
1996-08-19,0.11,14.69,9.6,22.27,nasa,0.62
1996-08-20,0.0,15.36,9.49,23.57,nasa,0.62
1996-08-21,0.05,16.61,10.53,24.64,nasa,0.62
1996-08-22,0.12,16.28,9.03,25.25,nasa,0.62
1996-08-23,0.14,16.52,10.47,24.95,nasa,0.61
1996-08-24,0.29,15.51,10.51,23.27,nasa,0.61
1996-08-25,0.17,15.81,10.05,24.22,nasa,0.61
1996-08-26,0.15,17.24,10.75,26.37,nasa,0.61
1996-08-27,0.09,19.7,11.12,29.83,nasa,0.61
1996-08-28,0.41,20.44,14.37,28.99,nasa,0.61
1996-08-29,1.06,18.91,14.71,26.01,nasa,0.61
1996-08-30,0.83,18.32,14.11,25.09,nasa,0.61
1996-08-31,0.11,19.33,13.37,27.36,nasa,0.61
1996-09-01,0.52,21.06,15.05,28.72,nasa,0.61
1996-09-02,2.14,19.47,15.1,26.63,nasa,0.61
1996-09-03,9.09,20.32,14.89,25.93,nasa,0.62
1996-09-04,3.12,20.84,16.13,28.12,nasa,0.63
1996-09-05,6.17,20.42,15.92,27.06,nasa,0.63
1996-09-06,23.12,16.28,12.49,20.78,nasa,0.66
1996-09-07,5.73,15.29,11.98,20.65,nasa,0.68
1996-09-08,0.89,18.38,13.09,25.83,nasa,0.67
1996-09-09,0.43,19.27,13.58,27.09,nasa,0.66
1996-09-10,0.59,19.38,15.26,26.2,nasa,0.65
1996-09-11,1.2,18.93,13.81,25.48,nasa,0.65
1996-09-12,7.2,17.53,13.77,21.64,nasa,0.65
1996-09-13,9.6,17.43,13.85,23.75,nasa,0.66
1996-09-14,11.11,16.73,13.64,22.5,nasa,0.68
1996-09-15,6.39,15.42,12.57,18.89,nasa,0.68
1996-09-16,1.0,16.77,11.66,23.41,nasa,0.68
1996-09-17,10.15,17.29,13.56,22.71,nasa,0.67
1996-09-18,2.74,14.33,11.73,19.05,nasa,0.68
1996-09-19,0.81,14.57,10.96,20.38,nasa,0.68
1996-09-20,0.18,16.29,10.74,24.35,nasa,0.67
1996-09-21,0.14,17.66,11.59,25.93,nasa,0.66
1996-09-22,0.13,19.18,12.42,27.66,nasa,0.66
1996-09-23,0.12,20.78,13.84,29.79,nasa,0.65
1996-09-24,0.06,21.49,14.4,30.13,nasa,0.65
1996-09-25,2.13,21.29,14.97,30.24,nasa,0.64
1996-09-26,2.6,20.47,16.89,27.12,nasa,0.64
1996-09-27,3.5,18.47,14.79,25.04,nasa,0.65
1996-09-28,1.13,18.19,13.96,25.48,nasa,0.65
1996-09-29,0.59,19.18,13.55,26.93,nasa,0.64
1996-09-30,0.77,19.68,14.92,26.86,nasa,0.64
1996-10-01,1.25,19.87,15.57,26.9,nasa,0.64
1996-10-02,0.37,19.63,13.74,27.97,nasa,0.64
1996-10-03,1.77,19.12,15.07,24.17,nasa,0.64
1996-10-04,11.1,20.64,16.25,27.21,nasa,0.64
1996-10-05,10.28,22.36,17.36,28.42,nasa,0.66
1996-10-06,6.85,23.06,17.52,29.86,nasa,0.67
1996-10-07,7.9,20.05,15.47,25.33,nasa,0.67
1996-10-08,3.12,16.26,13.6,20.56,nasa,0.68
1996-10-09,0.3,16.45,12.55,22.01,nasa,0.67
1996-10-10,0.11,17.9,11.87,26.4,nasa,0.66
1996-10-11,0.08,20.16,13.59,28.84,nasa,0.66
1996-10-12,0.09,21.98,14.47,30.93,nasa,0.65
1996-10-13,1.4,23.1,16.81,31.47,nasa,0.65
1996-10-14,1.49,23.76,16.61,32.66,nasa,0.64
1996-10-15,22.37,18.64,13.98,22.81,nasa,0.66
1996-10-16,6.91,14.97,12.93,18.04,nasa,0.68
1996-10-17,1.42,18.17,13.28,24.93,nasa,0.68
1996-10-18,0.07,20.39,14.11,27.61,nasa,0.67
1996-10-19,0.18,21.87,16.04,28.8,nasa,0.66
1996-10-20,1.08,22.71,16.62,30.14,nasa,0.66
1996-10-21,3.93,21.62,16.14,29.55,nasa,0.66
1996-10-22,2.44,20.92,16.85,26.53,nasa,0.66
1996-10-23,0.07,22.15,15.84,29.98,nasa,0.65
1996-10-24,0.16,21.96,17.29,29.35,nasa,0.65
1996-10-25,1.12,21.6,16.42,28.24,nasa,0.64
1996-10-26,6.36,22.78,18.13,28.88,nasa,0.64
1996-10-27,28.01,21.93,18.45,26.44,nasa,0.67
1996-10-28,10.0,19.27,16.45,23.7,nasa,0.71
1996-10-29,3.41,19.45,15.85,25.08,nasa,0.7
1996-10-30,3.51,19.79,14.15,27.32,nasa,0.69
1996-10-31,4.54,21.24,14.94,28.09,nasa,0.69
1996-11-01,9.86,20.53,18.18,23.86,nasa,0.69
1996-11-02,29.45,19.9,17.94,23.37,nasa,0.72
1996-11-03,12.39,20.11,18.38,23.16,nasa,0.75
1996-11-04,26.26,20.19,17.5,24.25,nasa,0.76
1996-11-05,20.02,18.91,15.68,23.83,nasa,0.79
1996-11-06,4.85,19.45,16.5,24.45,nasa,0.78
1996-11-07,2.76,19.2,15.45,24.32,nasa,0.76
1996-11-08,1.25,19.54,13.82,26.28,nasa,0.74
1996-11-09,4.83,19.65,15.53,25.23,nasa,0.73
1996-11-10,1.18,20.62,15.22,26.41,nasa,0.73
1996-11-11,0.38,21.12,16.07,27.02,nasa,0.72
1996-11-12,1.28,21.28,16.26,27.17,nasa,0.71
1996-11-13,2.54,21.27,15.88,26.94,nasa,0.7
1996-11-14,7.22,21.43,17.72,26.7,nasa,0.7
1996-11-15,6.34,20.67,18.01,24.66,nasa,0.71
1996-11-16,7.58,20.42,18.29,23.6,nasa,0.72
1996-11-17,6.09,20.79,17.69,25.28,nasa,0.73
1996-11-18,11.01,21.28,18.39,25.05,nasa,0.73
1996-11-19,9.17,21.72,17.84,27.33,nasa,0.75
1996-11-20,13.82,20.99,18.64,24.52,nasa,0.75
1996-11-21,55.14,20.26,18.57,21.99,nasa,0.8
1996-11-22,40.0,17.99,15.16,20.94,nasa,0.86
1996-11-23,5.88,17.44,14.77,21.77,nasa,0.85
1996-11-24,2.01,18.76,13.26,25.48,nasa,0.83
1996-11-25,1.11,19.16,15.37,24.78,nasa,0.81
1996-11-26,1.58,18.75,14.77,25.05,nasa,0.79
1996-11-27,0.39,17.32,13.73,22.5,nasa,0.79
1996-11-28,0.5,16.96,12.67,22.48,nasa,0.78
1996-11-29,0.96,17.39,13.81,22.39,nasa,0.77
1996-11-30,1.68,18.46,14.78,22.64,nasa,0.77
1996-12-01,3.65,18.85,15.31,23.45,nasa,0.77
1996-12-02,3.01,19.85,14.92,25.57,nasa,0.77
1996-12-03,9.93,19.85,16.48,23.36,nasa,0.77
1996-12-04,13.97,20.61,17.38,24.74,nasa,0.79
1996-12-05,6.65,21.25,17.8,25.76,nasa,0.8
1996-12-06,9.64,21.86,17.84,26.3,nasa,0.8
1996-12-07,16.78,21.84,18.77,25.2,nasa,0.81
1996-12-08,14.66,22.06,18.81,27.0,nasa,0.82
1996-12-09,1.25,20.14,17.01,25.6,nasa,0.82
1996-12-10,1.57,20.08,13.7,27.78,nasa,0.8
1996-12-11,12.06,20.01,14.31,25.43,nasa,0.8
1996-12-12,15.22,21.19,17.2,25.81,nasa,0.82
1996-12-13,5.27,21.64,19.26,24.63,nasa,0.82
1996-12-14,30.2,22.26,19.0,26.64,nasa,0.83
1996-12-15,10.32,19.18,16.28,23.49,nasa,0.86
1996-12-16,2.13,21.62,16.79,27.51,nasa,0.84
1996-12-17,7.42,21.14,17.79,25.74,nasa,0.84
1996-12-18,12.46,21.51,18.84,25.54,nasa,0.84
1996-12-19,17.51,21.55,18.37,26.49,nasa,0.86
1996-12-20,7.14,22.2,18.53,26.79,nasa,0.86
1996-12-21,3.33,21.76,19.57,25.19,nasa,0.85
1996-12-22,1.55,21.91,19.08,26.19,nasa,0.85
1996-12-23,5.97,20.57,18.41,23.76,nasa,0.84
1996-12-24,11.1,20.74,19.1,23.38,nasa,0.85
1996-12-25,20.5,20.77,18.23,23.4,nasa,0.87
1996-12-26,4.41,20.17,17.68,23.74,nasa,0.87
1996-12-27,1.63,20.5,16.64,25.78,nasa,0.86
1996-12-28,4.44,21.89,16.97,26.71,nasa,0.85
1996-12-29,5.34,22.76,19.68,26.66,nasa,0.85
1996-12-30,14.93,22.14,20.36,24.63,nasa,0.86
1996-12-31,24.82,22.46,19.26,26.64,nasa,0.88
1997-01-01,26.87,22.22,19.99,26.1,nasa,0.9
1997-01-02,63.25,19.74,17.1,22.5,nasa,0.94
1997-01-03,66.55,19.75,16.52,24.4,nasa,0.96
1997-01-04,28.52,21.0,19.57,22.26,nasa,0.98
1997-01-05,34.22,21.93,18.89,25.54,nasa,0.98
1997-01-06,7.87,22.24,19.18,25.82,nasa,0.98
1997-01-07,6.59,22.21,18.93,26.95,nasa,0.98
1997-01-08,0.38,21.74,17.06,26.95,nasa,0.97
1997-01-09,0.06,22.01,17.9,27.04,nasa,0.96
1997-01-10,0.34,21.86,17.93,26.66,nasa,0.95
1997-01-11,4.88,22.03,17.8,26.35,nasa,0.95
1997-01-12,5.42,21.19,17.93,24.88,nasa,0.95
1997-01-13,2.75,21.06,19.36,23.47,nasa,0.95
1997-01-14,4.21,22.49,18.69,27.3,nasa,0.94
1997-01-15,2.18,22.67,18.03,28.23,nasa,0.94
1997-01-16,5.67,22.46,18.95,26.78,nasa,0.93
1997-01-17,9.66,21.55,19.85,24.37,nasa,0.94
1997-01-18,3.97,21.21,17.85,25.74,nasa,0.94
1997-01-19,2.15,22.08,16.79,27.74,nasa,0.93
1997-01-20,0.02,22.45,18.43,26.98,nasa,0.93
1997-01-21,0.32,21.4,16.86,26.89,nasa,0.92
1997-01-22,0.24,20.77,16.68,26.58,nasa,0.91
1997-01-23,0.11,21.6,16.57,27.09,nasa,0.9
1997-01-24,0.43,22.13,18.5,26.83,nasa,0.9
1997-01-25,1.83,21.01,17.5,26.1,nasa,0.89
1997-01-26,5.96,21.01,17.0,26.12,nasa,0.89
1997-01-27,2.17,20.92,18.03,24.95,nasa,0.89
1997-01-28,0.59,20.85,17.06,25.46,nasa,0.88
1997-01-29,4.89,21.11,17.33,25.77,nasa,0.88
1997-01-30,4.92,21.39,18.39,25.78,nasa,0.88
1997-01-31,1.18,21.58,17.83,26.38,nasa,0.88
1997-02-01,0.05,21.88,18.32,27.18,nasa,0.87
1997-02-02,0.26,21.87,17.97,26.55,nasa,0.87
1997-02-03,0.21,21.25,17.71,26.32,nasa,0.86
1997-02-04,0.86,20.92,16.84,26.18,nasa,0.86
1997-02-05,2.3,20.2,16.12,25.77,nasa,0.85
1997-02-06,1.03,19.91,15.45,25.2,nasa,0.85
1997-02-07,3.94,20.28,16.72,24.66,nasa,0.85
1997-02-08,3.68,20.32,16.43,25.16,nasa,0.85
1997-02-09,2.52,20.28,16.37,25.57,nasa,0.85
1997-02-10,2.24,20.15,16.03,25.41,nasa,0.84
1997-02-11,4.24,20.01,16.13,24.91,nasa,0.84
1997-02-12,7.13,19.53,16.11,23.8,nasa,0.84
1997-02-13,1.33,19.98,15.67,25.39,nasa,0.84
1997-02-14,1.29,20.66,16.43,25.16,nasa,0.84
1997-02-15,0.28,21.28,17.28,26.18,nasa,0.83
1997-02-16,0.61,21.37,17.57,26.3,nasa,0.82
1997-02-17,0.63,21.49,17.77,26.24,nasa,0.82
1997-02-18,0.49,21.84,18.26,26.31,nasa,0.81
1997-02-19,0.38,21.38,18.08,25.83,nasa,0.81
1997-02-20,0.13,21.43,17.62,26.98,nasa,0.8
1997-02-21,0.0,22.09,17.29,27.68,nasa,0.8
1997-02-22,0.08,21.78,17.28,27.39,nasa,0.79
1997-02-23,0.16,21.72,16.92,27.43,nasa,0.79
1997-02-24,6.47,21.8,17.94,26.38,nasa,0.78
1997-02-25,9.19,21.24,18.69,24.86,nasa,0.79
1997-02-26,22.79,21.51,19.02,25.51,nasa,0.82
1997-02-27,13.26,21.79,18.74,25.94,nasa,0.84
1997-02-28,41.92,20.24,18.99,22.13,nasa,0.86
1997-03-01,15.32,19.83,18.26,21.91,nasa,0.89
1997-03-02,20.91,20.04,18.38,23.15,nasa,0.89
1997-03-03,23.9,21.01,18.34,24.54,nasa,0.9
1997-03-04,10.38,21.11,18.51,25.35,nasa,0.9
1997-03-05,4.66,20.61,18.08,23.68,nasa,0.9
1997-03-06,2.24,21.0,17.83,25.52,nasa,0.88
1997-03-07,0.22,20.64,16.02,26.05,nasa,0.88
1997-03-08,0.4,20.99,16.76,25.8,nasa,0.87
1997-03-09,0.93,21.0,17.62,25.24,nasa,0.86
1997-03-10,0.67,19.68,16.33,24.32,nasa,0.86
1997-03-11,2.11,19.46,16.05,23.45,nasa,0.86
1997-03-12,0.77,19.98,15.57,24.84,nasa,0.85
1997-03-13,2.93,21.09,16.87,26.09,nasa,0.85
1997-03-14,15.73,21.37,17.17,26.02,nasa,0.86
1997-03-15,24.82,20.43,18.51,23.44,nasa,0.88
1997-03-16,17.12,19.98,18.29,22.35,nasa,0.91
1997-03-17,8.37,19.12,16.79,21.57,nasa,0.91
1997-03-18,2.33,18.91,16.35,23.41,nasa,0.9
1997-03-19,0.61,19.17,15.36,24.2,nasa,0.89
1997-03-20,0.12,19.14,16.24,23.44,nasa,0.88
1997-03-21,0.08,19.56,14.94,24.85,nasa,0.88
1997-03-22,0.38,20.18,16.15,25.3,nasa,0.87
1997-03-23,0.15,20.25,15.89,25.94,nasa,0.87
1997-03-24,0.63,20.72,15.79,26.5,nasa,0.86
1997-03-25,1.3,20.02,17.25,24.34,nasa,0.86
1997-03-26,1.01,19.02,16.16,23.66,nasa,0.86
1997-03-27,0.27,17.52,14.17,22.08,nasa,0.85
1997-03-28,6.21,17.0,13.68,21.72,nasa,0.86
1997-03-29,10.37,17.44,15.56,20.76,nasa,0.86
1997-03-30,5.21,18.01,15.52,21.52,nasa,0.87
1997-03-31,1.59,19.53,16.33,23.93,nasa,0.87
1997-04-01,0.38,20.75,17.3,25.36,nasa,0.86
1997-04-02,3.1,21.29,18.18,25.83,nasa,0.86
1997-04-03,1.9,21.45,18.46,25.96,nasa,0.86
1997-04-04,2.68,21.05,17.38,25.22,nasa,0.86
1997-04-05,6.36,19.54,15.69,23.25,nasa,0.86
1997-04-06,2.29,17.48,14.91,21.73,nasa,0.86
1997-04-07,2.78,17.41,14.95,21.54,nasa,0.86
1997-04-08,3.08,17.2,14.2,22.36,nasa,0.86
1997-04-09,1.44,16.16,13.34,20.76,nasa,0.86
1997-04-10,0.78,15.54,11.47,20.74,nasa,0.85
1997-04-11,0.1,15.64,10.72,22.06,nasa,0.85
1997-04-12,0.0,16.54,10.97,21.87,nasa,0.85
1997-04-13,0.11,18.54,13.57,24.34,nasa,0.84
1997-04-14,0.12,19.16,14.62,24.71,nasa,0.84
1997-04-15,0.36,19.29,15.24,24.31,nasa,0.83
1997-04-16,0.19,18.86,15.49,23.57,nasa,0.83
1997-04-17,0.05,18.11,14.16,23.31,nasa,0.83
1997-04-18,0.24,18.54,13.78,23.65,nasa,0.82
1997-04-19,3.83,17.85,14.76,21.88,nasa,0.82
1997-04-20,3.31,19.34,14.85,24.76,nasa,0.83
1997-04-21,4.04,20.52,17.21,24.98,nasa,0.83
1997-04-22,3.8,19.21,16.38,22.16,nasa,0.83
1997-04-23,5.54,18.82,15.52,22.53,nasa,0.83
1997-04-24,1.29,19.04,16.41,23.49,nasa,0.84
1997-04-25,0.6,19.39,15.01,24.79,nasa,0.83
1997-04-26,1.51,20.23,15.66,25.68,nasa,0.82
1997-04-27,5.87,19.22,15.78,24.13,nasa,0.83
1997-04-28,0.63,18.97,16.56,23.2,nasa,0.83
1997-04-29,2.29,19.22,16.11,23.02,nasa,0.83
1997-04-30,2.23,19.11,16.16,23.5,nasa,0.83
1997-05-01,2.58,19.29,16.38,23.79,nasa,0.83
1997-05-02,1.97,19.3,15.11,25.05,nasa,0.82
1997-05-03,0.68,19.27,15.91,24.8,nasa,0.82
1997-05-04,0.46,17.88,14.48,22.6,nasa,0.82
1997-05-05,1.53,17.28,13.59,22.55,nasa,0.81
1997-05-06,0.45,16.61,12.81,21.69,nasa,0.81
1997-05-07,0.23,15.74,11.42,21.01,nasa,0.81
1997-05-08,0.2,15.49,10.98,21.2,nasa,0.8
1997-05-09,0.16,16.45,11.25,22.34,nasa,0.8
1997-05-10,0.09,16.84,11.99,22.23,nasa,0.8
1997-05-11,0.39,16.38,13.13,21.03,nasa,0.79
1997-05-12,0.15,16.9,11.96,22.35,nasa,0.79
1997-05-13,0.4,16.82,10.99,22.86,nasa,0.79
1997-05-14,0.43,15.49,12.91,19.95,nasa,0.79
1997-05-15,0.08,14.08,11.43,17.53,nasa,0.79
1997-05-16,0.28,15.52,13.04,19.44,nasa,0.79
1997-05-17,0.7,15.68,12.92,19.64,nasa,0.79
1997-05-18,1.11,16.28,12.94,20.99,nasa,0.79
1997-05-19,0.71,16.78,13.33,21.79,nasa,0.78
1997-05-20,0.47,17.48,13.86,23.09,nasa,0.78
1997-05-21,0.26,17.18,13.33,22.97,nasa,0.78
1997-05-22,0.47,17.97,14.56,22.89,nasa,0.78
1997-05-23,3.13,17.95,15.7,22.05,nasa,0.78
1997-05-24,5.83,17.12,15.36,19.87,nasa,0.78
1997-05-25,4.1,16.86,13.6,21.17,nasa,0.79
1997-05-26,0.82,15.61,12.96,20.15,nasa,0.79
1997-05-27,0.36,15.65,11.63,20.9,nasa,0.79
1997-05-28,3.48,15.87,11.65,21.16,nasa,0.78
1997-05-29,0.19,17.13,12.45,22.52,nasa,0.78
1997-05-30,0.01,14.51,10.9,19.52,nasa,0.78
1997-05-31,0.07,13.2,9.59,17.73,nasa,0.77
1997-06-01,0.07,12.34,8.0,17.46,nasa,0.77
1997-06-02,0.0,12.66,8.74,18.28,nasa,0.77
1997-06-03,0.03,14.24,9.88,19.88,nasa,0.77
1997-06-04,0.58,14.48,11.16,19.75,nasa,0.77
1997-06-05,14.23,17.22,12.52,22.69,nasa,0.78
1997-06-06,0.48,18.22,15.94,21.46,nasa,0.79
1997-06-07,0.13,16.48,11.96,19.66,nasa,0.78
1997-06-08,0.17,13.01,6.83,19.66,nasa,0.78
1997-06-09,0.59,10.87,4.63,17.99,nasa,0.77
1997-06-10,0.24,13.06,8.18,19.95,nasa,0.77
1997-06-11,0.05,13.63,7.45,20.92,nasa,0.77
1997-06-12,1.72,15.5,9.98,21.47,nasa,0.76
1997-06-13,0.14,17.56,12.84,23.14,nasa,0.76
1997-06-14,0.22,16.94,12.41,22.2,nasa,0.76
1997-06-15,2.78,17.85,14.71,21.39,nasa,0.76
1997-06-16,0.49,17.93,15.8,21.25,nasa,0.76
1997-06-17,0.1,18.46,13.97,23.85,nasa,0.76
1997-06-18,0.11,16.12,12.61,21.72,nasa,0.76
1997-06-19,0.01,16.4,12.44,22.28,nasa,0.75
1997-06-20,0.04,17.72,14.11,23.35,nasa,0.75
1997-06-21,0.0,18.07,12.98,24.82,nasa,0.75
1997-06-22,0.0,17.03,12.53,23.6,nasa,0.74
1997-06-23,0.0,15.8,10.33,22.8,nasa,0.74
1997-06-24,0.18,16.19,10.45,23.29,nasa,0.74
1997-06-25,0.35,16.92,11.66,24.15,nasa,0.73
1997-06-26,0.0,16.12,10.91,22.59,nasa,0.73
1997-06-27,0.0,17.42,12.38,24.28,nasa,0.73
1997-06-28,0.0,17.82,13.03,24.62,nasa,0.72
1997-06-29,0.0,16.5,10.39,23.17,nasa,0.72
1997-06-30,0.02,17.41,12.27,23.45,nasa,0.72
1997-07-01,0.32,16.41,13.89,21.16,nasa,0.72
1997-07-02,0.01,17.03,13.16,22.3,nasa,0.72
1997-07-03,0.0,17.12,12.9,23.55,nasa,0.72
1997-07-04,0.0,17.78,11.45,24.64,nasa,0.71
1997-07-05,0.0,15.33,11.83,20.35,nasa,0.71
1997-07-06,0.0,15.36,10.78,21.23,nasa,0.71
1997-07-07,0.0,16.6,12.04,22.59,nasa,0.71
1997-07-08,0.0,15.81,11.46,21.61,nasa,0.71
1997-07-09,0.0,16.02,12.08,21.8,nasa,0.71
1997-07-10,0.0,15.93,10.7,21.95,nasa,0.7
1997-07-11,0.0,16.73,11.91,23.4,nasa,0.7
1997-07-12,0.04,16.09,10.87,22.43,nasa,0.7
1997-07-13,0.14,16.84,12.79,22.87,nasa,0.7
1997-07-14,0.01,16.75,11.97,23.62,nasa,0.7
1997-07-15,0.0,16.66,10.96,23.87,nasa,0.69
1997-07-16,0.0,17.32,11.55,23.92,nasa,0.69
1997-07-17,0.0,15.93,10.28,23.18,nasa,0.69
1997-07-18,0.0,16.67,12.8,22.18,nasa,0.69
1997-07-19,0.0,16.3,12.51,22.43,nasa,0.69
1997-07-20,0.0,15.95,11.03,22.59,nasa,0.69
1997-07-21,0.21,15.24,10.12,20.72,nasa,0.68
1997-07-22,0.72,16.6,11.69,22.96,nasa,0.68
1997-07-23,1.14,16.4,12.23,22.07,nasa,0.68
1997-07-24,0.62,15.08,11.95,20.22,nasa,0.68
1997-07-25,0.06,15.24,11.63,20.87,nasa,0.68
1997-07-26,0.06,14.6,11.27,20.33,nasa,0.68
1997-07-27,0.02,13.88,9.73,20.24,nasa,0.68
1997-07-28,0.0,14.84,9.38,22.28,nasa,0.68
1997-07-29,0.0,16.11,9.56,23.72,nasa,0.67
1997-07-30,0.0,17.49,10.11,25.65,nasa,0.67
1997-07-31,0.0,18.07,11.39,25.89,nasa,0.67
1997-08-01,0.0,17.59,11.62,26.12,nasa,0.67
1997-08-02,0.0,17.25,10.64,26.39,nasa,0.66
1997-08-03,0.0,16.28,10.18,24.0,nasa,0.66
1997-08-04,0.22,18.77,12.69,27.26,nasa,0.66
1997-08-05,1.16,17.76,14.13,24.16,nasa,0.66
1997-08-06,0.51,17.72,14.1,23.99,nasa,0.66
1997-08-07,1.47,17.54,13.38,23.62,nasa,0.66
1997-08-08,5.96,17.64,12.06,24.97,nasa,0.66
1997-08-09,8.64,11.54,7.94,13.13,nasa,0.68
1997-08-10,0.3,11.36,7.85,17.54,nasa,0.68
1997-08-11,0.01,12.13,5.86,19.73,nasa,0.68
1997-08-12,0.0,14.5,7.87,22.72,nasa,0.68
1997-08-13,0.14,14.7,8.26,23.08,nasa,0.67
1997-08-14,0.06,14.98,9.37,23.27,nasa,0.67
1997-08-15,0.22,14.58,8.73,23.24,nasa,0.66
1997-08-16,0.0,15.07,8.28,23.67,nasa,0.66
1997-08-17,0.0,15.17,9.13,23.21,nasa,0.66
1997-08-18,0.0,15.59,10.04,23.52,nasa,0.66
1997-08-19,0.0,16.33,11.06,23.89,nasa,0.65
1997-08-20,0.0,17.25,12.39,24.86,nasa,0.65
1997-08-21,0.0,17.54,10.82,26.49,nasa,0.65
1997-08-22,0.0,18.59,11.75,27.35,nasa,0.65
1997-08-23,0.0,18.79,13.21,27.42,nasa,0.64
1997-08-24,0.0,19.59,13.98,27.61,nasa,0.64
1997-08-25,0.01,19.13,14.24,27.18,nasa,0.64
1997-08-26,0.0,17.98,13.31,25.33,nasa,0.64
1997-08-27,0.0,17.84,12.43,26.33,nasa,0.64
1997-08-28,0.0,17.49,10.0,26.87,nasa,0.64
1997-08-29,0.0,18.47,12.47,27.5,nasa,0.63
1997-08-30,0.0,17.63,11.71,26.84,nasa,0.63
1997-08-31,0.0,17.56,10.95,27.27,nasa,0.63
1997-09-01,0.0,17.94,10.74,27.1,nasa,0.63
1997-09-02,0.0,19.98,14.01,28.36,nasa,0.63
1997-09-03,0.62,20.72,15.06,28.68,nasa,0.63
1997-09-04,0.24,21.48,15.39,29.82,nasa,0.63
1997-09-05,0.75,22.5,16.92,30.67,nasa,0.62
1997-09-06,9.5,21.2,16.75,27.31,nasa,0.63
1997-09-07,1.96,20.74,15.74,28.43,nasa,0.64
1997-09-08,0.22,21.44,15.39,30.17,nasa,0.64
1997-09-09,0.0,23.72,15.43,33.77,nasa,0.64
1997-09-10,0.36,24.47,16.55,34.9,nasa,0.63
1997-09-11,0.85,18.91,13.36,26.94,nasa,0.63
1997-09-12,0.37,16.17,12.07,23.02,nasa,0.63
1997-09-13,0.2,20.24,13.2,29.54,nasa,0.63
1997-09-14,3.59,22.93,15.98,32.33,nasa,0.63
1997-09-15,13.66,22.96,16.08,33.73,nasa,0.64
1997-09-16,4.85,17.83,14.21,24.21,nasa,0.66
1997-09-17,0.34,19.84,13.55,27.65,nasa,0.66
1997-09-18,0.28,20.17,14.76,28.43,nasa,0.65
1997-09-19,0.81,18.13,13.75,25.15,nasa,0.65
1997-09-20,11.9,20.51,14.52,27.9,nasa,0.65
1997-09-21,11.3,20.62,18.05,24.76,nasa,0.67
1997-09-22,1.82,19.47,15.7,24.95,nasa,0.68
1997-09-23,1.13,18.21,13.79,24.26,nasa,0.67
1997-09-24,0.95,20.48,14.75,27.23,nasa,0.67
1997-09-25,3.93,22.58,18.22,28.52,nasa,0.66
1997-09-26,13.75,21.08,15.81,27.6,nasa,0.67
1997-09-27,3.14,17.61,15.23,22.59,nasa,0.68
1997-09-28,0.68,20.15,14.07,27.19,nasa,0.68
1997-09-29,1.46,21.31,14.57,29.28,nasa,0.67
1997-09-30,2.86,20.75,17.42,25.51,nasa,0.67
1997-10-01,4.12,22.09,17.75,28.45,nasa,0.67
1997-10-02,0.31,24.02,17.94,31.22,nasa,0.67
1997-10-03,0.07,18.7,12.76,25.67,nasa,0.66
1997-10-04,0.15,17.28,11.99,25.32,nasa,0.65
1997-10-05,0.0,19.84,12.71,29.13,nasa,0.65
1997-10-06,0.0,21.78,14.39,31.78,nasa,0.65
1997-10-07,0.0,20.22,14.81,28.77,nasa,0.64
1997-10-08,0.02,19.45,14.64,27.1,nasa,0.64
1997-10-09,0.07,19.84,13.81,28.84,nasa,0.63
1997-10-10,0.01,20.55,13.45,29.6,nasa,0.63
1997-10-11,0.0,22.82,15.21,32.09,nasa,0.63
1997-10-12,0.28,24.09,16.17,33.64,nasa,0.62
1997-10-13,0.1,24.48,16.45,33.28,nasa,0.62
1997-10-14,0.47,22.76,17.09,31.69,nasa,0.62
1997-10-15,1.78,24.25,16.9,32.8,nasa,0.62
1997-10-16,6.63,24.92,17.86,34.25,nasa,0.62
1997-10-17,16.79,18.52,13.79,23.99,nasa,0.65
1997-10-18,4.42,15.82,13.36,19.98,nasa,0.66
1997-10-19,1.97,18.26,12.83,25.46,nasa,0.66
1997-10-20,3.22,20.16,14.72,27.72,nasa,0.66
1997-10-21,12.19,19.69,16.77,24.71,nasa,0.67
1997-10-22,10.9,22.05,16.87,28.39,nasa,0.68
1997-10-23,3.0,20.36,14.9,27.47,nasa,0.68
1997-10-24,1.85,20.73,14.15,28.79,nasa,0.67
1997-10-25,14.43,21.98,16.4,27.55,nasa,0.68
1997-10-26,31.76,21.39,18.94,25.51,nasa,0.7
1997-10-27,1.2,20.61,17.16,25.98,nasa,0.73
1997-10-28,0.22,21.87,16.08,29.0,nasa,0.71
1997-10-29,0.57,23.14,16.88,29.85,nasa,0.69
1997-10-30,0.51,23.74,17.55,31.25,nasa,0.68
1997-10-31,0.05,23.21,17.05,30.08,nasa,0.67
1997-11-01,0.01,24.26,18.03,31.21,nasa,0.66
1997-11-02,0.53,24.26,18.41,31.23,nasa,0.65
1997-11-03,0.36,25.05,17.37,33.07,nasa,0.65
1997-11-04,0.94,24.14,18.9,32.27,nasa,0.65
1997-11-05,1.84,22.71,18.53,30.31,nasa,0.64
1997-11-06,4.01,22.58,18.45,29.85,nasa,0.64
1997-11-07,6.74,23.7,17.59,31.27,nasa,0.65
1997-11-08,17.78,22.25,18.97,26.54,nasa,0.67
1997-11-09,2.42,23.31,19.44,28.85,nasa,0.68
1997-11-10,0.17,23.99,19.34,29.86,nasa,0.68
1997-11-11,0.64,24.6,18.37,31.0,nasa,0.67
1997-11-12,0.93,25.85,19.54,33.17,nasa,0.66
1997-11-13,0.33,25.77,20.08,33.18,nasa,0.65
1997-11-14,0.87,24.94,19.93,31.44,nasa,0.65
1997-11-15,2.27,24.52,19.1,31.23,nasa,0.64
1997-11-16,0.48,24.07,17.29,32.31,nasa,0.64
1997-11-17,0.14,23.75,17.46,32.2,nasa,0.64
1997-11-18,0.12,23.75,16.45,32.63,nasa,0.63
1997-11-19,9.98,22.99,18.27,30.83,nasa,0.63
1997-11-20,4.27,20.77,17.63,24.93,nasa,0.65
1997-11-21,0.68,23.33,17.12,30.55,nasa,0.65
1997-11-22,4.61,24.0,18.48,29.34,nasa,0.65
1997-11-23,1.57,24.4,18.78,31.0,nasa,0.65
1997-11-24,15.24,23.72,17.95,30.95,nasa,0.66
1997-11-25,24.42,21.74,19.58,25.97,nasa,0.69
1997-11-26,11.54,20.36,18.19,23.26,nasa,0.71
1997-11-27,13.34,20.81,18.1,25.88,nasa,0.72
1997-11-28,29.2,21.28,17.99,25.62,nasa,0.74
1997-11-29,36.36,18.33,14.83,22.64,nasa,0.79
1997-11-30,3.84,18.19,13.98,23.44,nasa,0.79
1997-12-01,0.88,20.98,15.71,26.64,nasa,0.77
1997-12-02,3.21,22.91,19.44,27.69,nasa,0.75
1997-12-03,1.4,23.11,19.38,27.78,nasa,0.74
1997-12-04,6.58,22.36,18.5,26.61,nasa,0.73
1997-12-05,2.36,23.21,19.84,27.51,nasa,0.73
1997-12-06,6.5,20.2,16.55,23.91,nasa,0.73
1997-12-07,13.86,20.13,15.23,24.65,nasa,0.74
1997-12-08,26.92,22.05,18.62,26.6,nasa,0.76
1997-12-09,9.67,22.12,19.6,24.91,nasa,0.79
1997-12-10,14.6,20.06,16.69,25.02,nasa,0.79
1997-12-11,13.82,20.09,16.49,25.59,nasa,0.79
1997-12-12,5.63,21.67,17.3,27.15,nasa,0.79
1997-12-13,6.73,22.35,18.03,27.35,nasa,0.78
1997-12-14,2.66,21.77,18.9,25.67,nasa,0.77
1997-12-15,6.51,22.52,19.02,26.63,nasa,0.77
1997-12-16,32.9,22.38,20.46,25.0,nasa,0.79
1997-12-17,33.87,20.92,19.04,23.13,nasa,0.85
1997-12-18,16.03,20.13,17.91,23.2,nasa,0.85
1997-12-19,11.64,20.38,16.44,24.63,nasa,0.85
1997-12-20,1.69,21.4,17.31,26.21,nasa,0.84
1997-12-21,0.51,22.66,17.36,28.57,nasa,0.82
1997-12-22,0.06,23.29,18.8,29.01,nasa,0.8
1997-12-23,0.02,22.95,17.74,29.24,nasa,0.79
1997-12-24,0.6,23.49,16.64,30.57,nasa,0.78
1997-12-25,5.2,23.1,18.7,28.18,nasa,0.78
1997-12-26,0.84,22.43,19.56,26.48,nasa,0.78
1997-12-27,0.01,22.9,18.05,28.46,nasa,0.77
1997-12-28,0.32,23.52,18.29,28.98,nasa,0.76
1997-12-29,0.76,23.22,18.15,28.64,nasa,0.76
1997-12-30,0.37,23.13,18.9,28.59,nasa,0.75
1997-12-31,0.7,23.59,17.7,29.49,nasa,0.74
1998-01-01,1.52,23.43,17.95,29.54,nasa,0.74
1998-01-02,0.99,23.87,17.25,30.25,nasa,0.73
1998-01-03,15.23,23.1,18.7,27.54,nasa,0.74
1998-01-04,11.14,22.48,20.48,25.32,nasa,0.77
1998-01-05,5.57,22.97,19.66,27.21,nasa,0.78
1998-01-06,5.23,23.8,18.15,29.67,nasa,0.77
1998-01-07,11.13,22.57,20.18,25.67,nasa,0.77
1998-01-08,18.12,22.51,19.87,26.02,nasa,0.79
1998-01-09,28.32,20.83,18.57,23.67,nasa,0.82
1998-01-10,14.02,21.04,17.89,26.06,nasa,0.84
1998-01-11,3.32,21.26,18.38,24.91,nasa,0.83
1998-01-12,2.84,21.6,19.07,24.9,nasa,0.82
1998-01-13,3.1,23.07,19.11,27.03,nasa,0.81
1998-01-14,2.48,22.86,19.51,26.95,nasa,0.81
1998-01-15,1.69,23.21,18.61,28.74,nasa,0.8
1998-01-16,13.16,22.53,19.83,26.51,nasa,0.8
1998-01-17,11.81,21.21,19.94,23.48,nasa,0.82
1998-01-18,12.08,21.55,19.15,25.36,nasa,0.83
1998-01-19,7.87,21.2,18.91,24.3,nasa,0.83
1998-01-20,3.5,20.6,18.18,23.88,nasa,0.83
1998-01-21,2.8,21.24,18.35,25.14,nasa,0.83
1998-01-22,5.71,21.49,17.52,25.89,nasa,0.82
1998-01-23,1.94,22.22,17.9,27.58,nasa,0.82
1998-01-24,0.71,22.32,17.08,27.61,nasa,0.81
1998-01-25,1.54,23.04,18.23,28.25,nasa,0.8
1998-01-26,0.63,23.12,19.57,27.59,nasa,0.79
1998-01-27,0.63,23.54,19.44,28.35,nasa,0.79
1998-01-28,0.11,23.12,18.82,28.32,nasa,0.78
1998-01-29,0.27,22.75,18.22,28.26,nasa,0.77
1998-01-30,0.13,22.63,17.62,28.49,nasa,0.77
1998-01-31,0.03,23.07,19.25,28.21,nasa,0.76
1998-02-01,0.0,23.04,18.69,28.46,nasa,0.75
1998-02-02,0.0,23.39,18.05,29.25,nasa,0.74
1998-02-03,0.0,23.74,18.86,29.2,nasa,0.74
1998-02-04,0.0,24.02,18.61,29.88,nasa,0.73
1998-02-05,0.04,24.26,18.75,30.2,nasa,0.73
1998-02-06,2.2,24.52,18.07,30.82,nasa,0.72
1998-02-07,1.02,23.16,18.88,27.88,nasa,0.72
1998-02-08,2.54,24.26,19.01,28.98,nasa,0.72
1998-02-09,0.94,24.49,19.23,29.67,nasa,0.72
1998-02-10,2.14,24.43,18.97,30.24,nasa,0.72
1998-02-11,23.02,23.6,19.96,28.5,nasa,0.73
1998-02-12,23.13,20.24,18.74,23.17,nasa,0.78
1998-02-13,8.01,21.94,18.07,27.08,nasa,0.79
1998-02-14,7.08,21.94,19.12,25.86,nasa,0.78
1998-02-15,13.51,21.42,18.7,25.38,nasa,0.79
1998-02-16,23.04,19.69,18.07,21.75,nasa,0.81
1998-02-17,19.99,20.07,17.98,23.04,nasa,0.83
1998-02-18,5.65,21.42,19.69,24.46,nasa,0.83
1998-02-19,2.76,21.41,19.4,24.65,nasa,0.82
1998-02-20,1.45,21.83,18.19,25.97,nasa,0.81
1998-02-21,0.9,22.34,17.79,27.75,nasa,0.8
1998-02-22,5.83,22.95,17.92,27.67,nasa,0.79
1998-02-23,6.09,22.49,19.31,26.13,nasa,0.8
1998-02-24,1.84,22.48,19.31,26.46,nasa,0.8
1998-02-25,0.06,22.35,18.27,28.07,nasa,0.79
1998-02-26,0.0,22.8,17.53,28.76,nasa,0.78
1998-02-27,0.21,23.88,18.48,29.23,nasa,0.77
1998-02-28,0.04,24.1,19.53,29.77,nasa,0.76
1998-03-01,0.0,23.21,17.62,29.19,nasa,0.76
1998-03-02,0.0,23.13,17.63,28.41,nasa,0.75
1998-03-03,0.0,23.08,17.43,29.36,nasa,0.74
1998-03-04,0.0,23.04,18.42,28.84,nasa,0.74
1998-03-05,0.35,22.38,17.71,28.04,nasa,0.73
1998-03-06,0.39,21.93,16.96,27.91,nasa,0.73
1998-03-07,1.09,22.21,18.02,26.99,nasa,0.72
1998-03-08,0.04,22.91,18.04,28.71,nasa,0.72
1998-03-09,0.37,23.11,18.37,28.94,nasa,0.71
1998-03-10,0.08,23.24,17.87,29.22,nasa,0.71
1998-03-11,0.94,23.34,17.16,29.5,nasa,0.71
1998-03-12,1.25,22.78,18.72,27.21,nasa,0.7
1998-03-13,3.12,22.61,20.35,26.34,nasa,0.71
1998-03-14,2.77,23.19,19.52,27.42,nasa,0.71
1998-03-15,7.62,23.12,19.3,27.3,nasa,0.71
1998-03-16,2.63,19.83,16.6,24.71,nasa,0.72
1998-03-17,1.05,19.13,15.65,24.68,nasa,0.72
1998-03-18,2.65,19.81,16.69,25.21,nasa,0.72
1998-03-19,0.48,21.29,17.41,25.35,nasa,0.71
1998-03-20,0.17,22.46,18.83,26.47,nasa,0.71
1998-03-21,1.39,23.17,19.37,27.98,nasa,0.71
1998-03-22,12.66,22.62,19.84,26.69,nasa,0.72
1998-03-23,3.64,22.88,19.56,27.0,nasa,0.73
1998-03-24,5.73,23.43,19.39,28.63,nasa,0.73
1998-03-25,9.93,23.3,18.83,28.17,nasa,0.73
1998-03-26,7.77,19.58,16.16,23.47,nasa,0.74
1998-03-27,0.97,19.37,15.96,24.11,nasa,0.74
1998-03-28,0.81,21.27,17.11,26.7,nasa,0.73
1998-03-29,3.54,22.4,17.76,27.58,nasa,0.73
1998-03-30,2.47,22.55,19.09,27.03,nasa,0.73
1998-03-31,2.93,22.77,18.33,27.67,nasa,0.72
1998-04-01,4.82,23.31,19.08,28.01,nasa,0.72
1998-04-02,3.04,20.41,16.35,24.27,nasa,0.72
1998-04-03,0.72,17.42,14.31,21.24,nasa,0.72
1998-04-04,0.13,16.57,13.09,21.3,nasa,0.71
1998-04-05,0.13,16.81,12.9,22.07,nasa,0.71
1998-04-06,0.92,17.9,13.21,24.09,nasa,0.71
1998-04-07,1.07,19.87,13.92,26.37,nasa,0.7
1998-04-08,0.41,21.94,16.28,27.33,nasa,0.7
1998-04-09,7.91,22.74,18.59,27.59,nasa,0.7
1998-04-10,8.38,22.28,17.95,27.41,nasa,0.71
1998-04-11,4.9,21.51,18.3,26.4,nasa,0.72
1998-04-12,1.75,21.94,18.14,27.53,nasa,0.71
1998-04-13,1.05,21.8,18.11,27.06,nasa,0.71
1998-04-14,1.97,22.05,18.48,27.48,nasa,0.7
1998-04-15,0.33,22.47,18.81,27.01,nasa,0.7
1998-04-16,0.2,22.79,17.93,27.88,nasa,0.69
1998-04-17,0.48,23.21,18.61,29.18,nasa,0.69
1998-04-18,1.08,22.75,18.31,28.53,nasa,0.68
1998-04-19,0.49,22.59,18.48,28.45,nasa,0.68
1998-04-20,0.24,21.01,17.37,26.59,nasa,0.68
1998-04-21,0.93,21.39,17.13,27.73,nasa,0.67
1998-04-22,0.1,21.16,15.62,27.77,nasa,0.67
1998-04-23,0.08,21.31,15.99,27.74,nasa,0.67
1998-04-24,0.58,22.15,17.86,27.89,nasa,0.66
1998-04-25,2.98,22.41,18.08,28.38,nasa,0.66
1998-04-26,1.83,20.5,17.29,25.89,nasa,0.66
1998-04-27,1.9,19.33,16.59,23.89,nasa,0.67
1998-04-28,0.17,20.86,16.7,26.62,nasa,0.67
1998-04-29,0.0,21.45,17.51,26.92,nasa,0.66
1998-04-30,0.0,22.27,18.1,28.14,nasa,0.66
1998-05-01,0.0,21.63,15.71,28.02,nasa,0.66
1998-05-02,0.0,19.89,14.85,27.18,nasa,0.66
1998-05-03,1.93,19.6,14.86,26.45,nasa,0.65
1998-05-04,17.01,21.24,16.01,26.79,nasa,0.67
1998-05-05,4.49,20.17,15.02,26.15,nasa,0.69
1998-05-06,1.46,16.6,14.27,20.87,nasa,0.69
1998-05-07,0.88,16.69,13.6,21.59,nasa,0.68
1998-05-08,0.43,15.52,12.09,20.14,nasa,0.68
1998-05-09,0.04,15.0,11.13,21.32,nasa,0.68
1998-05-10,0.0,15.96,10.68,22.94,nasa,0.67
1998-05-11,0.21,17.12,11.18,23.85,nasa,0.67
1998-05-12,0.33,18.74,13.74,25.44,nasa,0.66
1998-05-13,0.21,19.79,14.6,26.29,nasa,0.66
1998-05-14,0.11,20.12,15.57,26.65,nasa,0.66
1998-05-15,0.0,20.52,16.08,27.56,nasa,0.65
1998-05-16,0.02,19.71,14.45,27.19,nasa,0.65
1998-05-17,2.69,18.93,14.19,26.16,nasa,0.65
1998-05-18,0.83,16.6,14.19,20.57,nasa,0.65
1998-05-19,0.57,15.86,14.17,19.1,nasa,0.65
1998-05-20,1.01,17.6,14.46,22.02,nasa,0.65
1998-05-21,1.1,18.75,13.59,25.34,nasa,0.65
1998-05-22,0.27,18.98,14.37,25.29,nasa,0.65
1998-05-23,0.03,19.26,13.99,26.02,nasa,0.65
1998-05-24,0.06,19.57,14.32,26.83,nasa,0.65
1998-05-25,0.12,18.5,13.56,25.5,nasa,0.64
1998-05-26,0.23,18.78,14.17,25.59,nasa,0.64
1998-05-27,0.26,20.66,15.41,27.3,nasa,0.64
1998-05-28,7.23,18.55,15.28,23.56,nasa,0.65
1998-05-29,7.78,17.08,14.55,21.32,nasa,0.66
1998-05-30,5.73,19.08,14.8,24.5,nasa,0.67
1998-05-31,2.18,15.83,11.32,21.12,nasa,0.67
1998-06-01,0.22,14.99,9.4,22.36,nasa,0.67
1998-06-02,0.5,17.33,12.97,23.4,nasa,0.66
1998-06-03,0.94,16.38,14.11,20.13,nasa,0.66
1998-06-04,1.02,16.31,13.63,21.06,nasa,0.66
1998-06-05,0.26,14.98,11.68,20.36,nasa,0.66
1998-06-06,0.11,13.71,9.4,20.47,nasa,0.66
1998-06-07,0.0,13.85,7.92,21.46,nasa,0.65
1998-06-08,0.0,14.7,8.22,22.03,nasa,0.65
1998-06-09,0.0,15.02,8.57,23.08,nasa,0.65
1998-06-10,0.0,16.3,9.74,24.36,nasa,0.65
1998-06-11,0.01,18.4,11.65,26.13,nasa,0.64
1998-06-12,0.94,16.08,12.68,21.35,nasa,0.64
1998-06-13,0.56,14.56,11.98,19.4,nasa,0.64
1998-06-14,0.18,14.29,10.64,20.13,nasa,0.64
1998-06-15,0.2,13.7,9.7,19.02,nasa,0.64
1998-06-16,0.12,15.21,10.68,21.84,nasa,0.64
1998-06-17,0.04,16.23,10.63,22.9,nasa,0.64
1998-06-18,0.0,18.44,13.47,24.96,nasa,0.64
1998-06-19,0.45,19.33,14.22,26.91,nasa,0.64
1998-06-20,2.01,18.28,13.16,25.29,nasa,0.64
1998-06-21,1.26,15.96,13.41,21.05,nasa,0.64
1998-06-22,0.37,15.84,12.68,21.41,nasa,0.64
1998-06-23,0.05,17.03,12.58,23.73,nasa,0.64
1998-06-24,0.02,18.0,12.91,25.15,nasa,0.64
1998-06-25,4.09,14.81,10.77,17.92,nasa,0.64
1998-06-26,1.37,13.82,9.9,19.85,nasa,0.64
1998-06-27,0.2,15.39,10.39,21.76,nasa,0.64
1998-06-28,0.19,16.62,12.33,23.35,nasa,0.64
1998-06-29,0.15,15.61,11.17,22.04,nasa,0.64
1998-06-30,0.44,15.13,10.45,21.62,nasa,0.64
1998-07-01,0.1,15.75,10.67,23.57,nasa,0.64
1998-07-02,0.0,17.62,11.09,24.93,nasa,0.63
1998-07-03,0.06,17.57,11.6,25.84,nasa,0.63
1998-07-04,0.12,17.79,13.55,24.41,nasa,0.63
1998-07-05,0.54,17.12,12.16,24.13,nasa,0.63
1998-07-06,0.67,17.66,13.53,24.28,nasa,0.63
1998-07-07,0.08,18.53,11.71,25.94,nasa,0.63
1998-07-08,0.02,19.18,11.95,27.5,nasa,0.63
1998-07-09,0.01,19.29,12.2,28.02,nasa,0.63
1998-07-10,1.12,16.75,13.46,23.05,nasa,0.62
1998-07-11,0.27,14.26,11.91,17.99,nasa,0.63
1998-07-12,0.01,13.69,10.59,19.76,nasa,0.63
1998-07-13,0.0,14.3,10.24,20.63,nasa,0.62
1998-07-14,0.0,15.24,8.62,23.02,nasa,0.62
1998-07-15,0.02,16.13,9.12,24.27,nasa,0.62
1998-07-16,0.0,17.17,11.02,25.97,nasa,0.62
1998-07-17,0.0,17.82,11.58,25.78,nasa,0.62
1998-07-18,0.0,18.31,12.24,26.19,nasa,0.62
1998-07-19,0.0,19.06,13.95,26.98,nasa,0.62
1998-07-20,0.0,19.1,14.05,26.39,nasa,0.62
1998-07-21,0.0,20.17,14.56,27.62,nasa,0.62
1998-07-22,0.0,20.03,14.08,28.57,nasa,0.61
1998-07-23,0.11,18.18,14.32,24.76,nasa,0.61
1998-07-24,0.58,16.65,13.33,22.21,nasa,0.61
1998-07-25,0.23,15.32,11.6,21.36,nasa,0.61
1998-07-26,0.01,16.01,10.75,24.0,nasa,0.61
1998-07-27,0.0,16.93,9.67,26.74,nasa,0.61
1998-07-28,0.05,16.97,9.67,26.44,nasa,0.61
1998-07-29,0.01,18.74,12.01,27.59,nasa,0.61
1998-07-30,0.13,17.34,13.62,23.41,nasa,0.61
1998-07-31,0.04,16.47,12.68,22.74,nasa,0.61
1998-08-01,0.01,16.0,11.52,22.93,nasa,0.61
1998-08-02,0.08,16.85,11.09,24.55,nasa,0.61
1998-08-03,0.14,19.43,14.42,26.69,nasa,0.61
1998-08-04,0.09,19.67,15.01,26.51,nasa,0.61
1998-08-05,2.47,18.48,15.69,23.13,nasa,0.61
1998-08-06,20.74,20.01,15.09,27.25,nasa,0.62
1998-08-07,18.85,18.64,15.39,24.01,nasa,0.66
1998-08-08,5.91,18.11,15.13,23.18,nasa,0.68
1998-08-09,2.97,18.62,15.93,23.43,nasa,0.68
1998-08-10,0.98,19.55,15.71,25.12,nasa,0.67
1998-08-11,1.6,20.08,15.84,25.94,nasa,0.66
1998-08-12,0.07,20.85,15.88,27.9,nasa,0.66
1998-08-13,0.0,21.16,15.97,28.91,nasa,0.65
1998-08-14,0.04,20.57,15.77,28.38,nasa,0.65
1998-08-15,0.03,20.3,15.84,27.58,nasa,0.64
1998-08-16,0.0,20.59,15.27,28.87,nasa,0.64
1998-08-17,0.0,18.87,13.69,26.79,nasa,0.63
1998-08-18,0.17,17.98,12.3,25.95,nasa,0.63
1998-08-19,0.0,19.78,14.05,28.26,nasa,0.63
1998-08-20,0.0,21.54,15.15,30.77,nasa,0.63
1998-08-21,0.0,20.94,15.22,29.08,nasa,0.62
1998-08-22,0.1,20.4,14.44,29.42,nasa,0.62
1998-08-23,2.32,19.83,16.0,26.93,nasa,0.62
1998-08-24,0.81,20.0,14.95,27.74,nasa,0.62
1998-08-25,0.06,20.84,14.65,29.58,nasa,0.62
1998-08-26,0.0,20.65,13.85,30.07,nasa,0.62
1998-08-27,0.01,20.97,15.0,29.92,nasa,0.62
1998-08-28,0.36,19.79,14.37,28.4,nasa,0.61
1998-08-29,0.34,20.32,14.93,28.78,nasa,0.61
1998-08-30,2.06,18.45,13.48,27.22,nasa,0.61
1998-08-31,1.45,16.52,13.61,22.41,nasa,0.61
1998-09-01,1.07,16.26,13.18,22.5,nasa,0.62
1998-09-02,0.15,17.94,12.13,26.12,nasa,0.62
1998-09-03,0.01,19.72,13.6,27.57,nasa,0.61
1998-09-04,0.03,20.83,15.3,28.57,nasa,0.61
1998-09-05,0.0,21.21,14.38,30.18,nasa,0.61
1998-09-06,0.01,21.07,14.26,30.33,nasa,0.61
1998-09-07,0.11,22.4,16.59,30.77,nasa,0.61
1998-09-08,0.03,23.37,16.66,33.1,nasa,0.6
1998-09-09,0.07,22.94,15.73,32.76,nasa,0.6
1998-09-10,1.5,20.59,16.29,27.96,nasa,0.6
1998-09-11,0.29,21.85,16.25,30.43,nasa,0.6
1998-09-12,0.11,21.94,15.45,30.58,nasa,0.6
1998-09-13,0.01,22.59,15.64,32.04,nasa,0.6
1998-09-14,0.76,22.01,15.9,30.64,nasa,0.6
1998-09-15,2.09,22.93,16.44,32.11,nasa,0.6
1998-09-16,3.02,19.43,13.84,29.13,nasa,0.61
1998-09-17,1.61,20.07,13.96,29.13,nasa,0.61
1998-09-18,0.26,22.64,14.55,32.94,nasa,0.61
1998-09-19,0.03,23.1,15.9,32.28,nasa,0.6
1998-09-20,0.35,22.34,16.3,32.32,nasa,0.6
1998-09-21,1.24,22.96,16.46,31.76,nasa,0.6
1998-09-22,1.62,18.29,13.66,23.36,nasa,0.6
1998-09-23,0.48,16.92,12.89,23.65,nasa,0.6
1998-09-24,0.41,18.02,13.17,25.77,nasa,0.6
1998-09-25,0.72,19.79,13.65,27.95,nasa,0.6
1998-09-26,0.1,21.38,15.2,29.79,nasa,0.6
1998-09-27,0.0,23.0,16.28,31.23,nasa,0.6
1998-09-28,3.16,23.85,17.5,31.79,nasa,0.6
1998-09-29,0.82,24.0,17.28,32.48,nasa,0.6
1998-09-30,6.2,21.96,17.8,29.29,nasa,0.61
1998-10-01,14.94,20.16,16.74,27.04,nasa,0.62
1998-10-02,11.26,19.18,15.43,25.19,nasa,0.65
1998-10-03,1.95,20.66,14.97,27.98,nasa,0.65
1998-10-04,0.39,22.25,16.18,30.31,nasa,0.64
1998-10-05,0.34,23.78,17.27,31.6,nasa,0.64
1998-10-06,1.12,23.49,18.25,30.66,nasa,0.63
1998-10-07,5.87,23.2,18.58,31.35,nasa,0.63
1998-10-08,9.27,22.49,18.6,28.27,nasa,0.64
1998-10-09,3.97,22.82,17.85,30.03,nasa,0.65
1998-10-10,3.86,19.1,13.94,26.17,nasa,0.65
1998-10-11,6.51,19.93,13.77,26.47,nasa,0.65
1998-10-12,7.42,21.19,17.48,24.98,nasa,0.66
1998-10-13,9.7,20.54,18.43,25.07,nasa,0.67
1998-10-14,3.24,19.87,16.04,24.76,nasa,0.67
1998-10-15,1.13,20.11,15.19,27.9,nasa,0.66
1998-10-16,3.9,20.99,15.85,27.86,nasa,0.66
1998-10-17,7.7,22.64,18.34,29.02,nasa,0.66
1998-10-18,8.37,19.75,14.72,25.13,nasa,0.67
1998-10-19,1.67,17.37,13.49,23.27,nasa,0.67
1998-10-20,0.51,16.81,11.14,23.02,nasa,0.66
1998-10-21,0.15,16.43,9.64,24.88,nasa,0.65
1998-10-22,0.04,18.45,11.02,27.0,nasa,0.65
1998-10-23,1.38,21.34,14.84,29.34,nasa,0.64
1998-10-24,2.96,22.69,16.48,30.28,nasa,0.64
1998-10-25,6.03,21.64,18.14,27.49,nasa,0.65
1998-10-26,0.87,21.7,17.15,28.04,nasa,0.65
1998-10-27,1.36,22.0,18.02,26.41,nasa,0.64
1998-10-28,4.86,21.21,18.71,25.73,nasa,0.65
1998-10-29,9.78,21.06,18.36,25.8,nasa,0.66
1998-10-30,18.83,18.58,15.77,20.95,nasa,0.68
1998-10-31,27.85,16.11,14.26,18.48,nasa,0.71
1998-11-01,5.54,17.84,14.33,23.18,nasa,0.73
1998-11-02,9.45,18.08,15.08,22.94,nasa,0.73
1998-11-03,18.85,18.7,15.62,24.08,nasa,0.74
1998-11-04,8.27,19.52,15.69,24.24,nasa,0.74
1998-11-05,4.1,20.72,17.54,25.8,nasa,0.74
1998-11-06,0.93,19.98,16.85,24.87,nasa,0.72
1998-11-07,0.32,19.42,15.91,23.77,nasa,0.71
1998-11-08,10.86,21.82,15.99,27.88,nasa,0.71
1998-11-09,6.77,20.73,15.49,26.23,nasa,0.72
1998-11-10,7.79,18.01,14.71,23.68,nasa,0.72
1998-11-11,15.47,16.81,15.05,20.29,nasa,0.73
1998-11-12,5.03,17.24,14.58,21.57,nasa,0.74
1998-11-13,2.43,17.07,14.69,21.35,nasa,0.73
1998-11-14,4.68,18.14,14.86,22.26,nasa,0.73
1998-11-15,1.35,19.09,15.53,24.63,nasa,0.73
1998-11-16,0.4,20.24,14.37,26.22,nasa,0.72
1998-11-17,2.45,21.49,16.65,27.3,nasa,0.71
1998-11-18,13.16,23.75,19.19,28.76,nasa,0.71
1998-11-19,13.3,21.48,17.02,27.28,nasa,0.73
1998-11-20,3.01,19.41,16.56,24.39,nasa,0.73
1998-11-21,5.11,20.13,15.61,26.58,nasa,0.73
1998-11-22,15.89,18.71,15.77,24.59,nasa,0.74
1998-11-23,6.43,17.66,14.55,22.99,nasa,0.75
1998-11-24,1.32,19.37,13.91,26.25,nasa,0.74
1998-11-25,1.77,21.18,14.74,27.22,nasa,0.73
1998-11-26,9.18,22.84,18.3,28.32,nasa,0.73
1998-11-27,19.37,21.43,18.36,25.62,nasa,0.74
1998-11-28,9.34,20.6,17.28,25.45,nasa,0.76
1998-11-29,3.79,21.14,16.55,26.81,nasa,0.75
1998-11-30,6.49,21.46,16.96,27.18,nasa,0.75
1998-12-01,2.68,20.71,17.28,25.82,nasa,0.75
1998-12-02,2.76,21.75,15.95,28.44,nasa,0.73
1998-12-03,8.32,22.1,18.01,27.85,nasa,0.73
1998-12-04,4.23,21.15,17.59,27.05,nasa,0.74
1998-12-05,20.21,22.38,18.36,26.69,nasa,0.75
1998-12-06,21.84,22.46,20.09,25.55,nasa,0.77
1998-12-07,33.58,21.88,18.71,26.66,nasa,0.81
1998-12-08,13.23,21.52,17.98,26.26,nasa,0.83
1998-12-09,7.16,22.3,18.12,27.52,nasa,0.81
1998-12-10,3.28,22.27,17.27,28.52,nasa,0.8
1998-12-11,0.22,21.71,17.45,27.46,nasa,0.78
1998-12-12,4.07,21.84,16.75,27.85,nasa,0.78
1998-12-13,10.03,23.34,18.41,28.96,nasa,0.77
1998-12-14,12.41,22.54,19.9,26.42,nasa,0.79
1998-12-15,15.69,21.75,18.77,25.82,nasa,0.8
1998-12-16,21.47,20.78,18.83,23.37,nasa,0.82
1998-12-17,7.36,21.29,17.98,24.4,nasa,0.82
1998-12-18,9.17,21.89,19.62,24.9,nasa,0.82
1998-12-19,14.11,22.33,18.72,26.89,nasa,0.82
1998-12-20,11.6,19.41,16.38,25.08,nasa,0.83
1998-12-21,0.68,21.75,16.64,27.11,nasa,0.82
1998-12-22,3.13,21.83,17.91,27.06,nasa,0.81
1998-12-23,4.44,22.27,17.79,28.01,nasa,0.8
1998-12-24,7.48,21.49,17.71,26.89,nasa,0.8
1998-12-25,7.84,20.44,16.85,25.32,nasa,0.81
1998-12-26,8.89,21.08,17.47,26.11,nasa,0.81
1998-12-27,5.6,20.75,16.45,26.68,nasa,0.81
1998-12-28,8.71,20.14,16.43,24.04,nasa,0.81
1998-12-29,13.79,21.42,17.78,25.92,nasa,0.82
1998-12-30,13.82,22.0,18.72,25.95,nasa,0.83
1998-12-31,12.1,22.1,18.85,25.88,nasa,0.84
1999-01-01,8.5,21.36,19.08,24.99,nasa,0.84
1999-01-02,9.14,21.4,19.01,25.14,nasa,0.84
1999-01-03,21.61,22.02,19.31,25.87,nasa,0.85
1999-01-04,33.31,22.5,19.43,26.55,nasa,0.89
1999-01-05,6.25,22.09,20.0,25.47,nasa,0.89
1999-01-06,6.45,22.11,19.35,25.61,nasa,0.88
1999-01-07,1.79,22.33,18.25,27.24,nasa,0.87
1999-01-08,1.46,22.8,18.26,28.45,nasa,0.86
1999-01-09,0.05,21.86,17.38,27.54,nasa,0.85
1999-01-10,0.04,21.06,16.61,26.8,nasa,0.84
1999-01-11,0.07,20.45,15.7,26.45,nasa,0.83
1999-01-12,0.5,20.54,15.41,26.01,nasa,0.83
1999-01-13,3.43,21.32,16.61,26.84,nasa,0.82
1999-01-14,2.18,21.67,17.33,26.64,nasa,0.82
1999-01-15,0.83,22.68,19.04,27.1,nasa,0.82
1999-01-16,0.98,23.21,18.14,28.67,nasa,0.81
1999-01-17,0.15,22.82,17.25,29.39,nasa,0.81
1999-01-18,0.06,21.75,15.72,28.08,nasa,0.8
1999-01-19,0.31,23.28,16.6,29.85,nasa,0.79
1999-01-20,1.14,24.05,17.59,30.12,nasa,0.78
1999-01-21,0.85,23.99,18.39,30.27,nasa,0.78
1999-01-22,1.54,23.11,17.9,28.94,nasa,0.77
1999-01-23,2.81,22.49,17.6,28.23,nasa,0.77
1999-01-24,2.97,22.11,18.37,27.31,nasa,0.77
1999-01-25,3.83,22.07,18.27,27.36,nasa,0.77
1999-01-26,1.59,22.96,18.3,28.72,nasa,0.77
1999-01-27,3.63,22.74,18.91,27.62,nasa,0.76
1999-01-28,2.54,21.31,18.96,24.26,nasa,0.76
1999-01-29,2.99,22.92,19.45,27.63,nasa,0.77
1999-01-30,1.96,23.23,18.88,28.32,nasa,0.76
1999-01-31,0.86,22.97,18.48,28.06,nasa,0.76
1999-02-01,0.1,21.39,16.24,28.28,nasa,0.75
1999-02-02,0.21,21.97,15.51,28.28,nasa,0.74
1999-02-03,2.29,22.69,17.43,28.42,nasa,0.73
1999-02-04,0.71,21.71,14.89,28.62,nasa,0.73
1999-02-05,1.31,23.04,18.57,28.59,nasa,0.73
1999-02-06,1.65,22.4,17.81,27.59,nasa,0.72
1999-02-07,0.85,22.54,18.26,28.22,nasa,0.72
1999-02-08,0.44,23.22,17.73,29.13,nasa,0.71
1999-02-09,0.65,23.5,17.9,29.71,nasa,0.71
1999-02-10,2.89,23.42,18.13,29.83,nasa,0.71
1999-02-11,21.14,23.69,19.51,28.86,nasa,0.72
1999-02-12,2.67,22.71,19.94,26.93,nasa,0.75
1999-02-13,0.06,22.58,19.05,27.49,nasa,0.74
1999-02-14,0.07,23.06,17.77,29.0,nasa,0.73
1999-02-15,0.2,22.56,17.0,29.35,nasa,0.72
1999-02-16,3.03,21.97,17.2,28.35,nasa,0.71
1999-02-17,2.66,22.42,18.23,27.76,nasa,0.71
1999-02-18,0.6,22.26,17.38,28.26,nasa,0.71
1999-02-19,0.47,21.98,17.27,28.22,nasa,0.7
1999-02-20,0.36,22.12,16.95,28.13,nasa,0.69
1999-02-21,1.08,22.23,17.32,28.64,nasa,0.69
1999-02-22,1.55,22.05,17.35,28.52,nasa,0.69
1999-02-23,1.62,22.41,17.55,28.65,nasa,0.68
1999-02-24,3.12,20.73,18.28,24.04,nasa,0.68
1999-02-25,6.87,21.86,17.83,27.32,nasa,0.69
1999-02-26,9.09,21.42,18.48,25.45,nasa,0.7
1999-02-27,2.85,21.66,18.47,26.48,nasa,0.71
1999-02-28,2.28,20.79,17.95,24.8,nasa,0.71
1999-03-01,2.75,21.23,18.06,25.61,nasa,0.7
1999-03-02,26.71,20.26,18.73,22.46,nasa,0.72
1999-03-03,18.74,21.07,18.87,24.71,nasa,0.76
1999-03-04,11.67,21.55,18.33,26.13,nasa,0.77
1999-03-05,7.99,22.08,17.61,27.41,nasa,0.77
1999-03-06,14.32,21.06,19.86,23.09,nasa,0.77
1999-03-07,10.1,20.86,18.28,24.7,nasa,0.79
1999-03-08,3.77,21.18,17.03,26.75,nasa,0.78
1999-03-09,1.97,21.63,16.06,27.94,nasa,0.77
1999-03-10,10.19,21.89,17.31,27.1,nasa,0.76
1999-03-11,4.24,22.05,18.05,27.11,nasa,0.76
1999-03-12,16.33,21.27,18.8,24.47,nasa,0.77
1999-03-13,16.22,20.68,17.61,24.8,nasa,0.8
1999-03-14,1.93,19.76,16.8,24.92,nasa,0.79
1999-03-15,2.66,19.67,15.99,24.72,nasa,0.78
1999-03-16,2.82,20.21,16.71,26.02,nasa,0.77
1999-03-17,1.91,19.8,16.58,24.29,nasa,0.77
1999-03-18,1.55,19.48,15.4,25.17,nasa,0.76
1999-03-19,2.09,19.47,14.57,25.41,nasa,0.76
1999-03-20,1.1,20.83,16.08,26.27,nasa,0.75
1999-03-21,2.12,21.64,16.83,26.86,nasa,0.75
1999-03-22,6.64,21.7,17.38,26.72,nasa,0.74
1999-03-23,3.63,21.77,17.88,26.67,nasa,0.75
1999-03-24,1.9,20.76,17.13,26.12,nasa,0.74
1999-03-25,0.45,21.27,16.43,26.29,nasa,0.74
1999-03-26,2.95,22.76,18.75,27.81,nasa,0.74
1999-03-27,0.52,22.41,17.82,28.25,nasa,0.73
1999-03-28,0.13,22.86,18.08,28.37,nasa,0.72
1999-03-29,2.25,23.49,18.96,28.34,nasa,0.72
1999-03-30,6.13,23.92,20.04,28.97,nasa,0.72
1999-03-31,0.44,22.34,17.99,28.24,nasa,0.72
1999-04-01,0.0,20.57,16.05,26.98,nasa,0.72
1999-04-02,0.0,21.05,15.3,27.55,nasa,0.71
1999-04-03,0.0,21.59,16.52,28.38,nasa,0.7
1999-04-04,0.86,21.67,16.82,27.77,nasa,0.7
1999-04-05,1.42,21.42,18.07,27.13,nasa,0.7
1999-04-06,0.73,21.34,17.74,27.02,nasa,0.7
1999-04-07,0.95,20.49,16.23,26.31,nasa,0.69
1999-04-08,2.29,21.62,16.8,27.63,nasa,0.69
1999-04-09,4.83,20.15,17.0,25.4,nasa,0.69
1999-04-10,1.55,18.89,15.6,23.86,nasa,0.7
1999-04-11,0.71,18.19,14.33,23.28,nasa,0.69
1999-04-12,0.28,18.92,14.7,25.16,nasa,0.69
1999-04-13,0.39,19.96,13.56,26.57,nasa,0.69
1999-04-14,1.91,20.77,14.83,27.7,nasa,0.68
1999-04-15,2.52,21.77,16.67,27.75,nasa,0.69
1999-04-16,2.28,21.46,18.23,26.34,nasa,0.69
1999-04-17,15.86,21.98,17.07,27.79,nasa,0.7
1999-04-18,2.84,17.13,14.77,20.95,nasa,0.71
1999-04-19,0.86,18.66,15.44,24.41,nasa,0.71
1999-04-20,1.23,19.41,15.22,25.39,nasa,0.71
1999-04-21,1.88,20.57,16.55,26.34,nasa,0.7
1999-04-22,2.92,20.04,16.65,25.12,nasa,0.7
1999-04-23,0.64,18.2,14.6,23.12,nasa,0.7
1999-04-24,0.08,17.45,13.07,23.64,nasa,0.69
1999-04-25,0.01,17.93,13.46,24.16,nasa,0.69
1999-04-26,0.1,17.62,13.76,23.78,nasa,0.68
1999-04-27,1.11,17.24,13.7,22.38,nasa,0.68
1999-04-28,0.38,16.64,13.25,22.03,nasa,0.68
1999-04-29,0.44,17.38,12.8,23.61,nasa,0.68
1999-04-30,2.73,19.13,14.5,25.09,nasa,0.68
1999-05-01,1.22,19.4,16.26,24.85,nasa,0.68
1999-05-02,0.34,18.34,15.03,23.7,nasa,0.68
1999-05-03,0.05,18.19,13.74,24.39,nasa,0.67
1999-05-04,0.01,18.72,14.13,25.42,nasa,0.67
1999-05-05,0.03,19.44,14.11,26.16,nasa,0.67
1999-05-06,0.03,20.55,15.37,27.51,nasa,0.66
1999-05-07,0.47,21.98,17.02,27.76,nasa,0.66
1999-05-08,1.51,18.3,14.04,23.62,nasa,0.66
1999-05-09,0.31,16.2,13.21,20.65,nasa,0.66
1999-05-10,0.19,16.87,13.53,22.57,nasa,0.66
1999-05-11,0.29,18.39,14.03,24.32,nasa,0.66
1999-05-12,0.34,19.98,15.42,25.96,nasa,0.66
1999-05-13,1.08,17.9,13.78,23.35,nasa,0.66
1999-05-14,0.19,15.32,11.7,20.78,nasa,0.65
1999-05-15,0.53,14.28,10.68,19.32,nasa,0.65
1999-05-16,0.53,15.16,11.1,20.88,nasa,0.65
1999-05-17,0.1,16.3,12.05,22.84,nasa,0.65
1999-05-18,0.0,16.97,11.48,23.88,nasa,0.65
1999-05-19,0.0,18.31,11.7,25.5,nasa,0.65
1999-05-20,0.0,18.02,11.95,25.63,nasa,0.65
1999-05-21,0.0,13.85,7.73,21.46,nasa,0.65
1999-05-22,0.0,14.36,9.63,22.58,nasa,0.64
1999-05-23,0.0,14.45,8.83,22.59,nasa,0.64
1999-05-24,0.0,15.95,9.45,24.39,nasa,0.64
1999-05-25,0.0,17.53,12.97,24.67,nasa,0.64
1999-05-26,0.0,17.75,13.23,24.72,nasa,0.64
1999-05-27,0.0,18.19,12.22,25.99,nasa,0.64
1999-05-28,0.5,18.59,13.54,24.98,nasa,0.64
1999-05-29,0.37,19.85,15.35,26.54,nasa,0.64
1999-05-30,0.33,20.13,15.32,26.9,nasa,0.64
1999-05-31,0.08,14.63,9.73,20.52,nasa,0.64
1999-06-01,0.0,15.68,11.31,22.24,nasa,0.63
1999-06-02,0.0,16.89,11.69,24.57,nasa,0.63
1999-06-03,0.03,18.07,12.45,25.25,nasa,0.63
1999-06-04,0.02,18.04,11.69,26.28,nasa,0.63
1999-06-05,0.27,17.95,13.77,24.4,nasa,0.63
1999-06-06,2.31,18.05,13.46,25.04,nasa,0.63
1999-06-07,6.35,16.55,14.55,21.56,nasa,0.64
1999-06-08,8.65,16.84,14.49,22.0,nasa,0.65
1999-06-09,4.96,16.2,13.46,20.93,nasa,0.66
1999-06-10,0.9,16.19,12.39,21.54,nasa,0.66
1999-06-11,0.3,17.16,12.96,22.88,nasa,0.66
1999-06-12,1.09,16.45,13.29,21.72,nasa,0.66
1999-06-13,0.84,17.53,13.09,23.65,nasa,0.66
1999-06-14,1.05,16.89,14.02,21.92,nasa,0.66
1999-06-15,0.07,16.94,13.41,22.6,nasa,0.65
1999-06-16,0.15,17.62,13.46,23.47,nasa,0.65
1999-06-17,0.09,17.34,12.26,23.98,nasa,0.65
1999-06-18,0.26,17.79,13.28,23.85,nasa,0.65
1999-06-19,0.0,18.28,12.51,25.78,nasa,0.64
1999-06-20,0.07,18.54,14.24,24.47,nasa,0.64
1999-06-21,2.2,18.28,15.8,22.79,nasa,0.64
1999-06-22,1.06,18.21,14.13,24.94,nasa,0.64
1999-06-23,0.04,17.65,12.74,25.26,nasa,0.64
1999-06-24,0.0,17.48,12.14,24.87,nasa,0.64
1999-06-25,0.02,18.5,12.4,26.07,nasa,0.64
1999-06-26,0.02,17.82,13.32,24.77,nasa,0.64
1999-06-27,0.01,17.21,12.71,24.26,nasa,0.63
1999-06-28,0.0,17.76,13.02,25.14,nasa,0.63
1999-06-29,0.02,18.57,12.89,26.26,nasa,0.63
1999-06-30,0.06,19.2,13.22,28.33,nasa,0.63
1999-07-01,0.16,15.5,12.15,21.42,nasa,0.63
1999-07-02,0.03,16.39,11.87,23.28,nasa,0.63
1999-07-03,0.06,17.35,11.62,25.69,nasa,0.63
1999-07-04,0.06,19.92,14.57,27.15,nasa,0.62
1999-07-05,1.51,18.02,14.31,24.22,nasa,0.62
1999-07-06,1.12,15.16,12.99,19.53,nasa,0.63
1999-07-07,0.17,16.53,12.11,23.63,nasa,0.63
1999-07-08,0.18,17.65,12.25,25.34,nasa,0.62
1999-07-09,0.65,17.43,11.61,25.29,nasa,0.62
1999-07-10,1.21,15.65,12.86,20.71,nasa,0.62
1999-07-11,3.03,14.7,11.39,20.35,nasa,0.63
1999-07-12,1.19,14.27,9.97,20.35,nasa,0.63
1999-07-13,1.15,14.69,11.18,19.57,nasa,0.63
1999-07-14,0.31,15.22,9.11,22.98,nasa,0.63
1999-07-15,0.19,17.45,13.02,24.52,nasa,0.63
1999-07-16,0.03,17.81,13.57,24.28,nasa,0.63
1999-07-17,0.01,20.22,15.16,26.86,nasa,0.63
1999-07-18,0.22,18.64,14.88,24.75,nasa,0.62
1999-07-19,0.06,18.87,14.49,25.86,nasa,0.62
1999-07-20,0.01,18.53,13.77,25.46,nasa,0.62
1999-07-21,0.0,19.55,14.04,27.24,nasa,0.62
1999-07-22,0.08,18.51,13.47,26.16,nasa,0.62
1999-07-23,0.14,17.42,13.47,23.94,nasa,0.62
1999-07-24,0.64,18.67,13.7,25.92,nasa,0.62
1999-07-25,2.96,18.49,13.94,25.48,nasa,0.62
1999-07-26,0.39,18.84,14.42,25.57,nasa,0.62
1999-07-27,0.0,19.47,14.43,26.99,nasa,0.62
1999-07-28,0.09,19.89,15.2,27.29,nasa,0.62
1999-07-29,0.09,18.45,14.88,24.56,nasa,0.62
1999-07-30,0.02,18.86,13.2,26.63,nasa,0.62
1999-07-31,0.66,17.15,12.05,25.77,nasa,0.61
1999-08-01,0.19,15.21,11.39,22.16,nasa,0.61
1999-08-02,0.01,16.26,10.93,25.08,nasa,0.61
1999-08-03,0.0,15.88,10.49,24.53,nasa,0.61
1999-08-04,0.13,15.18,10.99,21.79,nasa,0.61
1999-08-05,0.05,14.71,9.58,22.5,nasa,0.61
1999-08-06,0.01,15.1,8.81,24.13,nasa,0.61
1999-08-07,0.01,16.25,10.37,24.95,nasa,0.61
1999-08-08,0.15,17.89,11.25,27.46,nasa,0.61
1999-08-09,0.18,16.36,12.59,23.3,nasa,0.61
1999-08-10,0.0,18.26,11.53,28.11,nasa,0.61
1999-08-11,0.0,19.29,12.3,29.24,nasa,0.61
1999-08-12,0.0,18.92,12.14,29.18,nasa,0.6
1999-08-13,0.0,18.78,10.52,28.73,nasa,0.6
1999-08-14,0.75,19.93,12.8,30.25,nasa,0.6
1999-08-15,1.2,12.33,8.56,16.52,nasa,0.6
1999-08-16,3.93,11.1,8.48,15.55,nasa,0.61
1999-08-17,1.44,12.1,9.1,17.15,nasa,0.61
1999-08-18,0.87,14.52,10.53,20.96,nasa,0.61
1999-08-19,0.63,15.59,9.89,23.06,nasa,0.61
1999-08-20,1.72,15.78,12.42,21.63,nasa,0.61
1999-08-21,0.64,15.26,9.97,23.25,nasa,0.61
1999-08-22,0.09,15.5,8.32,24.84,nasa,0.61
1999-08-23,0.01,16.31,8.35,25.98,nasa,0.61
1999-08-24,0.0,16.61,10.26,26.05,nasa,0.61
1999-08-25,0.03,17.43,11.44,26.67,nasa,0.61
1999-08-26,0.0,18.79,12.55,27.56,nasa,0.61
1999-08-27,0.0,19.47,11.75,29.44,nasa,0.6
1999-08-28,0.0,20.03,13.49,29.47,nasa,0.6
1999-08-29,0.0,21.4,14.34,31.44,nasa,0.6
1999-08-30,0.0,20.79,13.86,30.72,nasa,0.6
1999-08-31,0.0,19.83,13.43,29.36,nasa,0.6
1999-09-01,0.0,18.76,13.01,27.62,nasa,0.6
1999-09-02,0.0,19.22,11.98,28.93,nasa,0.6
1999-09-03,0.0,19.68,11.63,29.65,nasa,0.6
1999-09-04,0.02,20.97,14.26,30.5,nasa,0.6
1999-09-05,0.03,20.59,14.03,29.35,nasa,0.6
1999-09-06,0.05,20.53,14.77,28.9,nasa,0.6
1999-09-07,0.05,22.26,15.79,31.38,nasa,0.6
1999-09-08,0.0,21.85,15.53,31.02,nasa,0.6
1999-09-09,0.05,22.12,15.48,31.25,nasa,0.6
1999-09-10,2.51,21.61,15.95,30.08,nasa,0.59
1999-09-11,5.78,19.07,15.83,24.63,nasa,0.61
1999-09-12,1.26,20.26,15.89,26.88,nasa,0.61
1999-09-13,0.32,21.33,15.92,28.62,nasa,0.61
1999-09-14,0.08,21.73,17.32,29.16,nasa,0.61
1999-09-15,0.02,22.27,16.65,30.27,nasa,0.6
1999-09-16,0.3,19.12,14.12,25.66,nasa,0.6
1999-09-17,0.53,18.02,13.53,25.69,nasa,0.6
1999-09-18,0.23,18.88,13.88,26.79,nasa,0.6
1999-09-19,0.43,20.27,14.66,27.85,nasa,0.6
1999-09-20,2.34,20.45,15.35,27.95,nasa,0.6
1999-09-21,1.61,20.63,15.39,27.11,nasa,0.6
1999-09-22,13.49,18.14,13.28,21.98,nasa,0.61
1999-09-23,1.67,15.13,10.08,21.7,nasa,0.63
1999-09-24,0.06,12.92,7.45,20.81,nasa,0.63
1999-09-25,0.0,14.0,6.08,23.13,nasa,0.62
1999-09-26,0.0,17.82,9.65,27.86,nasa,0.62
1999-09-27,0.0,19.39,11.28,29.98,nasa,0.61
1999-09-28,0.0,20.11,13.55,28.43,nasa,0.61
1999-09-29,0.0,23.01,14.67,32.18,nasa,0.61
1999-09-30,0.18,20.98,15.18,28.64,nasa,0.61
1999-10-01,0.01,22.38,14.17,30.78,nasa,0.6
1999-10-02,0.24,25.51,17.95,36.26,nasa,0.6
1999-10-03,2.96,17.8,13.33,23.69,nasa,0.6
1999-10-04,4.38,15.08,11.71,21.52,nasa,0.61
1999-10-05,1.94,14.52,11.21,21.19,nasa,0.61
1999-10-06,0.19,15.75,10.88,23.06,nasa,0.61
1999-10-07,0.03,16.76,12.09,24.26,nasa,0.61
1999-10-08,0.03,19.81,11.98,28.96,nasa,0.61
1999-10-09,0.27,21.61,14.7,31.55,nasa,0.61
1999-10-10,0.42,18.94,13.88,27.8,nasa,0.6
1999-10-11,0.26,18.1,12.72,27.63,nasa,0.6
1999-10-12,0.13,17.68,13.54,25.65,nasa,0.6
1999-10-13,0.08,17.7,12.75,25.4,nasa,0.6
1999-10-14,0.01,20.13,12.04,30.56,nasa,0.6
1999-10-15,0.0,21.42,12.2,31.96,nasa,0.6
1999-10-16,0.0,23.14,13.76,33.81,nasa,0.6
1999-10-17,0.19,24.63,16.46,35.39,nasa,0.6
1999-10-18,6.14,23.2,18.66,32.58,nasa,0.6
1999-10-19,26.99,21.36,18.12,26.45,nasa,0.62
1999-10-20,5.56,21.08,15.95,27.91,nasa,0.66
1999-10-21,14.03,21.36,16.81,27.58,nasa,0.66
1999-10-22,28.84,20.68,17.22,26.25,nasa,0.69
1999-10-23,1.09,17.79,12.49,22.89,nasa,0.7
1999-10-24,0.09,16.19,10.78,23.63,nasa,0.68
1999-10-25,0.93,16.28,12.18,22.53,nasa,0.67
1999-10-26,1.18,16.04,12.35,20.92,nasa,0.66
1999-10-27,0.65,17.12,14.18,21.84,nasa,0.66
1999-10-28,0.46,19.69,14.21,26.17,nasa,0.65
1999-10-29,5.41,20.3,15.2,27.74,nasa,0.65
1999-10-30,2.12,18.75,14.32,25.37,nasa,0.65
1999-10-31,3.09,16.77,12.51,23.49,nasa,0.65
1999-11-01,0.86,16.31,11.06,23.21,nasa,0.65
1999-11-02,0.73,17.48,12.88,24.33,nasa,0.64
1999-11-03,0.03,19.45,12.48,27.69,nasa,0.64
1999-11-04,0.25,21.77,14.86,30.49,nasa,0.64
1999-11-05,3.93,23.42,16.23,31.98,nasa,0.63
1999-11-06,51.47,20.1,15.22,25.41,nasa,0.68
1999-11-07,22.11,17.42,14.24,21.23,nasa,0.74
1999-11-08,7.35,20.53,17.39,24.75,nasa,0.74
1999-11-09,13.65,21.25,18.12,25.55,nasa,0.74
1999-11-10,25.36,16.58,12.71,20.81,nasa,0.76
1999-11-11,6.28,15.31,12.41,20.47,nasa,0.76
1999-11-12,5.22,17.42,12.85,22.62,nasa,0.75
1999-11-13,6.59,18.58,16.24,21.42,nasa,0.74
1999-11-14,16.44,19.82,16.59,23.16,nasa,0.75
1999-11-15,3.81,17.49,13.21,22.99,nasa,0.76
1999-11-16,1.13,16.3,12.83,21.76,nasa,0.74
1999-11-17,1.07,16.63,12.49,22.77,nasa,0.73
1999-11-18,0.87,17.48,12.85,24.26,nasa,0.72
1999-11-19,2.4,18.19,13.53,23.06,nasa,0.72
1999-11-20,14.96,18.81,15.83,22.66,nasa,0.73
1999-11-21,28.5,18.84,16.89,21.39,nasa,0.75
1999-11-22,19.06,18.96,16.34,22.29,nasa,0.8
1999-11-23,10.8,21.51,17.79,26.74,nasa,0.79
1999-11-24,12.1,21.83,17.75,26.6,nasa,0.79
1999-11-25,4.19,21.28,17.93,26.09,nasa,0.78
1999-11-26,10.59,22.28,18.05,27.29,nasa,0.78
1999-11-27,16.61,21.8,18.55,26.26,nasa,0.78
1999-11-28,18.89,20.61,16.8,25.89,nasa,0.8
1999-11-29,1.18,18.95,15.98,22.54,nasa,0.8
1999-11-30,5.17,19.83,16.69,24.5,nasa,0.79
1999-12-01,8.65,19.67,16.05,25.19,nasa,0.79
1999-12-02,7.31,19.73,15.68,25.67,nasa,0.79
1999-12-03,2.29,20.54,15.53,26.31,nasa,0.78
1999-12-04,16.55,20.91,16.9,25.86,nasa,0.78
1999-12-05,29.94,20.11,18.15,23.74,nasa,0.82
1999-12-06,14.37,21.41,18.43,25.55,nasa,0.84
1999-12-07,13.06,21.05,18.77,24.64,nasa,0.84
1999-12-08,3.05,20.76,18.55,24.49,nasa,0.83
1999-12-09,0.34,20.55,17.44,25.09,nasa,0.82
1999-12-10,3.62,21.03,17.29,26.7,nasa,0.81
1999-12-11,9.73,20.36,16.34,24.93,nasa,0.81
1999-12-12,10.71,19.18,16.35,23.38,nasa,0.82
1999-12-13,5.19,20.21,16.13,24.86,nasa,0.82
1999-12-14,6.89,21.99,18.49,25.81,nasa,0.82
1999-12-15,8.37,22.59,19.83,25.89,nasa,0.83
1999-12-16,2.45,22.64,17.95,27.85,nasa,0.83
1999-12-17,1.94,21.62,15.86,27.96,nasa,0.81
1999-12-18,4.2,21.16,15.97,27.64,nasa,0.81
1999-12-19,4.13,21.27,17.79,26.23,nasa,0.8
1999-12-20,2.69,22.35,16.96,28.94,nasa,0.8
1999-12-21,4.17,22.01,17.9,27.46,nasa,0.8
1999-12-22,4.14,21.95,18.04,26.63,nasa,0.8
1999-12-23,12.81,21.57,18.45,25.52,nasa,0.8
1999-12-24,8.8,20.37,17.77,24.14,nasa,0.82
1999-12-25,5.88,20.49,17.04,25.45,nasa,0.82
1999-12-26,2.93,21.27,17.73,26.43,nasa,0.81
1999-12-27,1.43,21.41,16.09,27.31,nasa,0.8
1999-12-28,5.24,21.07,17.35,25.54,nasa,0.8
1999-12-29,5.98,21.81,16.88,27.17,nasa,0.8
1999-12-30,4.86,21.5,17.81,26.76,nasa,0.8
1999-12-31,9.54,22.09,18.02,26.53,nasa,0.8
2000-01-01,12.64,20.48,19.34,21.92,nasa,0.82
2000-01-02,14.83,20.59,18.88,23.37,nasa,0.84
2000-01-03,3.89,20.84,18.76,24.2,nasa,0.83
2000-01-04,0.78,22.23,18.81,27.15,nasa,0.82
2000-01-05,0.15,22.16,17.85,27.64,nasa,0.81
2000-01-06,0.06,21.65,16.66,28.06,nasa,0.8
2000-01-07,0.04,21.06,15.73,26.88,nasa,0.79
2000-01-08,0.16,20.94,16.44,25.9,nasa,0.78
2000-01-09,1.65,20.67,17.08,25.37,nasa,0.78
2000-01-10,0.98,20.54,16.06,26.13,nasa,0.78
2000-01-11,0.03,20.2,14.15,26.17,nasa,0.77
2000-01-12,0.0,21.44,16.85,26.72,nasa,0.76
2000-01-13,0.0,22.73,17.91,28.46,nasa,0.76
2000-01-14,1.2,22.96,17.76,28.71,nasa,0.75
2000-01-15,7.65,23.24,17.5,28.68,nasa,0.75
2000-01-16,6.47,21.81,18.75,26.37,nasa,0.76
2000-01-17,5.61,22.41,18.08,27.21,nasa,0.77
2000-01-18,6.32,23.79,18.96,29.0,nasa,0.77
2000-01-19,29.22,23.1,19.77,27.45,nasa,0.79
2000-01-20,10.14,21.33,18.06,26.71,nasa,0.82
2000-01-21,3.86,20.35,16.21,25.83,nasa,0.81
2000-01-22,3.53,21.48,15.62,27.61,nasa,0.79
2000-01-23,5.04,22.48,18.35,28.04,nasa,0.79
2000-01-24,10.33,22.95,19.27,27.09,nasa,0.79
2000-01-25,8.36,22.96,19.71,27.48,nasa,0.8
2000-01-26,15.07,22.67,19.75,26.73,nasa,0.81
2000-01-27,26.03,21.57,16.98,24.92,nasa,0.83
2000-01-28,23.46,18.57,15.45,22.42,nasa,0.86
2000-01-29,11.88,18.28,15.89,21.37,nasa,0.86
2000-01-30,3.66,21.58,16.85,27.69,nasa,0.85
2000-01-31,1.9,21.98,19.75,25.18,nasa,0.84
2000-02-01,5.97,21.62,19.72,24.91,nasa,0.84
2000-02-02,6.32,22.52,19.36,26.64,nasa,0.84
2000-02-03,4.32,23.2,18.47,28.26,nasa,0.84
2000-02-04,0.6,23.42,19.21,28.0,nasa,0.83
2000-02-05,7.82,24.02,20.72,28.09,nasa,0.82
2000-02-06,16.31,22.76,19.93,26.06,nasa,0.84
2000-02-07,20.16,21.85,18.43,27.03,nasa,0.86
2000-02-08,10.91,21.41,18.14,25.69,nasa,0.87
2000-02-09,1.9,21.44,18.63,25.2,nasa,0.86
2000-02-10,0.1,21.8,18.04,26.79,nasa,0.85
2000-02-11,0.18,21.17,18.66,24.26,nasa,0.84
2000-02-12,1.82,21.45,17.38,26.91,nasa,0.84
2000-02-13,1.22,21.39,17.09,26.71,nasa,0.83
2000-02-14,0.55,21.87,17.82,27.28,nasa,0.82
2000-02-15,0.86,21.74,16.88,27.61,nasa,0.82
2000-02-16,0.89,22.05,16.59,28.65,nasa,0.81
2000-02-17,14.52,21.22,17.58,25.73,nasa,0.81
2000-02-18,6.52,20.21,16.56,24.74,nasa,0.83
2000-02-19,5.69,20.24,16.38,25.28,nasa,0.83
2000-02-20,1.78,20.56,17.54,25.63,nasa,0.83
2000-02-21,3.83,20.74,16.98,26.16,nasa,0.82
2000-02-22,0.69,21.06,16.68,26.53,nasa,0.82
2000-02-23,1.38,21.02,16.42,26.47,nasa,0.81
2000-02-24,0.13,21.53,16.61,27.67,nasa,0.8
2000-02-25,1.03,21.99,17.29,27.92,nasa,0.8
2000-02-26,2.0,22.07,18.12,27.34,nasa,0.79
2000-02-27,2.91,22.09,17.94,26.97,nasa,0.79
2000-02-28,2.35,21.56,17.76,26.07,nasa,0.79
2000-02-29,6.5,20.67,17.33,25.5,nasa,0.79
2000-03-01,3.32,20.46,16.77,25.43,nasa,0.79
2000-03-02,1.87,20.39,16.09,25.81,nasa,0.79
2000-03-03,3.6,21.15,16.28,26.29,nasa,0.79
2000-03-04,6.14,20.62,15.71,25.06,nasa,0.79
2000-03-05,1.18,20.71,15.33,26.84,nasa,0.79
2000-03-06,0.22,21.1,14.88,27.19,nasa,0.78
2000-03-07,10.87,22.09,16.86,27.53,nasa,0.78
2000-03-08,9.57,20.44,16.77,25.02,nasa,0.8
2000-03-09,5.55,18.75,15.9,24.13,nasa,0.8
2000-03-10,4.97,19.38,15.28,24.67,nasa,0.8
2000-03-11,7.02,19.77,17.83,22.98,nasa,0.8
2000-03-12,29.01,20.34,17.61,24.6,nasa,0.83
2000-03-13,12.71,19.62,16.68,24.63,nasa,0.85
2000-03-14,1.57,19.57,15.37,24.94,nasa,0.84
2000-03-15,5.23,20.87,16.52,26.42,nasa,0.83
2000-03-16,17.7,20.85,18.56,23.42,nasa,0.84
2000-03-17,6.76,20.81,18.84,23.44,nasa,0.85
2000-03-18,7.1,21.44,18.64,25.72,nasa,0.85
2000-03-19,12.32,20.69,17.03,24.47,nasa,0.85
2000-03-20,5.1,20.47,17.76,24.96,nasa,0.85
2000-03-21,2.07,20.83,17.46,26.25,nasa,0.84
2000-03-22,2.43,20.75,17.09,25.72,nasa,0.84
2000-03-23,2.49,20.93,17.87,25.77,nasa,0.83
2000-03-24,0.68,21.63,17.89,26.51,nasa,0.83
2000-03-25,1.88,22.08,17.82,27.81,nasa,0.82
2000-03-26,1.69,21.41,17.47,26.63,nasa,0.82
2000-03-27,0.64,21.47,17.11,26.52,nasa,0.81
2000-03-28,0.34,21.86,17.63,26.7,nasa,0.81
2000-03-29,5.32,21.07,18.03,25.6,nasa,0.81
2000-03-30,2.68,20.05,16.64,24.51,nasa,0.81
2000-03-31,1.58,20.46,16.22,25.49,nasa,0.81
2000-04-01,3.07,21.01,16.74,26.2,nasa,0.8
2000-04-02,6.41,20.7,17.53,24.8,nasa,0.81
2000-04-03,3.95,18.7,14.72,23.07,nasa,0.81
2000-04-04,1.72,17.62,14.26,22.25,nasa,0.81
2000-04-05,6.27,19.29,16.15,23.94,nasa,0.81
2000-04-06,4.0,19.64,17.21,22.88,nasa,0.82
2000-04-07,2.56,19.33,16.52,23.18,nasa,0.81
2000-04-08,1.55,19.75,16.53,24.31,nasa,0.81
2000-04-09,6.35,19.69,15.92,25.05,nasa,0.81
2000-04-10,7.14,20.58,17.04,25.66,nasa,0.81
2000-04-11,0.59,20.62,16.76,25.86,nasa,0.81
2000-04-12,0.05,20.68,16.47,26.73,nasa,0.8
2000-04-13,0.11,20.49,15.63,25.69,nasa,0.8
2000-04-14,5.67,21.45,17.82,26.1,nasa,0.79
2000-04-15,2.84,20.56,17.21,24.31,nasa,0.8
2000-04-16,0.67,19.39,15.73,24.8,nasa,0.8
2000-04-17,0.09,18.57,14.72,23.95,nasa,0.79
2000-04-18,0.04,19.28,14.66,24.67,nasa,0.79
2000-04-19,0.63,20.47,16.11,25.63,nasa,0.78
2000-04-20,0.33,21.78,17.88,26.59,nasa,0.78
2000-04-21,0.11,20.23,15.2,25.48,nasa,0.78
2000-04-22,0.01,17.67,13.43,22.84,nasa,0.77
2000-04-23,0.0,17.51,13.11,22.8,nasa,0.77
2000-04-24,0.0,17.73,13.55,23.86,nasa,0.76
2000-04-25,0.0,16.36,11.55,22.75,nasa,0.76
2000-04-26,0.0,16.24,10.06,22.55,nasa,0.76
2000-04-27,0.0,17.55,12.19,23.39,nasa,0.75
2000-04-28,0.19,18.25,13.91,23.78,nasa,0.75
2000-04-29,1.28,18.93,14.68,24.22,nasa,0.75
2000-04-30,7.13,19.65,16.17,24.47,nasa,0.75
2000-05-01,1.53,19.26,15.94,24.51,nasa,0.76
2000-05-02,0.66,19.78,15.44,25.13,nasa,0.75
2000-05-03,0.19,19.99,16.55,24.72,nasa,0.75
2000-05-04,0.21,18.8,14.25,24.04,nasa,0.75
2000-05-05,0.02,18.69,14.47,24.44,nasa,0.74
2000-05-06,0.0,18.56,13.78,24.33,nasa,0.74
2000-05-07,2.67,18.96,14.41,24.88,nasa,0.74
2000-05-08,1.11,18.06,15.32,22.67,nasa,0.74
2000-05-09,1.35,19.37,15.59,25.12,nasa,0.74
2000-05-10,0.08,16.37,12.59,21.43,nasa,0.73
2000-05-11,0.2,15.34,11.5,20.31,nasa,0.73
2000-05-12,0.25,15.11,12.22,19.55,nasa,0.73
2000-05-13,0.29,15.76,12.06,20.98,nasa,0.73
2000-05-14,0.3,16.39,11.84,21.71,nasa,0.73
2000-05-15,0.03,17.2,13.07,22.89,nasa,0.72
2000-05-16,0.0,17.59,12.39,23.42,nasa,0.72
2000-05-17,0.0,18.26,12.89,24.78,nasa,0.72
2000-05-18,0.0,17.93,12.8,24.27,nasa,0.71
2000-05-19,0.01,15.18,9.23,21.8,nasa,0.71
2000-05-20,0.05,16.16,12.47,21.43,nasa,0.71
2000-05-21,0.05,14.94,12.86,18.58,nasa,0.71
2000-05-22,0.21,15.15,12.05,19.94,nasa,0.71
2000-05-23,0.13,14.41,9.74,20.15,nasa,0.71
2000-05-24,0.04,13.54,8.39,20.41,nasa,0.7
2000-05-25,0.02,14.85,8.12,21.6,nasa,0.7
2000-05-26,0.02,16.91,12.86,22.69,nasa,0.7
2000-05-27,0.03,17.45,10.64,24.35,nasa,0.7
2000-05-28,2.46,17.85,13.34,23.75,nasa,0.7
2000-05-29,0.89,15.93,12.4,21.63,nasa,0.7
2000-05-30,0.06,16.42,11.63,22.34,nasa,0.7
2000-05-31,0.0,18.27,11.93,24.39,nasa,0.69
2000-06-01,3.73,17.31,12.74,23.4,nasa,0.69
2000-06-02,3.65,16.33,13.15,21.53,nasa,0.7
2000-06-03,0.44,15.98,13.29,20.76,nasa,0.7
2000-06-04,0.23,14.66,11.29,19.61,nasa,0.7
2000-06-05,0.26,14.98,11.17,19.78,nasa,0.7
2000-06-06,0.06,15.93,12.12,21.33,nasa,0.69
2000-06-07,0.03,16.29,12.02,22.32,nasa,0.69
2000-06-08,0.01,16.85,12.43,22.48,nasa,0.69
2000-06-09,0.0,16.71,11.58,23.26,nasa,0.69
2000-06-10,0.0,15.86,11.22,22.65,nasa,0.68
2000-06-11,0.0,16.37,10.51,22.54,nasa,0.68
2000-06-12,0.0,17.78,13.48,23.83,nasa,0.68
2000-06-13,0.01,18.11,12.95,23.86,nasa,0.68
2000-06-14,0.02,17.69,13.6,23.67,nasa,0.67
2000-06-15,0.59,16.98,13.28,23.03,nasa,0.67
2000-06-16,0.6,16.89,12.53,23.08,nasa,0.67
2000-06-17,0.97,17.33,13.12,23.28,nasa,0.67
2000-06-18,0.73,17.41,13.02,23.32,nasa,0.67
2000-06-19,0.04,18.64,13.77,25.26,nasa,0.67
2000-06-20,0.04,19.29,14.34,25.75,nasa,0.67
2000-06-21,0.78,19.15,13.97,24.96,nasa,0.66
2000-06-22,0.19,14.2,8.3,21.39,nasa,0.66
2000-06-23,0.0,13.64,7.18,22.44,nasa,0.66
2000-06-24,0.0,13.8,7.36,22.42,nasa,0.66
2000-06-25,0.0,14.53,8.24,23.31,nasa,0.66
2000-06-26,0.0,16.82,8.95,26.21,nasa,0.66
2000-06-27,0.0,17.19,10.53,26.49,nasa,0.65
2000-06-28,0.0,17.09,12.05,24.19,nasa,0.65
2000-06-29,0.0,16.7,12.19,23.89,nasa,0.65
2000-06-30,0.0,17.04,11.12,24.81,nasa,0.65
2000-07-01,0.03,17.06,12.59,23.94,nasa,0.65
2000-07-02,0.0,17.15,11.81,24.44,nasa,0.65
2000-07-03,0.0,17.42,12.89,23.64,nasa,0.65
2000-07-04,0.23,16.45,13.51,21.63,nasa,0.65
2000-07-05,1.52,15.76,13.4,20.5,nasa,0.65
2000-07-06,1.35,16.35,13.04,21.91,nasa,0.65
2000-07-07,0.84,17.0,12.73,23.23,nasa,0.65
2000-07-08,0.13,17.12,12.37,23.9,nasa,0.65
2000-07-09,0.09,16.79,11.88,24.4,nasa,0.65
2000-07-10,0.13,17.36,13.06,24.54,nasa,0.65
2000-07-11,0.13,17.92,13.81,24.96,nasa,0.64
2000-07-12,0.18,18.76,13.72,25.64,nasa,0.64
2000-07-13,0.95,15.9,12.94,20.22,nasa,0.64
2000-07-14,0.67,13.82,11.75,18.41,nasa,0.64
2000-07-15,0.49,16.33,11.25,23.2,nasa,0.64
2000-07-16,2.42,17.31,12.85,22.9,nasa,0.64
2000-07-17,0.32,11.61,5.6,18.18,nasa,0.65
2000-07-18,0.06,11.7,4.06,20.97,nasa,0.65
2000-07-19,0.04,14.81,7.71,23.55,nasa,0.64
2000-07-20,0.02,14.36,10.49,20.85,nasa,0.64
2000-07-21,0.07,16.09,10.94,23.88,nasa,0.64
2000-07-22,0.05,18.82,13.34,26.26,nasa,0.64
2000-07-23,0.02,20.19,15.43,27.32,nasa,0.64
2000-07-24,0.62,14.85,11.47,19.12,nasa,0.64
2000-07-25,0.4,14.81,10.7,20.98,nasa,0.64
2000-07-26,0.13,16.95,12.37,24.11,nasa,0.64
2000-07-27,0.15,15.73,11.56,21.98,nasa,0.64
2000-07-28,0.0,13.32,7.81,20.92,nasa,0.64
2000-07-29,0.0,12.98,6.26,21.91,nasa,0.63
2000-07-30,0.01,15.19,8.84,23.3,nasa,0.63
2000-07-31,0.02,15.75,8.97,25.11,nasa,0.63
2000-08-01,0.14,15.52,12.76,20.0,nasa,0.63
2000-08-02,1.17,17.21,12.27,23.96,nasa,0.63
2000-08-03,0.26,17.98,13.14,25.04,nasa,0.63
2000-08-04,1.66,16.59,11.29,23.33,nasa,0.63
2000-08-05,0.14,12.28,7.29,19.25,nasa,0.63
2000-08-06,0.0,13.44,5.6,23.63,nasa,0.63
2000-08-07,0.0,16.22,9.19,25.57,nasa,0.63
2000-08-08,0.0,17.84,10.41,27.43,nasa,0.63
2000-08-09,0.0,18.95,12.81,27.33,nasa,0.62
2000-08-10,0.04,20.39,15.45,29.15,nasa,0.62
2000-08-11,1.99,18.12,12.84,26.25,nasa,0.62
2000-08-12,0.62,12.98,8.83,19.26,nasa,0.62
2000-08-13,0.17,12.45,7.62,19.87,nasa,0.62
2000-08-14,0.09,13.28,6.89,22.5,nasa,0.62
2000-08-15,0.0,15.12,6.49,25.2,nasa,0.62
2000-08-16,0.26,17.81,10.8,27.88,nasa,0.62
2000-08-17,0.67,18.04,13.95,24.65,nasa,0.62
2000-08-18,0.07,19.01,12.63,26.64,nasa,0.62
2000-08-19,0.37,18.2,14.31,25.01,nasa,0.62
2000-08-20,0.05,18.33,13.13,26.27,nasa,0.62
2000-08-21,0.0,18.73,12.93,27.4,nasa,0.61
2000-08-22,0.0,18.96,13.16,27.2,nasa,0.61
2000-08-23,0.0,19.33,14.0,27.04,nasa,0.61
2000-08-24,0.0,20.9,14.43,29.36,nasa,0.61
2000-08-25,0.0,21.29,14.82,29.79,nasa,0.61
2000-08-26,0.0,22.54,16.61,31.07,nasa,0.61
2000-08-27,0.08,22.73,16.7,31.5,nasa,0.61
2000-08-28,2.69,22.68,16.62,31.15,nasa,0.61
2000-08-29,23.48,19.01,15.04,24.33,nasa,0.64
2000-08-30,4.71,17.15,14.56,22.66,nasa,0.66
2000-08-31,1.83,19.7,15.13,26.59,nasa,0.66
2000-09-01,0.31,20.68,15.31,27.14,nasa,0.65
2000-09-02,7.29,19.56,16.64,23.49,nasa,0.65
2000-09-03,13.62,18.31,14.6,22.11,nasa,0.67
2000-09-04,5.8,15.19,12.1,20.33,nasa,0.68
2000-09-05,1.55,14.92,11.82,20.21,nasa,0.68
2000-09-06,5.06,14.39,11.05,19.02,nasa,0.67
2000-09-07,1.25,14.96,11.51,19.86,nasa,0.67
2000-09-08,0.16,16.91,12.16,23.61,nasa,0.67
2000-09-09,0.2,18.2,13.23,24.75,nasa,0.66
2000-09-10,0.11,19.15,13.51,26.29,nasa,0.65
2000-09-11,0.16,19.45,14.44,26.34,nasa,0.65
2000-09-12,0.09,19.63,14.33,26.83,nasa,0.65
2000-09-13,0.07,20.51,14.93,27.62,nasa,0.64
2000-09-14,1.11,21.06,17.31,27.4,nasa,0.64
2000-09-15,0.44,20.73,16.78,26.3,nasa,0.64
2000-09-16,1.09,21.44,17.74,27.0,nasa,0.64
2000-09-17,4.52,21.13,16.81,28.15,nasa,0.64
2000-09-18,2.79,20.05,16.09,26.9,nasa,0.64
2000-09-19,0.17,20.67,15.41,28.09,nasa,0.64
2000-09-20,0.03,20.06,14.3,28.12,nasa,0.64
2000-09-21,0.11,20.06,14.15,28.19,nasa,0.63
2000-09-22,0.01,20.92,13.44,29.59,nasa,0.63
2000-09-23,0.02,20.58,15.36,27.91,nasa,0.63
2000-09-24,0.01,21.02,14.98,29.42,nasa,0.62
2000-09-25,1.51,20.46,13.94,30.46,nasa,0.62
2000-09-26,8.72,15.27,12.37,21.17,nasa,0.63
2000-09-27,3.33,16.01,12.05,22.16,nasa,0.64
2000-09-28,0.5,18.19,13.68,25.87,nasa,0.64
2000-09-29,0.83,19.09,13.59,26.49,nasa,0.64
2000-09-30,0.82,20.35,13.91,28.67,nasa,0.64
2000-10-01,2.13,20.3,15.52,27.35,nasa,0.63
2000-10-02,0.33,22.37,16.31,29.6,nasa,0.63
2000-10-03,0.0,24.57,16.8,32.17,nasa,0.63
2000-10-04,1.61,25.5,18.28,33.77,nasa,0.63
2000-10-05,9.91,25.88,19.13,34.44,nasa,0.62
2000-10-06,10.17,22.89,19.65,28.49,nasa,0.65
2000-10-07,2.43,19.41,15.97,23.3,nasa,0.66
2000-10-08,0.3,18.37,14.39,24.87,nasa,0.65
2000-10-09,0.06,20.62,13.84,29.4,nasa,0.65
2000-10-10,0.0,22.87,15.79,31.49,nasa,0.64
2000-10-11,0.0,23.1,15.3,32.17,nasa,0.64
2000-10-12,0.0,23.2,16.2,32.75,nasa,0.63
2000-10-13,0.0,24.02,16.65,34.21,nasa,0.62
2000-10-14,0.0,23.38,16.17,33.25,nasa,0.62
2000-10-15,0.01,22.33,16.69,31.32,nasa,0.62
2000-10-16,0.07,21.92,16.13,29.59,nasa,0.61
2000-10-17,0.01,23.02,16.12,31.99,nasa,0.61
2000-10-18,0.0,23.98,16.99,33.02,nasa,0.61
2000-10-19,0.04,24.48,16.84,33.78,nasa,0.61
2000-10-20,1.08,24.92,17.13,34.12,nasa,0.61
2000-10-21,4.47,22.96,17.4,30.32,nasa,0.61
2000-10-22,0.19,23.92,17.8,31.81,nasa,0.61
2000-10-23,0.37,24.82,17.95,33.61,nasa,0.61
2000-10-24,0.1,24.55,17.3,33.54,nasa,0.61
2000-10-25,0.68,24.13,17.99,33.05,nasa,0.61
2000-10-26,0.09,23.06,16.13,32.3,nasa,0.6
2000-10-27,0.1,23.23,16.2,32.09,nasa,0.6
2000-10-28,6.01,23.44,16.91,33.86,nasa,0.6
2000-10-29,29.32,17.09,14.02,21.56,nasa,0.64
2000-10-30,6.0,17.03,13.93,21.29,nasa,0.67
2000-10-31,0.73,18.65,15.46,22.6,nasa,0.67
2000-11-01,3.2,19.51,16.21,25.75,nasa,0.66
2000-11-02,0.59,19.73,16.02,26.37,nasa,0.66
2000-11-03,1.1,22.44,14.67,30.73,nasa,0.65
2000-11-04,3.02,21.77,18.03,26.66,nasa,0.65
2000-11-05,7.88,20.26,17.33,23.99,nasa,0.65
2000-11-06,25.19,19.01,16.84,22.2,nasa,0.67
2000-11-07,19.85,18.47,16.27,20.98,nasa,0.71
2000-11-08,7.03,18.2,15.2,22.69,nasa,0.72
2000-11-09,2.47,18.45,14.58,23.37,nasa,0.71
2000-11-10,5.53,20.77,15.79,27.3,nasa,0.7
2000-11-11,2.36,21.68,16.77,28.13,nasa,0.69
2000-11-12,1.54,22.25,16.48,28.9,nasa,0.68
2000-11-13,6.94,22.32,18.66,26.73,nasa,0.68
2000-11-14,18.94,22.19,20.07,24.98,nasa,0.69
2000-11-15,24.53,18.15,15.55,20.88,nasa,0.74
2000-11-16,8.1,18.22,15.36,23.2,nasa,0.74
2000-11-17,23.75,19.1,15.99,23.13,nasa,0.75
2000-11-18,7.04,20.36,17.1,25.53,nasa,0.77
2000-11-19,14.11,21.64,17.81,25.9,nasa,0.76
2000-11-20,1.87,21.46,18.04,26.5,nasa,0.76
2000-11-21,0.79,22.19,17.94,27.67,nasa,0.74
2000-11-22,0.51,22.23,16.69,28.72,nasa,0.72
2000-11-23,2.51,21.83,17.87,27.75,nasa,0.71
2000-11-24,0.19,22.06,16.55,28.46,nasa,0.71
2000-11-25,1.62,21.78,18.11,27.46,nasa,0.7
2000-11-26,37.24,21.77,17.61,27.08,nasa,0.72
2000-11-27,11.66,20.08,17.77,24.18,nasa,0.76
2000-11-28,2.73,20.7,18.17,24.82,nasa,0.76
2000-11-29,4.11,20.74,18.19,25.45,nasa,0.75
2000-11-30,21.68,21.84,18.48,25.94,nasa,0.76
2000-12-01,22.48,21.79,18.02,26.6,nasa,0.78
2000-12-02,3.32,20.02,17.1,25.05,nasa,0.79
2000-12-03,3.83,20.96,17.62,24.7,nasa,0.77
2000-12-04,17.17,22.67,18.69,27.08,nasa,0.78
2000-12-05,33.22,22.53,19.73,25.41,nasa,0.8
2000-12-06,20.89,21.38,16.21,27.28,nasa,0.84
2000-12-07,2.27,18.99,15.43,24.33,nasa,0.82
2000-12-08,0.17,19.77,13.91,26.44,nasa,0.8
2000-12-09,0.16,21.17,14.58,27.49,nasa,0.79
2000-12-10,14.96,21.54,17.28,26.25,nasa,0.79
2000-12-11,4.86,21.87,18.01,27.0,nasa,0.79
2000-12-12,2.28,22.01,17.73,27.34,nasa,0.79
2000-12-13,5.47,21.92,17.91,27.63,nasa,0.78
2000-12-14,3.05,21.0,18.24,24.91,nasa,0.78
2000-12-15,2.17,21.08,17.62,26.15,nasa,0.78
2000-12-16,5.06,22.22,18.55,26.94,nasa,0.77
2000-12-17,54.57,21.29,18.8,24.23,nasa,0.8
2000-12-18,21.07,20.23,16.66,24.04,nasa,0.85
2000-12-19,2.71,21.93,17.91,27.07,nasa,0.84
2000-12-20,11.23,21.69,16.18,27.41,nasa,0.83
2000-12-21,5.79,20.84,17.31,26.45,nasa,0.83
2000-12-22,7.57,22.9,17.78,28.11,nasa,0.82
2000-12-23,5.9,24.02,19.01,29.42,nasa,0.82
2000-12-24,1.09,22.44,19.74,26.52,nasa,0.82
2000-12-25,0.12,21.68,17.43,27.69,nasa,0.8
2000-12-26,2.78,22.28,17.74,27.33,nasa,0.8
2000-12-27,2.91,21.92,17.97,26.93,nasa,0.79
2000-12-28,3.87,22.49,18.54,27.97,nasa,0.79
2000-12-29,6.86,22.75,19.32,27.14,nasa,0.79
2000-12-30,7.85,21.96,19.84,24.65,nasa,0.8
2000-12-31,24.18,21.71,19.13,24.78,nasa,0.82
2001-01-01,49.48,21.13,18.84,24.53,nasa,0.87
2001-01-02,28.42,22.29,18.39,26.49,nasa,0.89
2001-01-03,11.85,21.45,19.38,24.44,nasa,0.9
2001-01-04,0.16,21.36,17.46,26.2,nasa,0.88
2001-01-05,0.12,21.27,15.96,27.23,nasa,0.86
2001-01-06,0.0,21.12,15.94,27.53,nasa,0.85
2001-01-07,0.0,21.77,16.0,27.89,nasa,0.84
2001-01-08,0.06,20.61,16.79,24.65,nasa,0.83
2001-01-09,3.58,21.38,16.5,26.95,nasa,0.83
2001-01-10,1.83,20.58,17.9,23.69,nasa,0.83
2001-01-11,0.43,22.04,17.39,27.31,nasa,0.83
2001-01-12,3.15,21.9,17.6,27.28,nasa,0.82
2001-01-13,7.96,20.46,16.55,25.3,nasa,0.82
2001-01-14,3.01,20.42,16.38,25.53,nasa,0.82
2001-01-15,1.1,20.81,16.17,26.32,nasa,0.82
2001-01-16,2.7,20.88,16.07,26.26,nasa,0.81
2001-01-17,1.94,21.36,16.51,26.75,nasa,0.81
2001-01-18,2.59,21.66,18.05,26.44,nasa,0.8
2001-01-19,0.22,21.66,16.75,27.27,nasa,0.8
2001-01-20,3.83,22.2,17.35,27.59,nasa,0.79
2001-01-21,19.13,20.98,17.8,25.01,nasa,0.81
2001-01-22,5.25,20.98,18.38,24.96,nasa,0.83
2001-01-23,0.9,21.79,18.13,26.11,nasa,0.82
2001-01-24,0.82,21.79,17.17,27.22,nasa,0.81
2001-01-25,0.05,21.48,17.16,26.93,nasa,0.8
2001-01-26,0.06,21.76,17.27,27.02,nasa,0.79
2001-01-27,2.75,23.0,17.93,28.18,nasa,0.78
2001-01-28,2.58,22.15,18.86,26.02,nasa,0.78
2001-01-29,1.64,22.74,18.29,27.77,nasa,0.78
2001-01-30,0.39,22.91,17.63,28.22,nasa,0.78
2001-01-31,0.93,23.2,17.98,28.5,nasa,0.77
2001-02-01,1.94,23.74,17.11,29.39,nasa,0.77
2001-02-02,2.75,23.8,17.18,29.49,nasa,0.76
2001-02-03,1.04,24.63,17.85,30.52,nasa,0.76
2001-02-04,2.39,23.82,18.07,28.71,nasa,0.75
2001-02-05,15.12,23.45,19.77,27.1,nasa,0.76
2001-02-06,4.06,23.55,19.89,27.4,nasa,0.78
2001-02-07,11.21,24.1,19.92,29.39,nasa,0.78
2001-02-08,4.9,22.77,19.84,26.88,nasa,0.79
2001-02-09,0.74,22.95,18.35,27.87,nasa,0.78
2001-02-10,0.04,23.16,18.35,28.84,nasa,0.77
2001-02-11,2.75,22.12,18.64,26.65,nasa,0.77
2001-02-12,3.64,22.38,17.27,27.7,nasa,0.76
2001-02-13,1.37,22.44,17.91,27.89,nasa,0.76
2001-02-14,1.13,22.36,17.18,28.27,nasa,0.75
2001-02-15,0.29,22.9,18.15,28.46,nasa,0.74
2001-02-16,0.41,23.34,18.34,29.36,nasa,0.74
2001-02-17,2.07,22.44,17.34,28.22,nasa,0.73
2001-02-18,0.8,21.43,15.16,27.97,nasa,0.73
2001-02-19,1.11,22.16,17.35,28.0,nasa,0.72
2001-02-20,1.29,22.43,18.32,27.79,nasa,0.72
2001-02-21,0.56,22.15,17.95,28.11,nasa,0.71
2001-02-22,0.08,22.35,17.32,28.68,nasa,0.71
2001-02-23,1.37,22.07,18.27,27.05,nasa,0.7
2001-02-24,5.35,21.2,17.69,25.36,nasa,0.71
2001-02-25,1.04,21.67,17.26,27.0,nasa,0.71
2001-02-26,2.62,21.82,17.64,27.15,nasa,0.71
2001-02-27,0.89,21.18,17.29,26.79,nasa,0.71
2001-02-28,0.8,20.49,16.11,26.14,nasa,0.7
2001-03-01,1.5,20.5,16.8,25.62,nasa,0.7
2001-03-02,1.06,20.73,16.74,25.93,nasa,0.7
2001-03-03,5.43,21.12,17.81,25.6,nasa,0.7
2001-03-04,1.31,21.41,16.8,27.35,nasa,0.7
2001-03-05,9.79,19.8,17.52,23.05,nasa,0.71
2001-03-06,0.99,21.48,18.28,25.84,nasa,0.71
2001-03-07,0.53,22.33,19.2,26.24,nasa,0.71
2001-03-08,6.71,22.34,19.48,25.78,nasa,0.71
2001-03-09,5.67,22.11,18.78,25.36,nasa,0.72
2001-03-10,12.38,20.92,18.53,25.04,nasa,0.74
2001-03-11,26.66,21.34,18.41,25.13,nasa,0.76
2001-03-12,3.55,20.99,18.29,25.16,nasa,0.78
2001-03-13,1.99,21.63,17.7,26.87,nasa,0.76
2001-03-14,2.32,21.35,17.55,26.66,nasa,0.75
2001-03-15,0.57,20.96,16.33,26.76,nasa,0.74
2001-03-16,0.44,21.36,15.65,27.19,nasa,0.73
2001-03-17,0.58,22.58,18.33,27.21,nasa,0.72
2001-03-18,0.19,22.69,16.58,28.52,nasa,0.71
2001-03-19,0.29,23.32,17.61,28.63,nasa,0.71
2001-03-20,0.3,23.17,17.47,29.18,nasa,0.7
2001-03-21,2.26,22.35,17.33,28.06,nasa,0.69
2001-03-22,0.03,22.34,17.16,28.17,nasa,0.69
2001-03-23,0.12,22.91,18.08,28.12,nasa,0.69
2001-03-24,0.04,23.36,17.41,29.1,nasa,0.68
2001-03-25,0.39,23.43,17.89,28.82,nasa,0.68
2001-03-26,0.15,22.47,17.7,27.88,nasa,0.67
2001-03-27,1.36,22.81,17.19,28.95,nasa,0.67
2001-03-28,0.24,22.96,17.83,28.42,nasa,0.67
2001-03-29,0.36,23.0,18.33,28.77,nasa,0.66
2001-03-30,1.07,22.45,17.23,29.37,nasa,0.66
2001-03-31,0.84,21.81,18.65,26.7,nasa,0.66
2001-04-01,0.04,22.29,17.36,29.26,nasa,0.66
2001-04-02,0.08,22.59,17.16,29.52,nasa,0.66
2001-04-03,1.29,22.93,17.45,30.36,nasa,0.65
2001-04-04,1.74,21.95,18.56,27.3,nasa,0.65
2001-04-05,0.97,22.27,17.73,28.58,nasa,0.66
2001-04-06,0.93,22.68,17.18,29.37,nasa,0.65
2001-04-07,0.82,22.6,16.52,29.89,nasa,0.65
2001-04-08,1.19,22.48,18.11,29.02,nasa,0.65
2001-04-09,0.2,22.36,18.29,28.3,nasa,0.65
2001-04-10,0.35,23.43,18.37,29.69,nasa,0.65
2001-04-11,5.17,23.61,18.88,29.58,nasa,0.65
2001-04-12,10.94,20.9,15.96,26.01,nasa,0.67
2001-04-13,1.16,19.11,14.98,25.45,nasa,0.67
2001-04-14,4.84,18.95,15.04,24.63,nasa,0.67
2001-04-15,3.53,19.02,15.37,23.11,nasa,0.67
2001-04-16,6.31,19.82,16.56,23.86,nasa,0.68
2001-04-17,2.41,19.43,16.0,23.8,nasa,0.68
2001-04-18,0.03,19.34,14.52,25.13,nasa,0.68
2001-04-19,0.0,20.5,16.03,26.57,nasa,0.67
2001-04-20,0.0,21.15,16.27,27.67,nasa,0.67
2001-04-21,0.51,22.02,16.28,28.97,nasa,0.66
2001-04-22,0.45,22.35,17.54,29.26,nasa,0.66
2001-04-23,0.03,22.31,17.87,28.97,nasa,0.65
2001-04-24,0.14,21.57,16.61,28.83,nasa,0.65
2001-04-25,0.0,21.0,15.7,28.57,nasa,0.64
2001-04-26,0.02,21.08,16.36,28.55,nasa,0.64
2001-04-27,0.0,21.13,15.78,28.95,nasa,0.64
2001-04-28,0.01,21.32,15.78,28.46,nasa,0.64
2001-04-29,0.0,21.2,15.77,29.44,nasa,0.64
2001-04-30,0.06,20.09,14.89,27.41,nasa,0.63
2001-05-01,1.48,21.43,16.83,28.35,nasa,0.63
2001-05-02,0.14,21.53,16.36,29.49,nasa,0.63
2001-05-03,0.02,21.21,15.86,29.36,nasa,0.63
2001-05-04,0.09,20.83,14.73,29.15,nasa,0.63
2001-05-05,9.35,21.63,15.96,29.37,nasa,0.63
2001-05-06,0.12,18.02,12.69,24.96,nasa,0.64
2001-05-07,0.01,16.38,9.64,24.54,nasa,0.64
2001-05-08,0.0,16.47,9.75,24.97,nasa,0.64
2001-05-09,0.0,18.83,12.92,27.6,nasa,0.64
2001-05-10,0.0,20.57,12.66,28.94,nasa,0.63
2001-05-11,0.01,22.22,15.44,30.53,nasa,0.63
2001-05-12,1.31,21.89,16.58,30.11,nasa,0.63
2001-05-13,14.95,20.28,16.24,26.63,nasa,0.64
2001-05-14,3.02,17.26,14.34,22.66,nasa,0.66
2001-05-15,0.54,16.55,13.16,21.75,nasa,0.66
2001-05-16,3.74,18.28,13.87,24.01,nasa,0.66
2001-05-17,1.12,19.62,16.83,24.5,nasa,0.66
2001-05-18,0.0,17.74,11.23,24.6,nasa,0.66
2001-05-19,0.02,15.86,8.63,23.33,nasa,0.65
2001-05-20,0.47,16.87,13.32,22.84,nasa,0.65
2001-05-21,0.56,16.44,11.69,23.25,nasa,0.65
2001-05-22,0.04,16.45,10.77,24.0,nasa,0.64
2001-05-23,0.1,18.77,12.8,25.47,nasa,0.64
2001-05-24,2.63,18.4,14.81,23.93,nasa,0.64
2001-05-25,1.13,17.65,15.51,21.09,nasa,0.64
2001-05-26,1.83,18.81,15.29,25.16,nasa,0.64
2001-05-27,2.49,19.63,16.42,24.61,nasa,0.64
2001-05-28,0.39,19.95,17.02,25.29,nasa,0.65
2001-05-29,1.55,21.28,16.96,27.7,nasa,0.64
2001-05-30,1.02,20.6,16.18,27.62,nasa,0.64
2001-05-31,3.08,19.55,15.89,25.73,nasa,0.64
2001-06-01,1.8,18.62,14.55,25.09,nasa,0.64
2001-06-02,0.71,19.38,14.79,26.3,nasa,0.64
2001-06-03,1.42,19.67,15.74,25.92,nasa,0.64
2001-06-04,0.18,18.94,14.75,25.74,nasa,0.64
2001-06-05,0.21,19.22,13.61,26.71,nasa,0.64
2001-06-06,0.04,18.92,14.42,26.34,nasa,0.64
2001-06-07,0.01,20.1,14.36,28.06,nasa,0.63
2001-06-08,0.0,18.66,13.37,26.54,nasa,0.63
2001-06-09,0.21,18.23,13.3,25.33,nasa,0.63
2001-06-10,0.1,18.35,13.5,25.86,nasa,0.63
2001-06-11,0.39,17.75,13.33,24.57,nasa,0.63
2001-06-12,0.46,17.65,13.7,24.01,nasa,0.63
2001-06-13,0.02,17.85,12.33,25.54,nasa,0.62
2001-06-14,0.0,19.22,13.99,26.37,nasa,0.62
2001-06-15,0.0,19.43,13.96,26.88,nasa,0.62
2001-06-16,0.0,19.05,14.34,27.17,nasa,0.62
2001-06-17,0.15,18.7,13.54,26.51,nasa,0.62
2001-06-18,3.56,18.85,13.04,27.03,nasa,0.62
2001-06-19,2.94,18.22,14.91,24.2,nasa,0.63
2001-06-20,0.01,17.82,13.92,24.99,nasa,0.63
2001-06-21,0.15,16.59,12.46,21.28,nasa,0.63
2001-06-22,0.03,15.34,11.79,21.08,nasa,0.62
2001-06-23,0.01,18.26,11.55,26.32,nasa,0.62
2001-06-24,0.02,18.14,14.22,24.68,nasa,0.62
2001-06-25,0.38,17.92,13.57,24.87,nasa,0.62
2001-06-26,0.16,18.5,14.24,25.28,nasa,0.62
2001-06-27,0.3,18.84,13.92,26.5,nasa,0.62
2001-06-28,0.04,16.05,11.39,23.5,nasa,0.62
2001-06-29,0.01,15.99,11.29,23.05,nasa,0.62
2001-06-30,0.0,16.89,12.94,23.82,nasa,0.62
2001-07-01,0.0,16.95,12.43,24.64,nasa,0.62
2001-07-02,0.04,16.58,12.08,23.95,nasa,0.61
2001-07-03,0.0,16.53,9.76,25.88,nasa,0.61
2001-07-04,0.0,16.77,9.6,25.89,nasa,0.61
2001-07-05,0.0,18.17,11.1,28.3,nasa,0.61
2001-07-06,0.55,16.69,9.24,24.85,nasa,0.61
2001-07-07,1.41,16.91,12.68,23.69,nasa,0.61
2001-07-08,0.04,17.08,11.95,25.42,nasa,0.61
2001-07-09,0.0,18.08,13.06,25.88,nasa,0.61
2001-07-10,0.0,18.38,13.08,25.98,nasa,0.61
2001-07-11,0.0,17.69,12.84,25.26,nasa,0.61
2001-07-12,0.5,19.04,13.74,28.1,nasa,0.61
2001-07-13,0.69,15.12,12.32,20.4,nasa,0.61
2001-07-14,0.02,14.84,11.01,21.14,nasa,0.61
2001-07-15,0.0,16.61,10.92,25.02,nasa,0.61
2001-07-16,0.0,16.96,11.9,25.29,nasa,0.61
2001-07-17,0.0,16.81,11.32,25.62,nasa,0.61
2001-07-18,0.04,18.11,11.25,26.31,nasa,0.6
2001-07-19,0.17,19.72,15.52,27.11,nasa,0.6
2001-07-20,0.01,20.19,15.06,28.43,nasa,0.6
2001-07-21,0.0,21.62,15.4,30.15,nasa,0.6
2001-07-22,0.57,20.4,14.91,28.26,nasa,0.6
2001-07-23,1.47,16.43,13.83,21.82,nasa,0.6
2001-07-24,0.94,17.3,13.23,23.83,nasa,0.6
2001-07-25,0.09,19.26,13.85,27.0,nasa,0.6
2001-07-26,0.0,19.62,14.48,27.68,nasa,0.6
2001-07-27,0.0,19.85,15.22,27.65,nasa,0.6
2001-07-28,0.87,17.33,12.45,24.46,nasa,0.6
2001-07-29,0.14,14.32,10.76,20.41,nasa,0.6
2001-07-30,0.25,15.63,10.99,23.34,nasa,0.6
2001-07-31,0.01,16.45,11.03,24.15,nasa,0.6
2001-08-01,0.01,17.99,12.33,26.77,nasa,0.6
2001-08-02,0.0,18.61,12.65,27.11,nasa,0.6
2001-08-03,0.26,18.22,13.63,24.84,nasa,0.6
2001-08-04,0.01,17.13,12.44,25.24,nasa,0.6
2001-08-05,0.0,17.52,11.13,26.98,nasa,0.6
2001-08-06,0.0,16.86,11.72,25.43,nasa,0.6
2001-08-07,0.02,16.79,10.93,25.17,nasa,0.6
2001-08-08,0.01,15.94,8.39,25.12,nasa,0.6
2001-08-09,0.01,16.49,9.33,25.39,nasa,0.6
2001-08-10,0.14,17.75,11.81,25.79,nasa,0.6
2001-08-11,0.11,18.07,13.77,24.41,nasa,0.6
2001-08-12,0.8,17.27,12.62,24.78,nasa,0.6
2001-08-13,0.09,16.72,11.84,24.33,nasa,0.6
2001-08-14,0.05,16.34,11.39,23.97,nasa,0.6
2001-08-15,0.69,15.52,10.77,22.45,nasa,0.6
2001-08-16,0.39,15.48,9.88,22.71,nasa,0.6
2001-08-17,0.26,17.33,10.99,25.12,nasa,0.6
2001-08-18,1.2,18.07,12.98,25.18,nasa,0.6
2001-08-19,0.46,17.56,12.66,25.33,nasa,0.6
2001-08-20,0.05,17.78,12.45,26.21,nasa,0.6
2001-08-21,0.03,18.86,12.98,25.91,nasa,0.6
2001-08-22,0.03,20.42,14.68,27.9,nasa,0.6
2001-08-23,1.38,20.67,15.58,28.38,nasa,0.6
2001-08-24,0.41,19.67,15.15,24.89,nasa,0.6
2001-08-25,0.54,20.84,15.08,28.39,nasa,0.6
2001-08-26,0.48,21.72,16.36,29.54,nasa,0.6
2001-08-27,1.03,21.29,16.05,28.85,nasa,0.6
2001-08-28,0.54,20.33,17.24,25.91,nasa,0.6
2001-08-29,0.06,20.39,15.93,26.82,nasa,0.6
2001-08-30,0.17,20.14,15.29,27.15,nasa,0.6
2001-08-31,0.1,19.98,14.97,26.56,nasa,0.6
2001-09-01,0.05,19.87,14.87,27.84,nasa,0.6
2001-09-02,0.17,20.05,14.52,27.78,nasa,0.6
2001-09-03,0.12,20.11,15.09,27.83,nasa,0.6
2001-09-04,0.01,20.77,14.35,29.7,nasa,0.6
2001-09-05,0.0,20.67,14.25,29.64,nasa,0.6
2001-09-06,0.49,19.81,14.45,27.42,nasa,0.6
2001-09-07,1.46,17.38,11.8,24.63,nasa,0.6
2001-09-08,0.02,17.84,9.41,28.71,nasa,0.6
2001-09-09,0.04,20.27,10.96,31.68,nasa,0.6
2001-09-10,0.06,22.24,14.49,32.13,nasa,0.6
2001-09-11,1.78,22.64,15.56,34.08,nasa,0.6
2001-09-12,1.62,17.55,13.27,24.68,nasa,0.6
2001-09-13,0.72,19.09,13.52,26.51,nasa,0.6
2001-09-14,10.05,21.62,15.88,29.5,nasa,0.61
2001-09-15,14.06,22.9,16.89,30.36,nasa,0.63
2001-09-16,10.9,20.62,15.36,26.87,nasa,0.64
2001-09-17,1.3,14.59,9.59,21.12,nasa,0.65
2001-09-18,0.74,14.43,10.36,20.58,nasa,0.64
2001-09-19,1.55,15.0,10.4,22.05,nasa,0.64
2001-09-20,2.37,16.57,12.59,22.9,nasa,0.64
2001-09-21,0.84,16.56,12.22,23.12,nasa,0.63
2001-09-22,0.69,17.4,12.82,24.65,nasa,0.63
2001-09-23,1.24,18.89,13.55,26.28,nasa,0.63
2001-09-24,2.08,18.9,14.91,24.04,nasa,0.63
2001-09-25,0.47,21.13,15.77,28.04,nasa,0.63
2001-09-26,1.47,22.21,16.11,30.26,nasa,0.62
2001-09-27,8.93,21.48,17.21,29.47,nasa,0.63
2001-09-28,3.08,18.55,14.97,23.9,nasa,0.64
2001-09-29,1.64,17.77,14.42,24.21,nasa,0.64
2001-09-30,0.43,18.11,13.61,24.66,nasa,0.63
2001-10-01,1.22,20.9,14.78,28.48,nasa,0.63
2001-10-02,16.06,22.52,17.72,28.58,nasa,0.64
2001-10-03,0.66,22.88,18.16,30.16,nasa,0.65
2001-10-04,1.16,24.52,16.9,32.71,nasa,0.64
2001-10-05,0.64,22.81,16.06,31.55,nasa,0.64
2001-10-06,0.22,20.57,14.98,29.56,nasa,0.63
2001-10-07,1.71,18.75,14.97,25.29,nasa,0.63
2001-10-08,2.85,18.05,14.64,24.43,nasa,0.63
2001-10-09,3.91,17.95,14.19,24.44,nasa,0.63
2001-10-10,1.57,19.4,14.91,25.88,nasa,0.63
2001-10-11,0.23,19.77,14.89,27.54,nasa,0.63
2001-10-12,0.02,19.32,13.85,27.94,nasa,0.63
2001-10-13,0.11,19.42,13.43,27.49,nasa,0.62
2001-10-14,0.03,19.96,14.31,28.02,nasa,0.62
2001-10-15,0.02,19.63,14.53,28.02,nasa,0.62
2001-10-16,1.0,19.87,13.53,28.62,nasa,0.61
2001-10-17,1.78,19.5,14.76,25.03,nasa,0.61
2001-10-18,1.88,20.98,15.82,27.75,nasa,0.62
2001-10-19,9.54,20.49,17.56,25.04,nasa,0.62
2001-10-20,29.28,20.24,17.67,23.84,nasa,0.66
2001-10-21,2.61,23.47,18.11,29.56,nasa,0.68
2001-10-22,10.86,22.03,17.94,26.82,nasa,0.67
2001-10-23,0.24,21.07,16.11,28.19,nasa,0.67
2001-10-24,1.62,19.43,16.0,26.41,nasa,0.66
2001-10-25,0.29,18.92,14.6,25.48,nasa,0.66
2001-10-26,0.08,17.74,12.0,24.46,nasa,0.65
2001-10-27,0.0,17.51,11.35,26.05,nasa,0.64
2001-10-28,0.05,19.41,12.21,28.71,nasa,0.64
2001-10-29,0.24,20.44,13.98,28.93,nasa,0.63
2001-10-30,1.27,20.78,14.19,28.65,nasa,0.63
2001-10-31,7.79,20.72,17.66,24.98,nasa,0.63
2001-11-01,9.84,21.99,18.11,28.49,nasa,0.65
2001-11-02,13.7,19.76,16.47,25.6,nasa,0.67
2001-11-03,25.2,20.04,16.38,25.78,nasa,0.69
2001-11-04,20.36,21.14,17.64,26.21,nasa,0.72
2001-11-05,21.24,20.92,17.82,24.09,nasa,0.74
2001-11-06,2.27,20.88,17.13,27.05,nasa,0.74
2001-11-07,0.26,22.05,16.59,28.48,nasa,0.72
2001-11-08,0.9,23.42,17.32,29.64,nasa,0.7
2001-11-09,1.33,22.61,18.34,28.31,nasa,0.69
2001-11-10,1.69,22.06,17.55,28.25,nasa,0.68
2001-11-11,0.77,22.71,17.43,29.47,nasa,0.67
2001-11-12,26.04,22.69,16.86,29.38,nasa,0.68
2001-11-13,21.81,20.96,18.64,24.74,nasa,0.73
2001-11-14,12.54,21.29,18.56,25.55,nasa,0.75
2001-11-15,27.24,22.91,19.71,26.63,nasa,0.76
2001-11-16,22.32,22.88,19.47,27.45,nasa,0.78
2001-11-17,18.55,21.6,18.57,26.04,nasa,0.79
2001-11-18,4.04,20.0,17.36,24.03,nasa,0.79
2001-11-19,17.3,19.85,17.22,22.64,nasa,0.78
2001-11-20,23.14,18.07,15.73,19.79,nasa,0.81
2001-11-21,7.18,18.54,15.36,22.55,nasa,0.81
2001-11-22,1.73,20.33,16.11,25.98,nasa,0.79
2001-11-23,5.98,20.52,16.95,24.98,nasa,0.78
2001-11-24,2.3,21.63,18.23,26.48,nasa,0.78
2001-11-25,2.53,21.95,17.93,27.44,nasa,0.77
2001-11-26,3.79,21.23,16.97,27.0,nasa,0.76
2001-11-27,0.95,21.5,16.45,26.55,nasa,0.76
2001-11-28,1.59,22.2,17.33,27.64,nasa,0.75
2001-11-29,9.83,20.99,18.36,24.17,nasa,0.75
2001-11-30,14.17,21.59,18.88,24.64,nasa,0.77
2001-12-01,10.94,22.51,20.17,26.3,nasa,0.78
2001-12-02,1.99,20.4,15.63,25.75,nasa,0.78
2001-12-03,0.34,18.21,13.59,24.32,nasa,0.77
2001-12-04,0.79,18.47,12.14,25.59,nasa,0.76
2001-12-05,1.64,20.87,16.13,25.96,nasa,0.75
2001-12-06,0.12,20.81,16.99,25.35,nasa,0.75
2001-12-07,0.44,22.0,17.7,27.53,nasa,0.74
2001-12-08,0.02,21.79,17.36,27.46,nasa,0.73
2001-12-09,0.0,22.27,17.23,27.95,nasa,0.72
2001-12-10,0.1,22.02,17.86,27.21,nasa,0.72
2001-12-11,0.01,21.58,16.01,27.89,nasa,0.71
2001-12-12,0.36,21.97,16.83,28.05,nasa,0.7
2001-12-13,0.23,21.51,17.87,26.61,nasa,0.7
2001-12-14,2.42,21.63,17.69,26.73,nasa,0.7
2001-12-15,15.42,20.78,19.28,23.19,nasa,0.71
2001-12-16,36.5,22.07,19.7,25.97,nasa,0.75
2001-12-17,11.7,22.83,19.55,26.92,nasa,0.79
2001-12-18,13.27,22.94,20.26,26.56,nasa,0.79
2001-12-19,15.8,22.8,20.4,26.0,nasa,0.8
2001-12-20,6.93,22.84,19.73,27.2,nasa,0.8
2001-12-21,1.15,21.93,19.17,26.07,nasa,0.79
2001-12-22,0.91,22.42,18.34,27.15,nasa,0.78
2001-12-23,1.63,22.44,19.11,26.57,nasa,0.77
2001-12-24,10.51,20.69,17.59,23.43,nasa,0.77
2001-12-25,16.35,20.51,16.34,25.33,nasa,0.79
2001-12-26,30.18,18.52,14.92,21.06,nasa,0.81
2001-12-27,11.78,19.69,15.03,24.32,nasa,0.83
2001-12-28,8.57,20.03,17.95,23.01,nasa,0.83
2001-12-29,21.37,19.5,16.84,22.84,nasa,0.84
2001-12-30,11.89,19.6,17.5,22.38,nasa,0.85
2001-12-31,13.75,21.88,18.7,26.41,nasa,0.85
2002-01-01,18.1,22.4,18.76,26.83,nasa,0.85
2002-01-02,12.77,22.39,19.67,26.01,nasa,0.86
2002-01-03,12.98,22.87,18.45,28.1,nasa,0.86
2002-01-04,1.58,21.34,16.42,26.88,nasa,0.85
2002-01-05,0.84,20.4,16.53,25.55,nasa,0.84
2002-01-06,0.51,21.67,15.57,28.0,nasa,0.83
2002-01-07,1.8,21.55,18.12,26.46,nasa,0.82
2002-01-08,0.31,21.65,17.88,26.88,nasa,0.82
2002-01-09,0.39,21.08,16.88,26.26,nasa,0.81
2002-01-10,0.95,20.14,15.99,25.09,nasa,0.8
2002-01-11,3.39,20.87,16.87,26.29,nasa,0.8
2002-01-12,5.02,20.84,17.43,26.05,nasa,0.8
2002-01-13,9.71,19.27,17.4,22.01,nasa,0.81
2002-01-14,16.89,19.51,17.4,22.25,nasa,0.83
2002-01-15,15.57,22.23,18.24,27.39,nasa,0.85
2002-01-16,11.94,22.24,19.21,27.4,nasa,0.85
2002-01-17,15.46,19.09,17.25,22.15,nasa,0.86
2002-01-18,15.91,19.85,16.91,24.1,nasa,0.87
2002-01-19,2.23,20.29,18.14,23.46,nasa,0.87
2002-01-20,0.08,21.58,17.17,27.2,nasa,0.85
2002-01-21,0.13,22.49,16.51,28.66,nasa,0.84
2002-01-22,0.03,22.66,17.87,28.66,nasa,0.83
2002-01-23,0.92,22.67,17.32,28.22,nasa,0.83
2002-01-24,20.19,21.98,17.8,25.94,nasa,0.83
2002-01-25,15.2,21.67,19.14,25.27,nasa,0.86
2002-01-26,9.17,22.18,19.78,25.33,nasa,0.87
2002-01-27,4.88,23.57,19.75,28.34,nasa,0.86
2002-01-28,4.37,23.13,19.88,27.42,nasa,0.86
2002-01-29,14.6,23.61,19.64,27.7,nasa,0.86
2002-01-30,11.41,21.65,19.34,24.27,nasa,0.87
2002-01-31,2.2,21.8,17.92,26.21,nasa,0.87
2002-02-01,11.46,22.5,18.72,26.48,nasa,0.87
2002-02-02,18.81,22.58,19.87,26.19,nasa,0.88
2002-02-03,21.4,19.27,16.44,21.05,nasa,0.91
2002-02-04,2.62,19.14,15.58,23.62,nasa,0.9
2002-02-05,1.67,19.68,15.4,24.03,nasa,0.89
2002-02-06,2.14,20.12,15.59,25.0,nasa,0.88
2002-02-07,2.95,21.53,17.88,25.5,nasa,0.88
2002-02-08,2.57,20.65,17.53,24.61,nasa,0.88
2002-02-09,0.4,20.96,18.47,24.96,nasa,0.88
2002-02-10,0.02,21.83,18.27,26.17,nasa,0.87
2002-02-11,0.19,21.76,17.93,27.27,nasa,0.86
2002-02-12,1.44,20.85,16.76,26.38,nasa,0.85
2002-02-13,0.24,20.88,15.77,26.75,nasa,0.85
2002-02-14,0.44,21.03,15.69,27.0,nasa,0.84
2002-02-15,6.42,21.34,16.43,26.41,nasa,0.84
2002-02-16,9.16,22.19,18.97,26.35,nasa,0.85
2002-02-17,32.21,20.71,18.49,23.53,nasa,0.87
2002-02-18,14.02,19.77,17.26,23.68,nasa,0.9
2002-02-19,7.64,19.59,17.33,22.54,nasa,0.9
2002-02-20,5.9,21.0,17.88,25.01,nasa,0.89
2002-02-21,5.66,21.7,19.15,25.27,nasa,0.89
2002-02-22,6.67,22.56,19.91,26.06,nasa,0.89
2002-02-23,12.63,22.91,20.12,26.84,nasa,0.89
2002-02-24,23.61,21.52,16.8,26.2,nasa,0.91
2002-02-25,3.81,19.89,17.25,24.59,nasa,0.92
2002-02-26,3.73,20.42,16.62,25.46,nasa,0.91
2002-02-27,2.11,21.26,17.86,26.09,nasa,0.9
2002-02-28,1.43,21.27,17.6,25.52,nasa,0.9
2002-03-01,0.05,21.08,15.93,26.34,nasa,0.89
2002-03-02,1.0,22.15,16.51,27.5,nasa,0.88
2002-03-03,4.39,20.69,18.34,23.54,nasa,0.88
2002-03-04,6.31,20.42,17.61,24.35,nasa,0.89
2002-03-05,2.91,20.98,17.08,25.82,nasa,0.89
2002-03-06,0.33,21.38,16.5,27.29,nasa,0.88
2002-03-07,0.94,21.84,17.33,27.57,nasa,0.88
2002-03-08,0.16,21.93,17.47,27.77,nasa,0.87
2002-03-09,3.37,21.96,17.44,27.39,nasa,0.86
2002-03-10,4.86,21.32,17.44,26.25,nasa,0.86
2002-03-11,1.41,21.13,16.61,26.68,nasa,0.86
2002-03-12,0.25,21.53,17.12,26.75,nasa,0.86
2002-03-13,0.17,22.09,18.58,26.6,nasa,0.85
2002-03-14,2.54,22.55,18.58,27.04,nasa,0.85
2002-03-15,1.54,22.81,17.53,27.86,nasa,0.85
2002-03-16,0.84,22.27,18.52,26.91,nasa,0.84
2002-03-17,0.44,21.75,18.58,26.25,nasa,0.84
2002-03-18,0.05,22.13,17.74,27.54,nasa,0.83
2002-03-19,0.56,22.22,18.08,27.05,nasa,0.83
2002-03-20,3.54,22.32,19.15,26.97,nasa,0.82
2002-03-21,20.84,21.06,18.33,24.88,nasa,0.84
2002-03-22,4.99,19.23,16.89,23.61,nasa,0.86
2002-03-23,2.66,20.35,16.2,26.04,nasa,0.85
2002-03-24,2.43,21.81,18.1,26.39,nasa,0.84
2002-03-25,0.47,21.24,19.06,24.61,nasa,0.84
2002-03-26,2.82,21.82,18.17,26.28,nasa,0.84
2002-03-27,0.32,21.77,18.79,26.27,nasa,0.83
2002-03-28,0.21,21.43,17.44,26.55,nasa,0.83
2002-03-29,0.04,20.31,16.3,26.02,nasa,0.82
2002-03-30,0.01,20.37,16.3,25.72,nasa,0.81
2002-03-31,0.0,20.08,15.69,26.16,nasa,0.81
2002-04-01,0.0,19.64,14.04,26.03,nasa,0.8
2002-04-02,0.0,21.16,15.47,26.96,nasa,0.8
2002-04-03,0.04,21.2,16.0,27.42,nasa,0.79
2002-04-04,0.16,20.9,16.68,26.66,nasa,0.79
2002-04-05,1.14,20.6,16.85,25.85,nasa,0.79
2002-04-06,1.21,20.25,16.56,25.1,nasa,0.78
2002-04-07,6.53,19.97,17.46,23.89,nasa,0.79
2002-04-08,4.01,20.37,16.82,25.22,nasa,0.79
2002-04-09,2.33,19.72,17.17,23.79,nasa,0.8
2002-04-10,1.2,19.44,15.78,24.47,nasa,0.79
2002-04-11,0.08,20.46,15.86,25.91,nasa,0.79
2002-04-12,0.06,21.72,16.57,26.59,nasa,0.78
2002-04-13,0.13,21.62,17.45,26.7,nasa,0.78
2002-04-14,0.82,20.6,16.81,25.47,nasa,0.77
2002-04-15,0.48,20.02,16.77,24.88,nasa,0.77
2002-04-16,0.12,19.75,16.21,25.22,nasa,0.76
2002-04-17,0.0,19.94,15.39,25.53,nasa,0.76
2002-04-18,0.02,19.77,14.03,27.08,nasa,0.76
2002-04-19,1.11,19.98,14.69,25.9,nasa,0.75
2002-04-20,0.95,21.22,17.49,26.49,nasa,0.75
2002-04-21,0.1,21.84,17.1,27.22,nasa,0.75
2002-04-22,0.08,20.34,16.68,25.45,nasa,0.74
2002-04-23,0.19,19.76,15.41,25.43,nasa,0.74
2002-04-24,0.03,18.96,12.91,25.5,nasa,0.74
2002-04-25,0.0,20.01,14.7,25.95,nasa,0.73
2002-04-26,0.01,20.84,15.71,26.72,nasa,0.73
2002-04-27,0.04,20.94,15.43,27.22,nasa,0.72
2002-04-28,0.5,20.11,15.95,25.57,nasa,0.72
2002-04-29,0.49,20.41,16.77,25.8,nasa,0.72
2002-04-30,0.01,19.69,15.61,25.47,nasa,0.72
2002-05-01,0.01,21.08,15.47,27.69,nasa,0.71
2002-05-02,0.01,20.94,16.88,26.29,nasa,0.71
2002-05-03,0.71,20.28,15.68,25.58,nasa,0.71
2002-05-04,9.49,21.2,17.33,25.87,nasa,0.71
2002-05-05,2.62,20.88,17.68,25.47,nasa,0.72
2002-05-06,2.31,20.5,17.82,24.94,nasa,0.72
2002-05-07,0.95,20.34,17.01,25.06,nasa,0.72
2002-05-08,0.09,19.71,16.4,24.34,nasa,0.72
2002-05-09,3.74,20.2,16.35,24.9,nasa,0.72
2002-05-10,5.51,20.16,17.82,24.14,nasa,0.72
2002-05-11,2.56,19.73,16.84,24.12,nasa,0.73
2002-05-12,2.63,19.46,16.28,24.48,nasa,0.72
2002-05-13,0.54,18.59,14.09,24.35,nasa,0.72
2002-05-14,3.57,18.75,14.25,24.08,nasa,0.72
2002-05-15,0.38,18.86,15.28,23.83,nasa,0.72
2002-05-16,0.07,18.89,14.96,24.45,nasa,0.71
2002-05-17,0.93,19.54,14.79,25.6,nasa,0.71
2002-05-18,1.56,19.43,16.04,24.66,nasa,0.71
2002-05-19,1.35,19.94,15.72,25.34,nasa,0.71
2002-05-20,0.36,20.45,15.8,26.07,nasa,0.7
2002-05-21,4.57,20.79,16.74,26.12,nasa,0.7
2002-05-22,14.19,17.55,14.99,20.62,nasa,0.72
2002-05-23,3.67,15.81,13.76,19.43,nasa,0.73
2002-05-24,0.89,14.98,12.71,18.53,nasa,0.73
2002-05-25,0.53,15.15,11.79,19.3,nasa,0.73
2002-05-26,0.06,13.79,9.61,19.13,nasa,0.72
2002-05-27,0.72,14.67,9.28,20.75,nasa,0.72
2002-05-28,1.45,16.59,13.43,21.36,nasa,0.72
2002-05-29,0.22,17.26,13.07,22.61,nasa,0.71
2002-05-30,0.0,17.43,12.36,23.31,nasa,0.71
2002-05-31,0.13,18.4,12.74,23.87,nasa,0.7
2002-06-01,0.21,18.26,13.43,23.99,nasa,0.7
2002-06-02,1.04,17.72,14.45,22.66,nasa,0.7
2002-06-03,2.36,18.51,14.6,23.33,nasa,0.7
2002-06-04,0.43,19.11,15.52,24.2,nasa,0.7
2002-06-05,0.22,18.31,13.87,24.29,nasa,0.69
2002-06-06,0.04,18.95,15.02,24.7,nasa,0.69
2002-06-07,0.01,18.62,14.98,24.18,nasa,0.69
2002-06-08,0.02,19.33,15.1,25.03,nasa,0.68
2002-06-09,0.05,18.08,13.51,24.6,nasa,0.68
2002-06-10,0.08,18.65,14.96,24.18,nasa,0.68
2002-06-11,0.0,18.09,13.39,24.18,nasa,0.68
2002-06-12,0.0,17.93,13.2,24.46,nasa,0.67
2002-06-13,0.0,18.6,12.91,25.62,nasa,0.67
2002-06-14,0.0,19.42,13.59,25.98,nasa,0.67
2002-06-15,0.01,18.07,13.13,24.01,nasa,0.67
2002-06-16,0.07,18.2,14.03,23.96,nasa,0.67
2002-06-17,0.12,17.44,12.45,23.89,nasa,0.66
2002-06-18,0.15,18.21,14.11,24.42,nasa,0.66
2002-06-19,0.0,18.04,12.59,25.2,nasa,0.66
2002-06-20,0.0,16.64,11.67,23.93,nasa,0.66
2002-06-21,0.01,17.55,11.31,23.59,nasa,0.66
2002-06-22,0.0,17.81,13.89,23.87,nasa,0.66
2002-06-23,0.08,17.59,13.63,23.85,nasa,0.66
2002-06-24,0.04,18.65,14.28,24.21,nasa,0.66
2002-06-25,0.25,17.5,13.42,23.86,nasa,0.65
2002-06-26,0.79,16.39,14.02,20.56,nasa,0.65
2002-06-27,0.48,17.46,13.89,23.25,nasa,0.66
2002-06-28,2.57,18.02,14.56,23.12,nasa,0.66
2002-06-29,1.39,17.65,14.38,23.03,nasa,0.66
2002-06-30,0.21,17.82,14.31,23.27,nasa,0.66
2002-07-01,0.03,17.62,13.19,24.7,nasa,0.66
2002-07-02,1.99,16.85,12.68,22.78,nasa,0.66
2002-07-03,1.83,17.28,14.05,23.12,nasa,0.66
2002-07-04,2.25,17.39,14.04,23.27,nasa,0.66
2002-07-05,0.19,16.42,12.57,23.06,nasa,0.66
2002-07-06,0.0,16.22,10.87,23.7,nasa,0.66
2002-07-07,0.01,16.87,10.94,24.41,nasa,0.65
2002-07-08,0.17,18.19,13.45,24.8,nasa,0.65
2002-07-09,1.07,16.44,13.24,22.17,nasa,0.65
2002-07-10,0.06,18.07,13.23,24.65,nasa,0.65
2002-07-11,0.19,18.89,14.22,25.58,nasa,0.65
2002-07-12,0.59,19.3,14.69,25.42,nasa,0.65
2002-07-13,1.75,18.3,14.31,22.88,nasa,0.65
2002-07-14,0.45,16.59,12.49,23.1,nasa,0.65
2002-07-15,0.5,17.22,12.86,23.94,nasa,0.65
2002-07-16,0.72,18.24,13.47,24.82,nasa,0.65
2002-07-17,4.59,18.56,14.39,25.12,nasa,0.65
2002-07-18,0.94,15.02,12.26,20.05,nasa,0.65
2002-07-19,0.16,15.07,11.82,20.77,nasa,0.65
2002-07-20,0.04,15.71,12.01,21.62,nasa,0.65
2002-07-21,0.25,15.75,10.43,22.08,nasa,0.65
2002-07-22,1.27,17.63,13.46,23.93,nasa,0.65
2002-07-23,0.41,18.85,14.96,24.26,nasa,0.65
2002-07-24,0.05,18.57,14.21,25.98,nasa,0.65
2002-07-25,0.0,17.98,12.9,26.5,nasa,0.64
2002-07-26,0.0,18.41,12.49,26.3,nasa,0.64
2002-07-27,0.04,18.89,13.98,26.01,nasa,0.64
2002-07-28,0.63,19.33,14.07,27.52,nasa,0.64
2002-07-29,0.22,15.26,12.25,20.65,nasa,0.64
2002-07-30,0.03,16.71,12.03,24.78,nasa,0.63
2002-07-31,0.0,16.97,11.33,25.23,nasa,0.63
2002-08-01,0.0,19.48,12.26,27.98,nasa,0.63
2002-08-02,0.08,20.16,14.9,28.1,nasa,0.63
2002-08-03,0.02,21.03,15.69,28.85,nasa,0.63
2002-08-04,0.0,21.38,15.4,29.48,nasa,0.63
2002-08-05,0.11,22.21,16.69,30.32,nasa,0.62
2002-08-06,0.81,21.62,15.93,30.21,nasa,0.62
2002-08-07,0.47,21.22,14.69,30.63,nasa,0.62
2002-08-08,0.0,19.8,14.04,28.3,nasa,0.62
2002-08-09,0.0,18.89,14.32,26.73,nasa,0.62
2002-08-10,0.0,19.88,14.29,28.55,nasa,0.62
2002-08-11,0.0,18.58,14.01,25.3,nasa,0.62
2002-08-12,0.0,20.03,13.94,28.76,nasa,0.62
2002-08-13,0.0,19.98,14.16,28.74,nasa,0.62
2002-08-14,0.0,20.67,14.38,29.31,nasa,0.61
2002-08-15,0.02,19.4,13.24,28.09,nasa,0.61
2002-08-16,0.63,18.78,12.11,27.22,nasa,0.61
2002-08-17,0.45,18.66,14.58,26.08,nasa,0.61
2002-08-18,1.23,18.09,13.77,25.04,nasa,0.61
2002-08-19,2.4,17.8,12.53,24.82,nasa,0.61
2002-08-20,0.3,16.96,11.93,25.24,nasa,0.62
2002-08-21,0.41,18.02,12.08,26.14,nasa,0.61
2002-08-22,0.07,18.58,12.11,27.04,nasa,0.61
2002-08-23,0.01,18.2,13.94,25.06,nasa,0.61
2002-08-24,0.02,18.93,13.18,27.42,nasa,0.61
2002-08-25,0.32,19.06,13.75,26.47,nasa,0.61
2002-08-26,0.1,18.45,13.65,26.0,nasa,0.61
2002-08-27,0.33,17.91,12.45,25.82,nasa,0.61
2002-08-28,0.63,18.8,13.52,26.14,nasa,0.61
2002-08-29,1.14,19.03,14.79,25.77,nasa,0.61
2002-08-30,0.36,20.4,14.8,28.49,nasa,0.61
2002-08-31,2.99,21.3,14.94,28.95,nasa,0.61
2002-09-01,13.67,20.05,15.56,27.44,nasa,0.62
2002-09-02,10.87,16.53,10.47,24.11,nasa,0.65
2002-09-03,0.42,16.18,8.63,25.62,nasa,0.65
2002-09-04,0.0,18.78,12.12,27.34,nasa,0.64
2002-09-05,0.01,20.02,14.48,27.79,nasa,0.64
2002-09-06,0.16,21.21,15.8,28.54,nasa,0.63
2002-09-07,10.73,21.39,15.35,28.47,nasa,0.64
2002-09-08,2.19,15.5,12.75,19.95,nasa,0.65
2002-09-09,0.47,17.88,13.3,24.72,nasa,0.65
2002-09-10,1.81,19.05,14.81,26.44,nasa,0.64
2002-09-11,0.41,17.48,12.72,23.7,nasa,0.64
2002-09-12,0.06,18.22,12.19,26.26,nasa,0.64
2002-09-13,0.02,20.84,13.66,29.64,nasa,0.63
2002-09-14,0.0,22.91,14.84,31.92,nasa,0.63
2002-09-15,0.05,19.04,14.26,26.68,nasa,0.63
2002-09-16,0.0,19.39,13.57,28.6,nasa,0.62
2002-09-17,0.0,20.31,14.49,29.35,nasa,0.62
2002-09-18,0.01,19.71,13.74,28.73,nasa,0.62
2002-09-19,0.01,20.06,14.14,28.35,nasa,0.61
2002-09-20,0.35,20.89,14.86,29.19,nasa,0.61
2002-09-21,11.36,20.57,15.0,29.76,nasa,0.62
2002-09-22,13.44,17.34,14.36,23.15,nasa,0.64
2002-09-23,20.89,18.79,13.91,25.18,nasa,0.67
2002-09-24,20.83,18.22,13.43,22.2,nasa,0.71
2002-09-25,10.16,14.98,13.0,18.72,nasa,0.72
2002-09-26,1.45,16.78,12.15,23.37,nasa,0.71
2002-09-27,0.04,17.64,12.11,24.84,nasa,0.7
2002-09-28,0.03,18.11,12.89,25.16,nasa,0.68
2002-09-29,0.05,19.83,13.99,26.65,nasa,0.67
2002-09-30,0.77,21.1,16.25,27.79,nasa,0.66
2002-10-01,6.22,22.01,16.34,29.6,nasa,0.66
2002-10-02,15.7,19.13,15.34,24.11,nasa,0.69
2002-10-03,0.04,19.59,13.96,27.19,nasa,0.68
2002-10-04,0.0,21.09,15.28,29.03,nasa,0.67
2002-10-05,0.03,21.56,16.31,28.87,nasa,0.66
2002-10-06,0.05,21.1,15.67,28.68,nasa,0.66
2002-10-07,0.08,22.18,17.1,29.6,nasa,0.65
2002-10-08,0.0,22.4,16.28,30.79,nasa,0.65
2002-10-09,0.0,22.23,15.9,31.21,nasa,0.64
2002-10-10,0.0,21.21,14.32,30.49,nasa,0.64
2002-10-11,0.01,22.41,15.85,31.06,nasa,0.63
2002-10-12,0.0,23.09,16.5,32.13,nasa,0.63
2002-10-13,0.0,22.63,15.14,32.4,nasa,0.63
2002-10-14,0.0,21.66,15.72,30.53,nasa,0.62
2002-10-15,0.02,21.97,15.34,31.53,nasa,0.62
2002-10-16,0.73,21.71,14.37,31.42,nasa,0.62
2002-10-17,0.0,23.32,15.81,33.44,nasa,0.62
2002-10-18,0.02,23.07,16.84,31.9,nasa,0.61
2002-10-19,0.0,21.59,15.76,29.86,nasa,0.61
2002-10-20,0.02,22.25,15.66,30.77,nasa,0.61
2002-10-21,0.16,24.02,16.61,33.08,nasa,0.61
2002-10-22,20.97,22.37,17.15,30.25,nasa,0.62
2002-10-23,12.53,17.89,14.69,22.95,nasa,0.67
2002-10-24,0.55,19.37,14.5,26.73,nasa,0.66
2002-10-25,0.04,21.28,14.35,28.92,nasa,0.65
2002-10-26,0.15,21.8,17.37,27.9,nasa,0.65
2002-10-27,1.08,23.51,17.86,30.73,nasa,0.65
2002-10-28,0.71,23.73,17.92,30.94,nasa,0.64
2002-10-29,0.53,23.97,17.84,31.46,nasa,0.64
2002-10-30,7.03,22.6,18.99,28.1,nasa,0.64
2002-10-31,32.59,21.81,17.79,26.92,nasa,0.67
2002-11-01,11.39,19.01,16.25,23.35,nasa,0.71
2002-11-02,1.62,19.97,16.07,26.41,nasa,0.7
2002-11-03,1.14,21.38,15.68,28.2,nasa,0.69
2002-11-04,1.07,22.33,16.39,28.9,nasa,0.68
2002-11-05,31.04,22.33,19.23,26.74,nasa,0.69
2002-11-06,35.91,16.79,13.33,18.78,nasa,0.76
2002-11-07,8.33,15.21,13.01,18.76,nasa,0.77
2002-11-08,0.8,16.67,12.18,22.72,nasa,0.75
2002-11-09,0.07,18.8,12.05,25.73,nasa,0.73
2002-11-10,0.01,20.85,14.86,27.45,nasa,0.71
2002-11-11,3.94,23.17,17.36,29.18,nasa,0.7
2002-11-12,9.6,21.73,18.97,25.92,nasa,0.71
2002-11-13,4.54,21.26,17.81,26.43,nasa,0.71
2002-11-14,0.5,20.64,16.14,26.74,nasa,0.71
2002-11-15,1.55,21.03,15.48,27.56,nasa,0.7
2002-11-16,17.35,21.95,16.99,27.71,nasa,0.7
2002-11-17,2.8,21.03,18.08,25.13,nasa,0.72
2002-11-18,1.69,21.44,17.81,26.11,nasa,0.71
2002-11-19,16.65,21.98,18.93,26.04,nasa,0.72
2002-11-20,5.3,22.95,18.74,28.23,nasa,0.73
2002-11-21,3.94,22.96,19.13,27.8,nasa,0.72
2002-11-22,6.26,21.96,18.39,26.81,nasa,0.72
2002-11-23,10.2,21.49,17.73,25.91,nasa,0.72
2002-11-24,17.12,21.55,18.31,25.8,nasa,0.74
2002-11-25,0.97,22.07,18.35,27.17,nasa,0.74
2002-11-26,0.01,22.31,17.64,27.8,nasa,0.73
2002-11-27,0.13,21.81,17.61,27.32,nasa,0.72
2002-11-28,0.0,22.09,15.98,28.65,nasa,0.71
2002-11-29,0.0,22.87,17.35,29.28,nasa,0.7
2002-11-30,0.01,23.52,18.25,30.04,nasa,0.68
2002-12-01,0.0,23.28,18.0,30.51,nasa,0.68
2002-12-02,0.17,24.39,17.15,32.68,nasa,0.67
2002-12-03,2.03,23.28,18.67,29.49,nasa,0.66
2002-12-04,0.72,23.45,18.74,30.09,nasa,0.66
2002-12-05,2.43,23.96,19.06,29.73,nasa,0.66
2002-12-06,13.69,23.04,19.53,27.92,nasa,0.67
2002-12-07,5.54,22.85,19.86,27.84,nasa,0.69
2002-12-08,3.32,23.17,19.81,28.22,nasa,0.69
2002-12-09,29.31,23.03,19.64,27.41,nasa,0.71
2002-12-10,32.38,22.53,19.77,27.04,nasa,0.76
2002-12-11,38.16,21.18,19.77,23.07,nasa,0.8
2002-12-12,30.3,21.57,19.62,24.16,nasa,0.84
2002-12-13,11.03,20.56,18.8,23.02,nasa,0.84
2002-12-14,8.14,20.86,18.44,24.6,nasa,0.82
2002-12-15,10.05,20.3,17.44,23.77,nasa,0.82
2002-12-16,5.65,20.98,19.09,23.98,nasa,0.81
2002-12-17,8.43,21.86,19.01,26.56,nasa,0.81
2002-12-18,7.51,20.26,16.53,25.44,nasa,0.81
2002-12-19,0.18,21.08,15.76,27.25,nasa,0.8
2002-12-20,0.87,22.86,16.91,28.88,nasa,0.78
2002-12-21,12.98,22.36,19.08,25.81,nasa,0.78
2002-12-22,10.81,22.24,19.2,26.87,nasa,0.8
2002-12-23,1.02,23.29,18.42,28.72,nasa,0.8
2002-12-24,14.55,24.09,19.22,28.93,nasa,0.79
2002-12-25,22.75,24.39,20.98,28.84,nasa,0.82
2002-12-26,21.43,18.47,15.0,21.66,nasa,0.84
2002-12-27,2.28,18.74,14.79,24.05,nasa,0.84
2002-12-28,7.69,20.62,18.0,25.01,nasa,0.83
2002-12-29,6.35,21.19,18.46,25.32,nasa,0.83
2002-12-30,2.22,20.42,18.03,23.52,nasa,0.82
2002-12-31,18.27,22.13,19.24,25.8,nasa,0.83
2003-01-01,24.06,21.63,19.49,23.84,nasa,0.85
2003-01-02,16.02,23.75,20.45,27.87,nasa,0.87
2003-01-03,30.8,22.02,19.93,24.52,nasa,0.89
2003-01-04,13.44,22.32,19.95,25.75,nasa,0.89
2003-01-05,8.41,22.66,20.36,26.28,nasa,0.89
2003-01-06,25.62,22.85,20.05,26.27,nasa,0.89
2003-01-07,45.26,20.35,15.78,23.32,nasa,0.93
2003-01-08,4.2,19.16,14.61,24.66,nasa,0.93
2003-01-09,0.61,22.39,18.04,27.87,nasa,0.91
2003-01-10,16.01,24.03,20.35,27.88,nasa,0.91
2003-01-11,10.77,23.84,19.74,28.68,nasa,0.92
2003-01-12,15.16,21.93,20.18,24.78,nasa,0.92
2003-01-13,19.0,22.11,19.41,26.66,nasa,0.94
2003-01-14,32.54,21.71,18.29,25.66,nasa,0.95
2003-01-15,43.73,21.77,18.31,25.86,nasa,0.97
2003-01-16,22.64,21.65,19.6,23.88,nasa,0.99
2003-01-17,12.51,20.49,18.46,22.6,nasa,0.99
2003-01-18,24.8,20.58,17.67,24.75,nasa,0.99
2003-01-19,16.51,21.58,19.2,25.25,nasa,0.99
2003-01-20,2.12,21.04,19.57,23.07,nasa,0.99
2003-01-21,1.08,21.73,18.93,25.65,nasa,0.99
2003-01-22,2.13,21.86,19.17,24.97,nasa,0.98
2003-01-23,0.12,21.79,18.65,26.4,nasa,0.98
2003-01-24,0.16,21.56,17.73,25.84,nasa,0.97
2003-01-25,1.92,22.09,18.82,26.69,nasa,0.97
2003-01-26,3.36,21.9,16.96,27.11,nasa,0.96
2003-01-27,1.06,21.5,18.56,25.85,nasa,0.96
2003-01-28,1.24,21.52,19.1,24.62,nasa,0.95
2003-01-29,18.79,21.8,19.37,25.14,nasa,0.96
2003-01-30,5.04,21.19,19.01,23.92,nasa,0.97
2003-01-31,0.37,21.83,17.87,26.85,nasa,0.96
2003-02-01,1.21,21.73,16.79,26.96,nasa,0.95
2003-02-02,0.71,21.41,18.33,24.99,nasa,0.94
2003-02-03,0.59,21.36,17.35,26.05,nasa,0.94
2003-02-04,0.03,21.89,17.97,26.84,nasa,0.93
2003-02-05,0.08,21.4,17.04,26.58,nasa,0.92
2003-02-06,0.02,21.08,16.8,26.51,nasa,0.91
2003-02-07,0.01,20.94,15.17,26.67,nasa,0.9
2003-02-08,0.0,21.57,17.14,27.59,nasa,0.9
2003-02-09,0.0,21.11,15.87,27.46,nasa,0.89
2003-02-10,0.04,21.67,15.11,28.01,nasa,0.88
2003-02-11,0.04,21.97,17.41,27.75,nasa,0.88
2003-02-12,0.05,21.0,15.74,26.86,nasa,0.87
2003-02-13,0.01,20.98,15.9,26.93,nasa,0.86
2003-02-14,0.0,21.6,17.03,27.01,nasa,0.86
2003-02-15,0.03,21.76,17.37,26.7,nasa,0.85
2003-02-16,0.53,21.42,18.24,25.39,nasa,0.85
2003-02-17,8.1,21.75,17.41,26.05,nasa,0.85
2003-02-18,5.26,21.18,19.5,23.73,nasa,0.86
2003-02-19,7.38,21.64,19.17,25.1,nasa,0.87
2003-02-20,1.58,22.23,17.95,27.41,nasa,0.87
2003-02-21,0.08,22.2,17.82,27.87,nasa,0.86
2003-02-22,0.05,21.7,16.11,27.78,nasa,0.85
2003-02-23,0.29,21.71,17.34,27.04,nasa,0.84
2003-02-24,0.23,21.68,17.03,27.15,nasa,0.84
2003-02-25,0.66,21.93,16.61,27.69,nasa,0.83
2003-02-26,0.41,22.09,17.17,28.04,nasa,0.82
2003-02-27,0.41,22.07,17.79,28.01,nasa,0.82
2003-02-28,0.39,22.14,17.4,27.87,nasa,0.81
2003-03-01,1.91,22.69,18.33,27.91,nasa,0.81
2003-03-02,0.04,22.39,17.8,27.89,nasa,0.8
2003-03-03,0.98,22.44,16.84,28.4,nasa,0.8
2003-03-04,1.53,22.68,17.06,28.78,nasa,0.79
2003-03-05,0.87,21.87,17.03,27.6,nasa,0.79
2003-03-06,0.88,21.69,17.93,26.1,nasa,0.79
2003-03-07,2.4,21.83,16.89,27.11,nasa,0.79
2003-03-08,0.71,21.02,17.55,25.19,nasa,0.79
2003-03-09,0.64,20.58,17.02,24.88,nasa,0.79
2003-03-10,1.23,20.95,18.29,25.03,nasa,0.79
2003-03-11,0.16,20.96,18.52,24.46,nasa,0.78
2003-03-12,1.68,21.24,18.67,25.09,nasa,0.78
2003-03-13,3.25,21.18,18.89,24.59,nasa,0.78
2003-03-14,10.34,21.69,18.69,26.02,nasa,0.79
2003-03-15,6.62,22.3,18.55,26.59,nasa,0.8
2003-03-16,4.35,21.62,18.65,25.75,nasa,0.8
2003-03-17,19.85,20.95,18.68,23.46,nasa,0.81
2003-03-18,8.79,19.9,18.08,22.4,nasa,0.83
2003-03-19,3.49,21.4,17.8,25.85,nasa,0.83
2003-03-20,0.45,20.81,18.0,24.26,nasa,0.82
2003-03-21,0.46,21.45,18.11,26.38,nasa,0.81
2003-03-22,2.93,21.22,17.35,25.73,nasa,0.8
2003-03-23,13.7,20.49,18.25,23.85,nasa,0.82
2003-03-24,0.81,20.26,16.95,24.86,nasa,0.82
2003-03-25,0.4,20.07,16.55,24.67,nasa,0.81
2003-03-26,0.58,19.54,16.47,23.97,nasa,0.8
2003-03-27,1.09,18.47,16.18,21.35,nasa,0.8
2003-03-28,1.97,19.23,16.09,24.23,nasa,0.8
2003-03-29,0.4,19.32,15.77,24.18,nasa,0.79
2003-03-30,0.49,19.99,15.28,25.5,nasa,0.79
2003-03-31,0.08,20.48,15.73,26.35,nasa,0.78
2003-04-01,0.02,20.39,16.54,26.14,nasa,0.78
2003-04-02,0.21,19.78,14.64,26.01,nasa,0.77
2003-04-03,1.36,19.95,15.06,25.63,nasa,0.77
2003-04-04,0.52,20.95,16.88,26.13,nasa,0.76
2003-04-05,0.69,21.65,18.33,25.92,nasa,0.76
2003-04-06,11.6,22.14,18.35,26.88,nasa,0.76
2003-04-07,11.19,20.35,16.44,25.05,nasa,0.79
2003-04-08,0.73,19.38,15.44,24.49,nasa,0.79
2003-04-09,0.75,20.64,16.74,25.89,nasa,0.78
2003-04-10,1.16,22.43,18.19,27.64,nasa,0.77
2003-04-11,0.91,22.76,18.97,28.02,nasa,0.77
2003-04-12,16.4,21.65,16.93,26.95,nasa,0.78
2003-04-13,4.6,17.34,15.18,20.98,nasa,0.79
2003-04-14,1.3,17.55,15.01,22.05,nasa,0.79
2003-04-15,0.03,17.43,14.23,22.14,nasa,0.78
2003-04-16,0.0,17.64,14.56,22.52,nasa,0.78
2003-04-17,0.0,17.87,13.24,24.21,nasa,0.77
2003-04-18,0.0,18.61,13.66,24.89,nasa,0.76
2003-04-19,0.0,18.16,12.07,24.8,nasa,0.76
2003-04-20,1.25,20.46,14.4,26.27,nasa,0.75
2003-04-21,2.71,21.05,17.55,25.82,nasa,0.75
2003-04-22,1.4,19.95,16.48,24.64,nasa,0.75
2003-04-23,4.08,19.48,16.15,24.28,nasa,0.75
2003-04-24,6.63,19.86,16.88,24.53,nasa,0.76
2003-04-25,0.55,19.7,16.15,25.14,nasa,0.76
2003-04-26,0.01,19.64,13.96,26.43,nasa,0.75
2003-04-27,0.16,19.68,14.19,26.44,nasa,0.74
2003-04-28,0.1,19.94,13.8,26.28,nasa,0.74
2003-04-29,0.16,20.8,16.17,27.0,nasa,0.73
2003-04-30,0.01,21.05,16.23,26.43,nasa,0.73
2003-05-01,0.0,20.82,14.41,26.56,nasa,0.72
2003-05-02,3.23,21.64,16.82,26.72,nasa,0.72
2003-05-03,3.34,16.85,12.04,20.23,nasa,0.73
2003-05-04,0.37,15.64,10.61,21.48,nasa,0.72
2003-05-05,0.48,17.76,12.95,23.72,nasa,0.72
2003-05-06,5.3,18.42,14.47,23.69,nasa,0.72
2003-05-07,0.09,18.42,11.66,24.11,nasa,0.73
2003-05-08,0.54,14.15,8.07,20.94,nasa,0.72
2003-05-09,0.01,14.15,7.76,21.45,nasa,0.72
2003-05-10,1.19,16.06,12.24,21.66,nasa,0.71
2003-05-11,1.24,16.42,13.76,20.95,nasa,0.71
2003-05-12,1.3,16.61,13.81,21.17,nasa,0.71
2003-05-13,0.23,16.64,13.04,22.15,nasa,0.71
2003-05-14,1.87,17.25,13.25,22.0,nasa,0.71
2003-05-15,1.1,18.02,14.72,23.32,nasa,0.71
2003-05-16,1.32,17.81,13.86,23.75,nasa,0.71
2003-05-17,0.23,16.47,12.42,22.08,nasa,0.71
2003-05-18,0.03,16.46,10.66,23.27,nasa,0.71
2003-05-19,0.1,17.37,13.89,23.0,nasa,0.7
2003-05-20,0.58,18.48,14.59,24.23,nasa,0.7
2003-05-21,0.11,19.06,14.45,24.57,nasa,0.7
2003-05-22,0.02,18.86,13.51,25.16,nasa,0.69
2003-05-23,0.04,18.84,13.41,25.18,nasa,0.69
2003-05-24,0.07,19.61,14.73,26.03,nasa,0.69
2003-05-25,0.0,16.3,11.93,20.78,nasa,0.68
2003-05-26,0.0,15.35,10.12,23.19,nasa,0.68
2003-05-27,0.01,16.43,10.96,23.26,nasa,0.68
2003-05-28,0.1,18.03,14.21,23.63,nasa,0.68
2003-05-29,1.63,17.5,14.68,21.79,nasa,0.68
2003-05-30,0.46,17.15,14.17,22.41,nasa,0.68
2003-05-31,0.02,17.63,13.35,23.44,nasa,0.68
2003-06-01,0.0,16.72,12.08,23.1,nasa,0.68
2003-06-02,0.0,16.75,11.54,22.85,nasa,0.68
2003-06-03,0.01,18.23,14.54,24.69,nasa,0.67
2003-06-04,0.0,18.69,13.02,25.45,nasa,0.67
2003-06-05,0.0,19.41,14.82,25.48,nasa,0.67
2003-06-06,0.0,18.69,14.56,25.15,nasa,0.67
2003-06-07,0.0,19.86,15.39,26.44,nasa,0.67
2003-06-08,0.12,19.57,15.72,25.49,nasa,0.66
2003-06-09,0.08,19.25,15.79,24.91,nasa,0.66
2003-06-10,0.02,18.8,14.69,25.18,nasa,0.66
2003-06-11,0.0,18.39,14.19,24.89,nasa,0.66
2003-06-12,0.0,19.11,13.29,26.7,nasa,0.66
2003-06-13,0.0,18.9,14.21,26.11,nasa,0.65
2003-06-14,0.0,19.01,14.33,26.51,nasa,0.65
2003-06-15,0.0,18.22,14.0,24.51,nasa,0.65
2003-06-16,0.0,17.18,11.43,24.64,nasa,0.65
2003-06-17,0.0,16.59,10.61,25.13,nasa,0.65
2003-06-18,0.0,16.95,10.51,25.58,nasa,0.65
2003-06-19,0.0,17.14,10.72,25.17,nasa,0.65
2003-06-20,0.0,17.66,11.09,25.56,nasa,0.65
2003-06-21,0.0,18.47,13.8,25.02,nasa,0.65
2003-06-22,0.0,17.37,12.02,25.06,nasa,0.64
2003-06-23,0.0,17.41,11.16,25.39,nasa,0.64
2003-06-24,0.01,18.2,11.78,26.0,nasa,0.64
2003-06-25,0.0,17.43,12.95,25.05,nasa,0.64
2003-06-26,0.0,17.76,12.69,25.18,nasa,0.64
2003-06-27,0.0,16.97,12.67,24.42,nasa,0.64
2003-06-28,0.02,17.47,11.83,24.87,nasa,0.64
2003-06-29,0.0,17.08,11.54,25.6,nasa,0.64
2003-06-30,0.03,15.63,11.82,22.19,nasa,0.64
2003-07-01,0.03,14.62,10.18,21.88,nasa,0.64
2003-07-02,0.0,15.26,8.63,24.0,nasa,0.64
2003-07-03,0.0,15.09,9.07,23.08,nasa,0.63
2003-07-04,0.0,16.65,11.61,24.21,nasa,0.63
2003-07-05,0.0,16.38,10.9,24.29,nasa,0.63
2003-07-06,0.0,17.08,10.37,25.51,nasa,0.63
2003-07-07,0.0,17.78,11.48,26.23,nasa,0.63
2003-07-08,0.02,18.72,13.51,26.67,nasa,0.63
2003-07-09,0.0,18.38,12.8,26.7,nasa,0.63
2003-07-10,0.0,18.47,12.89,26.18,nasa,0.63
2003-07-11,0.94,19.26,14.32,27.27,nasa,0.63
2003-07-12,4.37,14.48,12.24,18.73,nasa,0.63
2003-07-13,4.63,15.1,12.38,19.5,nasa,0.64
2003-07-14,1.98,14.65,11.53,19.04,nasa,0.65
2003-07-15,0.45,14.55,11.01,20.2,nasa,0.65
2003-07-16,0.29,14.77,11.02,20.5,nasa,0.64
2003-07-17,0.03,15.46,10.42,23.0,nasa,0.64
2003-07-18,0.12,16.1,11.36,22.86,nasa,0.64
2003-07-19,0.06,17.37,12.51,24.68,nasa,0.64
2003-07-20,0.01,17.65,11.88,26.2,nasa,0.64
2003-07-21,0.0,17.61,12.81,25.57,nasa,0.63
2003-07-22,0.01,17.76,11.96,26.42,nasa,0.63
2003-07-23,0.04,17.75,11.56,25.43,nasa,0.63
2003-07-24,0.2,18.52,13.93,25.74,nasa,0.63
2003-07-25,0.03,17.93,12.63,25.95,nasa,0.63
2003-07-26,0.46,17.22,11.93,24.86,nasa,0.63
2003-07-27,0.79,16.28,12.77,21.75,nasa,0.63
2003-07-28,0.63,16.67,12.93,22.81,nasa,0.63
2003-07-29,0.68,16.53,13.5,21.97,nasa,0.63
2003-07-30,0.04,17.93,12.92,24.89,nasa,0.63
2003-07-31,0.1,18.11,13.13,25.48,nasa,0.62
2003-08-01,2.79,17.81,14.2,23.68,nasa,0.62
2003-08-02,2.35,17.31,13.64,23.61,nasa,0.63
2003-08-03,1.04,16.32,12.32,22.94,nasa,0.63
2003-08-04,0.0,15.85,11.05,23.44,nasa,0.63
2003-08-05,0.02,17.22,11.43,25.01,nasa,0.63
2003-08-06,0.03,19.34,14.06,27.52,nasa,0.63
2003-08-07,0.0,19.94,13.97,28.23,nasa,0.62
2003-08-08,0.1,19.45,13.04,28.37,nasa,0.62
2003-08-09,0.05,20.29,14.7,28.37,nasa,0.62
2003-08-10,0.53,15.96,12.63,20.53,nasa,0.62
2003-08-11,0.3,15.15,11.64,20.95,nasa,0.62
2003-08-12,0.01,14.8,11.27,20.24,nasa,0.62
2003-08-13,0.01,15.28,10.1,23.89,nasa,0.62
2003-08-14,0.07,16.77,10.09,26.48,nasa,0.62
2003-08-15,4.7,18.5,11.46,27.13,nasa,0.62
2003-08-16,2.18,19.38,14.19,26.77,nasa,0.62
2003-08-17,0.79,16.67,11.14,24.66,nasa,0.63
2003-08-18,0.0,15.17,10.02,23.4,nasa,0.62
2003-08-19,0.02,15.97,11.66,24.25,nasa,0.62
2003-08-20,0.03,16.14,10.27,25.55,nasa,0.62
2003-08-21,0.05,16.06,8.01,26.17,nasa,0.62
2003-08-22,0.01,18.4,11.62,27.9,nasa,0.62
2003-08-23,0.47,19.21,13.74,27.72,nasa,0.61
2003-08-24,1.08,19.73,14.03,27.78,nasa,0.61
2003-08-25,5.35,20.94,15.99,29.92,nasa,0.61
2003-08-26,13.32,16.31,13.11,21.02,nasa,0.63
2003-08-27,4.9,16.08,13.2,20.85,nasa,0.65
2003-08-28,3.6,18.32,13.69,25.32,nasa,0.65
2003-08-29,2.89,16.22,12.77,20.81,nasa,0.65
2003-08-30,0.47,15.52,12.28,21.42,nasa,0.65
2003-08-31,0.69,17.71,12.76,24.95,nasa,0.65
2003-09-01,0.9,19.68,14.0,27.62,nasa,0.64
2003-09-02,1.08,18.44,14.48,25.32,nasa,0.64
2003-09-03,0.37,15.97,13.21,21.02,nasa,0.64
2003-09-04,0.1,15.97,11.43,23.54,nasa,0.64
2003-09-05,0.02,16.4,10.95,25.65,nasa,0.63
2003-09-06,0.01,16.62,9.89,25.86,nasa,0.63
2003-09-07,0.03,17.06,9.7,25.94,nasa,0.63
2003-09-08,0.07,18.2,11.9,26.4,nasa,0.62
2003-09-09,0.08,19.55,14.15,27.44,nasa,0.62
2003-09-10,0.01,20.66,14.69,28.8,nasa,0.62
2003-09-11,0.85,18.46,12.82,26.1,nasa,0.62
2003-09-12,0.67,15.63,12.08,20.98,nasa,0.62
2003-09-13,7.16,19.76,12.71,27.65,nasa,0.62
2003-09-14,12.52,17.96,14.52,23.22,nasa,0.65
2003-09-15,1.43,17.56,13.55,24.18,nasa,0.65
2003-09-16,0.48,19.98,13.3,27.86,nasa,0.65
2003-09-17,3.13,19.08,14.83,25.97,nasa,0.64
2003-09-18,0.86,16.66,13.71,21.54,nasa,0.64
2003-09-19,0.04,18.14,12.41,26.44,nasa,0.64
2003-09-20,0.0,19.78,12.69,29.39,nasa,0.64
2003-09-21,0.09,19.52,12.16,29.47,nasa,0.63
2003-09-22,0.06,19.54,12.81,29.6,nasa,0.63
2003-09-23,0.08,20.45,13.15,30.44,nasa,0.62
2003-09-24,0.0,22.82,13.7,32.96,nasa,0.62
2003-09-25,0.39,23.49,16.61,32.73,nasa,0.62
2003-09-26,0.69,23.29,16.59,32.5,nasa,0.61
2003-09-27,3.76,23.86,16.45,33.72,nasa,0.61
2003-09-28,2.9,22.61,17.64,29.75,nasa,0.62
2003-09-29,5.06,22.26,18.6,27.94,nasa,0.62
2003-09-30,3.78,20.33,14.81,26.55,nasa,0.63
2003-10-01,0.73,18.98,14.26,26.81,nasa,0.63
2003-10-02,0.19,19.74,14.1,27.63,nasa,0.63
2003-10-03,0.04,20.6,14.49,29.61,nasa,0.62
2003-10-04,0.18,20.25,14.88,28.48,nasa,0.62
2003-10-05,0.01,20.93,14.6,29.31,nasa,0.62
2003-10-06,0.02,22.5,16.13,30.89,nasa,0.61
2003-10-07,0.59,23.52,16.57,32.5,nasa,0.61
2003-10-08,0.34,23.17,17.76,30.0,nasa,0.61
2003-10-09,1.3,21.23,18.27,25.75,nasa,0.61
2003-10-10,4.58,21.36,16.82,27.05,nasa,0.61
2003-10-11,2.53,22.48,16.77,30.45,nasa,0.62
2003-10-12,13.93,17.21,14.95,21.12,nasa,0.64
2003-10-13,1.3,16.69,13.37,21.78,nasa,0.64
2003-10-14,0.33,16.34,12.3,22.73,nasa,0.64
2003-10-15,0.07,15.92,11.72,22.36,nasa,0.64
2003-10-16,0.0,15.48,9.59,23.6,nasa,0.63
2003-10-17,0.0,15.08,7.17,25.24,nasa,0.63
2003-10-18,0.0,18.1,7.22,30.12,nasa,0.62
2003-10-19,0.0,20.57,11.21,30.47,nasa,0.62
2003-10-20,0.08,23.09,13.86,33.71,nasa,0.62
2003-10-21,0.16,22.47,14.66,31.64,nasa,0.61
2003-10-22,1.76,24.63,16.71,35.03,nasa,0.61
2003-10-23,26.37,20.16,17.57,23.39,nasa,0.64
2003-10-24,5.54,18.55,14.53,22.12,nasa,0.67
2003-10-25,2.46,20.54,14.07,27.32,nasa,0.66
2003-10-26,0.56,21.75,16.73,28.47,nasa,0.65
2003-10-27,0.02,21.78,16.17,29.76,nasa,0.65
2003-10-28,0.07,21.76,15.93,29.85,nasa,0.64
2003-10-29,2.09,21.41,16.27,28.7,nasa,0.63
2003-10-30,5.7,21.02,17.47,27.0,nasa,0.64
2003-10-31,6.25,21.47,17.34,27.64,nasa,0.65
2003-11-01,3.62,22.95,17.31,29.83,nasa,0.65
2003-11-02,28.85,21.15,16.35,26.44,nasa,0.66
2003-11-03,6.17,16.63,11.94,22.07,nasa,0.7
2003-11-04,0.11,15.9,10.34,22.76,nasa,0.68
2003-11-05,0.15,16.72,12.23,23.52,nasa,0.67
2003-11-06,1.24,18.95,12.82,26.57,nasa,0.66
2003-11-07,2.79,17.7,15.13,21.54,nasa,0.66
2003-11-08,1.16,20.18,15.17,26.41,nasa,0.66
2003-11-09,2.24,22.26,15.92,29.12,nasa,0.66
2003-11-10,4.46,23.2,16.7,31.02,nasa,0.65
2003-11-11,1.45,22.88,18.37,29.35,nasa,0.65
2003-11-12,0.62,23.94,18.2,31.39,nasa,0.65
2003-11-13,4.2,24.08,17.98,31.65,nasa,0.64
2003-11-14,11.49,21.04,16.74,26.69,nasa,0.66
2003-11-15,0.91,20.69,16.27,27.92,nasa,0.66
2003-11-16,0.02,23.03,17.06,29.9,nasa,0.65
2003-11-17,0.36,22.79,17.53,27.95,nasa,0.65
2003-11-18,6.1,21.88,19.55,25.11,nasa,0.65
2003-11-19,6.04,22.79,18.89,29.0,nasa,0.66
2003-11-20,7.77,21.49,18.59,26.39,nasa,0.67
2003-11-21,7.87,19.77,17.11,23.17,nasa,0.67
2003-11-22,2.85,19.77,16.26,26.06,nasa,0.67
2003-11-23,3.48,21.06,16.87,27.31,nasa,0.67
2003-11-24,0.17,22.12,17.79,28.83,nasa,0.67
2003-11-25,0.1,23.09,17.51,30.26,nasa,0.66
2003-11-26,0.06,24.05,18.08,30.66,nasa,0.65
2003-11-27,0.04,24.57,18.15,32.54,nasa,0.64
2003-11-28,10.12,24.61,19.17,31.55,nasa,0.64
2003-11-29,2.97,22.51,18.51,27.97,nasa,0.65
2003-11-30,2.72,22.7,18.85,29.11,nasa,0.65
2003-12-01,5.26,22.93,18.51,28.92,nasa,0.65
2003-12-02,3.34,22.49,18.95,27.01,nasa,0.66
2003-12-03,5.95,24.04,19.23,30.02,nasa,0.66
2003-12-04,10.74,22.82,20.59,25.82,nasa,0.67
2003-12-05,14.96,22.93,20.62,26.75,nasa,0.69
2003-12-06,18.4,23.08,18.65,28.47,nasa,0.7
2003-12-07,38.91,18.29,15.71,20.95,nasa,0.76
2003-12-08,3.55,21.32,16.72,26.9,nasa,0.76
2003-12-09,4.92,23.22,19.01,27.8,nasa,0.74
2003-12-10,7.76,22.65,18.09,27.84,nasa,0.73
2003-12-11,0.58,22.54,17.96,28.58,nasa,0.72
2003-12-12,15.5,23.52,17.67,29.73,nasa,0.71
2003-12-13,4.45,21.69,19.07,26.28,nasa,0.73
2003-12-14,0.51,22.76,18.16,28.11,nasa,0.71
2003-12-15,0.07,23.29,17.73,29.55,nasa,0.7
2003-12-16,0.03,23.0,17.31,29.31,nasa,0.69
2003-12-17,1.31,22.28,17.51,29.34,nasa,0.68
2003-12-18,3.21,20.7,16.88,26.85,nasa,0.68
2003-12-19,10.58,20.45,17.76,25.53,nasa,0.68
2003-12-20,11.81,21.91,17.67,27.54,nasa,0.7
2003-12-21,7.14,22.63,18.43,27.27,nasa,0.71
2003-12-22,2.16,21.94,18.82,25.95,nasa,0.71
2003-12-23,17.06,21.83,18.28,25.63,nasa,0.71
2003-12-24,18.0,21.06,18.46,26.02,nasa,0.73
2003-12-25,24.52,20.74,17.28,25.86,nasa,0.76
2003-12-26,19.78,20.34,16.65,25.08,nasa,0.78
2003-12-27,10.19,19.64,15.98,24.54,nasa,0.78
2003-12-28,3.16,20.14,14.74,25.79,nasa,0.77
2003-12-29,2.19,20.93,18.24,24.84,nasa,0.76
2003-12-30,2.87,22.07,18.27,26.94,nasa,0.75
2003-12-31,2.81,22.84,18.67,28.01,nasa,0.74
2004-01-01,14.54,23.04,18.97,27.89,nasa,0.74
2004-01-02,36.46,20.2,17.07,23.07,nasa,0.78
2004-01-03,5.16,18.77,16.42,22.4,nasa,0.8
2004-01-04,2.54,18.2,15.88,21.5,nasa,0.79
2004-01-05,2.81,20.69,15.83,26.73,nasa,0.77
2004-01-06,21.06,21.2,17.73,26.23,nasa,0.78
2004-01-07,4.29,20.79,17.43,25.02,nasa,0.79
2004-01-08,16.51,20.4,17.33,24.17,nasa,0.79
2004-01-09,30.36,20.41,18.89,23.07,nasa,0.82
2004-01-10,15.66,21.51,18.89,24.95,nasa,0.84
2004-01-11,36.02,22.63,19.09,27.15,nasa,0.85
2004-01-12,23.72,23.3,20.8,27.34,nasa,0.88
2004-01-13,23.76,23.36,20.23,26.98,nasa,0.88
2004-01-14,18.75,22.7,20.02,26.09,nasa,0.89
2004-01-15,35.59,22.39,19.94,25.61,nasa,0.9
2004-01-16,12.34,22.58,18.36,27.1,nasa,0.91
2004-01-17,3.83,20.22,16.08,25.09,nasa,0.89
2004-01-18,0.36,18.43,14.68,23.95,nasa,0.88
2004-01-19,0.07,17.66,13.05,23.39,nasa,0.87
2004-01-20,0.26,18.05,11.6,24.74,nasa,0.86
2004-01-21,16.31,20.37,15.09,26.3,nasa,0.86
2004-01-22,10.0,21.39,18.32,26.31,nasa,0.88
2004-01-23,2.65,20.84,17.32,25.23,nasa,0.88
2004-01-24,1.85,20.67,17.98,24.35,nasa,0.87
2004-01-25,0.13,20.72,17.01,25.35,nasa,0.86
2004-01-26,0.04,20.67,16.13,24.89,nasa,0.86
2004-01-27,0.15,21.86,17.54,27.26,nasa,0.85
2004-01-28,0.95,21.77,17.29,26.85,nasa,0.85
2004-01-29,2.94,21.5,17.73,26.53,nasa,0.84
2004-01-30,2.35,21.14,17.21,25.5,nasa,0.84
2004-01-31,2.18,21.31,17.9,25.94,nasa,0.84
2004-02-01,1.84,21.69,17.84,26.71,nasa,0.83
2004-02-02,2.7,21.0,17.73,25.48,nasa,0.83
2004-02-03,3.55,21.63,17.37,26.86,nasa,0.83
2004-02-04,1.51,22.08,17.88,27.18,nasa,0.82
2004-02-05,1.4,22.67,17.68,28.39,nasa,0.82
2004-02-06,5.33,22.64,18.17,27.18,nasa,0.82
2004-02-07,24.84,20.33,16.89,23.64,nasa,0.84
2004-02-08,17.11,18.03,16.3,20.85,nasa,0.86
2004-02-09,16.28,18.64,16.23,22.3,nasa,0.88
2004-02-10,25.19,19.4,16.76,23.04,nasa,0.89
2004-02-11,18.91,18.78,17.18,21.38,nasa,0.9
2004-02-12,6.26,19.61,17.14,22.81,nasa,0.9
2004-02-13,12.52,21.05,17.15,25.91,nasa,0.9
2004-02-14,0.96,21.06,17.78,25.66,nasa,0.89
2004-02-15,4.93,20.67,18.61,23.14,nasa,0.89
2004-02-16,16.25,21.58,18.48,25.81,nasa,0.89
2004-02-17,14.07,21.14,19.25,23.46,nasa,0.91
2004-02-18,13.19,21.35,19.06,24.32,nasa,0.92
2004-02-19,6.93,20.94,19.2,23.4,nasa,0.92
2004-02-20,1.47,21.47,18.04,25.87,nasa,0.91
2004-02-21,1.19,21.23,18.65,25.31,nasa,0.91
2004-02-22,1.27,21.21,17.26,26.08,nasa,0.9
2004-02-23,1.9,21.11,17.21,26.27,nasa,0.89
2004-02-24,5.86,22.06,17.9,27.19,nasa,0.89
2004-02-25,13.11,21.64,17.53,27.15,nasa,0.9
2004-02-26,23.59,21.97,17.95,26.61,nasa,0.92
2004-02-27,6.37,21.43,19.35,25.01,nasa,0.92
2004-02-28,7.62,20.11,17.31,23.29,nasa,0.92
2004-02-29,1.94,21.23,16.28,26.22,nasa,0.92
2004-03-01,7.26,21.74,17.26,26.78,nasa,0.91
2004-03-02,8.65,22.02,18.39,26.49,nasa,0.92
2004-03-03,3.25,22.19,18.42,26.84,nasa,0.91
2004-03-04,17.51,21.85,18.3,26.34,nasa,0.92
2004-03-05,18.95,20.65,18.41,24.04,nasa,0.93
2004-03-06,4.27,20.72,17.42,25.68,nasa,0.94
2004-03-07,0.94,20.29,17.4,24.28,nasa,0.93
2004-03-08,1.75,20.81,17.1,25.84,nasa,0.92
2004-03-09,0.14,20.83,16.06,26.39,nasa,0.92
2004-03-10,0.56,20.82,17.16,26.1,nasa,0.91
2004-03-11,3.12,20.82,16.21,25.97,nasa,0.9
2004-03-12,3.65,20.16,17.44,24.73,nasa,0.91
2004-03-13,0.17,19.51,16.1,24.51,nasa,0.9
2004-03-14,1.36,21.04,16.26,26.35,nasa,0.89
2004-03-15,4.01,20.56,18.86,23.46,nasa,0.89
2004-03-16,13.01,21.83,19.06,25.58,nasa,0.9
2004-03-17,9.33,20.95,17.25,26.28,nasa,0.91
2004-03-18,2.34,21.08,16.19,26.37,nasa,0.9
2004-03-19,4.39,19.28,17.33,21.9,nasa,0.9
2004-03-20,27.53,18.99,16.18,22.23,nasa,0.92
2004-03-21,17.97,19.17,16.79,22.63,nasa,0.94
2004-03-22,2.2,18.72,15.64,23.09,nasa,0.93
2004-03-23,3.68,17.4,14.4,21.1,nasa,0.93
2004-03-24,1.97,18.48,14.44,23.62,nasa,0.93
2004-03-25,2.15,19.02,14.45,24.6,nasa,0.92
2004-03-26,1.23,19.5,14.89,24.91,nasa,0.91
2004-03-27,9.33,19.7,16.05,24.14,nasa,0.91
2004-03-28,4.44,20.08,17.5,24.33,nasa,0.92
2004-03-29,9.85,19.77,17.04,22.34,nasa,0.92
2004-03-30,7.87,20.61,16.02,25.27,nasa,0.93
2004-03-31,7.06,20.19,16.89,24.54,nasa,0.93
2004-04-01,5.75,20.31,16.89,24.66,nasa,0.93
2004-04-02,3.56,20.24,16.47,24.97,nasa,0.93
2004-04-03,0.6,20.67,16.92,25.59,nasa,0.92
2004-04-04,3.6,21.27,17.59,25.48,nasa,0.92
2004-04-05,1.87,20.15,18.7,22.42,nasa,0.92
2004-04-06,5.52,20.04,17.83,22.63,nasa,0.92
2004-04-07,8.99,20.97,17.96,25.14,nasa,0.93
2004-04-08,7.21,21.57,18.42,26.0,nasa,0.93
2004-04-09,10.27,21.05,19.0,24.44,nasa,0.93
2004-04-10,21.05,19.58,18.32,21.78,nasa,0.95
2004-04-11,12.18,20.41,17.91,24.56,nasa,0.96
2004-04-12,6.36,19.61,17.62,22.23,nasa,0.96
2004-04-13,2.31,20.15,17.49,23.73,nasa,0.96
2004-04-14,2.15,20.24,17.84,24.09,nasa,0.96
2004-04-15,1.43,20.52,17.36,24.28,nasa,0.95
2004-04-16,0.65,20.85,17.75,24.93,nasa,0.95
2004-04-17,0.2,20.37,17.29,24.91,nasa,0.94
2004-04-18,0.03,20.73,16.36,25.92,nasa,0.94
2004-04-19,0.0,19.27,15.05,24.68,nasa,0.93
2004-04-20,0.0,19.5,13.96,25.14,nasa,0.93
2004-04-21,0.56,20.05,15.49,25.61,nasa,0.92
2004-04-22,2.18,19.7,15.71,24.38,nasa,0.92
2004-04-23,0.41,19.84,15.91,24.97,nasa,0.91
2004-04-24,0.13,20.76,16.18,25.56,nasa,0.91
2004-04-25,14.91,20.5,16.75,25.51,nasa,0.91
2004-04-26,11.48,17.13,15.47,19.75,nasa,0.93
2004-04-27,5.54,17.37,15.15,21.18,nasa,0.93
2004-04-28,1.69,16.97,14.33,21.64,nasa,0.93
2004-04-29,0.37,16.41,13.19,20.93,nasa,0.92
2004-04-30,0.08,17.13,12.51,22.47,nasa,0.92
2004-05-01,0.02,16.71,11.6,22.32,nasa,0.91
2004-05-02,0.05,19.33,13.63,24.88,nasa,0.91
2004-05-03,0.77,20.48,17.04,25.37,nasa,0.9
2004-05-04,0.28,19.71,15.76,24.82,nasa,0.9
2004-05-05,0.03,19.83,16.2,24.41,nasa,0.89
2004-05-06,0.0,19.28,15.14,24.19,nasa,0.89
2004-05-07,0.02,18.29,14.31,23.11,nasa,0.89
2004-05-08,1.03,19.67,14.91,24.62,nasa,0.88
2004-05-09,0.66,19.13,14.98,23.21,nasa,0.88
2004-05-10,0.01,16.36,11.92,21.41,nasa,0.88
2004-05-11,0.0,17.39,13.68,22.73,nasa,0.88
2004-05-12,0.0,18.55,14.44,23.49,nasa,0.88
2004-05-13,0.0,19.05,15.19,24.01,nasa,0.87
2004-05-14,0.05,20.18,14.99,24.91,nasa,0.87
2004-05-15,5.03,20.03,16.97,24.31,nasa,0.87
2004-05-16,4.62,19.21,14.32,24.3,nasa,0.88
2004-05-17,0.26,15.36,12.27,18.88,nasa,0.88
2004-05-18,0.62,17.98,14.37,23.01,nasa,0.87
2004-05-19,0.25,18.66,16.02,23.49,nasa,0.87
2004-05-20,4.98,18.02,15.12,22.49,nasa,0.87
2004-05-21,4.74,16.37,14.16,19.72,nasa,0.88
2004-05-22,1.05,16.55,13.51,21.54,nasa,0.87
2004-05-23,0.27,16.95,13.41,21.93,nasa,0.87
2004-05-24,0.03,17.07,13.07,22.77,nasa,0.87
2004-05-25,0.13,17.75,13.24,23.1,nasa,0.86
2004-05-26,0.17,19.33,16.38,23.94,nasa,0.86
2004-05-27,0.09,15.52,11.13,21.33,nasa,0.86
2004-05-28,5.62,13.72,10.99,17.63,nasa,0.86
2004-05-29,2.38,15.52,12.09,20.02,nasa,0.87
2004-05-30,0.19,17.8,13.67,22.75,nasa,0.86
2004-05-31,1.77,17.64,13.65,23.32,nasa,0.86
2004-06-01,0.89,17.93,14.07,22.34,nasa,0.86
2004-06-02,1.0,17.78,14.28,22.1,nasa,0.86
2004-06-03,3.28,17.4,14.55,21.74,nasa,0.86
2004-06-04,13.62,16.0,10.5,22.04,nasa,0.87
2004-06-05,0.15,14.06,8.15,19.98,nasa,0.87
2004-06-06,0.05,15.49,11.06,21.09,nasa,0.86
2004-06-07,0.02,14.82,10.28,21.05,nasa,0.86
2004-06-08,0.0,14.55,9.86,20.43,nasa,0.85
2004-06-09,0.0,15.45,10.17,21.82,nasa,0.85
2004-06-10,0.34,16.93,12.92,22.57,nasa,0.85
2004-06-11,0.06,16.65,12.5,22.25,nasa,0.85
2004-06-12,0.0,17.32,14.22,22.44,nasa,0.85
2004-06-13,0.47,14.19,11.49,17.13,nasa,0.84
2004-06-14,0.08,13.27,10.46,17.3,nasa,0.84
2004-06-15,0.09,15.15,10.71,20.99,nasa,0.84
2004-06-16,0.81,16.05,12.14,21.45,nasa,0.84
2004-06-17,0.47,16.69,12.54,22.02,nasa,0.84
2004-06-18,0.02,17.02,12.9,22.65,nasa,0.83
2004-06-19,0.03,15.73,11.37,20.71,nasa,0.83
2004-06-20,0.0,15.44,11.25,21.21,nasa,0.83
2004-06-21,0.25,15.71,11.08,21.17,nasa,0.83
2004-06-22,8.66,16.19,11.07,20.72,nasa,0.83
2004-06-23,0.52,17.22,13.56,22.16,nasa,0.84
2004-06-24,0.1,16.12,11.85,21.79,nasa,0.83
2004-06-25,0.05,16.15,13.12,21.53,nasa,0.83
2004-06-26,1.86,16.77,12.45,21.61,nasa,0.83
2004-06-27,0.51,17.12,13.83,22.09,nasa,0.83
2004-06-28,0.15,17.53,13.43,22.84,nasa,0.82
2004-06-29,0.1,16.73,13.7,20.7,nasa,0.82
2004-06-30,2.32,16.62,12.76,21.76,nasa,0.82
2004-07-01,0.6,16.59,13.0,21.74,nasa,0.82
2004-07-02,0.16,17.09,12.93,22.41,nasa,0.82
2004-07-03,0.01,17.54,13.59,22.84,nasa,0.82
2004-07-04,0.0,17.68,12.65,23.21,nasa,0.81
2004-07-05,0.01,17.75,13.09,23.22,nasa,0.81
2004-07-06,0.49,16.66,13.6,21.7,nasa,0.81
2004-07-07,0.14,16.85,13.17,22.58,nasa,0.81
2004-07-08,0.07,17.05,13.5,21.62,nasa,0.8
2004-07-09,0.09,17.42,14.09,21.59,nasa,0.8
2004-07-10,7.53,18.21,15.5,22.87,nasa,0.81
2004-07-11,3.11,16.1,12.24,19.87,nasa,0.82
2004-07-12,0.78,13.77,11.81,17.49,nasa,0.82
2004-07-13,0.36,15.81,11.4,21.61,nasa,0.81
2004-07-14,0.14,17.2,13.33,22.59,nasa,0.81
2004-07-15,0.07,16.63,12.4,21.91,nasa,0.8
2004-07-16,0.18,16.96,12.18,22.38,nasa,0.8
2004-07-17,5.01,16.53,13.01,21.79,nasa,0.8
2004-07-18,6.5,15.36,12.99,19.88,nasa,0.81
2004-07-19,6.07,14.58,12.18,18.89,nasa,0.81
2004-07-20,5.09,13.18,10.98,16.25,nasa,0.82
2004-07-21,4.6,11.76,8.81,15.05,nasa,0.82
2004-07-22,2.31,11.85,8.72,16.18,nasa,0.82
2004-07-23,0.67,11.27,7.67,16.19,nasa,0.82
2004-07-24,0.14,11.06,7.05,16.73,nasa,0.81
2004-07-25,0.05,11.12,6.87,16.79,nasa,0.81
2004-07-26,0.59,11.96,5.84,17.79,nasa,0.81
2004-07-27,0.35,13.39,9.11,18.77,nasa,0.8
2004-07-28,0.38,12.9,8.85,17.23,nasa,0.8
2004-07-29,0.38,13.52,10.31,17.65,nasa,0.8
2004-07-30,0.62,14.08,9.07,19.77,nasa,0.8
2004-07-31,0.24,14.93,10.56,20.87,nasa,0.8
2004-08-01,0.34,16.1,10.91,22.65,nasa,0.79
2004-08-02,0.96,16.66,11.89,23.09,nasa,0.79
2004-08-03,1.47,16.17,12.36,22.62,nasa,0.79
2004-08-04,0.42,15.11,11.83,20.57,nasa,0.79
2004-08-05,2.61,15.03,11.49,20.07,nasa,0.79
2004-08-06,1.4,15.57,11.91,20.94,nasa,0.79
2004-08-07,0.17,16.33,10.61,23.12,nasa,0.79
2004-08-08,0.23,16.3,11.45,22.96,nasa,0.78
2004-08-09,0.06,12.72,9.5,17.61,nasa,0.78
2004-08-10,0.03,12.15,7.68,17.73,nasa,0.78
2004-08-11,0.0,12.57,6.38,19.78,nasa,0.77
2004-08-12,0.16,12.57,8.28,17.53,nasa,0.77
2004-08-13,1.73,12.38,9.89,16.95,nasa,0.77
2004-08-14,3.07,13.56,10.33,18.1,nasa,0.77
2004-08-15,3.22,14.82,12.24,19.58,nasa,0.78
2004-08-16,2.27,15.5,11.58,21.14,nasa,0.78
2004-08-17,0.3,16.33,11.8,22.9,nasa,0.78
2004-08-18,0.02,16.56,11.37,23.26,nasa,0.77
2004-08-19,0.0,16.84,10.82,24.02,nasa,0.77
2004-08-20,0.0,16.91,11.27,24.32,nasa,0.76
2004-08-21,0.0,17.03,12.2,24.37,nasa,0.76
2004-08-22,0.0,17.63,12.52,24.35,nasa,0.75
2004-08-23,0.0,18.97,14.11,25.72,nasa,0.75
2004-08-24,0.08,19.06,13.43,26.49,nasa,0.74
2004-08-25,0.04,19.4,14.19,25.82,nasa,0.74
2004-08-26,0.0,19.97,14.99,27.4,nasa,0.74
2004-08-27,0.01,19.55,15.64,25.4,nasa,0.74
2004-08-28,0.0,20.13,14.95,26.38,nasa,0.73
2004-08-29,0.0,19.87,15.17,25.11,nasa,0.73
2004-08-30,0.0,18.69,13.33,25.44,nasa,0.73
2004-08-31,0.0,17.54,12.65,24.33,nasa,0.72
2004-09-01,0.0,16.48,11.49,24.54,nasa,0.72
2004-09-02,0.0,16.67,10.93,24.5,nasa,0.72
2004-09-03,0.0,18.58,11.24,28.14,nasa,0.71
2004-09-04,0.05,18.23,14.59,24.74,nasa,0.71
2004-09-05,0.01,16.92,11.97,24.1,nasa,0.71
2004-09-06,0.01,17.47,12.1,25.37,nasa,0.71
2004-09-07,0.02,16.74,11.38,24.68,nasa,0.7
2004-09-08,0.06,16.68,10.86,24.94,nasa,0.7
2004-09-09,0.0,16.83,9.84,24.76,nasa,0.7
2004-09-10,0.0,18.16,12.92,25.5,nasa,0.69
2004-09-11,0.0,18.59,12.51,26.08,nasa,0.69
2004-09-12,0.62,17.99,13.37,24.52,nasa,0.69
2004-09-13,0.66,17.44,13.38,24.01,nasa,0.69
2004-09-14,0.16,17.81,12.43,25.29,nasa,0.68
2004-09-15,0.0,19.59,13.84,27.17,nasa,0.68
2004-09-16,0.04,20.67,14.82,28.38,nasa,0.68
2004-09-17,0.05,20.05,15.67,26.25,nasa,0.68
2004-09-18,0.0,19.92,15.13,26.57,nasa,0.68
2004-09-19,0.01,19.38,14.47,26.17,nasa,0.67
2004-09-20,0.01,19.53,14.37,27.0,nasa,0.67
2004-09-21,0.86,19.8,13.74,27.04,nasa,0.67
2004-09-22,0.07,19.61,14.48,27.12,nasa,0.67
2004-09-23,0.03,20.91,14.6,29.5,nasa,0.66
2004-09-24,0.0,21.22,15.4,29.95,nasa,0.66
2004-09-25,0.0,21.03,13.58,30.47,nasa,0.66
2004-09-26,0.0,20.64,15.55,28.62,nasa,0.65
2004-09-27,0.0,20.87,13.93,30.09,nasa,0.65
2004-09-28,0.1,20.98,14.24,30.45,nasa,0.65
2004-09-29,0.0,21.58,14.78,30.7,nasa,0.65
2004-09-30,1.91,19.57,15.58,26.33,nasa,0.65
2004-10-01,1.39,20.12,14.99,27.77,nasa,0.65
2004-10-02,0.94,21.48,15.66,29.14,nasa,0.65
2004-10-03,5.63,19.51,15.33,24.93,nasa,0.65
2004-10-04,9.55,17.69,13.96,24.27,nasa,0.66
2004-10-05,7.06,18.61,13.82,25.95,nasa,0.68
2004-10-06,2.5,17.5,12.82,24.03,nasa,0.68
2004-10-07,0.62,15.75,11.8,21.95,nasa,0.68
2004-10-08,0.04,16.62,11.15,24.91,nasa,0.68
2004-10-09,0.03,19.14,11.82,27.54,nasa,0.67
2004-10-10,0.0,22.26,14.08,31.11,nasa,0.66
2004-10-11,4.06,22.91,17.57,29.91,nasa,0.66
2004-10-12,1.37,21.38,18.1,26.07,nasa,0.66
2004-10-13,0.02,22.29,16.5,30.06,nasa,0.66
2004-10-14,1.23,22.3,16.59,29.83,nasa,0.65
2004-10-15,3.66,22.28,18.03,29.28,nasa,0.65
2004-10-16,0.24,21.36,16.64,27.86,nasa,0.65
2004-10-17,0.02,22.32,16.04,30.34,nasa,0.65
2004-10-18,0.19,22.55,16.89,30.13,nasa,0.65
2004-10-19,0.37,23.46,16.39,32.06,nasa,0.64
2004-10-20,3.95,20.03,14.96,26.19,nasa,0.64
2004-10-21,1.42,17.78,14.28,23.52,nasa,0.65
2004-10-22,0.32,17.83,13.48,24.79,nasa,0.64
2004-10-23,0.1,18.95,13.5,26.87,nasa,0.64
2004-10-24,0.34,22.24,14.31,30.76,nasa,0.64
2004-10-25,4.55,23.82,17.2,31.18,nasa,0.64
2004-10-26,18.57,22.06,19.1,26.39,nasa,0.65
2004-10-27,13.62,22.46,18.56,27.52,nasa,0.69
2004-10-28,11.71,17.39,14.42,20.41,nasa,0.71
2004-10-29,0.12,18.02,13.64,24.52,nasa,0.7
2004-10-30,0.0,20.56,13.89,28.32,nasa,0.69
2004-10-31,0.04,22.29,15.77,29.56,nasa,0.68
2004-11-01,4.79,22.7,17.65,29.39,nasa,0.67
2004-11-02,0.79,22.08,17.14,29.16,nasa,0.67
2004-11-03,0.05,21.86,16.36,28.47,nasa,0.66
2004-11-04,0.05,22.75,17.36,30.11,nasa,0.65
2004-11-05,0.0,23.0,17.29,30.58,nasa,0.65
2004-11-06,0.95,24.16,17.43,31.61,nasa,0.64
2004-11-07,11.65,21.46,15.73,28.75,nasa,0.65
2004-11-08,3.99,17.91,15.34,21.77,nasa,0.67
2004-11-09,1.58,19.94,16.2,26.67,nasa,0.66
2004-11-10,0.26,22.41,16.03,29.67,nasa,0.66
2004-11-11,0.0,22.88,16.89,30.69,nasa,0.65
2004-11-12,3.39,23.67,18.45,29.7,nasa,0.65
2004-11-13,1.67,22.58,16.41,30.05,nasa,0.65
2004-11-14,0.7,19.61,15.5,26.65,nasa,0.65
2004-11-15,0.06,21.15,14.85,29.34,nasa,0.64
2004-11-16,1.78,21.35,15.81,28.0,nasa,0.64
2004-11-17,10.88,22.26,17.6,28.23,nasa,0.65
2004-11-18,10.05,23.28,19.54,28.95,nasa,0.66
2004-11-19,27.89,21.98,18.08,26.24,nasa,0.69
2004-11-20,4.39,18.79,14.74,24.73,nasa,0.71
2004-11-21,1.43,18.22,14.11,24.36,nasa,0.7
2004-11-22,0.41,18.43,14.02,24.86,nasa,0.69
2004-11-23,0.05,19.46,13.9,26.64,nasa,0.68
2004-11-24,0.08,20.68,13.6,28.05,nasa,0.67
2004-11-25,0.15,22.5,16.26,29.54,nasa,0.66
2004-11-26,0.42,22.75,17.36,29.28,nasa,0.65
2004-11-27,0.74,22.86,17.27,29.72,nasa,0.65
2004-11-28,5.8,23.06,18.11,29.09,nasa,0.65
2004-11-29,34.48,21.44,19.17,25.06,nasa,0.68
2004-11-30,17.86,19.2,16.96,22.08,nasa,0.73
2004-12-01,11.84,17.73,15.45,20.59,nasa,0.74
2004-12-02,7.55,18.46,15.39,23.1,nasa,0.74
2004-12-03,2.74,20.18,15.89,25.67,nasa,0.73
2004-12-04,1.87,22.24,17.35,27.06,nasa,0.72
2004-12-05,18.49,22.89,18.38,28.1,nasa,0.72
2004-12-06,9.51,21.73,18.59,25.95,nasa,0.73
2004-12-07,5.9,20.54,18.04,23.84,nasa,0.74
2004-12-08,10.6,22.17,19.47,26.05,nasa,0.74
2004-12-09,8.42,23.54,19.44,27.97,nasa,0.74
2004-12-10,29.48,22.02,19.57,25.26,nasa,0.75
2004-12-11,28.48,20.73,18.51,23.81,nasa,0.81
2004-12-12,30.47,21.41,18.94,24.64,nasa,0.82
2004-12-13,8.74,20.98,18.47,25.27,nasa,0.83
2004-12-14,5.12,19.64,16.97,23.37,nasa,0.81
2004-12-15,5.22,20.6,17.47,24.82,nasa,0.8
2004-12-16,4.05,20.79,17.34,25.5,nasa,0.79
2004-12-17,4.98,22.24,16.95,27.92,nasa,0.78
2004-12-18,6.17,22.07,18.18,27.0,nasa,0.78
2004-12-19,9.01,20.5,17.71,24.5,nasa,0.78
2004-12-20,17.53,21.42,19.03,24.36,nasa,0.8
2004-12-21,26.25,21.12,18.44,24.77,nasa,0.82
2004-12-22,20.62,18.86,17.03,21.72,nasa,0.85
2004-12-23,30.42,20.04,17.07,24.82,nasa,0.85
2004-12-24,8.78,20.63,18.11,24.44,nasa,0.87
2004-12-25,1.25,21.85,17.84,26.32,nasa,0.85
2004-12-26,4.41,22.44,18.89,27.03,nasa,0.84
2004-12-27,11.05,22.08,18.55,26.43,nasa,0.84
2004-12-28,37.26,21.65,18.0,26.22,nasa,0.86
2004-12-29,4.5,21.03,18.7,24.59,nasa,0.87
2004-12-30,1.93,22.06,18.44,26.72,nasa,0.86
2004-12-31,1.57,21.88,17.16,26.85,nasa,0.85
2005-01-01,5.52,22.13,17.94,26.76,nasa,0.85
2005-01-02,2.15,20.16,16.64,24.08,nasa,0.85
2005-01-03,3.93,20.53,16.63,25.29,nasa,0.84
2005-01-04,0.35,20.82,16.91,25.98,nasa,0.84
2005-01-05,0.05,21.29,18.33,25.35,nasa,0.83
2005-01-06,0.02,20.46,17.91,24.56,nasa,0.82
2005-01-07,0.4,21.47,17.74,26.6,nasa,0.82
2005-01-08,0.35,21.93,18.46,27.06,nasa,0.82
2005-01-09,0.06,22.24,18.03,27.46,nasa,0.81
2005-01-10,0.85,23.04,18.58,28.3,nasa,0.8
2005-01-11,19.09,22.93,19.65,26.83,nasa,0.81
2005-01-12,26.75,22.3,19.93,26.03,nasa,0.85
2005-01-13,3.57,20.32,16.81,24.55,nasa,0.86
2005-01-14,0.53,20.17,14.88,25.13,nasa,0.84
2005-01-15,9.78,22.97,19.38,27.56,nasa,0.84
2005-01-16,12.06,22.9,19.83,27.26,nasa,0.85
2005-01-17,8.68,21.78,19.71,24.83,nasa,0.85
2005-01-18,9.75,21.83,18.72,26.58,nasa,0.86
2005-01-19,7.23,22.61,19.22,26.68,nasa,0.86
2005-01-20,0.04,22.89,19.31,27.42,nasa,0.85
2005-01-21,0.03,23.59,19.28,27.83,nasa,0.84
2005-01-22,0.56,23.92,19.52,27.86,nasa,0.83
2005-01-23,1.18,23.64,19.41,28.04,nasa,0.83
2005-01-24,5.89,23.48,19.82,28.22,nasa,0.83
2005-01-25,0.65,23.64,20.39,27.58,nasa,0.83
2005-01-26,11.79,22.83,17.75,28.37,nasa,0.83
2005-01-27,4.34,18.52,17.09,21.39,nasa,0.84
2005-01-28,1.62,19.68,16.71,25.1,nasa,0.84
2005-01-29,0.28,20.46,16.9,25.62,nasa,0.83
2005-01-30,6.62,20.74,17.62,25.99,nasa,0.82
2005-01-31,25.06,20.16,16.89,23.45,nasa,0.85
2005-02-01,6.22,19.8,17.66,22.08,nasa,0.86
2005-02-02,6.75,21.77,17.8,26.18,nasa,0.86
2005-02-03,0.69,22.65,19.14,27.04,nasa,0.85
2005-02-04,2.28,22.64,17.07,28.24,nasa,0.84
2005-02-05,20.82,20.78,18.27,23.32,nasa,0.85
2005-02-06,12.28,19.09,14.45,23.74,nasa,0.87
2005-02-07,0.8,17.28,13.58,22.41,nasa,0.86
2005-02-08,1.27,16.96,12.65,22.19,nasa,0.85
2005-02-09,1.17,18.0,14.56,22.85,nasa,0.85
2005-02-10,0.06,18.36,13.63,24.09,nasa,0.84
2005-02-11,2.52,20.03,15.07,25.23,nasa,0.83
2005-02-12,24.62,20.36,16.66,24.25,nasa,0.85
2005-02-13,19.49,21.39,16.67,26.35,nasa,0.88
2005-02-14,12.54,22.05,16.98,27.2,nasa,0.88
2005-02-15,3.24,21.52,17.26,26.5,nasa,0.87
2005-02-16,8.06,21.52,18.22,26.49,nasa,0.87
2005-02-17,11.54,22.58,18.9,27.47,nasa,0.87
2005-02-18,33.62,21.79,19.87,24.53,nasa,0.89
2005-02-19,7.97,21.28,18.91,23.77,nasa,0.9
2005-02-20,8.82,21.4,17.81,26.46,nasa,0.9
2005-02-21,1.19,19.84,16.31,24.86,nasa,0.89
2005-02-22,0.14,21.15,16.33,26.31,nasa,0.88
2005-02-23,0.0,22.37,16.84,28.49,nasa,0.87
2005-02-24,0.04,23.14,18.01,28.54,nasa,0.86
2005-02-25,6.98,21.77,18.95,25.17,nasa,0.87
2005-02-26,14.45,22.77,19.15,27.11,nasa,0.88
2005-02-27,6.8,23.41,19.84,27.87,nasa,0.89
2005-02-28,24.96,23.31,20.69,26.75,nasa,0.89
2005-03-01,15.38,22.22,19.3,26.02,nasa,0.92
2005-03-02,11.21,19.76,17.0,22.66,nasa,0.91
2005-03-03,55.75,19.19,16.89,22.47,nasa,0.93
2005-03-04,40.92,19.94,17.29,22.61,nasa,0.96
2005-03-05,12.9,21.47,18.1,25.8,nasa,0.97
2005-03-06,5.66,20.66,17.54,24.85,nasa,0.96
2005-03-07,2.92,21.45,17.91,25.53,nasa,0.96
2005-03-08,0.68,22.27,18.95,26.86,nasa,0.95
2005-03-09,0.16,22.63,18.59,27.34,nasa,0.94
2005-03-10,3.39,22.93,18.4,27.84,nasa,0.94
2005-03-11,3.08,23.03,19.5,27.59,nasa,0.93
2005-03-12,0.52,22.63,18.76,28.42,nasa,0.93
2005-03-13,0.03,21.92,17.49,27.11,nasa,0.92
2005-03-14,0.14,22.09,17.61,26.96,nasa,0.91
2005-03-15,0.4,22.5,19.55,26.61,nasa,0.91
2005-03-16,0.16,22.02,18.48,26.65,nasa,0.9
2005-03-17,3.47,22.55,18.16,27.57,nasa,0.9
2005-03-18,2.38,22.48,19.21,26.88,nasa,0.9
2005-03-19,8.68,22.64,19.01,26.64,nasa,0.9
2005-03-20,3.12,21.14,19.07,23.29,nasa,0.9
2005-03-21,0.63,21.81,18.4,25.93,nasa,0.9
2005-03-22,0.07,21.6,17.73,25.99,nasa,0.89
2005-03-23,0.01,21.46,18.23,26.05,nasa,0.89
2005-03-24,0.33,22.1,17.71,27.17,nasa,0.88
2005-03-25,21.05,21.46,19.11,25.66,nasa,0.89
2005-03-26,5.57,20.35,17.97,23.81,nasa,0.9
2005-03-27,3.32,20.23,17.19,25.06,nasa,0.9
2005-03-28,3.53,20.26,16.93,25.02,nasa,0.9
2005-03-29,2.29,20.01,15.31,25.18,nasa,0.89
2005-03-30,3.06,20.78,16.72,25.9,nasa,0.89
2005-03-31,3.09,21.27,17.52,26.4,nasa,0.89
2005-04-01,0.97,21.06,17.97,25.61,nasa,0.88
2005-04-02,0.04,20.88,16.95,25.96,nasa,0.88
2005-04-03,0.0,21.02,16.75,26.46,nasa,0.87
2005-04-04,0.0,21.59,17.51,27.27,nasa,0.87
2005-04-05,4.09,21.55,16.67,27.44,nasa,0.86
2005-04-06,2.21,21.2,17.28,26.39,nasa,0.86
2005-04-07,0.03,21.16,16.8,26.45,nasa,0.86
2005-04-08,0.0,21.93,17.18,27.46,nasa,0.85
2005-04-09,0.99,21.58,17.41,26.47,nasa,0.85
2005-04-10,0.92,21.39,17.76,26.11,nasa,0.85
2005-04-11,0.13,21.2,17.54,26.19,nasa,0.84
2005-04-12,0.01,21.07,15.06,26.24,nasa,0.84
2005-04-13,0.61,21.07,17.48,25.7,nasa,0.84
2005-04-14,1.02,20.38,16.45,25.06,nasa,0.83
2005-04-15,0.34,20.3,16.1,25.56,nasa,0.83
2005-04-16,1.67,21.23,16.69,26.2,nasa,0.83
2005-04-17,0.15,20.58,16.39,26.2,nasa,0.82
2005-04-18,3.71,20.31,17.18,24.49,nasa,0.82
2005-04-19,2.8,20.3,16.71,25.23,nasa,0.83
2005-04-20,0.01,20.89,17.05,25.44,nasa,0.82
2005-04-21,8.73,21.36,18.28,25.43,nasa,0.82
2005-04-22,2.81,20.42,17.39,25.17,nasa,0.83
2005-04-23,2.93,20.03,15.94,25.45,nasa,0.83
2005-04-24,1.3,19.76,16.79,23.78,nasa,0.83
2005-04-25,0.21,20.73,16.96,25.85,nasa,0.82
2005-04-26,19.4,18.17,14.27,22.02,nasa,0.83
2005-04-27,5.98,16.15,13.78,20.29,nasa,0.85
2005-04-28,0.95,17.39,12.7,22.54,nasa,0.84
2005-04-29,1.54,19.54,15.06,24.66,nasa,0.84
2005-04-30,3.09,19.97,15.2,24.55,nasa,0.83
2005-05-01,0.5,16.35,13.24,20.59,nasa,0.83
2005-05-02,0.1,14.94,11.23,19.57,nasa,0.83
2005-05-03,0.02,15.31,10.77,20.7,nasa,0.82
2005-05-04,0.01,15.44,10.8,20.81,nasa,0.82
2005-05-05,0.01,16.36,12.81,21.09,nasa,0.82
2005-05-06,0.03,17.19,13.29,22.45,nasa,0.81
2005-05-07,0.72,18.32,13.85,24.02,nasa,0.81
2005-05-08,0.18,19.13,15.22,24.53,nasa,0.81
2005-05-09,0.84,19.19,15.93,23.96,nasa,0.8
2005-05-10,0.2,19.54,15.6,24.71,nasa,0.8
2005-05-11,0.0,19.71,15.8,24.72,nasa,0.8
2005-05-12,0.79,19.15,14.99,24.42,nasa,0.8
2005-05-13,0.7,18.8,15.07,24.06,nasa,0.79
2005-05-14,0.56,18.88,15.45,23.97,nasa,0.79
2005-05-15,0.68,18.91,15.28,24.09,nasa,0.79
2005-05-16,1.21,19.19,15.28,23.76,nasa,0.79
2005-05-17,0.22,20.35,16.75,24.85,nasa,0.79
2005-05-18,0.0,20.09,15.79,25.05,nasa,0.78
2005-05-19,0.0,19.61,15.66,24.85,nasa,0.78
2005-05-20,0.0,19.97,15.06,25.66,nasa,0.78
2005-05-21,0.0,19.56,15.39,25.18,nasa,0.77
2005-05-22,13.22,19.93,15.88,25.69,nasa,0.77
2005-05-23,16.02,16.5,14.81,19.3,nasa,0.81
2005-05-24,1.33,18.45,14.39,24.04,nasa,0.81
2005-05-25,13.49,20.56,16.5,25.13,nasa,0.81
2005-05-26,1.01,18.01,14.48,20.26,nasa,0.82
2005-05-27,0.01,15.47,11.77,20.55,nasa,0.81
2005-05-28,0.16,15.9,11.72,21.03,nasa,0.8
2005-05-29,11.02,17.29,13.84,21.31,nasa,0.8
2005-05-30,11.49,18.85,16.55,22.81,nasa,0.82
2005-05-31,7.67,18.24,15.64,22.27,nasa,0.83
2005-06-01,13.07,18.32,15.2,22.98,nasa,0.83
2005-06-02,1.47,17.18,14.78,20.94,nasa,0.83
2005-06-03,2.99,17.55,14.65,22.54,nasa,0.83
2005-06-04,5.59,17.15,14.14,21.39,nasa,0.83
2005-06-05,3.2,17.67,14.9,22.05,nasa,0.83
2005-06-06,1.25,17.07,13.86,21.8,nasa,0.82
2005-06-07,0.13,16.13,13.52,21.04,nasa,0.82
2005-06-08,0.01,17.6,13.77,22.69,nasa,0.82
2005-06-09,0.0,16.85,12.4,22.35,nasa,0.81
2005-06-10,0.26,15.92,10.17,21.64,nasa,0.81
2005-06-11,10.5,17.16,12.61,22.2,nasa,0.81
2005-06-12,1.16,17.19,13.94,22.17,nasa,0.82
2005-06-13,0.46,16.92,13.84,21.95,nasa,0.81
2005-06-14,0.41,17.31,13.84,22.82,nasa,0.81
2005-06-15,0.13,17.84,13.91,23.16,nasa,0.81
2005-06-16,0.16,17.49,14.1,22.69,nasa,0.8
2005-06-17,0.0,17.63,13.41,23.5,nasa,0.8
2005-06-18,0.0,17.91,13.1,24.28,nasa,0.8
2005-06-19,1.66,18.42,14.01,23.52,nasa,0.79
2005-06-20,8.4,18.7,14.2,23.64,nasa,0.79
2005-06-21,13.87,16.0,14.03,18.25,nasa,0.82
2005-06-22,0.81,14.63,12.54,18.07,nasa,0.82
2005-06-23,0.17,14.56,11.77,18.45,nasa,0.81
2005-06-24,0.02,16.15,12.4,21.52,nasa,0.81
2005-06-25,0.0,14.87,11.17,20.71,nasa,0.81
2005-06-26,0.0,15.07,10.58,21.12,nasa,0.8
2005-06-27,1.32,15.73,9.73,22.04,nasa,0.8
2005-06-28,1.65,17.77,15.13,21.88,nasa,0.8
2005-06-29,0.01,17.15,14.49,21.59,nasa,0.8
2005-06-30,0.0,18.29,13.19,23.47,nasa,0.8
2005-07-01,0.0,17.43,13.28,22.2,nasa,0.79
2005-07-02,0.0,17.36,13.44,22.98,nasa,0.79
2005-07-03,0.0,15.82,11.49,22.38,nasa,0.79
2005-07-04,0.0,15.32,10.67,22.04,nasa,0.78
2005-07-05,0.0,16.63,11.33,22.64,nasa,0.78
2005-07-06,0.62,16.98,12.17,22.54,nasa,0.78
2005-07-07,12.46,13.9,11.25,16.34,nasa,0.79
2005-07-08,3.43,12.11,8.78,16.18,nasa,0.8
2005-07-09,2.03,12.75,8.72,16.5,nasa,0.8
2005-07-10,5.77,14.69,12.82,18.35,nasa,0.8
2005-07-11,1.07,14.06,11.45,18.5,nasa,0.8
2005-07-12,0.07,14.25,10.38,20.29,nasa,0.8
2005-07-13,0.02,14.15,10.17,19.21,nasa,0.79
2005-07-14,0.04,14.34,10.76,19.57,nasa,0.79
2005-07-15,0.0,13.43,8.37,20.17,nasa,0.79
2005-07-16,0.0,13.82,8.9,20.8,nasa,0.78
2005-07-17,0.0,15.64,10.35,22.54,nasa,0.78
2005-07-18,0.55,18.64,14.05,25.14,nasa,0.77
2005-07-19,2.44,16.78,13.63,22.23,nasa,0.77
2005-07-20,2.36,15.47,13.28,20.25,nasa,0.78
2005-07-21,1.16,15.76,12.98,20.64,nasa,0.78
2005-07-22,0.03,16.97,12.89,22.8,nasa,0.78
2005-07-23,0.0,17.23,13.03,23.59,nasa,0.77
2005-07-24,0.0,16.91,13.4,22.66,nasa,0.77
2005-07-25,0.2,17.35,13.51,23.11,nasa,0.76
2005-07-26,2.76,16.84,13.16,22.62,nasa,0.76
2005-07-27,0.69,16.42,12.59,22.0,nasa,0.77
2005-07-28,0.03,17.44,12.8,23.18,nasa,0.76
2005-07-29,0.0,17.76,13.58,23.58,nasa,0.76
2005-07-30,0.0,17.19,12.71,23.49,nasa,0.76
2005-07-31,0.0,15.91,10.31,22.4,nasa,0.75
2005-08-01,0.0,14.71,9.73,21.71,nasa,0.75
2005-08-02,0.08,15.09,8.82,21.99,nasa,0.75
2005-08-03,0.17,16.11,11.77,22.08,nasa,0.74
2005-08-04,0.17,16.16,11.48,22.58,nasa,0.74
2005-08-05,0.08,16.09,11.32,22.88,nasa,0.74
2005-08-06,0.01,15.95,11.44,22.68,nasa,0.74
2005-08-07,0.0,16.36,11.29,22.81,nasa,0.73
2005-08-08,0.0,16.84,10.97,23.43,nasa,0.73
2005-08-09,0.03,16.52,12.76,21.54,nasa,0.73
2005-08-10,0.16,18.02,14.14,23.79,nasa,0.73
2005-08-11,0.6,19.32,15.97,24.32,nasa,0.72
2005-08-12,0.1,18.88,14.94,24.4,nasa,0.72
2005-08-13,1.78,18.8,14.81,24.42,nasa,0.72
2005-08-14,0.25,18.42,14.53,24.0,nasa,0.72
2005-08-15,0.24,18.16,13.5,24.44,nasa,0.72
2005-08-16,1.16,17.84,13.87,23.58,nasa,0.72
2005-08-17,2.78,18.25,14.26,24.04,nasa,0.72
2005-08-18,0.59,18.59,15.16,24.34,nasa,0.72
2005-08-19,0.14,18.53,14.17,24.35,nasa,0.71
2005-08-20,0.03,17.87,13.72,23.24,nasa,0.71
2005-08-21,0.0,17.32,12.58,24.1,nasa,0.71
2005-08-22,0.0,17.11,12.33,23.83,nasa,0.7
2005-08-23,0.05,16.38,11.01,23.06,nasa,0.7
2005-08-24,0.12,18.74,14.29,25.48,nasa,0.7
2005-08-25,0.14,18.96,13.48,27.07,nasa,0.7
2005-08-26,0.05,16.74,13.75,20.61,nasa,0.69
2005-08-27,0.0,18.45,14.53,25.18,nasa,0.69
2005-08-28,0.01,18.99,14.61,25.72,nasa,0.69
2005-08-29,0.01,18.84,13.83,26.1,nasa,0.69
2005-08-30,0.0,20.99,15.83,28.61,nasa,0.68
2005-08-31,0.0,20.95,15.52,28.99,nasa,0.68
2005-09-01,0.01,19.82,15.19,27.29,nasa,0.68
2005-09-02,0.04,19.93,13.62,27.72,nasa,0.67
2005-09-03,0.01,20.17,15.0,26.65,nasa,0.67
2005-09-04,0.02,19.73,15.19,26.45,nasa,0.67
2005-09-05,0.07,20.42,15.46,27.4,nasa,0.67
2005-09-06,0.36,21.0,16.23,28.02,nasa,0.66
2005-09-07,2.98,17.91,15.31,21.36,nasa,0.66
2005-09-08,1.41,17.8,14.66,23.95,nasa,0.67
2005-09-09,0.73,18.29,14.04,25.01,nasa,0.67
2005-09-10,0.55,18.6,13.61,25.66,nasa,0.67
2005-09-11,0.01,18.36,13.62,26.03,nasa,0.66
2005-09-12,0.02,19.76,13.19,28.27,nasa,0.66
2005-09-13,3.73,18.73,14.7,25.53,nasa,0.66
2005-09-14,2.11,17.25,13.98,23.03,nasa,0.67
2005-09-15,0.19,19.75,14.1,26.88,nasa,0.66
2005-09-16,0.02,22.12,15.73,29.3,nasa,0.66
2005-09-17,1.12,20.16,15.32,26.64,nasa,0.66
2005-09-18,0.42,18.2,14.49,24.65,nasa,0.66
2005-09-19,0.08,19.69,14.48,25.46,nasa,0.66
2005-09-20,2.16,21.13,15.9,28.69,nasa,0.66
2005-09-21,0.14,18.89,13.3,26.18,nasa,0.65
2005-09-22,0.86,18.46,14.4,25.25,nasa,0.65
2005-09-23,5.03,18.34,14.66,22.89,nasa,0.65
2005-09-24,0.59,20.47,14.27,27.86,nasa,0.66
2005-09-25,24.29,20.57,16.29,26.62,nasa,0.68
2005-09-26,33.41,20.05,15.0,24.65,nasa,0.72
2005-09-27,11.98,16.05,13.74,20.05,nasa,0.76
2005-09-28,1.96,15.97,13.26,20.39,nasa,0.75
2005-09-29,0.68,16.5,13.0,22.54,nasa,0.73
2005-09-30,0.02,16.71,11.6,23.51,nasa,0.72
2005-10-01,0.0,18.61,12.42,26.52,nasa,0.71
2005-10-02,0.01,18.23,13.87,24.97,nasa,0.7
2005-10-03,0.14,18.25,12.75,25.02,nasa,0.7
2005-10-04,0.0,19.84,14.2,26.53,nasa,0.69
2005-10-05,0.0,21.79,16.47,28.91,nasa,0.68
2005-10-06,0.28,22.54,17.36,29.25,nasa,0.68
2005-10-07,0.04,21.8,16.5,28.91,nasa,0.67
2005-10-08,0.0,20.61,14.95,28.28,nasa,0.67
2005-10-09,0.0,21.22,15.21,29.3,nasa,0.66
2005-10-10,0.0,21.09,14.19,29.76,nasa,0.66
2005-10-11,0.01,21.69,15.58,30.35,nasa,0.65
2005-10-12,0.06,21.78,14.61,30.6,nasa,0.65
2005-10-13,0.0,22.35,15.65,31.12,nasa,0.65
2005-10-14,0.0,23.47,17.42,32.05,nasa,0.64
2005-10-15,0.0,23.55,16.54,33.17,nasa,0.64
2005-10-16,0.08,23.41,17.08,31.89,nasa,0.64
2005-10-17,0.0,23.32,15.39,33.03,nasa,0.63
2005-10-18,1.05,24.63,17.58,34.6,nasa,0.63
2005-10-19,0.72,19.95,15.86,25.73,nasa,0.63
2005-10-20,0.18,20.98,15.79,28.0,nasa,0.63
2005-10-21,0.0,22.57,16.99,30.7,nasa,0.63
2005-10-22,0.0,22.08,16.48,29.74,nasa,0.63
2005-10-23,0.34,23.19,17.78,31.05,nasa,0.63
2005-10-24,0.51,22.22,18.62,27.97,nasa,0.63
2005-10-25,0.0,23.99,17.02,32.73,nasa,0.63
2005-10-26,0.23,25.17,17.52,33.56,nasa,0.62
2005-10-27,0.07,24.16,19.12,30.15,nasa,0.62
2005-10-28,4.66,24.76,20.07,30.45,nasa,0.62
2005-10-29,3.33,24.16,19.66,30.65,nasa,0.63
2005-10-30,17.11,20.89,17.3,28.28,nasa,0.65
2005-10-31,6.38,21.06,16.67,26.42,nasa,0.67
2005-11-01,25.2,20.27,17.04,25.51,nasa,0.68
2005-11-02,34.3,19.4,16.99,23.64,nasa,0.74
2005-11-03,6.48,20.22,17.48,24.48,nasa,0.76
2005-11-04,5.67,20.56,17.2,24.98,nasa,0.74
2005-11-05,0.63,20.9,17.43,25.6,nasa,0.73
2005-11-06,1.41,22.03,18.43,27.18,nasa,0.72
2005-11-07,2.48,21.97,18.0,27.05,nasa,0.71
2005-11-08,4.71,20.38,16.64,25.29,nasa,0.71
2005-11-09,0.85,17.8,14.63,22.18,nasa,0.7
2005-11-10,3.84,16.88,14.22,20.58,nasa,0.7
2005-11-11,7.01,16.46,14.56,20.66,nasa,0.71
2005-11-12,6.72,16.65,14.29,20.44,nasa,0.71
2005-11-13,1.06,18.8,14.23,25.29,nasa,0.71
2005-11-14,0.0,19.4,13.72,25.87,nasa,0.7
2005-11-15,0.09,20.39,14.61,27.41,nasa,0.69
2005-11-16,4.04,21.92,14.94,28.74,nasa,0.69
2005-11-17,11.19,22.83,18.21,28.77,nasa,0.69
2005-11-18,4.3,21.5,19.02,25.24,nasa,0.7
2005-11-19,15.82,21.83,18.63,25.58,nasa,0.71
2005-11-20,15.8,22.21,17.96,25.96,nasa,0.73
2005-11-21,2.9,18.42,16.25,21.94,nasa,0.74
2005-11-22,3.38,18.9,15.36,23.3,nasa,0.73
2005-11-23,2.58,20.41,15.79,25.58,nasa,0.72
2005-11-24,0.64,21.25,18.15,25.6,nasa,0.72
2005-11-25,6.78,21.79,18.11,26.6,nasa,0.71
2005-11-26,39.94,19.55,14.42,22.54,nasa,0.75
2005-11-27,3.64,17.16,14.04,21.88,nasa,0.78
2005-11-28,2.06,19.27,14.0,24.74,nasa,0.76
2005-11-29,1.27,20.32,17.22,24.86,nasa,0.75
2005-11-30,3.05,20.0,17.42,23.5,nasa,0.74
2005-12-01,2.66,22.18,18.32,27.42,nasa,0.74
2005-12-02,48.7,21.19,18.1,25.02,nasa,0.75
2005-12-03,12.26,17.81,13.79,21.82,nasa,0.81
2005-12-04,0.85,17.75,12.49,24.7,nasa,0.79
2005-12-05,0.26,19.58,12.85,26.27,nasa,0.77
2005-12-06,2.63,20.28,16.63,24.33,nasa,0.76
2005-12-07,19.5,19.25,14.02,22.97,nasa,0.77
2005-12-08,9.24,16.12,13.81,18.84,nasa,0.79
2005-12-09,1.76,19.86,14.97,24.85,nasa,0.79
2005-12-10,5.32,21.9,18.68,26.29,nasa,0.78
2005-12-11,29.92,20.63,16.58,23.97,nasa,0.79
2005-12-12,17.15,18.64,16.28,22.35,nasa,0.82
2005-12-13,5.01,19.84,16.16,24.72,nasa,0.82
2005-12-14,21.49,19.71,16.09,25.06,nasa,0.82
2005-12-15,2.76,20.78,17.52,25.64,nasa,0.83
2005-12-16,0.63,21.37,17.81,26.43,nasa,0.81
2005-12-17,0.3,20.37,17.4,23.54,nasa,0.8
2005-12-18,1.41,21.68,16.39,27.39,nasa,0.79
2005-12-19,0.7,21.32,18.07,25.29,nasa,0.79
2005-12-20,2.8,22.39,18.0,27.88,nasa,0.79
2005-12-21,0.27,22.47,16.79,28.59,nasa,0.78
2005-12-22,0.24,21.38,16.61,27.14,nasa,0.77
2005-12-23,0.19,20.18,16.94,24.27,nasa,0.77
2005-12-24,0.63,21.44,17.09,26.87,nasa,0.76
2005-12-25,15.48,21.59,17.56,27.33,nasa,0.76
2005-12-26,9.8,18.68,14.63,21.62,nasa,0.79
2005-12-27,5.7,18.5,13.29,24.27,nasa,0.79
2005-12-28,13.88,19.23,15.06,24.74,nasa,0.8
2005-12-29,3.0,19.94,16.35,25.22,nasa,0.8
2005-12-30,0.76,20.37,16.73,25.33,nasa,0.79
2005-12-31,0.07,21.27,16.89,26.84,nasa,0.78
2006-01-01,0.14,21.59,17.26,27.05,nasa,0.77
2006-01-02,0.1,21.6,18.02,26.53,nasa,0.77
2006-01-03,0.11,20.48,17.22,24.12,nasa,0.76
2006-01-04,2.76,20.9,17.4,25.72,nasa,0.76
2006-01-05,2.13,21.41,16.67,26.86,nasa,0.76
2006-01-06,10.1,21.83,18.12,26.39,nasa,0.76
2006-01-07,1.71,20.73,18.37,24.76,nasa,0.77
2006-01-08,0.52,21.13,17.21,26.2,nasa,0.76
2006-01-09,0.24,20.75,15.78,26.45,nasa,0.75
2006-01-10,0.35,20.29,14.86,25.62,nasa,0.75
2006-01-11,0.65,20.96,16.98,26.66,nasa,0.74
2006-01-12,2.35,20.51,16.49,25.75,nasa,0.74
2006-01-13,2.54,20.67,15.79,26.21,nasa,0.73
2006-01-14,0.46,21.66,16.36,27.22,nasa,0.73
2006-01-15,0.0,21.8,17.89,26.83,nasa,0.72
2006-01-16,0.0,21.82,17.03,27.79,nasa,0.71
2006-01-17,0.19,21.49,15.81,27.78,nasa,0.71
2006-01-18,0.43,21.33,16.64,26.65,nasa,0.7
2006-01-19,0.11,21.71,17.04,27.22,nasa,0.7
2006-01-20,0.11,21.33,16.38,27.3,nasa,0.69
2006-01-21,0.02,21.23,15.46,27.51,nasa,0.69
2006-01-22,0.0,21.36,14.95,27.92,nasa,0.68
2006-01-23,0.0,23.06,15.98,29.69,nasa,0.68
2006-01-24,0.0,24.24,17.76,30.73,nasa,0.67
2006-01-25,0.0,24.97,17.41,32.6,nasa,0.66
2006-01-26,0.67,25.69,19.19,32.82,nasa,0.66
2006-01-27,31.42,23.94,19.29,30.47,nasa,0.68
2006-01-28,22.3,22.36,18.78,26.55,nasa,0.72
2006-01-29,1.0,22.31,18.65,27.59,nasa,0.74
2006-01-30,0.61,23.0,18.06,28.32,nasa,0.72
2006-01-31,10.15,23.34,18.31,28.71,nasa,0.72
2006-02-01,3.15,22.72,18.99,27.38,nasa,0.72
2006-02-02,0.06,21.6,17.92,25.81,nasa,0.72
2006-02-03,0.01,21.47,18.05,25.97,nasa,0.71
2006-02-04,0.01,22.17,17.23,28.19,nasa,0.7
2006-02-05,0.0,21.94,15.56,27.96,nasa,0.69
2006-02-06,0.0,23.48,17.47,29.54,nasa,0.68
2006-02-07,0.0,23.29,18.02,29.03,nasa,0.67
2006-02-08,0.28,24.97,18.17,31.72,nasa,0.67
2006-02-09,1.58,24.87,19.03,31.46,nasa,0.66
2006-02-10,23.53,23.82,19.51,29.96,nasa,0.68
2006-02-11,24.04,22.39,19.43,27.86,nasa,0.72
2006-02-12,2.86,21.72,19.12,26.18,nasa,0.74
2006-02-13,0.05,22.94,18.59,28.56,nasa,0.73
2006-02-14,0.09,23.5,18.83,29.18,nasa,0.71
2006-02-15,0.38,22.71,18.83,28.02,nasa,0.7
2006-02-16,0.01,22.98,18.43,28.95,nasa,0.7
2006-02-17,0.09,22.39,18.29,27.91,nasa,0.69
2006-02-18,0.01,23.1,17.58,29.47,nasa,0.68
2006-02-19,0.0,23.51,18.29,30.39,nasa,0.67
2006-02-20,0.0,23.63,18.36,30.44,nasa,0.67
2006-02-21,0.01,24.11,18.14,30.51,nasa,0.66
2006-02-22,7.82,23.06,18.3,28.21,nasa,0.66
2006-02-23,0.48,22.78,19.92,27.45,nasa,0.67
2006-02-24,0.32,23.66,18.02,28.96,nasa,0.66
2006-02-25,11.56,25.0,20.58,30.82,nasa,0.66
2006-02-26,12.58,24.31,20.21,28.7,nasa,0.69
2006-02-27,11.7,23.26,19.71,27.49,nasa,0.7
2006-02-28,11.48,22.94,20.25,27.25,nasa,0.72
2006-03-01,5.97,22.36,19.9,26.86,nasa,0.72
2006-03-02,9.06,22.79,18.45,27.97,nasa,0.72
2006-03-03,0.34,23.1,19.61,27.61,nasa,0.72
2006-03-04,0.14,23.42,19.47,28.07,nasa,0.71
2006-03-05,9.51,22.74,19.6,27.12,nasa,0.71
2006-03-06,25.3,22.04,19.88,25.31,nasa,0.73
2006-03-07,13.08,22.46,18.35,27.07,nasa,0.76
2006-03-08,4.74,22.37,20.09,26.16,nasa,0.76
2006-03-09,2.34,22.95,19.56,27.6,nasa,0.74
2006-03-10,4.91,22.39,18.68,26.3,nasa,0.74
2006-03-11,6.22,21.0,18.11,23.14,nasa,0.74
2006-03-12,0.49,20.63,17.33,25.41,nasa,0.74
2006-03-13,0.54,21.38,17.34,26.44,nasa,0.73
2006-03-14,2.34,22.09,18.86,27.4,nasa,0.72
2006-03-15,9.48,20.51,18.57,22.69,nasa,0.72
2006-03-16,2.09,20.39,17.87,23.84,nasa,0.73
2006-03-17,2.08,21.28,16.44,27.08,nasa,0.73
2006-03-18,2.95,21.2,17.67,25.62,nasa,0.72
2006-03-19,2.63,20.83,17.46,24.7,nasa,0.72
2006-03-20,0.7,21.41,17.74,27.08,nasa,0.72
2006-03-21,0.21,21.73,17.26,27.08,nasa,0.71
2006-03-22,0.63,21.8,17.93,26.96,nasa,0.71
2006-03-23,2.09,21.61,17.42,27.03,nasa,0.7
2006-03-24,0.43,21.93,17.76,27.39,nasa,0.7
2006-03-25,0.6,22.4,18.15,27.44,nasa,0.69
2006-03-26,7.23,22.26,18.69,26.79,nasa,0.69
2006-03-27,0.63,21.28,19.1,25.59,nasa,0.7
2006-03-28,0.03,21.73,18.54,26.63,nasa,0.69
2006-03-29,0.0,22.42,16.77,28.55,nasa,0.68
2006-03-30,15.72,22.02,19.04,26.28,nasa,0.69
2006-03-31,7.79,21.18,18.63,24.46,nasa,0.72
2006-04-01,8.27,20.87,18.36,25.89,nasa,0.72
2006-04-02,3.38,20.67,17.97,24.71,nasa,0.72
2006-04-03,3.14,20.24,16.85,25.22,nasa,0.72
2006-04-04,1.03,18.72,15.97,23.7,nasa,0.71
2006-04-05,0.21,19.03,14.79,24.68,nasa,0.71
2006-04-06,0.0,20.02,15.85,25.93,nasa,0.7
2006-04-07,0.0,19.8,16.67,24.1,nasa,0.7
2006-04-08,5.9,20.45,16.85,24.77,nasa,0.69
2006-04-09,2.63,21.13,17.55,26.13,nasa,0.7
2006-04-10,2.63,21.62,17.27,26.85,nasa,0.7
2006-04-11,2.13,23.05,17.66,28.31,nasa,0.7
2006-04-12,18.2,22.66,17.81,27.99,nasa,0.7
2006-04-13,7.79,21.48,17.73,26.4,nasa,0.72
2006-04-14,1.93,20.51,16.24,26.37,nasa,0.72
2006-04-15,0.85,20.88,16.85,26.2,nasa,0.71
2006-04-16,0.25,21.73,17.12,26.63,nasa,0.71
2006-04-17,9.44,20.16,16.54,25.37,nasa,0.71
2006-04-18,6.25,16.28,14.51,18.25,nasa,0.72
2006-04-19,3.31,16.1,14.28,19.4,nasa,0.72
2006-04-20,0.53,16.22,13.25,21.02,nasa,0.72
2006-04-21,2.28,17.55,12.85,23.75,nasa,0.71
2006-04-22,0.37,19.28,14.29,25.65,nasa,0.71
2006-04-23,0.0,21.21,16.34,26.83,nasa,0.7
2006-04-24,5.09,20.02,16.4,25.4,nasa,0.7
2006-04-25,2.0,19.8,15.88,25.1,nasa,0.7
2006-04-26,0.01,20.34,15.64,25.94,nasa,0.7
2006-04-27,1.27,19.67,16.27,25.19,nasa,0.69
2006-04-28,1.48,18.71,15.46,23.94,nasa,0.69
2006-04-29,0.43,18.52,15.09,23.55,nasa,0.69
2006-04-30,0.04,19.31,15.11,25.06,nasa,0.68
2006-05-01,0.18,19.85,14.37,25.96,nasa,0.68
2006-05-02,0.04,20.76,14.57,26.75,nasa,0.67
2006-05-03,9.91,20.72,16.96,25.63,nasa,0.68
2006-05-04,2.88,18.99,15.06,24.72,nasa,0.69
2006-05-05,0.08,17.61,12.83,23.94,nasa,0.69
2006-05-06,0.0,16.22,12.34,22.07,nasa,0.68
2006-05-07,0.21,17.3,13.18,22.64,nasa,0.68
2006-05-08,0.15,17.82,14.21,23.09,nasa,0.67
2006-05-09,0.28,18.05,14.11,23.56,nasa,0.67
2006-05-10,24.18,18.48,15.03,23.6,nasa,0.69
2006-05-11,32.17,18.01,14.0,22.77,nasa,0.74
2006-05-12,2.15,15.11,10.42,20.94,nasa,0.76
2006-05-13,0.01,15.56,11.94,21.14,nasa,0.74
2006-05-14,0.01,15.18,11.51,20.3,nasa,0.73
2006-05-15,0.06,15.43,11.75,21.01,nasa,0.72
2006-05-16,0.81,15.22,12.12,19.63,nasa,0.71
2006-05-17,1.59,13.82,10.2,19.54,nasa,0.71
2006-05-18,1.69,13.45,8.42,19.95,nasa,0.71
2006-05-19,0.0,14.25,8.68,20.89,nasa,0.71
2006-05-20,0.0,14.9,9.5,21.45,nasa,0.7
2006-05-21,0.0,16.8,10.65,23.28,nasa,0.7
2006-05-22,0.0,17.36,11.8,23.98,nasa,0.69
2006-05-23,0.01,18.14,12.85,24.7,nasa,0.69
2006-05-24,0.39,16.48,13.79,19.59,nasa,0.68
2006-05-25,0.11,16.08,13.32,20.77,nasa,0.68
2006-05-26,0.03,16.56,12.6,22.8,nasa,0.68
2006-05-27,0.0,17.31,12.66,23.73,nasa,0.68
2006-05-28,0.0,18.5,11.76,25.72,nasa,0.68
2006-05-29,0.0,17.02,11.3,24.14,nasa,0.67
2006-05-30,0.0,17.81,12.83,24.42,nasa,0.67
2006-05-31,0.0,17.67,11.73,24.71,nasa,0.67
2006-06-01,0.0,18.01,13.47,23.86,nasa,0.67
2006-06-02,0.0,15.55,12.37,21.15,nasa,0.66
2006-06-03,0.03,14.67,11.64,19.93,nasa,0.66
2006-06-04,0.01,14.41,9.94,20.69,nasa,0.66
2006-06-05,0.0,15.19,10.16,21.67,nasa,0.66
2006-06-06,0.0,15.65,10.7,23.04,nasa,0.66
2006-06-07,0.0,15.76,10.81,22.82,nasa,0.66
2006-06-08,1.31,15.91,11.94,21.61,nasa,0.66
2006-06-09,1.95,15.98,12.82,21.76,nasa,0.66
2006-06-10,2.0,16.77,12.6,22.81,nasa,0.66
2006-06-11,0.08,18.54,13.41,24.52,nasa,0.66
2006-06-12,0.9,17.25,13.35,22.86,nasa,0.66
2006-06-13,0.44,16.34,12.78,21.83,nasa,0.66
2006-06-14,0.17,15.83,11.42,22.78,nasa,0.66
2006-06-15,0.0,16.23,9.55,24.11,nasa,0.65
2006-06-16,0.0,16.02,9.73,24.54,nasa,0.65
2006-06-17,0.08,15.94,11.71,22.34,nasa,0.65
2006-06-18,3.9,15.77,12.23,20.99,nasa,0.65
2006-06-19,2.29,15.69,12.05,21.11,nasa,0.66
2006-06-20,0.05,15.06,10.4,21.7,nasa,0.66
2006-06-21,0.16,15.3,9.17,22.4,nasa,0.65
2006-06-22,0.07,17.64,13.29,23.92,nasa,0.65
2006-06-23,0.02,16.46,10.88,23.67,nasa,0.65
2006-06-24,0.36,15.03,8.95,22.86,nasa,0.65
2006-06-25,0.11,16.84,12.3,23.37,nasa,0.65
2006-06-26,0.87,17.46,13.71,23.28,nasa,0.65
2006-06-27,0.3,18.31,12.62,25.57,nasa,0.65
2006-06-28,0.01,13.4,10.14,17.98,nasa,0.65
2006-06-29,0.08,13.53,9.77,18.43,nasa,0.65
2006-06-30,1.4,15.55,10.66,22.1,nasa,0.65
2006-07-01,3.66,15.46,12.04,20.75,nasa,0.65
2006-07-02,1.98,15.32,11.4,21.05,nasa,0.65
2006-07-03,0.2,15.4,11.55,20.6,nasa,0.65
2006-07-04,0.0,16.33,12.66,21.8,nasa,0.65
2006-07-05,0.0,16.23,11.02,24.0,nasa,0.65
2006-07-06,0.0,15.71,11.0,22.64,nasa,0.65
2006-07-07,0.0,15.9,10.85,23.41,nasa,0.65
2006-07-08,0.0,16.2,9.49,25.26,nasa,0.64
2006-07-09,0.01,17.7,10.06,27.27,nasa,0.64
2006-07-10,0.0,17.05,10.54,25.87,nasa,0.64
2006-07-11,0.0,17.65,12.21,25.85,nasa,0.64
2006-07-12,0.11,16.3,11.33,24.01,nasa,0.64
2006-07-13,0.0,16.2,11.09,23.89,nasa,0.63
2006-07-14,0.02,16.08,10.9,23.31,nasa,0.63
2006-07-15,0.08,15.74,10.43,23.58,nasa,0.63
2006-07-16,0.44,15.69,11.1,22.22,nasa,0.63
2006-07-17,0.06,15.56,10.6,22.21,nasa,0.63
2006-07-18,0.0,15.18,10.02,23.36,nasa,0.63
2006-07-19,0.0,16.09,9.42,24.88,nasa,0.63
2006-07-20,0.0,16.9,10.3,26.29,nasa,0.63
2006-07-21,0.0,17.57,11.09,26.64,nasa,0.63
2006-07-22,0.0,17.52,10.55,26.81,nasa,0.62
2006-07-23,0.0,16.85,10.17,26.45,nasa,0.62
2006-07-24,0.0,18.8,11.23,27.79,nasa,0.62
2006-07-25,0.0,18.15,11.11,27.78,nasa,0.62
2006-07-26,0.03,17.6,11.27,27.08,nasa,0.62
2006-07-27,0.0,18.14,10.07,28.39,nasa,0.62
2006-07-28,0.0,19.43,11.08,29.03,nasa,0.62
2006-07-29,0.19,20.89,12.97,30.34,nasa,0.61
2006-07-30,2.05,16.14,12.68,20.97,nasa,0.62
2006-07-31,1.78,15.91,12.69,21.68,nasa,0.62
2006-08-01,0.43,19.45,13.32,26.98,nasa,0.62
2006-08-02,1.1,18.1,14.57,24.83,nasa,0.62
2006-08-03,3.15,16.75,13.95,22.22,nasa,0.62
2006-08-04,0.89,18.29,13.41,25.59,nasa,0.62
2006-08-05,0.93,19.22,14.32,26.25,nasa,0.62
2006-08-06,0.24,19.47,14.98,26.92,nasa,0.62
2006-08-07,0.02,19.33,13.49,28.11,nasa,0.62
2006-08-08,0.0,17.85,11.43,27.78,nasa,0.62
2006-08-09,0.0,17.48,11.44,26.56,nasa,0.62
2006-08-10,0.0,19.18,12.94,27.79,nasa,0.62
2006-08-11,0.0,19.46,14.03,28.23,nasa,0.61
2006-08-12,0.0,18.19,12.6,26.56,nasa,0.61
2006-08-13,0.01,19.16,13.88,27.37,nasa,0.61
2006-08-14,0.04,18.67,13.1,27.05,nasa,0.61
2006-08-15,0.02,19.66,14.15,28.5,nasa,0.61
2006-08-16,0.01,20.03,13.82,29.41,nasa,0.61
2006-08-17,0.0,21.27,14.58,31.13,nasa,0.61
2006-08-18,0.02,20.16,13.77,28.56,nasa,0.6
2006-08-19,0.35,20.44,14.2,28.92,nasa,0.6
2006-08-20,0.45,21.66,15.43,30.21,nasa,0.6
2006-08-21,1.02,18.52,13.14,26.53,nasa,0.6
2006-08-22,0.28,15.59,11.53,21.86,nasa,0.6
2006-08-23,0.06,18.66,12.14,27.43,nasa,0.6
2006-08-24,0.0,20.15,14.68,28.33,nasa,0.6
2006-08-25,0.0,20.17,14.3,28.26,nasa,0.6
2006-08-26,0.02,19.37,14.26,27.05,nasa,0.6
2006-08-27,0.01,21.0,14.34,28.82,nasa,0.6
2006-08-28,3.25,20.6,15.65,29.21,nasa,0.6
2006-08-29,1.44,17.98,11.59,26.62,nasa,0.61
2006-08-30,0.13,14.35,10.04,21.95,nasa,0.61
2006-08-31,0.0,15.07,8.56,25.06,nasa,0.61
2006-09-01,0.0,17.94,9.62,28.37,nasa,0.6
2006-09-02,0.25,19.75,11.94,28.94,nasa,0.6
2006-09-03,0.11,21.21,13.09,31.85,nasa,0.6
2006-09-04,9.13,19.02,13.96,26.83,nasa,0.61
2006-09-05,3.6,13.12,9.7,17.22,nasa,0.62
2006-09-06,0.5,13.11,8.73,19.06,nasa,0.62
2006-09-07,0.38,14.71,10.82,21.12,nasa,0.62
2006-09-08,0.27,15.73,11.5,23.29,nasa,0.62
2006-09-09,0.24,16.51,10.86,24.71,nasa,0.62
2006-09-10,0.04,18.45,11.07,26.97,nasa,0.62
2006-09-11,0.29,20.2,14.87,28.36,nasa,0.61
2006-09-12,0.15,19.66,13.67,28.85,nasa,0.61
2006-09-13,0.12,19.53,12.58,29.28,nasa,0.61
2006-09-14,0.06,20.11,13.92,28.99,nasa,0.61
2006-09-15,0.36,21.52,15.11,30.47,nasa,0.6
2006-09-16,0.11,22.25,15.88,32.37,nasa,0.6
2006-09-17,0.0,21.7,15.53,30.04,nasa,0.6
2006-09-18,7.21,20.5,15.33,30.01,nasa,0.6
2006-09-19,0.87,19.21,14.48,27.13,nasa,0.61
2006-09-20,5.15,20.67,14.78,27.91,nasa,0.61
2006-09-21,3.22,20.89,17.15,26.64,nasa,0.62
2006-09-22,2.64,19.14,16.52,23.33,nasa,0.62
2006-09-23,0.31,22.24,16.0,29.61,nasa,0.63
2006-09-24,10.31,21.27,14.9,29.19,nasa,0.63
2006-09-25,1.57,17.46,13.78,23.92,nasa,0.64
2006-09-26,0.77,16.6,13.32,22.21,nasa,0.64
2006-09-27,0.17,16.06,11.4,22.83,nasa,0.63
2006-09-28,0.0,17.45,10.3,26.73,nasa,0.63
2006-09-29,0.0,20.27,13.12,28.94,nasa,0.62
2006-09-30,0.09,20.17,15.47,27.31,nasa,0.62
2006-10-01,0.71,19.94,15.64,27.04,nasa,0.62
2006-10-02,1.84,18.9,15.21,23.76,nasa,0.62
2006-10-03,0.25,20.79,16.52,26.47,nasa,0.62
2006-10-04,0.46,22.91,17.21,30.6,nasa,0.61
2006-10-05,0.51,22.54,17.35,29.7,nasa,0.61
2006-10-06,0.23,22.06,16.43,30.21,nasa,0.61
2006-10-07,1.85,21.59,16.12,28.82,nasa,0.61
2006-10-08,17.99,21.48,17.38,27.8,nasa,0.62
2006-10-09,13.49,20.19,18.0,23.72,nasa,0.65
2006-10-10,0.22,20.13,16.1,25.66,nasa,0.66
2006-10-11,0.04,20.58,15.54,27.59,nasa,0.65
2006-10-12,8.35,22.37,16.57,29.15,nasa,0.64
2006-10-13,8.16,21.66,18.56,26.08,nasa,0.66
2006-10-14,1.55,21.61,18.66,26.36,nasa,0.66
2006-10-15,2.28,22.48,17.99,29.21,nasa,0.65
2006-10-16,1.21,22.83,16.85,30.04,nasa,0.65
2006-10-17,0.53,22.98,18.54,29.83,nasa,0.64
2006-10-18,8.65,22.34,18.63,28.8,nasa,0.64
2006-10-19,32.68,20.05,18.31,22.52,nasa,0.67
2006-10-20,4.65,19.09,13.37,23.1,nasa,0.71
2006-10-21,0.13,16.4,12.62,22.81,nasa,0.69
2006-10-22,9.39,16.22,12.25,22.2,nasa,0.68
2006-10-23,10.1,16.2,13.59,21.01,nasa,0.7
2006-10-24,1.55,17.3,13.17,23.85,nasa,0.69
2006-10-25,0.07,19.05,13.55,25.82,nasa,0.68
2006-10-26,0.0,20.85,15.09,27.77,nasa,0.67
2006-10-27,5.13,22.3,16.43,29.27,nasa,0.66
2006-10-28,0.66,20.7,15.2,28.27,nasa,0.66
2006-10-29,0.01,20.1,12.67,28.34,nasa,0.66
2006-10-30,0.0,22.13,15.04,30.01,nasa,0.65
2006-10-31,0.2,23.15,17.95,30.26,nasa,0.65
2006-11-01,0.71,22.45,17.43,28.9,nasa,0.64
2006-11-02,16.84,22.69,17.93,28.72,nasa,0.65
2006-11-03,18.31,22.16,19.1,26.93,nasa,0.68
2006-11-04,18.15,21.89,18.24,26.45,nasa,0.72
2006-11-05,0.64,19.99,16.79,25.12,nasa,0.71
2006-11-06,1.72,21.78,16.02,27.88,nasa,0.69
2006-11-07,25.58,21.66,17.76,26.33,nasa,0.71
2006-11-08,3.21,18.55,14.11,23.85,nasa,0.72
2006-11-09,0.77,17.58,13.32,23.37,nasa,0.71
2006-11-10,17.69,14.46,12.37,16.81,nasa,0.71
2006-11-11,11.35,14.54,11.92,17.85,nasa,0.74
2006-11-12,3.35,15.05,12.66,18.52,nasa,0.73
2006-11-13,7.59,16.9,13.83,20.75,nasa,0.73
2006-11-14,32.9,17.75,15.35,21.6,nasa,0.76
2006-11-15,9.44,20.19,15.98,25.68,nasa,0.77
2006-11-16,1.2,20.71,16.39,26.74,nasa,0.76
2006-11-17,0.03,21.19,15.94,28.1,nasa,0.74
2006-11-18,0.87,22.16,16.04,28.64,nasa,0.72
2006-11-19,4.41,22.63,17.37,28.23,nasa,0.72
2006-11-20,18.95,22.67,18.17,27.91,nasa,0.73
2006-11-21,16.28,21.05,17.33,25.29,nasa,0.75
2006-11-22,6.11,20.54,16.11,26.73,nasa,0.76
2006-11-23,13.98,20.99,17.78,25.86,nasa,0.76
2006-11-24,12.56,21.73,17.67,27.16,nasa,0.77
2006-11-25,0.71,21.89,17.74,27.38,nasa,0.76
2006-11-26,0.0,20.07,15.74,25.3,nasa,0.75
2006-11-27,1.01,21.0,17.13,25.59,nasa,0.74
2006-11-28,0.88,22.37,19.23,26.47,nasa,0.74
2006-11-29,19.42,22.57,20.27,25.72,nasa,0.74
2006-11-30,24.97,22.26,19.74,25.78,nasa,0.78
2006-12-01,9.02,19.78,16.78,23.74,nasa,0.8
2006-12-02,0.55,18.97,15.37,24.58,nasa,0.78
2006-12-03,0.72,20.32,14.05,27.37,nasa,0.77
2006-12-04,0.74,21.72,16.01,27.55,nasa,0.76
2006-12-05,10.62,21.3,18.4,25.82,nasa,0.75
2006-12-06,3.06,21.92,17.72,27.74,nasa,0.76
2006-12-07,18.62,22.47,19.35,26.11,nasa,0.76
2006-12-08,14.04,20.7,17.6,25.75,nasa,0.8
2006-12-09,3.16,19.77,17.27,23.51,nasa,0.79
2006-12-10,4.79,19.46,17.08,24.0,nasa,0.78
2006-12-11,7.26,20.17,17.79,22.64,nasa,0.79
2006-12-12,4.92,20.68,18.86,23.88,nasa,0.79
2006-12-13,9.77,21.31,17.33,25.85,nasa,0.79
2006-12-14,20.59,20.66,18.37,23.66,nasa,0.81
2006-12-15,6.1,20.66,17.25,25.28,nasa,0.81
2006-12-16,8.28,20.88,17.71,25.32,nasa,0.81
2006-12-17,3.94,21.27,16.62,26.9,nasa,0.8
2006-12-18,0.86,21.34,16.6,26.47,nasa,0.79
2006-12-19,0.07,22.34,18.37,27.2,nasa,0.78
2006-12-20,5.04,21.84,19.04,25.5,nasa,0.78
2006-12-21,0.28,23.32,19.0,28.31,nasa,0.78
2006-12-22,0.26,23.72,18.84,28.98,nasa,0.77
2006-12-23,3.44,21.69,17.12,26.7,nasa,0.76
2006-12-24,9.26,22.61,18.14,27.88,nasa,0.76
2006-12-25,14.51,22.24,18.52,26.37,nasa,0.79
2006-12-26,7.82,22.42,20.14,25.85,nasa,0.79
2006-12-27,22.16,21.3,19.75,23.36,nasa,0.81
2006-12-28,22.43,20.94,19.4,22.88,nasa,0.84
2006-12-29,21.04,20.36,16.96,23.57,nasa,0.85
2006-12-30,4.04,20.02,16.07,25.33,nasa,0.85
2006-12-31,3.86,20.47,16.83,25.09,nasa,0.83
2007-01-01,6.85,20.03,17.27,23.92,nasa,0.83
2007-01-02,22.82,19.82,17.51,22.75,nasa,0.84
2007-01-03,16.78,20.09,17.72,23.67,nasa,0.87
2007-01-04,12.92,19.83,17.49,23.71,nasa,0.87
2007-01-05,4.63,20.47,18.3,23.91,nasa,0.87
2007-01-06,0.59,21.76,18.99,25.41,nasa,0.86
2007-01-07,0.15,22.7,18.63,27.73,nasa,0.85
2007-01-08,1.21,22.8,18.52,27.68,nasa,0.84
2007-01-09,21.9,22.95,18.85,27.25,nasa,0.84
2007-01-10,18.38,22.72,18.94,27.69,nasa,0.87
2007-01-11,9.1,22.56,19.24,27.27,nasa,0.88
2007-01-12,19.82,23.57,19.74,27.32,nasa,0.88
2007-01-13,20.65,23.25,21.18,26.69,nasa,0.89
2007-01-14,12.58,23.03,20.25,26.77,nasa,0.9
2007-01-15,12.22,21.35,17.94,24.44,nasa,0.9
2007-01-16,16.98,20.91,17.8,24.68,nasa,0.91
2007-01-17,2.83,21.28,17.79,26.26,nasa,0.91
2007-01-18,1.26,22.93,17.94,28.09,nasa,0.9
2007-01-19,0.96,23.96,19.51,28.67,nasa,0.89
2007-01-20,0.01,21.93,19.21,26.57,nasa,0.88
2007-01-21,12.19,22.56,18.72,27.03,nasa,0.88
2007-01-22,10.29,21.34,18.64,24.52,nasa,0.9
2007-01-23,13.1,20.12,18.34,23.37,nasa,0.9
2007-01-24,7.47,20.86,17.96,25.08,nasa,0.91
2007-01-25,5.65,22.18,17.78,26.83,nasa,0.9
2007-01-26,1.25,22.9,18.78,27.7,nasa,0.9
2007-01-27,9.63,22.43,19.56,26.45,nasa,0.89
2007-01-28,9.07,21.46,19.3,24.0,nasa,0.91
2007-01-29,11.47,22.12,19.3,25.3,nasa,0.91
2007-01-30,20.58,21.79,19.92,24.52,nasa,0.92
2007-01-31,24.7,21.91,19.16,25.54,nasa,0.94
2007-02-01,3.53,22.67,19.28,27.81,nasa,0.94
2007-02-02,4.4,22.56,18.79,26.16,nasa,0.93
2007-02-03,7.64,22.28,19.06,26.43,nasa,0.93
2007-02-04,8.27,20.05,17.77,24.0,nasa,0.93
2007-02-05,6.51,21.7,17.61,26.17,nasa,0.93
2007-02-06,8.55,21.78,19.79,25.57,nasa,0.93
2007-02-07,0.18,21.63,18.21,26.19,nasa,0.93
2007-02-08,0.0,20.55,17.03,25.76,nasa,0.92
2007-02-09,0.03,21.08,16.76,26.7,nasa,0.91
2007-02-10,0.46,21.96,16.62,27.26,nasa,0.9
2007-02-11,5.34,22.44,18.17,27.27,nasa,0.9
2007-02-12,21.57,19.04,15.97,21.54,nasa,0.92
2007-02-13,1.44,19.0,14.92,24.3,nasa,0.92
2007-02-14,15.69,19.4,15.56,24.52,nasa,0.92
2007-02-15,5.89,19.72,16.08,23.67,nasa,0.93
2007-02-16,4.41,21.26,16.86,26.23,nasa,0.92
2007-02-17,0.57,22.12,17.08,27.65,nasa,0.92
2007-02-18,5.13,22.01,19.17,25.92,nasa,0.91
2007-02-19,2.75,21.79,18.09,26.48,nasa,0.91
2007-02-20,0.19,20.72,15.97,25.88,nasa,0.9
2007-02-21,0.0,20.2,15.33,25.69,nasa,0.9
2007-02-22,0.0,20.59,16.22,26.24,nasa,0.89
2007-02-23,1.14,20.62,15.7,26.01,nasa,0.88
2007-02-24,0.96,20.2,16.09,24.98,nasa,0.88
2007-02-25,1.04,21.43,16.28,27.06,nasa,0.87
2007-02-26,0.94,20.77,18.06,24.3,nasa,0.87
2007-02-27,0.26,20.96,17.72,25.88,nasa,0.87
2007-02-28,0.07,20.28,16.04,25.66,nasa,0.86
2007-03-01,0.0,20.13,15.05,26.44,nasa,0.86
2007-03-02,0.43,20.66,15.63,26.54,nasa,0.85
2007-03-03,0.53,20.55,15.65,26.09,nasa,0.85
2007-03-04,1.44,19.97,16.09,25.4,nasa,0.84
2007-03-05,4.63,20.53,15.86,25.78,nasa,0.84
2007-03-06,0.48,21.27,16.86,26.68,nasa,0.84
2007-03-07,0.05,21.01,15.82,27.07,nasa,0.84
2007-03-08,0.04,20.61,16.32,26.54,nasa,0.83
2007-03-09,0.02,20.55,16.3,26.59,nasa,0.82
2007-03-10,0.02,20.35,15.42,26.38,nasa,0.82
2007-03-11,0.04,20.4,16.4,26.0,nasa,0.81
2007-03-12,0.0,20.66,15.6,26.71,nasa,0.8
2007-03-13,0.09,20.77,16.41,26.44,nasa,0.8
2007-03-14,0.03,19.98,16.85,24.6,nasa,0.8
2007-03-15,0.03,20.76,15.96,25.92,nasa,0.79
2007-03-16,0.41,22.28,16.98,27.51,nasa,0.79
2007-03-17,19.94,22.43,18.08,27.21,nasa,0.8
2007-03-18,8.96,22.47,19.24,26.52,nasa,0.82
2007-03-19,0.54,22.83,19.93,27.17,nasa,0.82
2007-03-20,12.2,23.34,18.65,27.69,nasa,0.82
2007-03-21,0.16,23.02,18.39,28.04,nasa,0.82
2007-03-22,0.41,22.5,17.46,28.34,nasa,0.81
2007-03-23,3.56,22.28,17.54,28.39,nasa,0.8
2007-03-24,7.2,22.15,17.45,27.89,nasa,0.81
2007-03-25,0.23,22.19,17.11,27.69,nasa,0.8
2007-03-26,0.92,21.73,17.04,27.02,nasa,0.8
2007-03-27,0.01,21.53,16.43,27.05,nasa,0.79
2007-03-28,0.0,21.3,15.89,27.65,nasa,0.78
2007-03-29,0.09,21.08,16.61,26.86,nasa,0.78
2007-03-30,1.13,21.08,16.36,27.0,nasa,0.77
2007-03-31,0.35,21.86,16.66,27.54,nasa,0.77
2007-04-01,0.03,21.75,17.32,26.84,nasa,0.77
2007-04-02,0.0,20.51,15.98,26.53,nasa,0.76
2007-04-03,0.0,21.08,15.56,27.25,nasa,0.76
2007-04-04,0.0,21.67,15.19,27.59,nasa,0.75
2007-04-05,2.35,22.07,18.07,26.95,nasa,0.75
2007-04-06,1.97,20.15,17.95,23.4,nasa,0.75
2007-04-07,0.66,19.8,16.83,23.82,nasa,0.75
2007-04-08,2.11,21.0,16.76,26.13,nasa,0.75
2007-04-09,6.71,19.91,17.57,23.6,nasa,0.75
2007-04-10,4.83,20.19,16.87,25.2,nasa,0.76
2007-04-11,0.32,19.98,16.38,25.02,nasa,0.76
2007-04-12,0.02,20.22,16.58,25.31,nasa,0.76
2007-04-13,0.03,20.41,15.56,26.51,nasa,0.75
2007-04-14,2.28,20.14,15.54,25.67,nasa,0.74
2007-04-15,1.14,19.77,15.57,24.79,nasa,0.74
2007-04-16,10.32,19.93,16.82,24.53,nasa,0.74
2007-04-17,0.85,19.49,16.27,24.07,nasa,0.75
2007-04-18,1.85,19.79,15.54,24.75,nasa,0.75
2007-04-19,0.36,19.83,17.7,23.07,nasa,0.75
2007-04-20,1.84,19.86,16.99,23.69,nasa,0.75
2007-04-21,1.83,20.14,17.35,24.49,nasa,0.75
2007-04-22,5.39,20.61,17.76,24.39,nasa,0.75
2007-04-23,3.72,20.65,17.51,25.19,nasa,0.75
2007-04-24,1.68,20.7,16.84,25.73,nasa,0.75
2007-04-25,5.56,20.06,16.2,25.48,nasa,0.75
2007-04-26,0.02,19.27,14.46,25.34,nasa,0.75
2007-04-27,4.19,20.81,15.49,27.44,nasa,0.74
2007-04-28,4.23,18.47,16.77,21.2,nasa,0.75
2007-04-29,0.75,19.29,16.61,23.75,nasa,0.75
2007-04-30,0.37,19.43,16.31,24.1,nasa,0.74
2007-05-01,0.02,17.74,14.54,22.73,nasa,0.74
2007-05-02,0.0,17.5,12.99,23.52,nasa,0.73
2007-05-03,0.0,17.63,12.01,24.92,nasa,0.72
2007-05-04,1.91,17.24,13.57,22.81,nasa,0.72
2007-05-05,0.02,17.69,13.42,23.6,nasa,0.72
2007-05-06,0.0,18.14,13.72,23.8,nasa,0.72
2007-05-07,0.0,18.71,14.43,24.49,nasa,0.71
2007-05-08,0.0,19.08,13.62,25.55,nasa,0.71
2007-05-09,0.43,18.18,12.88,25.33,nasa,0.7
2007-05-10,0.39,14.19,11.13,18.75,nasa,0.7
2007-05-11,0.06,14.82,11.24,19.83,nasa,0.7
2007-05-12,0.0,16.11,9.59,22.38,nasa,0.7
2007-05-13,0.0,16.96,11.91,23.3,nasa,0.7
2007-05-14,0.0,17.41,11.08,23.81,nasa,0.69
2007-05-15,0.19,18.86,14.85,24.29,nasa,0.69
2007-05-16,0.0,18.61,14.71,24.27,nasa,0.69
2007-05-17,0.0,19.94,14.94,25.81,nasa,0.69
2007-05-18,0.0,19.1,14.02,25.36,nasa,0.68
2007-05-19,0.42,19.34,15.15,25.85,nasa,0.68
2007-05-20,5.79,18.87,16.16,23.36,nasa,0.69
2007-05-21,1.43,19.15,15.53,23.25,nasa,0.69
2007-05-22,0.01,18.73,14.5,24.58,nasa,0.69
2007-05-23,0.76,19.49,15.25,25.01,nasa,0.69
2007-05-24,5.83,16.98,13.09,20.49,nasa,0.69
2007-05-25,0.07,13.6,10.0,19.47,nasa,0.69
2007-05-26,0.0,15.24,11.34,21.12,nasa,0.69
2007-05-27,2.19,16.17,10.95,21.88,nasa,0.69
2007-05-28,0.72,17.91,13.68,23.76,nasa,0.69
2007-05-29,0.44,18.25,13.83,23.75,nasa,0.69
2007-05-30,0.15,13.86,9.45,17.89,nasa,0.69
2007-05-31,0.01,14.03,10.14,18.98,nasa,0.68
2007-06-01,0.0,15.52,11.01,21.71,nasa,0.68
2007-06-02,0.55,18.4,12.36,25.67,nasa,0.68
2007-06-03,2.28,19.81,15.64,26.2,nasa,0.68
2007-06-04,0.23,14.18,9.28,19.62,nasa,0.68
2007-06-05,0.0,14.61,9.29,21.56,nasa,0.67
2007-06-06,0.0,16.23,10.42,22.87,nasa,0.67
2007-06-07,0.01,17.22,10.4,24.1,nasa,0.67
2007-06-08,0.01,18.12,11.48,25.22,nasa,0.67
2007-06-09,0.04,18.2,13.68,24.52,nasa,0.66
2007-06-10,0.35,17.53,11.35,24.63,nasa,0.66
2007-06-11,0.0,16.98,11.1,24.78,nasa,0.66
2007-06-12,0.0,17.4,11.34,24.63,nasa,0.66
2007-06-13,0.0,16.78,10.75,24.85,nasa,0.66
2007-06-14,0.0,17.33,10.83,25.81,nasa,0.66
2007-06-15,0.0,17.26,11.38,25.6,nasa,0.65
2007-06-16,0.0,18.87,12.18,27.55,nasa,0.65
2007-06-17,2.22,17.72,14.11,23.74,nasa,0.65
2007-06-18,0.45,17.92,13.23,25.62,nasa,0.65
2007-06-19,0.0,16.72,11.84,24.12,nasa,0.65
2007-06-20,0.0,16.23,11.47,22.95,nasa,0.65
2007-06-21,0.0,16.62,11.96,23.64,nasa,0.65
2007-06-22,0.05,16.98,11.1,23.97,nasa,0.65
2007-06-23,0.0,17.37,13.05,24.61,nasa,0.65
2007-06-24,0.0,18.17,11.28,25.63,nasa,0.65
2007-06-25,0.14,16.75,10.79,23.13,nasa,0.64
2007-06-26,0.3,17.63,13.66,24.58,nasa,0.64
2007-06-27,0.1,17.5,12.52,24.67,nasa,0.64
2007-06-28,0.01,17.2,11.34,25.19,nasa,0.64
2007-06-29,3.52,17.15,11.64,24.38,nasa,0.65
2007-06-30,0.38,18.26,13.61,23.92,nasa,0.65
2007-07-01,0.0,17.84,12.89,24.92,nasa,0.65
2007-07-02,0.0,17.09,12.09,24.18,nasa,0.64
2007-07-03,0.0,16.44,11.26,24.31,nasa,0.64
2007-07-04,0.0,16.12,11.12,23.55,nasa,0.64
2007-07-05,0.0,17.3,12.44,23.79,nasa,0.64
2007-07-06,0.0,17.23,12.85,24.46,nasa,0.64
2007-07-07,0.0,17.29,13.05,24.56,nasa,0.64
2007-07-08,0.0,17.32,12.75,24.4,nasa,0.64
2007-07-09,0.0,18.1,12.33,26.82,nasa,0.64
2007-07-10,0.0,16.84,11.64,24.88,nasa,0.63
2007-07-11,0.0,18.38,11.61,27.41,nasa,0.63
2007-07-12,0.03,17.69,14.05,23.53,nasa,0.63
2007-07-13,0.01,17.99,13.4,24.67,nasa,0.63
2007-07-14,0.0,17.68,12.54,25.38,nasa,0.63
2007-07-15,0.0,19.45,12.52,27.64,nasa,0.63
2007-07-16,0.0,19.16,13.13,26.75,nasa,0.63
2007-07-17,0.0,19.57,14.78,26.64,nasa,0.63
2007-07-18,0.0,19.62,14.74,26.62,nasa,0.63
2007-07-19,0.0,17.85,12.0,25.92,nasa,0.62
2007-07-20,0.0,17.09,11.5,25.5,nasa,0.62
2007-07-21,0.0,19.07,13.01,27.58,nasa,0.62
2007-07-22,0.0,18.66,13.29,26.63,nasa,0.62
2007-07-23,0.13,19.63,14.0,27.78,nasa,0.62
2007-07-24,0.08,20.26,14.0,28.81,nasa,0.62
2007-07-25,0.0,20.14,16.16,27.15,nasa,0.62
2007-07-26,0.08,16.87,12.54,21.92,nasa,0.62
2007-07-27,1.44,16.09,11.98,21.92,nasa,0.62
2007-07-28,2.45,16.33,12.38,21.72,nasa,0.62
2007-07-29,1.03,12.72,8.39,17.32,nasa,0.62
2007-07-30,0.12,11.66,7.27,17.2,nasa,0.62
2007-07-31,0.0,13.75,8.18,21.7,nasa,0.62
2007-08-01,0.01,15.34,9.04,24.1,nasa,0.62
2007-08-02,0.05,16.16,9.75,24.96,nasa,0.62
2007-08-03,0.01,17.04,11.61,25.51,nasa,0.62
2007-08-04,0.05,17.0,11.94,25.32,nasa,0.62
2007-08-05,0.01,17.95,11.63,27.39,nasa,0.62
2007-08-06,0.18,18.09,13.38,25.3,nasa,0.62
2007-08-07,0.04,18.12,13.1,26.35,nasa,0.61
2007-08-08,0.05,18.67,12.03,28.28,nasa,0.61
2007-08-09,0.07,18.36,12.92,26.72,nasa,0.61
2007-08-10,1.51,17.39,12.03,25.66,nasa,0.61
2007-08-11,0.65,18.83,13.95,27.01,nasa,0.61
2007-08-12,0.28,18.25,13.34,25.68,nasa,0.61
2007-08-13,0.5,17.2,11.99,24.53,nasa,0.61
2007-08-14,0.49,17.06,11.44,24.98,nasa,0.61
2007-08-15,0.36,17.05,11.52,24.74,nasa,0.61
2007-08-16,0.04,16.89,10.88,25.91,nasa,0.61
2007-08-17,0.42,16.9,9.52,26.25,nasa,0.61
2007-08-18,0.29,17.6,12.1,26.0,nasa,0.61
2007-08-19,0.18,16.93,11.6,25.55,nasa,0.61
2007-08-20,0.0,18.27,11.74,26.96,nasa,0.61
2007-08-21,0.0,17.62,10.8,26.2,nasa,0.6
2007-08-22,0.0,17.33,12.63,25.88,nasa,0.6
2007-08-23,0.0,17.54,11.63,26.79,nasa,0.6
2007-08-24,0.0,17.82,11.13,27.26,nasa,0.6
2007-08-25,0.0,19.65,11.71,29.93,nasa,0.6
2007-08-26,0.0,20.45,11.8,31.0,nasa,0.6
2007-08-27,0.0,22.58,14.66,32.97,nasa,0.6
2007-08-28,0.0,19.88,15.42,27.63,nasa,0.6
2007-08-29,0.07,20.25,14.94,28.48,nasa,0.6
2007-08-30,1.84,19.23,14.77,26.63,nasa,0.6
2007-08-31,0.98,19.24,14.79,26.7,nasa,0.6
2007-09-01,0.05,20.25,13.48,28.89,nasa,0.6
2007-09-02,0.07,21.49,15.68,29.25,nasa,0.6
2007-09-03,1.09,20.4,14.87,28.17,nasa,0.6
2007-09-04,2.02,18.85,14.64,26.08,nasa,0.6
2007-09-05,4.42,18.72,14.33,25.69,nasa,0.61
2007-09-06,0.86,19.1,13.67,26.85,nasa,0.61
2007-09-07,0.11,19.11,14.07,26.75,nasa,0.61
2007-09-08,0.0,18.7,13.27,26.99,nasa,0.61
2007-09-09,0.14,18.91,13.53,27.41,nasa,0.6
2007-09-10,0.59,18.5,13.07,26.56,nasa,0.6
2007-09-11,0.13,17.88,12.0,26.86,nasa,0.6
2007-09-12,0.39,18.18,10.9,27.01,nasa,0.6
2007-09-13,0.23,18.7,13.12,27.46,nasa,0.6
2007-09-14,0.15,18.97,12.99,27.61,nasa,0.6
2007-09-15,0.0,20.48,12.28,30.59,nasa,0.6
2007-09-16,0.0,21.79,13.67,31.73,nasa,0.6
2007-09-17,0.17,19.99,13.28,29.14,nasa,0.6
2007-09-18,0.17,17.8,13.04,25.74,nasa,0.6
2007-09-19,0.0,19.57,11.91,29.91,nasa,0.6
2007-09-20,0.0,21.3,13.04,32.35,nasa,0.6
2007-09-21,0.0,20.86,13.09,32.0,nasa,0.6
2007-09-22,0.0,20.95,12.32,31.63,nasa,0.6
2007-09-23,0.0,21.79,13.6,31.78,nasa,0.59
2007-09-24,0.52,24.03,16.45,36.29,nasa,0.59
2007-09-25,0.19,17.45,12.82,24.71,nasa,0.59
2007-09-26,0.07,15.93,11.98,21.29,nasa,0.59
2007-09-27,0.22,19.04,13.66,26.46,nasa,0.59
2007-09-28,1.44,21.73,14.16,31.07,nasa,0.6
2007-09-29,6.92,21.09,15.98,28.4,nasa,0.61
2007-09-30,0.69,17.28,12.23,24.63,nasa,0.61
2007-10-01,0.19,16.55,11.79,24.09,nasa,0.61
2007-10-02,0.14,18.04,12.24,26.62,nasa,0.6
2007-10-03,0.04,18.06,13.01,25.98,nasa,0.6
2007-10-04,0.0,18.49,12.33,27.17,nasa,0.6
2007-10-05,0.0,19.81,12.84,29.32,nasa,0.6
2007-10-06,0.0,20.92,13.72,30.67,nasa,0.6
2007-10-07,0.0,21.91,14.16,32.02,nasa,0.6
2007-10-08,0.0,21.74,15.45,30.98,nasa,0.6
2007-10-09,0.0,20.59,14.25,29.65,nasa,0.6
2007-10-10,0.0,20.71,12.86,29.41,nasa,0.6
2007-10-11,0.0,21.19,13.77,30.21,nasa,0.59
2007-10-12,0.0,22.3,15.58,30.48,nasa,0.59
2007-10-13,0.0,24.26,17.04,33.25,nasa,0.59
2007-10-14,0.0,24.56,17.37,33.56,nasa,0.59
2007-10-15,0.01,23.97,17.3,32.68,nasa,0.59
2007-10-16,0.01,23.68,15.89,33.24,nasa,0.59
2007-10-17,0.11,24.78,15.75,35.12,nasa,0.59
2007-10-18,18.14,21.9,17.99,28.52,nasa,0.61
2007-10-19,21.36,21.89,17.88,28.71,nasa,0.65
2007-10-20,0.26,22.28,18.39,28.34,nasa,0.66
2007-10-21,0.07,24.23,17.34,31.89,nasa,0.65
2007-10-22,2.31,22.94,18.05,30.36,nasa,0.64
2007-10-23,0.95,21.99,18.05,28.33,nasa,0.63
2007-10-24,0.38,21.43,17.91,26.7,nasa,0.63
2007-10-25,10.98,21.4,16.76,26.99,nasa,0.63
2007-10-26,11.63,20.83,17.79,26.52,nasa,0.66
2007-10-27,6.96,22.97,16.06,30.32,nasa,0.66
2007-10-28,2.13,23.02,18.25,29.12,nasa,0.66
2007-10-29,0.15,23.95,17.02,32.08,nasa,0.65
2007-10-30,0.07,24.55,18.26,32.61,nasa,0.64
2007-10-31,0.0,24.73,18.89,31.71,nasa,0.63
2007-11-01,0.04,25.18,18.27,32.25,nasa,0.63
2007-11-02,1.33,24.55,20.11,31.94,nasa,0.62
2007-11-03,3.15,26.69,19.97,34.02,nasa,0.62
2007-11-04,14.77,24.88,20.42,31.54,nasa,0.64
2007-11-05,6.52,21.75,18.06,27.99,nasa,0.65
2007-11-06,0.04,22.44,17.13,29.57,nasa,0.65
2007-11-07,1.01,22.71,17.09,30.31,nasa,0.64
2007-11-08,0.83,21.44,17.27,27.35,nasa,0.64
2007-11-09,0.09,21.33,17.32,26.2,nasa,0.63
2007-11-10,0.03,23.7,17.91,31.76,nasa,0.63
2007-11-11,0.24,25.18,17.9,32.11,nasa,0.63
2007-11-12,1.71,23.42,19.63,30.46,nasa,0.62
2007-11-13,0.27,22.69,17.62,30.69,nasa,0.62
2007-11-14,0.0,23.19,15.72,32.95,nasa,0.62
2007-11-15,0.38,23.8,17.12,32.9,nasa,0.61
2007-11-16,4.28,19.68,15.94,24.72,nasa,0.61
2007-11-17,6.3,19.88,15.45,27.48,nasa,0.62
2007-11-18,1.83,21.37,16.49,28.97,nasa,0.63
2007-11-19,2.37,22.66,17.26,29.03,nasa,0.63
2007-11-20,16.53,20.75,17.25,25.1,nasa,0.64
2007-11-21,4.45,20.87,15.6,27.47,nasa,0.66
2007-11-22,0.17,18.1,13.47,24.51,nasa,0.65
2007-11-23,0.4,18.89,12.6,26.92,nasa,0.64
2007-11-24,0.01,21.97,14.51,29.33,nasa,0.64
2007-11-25,5.78,22.03,16.71,28.93,nasa,0.64
2007-11-26,20.04,22.35,18.82,27.71,nasa,0.65
2007-11-27,16.33,21.51,18.38,27.18,nasa,0.69
2007-11-28,0.29,20.2,13.43,26.64,nasa,0.68
2007-11-29,0.59,19.44,13.11,27.26,nasa,0.67
2007-11-30,0.69,21.07,15.59,28.46,nasa,0.66
2007-12-01,9.2,21.47,16.14,28.43,nasa,0.65
2007-12-02,1.13,22.89,16.96,30.0,nasa,0.66
2007-12-03,0.02,24.23,18.4,31.53,nasa,0.65
2007-12-04,1.49,24.11,18.07,31.26,nasa,0.65
2007-12-05,11.69,23.61,18.44,29.46,nasa,0.65
2007-12-06,3.95,24.56,19.6,30.37,nasa,0.66
2007-12-07,18.04,24.37,20.42,29.36,nasa,0.67
2007-12-08,8.76,22.92,20.21,26.36,nasa,0.69
2007-12-09,5.14,21.77,18.05,25.38,nasa,0.69
2007-12-10,0.37,21.51,17.01,27.88,nasa,0.68
2007-12-11,0.17,22.29,16.27,28.93,nasa,0.67
2007-12-12,17.68,23.44,17.62,29.78,nasa,0.67
2007-12-13,34.25,21.04,18.74,24.86,nasa,0.71
2007-12-14,30.37,20.81,18.46,25.22,nasa,0.75
2007-12-15,14.47,21.37,17.68,27.2,nasa,0.78
2007-12-16,0.93,20.87,17.41,26.05,nasa,0.75
2007-12-17,0.89,20.54,16.39,26.04,nasa,0.73
2007-12-18,0.01,21.25,16.66,27.42,nasa,0.71
2007-12-19,3.99,22.22,17.02,27.67,nasa,0.71
2007-12-20,14.15,22.37,20.63,25.11,nasa,0.71
2007-12-21,29.66,22.01,18.8,25.11,nasa,0.75
2007-12-22,14.06,21.66,19.52,25.06,nasa,0.77
2007-12-23,1.12,21.53,17.31,26.36,nasa,0.76
2007-12-24,0.07,20.55,16.29,26.14,nasa,0.74
2007-12-25,0.39,20.62,15.8,26.11,nasa,0.73
2007-12-26,0.22,20.95,15.59,27.41,nasa,0.72
2007-12-27,0.01,21.83,16.53,27.79,nasa,0.71
2007-12-28,0.22,22.13,16.85,28.56,nasa,0.7
2007-12-29,0.21,21.99,16.53,28.8,nasa,0.69
2007-12-30,0.04,22.2,16.15,29.16,nasa,0.68
2007-12-31,0.0,22.87,17.1,30.12,nasa,0.67
2008-01-01,0.4,22.58,15.41,30.44,nasa,0.66
2008-01-02,0.43,21.81,15.2,29.59,nasa,0.66
2008-01-03,0.01,22.75,17.21,29.86,nasa,0.65
2008-01-04,0.0,22.49,16.54,30.06,nasa,0.65
2008-01-05,0.17,23.47,15.85,31.25,nasa,0.65
2008-01-06,4.97,21.95,18.49,26.9,nasa,0.65
2008-01-07,7.59,21.25,18.73,26.54,nasa,0.67
2008-01-08,28.65,21.36,17.55,26.45,nasa,0.69
2008-01-09,10.23,20.6,18.23,23.55,nasa,0.72
2008-01-10,0.68,21.51,18.47,26.17,nasa,0.72
2008-01-11,1.82,21.67,17.49,26.8,nasa,0.71
2008-01-12,0.37,22.66,18.43,28.04,nasa,0.7
2008-01-13,0.07,20.81,17.02,25.77,nasa,0.7
2008-01-14,0.55,19.96,15.91,25.36,nasa,0.69
2008-01-15,14.22,19.77,15.46,25.11,nasa,0.7
2008-01-16,1.57,20.15,16.59,25.73,nasa,0.71
2008-01-17,12.34,21.58,16.42,27.12,nasa,0.71
2008-01-18,2.94,22.16,18.68,26.31,nasa,0.71
2008-01-19,5.36,23.2,18.83,27.88,nasa,0.71
2008-01-20,9.33,23.81,19.67,27.74,nasa,0.71
2008-01-21,11.35,21.59,17.91,25.38,nasa,0.73
2008-01-22,10.84,19.51,17.05,24.29,nasa,0.73
2008-01-23,4.21,19.91,17.18,25.06,nasa,0.74
2008-01-24,1.54,20.01,17.14,24.9,nasa,0.73
2008-01-25,0.71,20.65,17.36,26.03,nasa,0.72
2008-01-26,3.92,19.64,16.41,24.94,nasa,0.71
2008-01-27,5.02,18.41,16.12,21.6,nasa,0.72
2008-01-28,23.13,18.86,16.77,22.03,nasa,0.74
2008-01-29,10.89,19.4,16.72,22.42,nasa,0.75
2008-01-30,22.37,20.09,16.94,23.25,nasa,0.77
2008-01-31,6.65,21.46,19.07,25.1,nasa,0.79
2008-02-01,0.34,23.15,18.53,28.13,nasa,0.77
2008-02-02,0.26,22.57,20.02,26.57,nasa,0.75
2008-02-03,17.56,22.54,20.1,26.2,nasa,0.76
2008-02-04,28.52,21.16,18.35,23.96,nasa,0.79
2008-02-05,13.54,20.91,17.67,26.08,nasa,0.81
2008-02-06,11.35,21.05,18.87,24.65,nasa,0.81
2008-02-07,0.9,22.36,18.28,27.44,nasa,0.8
2008-02-08,2.58,22.61,17.51,27.82,nasa,0.78
2008-02-09,0.03,21.96,16.1,27.94,nasa,0.77
2008-02-10,0.0,22.38,17.39,28.24,nasa,0.76
2008-02-11,0.16,22.34,18.43,27.31,nasa,0.75
2008-02-12,0.01,21.43,17.28,27.21,nasa,0.74
2008-02-13,0.0,22.43,16.98,28.05,nasa,0.73
2008-02-14,0.0,22.32,17.16,28.29,nasa,0.72
2008-02-15,2.38,21.36,16.11,27.65,nasa,0.72
2008-02-16,1.17,20.84,16.8,26.29,nasa,0.72
2008-02-17,0.09,21.66,16.84,26.54,nasa,0.71
2008-02-18,3.7,22.32,18.15,27.83,nasa,0.71
2008-02-19,7.01,20.92,17.98,24.34,nasa,0.72
2008-02-20,6.41,20.56,17.31,24.62,nasa,0.73
2008-02-21,2.5,21.5,17.17,25.67,nasa,0.73
2008-02-22,6.54,21.38,19.12,24.91,nasa,0.73
2008-02-23,5.23,21.59,18.53,25.19,nasa,0.74
2008-02-24,24.7,21.31,18.52,25.38,nasa,0.76
2008-02-25,22.64,20.01,17.55,24.41,nasa,0.8
2008-02-26,6.09,20.47,16.18,25.6,nasa,0.8
2008-02-27,5.1,19.84,15.81,24.66,nasa,0.79
2008-02-28,0.3,18.3,15.52,21.63,nasa,0.78
2008-02-29,0.01,19.65,14.68,25.4,nasa,0.77
2008-03-01,7.93,20.43,17.23,24.0,nasa,0.76
2008-03-02,3.03,21.93,19.16,25.6,nasa,0.77
2008-03-03,0.21,23.93,19.55,29.04,nasa,0.77
2008-03-04,2.62,24.01,18.42,29.1,nasa,0.75
2008-03-05,0.24,23.71,18.63,28.89,nasa,0.74
2008-03-06,4.9,23.25,18.54,28.15,nasa,0.74
2008-03-07,10.47,21.98,19.73,25.71,nasa,0.75
2008-03-08,2.46,21.94,18.54,26.67,nasa,0.76
2008-03-09,4.63,21.62,17.98,26.9,nasa,0.76
2008-03-10,0.72,21.74,17.6,26.86,nasa,0.75
2008-03-11,0.14,21.86,17.67,26.89,nasa,0.74
2008-03-12,1.4,21.71,18.23,26.13,nasa,0.74
2008-03-13,4.76,22.3,18.94,26.61,nasa,0.74
2008-03-14,7.81,20.89,17.94,23.9,nasa,0.74
2008-03-15,4.59,20.07,17.16,24.6,nasa,0.75
2008-03-16,1.35,21.36,17.74,26.0,nasa,0.75
2008-03-17,1.01,21.34,17.37,26.68,nasa,0.74
2008-03-18,0.33,20.47,16.61,25.51,nasa,0.74
2008-03-19,0.09,20.48,16.17,25.43,nasa,0.73
2008-03-20,1.67,20.87,16.84,26.06,nasa,0.72
2008-03-21,0.29,20.66,16.04,26.39,nasa,0.72
2008-03-22,0.0,20.79,15.55,26.79,nasa,0.71
2008-03-23,0.58,21.24,15.98,26.64,nasa,0.71
2008-03-24,4.19,21.16,16.97,26.41,nasa,0.71
2008-03-25,11.86,20.6,18.22,25.16,nasa,0.72
2008-03-26,8.65,19.55,16.37,23.29,nasa,0.74
2008-03-27,12.89,19.39,15.85,24.23,nasa,0.75
2008-03-28,1.12,21.01,16.69,25.82,nasa,0.76
2008-03-29,1.56,20.65,15.89,26.48,nasa,0.74
2008-03-30,2.01,19.35,16.24,24.29,nasa,0.74
2008-03-31,0.45,17.64,13.36,22.86,nasa,0.73
2008-04-01,0.0,17.42,11.99,23.74,nasa,0.72
2008-04-02,0.0,19.04,12.31,25.41,nasa,0.72
2008-04-03,0.46,20.69,15.14,25.84,nasa,0.71
2008-04-04,6.55,20.95,16.11,25.9,nasa,0.71
2008-04-05,19.66,20.06,18.48,23.14,nasa,0.74
2008-04-06,7.59,20.15,18.59,23.04,nasa,0.76
2008-04-07,0.14,21.07,17.82,24.77,nasa,0.75
2008-04-08,2.15,22.24,18.47,26.71,nasa,0.75
2008-04-09,1.33,22.3,19.13,26.87,nasa,0.74
2008-04-10,18.68,22.33,19.64,26.24,nasa,0.76
2008-04-11,1.02,22.12,18.29,26.07,nasa,0.76
2008-04-12,0.35,23.03,18.54,27.48,nasa,0.75
2008-04-13,0.0,22.43,17.92,27.51,nasa,0.74
2008-04-14,2.92,21.97,17.31,27.11,nasa,0.73
2008-04-15,8.83,21.12,18.46,25.68,nasa,0.74
2008-04-16,12.94,21.12,18.6,25.53,nasa,0.75
2008-04-17,2.36,21.18,17.65,25.76,nasa,0.76
2008-04-18,2.76,20.58,17.57,24.98,nasa,0.75
2008-04-19,0.88,19.71,16.36,24.43,nasa,0.75
2008-04-20,7.28,20.18,17.12,24.6,nasa,0.75
2008-04-21,1.29,20.87,17.5,24.86,nasa,0.75
2008-04-22,2.04,20.88,16.63,25.65,nasa,0.75
2008-04-23,4.72,19.4,16.86,23.79,nasa,0.75
2008-04-24,1.02,20.62,16.28,25.48,nasa,0.75
2008-04-25,0.01,21.11,15.88,25.69,nasa,0.74
2008-04-26,0.54,21.81,16.67,26.66,nasa,0.73
2008-04-27,3.61,20.75,16.82,24.93,nasa,0.73
2008-04-28,0.26,20.99,15.88,26.02,nasa,0.73
2008-04-29,0.0,20.89,16.8,26.08,nasa,0.72
2008-04-30,2.49,19.63,15.49,25.67,nasa,0.72
2008-05-01,1.11,15.87,14.4,18.5,nasa,0.72
2008-05-02,0.48,17.98,13.85,23.34,nasa,0.72
2008-05-03,0.01,20.63,15.29,26.22,nasa,0.71
2008-05-04,0.3,21.14,16.83,26.46,nasa,0.71
2008-05-05,1.66,20.27,17.65,24.48,nasa,0.71
2008-05-06,0.48,18.21,12.6,23.58,nasa,0.71
2008-05-07,0.0,14.65,8.78,21.71,nasa,0.7
2008-05-08,0.0,14.91,8.67,22.26,nasa,0.7
2008-05-09,0.0,16.29,11.42,22.56,nasa,0.7
2008-05-10,0.0,16.16,12.51,21.31,nasa,0.69
2008-05-11,0.0,16.11,12.65,21.08,nasa,0.69
2008-05-12,0.0,15.08,11.78,20.06,nasa,0.69
2008-05-13,0.06,15.69,11.47,20.75,nasa,0.69
2008-05-14,0.74,16.63,13.46,20.77,nasa,0.69
2008-05-15,0.08,18.09,13.5,23.84,nasa,0.69
2008-05-16,0.0,18.04,12.67,24.25,nasa,0.68
2008-05-17,0.26,16.99,14.55,21.02,nasa,0.68
2008-05-18,0.04,17.45,13.41,23.3,nasa,0.68
2008-05-19,0.0,17.89,11.79,25.14,nasa,0.68
2008-05-20,0.0,18.17,14.27,23.87,nasa,0.68
2008-05-21,0.0,17.93,13.06,24.76,nasa,0.67
2008-05-22,0.0,18.31,12.06,24.96,nasa,0.67
2008-05-23,0.0,18.8,14.11,25.22,nasa,0.67
2008-05-24,0.0,18.86,14.09,25.31,nasa,0.67
2008-05-25,0.0,18.37,13.22,25.1,nasa,0.66
2008-05-26,0.0,18.68,12.89,25.83,nasa,0.66
2008-05-27,0.0,18.19,13.29,25.64,nasa,0.66
2008-05-28,0.0,18.4,12.62,25.8,nasa,0.66
2008-05-29,0.01,17.87,12.34,24.96,nasa,0.66
2008-05-30,1.09,19.3,13.05,26.72,nasa,0.66
2008-05-31,1.1,15.39,12.59,19.44,nasa,0.66
2008-06-01,0.4,15.27,11.73,20.35,nasa,0.66
2008-06-02,0.39,15.98,13.29,21.32,nasa,0.66
2008-06-03,0.04,16.88,12.83,22.78,nasa,0.66
2008-06-04,0.37,16.04,12.36,21.29,nasa,0.66
2008-06-05,0.04,18.43,13.44,25.32,nasa,0.66
2008-06-06,0.0,19.19,12.9,26.21,nasa,0.65
2008-06-07,0.0,18.87,13.34,26.08,nasa,0.65
2008-06-08,0.0,18.72,12.85,25.56,nasa,0.65
2008-06-09,0.0,18.55,13.46,25.59,nasa,0.65
2008-06-10,0.0,19.07,14.98,25.24,nasa,0.65
2008-06-11,0.0,19.26,14.6,26.21,nasa,0.65
2008-06-12,0.0,19.28,14.96,25.29,nasa,0.65
2008-06-13,0.0,18.75,13.12,25.39,nasa,0.64
2008-06-14,0.0,17.57,11.97,25.38,nasa,0.64
2008-06-15,0.01,17.72,11.91,25.39,nasa,0.64
2008-06-16,1.49,14.98,11.89,18.07,nasa,0.64
2008-06-17,0.18,14.5,11.19,19.28,nasa,0.64
2008-06-18,0.02,16.59,11.03,23.22,nasa,0.64
2008-06-19,0.0,17.17,11.21,24.69,nasa,0.64
2008-06-20,0.0,17.58,12.12,25.0,nasa,0.64
2008-06-21,0.0,18.53,12.07,26.23,nasa,0.64
2008-06-22,0.49,18.88,13.47,26.74,nasa,0.64
2008-06-23,0.61,16.34,13.54,21.78,nasa,0.64
2008-06-24,4.03,15.81,13.22,20.35,nasa,0.64
2008-06-25,3.61,15.42,12.57,20.09,nasa,0.65
2008-06-26,0.91,14.71,12.23,18.5,nasa,0.65
2008-06-27,0.03,15.14,11.54,21.02,nasa,0.65
2008-06-28,0.01,15.74,10.82,22.73,nasa,0.65
2008-06-29,0.01,16.46,11.81,22.94,nasa,0.65
2008-06-30,0.0,17.53,12.98,24.31,nasa,0.64
2008-07-01,0.0,18.07,14.03,23.64,nasa,0.64
2008-07-02,0.09,18.21,14.05,23.91,nasa,0.64
2008-07-03,0.23,17.2,13.22,22.92,nasa,0.64
2008-07-04,3.32,16.23,12.66,21.97,nasa,0.64
2008-07-05,0.1,15.8,11.88,22.97,nasa,0.64
2008-07-06,0.0,15.66,11.33,23.42,nasa,0.64
2008-07-07,0.0,14.57,9.53,22.32,nasa,0.64
2008-07-08,0.0,14.28,8.89,22.23,nasa,0.64
2008-07-09,0.02,15.75,10.4,22.95,nasa,0.64
2008-07-10,0.08,16.19,11.71,22.92,nasa,0.63
2008-07-11,0.31,16.1,12.27,22.18,nasa,0.63
2008-07-12,0.64,15.11,11.37,20.76,nasa,0.63
2008-07-13,0.18,13.94,8.67,20.79,nasa,0.63
2008-07-14,0.01,13.57,7.15,22.31,nasa,0.63
2008-07-15,0.0,13.91,8.56,22.37,nasa,0.63
2008-07-16,0.03,14.28,8.81,22.79,nasa,0.63
2008-07-17,0.0,14.17,7.85,23.52,nasa,0.63
2008-07-18,0.0,16.9,8.16,25.47,nasa,0.63
2008-07-19,0.0,17.84,11.2,27.0,nasa,0.63
2008-07-20,0.0,17.24,10.28,26.5,nasa,0.62
2008-07-21,0.0,16.64,11.32,24.89,nasa,0.62
2008-07-22,0.0,16.53,11.03,24.69,nasa,0.62
2008-07-23,0.0,18.68,10.8,27.28,nasa,0.62
2008-07-24,0.0,20.02,13.44,28.56,nasa,0.62
2008-07-25,0.0,19.12,11.78,27.76,nasa,0.62
2008-07-26,0.84,16.46,12.15,21.95,nasa,0.62
2008-07-27,7.1,15.33,10.62,22.92,nasa,0.63
2008-07-28,4.74,15.69,9.8,25.05,nasa,0.64
2008-07-29,0.0,15.33,8.16,24.54,nasa,0.64
2008-07-30,0.0,16.21,10.11,24.64,nasa,0.63
2008-07-31,0.0,18.25,12.3,26.31,nasa,0.63
2008-08-01,0.0,18.6,13.77,26.3,nasa,0.63
2008-08-02,0.0,18.32,12.86,25.9,nasa,0.63
2008-08-03,0.0,20.75,14.13,29.2,nasa,0.62
2008-08-04,0.02,18.62,15.15,25.29,nasa,0.62
2008-08-05,0.26,20.2,14.51,27.32,nasa,0.62
2008-08-06,0.01,20.4,15.59,27.54,nasa,0.62
2008-08-07,0.0,19.75,14.81,27.74,nasa,0.62
2008-08-08,0.01,20.12,13.51,28.49,nasa,0.62
2008-08-09,0.02,20.3,15.44,27.15,nasa,0.61
2008-08-10,0.01,20.43,15.11,28.58,nasa,0.61
2008-08-11,0.01,19.72,14.78,27.21,nasa,0.61
2008-08-12,0.0,19.58,14.63,27.86,nasa,0.61
2008-08-13,0.0,19.04,13.84,27.61,nasa,0.61
2008-08-14,0.0,18.71,13.46,26.52,nasa,0.61
2008-08-15,0.21,18.98,13.71,26.37,nasa,0.61
2008-08-16,0.22,19.37,14.62,27.36,nasa,0.61
2008-08-17,0.46,18.46,13.57,26.1,nasa,0.61
2008-08-18,0.0,18.58,12.78,27.48,nasa,0.6
2008-08-19,0.05,18.45,12.79,27.34,nasa,0.6
2008-08-20,0.0,18.54,12.51,27.45,nasa,0.6
2008-08-21,0.0,18.89,13.73,27.45,nasa,0.6
2008-08-22,0.0,19.8,13.62,28.95,nasa,0.6
2008-08-23,0.43,18.11,13.79,25.04,nasa,0.6
2008-08-24,0.13,17.49,13.54,23.85,nasa,0.6
2008-08-25,0.0,18.01,12.06,27.12,nasa,0.6
2008-08-26,0.0,19.39,11.62,29.6,nasa,0.6
2008-08-27,0.0,19.45,13.51,28.6,nasa,0.6
2008-08-28,0.0,19.63,12.89,29.39,nasa,0.6
2008-08-29,0.0,21.22,13.69,31.27,nasa,0.6
2008-08-30,7.27,19.58,14.67,27.35,nasa,0.6
2008-08-31,0.52,16.78,12.57,23.09,nasa,0.61
2008-09-01,0.0,15.86,9.68,24.35,nasa,0.61
2008-09-02,0.0,17.5,8.95,28.19,nasa,0.61
2008-09-03,0.0,18.67,10.59,29.26,nasa,0.61
2008-09-04,0.0,21.65,12.42,32.12,nasa,0.6
2008-09-05,0.0,21.7,14.98,31.46,nasa,0.6
2008-09-06,0.0,21.74,13.45,32.79,nasa,0.6
2008-09-07,0.0,22.98,14.8,33.22,nasa,0.6
2008-09-08,0.03,22.37,16.2,31.35,nasa,0.6
2008-09-09,0.04,22.31,16.5,31.38,nasa,0.6
2008-09-10,0.0,21.77,15.26,31.36,nasa,0.6
2008-09-11,0.0,22.31,14.91,31.79,nasa,0.6
2008-09-12,0.0,22.57,15.07,32.62,nasa,0.6
2008-09-13,0.0,22.89,15.21,32.54,nasa,0.6
2008-09-14,13.23,22.14,17.17,30.71,nasa,0.61
2008-09-15,19.15,20.03,15.86,26.8,nasa,0.64
2008-09-16,3.91,18.65,14.76,24.29,nasa,0.65
2008-09-17,2.8,16.21,13.06,21.64,nasa,0.65
2008-09-18,2.82,14.22,11.47,18.5,nasa,0.65
2008-09-19,0.03,14.93,10.09,21.52,nasa,0.65
2008-09-20,0.0,17.42,11.71,25.94,nasa,0.64
2008-09-21,3.4,19.08,12.71,26.07,nasa,0.64
2008-09-22,0.78,19.84,14.94,27.18,nasa,0.64
2008-09-23,0.0,19.23,13.59,28.31,nasa,0.63
2008-09-24,0.01,18.39,12.02,27.09,nasa,0.63
2008-09-25,0.08,17.81,13.34,25.18,nasa,0.63
2008-09-26,14.73,17.13,12.87,22.44,nasa,0.63
2008-09-27,7.3,17.33,13.32,21.96,nasa,0.65
2008-09-28,0.91,18.52,13.22,25.77,nasa,0.66
2008-09-29,0.22,17.39,12.39,24.7,nasa,0.65
2008-09-30,0.0,19.87,12.5,28.38,nasa,0.64
2008-10-01,0.58,22.36,15.25,30.86,nasa,0.64
2008-10-02,0.64,22.82,17.58,29.73,nasa,0.63
2008-10-03,0.0,23.93,17.64,31.92,nasa,0.63
2008-10-04,0.48,23.66,18.29,30.29,nasa,0.63
2008-10-05,0.05,23.99,17.39,33.33,nasa,0.62
2008-10-06,0.02,21.85,17.04,29.61,nasa,0.62
2008-10-07,0.36,22.29,16.34,30.58,nasa,0.62
2008-10-08,1.11,19.68,15.27,27.05,nasa,0.61
2008-10-09,1.59,15.49,12.82,19.8,nasa,0.62
2008-10-10,0.26,16.27,12.35,23.03,nasa,0.62
2008-10-11,0.06,18.57,12.6,26.54,nasa,0.61
2008-10-12,17.29,19.9,14.46,27.35,nasa,0.62
2008-10-13,3.08,21.38,16.04,28.8,nasa,0.65
2008-10-14,0.0,22.48,15.88,31.08,nasa,0.64
2008-10-15,0.0,23.57,16.82,31.76,nasa,0.63
2008-10-16,0.14,24.5,17.13,33.62,nasa,0.63
2008-10-17,1.09,22.15,17.88,29.86,nasa,0.62
2008-10-18,2.89,24.07,18.35,31.74,nasa,0.62
2008-10-19,20.16,22.12,18.34,28.33,nasa,0.65
2008-10-20,3.62,18.89,16.53,23.53,nasa,0.66
2008-10-21,2.03,19.5,16.28,24.49,nasa,0.66
2008-10-22,0.93,20.44,16.15,25.99,nasa,0.65
2008-10-23,0.01,21.95,15.61,29.98,nasa,0.65
2008-10-24,0.01,22.22,15.69,30.91,nasa,0.64
2008-10-25,0.02,23.56,16.57,32.68,nasa,0.63
2008-10-26,0.0,24.16,16.74,33.18,nasa,0.63
2008-10-27,0.03,25.53,17.35,35.29,nasa,0.62
2008-10-28,0.02,22.68,17.36,31.02,nasa,0.62
2008-10-29,0.51,22.77,16.37,30.93,nasa,0.61
2008-10-30,0.02,25.04,18.32,33.05,nasa,0.61
2008-10-31,14.39,22.63,16.23,30.66,nasa,0.62
2008-11-01,1.34,20.14,15.13,27.81,nasa,0.64
2008-11-02,0.01,23.1,16.33,30.96,nasa,0.63
2008-11-03,4.1,24.13,17.59,32.72,nasa,0.63
2008-11-04,7.36,23.47,19.13,30.23,nasa,0.64
2008-11-05,1.88,22.19,18.84,27.22,nasa,0.64
2008-11-06,10.84,24.45,19.31,30.86,nasa,0.64
2008-11-07,2.92,21.4,19.29,24.5,nasa,0.66
2008-11-08,6.37,22.84,17.6,29.58,nasa,0.66
2008-11-09,11.1,21.49,18.87,25.15,nasa,0.67
2008-11-10,13.81,22.32,18.54,27.32,nasa,0.68
2008-11-11,5.83,20.81,17.52,24.19,nasa,0.69
2008-11-12,1.35,21.01,16.57,27.29,nasa,0.68
2008-11-13,4.35,19.98,17.71,23.57,nasa,0.67
2008-11-14,39.63,20.59,18.43,23.38,nasa,0.7
2008-11-15,10.62,23.28,18.55,28.71,nasa,0.74
2008-11-16,2.85,22.37,18.03,28.01,nasa,0.72
2008-11-17,37.47,21.36,17.62,26.77,nasa,0.73
2008-11-18,1.67,19.29,16.86,22.32,nasa,0.75
2008-11-19,3.94,19.22,15.87,23.69,nasa,0.74
2008-11-20,0.74,18.16,14.56,24.21,nasa,0.73
2008-11-21,8.4,17.64,14.43,22.92,nasa,0.72
2008-11-22,7.24,17.93,15.6,21.69,nasa,0.73
2008-11-23,22.06,18.37,15.58,22.33,nasa,0.74
2008-11-24,19.44,18.87,16.51,22.75,nasa,0.77
2008-11-25,6.83,18.7,16.03,22.46,nasa,0.77
2008-11-26,2.76,19.55,16.59,23.58,nasa,0.76
2008-11-27,12.68,19.9,16.78,23.83,nasa,0.76
2008-11-28,13.66,19.55,16.85,24.22,nasa,0.77
2008-11-29,9.3,19.73,16.47,24.73,nasa,0.77
2008-11-30,3.0,20.29,16.18,26.12,nasa,0.77
2008-12-01,0.15,21.15,16.25,27.16,nasa,0.75
2008-12-02,7.4,23.21,17.38,29.12,nasa,0.75
2008-12-03,13.04,21.34,14.97,25.04,nasa,0.76
2008-12-04,0.29,18.92,14.55,25.07,nasa,0.76
2008-12-05,0.11,18.78,14.74,25.39,nasa,0.75
2008-12-06,0.02,19.11,15.01,25.21,nasa,0.74
2008-12-07,0.2,19.9,15.54,26.26,nasa,0.73
2008-12-08,0.04,20.2,15.68,25.85,nasa,0.72
2008-12-09,0.0,21.28,16.05,27.49,nasa,0.72
2008-12-10,0.0,21.75,16.21,28.0,nasa,0.71
2008-12-11,4.7,22.04,17.92,27.61,nasa,0.7
2008-12-12,32.99,21.69,18.37,26.08,nasa,0.73
2008-12-13,12.19,18.27,16.17,21.78,nasa,0.77
2008-12-14,11.33,18.86,15.93,22.6,nasa,0.78
2008-12-15,39.66,19.66,17.17,22.55,nasa,0.8
2008-12-16,41.79,20.12,18.59,22.35,nasa,0.85
2008-12-17,33.68,21.11,18.92,24.6,nasa,0.88
2008-12-18,30.29,21.65,18.94,25.85,nasa,0.89
2008-12-19,0.85,21.27,17.17,26.71,nasa,0.87
2008-12-20,4.78,20.71,15.35,26.38,nasa,0.84
2008-12-21,5.04,20.48,16.89,25.25,nasa,0.84
2008-12-22,2.77,20.75,16.76,25.76,nasa,0.83
2008-12-23,11.18,20.84,17.22,24.95,nasa,0.83
2008-12-24,2.95,20.59,18.04,23.91,nasa,0.83
2008-12-25,6.22,20.9,18.09,24.84,nasa,0.83
2008-12-26,24.91,22.13,18.99,25.9,nasa,0.84
2008-12-27,38.43,21.02,19.78,23.24,nasa,0.88
2008-12-28,12.31,21.03,18.85,23.53,nasa,0.9
2008-12-29,1.43,21.02,18.99,24.24,nasa,0.89
2008-12-30,3.2,22.55,18.96,27.33,nasa,0.87
2008-12-31,19.58,21.25,18.94,24.47,nasa,0.88
2009-01-01,4.49,21.63,18.51,25.55,nasa,0.89
2009-01-02,12.37,22.8,19.06,27.27,nasa,0.88
2009-01-03,24.25,22.4,19.77,26.06,nasa,0.9
2009-01-04,38.79,22.13,18.9,25.69,nasa,0.92
2009-01-05,43.37,19.19,16.56,23.33,nasa,0.95
2009-01-06,24.35,18.73,16.82,21.18,nasa,0.95
2009-01-07,5.13,19.84,17.11,23.69,nasa,0.96
2009-01-08,0.55,20.23,17.66,23.66,nasa,0.95
2009-01-09,0.03,21.43,18.57,26.01,nasa,0.94
2009-01-10,0.03,21.24,16.89,26.64,nasa,0.93
2009-01-11,1.16,20.45,16.04,25.71,nasa,0.92
2009-01-12,0.92,21.77,16.9,27.53,nasa,0.92
2009-01-13,0.01,21.67,17.19,26.67,nasa,0.91
2009-01-14,0.99,22.13,18.02,27.08,nasa,0.9
2009-01-15,0.88,21.68,18.22,26.33,nasa,0.9
2009-01-16,3.05,21.72,19.67,24.76,nasa,0.9
2009-01-17,2.21,21.9,19.8,25.16,nasa,0.9
2009-01-18,10.8,22.5,19.95,26.75,nasa,0.9
2009-01-19,9.12,21.12,19.54,23.42,nasa,0.91
2009-01-20,0.51,21.2,18.78,24.78,nasa,0.91
2009-01-21,7.83,22.38,19.15,26.28,nasa,0.91
2009-01-22,29.19,21.68,19.76,24.01,nasa,0.92
2009-01-23,13.89,19.0,16.65,21.53,nasa,0.95
2009-01-24,1.4,19.89,16.37,24.38,nasa,0.93
2009-01-25,6.79,21.12,17.39,26.21,nasa,0.93
2009-01-26,16.04,20.44,18.13,23.85,nasa,0.93
2009-01-27,7.36,20.79,18.09,24.52,nasa,0.95
2009-01-28,1.36,21.42,18.71,25.52,nasa,0.94
2009-01-29,0.0,21.81,17.81,26.96,nasa,0.93
2009-01-30,0.19,22.15,17.99,27.16,nasa,0.92
2009-01-31,2.95,23.18,17.93,28.22,nasa,0.92
2009-02-01,19.2,22.09,19.34,25.26,nasa,0.93
2009-02-02,9.72,21.63,19.32,24.52,nasa,0.94
2009-02-03,0.27,21.41,17.85,25.45,nasa,0.93
2009-02-04,0.0,21.81,18.3,26.3,nasa,0.93
2009-02-05,4.81,22.86,18.31,27.77,nasa,0.92
2009-02-06,10.87,22.66,18.98,26.72,nasa,0.92
2009-02-07,3.11,22.96,19.36,27.37,nasa,0.92
2009-02-08,7.32,22.75,19.27,26.63,nasa,0.92
2009-02-09,8.99,22.92,19.07,27.52,nasa,0.92
2009-02-10,3.8,22.52,19.53,26.36,nasa,0.92
2009-02-11,0.19,22.21,19.17,26.87,nasa,0.92
2009-02-12,14.13,22.02,18.68,26.1,nasa,0.91
2009-02-13,18.53,20.59,18.55,22.77,nasa,0.93
2009-02-14,2.5,20.57,17.89,24.28,nasa,0.94
2009-02-15,1.5,21.22,18.1,25.71,nasa,0.93
2009-02-16,1.11,20.48,16.85,24.93,nasa,0.92
2009-02-17,0.83,20.81,16.36,26.16,nasa,0.91
2009-02-18,0.91,20.74,17.08,25.97,nasa,0.91
2009-02-19,2.2,20.65,17.18,24.79,nasa,0.9
2009-02-20,1.24,21.36,17.23,26.44,nasa,0.9
2009-02-21,0.28,22.53,18.27,27.12,nasa,0.89
2009-02-22,0.09,22.17,18.02,26.92,nasa,0.89
2009-02-23,0.0,22.07,18.07,27.14,nasa,0.88
2009-02-24,1.09,22.65,18.22,27.62,nasa,0.87
2009-02-25,0.56,21.62,18.58,25.56,nasa,0.87
2009-02-26,0.26,22.3,18.07,26.97,nasa,0.87
2009-02-27,0.02,22.58,18.37,27.81,nasa,0.86
2009-02-28,0.0,22.08,17.54,28.17,nasa,0.86
2009-03-01,0.0,21.7,16.8,28.1,nasa,0.85
2009-03-02,0.0,22.27,15.67,28.57,nasa,0.84
2009-03-03,0.0,23.47,16.86,29.91,nasa,0.84
2009-03-04,1.02,23.24,18.74,28.59,nasa,0.83
2009-03-05,0.17,23.15,17.91,28.66,nasa,0.83
2009-03-06,0.0,23.96,18.8,29.03,nasa,0.82
2009-03-07,6.88,22.71,19.35,27.21,nasa,0.82
2009-03-08,2.07,22.19,19.33,26.29,nasa,0.83
2009-03-09,0.09,22.44,19.0,27.1,nasa,0.83
2009-03-10,0.0,22.15,17.9,27.48,nasa,0.82
2009-03-11,0.0,21.93,17.88,27.38,nasa,0.81
2009-03-12,0.0,22.04,17.68,27.95,nasa,0.8
2009-03-13,4.02,22.29,17.05,27.42,nasa,0.8
2009-03-14,15.32,23.32,19.03,27.99,nasa,0.81
2009-03-15,12.52,22.61,19.2,26.52,nasa,0.83
2009-03-16,3.23,21.02,18.39,25.66,nasa,0.84
2009-03-17,11.21,21.6,19.05,25.58,nasa,0.84
2009-03-18,8.27,21.68,18.82,26.03,nasa,0.85
2009-03-19,0.24,20.33,17.9,24.61,nasa,0.84
2009-03-20,0.2,21.15,17.77,25.7,nasa,0.83
2009-03-21,6.47,21.31,18.35,26.12,nasa,0.83
2009-03-22,8.89,20.52,17.26,24.15,nasa,0.83
2009-03-23,17.38,20.89,18.95,23.89,nasa,0.85
2009-03-24,27.87,20.52,18.42,23.67,nasa,0.87
2009-03-25,10.66,19.68,17.74,22.64,nasa,0.89
2009-03-26,1.3,20.28,17.23,25.03,nasa,0.88
2009-03-27,1.3,20.87,17.24,25.84,nasa,0.86
2009-03-28,8.86,21.74,18.51,25.88,nasa,0.86
2009-03-29,19.67,22.31,20.0,26.35,nasa,0.88
2009-03-30,12.03,21.66,19.41,25.11,nasa,0.9
2009-03-31,7.27,21.44,18.74,24.55,nasa,0.89
2009-04-01,17.79,20.82,18.75,23.68,nasa,0.9
2009-04-02,1.67,20.39,17.85,24.52,nasa,0.9
2009-04-03,4.08,19.81,17.44,23.51,nasa,0.89
2009-04-04,4.26,20.57,17.42,25.16,nasa,0.89
2009-04-05,0.22,21.2,17.91,26.37,nasa,0.89
2009-04-06,1.01,21.76,16.42,27.22,nasa,0.88
2009-04-07,16.63,22.03,19.22,26.01,nasa,0.89
2009-04-08,14.08,21.07,18.36,25.29,nasa,0.9
2009-04-09,0.26,20.27,16.54,24.98,nasa,0.9
2009-04-10,1.58,21.23,16.81,26.0,nasa,0.89
2009-04-11,4.07,20.26,17.72,24.48,nasa,0.89
2009-04-12,0.29,19.67,16.52,24.48,nasa,0.89
2009-04-13,1.88,19.65,17.03,23.95,nasa,0.88
2009-04-14,2.0,20.48,16.0,25.48,nasa,0.88
2009-04-15,11.73,18.32,16.51,19.97,nasa,0.89
2009-04-16,1.86,18.62,16.08,22.93,nasa,0.89
2009-04-17,0.33,17.86,15.08,22.31,nasa,0.88
2009-04-18,0.02,17.42,13.63,22.93,nasa,0.88
2009-04-19,0.0,18.14,12.68,23.64,nasa,0.87
2009-04-20,0.0,18.21,12.36,24.76,nasa,0.87
2009-04-21,0.91,17.64,13.37,23.1,nasa,0.86
2009-04-22,1.11,18.38,15.59,22.96,nasa,0.86
2009-04-23,0.35,19.36,15.35,24.05,nasa,0.86
2009-04-24,0.6,19.9,15.14,24.98,nasa,0.86
2009-04-25,0.96,19.91,15.8,25.01,nasa,0.85
2009-04-26,0.17,20.07,16.82,25.34,nasa,0.85
2009-04-27,0.0,18.67,14.44,23.61,nasa,0.85
2009-04-28,0.01,18.12,14.92,22.73,nasa,0.84
2009-04-29,0.01,18.17,13.92,23.74,nasa,0.84
2009-04-30,0.01,18.23,12.99,24.13,nasa,0.84
2009-05-01,3.58,17.76,15.93,21.19,nasa,0.84
2009-05-02,4.85,16.76,13.32,21.18,nasa,0.84
2009-05-03,0.25,16.15,12.28,20.82,nasa,0.84
2009-05-04,0.11,17.7,14.09,22.85,nasa,0.84
2009-05-05,0.0,18.16,14.08,23.26,nasa,0.83
2009-05-06,0.0,19.02,15.31,24.02,nasa,0.83
2009-05-07,0.11,18.23,13.97,23.38,nasa,0.83
2009-05-08,0.06,17.74,13.74,22.77,nasa,0.82
2009-05-09,0.0,18.43,14.31,23.85,nasa,0.82
2009-05-10,0.16,19.05,15.22,24.26,nasa,0.82
2009-05-11,4.64,19.01,14.93,24.22,nasa,0.82
2009-05-12,0.17,19.01,15.14,24.06,nasa,0.82
2009-05-13,0.0,18.61,14.64,23.66,nasa,0.81
2009-05-14,0.0,18.79,14.33,23.93,nasa,0.81
2009-05-15,0.37,19.7,15.68,24.32,nasa,0.81
2009-05-16,0.66,16.92,13.51,18.6,nasa,0.81
2009-05-17,0.12,15.49,12.42,19.69,nasa,0.81
2009-05-18,0.04,16.47,12.93,21.6,nasa,0.81
2009-05-19,0.0,15.97,12.32,21.69,nasa,0.8
2009-05-20,0.07,15.41,12.5,19.91,nasa,0.8
2009-05-21,0.38,15.95,12.64,21.6,nasa,0.8
2009-05-22,0.03,15.35,11.31,21.1,nasa,0.8
2009-05-23,0.0,15.84,10.66,21.8,nasa,0.79
2009-05-24,0.0,16.14,11.27,22.0,nasa,0.79
2009-05-25,0.0,16.72,11.92,22.83,nasa,0.79
2009-05-26,0.0,17.85,11.89,23.78,nasa,0.79
2009-05-27,0.0,19.07,13.99,25.37,nasa,0.78
2009-05-28,0.0,19.06,13.37,24.67,nasa,0.78
2009-05-29,1.17,18.34,14.87,23.64,nasa,0.78
2009-05-30,0.17,17.11,14.4,21.61,nasa,0.78
2009-05-31,0.0,17.82,13.91,22.66,nasa,0.78
2009-06-01,1.21,19.58,15.62,24.39,nasa,0.77
2009-06-02,1.55,17.11,14.2,21.28,nasa,0.77
2009-06-03,0.3,14.3,10.7,19.13,nasa,0.77
2009-06-04,0.0,13.44,8.81,19.55,nasa,0.77
2009-06-05,0.06,16.4,11.09,23.31,nasa,0.77
2009-06-06,0.42,18.15,14.31,24.15,nasa,0.77
2009-06-07,0.11,15.29,12.66,19.63,nasa,0.76
2009-06-08,0.0,14.18,10.98,18.67,nasa,0.76
2009-06-09,0.0,15.67,10.87,21.5,nasa,0.76
2009-06-10,0.0,16.6,11.7,22.9,nasa,0.76
2009-06-11,2.51,18.36,13.1,23.69,nasa,0.76
2009-06-12,16.97,17.54,14.29,22.29,nasa,0.77
2009-06-13,2.37,13.68,10.47,16.55,nasa,0.79
2009-06-14,0.03,13.4,9.7,19.26,nasa,0.78
2009-06-15,0.0,14.43,10.25,20.17,nasa,0.78
2009-06-16,0.0,14.82,9.83,20.95,nasa,0.77
2009-06-17,0.0,17.18,12.17,23.23,nasa,0.77
2009-06-18,0.02,17.45,14.11,22.61,nasa,0.77
2009-06-19,0.05,16.49,13.14,21.75,nasa,0.76
2009-06-20,0.02,15.87,12.83,20.77,nasa,0.76
2009-06-21,0.0,14.93,11.27,20.78,nasa,0.76
2009-06-22,0.0,16.18,11.99,21.56,nasa,0.75
2009-06-23,0.0,14.93,9.71,20.91,nasa,0.75
2009-06-24,0.0,17.13,11.72,22.78,nasa,0.75
2009-06-25,0.05,17.6,12.16,22.99,nasa,0.74
2009-06-26,1.32,17.14,14.25,21.79,nasa,0.74
2009-06-27,6.09,15.92,14.01,19.1,nasa,0.75
2009-06-28,1.55,15.92,13.56,20.13,nasa,0.76
2009-06-29,0.0,16.13,12.69,21.3,nasa,0.76
2009-06-30,0.0,16.04,11.3,22.44,nasa,0.75
2009-07-01,0.0,17.66,11.03,24.03,nasa,0.75
2009-07-02,0.04,18.61,14.05,24.43,nasa,0.74
2009-07-03,3.63,18.15,14.36,23.63,nasa,0.74
2009-07-04,6.35,17.28,13.34,22.42,nasa,0.75
2009-07-05,3.21,16.18,13.82,20.06,nasa,0.75
2009-07-06,0.46,15.15,12.1,20.21,nasa,0.75
2009-07-07,0.01,15.58,11.04,21.52,nasa,0.75
2009-07-08,0.0,16.18,12.05,22.11,nasa,0.74
2009-07-09,0.0,16.32,12.57,22.53,nasa,0.74
2009-07-10,0.0,17.3,13.46,23.29,nasa,0.74
2009-07-11,0.0,18.28,13.98,23.72,nasa,0.73
2009-07-12,0.03,18.0,14.1,22.96,nasa,0.73
2009-07-13,0.0,16.34,11.35,22.81,nasa,0.73
2009-07-14,0.0,17.19,12.84,24.0,nasa,0.72
2009-07-15,0.73,15.62,12.72,20.14,nasa,0.72
2009-07-16,0.52,16.62,12.98,22.21,nasa,0.72
2009-07-17,0.0,17.36,13.16,23.17,nasa,0.72
2009-07-18,0.0,17.64,13.38,23.43,nasa,0.72
2009-07-19,6.78,17.59,13.63,23.05,nasa,0.72
2009-07-20,3.28,14.34,12.22,17.86,nasa,0.73
2009-07-21,0.24,15.41,11.66,20.83,nasa,0.73
2009-07-22,0.0,17.58,13.04,23.94,nasa,0.73
2009-07-23,0.0,18.43,13.88,24.92,nasa,0.72
2009-07-24,0.02,19.2,14.61,26.06,nasa,0.72
2009-07-25,0.07,18.33,13.9,24.49,nasa,0.71
2009-07-26,0.1,19.13,14.88,24.47,nasa,0.71
2009-07-27,0.0,19.13,13.58,25.48,nasa,0.71
2009-07-28,0.0,18.23,13.52,25.41,nasa,0.7
2009-07-29,0.0,18.56,13.42,25.81,nasa,0.7
2009-07-30,0.15,18.54,13.27,25.87,nasa,0.7
2009-07-31,0.07,17.76,13.14,23.99,nasa,0.7
2009-08-01,0.0,17.65,12.01,24.68,nasa,0.69
2009-08-02,0.0,18.28,14.03,24.85,nasa,0.69
2009-08-03,0.0,18.88,14.85,25.02,nasa,0.69
2009-08-04,0.0,18.6,14.53,24.76,nasa,0.68
2009-08-05,0.0,18.15,13.24,25.02,nasa,0.68
2009-08-06,0.0,18.87,14.06,25.9,nasa,0.68
2009-08-07,0.0,19.26,14.37,26.71,nasa,0.68
2009-08-08,0.0,17.56,12.47,24.96,nasa,0.67
2009-08-09,0.0,17.13,12.35,24.04,nasa,0.67
2009-08-10,0.0,18.9,14.09,25.88,nasa,0.67
2009-08-11,0.0,15.95,12.19,21.09,nasa,0.67
2009-08-12,0.16,15.78,12.34,22.1,nasa,0.67
2009-08-13,0.22,15.16,10.95,22.33,nasa,0.67
2009-08-14,0.03,16.77,10.75,24.15,nasa,0.67
2009-08-15,0.22,17.19,12.48,24.07,nasa,0.66
2009-08-16,0.55,17.17,12.78,23.9,nasa,0.66
2009-08-17,0.06,17.66,12.75,24.36,nasa,0.66
2009-08-18,0.0,18.47,14.13,25.25,nasa,0.66
2009-08-19,0.0,19.93,14.91,26.54,nasa,0.66
2009-08-20,5.4,21.02,16.23,27.26,nasa,0.66
2009-08-21,4.04,18.66,12.59,25.21,nasa,0.67
2009-08-22,0.18,14.33,12.06,18.53,nasa,0.67
2009-08-23,0.08,16.25,11.92,22.63,nasa,0.67
2009-08-24,0.07,18.3,12.75,24.37,nasa,0.66
2009-08-25,7.75,18.55,15.91,23.19,nasa,0.67
2009-08-26,3.74,16.37,14.81,19.45,nasa,0.68
2009-08-27,0.85,16.6,14.31,20.66,nasa,0.68
2009-08-28,0.26,18.16,14.22,24.38,nasa,0.68
2009-08-29,0.02,17.76,13.31,24.9,nasa,0.68
2009-08-30,0.0,16.36,10.55,24.17,nasa,0.67
2009-08-31,0.0,17.77,11.64,25.38,nasa,0.67
2009-09-01,0.0,19.63,13.44,27.56,nasa,0.66
2009-09-02,0.01,21.57,15.75,29.04,nasa,0.66
2009-09-03,0.0,21.77,16.36,29.22,nasa,0.65
2009-09-04,0.26,22.79,17.08,30.24,nasa,0.65
2009-09-05,3.95,22.41,17.8,28.45,nasa,0.65
2009-09-06,4.08,20.48,17.88,24.37,nasa,0.66
2009-09-07,0.2,20.98,17.96,26.37,nasa,0.66
2009-09-08,0.01,21.94,16.93,29.1,nasa,0.66
2009-09-09,0.0,21.11,15.84,28.59,nasa,0.65
2009-09-10,0.09,20.06,14.91,27.42,nasa,0.65
2009-09-11,1.29,19.8,14.71,26.92,nasa,0.65
2009-09-12,0.31,19.98,13.9,27.35,nasa,0.64
2009-09-13,0.01,20.63,14.69,28.53,nasa,0.64
2009-09-14,1.86,20.92,15.0,29.19,nasa,0.64
2009-09-15,4.66,20.01,15.62,26.99,nasa,0.65
2009-09-16,0.0,19.66,14.43,27.29,nasa,0.65
2009-09-17,0.0,20.43,14.21,29.27,nasa,0.64
2009-09-18,0.0,21.74,14.92,30.06,nasa,0.64
2009-09-19,0.37,23.46,16.86,31.79,nasa,0.64
2009-09-20,10.85,23.23,18.3,30.6,nasa,0.64
2009-09-21,20.6,20.1,18.07,24.06,nasa,0.67
2009-09-22,2.01,20.98,18.21,25.65,nasa,0.69
2009-09-23,1.24,20.53,18.44,24.2,nasa,0.68
2009-09-24,1.45,20.24,14.92,26.08,nasa,0.68
2009-09-25,0.21,17.26,13.06,23.97,nasa,0.67
2009-09-26,0.0,19.07,12.1,26.76,nasa,0.67
2009-09-27,0.0,20.93,14.38,28.93,nasa,0.66
2009-09-28,0.0,23.03,17.05,30.66,nasa,0.65
2009-09-29,11.87,22.63,16.67,31.94,nasa,0.65
2009-09-30,12.89,17.06,12.83,23.47,nasa,0.69
2009-10-01,0.05,16.24,11.71,22.99,nasa,0.68
2009-10-02,0.0,20.18,12.59,28.95,nasa,0.67
2009-10-03,4.28,21.08,15.83,28.14,nasa,0.67
2009-10-04,1.31,20.7,17.3,26.06,nasa,0.67
2009-10-05,0.07,21.02,16.28,27.01,nasa,0.67
2009-10-06,0.0,23.19,15.89,30.34,nasa,0.66
2009-10-07,0.35,23.14,16.98,30.32,nasa,0.66
2009-10-08,8.28,21.38,17.84,27.3,nasa,0.65
2009-10-09,1.68,18.4,15.12,22.41,nasa,0.67
2009-10-10,0.51,18.56,14.32,24.82,nasa,0.66
2009-10-11,0.07,19.47,14.35,26.84,nasa,0.66
2009-10-12,0.0,21.65,14.71,28.8,nasa,0.65
2009-10-13,0.24,22.34,16.33,29.72,nasa,0.65
2009-10-14,0.06,22.18,18.06,28.08,nasa,0.65
2009-10-15,1.66,23.73,18.67,29.98,nasa,0.64
2009-10-16,9.38,22.3,18.49,27.65,nasa,0.65
2009-10-17,8.79,21.39,17.64,27.98,nasa,0.66
2009-10-18,0.88,23.93,18.87,29.5,nasa,0.67
2009-10-19,16.37,22.12,19.72,26.45,nasa,0.67
2009-10-20,1.78,22.13,19.01,26.74,nasa,0.69
2009-10-21,10.48,21.98,18.26,28.05,nasa,0.69
2009-10-22,6.64,21.03,17.54,25.76,nasa,0.7
2009-10-23,2.11,21.59,17.87,26.84,nasa,0.7
2009-10-24,0.0,22.42,15.97,29.22,nasa,0.68
2009-10-25,0.27,23.61,17.19,30.2,nasa,0.67
2009-10-26,0.53,23.44,18.7,29.26,nasa,0.67
2009-10-27,16.63,21.54,17.94,26.24,nasa,0.67
2009-10-28,38.06,19.52,17.37,22.45,nasa,0.72
2009-10-29,28.39,18.73,16.7,21.32,nasa,0.77
2009-10-30,29.77,18.28,16.13,20.88,nasa,0.81
2009-10-31,17.17,19.74,16.27,24.42,nasa,0.81
2009-11-01,6.98,20.31,17.9,25.32,nasa,0.8
2009-11-02,4.8,20.97,18.58,25.69,nasa,0.79
2009-11-03,0.96,20.84,18.34,25.59,nasa,0.77
2009-11-04,0.07,21.28,17.46,26.63,nasa,0.75
2009-11-05,0.0,21.89,17.61,27.92,nasa,0.74
2009-11-06,0.01,22.33,17.34,28.57,nasa,0.73
2009-11-07,0.22,22.22,17.72,28.11,nasa,0.72
2009-11-08,0.69,23.14,17.28,29.09,nasa,0.71
2009-11-09,8.86,23.01,19.52,27.58,nasa,0.71
2009-11-10,4.13,21.92,19.8,25.01,nasa,0.73
2009-11-11,0.36,22.12,18.9,26.35,nasa,0.72
2009-11-12,3.76,21.4,18.48,25.23,nasa,0.72
2009-11-13,0.36,21.79,17.95,27.65,nasa,0.72
2009-11-14,0.0,21.57,16.42,27.86,nasa,0.71
2009-11-15,5.78,23.13,18.11,28.67,nasa,0.71
2009-11-16,14.02,22.5,18.42,26.81,nasa,0.73
2009-11-17,1.62,19.53,16.19,24.36,nasa,0.74
2009-11-18,0.1,20.87,14.28,27.31,nasa,0.73
2009-11-19,0.0,22.71,18.33,27.87,nasa,0.71
2009-11-20,0.0,22.84,18.23,28.94,nasa,0.71
2009-11-21,0.12,22.25,17.15,29.15,nasa,0.7
2009-11-22,2.33,22.07,16.88,28.84,nasa,0.69
2009-11-23,0.0,22.94,17.24,29.3,nasa,0.69
2009-11-24,1.7,23.53,18.53,29.14,nasa,0.68
2009-11-25,0.03,23.63,18.44,29.76,nasa,0.68
2009-11-26,0.0,22.7,18.21,28.56,nasa,0.67
2009-11-27,5.87,23.78,19.03,29.26,nasa,0.67
2009-11-28,4.83,23.95,18.45,30.1,nasa,0.68
2009-11-29,4.63,22.67,19.23,27.35,nasa,0.68
2009-11-30,10.19,22.57,17.72,27.88,nasa,0.69
2009-12-01,1.13,22.31,19.4,26.77,nasa,0.7
2009-12-02,1.62,21.51,18.81,25.39,nasa,0.69
2009-12-03,10.97,22.48,18.59,26.96,nasa,0.69
2009-12-04,56.67,21.28,19.75,23.59,nasa,0.74
2009-12-05,69.26,19.9,18.17,21.15,nasa,0.83
2009-12-06,4.27,20.62,17.62,24.59,nasa,0.85
2009-12-07,2.38,22.25,18.54,26.74,nasa,0.81
2009-12-08,2.03,22.52,17.74,27.37,nasa,0.79
2009-12-09,9.09,21.84,19.01,25.83,nasa,0.78
2009-12-10,0.96,22.2,19.03,26.11,nasa,0.78
2009-12-11,0.0,22.43,17.71,28.26,nasa,0.77
2009-12-12,0.0,22.28,16.75,28.08,nasa,0.76
2009-12-13,15.57,23.24,17.44,29.55,nasa,0.75
2009-12-14,27.45,19.03,16.43,22.92,nasa,0.79
2009-12-15,2.32,20.83,16.53,26.63,nasa,0.8
2009-12-16,0.01,22.3,17.95,27.36,nasa,0.78
2009-12-17,0.79,22.24,17.72,27.18,nasa,0.77
2009-12-18,20.88,21.33,17.56,25.16,nasa,0.78
2009-12-19,11.3,20.8,17.76,24.83,nasa,0.8
2009-12-20,1.36,21.15,16.75,26.6,nasa,0.8
2009-12-21,0.01,20.96,17.2,26.3,nasa,0.78
2009-12-22,0.12,21.77,16.17,27.12,nasa,0.77
2009-12-23,0.28,22.27,17.31,27.37,nasa,0.76
2009-12-24,5.69,21.83,18.3,26.59,nasa,0.76
2009-12-25,0.73,21.8,18.23,26.23,nasa,0.76
2009-12-26,11.97,21.96,18.93,26.05,nasa,0.76
2009-12-27,11.95,22.84,20.23,26.5,nasa,0.78
2009-12-28,11.52,22.15,20.63,24.91,nasa,0.79
2009-12-29,3.66,22.5,20.18,26.1,nasa,0.8
2009-12-30,11.66,22.85,20.62,25.9,nasa,0.79
2009-12-31,24.2,22.61,19.76,26.36,nasa,0.81
2010-01-01,1.73,22.12,18.38,26.84,nasa,0.82
2010-01-02,0.0,21.23,17.1,26.78,nasa,0.8
2010-01-03,0.67,22.03,15.91,28.12,nasa,0.79
2010-01-04,1.99,22.88,18.25,28.11,nasa,0.78
2010-01-05,0.13,23.03,18.28,28.0,nasa,0.77
2010-01-06,18.58,21.74,19.36,25.01,nasa,0.78
2010-01-07,1.37,22.35,18.88,26.88,nasa,0.79
2010-01-08,0.13,22.96,18.42,28.41,nasa,0.78
2010-01-09,0.0,22.97,18.59,28.77,nasa,0.77
2010-01-10,0.38,22.55,17.8,28.12,nasa,0.76
2010-01-11,0.12,22.88,18.18,28.47,nasa,0.75
2010-01-12,0.0,22.98,18.15,28.64,nasa,0.74
2010-01-13,0.0,22.96,18.39,28.12,nasa,0.73
2010-01-14,0.13,23.52,18.8,28.49,nasa,0.73
2010-01-15,9.22,23.09,19.13,28.35,nasa,0.73
2010-01-16,1.86,22.67,18.77,27.56,nasa,0.74
2010-01-17,0.0,21.76,17.97,26.46,nasa,0.73
2010-01-18,0.0,21.95,17.33,26.6,nasa,0.73
2010-01-19,0.0,22.32,19.62,25.99,nasa,0.72
2010-01-20,0.0,22.66,18.7,27.68,nasa,0.72
2010-01-21,0.02,23.53,18.63,29.08,nasa,0.71
2010-01-22,4.15,22.71,19.14,27.46,nasa,0.71
2010-01-23,1.05,23.1,18.97,28.72,nasa,0.71
2010-01-24,0.3,23.06,18.61,28.5,nasa,0.7
2010-01-25,0.07,22.72,18.42,27.88,nasa,0.7
2010-01-26,0.0,22.29,18.41,28.13,nasa,0.69
2010-01-27,0.13,22.42,18.48,27.96,nasa,0.69
2010-01-28,0.0,22.56,17.0,29.23,nasa,0.68
2010-01-29,0.0,23.25,18.04,29.59,nasa,0.67
2010-01-30,0.0,23.55,17.44,30.1,nasa,0.67
2010-01-31,0.07,23.69,18.77,29.65,nasa,0.66
2010-02-01,0.01,23.35,18.77,29.25,nasa,0.66
2010-02-02,0.0,23.79,17.59,30.74,nasa,0.66
2010-02-03,0.0,23.34,18.32,29.52,nasa,0.66
2010-02-04,0.36,23.49,18.68,30.22,nasa,0.65
2010-02-05,4.06,22.33,15.9,29.16,nasa,0.65
2010-02-06,0.75,22.21,17.41,27.81,nasa,0.66
2010-02-07,0.35,23.1,18.24,29.02,nasa,0.66
2010-02-08,0.04,24.44,17.4,31.44,nasa,0.65
2010-02-09,0.02,23.19,19.28,28.67,nasa,0.65
2010-02-10,0.27,22.83,18.44,28.45,nasa,0.65
2010-02-11,2.06,22.55,17.53,29.2,nasa,0.65
2010-02-12,0.21,23.46,17.66,30.93,nasa,0.65
2010-02-13,0.0,23.76,17.7,31.51,nasa,0.65
2010-02-14,0.21,24.27,18.52,32.19,nasa,0.64
2010-02-15,0.3,23.82,18.64,29.86,nasa,0.64
2010-02-16,0.03,24.06,18.62,30.51,nasa,0.64
2010-02-17,0.0,25.65,18.7,33.75,nasa,0.63
2010-02-18,3.19,23.11,19.77,28.81,nasa,0.64
2010-02-19,0.24,23.36,18.65,29.75,nasa,0.64
2010-02-20,3.74,23.03,17.33,29.19,nasa,0.64
2010-02-21,1.23,23.16,16.09,31.22,nasa,0.64
2010-02-22,4.46,24.42,18.43,31.02,nasa,0.64
2010-02-23,0.11,24.8,18.34,31.98,nasa,0.64
2010-02-24,0.02,26.01,19.14,32.79,nasa,0.64
2010-02-25,17.1,24.45,20.13,30.28,nasa,0.64
2010-02-26,8.78,21.77,18.55,25.48,nasa,0.68
2010-02-27,0.63,21.03,17.51,26.96,nasa,0.67
2010-02-28,1.14,21.19,17.29,26.67,nasa,0.67
2010-03-01,17.91,20.22,17.2,24.66,nasa,0.68
2010-03-02,9.54,19.83,16.3,25.25,nasa,0.7
2010-03-03,2.96,21.18,17.68,26.61,nasa,0.7
2010-03-04,17.52,21.43,19.13,25.11,nasa,0.71
2010-03-05,12.03,21.6,18.92,26.71,nasa,0.72
2010-03-06,6.66,21.21,18.62,25.12,nasa,0.73
2010-03-07,1.24,21.7,18.63,26.22,nasa,0.72
2010-03-08,4.58,23.74,19.1,28.32,nasa,0.71
2010-03-09,1.53,23.86,19.92,28.25,nasa,0.71
2010-03-10,8.46,23.84,20.09,28.74,nasa,0.71
2010-03-11,27.77,23.89,18.81,28.92,nasa,0.72
2010-03-12,6.21,24.77,19.52,29.72,nasa,0.74
2010-03-13,1.65,24.24,19.65,29.72,nasa,0.73
2010-03-14,1.76,22.89,20.83,25.88,nasa,0.72
2010-03-15,13.12,23.21,19.53,27.19,nasa,0.72
2010-03-16,11.9,21.67,19.48,25.02,nasa,0.73
2010-03-17,2.47,20.49,18.73,23.42,nasa,0.74
2010-03-18,1.74,21.31,18.12,26.66,nasa,0.73
2010-03-19,4.91,20.41,16.23,24.72,nasa,0.73
2010-03-20,3.46,22.12,17.88,26.86,nasa,0.73
2010-03-21,13.03,21.87,18.39,26.32,nasa,0.73
2010-03-22,3.01,22.63,18.79,27.79,nasa,0.74
2010-03-23,0.35,22.96,19.02,27.63,nasa,0.73
2010-03-24,0.07,22.28,18.61,27.19,nasa,0.72
2010-03-25,1.98,21.77,17.38,27.47,nasa,0.71
2010-03-26,10.4,21.2,17.28,25.77,nasa,0.71
2010-03-27,8.89,21.72,18.0,26.11,nasa,0.72
2010-03-28,1.88,22.01,18.36,27.27,nasa,0.73
2010-03-29,0.0,22.61,18.72,27.7,nasa,0.72
2010-03-30,5.44,23.13,18.47,28.13,nasa,0.71
2010-03-31,6.08,21.4,18.36,25.03,nasa,0.72
2010-04-01,6.1,20.19,16.76,24.57,nasa,0.72
2010-04-02,6.19,20.33,17.67,23.79,nasa,0.73
2010-04-03,7.89,20.89,18.01,24.34,nasa,0.73
2010-04-04,6.58,21.27,18.5,24.97,nasa,0.74
2010-04-05,25.26,21.3,18.98,24.62,nasa,0.76
2010-04-06,26.12,20.2,16.75,24.03,nasa,0.79
2010-04-07,2.85,17.0,13.0,21.45,nasa,0.8
2010-04-08,0.01,16.06,12.57,20.88,nasa,0.78
2010-04-09,0.01,16.54,13.07,21.26,nasa,0.76
2010-04-10,0.19,16.39,12.15,21.55,nasa,0.75
2010-04-11,0.34,16.87,13.35,21.71,nasa,0.75
2010-04-12,3.21,17.12,13.9,21.54,nasa,0.74
2010-04-13,0.45,17.34,13.79,22.52,nasa,0.74
2010-04-14,1.22,18.14,14.58,23.06,nasa,0.73
2010-04-15,0.91,18.66,15.0,24.22,nasa,0.73
2010-04-16,2.87,19.44,13.8,25.49,nasa,0.73
2010-04-17,1.81,20.03,16.04,24.83,nasa,0.73
2010-04-18,0.21,20.09,16.65,25.4,nasa,0.72
2010-04-19,0.02,19.73,16.08,25.04,nasa,0.72
2010-04-20,0.01,19.54,14.83,25.93,nasa,0.71
2010-04-21,0.0,20.3,15.05,26.16,nasa,0.71
2010-04-22,0.0,20.89,15.68,26.88,nasa,0.7
2010-04-23,0.0,22.02,16.47,27.8,nasa,0.7
2010-04-24,0.0,22.33,18.86,27.41,nasa,0.69
2010-04-25,0.0,21.08,17.31,26.5,nasa,0.69
2010-04-26,0.04,20.95,16.56,26.46,nasa,0.69
2010-04-27,0.01,22.15,17.77,27.53,nasa,0.68
2010-04-28,0.31,20.92,17.81,26.16,nasa,0.68
2010-04-29,1.81,19.37,16.72,24.22,nasa,0.68
2010-04-30,9.55,17.96,15.56,22.44,nasa,0.69
2010-05-01,5.36,18.24,14.89,23.32,nasa,0.7
2010-05-02,0.41,18.73,14.78,24.3,nasa,0.7
2010-05-03,0.0,18.22,13.23,23.98,nasa,0.7
2010-05-04,0.0,16.77,11.03,23.79,nasa,0.69
2010-05-05,0.0,18.25,12.35,24.91,nasa,0.69
2010-05-06,0.0,19.7,14.37,26.73,nasa,0.68
2010-05-07,0.0,20.38,14.74,26.9,nasa,0.68
2010-05-08,0.0,19.79,13.96,26.5,nasa,0.67
2010-05-09,11.34,19.84,14.84,26.38,nasa,0.68
2010-05-10,9.9,16.23,14.06,19.83,nasa,0.7
2010-05-11,4.76,15.22,12.53,18.75,nasa,0.71
2010-05-12,2.7,18.6,13.94,24.01,nasa,0.71
2010-05-13,0.54,17.55,11.65,23.89,nasa,0.71
2010-05-14,0.0,15.6,9.85,22.94,nasa,0.7
2010-05-15,0.0,17.97,13.59,24.1,nasa,0.69
2010-05-16,0.0,18.92,11.75,24.99,nasa,0.69
2010-05-17,0.0,18.22,13.31,24.44,nasa,0.68
2010-05-18,0.0,18.35,14.5,24.28,nasa,0.68
2010-05-19,0.08,19.37,15.29,25.72,nasa,0.68
2010-05-20,0.45,19.27,16.09,24.06,nasa,0.67
2010-05-21,5.07,18.53,14.85,23.85,nasa,0.68
2010-05-22,4.18,17.95,14.22,23.58,nasa,0.68
2010-05-23,0.71,18.68,15.03,24.13,nasa,0.68
2010-05-24,0.06,19.07,15.42,25.11,nasa,0.68
2010-05-25,0.0,19.4,14.79,25.72,nasa,0.67
2010-05-26,0.12,19.08,15.57,24.32,nasa,0.67
2010-05-27,4.68,18.19,15.79,22.63,nasa,0.67
2010-05-28,1.3,17.06,13.68,21.99,nasa,0.68
2010-05-29,0.11,17.25,12.94,23.14,nasa,0.67
2010-05-30,0.02,17.77,13.14,23.83,nasa,0.67
2010-05-31,0.4,18.9,14.4,25.91,nasa,0.67
2010-06-01,0.35,15.23,12.72,18.97,nasa,0.67
2010-06-02,0.7,14.64,11.76,18.52,nasa,0.67
2010-06-03,2.66,14.85,11.98,19.87,nasa,0.67
2010-06-04,1.29,15.45,11.9,21.04,nasa,0.67
2010-06-05,0.01,16.95,11.91,22.59,nasa,0.67
2010-06-06,0.01,15.68,10.66,21.76,nasa,0.66
2010-06-07,0.0,14.6,8.12,23.01,nasa,0.66
2010-06-08,0.0,15.33,10.4,23.64,nasa,0.66
2010-06-09,0.0,14.97,10.33,21.84,nasa,0.66
2010-06-10,0.0,16.35,11.82,23.11,nasa,0.66
2010-06-11,0.16,16.99,11.93,23.97,nasa,0.65
2010-06-12,0.19,12.96,7.4,18.14,nasa,0.65
2010-06-13,0.0,13.01,8.14,18.92,nasa,0.65
2010-06-14,0.0,13.32,8.27,20.44,nasa,0.65
2010-06-15,0.0,15.0,9.29,22.44,nasa,0.65
2010-06-16,0.0,15.69,10.29,23.58,nasa,0.65
2010-06-17,0.0,17.59,10.23,26.13,nasa,0.65
2010-06-18,0.0,18.36,12.54,26.2,nasa,0.65
2010-06-19,0.0,16.2,11.27,23.95,nasa,0.64
2010-06-20,0.0,17.49,10.77,26.78,nasa,0.64
2010-06-21,0.0,19.11,12.42,28.67,nasa,0.64
2010-06-22,0.02,19.14,12.01,28.21,nasa,0.64
2010-06-23,0.57,16.92,13.75,21.95,nasa,0.64
2010-06-24,0.09,16.72,12.48,23.95,nasa,0.64
2010-06-25,0.0,16.89,11.34,24.82,nasa,0.64
2010-06-26,0.24,16.42,11.76,24.22,nasa,0.64
2010-06-27,0.51,16.72,12.33,23.66,nasa,0.64
2010-06-28,0.07,17.63,12.21,25.57,nasa,0.64
2010-06-29,0.0,16.45,12.21,24.28,nasa,0.63
2010-06-30,0.0,15.65,10.61,23.73,nasa,0.63
2010-07-01,0.01,15.6,10.72,23.46,nasa,0.63
2010-07-02,0.44,16.39,11.63,23.28,nasa,0.63
2010-07-03,1.17,16.57,11.76,23.49,nasa,0.63
2010-07-04,0.33,16.42,12.85,23.05,nasa,0.63
2010-07-05,0.55,17.04,13.09,23.98,nasa,0.63
2010-07-06,0.01,16.16,10.86,23.92,nasa,0.63
2010-07-07,0.0,15.75,10.15,24.06,nasa,0.63
2010-07-08,0.0,17.47,11.44,25.37,nasa,0.63
2010-07-09,0.54,18.54,13.68,25.67,nasa,0.63
2010-07-10,7.53,18.11,15.82,22.43,nasa,0.63
2010-07-11,2.14,18.45,14.47,24.56,nasa,0.64
2010-07-12,0.04,18.48,15.13,25.02,nasa,0.64
2010-07-13,0.0,19.57,15.55,26.52,nasa,0.64
2010-07-14,0.11,19.76,14.81,26.89,nasa,0.64
2010-07-15,0.1,18.61,14.65,24.76,nasa,0.64
2010-07-16,0.27,19.36,15.71,25.68,nasa,0.63
2010-07-17,0.44,17.6,13.47,23.66,nasa,0.63
2010-07-18,1.63,17.22,13.84,23.1,nasa,0.63
2010-07-19,0.11,16.02,12.59,21.86,nasa,0.63
2010-07-20,0.0,17.51,11.76,25.94,nasa,0.63
2010-07-21,0.0,17.17,12.71,25.05,nasa,0.63
2010-07-22,0.06,17.98,12.85,25.73,nasa,0.63
2010-07-23,0.0,19.0,13.43,27.84,nasa,0.63
2010-07-24,0.51,17.06,12.46,24.07,nasa,0.62
2010-07-25,0.61,16.61,11.97,23.83,nasa,0.62
2010-07-26,0.0,17.31,11.41,25.42,nasa,0.62
2010-07-27,0.1,17.54,12.95,24.18,nasa,0.62
2010-07-28,0.17,17.42,13.23,23.87,nasa,0.62
2010-07-29,0.11,17.38,12.08,25.49,nasa,0.62
2010-07-30,0.03,17.56,12.55,25.1,nasa,0.62
2010-07-31,0.0,16.84,10.48,25.42,nasa,0.62
2010-08-01,0.0,18.57,11.58,27.18,nasa,0.62
2010-08-02,0.0,18.24,12.62,26.64,nasa,0.62
2010-08-03,0.0,18.27,12.17,26.58,nasa,0.61
2010-08-04,0.0,18.35,13.44,25.72,nasa,0.61
2010-08-05,0.0,19.47,13.43,27.52,nasa,0.61
2010-08-06,0.07,17.99,13.08,25.44,nasa,0.61
2010-08-07,0.01,16.02,11.29,24.34,nasa,0.61
2010-08-08,0.0,18.65,11.74,27.87,nasa,0.61
2010-08-09,0.01,19.52,11.94,29.98,nasa,0.61
2010-08-10,0.05,17.55,13.31,24.91,nasa,0.61
2010-08-11,0.31,15.18,12.21,20.62,nasa,0.61
2010-08-12,0.03,16.26,11.15,24.36,nasa,0.61
2010-08-13,0.01,17.67,11.91,26.09,nasa,0.61
2010-08-14,0.4,18.4,11.59,27.93,nasa,0.61
2010-08-15,5.4,13.75,10.01,18.43,nasa,0.61
2010-08-16,0.8,12.84,9.08,19.8,nasa,0.62
2010-08-17,0.01,12.4,6.93,19.18,nasa,0.62
2010-08-18,0.01,11.47,6.02,18.65,nasa,0.61
2010-08-19,0.0,13.28,5.98,22.31,nasa,0.61
2010-08-20,0.0,15.32,7.34,24.69,nasa,0.61
2010-08-21,0.0,16.14,9.25,26.04,nasa,0.61
2010-08-22,0.0,16.3,8.28,26.5,nasa,0.61
2010-08-23,0.0,17.84,11.43,27.18,nasa,0.61
2010-08-24,0.0,18.19,11.54,27.67,nasa,0.61
2010-08-25,0.0,19.01,12.08,28.78,nasa,0.6
2010-08-26,0.0,19.24,12.5,28.87,nasa,0.6
2010-08-27,0.0,20.55,13.85,30.07,nasa,0.6
2010-08-28,0.0,20.19,12.92,29.82,nasa,0.6
2010-08-29,0.0,20.5,14.4,29.62,nasa,0.6
2010-08-30,0.01,20.66,14.68,30.01,nasa,0.6
2010-08-31,0.42,19.72,14.65,28.23,nasa,0.6
2010-09-01,0.01,19.35,13.33,27.68,nasa,0.6
2010-09-02,0.0,19.91,13.3,29.43,nasa,0.6
2010-09-03,0.0,20.75,13.64,30.88,nasa,0.6
2010-09-04,0.0,19.8,12.5,29.68,nasa,0.6
2010-09-05,0.0,21.34,13.54,32.98,nasa,0.6
2010-09-06,0.0,18.46,14.33,25.81,nasa,0.6
2010-09-07,1.23,20.28,13.88,28.95,nasa,0.6
2010-09-08,2.7,19.65,14.34,27.34,nasa,0.6
2010-09-09,0.85,16.6,12.34,23.93,nasa,0.6
2010-09-10,0.25,16.23,11.99,24.07,nasa,0.6
2010-09-11,0.0,16.54,8.52,26.53,nasa,0.6
2010-09-12,0.0,17.87,9.74,28.28,nasa,0.6
2010-09-13,0.0,18.49,11.68,27.51,nasa,0.6
2010-09-14,0.0,19.81,12.19,29.16,nasa,0.6
2010-09-15,0.0,22.03,14.69,32.0,nasa,0.6
2010-09-16,0.0,21.97,15.67,30.27,nasa,0.6
2010-09-17,0.0,22.75,15.35,32.28,nasa,0.6
2010-09-18,0.58,21.44,15.45,31.65,nasa,0.6
2010-09-19,0.47,16.64,13.28,22.73,nasa,0.6
2010-09-20,0.3,18.72,12.65,26.87,nasa,0.6
2010-09-21,0.52,20.38,14.39,28.23,nasa,0.6
2010-09-22,0.24,21.03,15.39,29.38,nasa,0.6
2010-09-23,0.0,20.96,14.27,29.91,nasa,0.6
2010-09-24,0.03,21.54,15.19,29.88,nasa,0.6
2010-09-25,0.0,21.8,16.07,29.74,nasa,0.6
2010-09-26,0.0,22.34,15.64,30.8,nasa,0.6
2010-09-27,1.44,22.54,15.94,30.41,nasa,0.59
2010-09-28,8.82,21.15,17.29,26.47,nasa,0.6
2010-09-29,1.89,22.49,17.46,29.76,nasa,0.61
2010-09-30,0.24,24.26,19.11,31.03,nasa,0.61
2010-10-01,13.72,23.85,19.23,30.28,nasa,0.62
2010-10-02,0.73,24.55,19.5,31.3,nasa,0.64
2010-10-03,2.26,19.21,14.23,22.77,nasa,0.63
2010-10-04,0.64,19.04,13.82,27.27,nasa,0.63
2010-10-05,0.88,20.79,14.68,27.48,nasa,0.63
2010-10-06,0.11,22.52,16.79,30.36,nasa,0.62
2010-10-07,3.49,22.14,17.91,27.5,nasa,0.62
2010-10-08,0.55,23.99,18.64,31.74,nasa,0.62
2010-10-09,0.01,20.31,14.13,29.08,nasa,0.62
2010-10-10,0.0,18.51,13.2,27.56,nasa,0.62
2010-10-11,0.46,18.28,13.43,25.77,nasa,0.61
2010-10-12,0.41,16.98,11.61,24.18,nasa,0.61
2010-10-13,0.1,17.1,11.23,25.6,nasa,0.61
2010-10-14,0.0,20.15,12.74,29.28,nasa,0.61
2010-10-15,0.01,22.48,15.94,30.74,nasa,0.6
2010-10-16,0.02,23.57,17.31,31.52,nasa,0.6
2010-10-17,4.63,23.25,17.6,30.77,nasa,0.6
2010-10-18,24.82,22.33,17.69,29.11,nasa,0.62
2010-10-19,3.13,18.43,13.48,25.01,nasa,0.66
2010-10-20,0.06,18.86,12.64,28.03,nasa,0.65
2010-10-21,0.0,19.92,13.59,29.79,nasa,0.64
2010-10-22,0.0,21.18,14.14,30.82,nasa,0.63
2010-10-23,0.02,22.58,14.34,31.08,nasa,0.62
2010-10-24,0.33,22.79,16.56,29.33,nasa,0.62
2010-10-25,5.59,22.26,17.61,29.13,nasa,0.62
2010-10-26,36.59,20.33,15.48,24.54,nasa,0.65
2010-10-27,6.7,18.96,14.09,25.76,nasa,0.7
2010-10-28,0.01,19.39,13.15,27.0,nasa,0.68
2010-10-29,0.0,21.79,14.19,30.04,nasa,0.66
2010-10-30,4.74,23.64,16.91,31.26,nasa,0.66
2010-10-31,5.46,22.46,19.81,26.28,nasa,0.66
2010-11-01,28.34,21.28,17.78,25.27,nasa,0.67
2010-11-02,25.81,17.16,13.42,20.6,nasa,0.74
2010-11-03,0.66,17.46,12.9,23.18,nasa,0.73
2010-11-04,6.25,19.83,13.78,26.52,nasa,0.71
2010-11-05,5.62,21.04,16.59,26.56,nasa,0.71
2010-11-06,21.06,21.32,17.88,25.66,nasa,0.71
2010-11-07,19.17,20.23,18.01,23.29,nasa,0.74
2010-11-08,1.54,20.55,17.77,24.56,nasa,0.74
2010-11-09,3.17,21.56,18.38,26.98,nasa,0.72
2010-11-10,11.08,20.72,17.99,24.83,nasa,0.72
2010-11-11,25.75,18.48,14.43,22.74,nasa,0.74
2010-11-12,5.3,18.37,14.31,25.09,nasa,0.76
2010-11-13,8.91,17.4,13.89,22.83,nasa,0.75
2010-11-14,4.62,17.27,13.66,23.07,nasa,0.75
2010-11-15,6.05,18.17,15.49,22.14,nasa,0.75
2010-11-16,11.57,19.24,16.21,23.75,nasa,0.74
2010-11-17,28.31,20.15,17.69,23.91,nasa,0.77
2010-11-18,5.17,21.87,18.13,26.12,nasa,0.79
2010-11-19,0.08,22.5,17.09,28.97,nasa,0.76
2010-11-20,0.08,22.7,16.57,28.85,nasa,0.75
2010-11-21,0.21,22.55,18.69,27.63,nasa,0.73
2010-11-22,12.16,20.59,18.31,24.51,nasa,0.73
2010-11-23,50.77,21.54,18.54,25.82,nasa,0.8
2010-11-24,9.45,22.99,19.98,28.07,nasa,0.82
2010-11-25,17.54,22.76,19.56,27.14,nasa,0.81
2010-11-26,5.35,22.42,19.95,26.37,nasa,0.81
2010-11-27,0.67,21.46,17.57,26.35,nasa,0.8
2010-11-28,2.23,21.61,15.94,28.1,nasa,0.78
2010-11-29,0.3,21.97,18.49,26.61,nasa,0.77
2010-11-30,0.07,22.65,18.35,27.91,nasa,0.76
2010-12-01,18.61,22.33,18.89,26.35,nasa,0.77
2010-12-02,4.74,21.96,18.88,25.9,nasa,0.78
2010-12-03,26.66,22.85,18.87,26.96,nasa,0.79
2010-12-04,18.97,22.22,19.19,26.59,nasa,0.83
2010-12-05,6.53,23.45,18.79,28.67,nasa,0.82
2010-12-06,13.52,22.69,18.13,28.09,nasa,0.82
2010-12-07,12.43,21.84,19.87,24.13,nasa,0.83
2010-12-08,14.36,23.12,19.32,27.75,nasa,0.83
2010-12-09,5.31,23.22,18.74,28.05,nasa,0.83
2010-12-10,0.49,21.05,17.24,26.97,nasa,0.82
2010-12-11,0.57,21.65,16.3,27.98,nasa,0.81
2010-12-12,0.15,22.51,17.64,27.84,nasa,0.8
2010-12-13,1.05,23.26,17.74,28.49,nasa,0.79
2010-12-14,11.57,23.33,20.48,27.05,nasa,0.79
2010-12-15,17.01,22.77,20.28,26.3,nasa,0.82
2010-12-16,0.64,22.62,18.38,27.82,nasa,0.82
2010-12-17,0.28,21.79,17.31,27.12,nasa,0.8
2010-12-18,0.01,21.53,17.03,26.34,nasa,0.79
2010-12-19,0.0,22.19,17.13,27.96,nasa,0.79
2010-12-20,0.0,22.28,16.61,28.44,nasa,0.78
2010-12-21,0.0,23.22,17.08,29.49,nasa,0.77
2010-12-22,9.31,23.03,17.26,28.99,nasa,0.77
2010-12-23,9.66,22.37,18.15,27.19,nasa,0.78
2010-12-24,25.17,21.44,19.48,24.79,nasa,0.81
2010-12-25,20.57,22.27,19.21,26.62,nasa,0.83
2010-12-26,28.07,23.07,19.16,27.23,nasa,0.84
2010-12-27,18.69,21.98,20.26,24.26,nasa,0.87
2010-12-28,52.79,22.08,20.27,25.33,nasa,0.9
2010-12-29,41.64,21.07,18.33,24.64,nasa,0.92
2010-12-30,20.65,20.21,17.23,24.63,nasa,0.94
2010-12-31,14.34,20.02,17.38,23.32,nasa,0.92
2011-01-01,4.89,19.73,17.73,21.85,nasa,0.91
2011-01-02,1.07,20.24,18.05,24.0,nasa,0.9
2011-01-03,0.82,20.87,18.23,24.54,nasa,0.9
2011-01-04,15.6,20.61,18.8,22.62,nasa,0.9
2011-01-05,2.6,21.05,18.07,25.31,nasa,0.91
2011-01-06,0.31,20.69,17.43,24.3,nasa,0.9
2011-01-07,8.04,20.89,16.73,26.21,nasa,0.89
2011-01-08,0.32,20.88,17.08,26.05,nasa,0.89
2011-01-09,0.0,21.23,16.91,26.64,nasa,0.88
2011-01-10,0.15,21.44,15.92,26.63,nasa,0.88
2011-01-11,5.45,21.04,18.99,23.94,nasa,0.87
2011-01-12,1.03,21.87,19.25,25.41,nasa,0.88
2011-01-13,3.08,21.89,19.92,24.55,nasa,0.88
2011-01-14,23.03,22.57,20.14,25.76,nasa,0.89
2011-01-15,21.8,21.98,20.18,25.43,nasa,0.91
2011-01-16,0.45,22.6,18.97,27.28,nasa,0.91
2011-01-17,0.0,23.13,17.84,28.97,nasa,0.89
2011-01-18,0.0,22.9,18.46,28.18,nasa,0.88
2011-01-19,0.0,21.75,16.92,28.07,nasa,0.88
2011-01-20,0.0,22.19,16.47,28.1,nasa,0.87
2011-01-21,0.16,22.31,16.92,28.02,nasa,0.86
2011-01-22,0.76,22.26,18.05,27.15,nasa,0.85
2011-01-23,0.09,21.83,17.82,27.12,nasa,0.85
2011-01-24,0.04,20.26,16.04,25.63,nasa,0.84
2011-01-25,0.08,20.92,15.77,26.67,nasa,0.84
2011-01-26,5.72,21.58,17.15,26.46,nasa,0.84
2011-01-27,0.64,22.01,17.9,27.27,nasa,0.84
2011-01-28,0.0,22.36,18.16,27.71,nasa,0.83
2011-01-29,0.0,22.05,17.49,27.98,nasa,0.82
2011-01-30,0.0,22.53,16.76,28.79,nasa,0.81
2011-01-31,0.0,22.16,16.77,28.36,nasa,0.81
2011-02-01,0.0,21.91,16.95,27.47,nasa,0.8
2011-02-02,0.0,22.24,18.18,27.52,nasa,0.8
2011-02-03,0.0,21.21,17.54,25.65,nasa,0.79
2011-02-04,0.12,21.66,16.67,27.23,nasa,0.79
2011-02-05,0.18,21.94,17.31,27.58,nasa,0.79
2011-02-06,0.08,21.92,16.75,27.31,nasa,0.78
2011-02-07,0.89,22.01,17.59,27.74,nasa,0.77
2011-02-08,0.32,21.47,17.38,26.72,nasa,0.77
2011-02-09,0.04,21.69,17.03,27.53,nasa,0.76
2011-02-10,0.44,21.82,17.68,27.21,nasa,0.76
2011-02-11,0.61,22.27,16.89,27.86,nasa,0.75
2011-02-12,0.01,21.97,17.76,27.2,nasa,0.75
2011-02-13,0.0,20.59,16.97,24.91,nasa,0.74
2011-02-14,0.0,21.67,16.0,27.58,nasa,0.74
2011-02-15,0.01,22.14,17.6,27.32,nasa,0.73
2011-02-16,6.95,22.06,17.88,27.04,nasa,0.73
2011-02-17,0.88,21.41,18.14,26.19,nasa,0.74
2011-02-18,3.16,21.14,17.07,26.82,nasa,0.73
2011-02-19,3.42,21.12,16.93,26.29,nasa,0.74
2011-02-20,1.5,21.42,17.49,25.97,nasa,0.73
2011-02-21,5.36,22.15,17.31,27.41,nasa,0.73
2011-02-22,3.41,22.79,18.53,27.7,nasa,0.74
2011-02-23,20.52,21.97,18.06,26.85,nasa,0.75
2011-02-24,3.39,21.8,19.18,26.05,nasa,0.77
2011-02-25,6.67,21.97,18.55,26.49,nasa,0.77
2011-02-26,14.16,22.45,18.54,27.44,nasa,0.77
2011-02-27,21.6,22.4,19.42,26.68,nasa,0.79
2011-02-28,14.82,21.52,19.07,24.72,nasa,0.81
2011-03-01,8.05,21.74,19.23,25.39,nasa,0.81
2011-03-02,12.78,20.96,18.27,24.88,nasa,0.81
2011-03-03,14.35,19.55,17.04,22.4,nasa,0.82
2011-03-04,9.21,18.95,16.4,22.92,nasa,0.83
2011-03-05,18.27,19.44,17.36,23.07,nasa,0.83
2011-03-06,30.99,17.98,16.15,20.76,nasa,0.86
2011-03-07,27.02,19.26,16.39,21.84,nasa,0.88
2011-03-08,52.52,20.54,17.82,24.12,nasa,0.92
2011-03-09,9.3,19.99,17.62,22.58,nasa,0.92
2011-03-10,6.93,21.01,17.18,26.13,nasa,0.9
2011-03-11,6.98,21.84,18.34,26.4,nasa,0.89
2011-03-12,19.09,21.77,18.81,26.29,nasa,0.89
2011-03-13,8.11,21.78,19.94,24.82,nasa,0.9
2011-03-14,17.98,21.88,19.85,24.96,nasa,0.91
2011-03-15,19.26,22.32,19.27,25.86,nasa,0.92
2011-03-16,28.39,21.43,18.45,25.96,nasa,0.94
2011-03-17,7.07,20.64,17.62,25.76,nasa,0.94
2011-03-18,0.4,19.61,16.23,24.62,nasa,0.93
2011-03-19,0.01,20.44,15.76,26.5,nasa,0.92
2011-03-20,0.09,19.34,14.96,24.57,nasa,0.91
2011-03-21,1.05,19.76,16.32,24.5,nasa,0.91
2011-03-22,3.31,19.47,17.21,22.92,nasa,0.91
2011-03-23,5.12,19.87,16.88,24.15,nasa,0.91
2011-03-24,1.49,20.47,17.38,24.9,nasa,0.91
2011-03-25,1.96,21.58,16.82,27.27,nasa,0.9
2011-03-26,0.19,21.84,16.71,27.66,nasa,0.9
2011-03-27,0.0,22.31,17.07,28.16,nasa,0.89
2011-03-28,0.0,22.73,18.33,27.48,nasa,0.89
2011-03-29,0.98,22.65,17.84,27.76,nasa,0.88
2011-03-30,21.15,22.22,19.11,26.49,nasa,0.89
2011-03-31,21.97,21.62,18.85,25.14,nasa,0.92
2011-04-01,0.53,21.48,17.86,26.4,nasa,0.91
2011-04-02,2.63,21.55,16.62,26.93,nasa,0.9
2011-04-03,26.62,21.55,18.93,25.25,nasa,0.91
2011-04-04,15.6,21.39,19.29,25.1,nasa,0.93
2011-04-05,12.02,21.61,19.49,25.19,nasa,0.94
2011-04-06,4.16,19.72,17.05,22.34,nasa,0.94
2011-04-07,0.04,18.73,15.59,23.71,nasa,0.93
2011-04-08,0.0,18.88,14.91,23.88,nasa,0.92
2011-04-09,1.9,19.87,15.3,24.62,nasa,0.92
2011-04-10,0.12,18.79,16.12,22.2,nasa,0.92
2011-04-11,0.08,20.2,16.6,25.01,nasa,0.91
2011-04-12,0.03,20.94,16.62,25.92,nasa,0.91
2011-04-13,0.0,20.44,16.52,25.49,nasa,0.9
2011-04-14,0.0,20.89,17.02,25.78,nasa,0.9
2011-04-15,0.0,20.31,16.41,25.25,nasa,0.89
2011-04-16,0.04,20.01,16.76,24.06,nasa,0.89
2011-04-17,0.06,19.99,16.39,24.96,nasa,0.89
2011-04-18,0.59,19.79,16.38,24.54,nasa,0.88
2011-04-19,5.26,19.67,15.22,24.81,nasa,0.88
2011-04-20,6.92,19.71,16.21,23.97,nasa,0.89
2011-04-21,3.55,19.74,16.29,24.46,nasa,0.89
2011-04-22,0.18,20.21,16.59,25.02,nasa,0.89
2011-04-23,0.0,20.59,16.63,25.51,nasa,0.88
2011-04-24,0.1,20.23,16.41,25.36,nasa,0.87
2011-04-25,0.2,19.9,16.07,25.29,nasa,0.87
2011-04-26,1.98,19.02,16.18,23.1,nasa,0.87
2011-04-27,4.14,18.53,16.43,22.51,nasa,0.87
2011-04-28,2.78,18.25,15.72,21.72,nasa,0.87
2011-04-29,5.72,19.72,16.15,24.83,nasa,0.87
2011-04-30,0.55,19.75,15.95,24.75,nasa,0.87
2011-05-01,0.0,20.18,16.39,25.56,nasa,0.87
2011-05-02,0.05,20.49,16.24,25.37,nasa,0.86
2011-05-03,1.34,18.59,15.63,21.59,nasa,0.86
2011-05-04,0.03,18.12,14.8,23.71,nasa,0.86
2011-05-05,0.01,19.6,14.69,25.08,nasa,0.85
2011-05-06,0.19,19.75,16.48,24.86,nasa,0.85
2011-05-07,0.35,17.84,14.6,22.33,nasa,0.85
2011-05-08,0.12,17.43,13.46,22.93,nasa,0.84
2011-05-09,0.09,18.03,13.26,24.05,nasa,0.84
2011-05-10,2.83,18.0,14.3,22.41,nasa,0.84
2011-05-11,1.66,18.09,15.21,22.81,nasa,0.84
2011-05-12,0.01,18.28,14.35,23.72,nasa,0.84
2011-05-13,1.02,17.37,14.59,21.12,nasa,0.84
2011-05-14,0.6,16.58,13.89,21.0,nasa,0.84
2011-05-15,1.95,16.86,13.06,22.02,nasa,0.83
2011-05-16,0.81,17.2,14.0,22.31,nasa,0.83
2011-05-17,0.16,15.29,12.5,19.69,nasa,0.83
2011-05-18,0.06,14.7,11.19,19.22,nasa,0.83
2011-05-19,0.66,15.43,11.52,20.26,nasa,0.83
2011-05-20,5.05,15.65,12.74,19.34,nasa,0.83
2011-05-21,2.54,14.93,12.0,19.09,nasa,0.83
2011-05-22,0.51,14.67,11.36,20.02,nasa,0.83
2011-05-23,0.03,15.4,10.0,20.91,nasa,0.83
2011-05-24,0.0,15.52,10.02,22.26,nasa,0.82
2011-05-25,0.01,15.36,11.01,21.36,nasa,0.82
2011-05-26,0.02,15.85,10.28,22.18,nasa,0.81
2011-05-27,0.16,16.55,12.8,22.21,nasa,0.81
2011-05-28,0.14,15.72,12.83,20.39,nasa,0.81
2011-05-29,0.0,15.76,12.75,20.75,nasa,0.81
2011-05-30,0.0,15.32,11.72,20.8,nasa,0.81
2011-05-31,0.04,16.07,12.47,21.5,nasa,0.81
2011-06-01,0.0,16.86,12.8,22.19,nasa,0.8
2011-06-02,0.01,17.09,13.42,22.21,nasa,0.8
2011-06-03,0.0,17.37,12.99,22.65,nasa,0.8
2011-06-04,1.32,16.82,12.82,22.27,nasa,0.8
2011-06-05,0.15,12.75,8.24,17.39,nasa,0.8
2011-06-06,0.0,13.5,7.75,19.85,nasa,0.79
2011-06-07,0.19,15.17,10.97,20.54,nasa,0.79
2011-06-08,0.02,17.28,12.93,23.89,nasa,0.79
2011-06-09,10.68,17.03,12.16,22.06,nasa,0.79
2011-06-10,2.76,17.79,14.22,22.08,nasa,0.81
2011-06-11,0.06,14.77,11.56,18.25,nasa,0.8
2011-06-12,0.01,14.02,10.59,18.87,nasa,0.8
2011-06-13,0.0,15.65,10.42,21.47,nasa,0.8
2011-06-14,0.3,14.49,10.2,19.46,nasa,0.79
2011-06-15,1.71,13.29,9.86,18.06,nasa,0.79
2011-06-16,0.0,13.12,9.01,18.72,nasa,0.79
2011-06-17,0.04,15.31,9.72,21.27,nasa,0.79
2011-06-18,0.27,17.14,13.0,22.07,nasa,0.79
2011-06-19,0.01,16.18,12.32,21.85,nasa,0.78
2011-06-20,0.02,15.9,10.67,22.32,nasa,0.78
2011-06-21,1.12,15.84,11.72,21.8,nasa,0.78
2011-06-22,0.03,16.56,12.21,22.45,nasa,0.78
2011-06-23,1.9,16.63,13.49,21.56,nasa,0.77
2011-06-24,0.74,16.36,12.58,22.31,nasa,0.77
2011-06-25,0.46,16.73,12.71,22.39,nasa,0.77
2011-06-26,0.18,16.63,12.95,21.99,nasa,0.77
2011-06-27,0.23,17.79,14.25,22.82,nasa,0.77
2011-06-28,0.54,16.33,12.97,22.43,nasa,0.77
2011-06-29,0.07,15.66,12.08,21.04,nasa,0.76
2011-06-30,0.01,16.66,11.82,23.05,nasa,0.76
2011-07-01,0.01,16.85,11.75,22.83,nasa,0.76
2011-07-02,0.01,16.98,11.39,22.77,nasa,0.76
2011-07-03,0.01,17.45,12.07,23.59,nasa,0.75
2011-07-04,0.45,16.16,11.86,21.16,nasa,0.75
2011-07-05,0.19,14.71,10.87,20.22,nasa,0.75
2011-07-06,0.0,16.77,12.85,22.91,nasa,0.75
2011-07-07,0.23,15.85,12.43,21.46,nasa,0.75
2011-07-08,0.36,13.24,8.84,18.94,nasa,0.75
2011-07-09,0.0,13.62,8.55,20.17,nasa,0.75
2011-07-10,0.0,14.02,9.88,20.46,nasa,0.74
2011-07-11,0.03,14.83,9.83,21.67,nasa,0.74
2011-07-12,0.0,15.25,9.8,21.87,nasa,0.74
2011-07-13,0.06,14.55,9.42,21.44,nasa,0.74
2011-07-14,0.09,14.92,9.17,21.53,nasa,0.73
2011-07-15,0.0,15.53,9.86,22.06,nasa,0.73
2011-07-16,0.01,16.72,11.79,22.98,nasa,0.73
2011-07-17,0.03,17.28,12.75,23.78,nasa,0.73
2011-07-18,0.01,17.13,13.05,23.5,nasa,0.72
2011-07-19,0.1,17.88,13.26,24.88,nasa,0.72
2011-07-20,0.62,16.93,12.65,23.06,nasa,0.72
2011-07-21,0.02,15.7,11.77,22.13,nasa,0.72
2011-07-22,0.15,16.82,10.55,24.44,nasa,0.71
2011-07-23,4.78,16.88,14.03,21.71,nasa,0.72
2011-07-24,7.23,14.83,12.73,19.22,nasa,0.73
2011-07-25,2.61,14.56,11.26,19.65,nasa,0.73
2011-07-26,0.46,14.27,10.18,20.83,nasa,0.73
2011-07-27,0.0,14.79,8.51,22.1,nasa,0.73
2011-07-28,0.04,15.05,10.8,21.53,nasa,0.72
2011-07-29,0.01,16.5,12.09,22.84,nasa,0.72
2011-07-30,0.0,17.72,13.52,24.09,nasa,0.72
2011-07-31,0.0,18.14,12.43,25.11,nasa,0.71
2011-08-01,0.0,19.03,14.63,26.11,nasa,0.71
2011-08-02,0.0,19.13,13.04,26.49,nasa,0.7
2011-08-03,0.6,20.79,14.95,28.0,nasa,0.7
2011-08-04,0.18,17.31,11.03,23.05,nasa,0.7
2011-08-05,0.1,13.98,9.0,20.32,nasa,0.7
2011-08-06,0.01,17.42,11.46,25.0,nasa,0.7
2011-08-07,0.0,19.73,13.93,27.09,nasa,0.69
2011-08-08,0.0,19.8,14.65,27.16,nasa,0.69
2011-08-09,0.0,19.45,14.32,26.72,nasa,0.69
2011-08-10,0.94,18.15,13.87,24.7,nasa,0.68
2011-08-11,1.49,15.48,12.59,20.63,nasa,0.68
2011-08-12,0.25,16.51,11.63,23.52,nasa,0.68
2011-08-13,0.01,16.8,10.26,24.94,nasa,0.68
2011-08-14,0.0,18.7,12.19,27.75,nasa,0.68
2011-08-15,0.0,17.66,12.01,23.97,nasa,0.68
2011-08-16,0.0,16.39,11.12,24.29,nasa,0.67
2011-08-17,0.0,16.64,9.93,25.21,nasa,0.67
2011-08-18,0.0,17.59,11.42,26.27,nasa,0.67
2011-08-19,0.01,18.24,12.31,25.82,nasa,0.67
2011-08-20,0.03,20.14,14.9,28.62,nasa,0.66
2011-08-21,0.49,16.33,11.74,21.7,nasa,0.66
2011-08-22,0.8,15.43,11.64,21.21,nasa,0.66
2011-08-23,0.29,18.11,12.99,25.29,nasa,0.66
2011-08-24,0.03,18.71,13.38,25.79,nasa,0.66
2011-08-25,0.1,18.32,12.76,25.77,nasa,0.66
2011-08-26,0.08,19.43,13.81,27.0,nasa,0.66
2011-08-27,0.15,18.52,14.75,24.51,nasa,0.65
2011-08-28,0.06,18.63,13.05,26.59,nasa,0.65
2011-08-29,0.0,19.03,13.97,26.83,nasa,0.65
2011-08-30,0.0,19.93,14.47,28.38,nasa,0.65
2011-08-31,0.74,20.22,14.1,30.2,nasa,0.65
2011-09-01,0.69,15.93,11.43,23.24,nasa,0.65
2011-09-02,0.01,14.07,8.68,21.8,nasa,0.65
2011-09-03,0.0,13.48,8.32,21.98,nasa,0.64
2011-09-04,0.0,15.41,8.76,25.26,nasa,0.64
2011-09-05,0.0,16.93,7.81,27.77,nasa,0.64
2011-09-06,0.0,18.65,10.09,29.72,nasa,0.64
2011-09-07,0.0,18.2,10.99,27.37,nasa,0.64
2011-09-08,0.01,19.89,14.31,28.49,nasa,0.64
2011-09-09,0.0,20.73,14.19,30.23,nasa,0.63
2011-09-10,0.0,21.75,14.64,32.09,nasa,0.63
2011-09-11,0.0,21.42,14.15,31.21,nasa,0.63
2011-09-12,0.05,18.78,14.79,25.35,nasa,0.63
2011-09-13,0.0,20.49,13.71,28.75,nasa,0.63
2011-09-14,2.03,19.75,14.88,27.33,nasa,0.63
2011-09-15,5.9,17.97,14.05,24.64,nasa,0.64
2011-09-16,0.43,15.64,10.57,22.18,nasa,0.64
2011-09-17,1.14,15.17,9.27,22.32,nasa,0.64
2011-09-18,0.66,16.07,11.74,23.47,nasa,0.64
2011-09-19,0.19,15.66,10.16,23.79,nasa,0.64
2011-09-20,0.03,16.26,9.04,25.56,nasa,0.63
2011-09-21,0.03,18.92,11.28,28.25,nasa,0.63
2011-09-22,0.0,20.17,13.55,29.01,nasa,0.63
2011-09-23,0.0,20.84,14.0,29.92,nasa,0.63
2011-09-24,0.1,20.44,14.18,29.22,nasa,0.62
2011-09-25,1.01,16.41,11.65,22.18,nasa,0.62
2011-09-26,0.12,15.71,10.03,24.2,nasa,0.62
2011-09-27,0.03,18.03,11.11,27.33,nasa,0.62
2011-09-28,0.13,20.13,12.9,29.83,nasa,0.62
2011-09-29,1.26,21.05,15.08,29.16,nasa,0.62
2011-09-30,0.09,21.97,15.15,31.24,nasa,0.62
2011-10-01,0.0,22.38,14.61,32.11,nasa,0.62
2011-10-02,0.03,22.16,15.14,31.72,nasa,0.61
2011-10-03,1.57,19.77,15.97,24.15,nasa,0.61
2011-10-04,2.88,18.28,14.38,24.39,nasa,0.62
2011-10-05,3.1,18.18,13.79,23.98,nasa,0.62
2011-10-06,1.15,19.44,15.49,26.1,nasa,0.63
2011-10-07,0.42,20.52,14.44,28.12,nasa,0.62
2011-10-08,0.02,20.93,15.02,28.78,nasa,0.62
2011-10-09,0.0,21.4,14.82,29.56,nasa,0.62
2011-10-10,0.04,21.88,16.21,29.22,nasa,0.62
2011-10-11,7.04,20.7,18.21,25.31,nasa,0.62
2011-10-12,6.03,20.88,17.84,26.06,nasa,0.63
2011-10-13,0.97,21.55,17.01,28.16,nasa,0.64
2011-10-14,0.27,22.03,17.57,28.67,nasa,0.63
2011-10-15,19.61,22.16,17.89,28.02,nasa,0.65
2011-10-16,21.01,22.02,18.99,26.3,nasa,0.68
2011-10-17,31.7,19.75,15.66,24.17,nasa,0.73
2011-10-18,1.09,17.15,12.91,22.13,nasa,0.73
2011-10-19,2.11,15.34,11.47,21.48,nasa,0.71
2011-10-20,0.43,14.85,10.8,21.08,nasa,0.7
2011-10-21,0.87,15.26,11.26,20.83,nasa,0.69
2011-10-22,11.77,16.99,13.86,22.05,nasa,0.69
2011-10-23,15.15,16.67,14.17,20.49,nasa,0.71
2011-10-24,0.33,18.44,12.76,25.27,nasa,0.71
2011-10-25,0.02,19.91,13.84,27.13,nasa,0.7
2011-10-26,0.0,21.63,16.99,27.52,nasa,0.69
2011-10-27,0.02,22.44,18.45,28.0,nasa,0.68
2011-10-28,2.55,23.42,18.68,29.32,nasa,0.67
2011-10-29,0.88,22.77,17.1,29.36,nasa,0.67
2011-10-30,9.44,21.78,18.19,26.19,nasa,0.67
2011-10-31,13.77,16.99,12.17,21.27,nasa,0.69
2011-11-01,3.33,14.41,11.8,18.75,nasa,0.7
2011-11-02,0.04,15.29,10.96,21.32,nasa,0.69
2011-11-03,0.0,15.67,10.65,22.16,nasa,0.69
2011-11-04,0.0,16.44,11.43,23.63,nasa,0.68
2011-11-05,0.0,17.85,11.82,25.87,nasa,0.67
2011-11-06,0.0,19.44,12.77,27.48,nasa,0.67
2011-11-07,0.19,18.56,12.25,24.77,nasa,0.66
2011-11-08,1.69,19.6,13.78,26.49,nasa,0.66
2011-11-09,0.02,20.67,13.7,28.52,nasa,0.65
2011-11-10,0.0,21.93,15.93,29.41,nasa,0.65
2011-11-11,0.29,22.65,16.41,30.57,nasa,0.64
2011-11-12,0.6,22.69,17.04,30.96,nasa,0.64
2011-11-13,9.08,21.7,16.94,28.49,nasa,0.64
2011-11-14,9.93,21.55,17.35,26.92,nasa,0.66
2011-11-15,16.86,21.19,18.48,26.27,nasa,0.69
2011-11-16,25.02,20.25,15.72,25.16,nasa,0.71
2011-11-17,2.78,18.14,14.18,24.4,nasa,0.72
2011-11-18,12.48,17.82,13.82,23.93,nasa,0.72
2011-11-19,12.64,16.86,14.22,22.21,nasa,0.73
2011-11-20,2.43,18.07,13.31,24.41,nasa,0.73
2011-11-21,0.07,19.88,14.22,25.96,nasa,0.71
2011-11-22,2.22,21.25,16.4,26.87,nasa,0.7
2011-11-23,25.03,20.5,19.13,22.39,nasa,0.72
2011-11-24,4.71,21.49,16.23,27.59,nasa,0.74
2011-11-25,5.61,19.38,15.13,23.16,nasa,0.73
2011-11-26,20.9,20.56,17.92,23.8,nasa,0.74
2011-11-27,19.82,19.51,17.39,23.22,nasa,0.76
2011-11-28,19.37,18.23,16.49,21.41,nasa,0.79
2011-11-29,5.95,18.41,15.78,21.66,nasa,0.79
2011-11-30,4.09,20.59,16.53,25.09,nasa,0.77
2011-12-01,17.97,20.77,18.53,23.78,nasa,0.78
2011-12-02,11.26,20.38,15.93,25.78,nasa,0.79
2011-12-03,2.24,16.9,15.03,20.01,nasa,0.79
2011-12-04,2.22,18.94,14.54,25.2,nasa,0.78
2011-12-05,7.98,20.39,16.65,25.4,nasa,0.77
2011-12-06,12.3,20.9,17.72,25.39,nasa,0.78
2011-12-07,12.92,21.18,17.7,26.0,nasa,0.78
2011-12-08,3.83,21.0,17.85,25.47,nasa,0.79
2011-12-09,16.68,20.47,18.66,22.76,nasa,0.79
2011-12-10,15.5,20.93,18.36,23.96,nasa,0.82
2011-12-11,2.65,19.99,16.55,25.67,nasa,0.81
2011-12-12,1.37,20.5,15.39,25.99,nasa,0.8
2011-12-13,0.48,21.44,16.9,26.49,nasa,0.79
2011-12-14,1.35,20.94,18.5,24.99,nasa,0.78
2011-12-15,13.56,19.44,17.64,22.12,nasa,0.79
2011-12-16,9.78,20.6,17.86,24.51,nasa,0.8
2011-12-17,15.05,20.72,19.15,23.62,nasa,0.81
2011-12-18,5.81,20.38,18.31,23.21,nasa,0.82
2011-12-19,24.88,19.96,17.7,23.45,nasa,0.83
2011-12-20,3.32,20.24,18.55,22.21,nasa,0.84
2011-12-21,1.75,21.91,17.76,26.71,nasa,0.83
2011-12-22,1.78,20.84,17.3,25.44,nasa,0.82
2011-12-23,1.23,21.28,17.32,26.12,nasa,0.81
2011-12-24,0.03,21.73,17.81,27.3,nasa,0.8
2011-12-25,0.14,22.05,16.49,28.02,nasa,0.79
2011-12-26,5.15,20.29,16.6,24.67,nasa,0.79
2011-12-27,3.13,21.36,16.68,27.06,nasa,0.79
2011-12-28,26.01,20.94,18.28,24.13,nasa,0.8
2011-12-29,20.04,18.8,16.44,22.29,nasa,0.85
2011-12-30,3.38,20.14,15.64,26.89,nasa,0.84
2011-12-31,10.08,20.59,16.52,25.33,nasa,0.83
2012-01-01,35.65,21.34,19.14,24.25,nasa,0.86
2012-01-02,44.39,21.26,19.97,23.25,nasa,0.9
2012-01-03,44.6,21.41,18.67,25.13,nasa,0.93
2012-01-04,18.16,19.8,17.99,22.65,nasa,0.92
2012-01-05,13.88,20.88,17.72,24.92,nasa,0.92
2012-01-06,6.41,20.27,18.33,23.44,nasa,0.91
2012-01-07,25.62,20.83,17.89,25.07,nasa,0.92
2012-01-08,13.42,18.72,16.62,21.13,nasa,0.93
2012-01-09,6.99,18.94,16.84,21.74,nasa,0.93
2012-01-10,11.57,19.18,16.3,22.65,nasa,0.93
2012-01-11,3.84,19.8,15.87,24.54,nasa,0.93
2012-01-12,0.42,20.3,15.86,25.41,nasa,0.92
2012-01-13,0.01,19.39,16.62,22.66,nasa,0.92
2012-01-14,0.0,21.16,16.5,26.38,nasa,0.91
2012-01-15,0.06,21.69,17.23,27.46,nasa,0.9
2012-01-16,0.01,21.64,16.72,27.71,nasa,0.9
2012-01-17,0.01,21.27,16.94,27.26,nasa,0.89
2012-01-18,0.0,21.13,16.69,26.44,nasa,0.88
2012-01-19,0.1,20.73,16.45,25.85,nasa,0.87
2012-01-20,0.02,20.67,16.44,25.67,nasa,0.87
2012-01-21,0.28,21.04,16.4,26.14,nasa,0.86
2012-01-22,3.28,20.96,17.4,25.42,nasa,0.86
2012-01-23,0.69,20.5,17.1,25.42,nasa,0.86
2012-01-24,0.61,20.0,17.11,23.57,nasa,0.86
2012-01-25,7.75,20.92,16.97,25.61,nasa,0.86
2012-01-26,3.73,21.6,16.62,27.15,nasa,0.86
2012-01-27,3.82,21.35,16.79,26.71,nasa,0.86
2012-01-28,1.88,20.61,17.5,24.26,nasa,0.86
2012-01-29,7.54,20.2,18.3,23.02,nasa,0.86
2012-01-30,5.68,20.98,17.59,25.51,nasa,0.86
2012-01-31,0.51,21.11,17.41,25.86,nasa,0.86
2012-02-01,0.32,20.76,17.68,25.27,nasa,0.85
2012-02-02,0.17,20.69,16.33,26.59,nasa,0.84
2012-02-03,0.14,19.74,15.61,25.79,nasa,0.83
2012-02-04,0.28,19.57,14.33,25.43,nasa,0.83
2012-02-05,1.79,20.38,15.08,26.06,nasa,0.82
2012-02-06,0.31,21.59,17.14,26.94,nasa,0.82
2012-02-07,0.01,22.54,17.32,28.07,nasa,0.81
2012-02-08,0.0,22.42,17.52,27.8,nasa,0.8
2012-02-09,0.38,22.51,17.95,27.88,nasa,0.8
2012-02-10,0.17,21.78,17.79,26.91,nasa,0.79
2012-02-11,0.43,21.89,18.3,26.66,nasa,0.79
2012-02-12,3.53,21.96,18.09,26.82,nasa,0.79
2012-02-13,1.6,21.1,17.44,25.92,nasa,0.79
2012-02-14,1.78,20.61,16.8,25.68,nasa,0.79
2012-02-15,1.35,19.7,16.37,25.08,nasa,0.78
2012-02-16,1.58,19.42,15.84,23.56,nasa,0.78
2012-02-17,0.4,20.36,17.19,25.25,nasa,0.78
2012-02-18,0.24,20.48,16.31,25.58,nasa,0.78
2012-02-19,0.04,20.29,16.23,24.92,nasa,0.77
2012-02-20,0.28,19.69,16.81,23.83,nasa,0.77
2012-02-21,0.48,19.6,16.36,24.04,nasa,0.77
2012-02-22,0.27,20.36,17.35,25.24,nasa,0.77
2012-02-23,0.01,21.62,16.5,27.37,nasa,0.76
2012-02-24,0.08,21.87,17.79,27.27,nasa,0.75
2012-02-25,0.65,20.57,15.72,26.36,nasa,0.75
2012-02-26,0.14,20.38,15.04,26.26,nasa,0.74
2012-02-27,0.06,22.23,16.29,27.99,nasa,0.73
2012-02-28,0.0,21.96,16.9,27.69,nasa,0.73
2012-02-29,0.0,21.07,16.59,27.53,nasa,0.72
2012-03-01,0.0,21.14,15.95,27.67,nasa,0.72
2012-03-02,0.0,21.53,14.88,28.51,nasa,0.71
2012-03-03,0.0,21.42,15.29,28.55,nasa,0.71
2012-03-04,0.01,21.17,16.38,27.34,nasa,0.7
2012-03-05,1.08,21.27,16.53,26.57,nasa,0.7
2012-03-06,0.94,20.75,16.62,26.93,nasa,0.7
2012-03-07,2.43,20.0,15.79,25.75,nasa,0.7
2012-03-08,0.84,20.55,15.45,26.95,nasa,0.7
2012-03-09,0.43,21.45,16.37,27.73,nasa,0.69
2012-03-10,0.28,21.25,17.52,26.62,nasa,0.69
2012-03-11,2.99,21.54,17.97,26.48,nasa,0.69
2012-03-12,0.17,21.13,18.01,25.95,nasa,0.69
2012-03-13,0.04,21.83,17.08,27.31,nasa,0.69
2012-03-14,0.04,21.67,18.38,26.39,nasa,0.68
2012-03-15,3.08,22.1,18.09,27.12,nasa,0.68
2012-03-16,19.84,21.7,18.5,26.29,nasa,0.7
2012-03-17,6.65,20.0,16.33,24.39,nasa,0.72
2012-03-18,1.01,18.26,15.26,22.46,nasa,0.72
2012-03-19,6.53,18.91,16.02,23.36,nasa,0.73
2012-03-20,1.66,19.95,17.28,23.6,nasa,0.73
2012-03-21,0.07,21.06,16.77,26.45,nasa,0.72
2012-03-22,0.0,21.93,16.92,27.27,nasa,0.71
2012-03-23,7.15,21.48,18.81,25.0,nasa,0.71
2012-03-24,6.25,21.83,18.38,25.8,nasa,0.72
2012-03-25,12.01,21.61,18.51,24.89,nasa,0.73
2012-03-26,0.36,20.72,16.57,25.79,nasa,0.74
2012-03-27,0.0,20.74,16.4,26.36,nasa,0.73
2012-03-28,3.32,20.98,16.86,26.14,nasa,0.72
2012-03-29,11.21,19.19,17.06,23.25,nasa,0.74
2012-03-30,2.58,20.22,16.46,24.91,nasa,0.73
2012-03-31,1.11,19.64,16.51,24.07,nasa,0.73
2012-04-01,0.18,20.09,15.32,25.84,nasa,0.72
2012-04-02,0.0,20.52,16.7,25.33,nasa,0.71
2012-04-03,0.0,20.83,16.56,26.27,nasa,0.71
2012-04-04,0.07,21.08,16.85,26.3,nasa,0.7
2012-04-05,0.02,21.8,17.34,26.76,nasa,0.7
2012-04-06,15.43,21.84,17.06,27.63,nasa,0.7
2012-04-07,2.17,21.23,18.51,24.99,nasa,0.72
2012-04-08,0.21,20.94,17.59,25.2,nasa,0.71
2012-04-09,0.51,20.47,16.63,25.58,nasa,0.71
2012-04-10,1.03,20.49,16.24,25.69,nasa,0.7
2012-04-11,3.51,20.48,16.8,25.39,nasa,0.7
2012-04-12,0.42,20.42,16.69,25.63,nasa,0.7
2012-04-13,0.03,21.03,16.18,26.37,nasa,0.69
2012-04-14,0.0,21.46,16.15,26.79,nasa,0.69
2012-04-15,0.59,22.36,17.33,27.99,nasa,0.68
2012-04-16,6.63,20.12,17.4,23.99,nasa,0.68
2012-04-17,0.21,18.47,16.01,22.39,nasa,0.69
2012-04-18,0.02,18.77,14.68,24.21,nasa,0.69
2012-04-19,0.0,18.34,14.3,24.13,nasa,0.68
2012-04-20,0.01,19.22,14.09,25.47,nasa,0.68
2012-04-21,0.0,20.21,13.96,26.64,nasa,0.67
2012-04-22,6.15,21.01,16.89,26.63,nasa,0.67
2012-04-23,9.59,18.23,16.64,20.67,nasa,0.69
2012-04-24,0.84,19.69,15.74,25.64,nasa,0.7
2012-04-25,0.02,20.76,15.66,26.8,nasa,0.69
2012-04-26,1.0,21.44,17.77,26.02,nasa,0.68
2012-04-27,0.22,22.19,17.81,28.04,nasa,0.68
2012-04-28,0.12,21.1,17.97,26.24,nasa,0.68
2012-04-29,0.08,22.57,17.76,27.96,nasa,0.67
2012-04-30,5.3,20.31,17.66,24.41,nasa,0.67
2012-05-01,7.67,18.49,13.76,24.95,nasa,0.68
2012-05-02,1.44,15.91,12.43,21.24,nasa,0.69
2012-05-03,0.33,17.18,13.43,22.92,nasa,0.69
2012-05-04,0.76,17.59,14.39,22.74,nasa,0.68
2012-05-05,0.85,17.95,13.85,23.61,nasa,0.68
2012-05-06,0.13,17.28,13.58,22.22,nasa,0.68
2012-05-07,0.42,16.48,12.62,22.09,nasa,0.67
2012-05-08,8.98,16.86,14.27,21.32,nasa,0.68
2012-05-09,5.12,17.41,13.74,22.53,nasa,0.69
2012-05-10,0.01,18.4,13.15,24.0,nasa,0.69
2012-05-11,0.01,18.7,13.42,24.83,nasa,0.68
2012-05-12,0.0,19.79,14.04,26.34,nasa,0.68
2012-05-13,5.36,19.49,15.75,24.58,nasa,0.67
2012-05-14,22.64,16.43,14.53,19.49,nasa,0.7
2012-05-15,12.05,15.35,14.04,18.25,nasa,0.73
2012-05-16,3.82,16.23,13.95,20.85,nasa,0.73
2012-05-17,0.72,15.9,13.39,20.29,nasa,0.72
2012-05-18,1.63,15.63,13.0,20.35,nasa,0.72
2012-05-19,1.48,15.18,12.57,19.55,nasa,0.71
2012-05-20,0.13,15.0,11.67,19.64,nasa,0.71
2012-05-21,0.26,15.65,11.18,21.12,nasa,0.7
2012-05-22,0.26,15.96,12.17,20.82,nasa,0.7
2012-05-23,0.38,16.75,12.88,21.87,nasa,0.7
2012-05-24,0.33,17.24,13.07,22.82,nasa,0.69
2012-05-25,0.66,18.26,13.88,24.26,nasa,0.69
2012-05-26,1.02,18.57,14.05,23.94,nasa,0.69
2012-05-27,1.32,19.24,14.69,24.72,nasa,0.68
2012-05-28,0.28,19.68,14.5,25.64,nasa,0.68
2012-05-29,0.03,20.66,16.27,25.96,nasa,0.68
2012-05-30,0.03,19.87,14.93,25.86,nasa,0.67
2012-05-31,0.32,19.84,14.6,26.31,nasa,0.67
2012-06-01,0.65,19.89,16.03,25.56,nasa,0.67
2012-06-02,0.3,19.54,15.13,25.28,nasa,0.67
2012-06-03,0.0,19.76,15.26,26.32,nasa,0.66
2012-06-04,0.01,19.99,14.73,26.88,nasa,0.66
2012-06-05,0.01,20.48,16.66,26.87,nasa,0.66
2012-06-06,0.26,20.03,15.66,24.89,nasa,0.66
2012-06-07,3.28,19.36,15.53,24.45,nasa,0.66
2012-06-08,3.25,17.4,15.21,21.47,nasa,0.67
2012-06-09,3.1,17.17,14.24,22.55,nasa,0.67
2012-06-10,7.4,16.95,14.06,21.7,nasa,0.68
2012-06-11,1.4,17.79,14.17,23.68,nasa,0.68
2012-06-12,0.03,18.28,14.3,24.4,nasa,0.68
2012-06-13,0.22,17.92,14.36,24.01,nasa,0.67
2012-06-14,0.27,17.34,13.19,23.32,nasa,0.67
2012-06-15,1.05,17.29,13.05,22.81,nasa,0.67
2012-06-16,0.63,17.25,13.54,22.9,nasa,0.67
2012-06-17,0.01,17.45,12.67,24.44,nasa,0.66
2012-06-18,0.0,17.2,11.59,24.52,nasa,0.66
2012-06-19,0.01,18.65,12.99,25.34,nasa,0.66
2012-06-20,0.03,19.64,15.38,26.16,nasa,0.65
2012-06-21,0.01,21.26,17.14,27.97,nasa,0.65
2012-06-22,0.0,20.95,16.88,27.31,nasa,0.65
2012-06-23,0.76,17.5,14.31,21.47,nasa,0.65
2012-06-24,0.34,16.82,13.42,23.11,nasa,0.65
2012-06-25,0.0,17.49,12.31,24.57,nasa,0.65
2012-06-26,0.01,16.33,13.37,21.8,nasa,0.65
2012-06-27,0.52,16.98,12.57,23.37,nasa,0.65
2012-06-28,0.07,17.66,13.44,23.9,nasa,0.65
2012-06-29,0.01,17.46,12.75,24.74,nasa,0.64
2012-06-30,0.0,18.19,13.5,25.63,nasa,0.64
2012-07-01,0.01,18.27,13.45,26.13,nasa,0.64
2012-07-02,0.01,18.03,13.59,25.44,nasa,0.64
2012-07-03,0.01,17.49,12.06,25.36,nasa,0.64
2012-07-04,0.24,16.91,11.86,23.81,nasa,0.64
2012-07-05,0.28,17.7,13.48,24.58,nasa,0.64
2012-07-06,0.54,17.3,13.23,23.84,nasa,0.64
2012-07-07,0.13,17.94,13.76,24.84,nasa,0.63
2012-07-08,1.27,17.68,13.13,25.58,nasa,0.63
2012-07-09,1.25,14.38,8.88,20.36,nasa,0.64
2012-07-10,0.0,14.07,8.21,22.05,nasa,0.64
2012-07-11,0.03,16.52,9.79,24.55,nasa,0.63
2012-07-12,0.0,19.01,12.72,26.06,nasa,0.63
2012-07-13,0.0,19.62,14.75,26.48,nasa,0.63
2012-07-14,0.02,18.64,13.93,25.94,nasa,0.63
2012-07-15,0.53,18.02,14.06,24.85,nasa,0.63
2012-07-16,1.9,16.01,13.28,21.77,nasa,0.63
2012-07-17,0.45,16.93,13.19,23.33,nasa,0.63
2012-07-18,0.48,18.36,14.66,23.84,nasa,0.63
2012-07-19,0.18,15.89,11.69,22.92,nasa,0.63
2012-07-20,0.01,16.76,11.15,24.72,nasa,0.63
2012-07-21,0.03,17.92,12.45,26.15,nasa,0.63
2012-07-22,0.01,19.2,13.11,27.83,nasa,0.63
2012-07-23,0.0,19.27,12.69,28.36,nasa,0.62
2012-07-24,0.0,18.37,12.01,26.78,nasa,0.62
2012-07-25,0.0,19.19,11.55,27.62,nasa,0.62
2012-07-26,0.0,18.8,11.62,27.15,nasa,0.62
2012-07-27,0.0,18.99,12.42,27.38,nasa,0.62
2012-07-28,0.0,18.55,13.27,26.61,nasa,0.62
2012-07-29,0.02,17.53,12.18,25.67,nasa,0.62
2012-07-30,0.0,18.01,11.28,28.05,nasa,0.62
2012-07-31,1.59,16.63,11.08,23.51,nasa,0.62
2012-08-01,0.84,17.65,13.87,24.57,nasa,0.62
2012-08-02,0.18,17.82,13.14,25.17,nasa,0.62
2012-08-03,0.03,18.18,12.24,26.4,nasa,0.62
2012-08-04,0.0,19.97,13.88,27.51,nasa,0.61
2012-08-05,0.22,18.84,13.09,27.73,nasa,0.61
2012-08-06,0.31,16.55,11.12,23.6,nasa,0.61
2012-08-07,0.0,15.61,10.1,24.86,nasa,0.61
2012-08-08,0.09,16.58,10.94,24.41,nasa,0.61
2012-08-09,0.16,16.88,12.25,24.27,nasa,0.61
2012-08-10,0.03,17.13,11.31,25.47,nasa,0.61
2012-08-11,0.07,17.18,11.43,25.46,nasa,0.61
2012-08-12,0.31,17.33,12.18,24.78,nasa,0.61
2012-08-13,1.89,17.66,12.66,24.71,nasa,0.61
2012-08-14,2.79,17.26,12.86,23.63,nasa,0.61
2012-08-15,4.9,17.31,13.25,23.53,nasa,0.62
2012-08-16,0.8,17.58,13.41,24.44,nasa,0.62
2012-08-17,1.5,16.95,13.1,23.09,nasa,0.62
2012-08-18,4.08,16.99,13.21,22.87,nasa,0.62
2012-08-19,1.82,16.75,12.36,23.11,nasa,0.63
2012-08-20,0.43,16.09,11.07,23.58,nasa,0.63
2012-08-21,1.33,16.67,11.13,24.2,nasa,0.63
2012-08-22,0.18,16.77,11.6,24.74,nasa,0.63
2012-08-23,2.0,16.97,12.61,24.11,nasa,0.62
2012-08-24,1.71,16.68,12.64,23.6,nasa,0.63
2012-08-25,0.9,17.5,11.97,24.96,nasa,0.62
2012-08-26,0.19,18.35,13.51,24.91,nasa,0.62
2012-08-27,0.03,19.4,15.21,26.32,nasa,0.62
2012-08-28,2.47,18.78,14.26,25.64,nasa,0.62
2012-08-29,9.45,19.05,14.28,25.99,nasa,0.63
2012-08-30,0.8,18.33,13.21,26.4,nasa,0.64
2012-08-31,0.0,16.35,10.35,24.87,nasa,0.63
2012-09-01,0.0,17.24,8.76,28.32,nasa,0.63
2012-09-02,0.01,18.78,10.56,29.05,nasa,0.62
2012-09-03,0.03,20.19,12.73,30.85,nasa,0.62
2012-09-04,1.79,17.01,11.89,23.8,nasa,0.62
2012-09-05,0.1,16.85,10.73,26.68,nasa,0.62
2012-09-06,0.0,19.21,11.7,28.9,nasa,0.62
2012-09-07,0.2,20.55,14.41,28.74,nasa,0.61
2012-09-08,0.47,20.47,15.36,28.15,nasa,0.61
2012-09-09,0.01,21.78,15.08,30.9,nasa,0.61
2012-09-10,0.01,22.13,15.19,31.34,nasa,0.61
2012-09-11,0.0,23.38,16.66,32.47,nasa,0.61
2012-09-12,0.0,23.82,16.39,33.47,nasa,0.6
2012-09-13,1.88,23.18,16.79,33.91,nasa,0.6
2012-09-14,0.48,19.92,15.63,27.5,nasa,0.6
2012-09-15,0.0,20.73,14.85,29.64,nasa,0.6
2012-09-16,0.92,21.48,14.89,30.15,nasa,0.6
2012-09-17,0.38,21.81,16.02,30.12,nasa,0.6
2012-09-18,0.32,22.33,15.96,30.96,nasa,0.6
2012-09-19,0.57,23.72,16.63,33.03,nasa,0.6
2012-09-20,7.85,24.08,17.33,34.76,nasa,0.6
2012-09-21,8.02,22.05,18.4,27.57,nasa,0.62
2012-09-22,0.58,19.56,13.64,26.4,nasa,0.63
2012-09-23,0.11,15.7,12.71,21.42,nasa,0.62
2012-09-24,0.24,18.79,13.01,26.15,nasa,0.62
2012-09-25,0.18,20.91,15.23,28.07,nasa,0.62
2012-09-26,10.83,15.87,9.35,20.93,nasa,0.63
2012-09-27,0.14,13.65,7.98,21.33,nasa,0.64
2012-09-28,0.0,14.29,9.64,21.79,nasa,0.63
2012-09-29,0.02,14.63,10.12,21.81,nasa,0.63
2012-09-30,0.0,15.38,8.83,23.93,nasa,0.62
2012-10-01,0.01,18.05,10.45,27.82,nasa,0.62
2012-10-02,0.08,19.96,11.81,30.24,nasa,0.62
2012-10-03,0.52,20.69,14.61,29.92,nasa,0.61
2012-10-04,0.29,21.17,14.83,29.87,nasa,0.61
2012-10-05,1.11,20.87,15.45,29.29,nasa,0.61
2012-10-06,0.49,19.88,14.32,28.38,nasa,0.61
2012-10-07,0.8,19.89,13.76,28.0,nasa,0.61
2012-10-08,0.89,20.21,14.9,28.36,nasa,0.61
2012-10-09,2.24,20.34,15.26,27.81,nasa,0.61
2012-10-10,0.63,21.34,14.83,29.7,nasa,0.61
2012-10-11,0.09,23.13,15.89,32.16,nasa,0.61
2012-10-12,11.39,22.15,17.56,29.64,nasa,0.61
2012-10-13,4.73,19.75,15.81,26.25,nasa,0.63
2012-10-14,2.33,16.81,13.24,20.66,nasa,0.63
2012-10-15,0.5,18.1,12.64,26.79,nasa,0.63
2012-10-16,0.09,20.18,12.38,29.36,nasa,0.62
2012-10-17,1.28,21.24,15.77,28.76,nasa,0.62
2012-10-18,2.11,23.03,18.09,29.74,nasa,0.62
2012-10-19,0.68,21.95,16.12,30.06,nasa,0.62
2012-10-20,0.03,22.77,16.29,30.74,nasa,0.62
2012-10-21,0.33,23.46,16.18,31.71,nasa,0.61
2012-10-22,0.24,23.95,17.18,31.91,nasa,0.61
2012-10-23,1.28,24.51,18.55,31.75,nasa,0.61
2012-10-24,6.9,23.68,17.83,33.07,nasa,0.61
2012-10-25,0.38,19.86,16.68,24.0,nasa,0.62
2012-10-26,0.0,23.82,17.2,33.35,nasa,0.62
2012-10-27,0.0,24.28,16.22,34.44,nasa,0.61
2012-10-28,0.0,25.87,16.74,35.76,nasa,0.61
2012-10-29,3.33,26.15,19.2,34.28,nasa,0.61
2012-10-30,0.56,27.13,19.04,36.05,nasa,0.61
2012-10-31,2.47,25.72,20.46,34.18,nasa,0.61
2012-11-01,15.08,24.92,18.08,34.11,nasa,0.62
2012-11-02,5.59,20.84,16.99,27.79,nasa,0.64
2012-11-03,11.29,19.43,17.18,24.07,nasa,0.64
2012-11-04,12.42,20.45,17.12,26.36,nasa,0.66
2012-11-05,8.94,20.08,16.06,26.19,nasa,0.67
2012-11-06,5.24,20.79,16.89,26.51,nasa,0.67
2012-11-07,7.48,20.84,17.1,27.05,nasa,0.67
2012-11-08,8.5,21.51,17.18,27.7,nasa,0.67
2012-11-09,13.53,20.15,17.64,24.42,nasa,0.68
2012-11-10,12.71,19.02,16.73,22.25,nasa,0.69
2012-11-11,1.82,20.43,16.61,25.94,nasa,0.69
2012-11-12,4.07,22.23,17.55,27.99,nasa,0.68
2012-11-13,31.85,21.14,18.05,26.97,nasa,0.69
2012-11-14,5.3,19.24,15.59,25.08,nasa,0.72
2012-11-15,10.69,18.19,15.26,22.6,nasa,0.72
2012-11-16,14.44,20.15,16.12,26.9,nasa,0.72
2012-11-17,1.27,18.98,15.11,24.96,nasa,0.72
2012-11-18,0.68,18.67,14.32,24.73,nasa,0.71
2012-11-19,0.18,19.89,14.61,25.98,nasa,0.69
2012-11-20,11.38,18.96,16.29,21.74,nasa,0.7
2012-11-21,0.61,21.34,17.29,26.79,nasa,0.7
2012-11-22,0.03,20.92,15.93,27.79,nasa,0.69
2012-11-23,0.0,22.46,15.58,29.62,nasa,0.68
2012-11-24,0.75,23.96,16.94,31.51,nasa,0.67
2012-11-25,35.42,20.51,18.18,23.26,nasa,0.69
2012-11-26,7.27,20.12,17.61,24.83,nasa,0.73
2012-11-27,12.56,20.19,17.39,23.81,nasa,0.73
2012-11-28,3.3,21.47,18.0,26.18,nasa,0.73
2012-11-29,4.1,21.76,17.34,27.94,nasa,0.72
2012-11-30,3.72,21.07,17.14,26.9,nasa,0.71
2012-12-01,3.81,21.62,17.4,27.82,nasa,0.71
2012-12-02,0.17,20.89,18.08,25.52,nasa,0.7
2012-12-03,0.29,21.8,18.02,26.65,nasa,0.7
2012-12-04,0.01,22.37,17.2,28.87,nasa,0.69
2012-12-05,0.0,22.6,17.41,29.05,nasa,0.68
2012-12-06,0.17,23.2,17.67,30.06,nasa,0.67
2012-12-07,0.14,23.98,18.12,30.89,nasa,0.66
2012-12-08,0.05,25.52,18.73,33.23,nasa,0.65
2012-12-09,19.02,23.5,20.07,29.31,nasa,0.67
2012-12-10,12.21,22.14,19.64,25.81,nasa,0.7
2012-12-11,1.23,23.74,19.24,28.79,nasa,0.7
2012-12-12,8.78,23.59,20.23,27.17,nasa,0.7
2012-12-13,3.47,23.54,20.4,27.29,nasa,0.7
2012-12-14,0.87,23.41,19.37,27.84,nasa,0.7
2012-12-15,1.59,23.84,20.2,28.75,nasa,0.69
2012-12-16,2.42,24.09,19.61,29.5,nasa,0.69
2012-12-17,0.94,24.74,19.54,29.76,nasa,0.68
2012-12-18,1.62,25.02,20.66,30.28,nasa,0.68
2012-12-19,6.32,23.18,19.31,29.39,nasa,0.68
2012-12-20,0.62,24.42,19.47,30.78,nasa,0.68
2012-12-21,0.0,24.95,17.96,31.9,nasa,0.67
2012-12-22,0.68,25.18,18.3,32.82,nasa,0.66
2012-12-23,0.19,24.42,18.78,31.91,nasa,0.65
2012-12-24,0.0,24.53,18.51,32.17,nasa,0.65
2012-12-25,0.0,25.62,19.16,32.92,nasa,0.64
2012-12-26,0.44,26.5,19.8,33.77,nasa,0.64
2012-12-27,1.77,26.17,19.01,33.03,nasa,0.63
2012-12-28,1.39,24.41,19.57,29.91,nasa,0.63
2012-12-29,1.38,24.94,18.85,31.94,nasa,0.63
2012-12-30,0.13,25.03,19.76,31.75,nasa,0.63
2012-12-31,0.0,24.46,18.32,32.89,nasa,0.63
2013-01-01,0.01,24.32,18.03,32.2,nasa,0.63
2013-01-02,0.05,25.24,18.2,33.6,nasa,0.62
2013-01-03,3.66,24.64,18.73,32.85,nasa,0.62
2013-01-04,0.01,23.93,18.04,32.41,nasa,0.62
2013-01-05,0.13,23.82,18.57,30.65,nasa,0.62
2013-01-06,0.54,24.77,17.8,32.72,nasa,0.62
2013-01-07,0.06,25.17,17.85,33.19,nasa,0.62
2013-01-08,0.02,25.34,19.27,33.09,nasa,0.62
2013-01-09,0.0,24.64,19.4,31.22,nasa,0.61
2013-01-10,1.75,24.62,19.05,32.2,nasa,0.61
2013-01-11,18.59,21.04,18.54,24.24,nasa,0.63
2013-01-12,10.49,21.22,18.46,25.31,nasa,0.67
2013-01-13,0.61,21.39,18.79,24.98,nasa,0.67
2013-01-14,1.13,22.56,18.4,27.76,nasa,0.66
2013-01-15,2.96,21.25,18.48,25.48,nasa,0.66
2013-01-16,12.26,21.9,17.19,27.61,nasa,0.67
2013-01-17,24.6,22.55,19.85,26.4,nasa,0.69
2013-01-18,20.14,22.43,20.35,25.59,nasa,0.73
2013-01-19,20.27,22.82,19.82,26.98,nasa,0.74
2013-01-20,34.12,20.15,17.17,23.99,nasa,0.76
2013-01-21,2.21,19.15,15.85,23.55,nasa,0.77
2013-01-22,2.5,19.8,16.67,25.18,nasa,0.75
2013-01-23,0.57,19.92,15.83,25.83,nasa,0.73
2013-01-24,0.09,21.36,16.01,26.76,nasa,0.71
2013-01-25,1.51,23.01,18.57,27.72,nasa,0.71
2013-01-26,2.92,23.4,21.08,26.9,nasa,0.7
2013-01-27,14.53,21.63,17.85,25.85,nasa,0.71
2013-01-28,7.16,19.15,17.31,22.27,nasa,0.72
2013-01-29,28.49,20.65,17.66,24.62,nasa,0.75
2013-01-30,6.55,20.79,17.94,23.97,nasa,0.76
2013-01-31,7.4,21.78,18.64,25.76,nasa,0.76
2013-02-01,7.23,22.22,19.34,26.23,nasa,0.76
2013-02-02,1.97,21.38,18.79,24.74,nasa,0.75
2013-02-03,0.22,21.95,17.86,27.3,nasa,0.74
2013-02-04,17.04,22.04,17.44,27.27,nasa,0.74
2013-02-05,28.92,20.79,18.95,23.62,nasa,0.78
2013-02-06,13.37,20.75,18.3,24.24,nasa,0.8
2013-02-07,0.6,21.71,17.93,26.68,nasa,0.79
2013-02-08,0.01,21.72,17.42,26.56,nasa,0.77
2013-02-09,0.0,22.6,18.35,27.76,nasa,0.76
2013-02-10,0.01,21.99,17.31,27.49,nasa,0.74
2013-02-11,0.0,21.74,17.31,27.52,nasa,0.73
2013-02-12,0.0,22.12,16.95,28.15,nasa,0.72
2013-02-13,0.0,22.34,16.98,28.49,nasa,0.71
2013-02-14,0.0,22.61,17.81,28.12,nasa,0.71
2013-02-15,0.0,23.13,18.32,28.59,nasa,0.7
2013-02-16,0.0,22.99,18.04,28.74,nasa,0.69
2013-02-17,0.0,22.74,18.4,28.37,nasa,0.69
2013-02-18,0.0,23.3,18.62,29.28,nasa,0.68
2013-02-19,0.01,22.79,18.34,28.57,nasa,0.68
2013-02-20,0.0,22.08,16.93,28.55,nasa,0.67
2013-02-21,0.0,22.21,17.68,28.35,nasa,0.67
2013-02-22,0.0,22.38,17.64,28.2,nasa,0.67
2013-02-23,0.14,22.6,17.89,28.52,nasa,0.66
2013-02-24,0.46,21.91,17.72,27.23,nasa,0.66
2013-02-25,0.1,22.22,17.27,28.29,nasa,0.66
2013-02-26,1.1,23.98,18.79,30.23,nasa,0.66
2013-02-27,18.25,23.13,19.58,28.21,nasa,0.67
2013-02-28,10.09,20.35,18.02,23.93,nasa,0.7
2013-03-01,21.94,19.23,16.77,23.34,nasa,0.72
2013-03-02,16.21,20.19,16.37,24.74,nasa,0.75
2013-03-03,1.97,21.24,18.13,25.27,nasa,0.75
2013-03-04,0.01,21.79,17.43,27.45,nasa,0.74
2013-03-05,1.37,22.65,17.51,28.5,nasa,0.72
2013-03-06,0.78,22.56,18.41,27.45,nasa,0.72
2013-03-07,4.77,22.84,19.1,27.27,nasa,0.71
2013-03-08,0.02,22.91,18.62,27.26,nasa,0.71
2013-03-09,0.01,22.8,17.21,28.49,nasa,0.71
2013-03-10,4.11,22.76,18.49,27.84,nasa,0.7
2013-03-11,12.18,23.04,20.08,26.62,nasa,0.71
2013-03-12,0.98,24.31,19.04,29.64,nasa,0.72
2013-03-13,6.66,23.72,20.14,27.91,nasa,0.71
2013-03-14,12.42,22.52,19.59,26.61,nasa,0.73
2013-03-15,4.26,21.25,18.7,24.99,nasa,0.73
2013-03-16,0.45,22.01,17.56,27.37,nasa,0.72
2013-03-17,4.31,21.86,18.0,27.14,nasa,0.72
2013-03-18,27.25,20.76,17.4,26.13,nasa,0.74
2013-03-19,4.89,18.64,16.6,22.64,nasa,0.76
2013-03-20,5.43,20.11,16.64,25.11,nasa,0.75
2013-03-21,0.44,21.2,17.38,25.15,nasa,0.74
2013-03-22,5.31,21.67,17.97,26.03,nasa,0.74
2013-03-23,2.82,21.05,18.76,25.03,nasa,0.74
2013-03-24,1.0,20.99,17.47,25.93,nasa,0.73
2013-03-25,4.12,21.11,18.07,24.94,nasa,0.73
2013-03-26,9.32,20.94,18.79,24.12,nasa,0.73
2013-03-27,24.08,21.31,18.34,24.8,nasa,0.76
2013-03-28,13.66,19.44,17.19,21.44,nasa,0.79
2013-03-29,5.26,18.68,15.25,22.91,nasa,0.78
2013-03-30,4.42,19.05,16.66,23.44,nasa,0.78
2013-03-31,1.67,20.21,16.99,24.52,nasa,0.77
2013-04-01,0.42,21.96,18.11,26.99,nasa,0.76
2013-04-02,0.63,20.71,18.71,23.36,nasa,0.75
2013-04-03,4.32,20.48,18.43,23.72,nasa,0.75
2013-04-04,0.91,20.72,17.61,25.14,nasa,0.75
2013-04-05,0.91,21.28,18.73,25.74,nasa,0.75
2013-04-06,2.33,21.98,17.85,27.27,nasa,0.74
2013-04-07,9.45,20.87,18.79,23.58,nasa,0.75
2013-04-08,7.77,20.2,17.67,24.18,nasa,0.76
2013-04-09,6.93,18.9,17.12,21.41,nasa,0.77
2013-04-10,4.11,19.52,16.54,23.88,nasa,0.77
2013-04-11,1.32,19.67,17.02,23.24,nasa,0.77
2013-04-12,0.33,20.72,16.89,25.63,nasa,0.76
2013-04-13,1.09,21.39,18.43,24.82,nasa,0.75
2013-04-14,3.02,20.13,16.51,24.15,nasa,0.75
2013-04-15,0.63,18.63,15.3,23.39,nasa,0.75
2013-04-16,0.65,20.3,16.01,25.15,nasa,0.74
2013-04-17,0.47,18.21,14.45,23.34,nasa,0.74
2013-04-18,0.05,17.32,11.62,23.3,nasa,0.73
2013-04-19,0.0,18.04,14.27,23.1,nasa,0.73
2013-04-20,0.0,17.35,13.62,22.38,nasa,0.73
2013-04-21,0.03,16.52,12.41,21.21,nasa,0.72
2013-04-22,0.34,16.22,12.99,21.4,nasa,0.72
2013-04-23,0.57,15.91,12.15,20.97,nasa,0.72
2013-04-24,0.13,16.59,12.31,21.91,nasa,0.71
2013-04-25,0.08,16.4,12.42,22.06,nasa,0.71
2013-04-26,0.01,17.23,12.24,23.36,nasa,0.71
2013-04-27,0.0,17.01,11.59,23.82,nasa,0.7
2013-04-28,0.01,16.76,12.66,22.92,nasa,0.7
2013-04-29,0.03,17.64,12.36,23.78,nasa,0.7
2013-04-30,0.0,19.61,14.18,25.23,nasa,0.7
2013-05-01,0.01,19.25,13.67,25.8,nasa,0.69
2013-05-02,0.01,18.53,14.64,24.37,nasa,0.69
2013-05-03,0.03,19.37,13.91,25.69,nasa,0.69
2013-05-04,0.01,19.58,12.68,25.97,nasa,0.68
2013-05-05,0.03,20.07,12.39,26.47,nasa,0.68
2013-05-06,0.01,18.66,13.75,25.81,nasa,0.68
2013-05-07,0.0,18.38,13.18,24.8,nasa,0.67
2013-05-08,0.0,16.99,11.62,22.56,nasa,0.67
2013-05-09,0.0,16.64,11.55,23.89,nasa,0.67
2013-05-10,0.0,16.37,11.67,22.56,nasa,0.67
2013-05-11,0.08,16.32,11.36,23.18,nasa,0.67
2013-05-12,0.0,17.39,11.42,24.53,nasa,0.67
2013-05-13,0.02,19.12,13.97,25.53,nasa,0.66
2013-05-14,0.0,19.91,14.91,26.7,nasa,0.66
2013-05-15,0.0,20.19,15.25,26.83,nasa,0.66
2013-05-16,0.0,20.59,15.76,26.19,nasa,0.66
2013-05-17,6.84,19.07,15.21,24.41,nasa,0.66
2013-05-18,4.29,17.46,14.95,22.37,nasa,0.68
2013-05-19,0.1,16.71,13.45,22.33,nasa,0.67
2013-05-20,0.0,17.82,12.33,23.64,nasa,0.67
2013-05-21,0.02,19.05,14.88,25.22,nasa,0.67
2013-05-22,2.23,18.5,14.86,23.74,nasa,0.67
2013-05-23,18.82,16.4,13.96,19.74,nasa,0.69
2013-05-24,9.72,16.11,13.58,20.03,nasa,0.7
2013-05-25,6.5,15.56,13.01,19.31,nasa,0.72
2013-05-26,0.04,15.74,11.74,21.08,nasa,0.72
2013-05-27,3.59,16.34,11.89,22.08,nasa,0.71
2013-05-28,8.04,17.86,13.74,23.67,nasa,0.71
2013-05-29,0.24,19.07,15.22,24.61,nasa,0.71
2013-05-30,0.01,19.37,15.57,24.1,nasa,0.71
2013-05-31,0.02,17.59,15.14,21.97,nasa,0.7
2013-06-01,0.0,18.3,14.19,24.05,nasa,0.7
2013-06-02,0.0,18.46,13.67,24.79,nasa,0.69
2013-06-03,12.72,19.04,14.82,23.76,nasa,0.69
2013-06-04,6.51,16.24,13.79,19.47,nasa,0.72
2013-06-05,0.23,17.26,12.54,23.15,nasa,0.71
2013-06-06,0.0,18.7,14.45,24.08,nasa,0.71
2013-06-07,0.0,19.31,15.22,24.95,nasa,0.7
2013-06-08,0.64,18.2,15.01,23.0,nasa,0.7
2013-06-09,0.61,16.87,13.96,21.33,nasa,0.69
2013-06-10,0.06,17.15,12.69,22.9,nasa,0.69
2013-06-11,0.03,17.8,12.59,23.63,nasa,0.69
2013-06-12,0.01,18.3,12.15,24.27,nasa,0.68
2013-06-13,0.09,18.02,13.09,24.28,nasa,0.68
2013-06-14,0.21,17.35,13.46,23.27,nasa,0.68
2013-06-15,0.04,17.38,13.72,22.8,nasa,0.67
2013-06-16,0.03,17.64,13.78,23.29,nasa,0.67
2013-06-17,0.02,18.18,14.25,24.05,nasa,0.67
2013-06-18,0.02,18.2,14.6,23.79,nasa,0.67
2013-06-19,0.03,18.63,13.76,24.51,nasa,0.67
2013-06-20,0.02,18.21,11.93,24.85,nasa,0.66
2013-06-21,0.01,18.24,12.82,24.58,nasa,0.66
2013-06-22,0.42,20.31,15.22,27.15,nasa,0.66
2013-06-23,1.14,16.84,14.31,21.47,nasa,0.66
2013-06-24,0.91,16.27,13.53,21.7,nasa,0.66
2013-06-25,0.19,17.13,12.5,23.66,nasa,0.66
2013-06-26,0.04,18.23,13.16,24.89,nasa,0.66
2013-06-27,0.03,19.88,14.97,25.55,nasa,0.66
2013-06-28,0.03,19.07,13.52,25.45,nasa,0.65
2013-06-29,0.0,19.47,14.28,26.21,nasa,0.65
2013-06-30,0.0,20.5,15.17,27.84,nasa,0.65
2013-07-01,0.16,20.15,15.75,26.49,nasa,0.65
2013-07-02,2.9,16.81,13.62,20.14,nasa,0.65
2013-07-03,0.28,14.99,12.19,19.96,nasa,0.65
2013-07-04,0.08,15.28,11.32,21.71,nasa,0.65
2013-07-05,0.06,16.08,11.51,23.03,nasa,0.65
2013-07-06,0.02,16.62,10.79,24.06,nasa,0.65
2013-07-07,0.02,18.78,12.39,25.78,nasa,0.65
2013-07-08,0.16,17.63,12.53,25.34,nasa,0.65
2013-07-09,7.65,16.25,13.14,22.61,nasa,0.65
2013-07-10,0.77,14.53,11.58,19.2,nasa,0.66
2013-07-11,0.04,14.76,10.38,20.84,nasa,0.66
2013-07-12,0.02,16.13,11.86,23.16,nasa,0.65
2013-07-13,0.52,18.13,13.4,24.29,nasa,0.65
2013-07-14,0.07,18.89,14.22,25.77,nasa,0.65
2013-07-15,0.88,19.54,15.1,25.81,nasa,0.65
2013-07-16,0.4,18.01,14.38,24.46,nasa,0.65
2013-07-17,0.04,18.15,13.34,25.03,nasa,0.65
2013-07-18,0.01,18.62,14.16,25.6,nasa,0.64
2013-07-19,0.01,19.31,14.4,26.47,nasa,0.64
2013-07-20,0.0,18.6,14.67,24.29,nasa,0.64
2013-07-21,0.0,20.89,16.26,28.54,nasa,0.64
2013-07-22,0.0,21.46,16.39,29.98,nasa,0.64
2013-07-23,0.21,20.17,14.85,27.72,nasa,0.63
2013-07-24,0.19,15.81,12.73,21.57,nasa,0.63
2013-07-25,0.13,18.23,12.19,25.86,nasa,0.63
2013-07-26,0.44,15.66,11.92,21.92,nasa,0.63
2013-07-27,0.0,16.13,11.15,23.59,nasa,0.63
2013-07-28,0.0,17.2,11.89,24.63,nasa,0.63
2013-07-29,0.0,17.16,12.71,25.14,nasa,0.63
2013-07-30,0.0,15.81,11.22,24.13,nasa,0.63
2013-07-31,0.0,16.47,10.32,25.82,nasa,0.63
2013-08-01,0.03,16.93,9.7,26.54,nasa,0.63
2013-08-02,0.0,17.38,10.46,27.02,nasa,0.62
2013-08-03,0.0,17.73,9.74,27.56,nasa,0.62
2013-08-04,0.0,19.2,12.95,27.69,nasa,0.62
2013-08-05,0.0,19.32,13.9,27.46,nasa,0.62
2013-08-06,0.0,18.85,12.47,27.38,nasa,0.62
2013-08-07,0.04,17.67,10.61,25.86,nasa,0.62
2013-08-08,0.01,18.23,13.12,25.53,nasa,0.62
2013-08-09,0.0,18.68,13.17,26.3,nasa,0.62
2013-08-10,0.0,18.57,13.16,26.44,nasa,0.62
2013-08-11,0.0,19.86,15.14,27.48,nasa,0.62
2013-08-12,0.0,18.95,13.15,26.78,nasa,0.61
2013-08-13,0.0,19.95,14.89,28.02,nasa,0.61
2013-08-14,0.25,21.1,15.19,29.33,nasa,0.61
2013-08-15,1.88,13.6,11.31,15.98,nasa,0.61
2013-08-16,0.09,15.91,10.19,23.75,nasa,0.61
2013-08-17,0.29,17.12,11.58,24.86,nasa,0.61
2013-08-18,3.6,15.94,12.85,22.86,nasa,0.62
2013-08-19,1.0,15.83,11.75,22.24,nasa,0.62
2013-08-20,4.63,16.02,13.03,20.8,nasa,0.62
2013-08-21,2.22,17.63,12.72,24.82,nasa,0.63
2013-08-22,0.19,19.47,14.49,26.47,nasa,0.63
2013-08-23,0.09,20.18,14.89,28.23,nasa,0.63
2013-08-24,0.0,19.17,13.85,27.78,nasa,0.62
2013-08-25,0.0,19.59,13.96,27.85,nasa,0.62
2013-08-26,0.0,21.71,15.1,29.39,nasa,0.62
2013-08-27,7.32,21.16,14.62,30.74,nasa,0.62
2013-08-28,3.95,14.89,11.97,18.66,nasa,0.64
2013-08-29,0.29,16.19,11.65,23.7,nasa,0.63
2013-08-30,0.0,17.09,11.22,25.8,nasa,0.63
2013-08-31,0.0,16.74,9.87,25.97,nasa,0.63
2013-09-01,0.01,19.19,12.99,27.09,nasa,0.62
2013-09-02,0.01,20.29,14.97,27.91,nasa,0.62
2013-09-03,0.06,20.55,13.88,28.59,nasa,0.62
2013-09-04,6.9,16.99,14.88,19.53,nasa,0.62
2013-09-05,2.95,16.78,13.55,23.08,nasa,0.63
2013-09-06,0.54,16.32,13.01,22.83,nasa,0.63
2013-09-07,0.2,16.96,12.57,24.64,nasa,0.63
2013-09-08,0.0,18.63,11.95,27.21,nasa,0.63
2013-09-09,0.0,20.14,14.04,28.59,nasa,0.62
2013-09-10,0.16,20.03,14.64,27.87,nasa,0.62
2013-09-11,0.56,18.65,13.85,25.98,nasa,0.62
2013-09-12,0.15,18.58,13.51,26.62,nasa,0.62
2013-09-13,1.43,18.73,13.66,25.64,nasa,0.62
2013-09-14,0.28,19.83,14.7,27.25,nasa,0.62
2013-09-15,0.0,20.86,14.66,28.95,nasa,0.61
2013-09-16,0.0,21.43,15.55,29.76,nasa,0.61
2013-09-17,0.73,22.23,16.07,30.73,nasa,0.61
2013-09-18,0.11,21.65,17.69,27.4,nasa,0.61
2013-09-19,0.01,22.35,17.59,29.29,nasa,0.61
2013-09-20,0.0,22.43,16.37,31.15,nasa,0.61
2013-09-21,0.0,22.23,15.7,31.04,nasa,0.6
2013-09-22,0.0,24.05,16.88,33.4,nasa,0.6
2013-09-23,2.35,24.87,18.59,34.69,nasa,0.6
2013-09-24,12.99,23.6,19.02,31.05,nasa,0.62
2013-09-25,7.57,21.23,13.81,28.34,nasa,0.64
2013-09-26,0.62,16.88,11.93,24.69,nasa,0.64
2013-09-27,0.0,17.1,10.43,26.58,nasa,0.63
2013-09-28,0.0,18.8,11.32,29.05,nasa,0.63
2013-09-29,5.68,19.48,13.17,27.63,nasa,0.63
2013-09-30,0.91,20.38,16.11,26.97,nasa,0.63
2013-10-01,0.01,21.26,16.05,27.32,nasa,0.63
2013-10-02,12.25,22.21,16.3,29.5,nasa,0.64
2013-10-03,0.42,22.95,18.09,29.67,nasa,0.64
2013-10-04,15.72,22.0,18.35,26.48,nasa,0.65
2013-10-05,4.93,20.98,15.33,26.88,nasa,0.67
2013-10-06,0.5,17.49,13.05,24.15,nasa,0.66
2013-10-07,2.78,14.94,12.64,18.62,nasa,0.65
2013-10-08,4.52,15.2,12.08,20.75,nasa,0.65
2013-10-09,2.55,15.75,11.62,22.64,nasa,0.66
2013-10-10,0.37,16.69,11.98,23.7,nasa,0.65
2013-10-11,0.24,17.26,10.91,25.2,nasa,0.65
2013-10-12,0.36,17.89,13.42,25.02,nasa,0.64
2013-10-13,0.07,18.92,11.88,27.03,nasa,0.64
2013-10-14,0.05,20.97,14.8,28.95,nasa,0.63
2013-10-15,0.05,21.54,14.89,29.86,nasa,0.63
2013-10-16,1.12,20.59,16.32,26.94,nasa,0.63
2013-10-17,1.76,20.57,16.68,27.15,nasa,0.63
2013-10-18,5.45,21.29,17.41,26.32,nasa,0.63
2013-10-19,6.61,21.56,17.79,27.4,nasa,0.64
2013-10-20,1.21,22.7,16.29,30.2,nasa,0.64
2013-10-21,0.78,24.52,18.76,31.71,nasa,0.64
2013-10-22,3.02,24.44,18.83,30.99,nasa,0.64
2013-10-23,0.23,23.2,17.3,30.95,nasa,0.63
2013-10-24,0.0,22.4,16.33,31.06,nasa,0.63
2013-10-25,0.0,23.25,15.86,32.9,nasa,0.62
2013-10-26,0.0,22.82,17.24,30.54,nasa,0.62
2013-10-27,0.01,24.03,15.93,33.27,nasa,0.62
2013-10-28,1.14,20.12,15.01,27.55,nasa,0.61
2013-10-29,0.27,18.55,13.48,27.17,nasa,0.61
2013-10-30,0.26,19.65,13.76,27.73,nasa,0.61
2013-10-31,5.49,19.39,15.01,25.62,nasa,0.61
2013-11-01,1.4,17.63,14.08,24.14,nasa,0.62
2013-11-02,0.09,18.83,13.3,27.69,nasa,0.62
2013-11-03,0.01,19.7,12.27,29.09,nasa,0.62
2013-11-04,0.0,21.67,14.23,30.44,nasa,0.61
2013-11-05,7.61,21.03,16.61,26.73,nasa,0.61
2013-11-06,11.68,18.53,16.07,21.7,nasa,0.63
2013-11-07,16.36,19.08,16.38,23.47,nasa,0.66
2013-11-08,8.45,20.0,16.24,25.13,nasa,0.68
2013-11-09,1.37,21.62,16.18,28.79,nasa,0.67
2013-11-10,0.02,22.81,16.6,30.42,nasa,0.66
2013-11-11,0.0,24.15,18.67,30.69,nasa,0.65
2013-11-12,3.04,25.34,18.65,33.01,nasa,0.64
2013-11-13,2.8,20.59,15.29,23.54,nasa,0.64
2013-11-14,0.23,19.51,14.98,26.69,nasa,0.64
2013-11-15,2.13,19.88,14.52,27.15,nasa,0.64
2013-11-16,0.17,22.58,16.56,30.34,nasa,0.64
2013-11-17,9.6,22.55,17.09,30.01,nasa,0.64
2013-11-18,2.47,20.76,17.96,24.47,nasa,0.65
2013-11-19,0.04,23.0,17.51,30.56,nasa,0.65
2013-11-20,0.01,23.14,16.97,31.61,nasa,0.64
2013-11-21,0.0,22.68,15.69,31.66,nasa,0.63
2013-11-22,3.35,23.22,16.36,32.64,nasa,0.63
2013-11-23,7.27,20.63,17.72,25.35,nasa,0.64
2013-11-24,1.99,20.61,17.3,24.94,nasa,0.64
2013-11-25,7.9,20.47,17.65,24.15,nasa,0.64
2013-11-26,35.63,19.61,17.33,22.86,nasa,0.68
2013-11-27,1.61,19.73,16.28,24.77,nasa,0.71
2013-11-28,0.7,21.48,16.45,27.81,nasa,0.69
2013-11-29,2.15,22.6,17.87,28.13,nasa,0.68
2013-11-30,9.18,21.11,18.56,23.93,nasa,0.67
2013-12-01,14.96,21.93,18.13,27.05,nasa,0.68
2013-12-02,10.11,22.38,18.38,26.84,nasa,0.7
2013-12-03,9.96,23.25,18.98,28.45,nasa,0.7
2013-12-04,1.8,23.62,17.95,30.08,nasa,0.7
2013-12-05,18.41,23.77,18.73,28.99,nasa,0.7
2013-12-06,5.59,22.72,18.31,26.82,nasa,0.71
2013-12-07,15.03,21.39,17.35,26.38,nasa,0.71
2013-12-08,8.58,21.61,18.69,24.99,nasa,0.72
2013-12-09,0.87,22.87,18.92,28.0,nasa,0.72
2013-12-10,14.35,23.2,18.37,28.41,nasa,0.71
2013-12-11,41.21,23.18,20.61,26.99,nasa,0.75
2013-12-12,40.58,19.61,16.58,21.58,nasa,0.82
2013-12-13,8.84,19.25,16.24,23.79,nasa,0.81
2013-12-14,2.63,20.51,15.93,27.04,nasa,0.79
2013-12-15,1.84,20.56,16.6,26.67,nasa,0.77
2013-12-16,26.31,20.65,16.62,25.92,nasa,0.77
2013-12-17,39.58,18.53,16.75,21.24,nasa,0.82
2013-12-18,18.98,19.95,17.87,23.03,nasa,0.84
2013-12-19,3.58,20.49,17.2,25.35,nasa,0.83
2013-12-20,17.44,21.63,18.03,26.32,nasa,0.82
2013-12-21,42.12,20.08,18.25,22.51,nasa,0.85
2013-12-22,19.2,20.29,18.17,22.97,nasa,0.87
2013-12-23,19.28,21.52,18.76,24.86,nasa,0.87
2013-12-24,10.0,21.48,19.79,23.92,nasa,0.88
2013-12-25,13.01,22.79,19.76,26.6,nasa,0.87
2013-12-26,4.91,22.63,20.06,26.78,nasa,0.87
2013-12-27,4.01,22.35,19.04,26.62,nasa,0.86
2013-12-28,0.49,21.79,18.79,26.28,nasa,0.85
2013-12-29,0.49,22.73,18.58,27.61,nasa,0.84
2013-12-30,1.92,22.84,19.15,26.93,nasa,0.83
2013-12-31,0.41,23.76,19.27,28.85,nasa,0.83
2014-01-01,7.4,24.43,19.83,29.32,nasa,0.83
2014-01-02,0.1,23.75,18.85,29.84,nasa,0.82
2014-01-03,0.01,22.33,17.22,28.79,nasa,0.81
2014-01-04,0.0,22.41,16.16,29.18,nasa,0.8
2014-01-05,0.0,21.93,16.35,27.65,nasa,0.8
2014-01-06,0.0,21.45,17.23,27.28,nasa,0.79
2014-01-07,0.0,20.39,15.58,26.24,nasa,0.79
2014-01-08,0.01,21.13,15.37,27.09,nasa,0.78
2014-01-09,2.45,21.41,16.47,26.61,nasa,0.78
2014-01-10,1.28,21.91,17.53,26.89,nasa,0.77
2014-01-11,0.08,21.95,17.72,27.04,nasa,0.77
2014-01-12,0.06,22.27,17.83,26.79,nasa,0.77
2014-01-13,0.01,22.19,18.1,27.48,nasa,0.76
2014-01-14,0.0,22.18,17.28,28.19,nasa,0.75
2014-01-15,0.0,22.29,16.7,28.43,nasa,0.75
2014-01-16,0.01,22.9,17.97,28.38,nasa,0.74
2014-01-17,2.06,21.07,18.12,24.82,nasa,0.74
2014-01-18,14.94,20.33,17.57,23.93,nasa,0.76
2014-01-19,2.25,20.33,17.29,23.62,nasa,0.77
2014-01-20,0.76,21.48,17.09,27.07,nasa,0.77
2014-01-21,0.54,22.07,17.92,27.07,nasa,0.76
2014-01-22,1.73,23.05,18.51,27.87,nasa,0.75
2014-01-23,0.55,23.05,19.1,27.98,nasa,0.75
2014-01-24,0.03,22.53,18.25,27.91,nasa,0.74
2014-01-25,0.0,22.26,17.7,28.08,nasa,0.73
2014-01-26,0.0,22.0,16.92,27.62,nasa,0.72
2014-01-27,0.02,22.01,17.52,27.55,nasa,0.72
2014-01-28,0.04,21.48,16.53,28.0,nasa,0.71
2014-01-29,0.02,21.51,15.12,28.2,nasa,0.7
2014-01-30,0.0,21.88,16.92,28.1,nasa,0.7
2014-01-31,0.0,21.68,15.65,28.25,nasa,0.69
2014-02-01,0.0,22.49,17.26,28.49,nasa,0.69
2014-02-02,0.0,22.84,17.51,28.91,nasa,0.68
2014-02-03,0.0,22.89,17.76,29.09,nasa,0.68
2014-02-04,0.0,22.83,16.97,29.95,nasa,0.67
2014-02-05,0.05,22.27,17.44,28.32,nasa,0.67
2014-02-06,0.05,22.11,16.51,28.72,nasa,0.66
2014-02-07,0.0,22.46,17.46,28.79,nasa,0.66
2014-02-08,0.0,22.54,17.18,29.77,nasa,0.66
2014-02-09,0.0,22.13,16.4,29.21,nasa,0.66
2014-02-10,0.62,22.59,16.91,29.41,nasa,0.65
2014-02-11,0.09,22.12,17.12,29.2,nasa,0.65
2014-02-12,0.05,22.24,16.54,28.78,nasa,0.65
2014-02-13,0.01,22.61,18.04,28.45,nasa,0.65
2014-02-14,0.0,23.41,19.26,29.17,nasa,0.65
2014-02-15,0.53,22.61,18.81,28.34,nasa,0.65
2014-02-16,4.13,21.8,18.39,26.43,nasa,0.65
2014-02-17,11.75,20.9,17.87,25.81,nasa,0.66
2014-02-18,14.15,20.16,16.84,25.71,nasa,0.69
2014-02-19,1.18,20.55,16.97,26.09,nasa,0.69
2014-02-20,1.16,20.76,15.38,26.91,nasa,0.68
2014-02-21,1.25,21.02,16.4,26.98,nasa,0.68
2014-02-22,0.55,21.55,16.52,27.58,nasa,0.67
2014-02-23,1.85,21.85,17.12,27.75,nasa,0.67
2014-02-24,1.04,22.15,16.72,28.78,nasa,0.66
2014-02-25,0.06,22.02,16.32,28.84,nasa,0.66
2014-02-26,0.01,22.66,17.21,29.4,nasa,0.65
2014-02-27,0.0,23.28,17.72,30.38,nasa,0.65
2014-02-28,0.14,23.76,17.94,31.18,nasa,0.64
2014-03-01,11.03,23.3,19.31,28.92,nasa,0.65
2014-03-02,7.31,20.82,18.68,24.19,nasa,0.66
2014-03-03,1.16,21.76,17.79,27.62,nasa,0.67
2014-03-04,0.46,21.87,17.09,27.67,nasa,0.66
2014-03-05,0.15,22.51,18.12,28.63,nasa,0.66
2014-03-06,1.47,22.46,18.51,27.9,nasa,0.65
2014-03-07,14.27,21.95,18.59,26.63,nasa,0.66
2014-03-08,15.03,21.35,19.16,25.52,nasa,0.69
2014-03-09,0.5,20.65,18.23,24.39,nasa,0.7
2014-03-10,0.02,21.82,18.35,26.22,nasa,0.69
2014-03-11,0.0,21.84,17.21,28.09,nasa,0.68
2014-03-12,0.07,22.17,16.77,28.57,nasa,0.67
2014-03-13,1.84,22.31,17.82,28.38,nasa,0.66
2014-03-14,0.42,22.46,17.72,29.51,nasa,0.66
2014-03-15,0.07,22.57,17.48,29.28,nasa,0.65
2014-03-16,0.01,22.64,17.53,29.68,nasa,0.65
2014-03-17,0.02,22.41,16.97,29.57,nasa,0.64
2014-03-18,0.0,22.09,17.59,27.45,nasa,0.64
2014-03-19,0.0,22.94,17.74,29.97,nasa,0.64
2014-03-20,0.0,23.3,17.95,30.47,nasa,0.64
2014-03-21,0.18,24.44,18.54,31.79,nasa,0.63
2014-03-22,5.62,23.96,20.08,30.48,nasa,0.63
2014-03-23,12.21,21.41,18.42,25.95,nasa,0.66
2014-03-24,1.59,19.29,16.41,22.86,nasa,0.66
2014-03-25,1.84,20.3,15.94,26.75,nasa,0.66
2014-03-26,2.36,20.54,17.12,26.3,nasa,0.66
2014-03-27,6.7,20.84,17.48,26.59,nasa,0.66
2014-03-28,4.9,20.83,17.46,26.85,nasa,0.67
2014-03-29,1.86,21.36,18.01,26.88,nasa,0.67
2014-03-30,0.2,21.74,17.79,27.03,nasa,0.66
2014-03-31,3.81,21.17,18.57,25.32,nasa,0.66
2014-04-01,2.48,21.49,17.87,25.88,nasa,0.66
2014-04-02,7.16,21.26,18.16,25.41,nasa,0.67
2014-04-03,11.67,21.54,18.31,26.89,nasa,0.68
2014-04-04,8.09,20.72,17.9,26.04,nasa,0.69
2014-04-05,2.07,19.9,16.17,24.78,nasa,0.69
2014-04-06,0.01,18.54,12.66,26.12,nasa,0.68
2014-04-07,0.0,20.0,13.53,27.65,nasa,0.67
2014-04-08,0.03,21.18,14.44,28.1,nasa,0.66
2014-04-09,0.95,22.69,16.6,28.76,nasa,0.66
2014-04-10,0.38,22.72,18.21,29.3,nasa,0.65
2014-04-11,3.34,21.83,17.64,28.07,nasa,0.65
2014-04-12,0.67,21.15,17.3,27.69,nasa,0.65
2014-04-13,0.0,22.68,17.37,29.24,nasa,0.65
2014-04-14,6.12,22.65,18.04,28.76,nasa,0.64
2014-04-15,10.73,21.75,18.89,26.66,nasa,0.67
2014-04-16,0.45,21.76,17.92,27.65,nasa,0.67
2014-04-17,0.28,20.07,17.4,23.47,nasa,0.66
2014-04-18,0.01,21.78,18.42,27.33,nasa,0.66
2014-04-19,2.3,22.57,17.88,28.97,nasa,0.65
2014-04-20,2.2,22.46,18.38,27.88,nasa,0.65
2014-04-21,7.38,20.93,18.15,25.83,nasa,0.65
2014-04-22,1.71,21.21,17.14,27.34,nasa,0.66
2014-04-23,2.53,21.51,17.39,26.78,nasa,0.66
2014-04-24,10.68,19.99,17.25,25.01,nasa,0.67
2014-04-25,1.22,18.26,14.34,22.81,nasa,0.68
2014-04-26,0.05,16.85,11.95,22.83,nasa,0.67
2014-04-27,0.03,17.01,13.06,22.63,nasa,0.66
2014-04-28,0.05,15.53,10.2,21.13,nasa,0.66
2014-04-29,0.0,14.11,7.78,21.55,nasa,0.66
2014-04-30,0.0,15.65,8.86,23.69,nasa,0.65
2014-05-01,0.0,16.61,10.24,24.85,nasa,0.65
2014-05-02,0.0,18.25,12.39,27.44,nasa,0.65
2014-05-03,0.01,17.84,11.69,25.53,nasa,0.64
2014-05-04,0.01,18.87,14.42,25.03,nasa,0.64
2014-05-05,0.0,20.19,12.85,27.66,nasa,0.64
2014-05-06,0.0,20.41,14.76,28.18,nasa,0.64
2014-05-07,0.0,21.25,15.63,28.21,nasa,0.63
2014-05-08,0.05,20.8,17.44,26.65,nasa,0.63
2014-05-09,5.21,20.83,14.9,28.07,nasa,0.63
2014-05-10,1.21,17.72,14.06,23.57,nasa,0.64
2014-05-11,0.21,16.06,12.05,21.87,nasa,0.64
2014-05-12,0.02,15.26,10.6,22.09,nasa,0.64
2014-05-13,0.01,17.48,11.31,25.19,nasa,0.64
2014-05-14,0.01,18.27,14.62,23.41,nasa,0.63
2014-05-15,0.0,19.55,14.48,26.44,nasa,0.63
2014-05-16,0.0,19.94,14.4,27.92,nasa,0.63
2014-05-17,0.0,19.05,14.19,26.16,nasa,0.63
2014-05-18,0.0,19.54,15.24,25.83,nasa,0.63
2014-05-19,0.02,19.84,14.89,26.91,nasa,0.63
2014-05-20,0.01,19.36,14.43,27.03,nasa,0.62
2014-05-21,0.02,19.22,14.19,26.79,nasa,0.62
2014-05-22,0.01,19.83,14.49,27.45,nasa,0.62
2014-05-23,0.01,21.43,14.48,29.42,nasa,0.62
2014-05-24,3.23,20.63,16.46,27.25,nasa,0.62
2014-05-25,1.93,19.36,16.01,25.45,nasa,0.63
2014-05-26,0.27,20.45,17.05,25.78,nasa,0.63
2014-05-27,2.76,20.66,16.08,26.84,nasa,0.63
2014-05-28,0.24,18.31,13.31,26.0,nasa,0.63
2014-05-29,0.11,17.36,13.98,23.2,nasa,0.63
2014-05-30,0.07,16.12,12.89,21.65,nasa,0.63
2014-05-31,0.0,16.66,11.89,24.01,nasa,0.62
2014-06-01,0.01,17.94,11.85,25.41,nasa,0.62
2014-06-02,0.35,17.77,13.79,23.51,nasa,0.62
2014-06-03,0.03,17.98,13.2,25.14,nasa,0.62
2014-06-04,0.0,17.98,13.39,25.03,nasa,0.62
2014-06-05,0.01,18.93,13.77,26.41,nasa,0.62
2014-06-06,0.02,19.48,13.13,27.73,nasa,0.62
2014-06-07,0.0,19.44,14.75,26.98,nasa,0.62
2014-06-08,0.05,18.53,14.46,26.05,nasa,0.62
2014-06-09,0.08,20.22,14.98,27.49,nasa,0.61
2014-06-10,0.03,18.88,14.74,25.2,nasa,0.61
2014-06-11,0.55,18.29,14.71,24.58,nasa,0.61
2014-06-12,0.58,18.0,14.55,24.42,nasa,0.61
2014-06-13,2.47,18.32,15.19,24.42,nasa,0.61
2014-06-14,0.22,18.26,13.87,25.46,nasa,0.62
2014-06-15,0.01,18.37,12.85,26.65,nasa,0.61
2014-06-16,0.03,17.91,13.83,25.3,nasa,0.61
2014-06-17,0.02,19.32,13.59,27.27,nasa,0.61
2014-06-18,0.67,20.02,14.98,26.42,nasa,0.61
2014-06-19,1.67,17.62,14.39,23.01,nasa,0.61
2014-06-20,0.8,16.66,13.6,22.54,nasa,0.61
2014-06-21,2.11,16.76,13.59,22.3,nasa,0.61
2014-06-22,1.14,16.3,12.82,22.32,nasa,0.62
2014-06-23,0.04,16.25,12.67,20.94,nasa,0.62
2014-06-24,0.0,17.32,12.07,25.18,nasa,0.62
2014-06-25,0.0,17.64,12.23,25.23,nasa,0.61
2014-06-26,0.01,17.9,13.0,25.81,nasa,0.61
2014-06-27,0.0,18.65,12.95,26.76,nasa,0.61
2014-06-28,0.0,19.91,14.63,27.76,nasa,0.61
2014-06-29,0.69,19.87,15.85,26.06,nasa,0.61
2014-06-30,0.12,19.51,15.42,26.68,nasa,0.61
2014-07-01,0.07,20.24,14.83,27.6,nasa,0.61
2014-07-02,0.05,19.86,14.72,27.53,nasa,0.61
2014-07-03,0.2,19.25,13.98,27.52,nasa,0.61
2014-07-04,0.15,18.62,13.08,27.01,nasa,0.6
2014-07-05,0.15,17.84,12.78,25.6,nasa,0.6
2014-07-06,0.79,17.55,13.12,23.96,nasa,0.6
2014-07-07,0.96,18.1,13.6,24.93,nasa,0.6
2014-07-08,0.83,18.26,15.27,23.43,nasa,0.61
2014-07-09,0.89,18.12,14.07,24.16,nasa,0.61
2014-07-10,2.64,17.82,14.97,23.44,nasa,0.61
2014-07-11,1.1,16.29,13.88,20.91,nasa,0.61
2014-07-12,1.13,16.56,13.4,22.95,nasa,0.61
2014-07-13,0.26,15.37,11.19,21.2,nasa,0.61
2014-07-14,0.1,14.74,10.13,21.39,nasa,0.61
2014-07-15,0.05,15.69,11.68,21.87,nasa,0.61
2014-07-16,0.04,17.28,12.29,24.46,nasa,0.61
2014-07-17,0.05,18.75,13.59,25.88,nasa,0.61
2014-07-18,0.02,19.59,14.64,26.16,nasa,0.61
2014-07-19,0.07,17.74,13.2,23.58,nasa,0.6
2014-07-20,0.0,16.29,11.65,23.5,nasa,0.6
2014-07-21,0.0,16.42,11.62,24.62,nasa,0.6
2014-07-22,0.0,16.71,11.2,24.83,nasa,0.6
2014-07-23,0.03,16.92,11.57,24.41,nasa,0.6
2014-07-24,0.02,18.62,13.43,25.91,nasa,0.6
2014-07-25,1.15,19.89,15.64,26.15,nasa,0.6
2014-07-26,14.61,16.57,14.67,19.4,nasa,0.61
2014-07-27,10.81,16.87,15.09,20.24,nasa,0.64
2014-07-28,2.96,16.05,14.22,19.5,nasa,0.65
2014-07-29,1.07,14.31,11.51,17.72,nasa,0.65
2014-07-30,0.19,14.33,9.99,21.18,nasa,0.64
2014-07-31,0.0,16.32,10.86,23.84,nasa,0.64
2014-08-01,0.0,16.93,11.57,23.61,nasa,0.63
2014-08-02,0.0,18.72,11.14,26.8,nasa,0.63
2014-08-03,0.05,20.06,12.72,27.62,nasa,0.63
2014-08-04,0.0,20.31,13.44,28.76,nasa,0.62
2014-08-05,0.05,17.36,11.39,24.21,nasa,0.62
2014-08-06,0.0,13.8,9.24,21.84,nasa,0.62
2014-08-07,0.0,15.2,8.57,24.14,nasa,0.62
2014-08-08,0.0,16.12,9.16,26.7,nasa,0.61
2014-08-09,0.08,16.25,10.81,23.2,nasa,0.61
2014-08-10,0.22,17.22,12.47,24.53,nasa,0.61
2014-08-11,0.0,17.31,11.0,25.92,nasa,0.61
2014-08-12,0.0,18.99,13.53,27.26,nasa,0.61
2014-08-13,0.33,20.2,13.78,29.63,nasa,0.61
2014-08-14,0.61,15.4,12.62,20.66,nasa,0.61
2014-08-15,0.96,15.86,12.28,21.74,nasa,0.61
2014-08-16,2.24,16.9,13.18,23.63,nasa,0.61
2014-08-17,2.03,18.02,13.99,24.96,nasa,0.61
2014-08-18,0.8,18.56,14.63,24.7,nasa,0.61
2014-08-19,0.15,18.8,13.68,25.82,nasa,0.61
2014-08-20,0.03,18.48,13.68,25.24,nasa,0.61
2014-08-21,0.02,18.4,12.48,27.41,nasa,0.61
2014-08-22,0.0,19.64,12.47,29.65,nasa,0.61
2014-08-23,0.0,19.76,12.15,29.89,nasa,0.6
2014-08-24,0.0,18.67,12.8,28.05,nasa,0.6
2014-08-25,0.0,18.89,10.62,29.07,nasa,0.6
2014-08-26,0.0,20.78,13.61,30.11,nasa,0.6
2014-08-27,0.12,22.07,14.88,32.12,nasa,0.6
2014-08-28,1.08,20.64,15.27,29.08,nasa,0.6
2014-08-29,0.35,18.49,13.37,27.72,nasa,0.6
2014-08-30,0.16,19.38,13.84,28.01,nasa,0.6
2014-08-31,0.05,20.77,14.14,29.34,nasa,0.6
2014-09-01,0.0,23.1,16.29,32.46,nasa,0.6
2014-09-02,0.47,22.16,14.97,32.35,nasa,0.6
2014-09-03,3.58,21.87,15.07,30.82,nasa,0.6
2014-09-04,0.55,18.5,13.76,25.01,nasa,0.6
2014-09-05,0.04,15.13,9.9,21.65,nasa,0.6
2014-09-06,0.0,15.81,9.55,24.45,nasa,0.6
2014-09-07,0.0,17.48,10.42,26.94,nasa,0.6
2014-09-08,0.04,18.55,11.14,27.59,nasa,0.6
2014-09-09,0.31,18.91,13.54,27.5,nasa,0.6
2014-09-10,0.04,19.91,13.66,28.76,nasa,0.6
2014-09-11,0.02,20.74,13.36,30.78,nasa,0.6
2014-09-12,0.0,20.62,13.66,30.14,nasa,0.6
2014-09-13,0.0,20.33,14.07,29.59,nasa,0.6
2014-09-14,0.0,20.55,13.78,30.17,nasa,0.6
2014-09-15,0.0,20.39,13.4,29.53,nasa,0.59
2014-09-16,0.0,21.82,14.59,31.36,nasa,0.59
2014-09-17,0.07,21.44,16.17,30.13,nasa,0.59
2014-09-18,0.01,22.2,15.95,30.65,nasa,0.59
2014-09-19,0.0,22.03,15.39,30.87,nasa,0.59
2014-09-20,0.0,23.66,16.08,33.0,nasa,0.59
2014-09-21,5.5,23.87,17.0,33.53,nasa,0.59
2014-09-22,1.16,19.02,14.12,27.22,nasa,0.6
2014-09-23,0.03,18.91,11.53,28.75,nasa,0.6
2014-09-24,0.01,19.71,12.88,29.1,nasa,0.6
2014-09-25,0.0,20.96,13.91,30.83,nasa,0.6
2014-09-26,0.0,21.82,15.12,30.89,nasa,0.6
2014-09-27,0.0,23.08,16.02,31.86,nasa,0.6
2014-09-28,0.0,22.45,17.0,28.41,nasa,0.6
2014-09-29,0.0,24.52,17.89,32.8,nasa,0.6
2014-09-30,20.2,24.06,18.61,31.38,nasa,0.61
2014-10-01,1.51,24.36,19.77,30.2,nasa,0.63
2014-10-02,0.47,20.41,13.82,27.12,nasa,0.63
2014-10-03,0.12,15.88,11.69,22.93,nasa,0.62
2014-10-04,0.2,14.66,10.6,21.51,nasa,0.62
2014-10-05,0.23,14.42,8.47,21.79,nasa,0.62
2014-10-06,0.77,15.75,10.75,23.32,nasa,0.62
2014-10-07,0.06,17.35,10.6,24.8,nasa,0.61
2014-10-08,0.01,18.36,13.04,25.6,nasa,0.61
2014-10-09,0.0,19.84,13.31,28.09,nasa,0.61
2014-10-10,0.0,21.58,14.44,30.98,nasa,0.6
2014-10-11,0.0,23.29,14.74,33.59,nasa,0.6
2014-10-12,0.0,24.43,16.36,34.75,nasa,0.6
2014-10-13,0.0,24.78,17.23,34.27,nasa,0.6
2014-10-14,0.0,25.77,17.37,35.44,nasa,0.6
2014-10-15,0.01,24.52,17.44,34.94,nasa,0.6
2014-10-16,0.0,24.44,17.3,33.76,nasa,0.59
2014-10-17,0.0,24.9,16.57,34.58,nasa,0.59
2014-10-18,0.0,26.35,17.9,36.11,nasa,0.59
2014-10-19,3.61,26.98,18.81,35.6,nasa,0.6
2014-10-20,2.58,24.48,18.6,31.68,nasa,0.6
2014-10-21,3.94,18.67,14.49,24.29,nasa,0.61
2014-10-22,0.53,17.89,13.5,25.73,nasa,0.61
2014-10-23,0.0,19.36,13.09,27.83,nasa,0.61
2014-10-24,0.0,21.99,14.71,31.83,nasa,0.6
2014-10-25,1.19,22.07,15.94,30.9,nasa,0.6
2014-10-26,23.31,19.23,16.5,22.09,nasa,0.62
2014-10-27,16.55,19.13,15.83,24.43,nasa,0.66
2014-10-28,3.9,18.93,13.83,25.4,nasa,0.67
2014-10-29,2.13,19.14,15.38,23.66,nasa,0.66
2014-10-30,0.45,21.51,16.92,28.01,nasa,0.65
2014-10-31,1.74,21.92,18.34,27.3,nasa,0.64
2014-11-01,0.05,22.99,17.0,31.12,nasa,0.64
2014-11-02,0.01,23.47,17.35,31.57,nasa,0.63
2014-11-03,0.0,22.19,16.61,29.87,nasa,0.63
2014-11-04,0.01,22.13,16.0,30.55,nasa,0.62
2014-11-05,0.1,24.24,17.06,32.43,nasa,0.62
2014-11-06,6.34,23.91,18.83,30.85,nasa,0.62
2014-11-07,0.74,23.29,18.94,29.95,nasa,0.62
2014-11-08,1.01,23.9,17.67,31.66,nasa,0.62
2014-11-09,14.37,22.35,18.33,28.59,nasa,0.63
2014-11-10,2.05,21.61,16.97,28.18,nasa,0.64
2014-11-11,2.43,21.01,15.03,28.83,nasa,0.64
2014-11-12,5.17,22.16,16.14,28.64,nasa,0.64
2014-11-13,23.35,21.73,19.13,26.4,nasa,0.65
2014-11-14,21.98,21.55,17.33,27.37,nasa,0.7
2014-11-15,1.45,17.9,14.09,23.38,nasa,0.7
2014-11-16,0.1,18.22,13.28,25.54,nasa,0.68
2014-11-17,0.0,17.76,11.64,26.14,nasa,0.67
2014-11-18,0.0,17.75,11.73,26.08,nasa,0.66
2014-11-19,0.0,19.12,11.44,28.23,nasa,0.65
2014-11-20,0.0,21.21,14.6,28.98,nasa,0.64
2014-11-21,0.0,23.12,15.63,31.03,nasa,0.64
2014-11-22,0.02,24.26,18.36,31.69,nasa,0.63
2014-11-23,11.2,22.62,18.91,29.0,nasa,0.63
2014-11-24,10.89,22.38,18.75,27.9,nasa,0.65
2014-11-25,2.9,21.96,19.1,26.47,nasa,0.66
2014-11-26,0.13,22.24,18.17,27.63,nasa,0.66
2014-11-27,10.65,22.58,17.79,28.02,nasa,0.65
2014-11-28,47.91,20.95,17.92,24.44,nasa,0.71
2014-11-29,4.84,19.95,17.35,23.17,nasa,0.74
2014-11-30,7.82,20.4,18.05,23.02,nasa,0.73
2014-12-01,2.28,20.07,14.75,25.4,nasa,0.72
2014-12-02,0.33,20.26,13.57,27.03,nasa,0.7
2014-12-03,0.02,21.72,15.7,28.0,nasa,0.69
2014-12-04,5.77,22.37,15.94,28.92,nasa,0.68
2014-12-05,15.2,20.22,17.34,23.97,nasa,0.7
2014-12-06,1.64,19.89,17.13,24.11,nasa,0.7
2014-12-07,0.88,20.08,16.67,24.27,nasa,0.7
2014-12-08,2.29,21.87,16.96,27.97,nasa,0.69
2014-12-09,0.42,22.25,17.81,27.91,nasa,0.68
2014-12-10,0.3,22.19,17.49,28.71,nasa,0.67
2014-12-11,0.14,22.64,17.06,28.89,nasa,0.66
2014-12-12,0.04,23.05,18.21,29.56,nasa,0.66
2014-12-13,8.35,22.59,18.25,28.56,nasa,0.66
2014-12-14,20.92,20.97,18.8,24.46,nasa,0.68
2014-12-15,18.65,20.03,15.5,24.55,nasa,0.72
2014-12-16,0.16,18.98,13.7,25.74,nasa,0.71
2014-12-17,0.01,20.27,13.05,27.69,nasa,0.7
2014-12-18,0.02,22.15,16.32,28.39,nasa,0.68
2014-12-19,0.27,23.35,17.93,29.48,nasa,0.67
2014-12-20,0.29,23.74,19.41,28.79,nasa,0.67
2014-12-21,5.93,22.82,19.8,26.86,nasa,0.67
2014-12-22,4.95,23.88,19.97,29.22,nasa,0.67
2014-12-23,1.72,24.41,19.37,30.03,nasa,0.67
2014-12-24,0.02,24.13,18.37,30.84,nasa,0.66
2014-12-25,0.0,23.64,18.57,30.72,nasa,0.66
2014-12-26,0.0,24.2,17.73,32.31,nasa,0.65
2014-12-27,0.0,24.48,17.4,32.98,nasa,0.64
2014-12-28,0.0,25.67,17.77,34.25,nasa,0.64
2014-12-29,0.0,26.52,18.83,35.13,nasa,0.63
2014-12-30,0.96,26.44,18.89,34.26,nasa,0.63
2014-12-31,0.71,25.48,19.57,31.64,nasa,0.63
2015-01-01,0.02,26.65,19.09,35.05,nasa,0.63
2015-01-02,5.35,27.21,19.42,35.38,nasa,0.62
2015-01-03,3.27,26.19,20.47,33.2,nasa,0.63
2015-01-04,0.36,24.75,19.15,31.88,nasa,0.63
2015-01-05,0.01,24.18,18.07,31.57,nasa,0.63
2015-01-06,0.0,23.4,18.65,29.83,nasa,0.63
2015-01-07,0.0,23.99,18.21,31.75,nasa,0.62
2015-01-08,0.02,23.58,16.9,31.94,nasa,0.62
2015-01-09,0.04,24.2,17.55,32.41,nasa,0.62
2015-01-10,0.0,25.22,17.65,34.04,nasa,0.62
2015-01-11,0.0,25.51,18.25,34.38,nasa,0.61
2015-01-12,0.0,26.18,19.09,34.76,nasa,0.61
2015-01-13,0.0,25.95,19.32,34.46,nasa,0.61
2015-01-14,0.0,25.16,17.95,34.24,nasa,0.61
2015-01-15,0.0,25.79,18.52,34.88,nasa,0.61
2015-01-16,0.0,25.17,17.96,34.03,nasa,0.6
2015-01-17,0.0,25.66,18.43,34.85,nasa,0.6
2015-01-18,0.0,26.27,18.75,35.2,nasa,0.6
2015-01-19,0.0,25.77,19.02,34.63,nasa,0.6
2015-01-20,0.0,25.91,18.13,35.12,nasa,0.6
2015-01-21,0.0,26.38,17.91,35.56,nasa,0.6
2015-01-22,0.11,25.99,19.79,33.93,nasa,0.6
2015-01-23,0.13,25.12,19.44,32.57,nasa,0.6
2015-01-24,0.75,23.91,19.2,30.45,nasa,0.6
2015-01-25,0.12,24.39,18.09,32.76,nasa,0.6
2015-01-26,1.38,24.25,18.77,31.01,nasa,0.6
2015-01-27,0.93,23.95,19.66,28.94,nasa,0.6
2015-01-28,0.55,25.43,18.87,33.34,nasa,0.6
2015-01-29,0.04,27.0,18.42,35.8,nasa,0.6
2015-01-30,0.36,26.63,19.36,35.69,nasa,0.6
2015-01-31,0.24,26.9,20.28,36.03,nasa,0.6
2015-02-01,0.04,25.56,17.83,34.8,nasa,0.6
2015-02-02,0.03,25.56,19.1,33.53,nasa,0.6
2015-02-03,0.13,23.96,18.68,29.17,nasa,0.6
2015-02-04,4.64,23.73,19.17,29.9,nasa,0.6
2015-02-05,15.25,21.31,19.42,24.24,nasa,0.63
2015-02-06,12.06,21.11,18.88,24.13,nasa,0.64
2015-02-07,21.19,21.73,19.42,25.92,nasa,0.67
2015-02-08,12.27,21.47,19.16,24.36,nasa,0.7
2015-02-09,7.94,21.96,19.38,26.03,nasa,0.7
2015-02-10,0.57,21.89,18.82,26.72,nasa,0.69
2015-02-11,0.5,22.48,18.22,28.25,nasa,0.67
2015-02-12,0.0,23.66,17.82,30.75,nasa,0.66
2015-02-13,0.0,24.37,18.49,31.46,nasa,0.65
2015-02-14,0.0,24.73,18.38,31.58,nasa,0.64
2015-02-15,0.0,24.47,18.65,31.28,nasa,0.64
2015-02-16,10.11,24.11,19.11,30.42,nasa,0.64
2015-02-17,3.16,23.06,18.83,29.11,nasa,0.65
2015-02-18,0.0,23.8,19.39,29.87,nasa,0.65
2015-02-19,0.5,23.81,19.23,30.08,nasa,0.64
2015-02-20,0.04,24.06,17.51,32.43,nasa,0.63
2015-02-21,0.02,23.88,17.76,32.38,nasa,0.63
2015-02-22,0.99,23.13,17.9,30.23,nasa,0.62
2015-02-23,2.55,22.96,18.46,29.84,nasa,0.62
2015-02-24,0.37,23.25,18.07,30.34,nasa,0.62
2015-02-25,0.09,24.64,18.37,32.09,nasa,0.62
2015-02-26,11.49,22.67,19.43,27.47,nasa,0.63
2015-02-27,18.23,21.56,19.63,24.49,nasa,0.66
2015-02-28,4.87,23.09,18.3,29.76,nasa,0.67
2015-03-01,3.62,21.13,16.94,26.93,nasa,0.67
2015-03-02,2.92,20.61,16.49,27.13,nasa,0.66
2015-03-03,9.94,21.56,17.98,26.94,nasa,0.66
2015-03-04,10.17,21.7,17.93,26.92,nasa,0.67
2015-03-05,5.14,21.9,17.78,27.53,nasa,0.68
2015-03-06,0.32,22.2,17.58,28.13,nasa,0.67
2015-03-07,6.2,23.17,18.14,29.12,nasa,0.67
2015-03-08,1.07,23.22,19.5,27.71,nasa,0.67
2015-03-09,0.1,22.19,19.58,25.62,nasa,0.66
2015-03-10,0.09,22.44,19.54,25.96,nasa,0.66
2015-03-11,0.54,24.15,18.89,29.93,nasa,0.65
2015-03-12,0.89,24.49,19.37,30.72,nasa,0.65
2015-03-13,0.1,24.52,19.08,31.33,nasa,0.64
2015-03-14,0.0,25.09,19.42,32.56,nasa,0.64
2015-03-15,0.0,24.46,18.35,32.1,nasa,0.63
2015-03-16,0.0,24.17,19.12,31.14,nasa,0.63
2015-03-17,0.68,23.53,18.19,30.26,nasa,0.63
2015-03-18,0.27,23.04,18.72,29.59,nasa,0.63
2015-03-19,3.18,23.28,18.15,31.29,nasa,0.62
2015-03-20,1.24,23.0,18.38,29.8,nasa,0.63
2015-03-21,5.96,21.4,19.13,24.99,nasa,0.63
2015-03-22,6.59,21.95,18.58,27.09,nasa,0.64
2015-03-23,5.75,20.78,17.88,24.98,nasa,0.65
2015-03-24,8.35,20.86,16.82,27.37,nasa,0.66
2015-03-25,0.15,21.0,17.0,27.26,nasa,0.66
2015-03-26,0.01,21.73,15.25,29.35,nasa,0.65
2015-03-27,0.0,23.14,16.44,31.43,nasa,0.64
2015-03-28,0.0,23.4,16.95,31.88,nasa,0.64
2015-03-29,2.56,23.78,18.66,30.78,nasa,0.64
2015-03-30,2.56,22.93,18.54,29.58,nasa,0.64
2015-03-31,1.68,23.2,19.1,28.17,nasa,0.64
2015-04-01,9.62,23.71,18.85,29.86,nasa,0.64
2015-04-02,6.79,19.76,17.29,23.79,nasa,0.66
2015-04-03,0.57,19.6,15.89,25.33,nasa,0.66
2015-04-04,0.04,20.68,15.3,27.18,nasa,0.65
2015-04-05,0.04,21.95,16.79,28.4,nasa,0.65
2015-04-06,4.76,23.63,18.84,29.51,nasa,0.64
2015-04-07,2.3,20.39,15.87,26.51,nasa,0.65
2015-04-08,0.06,17.89,14.82,22.09,nasa,0.65
2015-04-09,1.92,19.45,14.98,26.33,nasa,0.64
2015-04-10,1.01,18.93,15.41,25.07,nasa,0.64
2015-04-11,0.11,19.78,14.52,27.28,nasa,0.64
2015-04-12,0.01,20.75,14.9,28.57,nasa,0.64
2015-04-13,0.0,20.76,15.52,28.61,nasa,0.63
2015-04-14,0.0,20.67,14.7,28.18,nasa,0.63
2015-04-15,0.0,21.53,14.26,29.73,nasa,0.63
2015-04-16,0.0,22.69,16.38,30.15,nasa,0.62
2015-04-17,0.72,21.91,17.5,28.81,nasa,0.62
2015-04-18,0.13,22.82,17.2,30.35,nasa,0.62
2015-04-19,0.57,23.67,17.93,31.18,nasa,0.62
2015-04-20,0.53,23.38,19.15,29.81,nasa,0.62
2015-04-21,2.5,23.03,18.78,28.23,nasa,0.62
2015-04-22,17.49,21.26,18.16,25.03,nasa,0.63
2015-04-23,3.32,20.38,17.54,26.31,nasa,0.65
2015-04-24,0.37,21.33,17.39,27.67,nasa,0.65
2015-04-25,2.82,20.51,16.44,25.56,nasa,0.65
2015-04-26,1.85,18.89,14.61,25.15,nasa,0.65
2015-04-27,4.16,19.11,15.72,25.16,nasa,0.65
2015-04-28,0.24,19.13,14.99,25.5,nasa,0.65
2015-04-29,9.1,18.82,14.45,24.81,nasa,0.65
2015-04-30,4.5,18.33,15.16,24.14,nasa,0.66
2015-05-01,8.7,16.57,14.48,21.18,nasa,0.66
2015-05-02,1.23,18.49,14.5,24.64,nasa,0.67
2015-05-03,0.0,19.49,14.78,26.01,nasa,0.66
2015-05-04,0.0,20.68,15.49,27.21,nasa,0.65
2015-05-05,10.4,20.59,16.97,26.03,nasa,0.65
2015-05-06,9.57,17.97,15.9,21.91,nasa,0.68
2015-05-07,7.29,17.79,15.12,22.42,nasa,0.68
2015-05-08,2.2,16.3,13.33,21.41,nasa,0.68
2015-05-09,0.15,17.5,12.48,23.86,nasa,0.67
2015-05-10,0.0,18.54,13.31,25.22,nasa,0.67
2015-05-11,0.21,19.2,14.64,24.65,nasa,0.66
2015-05-12,0.31,19.81,15.22,25.91,nasa,0.66
2015-05-13,0.03,17.74,13.96,23.47,nasa,0.65
2015-05-14,0.22,16.4,13.06,20.89,nasa,0.65
2015-05-15,0.17,16.1,11.92,21.86,nasa,0.65
2015-05-16,2.69,16.92,13.53,22.61,nasa,0.65
2015-05-17,2.39,17.4,13.5,22.93,nasa,0.65
2015-05-18,1.32,17.16,15.02,20.44,nasa,0.65
2015-05-19,5.09,17.01,14.32,21.25,nasa,0.65
2015-05-20,1.71,17.39,14.11,22.85,nasa,0.66
2015-05-21,0.93,17.35,14.36,22.63,nasa,0.66
2015-05-22,0.63,17.19,12.73,23.54,nasa,0.65
2015-05-23,0.2,16.16,10.78,23.13,nasa,0.65
2015-05-24,0.05,17.96,13.3,24.26,nasa,0.65
2015-05-25,0.0,19.59,13.22,28.18,nasa,0.65
2015-05-26,0.01,19.38,13.27,27.07,nasa,0.64
2015-05-27,0.22,19.37,13.41,26.28,nasa,0.64
2015-05-28,0.97,20.32,16.47,26.56,nasa,0.64
2015-05-29,16.65,18.42,15.76,24.01,nasa,0.65
2015-05-30,1.05,19.18,14.21,25.09,nasa,0.67
2015-05-31,0.13,19.97,15.3,25.6,nasa,0.66
2015-06-01,3.21,20.09,15.87,26.17,nasa,0.66
2015-06-02,1.76,17.52,14.12,22.65,nasa,0.66
2015-06-03,0.75,14.96,12.19,19.59,nasa,0.66
2015-06-04,0.08,17.4,12.01,24.73,nasa,0.65
2015-06-05,0.9,18.55,14.32,24.45,nasa,0.65
2015-06-06,0.19,18.3,14.31,25.05,nasa,0.65
2015-06-07,0.01,18.23,13.11,25.92,nasa,0.65
2015-06-08,0.05,17.38,11.75,25.63,nasa,0.64
2015-06-09,0.0,18.78,12.64,26.24,nasa,0.64
2015-06-10,0.04,19.82,14.5,26.79,nasa,0.64
2015-06-11,0.03,19.7,14.79,26.26,nasa,0.63
2015-06-12,0.0,20.11,13.64,28.06,nasa,0.63
2015-06-13,0.0,19.71,15.4,26.43,nasa,0.63
2015-06-14,0.0,19.48,14.15,26.33,nasa,0.63
2015-06-15,0.29,21.36,14.08,29.59,nasa,0.63
2015-06-16,1.94,18.28,15.49,22.77,nasa,0.63
2015-06-17,0.06,19.92,15.04,27.32,nasa,0.63
2015-06-18,0.01,20.09,15.64,27.04,nasa,0.63
2015-06-19,4.6,17.99,14.48,23.2,nasa,0.63
2015-06-20,4.64,15.4,13.32,19.73,nasa,0.64
2015-06-21,1.21,16.1,12.68,21.93,nasa,0.64
2015-06-22,0.73,17.37,13.98,23.35,nasa,0.64
2015-06-23,0.01,18.93,13.28,25.29,nasa,0.64
2015-06-24,2.87,16.53,12.86,21.77,nasa,0.64
2015-06-25,1.91,14.07,12.14,17.94,nasa,0.64
2015-06-26,3.1,14.13,11.86,18.1,nasa,0.64
2015-06-27,2.42,14.77,11.77,18.92,nasa,0.65
2015-06-28,0.3,15.27,10.78,22.3,nasa,0.65
2015-06-29,0.14,16.28,12.08,23.05,nasa,0.64
2015-06-30,0.02,17.76,12.66,24.88,nasa,0.64
2015-07-01,0.0,19.05,14.86,25.27,nasa,0.64
2015-07-02,0.0,17.8,15.18,21.71,nasa,0.64
2015-07-03,0.0,18.33,14.63,25.05,nasa,0.63
2015-07-04,0.06,20.25,15.03,27.56,nasa,0.63
2015-07-05,0.4,16.02,13.47,19.88,nasa,0.63
2015-07-06,0.48,15.32,12.79,19.2,nasa,0.63
2015-07-07,0.53,16.89,12.58,22.79,nasa,0.63
2015-07-08,0.04,17.64,12.99,24.06,nasa,0.63
2015-07-09,0.0,18.17,14.3,24.42,nasa,0.63
2015-07-10,0.0,19.26,14.01,26.95,nasa,0.63
2015-07-11,0.01,19.27,12.9,27.38,nasa,0.62
2015-07-12,0.0,19.6,14.34,27.95,nasa,0.62
2015-07-13,0.0,18.96,13.91,27.47,nasa,0.62
2015-07-14,0.01,18.37,12.57,27.08,nasa,0.62
2015-07-15,0.15,18.64,13.07,26.64,nasa,0.62
2015-07-16,0.51,18.17,13.45,24.61,nasa,0.62
2015-07-17,0.08,17.82,13.12,25.01,nasa,0.62
2015-07-18,0.06,17.66,12.33,25.53,nasa,0.61
2015-07-19,0.08,18.15,12.95,26.3,nasa,0.61
2015-07-20,0.3,17.89,12.25,24.54,nasa,0.61
2015-07-21,0.2,18.52,14.89,25.27,nasa,0.61
2015-07-22,1.12,17.52,13.9,23.31,nasa,0.61
2015-07-23,5.64,17.4,13.9,23.63,nasa,0.62
2015-07-24,0.48,18.44,14.11,25.18,nasa,0.62
2015-07-25,0.03,19.01,14.4,25.84,nasa,0.62
2015-07-26,0.54,19.95,15.78,26.27,nasa,0.62
2015-07-27,1.64,19.7,15.71,26.15,nasa,0.62
2015-07-28,0.0,20.05,14.99,27.27,nasa,0.62
2015-07-29,0.01,19.97,15.03,27.47,nasa,0.62
2015-07-30,0.01,19.11,13.64,27.62,nasa,0.62
2015-07-31,0.0,19.22,14.01,26.85,nasa,0.61
2015-08-01,0.0,19.01,13.13,27.33,nasa,0.61
2015-08-02,0.0,18.02,13.03,25.89,nasa,0.61
2015-08-03,0.0,18.26,10.94,26.9,nasa,0.61
2015-08-04,0.0,19.07,12.49,28.49,nasa,0.61
2015-08-05,0.01,18.73,11.73,27.71,nasa,0.61
2015-08-06,0.0,18.76,11.97,27.27,nasa,0.6
2015-08-07,0.0,19.64,13.66,27.94,nasa,0.6
2015-08-08,0.59,19.13,14.31,26.41,nasa,0.6
2015-08-09,1.85,17.93,14.36,24.8,nasa,0.61
2015-08-10,0.71,16.95,11.45,24.5,nasa,0.61
2015-08-11,0.43,16.06,10.64,24.54,nasa,0.61
2015-08-12,0.5,15.07,8.79,22.22,nasa,0.6
2015-08-13,1.27,17.28,11.3,25.07,nasa,0.61
2015-08-14,0.44,17.68,12.71,25.52,nasa,0.61
2015-08-15,0.07,18.0,12.12,26.76,nasa,0.6
2015-08-16,0.0,19.09,13.27,27.92,nasa,0.6
2015-08-17,0.1,18.68,13.01,26.92,nasa,0.6
2015-08-18,0.46,18.77,12.89,27.38,nasa,0.6
2015-08-19,0.02,19.71,13.37,27.74,nasa,0.6
2015-08-20,0.02,19.41,14.38,26.5,nasa,0.6
2015-08-21,0.0,18.31,12.87,26.22,nasa,0.6
2015-08-22,0.0,19.02,13.68,26.27,nasa,0.6
2015-08-23,0.0,20.46,13.9,29.55,nasa,0.6
2015-08-24,0.06,20.46,13.74,29.65,nasa,0.6
2015-08-25,1.97,20.21,15.57,27.29,nasa,0.6
2015-08-26,0.1,21.02,15.42,29.72,nasa,0.6
2015-08-27,1.04,22.15,14.62,31.15,nasa,0.6
2015-08-28,2.05,19.87,15.01,26.53,nasa,0.6
2015-08-29,0.18,18.63,13.65,25.83,nasa,0.6
2015-08-30,0.0,21.45,14.55,30.79,nasa,0.6
2015-08-31,0.01,22.21,15.35,32.02,nasa,0.6
2015-09-01,0.02,22.83,14.72,33.93,nasa,0.6
2015-09-02,1.09,18.91,14.17,26.2,nasa,0.6
2015-09-03,0.9,20.97,13.6,29.33,nasa,0.6
2015-09-04,0.27,23.15,15.93,32.53,nasa,0.6
2015-09-05,4.74,19.8,15.12,28.64,nasa,0.6
2015-09-06,8.99,20.71,15.1,28.64,nasa,0.61
2015-09-07,16.97,22.73,17.77,30.04,nasa,0.63
2015-09-08,1.53,22.11,17.22,29.26,nasa,0.65
2015-09-09,1.32,22.27,16.88,28.99,nasa,0.64
2015-09-10,0.03,22.11,17.21,28.49,nasa,0.64
2015-09-11,0.91,23.2,17.57,31.02,nasa,0.63
2015-09-12,4.37,20.36,15.99,26.01,nasa,0.63
2015-09-13,10.65,17.57,14.29,23.97,nasa,0.64
2015-09-14,3.45,18.21,13.93,25.04,nasa,0.65
2015-09-15,0.42,21.37,15.52,29.38,nasa,0.65
2015-09-16,0.04,21.73,15.77,30.06,nasa,0.64
2015-09-17,0.01,22.09,15.55,31.28,nasa,0.63
2015-09-18,0.0,22.49,16.15,31.82,nasa,0.63
2015-09-19,0.0,21.98,15.73,32.03,nasa,0.62
2015-09-20,0.0,21.74,14.51,31.38,nasa,0.62
2015-09-21,0.01,22.56,15.82,31.65,nasa,0.61
2015-09-22,0.0,23.07,15.19,32.54,nasa,0.61
2015-09-23,0.0,23.46,14.5,33.88,nasa,0.61
2015-09-24,0.0,24.89,17.04,34.96,nasa,0.6
2015-09-25,0.0,26.48,18.29,36.79,nasa,0.6
2015-09-26,0.0,24.52,18.03,33.55,nasa,0.6
2015-09-27,0.0,24.77,18.13,34.07,nasa,0.6
2015-09-28,0.0,25.0,16.41,34.6,nasa,0.6
2015-09-29,0.1,25.06,17.66,33.87,nasa,0.6
2015-09-30,0.02,25.19,19.29,33.07,nasa,0.6
2015-10-01,0.06,24.38,18.14,32.79,nasa,0.6
2015-10-02,0.04,24.94,17.8,33.66,nasa,0.6
2015-10-03,0.0,24.43,16.69,32.86,nasa,0.6
2015-10-04,1.65,24.76,18.07,35.45,nasa,0.6
2015-10-05,2.12,20.72,15.33,28.35,nasa,0.6
2015-10-06,0.03,20.08,14.23,29.19,nasa,0.6
2015-10-07,0.01,21.83,14.77,31.99,nasa,0.6
2015-10-08,0.0,22.16,15.21,31.8,nasa,0.6
2015-10-09,0.0,22.24,14.26,32.09,nasa,0.6
2015-10-10,0.0,23.75,15.32,34.29,nasa,0.6
2015-10-11,0.0,24.75,17.61,34.19,nasa,0.6
2015-10-12,0.0,23.43,16.43,32.87,nasa,0.6
2015-10-13,0.0,24.17,16.35,34.09,nasa,0.59
2015-10-14,0.0,25.13,17.93,34.37,nasa,0.59
2015-10-15,0.0,26.37,18.12,36.13,nasa,0.59
2015-10-16,0.0,27.67,18.4,38.14,nasa,0.59
2015-10-17,0.01,26.42,17.99,37.14,nasa,0.59
2015-10-18,0.67,22.17,16.2,30.88,nasa,0.59
2015-10-19,0.67,21.36,15.39,31.25,nasa,0.59
2015-10-20,0.17,24.32,16.11,34.64,nasa,0.59
2015-10-21,0.0,27.17,17.55,38.36,nasa,0.59
2015-10-22,16.79,27.59,19.86,36.66,nasa,0.6
2015-10-23,2.66,25.24,19.74,33.67,nasa,0.63
2015-10-24,0.33,22.82,16.83,31.42,nasa,0.62
2015-10-25,0.91,22.21,17.13,30.94,nasa,0.62
2015-10-26,0.2,22.89,16.39,31.49,nasa,0.61
2015-10-27,0.26,23.52,16.67,31.08,nasa,0.61
2015-10-28,7.66,21.68,18.96,26.32,nasa,0.61
2015-10-29,9.91,21.62,17.2,27.08,nasa,0.64
2015-10-30,6.61,21.21,16.48,28.03,nasa,0.64
2015-10-31,1.42,23.15,17.82,29.94,nasa,0.64
2015-11-01,0.12,23.12,18.2,29.21,nasa,0.63
2015-11-02,0.02,24.24,18.39,31.79,nasa,0.63
2015-11-03,0.0,24.93,18.43,32.81,nasa,0.62
2015-11-04,0.05,24.79,18.82,31.99,nasa,0.62
2015-11-05,0.1,26.7,18.53,35.49,nasa,0.61
2015-11-06,0.24,26.53,20.07,35.69,nasa,0.61
2015-11-07,2.08,25.29,19.93,33.15,nasa,0.61
2015-11-08,7.41,23.55,18.85,30.34,nasa,0.62
2015-11-09,0.55,24.58,18.47,33.02,nasa,0.62
2015-11-10,0.27,25.01,18.69,32.24,nasa,0.61
2015-11-11,0.0,25.99,19.57,33.72,nasa,0.61
2015-11-12,1.59,23.53,20.17,29.16,nasa,0.61
2015-11-13,7.39,24.14,18.47,32.18,nasa,0.61
2015-11-14,0.06,25.91,20.77,33.13,nasa,0.62
2015-11-15,1.69,25.04,20.65,29.64,nasa,0.62
2015-11-16,7.74,23.18,19.4,29.48,nasa,0.62
2015-11-17,9.93,21.7,19.21,25.62,nasa,0.63
2015-11-18,5.31,22.05,20.31,24.97,nasa,0.65
2015-11-19,7.92,22.92,20.21,27.43,nasa,0.65
2015-11-20,11.66,22.67,19.32,26.07,nasa,0.67
2015-11-21,11.29,22.73,17.63,28.58,nasa,0.67
2015-11-22,1.86,21.16,15.43,28.04,nasa,0.67
2015-11-23,2.74,22.29,18.43,27.48,nasa,0.66
2015-11-24,1.43,23.08,19.6,27.62,nasa,0.66
2015-11-25,1.15,23.1,19.02,27.21,nasa,0.65
2015-11-26,2.64,21.93,17.36,28.44,nasa,0.65
2015-11-27,0.73,20.96,16.21,27.27,nasa,0.65
2015-11-28,0.02,23.75,16.73,31.3,nasa,0.64
2015-11-29,4.56,23.62,19.31,29.34,nasa,0.64
2015-11-30,4.88,24.24,19.69,31.02,nasa,0.64
2015-12-01,5.37,22.24,19.07,27.69,nasa,0.65
2015-12-02,11.52,21.98,18.47,25.66,nasa,0.65
2015-12-03,16.19,22.11,19.67,25.74,nasa,0.69
2015-12-04,9.67,22.33,19.41,25.88,nasa,0.69
2015-12-05,6.04,23.1,20.1,26.62,nasa,0.7
2015-12-06,1.7,23.12,20.48,26.74,nasa,0.69
2015-12-07,31.42,23.6,20.03,28.27,nasa,0.69
2015-12-08,10.29,22.27,18.4,27.74,nasa,0.73
2015-12-09,0.18,22.7,19.66,27.04,nasa,0.71
2015-12-10,0.44,22.3,19.18,26.13,nasa,0.7
2015-12-11,10.81,22.85,20.18,26.75,nasa,0.7
2015-12-12,3.32,22.14,18.92,26.7,nasa,0.7
2015-12-13,0.33,22.59,18.75,27.24,nasa,0.69
2015-12-14,0.13,23.72,19.35,29.48,nasa,0.68
2015-12-15,0.0,24.24,18.36,30.77,nasa,0.67
2015-12-16,0.07,24.04,17.56,31.21,nasa,0.66
2015-12-17,1.35,23.9,18.75,30.02,nasa,0.66
2015-12-18,2.44,24.0,19.27,29.86,nasa,0.65
2015-12-19,0.74,24.14,18.61,31.01,nasa,0.65
2015-12-20,14.13,23.53,18.7,29.95,nasa,0.66
2015-12-21,1.69,23.46,18.63,29.63,nasa,0.67
2015-12-22,0.06,23.76,18.17,30.88,nasa,0.66
2015-12-23,0.06,23.98,18.2,31.33,nasa,0.65
2015-12-24,0.0,24.62,18.25,32.21,nasa,0.64
2015-12-25,5.23,24.67,18.87,32.03,nasa,0.64
2015-12-26,7.02,21.1,18.64,24.91,nasa,0.65
2015-12-27,2.86,23.06,18.48,29.04,nasa,0.66
2015-12-28,0.55,24.39,18.72,30.95,nasa,0.65
2015-12-29,0.21,23.71,19.93,28.17,nasa,0.65
2015-12-30,1.83,24.23,18.93,30.62,nasa,0.64
2015-12-31,0.33,25.73,18.84,33.43,nasa,0.64
2016-01-01,0.0,26.14,19.88,32.76,nasa,0.64
2016-01-02,9.78,24.18,20.53,30.46,nasa,0.64
2016-01-03,28.9,22.29,18.98,26.97,nasa,0.67
2016-01-04,3.43,20.75,16.11,26.49,nasa,0.7
2016-01-05,0.32,20.14,15.34,26.43,nasa,0.69
2016-01-06,0.06,20.95,16.01,28.04,nasa,0.67
2016-01-07,0.01,22.99,16.35,29.86,nasa,0.66
2016-01-08,0.0,24.01,18.29,30.48,nasa,0.65
2016-01-09,0.23,24.94,19.66,31.71,nasa,0.65
2016-01-10,0.19,25.1,19.43,32.65,nasa,0.64
2016-01-11,0.12,25.28,20.17,30.95,nasa,0.64
2016-01-12,5.12,22.96,20.34,25.83,nasa,0.64
2016-01-13,2.12,24.11,19.9,30.52,nasa,0.64
2016-01-14,2.05,25.05,20.59,30.55,nasa,0.64
2016-01-15,4.64,23.57,20.89,28.17,nasa,0.64
2016-01-16,19.47,21.89,19.5,24.66,nasa,0.66
2016-01-17,34.42,21.22,18.94,25.33,nasa,0.71
2016-01-18,7.91,21.69,18.58,26.45,nasa,0.74
2016-01-19,7.94,21.18,19.44,23.31,nasa,0.73
2016-01-20,17.03,20.14,17.08,22.65,nasa,0.74
2016-01-21,12.25,19.14,16.15,23.06,nasa,0.74
2016-01-22,5.33,19.74,16.01,24.12,nasa,0.74
2016-01-23,12.26,20.29,17.99,23.96,nasa,0.75
2016-01-24,9.53,21.82,17.91,26.51,nasa,0.74
2016-01-25,15.36,22.5,19.52,26.75,nasa,0.75
2016-01-26,5.85,23.89,19.44,28.77,nasa,0.76
2016-01-27,5.64,23.79,20.49,28.22,nasa,0.74
2016-01-28,1.39,22.75,19.64,27.21,nasa,0.74
2016-01-29,0.14,21.85,18.5,26.36,nasa,0.73
2016-01-30,0.0,22.23,17.99,28.47,nasa,0.71
2016-01-31,0.02,22.54,17.46,28.94,nasa,0.7
2016-02-01,0.0,23.59,17.79,29.55,nasa,0.69
2016-02-02,1.43,23.9,18.15,30.0,nasa,0.68
2016-02-03,2.76,23.66,18.37,29.79,nasa,0.68
2016-02-04,0.16,23.65,18.36,29.68,nasa,0.67
2016-02-05,0.0,23.59,17.74,29.94,nasa,0.67
2016-02-06,0.0,24.02,17.58,30.75,nasa,0.66
2016-02-07,0.0,24.13,19.14,30.19,nasa,0.66
2016-02-08,0.0,23.57,17.92,30.89,nasa,0.65
2016-02-09,0.0,23.99,18.29,31.5,nasa,0.65
2016-02-10,0.0,24.56,17.18,32.41,nasa,0.65
2016-02-11,12.98,24.79,20.58,30.0,nasa,0.65
2016-02-12,7.21,22.36,20.06,26.7,nasa,0.68
2016-02-13,0.7,23.49,19.1,29.29,nasa,0.67
2016-02-14,0.32,24.13,18.77,30.09,nasa,0.67
2016-02-15,1.08,24.39,19.1,30.5,nasa,0.66
2016-02-16,2.7,24.93,20.19,30.0,nasa,0.66
2016-02-17,6.15,24.64,19.79,29.9,nasa,0.66
2016-02-18,0.59,21.92,17.8,26.67,nasa,0.66
2016-02-19,0.0,23.18,17.67,29.94,nasa,0.66
2016-02-20,1.34,24.03,18.87,30.2,nasa,0.65
2016-02-21,0.33,23.99,19.19,30.14,nasa,0.65
2016-02-22,0.08,24.44,19.74,31.31,nasa,0.65
2016-02-23,0.16,24.27,18.94,31.04,nasa,0.64
2016-02-24,0.13,25.02,19.4,32.02,nasa,0.64
2016-02-25,0.71,24.78,19.64,31.17,nasa,0.64
2016-02-26,6.04,23.28,20.16,27.77,nasa,0.64
2016-02-27,1.89,23.52,19.91,28.31,nasa,0.65
2016-02-28,5.47,25.13,19.47,31.33,nasa,0.65
2016-02-29,3.92,23.37,20.04,27.37,nasa,0.65
2016-03-01,3.5,22.99,19.21,29.07,nasa,0.66
2016-03-02,0.07,23.92,18.85,30.68,nasa,0.66
2016-03-03,0.08,22.51,18.28,27.09,nasa,0.65
2016-03-04,26.86,22.86,19.19,27.64,nasa,0.66
2016-03-05,10.11,22.13,19.65,26.08,nasa,0.71
2016-03-06,3.07,22.04,19.83,25.62,nasa,0.7
2016-03-07,0.44,22.2,19.03,26.75,nasa,0.7
2016-03-08,0.0,21.74,18.64,25.43,nasa,0.69
2016-03-09,0.0,22.83,18.23,28.16,nasa,0.68
2016-03-10,0.0,23.01,17.62,29.46,nasa,0.67
2016-03-11,0.19,24.01,19.21,29.85,nasa,0.66
2016-03-12,1.35,22.94,19.87,27.25,nasa,0.66
2016-03-13,24.56,22.56,19.62,28.12,nasa,0.67
2016-03-14,6.02,22.14,18.78,27.09,nasa,0.7
2016-03-15,2.42,21.33,17.04,26.74,nasa,0.69
2016-03-16,4.29,21.62,18.1,26.88,nasa,0.69
2016-03-17,12.59,21.81,18.3,26.88,nasa,0.69
2016-03-18,10.94,21.58,17.87,26.19,nasa,0.7
2016-03-19,3.9,21.96,18.64,26.9,nasa,0.71
2016-03-20,0.29,21.26,17.14,27.06,nasa,0.7
2016-03-21,0.0,21.23,16.44,27.59,nasa,0.68
2016-03-22,0.01,22.56,16.85,28.4,nasa,0.67
2016-03-23,2.37,23.25,18.28,29.02,nasa,0.67
2016-03-24,1.01,22.93,20.02,27.09,nasa,0.67
2016-03-25,0.16,23.58,19.09,29.23,nasa,0.66
2016-03-26,1.82,23.68,18.99,29.89,nasa,0.66
2016-03-27,0.35,24.01,20.03,29.55,nasa,0.66
2016-03-28,0.0,23.8,19.13,29.9,nasa,0.65
2016-03-29,0.0,23.62,19.69,29.38,nasa,0.65
2016-03-30,0.0,22.89,19.22,28.2,nasa,0.65
2016-03-31,0.0,23.15,18.97,28.11,nasa,0.64
2016-04-01,0.45,22.78,18.97,28.04,nasa,0.64
2016-04-02,0.56,23.01,18.28,29.41,nasa,0.64
2016-04-03,0.14,23.12,17.72,30.63,nasa,0.64
2016-04-04,1.69,23.43,18.13,30.84,nasa,0.64
2016-04-05,1.05,22.27,18.16,28.66,nasa,0.64
2016-04-06,0.37,22.31,16.88,29.77,nasa,0.64
2016-04-07,0.0,23.07,17.22,30.56,nasa,0.63
2016-04-08,0.0,23.42,16.82,31.85,nasa,0.63
2016-04-09,0.0,23.29,16.48,32.01,nasa,0.63
2016-04-10,0.01,23.1,16.75,31.84,nasa,0.63
2016-04-11,0.01,22.81,16.79,31.2,nasa,0.62
2016-04-12,0.12,23.32,17.41,31.28,nasa,0.62
2016-04-13,0.14,23.41,18.86,30.16,nasa,0.62
2016-04-14,0.03,23.7,18.03,30.66,nasa,0.62
2016-04-15,0.0,23.89,17.6,31.78,nasa,0.62
2016-04-16,0.0,23.5,18.14,31.87,nasa,0.62
2016-04-17,0.99,23.02,17.52,30.79,nasa,0.62
2016-04-18,0.64,23.08,17.96,30.41,nasa,0.62
2016-04-19,0.25,22.93,18.5,30.32,nasa,0.61
2016-04-20,0.07,23.25,16.94,30.8,nasa,0.61
2016-04-21,0.23,22.47,19.09,26.94,nasa,0.61
2016-04-22,0.0,23.33,18.25,30.35,nasa,0.61
2016-04-23,0.0,22.71,17.4,29.94,nasa,0.61
2016-04-24,0.0,22.03,16.66,30.15,nasa,0.61
2016-04-25,0.0,22.21,16.78,29.56,nasa,0.61
2016-04-26,0.0,23.21,17.61,30.88,nasa,0.61
2016-04-27,0.12,24.16,18.75,32.01,nasa,0.61
2016-04-28,12.31,18.71,16.0,20.11,nasa,0.62
2016-04-29,6.92,17.83,15.04,22.39,nasa,0.64
2016-04-30,8.36,19.76,15.6,25.88,nasa,0.65
2016-05-01,2.56,17.46,13.52,23.21,nasa,0.66
2016-05-02,0.01,16.86,10.52,24.59,nasa,0.65
2016-05-03,0.02,18.64,13.2,25.97,nasa,0.65
2016-05-04,0.03,19.77,14.4,27.23,nasa,0.64
2016-05-05,0.0,19.52,14.49,26.83,nasa,0.64
2016-05-06,0.0,20.34,15.07,27.45,nasa,0.63
2016-05-07,0.0,20.97,15.8,27.77,nasa,0.63
2016-05-08,0.07,21.36,15.61,27.83,nasa,0.63
2016-05-09,0.0,21.6,16.5,27.75,nasa,0.63
2016-05-10,0.0,21.49,15.79,29.11,nasa,0.62
2016-05-11,0.17,21.51,15.56,29.16,nasa,0.62
2016-05-12,2.3,20.52,16.78,26.17,nasa,0.62
2016-05-13,0.81,19.2,16.0,26.06,nasa,0.62
2016-05-14,0.15,16.83,14.03,20.41,nasa,0.62
2016-05-15,0.01,18.76,13.21,26.19,nasa,0.62
2016-05-16,0.0,20.89,15.26,28.82,nasa,0.62
2016-05-17,0.16,22.37,16.93,30.01,nasa,0.62
2016-05-18,2.87,21.04,17.08,27.58,nasa,0.62
2016-05-19,1.42,19.18,16.62,24.53,nasa,0.62
2016-05-20,0.61,19.97,15.85,26.52,nasa,0.62
2016-05-21,0.08,21.55,16.13,28.83,nasa,0.62
2016-05-22,0.03,21.81,16.8,29.52,nasa,0.62
2016-05-23,1.2,21.56,15.04,30.1,nasa,0.62
2016-05-24,0.29,16.55,11.67,23.26,nasa,0.62
2016-05-25,0.05,16.88,13.48,22.84,nasa,0.62
2016-05-26,0.0,17.6,12.83,24.91,nasa,0.61
2016-05-27,0.0,17.8,12.76,25.32,nasa,0.61
2016-05-28,0.0,17.47,12.94,23.41,nasa,0.61
2016-05-29,0.0,19.15,15.29,25.47,nasa,0.61
2016-05-30,0.03,20.55,13.22,28.82,nasa,0.61
2016-05-31,0.0,22.17,15.49,29.29,nasa,0.61
2016-06-01,9.07,21.42,15.65,28.5,nasa,0.62
2016-06-02,5.24,21.15,17.08,27.34,nasa,0.63
2016-06-03,3.04,21.33,17.11,26.39,nasa,0.64
2016-06-04,0.18,20.95,17.04,26.86,nasa,0.63
2016-06-05,0.01,22.69,16.9,29.34,nasa,0.63
2016-06-06,0.06,23.93,17.58,31.38,nasa,0.63
2016-06-07,2.69,22.27,17.79,27.8,nasa,0.63
2016-06-08,17.51,17.44,14.55,21.84,nasa,0.64
2016-06-09,3.4,14.62,12.56,16.86,nasa,0.66
2016-06-10,0.45,15.62,11.33,20.67,nasa,0.66
2016-06-11,0.19,15.73,10.82,21.82,nasa,0.65
2016-06-12,0.11,14.7,10.23,21.65,nasa,0.65
2016-06-13,0.01,13.11,9.04,19.71,nasa,0.64
2016-06-14,0.05,13.95,9.56,20.25,nasa,0.64
2016-06-15,0.0,13.92,8.33,22.23,nasa,0.64
2016-06-16,0.0,14.9,8.95,23.65,nasa,0.64
2016-06-17,0.0,16.33,8.82,24.74,nasa,0.63
2016-06-18,0.0,17.22,10.27,26.27,nasa,0.63
2016-06-19,0.0,17.25,11.46,25.48,nasa,0.63
2016-06-20,0.64,17.93,11.62,25.97,nasa,0.63
2016-06-21,2.32,16.88,13.87,22.52,nasa,0.63
2016-06-22,3.33,16.51,13.98,21.5,nasa,0.63
2016-06-23,0.34,18.32,14.31,24.74,nasa,0.63
2016-06-24,0.25,16.93,13.29,22.89,nasa,0.63
2016-06-25,0.7,15.42,12.42,20.22,nasa,0.63
2016-06-26,1.34,15.05,10.84,20.96,nasa,0.63
2016-06-27,1.96,15.9,12.19,21.92,nasa,0.63
2016-06-28,1.72,16.91,12.95,23.63,nasa,0.63
2016-06-29,0.59,17.33,11.25,24.63,nasa,0.63
2016-06-30,1.9,17.77,14.38,23.61,nasa,0.63
2016-07-01,0.32,17.74,13.5,24.79,nasa,0.63
2016-07-02,0.09,17.47,12.07,25.14,nasa,0.63
2016-07-03,0.12,17.28,12.75,25.39,nasa,0.63
2016-07-04,0.55,17.22,11.9,24.49,nasa,0.62
2016-07-05,0.14,17.83,13.23,25.03,nasa,0.62
2016-07-06,0.02,17.53,13.18,24.83,nasa,0.62
2016-07-07,0.01,19.47,13.16,27.72,nasa,0.62
2016-07-08,0.0,16.58,11.9,24.25,nasa,0.62
2016-07-09,0.0,16.66,11.55,24.93,nasa,0.62
2016-07-10,0.0,18.31,11.23,27.16,nasa,0.61
2016-07-11,0.0,19.63,12.56,28.94,nasa,0.61
2016-07-12,0.01,20.16,12.6,29.2,nasa,0.61
2016-07-13,0.0,20.29,13.84,29.53,nasa,0.61
2016-07-14,0.0,18.81,12.21,27.83,nasa,0.61
2016-07-15,0.0,20.05,13.53,29.45,nasa,0.61
2016-07-16,0.0,20.95,13.81,30.15,nasa,0.61
2016-07-17,0.02,18.85,13.12,26.52,nasa,0.6
2016-07-18,0.02,15.93,11.14,24.97,nasa,0.6
2016-07-19,0.0,16.81,10.87,25.66,nasa,0.6
2016-07-20,0.0,18.17,12.8,25.41,nasa,0.6
2016-07-21,0.13,17.48,13.62,24.59,nasa,0.6
2016-07-22,0.14,15.94,12.97,21.34,nasa,0.6
2016-07-23,0.33,17.16,12.23,24.2,nasa,0.6
2016-07-24,0.05,18.59,12.58,26.78,nasa,0.6
2016-07-25,0.01,19.16,13.61,28.23,nasa,0.6
2016-07-26,0.01,19.11,13.92,27.33,nasa,0.6
2016-07-27,0.0,20.23,13.39,29.44,nasa,0.6
2016-07-28,0.02,17.52,13.83,23.94,nasa,0.6
2016-07-29,2.01,17.07,13.02,23.68,nasa,0.6
2016-07-30,7.65,17.05,13.06,23.36,nasa,0.61
2016-07-31,2.38,16.57,12.27,23.65,nasa,0.62
2016-08-01,0.02,15.74,10.61,24.0,nasa,0.62
2016-08-02,0.0,17.87,10.31,27.01,nasa,0.62
2016-08-03,2.1,17.24,13.41,23.66,nasa,0.61
2016-08-04,1.57,16.72,13.43,22.64,nasa,0.62
2016-08-05,0.04,17.75,12.21,25.53,nasa,0.62
2016-08-06,0.0,18.87,12.97,27.0,nasa,0.61
2016-08-07,0.0,20.68,14.05,28.97,nasa,0.61
2016-08-08,0.05,19.75,14.33,27.66,nasa,0.61
2016-08-09,0.02,20.79,14.5,29.82,nasa,0.61
2016-08-10,0.58,20.58,14.42,30.06,nasa,0.61
2016-08-11,1.18,16.46,12.61,22.26,nasa,0.61
2016-08-12,0.01,16.5,10.57,25.03,nasa,0.61
2016-08-13,0.0,17.95,12.1,26.58,nasa,0.6
2016-08-14,0.0,19.98,13.59,28.6,nasa,0.6
2016-08-15,0.03,21.23,14.39,29.31,nasa,0.6
2016-08-16,2.08,21.65,15.6,27.95,nasa,0.6
2016-08-17,0.02,22.9,14.87,31.46,nasa,0.6
2016-08-18,0.08,23.53,16.71,32.45,nasa,0.6
2016-08-19,0.38,22.28,17.26,30.1,nasa,0.6
2016-08-20,0.08,21.66,16.42,29.2,nasa,0.6
2016-08-21,0.09,23.58,16.93,32.41,nasa,0.6
2016-08-22,0.24,15.93,11.97,20.74,nasa,0.6
2016-08-23,0.3,16.55,11.27,24.6,nasa,0.6
2016-08-24,0.13,16.85,12.12,25.2,nasa,0.6
2016-08-25,0.0,17.39,11.95,26.78,nasa,0.6
2016-08-26,0.0,18.16,11.85,27.71,nasa,0.6
2016-08-27,0.0,18.48,10.04,28.49,nasa,0.6
2016-08-28,0.0,19.57,13.19,28.72,nasa,0.6
2016-08-29,0.0,21.19,14.55,30.31,nasa,0.6
2016-08-30,0.03,21.49,15.08,30.03,nasa,0.6
2016-08-31,0.65,22.04,17.04,29.26,nasa,0.6
2016-09-01,1.73,20.46,16.64,25.91,nasa,0.6
2016-09-02,0.27,20.87,15.47,28.61,nasa,0.6
2016-09-03,0.98,20.26,14.17,28.18,nasa,0.6
2016-09-04,0.45,20.08,13.95,28.17,nasa,0.6
2016-09-05,0.0,21.1,15.45,29.64,nasa,0.6
2016-09-06,0.0,21.14,15.16,29.71,nasa,0.6
2016-09-07,0.0,22.35,16.08,30.6,nasa,0.6
2016-09-08,0.07,21.56,16.63,28.62,nasa,0.6
2016-09-09,0.27,21.81,15.64,30.01,nasa,0.6
2016-09-10,0.19,21.59,16.45,28.96,nasa,0.6
2016-09-11,0.0,21.67,14.54,30.35,nasa,0.59
2016-09-12,0.01,22.01,15.08,31.03,nasa,0.59
2016-09-13,0.0,22.17,16.51,30.32,nasa,0.59
2016-09-14,0.0,23.28,15.83,32.71,nasa,0.59
2016-09-15,0.03,24.11,16.8,33.61,nasa,0.59
2016-09-16,0.5,20.4,16.94,26.23,nasa,0.59
2016-09-17,0.01,22.99,16.3,31.74,nasa,0.59
2016-09-18,4.85,24.55,18.14,33.32,nasa,0.6
2016-09-19,4.51,23.79,16.38,33.49,nasa,0.6
2016-09-20,16.63,21.46,15.72,29.8,nasa,0.63
2016-09-21,5.34,16.48,12.97,21.42,nasa,0.64
2016-09-22,0.04,17.36,12.6,25.21,nasa,0.64
2016-09-23,0.0,19.49,13.07,28.68,nasa,0.63
2016-09-24,0.26,21.29,13.86,30.41,nasa,0.62
2016-09-25,8.53,19.88,15.88,25.77,nasa,0.63
2016-09-26,10.5,17.47,13.36,24.35,nasa,0.65
2016-09-27,0.21,18.46,13.36,26.64,nasa,0.64
2016-09-28,0.1,19.46,14.12,27.05,nasa,0.64
2016-09-29,0.1,21.73,14.68,30.01,nasa,0.63
2016-09-30,0.71,19.68,14.94,27.0,nasa,0.63
2016-10-01,4.87,16.96,14.3,21.06,nasa,0.63
2016-10-02,3.67,17.55,14.02,24.47,nasa,0.63
2016-10-03,0.67,19.0,13.4,26.63,nasa,0.63
2016-10-04,11.18,18.54,15.09,22.56,nasa,0.64
2016-10-05,1.23,19.18,14.94,26.11,nasa,0.65
2016-10-06,3.78,18.66,14.62,24.15,nasa,0.64
2016-10-07,0.53,20.65,14.8,28.7,nasa,0.64
2016-10-08,0.0,20.83,13.67,29.96,nasa,0.64
2016-10-09,0.57,21.92,14.8,31.39,nasa,0.63
2016-10-10,3.11,19.89,15.25,27.34,nasa,0.63
2016-10-11,0.38,20.44,14.8,28.05,nasa,0.63
2016-10-12,0.05,21.45,15.17,29.46,nasa,0.62
2016-10-13,0.02,20.94,15.93,29.13,nasa,0.62
2016-10-14,0.01,22.24,17.36,29.1,nasa,0.62
2016-10-15,1.35,23.45,17.69,31.19,nasa,0.62
2016-10-16,0.21,23.56,18.23,30.11,nasa,0.61
2016-10-17,0.06,23.52,17.27,30.98,nasa,0.61
2016-10-18,0.0,24.96,17.5,33.88,nasa,0.61
2016-10-19,0.02,25.86,18.3,34.66,nasa,0.61
2016-10-20,0.07,26.76,18.8,36.33,nasa,0.6
2016-10-21,3.68,25.44,19.01,34.03,nasa,0.6
2016-10-22,3.9,22.72,17.96,29.64,nasa,0.61
2016-10-23,0.84,22.11,17.54,29.71,nasa,0.61
2016-10-24,0.16,23.57,17.82,31.72,nasa,0.61
2016-10-25,2.29,22.92,18.07,29.98,nasa,0.61
2016-10-26,0.82,23.73,18.24,31.73,nasa,0.61
2016-10-27,0.12,24.74,18.09,32.02,nasa,0.61
2016-10-28,17.38,22.82,16.18,30.92,nasa,0.61
2016-10-29,7.06,16.75,13.65,20.42,nasa,0.65
2016-10-30,2.14,17.96,14.09,23.89,nasa,0.65
2016-10-31,0.21,19.59,13.88,27.77,nasa,0.64
2016-11-01,0.21,21.32,14.19,29.55,nasa,0.63
2016-11-02,0.69,22.0,17.56,28.62,nasa,0.63
2016-11-03,0.21,23.28,17.17,30.31,nasa,0.62
2016-11-04,9.95,22.42,18.68,29.06,nasa,0.63
2016-11-05,1.34,21.0,16.55,26.87,nasa,0.64
2016-11-06,0.24,20.43,16.26,27.28,nasa,0.63
2016-11-07,7.64,20.33,16.23,26.52,nasa,0.63
2016-11-08,12.68,20.34,17.18,26.23,nasa,0.65
2016-11-09,2.01,21.84,16.75,28.46,nasa,0.66
2016-11-10,0.62,21.14,17.81,25.8,nasa,0.65
2016-11-11,0.44,23.21,17.57,29.27,nasa,0.64
2016-11-12,12.32,22.11,19.64,25.98,nasa,0.65
2016-11-13,16.1,20.6,18.44,24.08,nasa,0.67
2016-11-14,29.32,18.59,16.85,20.55,nasa,0.71
2016-11-15,13.12,21.5,18.7,25.06,nasa,0.73
2016-11-16,8.62,22.18,19.53,25.57,nasa,0.73
2016-11-17,1.33,23.65,20.19,28.21,nasa,0.72
2016-11-18,32.39,22.22,14.68,28.05,nasa,0.71
2016-11-19,1.03,16.43,11.19,22.6,nasa,0.74
2016-11-20,0.0,16.48,8.66,24.48,nasa,0.71
2016-11-21,0.0,19.81,12.14,27.4,nasa,0.7
2016-11-22,15.62,21.15,16.78,27.61,nasa,0.69
2016-11-23,19.0,21.42,18.4,25.63,nasa,0.74
2016-11-24,5.86,21.72,18.28,26.76,nasa,0.73
2016-11-25,2.45,20.66,17.17,26.58,nasa,0.72
2016-11-26,1.27,20.61,16.3,27.12,nasa,0.71
2016-11-27,0.5,22.18,17.17,28.22,nasa,0.7
2016-11-28,0.1,23.06,17.44,29.29,nasa,0.69
2016-11-29,9.24,23.32,19.1,28.6,nasa,0.69
2016-11-30,32.89,19.55,15.11,22.12,nasa,0.73
2016-12-01,1.02,17.86,14.78,23.32,nasa,0.74
2016-12-02,0.87,19.14,13.73,25.38,nasa,0.72
2016-12-03,2.96,21.87,16.23,27.86,nasa,0.71
2016-12-04,22.44,21.62,19.27,24.23,nasa,0.72
2016-12-05,14.33,22.19,19.92,25.01,nasa,0.75
2016-12-06,0.31,22.99,18.42,28.55,nasa,0.75
2016-12-07,0.7,23.31,17.53,29.69,nasa,0.73
2016-12-08,2.13,22.69,18.86,26.98,nasa,0.72
2016-12-09,15.2,22.6,18.68,26.79,nasa,0.72
2016-12-10,38.52,22.21,20.27,24.74,nasa,0.78
2016-12-11,18.01,24.07,20.45,28.79,nasa,0.79
2016-12-12,9.58,23.94,20.57,28.11,nasa,0.79
2016-12-13,12.19,22.56,20.65,25.58,nasa,0.79
2016-12-14,24.29,22.3,20.31,26.42,nasa,0.79
2016-12-15,36.79,19.72,15.23,22.85,nasa,0.84
2016-12-16,5.18,17.51,15.01,21.57,nasa,0.83
2016-12-17,9.7,19.4,16.06,23.74,nasa,0.82
2016-12-18,7.36,19.67,16.1,24.19,nasa,0.82
2016-12-19,6.4,19.89,16.36,24.25,nasa,0.81
2016-12-20,2.42,20.63,16.86,25.83,nasa,0.8
2016-12-21,0.67,21.06,17.39,26.03,nasa,0.8
2016-12-22,0.5,22.15,17.72,27.5,nasa,0.79
2016-12-23,0.17,21.21,17.63,26.08,nasa,0.78
2016-12-24,0.85,22.18,16.89,27.78,nasa,0.77
2016-12-25,3.96,22.76,16.88,29.26,nasa,0.77
2016-12-26,1.12,22.1,18.38,26.56,nasa,0.77
2016-12-27,0.15,23.1,17.98,28.98,nasa,0.76
2016-12-28,1.29,22.95,18.22,28.66,nasa,0.75
2016-12-29,0.32,22.71,18.18,28.75,nasa,0.75
2016-12-30,0.41,22.73,16.35,29.36,nasa,0.74
2016-12-31,1.61,22.22,17.9,28.43,nasa,0.73
2017-01-01,0.0,22.02,17.26,27.96,nasa,0.73
2017-01-02,0.33,23.61,17.14,29.57,nasa,0.72
2017-01-03,4.74,23.46,19.79,27.88,nasa,0.72
2017-01-04,0.57,22.52,18.21,28.2,nasa,0.72
2017-01-05,0.05,23.07,18.08,28.81,nasa,0.72
2017-01-06,0.57,23.85,18.68,29.48,nasa,0.71
2017-01-07,0.18,22.75,18.39,28.48,nasa,0.71
2017-01-08,0.03,22.22,17.37,28.09,nasa,0.7
2017-01-09,0.05,22.69,18.2,28.24,nasa,0.69
2017-01-10,0.51,21.59,18.9,25.36,nasa,0.69
2017-01-11,11.29,22.04,18.83,25.8,nasa,0.7
2017-01-12,8.24,22.82,17.94,28.54,nasa,0.71
2017-01-13,8.98,21.38,19.44,24.24,nasa,0.73
2017-01-14,4.21,20.58,18.13,24.78,nasa,0.74
2017-01-15,8.36,21.53,19.1,25.94,nasa,0.75
2017-01-16,1.27,21.22,18.35,25.33,nasa,0.74
2017-01-17,0.22,20.43,17.29,24.02,nasa,0.73
2017-01-18,0.0,21.47,17.02,27.11,nasa,0.73
2017-01-19,0.0,21.76,15.87,28.0,nasa,0.71
2017-01-20,0.0,21.84,17.09,27.76,nasa,0.71
2017-01-21,0.0,22.3,17.15,28.13,nasa,0.7
2017-01-22,1.21,21.7,17.88,26.81,nasa,0.69
2017-01-23,0.73,22.61,17.73,28.39,nasa,0.69
2017-01-24,0.14,22.76,19.15,27.98,nasa,0.68
2017-01-25,0.04,23.19,18.64,29.07,nasa,0.68
2017-01-26,0.03,22.97,18.08,29.8,nasa,0.67
2017-01-27,0.0,22.75,17.31,29.68,nasa,0.66
2017-01-28,0.13,22.62,17.15,29.49,nasa,0.66
2017-01-29,2.54,22.65,17.73,29.19,nasa,0.66
2017-01-30,0.58,22.33,17.63,28.82,nasa,0.66
2017-01-31,0.28,22.73,17.77,29.8,nasa,0.65
2017-02-01,0.56,22.47,17.79,27.95,nasa,0.65
2017-02-02,2.96,21.29,17.92,25.12,nasa,0.65
2017-02-03,6.22,22.01,18.42,27.36,nasa,0.66
2017-02-04,24.19,21.82,19.24,25.36,nasa,0.69
2017-02-05,11.47,20.63,19.04,22.86,nasa,0.72
2017-02-06,7.66,20.85,18.83,24.45,nasa,0.73
2017-02-07,3.69,21.8,18.63,25.93,nasa,0.73
2017-02-08,24.4,21.33,18.83,24.63,nasa,0.74
2017-02-09,6.6,21.86,18.52,26.4,nasa,0.75
2017-02-10,1.81,21.52,17.06,26.55,nasa,0.74
2017-02-11,4.51,21.67,17.18,27.07,nasa,0.73
2017-02-12,1.95,20.97,17.57,25.56,nasa,0.72
2017-02-13,0.92,20.73,15.83,26.34,nasa,0.72
2017-02-14,2.12,20.8,16.06,26.92,nasa,0.71
2017-02-15,1.07,21.17,16.25,27.11,nasa,0.7
2017-02-16,0.1,21.41,15.87,27.63,nasa,0.7
2017-02-17,0.09,22.63,17.59,29.0,nasa,0.69
2017-02-18,0.19,22.44,16.99,29.1,nasa,0.68
2017-02-19,0.09,23.0,17.72,29.74,nasa,0.67
2017-02-20,0.97,22.46,17.64,28.87,nasa,0.66
2017-02-21,2.42,21.5,17.37,27.63,nasa,0.66
2017-02-22,0.69,21.38,17.19,27.08,nasa,0.66
2017-02-23,0.22,22.18,17.05,28.64,nasa,0.66
2017-02-24,0.06,23.03,18.28,29.18,nasa,0.66
2017-02-25,1.98,23.55,18.4,30.13,nasa,0.65
2017-02-26,0.56,22.23,18.64,27.0,nasa,0.65
2017-02-27,4.03,20.92,18.52,24.03,nasa,0.66
2017-02-28,5.03,21.37,18.1,26.38,nasa,0.66
2017-03-01,2.44,22.0,19.46,26.22,nasa,0.67
2017-03-02,0.04,22.95,18.58,27.87,nasa,0.67
2017-03-03,0.1,23.46,18.37,30.13,nasa,0.66
2017-03-04,0.09,23.23,18.17,29.2,nasa,0.66
2017-03-05,0.05,23.85,18.72,30.49,nasa,0.65
2017-03-06,0.86,24.39,18.25,31.25,nasa,0.65
2017-03-07,4.6,23.34,20.42,27.64,nasa,0.65
2017-03-08,11.34,22.7,19.02,28.35,nasa,0.66
2017-03-09,3.22,22.3,18.16,27.86,nasa,0.67
2017-03-10,0.16,23.05,18.07,29.23,nasa,0.67
2017-03-11,0.02,22.77,18.3,29.44,nasa,0.66
2017-03-12,0.02,22.67,16.81,29.47,nasa,0.65
2017-03-13,0.3,23.64,17.4,31.07,nasa,0.65
2017-03-14,0.26,22.06,17.6,27.63,nasa,0.64
2017-03-15,1.35,20.87,17.88,25.56,nasa,0.64
2017-03-16,0.64,22.6,17.22,29.53,nasa,0.64
2017-03-17,0.12,23.84,18.09,30.25,nasa,0.64
2017-03-18,10.87,22.61,19.48,28.34,nasa,0.65
2017-03-19,13.92,20.9,18.25,23.85,nasa,0.67
2017-03-20,10.85,18.73,16.38,22.84,nasa,0.7
2017-03-21,0.29,19.35,14.98,25.11,nasa,0.69
2017-03-22,0.12,19.78,15.65,25.9,nasa,0.68
2017-03-23,0.0,19.47,15.35,25.26,nasa,0.67
2017-03-24,0.0,19.91,14.69,27.08,nasa,0.66
2017-03-25,0.63,21.57,14.66,29.5,nasa,0.66
2017-03-26,2.5,21.85,17.25,28.66,nasa,0.65
2017-03-27,8.96,21.68,17.89,28.31,nasa,0.66
2017-03-28,8.85,18.56,16.7,21.54,nasa,0.68
2017-03-29,1.81,18.95,15.26,24.55,nasa,0.68
2017-03-30,0.4,18.77,14.09,25.33,nasa,0.67
2017-03-31,2.69,19.19,14.53,25.67,nasa,0.66
2017-04-01,1.08,18.76,13.87,25.42,nasa,0.66
2017-04-02,0.59,19.04,13.87,25.64,nasa,0.66
2017-04-03,0.62,20.22,15.27,26.85,nasa,0.65
2017-04-04,0.46,20.74,15.39,27.98,nasa,0.65
2017-04-05,0.15,21.83,16.18,28.61,nasa,0.65
2017-04-06,0.0,23.38,17.7,30.46,nasa,0.64
2017-04-07,0.1,23.82,18.64,30.56,nasa,0.64
2017-04-08,0.65,23.26,17.97,30.27,nasa,0.64
2017-04-09,0.52,22.51,17.55,29.7,nasa,0.63
2017-04-10,2.71,21.9,17.9,27.53,nasa,0.63
2017-04-11,1.59,22.27,17.64,29.01,nasa,0.64
2017-04-12,2.62,22.17,17.77,28.79,nasa,0.64
2017-04-13,3.37,20.67,17.63,26.7,nasa,0.64
2017-04-14,1.58,20.81,17.17,27.33,nasa,0.64
2017-04-15,2.88,20.88,16.52,27.39,nasa,0.64
2017-04-16,0.34,21.56,16.34,28.75,nasa,0.64
2017-04-17,3.09,22.46,16.27,30.05,nasa,0.64
2017-04-18,7.09,19.06,15.47,24.21,nasa,0.65
2017-04-19,0.98,18.24,14.71,24.15,nasa,0.65
2017-04-20,0.19,18.32,13.52,25.31,nasa,0.65
2017-04-21,0.01,18.8,12.27,26.63,nasa,0.64
2017-04-22,7.07,21.25,14.98,28.84,nasa,0.64
2017-04-23,10.04,18.47,15.52,22.27,nasa,0.66
2017-04-24,3.31,19.55,16.48,25.25,nasa,0.67
2017-04-25,0.44,20.06,15.02,26.71,nasa,0.66
2017-04-26,0.03,21.22,16.03,28.33,nasa,0.66
2017-04-27,6.01,22.24,17.87,27.74,nasa,0.65
2017-04-28,6.07,19.25,15.3,24.18,nasa,0.66
2017-04-29,2.82,16.98,14.55,21.41,nasa,0.67
2017-04-30,1.33,17.24,14.73,22.28,nasa,0.66
2017-05-01,0.23,17.43,13.83,23.54,nasa,0.66
2017-05-02,0.1,17.28,13.83,23.07,nasa,0.66
2017-05-03,0.13,18.07,13.16,24.39,nasa,0.65
2017-05-04,0.09,19.42,14.9,26.09,nasa,0.65
2017-05-05,0.0,20.01,14.47,27.48,nasa,0.65
2017-05-06,2.21,20.18,14.81,26.75,nasa,0.64
2017-05-07,5.08,19.19,15.52,24.5,nasa,0.65
2017-05-08,1.62,18.78,15.03,25.09,nasa,0.65
2017-05-09,1.09,19.51,14.31,25.99,nasa,0.65
2017-05-10,0.11,19.79,14.93,26.16,nasa,0.64
2017-05-11,0.31,18.15,14.39,24.46,nasa,0.64
2017-05-12,0.1,16.24,11.45,22.65,nasa,0.64
2017-05-13,0.01,17.42,10.82,25.42,nasa,0.64
2017-05-14,0.01,19.88,12.08,27.97,nasa,0.63
2017-05-15,0.28,20.73,15.21,27.66,nasa,0.63
2017-05-16,1.1,18.15,13.43,24.89,nasa,0.63
2017-05-17,1.26,16.47,13.88,21.46,nasa,0.63
2017-05-18,1.02,16.49,13.04,22.38,nasa,0.63
2017-05-19,6.69,17.0,13.1,22.41,nasa,0.63
2017-05-20,7.16,18.31,15.62,22.93,nasa,0.65
2017-05-21,4.35,18.88,16.3,23.19,nasa,0.66
2017-05-22,8.96,19.61,17.15,24.34,nasa,0.66
2017-05-23,6.69,17.81,15.82,21.81,nasa,0.68
2017-05-24,1.19,18.8,15.42,23.91,nasa,0.67
2017-05-25,1.75,18.77,15.01,24.7,nasa,0.67
2017-05-26,0.15,17.75,13.84,23.9,nasa,0.66
2017-05-27,0.05,17.83,13.15,24.49,nasa,0.66
2017-05-28,0.04,18.21,13.7,25.05,nasa,0.65
2017-05-29,0.02,18.21,13.37,25.01,nasa,0.65
2017-05-30,0.06,18.26,13.38,25.53,nasa,0.65
2017-05-31,0.03,18.16,12.82,24.88,nasa,0.64
2017-06-01,0.02,19.33,12.87,26.84,nasa,0.64
2017-06-02,0.06,20.62,14.73,27.66,nasa,0.64
2017-06-03,0.03,17.53,12.81,23.75,nasa,0.64
2017-06-04,0.0,19.6,14.24,27.29,nasa,0.64
2017-06-05,0.01,20.3,15.87,27.75,nasa,0.63
2017-06-06,0.01,20.94,14.4,29.25,nasa,0.63
2017-06-07,0.01,21.05,14.79,29.94,nasa,0.63
2017-06-08,0.01,20.32,15.88,27.12,nasa,0.63
2017-06-09,0.0,21.51,17.03,28.46,nasa,0.63
2017-06-10,1.41,18.9,13.63,24.82,nasa,0.62
2017-06-11,0.81,17.62,13.1,23.39,nasa,0.63
2017-06-12,1.42,18.05,15.0,22.76,nasa,0.63
2017-06-13,0.15,19.49,14.84,26.48,nasa,0.63
2017-06-14,2.23,19.25,15.36,25.62,nasa,0.63
2017-06-15,1.07,17.36,14.28,23.04,nasa,0.63
2017-06-16,0.09,17.17,12.58,24.36,nasa,0.63
2017-06-17,0.04,18.09,12.67,25.53,nasa,0.63
2017-06-18,0.05,18.41,13.79,25.23,nasa,0.63
2017-06-19,0.01,18.98,12.45,25.74,nasa,0.62
2017-06-20,0.37,18.32,13.78,24.71,nasa,0.62
2017-06-21,2.13,16.68,13.47,22.66,nasa,0.62
2017-06-22,4.67,16.44,14.16,21.3,nasa,0.63
2017-06-23,4.33,16.55,13.78,21.67,nasa,0.64
2017-06-24,2.88,16.24,13.68,21.23,nasa,0.64
2017-06-25,2.46,15.92,12.7,21.07,nasa,0.64
2017-06-26,2.51,16.13,12.48,21.52,nasa,0.64
2017-06-27,6.37,16.59,12.98,22.57,nasa,0.65
2017-06-28,1.77,16.51,11.64,23.16,nasa,0.65
2017-06-29,0.45,15.72,9.94,23.37,nasa,0.65
2017-06-30,0.07,16.69,11.61,23.65,nasa,0.64
2017-07-01,0.25,16.44,10.67,24.16,nasa,0.64
2017-07-02,2.19,14.37,10.74,18.34,nasa,0.64
2017-07-03,0.81,11.84,7.71,16.78,nasa,0.64
2017-07-04,1.45,11.99,7.8,15.98,nasa,0.64
2017-07-05,2.24,13.96,11.21,18.24,nasa,0.64
2017-07-06,2.41,14.8,11.09,20.63,nasa,0.64
2017-07-07,1.6,14.75,11.86,20.11,nasa,0.64
2017-07-08,1.64,15.28,12.25,20.83,nasa,0.64
2017-07-09,1.95,15.5,11.66,21.56,nasa,0.64
2017-07-10,1.13,15.58,11.7,21.97,nasa,0.64
2017-07-11,0.31,16.67,11.52,23.98,nasa,0.64
2017-07-12,0.12,16.89,12.79,23.85,nasa,0.64
2017-07-13,0.9,16.39,12.56,22.84,nasa,0.64
2017-07-14,1.0,16.01,12.19,22.73,nasa,0.64
2017-07-15,0.81,15.25,10.15,22.84,nasa,0.64
2017-07-16,1.61,15.8,9.9,22.98,nasa,0.64
2017-07-17,0.43,17.27,12.62,24.49,nasa,0.63
2017-07-18,0.37,17.03,11.5,24.56,nasa,0.63
2017-07-19,0.88,14.09,12.02,18.06,nasa,0.63
2017-07-20,0.32,15.47,12.07,21.19,nasa,0.63
2017-07-21,0.09,17.33,11.99,24.38,nasa,0.63
2017-07-22,0.11,17.17,11.77,24.81,nasa,0.63
2017-07-23,0.59,15.94,12.1,22.89,nasa,0.63
2017-07-24,1.13,16.37,12.17,23.41,nasa,0.63
2017-07-25,0.15,16.33,11.66,24.19,nasa,0.63
2017-07-26,0.04,15.41,10.32,23.43,nasa,0.62
2017-07-27,0.06,15.52,10.55,22.6,nasa,0.62
2017-07-28,1.19,15.43,11.66,21.6,nasa,0.62
2017-07-29,3.87,15.72,11.78,21.72,nasa,0.63
2017-07-30,0.68,14.57,9.96,20.98,nasa,0.63
2017-07-31,0.79,14.69,9.49,22.03,nasa,0.63
2017-08-01,0.05,15.43,10.35,22.93,nasa,0.63
2017-08-02,0.03,16.78,11.79,24.01,nasa,0.62
2017-08-03,0.05,18.12,13.75,25.08,nasa,0.62
2017-08-04,0.03,17.6,13.03,24.85,nasa,0.62
2017-08-05,0.1,15.88,11.95,22.3,nasa,0.62
2017-08-06,0.01,14.6,10.48,21.24,nasa,0.62
2017-08-07,0.0,15.65,9.67,24.13,nasa,0.62
2017-08-08,0.0,16.77,10.32,25.47,nasa,0.62
2017-08-09,0.21,19.46,11.12,29.19,nasa,0.61
2017-08-10,0.01,19.7,13.74,27.74,nasa,0.61
2017-08-11,0.28,16.73,12.65,23.83,nasa,0.61
2017-08-12,0.15,15.98,10.99,24.63,nasa,0.61
2017-08-13,0.0,16.83,10.32,26.01,nasa,0.61
2017-08-14,0.0,18.88,11.38,29.4,nasa,0.61
2017-08-15,0.0,18.31,12.9,26.31,nasa,0.61
2017-08-16,0.0,18.71,12.22,27.87,nasa,0.61
2017-08-17,0.02,18.88,11.93,28.28,nasa,0.61
2017-08-18,0.17,19.4,14.14,27.54,nasa,0.6
2017-08-19,0.05,19.93,14.04,28.34,nasa,0.6
2017-08-20,0.01,20.51,14.57,29.03,nasa,0.6
2017-08-21,1.42,17.4,12.4,24.55,nasa,0.6
2017-08-22,1.5,14.43,12.0,18.95,nasa,0.61
2017-08-23,0.95,14.22,11.8,18.67,nasa,0.61
2017-08-24,0.45,15.45,11.72,22.4,nasa,0.61
2017-08-25,0.3,15.71,10.09,23.78,nasa,0.61
2017-08-26,0.18,16.68,11.65,24.99,nasa,0.61
2017-08-27,0.03,17.39,10.48,26.96,nasa,0.61
2017-08-28,0.0,17.87,10.89,27.87,nasa,0.6
2017-08-29,0.0,18.78,12.61,27.88,nasa,0.6
2017-08-30,0.01,20.15,13.92,29.35,nasa,0.6
2017-08-31,0.23,20.05,13.14,30.1,nasa,0.6
2017-09-01,0.8,16.76,12.27,22.98,nasa,0.6
2017-09-02,0.5,14.84,10.77,20.99,nasa,0.6
2017-09-03,0.62,15.54,10.69,23.59,nasa,0.6
2017-09-04,0.13,16.85,10.72,25.98,nasa,0.6
2017-09-05,0.06,17.72,11.01,26.97,nasa,0.6
2017-09-06,0.0,19.71,12.71,29.54,nasa,0.6
2017-09-07,0.0,18.96,12.68,28.61,nasa,0.6
2017-09-08,0.04,19.02,12.33,27.89,nasa,0.6
2017-09-09,0.39,19.81,13.44,28.38,nasa,0.6
2017-09-10,0.65,19.39,14.39,26.24,nasa,0.6
2017-09-11,0.28,19.47,13.27,28.67,nasa,0.6
2017-09-12,0.47,19.68,13.22,28.94,nasa,0.6
2017-09-13,0.03,19.71,13.18,28.64,nasa,0.6
2017-09-14,0.11,20.23,13.72,29.45,nasa,0.6
2017-09-15,0.39,20.55,14.14,30.2,nasa,0.6
2017-09-16,0.04,20.36,14.12,29.46,nasa,0.6
2017-09-17,0.12,20.43,13.84,29.3,nasa,0.6
2017-09-18,0.19,20.42,14.34,29.05,nasa,0.6
2017-09-19,0.25,20.41,14.59,29.03,nasa,0.6
2017-09-20,0.18,19.85,13.36,28.84,nasa,0.6
2017-09-21,0.02,20.03,13.64,29.08,nasa,0.6
2017-09-22,0.0,19.99,13.38,29.34,nasa,0.59
2017-09-23,0.0,19.69,13.77,27.21,nasa,0.59
2017-09-24,0.0,20.97,14.05,30.07,nasa,0.59
2017-09-25,0.2,19.52,14.54,27.02,nasa,0.59
2017-09-26,0.13,19.62,12.63,27.99,nasa,0.59
2017-09-27,0.02,20.89,14.7,27.75,nasa,0.59
2017-09-28,4.69,23.0,16.64,30.65,nasa,0.6
2017-09-29,3.24,21.62,17.02,28.85,nasa,0.61
2017-09-30,5.11,21.17,16.53,27.2,nasa,0.61
2017-10-01,10.19,21.05,16.69,28.14,nasa,0.63
2017-10-02,0.16,22.84,16.69,30.74,nasa,0.63
2017-10-03,1.2,21.71,16.3,29.32,nasa,0.62
2017-10-04,1.0,16.69,13.98,20.3,nasa,0.62
2017-10-05,0.15,20.38,14.87,28.96,nasa,0.62
2017-10-06,0.01,21.46,14.32,30.9,nasa,0.62
2017-10-07,0.0,21.87,15.42,30.43,nasa,0.61
2017-10-08,0.0,21.62,15.53,30.01,nasa,0.61
2017-10-09,0.0,22.1,15.63,30.94,nasa,0.61
2017-10-10,0.0,22.64,14.96,32.51,nasa,0.6
2017-10-11,0.0,23.11,15.5,32.88,nasa,0.6
2017-10-12,0.03,24.01,16.23,33.97,nasa,0.6
2017-10-13,0.0,23.43,16.8,32.53,nasa,0.6
2017-10-14,0.0,24.46,16.42,33.99,nasa,0.6
2017-10-15,0.61,22.33,16.83,30.35,nasa,0.6
2017-10-16,4.59,20.34,16.42,27.77,nasa,0.6
2017-10-17,8.01,20.47,15.39,27.14,nasa,0.61
2017-10-18,0.82,20.3,14.32,29.01,nasa,0.62
2017-10-19,0.03,21.03,14.87,29.42,nasa,0.61
2017-10-20,0.0,23.09,16.18,31.87,nasa,0.61
2017-10-21,0.11,23.52,17.01,31.55,nasa,0.61
2017-10-22,0.29,25.06,17.76,33.34,nasa,0.6
2017-10-23,1.66,23.79,18.13,32.68,nasa,0.6
2017-10-24,0.64,21.63,17.71,27.16,nasa,0.6
2017-10-25,0.0,22.13,17.09,29.93,nasa,0.6
2017-10-26,0.0,23.55,15.53,32.85,nasa,0.6
2017-10-27,2.43,23.48,16.97,30.44,nasa,0.6
2017-10-28,1.15,23.64,19.05,28.99,nasa,0.6
2017-10-29,0.79,24.03,17.96,30.54,nasa,0.6
2017-10-30,2.27,21.68,16.19,28.94,nasa,0.6
2017-10-31,11.65,22.95,18.26,29.94,nasa,0.6
2017-11-01,8.83,19.2,15.41,24.58,nasa,0.64
2017-11-02,0.41,18.6,13.95,26.76,nasa,0.63
2017-11-03,0.08,20.55,13.5,28.88,nasa,0.63
2017-11-04,0.03,22.34,16.26,29.3,nasa,0.62
2017-11-05,8.27,21.7,18.11,26.03,nasa,0.62
2017-11-06,3.0,19.03,15.27,22.96,nasa,0.63
2017-11-07,1.14,17.44,14.06,22.56,nasa,0.63
2017-11-08,2.18,18.54,13.51,26.79,nasa,0.63
2017-11-09,2.33,20.09,15.45,26.52,nasa,0.63
2017-11-10,1.41,20.99,17.15,26.47,nasa,0.63
2017-11-11,7.11,21.1,18.23,26.88,nasa,0.63
2017-11-12,15.82,20.98,15.45,26.71,nasa,0.66
2017-11-13,0.07,22.13,15.86,30.36,nasa,0.65
2017-11-14,0.0,21.5,14.99,30.33,nasa,0.64
2017-11-15,0.0,22.13,15.98,29.86,nasa,0.63
2017-11-16,0.0,21.73,16.91,27.94,nasa,0.63
2017-11-17,0.79,23.51,17.16,31.23,nasa,0.62
2017-11-18,0.43,23.58,17.33,31.04,nasa,0.62
2017-11-19,10.83,23.38,18.12,29.84,nasa,0.63
2017-11-20,37.61,21.58,19.3,24.35,nasa,0.67
2017-11-21,14.08,22.12,19.18,26.47,nasa,0.71
2017-11-22,7.55,21.84,18.75,25.63,nasa,0.7
2017-11-23,14.26,19.03,15.57,23.14,nasa,0.71
2017-11-24,1.81,20.38,15.38,26.28,nasa,0.71
2017-11-25,0.52,22.25,17.78,27.78,nasa,0.69
2017-11-26,0.86,20.79,16.57,26.57,nasa,0.68
2017-11-27,4.64,22.76,17.21,29.08,nasa,0.67
2017-11-28,34.88,22.2,18.89,28.01,nasa,0.68
2017-11-29,3.52,20.07,15.98,26.04,nasa,0.71
2017-11-30,12.75,19.45,15.42,24.74,nasa,0.71
2017-12-01,46.23,19.58,17.89,22.37,nasa,0.75
2017-12-02,34.73,19.52,17.5,22.4,nasa,0.81
2017-12-03,27.32,21.43,16.55,26.53,nasa,0.81
2017-12-04,15.22,22.15,19.35,25.44,nasa,0.82
2017-12-05,11.35,21.19,17.8,26.14,nasa,0.81
2017-12-06,1.63,19.97,15.99,25.67,nasa,0.79
2017-12-07,0.07,20.52,15.16,26.45,nasa,0.77
2017-12-08,9.75,21.24,17.93,25.03,nasa,0.76
2017-12-09,1.5,22.04,18.3,27.02,nasa,0.77
2017-12-10,5.67,21.78,16.94,27.02,nasa,0.76
2017-12-11,6.83,21.06,18.56,24.66,nasa,0.76
2017-12-12,7.22,20.08,16.42,24.53,nasa,0.77
2017-12-13,0.8,17.92,15.58,21.71,nasa,0.76
2017-12-14,2.7,19.97,15.04,26.15,nasa,0.76
2017-12-15,0.57,20.59,16.4,26.01,nasa,0.75
2017-12-16,1.38,20.93,16.79,25.64,nasa,0.74
2017-12-17,0.86,21.62,18.0,26.72,nasa,0.74
2017-12-18,0.0,22.07,16.87,27.99,nasa,0.73
2017-12-19,0.13,21.89,16.89,27.8,nasa,0.72
2017-12-20,0.42,22.4,17.46,28.33,nasa,0.71
2017-12-21,0.23,21.61,16.0,27.88,nasa,0.7
2017-12-22,0.12,22.79,19.05,27.4,nasa,0.7
2017-12-23,0.02,23.27,18.87,28.43,nasa,0.69
2017-12-24,0.0,24.21,18.43,30.44,nasa,0.69
2017-12-25,0.37,25.04,19.01,31.52,nasa,0.68
2017-12-26,1.6,24.52,20.21,30.58,nasa,0.68
2017-12-27,4.06,23.81,18.83,30.64,nasa,0.68
2017-12-28,1.61,22.89,19.45,28.26,nasa,0.68
2017-12-29,0.08,22.57,18.91,27.49,nasa,0.68
2017-12-30,1.2,22.29,19.42,26.45,nasa,0.68
2017-12-31,3.91,22.12,19.35,26.33,nasa,0.68
2018-01-01,1.52,22.93,18.51,27.99,nasa,0.68
2018-01-02,10.6,23.18,18.95,27.37,nasa,0.69
2018-01-03,5.61,23.78,20.23,27.93,nasa,0.7
2018-01-04,16.82,21.84,20.54,23.72,nasa,0.72
2018-01-05,3.32,22.63,19.18,26.99,nasa,0.73
2018-01-06,1.71,22.8,18.93,27.48,nasa,0.72
2018-01-07,0.37,22.48,18.2,27.92,nasa,0.71
2018-01-08,0.16,21.92,17.5,27.71,nasa,0.7
2018-01-09,0.84,21.61,16.71,27.57,nasa,0.69
2018-01-10,0.57,21.62,16.99,27.59,nasa,0.68
2018-01-11,0.19,21.74,15.81,28.3,nasa,0.68
2018-01-12,0.14,22.8,18.32,28.36,nasa,0.67
2018-01-13,0.02,22.59,17.79,27.23,nasa,0.66
2018-01-14,0.18,22.79,18.94,27.17,nasa,0.66
2018-01-15,0.03,23.42,19.2,28.6,nasa,0.66
2018-01-16,0.58,23.98,18.66,30.98,nasa,0.66
2018-01-17,0.51,23.71,17.99,30.78,nasa,0.65
2018-01-18,0.0,23.62,17.76,30.77,nasa,0.65
2018-01-19,0.0,24.84,17.73,32.67,nasa,0.65
2018-01-20,0.0,24.63,17.27,32.72,nasa,0.64
2018-01-21,3.17,24.72,19.1,32.09,nasa,0.64
2018-01-22,3.25,23.69,18.44,29.61,nasa,0.64
2018-01-23,0.2,23.31,18.98,28.84,nasa,0.64
2018-01-24,0.0,23.75,18.12,30.78,nasa,0.64
2018-01-25,1.05,23.97,18.14,31.66,nasa,0.64
2018-01-26,0.13,24.07,17.64,32.35,nasa,0.64
2018-01-27,0.01,23.94,18.35,31.44,nasa,0.63
2018-01-28,0.6,24.18,19.35,31.4,nasa,0.63
2018-01-29,2.34,24.78,20.01,30.79,nasa,0.63
2018-01-30,38.88,22.17,18.48,27.84,nasa,0.65
2018-01-31,33.69,21.61,18.17,25.96,nasa,0.73
2018-02-01,6.74,20.21,16.71,24.92,nasa,0.74
2018-02-02,2.6,20.3,17.87,24.39,nasa,0.73
2018-02-03,3.74,19.26,15.69,24.09,nasa,0.73
2018-02-04,20.08,18.64,16.51,22.42,nasa,0.73
2018-02-05,23.82,19.73,17.13,22.31,nasa,0.76
2018-02-06,25.59,21.15,18.5,24.6,nasa,0.79
2018-02-07,4.26,22.4,19.15,26.69,nasa,0.79
2018-02-08,0.0,22.46,18.29,27.56,nasa,0.77
2018-02-09,0.43,22.5,18.33,26.91,nasa,0.75
2018-02-10,0.05,22.74,18.68,27.9,nasa,0.74
2018-02-11,0.0,22.05,17.32,27.79,nasa,0.72
2018-02-12,0.0,21.66,15.54,28.15,nasa,0.71
2018-02-13,0.0,22.95,18.16,28.67,nasa,0.7
2018-02-14,0.03,22.27,18.12,27.59,nasa,0.7
2018-02-15,4.19,21.49,17.47,27.05,nasa,0.69
2018-02-16,2.9,21.22,16.85,26.79,nasa,0.69
2018-02-17,1.82,21.77,17.31,27.23,nasa,0.69
2018-02-18,0.81,21.97,18.49,27.24,nasa,0.69
2018-02-19,22.78,21.51,18.27,25.59,nasa,0.69
2018-02-20,6.05,20.59,18.32,23.71,nasa,0.73
2018-02-21,2.48,21.78,18.88,25.71,nasa,0.73
2018-02-22,2.54,21.23,19.16,24.63,nasa,0.73
2018-02-23,8.89,21.89,19.32,25.39,nasa,0.73
2018-02-24,7.97,20.56,17.31,25.31,nasa,0.74
2018-02-25,4.03,20.12,17.74,24.11,nasa,0.74
2018-02-26,8.86,21.86,17.39,27.37,nasa,0.74
2018-02-27,2.0,22.16,18.3,27.04,nasa,0.74
2018-02-28,9.05,22.24,18.56,26.41,nasa,0.74
2018-03-01,2.62,22.5,19.16,26.53,nasa,0.74
2018-03-02,7.81,21.24,18.94,24.62,nasa,0.74
2018-03-03,6.32,21.16,18.62,24.56,nasa,0.75
2018-03-04,1.13,22.58,18.88,26.92,nasa,0.75
2018-03-05,2.31,22.99,19.94,26.46,nasa,0.74
2018-03-06,2.88,23.1,19.27,27.41,nasa,0.74
2018-03-07,6.73,22.69,19.14,26.72,nasa,0.73
2018-03-08,40.63,22.72,19.97,26.86,nasa,0.76
2018-03-09,28.96,21.31,18.78,24.48,nasa,0.81
2018-03-10,20.04,22.12,19.08,25.78,nasa,0.83
2018-03-11,14.1,22.59,19.64,26.91,nasa,0.84
2018-03-12,0.03,22.75,18.4,28.49,nasa,0.82
2018-03-13,0.76,23.03,17.06,29.38,nasa,0.79
2018-03-14,1.29,23.19,19.14,27.96,nasa,0.78
2018-03-15,0.04,23.14,18.99,27.68,nasa,0.78
2018-03-16,0.17,22.9,19.69,26.39,nasa,0.77
2018-03-17,5.28,22.98,19.83,27.73,nasa,0.77
2018-03-18,0.48,22.09,18.16,27.11,nasa,0.77
2018-03-19,0.04,22.22,17.72,27.96,nasa,0.76
2018-03-20,0.67,22.28,17.53,27.56,nasa,0.75
2018-03-21,12.38,21.73,19.42,25.34,nasa,0.75
2018-03-22,16.69,20.93,18.59,24.25,nasa,0.78
2018-03-23,5.11,20.8,17.59,25.43,nasa,0.79
2018-03-24,1.07,20.07,16.15,25.32,nasa,0.78
2018-03-25,0.09,20.28,15.85,25.84,nasa,0.77
2018-03-26,3.54,19.9,15.21,25.92,nasa,0.76
2018-03-27,2.83,20.01,14.93,25.78,nasa,0.76
2018-03-28,0.39,20.47,16.65,25.77,nasa,0.76
2018-03-29,4.3,19.69,16.27,24.54,nasa,0.75
2018-03-30,6.21,20.21,16.63,25.05,nasa,0.76
2018-03-31,0.62,19.9,14.92,26.01,nasa,0.76
2018-04-01,0.12,20.84,15.92,26.56,nasa,0.75
2018-04-02,0.05,21.66,17.2,26.68,nasa,0.74
2018-04-03,5.78,22.12,18.33,26.48,nasa,0.74
2018-04-04,35.36,21.69,18.31,26.03,nasa,0.78
2018-04-05,12.0,20.84,19.25,22.91,nasa,0.81
2018-04-06,10.31,20.76,18.25,24.95,nasa,0.81
2018-04-07,14.6,20.46,17.05,25.13,nasa,0.81
2018-04-08,5.92,20.09,17.08,24.75,nasa,0.81
2018-04-09,1.19,19.47,16.26,24.31,nasa,0.8
2018-04-10,1.37,18.69,14.74,23.67,nasa,0.79
2018-04-11,0.91,18.86,15.32,23.43,nasa,0.79
2018-04-12,5.31,19.26,16.2,23.48,nasa,0.79
2018-04-13,1.49,20.7,17.23,25.12,nasa,0.79
2018-04-14,4.38,20.58,17.72,24.82,nasa,0.78
2018-04-15,15.48,19.84,17.11,23.63,nasa,0.79
2018-04-16,13.54,18.2,15.71,20.32,nasa,0.82
2018-04-17,2.08,16.84,13.93,21.22,nasa,0.81
2018-04-18,0.94,16.98,13.31,22.46,nasa,0.8
2018-04-19,0.69,17.38,13.28,22.98,nasa,0.8
2018-04-20,0.2,18.08,13.11,23.79,nasa,0.79
2018-04-21,0.23,17.62,14.74,22.12,nasa,0.79
2018-04-22,0.44,17.99,14.38,22.95,nasa,0.78
2018-04-23,2.15,18.42,14.69,23.07,nasa,0.78
2018-04-24,2.33,19.23,15.54,23.96,nasa,0.78
2018-04-25,0.84,19.28,15.13,24.75,nasa,0.78
2018-04-26,2.11,19.56,15.36,24.93,nasa,0.77
2018-04-27,1.85,19.7,16.23,24.02,nasa,0.77
2018-04-28,0.46,18.73,14.88,23.51,nasa,0.77
2018-04-29,0.19,17.14,11.83,23.04,nasa,0.76
2018-04-30,0.15,18.14,13.57,23.87,nasa,0.76
2018-05-01,0.03,18.57,13.29,24.93,nasa,0.76
2018-05-02,0.03,18.3,13.5,24.48,nasa,0.75
2018-05-03,0.13,19.4,15.41,24.59,nasa,0.75
2018-05-04,0.54,20.09,15.93,25.48,nasa,0.74
2018-05-05,0.89,20.17,16.33,25.37,nasa,0.74
2018-05-06,1.88,19.25,15.74,24.59,nasa,0.74
2018-05-07,1.58,18.31,15.56,22.87,nasa,0.74
2018-05-08,11.4,18.0,14.84,22.93,nasa,0.74
2018-05-09,10.24,17.56,14.25,21.93,nasa,0.77
2018-05-10,0.4,16.26,12.5,21.9,nasa,0.77
2018-05-11,0.0,17.24,11.54,23.31,nasa,0.76
2018-05-12,0.06,18.42,12.99,24.36,nasa,0.75
2018-05-13,0.06,19.32,15.64,23.96,nasa,0.75
2018-05-14,3.68,18.85,16.22,23.03,nasa,0.75
2018-05-15,2.0,18.79,15.35,23.66,nasa,0.75
2018-05-16,0.85,19.33,15.9,24.35,nasa,0.75
2018-05-17,2.32,18.87,15.2,23.66,nasa,0.75
2018-05-18,1.48,18.64,15.55,23.15,nasa,0.75
2018-05-19,1.43,19.36,15.46,23.77,nasa,0.74
2018-05-20,6.24,16.92,12.94,21.52,nasa,0.75
2018-05-21,0.48,15.34,9.55,21.67,nasa,0.75
2018-05-22,0.07,16.17,10.07,22.3,nasa,0.74
2018-05-23,0.02,17.25,11.48,24.12,nasa,0.74
2018-05-24,1.9,17.17,13.96,22.23,nasa,0.74
2018-05-25,8.49,16.25,13.38,20.61,nasa,0.74
2018-05-26,6.68,15.78,13.3,20.14,nasa,0.76
2018-05-27,0.08,16.04,12.41,21.47,nasa,0.75
2018-05-28,0.83,15.39,12.3,20.4,nasa,0.75
2018-05-29,1.06,15.08,11.92,20.31,nasa,0.75
2018-05-30,1.08,16.06,11.75,20.74,nasa,0.74
2018-05-31,0.02,16.1,12.18,21.39,nasa,0.74
2018-06-01,0.01,16.24,11.6,22.03,nasa,0.74
2018-06-02,0.04,17.67,13.59,23.44,nasa,0.73
2018-06-03,1.03,18.52,13.81,25.3,nasa,0.73
2018-06-04,1.03,16.09,12.91,20.57,nasa,0.73
2018-06-05,0.11,16.05,11.92,20.87,nasa,0.72
2018-06-06,0.03,17.52,13.23,23.09,nasa,0.72
2018-06-07,0.0,19.01,13.9,24.88,nasa,0.72
2018-06-08,1.48,19.55,15.74,25.29,nasa,0.72
2018-06-09,0.54,17.08,14.66,21.41,nasa,0.72
2018-06-10,0.03,17.12,13.57,21.91,nasa,0.72
2018-06-11,0.03,17.64,14.34,22.87,nasa,0.71
2018-06-12,0.09,18.98,15.43,24.37,nasa,0.71
2018-06-13,0.06,19.48,14.72,25.81,nasa,0.71
2018-06-14,0.87,18.63,14.44,24.3,nasa,0.71
2018-06-15,0.35,16.9,14.02,21.87,nasa,0.71
2018-06-16,1.88,17.55,14.05,23.17,nasa,0.7
2018-06-17,1.63,17.33,13.95,22.21,nasa,0.71
2018-06-18,6.24,17.33,14.97,21.6,nasa,0.71
2018-06-19,0.54,15.9,12.57,20.26,nasa,0.71
2018-06-20,0.02,16.35,11.22,22.71,nasa,0.71
2018-06-21,0.09,17.17,12.78,23.11,nasa,0.71
2018-06-22,0.06,17.8,12.64,24.17,nasa,0.7
2018-06-23,0.02,17.83,13.39,23.96,nasa,0.7
2018-06-24,0.02,18.59,14.16,24.51,nasa,0.7
2018-06-25,0.09,17.92,13.98,23.75,nasa,0.69
2018-06-26,0.03,17.98,14.1,23.68,nasa,0.69
2018-06-27,0.02,17.7,13.36,23.47,nasa,0.69
2018-06-28,0.02,16.19,11.85,22.82,nasa,0.69
2018-06-29,0.96,16.09,11.1,22.06,nasa,0.68
2018-06-30,0.37,17.34,13.83,23.1,nasa,0.68
2018-07-01,0.07,18.05,13.22,23.83,nasa,0.68
2018-07-02,0.05,18.04,12.53,24.16,nasa,0.68
2018-07-03,0.01,18.52,13.23,25.54,nasa,0.68
2018-07-04,0.09,18.22,14.29,23.97,nasa,0.68
2018-07-05,0.03,18.55,14.3,24.54,nasa,0.67
2018-07-06,0.01,18.22,12.04,25.1,nasa,0.67
2018-07-07,0.0,16.98,12.28,24.12,nasa,0.67
2018-07-08,0.02,17.47,11.63,24.86,nasa,0.67
2018-07-09,0.0,18.6,12.55,26.24,nasa,0.67
2018-07-10,2.68,18.43,13.07,25.32,nasa,0.67
2018-07-11,5.2,15.27,11.88,21.15,nasa,0.68
2018-07-12,0.8,13.88,11.1,18.54,nasa,0.68
2018-07-13,0.02,16.11,10.99,22.46,nasa,0.68
2018-07-14,0.01,17.54,12.73,24.26,nasa,0.67
2018-07-15,0.01,17.62,12.8,24.73,nasa,0.67
2018-07-16,0.02,17.85,12.87,24.4,nasa,0.67
2018-07-17,0.0,18.24,13.3,24.93,nasa,0.67
2018-07-18,0.02,17.84,13.63,23.89,nasa,0.66
2018-07-19,0.02,17.57,12.64,24.73,nasa,0.66
2018-07-20,0.0,16.74,10.95,24.82,nasa,0.66
2018-07-21,0.0,17.51,11.77,25.22,nasa,0.66
2018-07-22,0.0,17.02,12.56,24.41,nasa,0.66
2018-07-23,0.12,16.97,12.48,23.5,nasa,0.65
2018-07-24,0.18,16.93,12.08,24.39,nasa,0.65
2018-07-25,1.11,15.91,10.74,22.37,nasa,0.65
2018-07-26,0.18,16.43,11.79,23.35,nasa,0.65
2018-07-27,0.03,16.65,11.46,24.23,nasa,0.65
2018-07-28,0.0,17.54,11.84,25.19,nasa,0.65
2018-07-29,0.0,17.71,12.52,25.45,nasa,0.65
2018-07-30,0.0,18.36,13.84,25.88,nasa,0.64
2018-07-31,0.28,19.57,13.74,26.54,nasa,0.64
2018-08-01,11.55,16.85,13.99,21.94,nasa,0.65
2018-08-02,6.83,16.84,14.17,22.06,nasa,0.67
2018-08-03,6.45,17.88,14.4,23.84,nasa,0.68
2018-08-04,2.21,18.3,15.32,22.94,nasa,0.68
2018-08-05,0.06,19.54,14.25,26.48,nasa,0.68
2018-08-06,3.18,19.4,14.96,25.57,nasa,0.68
2018-08-07,14.39,17.61,14.68,21.36,nasa,0.7
2018-08-08,0.35,18.08,13.95,24.44,nasa,0.7
2018-08-09,0.04,18.96,14.2,24.81,nasa,0.69
2018-08-10,0.0,20.06,16.36,25.31,nasa,0.68
2018-08-11,0.1,18.24,12.11,26.69,nasa,0.68
2018-08-12,0.18,16.48,11.48,24.59,nasa,0.67
2018-08-13,0.05,16.11,11.05,23.79,nasa,0.67
2018-08-14,0.0,16.66,11.97,24.27,nasa,0.66
2018-08-15,0.0,17.3,11.06,25.75,nasa,0.66
2018-08-16,0.0,18.1,13.76,25.07,nasa,0.66
2018-08-17,2.45,16.0,14.41,19.17,nasa,0.65
2018-08-18,0.78,15.83,13.15,20.65,nasa,0.66
2018-08-19,0.17,16.5,12.16,23.01,nasa,0.66
2018-08-20,0.25,17.67,12.33,25.34,nasa,0.65
2018-08-21,0.11,17.9,12.81,25.4,nasa,0.65
2018-08-22,0.01,18.2,12.59,25.57,nasa,0.65
2018-08-23,0.0,19.01,14.14,25.1,nasa,0.65
2018-08-24,0.01,19.82,14.76,26.69,nasa,0.64
2018-08-25,0.01,20.54,15.6,27.47,nasa,0.64
2018-08-26,0.5,19.11,14.07,26.08,nasa,0.64
2018-08-27,4.89,15.91,13.38,20.62,nasa,0.64
2018-08-28,2.92,16.02,13.44,20.82,nasa,0.65
2018-08-29,0.78,18.18,13.95,25.18,nasa,0.65
2018-08-30,0.33,18.64,14.01,25.85,nasa,0.65
2018-08-31,0.01,18.53,13.35,26.45,nasa,0.65
2018-09-01,0.0,19.83,12.94,28.28,nasa,0.64
2018-09-02,0.01,20.33,15.36,27.67,nasa,0.64
2018-09-03,0.03,20.77,14.42,29.52,nasa,0.64
2018-09-04,2.42,20.44,15.55,27.36,nasa,0.63
2018-09-05,0.47,16.57,12.67,23.25,nasa,0.64
2018-09-06,0.19,16.72,12.21,23.85,nasa,0.64
2018-09-07,0.03,16.64,11.1,25.59,nasa,0.63
2018-09-08,0.0,16.34,9.79,25.54,nasa,0.63
2018-09-09,0.0,17.92,11.22,27.12,nasa,0.63
2018-09-10,0.0,18.1,12.05,26.34,nasa,0.63
2018-09-11,0.95,18.31,13.28,26.23,nasa,0.63
2018-09-12,1.01,17.2,13.67,23.88,nasa,0.63
2018-09-13,0.13,18.1,12.59,25.73,nasa,0.63
2018-09-14,0.85,19.18,12.72,28.0,nasa,0.62
2018-09-15,4.31,18.35,14.29,25.04,nasa,0.63
2018-09-16,3.19,19.64,15.13,26.78,nasa,0.64
2018-09-17,2.21,20.13,15.39,26.47,nasa,0.64
2018-09-18,4.22,20.32,17.49,23.91,nasa,0.64
2018-09-19,0.57,22.28,17.48,28.29,nasa,0.65
2018-09-20,4.56,21.12,17.91,25.28,nasa,0.64
2018-09-21,4.19,21.26,17.78,26.43,nasa,0.65
2018-09-22,0.07,21.46,16.4,28.48,nasa,0.65
2018-09-23,0.0,21.94,14.42,30.54,nasa,0.65
2018-09-24,0.0,22.68,16.24,30.64,nasa,0.64
2018-09-25,0.02,22.37,16.06,30.61,nasa,0.64
2018-09-26,0.0,21.73,15.79,30.06,nasa,0.63
2018-09-27,0.01,22.82,16.75,30.66,nasa,0.63
2018-09-28,0.76,23.19,16.96,32.1,nasa,0.62
2018-09-29,8.48,20.93,18.45,25.86,nasa,0.64
2018-09-30,0.08,22.48,17.71,29.14,nasa,0.64
2018-10-01,0.01,22.1,17.6,27.84,nasa,0.63
2018-10-02,0.03,22.79,17.43,30.54,nasa,0.63
2018-10-03,0.01,23.59,17.13,31.18,nasa,0.63
2018-10-04,1.09,23.55,18.32,31.81,nasa,0.62
2018-10-05,6.46,20.82,15.8,27.47,nasa,0.63
2018-10-06,1.46,18.84,14.56,25.83,nasa,0.63
2018-10-07,1.0,20.4,15.76,27.46,nasa,0.63
2018-10-08,0.4,22.51,17.25,30.47,nasa,0.63
2018-10-09,0.01,22.97,16.06,31.61,nasa,0.63
2018-10-10,0.19,23.73,17.1,31.4,nasa,0.62
2018-10-11,1.63,22.71,18.42,29.74,nasa,0.62
2018-10-12,2.79,23.11,18.13,30.52,nasa,0.62
2018-10-13,0.24,24.44,16.96,32.23,nasa,0.62
2018-10-14,3.91,22.82,17.86,29.04,nasa,0.62
2018-10-15,3.05,21.16,17.31,26.84,nasa,0.63
2018-10-16,1.31,21.6,17.47,29.02,nasa,0.63
2018-10-17,3.79,22.82,18.43,30.0,nasa,0.63
2018-10-18,12.54,21.64,18.92,25.35,nasa,0.64
2018-10-19,4.48,22.64,19.04,28.46,nasa,0.65
2018-10-20,0.97,18.92,12.69,24.82,nasa,0.65
2018-10-21,0.0,17.35,11.23,25.5,nasa,0.65
2018-10-22,0.0,19.3,11.69,28.8,nasa,0.64
2018-10-23,0.0,22.03,14.03,31.37,nasa,0.64
2018-10-24,0.62,22.17,15.44,30.18,nasa,0.63
2018-10-25,14.46,20.95,18.71,24.53,nasa,0.64
2018-10-26,21.76,22.17,18.66,26.62,nasa,0.68
2018-10-27,12.82,23.85,20.18,29.33,nasa,0.69
2018-10-28,4.24,21.47,15.32,27.24,nasa,0.7
2018-10-29,0.26,17.87,14.32,23.86,nasa,0.68
2018-10-30,0.3,20.2,14.93,27.26,nasa,0.67
2018-10-31,0.08,22.8,16.67,30.45,nasa,0.66
2018-11-01,5.08,24.33,18.8,30.82,nasa,0.66
2018-11-02,1.49,23.14,18.86,29.11,nasa,0.66
2018-11-03,0.03,24.0,17.96,31.27,nasa,0.65
2018-11-04,1.89,22.8,18.06,30.41,nasa,0.65
2018-11-05,10.85,18.79,16.24,23.27,nasa,0.65
2018-11-06,7.68,20.66,16.28,26.78,nasa,0.67
2018-11-07,7.57,21.8,16.45,28.19,nasa,0.67
2018-11-08,31.29,19.69,17.43,24.08,nasa,0.69
2018-11-09,21.29,18.15,16.09,20.72,nasa,0.75
2018-11-10,1.95,18.86,15.53,23.79,nasa,0.74
2018-11-11,0.24,20.53,14.89,26.71,nasa,0.72
2018-11-12,0.51,21.6,16.24,28.16,nasa,0.7
2018-11-13,0.48,22.51,18.13,28.55,nasa,0.69
2018-11-14,0.12,23.18,18.11,29.29,nasa,0.68
2018-11-15,0.43,23.42,18.78,29.2,nasa,0.67
2018-11-16,12.43,23.18,19.51,28.95,nasa,0.67
2018-11-17,1.82,22.23,18.36,27.81,nasa,0.69
2018-11-18,0.11,22.65,17.61,28.9,nasa,0.68
2018-11-19,10.21,22.19,18.53,27.17,nasa,0.67
2018-11-20,18.02,19.92,17.49,23.74,nasa,0.7
2018-11-21,4.73,19.73,16.27,23.89,nasa,0.71
2018-11-22,1.39,19.56,16.81,23.69,nasa,0.71
2018-11-23,1.33,20.69,16.56,26.36,nasa,0.7
2018-11-24,0.55,21.13,17.65,26.48,nasa,0.69
2018-11-25,2.06,20.2,16.7,23.96,nasa,0.69
2018-11-26,5.57,20.43,15.3,26.78,nasa,0.69
2018-11-27,0.67,20.52,15.6,27.29,nasa,0.68
2018-11-28,0.15,20.5,14.82,27.72,nasa,0.67
2018-11-29,0.01,21.86,15.4,29.05,nasa,0.67
2018-11-30,3.97,22.72,17.88,27.85,nasa,0.66
2018-12-01,4.17,22.07,19.18,26.01,nasa,0.67
2018-12-02,17.3,22.79,19.11,27.58,nasa,0.68
2018-12-03,15.81,19.4,16.98,24.13,nasa,0.72
2018-12-04,0.74,21.24,15.96,27.3,nasa,0.71
2018-12-05,0.76,23.42,17.0,29.78,nasa,0.7
2018-12-06,2.34,22.26,19.32,26.4,nasa,0.69
2018-12-07,23.91,21.35,16.27,27.29,nasa,0.69
2018-12-08,11.73,17.43,13.28,22.14,nasa,0.73
2018-12-09,0.03,17.08,11.95,23.39,nasa,0.72
2018-12-10,0.37,20.1,13.52,26.78,nasa,0.71
2018-12-11,3.83,20.67,15.89,25.97,nasa,0.7
2018-12-12,3.0,20.45,17.36,24.87,nasa,0.7
2018-12-13,0.27,22.24,17.11,28.6,nasa,0.69
2018-12-14,0.06,23.08,15.97,30.09,nasa,0.68
2018-12-15,0.75,23.76,18.18,30.5,nasa,0.67
2018-12-16,0.01,23.49,18.17,30.63,nasa,0.66
2018-12-17,0.0,23.54,17.53,30.65,nasa,0.66
2018-12-18,0.01,24.89,17.37,32.69,nasa,0.65
2018-12-19,0.13,25.87,18.53,34.13,nasa,0.65
2018-12-20,0.75,26.07,19.51,33.06,nasa,0.64
2018-12-21,1.33,26.75,20.49,33.71,nasa,0.64
2018-12-22,1.43,26.58,21.07,33.6,nasa,0.64
2018-12-23,1.0,26.24,20.1,33.56,nasa,0.64
2018-12-24,6.28,24.65,20.08,29.79,nasa,0.64
2018-12-25,5.62,22.25,18.73,28.42,nasa,0.65
2018-12-26,12.95,20.51,18.46,24.0,nasa,0.66
2018-12-27,34.65,20.49,18.65,23.07,nasa,0.7
2018-12-28,24.99,20.47,17.85,24.48,nasa,0.75
2018-12-29,19.34,22.3,18.49,27.28,nasa,0.77
2018-12-30,11.59,21.67,18.78,25.5,nasa,0.77
2018-12-31,6.64,20.11,17.19,22.82,nasa,0.77
2019-01-01,4.49,21.92,16.12,27.04,nasa,0.76
2019-01-02,0.25,23.15,18.93,28.24,nasa,0.74
2019-01-03,0.7,23.66,19.09,29.15,nasa,0.72
2019-01-04,3.68,22.76,18.85,28.58,nasa,0.72
2019-01-05,0.2,23.15,17.68,29.02,nasa,0.71
2019-01-06,0.02,22.51,17.24,28.95,nasa,0.7
2019-01-07,0.02,22.86,17.71,29.17,nasa,0.69
2019-01-08,0.0,23.5,18.39,29.74,nasa,0.68
2019-01-09,0.05,22.14,17.49,28.26,nasa,0.67
2019-01-10,0.14,22.79,17.54,29.01,nasa,0.66
2019-01-11,0.47,23.65,18.1,30.25,nasa,0.66
2019-01-12,0.09,23.21,18.63,29.43,nasa,0.66
2019-01-13,0.01,23.53,17.53,30.99,nasa,0.65
2019-01-14,0.0,24.37,18.52,31.63,nasa,0.65
2019-01-15,0.0,25.37,18.98,32.9,nasa,0.64
2019-01-16,0.18,26.5,19.8,34.47,nasa,0.64
2019-01-17,0.58,25.28,20.56,31.44,nasa,0.64
2019-01-18,0.13,25.47,19.15,32.68,nasa,0.64
2019-01-19,0.0,25.02,18.35,33.34,nasa,0.63
2019-01-20,0.0,25.61,18.87,33.73,nasa,0.63
2019-01-21,0.0,24.75,19.01,31.31,nasa,0.63
2019-01-22,0.21,25.54,19.42,32.96,nasa,0.63
2019-01-23,0.01,24.84,18.23,33.25,nasa,0.63
2019-01-24,0.0,25.19,18.17,33.57,nasa,0.62
2019-01-25,0.49,23.65,18.92,29.43,nasa,0.62
2019-01-26,0.22,24.37,18.66,32.19,nasa,0.62
2019-01-27,0.75,24.64,18.08,33.27,nasa,0.62
2019-01-28,6.21,23.94,18.69,30.45,nasa,0.63
2019-01-29,0.76,24.9,18.04,33.67,nasa,0.63
2019-01-30,0.02,25.27,18.4,33.72,nasa,0.63
2019-01-31,0.52,25.6,19.19,34.02,nasa,0.62
2019-02-01,0.0,25.94,18.73,34.67,nasa,0.62
2019-02-02,0.05,25.72,18.81,34.49,nasa,0.62
2019-02-03,0.07,26.8,19.1,36.48,nasa,0.62
2019-02-04,0.63,24.97,20.23,31.22,nasa,0.61
2019-02-05,23.49,21.99,19.09,26.31,nasa,0.64
2019-02-06,19.2,21.98,18.69,27.19,nasa,0.67
2019-02-07,16.53,21.8,19.74,26.44,nasa,0.7
2019-02-08,5.97,22.76,18.27,28.22,nasa,0.71
2019-02-09,1.96,23.24,19.08,28.64,nasa,0.69
2019-02-10,2.5,22.82,18.83,28.17,nasa,0.68
2019-02-11,0.33,22.74,18.66,28.51,nasa,0.67
2019-02-12,0.0,23.68,18.04,30.31,nasa,0.66
2019-02-13,15.23,21.78,18.02,27.66,nasa,0.67
2019-02-14,2.02,20.69,17.03,26.22,nasa,0.68
2019-02-15,0.03,22.2,16.73,28.14,nasa,0.67
2019-02-16,3.48,23.15,19.64,28.45,nasa,0.67
2019-02-17,4.88,22.54,19.15,27.25,nasa,0.67
2019-02-18,12.98,23.24,19.17,27.49,nasa,0.67
2019-02-19,6.37,22.49,20.59,25.16,nasa,0.7
2019-02-20,3.63,23.97,19.92,29.24,nasa,0.69
2019-02-21,11.41,22.85,19.95,26.92,nasa,0.69
2019-02-22,1.21,24.22,19.48,29.85,nasa,0.7
2019-02-23,0.23,25.32,19.51,30.9,nasa,0.68
2019-02-24,0.02,25.49,19.53,31.07,nasa,0.67
2019-02-25,1.05,25.88,19.9,31.59,nasa,0.66
2019-02-26,9.15,24.82,20.2,30.07,nasa,0.66
2019-02-27,2.7,23.65,20.25,28.24,nasa,0.67
2019-02-28,4.97,23.11,19.59,27.96,nasa,0.67
2019-03-01,3.55,23.49,19.4,28.59,nasa,0.67
2019-03-02,1.82,22.93,19.64,27.19,nasa,0.67
2019-03-03,0.67,23.33,19.1,29.47,nasa,0.67
2019-03-04,0.24,23.31,18.45,29.63,nasa,0.66
2019-03-05,3.44,23.22,18.47,29.08,nasa,0.65
2019-03-06,5.41,22.34,18.64,27.64,nasa,0.66
2019-03-07,0.93,23.21,17.93,29.68,nasa,0.66
2019-03-08,0.25,24.34,18.31,31.96,nasa,0.65
2019-03-09,1.35,24.77,19.15,31.74,nasa,0.65
2019-03-10,2.61,23.98,20.33,29.47,nasa,0.65
2019-03-11,4.91,22.97,19.81,27.93,nasa,0.65
2019-03-12,1.15,22.94,19.45,28.5,nasa,0.65
2019-03-13,0.66,24.28,19.64,29.84,nasa,0.65
2019-03-14,2.1,24.58,19.48,30.82,nasa,0.65
2019-03-15,11.46,23.56,20.93,27.77,nasa,0.65
2019-03-16,17.36,22.77,20.03,27.19,nasa,0.67
2019-03-17,8.36,22.04,20.46,24.32,nasa,0.7
2019-03-18,6.3,22.86,19.78,26.96,nasa,0.7
2019-03-19,19.75,23.04,20.34,25.68,nasa,0.71
2019-03-20,17.38,22.68,19.66,26.66,nasa,0.74
2019-03-21,13.23,20.02,17.82,23.36,nasa,0.75
2019-03-22,3.63,19.15,17.38,22.08,nasa,0.74
2019-03-23,1.14,19.64,16.96,24.2,nasa,0.73
2019-03-24,0.1,20.26,16.93,25.25,nasa,0.72
2019-03-25,0.04,21.72,17.64,27.46,nasa,0.71
2019-03-26,0.0,21.82,17.35,27.62,nasa,0.7
2019-03-27,0.03,20.38,15.38,26.49,nasa,0.69
2019-03-28,1.57,20.19,16.35,25.59,nasa,0.68
2019-03-29,2.36,19.68,16.28,25.11,nasa,0.68
2019-03-30,0.47,19.93,16.14,25.75,nasa,0.68
2019-03-31,1.52,19.88,15.32,26.14,nasa,0.67
2019-04-01,3.14,19.9,16.35,25.76,nasa,0.67
2019-04-02,2.22,20.2,16.62,26.29,nasa,0.67
2019-04-03,0.61,21.22,16.13,27.38,nasa,0.67
2019-04-04,0.71,22.39,17.25,28.74,nasa,0.67
2019-04-05,0.12,23.59,18.52,29.4,nasa,0.66
2019-04-06,0.49,24.22,19.91,29.58,nasa,0.66
2019-04-07,0.14,23.36,18.48,30.14,nasa,0.65
2019-04-08,0.19,23.41,18.58,29.07,nasa,0.65
2019-04-09,16.03,22.57,18.42,28.0,nasa,0.65
2019-04-10,8.98,20.27,17.88,22.83,nasa,0.69
2019-04-11,0.93,20.79,17.05,26.4,nasa,0.69
2019-04-12,0.0,21.22,16.7,27.14,nasa,0.68
2019-04-13,0.02,21.6,17.15,27.46,nasa,0.67
2019-04-14,1.52,22.07,18.17,28.39,nasa,0.67
2019-04-15,7.32,21.27,18.39,26.08,nasa,0.67
2019-04-16,5.74,21.56,18.37,26.87,nasa,0.68
2019-04-17,6.94,21.41,19.49,25.02,nasa,0.69
2019-04-18,0.56,22.31,18.74,27.51,nasa,0.69
2019-04-19,0.15,21.47,16.85,27.45,nasa,0.68
2019-04-20,0.22,21.65,16.67,27.61,nasa,0.67
2019-04-21,0.5,21.86,16.38,27.35,nasa,0.67
2019-04-22,0.15,22.55,16.86,28.53,nasa,0.66
2019-04-23,1.28,22.14,17.4,28.22,nasa,0.66
2019-04-24,1.7,21.79,17.7,28.05,nasa,0.66
2019-04-25,0.02,21.82,17.5,28.46,nasa,0.65
2019-04-26,0.02,21.89,16.42,29.08,nasa,0.65
2019-04-27,0.01,22.46,17.04,29.26,nasa,0.65
2019-04-28,0.31,22.99,18.34,29.53,nasa,0.64
2019-04-29,2.7,22.35,18.16,28.45,nasa,0.64
2019-04-30,0.1,21.32,16.73,27.75,nasa,0.64
2019-05-01,0.08,21.73,17.63,27.84,nasa,0.64
2019-05-02,0.16,22.45,17.43,28.23,nasa,0.64
2019-05-03,0.36,21.78,19.36,25.58,nasa,0.64
2019-05-04,0.07,22.81,18.71,29.23,nasa,0.64
2019-05-05,0.01,21.5,17.0,28.04,nasa,0.64
2019-05-06,0.0,21.48,16.58,28.44,nasa,0.63
2019-05-07,2.75,21.98,16.51,28.93,nasa,0.63
2019-05-08,6.18,19.93,15.77,25.67,nasa,0.64
2019-05-09,1.61,18.6,14.92,24.41,nasa,0.65
2019-05-10,0.0,20.1,15.26,27.19,nasa,0.64
2019-05-11,0.04,20.93,15.79,27.57,nasa,0.64
2019-05-12,0.01,21.95,16.16,29.59,nasa,0.64
2019-05-13,0.13,21.97,16.65,28.98,nasa,0.64
2019-05-14,0.47,22.05,17.92,28.49,nasa,0.63
2019-05-15,5.57,20.89,17.69,27.67,nasa,0.63
2019-05-16,4.82,18.35,16.56,20.73,nasa,0.64
2019-05-17,9.53,17.46,16.5,19.34,nasa,0.66
2019-05-18,18.01,19.31,17.18,22.84,nasa,0.68
2019-05-19,2.86,19.81,16.68,24.0,nasa,0.7
2019-05-20,0.04,19.64,14.79,25.71,nasa,0.68
2019-05-21,0.02,19.96,14.12,25.97,nasa,0.67
2019-05-22,0.03,20.27,14.25,26.56,nasa,0.67
2019-05-23,0.0,20.09,14.11,26.34,nasa,0.66
2019-05-24,0.01,20.88,16.17,27.43,nasa,0.66
2019-05-25,0.01,21.17,16.7,27.15,nasa,0.65
2019-05-26,0.01,19.61,14.91,26.69,nasa,0.65
2019-05-27,0.01,20.02,14.66,26.89,nasa,0.65
2019-05-28,0.02,20.92,16.09,27.43,nasa,0.64
2019-05-29,0.08,21.5,16.81,28.85,nasa,0.64
2019-05-30,0.01,20.78,16.03,28.1,nasa,0.64
2019-05-31,0.01,21.5,16.54,28.06,nasa,0.64
2019-06-01,0.0,22.31,16.22,30.07,nasa,0.63
2019-06-02,0.02,21.48,16.46,28.77,nasa,0.63
2019-06-03,0.29,20.78,16.02,27.05,nasa,0.63
2019-06-04,2.11,18.26,12.19,24.07,nasa,0.63
2019-06-05,0.33,14.96,11.59,20.69,nasa,0.63
2019-06-06,0.19,14.79,10.95,21.0,nasa,0.63
2019-06-07,0.13,16.16,10.9,23.12,nasa,0.63
2019-06-08,0.01,17.56,12.35,23.73,nasa,0.63
2019-06-09,0.11,17.5,13.15,23.51,nasa,0.63
2019-06-10,0.46,17.68,13.38,23.85,nasa,0.63
2019-06-11,0.24,18.27,14.06,24.81,nasa,0.63
2019-06-12,0.07,19.06,14.23,26.01,nasa,0.63
2019-06-13,0.12,19.87,15.56,26.65,nasa,0.63
2019-06-14,0.02,19.52,14.89,26.27,nasa,0.63
2019-06-15,0.1,18.67,14.13,25.68,nasa,0.62
2019-06-16,0.08,18.76,13.62,26.37,nasa,0.62
2019-06-17,2.61,18.21,14.71,24.04,nasa,0.62
2019-06-18,1.11,17.96,13.85,24.5,nasa,0.63
2019-06-19,0.02,18.7,13.25,25.78,nasa,0.63
2019-06-20,0.0,18.66,12.5,26.59,nasa,0.62
2019-06-21,0.9,17.34,13.74,23.0,nasa,0.62
2019-06-22,0.25,17.19,13.24,23.63,nasa,0.62
2019-06-23,0.13,18.96,13.63,26.13,nasa,0.62
2019-06-24,0.05,19.82,15.13,26.54,nasa,0.62
2019-06-25,0.04,19.56,14.09,27.14,nasa,0.62
2019-06-26,0.0,19.62,14.4,27.39,nasa,0.62
2019-06-27,0.01,20.56,14.33,28.1,nasa,0.62
2019-06-28,0.05,19.17,13.03,26.23,nasa,0.62
2019-06-29,0.02,18.06,11.92,25.65,nasa,0.62
2019-06-30,0.13,19.98,14.99,27.03,nasa,0.61
2019-07-01,0.05,20.32,15.84,27.62,nasa,0.61
2019-07-02,0.0,19.83,14.38,27.68,nasa,0.61
2019-07-03,0.04,20.46,15.24,28.02,nasa,0.61
2019-07-04,0.04,21.14,14.37,29.12,nasa,0.61
2019-07-05,0.19,21.19,14.4,29.73,nasa,0.61
2019-07-06,0.05,16.3,9.48,21.99,nasa,0.61
2019-07-07,0.0,12.43,6.89,20.69,nasa,0.61
2019-07-08,0.03,12.56,6.53,20.63,nasa,0.61
2019-07-09,0.01,14.01,8.78,22.48,nasa,0.61
2019-07-10,0.13,14.79,9.01,23.29,nasa,0.61
2019-07-11,0.09,16.16,8.91,24.47,nasa,0.61
2019-07-12,0.1,17.81,10.88,26.42,nasa,0.61
2019-07-13,0.01,18.73,11.43,28.27,nasa,0.61
2019-07-14,0.0,20.09,11.92,29.0,nasa,0.6
2019-07-15,0.02,21.11,13.95,29.01,nasa,0.6
2019-07-16,0.03,20.71,13.83,29.1,nasa,0.6
2019-07-17,0.12,14.9,10.65,21.8,nasa,0.6
2019-07-18,0.52,14.15,10.24,20.67,nasa,0.6
2019-07-19,1.63,13.86,10.15,18.71,nasa,0.6
2019-07-20,0.39,15.08,9.92,22.3,nasa,0.6
2019-07-21,0.62,16.14,10.99,23.19,nasa,0.6
2019-07-22,0.2,17.29,12.62,24.9,nasa,0.6
2019-07-23,0.15,17.69,12.25,25.71,nasa,0.6
2019-07-24,0.05,18.45,12.77,26.83,nasa,0.6
2019-07-25,0.04,19.81,14.72,27.18,nasa,0.6
2019-07-26,0.01,18.24,12.83,25.97,nasa,0.6
2019-07-27,0.02,18.27,12.69,27.12,nasa,0.6
2019-07-28,0.04,17.8,11.67,26.29,nasa,0.6
2019-07-29,0.73,17.54,12.95,24.35,nasa,0.6
2019-07-30,0.03,18.25,12.1,26.18,nasa,0.6
2019-07-31,0.02,19.52,12.77,28.46,nasa,0.6
2019-08-01,0.01,19.6,13.06,28.5,nasa,0.6
2019-08-02,0.01,20.68,14.19,30.11,nasa,0.6
2019-08-03,0.42,19.07,13.91,27.81,nasa,0.6
2019-08-04,1.14,15.49,11.87,21.48,nasa,0.6
2019-08-05,1.5,14.46,11.45,20.15,nasa,0.6
2019-08-06,1.84,16.85,13.14,23.37,nasa,0.6
2019-08-07,1.04,18.59,14.0,26.31,nasa,0.6
2019-08-08,0.09,19.46,13.2,28.53,nasa,0.6
2019-08-09,0.01,19.89,13.67,28.89,nasa,0.6
2019-08-10,0.07,20.68,14.41,28.51,nasa,0.6
2019-08-11,0.12,21.27,15.41,30.5,nasa,0.6
2019-08-12,0.09,19.9,14.29,28.25,nasa,0.6
2019-08-13,0.1,20.91,14.09,30.25,nasa,0.6
2019-08-14,1.7,16.96,11.92,22.21,nasa,0.6
2019-08-15,0.28,14.12,8.76,20.69,nasa,0.6
2019-08-16,0.03,14.34,6.43,24.23,nasa,0.6
2019-08-17,0.01,16.22,9.66,25.51,nasa,0.6
2019-08-18,0.0,18.35,11.12,27.5,nasa,0.6
2019-08-19,0.0,20.51,12.88,29.77,nasa,0.6
2019-08-20,1.72,21.35,15.83,28.84,nasa,0.6
2019-08-21,1.95,18.7,14.54,24.94,nasa,0.6
2019-08-22,0.39,16.56,13.1,22.69,nasa,0.6
2019-08-23,3.84,17.57,12.45,24.94,nasa,0.6
2019-08-24,3.34,18.0,14.12,25.17,nasa,0.61
2019-08-25,0.43,16.89,12.6,23.94,nasa,0.61
2019-08-26,0.37,17.15,12.47,24.76,nasa,0.61
2019-08-27,0.08,17.56,12.88,26.36,nasa,0.61
2019-08-28,0.04,15.12,11.73,20.64,nasa,0.61
2019-08-29,0.1,17.46,12.03,25.68,nasa,0.61
2019-08-30,0.01,18.43,11.78,27.29,nasa,0.6
2019-08-31,0.05,20.8,13.71,30.34,nasa,0.6
2019-09-01,0.0,22.1,15.95,30.85,nasa,0.6
2019-09-02,0.07,22.24,16.69,30.24,nasa,0.6
2019-09-03,0.0,23.54,15.96,33.16,nasa,0.6
2019-09-04,0.02,23.61,15.5,33.33,nasa,0.6
2019-09-05,3.55,20.48,14.15,28.89,nasa,0.6
2019-09-06,2.49,16.44,13.26,23.35,nasa,0.6
2019-09-07,0.29,19.05,12.74,28.07,nasa,0.6
2019-09-08,0.0,20.5,14.07,30.1,nasa,0.6
2019-09-09,0.0,20.61,13.94,29.89,nasa,0.6
2019-09-10,0.02,22.28,15.13,31.94,nasa,0.6
2019-09-11,0.01,23.73,16.0,33.61,nasa,0.6
2019-09-12,0.03,24.62,16.0,35.6,nasa,0.6
2019-09-13,0.01,23.86,16.63,34.32,nasa,0.6
2019-09-14,0.02,22.1,17.19,29.95,nasa,0.6
2019-09-15,0.0,22.69,16.36,31.54,nasa,0.59
2019-09-16,0.0,22.95,16.44,31.79,nasa,0.59
2019-09-17,0.0,23.37,16.19,32.36,nasa,0.59
2019-09-18,0.0,24.44,17.43,33.64,nasa,0.59
2019-09-19,0.0,25.13,17.57,34.76,nasa,0.59
2019-09-20,0.0,24.29,17.21,33.48,nasa,0.59
2019-09-21,0.0,24.98,17.82,34.78,nasa,0.59
2019-09-22,0.81,22.22,17.0,30.85,nasa,0.59
2019-09-23,1.33,16.9,12.45,22.54,nasa,0.59
2019-09-24,0.08,17.93,11.73,27.47,nasa,0.59
2019-09-25,2.64,18.25,13.25,25.43,nasa,0.6
2019-09-26,10.39,19.86,15.22,26.12,nasa,0.6
2019-09-27,10.53,20.16,16.47,26.26,nasa,0.64
2019-09-28,0.13,19.61,15.01,27.38,nasa,0.63
2019-09-29,1.32,19.01,14.99,25.85,nasa,0.63
2019-09-30,2.9,19.22,15.15,27.08,nasa,0.63
2019-10-01,0.49,19.89,14.47,28.59,nasa,0.62
2019-10-02,0.01,20.0,13.77,29.41,nasa,0.62
2019-10-03,0.03,20.78,14.08,29.1,nasa,0.61
2019-10-04,1.02,20.8,16.34,27.29,nasa,0.61
2019-10-05,0.3,21.77,16.2,29.87,nasa,0.61
2019-10-06,0.06,22.08,16.25,29.61,nasa,0.61
2019-10-07,0.03,23.05,16.82,31.2,nasa,0.6
2019-10-08,0.03,23.93,17.36,32.04,nasa,0.6
2019-10-09,3.19,23.26,17.99,30.95,nasa,0.6
2019-10-10,3.32,21.87,17.35,28.49,nasa,0.61
2019-10-11,0.06,22.05,15.73,31.02,nasa,0.61
2019-10-12,0.04,22.53,16.14,31.08,nasa,0.6
2019-10-13,0.0,23.46,17.16,32.55,nasa,0.6
2019-10-14,0.02,23.15,15.7,32.94,nasa,0.6
2019-10-15,0.5,23.16,15.66,32.17,nasa,0.6
2019-10-16,0.27,23.8,17.93,31.47,nasa,0.6
2019-10-17,0.02,23.58,16.14,32.54,nasa,0.6
2019-10-18,0.02,24.85,15.44,34.17,nasa,0.6
2019-10-19,1.72,24.85,18.83,32.89,nasa,0.59
2019-10-20,2.89,21.84,15.79,29.16,nasa,0.6
2019-10-21,1.18,20.17,14.87,26.03,nasa,0.6
2019-10-22,1.73,21.71,17.36,29.5,nasa,0.6
2019-10-23,0.82,20.93,16.34,28.17,nasa,0.6
2019-10-24,0.15,22.66,15.46,31.59,nasa,0.6
2019-10-25,0.61,23.55,17.9,30.58,nasa,0.6
2019-10-26,6.94,24.16,19.68,31.1,nasa,0.6
2019-10-27,5.04,22.36,18.95,27.51,nasa,0.62
2019-10-28,1.47,23.77,18.42,30.69,nasa,0.62
2019-10-29,0.42,23.67,18.42,29.95,nasa,0.61
2019-10-30,0.83,24.71,19.1,31.73,nasa,0.61
2019-10-31,5.24,23.39,18.49,29.66,nasa,0.61
2019-11-01,12.3,21.93,18.78,26.65,nasa,0.63
2019-11-02,7.97,21.8,17.25,27.96,nasa,0.64
2019-11-03,0.42,23.0,16.24,31.08,nasa,0.64
2019-11-04,0.01,26.01,18.32,34.81,nasa,0.63
2019-11-05,0.12,27.6,19.45,36.0,nasa,0.62
2019-11-06,1.75,25.6,20.45,34.31,nasa,0.62
2019-11-07,1.24,23.9,19.52,29.8,nasa,0.62
2019-11-08,8.71,24.05,19.3,31.47,nasa,0.62
2019-11-09,1.47,24.64,19.37,32.35,nasa,0.63
2019-11-10,0.01,25.26,17.72,34.5,nasa,0.62
2019-11-11,4.22,24.68,18.27,34.89,nasa,0.62
2019-11-12,33.6,20.35,17.89,24.22,nasa,0.66
2019-11-13,8.79,21.25,17.37,27.96,nasa,0.68
2019-11-14,12.29,21.98,18.17,28.0,nasa,0.68
2019-11-15,25.19,21.37,19.1,25.19,nasa,0.71
2019-11-16,9.63,20.41,16.93,24.63,nasa,0.71
2019-11-17,5.88,18.95,16.09,24.01,nasa,0.71
2019-11-18,12.59,20.41,17.0,25.5,nasa,0.71
2019-11-19,14.15,20.95,18.19,24.41,nasa,0.72
2019-11-20,10.04,19.65,16.98,21.99,nasa,0.73
2019-11-21,15.1,19.6,16.27,24.15,nasa,0.74
2019-11-22,6.3,21.49,17.48,26.39,nasa,0.73
2019-11-23,9.05,22.08,19.13,25.96,nasa,0.73
2019-11-24,9.88,19.18,13.0,24.27,nasa,0.74
2019-11-25,0.4,17.28,12.11,24.15,nasa,0.72
2019-11-26,0.49,18.54,13.32,26.1,nasa,0.71
2019-11-27,0.17,19.92,13.49,27.25,nasa,0.7
2019-11-28,3.46,22.88,16.33,29.59,nasa,0.69
2019-11-29,19.2,20.75,18.36,24.34,nasa,0.72
2019-11-30,9.57,21.49,17.8,25.89,nasa,0.72
2019-12-01,19.64,22.19,19.2,26.03,nasa,0.74
2019-12-02,20.84,21.52,17.13,25.23,nasa,0.77
2019-12-03,3.85,18.82,16.09,23.73,nasa,0.77
2019-12-04,0.61,20.58,16.44,25.83,nasa,0.75
2019-12-05,8.5,21.86,17.55,26.59,nasa,0.74
2019-12-06,28.99,22.66,19.09,26.56,nasa,0.75
2019-12-07,6.91,18.93,15.6,23.88,nasa,0.78
2019-12-08,0.64,18.49,14.81,24.56,nasa,0.77
2019-12-09,1.03,19.89,15.07,25.04,nasa,0.75
2019-12-10,0.56,22.25,18.72,26.76,nasa,0.74
2019-12-11,4.46,21.85,18.21,26.14,nasa,0.74
2019-12-12,4.48,21.39,17.73,26.11,nasa,0.74
2019-12-13,0.03,23.15,18.96,27.79,nasa,0.73
2019-12-14,0.42,22.79,18.73,27.98,nasa,0.72
2019-12-15,0.67,21.56,16.46,27.74,nasa,0.72
2019-12-16,0.07,21.62,15.43,27.79,nasa,0.71
2019-12-17,0.11,22.73,18.34,28.48,nasa,0.7
2019-12-18,0.77,23.78,18.23,29.86,nasa,0.69
2019-12-19,3.63,22.78,18.23,28.71,nasa,0.69
2019-12-20,0.2,23.27,18.79,29.0,nasa,0.69
2019-12-21,0.0,22.8,18.39,28.27,nasa,0.68
2019-12-22,5.14,23.0,19.35,27.43,nasa,0.68
2019-12-23,4.4,22.57,19.41,27.13,nasa,0.69
2019-12-24,8.34,20.5,18.07,23.37,nasa,0.7
2019-12-25,15.02,21.61,17.63,26.37,nasa,0.71
2019-12-26,5.39,22.31,18.08,27.36,nasa,0.73
2019-12-27,1.31,22.07,17.45,27.78,nasa,0.72
2019-12-28,4.23,21.53,17.12,27.18,nasa,0.71
2019-12-29,4.5,20.99,16.35,27.0,nasa,0.71
2019-12-30,2.45,21.2,16.16,27.24,nasa,0.7
2019-12-31,2.52,21.23,16.0,27.23,nasa,0.7
2020-01-01,0.85,22.3,16.44,28.33,nasa,0.69
2020-01-02,14.09,22.39,19.52,26.87,nasa,0.69
2020-01-03,15.21,22.53,19.21,27.14,nasa,0.72
2020-01-04,23.48,21.93,19.95,25.08,nasa,0.74
2020-01-05,5.26,22.22,20.14,25.39,nasa,0.77
2020-01-06,0.74,22.57,20.25,25.83,nasa,0.75
2020-01-07,0.27,24.56,19.96,29.78,nasa,0.74
2020-01-08,2.11,24.27,20.53,28.28,nasa,0.73
2020-01-09,0.8,23.64,20.1,27.24,nasa,0.73
2020-01-10,0.38,23.73,18.32,30.35,nasa,0.72
2020-01-11,0.1,23.35,18.1,29.38,nasa,0.71
2020-01-12,2.97,24.2,17.64,30.7,nasa,0.7
2020-01-13,8.33,23.78,18.94,29.88,nasa,0.7
2020-01-14,5.5,20.4,16.96,24.44,nasa,0.71
2020-01-15,0.03,21.7,16.48,27.39,nasa,0.71
2020-01-16,1.98,24.42,18.84,29.4,nasa,0.7
2020-01-17,26.72,23.47,20.5,28.25,nasa,0.72
2020-01-18,2.64,21.63,18.7,25.35,nasa,0.74
2020-01-19,0.97,21.82,18.13,27.15,nasa,0.73
2020-01-20,20.89,21.67,18.43,26.99,nasa,0.73
2020-01-21,12.37,20.16,17.98,23.69,nasa,0.76
2020-01-22,10.37,20.85,17.9,25.35,nasa,0.77
2020-01-23,29.15,21.3,17.74,25.79,nasa,0.78
2020-01-24,39.29,21.54,19.62,23.47,nasa,0.82
2020-01-25,51.27,21.58,18.01,26.75,nasa,0.86
2020-01-26,4.09,20.69,17.32,26.23,nasa,0.85
2020-01-27,2.3,20.57,18.07,23.7,nasa,0.83
2020-01-28,0.37,22.99,20.26,27.4,nasa,0.81
2020-01-29,0.03,22.55,19.8,26.04,nasa,0.8
2020-01-30,0.17,22.45,19.85,26.03,nasa,0.79
2020-01-31,0.07,23.95,19.25,28.97,nasa,0.79
2020-02-01,0.52,24.71,19.58,29.91,nasa,0.78
2020-02-02,14.26,24.34,20.84,28.83,nasa,0.77
2020-02-03,0.6,23.09,19.35,28.38,nasa,0.79
2020-02-04,0.11,23.32,19.4,28.21,nasa,0.77
2020-02-05,1.23,22.43,19.45,26.67,nasa,0.77
2020-02-06,2.74,21.59,19.2,24.68,nasa,0.77
2020-02-07,8.03,21.41,18.79,25.25,nasa,0.77
2020-02-08,3.6,21.94,17.99,26.95,nasa,0.77
2020-02-09,2.98,22.04,18.04,26.74,nasa,0.77
2020-02-10,4.61,22.83,19.0,27.25,nasa,0.77
2020-02-11,8.77,22.6,20.21,26.25,nasa,0.77
2020-02-12,17.83,20.54,18.63,22.94,nasa,0.79
2020-02-13,14.35,20.93,17.67,25.15,nasa,0.8
2020-02-14,3.92,21.19,16.06,26.5,nasa,0.8
2020-02-15,6.18,22.77,18.73,28.11,nasa,0.8
2020-02-16,0.68,22.49,19.08,27.31,nasa,0.79
2020-02-17,0.52,22.28,18.62,26.83,nasa,0.79
2020-02-18,0.51,22.34,17.78,27.32,nasa,0.78
2020-02-19,0.42,22.04,17.3,27.78,nasa,0.77
2020-02-20,0.27,22.75,18.42,27.96,nasa,0.76
2020-02-21,7.47,23.54,19.19,28.66,nasa,0.75
2020-02-22,27.62,22.67,19.36,26.68,nasa,0.78
2020-02-23,6.96,19.47,17.08,23.5,nasa,0.81
2020-02-24,0.59,20.97,16.46,26.69,nasa,0.79
2020-02-25,0.28,22.45,18.82,26.99,nasa,0.79
2020-02-26,0.69,23.16,20.23,27.39,nasa,0.78
2020-02-27,46.05,22.85,18.22,27.15,nasa,0.79
2020-02-28,10.9,20.14,17.78,23.59,nasa,0.83
2020-02-29,6.19,20.96,18.53,25.04,nasa,0.82
2020-03-01,36.33,21.56,18.36,25.54,nasa,0.83
2020-03-02,12.48,20.34,18.52,22.81,nasa,0.86
2020-03-03,1.05,20.28,17.8,24.56,nasa,0.85
2020-03-04,6.37,21.98,18.22,27.04,nasa,0.84
2020-03-05,14.78,20.19,17.72,23.65,nasa,0.84
2020-03-06,3.89,19.13,16.02,23.14,nasa,0.85
2020-03-07,4.09,19.12,16.26,23.18,nasa,0.84
2020-03-08,0.72,19.12,16.39,23.67,nasa,0.84
2020-03-09,2.01,20.07,16.84,25.08,nasa,0.83
2020-03-10,1.44,20.28,15.4,25.93,nasa,0.82
2020-03-11,1.59,20.83,17.12,26.15,nasa,0.82
2020-03-12,4.68,21.18,17.53,26.53,nasa,0.82
2020-03-13,7.97,21.5,17.51,27.12,nasa,0.82
2020-03-14,9.29,21.71,18.29,26.41,nasa,0.83
2020-03-15,0.75,21.4,17.29,26.91,nasa,0.83
2020-03-16,0.07,21.76,16.96,27.5,nasa,0.82
2020-03-17,2.45,22.44,18.23,27.76,nasa,0.81
2020-03-18,6.92,22.2,18.28,27.12,nasa,0.81
2020-03-19,0.26,22.69,18.54,27.79,nasa,0.81
2020-03-20,3.26,22.56,19.46,26.1,nasa,0.8
2020-03-21,22.27,22.14,19.41,25.93,nasa,0.82
2020-03-22,8.85,19.99,17.49,23.52,nasa,0.83
2020-03-23,0.89,18.38,14.13,22.87,nasa,0.83
2020-03-24,0.29,17.58,13.72,22.61,nasa,0.82
2020-03-25,0.54,18.06,13.61,23.71,nasa,0.81
2020-03-26,0.37,18.3,14.26,23.52,nasa,0.81
2020-03-27,0.03,18.53,13.94,24.08,nasa,0.8
2020-03-28,0.01,19.97,15.21,25.49,nasa,0.79
2020-03-29,0.01,20.65,17.17,25.23,nasa,0.79
2020-03-30,2.54,21.71,17.25,27.0,nasa,0.79
2020-03-31,4.61,21.93,18.53,26.1,nasa,0.79
2020-04-01,10.51,21.25,19.05,24.46,nasa,0.81
2020-04-02,3.21,21.46,18.85,25.39,nasa,0.81
2020-04-03,6.73,23.05,19.42,27.89,nasa,0.81
2020-04-04,3.5,21.0,17.4,25.79,nasa,0.81
2020-04-05,0.7,20.28,16.18,26.05,nasa,0.8
2020-04-06,0.08,21.11,16.96,26.37,nasa,0.8
2020-04-07,3.68,22.51,18.15,27.34,nasa,0.79
2020-04-08,13.9,19.95,16.13,24.19,nasa,0.81
2020-04-09,3.71,18.95,15.18,24.49,nasa,0.81
2020-04-10,0.58,19.1,14.7,24.92,nasa,0.81
2020-04-11,5.19,20.41,16.15,25.8,nasa,0.8
2020-04-12,5.08,18.59,15.48,22.76,nasa,0.81
2020-04-13,0.43,18.24,14.33,23.72,nasa,0.8
2020-04-14,0.03,19.34,14.44,25.17,nasa,0.8
2020-04-15,0.34,20.38,16.7,24.91,nasa,0.79
2020-04-16,1.82,21.36,18.48,25.19,nasa,0.79
2020-04-17,1.51,19.84,16.71,23.62,nasa,0.79
2020-04-18,0.31,18.11,15.96,21.95,nasa,0.79
2020-04-19,0.04,17.92,14.91,22.47,nasa,0.78
2020-04-20,0.0,17.96,14.67,22.91,nasa,0.78
2020-04-21,0.04,18.21,14.34,23.56,nasa,0.78
2020-04-22,0.1,18.63,14.83,23.92,nasa,0.77
2020-04-23,0.43,18.19,15.3,22.58,nasa,0.77
2020-04-24,0.07,17.38,14.15,22.83,nasa,0.77
2020-04-25,0.41,17.85,12.11,24.29,nasa,0.76
2020-04-26,0.07,18.29,14.02,24.48,nasa,0.76
2020-04-27,0.17,17.0,12.67,22.36,nasa,0.76
2020-04-28,0.06,16.69,12.23,22.45,nasa,0.75
2020-04-29,0.06,18.14,12.92,23.51,nasa,0.75
2020-04-30,0.03,19.0,14.8,24.3,nasa,0.75
2020-05-01,0.03,19.36,14.62,25.0,nasa,0.74
2020-05-02,0.02,18.64,13.14,24.25,nasa,0.74
2020-05-03,0.38,17.16,13.78,21.48,nasa,0.74
2020-05-04,0.26,17.18,12.36,23.05,nasa,0.74
2020-05-05,0.07,17.79,13.6,23.05,nasa,0.73
2020-05-06,0.04,19.29,15.13,24.4,nasa,0.73
2020-05-07,10.72,16.85,14.5,18.68,nasa,0.74
2020-05-08,1.16,14.98,12.07,18.49,nasa,0.75
2020-05-09,0.19,14.35,10.12,19.86,nasa,0.75
2020-05-10,0.08,13.92,8.19,20.92,nasa,0.74
2020-05-11,0.01,15.44,8.78,22.27,nasa,0.74
2020-05-12,0.01,16.72,10.59,23.13,nasa,0.73
2020-05-13,0.08,18.15,12.9,23.84,nasa,0.73
2020-05-14,2.6,19.77,15.6,25.02,nasa,0.73
2020-05-15,9.98,18.28,15.82,22.3,nasa,0.74
2020-05-16,12.17,16.56,15.3,18.47,nasa,0.76
2020-05-17,0.47,17.87,13.46,23.49,nasa,0.76
2020-05-18,1.19,17.75,13.77,22.86,nasa,0.76
2020-05-19,1.5,17.82,14.83,22.7,nasa,0.75
2020-05-20,1.03,16.75,13.17,21.18,nasa,0.75
2020-05-21,0.27,17.3,13.39,22.31,nasa,0.74
2020-05-22,0.1,17.82,13.72,23.4,nasa,0.74
2020-05-23,0.02,19.36,14.95,24.84,nasa,0.73
2020-05-24,3.25,20.62,16.37,25.33,nasa,0.73
2020-05-25,20.18,18.92,15.64,22.99,nasa,0.76
2020-05-26,0.08,15.72,10.72,20.78,nasa,0.76
2020-05-27,0.0,13.38,7.81,20.49,nasa,0.75
2020-05-28,0.0,13.05,6.89,19.98,nasa,0.74
2020-05-29,0.01,14.79,10.37,21.11,nasa,0.74
2020-05-30,0.05,15.56,10.92,21.52,nasa,0.74
2020-05-31,0.06,15.59,11.55,21.65,nasa,0.73
2020-06-01,0.05,16.42,10.78,22.16,nasa,0.73
2020-06-02,0.01,17.86,12.41,23.4,nasa,0.72
2020-06-03,0.02,18.15,13.65,24.5,nasa,0.72
2020-06-04,0.02,17.82,14.37,23.2,nasa,0.72
2020-06-05,0.0,17.98,14.19,23.11,nasa,0.71
2020-06-06,0.0,18.25,14.01,23.93,nasa,0.71
2020-06-07,0.03,18.95,14.98,24.32,nasa,0.71
2020-06-08,0.01,19.5,14.92,25.62,nasa,0.71
2020-06-09,0.01,20.18,15.55,25.46,nasa,0.7
2020-06-10,0.0,18.59,13.19,24.61,nasa,0.7
2020-06-11,0.01,19.43,14.68,25.23,nasa,0.7
2020-06-12,0.01,20.19,15.27,26.09,nasa,0.7
2020-06-13,0.03,18.93,13.86,24.78,nasa,0.69
2020-06-14,0.31,19.3,15.09,25.34,nasa,0.69
2020-06-15,10.46,18.16,15.81,22.96,nasa,0.7
2020-06-16,7.61,17.15,14.67,21.86,nasa,0.72
2020-06-17,1.1,15.16,11.42,19.61,nasa,0.72
2020-06-18,0.58,15.19,10.78,21.17,nasa,0.71
2020-06-19,0.67,17.5,11.22,23.6,nasa,0.71
2020-06-20,0.42,18.7,14.63,24.27,nasa,0.71
2020-06-21,0.1,17.17,13.5,22.77,nasa,0.7
2020-06-22,0.0,17.06,11.07,24.1,nasa,0.7
2020-06-23,0.19,16.51,11.59,23.09,nasa,0.7
2020-06-24,0.18,15.27,11.28,21.86,nasa,0.69
2020-06-25,0.43,16.08,10.74,22.69,nasa,0.69
2020-06-26,0.17,17.58,12.07,24.17,nasa,0.69
2020-06-27,0.01,17.29,12.23,22.81,nasa,0.69
2020-06-28,0.55,16.06,12.13,21.15,nasa,0.69
2020-06-29,2.63,16.05,13.56,21.25,nasa,0.69
2020-06-30,0.52,17.17,12.83,22.93,nasa,0.69
2020-07-01,0.13,19.4,15.84,24.72,nasa,0.69
2020-07-02,8.91,17.0,14.8,20.08,nasa,0.68
2020-07-03,3.82,17.94,14.32,23.69,nasa,0.71
2020-07-04,0.55,17.16,13.33,22.95,nasa,0.7
2020-07-05,0.31,17.09,13.05,22.83,nasa,0.7
2020-07-06,0.05,17.94,12.04,25.43,nasa,0.7
2020-07-07,0.06,17.59,13.47,23.8,nasa,0.69
2020-07-08,0.03,16.63,13.14,22.61,nasa,0.69
2020-07-09,0.46,17.83,11.71,25.54,nasa,0.68
2020-07-10,0.49,16.55,13.15,21.99,nasa,0.68
2020-07-11,0.01,16.77,11.51,23.11,nasa,0.68
2020-07-12,0.03,17.05,13.45,23.25,nasa,0.68
2020-07-13,0.08,18.74,12.14,26.6,nasa,0.67
2020-07-14,0.65,19.54,13.91,27.08,nasa,0.67
2020-07-15,1.43,17.21,14.27,22.7,nasa,0.67
2020-07-16,0.37,16.11,12.82,22.04,nasa,0.67
2020-07-17,0.02,16.95,11.71,24.42,nasa,0.67
2020-07-18,0.01,16.01,11.74,21.96,nasa,0.67
2020-07-19,0.55,16.26,11.04,23.31,nasa,0.66
2020-07-20,0.18,17.29,11.86,24.44,nasa,0.66
2020-07-21,0.07,18.08,13.12,24.88,nasa,0.66
2020-07-22,0.12,18.03,12.54,25.46,nasa,0.66
2020-07-23,0.03,17.02,11.34,25.14,nasa,0.66
2020-07-24,0.28,16.99,11.4,24.59,nasa,0.65
2020-07-25,0.03,17.14,11.84,24.38,nasa,0.65
2020-07-26,0.87,18.33,12.4,25.65,nasa,0.65
2020-07-27,0.68,17.85,13.09,24.49,nasa,0.65
2020-07-28,0.77,17.38,12.57,25.3,nasa,0.65
2020-07-29,0.11,18.81,12.45,27.43,nasa,0.65
2020-07-30,6.55,17.41,14.17,23.06,nasa,0.65
2020-07-31,9.78,15.72,13.4,20.12,nasa,0.67
2020-08-01,1.67,15.46,12.12,20.78,nasa,0.68
2020-08-02,0.21,14.61,10.82,20.97,nasa,0.67
2020-08-03,0.02,14.75,9.95,21.98,nasa,0.67
2020-08-04,0.17,14.61,9.07,22.23,nasa,0.67
2020-08-05,0.21,14.92,10.59,21.76,nasa,0.66
2020-08-06,0.25,15.16,10.03,22.85,nasa,0.66
2020-08-07,0.2,15.64,10.38,23.58,nasa,0.66
2020-08-08,0.09,16.37,10.83,24.12,nasa,0.65
2020-08-09,0.02,16.67,11.02,24.13,nasa,0.65
2020-08-10,0.02,17.48,11.65,24.74,nasa,0.65
2020-08-11,0.09,18.48,13.48,25.09,nasa,0.65
2020-08-12,0.35,18.59,13.3,25.65,nasa,0.65
2020-08-13,0.02,18.72,14.74,24.35,nasa,0.64
2020-08-14,0.05,19.27,14.25,26.99,nasa,0.64
2020-08-15,0.02,19.48,14.85,26.57,nasa,0.64
2020-08-16,0.03,21.12,15.45,28.48,nasa,0.64
2020-08-17,0.04,21.7,16.94,28.68,nasa,0.64
2020-08-18,0.05,21.2,16.14,29.01,nasa,0.63
2020-08-19,0.01,20.77,15.56,28.92,nasa,0.63
2020-08-20,0.74,21.05,15.83,29.12,nasa,0.63
2020-08-21,3.83,17.16,13.7,21.4,nasa,0.63
2020-08-22,10.06,13.56,11.22,16.41,nasa,0.65
2020-08-23,1.84,13.24,10.09,17.97,nasa,0.66
2020-08-24,0.44,13.35,8.89,20.3,nasa,0.66
2020-08-25,0.42,13.8,8.76,20.58,nasa,0.65
2020-08-26,0.69,14.76,8.02,22.64,nasa,0.65
2020-08-27,1.52,17.47,12.95,24.45,nasa,0.65
2020-08-28,0.26,18.52,12.74,26.33,nasa,0.65
2020-08-29,0.07,19.12,13.4,26.28,nasa,0.65
2020-08-30,0.09,20.09,14.35,27.67,nasa,0.64
2020-08-31,0.31,21.36,15.53,30.05,nasa,0.64
2020-09-01,1.09,20.03,15.54,26.95,nasa,0.64
2020-09-02,0.19,19.04,14.43,26.65,nasa,0.63
2020-09-03,0.12,19.09,12.97,27.25,nasa,0.63
2020-09-04,0.7,20.09,13.2,29.76,nasa,0.63
2020-09-05,0.01,20.33,13.93,29.6,nasa,0.63
2020-09-06,0.02,20.28,13.75,29.3,nasa,0.62
2020-09-07,0.33,21.33,14.84,30.66,nasa,0.62
2020-09-08,0.04,21.87,15.42,30.39,nasa,0.62
2020-09-09,0.0,21.55,14.45,30.95,nasa,0.62
2020-09-10,0.02,20.85,14.46,30.29,nasa,0.62
2020-09-11,0.3,21.91,14.45,31.89,nasa,0.62
2020-09-12,0.11,21.44,15.38,30.8,nasa,0.61
2020-09-13,0.01,20.71,14.76,29.13,nasa,0.61
2020-09-14,0.05,21.33,15.45,29.63,nasa,0.61
2020-09-15,0.11,20.76,14.07,29.31,nasa,0.61
2020-09-16,0.05,21.53,15.92,29.63,nasa,0.61
2020-09-17,0.01,21.69,14.65,30.93,nasa,0.61
2020-09-18,0.03,22.63,14.75,32.29,nasa,0.61
2020-09-19,0.08,23.86,15.86,34.02,nasa,0.6
2020-09-20,0.53,23.89,18.47,33.09,nasa,0.6
2020-09-21,1.68,22.6,17.64,29.73,nasa,0.6
2020-09-22,6.11,21.05,17.69,26.24,nasa,0.61
2020-09-23,8.89,17.37,15.3,21.12,nasa,0.63
2020-09-24,3.5,20.03,15.64,27.16,nasa,0.64
2020-09-25,0.14,21.54,15.51,29.22,nasa,0.63
2020-09-26,0.21,21.49,15.52,28.72,nasa,0.63
2020-09-27,0.25,23.7,15.97,33.09,nasa,0.63
2020-09-28,0.0,25.29,16.49,35.51,nasa,0.62
2020-09-29,0.77,24.46,17.69,33.76,nasa,0.62
2020-09-30,0.14,25.05,17.94,34.83,nasa,0.61
2020-10-01,0.15,24.79,17.34,34.21,nasa,0.61
2020-10-02,2.68,25.04,17.6,34.99,nasa,0.61
2020-10-03,1.86,25.63,17.39,36.76,nasa,0.61
2020-10-04,0.67,23.27,17.94,30.42,nasa,0.61
2020-10-05,0.35,23.95,17.27,32.48,nasa,0.61
2020-10-06,0.11,26.59,17.94,35.68,nasa,0.61
2020-10-07,0.13,28.08,20.74,37.1,nasa,0.6
2020-10-08,0.55,26.93,20.93,34.2,nasa,0.6
2020-10-09,3.49,23.93,21.19,29.01,nasa,0.6
2020-10-10,9.82,22.33,16.84,29.55,nasa,0.62
2020-10-11,1.99,18.59,14.58,25.05,nasa,0.63
2020-10-12,1.92,19.7,14.4,28.05,nasa,0.63
2020-10-13,0.73,22.04,15.8,29.61,nasa,0.62
2020-10-14,2.91,23.63,18.73,30.44,nasa,0.62
2020-10-15,9.88,21.59,16.53,27.43,nasa,0.64
2020-10-16,7.68,18.62,14.53,25.53,nasa,0.65
2020-10-17,2.69,17.31,14.09,22.33,nasa,0.65
2020-10-18,1.0,18.29,13.73,24.87,nasa,0.65
2020-10-19,0.74,19.02,14.95,24.65,nasa,0.64
2020-10-20,4.46,18.83,15.8,23.41,nasa,0.64
2020-10-21,3.65,20.97,15.26,27.7,nasa,0.65
2020-10-22,3.75,20.05,15.44,26.63,nasa,0.65
2020-10-23,1.35,19.71,14.32,27.08,nasa,0.64
2020-10-24,11.73,19.95,16.59,25.1,nasa,0.65
2020-10-25,19.61,19.37,16.37,23.6,nasa,0.68
2020-10-26,1.88,19.86,15.19,26.43,nasa,0.69
2020-10-27,1.75,22.37,15.48,28.83,nasa,0.67
2020-10-28,3.0,24.06,19.68,29.08,nasa,0.66
2020-10-29,12.94,23.12,20.7,26.25,nasa,0.67
2020-10-30,30.74,22.41,19.88,26.46,nasa,0.69
2020-10-31,27.82,18.49,15.6,21.8,nasa,0.76
2020-11-01,3.88,16.53,13.29,20.28,nasa,0.75
2020-11-02,1.5,16.34,11.63,23.06,nasa,0.73
2020-11-03,1.85,17.59,12.58,23.88,nasa,0.72
2020-11-04,3.23,18.47,14.51,24.14,nasa,0.71
2020-11-05,2.24,20.45,15.22,26.64,nasa,0.7
2020-11-06,1.49,21.0,16.48,27.18,nasa,0.69
2020-11-07,0.71,21.79,15.64,28.79,nasa,0.68
2020-11-08,0.35,23.41,17.77,29.61,nasa,0.68
2020-11-09,0.27,23.83,18.43,30.19,nasa,0.67
2020-11-10,3.2,22.18,18.73,27.09,nasa,0.67
2020-11-11,2.14,22.27,17.98,27.76,nasa,0.67
2020-11-12,19.83,21.51,19.0,24.75,nasa,0.69
2020-11-13,4.22,20.79,17.42,25.73,nasa,0.7
2020-11-14,4.33,22.01,18.66,26.13,nasa,0.7
2020-11-15,3.93,22.64,19.05,26.72,nasa,0.7
2020-11-16,2.0,23.63,18.83,28.27,nasa,0.7
2020-11-17,9.05,24.73,20.1,30.07,nasa,0.7
2020-11-18,6.19,21.29,18.62,25.25,nasa,0.71
2020-11-19,3.18,22.05,18.1,26.49,nasa,0.7
2020-11-20,5.42,20.1,15.7,25.25,nasa,0.71
2020-11-21,0.95,19.87,15.1,26.87,nasa,0.7
2020-11-22,2.18,19.48,16.22,24.91,nasa,0.69
2020-11-23,4.43,19.28,16.27,24.02,nasa,0.69
2020-11-24,1.93,19.22,16.86,22.89,nasa,0.69
2020-11-25,4.25,20.08,17.16,24.29,nasa,0.69
2020-11-26,1.09,21.22,16.1,27.36,nasa,0.69
2020-11-27,0.74,21.87,17.03,28.4,nasa,0.68
2020-11-28,1.33,21.03,16.12,27.55,nasa,0.68
2020-11-29,2.25,21.42,16.19,27.97,nasa,0.67
2020-11-30,0.95,22.23,17.01,28.54,nasa,0.67
2020-12-01,4.1,21.88,18.25,26.43,nasa,0.66
2020-12-02,9.27,22.55,18.72,27.18,nasa,0.67
2020-12-03,5.23,22.58,19.51,26.58,nasa,0.68
2020-12-04,1.3,23.39,20.35,27.83,nasa,0.69
2020-12-05,5.61,22.48,20.28,25.92,nasa,0.68
2020-12-06,2.32,22.46,18.96,27.06,nasa,0.69
2020-12-07,0.53,22.59,18.49,27.62,nasa,0.68
2020-12-08,4.8,23.05,18.24,28.72,nasa,0.68
2020-12-09,31.52,21.25,19.05,23.5,nasa,0.7
2020-12-10,13.25,20.12,17.6,22.78,nasa,0.74
2020-12-11,5.03,21.57,15.6,27.55,nasa,0.74
2020-12-12,4.59,22.76,19.22,27.73,nasa,0.73
2020-12-13,0.56,21.77,17.65,27.23,nasa,0.72
2020-12-14,0.01,22.46,15.9,29.54,nasa,0.71
2020-12-15,0.08,23.42,17.46,29.89,nasa,0.69
2020-12-16,0.1,23.36,18.42,29.03,nasa,0.68
2020-12-17,0.16,23.05,18.04,28.13,nasa,0.68
2020-12-18,1.43,23.0,18.27,28.15,nasa,0.67
2020-12-19,6.57,23.62,19.53,29.1,nasa,0.67
2020-12-20,6.63,24.25,19.67,29.68,nasa,0.68
2020-12-21,1.05,24.03,19.59,29.39,nasa,0.68
2020-12-22,4.48,23.21,19.15,28.55,nasa,0.67
2020-12-23,13.92,21.75,19.72,25.23,nasa,0.69
2020-12-24,15.57,20.34,18.47,22.69,nasa,0.71
2020-12-25,3.23,20.31,17.62,23.63,nasa,0.72
2020-12-26,0.14,22.01,16.85,27.93,nasa,0.71
2020-12-27,1.17,22.57,18.55,27.17,nasa,0.7
2020-12-28,0.28,22.66,18.14,28.42,nasa,0.69
2020-12-29,0.08,23.15,18.33,28.87,nasa,0.68
2020-12-30,0.53,23.3,18.92,28.82,nasa,0.68
2020-12-31,0.62,23.81,17.66,29.72,nasa,0.67
2021-01-01,1.56,23.86,18.06,30.01,nasa,0.66
2021-01-02,23.65,21.32,19.05,24.21,nasa,0.68
2021-01-03,29.63,20.52,18.51,23.14,nasa,0.73
2021-01-04,2.41,20.8,18.78,23.82,nasa,0.75
2021-01-05,0.21,23.3,18.45,27.88,nasa,0.73
2021-01-06,2.06,23.64,18.95,27.82,nasa,0.72
2021-01-07,3.57,22.31,18.81,26.33,nasa,0.72
2021-01-08,5.93,23.79,20.13,29.74,nasa,0.71
2021-01-09,9.12,23.19,19.91,27.72,nasa,0.72
2021-01-10,1.19,23.76,19.94,28.61,nasa,0.72
2021-01-11,0.5,22.54,19.27,27.74,nasa,0.71
2021-01-12,0.4,23.18,18.74,28.69,nasa,0.7
2021-01-13,0.41,22.76,18.94,28.49,nasa,0.7
2021-01-14,4.64,22.62,17.72,28.07,nasa,0.69
2021-01-15,5.41,22.33,18.27,27.72,nasa,0.69
2021-01-16,0.95,21.52,18.1,26.3,nasa,0.69
2021-01-17,0.05,21.69,16.6,27.9,nasa,0.68
2021-01-18,0.01,22.21,14.83,29.09,nasa,0.67
2021-01-19,0.01,23.46,18.04,29.92,nasa,0.66
2021-01-20,0.0,23.03,16.94,30.54,nasa,0.66
2021-01-21,0.18,22.97,17.16,30.15,nasa,0.65
2021-01-22,1.06,22.22,16.83,28.67,nasa,0.65
2021-01-23,1.74,22.25,17.01,29.66,nasa,0.65
2021-01-24,0.25,22.93,16.35,30.76,nasa,0.65
2021-01-25,0.01,23.94,18.04,31.47,nasa,0.64
2021-01-26,0.0,23.91,17.92,31.66,nasa,0.64
2021-01-27,0.0,23.49,18.0,31.11,nasa,0.63
2021-01-28,0.0,24.24,17.62,31.73,nasa,0.63
2021-01-29,0.0,24.53,18.28,32.13,nasa,0.63
2021-01-30,0.01,24.85,18.27,33.1,nasa,0.63
2021-01-31,0.04,24.99,17.94,33.49,nasa,0.62
2021-02-01,0.52,24.45,18.83,31.89,nasa,0.62
2021-02-02,0.25,24.49,18.62,31.81,nasa,0.62
2021-02-03,0.12,25.42,19.0,33.23,nasa,0.62
2021-02-04,0.09,25.64,19.14,33.41,nasa,0.62
2021-02-05,3.47,23.68,20.09,28.06,nasa,0.62
2021-02-06,11.5,22.82,19.93,27.04,nasa,0.64
2021-02-07,30.31,20.18,18.1,23.39,nasa,0.68
2021-02-08,5.83,19.68,17.73,23.96,nasa,0.71
2021-02-09,4.84,20.35,16.99,25.66,nasa,0.7
2021-02-10,9.67,21.35,17.33,26.39,nasa,0.7
2021-02-11,0.88,21.35,18.3,26.32,nasa,0.7
2021-02-12,2.01,21.39,18.31,26.1,nasa,0.69
2021-02-13,0.9,21.99,18.84,26.71,nasa,0.68
2021-02-14,0.15,22.1,18.32,26.24,nasa,0.68
2021-02-15,8.31,21.4,19.24,24.18,nasa,0.68
2021-02-16,5.27,23.37,18.83,28.64,nasa,0.69
2021-02-17,11.4,23.4,20.34,28.43,nasa,0.69
2021-02-18,10.46,22.73,19.17,27.5,nasa,0.71
2021-02-19,32.64,22.16,20.57,24.4,nasa,0.74
2021-02-20,19.83,22.89,19.93,27.35,nasa,0.76
2021-02-21,0.71,21.33,17.85,25.58,nasa,0.76
2021-02-22,10.67,21.59,18.26,26.19,nasa,0.74
2021-02-23,8.79,21.69,18.26,25.79,nasa,0.75
2021-02-24,0.48,22.49,17.26,28.42,nasa,0.74
2021-02-25,0.29,22.52,17.58,27.64,nasa,0.72
2021-02-26,0.79,21.95,19.74,25.28,nasa,0.71
2021-02-27,1.99,20.87,17.57,26.0,nasa,0.71
2021-02-28,1.26,21.09,17.18,26.62,nasa,0.71
2021-03-01,0.56,20.29,16.79,24.62,nasa,0.7
2021-03-02,0.14,20.27,16.66,24.3,nasa,0.7
2021-03-03,0.08,21.64,17.91,26.7,nasa,0.69
2021-03-04,0.02,22.36,17.66,28.45,nasa,0.68
2021-03-05,0.13,22.78,17.63,28.93,nasa,0.68
2021-03-06,8.65,23.17,18.25,28.24,nasa,0.67
2021-03-07,15.02,22.38,19.28,26.81,nasa,0.69
2021-03-08,3.81,21.47,18.68,25.06,nasa,0.71
2021-03-09,8.11,21.83,18.17,26.49,nasa,0.71
2021-03-10,2.96,22.36,18.66,26.75,nasa,0.71
2021-03-11,3.8,22.29,19.76,25.86,nasa,0.71
2021-03-12,1.57,23.01,18.74,27.93,nasa,0.71
2021-03-13,0.36,22.05,18.18,26.94,nasa,0.7
2021-03-14,0.24,21.82,17.06,27.08,nasa,0.7
2021-03-15,0.1,22.0,17.17,27.6,nasa,0.69
2021-03-16,0.07,22.05,17.36,27.61,nasa,0.68
2021-03-17,1.08,21.62,16.7,27.57,nasa,0.67
2021-03-18,1.11,22.54,17.88,28.68,nasa,0.67
2021-03-19,1.64,21.85,18.01,27.06,nasa,0.67
2021-03-20,1.61,21.48,16.94,27.71,nasa,0.67
2021-03-21,1.59,21.36,16.53,27.32,nasa,0.66
2021-03-22,0.3,23.01,16.85,30.2,nasa,0.66
2021-03-23,0.47,23.33,18.05,30.32,nasa,0.65
2021-03-24,0.31,23.72,18.31,31.33,nasa,0.65
2021-03-25,5.93,23.18,18.43,30.41,nasa,0.65
2021-03-26,1.96,22.97,17.78,29.44,nasa,0.66
2021-03-27,1.37,23.6,16.91,30.36,nasa,0.65
2021-03-28,0.18,23.77,17.72,30.58,nasa,0.65
2021-03-29,0.42,24.18,18.13,30.21,nasa,0.65
2021-03-30,6.0,23.67,18.19,29.45,nasa,0.65
2021-03-31,8.18,23.35,18.24,29.65,nasa,0.66
2021-04-01,4.06,21.52,17.64,27.12,nasa,0.67
2021-04-02,2.46,21.11,16.49,27.48,nasa,0.66
2021-04-03,1.32,20.99,17.18,27.26,nasa,0.66
2021-04-04,0.64,20.54,17.35,26.61,nasa,0.66
2021-04-05,1.25,19.76,16.28,24.95,nasa,0.66
2021-04-06,0.18,20.08,15.25,26.58,nasa,0.65
2021-04-07,4.3,19.5,16.31,24.67,nasa,0.65
2021-04-08,2.09,18.93,15.46,24.78,nasa,0.66
2021-04-09,0.5,18.77,14.03,25.79,nasa,0.65
2021-04-10,0.25,19.66,13.03,27.31,nasa,0.65
2021-04-11,0.76,20.77,13.89,28.16,nasa,0.65
2021-04-12,0.06,21.36,14.59,29.34,nasa,0.64
2021-04-13,1.39,20.05,14.74,27.32,nasa,0.64
2021-04-14,0.35,19.05,14.72,26.0,nasa,0.64
2021-04-15,0.13,18.75,14.03,25.74,nasa,0.64
2021-04-16,0.04,19.01,13.75,26.42,nasa,0.64
2021-04-17,0.77,20.58,14.96,27.67,nasa,0.63
2021-04-18,0.73,22.11,17.33,28.16,nasa,0.63
2021-04-19,10.05,21.66,17.25,27.01,nasa,0.64
2021-04-20,1.38,20.36,16.05,26.49,nasa,0.65
2021-04-21,0.05,19.47,13.27,26.91,nasa,0.65
2021-04-22,0.47,20.02,15.46,26.73,nasa,0.64
2021-04-23,0.09,19.97,14.45,27.22,nasa,0.64
2021-04-24,0.01,21.03,15.55,28.32,nasa,0.64
2021-04-25,0.01,22.02,15.49,29.99,nasa,0.63
2021-04-26,2.04,22.39,16.61,29.8,nasa,0.63
2021-04-27,4.54,20.06,17.02,23.13,nasa,0.64
2021-04-28,1.73,19.79,16.63,25.66,nasa,0.64
2021-04-29,3.12,18.48,15.16,23.8,nasa,0.64
2021-04-30,0.53,17.64,14.49,23.52,nasa,0.64
2021-05-01,1.71,17.2,13.4,22.75,nasa,0.64
2021-05-02,1.7,17.5,14.86,22.1,nasa,0.64
2021-05-03,0.45,19.05,14.74,25.45,nasa,0.64
2021-05-04,0.1,20.24,14.92,27.53,nasa,0.64
2021-05-05,0.06,20.83,14.51,28.22,nasa,0.64
2021-05-06,0.12,20.32,14.39,27.43,nasa,0.63
2021-05-07,1.21,21.34,15.56,28.97,nasa,0.63
2021-05-08,3.65,18.19,14.71,23.86,nasa,0.64
2021-05-09,0.27,17.45,13.57,23.6,nasa,0.64
2021-05-10,0.42,16.33,12.27,22.56,nasa,0.63
2021-05-11,0.11,17.78,11.23,25.62,nasa,0.63
2021-05-12,0.0,19.39,12.4,27.39,nasa,0.63
2021-05-13,0.62,17.82,12.98,23.46,nasa,0.63
2021-05-14,0.95,17.06,13.79,22.85,nasa,0.63
2021-05-15,0.31,17.63,12.84,24.78,nasa,0.63
2021-05-16,0.14,17.71,13.24,23.88,nasa,0.63
2021-05-17,0.16,18.83,14.06,25.27,nasa,0.63
2021-05-18,0.07,18.88,13.38,26.28,nasa,0.62
2021-05-19,0.1,19.25,14.37,26.54,nasa,0.62
2021-05-20,0.14,19.57,12.66,28.25,nasa,0.62
2021-05-21,0.31,20.56,13.69,27.98,nasa,0.62
2021-05-22,0.09,21.51,14.35,29.11,nasa,0.62
2021-05-23,0.0,22.14,16.71,29.55,nasa,0.62
2021-05-24,0.08,22.48,17.28,29.69,nasa,0.62
2021-05-25,0.16,19.8,14.34,28.05,nasa,0.61
2021-05-26,0.25,20.18,14.9,27.0,nasa,0.61
2021-05-27,0.21,20.92,16.1,27.82,nasa,0.61
2021-05-28,0.06,21.72,16.84,28.63,nasa,0.61
2021-05-29,0.06,22.13,17.43,29.2,nasa,0.61
2021-05-30,1.43,22.26,16.96,29.05,nasa,0.61
2021-05-31,6.43,20.56,16.72,26.61,nasa,0.61
2021-06-01,1.62,19.67,16.3,25.59,nasa,0.63
2021-06-02,0.05,20.67,15.59,27.12,nasa,0.62
2021-06-03,0.1,20.66,15.3,28.59,nasa,0.62
2021-06-04,0.2,19.1,14.18,26.37,nasa,0.62
2021-06-05,2.18,18.76,14.32,25.49,nasa,0.62
2021-06-06,0.14,20.05,15.19,26.73,nasa,0.62
2021-06-07,0.05,20.0,16.0,26.27,nasa,0.62
2021-06-08,0.07,20.24,14.65,27.24,nasa,0.62
2021-06-09,2.11,19.63,15.87,25.88,nasa,0.62
2021-06-10,2.31,18.86,15.34,24.63,nasa,0.62
2021-06-11,4.51,20.24,16.03,27.4,nasa,0.62
2021-06-12,7.08,17.09,13.4,21.84,nasa,0.64
2021-06-13,0.13,15.93,12.31,22.26,nasa,0.64
2021-06-14,0.22,15.39,11.76,22.13,nasa,0.63
2021-06-15,0.33,16.45,11.43,23.95,nasa,0.63
2021-06-16,0.18,17.28,11.72,24.19,nasa,0.63
2021-06-17,0.63,17.18,13.45,23.35,nasa,0.63
2021-06-18,0.31,16.51,13.06,22.7,nasa,0.63
2021-06-19,0.34,16.85,12.87,22.99,nasa,0.63
2021-06-20,0.13,18.34,13.73,24.88,nasa,0.62
2021-06-21,0.24,18.13,13.13,25.48,nasa,0.62
2021-06-22,0.03,18.22,12.96,26.38,nasa,0.62
2021-06-23,0.2,16.69,13.18,22.16,nasa,0.62
2021-06-24,0.16,16.51,12.05,23.64,nasa,0.62
2021-06-25,0.02,17.62,10.98,26.63,nasa,0.62
2021-06-26,0.09,17.18,12.01,25.05,nasa,0.62
2021-06-27,0.08,16.21,11.29,24.34,nasa,0.61
2021-06-28,0.36,16.8,11.26,25.15,nasa,0.61
2021-06-29,0.03,17.35,10.95,25.31,nasa,0.61
2021-06-30,0.08,15.67,11.59,21.35,nasa,0.61
2021-07-01,0.03,14.13,9.63,20.86,nasa,0.61
2021-07-02,0.18,15.6,11.25,22.89,nasa,0.61
2021-07-03,0.14,16.41,10.65,24.71,nasa,0.61
2021-07-04,0.3,15.3,10.78,23.01,nasa,0.61
2021-07-05,0.19,15.38,10.86,22.2,nasa,0.61
2021-07-06,0.1,15.64,11.93,21.59,nasa,0.61
2021-07-07,0.01,15.49,10.85,22.68,nasa,0.61
2021-07-08,0.15,16.67,11.66,24.44,nasa,0.61
2021-07-09,0.38,16.63,12.08,23.95,nasa,0.61
2021-07-10,0.41,16.8,12.44,24.0,nasa,0.61
2021-07-11,0.06,17.93,11.86,25.64,nasa,0.61
2021-07-12,0.04,18.11,12.81,25.31,nasa,0.6
2021-07-13,0.16,18.21,12.69,26.11,nasa,0.6
2021-07-14,0.04,18.98,14.06,26.95,nasa,0.6
2021-07-15,0.02,19.22,13.63,27.35,nasa,0.6
2021-07-16,0.08,20.34,13.81,28.57,nasa,0.6
2021-07-17,0.09,20.19,13.47,28.31,nasa,0.6
2021-07-18,0.19,21.68,15.56,29.7,nasa,0.6
2021-07-19,0.12,20.64,13.43,29.43,nasa,0.6
2021-07-20,0.01,14.68,8.41,22.54,nasa,0.6
2021-07-21,0.08,17.43,11.34,26.39,nasa,0.6
2021-07-22,0.14,17.03,11.71,25.07,nasa,0.6
2021-07-23,0.16,16.09,10.65,24.21,nasa,0.6
2021-07-24,0.17,16.28,10.4,25.58,nasa,0.6
2021-07-25,0.05,16.22,9.01,25.67,nasa,0.6
2021-07-26,0.02,16.96,10.02,25.71,nasa,0.6
2021-07-27,0.09,18.43,12.86,26.16,nasa,0.6
2021-07-28,0.23,20.97,13.72,29.6,nasa,0.6
2021-07-29,0.46,16.23,8.53,23.33,nasa,0.6
2021-07-30,0.0,13.01,7.95,21.77,nasa,0.6
2021-07-31,0.6,13.1,8.47,19.92,nasa,0.6
2021-08-01,0.31,14.22,10.3,21.38,nasa,0.6
2021-08-02,0.09,16.04,9.92,24.29,nasa,0.6
2021-08-03,0.09,17.08,11.06,24.84,nasa,0.6
2021-08-04,0.2,16.03,13.25,21.44,nasa,0.6
2021-08-05,1.99,15.97,12.56,21.81,nasa,0.6
2021-08-06,0.86,16.09,12.21,22.97,nasa,0.6
2021-08-07,0.46,15.63,11.83,22.05,nasa,0.6
2021-08-08,0.22,16.59,11.39,23.93,nasa,0.6
2021-08-09,0.02,17.52,11.99,24.53,nasa,0.6
2021-08-10,0.01,18.55,12.94,25.95,nasa,0.6
2021-08-11,0.01,19.75,12.8,29.21,nasa,0.6
2021-08-12,0.46,18.99,13.9,26.02,nasa,0.6
2021-08-13,1.65,19.18,15.05,25.64,nasa,0.6
2021-08-14,0.9,19.64,15.08,26.88,nasa,0.6
2021-08-15,0.48,19.27,14.8,26.87,nasa,0.6
2021-08-16,3.79,19.57,14.4,27.35,nasa,0.6
2021-08-17,0.62,19.88,14.29,28.17,nasa,0.61
2021-08-18,0.12,20.1,14.55,28.42,nasa,0.6
2021-08-19,0.12,19.7,13.86,28.49,nasa,0.6
2021-08-20,0.05,19.05,12.66,28.07,nasa,0.6
2021-08-21,0.11,19.89,13.35,29.13,nasa,0.6
2021-08-22,0.06,19.95,14.66,27.72,nasa,0.6
2021-08-23,0.2,20.36,14.72,28.48,nasa,0.6
2021-08-24,0.0,20.83,14.48,29.82,nasa,0.6
2021-08-25,0.01,20.23,14.43,28.52,nasa,0.6
2021-08-26,0.01,20.93,15.58,28.71,nasa,0.6
2021-08-27,0.42,21.36,15.77,29.71,nasa,0.6
2021-08-28,0.56,20.0,15.6,27.53,nasa,0.6
2021-08-29,0.29,18.95,15.08,25.7,nasa,0.6
2021-08-30,6.17,17.9,14.0,24.51,nasa,0.6
2021-08-31,11.06,17.3,14.79,21.76,nasa,0.62
2021-09-01,7.87,16.88,14.58,21.04,nasa,0.64
2021-09-02,1.41,17.97,13.25,25.28,nasa,0.64
2021-09-03,0.16,19.45,13.96,26.63,nasa,0.63
2021-09-04,0.02,21.33,15.52,29.04,nasa,0.62
2021-09-05,0.01,22.34,15.72,30.88,nasa,0.62
2021-09-06,0.11,22.76,16.82,31.69,nasa,0.62
2021-09-07,0.05,20.44,15.46,28.65,nasa,0.61
2021-09-08,0.0,21.86,14.98,30.8,nasa,0.61
2021-09-09,0.02,23.94,16.6,33.61,nasa,0.61
2021-09-10,0.25,24.18,16.77,33.59,nasa,0.6
2021-09-11,0.1,23.38,17.63,32.01,nasa,0.6
2021-09-12,0.0,23.75,17.47,32.85,nasa,0.6
2021-09-13,0.02,24.38,16.91,33.66,nasa,0.6
2021-09-14,0.31,25.24,17.94,34.35,nasa,0.6
2021-09-15,0.06,25.89,17.65,35.73,nasa,0.6
2021-09-16,0.62,23.02,18.18,30.1,nasa,0.6
2021-09-17,0.86,21.79,18.13,28.16,nasa,0.6
2021-09-18,0.01,23.92,16.61,32.38,nasa,0.6
2021-09-19,0.03,23.92,17.4,33.87,nasa,0.6
2021-09-20,0.09,23.73,17.27,32.22,nasa,0.6
2021-09-21,0.11,26.05,17.3,36.71,nasa,0.59
2021-09-22,0.65,18.86,12.05,25.79,nasa,0.59
2021-09-23,0.21,16.0,10.14,24.91,nasa,0.59
2021-09-24,0.03,19.14,11.72,29.1,nasa,0.59
2021-09-25,0.02,20.39,14.25,27.99,nasa,0.59
2021-09-26,0.02,22.02,14.68,31.2,nasa,0.59
2021-09-27,2.06,22.51,16.4,30.65,nasa,0.59
2021-09-28,0.72,22.75,17.0,30.13,nasa,0.6
2021-09-29,0.05,24.19,16.23,32.53,nasa,0.6
2021-09-30,0.3,22.64,17.3,30.55,nasa,0.6
2021-10-01,1.4,23.61,16.34,31.8,nasa,0.6
2021-10-02,7.86,25.07,17.86,33.15,nasa,0.6
2021-10-03,8.84,24.92,18.59,32.41,nasa,0.62
2021-10-04,10.03,25.5,18.64,33.45,nasa,0.62
2021-10-05,4.45,23.37,18.31,30.76,nasa,0.64
2021-10-06,0.99,21.61,17.27,27.86,nasa,0.64
2021-10-07,1.71,22.6,17.2,29.2,nasa,0.63
2021-10-08,1.51,19.38,14.87,26.14,nasa,0.63
2021-10-09,1.73,18.46,14.38,25.58,nasa,0.63
2021-10-10,10.79,18.07,14.41,23.73,nasa,0.64
2021-10-11,56.84,16.55,14.43,19.94,nasa,0.69
2021-10-12,13.51,17.95,14.18,23.58,nasa,0.75
2021-10-13,2.71,19.61,14.65,25.71,nasa,0.73
2021-10-14,0.6,21.33,15.62,26.84,nasa,0.71
2021-10-15,0.18,22.46,18.51,27.27,nasa,0.69
2021-10-16,2.45,23.4,19.05,28.71,nasa,0.68
2021-10-17,6.07,21.73,18.23,28.17,nasa,0.68
2021-10-18,16.52,19.95,18.0,22.71,nasa,0.68
2021-10-19,14.89,18.69,16.44,21.43,nasa,0.72
2021-10-20,10.95,15.52,12.75,18.61,nasa,0.72
2021-10-21,1.87,16.41,11.97,22.45,nasa,0.72
2021-10-22,0.28,18.59,13.36,25.5,nasa,0.71
2021-10-23,0.16,21.08,14.67,28.28,nasa,0.69
2021-10-24,1.73,23.05,18.18,28.78,nasa,0.68
2021-10-25,2.51,19.7,15.44,24.99,nasa,0.68
2021-10-26,0.72,21.31,15.77,28.11,nasa,0.68
2021-10-27,0.3,22.54,17.46,29.96,nasa,0.67
2021-10-28,0.71,21.43,16.78,28.43,nasa,0.66
2021-10-29,3.01,19.57,16.3,24.64,nasa,0.66
2021-10-30,4.64,19.85,16.33,25.48,nasa,0.66
2021-10-31,11.11,20.5,17.0,26.64,nasa,0.67
2021-11-01,20.9,20.24,17.58,25.13,nasa,0.7
2021-11-02,4.24,22.3,18.24,27.73,nasa,0.71
2021-11-03,0.23,21.17,16.06,27.9,nasa,0.7
2021-11-04,2.64,21.05,16.19,27.41,nasa,0.69
2021-11-05,2.67,20.9,16.03,27.54,nasa,0.69
2021-11-06,0.51,20.85,14.92,28.54,nasa,0.68
2021-11-07,1.9,21.07,15.86,28.78,nasa,0.67
2021-11-08,0.75,20.07,16.18,25.81,nasa,0.67
2021-11-09,2.09,21.05,17.28,25.59,nasa,0.67
2021-11-10,8.52,20.74,16.26,26.35,nasa,0.67
2021-11-11,9.78,17.76,14.87,22.02,nasa,0.69
2021-11-12,11.43,15.44,12.74,18.24,nasa,0.71
2021-11-13,0.86,15.92,11.81,22.2,nasa,0.71
2021-11-14,0.07,16.61,11.86,23.2,nasa,0.7
2021-11-15,0.31,18.18,12.09,25.14,nasa,0.69
2021-11-16,0.62,19.61,13.32,26.6,nasa,0.68
2021-11-17,0.37,21.2,15.15,27.53,nasa,0.67
2021-11-18,0.24,22.47,17.79,28.34,nasa,0.67
2021-11-19,12.08,21.82,19.56,24.83,nasa,0.67
2021-11-20,35.45,19.98,16.25,21.87,nasa,0.73
2021-11-21,2.8,16.95,14.21,19.77,nasa,0.74
2021-11-22,0.15,18.47,12.92,25.61,nasa,0.73
2021-11-23,0.25,21.57,14.5,29.12,nasa,0.71
2021-11-24,0.14,22.0,16.17,28.25,nasa,0.7
2021-11-25,0.05,21.21,16.05,27.6,nasa,0.69
2021-11-26,9.03,22.22,16.18,29.37,nasa,0.68
2021-11-27,4.44,19.75,16.99,23.62,nasa,0.7
2021-11-28,8.18,22.38,17.73,27.83,nasa,0.7
2021-11-29,1.75,23.93,18.51,29.64,nasa,0.7
2021-11-30,21.05,23.78,19.85,28.32,nasa,0.7
2021-12-01,4.46,23.5,19.27,28.91,nasa,0.72
2021-12-02,6.31,21.57,17.13,27.27,nasa,0.72
2021-12-03,18.49,19.14,16.42,22.81,nasa,0.73
2021-12-04,1.12,20.64,16.17,26.47,nasa,0.73
2021-12-05,0.36,21.3,16.47,26.78,nasa,0.72
2021-12-06,2.76,20.18,17.43,23.53,nasa,0.71
2021-12-07,18.3,18.73,15.5,23.31,nasa,0.72
2021-12-08,8.04,19.18,15.49,25.0,nasa,0.74
2021-12-09,0.82,19.36,14.59,25.63,nasa,0.73
2021-12-10,0.24,20.9,15.04,27.0,nasa,0.72
2021-12-11,0.13,22.62,16.67,28.36,nasa,0.71
2021-12-12,0.56,23.07,19.31,28.36,nasa,0.7
2021-12-13,2.84,22.27,19.6,26.42,nasa,0.7
2021-12-14,2.01,22.56,19.28,27.52,nasa,0.7
2021-12-15,2.26,22.57,19.68,26.82,nasa,0.69
2021-12-16,1.32,21.91,19.74,25.08,nasa,0.69
2021-12-17,7.4,21.74,19.62,25.37,nasa,0.7
2021-12-18,11.28,21.25,17.33,26.79,nasa,0.71
2021-12-19,3.63,19.31,15.71,24.81,nasa,0.72
2021-12-20,2.91,19.47,15.28,25.83,nasa,0.71
2021-12-21,3.9,20.87,17.11,26.37,nasa,0.71
2021-12-22,5.68,23.15,17.86,28.43,nasa,0.71
2021-12-23,15.32,21.1,16.5,26.87,nasa,0.72
2021-12-24,0.39,18.52,14.86,24.39,nasa,0.73
2021-12-25,0.59,19.26,14.87,24.64,nasa,0.72
2021-12-26,0.66,20.66,14.9,26.51,nasa,0.71
2021-12-27,4.84,22.4,16.75,28.48,nasa,0.7
2021-12-28,10.19,22.59,18.59,27.11,nasa,0.7
2021-12-29,11.77,21.91,18.8,25.82,nasa,0.72
2021-12-30,2.06,20.74,19.04,23.42,nasa,0.73
2021-12-31,1.31,21.24,19.19,23.81,nasa,0.72
2022-01-01,2.37,21.08,18.91,24.11,nasa,0.72
2022-01-02,1.04,21.27,18.39,25.76,nasa,0.72
2022-01-03,3.12,20.21,18.21,22.96,nasa,0.71
2022-01-04,0.33,21.84,18.64,26.35,nasa,0.71
2022-01-05,0.35,22.25,19.06,26.02,nasa,0.7
2022-01-06,6.68,21.71,19.58,24.2,nasa,0.7
2022-01-07,23.82,21.63,20.12,24.38,nasa,0.72
2022-01-08,38.17,21.39,18.84,25.48,nasa,0.77
2022-01-09,26.9,20.88,19.01,23.21,nasa,0.81
2022-01-10,4.26,21.92,19.62,25.0,nasa,0.81
2022-01-11,2.72,22.95,19.77,27.21,nasa,0.79
2022-01-12,1.57,23.51,19.33,28.37,nasa,0.77
2022-01-13,0.09,23.48,18.24,29.36,nasa,0.76
2022-01-14,0.14,22.47,17.52,28.5,nasa,0.74
2022-01-15,0.25,21.92,16.47,27.58,nasa,0.73
2022-01-16,0.63,21.19,19.1,24.18,nasa,0.73
2022-01-17,0.45,22.93,18.87,28.24,nasa,0.72
2022-01-18,0.15,23.65,18.63,29.29,nasa,0.71
2022-01-19,1.03,23.11,18.98,27.26,nasa,0.71
2022-01-20,0.96,23.11,19.05,28.81,nasa,0.71
2022-01-21,0.19,22.6,18.05,28.48,nasa,0.7
2022-01-22,0.09,22.72,17.37,29.1,nasa,0.69
2022-01-23,0.07,23.25,18.66,29.4,nasa,0.68
2022-01-24,0.29,22.72,17.7,29.19,nasa,0.68
2022-01-25,2.35,21.08,16.72,27.09,nasa,0.68
2022-01-26,3.53,21.3,16.79,27.09,nasa,0.68
2022-01-27,0.33,22.66,17.52,28.64,nasa,0.68
2022-01-28,1.18,23.82,18.71,29.24,nasa,0.67
2022-01-29,4.61,23.13,20.25,27.28,nasa,0.67
2022-01-30,5.79,22.68,19.33,26.44,nasa,0.68
2022-01-31,8.54,22.92,19.83,26.92,nasa,0.69
2022-02-01,10.18,22.51,20.16,25.52,nasa,0.7
2022-02-02,29.17,21.96,18.93,25.19,nasa,0.74
2022-02-03,13.5,21.27,19.5,24.0,nasa,0.77
2022-02-04,3.24,21.48,17.29,26.39,nasa,0.76
2022-02-05,11.69,21.64,18.09,26.19,nasa,0.76
2022-02-06,4.32,21.47,18.9,25.16,nasa,0.76
2022-02-07,3.74,21.16,18.93,23.88,nasa,0.75
2022-02-08,14.8,21.4,19.18,24.72,nasa,0.76
2022-02-09,19.54,21.01,18.2,24.02,nasa,0.79
2022-02-10,19.59,21.46,17.24,26.26,nasa,0.79
2022-02-11,14.58,20.82,18.38,24.0,nasa,0.81
2022-02-12,6.53,20.81,17.96,24.95,nasa,0.81
2022-02-13,5.71,21.66,17.0,27.09,nasa,0.79
2022-02-14,8.83,22.96,18.87,27.68,nasa,0.79
2022-02-15,7.99,21.59,19.98,23.98,nasa,0.8
2022-02-16,4.81,20.89,18.61,24.07,nasa,0.8
2022-02-17,6.25,21.92,18.56,26.49,nasa,0.79
2022-02-18,10.96,20.83,18.61,24.3,nasa,0.8
2022-02-19,22.26,21.48,18.38,25.16,nasa,0.82
2022-02-20,1.08,21.39,18.95,25.03,nasa,0.82
2022-02-21,2.46,22.2,18.35,26.82,nasa,0.81
2022-02-22,0.57,22.44,18.53,27.5,nasa,0.8
2022-02-23,1.01,22.52,18.53,27.01,nasa,0.79
2022-02-24,2.88,22.71,18.32,27.63,nasa,0.79
2022-02-25,0.52,22.25,18.78,27.37,nasa,0.78
2022-02-26,0.58,22.13,17.47,27.34,nasa,0.77
2022-02-27,4.89,21.75,18.28,26.18,nasa,0.77
2022-02-28,0.72,21.16,17.09,26.81,nasa,0.77
2022-03-01,0.19,21.62,17.47,26.87,nasa,0.76
2022-03-02,0.0,21.97,17.16,27.64,nasa,0.75
2022-03-03,0.94,22.26,18.17,27.47,nasa,0.74
2022-03-04,0.34,22.37,17.78,28.19,nasa,0.74
2022-03-05,0.23,21.95,16.81,27.77,nasa,0.73
2022-03-06,0.63,21.71,17.27,27.15,nasa,0.73
2022-03-07,0.15,21.92,16.82,27.97,nasa,0.72
2022-03-08,0.88,21.79,17.15,27.94,nasa,0.72
2022-03-09,2.09,21.42,17.0,27.26,nasa,0.71
2022-03-10,3.66,20.69,16.31,25.93,nasa,0.72
2022-03-11,0.51,21.77,17.33,27.49,nasa,0.72
2022-03-12,0.06,22.59,17.9,27.34,nasa,0.71
2022-03-13,0.16,22.96,18.93,27.74,nasa,0.71
2022-03-14,0.14,22.76,18.51,27.84,nasa,0.7
2022-03-15,0.08,23.21,18.38,28.34,nasa,0.7
2022-03-16,0.39,22.83,18.93,27.7,nasa,0.69
2022-03-17,0.19,22.79,18.62,27.92,nasa,0.69
2022-03-18,0.03,22.67,18.63,28.48,nasa,0.69
2022-03-19,0.06,22.98,17.66,28.29,nasa,0.68
2022-03-20,1.23,22.44,18.76,28.12,nasa,0.68
2022-03-21,5.79,20.22,16.42,25.3,nasa,0.68
2022-03-22,3.25,18.66,15.72,24.34,nasa,0.69
2022-03-23,0.44,19.53,15.55,25.6,nasa,0.69
2022-03-24,0.2,21.44,15.59,28.13,nasa,0.68
2022-03-25,0.15,23.1,17.31,29.06,nasa,0.68
2022-03-26,0.25,24.06,18.65,29.54,nasa,0.67
2022-03-27,0.18,24.08,19.03,29.97,nasa,0.67
2022-03-28,0.58,23.28,18.48,29.13,nasa,0.66
2022-03-29,2.97,21.84,18.86,25.91,nasa,0.67
2022-03-30,1.82,22.74,18.02,27.89,nasa,0.67
2022-03-31,1.24,23.3,17.75,29.91,nasa,0.67
2022-04-01,5.59,22.53,18.55,28.25,nasa,0.67
2022-04-02,8.64,22.07,18.37,27.15,nasa,0.68
2022-04-03,9.64,21.56,18.45,26.27,nasa,0.69
2022-04-04,1.07,22.3,18.22,27.16,nasa,0.69
2022-04-05,3.96,22.76,18.21,28.38,nasa,0.69
2022-04-06,3.23,22.11,19.3,26.87,nasa,0.69
2022-04-07,2.29,20.9,18.07,25.86,nasa,0.69
2022-04-08,0.18,21.75,17.22,27.52,nasa,0.68
2022-04-09,3.75,22.2,18.26,26.66,nasa,0.68
2022-04-10,3.0,22.23,18.91,26.97,nasa,0.68
2022-04-11,0.33,21.39,18.14,26.68,nasa,0.68
2022-04-12,0.03,22.25,17.4,28.21,nasa,0.68
2022-04-13,1.44,22.72,18.41,27.36,nasa,0.67
2022-04-14,21.35,23.04,18.91,27.69,nasa,0.68
2022-04-15,8.37,18.8,13.67,22.48,nasa,0.72
2022-04-16,0.03,17.01,11.45,23.24,nasa,0.71
2022-04-17,0.04,17.59,13.64,23.18,nasa,0.7
2022-04-18,0.03,17.2,13.08,22.48,nasa,0.69
2022-04-19,0.03,17.58,12.5,23.98,nasa,0.69
2022-04-20,0.0,18.99,14.1,25.59,nasa,0.68
2022-04-21,0.01,20.11,15.63,25.97,nasa,0.67
2022-04-22,0.02,20.77,15.28,27.54,nasa,0.67
2022-04-23,0.0,21.46,15.24,28.55,nasa,0.66
2022-04-24,0.67,21.54,17.47,28.08,nasa,0.66
2022-04-25,0.6,20.15,16.76,26.07,nasa,0.66
2022-04-26,0.41,21.26,16.83,27.37,nasa,0.65
2022-04-27,0.05,20.85,16.02,27.85,nasa,0.65
2022-04-28,0.05,21.42,14.93,28.45,nasa,0.65
2022-04-29,0.01,21.68,16.26,29.36,nasa,0.65
2022-04-30,0.01,20.65,15.69,27.52,nasa,0.64
2022-05-01,0.02,20.93,15.85,27.15,nasa,0.64
2022-05-02,0.03,21.73,16.1,29.07,nasa,0.64
2022-05-03,0.03,21.2,15.24,28.16,nasa,0.64
2022-05-04,0.26,21.73,15.7,28.25,nasa,0.64
2022-05-05,2.54,21.3,17.26,27.74,nasa,0.64
2022-05-06,1.18,19.65,16.46,24.85,nasa,0.64
2022-05-07,0.19,19.09,14.86,25.25,nasa,0.64
2022-05-08,0.41,18.92,15.28,24.77,nasa,0.64
2022-05-09,0.21,17.56,13.27,23.74,nasa,0.64
2022-05-10,0.01,17.35,11.5,25.02,nasa,0.64
2022-05-11,0.01,18.96,13.64,25.61,nasa,0.64
2022-05-12,0.29,20.11,15.95,25.79,nasa,0.64
2022-05-13,0.23,19.65,15.92,25.75,nasa,0.64
2022-05-14,0.04,19.84,15.49,26.89,nasa,0.63
2022-05-15,0.17,19.68,14.99,25.92,nasa,0.63
2022-05-16,2.33,20.87,16.45,26.76,nasa,0.63
2022-05-17,0.86,18.99,14.14,24.73,nasa,0.64
2022-05-18,0.03,13.59,7.67,20.33,nasa,0.64
2022-05-19,0.0,12.25,5.85,20.39,nasa,0.63
2022-05-20,0.11,13.53,6.88,21.26,nasa,0.63
2022-05-21,0.2,15.9,10.46,23.19,nasa,0.63
2022-05-22,0.05,16.95,12.21,24.14,nasa,0.63
2022-05-23,0.03,17.2,12.28,24.3,nasa,0.63
2022-05-24,1.42,17.13,12.63,23.78,nasa,0.63
2022-05-25,0.78,17.17,12.79,24.1,nasa,0.63
2022-05-26,1.66,16.95,12.14,24.06,nasa,0.63
2022-05-27,1.56,17.52,12.65,24.12,nasa,0.63
2022-05-28,0.24,18.44,14.37,24.99,nasa,0.63
2022-05-29,0.88,19.49,15.58,26.25,nasa,0.63
2022-05-30,0.29,20.7,16.1,27.4,nasa,0.63
2022-05-31,0.01,20.6,13.89,29.02,nasa,0.63
2022-06-01,0.01,20.47,14.86,28.37,nasa,0.63
2022-06-02,0.0,20.89,15.19,28.41,nasa,0.62
2022-06-03,0.46,20.49,15.39,28.45,nasa,0.62
2022-06-04,0.3,17.23,12.85,23.09,nasa,0.62
2022-06-05,0.05,14.8,10.16,21.88,nasa,0.62
2022-06-06,0.01,15.41,9.98,23.77,nasa,0.62
2022-06-07,0.04,17.53,10.75,25.91,nasa,0.62
2022-06-08,0.0,19.48,12.86,28.64,nasa,0.62
2022-06-09,0.0,19.49,14.44,27.13,nasa,0.62
2022-06-10,0.03,20.05,15.36,26.88,nasa,0.62
2022-06-11,2.31,18.28,15.04,24.9,nasa,0.62
2022-06-12,0.7,18.29,14.61,24.39,nasa,0.62
2022-06-13,0.04,15.73,11.61,22.65,nasa,0.62
2022-06-14,0.49,14.26,10.78,21.12,nasa,0.62
2022-06-15,0.03,13.46,9.78,19.41,nasa,0.62
2022-06-16,0.51,15.57,9.67,24.5,nasa,0.62
2022-06-17,0.48,16.0,10.06,24.75,nasa,0.62
2022-06-18,0.21,18.66,10.78,28.71,nasa,0.62
2022-06-19,1.04,17.21,14.31,22.54,nasa,0.62
2022-06-20,0.37,18.15,13.86,25.26,nasa,0.62
2022-06-21,0.22,18.74,13.57,26.5,nasa,0.62
2022-06-22,0.23,19.12,14.3,26.58,nasa,0.61
2022-06-23,0.26,19.33,13.85,27.03,nasa,0.61
2022-06-24,0.03,19.21,13.2,27.02,nasa,0.61
2022-06-25,0.01,18.53,12.86,27.43,nasa,0.61
2022-06-26,0.46,16.44,12.4,22.84,nasa,0.61
2022-06-27,0.1,14.15,9.44,20.35,nasa,0.61
2022-06-28,0.04,15.14,9.11,23.58,nasa,0.61
2022-06-29,0.03,16.53,9.67,25.67,nasa,0.61
2022-06-30,0.17,17.74,12.11,25.84,nasa,0.61
2022-07-01,0.19,17.73,12.52,26.32,nasa,0.61
2022-07-02,0.11,17.47,12.15,25.7,nasa,0.61
2022-07-03,0.04,17.72,11.79,26.75,nasa,0.61
2022-07-04,0.12,17.62,12.28,25.68,nasa,0.61
2022-07-05,0.03,17.61,12.85,25.55,nasa,0.61
2022-07-06,0.01,17.54,12.33,25.55,nasa,0.6
2022-07-07,0.01,17.63,12.28,25.28,nasa,0.6
2022-07-08,0.06,18.41,12.51,25.8,nasa,0.6
2022-07-09,0.1,18.46,13.2,26.47,nasa,0.6
2022-07-10,0.3,17.62,12.96,25.0,nasa,0.6
2022-07-11,0.26,17.96,12.53,25.12,nasa,0.6
2022-07-12,0.11,19.47,15.16,26.38,nasa,0.6
2022-07-13,0.06,19.34,13.74,27.17,nasa,0.6
2022-07-14,0.6,19.02,14.45,26.25,nasa,0.6
2022-07-15,0.52,18.48,13.81,25.91,nasa,0.6
2022-07-16,0.12,18.54,13.29,26.96,nasa,0.6
2022-07-17,0.06,19.82,12.99,29.05,nasa,0.6
2022-07-18,0.45,18.99,13.78,27.23,nasa,0.6
2022-07-19,0.2,18.96,13.71,26.73,nasa,0.6
2022-07-20,0.22,18.19,13.06,25.27,nasa,0.6
2022-07-21,0.18,18.62,13.6,25.37,nasa,0.6
2022-07-22,0.1,19.52,14.07,27.18,nasa,0.6
2022-07-23,0.06,19.35,14.08,27.1,nasa,0.6
2022-07-24,0.04,18.98,13.97,27.3,nasa,0.6
2022-07-25,0.07,18.71,12.97,27.07,nasa,0.6
2022-07-26,0.09,18.8,13.3,27.18,nasa,0.6
2022-07-27,0.04,18.49,13.18,26.48,nasa,0.6
2022-07-28,0.03,18.18,12.47,26.47,nasa,0.6
2022-07-29,0.18,19.95,13.4,28.45,nasa,0.6
2022-07-30,0.14,18.59,13.35,26.73,nasa,0.6
2022-07-31,0.19,17.93,12.03,25.83,nasa,0.6
2022-08-01,0.14,19.55,13.58,27.29,nasa,0.6
2022-08-02,0.04,20.53,15.0,28.24,nasa,0.6
2022-08-03,0.0,20.09,14.81,28.15,nasa,0.6
2022-08-04,0.02,20.17,14.64,28.01,nasa,0.6
2022-08-05,0.11,21.21,14.3,29.74,nasa,0.6
2022-08-06,0.21,19.0,14.91,25.54,nasa,0.6
2022-08-07,0.07,20.35,13.76,29.12,nasa,0.6
2022-08-08,0.05,21.58,14.95,30.39,nasa,0.6
2022-08-09,0.2,20.62,15.93,26.9,nasa,0.6
2022-08-10,0.12,22.39,16.0,30.57,nasa,0.6
2022-08-11,0.02,16.82,10.67,24.43,nasa,0.6
2022-08-12,0.19,15.93,11.93,23.03,nasa,0.6
2022-08-13,0.04,16.69,11.42,24.68,nasa,0.6
2022-08-14,0.02,17.11,11.16,26.53,nasa,0.6
2022-08-15,0.02,17.35,11.47,25.83,nasa,0.6
2022-08-16,0.02,19.19,12.53,28.06,nasa,0.6
2022-08-17,0.01,20.55,14.37,29.99,nasa,0.59
2022-08-18,0.15,19.44,14.53,27.15,nasa,0.59
2022-08-19,0.3,18.55,11.99,28.45,nasa,0.59
2022-08-20,0.45,14.03,10.99,19.31,nasa,0.59
2022-08-21,0.03,14.53,10.11,22.63,nasa,0.59
2022-08-22,0.17,15.33,10.2,22.98,nasa,0.59
2022-08-23,0.14,17.32,11.33,25.79,nasa,0.59
2022-08-24,2.05,18.49,13.31,26.0,nasa,0.59
2022-08-25,3.45,18.67,14.48,25.6,nasa,0.6
2022-08-26,0.23,19.17,13.26,27.4,nasa,0.6
2022-08-27,0.05,19.86,13.87,27.91,nasa,0.6
2022-08-28,0.0,20.96,13.37,29.33,nasa,0.6
2022-08-29,1.44,16.82,11.79,23.79,nasa,0.6
2022-08-30,0.3,13.43,9.36,20.18,nasa,0.6
2022-08-31,0.69,13.44,8.62,21.32,nasa,0.6
2022-09-01,0.01,15.49,8.12,25.19,nasa,0.6
2022-09-02,0.01,17.03,9.72,26.26,nasa,0.6
2022-09-03,0.24,19.69,12.13,29.58,nasa,0.6
2022-09-04,0.09,17.87,12.68,25.6,nasa,0.6
2022-09-05,0.13,16.66,11.97,24.21,nasa,0.6
2022-09-06,0.09,15.66,11.76,22.81,nasa,0.6
2022-09-07,0.0,15.65,8.57,23.53,nasa,0.6
2022-09-08,0.01,19.86,11.37,29.81,nasa,0.6
2022-09-09,0.08,21.74,13.7,31.63,nasa,0.6
2022-09-10,0.04,23.15,14.21,33.3,nasa,0.59
2022-09-11,0.21,20.76,14.77,28.95,nasa,0.59
2022-09-12,0.13,20.45,13.85,29.61,nasa,0.59
2022-09-13,0.02,22.9,15.87,31.58,nasa,0.59
2022-09-14,0.01,24.42,16.83,34.71,nasa,0.59
2022-09-15,0.17,22.38,16.26,32.17,nasa,0.59
2022-09-16,5.81,18.55,14.11,26.53,nasa,0.59
2022-09-17,4.64,14.7,11.55,18.57,nasa,0.61
2022-09-18,0.15,16.22,10.12,25.5,nasa,0.61
2022-09-19,0.03,18.78,11.18,28.84,nasa,0.61
2022-09-20,0.0,21.59,13.38,30.59,nasa,0.6
2022-09-21,0.44,23.22,16.77,30.92,nasa,0.6
2022-09-22,0.28,22.52,17.93,29.06,nasa,0.6
2022-09-23,0.2,23.54,15.17,32.5,nasa,0.6
2022-09-24,0.09,19.01,12.88,29.22,nasa,0.6
2022-09-25,0.0,20.08,13.11,30.11,nasa,0.6
2022-09-26,0.04,22.02,14.7,30.67,nasa,0.6
2022-09-27,0.66,21.89,17.47,28.52,nasa,0.6
2022-09-28,9.61,22.15,17.83,29.39,nasa,0.6
2022-09-29,7.47,18.68,14.82,22.88,nasa,0.62
2022-09-30,1.25,17.3,13.26,24.39,nasa,0.62
2022-10-01,0.05,20.23,12.65,29.36,nasa,0.62
2022-10-02,0.08,21.76,15.14,30.04,nasa,0.62
2022-10-03,8.18,22.0,17.27,27.86,nasa,0.62
2022-10-04,15.32,22.85,18.48,28.76,nasa,0.64
2022-10-05,13.77,21.39,17.07,27.83,nasa,0.67
2022-10-06,0.19,22.03,16.69,28.98,nasa,0.66
2022-10-07,1.41,22.85,17.71,30.37,nasa,0.65
2022-10-08,0.31,22.51,17.83,29.78,nasa,0.64
2022-10-09,0.1,23.26,18.06,29.62,nasa,0.63
2022-10-10,0.03,23.4,16.68,32.06,nasa,0.63
2022-10-11,0.01,23.79,17.47,32.55,nasa,0.62
2022-10-12,0.03,23.05,16.39,32.19,nasa,0.62
2022-10-13,0.0,22.98,16.05,32.04,nasa,0.62
2022-10-14,0.08,23.11,16.26,32.06,nasa,0.61
2022-10-15,0.44,20.76,15.06,28.8,nasa,0.61
2022-10-16,0.14,20.76,14.43,29.48,nasa,0.61
2022-10-17,0.12,22.4,16.12,30.33,nasa,0.6
2022-10-18,0.18,23.4,17.89,30.62,nasa,0.6
2022-10-19,5.83,22.82,17.36,30.66,nasa,0.6
2022-10-20,0.47,22.57,16.97,29.57,nasa,0.61
2022-10-21,0.2,24.02,17.69,31.97,nasa,0.61
2022-10-22,3.05,23.84,18.29,30.73,nasa,0.61
2022-10-23,5.09,21.09,16.99,27.83,nasa,0.62
2022-10-24,0.86,21.05,17.38,26.0,nasa,0.62
2022-10-25,3.15,20.37,16.54,25.79,nasa,0.62
2022-10-26,0.28,21.64,15.38,29.99,nasa,0.62
2022-10-27,0.04,23.92,16.86,31.61,nasa,0.61
2022-10-28,2.22,24.22,17.86,32.15,nasa,0.61
2022-10-29,0.6,25.15,19.33,32.68,nasa,0.61
2022-10-30,2.14,22.25,19.35,26.72,nasa,0.61
2022-10-31,0.17,23.0,19.87,29.17,nasa,0.61
2022-11-01,7.3,21.53,15.92,29.03,nasa,0.61
2022-11-02,13.99,15.89,13.26,18.75,nasa,0.63
2022-11-03,10.02,13.74,11.53,16.78,nasa,0.66
2022-11-04,0.33,15.14,10.72,21.37,nasa,0.65
2022-11-05,0.02,16.78,11.02,24.38,nasa,0.65
2022-11-06,0.01,18.09,12.42,25.44,nasa,0.64
2022-11-07,0.34,18.82,13.34,26.29,nasa,0.63
2022-11-08,6.59,19.53,14.57,27.83,nasa,0.63
2022-11-09,10.29,20.7,15.72,28.69,nasa,0.65
2022-11-10,0.53,22.81,17.34,29.5,nasa,0.65
2022-11-11,11.55,23.64,18.08,30.42,nasa,0.65
2022-11-12,5.12,21.13,18.48,25.27,nasa,0.66
2022-11-13,1.58,23.2,18.17,29.11,nasa,0.66
2022-11-14,10.53,22.77,19.03,27.68,nasa,0.66
2022-11-15,18.83,22.02,19.74,25.58,nasa,0.67
2022-11-16,14.58,20.22,16.29,23.27,nasa,0.71
2022-11-17,0.84,18.64,13.46,25.33,nasa,0.7
2022-11-18,0.02,18.21,12.87,25.48,nasa,0.68
2022-11-19,0.02,19.33,12.38,27.03,nasa,0.67
2022-11-20,0.14,21.25,16.2,27.35,nasa,0.66
2022-11-21,7.07,20.97,17.01,26.5,nasa,0.66
2022-11-22,3.63,21.66,16.26,28.83,nasa,0.66
2022-11-23,7.08,21.4,18.01,27.09,nasa,0.66
2022-11-24,15.93,20.31,17.78,22.46,nasa,0.68
2022-11-25,8.27,21.07,16.04,27.24,nasa,0.7
2022-11-26,3.54,21.4,16.88,27.35,nasa,0.69
2022-11-27,3.44,20.46,17.5,24.45,nasa,0.68
2022-11-28,3.56,21.2,18.66,24.77,nasa,0.68
2022-11-29,7.3,21.0,17.91,25.87,nasa,0.69
2022-11-30,4.02,22.24,17.12,27.56,nasa,0.69
2022-12-01,11.72,21.18,18.48,25.11,nasa,0.7
2022-12-02,14.87,20.26,17.89,23.34,nasa,0.71
2022-12-03,9.15,19.87,16.39,24.37,nasa,0.72
2022-12-04,8.15,20.36,17.29,24.87,nasa,0.72
2022-12-05,1.01,19.94,17.19,23.42,nasa,0.72
2022-12-06,1.62,19.91,16.64,23.82,nasa,0.71
2022-12-07,8.38,19.85,18.04,22.58,nasa,0.7
2022-12-08,5.9,21.82,17.91,27.34,nasa,0.71
2022-12-09,1.14,22.83,16.41,28.97,nasa,0.7
2022-12-10,4.16,23.83,18.6,29.12,nasa,0.69
2022-12-11,3.58,24.57,19.66,29.9,nasa,0.69
2022-12-12,5.62,24.08,20.0,28.6,nasa,0.69
2022-12-13,26.75,22.78,19.92,26.89,nasa,0.71
2022-12-14,3.17,18.48,14.66,23.32,nasa,0.73
2022-12-15,0.12,18.88,13.91,24.3,nasa,0.72
2022-12-16,0.06,21.32,15.96,26.79,nasa,0.71
2022-12-17,18.99,21.83,16.87,27.21,nasa,0.71
2022-12-18,6.55,20.31,18.42,23.36,nasa,0.73
2022-12-19,9.57,19.92,18.21,21.92,nasa,0.73
2022-12-20,24.66,21.54,19.12,25.13,nasa,0.76
2022-12-21,20.11,21.09,17.57,25.66,nasa,0.78
2022-12-22,5.49,19.08,16.57,23.03,nasa,0.77
2022-12-23,0.85,18.39,15.8,21.86,nasa,0.77
2022-12-24,8.48,19.44,16.26,24.11,nasa,0.76
2022-12-25,4.25,20.0,15.16,25.84,nasa,0.76
2022-12-26,10.66,20.31,16.34,25.07,nasa,0.75
2022-12-27,0.79,21.69,18.06,26.57,nasa,0.76
2022-12-28,0.05,21.81,18.14,27.08,nasa,0.74
2022-12-29,0.38,23.27,18.69,27.83,nasa,0.73
2022-12-30,4.0,22.64,18.24,27.62,nasa,0.73
2022-12-31,0.78,22.07,18.15,27.26,nasa,0.72
2023-01-01,6.75,21.51,18.03,26.52,nasa,0.72
2023-01-02,7.25,20.03,17.37,24.25,nasa,0.72
2023-01-03,1.19,21.49,17.59,25.93,nasa,0.73
2023-01-04,1.38,21.79,19.22,25.4,nasa,0.72
2023-01-05,4.08,22.22,19.64,26.25,nasa,0.72
2023-01-06,18.31,21.91,18.59,25.88,nasa,0.73
2023-01-07,21.58,19.23,17.6,22.13,nasa,0.78
2023-01-08,11.93,20.34,17.2,24.05,nasa,0.79
2023-01-09,10.36,21.24,18.54,24.77,nasa,0.79
2023-01-10,5.3,21.41,18.5,24.97,nasa,0.79
2023-01-11,7.37,21.69,18.8,25.58,nasa,0.78
2023-01-12,4.63,22.5,19.4,26.35,nasa,0.78
2023-01-13,4.86,23.04,19.73,26.84,nasa,0.78
2023-01-14,0.67,23.44,19.82,28.11,nasa,0.77
2023-01-15,0.11,22.98,19.0,28.02,nasa,0.76
2023-01-16,0.08,22.02,17.29,27.25,nasa,0.75
2023-01-17,1.04,22.25,17.62,27.54,nasa,0.74
2023-01-18,5.49,22.25,17.66,27.53,nasa,0.73
2023-01-19,3.96,21.69,18.22,26.24,nasa,0.74
2023-01-20,6.43,20.7,18.48,24.03,nasa,0.74
2023-01-21,9.89,20.72,17.45,24.08,nasa,0.75
2023-01-22,5.63,22.81,19.0,27.44,nasa,0.76
2023-01-23,9.55,22.6,19.58,26.67,nasa,0.76
2023-01-24,18.55,22.75,19.43,26.34,nasa,0.78
2023-01-25,9.73,20.85,17.26,23.55,nasa,0.79
2023-01-26,5.53,20.05,16.96,24.05,nasa,0.79
2023-01-27,10.22,20.61,18.22,23.59,nasa,0.8
2023-01-28,1.28,22.44,18.2,27.4,nasa,0.79
2023-01-29,0.57,21.72,19.1,24.82,nasa,0.78
2023-01-30,0.76,21.74,18.83,25.83,nasa,0.77
2023-01-31,0.08,22.06,17.99,26.99,nasa,0.77
2023-02-01,0.03,22.55,18.68,27.41,nasa,0.75
2023-02-02,0.03,22.72,18.6,27.27,nasa,0.74
2023-02-03,0.05,22.65,18.51,27.82,nasa,0.74
2023-02-04,0.0,22.95,17.37,28.74,nasa,0.73
2023-02-05,2.45,24.44,18.72,29.44,nasa,0.72
2023-02-06,4.45,22.44,20.39,25.72,nasa,0.73
2023-02-07,3.5,22.73,20.43,25.81,nasa,0.73
2023-02-08,11.43,21.63,19.58,25.14,nasa,0.74
2023-02-09,2.55,21.89,19.05,25.96,nasa,0.76
2023-02-10,0.1,22.45,18.35,27.54,nasa,0.75
2023-02-11,0.01,22.3,18.58,26.85,nasa,0.74
2023-02-12,0.98,22.5,18.97,26.86,nasa,0.73
2023-02-13,0.4,23.32,18.82,27.77,nasa,0.73
2023-02-14,1.9,22.68,19.51,26.77,nasa,0.72
2023-02-15,2.83,22.61,19.66,26.5,nasa,0.72
2023-02-16,1.22,22.39,19.92,26.31,nasa,0.72
2023-02-17,0.64,22.6,19.73,25.88,nasa,0.72
2023-02-18,1.47,23.18,19.72,27.94,nasa,0.72
2023-02-19,2.76,22.4,18.28,27.0,nasa,0.71
2023-02-20,0.9,22.21,18.33,27.21,nasa,0.71
2023-02-21,0.76,22.13,18.49,26.63,nasa,0.71
2023-02-22,1.97,22.48,18.46,26.98,nasa,0.7
2023-02-23,0.39,22.98,18.82,28.56,nasa,0.7
2023-02-24,0.39,22.96,18.79,28.24,nasa,0.7
2023-02-25,0.07,23.4,18.8,28.86,nasa,0.69
2023-02-26,0.06,24.12,19.04,29.64,nasa,0.68
2023-02-27,0.01,23.92,18.63,30.32,nasa,0.68
2023-02-28,0.07,23.38,18.79,29.61,nasa,0.67
2023-03-01,0.01,23.67,18.1,30.24,nasa,0.66
2023-03-02,0.06,23.73,19.4,29.01,nasa,0.66
2023-03-03,0.03,23.83,19.08,29.95,nasa,0.66
2023-03-04,0.01,23.96,18.54,30.63,nasa,0.66
2023-03-05,0.0,23.57,18.45,29.86,nasa,0.65
2023-03-06,0.07,24.36,19.1,30.43,nasa,0.65
2023-03-07,1.08,23.98,19.86,29.38,nasa,0.65
2023-03-08,0.08,24.05,19.18,31.09,nasa,0.65
2023-03-09,0.0,24.17,18.82,30.71,nasa,0.65
2023-03-10,0.1,23.93,19.34,30.57,nasa,0.64
2023-03-11,0.1,23.8,18.33,30.7,nasa,0.64
2023-03-12,1.8,22.41,19.1,28.98,nasa,0.64
2023-03-13,2.06,22.65,18.96,28.78,nasa,0.64
2023-03-14,0.59,22.44,18.21,28.54,nasa,0.64
2023-03-15,3.03,21.27,16.49,27.36,nasa,0.64
2023-03-16,1.12,21.43,17.03,28.29,nasa,0.65
2023-03-17,2.84,20.87,15.97,27.48,nasa,0.65
2023-03-18,4.08,22.19,17.81,28.84,nasa,0.65
2023-03-19,0.62,23.35,18.1,30.27,nasa,0.65
2023-03-20,0.09,23.56,18.63,29.55,nasa,0.65
2023-03-21,0.41,23.63,19.06,28.9,nasa,0.64
2023-03-22,0.45,23.76,18.47,30.6,nasa,0.64
2023-03-23,0.53,23.19,17.99,30.76,nasa,0.64
2023-03-24,0.34,23.84,18.01,30.83,nasa,0.64
2023-03-25,0.24,23.68,17.34,31.3,nasa,0.63
2023-03-26,0.01,25.05,18.12,32.92,nasa,0.63
2023-03-27,1.14,24.87,19.93,32.09,nasa,0.63
2023-03-28,1.9,22.05,19.3,26.75,nasa,0.63
2023-03-29,0.33,22.58,18.42,28.5,nasa,0.63
2023-03-30,0.0,23.79,18.31,31.77,nasa,0.63
2023-03-31,0.01,24.07,17.63,31.86,nasa,0.63
2023-04-01,1.29,23.49,18.19,29.52,nasa,0.63
2023-04-02,1.3,21.01,17.47,25.4,nasa,0.63
2023-04-03,0.05,20.3,16.77,25.94,nasa,0.63
2023-04-04,0.67,21.26,15.82,28.55,nasa,0.63
2023-04-05,2.84,22.12,16.8,29.62,nasa,0.63
2023-04-06,5.86,22.03,18.38,28.29,nasa,0.63
2023-04-07,1.15,22.97,18.61,29.29,nasa,0.64
2023-04-08,1.77,22.53,19.02,28.55,nasa,0.64
2023-04-09,6.54,20.36,17.09,24.15,nasa,0.64
2023-04-10,0.73,19.58,15.97,25.61,nasa,0.65
2023-04-11,0.1,20.48,15.58,27.15,nasa,0.64
2023-04-12,0.15,21.68,17.34,27.65,nasa,0.64
2023-04-13,0.01,23.24,18.17,29.6,nasa,0.64
2023-04-14,22.18,23.78,19.32,29.96,nasa,0.64
2023-04-15,12.06,22.68,19.06,27.95,nasa,0.68
2023-04-16,0.71,20.83,17.65,26.05,nasa,0.68
2023-04-17,0.0,21.46,16.48,27.4,nasa,0.67
2023-04-18,0.25,23.82,17.41,30.68,nasa,0.66
2023-04-19,0.5,24.29,20.38,29.38,nasa,0.65
2023-04-20,0.17,21.91,16.46,27.94,nasa,0.65
2023-04-21,0.19,18.33,14.22,25.0,nasa,0.64
2023-04-22,1.05,18.71,14.87,24.72,nasa,0.64
2023-04-23,0.94,18.58,15.29,24.33,nasa,0.64
2023-04-24,0.15,18.97,14.79,25.01,nasa,0.64
2023-04-25,0.12,20.4,14.82,27.5,nasa,0.64
2023-04-26,0.11,22.13,17.33,28.85,nasa,0.63
2023-04-27,3.15,22.33,17.65,28.48,nasa,0.63
2023-04-28,4.71,21.69,17.81,28.38,nasa,0.64
2023-04-29,3.89,20.36,17.71,24.87,nasa,0.64
2023-04-30,1.12,20.71,17.63,26.32,nasa,0.65
2023-05-01,1.37,19.84,15.97,25.37,nasa,0.64
2023-05-02,2.95,19.42,15.72,25.39,nasa,0.64
2023-05-03,0.84,19.74,15.3,26.49,nasa,0.65
2023-05-04,0.1,20.69,14.84,28.35,nasa,0.64
2023-05-05,0.07,20.95,16.21,27.75,nasa,0.64
2023-05-06,0.12,20.21,15.81,26.79,nasa,0.63
2023-05-07,0.1,20.01,15.33,26.76,nasa,0.63
2023-05-08,0.07,21.29,16.17,28.5,nasa,0.63
2023-05-09,0.02,21.98,17.14,28.88,nasa,0.63
2023-05-10,0.01,21.52,17.94,28.18,nasa,0.63
2023-05-11,5.96,20.63,17.34,26.46,nasa,0.63
2023-05-12,1.16,18.99,15.43,25.53,nasa,0.63
2023-05-13,0.76,17.9,14.22,24.27,nasa,0.63
2023-05-14,0.25,18.71,14.22,25.75,nasa,0.63
2023-05-15,0.02,19.66,15.49,26.83,nasa,0.63
2023-05-16,0.03,18.65,12.44,26.91,nasa,0.63
2023-05-17,0.03,16.5,11.08,23.9,nasa,0.63
2023-05-18,0.01,16.06,10.96,23.15,nasa,0.62
2023-05-19,0.04,15.33,10.09,23.61,nasa,0.62
2023-05-20,0.02,16.3,10.4,24.81,nasa,0.62
2023-05-21,0.33,17.55,12.2,25.34,nasa,0.62
2023-05-22,0.15,17.14,12.03,24.67,nasa,0.62
2023-05-23,1.82,17.68,13.0,24.11,nasa,0.62
2023-05-24,1.28,18.19,14.43,24.72,nasa,0.62
2023-05-25,0.43,18.02,13.7,25.03,nasa,0.62
2023-05-26,0.49,18.13,14.04,25.49,nasa,0.62
2023-05-27,0.1,18.91,13.1,26.71,nasa,0.62
2023-05-28,0.04,19.39,12.44,26.98,nasa,0.62
2023-05-29,0.29,18.53,13.49,25.2,nasa,0.62
2023-05-30,0.24,17.39,14.2,22.95,nasa,0.62
2023-05-31,0.03,19.37,13.94,26.57,nasa,0.62
2023-06-01,1.39,19.61,15.72,25.6,nasa,0.61
2023-06-02,0.21,17.97,14.63,24.07,nasa,0.61
2023-06-03,0.03,17.18,13.21,25.08,nasa,0.61
2023-06-04,0.06,17.52,11.34,26.33,nasa,0.61
2023-06-05,0.01,17.64,10.4,26.44,nasa,0.61
2023-06-06,0.28,17.17,12.3,24.38,nasa,0.61
2023-06-07,0.07,18.08,13.13,25.14,nasa,0.61
2023-06-08,0.13,17.77,11.13,25.71,nasa,0.61
2023-06-09,0.16,18.55,11.86,26.75,nasa,0.61
2023-06-10,0.16,19.59,14.01,26.9,nasa,0.61
2023-06-11,0.02,19.7,14.19,27.09,nasa,0.61
2023-06-12,0.01,20.62,14.16,27.78,nasa,0.61
2023-06-13,0.88,19.84,15.42,26.6,nasa,0.61
2023-06-14,0.16,20.01,15.19,26.63,nasa,0.61
2023-06-15,0.06,20.12,15.06,26.52,nasa,0.61
2023-06-16,0.06,20.86,16.54,26.86,nasa,0.61
2023-06-17,2.55,20.0,15.35,25.55,nasa,0.61
2023-06-18,0.15,17.9,13.59,24.83,nasa,0.61
2023-06-19,0.04,16.81,13.59,22.71,nasa,0.61
2023-06-20,0.02,16.22,12.06,23.55,nasa,0.61
2023-06-21,0.04,16.28,11.07,24.63,nasa,0.61
2023-06-22,0.02,16.09,10.63,24.0,nasa,0.61
2023-06-23,0.04,16.29,10.43,24.05,nasa,0.6
2023-06-24,0.02,18.07,13.11,25.02,nasa,0.6
2023-06-25,0.02,18.74,14.9,24.78,nasa,0.6
2023-06-26,0.11,19.39,13.53,26.66,nasa,0.6
2023-06-27,0.02,19.49,14.27,27.13,nasa,0.6
2023-06-28,0.03,19.11,13.91,27.23,nasa,0.6
2023-06-29,0.28,18.99,13.06,27.01,nasa,0.6
2023-06-30,1.63,17.55,13.98,23.84,nasa,0.6
2023-07-01,0.21,17.5,12.99,23.99,nasa,0.6
2023-07-02,0.03,17.07,11.57,24.65,nasa,0.6
2023-07-03,0.06,14.66,10.51,20.25,nasa,0.6
2023-07-04,0.17,14.15,10.63,20.29,nasa,0.6
2023-07-05,0.02,15.45,10.64,22.85,nasa,0.6
2023-07-06,0.01,15.48,10.6,22.98,nasa,0.6
2023-07-07,0.08,16.62,9.62,24.25,nasa,0.6
2023-07-08,0.1,17.61,10.64,25.88,nasa,0.6
2023-07-09,0.01,20.68,15.46,28.55,nasa,0.6
2023-07-10,0.0,20.08,14.93,27.37,nasa,0.6
2023-07-11,0.0,21.39,14.68,29.3,nasa,0.6
2023-07-12,0.0,22.09,16.32,28.88,nasa,0.6
2023-07-13,0.0,22.23,15.28,30.66,nasa,0.6
2023-07-14,0.3,19.1,13.04,25.1,nasa,0.6
2023-07-15,0.01,15.91,11.36,22.27,nasa,0.6
2023-07-16,0.0,18.81,12.84,27.03,nasa,0.6
2023-07-17,0.0,20.93,13.88,29.45,nasa,0.6
2023-07-18,0.8,21.79,15.69,30.14,nasa,0.6
2023-07-19,7.01,18.84,15.95,24.83,nasa,0.61
2023-07-20,6.0,16.53,14.03,21.15,nasa,0.62
2023-07-21,0.82,15.82,12.46,21.44,nasa,0.62
2023-07-22,7.15,16.24,11.33,22.6,nasa,0.62
2023-07-23,8.0,18.08,13.94,24.61,nasa,0.64
2023-07-24,0.56,17.84,12.34,25.05,nasa,0.64
2023-07-25,4.58,17.98,11.07,25.56,nasa,0.63
2023-07-26,3.24,19.04,15.16,25.05,nasa,0.64
2023-07-27,0.11,19.22,14.63,26.2,nasa,0.64
2023-07-28,0.01,19.09,13.8,26.01,nasa,0.63
2023-07-29,0.71,17.81,13.87,23.29,nasa,0.63
2023-07-30,0.42,16.1,12.82,21.34,nasa,0.63
2023-07-31,0.05,17.7,12.77,25.17,nasa,0.62
2023-08-01,0.02,17.81,12.68,26.02,nasa,0.62
2023-08-02,0.01,18.44,12.67,27.09,nasa,0.62
2023-08-03,0.0,19.1,11.71,29.03,nasa,0.62
2023-08-04,0.01,17.97,12.05,25.92,nasa,0.61
2023-08-05,0.02,19.19,12.58,28.98,nasa,0.61
2023-08-06,0.01,19.1,13.29,27.67,nasa,0.61
2023-08-07,0.16,19.04,13.41,27.29,nasa,0.61
2023-08-08,1.25,19.66,14.21,27.29,nasa,0.61
2023-08-09,1.81,18.51,15.02,24.81,nasa,0.61
2023-08-10,0.72,19.67,14.18,27.58,nasa,0.61
2023-08-11,0.06,20.64,14.86,28.78,nasa,0.61
2023-08-12,0.08,22.23,14.88,31.13,nasa,0.61
2023-08-13,0.09,21.0,16.01,28.38,nasa,0.6
2023-08-14,0.44,19.67,15.49,25.76,nasa,0.6
2023-08-15,1.26,20.14,16.7,26.31,nasa,0.6
2023-08-16,1.9,18.76,15.33,25.23,nasa,0.61
2023-08-17,0.31,18.12,13.58,25.84,nasa,0.61
2023-08-18,0.08,19.65,13.01,27.92,nasa,0.6
2023-08-19,0.06,22.55,15.91,30.65,nasa,0.6
2023-08-20,10.74,21.72,16.64,29.18,nasa,0.6
2023-08-21,2.43,22.31,16.99,29.15,nasa,0.62
2023-08-22,0.05,21.74,16.22,29.5,nasa,0.62
2023-08-23,0.05,22.18,15.49,30.95,nasa,0.62
2023-08-24,0.01,24.24,16.65,33.41,nasa,0.61
2023-08-25,0.14,23.98,18.79,32.57,nasa,0.61
2023-08-26,4.3,19.42,13.95,27.31,nasa,0.61
2023-08-27,20.85,16.06,13.67,21.62,nasa,0.64
2023-08-28,10.85,16.64,13.02,22.64,nasa,0.67
2023-08-29,0.7,18.6,14.26,25.96,nasa,0.66
2023-08-30,0.3,21.0,15.44,27.93,nasa,0.65
2023-08-31,0.46,20.83,16.23,28.53,nasa,0.64
2023-09-01,0.22,19.94,15.2,26.95,nasa,0.64
2023-09-02,0.15,20.82,15.12,28.24,nasa,0.63
2023-09-03,0.15,22.16,15.44,30.49,nasa,0.63
2023-09-04,0.08,22.51,16.71,30.49,nasa,0.63
2023-09-05,1.12,22.72,16.85,31.17,nasa,0.62
2023-09-06,3.03,19.04,15.83,23.68,nasa,0.62
2023-09-07,0.97,19.69,14.95,27.09,nasa,0.63
2023-09-08,0.08,20.18,15.16,28.27,nasa,0.62
2023-09-09,0.01,20.25,14.37,28.87,nasa,0.62
2023-09-10,0.01,20.76,15.1,29.16,nasa,0.62
2023-09-11,0.04,20.77,15.29,28.72,nasa,0.61
2023-09-12,0.11,21.14,15.08,29.34,nasa,0.61
2023-09-13,0.11,21.96,15.62,30.34,nasa,0.61
2023-09-14,1.17,23.89,16.93,33.35,nasa,0.61
2023-09-15,6.85,18.14,14.73,23.71,nasa,0.62
2023-09-16,0.31,21.12,14.44,29.66,nasa,0.62
2023-09-17,0.02,23.07,16.8,31.88,nasa,0.62
2023-09-18,0.01,22.33,15.85,31.5,nasa,0.61
2023-09-19,0.01,22.72,15.83,32.02,nasa,0.61
2023-09-20,0.01,22.86,15.97,31.92,nasa,0.61
2023-09-21,0.01,22.22,16.52,30.91,nasa,0.6
2023-09-22,0.0,22.6,15.81,31.7,nasa,0.6
2023-09-23,0.0,24.35,16.58,34.02,nasa,0.6
2023-09-24,0.0,26.05,17.68,35.81,nasa,0.6
2023-09-25,0.0,27.48,19.35,37.92,nasa,0.6
2023-09-26,0.01,27.36,19.25,36.9,nasa,0.6
2023-09-27,0.36,28.67,20.35,36.87,nasa,0.6
2023-09-28,0.66,24.58,16.75,32.18,nasa,0.6
2023-09-29,0.95,18.82,14.76,25.36,nasa,0.6
2023-09-30,0.3,21.4,14.93,31.43,nasa,0.6
2023-10-01,4.36,21.27,15.87,28.59,nasa,0.6
2023-10-02,1.28,23.05,17.71,29.63,nasa,0.61
2023-10-03,2.7,23.79,19.84,30.09,nasa,0.61
2023-10-04,0.51,26.41,19.04,34.74,nasa,0.61
2023-10-05,4.74,25.58,20.37,32.87,nasa,0.61
2023-10-06,0.75,24.84,20.72,31.61,nasa,0.61
2023-10-07,0.1,25.77,19.63,33.9,nasa,0.61
2023-10-08,0.28,25.46,18.59,34.47,nasa,0.61
2023-10-09,0.64,25.51,18.85,35.5,nasa,0.6
2023-10-10,1.23,22.45,17.71,28.98,nasa,0.6
2023-10-11,0.52,24.25,17.21,33.21,nasa,0.6
2023-10-12,0.34,25.67,17.05,35.49,nasa,0.6
2023-10-13,0.82,24.54,18.39,33.52,nasa,0.6
2023-10-14,3.49,21.41,17.42,28.37,nasa,0.6
2023-10-15,2.98,22.42,17.27,30.95,nasa,0.6
2023-10-16,0.4,24.87,18.59,33.26,nasa,0.61
2023-10-17,0.95,26.18,18.38,34.51,nasa,0.6
2023-10-18,4.43,23.88,18.71,32.2,nasa,0.61
2023-10-19,0.76,21.32,16.2,28.99,nasa,0.61
2023-10-20,0.39,20.53,15.22,28.68,nasa,0.61
2023-10-21,2.32,19.59,16.28,25.7,nasa,0.61
2023-10-22,0.65,20.94,15.24,30.02,nasa,0.61
2023-10-23,0.07,23.36,15.7,32.86,nasa,0.6
2023-10-24,0.01,26.6,17.37,35.61,nasa,0.6
2023-10-25,5.15,24.12,20.18,27.64,nasa,0.6
2023-10-26,7.75,23.9,19.26,30.82,nasa,0.62
2023-10-27,9.09,21.91,19.27,26.05,nasa,0.64
2023-10-28,0.72,22.43,18.7,26.96,nasa,0.63
2023-10-29,3.13,25.54,19.56,32.37,nasa,0.63
2023-10-30,2.21,25.74,18.42,34.35,nasa,0.63
2023-10-31,37.21,24.31,20.51,29.58,nasa,0.66
2023-11-01,13.12,22.88,19.76,26.58,nasa,0.7
2023-11-02,0.94,22.44,18.9,28.78,nasa,0.69
2023-11-03,2.63,22.86,19.4,27.22,nasa,0.67
2023-11-04,1.15,25.1,19.71,32.13,nasa,0.66
2023-11-05,0.2,22.16,16.08,30.21,nasa,0.65
2023-11-06,0.0,20.13,14.2,28.86,nasa,0.65
2023-11-07,0.01,19.46,13.38,28.46,nasa,0.64
2023-11-08,0.01,21.36,13.31,31.51,nasa,0.63
2023-11-09,0.09,22.79,14.75,32.17,nasa,0.63
2023-11-10,0.01,24.61,16.04,34.66,nasa,0.62
2023-11-11,0.0,26.04,17.68,35.19,nasa,0.62
2023-11-12,0.0,27.98,19.46,36.68,nasa,0.61
2023-11-13,1.03,29.9,22.1,37.95,nasa,0.61
2023-11-14,0.28,29.24,21.73,38.5,nasa,0.61
2023-11-15,0.07,28.57,19.69,38.51,nasa,0.6
2023-11-16,0.17,29.15,19.96,38.43,nasa,0.6
2023-11-17,1.69,30.09,21.1,39.45,nasa,0.6
2023-11-18,0.85,30.33,21.8,39.51,nasa,0.6
2023-11-19,2.59,28.98,22.21,37.63,nasa,0.6
2023-11-20,5.16,23.46,21.0,28.82,nasa,0.61
2023-11-21,1.85,24.48,20.07,30.06,nasa,0.61
2023-11-22,0.15,25.69,17.83,35.11,nasa,0.61
2023-11-23,0.06,27.08,18.14,36.01,nasa,0.61
2023-11-24,3.9,24.15,17.5,32.93,nasa,0.6
2023-11-25,4.52,19.85,14.92,26.85,nasa,0.62
2023-11-26,0.11,20.64,14.98,28.56,nasa,0.61
2023-11-27,0.02,23.46,16.94,31.55,nasa,0.61
2023-11-28,0.2,23.81,19.13,30.15,nasa,0.61
2023-11-29,0.19,24.92,19.09,32.38,nasa,0.61
2023-11-30,2.51,25.5,20.16,32.08,nasa,0.61
2023-12-01,1.53,26.0,19.59,33.76,nasa,0.61
2023-12-02,7.27,24.73,20.72,29.73,nasa,0.62
2023-12-03,0.38,26.13,20.24,32.72,nasa,0.62
2023-12-04,0.61,27.6,20.44,34.26,nasa,0.61
2023-12-05,6.14,26.74,21.25,33.79,nasa,0.61
2023-12-06,0.95,25.94,19.52,34.36,nasa,0.62
2023-12-07,0.17,26.52,19.02,35.09,nasa,0.61
2023-12-08,0.28,26.98,19.83,35.31,nasa,0.61
2023-12-09,11.12,21.83,17.35,25.45,nasa,0.62
2023-12-10,4.66,21.9,16.61,30.12,nasa,0.63
2023-12-11,0.52,24.15,18.1,32.04,nasa,0.63
2023-12-12,5.02,23.12,17.93,29.66,nasa,0.63
2023-12-13,0.94,22.6,17.18,30.06,nasa,0.63
2023-12-14,0.11,25.12,19.29,33.33,nasa,0.62
2023-12-15,0.59,24.69,18.35,33.39,nasa,0.62
2023-12-16,0.65,24.63,18.12,33.33,nasa,0.62
2023-12-17,0.11,24.71,17.61,33.08,nasa,0.61
2023-12-18,2.03,24.94,19.21,33.17,nasa,0.61
2023-12-19,5.53,23.77,19.2,30.14,nasa,0.61
2023-12-20,3.47,23.64,18.43,31.53,nasa,0.62
2023-12-21,4.92,24.43,18.63,30.45,nasa,0.62
2023-12-22,5.67,25.94,20.55,33.16,nasa,0.62
2023-12-23,4.62,23.99,20.9,28.56,nasa,0.63
2023-12-24,0.73,23.78,20.96,27.6,nasa,0.63
2023-12-25,3.28,25.18,20.1,30.63,nasa,0.63
2023-12-26,5.6,26.25,21.69,32.33,nasa,0.63
2023-12-27,4.5,22.25,17.35,29.3,nasa,0.64
2023-12-28,0.66,22.56,16.54,29.65,nasa,0.63
2023-12-29,0.02,26.05,18.22,33.9,nasa,0.63
2023-12-30,12.0,25.81,19.73,34.07,nasa,0.62
2023-12-31,3.97,20.48,17.61,24.76,nasa,0.64
2024-01-01,8.62,18.93,17.19,21.5,nasa,0.65
2024-01-02,5.81,21.04,17.17,26.48,nasa,0.65
2024-01-03,16.01,21.73,18.66,25.13,nasa,0.67
2024-01-04,12.88,21.96,19.3,24.97,nasa,0.68
2024-01-05,12.88,22.57,20.13,26.18,nasa,0.7
2024-01-06,3.56,22.68,18.64,28.29,nasa,0.69
2024-01-07,0.86,22.7,18.71,27.87,nasa,0.68
2024-01-08,0.12,24.63,19.43,30.46,nasa,0.67
2024-01-09,1.65,24.33,20.47,28.65,nasa,0.66
2024-01-10,3.6,22.6,20.03,25.6,nasa,0.66
2024-01-11,0.12,24.46,18.99,31.13,nasa,0.66
2024-01-12,1.09,24.35,19.61,30.46,nasa,0.65
2024-01-13,4.51,22.87,19.97,26.78,nasa,0.65
2024-01-14,1.61,21.92,19.43,24.97,nasa,0.65
2024-01-15,0.12,24.13,19.02,29.09,nasa,0.65
2024-01-16,0.04,25.91,19.64,32.84,nasa,0.64
2024-01-17,0.02,26.68,19.7,34.41,nasa,0.64
2024-01-18,0.01,26.06,18.65,34.52,nasa,0.63
2024-01-19,0.02,26.25,20.31,32.9,nasa,0.63
2024-01-20,6.45,26.24,21.82,31.29,nasa,0.62
2024-01-21,8.6,25.34,22.14,29.93,nasa,0.64
2024-01-22,3.51,24.03,19.68,30.77,nasa,0.65
2024-01-23,5.13,22.17,19.0,28.37,nasa,0.65
2024-01-24,11.93,20.18,17.96,23.59,nasa,0.66
2024-01-25,6.05,22.61,17.99,29.19,nasa,0.67
2024-01-26,1.54,22.1,19.21,26.57,nasa,0.67
2024-01-27,1.38,22.99,19.19,28.38,nasa,0.66
2024-01-28,7.93,23.22,20.11,28.21,nasa,0.66
2024-01-29,2.86,23.9,19.47,28.37,nasa,0.66
2024-01-30,9.78,25.36,20.7,31.26,nasa,0.67
2024-01-31,8.64,23.63,21.09,27.19,nasa,0.68
2024-02-01,8.81,23.34,19.6,29.15,nasa,0.68
2024-02-02,2.57,23.2,20.01,28.18,nasa,0.68
2024-02-03,5.23,22.93,19.08,27.95,nasa,0.68
2024-02-04,0.51,23.19,18.56,28.95,nasa,0.67
2024-02-05,0.09,23.05,19.28,28.48,nasa,0.66
2024-02-06,1.58,23.09,19.13,28.77,nasa,0.66
2024-02-07,3.11,23.48,18.5,30.17,nasa,0.66
2024-02-08,2.6,22.58,18.69,27.54,nasa,0.66
2024-02-09,0.81,22.99,17.21,30.43,nasa,0.65
2024-02-10,3.31,22.94,17.79,29.54,nasa,0.65
2024-02-11,0.26,23.41,17.97,30.21,nasa,0.65
2024-02-12,0.41,24.58,18.62,32.24,nasa,0.64
2024-02-13,0.08,25.75,19.34,33.73,nasa,0.63
2024-02-14,0.78,25.85,20.05,33.41,nasa,0.63
2024-02-15,7.42,23.19,20.18,27.68,nasa,0.64
2024-02-16,2.61,23.05,20.02,28.18,nasa,0.64
2024-02-17,1.64,24.31,19.45,31.42,nasa,0.64
2024-02-18,2.46,23.81,19.41,30.11,nasa,0.64
2024-02-19,4.49,24.91,20.83,31.41,nasa,0.64
2024-02-20,10.34,22.82,19.64,26.73,nasa,0.65
2024-02-21,15.24,22.45,20.88,25.97,nasa,0.68
2024-02-22,10.06,22.07,20.65,24.36,nasa,0.69
2024-02-23,1.36,23.54,20.77,28.26,nasa,0.69
2024-02-24,0.14,24.6,20.07,30.27,nasa,0.67
2024-02-25,0.01,24.22,19.04,31.64,nasa,0.66
2024-02-26,0.09,23.31,17.59,31.2,nasa,0.65
2024-02-27,0.06,24.29,17.82,32.24,nasa,0.65
2024-02-28,1.36,25.97,19.34,34.11,nasa,0.64
2024-02-29,2.26,23.73,21.49,26.56,nasa,0.64
2024-03-01,4.25,25.01,21.14,29.5,nasa,0.64
2024-03-02,2.34,23.25,17.91,29.35,nasa,0.65
2024-03-03,0.14,23.01,16.26,31.21,nasa,0.64
2024-03-04,0.07,24.83,18.42,32.55,nasa,0.64
2024-03-05,1.41,25.46,19.51,33.3,nasa,0.63
2024-03-06,5.26,24.75,19.72,31.14,nasa,0.63
2024-03-07,5.15,24.38,20.56,30.48,nasa,0.64
2024-03-08,6.43,24.8,20.76,30.89,nasa,0.64
2024-03-09,0.96,24.74,19.9,31.29,nasa,0.65
2024-03-10,1.69,24.5,20.16,29.83,nasa,0.64
2024-03-11,4.2,24.07,20.32,29.78,nasa,0.65
2024-03-12,0.22,23.66,19.26,30.41,nasa,0.64
2024-03-13,0.05,24.61,18.56,32.68,nasa,0.64
2024-03-14,0.02,25.36,19.19,33.4,nasa,0.63
2024-03-15,0.09,25.81,20.39,33.6,nasa,0.63
2024-03-16,0.13,26.7,20.07,35.03,nasa,0.62
2024-03-17,0.06,27.62,20.78,35.38,nasa,0.62
2024-03-18,0.18,27.4,21.39,34.73,nasa,0.62
2024-03-19,0.57,26.63,20.92,34.24,nasa,0.62
2024-03-20,0.32,26.12,20.77,33.54,nasa,0.61
2024-03-21,0.25,26.65,21.54,33.19,nasa,0.61
2024-03-22,16.76,25.56,22.14,31.83,nasa,0.62
2024-03-23,12.55,21.98,19.14,24.45,nasa,0.66
2024-03-24,3.87,21.74,18.84,26.03,nasa,0.66
2024-03-25,1.78,21.95,19.05,26.65,nasa,0.66
2024-03-26,1.54,21.68,19.66,25.25,nasa,0.66
2024-03-27,2.82,22.0,19.12,27.33,nasa,0.66
2024-03-28,0.75,22.32,18.53,27.69,nasa,0.65
2024-03-29,0.14,24.14,19.59,30.25,nasa,0.65
2024-03-30,11.3,24.29,20.2,29.51,nasa,0.65
2024-03-31,4.01,22.96,19.45,28.8,nasa,0.67
2024-04-01,0.27,22.04,17.65,28.66,nasa,0.66
2024-04-02,0.73,23.41,17.46,29.98,nasa,0.65
2024-04-03,0.18,23.79,19.78,29.89,nasa,0.65
2024-04-04,0.13,23.48,18.66,30.39,nasa,0.64
2024-04-05,0.03,23.37,17.66,31.5,nasa,0.64
2024-04-06,0.07,22.54,17.29,30.77,nasa,0.63
2024-04-07,0.09,21.37,15.54,29.32,nasa,0.63
2024-04-08,0.03,22.64,16.31,30.97,nasa,0.63
2024-04-09,0.08,23.41,17.84,31.39,nasa,0.62
2024-04-10,0.51,23.74,18.81,30.96,nasa,0.62
2024-04-11,0.48,24.08,19.31,31.96,nasa,0.62
2024-04-12,2.61,22.17,17.59,29.47,nasa,0.62
2024-04-13,0.45,21.83,17.39,29.05,nasa,0.62
2024-04-14,2.06,21.77,15.68,29.77,nasa,0.62
2024-04-15,0.37,22.8,17.81,30.75,nasa,0.62
2024-04-16,0.29,22.64,17.87,30.36,nasa,0.62
2024-04-17,0.03,23.57,17.92,31.47,nasa,0.61
2024-04-18,9.18,22.19,17.35,28.78,nasa,0.62
2024-04-19,2.5,18.95,15.67,25.48,nasa,0.63
2024-04-20,0.08,19.54,14.82,26.56,nasa,0.63
2024-04-21,0.06,21.05,15.14,29.64,nasa,0.63
2024-04-22,0.08,22.15,15.59,29.99,nasa,0.62
2024-04-23,0.05,23.54,18.25,30.69,nasa,0.62
2024-04-24,0.26,23.93,18.19,30.88,nasa,0.62
2024-04-25,0.06,23.52,19.15,30.08,nasa,0.62
2024-04-26,1.18,22.19,18.37,28.64,nasa,0.62
2024-04-27,0.04,22.16,16.42,30.9,nasa,0.62
2024-04-28,0.06,23.86,16.26,32.02,nasa,0.61
2024-04-29,0.0,23.86,17.94,31.45,nasa,0.61
2024-04-30,0.03,23.82,17.72,32.57,nasa,0.61
2024-05-01,0.01,23.85,17.27,33.1,nasa,0.61
2024-05-02,0.02,24.06,17.66,33.07,nasa,0.61
2024-05-03,0.05,24.16,17.39,33.53,nasa,0.6
2024-05-04,0.16,23.28,17.75,32.44,nasa,0.6
2024-05-05,0.15,22.63,16.51,31.46,nasa,0.6
2024-05-06,0.34,22.97,17.98,30.88,nasa,0.6
2024-05-07,0.04,22.65,15.61,30.9,nasa,0.6
2024-05-08,0.19,23.0,17.34,30.51,nasa,0.6
2024-05-09,0.04,23.95,18.21,31.6,nasa,0.6
2024-05-10,1.26,23.74,18.58,30.84,nasa,0.6
2024-05-11,1.61,23.96,18.7,31.4,nasa,0.6
2024-05-12,0.05,24.4,17.72,31.77,nasa,0.6
2024-05-13,0.04,24.25,17.12,33.21,nasa,0.6
2024-05-14,0.02,23.36,16.72,31.74,nasa,0.6
2024-05-15,0.21,23.28,18.18,30.72,nasa,0.6
2024-05-16,0.13,22.55,17.83,29.56,nasa,0.6
2024-05-17,0.04,23.55,18.17,31.24,nasa,0.6
2024-05-18,0.07,23.72,17.89,31.6,nasa,0.6
2024-05-19,0.01,22.8,16.01,31.33,nasa,0.6
2024-05-20,0.06,22.89,17.09,30.92,nasa,0.6
2024-05-21,0.07,21.31,15.9,28.09,nasa,0.6
2024-05-22,0.17,21.57,16.61,29.06,nasa,0.6
2024-05-23,0.02,21.11,15.49,29.69,nasa,0.6
2024-05-24,0.04,21.74,16.26,29.69,nasa,0.6
2024-05-25,0.42,21.62,16.27,29.42,nasa,0.6
2024-05-26,1.93,20.12,17.25,26.5,nasa,0.6
2024-05-27,0.81,20.34,17.26,26.72,nasa,0.6
2024-05-28,1.56,21.75,16.45,28.76,nasa,0.6
2024-05-29,7.89,21.21,16.41,27.58,nasa,0.61
2024-05-30,1.05,17.37,13.96,23.68,nasa,0.62
2024-05-31,0.06,16.91,12.36,24.18,nasa,0.61
2024-06-01,1.09,17.07,13.37,23.46,nasa,0.61
2024-06-02,0.17,17.97,13.47,25.97,nasa,0.61
2024-06-03,0.17,19.14,12.32,27.95,nasa,0.61
2024-06-04,0.3,19.44,14.46,26.88,nasa,0.61
2024-06-05,0.63,18.99,15.48,25.24,nasa,0.61
2024-06-06,0.46,19.73,15.05,26.36,nasa,0.61
2024-06-07,0.13,20.11,15.88,27.36,nasa,0.61
2024-06-08,0.02,20.08,15.56,27.58,nasa,0.6
2024-06-09,0.04,19.68,14.78,27.81,nasa,0.6
2024-06-10,0.07,20.67,13.95,28.46,nasa,0.6
2024-06-11,0.02,20.93,14.83,28.8,nasa,0.6
2024-06-12,0.07,18.71,12.45,27.99,nasa,0.6
2024-06-13,0.05,18.32,12.32,26.88,nasa,0.6
2024-06-14,0.02,19.21,14.06,27.55,nasa,0.6
2024-06-15,0.03,18.99,11.63,28.22,nasa,0.6
2024-06-16,0.09,19.77,14.84,27.6,nasa,0.6
2024-06-17,0.11,19.52,14.59,27.29,nasa,0.6
2024-06-18,0.08,19.93,14.58,27.77,nasa,0.6
2024-06-19,0.04,20.14,14.7,28.14,nasa,0.6
2024-06-20,0.04,20.5,14.56,28.67,nasa,0.6
2024-06-21,0.14,19.85,13.98,27.55,nasa,0.6
2024-06-22,0.24,19.85,13.88,27.54,nasa,0.6
2024-06-23,0.33,20.07,15.97,26.9,nasa,0.6
2024-06-24,1.12,19.63,14.8,26.76,nasa,0.6
2024-06-25,0.01,21.2,14.59,29.95,nasa,0.6
2024-06-26,0.05,21.57,16.54,29.11,nasa,0.6
2024-06-27,0.1,22.16,15.64,30.76,nasa,0.6
2024-06-28,0.12,21.79,17.12,29.15,nasa,0.6
2024-06-29,0.0,21.73,15.06,30.3,nasa,0.6
2024-06-30,1.62,19.93,15.7,26.93,nasa,0.6
2024-07-01,0.18,19.1,14.59,26.47,nasa,0.6
2024-07-02,0.05,19.52,15.04,26.19,nasa,0.6
2024-07-03,0.58,20.18,15.79,26.03,nasa,0.6
2024-07-04,0.0,20.45,14.8,28.09,nasa,0.6
2024-07-05,0.0,20.09,13.32,28.4,nasa,0.6
2024-07-06,0.05,20.08,13.67,28.5,nasa,0.6
2024-07-07,0.05,20.21,15.32,27.76,nasa,0.6
2024-07-08,0.02,20.66,14.19,28.76,nasa,0.6
2024-07-09,0.05,21.37,16.07,28.93,nasa,0.59
2024-07-10,0.0,21.65,15.46,29.72,nasa,0.59
2024-07-11,0.01,22.07,15.78,31.11,nasa,0.59
2024-07-12,0.12,21.11,15.42,29.58,nasa,0.59
2024-07-13,0.39,19.87,15.41,26.54,nasa,0.59
2024-07-14,0.19,19.15,14.77,26.69,nasa,0.59
2024-07-15,0.01,19.35,12.44,27.72,nasa,0.59
2024-07-16,0.0,19.65,15.04,26.6,nasa,0.59
2024-07-17,0.0,20.03,14.25,27.67,nasa,0.59
2024-07-18,0.0,20.04,14.93,28.01,nasa,0.59
2024-07-19,0.01,19.12,14.08,27.42,nasa,0.59
2024-07-20,0.02,18.38,13.76,26.54,nasa,0.59
2024-07-21,0.03,18.96,13.09,27.23,nasa,0.59
2024-07-22,0.04,20.24,14.35,28.73,nasa,0.59
2024-07-23,0.04,19.23,14.22,27.7,nasa,0.59
2024-07-24,0.05,18.6,13.44,26.79,nasa,0.59
2024-07-25,0.0,19.22,13.8,27.05,nasa,0.59
2024-07-26,0.03,19.56,12.36,27.76,nasa,0.59
2024-07-27,0.17,20.61,13.49,28.39,nasa,0.59
2024-07-28,0.07,21.15,15.67,28.33,nasa,0.59
2024-07-29,0.01,21.56,15.34,29.15,nasa,0.59
2024-07-30,0.95,19.45,15.33,26.57,nasa,0.59
2024-07-31,2.79,17.89,14.7,23.99,nasa,0.6
2024-08-01,0.48,18.18,14.21,25.42,nasa,0.6
2024-08-02,0.73,18.11,12.61,25.72,nasa,0.6
2024-08-03,5.59,19.23,14.61,26.45,nasa,0.6
2024-08-04,1.17,19.35,14.46,27.06,nasa,0.61
2024-08-05,0.61,20.04,14.97,28.0,nasa,0.61
2024-08-06,0.04,19.86,14.53,28.6,nasa,0.6
2024-08-07,0.05,19.71,14.46,27.88,nasa,0.6
2024-08-08,0.18,20.21,13.36,29.19,nasa,0.6
2024-08-09,0.02,21.62,13.83,29.76,nasa,0.6
2024-08-10,1.83,19.41,11.54,29.61,nasa,0.6
2024-08-11,0.05,17.21,10.48,26.71,nasa,0.6
2024-08-12,0.01,19.54,12.98,29.44,nasa,0.6
2024-08-13,0.0,15.12,8.91,23.73,nasa,0.6
2024-08-14,0.01,17.68,10.79,26.98,nasa,0.6
2024-08-15,0.13,19.73,12.27,29.7,nasa,0.6
2024-08-16,0.31,21.34,13.88,31.26,nasa,0.6
2024-08-17,0.02,21.79,14.0,32.53,nasa,0.59
2024-08-18,0.02,21.69,13.98,31.99,nasa,0.59
2024-08-19,0.0,20.82,14.26,29.91,nasa,0.59
2024-08-20,0.01,22.35,14.53,32.65,nasa,0.59
2024-08-21,0.02,20.47,13.68,29.63,nasa,0.59
2024-08-22,0.01,21.57,15.11,30.86,nasa,0.59
2024-08-23,0.11,22.07,15.63,31.22,nasa,0.59
2024-08-24,0.0,23.37,16.15,33.17,nasa,0.59
2024-08-25,0.5,21.47,16.29,30.02,nasa,0.59
2024-08-26,1.41,16.98,12.11,23.56,nasa,0.59
2024-08-27,0.15,15.8,10.95,23.81,nasa,0.59
2024-08-28,0.0,17.57,11.36,26.98,nasa,0.59
2024-08-29,0.0,18.81,12.97,28.01,nasa,0.59
2024-08-30,0.0,19.92,11.61,30.35,nasa,0.59
2024-08-31,0.47,20.67,12.61,32.04,nasa,0.59
2024-09-01,0.01,21.35,13.47,31.65,nasa,0.59
2024-09-02,0.24,22.96,14.27,34.33,nasa,0.59
2024-09-03,0.05,22.57,15.31,32.85,nasa,0.59
2024-09-04,0.04,23.24,16.27,33.77,nasa,0.59
2024-09-05,0.0,24.28,16.18,34.59,nasa,0.59
2024-09-06,0.1,22.71,17.05,31.16,nasa,0.59
2024-09-07,0.03,22.89,15.97,32.62,nasa,0.59
2024-09-08,0.0,22.79,15.89,32.29,nasa,0.59
2024-09-09,0.26,22.75,16.37,32.18,nasa,0.59
2024-09-10,0.29,22.03,15.18,31.44,nasa,0.59
2024-09-11,0.05,22.44,15.37,31.83,nasa,0.59
2024-09-12,0.06,22.87,16.17,31.78,nasa,0.59
2024-09-13,0.24,22.3,15.81,31.17,nasa,0.59
2024-09-14,0.01,22.85,15.96,32.04,nasa,0.59
2024-09-15,0.02,22.93,16.5,31.55,nasa,0.59
2024-09-16,0.12,23.94,17.43,31.89,nasa,0.59
2024-09-17,0.46,19.86,15.02,26.81,nasa,0.59
2024-09-18,0.21,20.13,14.16,29.57,nasa,0.59
2024-09-19,0.02,22.07,14.52,31.14,nasa,0.59
2024-09-20,0.03,23.14,16.93,31.09,nasa,0.59
2024-09-21,0.06,24.95,17.38,34.46,nasa,0.59
2024-09-22,0.11,24.35,18.0,31.99,nasa,0.59
2024-09-23,0.15,24.1,17.98,31.71,nasa,0.59
2024-09-24,0.08,23.85,16.5,33.14,nasa,0.59
2024-09-25,0.02,23.86,17.11,32.62,nasa,0.59
2024-09-26,0.02,23.46,17.03,31.6,nasa,0.59
2024-09-27,0.13,24.78,16.5,34.1,nasa,0.59
2024-09-28,0.05,22.77,17.12,30.7,nasa,0.59
2024-09-29,0.19,20.95,16.3,28.97,nasa,0.59
2024-09-30,3.47,22.56,16.15,30.98,nasa,0.59
2024-10-01,0.28,23.54,17.06,31.81,nasa,0.59
2024-10-02,0.06,24.68,16.79,34.51,nasa,0.59
2024-10-03,0.07,24.91,17.36,35.01,nasa,0.59
2024-10-04,1.56,23.03,18.08,31.04,nasa,0.59
2024-10-05,0.76,19.86,14.63,26.55,nasa,0.59
2024-10-06,0.01,20.87,13.5,31.74,nasa,0.59
2024-10-07,0.0,21.89,14.64,32.36,nasa,0.59
2024-10-08,0.02,24.44,15.25,34.11,nasa,0.59
2024-10-09,2.52,24.91,18.71,35.97,nasa,0.59
2024-10-10,14.4,21.22,17.7,27.74,nasa,0.6
2024-10-11,10.54,22.69,17.6,30.06,nasa,0.64
2024-10-12,0.64,24.85,19.24,32.39,nasa,0.63
2024-10-13,0.48,21.78,17.65,28.98,nasa,0.63
2024-10-14,0.31,20.46,15.11,28.44,nasa,0.62
2024-10-15,0.09,20.45,14.85,28.61,nasa,0.62
2024-10-16,0.16,22.41,16.51,30.05,nasa,0.61
2024-10-17,0.04,24.7,18.18,32.35,nasa,0.61
2024-10-18,3.79,24.1,19.63,30.32,nasa,0.61
2024-10-19,6.67,22.47,19.69,28.63,nasa,0.62
2024-10-20,9.04,21.22,19.27,24.41,nasa,0.63
2024-10-21,2.68,21.15,18.59,25.51,nasa,0.64
2024-10-22,0.0,23.07,16.44,30.5,nasa,0.63
2024-10-23,0.0,24.51,17.88,32.04,nasa,0.62
2024-10-24,1.6,24.49,18.79,32.26,nasa,0.62
2024-10-25,1.37,25.12,19.3,31.83,nasa,0.62
2024-10-26,4.98,26.7,20.54,33.56,nasa,0.62
2024-10-27,14.12,21.58,17.44,26.78,nasa,0.64
2024-10-28,10.44,19.21,16.7,23.87,nasa,0.65
2024-10-29,12.32,19.74,16.82,24.38,nasa,0.66
2024-10-30,7.22,20.31,16.7,26.35,nasa,0.67
2024-10-31,0.65,20.5,16.66,26.37,nasa,0.66
2024-11-01,5.13,21.45,16.36,28.13,nasa,0.66
2024-11-02,4.54,21.95,17.85,27.58,nasa,0.66
2024-11-03,3.37,22.3,17.62,29.2,nasa,0.65
2024-11-04,10.64,20.99,17.92,26.76,nasa,0.66
2024-11-05,5.71,20.03,16.66,25.11,nasa,0.67
2024-11-06,0.68,21.5,16.29,28.51,nasa,0.66
2024-11-07,0.33,22.51,17.85,28.27,nasa,0.65
2024-11-08,0.8,22.73,18.76,27.89,nasa,0.65
2024-11-09,9.57,21.54,17.44,26.7,nasa,0.65
2024-11-10,4.67,20.08,16.06,26.29,nasa,0.66
2024-11-11,0.05,22.18,14.97,30.1,nasa,0.65
2024-11-12,0.06,25.16,17.36,32.59,nasa,0.65
2024-11-13,8.34,23.2,17.83,30.43,nasa,0.64
2024-11-14,2.46,18.97,17.37,22.02,nasa,0.65
2024-11-15,3.1,22.74,18.37,29.39,nasa,0.65
2024-11-16,1.86,22.14,17.7,29.09,nasa,0.65
2024-11-17,0.16,21.55,17.48,27.18,nasa,0.65
2024-11-18,0.86,23.11,16.96,30.18,nasa,0.64
2024-11-19,3.34,23.85,17.67,31.45,nasa,0.64
2024-11-20,0.82,24.91,18.96,32.68,nasa,0.64
2024-11-21,7.59,23.09,19.46,28.55,nasa,0.64
2024-11-22,15.06,21.12,17.39,27.47,nasa,0.66
2024-11-23,13.7,18.74,15.47,22.3,nasa,0.68
2024-11-24,1.66,18.29,14.45,24.3,nasa,0.68
2024-11-25,0.21,19.17,13.78,26.12,nasa,0.67
2024-11-26,0.02,21.28,14.33,28.73,nasa,0.66
2024-11-27,0.01,23.64,15.72,31.72,nasa,0.65
2024-11-28,0.0,25.25,18.31,32.54,nasa,0.64
2024-11-29,0.03,25.47,18.5,33.45,nasa,0.64
2024-11-30,6.09,25.24,20.59,31.0,nasa,0.63
2024-12-01,6.43,22.59,20.49,25.52,nasa,0.65
2024-12-02,0.61,24.8,20.4,29.94,nasa,0.65
2024-12-03,7.13,24.18,20.77,28.25,nasa,0.65
2024-12-04,5.99,23.65,20.71,28.96,nasa,0.66
2024-12-05,0.39,24.69,19.76,31.67,nasa,0.66
2024-12-06,0.29,23.94,17.78,32.08,nasa,0.65
2024-12-07,0.02,25.18,18.38,33.35,nasa,0.64
2024-12-08,0.06,26.84,19.35,34.92,nasa,0.63
2024-12-09,0.82,26.74,21.11,33.23,nasa,0.63
2024-12-10,3.34,25.68,21.12,31.53,nasa,0.63
2024-12-11,22.5,21.04,16.33,25.0,nasa,0.66
2024-12-12,3.86,19.83,15.62,25.98,nasa,0.67
2024-12-13,0.46,20.69,16.29,25.72,nasa,0.66
2024-12-14,5.38,21.94,18.36,26.06,nasa,0.66
2024-12-15,2.3,22.09,19.47,25.97,nasa,0.67
2024-12-16,3.75,23.18,19.57,28.57,nasa,0.66
2024-12-17,6.01,22.32,19.16,26.4,nasa,0.66
2024-12-18,5.18,22.11,16.84,28.9,nasa,0.67
2024-12-19,2.36,23.3,18.17,29.71,nasa,0.66
2024-12-20,1.63,23.6,19.85,28.79,nasa,0.66
2024-12-21,2.11,22.25,19.6,26.86,nasa,0.66
2024-12-22,9.81,21.78,19.45,25.55,nasa,0.66
2024-12-23,9.51,22.08,19.45,25.41,nasa,0.68
2024-12-24,9.72,22.36,19.31,27.68,nasa,0.69
2024-12-25,2.84,22.33,18.29,27.31,nasa,0.69
2024-12-26,0.16,22.67,19.17,27.0,nasa,0.67
2024-12-27,0.92,22.9,18.74,27.25,nasa,0.67
2024-12-28,3.29,21.88,19.37,25.38,nasa,0.67
2024-12-29,9.6,22.26,19.0,28.01,nasa,0.67
2024-12-30,0.96,22.66,18.93,27.28,nasa,0.67
2024-12-31,1.1,22.52,19.43,27.25,nasa,0.67
2025-01-01,3.87,21.68,18.93,27.2,nasa,0.67
2025-01-02,2.63,23.34,17.64,29.2,nasa,0.66
2025-01-03,2.58,23.63,18.99,28.85,nasa,0.66
2025-01-04,5.2,23.44,19.84,27.88,nasa,0.66
2025-01-05,12.29,22.9,20.17,26.33,nasa,0.68
2025-01-06,4.4,23.35,19.02,28.29,nasa,0.68
2025-01-07,9.62,22.16,19.27,26.46,nasa,0.68
2025-01-08,11.11,22.85,18.7,28.94,nasa,0.69
2025-01-09,9.38,22.25,19.1,27.25,nasa,0.7
2025-01-10,1.06,21.83,17.99,27.05,nasa,0.7
2025-01-11,1.22,21.55,16.19,28.15,nasa,0.68
2025-01-12,1.53,21.47,17.63,28.16,nasa,0.67
2025-01-13,1.36,21.12,17.54,27.65,nasa,0.67
2025-01-14,5.5,20.15,17.88,24.05,nasa,0.67
2025-01-15,1.83,21.7,18.28,26.76,nasa,0.67
2025-01-16,1.48,22.83,19.5,27.51,nasa,0.67
2025-01-17,0.16,24.39,19.45,30.57,nasa,0.66
2025-01-18,0.16,25.25,19.49,32.04,nasa,0.65
2025-01-19,0.36,25.45,19.03,32.67,nasa,0.65
2025-01-20,0.01,26.32,19.47,34.2,nasa,0.64
2025-01-21,1.31,27.65,20.04,35.9,nasa,0.64
2025-01-22,1.51,26.42,21.67,33.63,nasa,0.63
2025-01-23,0.05,25.61,20.08,33.51,nasa,0.63
2025-01-24,0.3,25.87,19.69,34.19,nasa,0.63
2025-01-25,0.2,25.77,20.16,33.2,nasa,0.62
2025-01-26,0.23,26.07,20.0,32.89,nasa,0.62
2025-01-27,0.74,24.71,19.96,31.02,nasa,0.62
2025-01-28,1.85,24.09,19.78,30.25,nasa,0.62
2025-01-29,3.6,21.91,19.73,26.13,nasa,0.63
2025-01-30,0.19,23.23,19.95,28.26,nasa,0.63
2025-01-31,0.02,24.88,19.12,31.77,nasa,0.63
2025-02-01,0.11,24.9,20.16,30.77,nasa,0.62
2025-02-02,0.04,25.31,19.72,32.88,nasa,0.62
2025-02-03,0.0,25.92,19.28,33.38,nasa,0.62
2025-02-04,0.11,25.7,20.05,32.84,nasa,0.62
2025-02-05,0.08,25.0,18.81,33.57,nasa,0.61
2025-02-06,0.01,24.74,18.34,33.07,nasa,0.61
2025-02-07,0.07,23.51,19.18,29.64,nasa,0.61
2025-02-08,0.38,24.68,18.94,32.36,nasa,0.61
2025-02-09,0.31,24.33,18.78,31.96,nasa,0.61
2025-02-10,0.06,24.71,18.72,32.63,nasa,0.61
2025-02-11,0.02,24.52,18.83,31.75,nasa,0.6
2025-02-12,0.09,25.39,19.19,32.89,nasa,0.6
2025-02-13,0.03,25.56,19.91,32.37,nasa,0.6
2025-02-14,0.01,25.53,19.69,32.51,nasa,0.6
2025-02-15,0.0,25.93,19.54,34.01,nasa,0.6
2025-02-16,0.0,26.34,18.84,35.32,nasa,0.6
2025-02-17,0.0,26.94,19.36,36.35,nasa,0.6
2025-02-18,0.0,26.85,18.44,37.15,nasa,0.6
2025-02-19,0.03,26.15,18.0,35.52,nasa,0.6
2025-02-20,0.14,26.61,19.33,35.49,nasa,0.6
2025-02-21,0.23,26.21,20.5,34.68,nasa,0.6
2025-02-22,0.26,25.38,19.31,33.8,nasa,0.6
2025-02-23,0.34,25.31,19.56,33.46,nasa,0.6
2025-02-24,0.9,24.75,19.09,32.61,nasa,0.6
2025-02-25,0.35,23.91,18.37,29.94,nasa,0.6
2025-02-26,0.71,24.81,17.49,33.86,nasa,0.6
2025-02-27,0.55,25.01,18.55,33.38,nasa,0.6
2025-02-28,0.55,24.53,18.66,32.63,nasa,0.6
2025-03-01,2.2,23.49,18.3,31.9,nasa,0.6
2025-03-02,2.18,23.8,18.29,31.77,nasa,0.6
2025-03-03,2.06,22.62,18.37,29.71,nasa,0.6
2025-03-04,4.89,22.06,18.25,28.39,nasa,0.61
2025-03-05,0.93,22.83,18.32,29.58,nasa,0.61
2025-03-06,0.56,23.01,17.57,30.52,nasa,0.61
2025-03-07,1.29,23.33,17.99,30.84,nasa,0.61
2025-03-08,0.03,23.68,16.71,32.26,nasa,0.61
2025-03-09,0.04,24.97,18.4,32.89,nasa,0.6
2025-03-10,1.2,25.36,19.24,33.4,nasa,0.6
2025-03-11,0.79,25.06,18.95,33.63,nasa,0.6
2025-03-12,0.24,25.94,19.63,33.84,nasa,0.6
2025-03-13,0.07,26.23,20.17,33.68,nasa,0.6
2025-03-14,0.4,25.82,20.77,32.8,nasa,0.6
2025-03-15,2.52,23.72,20.6,29.19,nasa,0.6
2025-03-16,4.87,24.42,19.72,32.29,nasa,0.6
2025-03-17,26.24,22.74,18.55,29.75,nasa,0.62
2025-03-18,6.61,23.09,17.85,29.33,nasa,0.66
2025-03-19,17.8,22.83,20.03,27.61,nasa,0.67
2025-03-20,2.97,21.64,18.11,26.14,nasa,0.68
2025-03-21,0.99,22.0,17.99,27.95,nasa,0.67
2025-03-22,1.12,22.33,19.1,27.25,nasa,0.66
2025-03-23,5.84,22.42,19.67,27.21,nasa,0.65
2025-03-24,6.31,23.24,18.6,28.47,nasa,0.66
2025-03-25,7.1,23.26,19.61,28.78,nasa,0.66
2025-03-26,70.63,21.92,19.4,25.89,nasa,0.73
2025-03-27,0.74,20.95,17.91,25.82,nasa,0.74
2025-03-28,0.73,21.08,16.38,26.71,nasa,0.72
2025-03-29,0.2,22.12,17.65,27.85,nasa,0.7
2025-03-30,0.11,22.57,18.51,27.8,nasa,0.68
2025-03-31,0.03,22.93,19.04,28.13,nasa,0.67
2025-04-01,0.88,22.65,20.24,27.21,nasa,0.67
2025-04-02,0.77,22.8,19.03,28.21,nasa,0.66
2025-04-03,0.19,23.49,18.49,29.29,nasa,0.66
2025-04-04,1.61,23.02,18.98,28.6,nasa,0.65
2025-04-05,18.81,22.13,19.44,27.68,nasa,0.66
2025-04-06,29.3,19.66,16.9,23.82,nasa,0.72
2025-04-07,2.67,18.12,15.0,22.81,nasa,0.72
2025-04-08,0.07,18.86,13.87,24.55,nasa,0.71
2025-04-09,0.03,21.18,15.98,26.79,nasa,0.7
2025-04-10,2.09,21.63,17.03,26.5,nasa,0.69
2025-04-11,1.58,20.89,17.35,25.97,nasa,0.68
2025-04-12,0.78,19.96,16.22,25.4,nasa,0.68
2025-04-13,0.2,20.74,16.06,26.89,nasa,0.67
2025-04-14,0.54,22.11,17.35,27.6,nasa,0.66
2025-04-15,0.88,21.61,17.75,27.76,nasa,0.66
2025-04-16,5.57,21.71,17.17,27.35,nasa,0.66
2025-04-17,1.85,21.88,18.36,27.39,nasa,0.67
2025-04-18,0.12,21.88,17.87,27.5,nasa,0.66
2025-04-19,2.66,21.51,19.06,25.85,nasa,0.66
2025-04-20,3.57,22.07,18.54,27.59,nasa,0.66
2025-04-21,0.59,20.35,17.15,25.69,nasa,0.66
2025-04-22,0.22,19.36,16.07,25.04,nasa,0.66
2025-04-23,0.04,19.67,15.85,24.83,nasa,0.66
2025-04-24,0.47,21.3,16.52,27.15,nasa,0.65
2025-04-25,0.54,21.78,18.15,27.64,nasa,0.65
2025-04-26,0.7,20.98,18.06,26.51,nasa,0.65
2025-04-27,0.51,21.85,17.04,28.66,nasa,0.65
2025-04-28,6.51,23.01,18.7,28.32,nasa,0.65
2025-04-29,2.5,20.58,16.39,25.52,nasa,0.66
2025-04-30,0.61,18.57,15.62,23.58,nasa,0.66
2025-05-01,0.43,18.45,14.99,24.56,nasa,0.65
2025-05-02,0.02,17.69,13.24,24.39,nasa,0.65
2025-05-03,2.02,18.35,13.0,25.58,nasa,0.65
2025-05-04,1.3,18.02,14.68,23.44,nasa,0.65
2025-05-05,0.42,18.64,14.16,24.77,nasa,0.65
2025-05-06,0.24,19.44,15.09,25.58,nasa,0.65
2025-05-07,0.23,20.14,15.75,26.38,nasa,0.64
2025-05-08,1.06,21.21,16.81,27.19,nasa,0.64
2025-05-09,0.1,21.67,17.63,27.9,nasa,0.64
2025-05-10,0.35,23.15,17.85,29.49,nasa,0.64
2025-05-11,1.74,20.86,15.9,27.62,nasa,0.64
2025-05-12,2.13,17.85,15.33,22.26,nasa,0.64
2025-05-13,1.65,17.61,14.47,23.12,nasa,0.64
2025-05-14,2.49,16.74,13.35,21.77,nasa,0.64
2025-05-15,0.93,17.29,13.73,23.33,nasa,0.64
2025-05-16,0.36,17.58,13.68,24.41,nasa,0.64
2025-05-17,0.23,18.17,13.26,25.1,nasa,0.64
2025-05-18,0.16,18.55,13.68,25.65,nasa,0.64
2025-05-19,0.13,18.96,14.48,26.06,nasa,0.63
2025-05-20,0.03,19.46,12.73,26.9,nasa,0.63
2025-05-21,0.03,20.01,13.22,27.48,nasa,0.63
2025-05-22,0.44,19.97,14.31,26.01,nasa,0.63
2025-05-23,1.07,20.07,15.78,26.59,nasa,0.63
2025-05-24,2.73,18.44,15.16,23.87,nasa,0.63
2025-05-25,0.15,17.82,13.84,24.14,nasa,0.63
2025-05-26,1.93,19.19,14.65,25.66,nasa,0.63
2025-05-27,0.55,20.15,16.31,26.67,nasa,0.63
2025-05-28,0.72,20.4,15.84,26.68,nasa,0.63
2025-05-29,0.69,21.58,17.82,27.75,nasa,0.63
2025-05-30,0.71,17.75,14.93,19.96,nasa,0.63
2025-05-31,0.2,18.23,14.32,24.65,nasa,0.63
2025-06-01,0.29,20.58,15.86,27.26,nasa,0.63
2025-06-02,0.58,19.01,16.02,24.57,nasa,0.63
2025-06-03,13.46,19.29,16.24,25.09,nasa,0.64
2025-06-04,1.23,20.75,16.23,26.96,nasa,0.65
2025-06-05,0.07,20.59,15.09,27.65,nasa,0.65
2025-06-06,0.5,21.01,15.77,28.07,nasa,0.64
2025-06-07,1.44,19.49,15.83,25.48,nasa,0.64
2025-06-08,1.66,20.1,16.28,25.33,nasa,0.64
2025-06-09,11.52,19.98,14.66,27.02,nasa,0.64
2025-06-10,8.5,18.7,14.88,23.99,nasa,0.67
2025-06-11,1.48,16.12,12.85,21.25,nasa,0.67
2025-06-12,0.12,13.34,10.21,18.02,nasa,0.66
2025-06-13,0.01,13.06,8.75,19.26,nasa,0.66
2025-06-14,0.0,12.91,7.16,20.04,nasa,0.65
2025-06-15,0.0,14.6,8.45,21.86,nasa,0.65
2025-06-16,0.11,16.79,11.31,24.0,nasa,0.65
2025-06-17,0.07,16.74,12.11,23.41,nasa,0.64
2025-06-18,0.11,17.53,12.27,24.27,nasa,0.64
2025-06-19,0.01,16.94,12.96,23.93,nasa,0.64
2025-06-20,0.03,17.53,12.64,24.73,nasa,0.64
2025-06-21,0.02,17.68,11.73,24.85,nasa,0.64
2025-06-22,0.0,19.69,13.85,27.41,nasa,0.63
2025-06-23,0.05,19.68,14.93,26.74,nasa,0.63
2025-06-24,0.05,20.42,15.26,28.43,nasa,0.63
2025-06-25,0.05,14.4,10.63,18.57,nasa,0.63
2025-06-26,0.0,16.91,9.83,25.93,nasa,0.63
2025-06-27,0.0,20.06,14.17,28.0,nasa,0.62
2025-06-28,0.03,19.19,14.62,26.21,nasa,0.62
2025-06-29,0.04,18.48,13.82,26.05,nasa,0.62
2025-06-30,0.0,19.62,12.83,28.6,nasa,0.62
2025-07-01,0.03,19.0,13.66,26.51,nasa,0.62
2025-07-02,0.8,17.86,14.35,23.9,nasa,0.62
2025-07-03,2.66,15.66,13.03,21.12,nasa,0.62
2025-07-04,0.54,14.98,12.51,20.29,nasa,0.62
2025-07-05,0.06,15.05,10.8,22.07,nasa,0.62
2025-07-06,0.01,15.7,10.45,24.16,nasa,0.62
2025-07-07,0.0,14.78,10.68,21.17,nasa,0.62
2025-07-08,0.11,16.17,11.05,23.95,nasa,0.62
2025-07-09,0.1,16.66,11.6,23.32,nasa,0.62
2025-07-10,0.56,15.54,12.04,21.23,nasa,0.62
2025-07-11,2.95,16.23,12.56,21.98,nasa,0.62
2025-07-12,4.04,15.9,11.1,21.29,nasa,0.63
2025-07-13,0.65,14.18,10.54,20.48,nasa,0.63
2025-07-14,0.02,15.61,10.59,22.73,nasa,0.63
2025-07-15,0.0,16.46,10.74,24.38,nasa,0.62
2025-07-16,0.0,16.66,11.61,24.6,nasa,0.62
2025-07-17,0.01,17.03,11.43,24.93,nasa,0.62
2025-07-18,0.02,17.49,10.42,25.67,nasa,0.62
2025-07-19,0.0,18.01,12.6,25.52,nasa,0.62
2025-07-20,0.02,17.16,12.15,24.57,nasa,0.62
2025-07-21,0.01,18.08,12.92,25.78,nasa,0.62
2025-07-22,0.0,18.92,13.04,26.45,nasa,0.61
2025-07-23,0.0,19.56,13.03,27.92,nasa,0.61
2025-07-24,0.0,18.48,13.71,24.96,nasa,0.61
2025-07-25,3.73,18.54,14.02,25.23,nasa,0.61
2025-07-26,0.49,18.07,13.22,24.79,nasa,0.62
2025-07-27,0.03,18.53,12.66,26.19,nasa,0.62
2025-07-28,0.07,19.6,15.1,26.74,nasa,0.61
2025-07-29,0.31,19.1,13.09,26.09,nasa,0.61
2025-07-30,0.04,14.89,9.38,23.57,nasa,0.61
2025-07-31,0.0,14.3,9.38,22.28,nasa,0.61
2025-08-01,0.01,15.25,10.64,23.44,nasa,0.61
2025-08-02,0.06,16.47,10.65,25.18,nasa,0.61
2025-08-03,0.05,16.98,11.49,25.27,nasa,0.61
2025-08-04,0.02,17.65,12.1,25.86,nasa,0.61
2025-08-05,0.09,17.0,12.85,22.18,nasa,0.61
2025-08-06,0.27,17.08,12.81,23.17,nasa,0.61
2025-08-07,0.02,18.48,12.22,26.73,nasa,0.6
2025-08-08,0.0,20.16,13.11,28.89,nasa,0.6
2025-08-09,0.3,20.67,14.34,29.15,nasa,0.6
2025-08-10,0.49,17.84,12.78,24.12,nasa,0.6
2025-08-11,0.13,16.14,12.11,23.28,nasa,0.6
2025-08-12,0.05,15.37,11.78,21.73,nasa,0.6
2025-08-13,0.0,18.07,11.52,25.9,nasa,0.6
2025-08-14,0.01,19.43,13.45,28.69,nasa,0.6
2025-08-15,0.04,17.06,12.68,24.13,nasa,0.6
2025-08-16,0.02,18.07,12.51,26.83,nasa,0.6
2025-08-17,0.0,18.82,12.64,28.17,nasa,0.6
2025-08-18,0.17,17.7,12.78,24.95,nasa,0.6
2025-08-19,0.05,17.29,12.19,24.72,nasa,0.6
2025-08-20,0.01,18.82,11.9,28.28,nasa,0.6
2025-08-21,0.01,20.77,13.7,30.56,nasa,0.6
2025-08-22,0.03,20.45,14.29,29.38,nasa,0.6
2025-08-23,0.08,19.82,13.97,28.41,nasa,0.6
2025-08-24,0.04,21.33,14.85,30.71,nasa,0.6
2025-08-25,0.03,21.43,14.98,30.1,nasa,0.6
2025-08-26,0.03,20.42,14.82,29.32,nasa,0.6
2025-08-27,0.03,20.12,14.33,28.63,nasa,0.6
2025-08-28,0.03,20.83,14.85,29.2,nasa,0.6
2025-08-29,3.02,20.04,15.34,27.37,nasa,0.6
2025-08-30,9.55,17.16,14.49,20.37,nasa,0.61
2025-08-31,3.88,17.96,13.65,24.89,nasa,0.62
2025-09-01,5.08,17.98,14.43,24.64,nasa,0.63
2025-09-02,4.85,17.78,13.83,24.38,nasa,0.63
2025-09-03,0.37,17.02,12.03,24.24,nasa,0.63
2025-09-04,0.33,17.38,11.62,25.15,nasa,0.63
2025-09-05,0.08,18.25,12.02,26.8,nasa,0.62
2025-09-06,0.13,19.02,11.75,28.06,nasa,0.62
2025-09-07,0.31,19.31,15.04,26.3,nasa,0.62
2025-09-08,0.16,20.25,15.13,27.9,nasa,0.61
2025-09-09,0.02,21.43,15.03,29.61,nasa,0.61
2025-09-10,0.05,20.77,13.99,29.86,nasa,0.61
2025-09-11,0.01,21.13,14.34,30.57,nasa,0.61
2025-09-12,0.66,20.56,15.21,29.22,nasa,0.6
2025-09-13,1.71,17.85,14.86,24.04,nasa,0.61
2025-09-14,0.48,19.45,14.06,27.3,nasa,0.61
2025-09-15,0.1,20.39,14.59,28.25,nasa,0.6
2025-09-16,0.25,20.91,15.17,29.15,nasa,0.6
2025-09-17,0.82,21.61,16.15,28.95,nasa,0.6
2025-09-18,0.86,20.85,16.67,27.69,nasa,0.6
2025-09-19,0.28,21.82,16.25,29.16,nasa,0.6
2025-09-20,0.12,22.57,17.21,30.11,nasa,0.6
2025-09-21,0.05,23.5,17.16,31.75,nasa,0.6
2025-09-22,3.29,25.04,18.07,33.55,nasa,0.6
2025-09-23,1.19,21.25,16.1,27.95,nasa,0.6
2025-09-24,1.69,19.53,14.89,27.09,nasa,0.6
2025-09-25,3.84,16.07,12.4,21.91,nasa,0.61
2025-09-26,1.07,14.88,9.67,21.19,nasa,0.61
2025-09-27,0.0,15.04,8.02,24.28,nasa,0.61
2025-09-28,0.07,17.15,8.0,28.03,nasa,0.61
2025-09-29,0.01,20.04,10.57,31.31,nasa,0.6
2025-09-30,0.04,20.77,12.25,30.95,nasa,0.6
2025-10-01,0.17,21.01,14.17,30.92,nasa,0.6
2025-10-02,0.26,20.87,14.85,29.94,nasa,0.6
2025-10-03,0.69,20.48,14.26,29.1,nasa,0.6
2025-10-04,0.74,20.51,15.19,28.43,nasa,0.6
2025-10-05,0.34,20.74,15.01,29.0,nasa,0.6
2025-10-06,0.02,22.88,15.54,31.68,nasa,0.6
2025-10-07,0.01,24.83,17.07,34.8,nasa,0.6
2025-10-08,4.97,22.14,16.2,30.01,nasa,0.6
2025-10-09,2.65,18.66,15.02,25.31,nasa,0.61
2025-10-10,1.14,20.43,15.07,28.54,nasa,0.61
2025-10-11,0.6,20.94,16.68,25.83,nasa,0.61
2025-10-12,0.42,22.66,17.22,29.42,nasa,0.6
2025-10-13,0.38,23.48,18.07,30.39,nasa,0.6
2025-10-14,2.78,23.64,18.33,31.24,nasa,0.6
2025-10-15,2.38,21.35,16.54,28.13,nasa,0.61
2025-10-16,0.02,22.7,15.32,31.46,nasa,0.61
2025-10-17,0.29,24.01,17.42,31.48,nasa,0.6
2025-10-18,7.11,23.89,17.64,31.46,nasa,0.6
2025-10-19,12.64,18.63,12.89,23.33,nasa,0.63
2025-10-20,0.4,15.4,10.79,21.79,nasa,0.63
2025-10-21,0.28,14.54,9.73,20.81,nasa,0.63
2025-10-22,0.18,15.22,10.78,22.1,nasa,0.62
2025-10-23,0.4,16.46,10.95,24.19,nasa,0.62
2025-10-24,0.17,18.2,11.06,26.55,nasa,0.62
2025-10-25,0.42,19.81,14.2,26.78,nasa,0.61
2025-10-26,0.22,21.98,14.92,29.89,nasa,0.61
2025-10-27,0.09,23.37,17.11,31.94,nasa,0.61
2025-10-28,0.02,23.54,16.81,32.01,nasa,0.6
2025-10-29,0.02,24.76,17.49,32.71,nasa,0.6
2025-10-30,3.19,21.37,17.28,25.41,nasa,0.6
2025-10-31,4.85,20.47,16.71,26.86,nasa,0.61
2025-11-01,0.21,23.61,17.14,31.9,nasa,0.61
2025-11-02,0.37,24.74,17.93,32.36,nasa,0.61
2025-11-03,0.25,24.03,18.51,30.77,nasa,0.61
2025-11-04,3.63,24.46,19.89,30.93,nasa,0.61
2025-11-05,1.21,26.81,20.22,34.76,nasa,0.61
2025-11-06,4.06,23.01,15.39,30.22,nasa,0.61
2025-11-07,1.35,21.11,14.18,30.19,nasa,0.61
2025-11-08,2.59,22.0,16.4,26.79,nasa,0.61
2025-11-09,2.57,20.44,14.3,26.4,nasa,0.61
2025-11-10,0.31,19.23,13.7,28.45,nasa,0.61
2025-11-11,0.1,18.98,13.22,27.89,nasa,0.61
2025-11-12,0.06,20.63,12.8,30.79,nasa,0.61
2025-11-13,0.06,22.2,13.66,31.65,nasa,0.6
2025-11-14,0.05,23.99,16.12,33.52,nasa,0.6
2025-11-15,1.82,22.37,18.38,28.68,nasa,0.6
2025-11-16,1.01,22.39,17.71,29.07,nasa,0.6
2025-11-17,0.94,22.83,18.97,28.92,nasa,0.6
2025-11-18,5.73,25.87,19.15,34.35,nasa,0.6
2025-11-19,1.98,24.25,16.42,32.14,nasa,0.61
2025-11-20,0.09,19.73,14.56,28.1,nasa,0.61
2025-11-21,0.01,21.77,13.31,32.24,nasa,0.6
2025-11-22,0.0,24.45,15.87,33.35,nasa,0.6
2025-11-23,2.98,23.07,18.12,31.3,nasa,0.6
2025-11-24,2.88,22.25,18.0,28.44,nasa,0.6
2025-11-25,1.25,23.29,17.11,31.19,nasa,0.6
2025-11-26,0.06,21.88,13.78,31.7,nasa,0.6
2025-11-27,0.05,21.99,15.35,30.86,nasa,0.6
2025-11-28,2.28,23.79,16.78,31.48,nasa,0.6
2025-11-29,0.53,24.64,18.23,33.12,nasa,0.6
2025-11-30,0.0,25.43,17.87,35.18,nasa,0.6
2025-12-01,0.0,25.41,16.4,34.66,nasa,0.6
2025-12-02,8.51,25.95,20.18,32.81,nasa,0.6
2025-12-03,10.15,23.4,20.49,28.22,nasa,0.62
2025-12-04,11.13,21.22,17.58,24.5,nasa,0.65
2025-12-05,0.07,21.35,16.39,27.96,nasa,0.64
2025-12-06,2.46,22.37,16.77,30.2,nasa,0.63
2025-12-07,0.7,23.05,17.83,29.53,nasa,0.63
2025-12-08,3.57,24.26,19.68,31.53,nasa,0.63
2025-12-09,2.18,24.12,18.96,31.29,nasa,0.62
2025-12-10,1.9,23.44,20.05,29.09,nasa,0.63
2025-12-11,0.04,26.78,20.53,34.31,nasa,0.62
2025-12-12,3.95,27.4,20.44,36.48,nasa,0.62
2025-12-13,0.72,24.92,21.96,29.55,nasa,0.62
2025-12-14,5.23,25.19,21.36,31.06,nasa,0.62
2025-12-15,2.44,23.92,20.43,29.1,nasa,0.62
2025-12-16,7.08,23.71,20.43,29.11,nasa,0.63
2025-12-17,13.48,21.45,16.53,26.01,nasa,0.64
2025-12-18,2.35,20.89,15.98,28.36,nasa,0.65
2025-12-19,2.32,22.44,17.63,29.23,nasa,0.64
2025-12-20,2.46,22.73,17.66,29.68,nasa,0.64
2025-12-21,0.82,22.29,17.38,29.15,nasa,0.63
2025-12-22,1.66,22.54,16.22,29.95,nasa,0.63
2025-12-23,0.19,24.18,17.71,31.69,nasa,0.63
2025-12-24,0.0,25.58,18.43,34.14,nasa,0.62
2025-12-25,0.0,26.22,18.14,35.19,nasa,0.61
2025-12-26,0.03,27.02,19.5,36.53,nasa,0.61
2025-12-27,0.01,26.84,18.61,36.56,nasa,0.61
2025-12-28,0.0,27.4,18.94,37.45,nasa,0.6
2025-12-29,0.06,28.04,19.81,37.65,nasa,0.6
2025-12-30,0.06,28.63,19.9,38.07,nasa,0.6
2025-12-31,0.02,27.91,21.69,35.2,nasa,0.6
2026-01-01,0.51,28.88,21.88,35.81,nasa,0.6
2026-01-02,8.08,27.91,23.15,33.15,nasa,0.6
2026-01-03,6.65,25.41,21.77,29.7,nasa,0.62
2026-01-04,20.82,23.22,20.68,27.21,nasa,0.64
2026-01-05,21.66,19.56,16.96,21.3,nasa,0.67
2026-01-06,10.26,19.08,16.63,23.05,nasa,0.69
2026-01-07,0.22,22.18,17.33,28.78,nasa,0.68
2026-01-08,0.05,23.39,17.02,30.29,nasa,0.66
2026-01-09,0.03,24.24,18.65,31.22,nasa,0.65
2026-01-10,0.01,23.86,17.88,31.6,nasa,0.64
2026-01-11,0.22,23.87,17.02,32.47,nasa,0.64
2026-01-12,7.18,24.65,18.75,32.46,nasa,0.63
2026-01-13,2.62,23.92,19.55,29.74,nasa,0.64
2026-01-14,1.25,23.08,18.83,28.78,nasa,0.64
2026-01-15,0.04,23.24,17.3,31.01,nasa,0.63
2026-01-16,0.16,23.98,18.0,31.49,nasa,0.63
2026-01-17,0.15,24.54,19.01,31.46,nasa,0.62
2026-01-18,0.38,22.45,18.6,27.33,nasa,0.62
2026-01-19,2.26,23.0,18.36,29.41,nasa,0.62
2026-01-20,19.7,20.2,16.64,23.7,nasa,0.64
2026-01-21,21.47,17.92,16.16,20.84,nasa,0.68
2026-01-22,6.43,19.45,16.61,23.07,nasa,0.69
2026-01-23,5.99,19.92,17.88,22.75,nasa,0.69
2026-01-24,1.66,21.28,18.09,25.98,nasa,0.68
2026-01-25,1.52,21.95,18.35,26.85,nasa,0.67
2026-01-26,0.23,22.64,17.91,28.9,nasa,0.66
2026-01-27,0.1,22.56,17.11,29.82,nasa,0.65
2026-01-28,0.0,22.87,18.02,29.62,nasa,0.65
2026-01-29,1.09,23.5,18.66,29.67,nasa,0.64
2026-01-30,7.84,21.51,18.66,25.16,nasa,0.64
2026-01-31,1.45,23.31,18.98,29.68,nasa,0.65
2026-02-01,11.37,24.53,18.98,30.2,nasa,0.65
2026-02-02,7.85,24.0,20.29,28.56,nasa,0.67
2026-02-03,18.04,23.25,20.78,26.8,nasa,0.7
2026-02-04,3.41,23.8,20.06,27.88,nasa,0.69
2026-02-05,9.37,23.68,20.48,27.31,nasa,0.69
2026-02-06,2.47,23.49,20.21,26.78,nasa,0.69
2026-02-07,0.63,24.04,19.29,29.42,nasa,0.68
2026-02-08,4.96,23.19,18.97,28.32,nasa,0.67
2026-02-09,7.77,22.58,19.33,26.56,nasa,0.68
2026-02-10,5.99,22.91,19.12,27.23,nasa,0.68
2026-02-11,0.9,22.57,19.75,26.16,nasa,0.68
2026-02-12,0.01,22.77,18.59,28.93,nasa,0.67
2026-02-13,0.01,23.06,18.42,29.36,nasa,0.66
2026-02-14,0.09,23.82,18.27,30.68,nasa,0.66
2026-02-15,0.84,23.59,18.74,30.28,nasa,0.65
2026-02-16,1.02,23.29,17.99,30.69,nasa,0.64
2026-02-17,0.1,24.29,18.96,30.63,nasa,0.64
2026-02-18,0.19,24.53,18.02,31.53,nasa,0.64
2026-02-19,2.6,24.75,18.49,31.95,nasa,0.63
2026-02-20,2.37,24.44,18.94,31.51,nasa,0.63
2026-02-21,1.37,24.86,19.66,31.5,nasa,0.63
2026-02-22,3.02,24.34,20.05,31.69,nasa,0.63
2026-02-23,2.88,23.34,19.66,28.31,nasa,0.64
2026-02-24,6.66,22.89,20.62,27.01,nasa,0.65
2026-02-25,4.56,23.45,20.28,28.47,nasa,0.65
2026-02-26,11.0,23.03,21.29,26.42,nasa,0.66
2026-02-27,19.38,22.0,19.63,24.5,nasa,0.69
2026-02-28,2.25,21.04,17.45,26.28,nasa,0.7
2026-03-01,0.08,20.54,16.53,26.35,nasa,0.68
2026-03-02,0.05,20.78,15.91,27.36,nasa,0.67
2026-03-03,0.13,21.42,16.5,28.23,nasa,0.66
2026-03-04,0.03,22.1,16.6,29.21,nasa,0.65
2026-03-05,0.04,22.54,16.78,30.11,nasa,0.65
2026-03-06,0.06,22.86,18.98,28.37,nasa,0.64
2026-03-07,1.41,23.14,19.69,27.57,nasa,0.64
2026-03-08,4.09,22.93,20.62,26.49,nasa,0.64
2026-03-09,7.7,22.22,19.76,25.6,nasa,0.65
2026-03-10,6.69,21.16,18.65,25.09,nasa,0.67
2026-03-11,3.41,20.3,17.31,24.66,nasa,0.67
2026-03-12,1.64,21.97,17.7,26.85,nasa,0.67
2026-03-13,5.63,22.56,19.94,26.1,nasa,0.67
2026-03-14,11.04,22.32,19.44,26.68,nasa,0.68
2026-03-15,1.79,22.55,18.16,27.69,nasa,0.68
2026-03-16,0.18,21.94,15.71,29.38,nasa,0.67
2026-03-17,0.0,22.4,16.44,29.74,nasa,0.66
2026-03-18,0.45,22.91,17.18,29.12,nasa,0.65
2026-03-19,5.71,22.45,19.35,26.65,nasa,0.66
2026-03-20,18.6,21.55,19.81,24.52,nasa,0.67
2026-03-21,3.24,22.09,19.1,26.7,nasa,0.69
2026-03-22,0.86,22.16,17.02,28.5,nasa,0.68
2026-03-23,5.09,21.53,17.86,26.69,nasa,0.68
2026-03-24,1.37,21.01,17.22,25.72,nasa,0.68
2026-03-25,1.1,20.97,18.62,24.83,nasa,0.67
2026-03-26,0.25,21.56,16.9,27.88,nasa,0.67
2026-03-27,1.56,20.87,15.51,27.68,nasa,0.66
2026-03-28,3.28,20.88,17.39,26.54,nasa,0.66
2026-03-29,7.41,20.91,16.88,26.6,nasa,0.66
2026-03-30,8.08,21.58,17.71,27.37,nasa,0.67
2026-03-31,0.74,21.46,18.29,26.08,nasa,0.67
2026-04-01,1.85,21.85,18.02,26.88,nasa,0.67
2026-04-02,0.26,22.65,18.34,28.66,nasa,0.66
2026-04-03,0.03,23.31,18.25,29.37,nasa,0.66
2026-04-04,0.1,23.36,18.59,29.48,nasa,0.65
2026-04-05,0.27,23.12,18.32,29.45,nasa,0.65
2026-04-06,0.44,22.84,19.0,29.35,nasa,0.64
2026-04-07,0.55,23.01,18.21,30.42,nasa,0.64
2026-04-08,0.01,24.22,18.57,31.09,nasa,0.64
2026-04-09,4.05,24.24,19.99,31.29,nasa,0.63
2026-04-10,7.58,20.96,16.9,27.59,nasa,0.65
2026-04-11,14.88,19.15,16.44,24.4,nasa,0.66
2026-04-12,11.84,19.3,16.31,24.42,nasa,0.69
2026-04-13,0.93,19.38,15.45,25.16,nasa,0.68
2026-04-14,0.01,19.16,15.48,25.01,nasa,0.67
2026-04-15,0.06,19.44,14.16,26.04,nasa,0.66
2026-04-16,0.13,20.39,15.64,26.4,nasa,0.66
2026-04-17,0.04,21.79,16.54,27.61,nasa,0.65
2026-04-18,0.0,22.04,15.86,29.37,nasa,0.65
2026-04-19,1.49,22.11,16.29,29.63,nasa,0.64
2026-04-20,0.35,20.71,15.86,28.02,nasa,0.64
2026-04-21,0.12,20.81,16.1,28.01,nasa,0.64
2026-04-22,0.48,20.92,15.93,28.0,nasa,0.64
2026-04-23,0.64,20.36,16.3,26.73,nasa,0.63
2026-04-24,0.03,21.12,15.69,28.33,nasa,0.63
2026-04-25,0.02,21.79,16.57,27.35,nasa,0.63
2026-04-26,0.0,23.02,15.62,30.39,nasa,0.63
2026-04-27,0.0,23.25,16.35,30.97,nasa,0.63
2026-04-28,0.01,22.77,17.09,30.28,nasa,0.62
2026-04-29,0.01,22.27,17.6,29.68,nasa,0.62
2026-04-30,0.0,22.23,16.59,30.3,nasa,0.62
2026-05-01,0.0,21.42,15.72,29.65,nasa,0.62
2026-05-02,0.01,22.3,16.04,30.07,nasa,0.62
2026-05-03,1.81,20.79,15.82,27.61,nasa,0.62
2026-05-04,0.28,19.04,15.19,26.34,nasa,0.62
2026-05-05,0.01,20.4,14.57,29.15,nasa,0.62
2026-05-06,0.86,20.83,15.33,27.95,nasa,0.62
2026-05-07,0.13,21.51,16.58,28.61,nasa,0.62
2026-05-08,0.05,21.58,16.09,29.17,nasa,0.62
2026-05-09,0.12,22.53,17.91,29.49,nasa,0.61
2026-05-10,0.02,22.34,16.97,29.92,nasa,0.61
2026-05-11,0.53,20.43,15.94,27.24,nasa,0.61
2026-05-12,0.21,17.99,14.47,24.23,nasa,0.61
2026-05-13,0.04,20.83,14.29,27.93,nasa,0.61
2026-05-14,0.0,21.42,16.36,27.25,nasa,0.61
2026-05-15,1.17,21.11,17.4,26.48,nasa,0.61
2026-05-16,0.37,21.06,17.2,27.32,nasa,0.61
2026-05-17,0.0,21.82,16.65,27.1,nasa,0.61
2026-05-18,0.08,22.31,16.54,29.75,nasa,0.61
2026-05-19,1.33,21.55,17.71,27.49,nasa,0.61
2026-05-20,9.51,20.69,18.24,25.4,nasa,0.62
2026-05-21,0.94,19.15,15.21,24.93,nasa,0.63
2026-05-22,0.41,17.52,14.07,22.71,nasa,0.63
2026-05-23,0.32,18.33,15.32,23.65,nasa,0.63
2026-05-24,0.03,20.3,14.49,27.9,nasa,0.63
2026-05-25,0.02,19.77,15.01,26.0,nasa,0.62
2026-05-26,0.01,19.82,15.84,25.76,nasa,0.62
2026-05-27,0.01,20.2,15.5,26.1,nasa,0.62
2026-05-28,0.22,19.58,15.65,26.33,nasa,0.62
2026-05-29,0.05,18.4,14.46,25.35,nasa,0.62
2026-05-30,0.02,17.59,13.77,23.41,nasa,0.62
2026-05-31,0.0,19.37,14.19,26.86,nasa,0.62
2026-06-01,1.27,19.32,14.38,26.05,nasa,0.62
2026-06-02,6.68,18.21,15.53,23.42,nasa,0.63
2026-06-03,1.25,16.78,14.71,20.76,nasa,0.63
2026-06-04,2.53,16.56,13.12,21.83,nasa,0.63
2026-06-05,1.2,14.27,11.06,19.25,nasa,0.63
2026-06-06,0.11,15.77,10.78,22.53,nasa,0.63
2026-06-07,0.01,16.33,9.9,24.58,nasa,0.63
2026-06-08,0.01,16.63,10.22,25.27,nasa,0.62
2026-06-09,0.08,17.26,10.45,24.93,nasa,0.62
2026-06-10,0.01,18.41,13.46,26.62,nasa,0.62
2026-06-11,0.35,18.99,13.16,26.3,nasa,0.62
2026-06-12,0.25,19.78,13.57,27.37,nasa,0.62
2026-06-13,0.06,21.17,15.6,28.79,nasa,0.62
2026-06-14,0.01,20.25,15.99,25.9,nasa,0.61
2026-06-15,0.99,20.73,15.48,27.02,nasa,0.61
2026-06-16,2.77,19.54,15.49,25.99,nasa,0.62
2026-06-17,0.05,18.03,14.15,25.64,nasa,0.62
2026-06-18,0.01,15.92,11.66,22.67,nasa,0.62
2026-06-19,0.05,16.51,11.27,24.29,nasa_recent,0.61
2026-06-20,0.01,16.54,10.64,24.49,nasa_recent,0.61
2026-06-21,0.01,17.78,11.87,25.63,nasa_recent,0.61
2026-06-22,0.03,18.81,13.71,25.91,nasa_recent,0.61
2026-06-23,0.0,19.57,13.7,27.67,nasa_recent,0.61
2026-06-24,0.19,19.63,12.5,28.02,nasa_recent,0.61
2026-06-25,0.08,18.51,15.04,24.65,nasa_recent,0.61
2026-06-26,0.07,19.84,15.41,27.08,nasa_recent,0.61
2026-06-27,0.06,19.5,14.9,27.11,nasa_recent,0.61
2026-06-28,0.02,19.11,14.54,26.59,nasa_recent,0.6
2026-06-29,0.01,19.28,14.43,27.2,nasa_recent,0.6
2026-06-30,0.13,19.57,13.55,27.45,nasa_recent,0.6
2026-07-01,0.03,20.0,15.01,28.17,nasa_recent,0.6
2026-07-02,0.02,19.65,13.86,28.46,nasa_recent,0.6
2026-07-03,0.09,20.51,13.86,29.22,nasa_recent,0.6
2026-07-04,0.09,19.96,14.17,28.12,nasa_recent,0.6
2026-07-05,0.08,18.9,15.11,25.15,nasa_recent,0.6
2026-07-06,0.0,18.22,13.7,25.52,nasa_recent,0.6
2026-07-07,0.01,19.15,12.47,26.72,nasa_recent,0.6
2026-07-08,0.09,18.69,14.47,25.94,nasa_recent,0.6
2026-07-09,0.05,18.41,13.5,26.23,nasa_recent,0.6
2026-07-10,0.08,19.16,12.97,27.78,nasa_recent,0.6
2026-07-11,0.0,20.56,13.49,29.61,nasa_recent,0.6
2026-07-12,0.06,21.9,14.47,29.94,nasa_recent,0.6
2026-07-13,1.09,17.85,13.15,23.25,nasa_recent,0.6
2026-07-14,0.03,14.66,10.51,21.36,nasa_recent,0.6
2026-07-15,0.0,14.33,8.65,22.85,nasa_recent,0.6
2026-07-16,0.01,14.94,7.93,24.06,nasa_recent,0.6
2026-07-17,0.07,15.73,9.61,24.37,nasa_recent,0.6
2026-07-18,0.53,17.35,11.51,25.26,nasa_recent,0.6
2026-07-19,0.28,18.22,13.3,26.46,nasa_recent,0.6
2026-07-20,0.08,18.35,13.31,26.31,nasa_recent,0.6
2026-07-21,0.21,19.22,14.37,26.39,nasa_recent,0.6
2026-07-22,0.03,19.65,14.8,26.76,nasa_recent,0.6
2026-07-23,0.0,21.04,13.92,29.87,nasa_recent,0.6
2026-07-24,5.93,19.6,15.24,26.24,nasa_recent,0.6
2026-07-25,3.99,19.69,15.52,26.0,nasa_recent,0.61
2026-07-26,0.11,19.23,14.34,26.76,nasa_recent,0.61
2026-07-27,0.0,19.01,12.96,27.26,nasa_recent,0.61
2026-07-28,0.01,18.9,12.3,27.48,nasa_recent,0.61
2026-07-29,0.03,20.71,14.22,29.53,nasa_recent,0.61
2026-07-30,0.0,19.57,15.11,26.52,nasa_recent,0.6
2026-07-31,0.14,18.04,13.91,24.92,nasa_recent,0.6
2026-08-01,0.45,16.7,13.59,21.77,nasa_recent,0.61
2026-08-02,0.09,16.71,10.6,22.76,nasa_recent,0.61
2026-08-03,0.0,17.55,11.77,23.51,nasa_recent,0.61
2026-08-04,0.07,18.27,12.3,24.33,nasa_recent,0.6
2026-08-05,0.81,18.06,13.9,23.92,nasa_recent,0.6
2026-08-06,0.12,18.45,13.29,24.78,nasa_recent,0.6
2026-08-07,0.54,20.36,13.76,27.19,nasa_recent,0.6
2026-08-08,0.25,22.02,17.01,28.64,nasa_recent,0.6
2026-08-09,0.03,22.61,17.02,29.67,nasa_recent,0.59
2026-08-10,2.36,19.49,16.68,23.55,nasa_recent,0.59
2026-08-11,2.1,16.1,14.53,18.44,nasa_recent,0.59
2026-08-12,0.81,16.69,14.1,20.9,nasa_recent,0.6
2026-08-13,0.28,20.5,13.49,27.2,nasa_recent,0.59
2026-08-14,3.93,21.59,17.76,27.01,nasa_recent,0.59
2026-08-15,10.41,18.93,17.19,22.44,nasa_recent,0.6
2026-08-16,5.3,18.51,16.77,22.01,nasa_recent,0.61
2026-08-17,1.12,18.39,15.11,22.65,nasa_recent,0.61
2026-08-18,0.13,17.5,12.75,23.24,nasa_recent,0.6
2026-08-19,0.0,18.87,11.98,25.66,nasa_recent,0.6
2026-08-20,0.0,19.79,13.93,26.17,nasa_recent,0.59
2026-08-21,0.01,20.2,12.79,27.73,nasa_recent,0.59
2026-08-22,3.11,17.79,15.61,21.14,nasa_recent,0.59
2026-08-23,1.1,18.42,14.85,23.38,nasa_recent,0.59
2026-08-24,8.47,19.29,17.12,23.48,nasa_recent,0.59
2026-08-25,4.63,19.31,16.92,23.23,nasa_recent,0.6
2026-08-26,3.58,19.74,16.59,24.5,nasa_recent,0.6
2026-08-27,14.82,18.58,16.55,20.04,nasa_recent,0.61
2026-08-28,0.59,19.87,16.01,25.48,nasa_recent,0.61
2026-08-29,0.45,21.67,14.88,28.57,nasa_recent,0.6
2026-08-30,1.54,22.48,16.95,28.35,nasa_recent,0.6
2026-08-31,0.45,21.99,17.08,27.65,nasa_recent,0.59
2026-09-01,1.21,21.63,15.96,27.92,nasa_recent,0.59
2026-09-02,10.24,18.19,15.24,20.7,nasa_recent,0.6
2026-09-03,0.46,17.82,13.85,23.11,nasa_recent,0.6
2026-09-04,0.02,20.03,12.49,27.29,nasa_recent,0.6
2026-09-05,3.28,22.7,17.47,29.29,nasa_recent,0.59
2026-09-06,12.24,18.55,14.08,22.65,nasa_recent,0.6
2026-09-07,3.93,14.16,13.01,16.48,nasa_recent,0.61
2026-09-08,0.32,16.86,12.53,21.47,nasa_recent,0.6
2026-09-09,0.66,19.07,14.82,23.42,nasa_recent,0.6
2026-09-10,0.94,21.34,17.59,25.97,nasa_recent,0.6
2026-09-11,0.44,22.3,17.83,28.09,nasa_recent,0.59
2026-09-12,3.37,22.4,17.0,29.32,nasa_recent,0.59
2026-09-13,7.45,20.22,17.75,23.11,nasa_recent,0.59
2026-09-14,5.21,18.5,17.07,21.1,nasa_recent,0.6
2026-09-15,20.41,21.28,17.37,27.6,nasa_recent,0.61
2026-09-16,14.3,19.51,16.26,23.47,nasa_recent,0.64
2026-09-17,3.32,17.25,14.98,20.91,nasa_recent,0.63
2026-09-18,,,,,missing,
2026-09-19,,,,,missing,
2026-09-20,,,,,missing,
